p__m01016,p__m01004,p__d29001,p__d31002,p__m01005,p__m01022,p__m01012,p__d31005,p__m01015,p__m01008,p__d31003,p__m01024,p__m01014,p__m01006,p__d31001,p__d26001,p__d26075,p__m01019,p__d11001,p__d28001,p__m01011,p__m01020,p__m01007,p__d22001,p__m01017,p__m01003,p__d26092,p__m01009,p__m01013,p__m01001,p__m01010,p__d31007,p__m01018,p__m01021,p__m01002,p__m01023,_idx,_model,_wave,성별,연령대,_error
3.0,3.0,1.0,1.0,4.0,3.0,2.0,3.0,3.0,4.0,8.0,3.0,3.0,4.0,3.0,1.0,1.0,4.0,1.0,1.0,3.0,4.0,4.0,1.0,4.0,3.0,1.0,3.0,2.0,2.0,3.0,2.0,4.0,3.0,3.0,3.0,0,gemini,2024,남성,2,
2.0,3.0,1.0,1.0,5.0,3.0,4.0,4.0,3.0,4.0,1.0,4.0,2.0,5.0,3.0,1.0,1.0,5.0,1.0,1.0,4.0,5.0,5.0,1.0,4.0,4.0,1.0,4.0,2.0,3.0,4.0,2.0,4.0,3.0,3.0,4.0,1,gemini,2024,남성,2,
3.0,3.0,1.0,1.0,4.0,3.0,3.0,4.0,3.0,4.0,1.0,4.0,3.0,4.0,3.0,1.0,1.0,4.0,1.0,2.0,3.0,4.0,4.0,1.0,4.0,3.0,1.0,4.0,3.0,2.0,3.0,2.0,4.0,3.0,3.0,4.0,2,gemini,2024,남성,2,
3.0,2.0,1.0,1.0,4.0,3.0,3.0,3.0,3.0,4.0,1.0,3.0,3.0,4.0,3.0,1.0,1.0,4.0,1.0,2.0,3.0,4.0,4.0,1.0,4.0,2.0,1.0,4.0,2.0,2.0,3.0,2.0,4.0,3.0,3.0,3.0,3,gemini,2024,남성,2,
2.0,2.0,1.0,1.0,4.0,3.0,3.0,3.0,2.0,4.0,8.0,3.0,2.0,4.0,3.0,1.0,1.0,4.0,1.0,2.0,3.0,4.0,4.0,1.0,3.0,3.0,1.0,3.0,2.0,2.0,2.0,2.0,3.0,2.0,2.0,3.0,4,gemini,2024,남성,2,
4.0,2.0,1.0,1.0,3.0,2.0,1.0,3.0,4.0,3.0,1.0,3.0,4.0,2.0,3.0,1.0,1.0,4.0,1.0,2.0,1.0,4.0,3.0,1.0,4.0,2.0,1.0,3.0,3.0,2.0,2.0,2.0,4.0,2.0,2.0,4.0,5,gemini,2024,남성,2,
3.0,2.0,1.0,1.0,4.0,3.0,4.0,4.0,3.0,4.0,1.0,3.0,3.0,4.0,3.0,1.0,1.0,4.0,1.0,1.0,4.0,4.0,4.0,1.0,4.0,3.0,1.0,4.0,2.0,3.0,3.0,2.0,4.0,3.0,3.0,3.0,6,gemini,2024,남성,2,
2.0,2.0,1.0,1.0,4.0,3.0,3.0,4.0,2.0,4.0,1.0,3.0,2.0,4.0,3.0,1.0,1.0,4.0,1.0,2.0,3.0,4.0,4.0,1.0,4.0,3.0,1.0,3.0,2.0,2.0,3.0,2.0,4.0,3.0,3.0,4.0,7,gemini,2024,남성,2,
3.0,3.0,1.0,1.0,4.0,3.0,3.0,3.0,2.0,4.0,1.0,4.0,3.0,4.0,3.0,1.0,1.0,5.0,1.0,1.0,3.0,5.0,5.0,1.0,4.0,4.0,1.0,4.0,2.0,3.0,3.0,2.0,4.0,3.0,4.0,4.0,8,gemini,2024,남성,2,
2.0,2.0,1.0,1.0,4.0,3.0,3.0,3.0,3.0,4.0,1.0,3.0,2.0,4.0,3.0,1.0,1.0,4.0,1.0,2.0,3.0,4.0,4.0,1.0,4.0,3.0,1.0,4.0,2.0,2.0,2.0,2.0,4.0,3.0,2.0,3.0,9,gemini,2024,남성,2,
2.0,2.0,1.0,1.0,3.0,3.0,2.0,4.0,3.0,3.0,1.0,2.0,4.0,3.0,3.0,1.0,1.0,4.0,1.0,2.0,2.0,4.0,3.0,1.0,4.0,2.0,1.0,3.0,2.0,2.0,2.0,2.0,4.0,3.0,2.0,4.0,10,gemini,2024,남성,2,
3.0,2.0,1.0,1.0,4.0,3.0,3.0,3.0,3.0,4.0,1.0,3.0,3.0,4.0,3.0,1.0,1.0,4.0,1.0,2.0,3.0,4.0,4.0,1.0,4.0,3.0,1.0,3.0,2.0,2.0,3.0,2.0,4.0,3.0,3.0,3.0,11,gemini,2024,남성,2,
3.0,2.0,1.0,1.0,4.0,3.0,3.0,3.0,4.0,4.0,1.0,3.0,4.0,4.0,3.0,1.0,1.0,4.0,1.0,1.0,2.0,4.0,4.0,1.0,3.0,3.0,1.0,3.0,2.0,2.0,2.0,2.0,3.0,2.0,3.0,4.0,12,gemini,2024,남성,2,
2.0,3.0,1.0,1.0,4.0,3.0,2.0,4.0,3.0,3.0,1.0,4.0,3.0,3.0,3.0,1.0,1.0,4.0,1.0,2.0,2.0,4.0,4.0,1.0,4.0,4.0,1.0,3.0,2.0,2.0,2.0,2.0,4.0,3.0,3.0,4.0,13,gemini,2024,남성,2,
3.0,2.0,1.0,1.0,4.0,2.0,3.0,3.0,4.0,4.0,1.0,3.0,4.0,4.0,3.0,1.0,1.0,4.0,1.0,1.0,3.0,4.0,4.0,1.0,4.0,2.0,1.0,3.0,2.0,2.0,3.0,2.0,4.0,2.0,3.0,3.0,14,gemini,2024,남성,2,
3.0,2.0,1.0,1.0,4.0,3.0,2.0,3.0,3.0,3.0,1.0,3.0,4.0,3.0,3.0,1.0,1.0,4.0,1.0,2.0,2.0,4.0,4.0,1.0,4.0,3.0,1.0,2.0,2.0,2.0,2.0,2.0,4.0,2.0,2.0,3.0,15,gemini,2024,남성,2,
3.0,3.0,1.0,1.0,3.0,3.0,2.0,4.0,3.0,3.0,1.0,4.0,3.0,3.0,3.0,1.0,1.0,4.0,1.0,2.0,2.0,4.0,3.0,1.0,4.0,3.0,1.0,2.0,2.0,2.0,2.0,2.0,4.0,3.0,3.0,4.0,16,gemini,2024,남성,2,
4.0,3.0,2.0,1.0,4.0,3.0,2.0,3.0,3.0,4.0,1.0,2.0,4.0,4.0,3.0,1.0,1.0,4.0,1.0,2.0,2.0,4.0,4.0,1.0,4.0,3.0,1.0,3.0,2.0,2.0,2.0,2.0,4.0,3.0,3.0,3.0,17,gemini,2024,남성,2,
2.0,2.0,1.0,1.0,4.0,3.0,3.0,3.0,3.0,4.0,1.0,4.0,2.0,4.0,3.0,1.0,1.0,4.0,1.0,2.0,3.0,4.0,4.0,1.0,4.0,3.0,1.0,4.0,2.0,2.0,3.0,2.0,4.0,3.0,3.0,4.0,18,gemini,2024,남성,2,
3.0,2.0,1.0,1.0,4.0,3.0,3.0,3.0,3.0,4.0,1.0,4.0,4.0,4.0,3.0,1.0,1.0,5.0,1.0,1.0,3.0,5.0,4.0,1.0,4.0,3.0,1.0,4.0,2.0,2.0,3.0,2.0,4.0,3.0,3.0,4.0,19,gemini,2024,남성,2,
3.0,3.0,1.0,1.0,5.0,3.0,4.0,3.0,4.0,5.0,1.0,4.0,3.0,5.0,3.0,1.0,1.0,4.0,1.0,1.0,3.0,4.0,5.0,1.0,4.0,3.0,1.0,4.0,2.0,3.0,3.0,2.0,4.0,3.0,3.0,4.0,20,gemini,2024,남성,2,
3.0,3.0,1.0,1.0,4.0,2.0,2.0,4.0,3.0,4.0,1.0,3.0,3.0,3.0,3.0,1.0,1.0,4.0,1.0,2.0,2.0,4.0,4.0,1.0,4.0,3.0,1.0,3.0,2.0,2.0,2.0,2.0,4.0,3.0,3.0,3.0,21,gemini,2024,남성,2,
2.0,2.0,2.0,1.0,3.0,3.0,2.0,4.0,2.0,2.0,1.0,3.0,2.0,3.0,3.0,1.0,1.0,4.0,1.0,2.0,2.0,4.0,3.0,1.0,3.0,3.0,2.0,3.0,2.0,2.0,2.0,2.0,3.0,3.0,2.0,3.0,22,gemini,2024,남성,2,
2.0,3.0,1.0,1.0,4.0,3.0,2.0,2.0,3.0,3.0,1.0,4.0,3.0,3.0,3.0,1.0,1.0,4.0,1.0,2.0,2.0,4.0,4.0,1.0,4.0,2.0,1.0,3.0,2.0,2.0,2.0,2.0,4.0,3.0,2.0,4.0,23,gemini,2024,남성,2,
3.0,3.0,1.0,1.0,4.0,3.0,3.0,4.0,3.0,4.0,1.0,3.0,3.0,4.0,3.0,1.0,1.0,4.0,1.0,2.0,3.0,4.0,4.0,1.0,4.0,3.0,1.0,3.0,2.0,2.0,2.0,2.0,4.0,3.0,3.0,3.0,24,gemini,2024,남성,2,
2.0,3.0,1.0,1.0,4.0,3.0,2.0,4.0,2.0,3.0,1.0,3.0,2.0,3.0,2.0,1.0,1.0,4.0,1.0,2.0,2.0,4.0,4.0,1.0,4.0,3.0,1.0,2.0,2.0,2.0,2.0,2.0,4.0,3.0,3.0,4.0,25,gemini,2024,남성,2,
2.0,2.0,1.0,1.0,4.0,3.0,3.0,3.0,2.0,3.0,1.0,3.0,2.0,3.0,3.0,1.0,1.0,4.0,1.0,2.0,3.0,4.0,4.0,1.0,3.0,2.0,1.0,3.0,1.0,2.0,2.0,2.0,3.0,2.0,2.0,4.0,26,gemini,2024,남성,2,
3.0,3.0,1.0,1.0,4.0,3.0,3.0,3.0,3.0,4.0,1.0,4.0,3.0,4.0,3.0,1.0,1.0,4.0,1.0,2.0,3.0,4.0,4.0,1.0,4.0,3.0,1.0,4.0,2.0,3.0,3.0,2.0,4.0,3.0,3.0,4.0,27,gemini,2024,남성,2,
2.0,2.0,1.0,1.0,4.0,2.0,3.0,3.0,2.0,4.0,1.0,2.0,2.0,4.0,3.0,1.0,1.0,4.0,1.0,2.0,3.0,4.0,4.0,1.0,4.0,2.0,1.0,4.0,2.0,2.0,3.0,2.0,3.0,2.0,2.0,2.0,28,gemini,2024,남성,2,
3.0,2.0,1.0,1.0,4.0,3.0,3.0,3.0,3.0,4.0,6.0,4.0,4.0,4.0,3.0,1.0,1.0,4.0,1.0,2.0,3.0,4.0,4.0,1.0,4.0,3.0,1.0,4.0,2.0,2.0,2.0,2.0,4.0,3.0,2.0,3.0,29,gemini,2024,남성,2,
2.0,2.0,1.0,1.0,4.0,3.0,3.0,3.0,2.0,4.0,1.0,3.0,2.0,4.0,3.0,1.0,1.0,4.0,1.0,2.0,3.0,4.0,4.0,1.0,4.0,3.0,1.0,3.0,2.0,3.0,2.0,2.0,3.0,3.0,3.0,4.0,30,gemini,2024,남성,2,
2.0,3.0,1.0,1.0,4.0,3.0,3.0,4.0,2.0,4.0,1.0,3.0,2.0,4.0,3.0,1.0,1.0,4.0,1.0,2.0,3.0,4.0,4.0,1.0,4.0,3.0,1.0,3.0,2.0,3.0,2.0,2.0,4.0,3.0,3.0,3.0,31,gemini,2024,남성,2,
4.0,2.0,1.0,1.0,4.0,3.0,2.0,3.0,4.0,4.0,1.0,3.0,4.0,4.0,3.0,1.0,1.0,4.0,1.0,1.0,2.0,4.0,4.0,1.0,4.0,3.0,1.0,3.0,3.0,2.0,2.0,2.0,4.0,3.0,3.0,3.0,32,gemini,2024,남성,2,
2.0,2.0,1.0,1.0,4.0,2.0,3.0,3.0,2.0,4.0,1.0,2.0,3.0,4.0,3.0,1.0,1.0,4.0,1.0,2.0,3.0,4.0,4.0,1.0,4.0,2.0,1.0,4.0,2.0,2.0,3.0,2.0,3.0,3.0,2.0,4.0,33,gemini,2024,남성,2,
2.0,2.0,1.0,1.0,4.0,3.0,2.0,3.0,2.0,4.0,1.0,3.0,2.0,3.0,3.0,1.0,1.0,4.0,1.0,2.0,2.0,4.0,4.0,1.0,4.0,3.0,1.0,3.0,2.0,2.0,2.0,2.0,3.0,2.0,2.0,3.0,34,gemini,2024,남성,2,
3.0,3.0,1.0,1.0,4.0,3.0,2.0,3.0,3.0,3.0,1.0,3.0,3.0,3.0,3.0,1.0,1.0,4.0,1.0,2.0,2.0,4.0,4.0,1.0,4.0,3.0,1.0,3.0,2.0,2.0,2.0,2.0,3.0,2.0,3.0,4.0,35,gemini,2024,남성,2,
3.0,4.0,1.0,1.0,4.0,4.0,3.0,4.0,4.0,4.0,1.0,4.0,4.0,4.0,3.0,1.0,1.0,4.0,1.0,2.0,3.0,4.0,4.0,1.0,4.0,3.0,1.0,3.0,3.0,3.0,3.0,2.0,4.0,3.0,3.0,3.0,36,gemini,2024,남성,2,
3.0,3.0,1.0,1.0,4.0,3.0,3.0,3.0,3.0,4.0,1.0,4.0,3.0,4.0,3.0,1.0,1.0,4.0,1.0,1.0,3.0,4.0,4.0,1.0,4.0,3.0,1.0,3.0,2.0,2.0,3.0,2.0,4.0,3.0,3.0,4.0,37,gemini,2024,남성,2,
2.0,3.0,1.0,1.0,4.0,3.0,2.0,4.0,2.0,3.0,1.0,3.0,2.0,3.0,3.0,1.0,1.0,4.0,1.0,2.0,2.0,4.0,4.0,1.0,4.0,3.0,1.0,3.0,2.0,2.0,2.0,2.0,4.0,3.0,2.0,3.0,38,gemini,2024,남성,2,
3.0,3.0,1.0,1.0,4.0,3.0,3.0,4.0,3.0,4.0,1.0,3.0,3.0,4.0,3.0,1.0,1.0,4.0,1.0,2.0,3.0,4.0,4.0,1.0,4.0,3.0,1.0,3.0,2.0,2.0,2.0,2.0,4.0,3.0,3.0,3.0,39,gemini,2024,남성,2,
3.0,3.0,1.0,1.0,4.0,3.0,3.0,3.0,3.0,4.0,1.0,4.0,3.0,3.0,3.0,1.0,1.0,4.0,1.0,2.0,3.0,4.0,4.0,1.0,4.0,3.0,1.0,4.0,2.0,2.0,3.0,2.0,4.0,3.0,3.0,3.0,40,gemini,2024,남성,2,
2.0,2.0,1.0,1.0,5.0,3.0,3.0,3.0,3.0,4.0,1.0,4.0,2.0,4.0,3.0,1.0,1.0,5.0,1.0,1.0,3.0,5.0,4.0,1.0,4.0,3.0,1.0,4.0,2.0,2.0,3.0,2.0,4.0,3.0,3.0,4.0,41,gemini,2024,남성,2,
2.0,3.0,1.0,1.0,4.0,2.0,2.0,3.0,2.0,3.0,1.0,3.0,3.0,4.0,3.0,1.0,1.0,4.0,1.0,2.0,2.0,4.0,4.0,1.0,4.0,3.0,1.0,3.0,2.0,2.0,2.0,2.0,4.0,2.0,3.0,3.0,42,gemini,2024,남성,2,
3.0,3.0,1.0,1.0,3.0,3.0,2.0,3.0,3.0,3.0,1.0,3.0,4.0,3.0,3.0,1.0,1.0,4.0,1.0,2.0,2.0,4.0,3.0,1.0,4.0,3.0,1.0,2.0,2.0,2.0,2.0,2.0,3.0,2.0,3.0,3.0,43,gemini,2024,남성,2,
2.0,2.0,1.0,1.0,4.0,3.0,2.0,4.0,2.0,3.0,1.0,3.0,2.0,3.0,3.0,1.0,1.0,4.0,1.0,2.0,2.0,4.0,4.0,1.0,4.0,2.0,1.0,3.0,2.0,2.0,2.0,2.0,4.0,3.0,3.0,3.0,44,gemini,2024,남성,2,
4.0,3.0,1.0,1.0,4.0,3.0,3.0,3.0,4.0,4.0,1.0,3.0,4.0,4.0,3.0,1.0,1.0,4.0,1.0,1.0,3.0,4.0,4.0,1.0,4.0,3.0,1.0,3.0,2.0,2.0,3.0,2.0,4.0,3.0,3.0,4.0,45,gemini,2024,남성,2,
2.0,2.0,2.0,1.0,4.0,3.0,2.0,4.0,2.0,3.0,1.0,3.0,2.0,3.0,3.0,1.0,1.0,4.0,1.0,2.0,2.0,4.0,4.0,1.0,4.0,2.0,2.0,2.0,2.0,2.0,2.0,2.0,3.0,2.0,3.0,3.0,46,gemini,2024,남성,2,
4.0,2.0,1.0,1.0,4.0,3.0,3.0,3.0,3.0,4.0,8.0,3.0,4.0,4.0,3.0,1.0,1.0,4.0,1.0,2.0,3.0,4.0,4.0,1.0,4.0,3.0,1.0,4.0,3.0,2.0,3.0,2.0,3.0,2.0,2.0,3.0,47,gemini,2024,남성,2,
4.0,2.0,1.0,1.0,4.0,3.0,2.0,4.0,3.0,4.0,1.0,3.0,4.0,4.0,3.0,1.0,1.0,4.0,1.0,2.0,2.0,4.0,4.0,1.0,4.0,3.0,1.0,3.0,2.0,2.0,2.0,2.0,4.0,3.0,2.0,4.0,48,gemini,2024,남성,2,
2.0,3.0,1.0,1.0,4.0,3.0,4.0,4.0,2.0,4.0,1.0,4.0,2.0,4.0,3.0,1.0,1.0,4.0,1.0,2.0,4.0,4.0,4.0,1.0,4.0,3.0,1.0,4.0,2.0,3.0,3.0,2.0,4.0,3.0,3.0,4.0,49,gemini,2024,남성,2,
2.0,2.0,1.0,1.0,4.0,3.0,3.0,4.0,2.0,3.0,1.0,3.0,2.0,3.0,2.0,1.0,1.0,4.0,1.0,2.0,3.0,4.0,4.0,1.0,3.0,3.0,1.0,4.0,2.0,2.0,3.0,2.0,3.0,3.0,2.0,3.0,50,gemini,2024,남성,2,
3.0,2.0,2.0,1.0,4.0,2.0,2.0,3.0,3.0,4.0,1.0,2.0,3.0,4.0,3.0,1.0,1.0,4.0,1.0,2.0,2.0,4.0,4.0,1.0,3.0,3.0,1.0,4.0,2.0,2.0,2.0,2.0,3.0,2.0,2.0,3.0,51,gemini,2024,남성,2,
3.0,3.0,1.0,1.0,5.0,3.0,2.0,3.0,3.0,4.0,1.0,4.0,4.0,4.0,4.0,1.0,1.0,5.0,1.0,2.0,2.0,5.0,5.0,1.0,4.0,3.0,1.0,3.0,2.0,2.0,2.0,2.0,4.0,3.0,3.0,3.0,52,gemini,2024,남성,2,
2.0,2.0,1.0,1.0,4.0,3.0,3.0,4.0,3.0,3.0,1.0,4.0,3.0,4.0,3.0,1.0,1.0,4.0,1.0,2.0,2.0,4.0,4.0,1.0,4.0,2.0,1.0,2.0,2.0,2.0,2.0,2.0,4.0,3.0,3.0,4.0,53,gemini,2024,남성,2,
3.0,2.0,1.0,1.0,5.0,2.0,3.0,3.0,3.0,4.0,6.0,3.0,4.0,4.0,3.0,1.0,1.0,4.0,1.0,1.0,3.0,4.0,5.0,1.0,4.0,3.0,1.0,4.0,2.0,2.0,3.0,2.0,4.0,2.0,3.0,2.0,54,gemini,2024,남성,2,
3.0,3.0,1.0,1.0,4.0,3.0,3.0,4.0,3.0,4.0,1.0,4.0,3.0,4.0,3.0,1.0,1.0,4.0,1.0,2.0,3.0,4.0,4.0,1.0,4.0,3.0,1.0,3.0,2.0,2.0,2.0,2.0,4.0,3.0,3.0,4.0,55,gemini,2024,남성,2,
3.0,2.0,1.0,1.0,4.0,2.0,3.0,3.0,3.0,4.0,1.0,3.0,4.0,4.0,3.0,1.0,1.0,4.0,1.0,2.0,3.0,4.0,4.0,1.0,4.0,3.0,1.0,4.0,2.0,2.0,3.0,2.0,4.0,3.0,2.0,3.0,56,gemini,2024,남성,2,
3.0,3.0,1.0,1.0,3.0,3.0,1.0,3.0,3.0,3.0,1.0,3.0,4.0,2.0,3.0,1.0,1.0,4.0,1.0,2.0,1.0,4.0,3.0,1.0,4.0,3.0,1.0,2.0,2.0,2.0,1.0,2.0,4.0,2.0,3.0,3.0,57,gemini,2024,남성,2,
2.0,3.0,1.0,1.0,4.0,3.0,3.0,3.0,3.0,4.0,1.0,4.0,2.0,4.0,3.0,1.0,1.0,4.0,1.0,2.0,3.0,4.0,4.0,1.0,4.0,3.0,1.0,4.0,2.0,2.0,3.0,2.0,3.0,3.0,3.0,3.0,58,gemini,2024,남성,2,
2.0,2.0,1.0,1.0,4.0,3.0,3.0,3.0,2.0,3.0,1.0,3.0,2.0,3.0,3.0,1.0,1.0,4.0,1.0,2.0,3.0,4.0,4.0,1.0,3.0,3.0,1.0,4.0,2.0,2.0,3.0,2.0,3.0,2.0,2.0,3.0,59,gemini,2024,남성,2,
3.0,2.0,1.0,1.0,4.0,3.0,2.0,4.0,3.0,3.0,1.0,3.0,4.0,3.0,3.0,1.0,1.0,4.0,1.0,2.0,2.0,4.0,4.0,1.0,4.0,2.0,2.0,2.0,2.0,2.0,2.0,2.0,4.0,2.0,2.0,3.0,60,gemini,2024,남성,2,
2.0,2.0,2.0,1.0,3.0,3.0,2.0,4.0,2.0,3.0,1.0,3.0,2.0,3.0,3.0,1.0,1.0,4.0,1.0,2.0,2.0,4.0,3.0,1.0,3.0,2.0,1.0,3.0,2.0,2.0,2.0,2.0,3.0,2.0,2.0,3.0,61,gemini,2024,남성,2,
3.0,2.0,1.0,1.0,4.0,3.0,3.0,3.0,3.0,4.0,1.0,3.0,3.0,4.0,3.0,1.0,1.0,4.0,1.0,2.0,3.0,4.0,4.0,1.0,4.0,3.0,1.0,3.0,2.0,2.0,3.0,2.0,4.0,3.0,3.0,3.0,62,gemini,2024,남성,2,
2.0,3.0,1.0,1.0,5.0,3.0,4.0,4.0,2.0,4.0,1.0,3.0,2.0,4.0,3.0,1.0,1.0,5.0,1.0,1.0,4.0,5.0,4.0,1.0,4.0,3.0,1.0,4.0,2.0,3.0,3.0,2.0,4.0,3.0,3.0,4.0,63,gemini,2024,남성,2,
4.0,2.0,1.0,1.0,4.0,2.0,2.0,3.0,4.0,3.0,1.0,3.0,4.0,3.0,3.0,1.0,1.0,4.0,1.0,2.0,2.0,4.0,4.0,1.0,4.0,3.0,1.0,3.0,2.0,2.0,2.0,2.0,4.0,2.0,3.0,3.0,64,gemini,2024,남성,2,
4.0,2.0,1.0,1.0,4.0,3.0,3.0,3.0,4.0,4.0,1.0,3.0,4.0,4.0,3.0,1.0,1.0,4.0,1.0,1.0,3.0,4.0,4.0,1.0,4.0,3.0,1.0,4.0,2.0,3.0,3.0,2.0,4.0,3.0,3.0,4.0,65,gemini,2024,남성,2,
4.0,3.0,1.0,1.0,4.0,3.0,2.0,3.0,4.0,4.0,1.0,4.0,4.0,4.0,3.0,1.0,1.0,4.0,1.0,2.0,2.0,4.0,4.0,1.0,4.0,3.0,1.0,3.0,3.0,2.0,2.0,2.0,4.0,3.0,3.0,4.0,66,gemini,2024,남성,2,
4.0,3.0,1.0,1.0,4.0,3.0,3.0,4.0,3.0,4.0,1.0,4.0,4.0,4.0,3.0,1.0,1.0,4.0,1.0,2.0,3.0,4.0,4.0,1.0,4.0,3.0,1.0,3.0,2.0,2.0,2.0,2.0,4.0,3.0,3.0,3.0,67,gemini,2024,남성,3,
3.0,2.0,1.0,1.0,4.0,3.0,3.0,3.0,4.0,4.0,1.0,2.0,4.0,4.0,3.0,1.0,1.0,4.0,1.0,2.0,3.0,4.0,4.0,1.0,4.0,2.0,1.0,4.0,2.0,2.0,2.0,2.0,3.0,3.0,2.0,3.0,68,gemini,2024,남성,3,
3.0,2.0,1.0,1.0,4.0,3.0,2.0,4.0,3.0,3.0,1.0,3.0,4.0,3.0,3.0,1.0,1.0,4.0,1.0,2.0,2.0,4.0,4.0,1.0,4.0,2.0,1.0,3.0,2.0,2.0,2.0,2.0,4.0,3.0,3.0,2.0,69,gemini,2024,남성,3,
2.0,3.0,1.0,1.0,4.0,3.0,2.0,4.0,2.0,3.0,1.0,3.0,2.0,3.0,3.0,1.0,1.0,4.0,1.0,2.0,2.0,4.0,4.0,1.0,4.0,3.0,1.0,2.0,2.0,2.0,2.0,2.0,4.0,2.0,4.0,3.0,70,gemini,2024,남성,3,
2.0,2.0,1.0,2.0,4.0,2.0,4.0,,2.0,4.0,,3.0,2.0,4.0,2.0,1.0,1.0,4.0,1.0,2.0,4.0,4.0,4.0,1.0,3.0,3.0,1.0,4.0,2.0,2.0,3.0,,3.0,3.0,2.0,3.0,71,gemini,2024,남성,3,
3.0,3.0,1.0,1.0,4.0,3.0,3.0,4.0,2.0,3.0,1.0,4.0,2.0,3.0,3.0,1.0,1.0,4.0,1.0,2.0,3.0,4.0,4.0,1.0,4.0,3.0,1.0,3.0,2.0,2.0,2.0,2.0,4.0,3.0,3.0,3.0,72,gemini,2024,남성,3,
3.0,3.0,1.0,1.0,3.0,2.0,2.0,3.0,3.0,3.0,1.0,3.0,4.0,3.0,3.0,1.0,1.0,4.0,1.0,2.0,2.0,4.0,3.0,1.0,3.0,3.0,1.0,3.0,2.0,2.0,2.0,2.0,3.0,2.0,3.0,2.0,73,gemini,2024,남성,3,
4.0,3.0,1.0,1.0,4.0,3.0,2.0,1.0,4.0,3.0,1.0,4.0,4.0,3.0,3.0,1.0,1.0,4.0,1.0,2.0,2.0,4.0,4.0,1.0,4.0,3.0,1.0,3.0,3.0,2.0,2.0,2.0,4.0,3.0,3.0,3.0,74,gemini,2024,남성,3,
3.0,3.0,1.0,1.0,4.0,3.0,2.0,4.0,2.0,3.0,1.0,3.0,3.0,3.0,2.0,1.0,1.0,4.0,1.0,2.0,2.0,4.0,4.0,1.0,4.0,3.0,1.0,3.0,2.0,2.0,2.0,2.0,4.0,3.0,3.0,3.0,75,gemini,2024,남성,3,
3.0,3.0,1.0,1.0,3.0,3.0,2.0,1.0,3.0,3.0,1.0,4.0,4.0,3.0,3.0,1.0,1.0,4.0,1.0,2.0,2.0,4.0,3.0,1.0,4.0,3.0,1.0,3.0,2.0,2.0,2.0,2.0,4.0,3.0,3.0,3.0,76,gemini,2024,남성,3,
3.0,3.0,1.0,1.0,4.0,3.0,3.0,4.0,3.0,4.0,1.0,4.0,3.0,4.0,3.0,1.0,1.0,4.0,1.0,2.0,3.0,4.0,4.0,1.0,4.0,4.0,1.0,3.0,2.0,2.0,2.0,2.0,4.0,3.0,4.0,3.0,77,gemini,2024,남성,3,
2.0,3.0,1.0,1.0,4.0,2.0,2.0,6.0,2.0,3.0,1.0,3.0,2.0,3.0,2.0,1.0,1.0,4.0,1.0,2.0,2.0,4.0,4.0,1.0,3.0,3.0,1.0,2.0,1.0,2.0,2.0,2.0,3.0,2.0,3.0,3.0,78,gemini,2024,남성,3,
2.0,2.0,2.0,1.0,3.0,3.0,2.0,4.0,2.0,3.0,1.0,3.0,3.0,3.0,3.0,1.0,1.0,3.0,1.0,2.0,1.0,3.0,3.0,1.0,3.0,3.0,1.0,2.0,2.0,2.0,2.0,2.0,3.0,2.0,3.0,3.0,79,gemini,2024,남성,3,
2.0,3.0,1.0,1.0,4.0,3.0,3.0,4.0,2.0,3.0,1.0,3.0,3.0,3.0,3.0,1.0,1.0,4.0,1.0,2.0,3.0,4.0,4.0,1.0,4.0,3.0,2.0,3.0,2.0,2.0,2.0,2.0,4.0,3.0,3.0,3.0,80,gemini,2024,남성,3,
2.0,2.0,1.0,1.0,4.0,3.0,3.0,3.0,2.0,3.0,1.0,3.0,2.0,3.0,3.0,1.0,1.0,4.0,1.0,2.0,3.0,4.0,4.0,1.0,4.0,3.0,1.0,3.0,2.0,2.0,2.0,2.0,3.0,3.0,2.0,4.0,81,gemini,2024,남성,3,
2.0,3.0,1.0,1.0,4.0,3.0,4.0,4.0,2.0,4.0,1.0,4.0,3.0,4.0,3.0,1.0,1.0,4.0,1.0,2.0,4.0,4.0,4.0,1.0,4.0,3.0,1.0,4.0,2.0,3.0,3.0,2.0,4.0,3.0,3.0,4.0,82,gemini,2024,남성,3,
3.0,3.0,1.0,1.0,4.0,3.0,2.0,4.0,3.0,3.0,1.0,4.0,4.0,3.0,3.0,1.0,1.0,4.0,1.0,2.0,2.0,4.0,3.0,1.0,4.0,3.0,1.0,2.0,2.0,2.0,2.0,2.0,4.0,3.0,3.0,3.0,83,gemini,2024,남성,3,
3.0,2.0,1.0,1.0,5.0,3.0,3.0,4.0,3.0,4.0,1.0,4.0,4.0,4.0,3.0,1.0,1.0,4.0,1.0,2.0,3.0,4.0,4.0,1.0,4.0,2.0,1.0,3.0,2.0,2.0,3.0,2.0,4.0,3.0,3.0,3.0,84,gemini,2024,남성,3,
4.0,4.0,1.0,1.0,4.0,3.0,2.0,1.0,4.0,3.0,1.0,4.0,4.0,3.0,3.0,1.0,1.0,4.0,1.0,2.0,2.0,4.0,4.0,1.0,4.0,4.0,1.0,3.0,2.0,3.0,2.0,2.0,4.0,3.0,4.0,3.0,85,gemini,2024,남성,3,
2.0,3.0,1.0,1.0,4.0,3.0,3.0,3.0,2.0,4.0,1.0,4.0,2.0,4.0,3.0,1.0,1.0,4.0,1.0,1.0,3.0,4.0,4.0,1.0,4.0,4.0,1.0,4.0,2.0,2.0,3.0,2.0,4.0,3.0,3.0,4.0,86,gemini,2024,남성,3,
4.0,4.0,1.0,1.0,4.0,4.0,3.0,1.0,4.0,4.0,1.0,4.0,4.0,4.0,4.0,1.0,1.0,4.0,1.0,2.0,3.0,4.0,4.0,1.0,4.0,3.0,1.0,3.0,3.0,2.0,3.0,1.0,4.0,3.0,4.0,3.0,87,gemini,2024,남성,3,
2.0,3.0,1.0,1.0,4.0,3.0,3.0,4.0,2.0,3.0,1.0,3.0,2.0,4.0,3.0,1.0,1.0,4.0,1.0,2.0,3.0,4.0,4.0,1.0,4.0,3.0,1.0,3.0,2.0,2.0,2.0,2.0,4.0,3.0,3.0,3.0,88,gemini,2024,남성,3,
3.0,2.0,1.0,1.0,4.0,3.0,2.0,4.0,3.0,4.0,1.0,4.0,3.0,4.0,3.0,1.0,1.0,4.0,1.0,2.0,2.0,4.0,4.0,1.0,4.0,2.0,1.0,4.0,2.0,2.0,2.0,2.0,4.0,3.0,2.0,3.0,89,gemini,2024,남성,3,
3.0,2.0,1.0,1.0,4.0,3.0,2.0,4.0,2.0,3.0,1.0,4.0,3.0,3.0,3.0,1.0,1.0,4.0,1.0,2.0,2.0,4.0,4.0,1.0,4.0,2.0,1.0,3.0,2.0,2.0,2.0,2.0,4.0,3.0,3.0,3.0,90,gemini,2024,남성,3,
3.0,2.0,1.0,1.0,3.0,3.0,2.0,4.0,3.0,3.0,1.0,4.0,3.0,3.0,3.0,1.0,1.0,4.0,1.0,2.0,2.0,4.0,3.0,1.0,4.0,3.0,1.0,3.0,2.0,2.0,2.0,2.0,4.0,2.0,2.0,3.0,91,gemini,2024,남성,3,
3.0,2.0,1.0,1.0,4.0,3.0,2.0,4.0,3.0,3.0,1.0,2.0,3.0,3.0,3.0,1.0,1.0,4.0,1.0,2.0,2.0,4.0,4.0,1.0,4.0,2.0,1.0,3.0,2.0,2.0,2.0,2.0,4.0,3.0,2.0,3.0,92,gemini,2024,남성,3,
2.0,2.0,1.0,2.0,3.0,3.0,2.0,,2.0,3.0,,3.0,2.0,3.0,2.0,1.0,1.0,3.0,1.0,2.0,2.0,3.0,3.0,1.0,3.0,2.0,2.0,2.0,1.0,2.0,2.0,,3.0,2.0,2.0,3.0,93,gemini,2024,남성,3,
3.0,4.0,1.0,1.0,4.0,3.0,3.0,4.0,3.0,4.0,1.0,4.0,3.0,4.0,3.0,1.0,1.0,4.0,1.0,2.0,3.0,4.0,4.0,1.0,4.0,4.0,1.0,3.0,2.0,3.0,3.0,2.0,4.0,3.0,3.0,3.0,94,gemini,2024,남성,3,
3.0,3.0,1.0,2.0,4.0,3.0,3.0,,3.0,3.0,,4.0,3.0,3.0,2.0,1.0,1.0,4.0,1.0,2.0,3.0,4.0,4.0,1.0,4.0,3.0,1.0,3.0,2.0,2.0,2.0,,4.0,3.0,3.0,3.0,95,gemini,2024,남성,3,
3.0,4.0,1.0,1.0,4.0,3.0,2.0,4.0,3.0,3.0,1.0,3.0,3.0,3.0,3.0,1.0,1.0,4.0,1.0,2.0,2.0,4.0,4.0,1.0,4.0,3.0,1.0,2.0,2.0,2.0,2.0,2.0,4.0,3.0,3.0,3.0,96,gemini,2024,남성,3,
3.0,4.0,1.0,1.0,4.0,3.0,4.0,1.0,3.0,4.0,1.0,4.0,3.0,4.0,3.0,1.0,1.0,4.0,1.0,2.0,4.0,4.0,4.0,1.0,4.0,4.0,1.0,4.0,2.0,3.0,4.0,2.0,4.0,3.0,4.0,3.0,97,gemini,2024,남성,3,
3.0,3.0,1.0,1.0,4.0,3.0,2.0,4.0,3.0,3.0,1.0,4.0,3.0,3.0,3.0,1.0,1.0,4.0,1.0,2.0,2.0,4.0,4.0,1.0,4.0,3.0,1.0,2.0,2.0,2.0,2.0,2.0,4.0,3.0,4.0,3.0,98,gemini,2024,남성,3,
3.0,2.0,1.0,1.0,4.0,3.0,3.0,3.0,3.0,4.0,1.0,4.0,3.0,4.0,3.0,1.0,1.0,4.0,1.0,2.0,3.0,4.0,4.0,1.0,4.0,2.0,1.0,3.0,2.0,2.0,3.0,2.0,4.0,3.0,3.0,4.0,99,gemini,2024,남성,3,
2.0,3.0,1.0,1.0,4.0,3.0,2.0,4.0,1.0,3.0,1.0,3.0,2.0,3.0,2.0,1.0,1.0,4.0,1.0,2.0,2.0,4.0,4.0,1.0,3.0,3.0,1.0,2.0,1.0,2.0,2.0,2.0,3.0,2.0,3.0,4.0,100,gemini,2024,남성,3,
2.0,3.0,1.0,1.0,4.0,3.0,2.0,4.0,2.0,3.0,1.0,3.0,2.0,3.0,3.0,1.0,1.0,4.0,1.0,2.0,2.0,4.0,4.0,1.0,4.0,3.0,1.0,2.0,2.0,2.0,2.0,2.0,4.0,3.0,3.0,3.0,101,gemini,2024,남성,3,
3.0,2.0,1.0,1.0,4.0,3.0,3.0,3.0,3.0,4.0,1.0,3.0,3.0,4.0,3.0,1.0,1.0,4.0,1.0,2.0,3.0,4.0,4.0,1.0,4.0,2.0,1.0,4.0,2.0,2.0,3.0,2.0,4.0,3.0,2.0,3.0,102,gemini,2024,남성,3,
2.0,3.0,1.0,1.0,3.0,3.0,2.0,4.0,3.0,3.0,1.0,3.0,3.0,3.0,3.0,1.0,1.0,4.0,1.0,2.0,2.0,4.0,3.0,1.0,4.0,3.0,1.0,3.0,2.0,2.0,2.0,2.0,4.0,2.0,3.0,2.0,103,gemini,2024,남성,3,
3.0,2.0,1.0,1.0,4.0,3.0,2.0,3.0,3.0,3.0,1.0,3.0,3.0,3.0,3.0,1.0,1.0,3.0,1.0,2.0,2.0,3.0,4.0,1.0,3.0,2.0,1.0,4.0,2.0,2.0,2.0,2.0,3.0,2.0,2.0,3.0,104,gemini,2024,남성,3,
3.0,2.0,1.0,1.0,4.0,3.0,2.0,3.0,3.0,3.0,1.0,3.0,4.0,3.0,3.0,1.0,1.0,4.0,1.0,2.0,2.0,4.0,4.0,1.0,4.0,3.0,1.0,3.0,2.0,2.0,2.0,2.0,4.0,3.0,3.0,4.0,105,gemini,2024,남성,3,
2.0,2.0,1.0,1.0,3.0,2.0,1.0,4.0,2.0,2.0,1.0,2.0,2.0,2.0,3.0,1.0,1.0,3.0,1.0,2.0,1.0,3.0,3.0,1.0,3.0,2.0,1.0,2.0,1.0,1.0,1.0,2.0,3.0,2.0,2.0,3.0,106,gemini,2024,남성,3,
3.0,3.0,1.0,1.0,4.0,3.0,3.0,3.0,3.0,4.0,1.0,3.0,3.0,3.0,3.0,1.0,1.0,4.0,1.0,2.0,3.0,4.0,4.0,1.0,4.0,3.0,1.0,3.0,2.0,3.0,3.0,2.0,4.0,3.0,3.0,3.0,107,gemini,2024,남성,3,
4.0,2.0,1.0,1.0,4.0,3.0,2.0,4.0,3.0,3.0,1.0,4.0,4.0,3.0,3.0,1.0,1.0,4.0,2.0,2.0,2.0,4.0,4.0,1.0,4.0,2.0,1.0,3.0,2.0,2.0,2.0,2.0,4.0,3.0,3.0,3.0,108,gemini,2024,남성,3,
2.0,3.0,1.0,1.0,4.0,2.0,2.0,4.0,2.0,4.0,1.0,4.0,2.0,4.0,3.0,1.0,1.0,4.0,1.0,2.0,2.0,4.0,4.0,1.0,4.0,3.0,1.0,3.0,2.0,2.0,2.0,2.0,4.0,3.0,3.0,3.0,109,gemini,2024,남성,3,
3.0,3.0,1.0,1.0,4.0,3.0,3.0,4.0,3.0,4.0,1.0,4.0,3.0,4.0,3.0,1.0,1.0,4.0,1.0,2.0,3.0,4.0,4.0,1.0,4.0,4.0,1.0,3.0,2.0,3.0,3.0,2.0,4.0,3.0,3.0,3.0,110,gemini,2024,남성,3,
3.0,4.0,1.0,1.0,4.0,3.0,2.0,6.0,3.0,3.0,1.0,4.0,3.0,4.0,3.0,1.0,1.0,4.0,1.0,2.0,2.0,4.0,4.0,1.0,4.0,3.0,1.0,2.0,2.0,3.0,2.0,2.0,4.0,3.0,3.0,3.0,111,gemini,2024,남성,3,
3.0,3.0,1.0,1.0,4.0,3.0,2.0,1.0,3.0,4.0,1.0,4.0,3.0,3.0,3.0,1.0,1.0,4.0,1.0,2.0,2.0,4.0,4.0,1.0,4.0,3.0,1.0,3.0,2.0,2.0,2.0,2.0,4.0,3.0,3.0,3.0,112,gemini,2024,남성,3,
3.0,2.0,1.0,1.0,4.0,3.0,3.0,4.0,3.0,4.0,1.0,4.0,3.0,4.0,3.0,1.0,1.0,4.0,1.0,2.0,3.0,4.0,4.0,1.0,4.0,3.0,1.0,4.0,2.0,3.0,3.0,2.0,4.0,3.0,3.0,4.0,113,gemini,2024,남성,3,
2.0,3.0,1.0,1.0,3.0,3.0,2.0,1.0,3.0,3.0,1.0,3.0,3.0,2.0,3.0,1.0,1.0,4.0,1.0,2.0,2.0,4.0,3.0,1.0,4.0,3.0,1.0,2.0,2.0,2.0,2.0,2.0,4.0,3.0,3.0,3.0,114,gemini,2024,남성,3,
2.0,3.0,1.0,1.0,3.0,3.0,2.0,4.0,2.0,3.0,1.0,3.0,3.0,3.0,3.0,1.0,1.0,4.0,1.0,2.0,2.0,4.0,3.0,1.0,4.0,2.0,1.0,2.0,2.0,2.0,2.0,2.0,4.0,3.0,3.0,3.0,115,gemini,2024,남성,3,
2.0,2.0,1.0,1.0,4.0,3.0,2.0,4.0,2.0,3.0,1.0,3.0,2.0,3.0,3.0,1.0,1.0,4.0,1.0,2.0,2.0,4.0,4.0,1.0,4.0,3.0,1.0,3.0,2.0,2.0,2.0,2.0,3.0,3.0,3.0,3.0,116,gemini,2024,남성,3,
4.0,3.0,1.0,1.0,4.0,4.0,2.0,1.0,4.0,4.0,1.0,4.0,4.0,4.0,3.0,1.0,1.0,4.0,1.0,2.0,2.0,4.0,4.0,1.0,4.0,4.0,1.0,3.0,3.0,2.0,2.0,2.0,4.0,3.0,3.0,3.0,117,gemini,2024,남성,3,
2.0,3.0,2.0,2.0,3.0,3.0,2.0,,2.0,3.0,,3.0,2.0,3.0,2.0,2.0,1.0,3.0,2.0,2.0,2.0,3.0,3.0,1.0,3.0,3.0,2.0,2.0,2.0,2.0,2.0,,3.0,3.0,2.0,4.0,118,gemini,2024,남성,3,
3.0,3.0,1.0,1.0,4.0,3.0,2.0,1.0,3.0,3.0,1.0,4.0,3.0,3.0,3.0,1.0,1.0,4.0,1.0,2.0,2.0,4.0,4.0,1.0,4.0,3.0,2.0,2.0,2.0,2.0,2.0,2.0,4.0,3.0,3.0,3.0,119,gemini,2024,남성,3,
3.0,2.0,1.0,1.0,4.0,3.0,2.0,3.0,3.0,4.0,1.0,4.0,4.0,4.0,3.0,1.0,1.0,4.0,1.0,2.0,2.0,4.0,4.0,1.0,4.0,3.0,1.0,3.0,2.0,2.0,2.0,2.0,4.0,3.0,2.0,4.0,120,gemini,2024,남성,3,
3.0,3.0,1.0,1.0,3.0,4.0,2.0,1.0,3.0,3.0,1.0,4.0,4.0,3.0,3.0,1.0,1.0,4.0,1.0,2.0,2.0,4.0,3.0,1.0,4.0,3.0,2.0,2.0,2.0,2.0,2.0,2.0,4.0,3.0,3.0,4.0,121,gemini,2024,남성,3,
2.0,3.0,1.0,1.0,4.0,2.0,2.0,4.0,2.0,3.0,1.0,3.0,3.0,3.0,3.0,1.0,1.0,4.0,1.0,2.0,2.0,4.0,4.0,1.0,4.0,3.0,1.0,3.0,2.0,2.0,2.0,2.0,4.0,3.0,3.0,3.0,122,gemini,2024,남성,3,
3.0,3.0,1.0,1.0,4.0,4.0,2.0,1.0,3.0,3.0,1.0,4.0,4.0,3.0,3.0,1.0,1.0,4.0,2.0,2.0,2.0,4.0,4.0,1.0,4.0,3.0,1.0,2.0,2.0,3.0,2.0,2.0,4.0,3.0,3.0,4.0,123,gemini,2024,남성,3,
3.0,2.0,1.0,1.0,4.0,3.0,2.0,3.0,3.0,4.0,1.0,4.0,3.0,4.0,3.0,1.0,1.0,4.0,1.0,2.0,2.0,4.0,4.0,1.0,4.0,3.0,1.0,3.0,2.0,2.0,2.0,2.0,4.0,3.0,2.0,3.0,124,gemini,2024,남성,3,
3.0,3.0,1.0,1.0,4.0,4.0,2.0,1.0,3.0,3.0,1.0,4.0,4.0,3.0,4.0,1.0,1.0,5.0,1.0,2.0,2.0,5.0,4.0,1.0,5.0,4.0,1.0,3.0,2.0,2.0,3.0,1.0,5.0,3.0,4.0,4.0,125,gemini,2024,남성,3,
2.0,3.0,1.0,1.0,4.0,2.0,2.0,4.0,2.0,4.0,1.0,3.0,2.0,4.0,3.0,1.0,1.0,3.0,1.0,2.0,2.0,3.0,4.0,1.0,4.0,3.0,1.0,3.0,2.0,2.0,2.0,2.0,4.0,3.0,3.0,3.0,126,gemini,2024,남성,3,
2.0,2.0,1.0,1.0,4.0,3.0,2.0,2.0,3.0,3.0,1.0,3.0,3.0,3.0,3.0,1.0,1.0,4.0,1.0,2.0,2.0,4.0,4.0,1.0,4.0,2.0,1.0,3.0,2.0,2.0,2.0,2.0,4.0,3.0,3.0,3.0,127,gemini,2024,남성,3,
2.0,3.0,1.0,1.0,4.0,3.0,2.0,4.0,2.0,3.0,1.0,3.0,2.0,3.0,3.0,1.0,1.0,4.0,1.0,2.0,2.0,4.0,4.0,1.0,4.0,3.0,1.0,2.0,2.0,2.0,2.0,2.0,4.0,3.0,3.0,3.0,128,gemini,2024,남성,3,
4.0,4.0,1.0,1.0,4.0,4.0,2.0,1.0,4.0,4.0,1.0,4.0,4.0,3.0,3.0,1.0,1.0,4.0,1.0,2.0,3.0,4.0,4.0,1.0,4.0,4.0,1.0,3.0,3.0,3.0,3.0,1.0,4.0,3.0,4.0,4.0,129,gemini,2024,남성,3,
3.0,3.0,1.0,1.0,4.0,3.0,2.0,4.0,3.0,3.0,1.0,4.0,4.0,3.0,3.0,1.0,1.0,4.0,1.0,2.0,2.0,4.0,4.0,1.0,4.0,3.0,1.0,2.0,2.0,2.0,2.0,2.0,4.0,3.0,3.0,4.0,130,gemini,2024,남성,3,
3.0,3.0,1.0,1.0,4.0,3.0,3.0,3.0,3.0,4.0,1.0,4.0,3.0,4.0,3.0,1.0,1.0,4.0,1.0,1.0,3.0,4.0,4.0,1.0,4.0,4.0,1.0,4.0,2.0,3.0,3.0,2.0,4.0,3.0,3.0,3.0,131,gemini,2024,남성,3,
4.0,3.0,1.0,1.0,4.0,3.0,2.0,2.0,4.0,3.0,1.0,3.0,5.0,3.0,4.0,1.0,1.0,4.0,1.0,2.0,2.0,4.0,4.0,1.0,4.0,3.0,1.0,2.0,2.0,2.0,2.0,2.0,4.0,3.0,3.0,3.0,132,gemini,2024,남성,3,
3.0,3.0,1.0,1.0,4.0,3.0,2.0,1.0,3.0,3.0,1.0,3.0,3.0,4.0,3.0,1.0,1.0,4.0,1.0,2.0,2.0,4.0,4.0,1.0,4.0,3.0,1.0,2.0,2.0,2.0,2.0,2.0,4.0,3.0,3.0,3.0,133,gemini,2024,남성,3,
3.0,2.0,1.0,1.0,4.0,3.0,2.0,4.0,3.0,3.0,1.0,4.0,4.0,3.0,3.0,1.0,1.0,4.0,1.0,2.0,2.0,4.0,4.0,1.0,4.0,3.0,1.0,3.0,2.0,2.0,2.0,2.0,4.0,3.0,3.0,4.0,134,gemini,2024,남성,3,
3.0,3.0,2.0,1.0,4.0,3.0,2.0,4.0,3.0,3.0,1.0,3.0,3.0,3.0,3.0,1.0,1.0,4.0,2.0,2.0,2.0,4.0,4.0,1.0,4.0,3.0,1.0,2.0,2.0,2.0,2.0,2.0,4.0,2.0,3.0,3.0,135,gemini,2024,남성,3,
4.0,3.0,1.0,1.0,4.0,3.0,2.0,1.0,4.0,4.0,1.0,4.0,4.0,3.0,3.0,1.0,1.0,4.0,1.0,2.0,2.0,5.0,4.0,1.0,4.0,3.0,1.0,3.0,3.0,3.0,2.0,2.0,4.0,3.0,3.0,3.0,136,gemini,2024,남성,3,
2.0,2.0,1.0,1.0,4.0,3.0,2.0,4.0,2.0,3.0,1.0,3.0,2.0,3.0,3.0,1.0,1.0,4.0,1.0,2.0,2.0,4.0,4.0,1.0,4.0,2.0,1.0,2.0,2.0,2.0,2.0,2.0,4.0,3.0,2.0,3.0,137,gemini,2024,남성,3,
2.0,3.0,1.0,1.0,4.0,3.0,2.0,4.0,3.0,3.0,1.0,4.0,3.0,3.0,3.0,1.0,1.0,4.0,1.0,2.0,2.0,4.0,4.0,1.0,4.0,3.0,1.0,2.0,1.0,2.0,2.0,2.0,3.0,3.0,3.0,4.0,138,gemini,2024,남성,3,
3.0,3.0,1.0,1.0,4.0,3.0,2.0,4.0,3.0,4.0,1.0,4.0,3.0,4.0,3.0,1.0,1.0,4.0,1.0,2.0,2.0,4.0,4.0,1.0,4.0,3.0,1.0,3.0,2.0,2.0,2.0,2.0,4.0,2.0,3.0,3.0,139,gemini,2024,남성,3,
2.0,2.0,1.0,1.0,4.0,3.0,2.0,4.0,2.0,3.0,1.0,4.0,2.0,3.0,3.0,1.0,1.0,4.0,1.0,2.0,2.0,4.0,4.0,1.0,4.0,3.0,1.0,2.0,2.0,2.0,2.0,2.0,4.0,3.0,3.0,3.0,140,gemini,2024,남성,3,
2.0,2.0,1.0,1.0,4.0,3.0,2.0,4.0,2.0,3.0,1.0,3.0,2.0,3.0,2.0,1.0,1.0,4.0,1.0,2.0,2.0,4.0,4.0,1.0,3.0,3.0,1.0,2.0,2.0,2.0,2.0,2.0,3.0,3.0,3.0,3.0,141,gemini,2024,남성,3,
3.0,3.0,1.0,1.0,4.0,3.0,4.0,4.0,3.0,4.0,1.0,4.0,3.0,4.0,3.0,1.0,1.0,4.0,1.0,2.0,4.0,4.0,4.0,1.0,4.0,3.0,1.0,4.0,2.0,2.0,4.0,2.0,4.0,3.0,3.0,3.0,142,gemini,2024,남성,3,
2.0,2.0,1.0,1.0,4.0,3.0,2.0,4.0,2.0,3.0,1.0,3.0,3.0,3.0,3.0,1.0,1.0,4.0,1.0,2.0,2.0,4.0,4.0,1.0,4.0,3.0,2.0,2.0,2.0,2.0,2.0,2.0,4.0,3.0,3.0,4.0,143,gemini,2024,남성,3,
3.0,2.0,1.0,1.0,4.0,3.0,2.0,4.0,4.0,4.0,1.0,4.0,4.0,4.0,3.0,1.0,1.0,4.0,1.0,2.0,3.0,4.0,4.0,1.0,4.0,3.0,1.0,3.0,2.0,2.0,2.0,2.0,4.0,3.0,2.0,3.0,144,gemini,2024,남성,3,
4.0,3.0,1.0,1.0,4.0,2.0,1.0,3.0,4.0,3.0,7.0,3.0,4.0,3.0,3.0,1.0,1.0,4.0,2.0,2.0,2.0,4.0,4.0,1.0,4.0,2.0,2.0,3.0,3.0,2.0,2.0,2.0,4.0,2.0,3.0,2.0,145,gemini,2024,남성,3,
2.0,3.0,1.0,1.0,3.0,3.0,2.0,4.0,2.0,3.0,1.0,3.0,2.0,3.0,3.0,1.0,1.0,4.0,1.0,2.0,2.0,4.0,3.0,1.0,4.0,4.0,1.0,2.0,2.0,3.0,2.0,2.0,4.0,3.0,3.0,3.0,146,gemini,2024,남성,3,
2.0,2.0,1.0,1.0,4.0,3.0,4.0,4.0,3.0,4.0,1.0,4.0,2.0,4.0,3.0,1.0,1.0,4.0,1.0,2.0,4.0,4.0,4.0,1.0,4.0,3.0,1.0,4.0,2.0,2.0,3.0,2.0,4.0,3.0,3.0,4.0,147,gemini,2024,남성,3,
2.0,3.0,1.0,1.0,3.0,3.0,2.0,4.0,2.0,3.0,1.0,4.0,3.0,3.0,3.0,1.0,1.0,4.0,1.0,2.0,2.0,4.0,3.0,1.0,4.0,3.0,1.0,3.0,2.0,2.0,2.0,2.0,4.0,3.0,3.0,3.0,148,gemini,2024,남성,3,
3.0,4.0,1.0,1.0,4.0,3.0,4.0,1.0,4.0,4.0,1.0,4.0,4.0,4.0,3.0,1.0,1.0,4.0,1.0,2.0,4.0,4.0,4.0,1.0,4.0,4.0,1.0,5.0,3.0,3.0,3.0,2.0,4.0,3.0,3.0,3.0,149,gemini,2024,남성,3,
2.0,3.0,1.0,1.0,4.0,3.0,2.0,4.0,2.0,3.0,1.0,3.0,2.0,3.0,3.0,1.0,1.0,4.0,1.0,2.0,2.0,4.0,4.0,1.0,4.0,3.0,1.0,2.0,1.0,2.0,2.0,2.0,3.0,2.0,3.0,3.0,150,gemini,2024,남성,3,
3.0,4.0,1.0,1.0,3.0,4.0,2.0,1.0,3.0,3.0,1.0,4.0,3.0,3.0,3.0,1.0,1.0,4.0,1.0,2.0,2.0,4.0,4.0,1.0,4.0,4.0,1.0,2.0,2.0,2.0,2.0,2.0,4.0,3.0,3.0,3.0,151,gemini,2024,남성,4,
2.0,2.0,2.0,2.0,5.0,3.0,3.0,,2.0,4.0,,3.0,2.0,5.0,2.0,1.0,1.0,4.0,1.0,2.0,3.0,3.0,5.0,1.0,4.0,3.0,1.0,3.0,2.0,2.0,2.0,,4.0,3.0,2.0,3.0,152,gemini,2024,남성,4,
2.0,3.0,1.0,1.0,3.0,3.0,2.0,1.0,2.0,3.0,1.0,4.0,3.0,2.0,3.0,1.0,1.0,4.0,1.0,2.0,2.0,4.0,3.0,1.0,4.0,2.0,1.0,2.0,2.0,2.0,2.0,2.0,4.0,3.0,3.0,3.0,153,gemini,2024,남성,4,
1.0,2.0,1.0,2.0,3.0,2.0,1.0,,1.0,2.0,,3.0,1.0,2.0,2.0,1.0,1.0,3.0,2.0,2.0,1.0,3.0,2.0,1.0,3.0,3.0,1.0,1.0,1.0,2.0,1.0,,3.0,2.0,3.0,3.0,154,gemini,2024,남성,4,
2.0,3.0,1.0,1.0,4.0,3.0,3.0,4.0,2.0,4.0,1.0,3.0,2.0,3.0,3.0,1.0,1.0,3.0,1.0,2.0,3.0,3.0,4.0,1.0,4.0,3.0,1.0,4.0,1.0,2.0,2.0,2.0,4.0,2.0,3.0,3.0,155,gemini,2024,남성,4,
3.0,4.0,1.0,1.0,4.0,2.0,2.0,1.0,3.0,3.0,1.0,3.0,3.0,3.0,3.0,1.0,1.0,4.0,1.0,2.0,2.0,4.0,4.0,1.0,4.0,3.0,1.0,2.0,2.0,2.0,2.0,2.0,4.0,3.0,4.0,3.0,156,gemini,2024,남성,4,
3.0,3.0,1.0,1.0,4.0,3.0,2.0,1.0,3.0,4.0,1.0,4.0,4.0,4.0,3.0,1.0,1.0,4.0,1.0,2.0,2.0,4.0,4.0,1.0,4.0,3.0,1.0,3.0,2.0,2.0,2.0,2.0,4.0,3.0,3.0,3.0,157,gemini,2024,남성,4,
3.0,2.0,1.0,1.0,4.0,3.0,3.0,1.0,3.0,4.0,1.0,4.0,3.0,4.0,3.0,1.0,1.0,4.0,1.0,2.0,3.0,4.0,4.0,1.0,4.0,3.0,1.0,3.0,2.0,2.0,2.0,2.0,4.0,3.0,3.0,3.0,158,gemini,2024,남성,4,
4.0,4.0,1.0,1.0,4.0,4.0,2.0,1.0,4.0,4.0,1.0,4.0,4.0,3.0,4.0,1.0,1.0,4.0,1.0,2.0,3.0,4.0,4.0,1.0,4.0,4.0,1.0,3.0,3.0,3.0,3.0,1.0,4.0,3.0,4.0,3.0,159,gemini,2024,남성,4,
3.0,2.0,1.0,1.0,4.0,2.0,3.0,4.0,3.0,4.0,1.0,3.0,3.0,4.0,3.0,1.0,1.0,3.0,1.0,2.0,3.0,3.0,4.0,1.0,3.0,3.0,1.0,3.0,2.0,2.0,2.0,2.0,3.0,3.0,3.0,3.0,160,gemini,2024,남성,4,
4.0,3.0,1.0,1.0,4.0,4.0,3.0,1.0,4.0,4.0,1.0,4.0,4.0,4.0,3.0,1.0,1.0,4.0,1.0,2.0,3.0,4.0,4.0,1.0,4.0,3.0,1.0,3.0,2.0,2.0,3.0,2.0,4.0,3.0,4.0,3.0,161,gemini,2024,남성,4,
3.0,4.0,1.0,1.0,4.0,3.0,3.0,1.0,2.0,4.0,1.0,4.0,3.0,4.0,3.0,1.0,1.0,4.0,1.0,2.0,3.0,4.0,4.0,1.0,4.0,4.0,1.0,3.0,2.0,2.0,2.0,2.0,4.0,3.0,4.0,3.0,162,gemini,2024,남성,4,
3.0,3.0,1.0,1.0,4.0,3.0,2.0,4.0,3.0,4.0,1.0,3.0,3.0,4.0,3.0,1.0,1.0,4.0,1.0,2.0,2.0,4.0,4.0,1.0,4.0,3.0,1.0,2.0,2.0,2.0,2.0,2.0,4.0,3.0,3.0,3.0,163,gemini,2024,남성,4,
2.0,3.0,2.0,1.0,3.0,3.0,2.0,4.0,2.0,3.0,1.0,3.0,2.0,3.0,3.0,1.0,1.0,3.0,1.0,2.0,2.0,3.0,3.0,1.0,4.0,3.0,1.0,2.0,2.0,2.0,2.0,2.0,4.0,3.0,3.0,3.0,164,gemini,2024,남성,4,
3.0,3.0,1.0,1.0,4.0,3.0,2.0,1.0,3.0,3.0,1.0,4.0,4.0,3.0,3.0,1.0,1.0,4.0,1.0,2.0,2.0,4.0,4.0,1.0,4.0,3.0,1.0,3.0,2.0,2.0,2.0,2.0,4.0,3.0,3.0,3.0,165,gemini,2024,남성,4,
4.0,4.0,1.0,1.0,4.0,4.0,2.0,1.0,4.0,3.0,1.0,4.0,4.0,3.0,4.0,1.0,1.0,4.0,1.0,2.0,2.0,4.0,4.0,1.0,4.0,4.0,1.0,3.0,3.0,3.0,2.0,2.0,4.0,3.0,4.0,4.0,166,gemini,2024,남성,4,
4.0,3.0,1.0,1.0,3.0,3.0,2.0,1.0,3.0,3.0,1.0,4.0,4.0,3.0,3.0,1.0,1.0,4.0,1.0,2.0,2.0,4.0,3.0,1.0,4.0,3.0,1.0,2.0,2.0,2.0,2.0,2.0,4.0,3.0,3.0,3.0,167,gemini,2024,남성,4,
3.0,3.0,1.0,1.0,4.0,3.0,3.0,4.0,3.0,4.0,1.0,4.0,4.0,4.0,3.0,1.0,1.0,4.0,1.0,2.0,3.0,4.0,4.0,1.0,4.0,3.0,1.0,3.0,2.0,2.0,3.0,2.0,4.0,3.0,4.0,3.0,168,gemini,2024,남성,4,
4.0,4.0,1.0,1.0,4.0,4.0,2.0,1.0,3.0,3.0,1.0,4.0,4.0,4.0,4.0,1.0,1.0,5.0,1.0,2.0,2.0,5.0,4.0,1.0,4.0,4.0,1.0,3.0,3.0,2.0,2.0,2.0,4.0,3.0,4.0,3.0,169,gemini,2024,남성,4,
3.0,3.0,1.0,1.0,4.0,3.0,3.0,4.0,3.0,3.0,1.0,4.0,3.0,3.0,3.0,1.0,1.0,4.0,1.0,2.0,2.0,4.0,4.0,1.0,4.0,3.0,1.0,2.0,2.0,2.0,2.0,2.0,4.0,3.0,3.0,3.0,170,gemini,2024,남성,4,
3.0,3.0,1.0,1.0,4.0,3.0,2.0,1.0,3.0,3.0,1.0,4.0,3.0,3.0,3.0,1.0,1.0,4.0,1.0,2.0,2.0,4.0,4.0,1.0,4.0,3.0,1.0,2.0,2.0,2.0,2.0,2.0,4.0,3.0,3.0,3.0,171,gemini,2024,남성,4,
2.0,2.0,2.0,1.0,3.0,2.0,2.0,4.0,2.0,3.0,1.0,2.0,2.0,3.0,2.0,1.0,1.0,3.0,1.0,2.0,2.0,3.0,3.0,1.0,3.0,2.0,1.0,3.0,2.0,2.0,2.0,2.0,3.0,2.0,2.0,2.0,172,gemini,2024,남성,4,
4.0,3.0,1.0,1.0,3.0,3.0,2.0,4.0,3.0,2.0,1.0,3.0,4.0,2.0,3.0,1.0,1.0,4.0,2.0,2.0,2.0,4.0,2.0,1.0,4.0,3.0,2.0,2.0,2.0,2.0,2.0,2.0,4.0,2.0,3.0,3.0,173,gemini,2024,남성,4,
4.0,4.0,1.0,1.0,4.0,4.0,3.0,1.0,4.0,4.0,1.0,4.0,4.0,4.0,4.0,1.0,1.0,4.0,1.0,2.0,3.0,4.0,4.0,1.0,5.0,4.0,2.0,3.0,3.0,3.0,3.0,1.0,5.0,3.0,4.0,3.0,174,gemini,2024,남성,4,
3.0,3.0,1.0,2.0,4.0,3.0,2.0,,3.0,4.0,,3.0,2.0,4.0,2.0,1.0,1.0,3.0,1.0,2.0,2.0,3.0,4.0,1.0,3.0,3.0,1.0,4.0,2.0,2.0,2.0,,3.0,2.0,2.0,3.0,175,gemini,2024,남성,4,
3.0,3.0,1.0,2.0,4.0,2.0,2.0,,2.0,3.0,,3.0,3.0,3.0,2.0,1.0,1.0,4.0,1.0,2.0,2.0,4.0,4.0,1.0,4.0,3.0,1.0,2.0,2.0,2.0,2.0,,3.0,3.0,3.0,3.0,176,gemini,2024,남성,4,
3.0,3.0,1.0,1.0,3.0,2.0,2.0,4.0,3.0,3.0,1.0,4.0,3.0,3.0,3.0,1.0,1.0,4.0,1.0,2.0,2.0,4.0,3.0,1.0,4.0,2.0,1.0,2.0,2.0,2.0,2.0,2.0,4.0,3.0,3.0,3.0,177,gemini,2024,남성,4,
4.0,4.0,1.0,1.0,3.0,4.0,2.0,1.0,3.0,3.0,1.0,4.0,4.0,3.0,3.0,1.0,1.0,4.0,1.0,2.0,2.0,4.0,3.0,1.0,4.0,3.0,1.0,2.0,2.0,2.0,2.0,2.0,4.0,3.0,4.0,3.0,178,gemini,2024,남성,4,
3.0,3.0,1.0,1.0,3.0,2.0,2.0,1.0,2.0,3.0,1.0,3.0,3.0,3.0,3.0,1.0,1.0,4.0,1.0,2.0,2.0,4.0,3.0,1.0,4.0,3.0,1.0,2.0,2.0,2.0,2.0,2.0,4.0,2.0,3.0,3.0,179,gemini,2024,남성,4,
2.0,3.0,2.0,2.0,3.0,3.0,2.0,,2.0,3.0,,3.0,2.0,2.0,2.0,1.0,1.0,3.0,2.0,2.0,2.0,3.0,3.0,1.0,3.0,2.0,2.0,2.0,2.0,2.0,2.0,,3.0,2.0,3.0,3.0,180,gemini,2024,남성,4,
2.0,3.0,1.0,1.0,4.0,2.0,2.0,3.0,2.0,3.0,1.0,4.0,2.0,3.0,3.0,1.0,1.0,4.0,2.0,2.0,2.0,4.0,4.0,1.0,3.0,3.0,1.0,2.0,2.0,2.0,2.0,2.0,3.0,2.0,2.0,3.0,181,gemini,2024,남성,4,
1.0,3.0,2.0,2.0,3.0,3.0,2.0,,1.0,2.0,,3.0,2.0,2.0,2.0,1.0,1.0,3.0,1.0,2.0,2.0,3.0,3.0,1.0,3.0,3.0,2.0,2.0,1.0,2.0,1.0,,3.0,2.0,3.0,3.0,182,gemini,2024,남성,4,
4.0,3.0,1.0,1.0,4.0,3.0,2.0,1.0,3.0,3.0,1.0,3.0,4.0,3.0,3.0,1.0,1.0,4.0,1.0,2.0,2.0,4.0,4.0,1.0,4.0,3.0,1.0,2.0,2.0,2.0,2.0,2.0,4.0,3.0,3.0,3.0,183,gemini,2024,남성,4,
4.0,3.0,1.0,1.0,3.0,4.0,2.0,1.0,3.0,3.0,1.0,4.0,4.0,3.0,3.0,1.0,1.0,4.0,1.0,2.0,2.0,4.0,3.0,1.0,4.0,3.0,1.0,2.0,2.0,2.0,2.0,2.0,4.0,3.0,3.0,3.0,184,gemini,2024,남성,4,
3.0,2.0,1.0,1.0,4.0,4.0,2.0,1.0,3.0,3.0,1.0,3.0,4.0,3.0,3.0,1.0,1.0,4.0,1.0,2.0,2.0,4.0,4.0,1.0,4.0,3.0,1.0,2.0,2.0,2.0,2.0,2.0,4.0,3.0,3.0,3.0,185,gemini,2024,남성,4,
2.0,2.0,2.0,1.0,3.0,3.0,2.0,4.0,2.0,2.0,1.0,2.0,2.0,2.0,2.0,1.0,1.0,3.0,1.0,2.0,2.0,3.0,3.0,1.0,3.0,2.0,1.0,2.0,2.0,2.0,2.0,2.0,3.0,2.0,3.0,2.0,186,gemini,2024,남성,4,
2.0,2.0,1.0,2.0,3.0,2.0,2.0,,2.0,3.0,,2.0,2.0,3.0,2.0,1.0,1.0,3.0,1.0,2.0,2.0,3.0,3.0,1.0,3.0,3.0,2.0,2.0,1.0,2.0,2.0,,3.0,3.0,3.0,3.0,187,gemini,2024,남성,4,
2.0,3.0,1.0,2.0,3.0,3.0,2.0,,2.0,3.0,,3.0,3.0,2.0,2.0,1.0,1.0,3.0,2.0,2.0,2.0,3.0,3.0,1.0,4.0,3.0,2.0,2.0,2.0,2.0,2.0,,4.0,2.0,2.0,3.0,188,gemini,2024,남성,4,
1.0,2.0,2.0,2.0,3.0,3.0,2.0,,2.0,3.0,,2.0,2.0,3.0,2.0,2.0,1.0,3.0,2.0,2.0,2.0,3.0,3.0,1.0,3.0,3.0,2.0,2.0,1.0,2.0,2.0,,3.0,3.0,3.0,3.0,189,gemini,2024,남성,4,
2.0,3.0,1.0,2.0,3.0,3.0,2.0,,2.0,3.0,,3.0,2.0,3.0,2.0,1.0,1.0,3.0,1.0,2.0,2.0,3.0,3.0,1.0,3.0,2.0,1.0,2.0,1.0,2.0,2.0,,3.0,2.0,3.0,3.0,190,gemini,2024,남성,4,
2.0,3.0,1.0,1.0,4.0,3.0,3.0,4.0,2.0,4.0,1.0,4.0,2.0,4.0,3.0,1.0,1.0,4.0,1.0,2.0,3.0,4.0,4.0,1.0,4.0,3.0,1.0,3.0,2.0,3.0,2.0,2.0,4.0,3.0,3.0,3.0,191,gemini,2024,남성,4,
2.0,2.0,1.0,1.0,3.0,3.0,2.0,4.0,2.0,3.0,1.0,3.0,2.0,3.0,2.0,1.0,1.0,3.0,1.0,2.0,2.0,3.0,3.0,1.0,3.0,3.0,1.0,3.0,2.0,2.0,2.0,2.0,3.0,3.0,3.0,3.0,192,gemini,2024,남성,4,
3.0,4.0,1.0,1.0,3.0,4.0,2.0,1.0,3.0,3.0,1.0,4.0,4.0,3.0,3.0,1.0,1.0,4.0,1.0,2.0,2.0,4.0,3.0,1.0,4.0,3.0,1.0,2.0,2.0,2.0,2.0,2.0,4.0,3.0,3.0,4.0,193,gemini,2024,남성,4,
2.0,2.0,1.0,1.0,4.0,3.0,3.0,3.0,3.0,4.0,1.0,4.0,3.0,4.0,3.0,1.0,1.0,4.0,1.0,2.0,3.0,4.0,4.0,1.0,4.0,3.0,1.0,4.0,2.0,2.0,3.0,2.0,3.0,3.0,3.0,3.0,194,gemini,2024,남성,4,
2.0,3.0,1.0,1.0,3.0,3.0,2.0,1.0,3.0,3.0,1.0,3.0,3.0,3.0,3.0,1.0,1.0,4.0,1.0,2.0,2.0,4.0,3.0,1.0,4.0,2.0,1.0,2.0,2.0,2.0,2.0,2.0,4.0,3.0,2.0,3.0,195,gemini,2024,남성,4,
3.0,3.0,1.0,1.0,4.0,4.0,2.0,4.0,3.0,3.0,1.0,4.0,3.0,3.0,3.0,1.0,1.0,4.0,1.0,2.0,2.0,4.0,4.0,1.0,4.0,4.0,1.0,2.0,2.0,2.0,2.0,2.0,4.0,3.0,4.0,3.0,196,gemini,2024,남성,4,
3.0,3.0,1.0,1.0,4.0,3.0,2.0,1.0,3.0,4.0,1.0,4.0,3.0,4.0,3.0,1.0,1.0,4.0,1.0,2.0,2.0,4.0,4.0,1.0,4.0,3.0,1.0,2.0,2.0,3.0,2.0,2.0,4.0,3.0,3.0,3.0,197,gemini,2024,남성,4,
4.0,3.0,1.0,1.0,4.0,4.0,3.0,1.0,4.0,4.0,1.0,5.0,4.0,4.0,4.0,1.0,1.0,4.0,1.0,1.0,3.0,4.0,4.0,1.0,4.0,3.0,1.0,3.0,3.0,3.0,3.0,1.0,4.0,3.0,3.0,4.0,198,gemini,2024,남성,4,
2.0,2.0,1.0,2.0,4.0,3.0,2.0,,2.0,3.0,,3.0,2.0,3.0,2.0,1.0,1.0,4.0,1.0,2.0,2.0,4.0,4.0,1.0,3.0,3.0,1.0,3.0,2.0,2.0,2.0,,3.0,2.0,3.0,3.0,199,gemini,2024,남성,4,
3.0,3.0,1.0,1.0,4.0,3.0,2.0,4.0,3.0,3.0,1.0,4.0,4.0,3.0,3.0,1.0,1.0,4.0,1.0,2.0,2.0,4.0,4.0,1.0,4.0,3.0,1.0,2.0,2.0,2.0,2.0,2.0,4.0,3.0,3.0,3.0,200,gemini,2024,남성,4,
3.0,3.0,1.0,1.0,4.0,4.0,2.0,1.0,2.0,3.0,1.0,4.0,3.0,3.0,3.0,1.0,1.0,4.0,1.0,2.0,2.0,4.0,4.0,1.0,4.0,3.0,2.0,2.0,2.0,2.0,2.0,2.0,4.0,3.0,3.0,4.0,201,gemini,2024,남성,4,
2.0,2.0,2.0,2.0,3.0,3.0,2.0,,2.0,3.0,,3.0,3.0,3.0,2.0,1.0,1.0,3.0,2.0,2.0,2.0,3.0,3.0,1.0,3.0,3.0,1.0,2.0,2.0,2.0,2.0,,3.0,2.0,2.0,3.0,202,gemini,2024,남성,4,
2.0,3.0,1.0,1.0,4.0,3.0,2.0,1.0,2.0,3.0,1.0,4.0,3.0,3.0,3.0,1.0,1.0,4.0,1.0,2.0,2.0,4.0,4.0,1.0,4.0,3.0,1.0,2.0,2.0,2.0,2.0,2.0,4.0,2.0,3.0,3.0,203,gemini,2024,남성,4,
3.0,4.0,1.0,1.0,4.0,3.0,2.0,1.0,3.0,3.0,1.0,4.0,4.0,3.0,3.0,1.0,1.0,4.0,1.0,2.0,2.0,4.0,4.0,1.0,4.0,4.0,2.0,2.0,2.0,2.0,2.0,2.0,4.0,3.0,3.0,3.0,204,gemini,2024,남성,4,
4.0,3.0,1.0,1.0,4.0,3.0,3.0,3.0,3.0,4.0,1.0,3.0,4.0,4.0,3.0,1.0,1.0,4.0,1.0,2.0,3.0,4.0,4.0,1.0,4.0,3.0,1.0,4.0,3.0,2.0,3.0,2.0,4.0,3.0,3.0,3.0,205,gemini,2024,남성,4,
3.0,2.0,2.0,2.0,4.0,3.0,2.0,,3.0,3.0,,3.0,3.0,3.0,2.0,2.0,1.0,3.0,2.0,2.0,2.0,3.0,4.0,1.0,3.0,2.0,2.0,3.0,2.0,2.0,2.0,,3.0,2.0,2.0,3.0,206,gemini,2024,남성,4,
3.0,2.0,1.0,1.0,3.0,3.0,2.0,1.0,2.0,3.0,1.0,4.0,3.0,3.0,3.0,1.0,1.0,4.0,1.0,2.0,2.0,4.0,3.0,1.0,4.0,2.0,1.0,2.0,2.0,2.0,2.0,2.0,4.0,3.0,2.0,4.0,207,gemini,2024,남성,4,
3.0,3.0,1.0,1.0,3.0,3.0,2.0,4.0,3.0,3.0,1.0,4.0,3.0,3.0,3.0,1.0,1.0,4.0,1.0,2.0,2.0,4.0,4.0,1.0,4.0,3.0,1.0,2.0,2.0,2.0,2.0,2.0,4.0,3.0,3.0,3.0,208,gemini,2024,남성,4,
4.0,4.0,1.0,1.0,4.0,3.0,2.0,1.0,3.0,3.0,1.0,4.0,4.0,3.0,3.0,1.0,1.0,4.0,2.0,2.0,2.0,4.0,4.0,1.0,4.0,3.0,1.0,2.0,3.0,2.0,2.0,2.0,4.0,3.0,4.0,3.0,209,gemini,2024,남성,4,
3.0,2.0,1.0,1.0,4.0,3.0,2.0,4.0,2.0,3.0,1.0,3.0,3.0,3.0,3.0,1.0,1.0,4.0,1.0,2.0,2.0,4.0,4.0,1.0,4.0,3.0,1.0,2.0,2.0,2.0,2.0,2.0,4.0,3.0,2.0,2.0,210,gemini,2024,남성,4,
2.0,2.0,2.0,2.0,3.0,2.0,1.0,,2.0,3.0,,2.0,2.0,2.0,2.0,2.0,1.0,3.0,2.0,2.0,2.0,3.0,3.0,1.0,3.0,2.0,2.0,2.0,1.0,2.0,2.0,,3.0,2.0,2.0,3.0,211,gemini,2024,남성,4,
3.0,3.0,1.0,1.0,4.0,3.0,2.0,4.0,3.0,3.0,1.0,3.0,3.0,3.0,3.0,1.0,1.0,4.0,1.0,2.0,2.0,4.0,4.0,1.0,4.0,3.0,2.0,3.0,2.0,2.0,2.0,2.0,4.0,3.0,3.0,3.0,212,gemini,2024,남성,4,
2.0,3.0,2.0,1.0,3.0,3.0,2.0,4.0,2.0,3.0,1.0,3.0,2.0,3.0,2.0,1.0,1.0,3.0,2.0,2.0,2.0,3.0,3.0,1.0,3.0,3.0,2.0,2.0,2.0,2.0,2.0,2.0,3.0,3.0,3.0,3.0,213,gemini,2024,남성,4,
3.0,3.0,1.0,1.0,4.0,3.0,2.0,4.0,3.0,3.0,1.0,3.0,3.0,3.0,3.0,1.0,1.0,4.0,1.0,2.0,2.0,4.0,3.0,1.0,4.0,3.0,1.0,2.0,2.0,2.0,2.0,2.0,4.0,3.0,3.0,3.0,214,gemini,2024,남성,4,
2.0,2.0,2.0,2.0,3.0,3.0,2.0,,2.0,3.0,,2.0,2.0,3.0,2.0,2.0,1.0,3.0,1.0,2.0,2.0,3.0,3.0,1.0,3.0,2.0,2.0,2.0,2.0,2.0,2.0,,3.0,2.0,2.0,3.0,215,gemini,2024,남성,4,
2.0,2.0,1.0,1.0,4.0,3.0,2.0,4.0,2.0,3.0,5.0,3.0,2.0,4.0,2.0,1.0,1.0,3.0,1.0,2.0,2.0,3.0,4.0,1.0,4.0,3.0,2.0,2.0,2.0,2.0,2.0,2.0,4.0,3.0,3.0,3.0,216,gemini,2024,남성,4,
3.0,3.0,1.0,1.0,3.0,3.0,2.0,1.0,3.0,3.0,1.0,4.0,4.0,3.0,3.0,1.0,1.0,4.0,1.0,2.0,2.0,4.0,3.0,1.0,4.0,3.0,1.0,2.0,2.0,2.0,2.0,2.0,4.0,3.0,3.0,4.0,217,gemini,2024,남성,4,
3.0,3.0,1.0,1.0,3.0,4.0,2.0,1.0,3.0,3.0,1.0,4.0,4.0,3.0,3.0,1.0,1.0,4.0,1.0,2.0,2.0,4.0,3.0,1.0,4.0,3.0,1.0,2.0,2.0,2.0,2.0,2.0,4.0,3.0,3.0,3.0,218,gemini,2024,남성,4,
2.0,4.0,1.0,1.0,4.0,4.0,4.0,1.0,3.0,4.0,1.0,3.0,3.0,4.0,3.0,1.0,1.0,4.0,1.0,2.0,4.0,4.0,4.0,1.0,4.0,4.0,1.0,4.0,2.0,3.0,3.0,2.0,4.0,3.0,4.0,4.0,219,gemini,2024,남성,4,
2.0,2.0,2.0,2.0,3.0,2.0,1.0,,2.0,2.0,,3.0,2.0,2.0,2.0,1.0,1.0,3.0,2.0,2.0,1.0,3.0,3.0,1.0,3.0,2.0,2.0,2.0,1.0,1.0,1.0,,3.0,2.0,2.0,3.0,220,gemini,2024,남성,4,
3.0,3.0,1.0,1.0,4.0,3.0,2.0,4.0,3.0,3.0,1.0,4.0,3.0,3.0,3.0,1.0,1.0,4.0,1.0,2.0,2.0,4.0,4.0,1.0,4.0,3.0,1.0,3.0,2.0,2.0,2.0,2.0,4.0,3.0,3.0,3.0,221,gemini,2024,남성,4,
2.0,3.0,1.0,1.0,3.0,3.0,2.0,1.0,2.0,3.0,1.0,4.0,3.0,3.0,3.0,1.0,1.0,4.0,1.0,2.0,2.0,4.0,3.0,1.0,4.0,3.0,1.0,2.0,2.0,2.0,2.0,2.0,4.0,3.0,3.0,3.0,222,gemini,2024,남성,4,
2.0,2.0,1.0,1.0,3.0,2.0,2.0,4.0,3.0,3.0,1.0,3.0,3.0,2.0,3.0,1.0,1.0,4.0,1.0,2.0,2.0,4.0,3.0,1.0,4.0,3.0,1.0,2.0,2.0,2.0,2.0,2.0,4.0,2.0,2.0,3.0,223,gemini,2024,남성,4,
3.0,4.0,1.0,1.0,3.0,4.0,2.0,1.0,3.0,3.0,1.0,4.0,4.0,3.0,3.0,1.0,1.0,4.0,2.0,2.0,2.0,4.0,3.0,1.0,4.0,3.0,2.0,2.0,2.0,2.0,2.0,2.0,4.0,3.0,4.0,3.0,224,gemini,2024,남성,4,
3.0,3.0,1.0,1.0,3.0,3.0,2.0,4.0,3.0,3.0,1.0,4.0,4.0,2.0,3.0,1.0,1.0,4.0,1.0,2.0,2.0,4.0,3.0,1.0,4.0,3.0,1.0,2.0,2.0,2.0,2.0,2.0,4.0,3.0,3.0,3.0,225,gemini,2024,남성,4,
2.0,3.0,1.0,1.0,4.0,3.0,2.0,4.0,2.0,3.0,1.0,3.0,3.0,3.0,3.0,1.0,1.0,4.0,1.0,2.0,2.0,4.0,4.0,1.0,4.0,2.0,1.0,3.0,2.0,2.0,2.0,2.0,4.0,3.0,2.0,3.0,226,gemini,2024,남성,4,
3.0,3.0,1.0,1.0,3.0,3.0,2.0,1.0,3.0,3.0,1.0,3.0,3.0,3.0,3.0,1.0,1.0,4.0,1.0,2.0,2.0,4.0,3.0,1.0,4.0,3.0,1.0,2.0,2.0,2.0,2.0,2.0,4.0,3.0,3.0,3.0,227,gemini,2024,남성,4,
2.0,2.0,1.0,1.0,3.0,3.0,2.0,4.0,2.0,3.0,1.0,4.0,2.0,3.0,3.0,1.0,1.0,4.0,1.0,2.0,2.0,4.0,3.0,1.0,4.0,3.0,1.0,2.0,2.0,2.0,2.0,2.0,4.0,3.0,3.0,3.0,228,gemini,2024,남성,4,
3.0,4.0,1.0,1.0,4.0,3.0,3.0,1.0,3.0,4.0,1.0,4.0,4.0,4.0,3.0,1.0,1.0,4.0,1.0,2.0,3.0,4.0,4.0,1.0,4.0,3.0,1.0,3.0,2.0,3.0,3.0,2.0,4.0,3.0,4.0,3.0,229,gemini,2024,남성,4,
2.0,3.0,1.0,2.0,3.0,3.0,2.0,,2.0,3.0,,3.0,3.0,2.0,2.0,1.0,1.0,3.0,1.0,2.0,2.0,3.0,3.0,1.0,3.0,3.0,1.0,2.0,2.0,2.0,2.0,,3.0,2.0,2.0,3.0,230,gemini,2024,남성,4,
2.0,2.0,2.0,2.0,3.0,3.0,2.0,,2.0,3.0,,3.0,2.0,3.0,2.0,1.0,1.0,3.0,2.0,2.0,2.0,3.0,3.0,1.0,3.0,3.0,2.0,2.0,2.0,2.0,2.0,,3.0,2.0,3.0,3.0,231,gemini,2024,남성,4,
2.0,2.0,1.0,1.0,3.0,3.0,2.0,4.0,2.0,3.0,1.0,3.0,2.0,3.0,3.0,1.0,1.0,4.0,1.0,2.0,2.0,4.0,3.0,1.0,3.0,2.0,1.0,3.0,2.0,2.0,2.0,2.0,3.0,3.0,2.0,3.0,232,gemini,2024,남성,4,
2.0,3.0,1.0,1.0,3.0,3.0,2.0,1.0,2.0,3.0,1.0,4.0,3.0,3.0,3.0,1.0,1.0,4.0,1.0,2.0,2.0,4.0,3.0,1.0,4.0,3.0,1.0,2.0,2.0,2.0,2.0,2.0,4.0,3.0,3.0,3.0,233,gemini,2024,남성,4,
2.0,2.0,2.0,2.0,4.0,3.0,2.0,,2.0,3.0,,3.0,2.0,4.0,2.0,1.0,1.0,3.0,1.0,2.0,2.0,3.0,4.0,1.0,3.0,3.0,2.0,3.0,2.0,2.0,2.0,,3.0,3.0,2.0,3.0,234,gemini,2024,남성,4,
3.0,3.0,1.0,1.0,3.0,4.0,2.0,1.0,3.0,3.0,1.0,4.0,4.0,3.0,4.0,1.0,1.0,4.0,2.0,2.0,2.0,4.0,3.0,1.0,4.0,3.0,2.0,2.0,2.0,2.0,2.0,1.0,4.0,2.0,4.0,3.0,235,gemini,2024,남성,5,
1.0,2.0,1.0,2.0,3.0,2.0,1.0,,1.0,2.0,,2.0,1.0,2.0,2.0,1.0,1.0,2.0,2.0,2.0,1.0,2.0,3.0,1.0,3.0,2.0,1.0,2.0,1.0,2.0,1.0,,3.0,2.0,2.0,3.0,236,gemini,2024,남성,5,
2.0,2.0,1.0,1.0,3.0,3.0,2.0,4.0,2.0,2.0,1.0,3.0,2.0,2.0,3.0,1.0,1.0,3.0,2.0,2.0,2.0,3.0,3.0,1.0,3.0,2.0,2.0,2.0,2.0,2.0,2.0,2.0,3.0,2.0,2.0,3.0,237,gemini,2024,남성,5,
1.0,2.0,2.0,2.0,3.0,3.0,2.0,,1.0,3.0,,2.0,2.0,2.0,2.0,2.0,1.0,2.0,2.0,2.0,2.0,2.0,2.0,1.0,3.0,3.0,2.0,2.0,1.0,2.0,1.0,,3.0,2.0,2.0,3.0,238,gemini,2024,남성,5,
2.0,3.0,2.0,2.0,3.0,3.0,2.0,,2.0,2.0,,3.0,2.0,2.0,2.0,1.0,1.0,3.0,1.0,2.0,2.0,3.0,3.0,1.0,3.0,3.0,1.0,2.0,2.0,2.0,2.0,,3.0,2.0,2.0,3.0,239,gemini,2024,남성,5,
3.0,2.0,2.0,2.0,3.0,3.0,2.0,,3.0,3.0,,3.0,3.0,3.0,2.0,2.0,1.0,2.0,2.0,2.0,2.0,2.0,3.0,1.0,3.0,2.0,2.0,2.0,2.0,2.0,2.0,,3.0,2.0,2.0,2.0,240,gemini,2024,남성,5,
4.0,3.0,1.0,1.0,4.0,3.0,2.0,4.0,3.0,3.0,1.0,3.0,4.0,3.0,3.0,1.0,1.0,4.0,1.0,2.0,2.0,4.0,4.0,1.0,4.0,3.0,1.0,2.0,2.0,2.0,2.0,2.0,4.0,3.0,3.0,3.0,241,gemini,2024,남성,5,
3.0,3.0,1.0,1.0,4.0,3.0,2.0,4.0,3.0,4.0,1.0,4.0,3.0,4.0,3.0,1.0,1.0,4.0,1.0,2.0,2.0,4.0,4.0,1.0,4.0,4.0,2.0,3.0,2.0,3.0,2.0,2.0,4.0,3.0,3.0,3.0,242,gemini,2024,남성,5,
3.0,4.0,1.0,1.0,3.0,4.0,2.0,1.0,3.0,3.0,1.0,4.0,4.0,3.0,3.0,1.0,1.0,4.0,2.0,2.0,2.0,4.0,3.0,1.0,4.0,3.0,2.0,3.0,2.0,2.0,2.0,2.0,4.0,3.0,3.0,3.0,243,gemini,2024,남성,5,
1.0,3.0,2.0,2.0,3.0,2.0,2.0,,1.0,2.0,,2.0,2.0,2.0,1.0,1.0,1.0,2.0,2.0,2.0,2.0,2.0,3.0,1.0,3.0,3.0,1.0,2.0,1.0,2.0,2.0,,3.0,2.0,3.0,3.0,244,gemini,2024,남성,5,
3.0,4.0,1.0,1.0,3.0,3.0,2.0,1.0,3.0,3.0,1.0,4.0,3.0,3.0,3.0,1.0,1.0,4.0,2.0,2.0,2.0,4.0,3.0,1.0,4.0,3.0,1.0,2.0,2.0,2.0,2.0,2.0,4.0,3.0,3.0,3.0,245,gemini,2024,남성,5,
3.0,4.0,1.0,1.0,3.0,4.0,2.0,1.0,3.0,3.0,1.0,4.0,4.0,3.0,3.0,1.0,1.0,4.0,2.0,2.0,2.0,4.0,3.0,1.0,4.0,3.0,2.0,2.0,2.0,2.0,2.0,2.0,4.0,3.0,3.0,3.0,246,gemini,2024,남성,5,
1.0,2.0,2.0,2.0,3.0,1.0,1.0,,1.0,2.0,,2.0,1.0,2.0,2.0,2.0,1.0,2.0,2.0,2.0,1.0,2.0,3.0,1.0,3.0,2.0,2.0,2.0,1.0,2.0,2.0,,3.0,2.0,2.0,2.0,247,gemini,2024,남성,5,
4.0,3.0,1.0,1.0,4.0,4.0,2.0,1.0,3.0,3.0,1.0,4.0,4.0,3.0,4.0,1.0,1.0,4.0,1.0,2.0,2.0,4.0,4.0,1.0,4.0,4.0,2.0,3.0,3.0,3.0,2.0,1.0,4.0,3.0,4.0,3.0,248,gemini,2024,남성,5,
3.0,3.0,1.0,1.0,3.0,3.0,1.0,1.0,2.0,3.0,1.0,4.0,4.0,2.0,3.0,1.0,1.0,4.0,2.0,2.0,2.0,4.0,3.0,1.0,4.0,3.0,2.0,2.0,2.0,2.0,1.0,2.0,4.0,2.0,3.0,3.0,249,gemini,2024,남성,5,
2.0,2.0,2.0,2.0,2.0,2.0,1.0,,2.0,2.0,,2.0,2.0,2.0,2.0,2.0,1.0,2.0,2.0,2.0,1.0,2.0,2.0,1.0,3.0,2.0,2.0,2.0,2.0,2.0,1.0,,3.0,2.0,2.0,3.0,250,gemini,2024,남성,5,
2.0,2.0,2.0,2.0,3.0,3.0,2.0,,2.0,3.0,,3.0,2.0,3.0,2.0,1.0,1.0,3.0,1.0,2.0,2.0,3.0,3.0,1.0,3.0,2.0,2.0,2.0,2.0,2.0,2.0,,3.0,2.0,2.0,3.0,251,gemini,2024,남성,5,
3.0,3.0,1.0,1.0,4.0,4.0,2.0,1.0,3.0,3.0,1.0,4.0,3.0,3.0,3.0,1.0,1.0,4.0,1.0,2.0,2.0,4.0,4.0,1.0,4.0,4.0,1.0,2.0,2.0,2.0,2.0,2.0,4.0,3.0,4.0,4.0,252,gemini,2024,남성,5,
3.0,3.0,1.0,1.0,4.0,3.0,2.0,1.0,3.0,3.0,1.0,4.0,4.0,3.0,3.0,1.0,1.0,4.0,1.0,2.0,2.0,4.0,4.0,1.0,4.0,3.0,1.0,2.0,2.0,2.0,2.0,2.0,4.0,3.0,3.0,3.0,253,gemini,2024,남성,5,
3.0,3.0,1.0,1.0,4.0,3.0,2.0,4.0,3.0,3.0,1.0,4.0,4.0,3.0,3.0,1.0,1.0,4.0,1.0,2.0,2.0,4.0,3.0,1.0,4.0,2.0,1.0,2.0,2.0,2.0,2.0,2.0,4.0,3.0,3.0,3.0,254,gemini,2024,남성,5,
3.0,3.0,1.0,1.0,4.0,3.0,2.0,4.0,3.0,3.0,1.0,3.0,4.0,3.0,3.0,1.0,1.0,4.0,1.0,2.0,2.0,4.0,3.0,1.0,4.0,3.0,1.0,3.0,2.0,2.0,2.0,2.0,4.0,3.0,2.0,3.0,255,gemini,2024,남성,5,
2.0,3.0,2.0,2.0,3.0,2.0,2.0,,3.0,2.0,,2.0,2.0,3.0,2.0,2.0,1.0,2.0,2.0,2.0,2.0,2.0,3.0,1.0,3.0,3.0,2.0,3.0,2.0,2.0,2.0,,3.0,2.0,3.0,2.0,256,gemini,2024,남성,5,
4.0,3.0,1.0,1.0,4.0,4.0,3.0,1.0,4.0,4.0,1.0,4.0,4.0,4.0,4.0,1.0,1.0,4.0,1.0,2.0,3.0,4.0,4.0,1.0,4.0,3.0,1.0,3.0,3.0,2.0,3.0,1.0,4.0,3.0,4.0,3.0,257,gemini,2024,남성,5,
4.0,4.0,1.0,1.0,4.0,4.0,2.0,1.0,3.0,4.0,1.0,4.0,4.0,3.0,4.0,1.0,1.0,5.0,1.0,2.0,2.0,5.0,4.0,1.0,5.0,3.0,1.0,3.0,2.0,2.0,3.0,1.0,5.0,3.0,4.0,4.0,258,gemini,2024,남성,5,
4.0,3.0,1.0,1.0,4.0,3.0,2.0,1.0,3.0,3.0,1.0,3.0,4.0,3.0,3.0,1.0,1.0,4.0,1.0,2.0,2.0,4.0,4.0,1.0,4.0,3.0,2.0,2.0,2.0,2.0,2.0,2.0,4.0,3.0,3.0,3.0,259,gemini,2024,남성,5,
4.0,4.0,1.0,1.0,4.0,4.0,3.0,1.0,4.0,4.0,1.0,4.0,4.0,4.0,3.0,1.0,1.0,4.0,1.0,2.0,3.0,4.0,4.0,1.0,4.0,3.0,2.0,3.0,3.0,3.0,3.0,2.0,4.0,3.0,4.0,3.0,260,gemini,2024,남성,5,
2.0,2.0,2.0,2.0,4.0,3.0,2.0,,2.0,3.0,,3.0,2.0,3.0,2.0,2.0,1.0,3.0,1.0,2.0,2.0,3.0,4.0,1.0,3.0,3.0,2.0,2.0,1.0,2.0,2.0,,3.0,3.0,3.0,3.0,261,gemini,2024,남성,5,
4.0,3.0,1.0,1.0,3.0,4.0,2.0,1.0,3.0,3.0,1.0,4.0,4.0,2.0,4.0,1.0,1.0,4.0,1.0,2.0,2.0,4.0,3.0,1.0,4.0,3.0,2.0,2.0,2.0,2.0,2.0,1.0,4.0,3.0,4.0,3.0,262,gemini,2024,남성,5,
3.0,2.0,1.0,1.0,4.0,3.0,2.0,4.0,3.0,3.0,1.0,4.0,3.0,3.0,3.0,1.0,1.0,4.0,1.0,2.0,2.0,4.0,4.0,1.0,4.0,3.0,1.0,3.0,2.0,2.0,2.0,2.0,4.0,3.0,2.0,4.0,263,gemini,2024,남성,5,
3.0,4.0,1.0,1.0,4.0,4.0,2.0,1.0,3.0,4.0,1.0,4.0,4.0,4.0,4.0,1.0,1.0,4.0,1.0,2.0,2.0,4.0,4.0,1.0,4.0,4.0,1.0,3.0,3.0,3.0,3.0,1.0,4.0,3.0,4.0,4.0,264,gemini,2024,남성,5,
2.0,2.0,2.0,2.0,3.0,2.0,2.0,,2.0,2.0,,3.0,2.0,2.0,2.0,2.0,1.0,3.0,2.0,2.0,2.0,3.0,3.0,1.0,3.0,2.0,2.0,2.0,2.0,2.0,2.0,,3.0,2.0,2.0,3.0,265,gemini,2024,남성,5,
3.0,2.0,1.0,1.0,3.0,2.0,2.0,3.0,3.0,3.0,1.0,3.0,3.0,3.0,3.0,1.0,1.0,3.0,1.0,2.0,2.0,3.0,3.0,1.0,3.0,3.0,1.0,2.0,2.0,2.0,2.0,2.0,3.0,2.0,2.0,3.0,266,gemini,2024,남성,5,
4.0,3.0,1.0,1.0,3.0,3.0,2.0,4.0,4.0,3.0,1.0,4.0,4.0,3.0,3.0,1.0,1.0,4.0,1.0,2.0,2.0,4.0,3.0,1.0,4.0,2.0,2.0,3.0,3.0,2.0,2.0,2.0,4.0,3.0,3.0,3.0,267,gemini,2024,남성,5,
3.0,2.0,1.0,1.0,3.0,3.0,2.0,4.0,3.0,3.0,1.0,3.0,3.0,3.0,3.0,1.0,1.0,4.0,2.0,2.0,2.0,4.0,3.0,1.0,4.0,2.0,2.0,3.0,2.0,2.0,2.0,2.0,3.0,2.0,2.0,3.0,268,gemini,2024,남성,5,
2.0,2.0,1.0,1.0,3.0,3.0,2.0,4.0,2.0,3.0,1.0,3.0,2.0,2.0,3.0,1.0,1.0,3.0,2.0,2.0,2.0,2.0,3.0,1.0,3.0,2.0,2.0,2.0,1.0,2.0,2.0,2.0,3.0,3.0,3.0,4.0,269,gemini,2024,남성,5,
2.0,3.0,1.0,1.0,4.0,3.0,3.0,4.0,2.0,3.0,1.0,3.0,2.0,4.0,3.0,1.0,1.0,3.0,1.0,2.0,3.0,3.0,4.0,1.0,4.0,3.0,1.0,3.0,2.0,3.0,2.0,2.0,3.0,3.0,3.0,3.0,270,gemini,2024,남성,5,
4.0,3.0,1.0,1.0,4.0,4.0,2.0,1.0,4.0,4.0,1.0,4.0,4.0,3.0,3.0,1.0,1.0,4.0,2.0,2.0,2.0,4.0,4.0,1.0,4.0,3.0,1.0,3.0,2.0,2.0,2.0,2.0,4.0,3.0,3.0,3.0,271,gemini,2024,남성,5,
3.0,3.0,1.0,1.0,4.0,3.0,2.0,1.0,3.0,4.0,1.0,4.0,4.0,3.0,3.0,1.0,1.0,4.0,1.0,2.0,2.0,4.0,4.0,1.0,4.0,3.0,1.0,2.0,2.0,2.0,2.0,2.0,4.0,3.0,3.0,4.0,272,gemini,2024,남성,5,
3.0,3.0,1.0,1.0,4.0,4.0,3.0,1.0,3.0,4.0,1.0,4.0,4.0,4.0,3.0,1.0,1.0,4.0,1.0,2.0,3.0,4.0,4.0,1.0,4.0,3.0,2.0,3.0,2.0,2.0,3.0,2.0,4.0,3.0,3.0,4.0,273,gemini,2024,남성,5,
1.0,2.0,2.0,1.0,3.0,3.0,1.0,1.0,1.0,2.0,1.0,3.0,2.0,2.0,3.0,2.0,1.0,3.0,2.0,2.0,1.0,3.0,3.0,1.0,3.0,2.0,2.0,1.0,1.0,2.0,1.0,2.0,3.0,2.0,2.0,3.0,274,gemini,2024,남성,5,
2.0,2.0,1.0,1.0,3.0,3.0,2.0,4.0,2.0,3.0,1.0,3.0,2.0,2.0,3.0,1.0,1.0,3.0,1.0,2.0,2.0,3.0,3.0,1.0,3.0,2.0,2.0,2.0,2.0,2.0,2.0,2.0,3.0,2.0,2.0,3.0,275,gemini,2024,남성,5,
2.0,3.0,2.0,2.0,3.0,2.0,2.0,,2.0,2.0,,2.0,2.0,2.0,2.0,2.0,1.0,3.0,2.0,2.0,2.0,2.0,3.0,1.0,3.0,3.0,2.0,2.0,1.0,2.0,2.0,,3.0,3.0,3.0,3.0,276,gemini,2024,남성,5,
2.0,2.0,2.0,2.0,4.0,3.0,1.0,,1.0,2.0,,3.0,2.0,3.0,2.0,2.0,1.0,3.0,2.0,2.0,1.0,3.0,3.0,1.0,3.0,2.0,2.0,1.0,1.0,2.0,1.0,,3.0,2.0,2.0,3.0,277,gemini,2024,남성,5,
4.0,3.0,1.0,1.0,4.0,3.0,2.0,4.0,4.0,4.0,1.0,4.0,4.0,4.0,3.0,1.0,1.0,4.0,1.0,2.0,2.0,4.0,4.0,1.0,4.0,3.0,2.0,3.0,3.0,2.0,2.0,2.0,4.0,3.0,3.0,3.0,278,gemini,2024,남성,5,
3.0,3.0,1.0,1.0,4.0,3.0,2.0,4.0,3.0,3.0,1.0,3.0,3.0,3.0,3.0,1.0,1.0,4.0,1.0,2.0,2.0,4.0,4.0,1.0,4.0,3.0,1.0,2.0,2.0,2.0,2.0,2.0,4.0,3.0,3.0,4.0,279,gemini,2024,남성,5,
2.0,3.0,2.0,2.0,3.0,3.0,1.0,,2.0,2.0,,3.0,2.0,2.0,2.0,1.0,1.0,3.0,2.0,2.0,1.0,3.0,2.0,1.0,3.0,3.0,2.0,1.0,2.0,2.0,1.0,,3.0,2.0,3.0,3.0,280,gemini,2024,남성,5,
2.0,2.0,2.0,2.0,2.0,2.0,1.0,,2.0,2.0,,3.0,2.0,1.0,2.0,1.0,1.0,3.0,2.0,2.0,1.0,3.0,2.0,1.0,3.0,2.0,2.0,2.0,1.0,1.0,1.0,,3.0,2.0,2.0,3.0,281,gemini,2024,남성,5,
2.0,3.0,2.0,2.0,3.0,3.0,2.0,,2.0,3.0,,3.0,2.0,3.0,2.0,1.0,1.0,3.0,2.0,2.0,2.0,3.0,3.0,1.0,4.0,3.0,2.0,2.0,2.0,2.0,2.0,,4.0,3.0,3.0,3.0,282,gemini,2024,남성,5,
2.0,3.0,1.0,1.0,4.0,3.0,2.0,4.0,3.0,3.0,1.0,3.0,3.0,3.0,3.0,1.0,1.0,3.0,1.0,2.0,2.0,3.0,4.0,1.0,4.0,3.0,1.0,3.0,2.0,2.0,2.0,2.0,3.0,2.0,3.0,3.0,283,gemini,2024,남성,5,
3.0,3.0,1.0,1.0,3.0,4.0,2.0,1.0,3.0,3.0,1.0,4.0,4.0,3.0,3.0,1.0,1.0,4.0,1.0,2.0,2.0,4.0,3.0,1.0,4.0,3.0,2.0,3.0,3.0,2.0,2.0,2.0,4.0,3.0,3.0,3.0,284,gemini,2024,남성,5,
2.0,3.0,1.0,1.0,3.0,3.0,2.0,1.0,2.0,3.0,1.0,4.0,2.0,3.0,3.0,1.0,1.0,4.0,1.0,2.0,2.0,4.0,3.0,1.0,4.0,3.0,1.0,2.0,2.0,2.0,2.0,2.0,4.0,3.0,3.0,3.0,285,gemini,2024,남성,5,
2.0,3.0,2.0,2.0,3.0,2.0,2.0,,2.0,2.0,,2.0,2.0,2.0,2.0,2.0,1.0,2.0,2.0,2.0,2.0,2.0,3.0,1.0,3.0,3.0,2.0,2.0,2.0,2.0,2.0,,3.0,2.0,3.0,3.0,286,gemini,2024,남성,5,
2.0,2.0,2.0,2.0,3.0,3.0,2.0,,2.0,2.0,,3.0,2.0,2.0,2.0,2.0,1.0,2.0,2.0,2.0,2.0,2.0,3.0,1.0,3.0,2.0,2.0,2.0,1.0,2.0,2.0,,3.0,2.0,2.0,3.0,287,gemini,2024,남성,5,
2.0,2.0,2.0,2.0,4.0,3.0,2.0,,2.0,3.0,,3.0,3.0,3.0,2.0,2.0,1.0,3.0,2.0,2.0,2.0,3.0,4.0,1.0,4.0,3.0,2.0,2.0,2.0,2.0,2.0,,4.0,3.0,3.0,4.0,288,gemini,2024,남성,5,
2.0,4.0,1.0,1.0,4.0,4.0,2.0,4.0,2.0,3.0,1.0,4.0,2.0,3.0,3.0,1.0,1.0,4.0,2.0,2.0,2.0,4.0,4.0,1.0,4.0,3.0,1.0,2.0,2.0,3.0,2.0,2.0,4.0,3.0,4.0,3.0,289,gemini,2024,남성,5,
3.0,3.0,1.0,1.0,4.0,3.0,2.0,1.0,3.0,4.0,1.0,4.0,4.0,4.0,3.0,1.0,1.0,4.0,1.0,2.0,2.0,4.0,4.0,1.0,4.0,3.0,1.0,2.0,2.0,2.0,2.0,2.0,4.0,3.0,3.0,3.0,290,gemini,2024,남성,5,
3.0,3.0,1.0,1.0,3.0,3.0,2.0,4.0,3.0,3.0,1.0,3.0,4.0,3.0,3.0,1.0,1.0,3.0,2.0,2.0,2.0,3.0,3.0,1.0,3.0,3.0,2.0,2.0,2.0,2.0,2.0,2.0,3.0,2.0,3.0,3.0,291,gemini,2024,남성,5,
2.0,2.0,2.0,2.0,3.0,2.0,2.0,,2.0,2.0,,3.0,2.0,2.0,2.0,1.0,1.0,3.0,2.0,2.0,2.0,3.0,3.0,1.0,3.0,2.0,1.0,2.0,2.0,2.0,2.0,,3.0,2.0,2.0,2.0,292,gemini,2024,남성,5,
2.0,3.0,1.0,2.0,4.0,3.0,2.0,,2.0,3.0,,3.0,2.0,3.0,2.0,1.0,1.0,3.0,1.0,2.0,2.0,3.0,4.0,1.0,4.0,2.0,1.0,2.0,2.0,2.0,2.0,,4.0,3.0,3.0,4.0,293,gemini,2024,남성,5,
2.0,2.0,2.0,2.0,3.0,3.0,2.0,,2.0,3.0,,3.0,2.0,2.0,2.0,2.0,1.0,3.0,2.0,2.0,2.0,3.0,3.0,1.0,3.0,3.0,2.0,2.0,2.0,2.0,2.0,,3.0,3.0,2.0,2.0,294,gemini,2024,남성,5,
2.0,3.0,2.0,1.0,3.0,2.0,2.0,4.0,2.0,3.0,1.0,3.0,2.0,2.0,2.0,1.0,1.0,3.0,2.0,2.0,2.0,3.0,3.0,1.0,3.0,2.0,2.0,2.0,1.0,2.0,2.0,2.0,3.0,2.0,3.0,3.0,295,gemini,2024,남성,5,
2.0,3.0,1.0,2.0,4.0,3.0,2.0,,2.0,3.0,,3.0,2.0,3.0,2.0,1.0,1.0,3.0,1.0,2.0,2.0,3.0,4.0,1.0,4.0,3.0,1.0,3.0,2.0,2.0,2.0,,4.0,3.0,3.0,4.0,296,gemini,2024,남성,5,
4.0,3.0,1.0,1.0,4.0,3.0,2.0,1.0,3.0,3.0,1.0,4.0,4.0,3.0,3.0,1.0,1.0,4.0,1.0,2.0,2.0,4.0,4.0,1.0,4.0,3.0,2.0,3.0,2.0,2.0,2.0,2.0,4.0,3.0,3.0,3.0,297,gemini,2024,남성,5,
2.0,2.0,1.0,1.0,3.0,3.0,2.0,4.0,2.0,3.0,1.0,3.0,2.0,3.0,2.0,1.0,1.0,3.0,1.0,2.0,2.0,3.0,3.0,1.0,3.0,3.0,1.0,2.0,2.0,2.0,2.0,2.0,3.0,2.0,3.0,3.0,298,gemini,2024,남성,5,
2.0,3.0,1.0,1.0,3.0,3.0,2.0,4.0,2.0,3.0,1.0,3.0,2.0,3.0,2.0,1.0,1.0,2.0,1.0,2.0,2.0,2.0,3.0,1.0,3.0,2.0,1.0,2.0,1.0,2.0,2.0,2.0,3.0,2.0,2.0,3.0,299,gemini,2024,남성,5,
3.0,3.0,1.0,1.0,4.0,3.0,2.0,1.0,3.0,3.0,1.0,4.0,4.0,4.0,4.0,1.0,1.0,4.0,1.0,2.0,2.0,4.0,4.0,1.0,4.0,3.0,1.0,2.0,2.0,2.0,2.0,2.0,4.0,3.0,3.0,3.0,300,gemini,2024,남성,5,
2.0,3.0,2.0,2.0,3.0,3.0,2.0,,2.0,3.0,,3.0,2.0,3.0,2.0,2.0,1.0,3.0,2.0,2.0,2.0,3.0,3.0,1.0,3.0,3.0,2.0,2.0,2.0,2.0,2.0,,3.0,2.0,3.0,3.0,301,gemini,2024,남성,5,
2.0,2.0,2.0,2.0,3.0,3.0,1.0,,1.0,2.0,,3.0,2.0,2.0,2.0,1.0,1.0,2.0,2.0,2.0,1.0,2.0,3.0,1.0,3.0,2.0,2.0,2.0,1.0,2.0,1.0,,3.0,2.0,2.0,3.0,302,gemini,2024,남성,5,
3.0,3.0,1.0,1.0,4.0,3.0,2.0,1.0,3.0,3.0,1.0,4.0,3.0,3.0,3.0,1.0,1.0,4.0,2.0,2.0,2.0,4.0,4.0,1.0,4.0,3.0,1.0,2.0,2.0,2.0,2.0,2.0,4.0,2.0,3.0,3.0,303,gemini,2024,남성,5,
3.0,3.0,1.0,1.0,4.0,2.0,2.0,4.0,3.0,3.0,1.0,3.0,3.0,4.0,3.0,1.0,1.0,3.0,1.0,2.0,2.0,3.0,4.0,1.0,4.0,3.0,1.0,2.0,2.0,2.0,2.0,2.0,4.0,3.0,3.0,3.0,304,gemini,2024,남성,5,
2.0,3.0,1.0,1.0,4.0,3.0,2.0,1.0,3.0,3.0,1.0,4.0,3.0,3.0,3.0,1.0,1.0,4.0,1.0,2.0,2.0,4.0,3.0,1.0,4.0,3.0,1.0,2.0,2.0,2.0,2.0,2.0,4.0,3.0,2.0,3.0,305,gemini,2024,남성,5,
3.0,2.0,1.0,1.0,4.0,2.0,2.0,4.0,3.0,3.0,1.0,3.0,3.0,3.0,3.0,1.0,1.0,4.0,1.0,2.0,2.0,4.0,4.0,1.0,3.0,2.0,1.0,3.0,2.0,2.0,2.0,2.0,3.0,2.0,2.0,3.0,306,gemini,2024,남성,5,
3.0,3.0,1.0,1.0,3.0,3.0,2.0,4.0,3.0,3.0,1.0,3.0,3.0,2.0,3.0,1.0,1.0,3.0,1.0,2.0,2.0,3.0,3.0,1.0,4.0,3.0,1.0,2.0,2.0,2.0,2.0,2.0,4.0,2.0,3.0,3.0,307,gemini,2024,남성,5,
3.0,3.0,1.0,1.0,4.0,3.0,2.0,4.0,3.0,4.0,1.0,4.0,4.0,4.0,3.0,1.0,1.0,4.0,1.0,2.0,2.0,4.0,4.0,1.0,4.0,3.0,1.0,2.0,2.0,2.0,2.0,2.0,4.0,3.0,3.0,3.0,308,gemini,2024,남성,5,
3.0,3.0,1.0,1.0,3.0,3.0,2.0,1.0,3.0,3.0,1.0,3.0,4.0,2.0,3.0,1.0,1.0,3.0,2.0,2.0,2.0,3.0,3.0,1.0,4.0,3.0,2.0,2.0,2.0,2.0,2.0,2.0,4.0,2.0,3.0,2.0,309,gemini,2024,남성,5,
3.0,3.0,1.0,1.0,4.0,3.0,3.0,3.0,4.0,4.0,1.0,3.0,4.0,4.0,3.0,1.0,1.0,3.0,1.0,2.0,4.0,3.0,4.0,1.0,4.0,3.0,1.0,4.0,3.0,3.0,3.0,2.0,4.0,3.0,3.0,3.0,310,gemini,2024,남성,5,
2.0,3.0,2.0,2.0,3.0,2.0,2.0,,2.0,3.0,,3.0,2.0,3.0,2.0,2.0,1.0,3.0,2.0,2.0,2.0,3.0,3.0,1.0,3.0,3.0,2.0,2.0,2.0,2.0,2.0,,3.0,3.0,3.0,3.0,311,gemini,2024,남성,5,
1.0,2.0,1.0,1.0,3.0,2.0,2.0,4.0,1.0,2.0,1.0,3.0,2.0,2.0,2.0,1.0,1.0,3.0,1.0,2.0,2.0,3.0,3.0,1.0,3.0,2.0,1.0,2.0,1.0,2.0,1.0,2.0,3.0,2.0,2.0,3.0,312,gemini,2024,남성,5,
2.0,3.0,1.0,1.0,4.0,4.0,2.0,1.0,3.0,3.0,1.0,4.0,3.0,3.0,3.0,1.0,1.0,4.0,1.0,2.0,2.0,4.0,3.0,1.0,4.0,2.0,1.0,2.0,2.0,2.0,2.0,2.0,4.0,3.0,3.0,3.0,313,gemini,2024,남성,5,
2.0,3.0,1.0,1.0,3.0,3.0,1.0,4.0,2.0,2.0,1.0,3.0,2.0,2.0,3.0,1.0,1.0,3.0,2.0,2.0,2.0,3.0,3.0,1.0,3.0,3.0,1.0,2.0,2.0,2.0,1.0,2.0,3.0,2.0,3.0,3.0,314,gemini,2024,남성,5,
2.0,2.0,2.0,2.0,4.0,2.0,2.0,,2.0,3.0,,3.0,2.0,3.0,2.0,2.0,1.0,3.0,2.0,2.0,2.0,3.0,4.0,1.0,3.0,2.0,2.0,2.0,2.0,2.0,2.0,,3.0,2.0,2.0,3.0,315,gemini,2024,남성,5,
2.0,4.0,2.0,2.0,4.0,3.0,2.0,,2.0,3.0,,3.0,2.0,3.0,2.0,1.0,1.0,3.0,2.0,2.0,2.0,3.0,4.0,1.0,4.0,3.0,2.0,2.0,2.0,2.0,2.0,,4.0,2.0,3.0,2.0,316,gemini,2024,남성,5,
2.0,3.0,1.0,2.0,3.0,3.0,2.0,,2.0,3.0,,3.0,2.0,3.0,2.0,1.0,1.0,3.0,2.0,2.0,2.0,3.0,3.0,1.0,3.0,3.0,1.0,2.0,2.0,2.0,2.0,,3.0,2.0,3.0,3.0,317,gemini,2024,남성,5,
3.0,4.0,1.0,1.0,4.0,4.0,2.0,1.0,3.0,3.0,1.0,4.0,4.0,3.0,3.0,1.0,1.0,4.0,1.0,2.0,2.0,4.0,4.0,1.0,4.0,4.0,1.0,2.0,2.0,2.0,2.0,2.0,4.0,3.0,4.0,3.0,318,gemini,2024,남성,5,
2.0,2.0,2.0,2.0,3.0,3.0,2.0,,2.0,2.0,,3.0,2.0,2.0,2.0,2.0,1.0,2.0,2.0,2.0,2.0,2.0,2.0,1.0,3.0,2.0,2.0,2.0,1.0,2.0,1.0,,3.0,2.0,2.0,3.0,319,gemini,2024,남성,6,
3.0,4.0,1.0,1.0,4.0,3.0,2.0,4.0,3.0,3.0,1.0,4.0,4.0,3.0,3.0,1.0,1.0,4.0,1.0,2.0,2.0,4.0,4.0,1.0,4.0,3.0,2.0,2.0,2.0,2.0,2.0,2.0,4.0,3.0,4.0,3.0,320,gemini,2024,남성,6,
1.0,2.0,2.0,2.0,3.0,2.0,1.0,,1.0,2.0,,3.0,2.0,2.0,2.0,2.0,1.0,2.0,2.0,2.0,1.0,2.0,3.0,1.0,3.0,2.0,2.0,2.0,1.0,2.0,1.0,,3.0,2.0,2.0,3.0,321,gemini,2024,남성,6,
1.0,2.0,2.0,2.0,3.0,2.0,1.0,,1.0,2.0,,2.0,1.0,2.0,2.0,2.0,1.0,2.0,2.0,2.0,1.0,2.0,2.0,1.0,2.0,2.0,2.0,2.0,1.0,2.0,2.0,,3.0,2.0,2.0,2.0,322,gemini,2024,남성,6,
2.0,3.0,2.0,2.0,3.0,2.0,1.0,,2.0,2.0,,3.0,2.0,3.0,2.0,2.0,1.0,2.0,2.0,2.0,1.0,2.0,3.0,1.0,3.0,3.0,2.0,2.0,1.0,2.0,1.0,,3.0,2.0,3.0,3.0,323,gemini,2024,남성,6,
1.0,2.0,2.0,2.0,3.0,3.0,2.0,,2.0,2.0,,3.0,2.0,2.0,2.0,1.0,1.0,2.0,2.0,2.0,2.0,2.0,3.0,1.0,3.0,2.0,2.0,2.0,1.0,2.0,1.0,,3.0,2.0,3.0,4.0,324,gemini,2024,남성,6,
2.0,2.0,2.0,2.0,4.0,3.0,3.0,,2.0,4.0,,3.0,2.0,4.0,2.0,1.0,1.0,3.0,2.0,2.0,3.0,3.0,4.0,1.0,3.0,3.0,2.0,3.0,2.0,2.0,2.0,,3.0,2.0,2.0,3.0,325,gemini,2024,남성,6,
3.0,3.0,1.0,1.0,4.0,4.0,2.0,1.0,2.0,3.0,1.0,4.0,4.0,3.0,3.0,1.0,1.0,3.0,1.0,2.0,2.0,4.0,4.0,1.0,4.0,3.0,1.0,2.0,2.0,2.0,2.0,2.0,4.0,3.0,3.0,4.0,326,gemini,2024,남성,6,
2.0,2.0,2.0,2.0,3.0,2.0,2.0,,2.0,2.0,,2.0,2.0,2.0,2.0,2.0,1.0,2.0,2.0,2.0,2.0,2.0,3.0,1.0,3.0,3.0,2.0,2.0,2.0,2.0,2.0,,3.0,2.0,2.0,2.0,327,gemini,2024,남성,6,
2.0,3.0,1.0,1.0,3.0,3.0,2.0,4.0,2.0,3.0,1.0,4.0,3.0,2.0,3.0,1.0,1.0,3.0,1.0,2.0,2.0,3.0,3.0,1.0,4.0,3.0,2.0,2.0,2.0,2.0,2.0,2.0,3.0,2.0,3.0,4.0,328,gemini,2024,남성,6,
1.0,2.0,2.0,2.0,3.0,2.0,1.0,,1.0,2.0,,3.0,2.0,2.0,2.0,2.0,1.0,2.0,2.0,2.0,1.0,2.0,3.0,1.0,3.0,2.0,2.0,1.0,1.0,2.0,1.0,,3.0,2.0,2.0,3.0,329,gemini,2024,남성,6,
3.0,2.0,2.0,2.0,4.0,3.0,2.0,,2.0,3.0,,3.0,2.0,4.0,2.0,2.0,1.0,3.0,2.0,2.0,2.0,3.0,4.0,1.0,3.0,3.0,2.0,2.0,2.0,2.0,2.0,,3.0,3.0,2.0,3.0,330,gemini,2024,남성,6,
2.0,3.0,2.0,2.0,4.0,2.0,2.0,,2.0,3.0,,3.0,2.0,4.0,2.0,2.0,1.0,3.0,2.0,2.0,2.0,3.0,4.0,1.0,4.0,3.0,2.0,2.0,2.0,2.0,2.0,,4.0,3.0,3.0,3.0,331,gemini,2024,남성,6,
1.0,2.0,2.0,2.0,3.0,2.0,1.0,,1.0,2.0,,2.0,1.0,2.0,2.0,1.0,1.0,2.0,2.0,2.0,1.0,2.0,3.0,1.0,2.0,2.0,2.0,1.0,1.0,1.0,1.0,,2.0,2.0,2.0,2.0,332,gemini,2024,남성,6,
3.0,4.0,1.0,1.0,3.0,3.0,2.0,1.0,2.0,3.0,1.0,3.0,3.0,3.0,3.0,1.0,1.0,3.0,1.0,2.0,2.0,3.0,3.0,1.0,4.0,2.0,2.0,2.0,2.0,2.0,2.0,2.0,4.0,3.0,3.0,3.0,333,gemini,2024,남성,6,
2.0,2.0,1.0,2.0,3.0,3.0,2.0,,2.0,3.0,,3.0,2.0,2.0,2.0,1.0,1.0,2.0,2.0,2.0,2.0,2.0,3.0,1.0,3.0,3.0,2.0,4.0,2.0,2.0,2.0,,3.0,2.0,2.0,2.0,334,gemini,2024,남성,6,
4.0,4.0,1.0,1.0,4.0,4.0,3.0,1.0,4.0,4.0,1.0,5.0,4.0,4.0,4.0,1.0,1.0,5.0,1.0,2.0,3.0,5.0,4.0,1.0,5.0,3.0,1.0,3.0,3.0,2.0,3.0,1.0,5.0,3.0,4.0,4.0,335,gemini,2024,남성,6,
2.0,2.0,2.0,2.0,3.0,2.0,2.0,,2.0,2.0,,3.0,2.0,2.0,2.0,2.0,1.0,2.0,2.0,2.0,2.0,2.0,3.0,1.0,3.0,2.0,2.0,2.0,2.0,2.0,2.0,,3.0,2.0,2.0,3.0,336,gemini,2024,남성,6,
2.0,2.0,2.0,2.0,3.0,3.0,2.0,,2.0,2.0,,3.0,2.0,2.0,1.0,1.0,1.0,2.0,2.0,2.0,2.0,2.0,3.0,1.0,3.0,2.0,2.0,2.0,2.0,2.0,2.0,,3.0,2.0,3.0,4.0,337,gemini,2024,남성,6,
1.0,2.0,2.0,2.0,3.0,2.0,1.0,,1.0,2.0,,2.0,1.0,2.0,2.0,2.0,1.0,2.0,2.0,2.0,1.0,2.0,3.0,1.0,3.0,2.0,2.0,1.0,1.0,1.0,1.0,,3.0,2.0,2.0,4.0,338,gemini,2024,남성,6,
2.0,2.0,2.0,2.0,4.0,2.0,2.0,,2.0,3.0,,3.0,3.0,3.0,2.0,1.0,1.0,3.0,2.0,2.0,2.0,3.0,3.0,1.0,3.0,2.0,2.0,3.0,2.0,2.0,2.0,,3.0,2.0,2.0,2.0,339,gemini,2024,남성,6,
1.0,2.0,2.0,2.0,3.0,2.0,1.0,,1.0,2.0,,2.0,2.0,2.0,2.0,2.0,1.0,2.0,2.0,2.0,2.0,2.0,3.0,1.0,2.0,2.0,2.0,2.0,1.0,2.0,1.0,,2.0,2.0,2.0,2.0,340,gemini,2024,남성,6,
2.0,2.0,2.0,2.0,3.0,3.0,2.0,,3.0,3.0,,3.0,3.0,3.0,2.0,2.0,1.0,2.0,2.0,2.0,2.0,2.0,3.0,1.0,3.0,3.0,2.0,3.0,2.0,2.0,2.0,,3.0,3.0,3.0,3.0,341,gemini,2024,남성,6,
3.0,2.0,1.0,2.0,3.0,2.0,2.0,,3.0,3.0,,3.0,3.0,2.0,2.0,1.0,1.0,3.0,2.0,2.0,2.0,3.0,3.0,1.0,3.0,3.0,1.0,2.0,2.0,2.0,2.0,,3.0,3.0,2.0,3.0,342,gemini,2024,남성,6,
3.0,3.0,2.0,2.0,4.0,3.0,2.0,,3.0,3.0,,3.0,4.0,3.0,2.0,2.0,1.0,3.0,2.0,2.0,2.0,3.0,4.0,1.0,4.0,3.0,2.0,2.0,2.0,2.0,2.0,,4.0,3.0,3.0,3.0,343,gemini,2024,남성,6,
3.0,3.0,2.0,2.0,3.0,3.0,2.0,,2.0,3.0,,3.0,3.0,3.0,2.0,2.0,1.0,3.0,1.0,2.0,2.0,3.0,3.0,1.0,4.0,3.0,2.0,2.0,2.0,2.0,2.0,,4.0,3.0,3.0,3.0,344,gemini,2024,남성,6,
2.0,2.0,2.0,2.0,3.0,3.0,1.0,,2.0,2.0,,3.0,2.0,2.0,2.0,1.0,1.0,2.0,2.0,2.0,2.0,2.0,3.0,1.0,3.0,2.0,2.0,2.0,1.0,2.0,2.0,,3.0,2.0,3.0,3.0,345,gemini,2024,남성,6,
2.0,2.0,2.0,2.0,3.0,3.0,2.0,,1.0,3.0,,3.0,2.0,3.0,2.0,2.0,1.0,2.0,2.0,2.0,2.0,2.0,3.0,1.0,3.0,3.0,2.0,2.0,1.0,2.0,2.0,,3.0,2.0,2.0,4.0,346,gemini,2024,남성,6,
2.0,2.0,1.0,2.0,3.0,3.0,2.0,,2.0,3.0,,3.0,2.0,3.0,2.0,1.0,1.0,3.0,1.0,2.0,2.0,3.0,3.0,1.0,3.0,3.0,2.0,3.0,2.0,2.0,2.0,,3.0,3.0,2.0,3.0,347,gemini,2024,남성,6,
2.0,2.0,2.0,2.0,2.0,2.0,1.0,,1.0,2.0,,2.0,2.0,2.0,2.0,2.0,1.0,2.0,2.0,2.0,2.0,2.0,2.0,1.0,2.0,2.0,2.0,1.0,1.0,1.0,1.0,,2.0,2.0,2.0,3.0,348,gemini,2024,남성,6,
1.0,1.0,2.0,2.0,3.0,2.0,1.0,,1.0,2.0,,2.0,1.0,2.0,2.0,2.0,1.0,2.0,2.0,2.0,1.0,2.0,3.0,1.0,2.0,2.0,2.0,2.0,1.0,1.0,1.0,,2.0,2.0,2.0,2.0,349,gemini,2024,남성,6,
3.0,3.0,1.0,1.0,3.0,3.0,2.0,1.0,3.0,3.0,1.0,4.0,4.0,2.0,3.0,1.0,1.0,3.0,2.0,2.0,2.0,3.0,3.0,1.0,4.0,3.0,2.0,2.0,2.0,2.0,2.0,2.0,4.0,2.0,3.0,3.0,350,gemini,2024,남성,6,
2.0,3.0,2.0,2.0,3.0,2.0,2.0,,1.0,2.0,,2.0,2.0,2.0,2.0,2.0,1.0,2.0,2.0,2.0,2.0,2.0,3.0,1.0,3.0,3.0,2.0,2.0,1.0,2.0,2.0,,3.0,2.0,3.0,3.0,351,gemini,2024,남성,6,
2.0,2.0,2.0,2.0,3.0,2.0,2.0,,2.0,3.0,,3.0,2.0,3.0,2.0,1.0,1.0,2.0,2.0,2.0,2.0,2.0,3.0,1.0,3.0,2.0,1.0,2.0,1.0,2.0,2.0,,3.0,3.0,3.0,3.0,352,gemini,2024,남성,6,
2.0,2.0,2.0,2.0,3.0,3.0,1.0,,1.0,2.0,,3.0,2.0,2.0,2.0,2.0,1.0,2.0,2.0,2.0,2.0,2.0,2.0,1.0,3.0,2.0,2.0,2.0,1.0,2.0,1.0,,3.0,3.0,2.0,3.0,353,gemini,2024,남성,6,
2.0,2.0,2.0,2.0,3.0,3.0,2.0,,2.0,3.0,,2.0,2.0,2.0,2.0,2.0,1.0,2.0,2.0,2.0,2.0,2.0,3.0,1.0,3.0,2.0,2.0,2.0,2.0,2.0,2.0,,3.0,2.0,2.0,3.0,354,gemini,2024,남성,6,
2.0,3.0,2.0,2.0,3.0,2.0,2.0,,2.0,2.0,,2.0,2.0,2.0,2.0,2.0,1.0,2.0,2.0,2.0,2.0,2.0,3.0,1.0,3.0,3.0,2.0,2.0,1.0,2.0,2.0,,3.0,2.0,3.0,4.0,355,gemini,2024,남성,6,
1.0,2.0,2.0,2.0,3.0,2.0,2.0,,1.0,2.0,,3.0,2.0,2.0,2.0,2.0,1.0,2.0,2.0,2.0,2.0,2.0,3.0,1.0,3.0,3.0,2.0,2.0,1.0,2.0,1.0,,3.0,2.0,2.0,3.0,356,gemini,2024,남성,6,
2.0,2.0,2.0,2.0,4.0,2.0,3.0,,3.0,4.0,,3.0,3.0,4.0,2.0,1.0,1.0,3.0,1.0,2.0,3.0,3.0,4.0,1.0,3.0,3.0,2.0,4.0,2.0,2.0,2.0,,3.0,2.0,3.0,3.0,357,gemini,2024,남성,6,
1.0,2.0,2.0,2.0,3.0,2.0,1.0,,1.0,2.0,,2.0,1.0,2.0,2.0,2.0,1.0,2.0,2.0,2.0,2.0,2.0,3.0,1.0,3.0,2.0,2.0,2.0,1.0,2.0,1.0,,3.0,2.0,2.0,3.0,358,gemini,2024,남성,6,
1.0,2.0,2.0,2.0,3.0,2.0,1.0,,1.0,2.0,,2.0,2.0,2.0,2.0,2.0,1.0,2.0,2.0,2.0,1.0,2.0,3.0,1.0,3.0,2.0,2.0,2.0,1.0,2.0,1.0,,3.0,2.0,2.0,2.0,359,gemini,2024,남성,6,
2.0,2.0,2.0,2.0,3.0,2.0,2.0,,2.0,2.0,,2.0,2.0,3.0,2.0,2.0,1.0,2.0,2.0,2.0,2.0,2.0,3.0,1.0,3.0,2.0,2.0,2.0,1.0,2.0,2.0,,3.0,2.0,2.0,3.0,360,gemini,2024,남성,6,
1.0,2.0,2.0,2.0,3.0,2.0,1.0,,1.0,2.0,,2.0,1.0,2.0,2.0,2.0,1.0,2.0,2.0,2.0,1.0,2.0,2.0,1.0,3.0,2.0,2.0,2.0,1.0,2.0,1.0,,3.0,3.0,2.0,3.0,361,gemini,2024,남성,6,
2.0,2.0,2.0,2.0,4.0,3.0,2.0,,2.0,3.0,,3.0,2.0,3.0,2.0,2.0,1.0,2.0,2.0,2.0,2.0,2.0,4.0,1.0,3.0,2.0,2.0,2.0,1.0,2.0,1.0,,3.0,3.0,2.0,3.0,362,gemini,2024,남성,6,
2.0,3.0,2.0,2.0,3.0,2.0,2.0,,2.0,3.0,,3.0,2.0,3.0,2.0,2.0,1.0,3.0,2.0,2.0,2.0,2.0,3.0,1.0,3.0,2.0,2.0,3.0,2.0,2.0,2.0,,3.0,2.0,3.0,2.0,363,gemini,2024,남성,6,
3.0,3.0,2.0,2.0,3.0,3.0,2.0,,3.0,3.0,,3.0,3.0,3.0,2.0,2.0,1.0,3.0,1.0,2.0,2.0,3.0,3.0,1.0,3.0,3.0,2.0,3.0,2.0,2.0,2.0,,3.0,2.0,3.0,3.0,364,gemini,2024,남성,6,
1.0,2.0,2.0,2.0,3.0,3.0,1.0,,1.0,2.0,,3.0,2.0,2.0,2.0,1.0,1.0,2.0,2.0,2.0,2.0,2.0,2.0,1.0,3.0,3.0,2.0,2.0,1.0,2.0,1.0,,3.0,2.0,2.0,3.0,365,gemini,2024,남성,6,
3.0,2.0,2.0,2.0,3.0,3.0,2.0,,3.0,3.0,,3.0,3.0,2.0,2.0,2.0,1.0,3.0,2.0,2.0,2.0,3.0,3.0,1.0,3.0,2.0,2.0,2.0,2.0,2.0,2.0,,3.0,3.0,2.0,2.0,366,gemini,2024,남성,6,
2.0,2.0,2.0,2.0,3.0,2.0,2.0,,1.0,2.0,,2.0,1.0,2.0,2.0,2.0,1.0,2.0,2.0,2.0,2.0,2.0,3.0,1.0,3.0,2.0,2.0,2.0,1.0,2.0,2.0,,3.0,2.0,2.0,3.0,367,gemini,2024,남성,6,
3.0,4.0,2.0,2.0,4.0,3.0,2.0,,3.0,3.0,,4.0,3.0,3.0,2.0,1.0,1.0,4.0,2.0,2.0,2.0,4.0,3.0,1.0,4.0,4.0,2.0,2.0,2.0,2.0,2.0,,4.0,3.0,3.0,4.0,368,gemini,2024,남성,6,
3.0,3.0,2.0,2.0,4.0,3.0,2.0,,3.0,3.0,,3.0,3.0,3.0,2.0,1.0,1.0,4.0,1.0,2.0,2.0,4.0,3.0,1.0,4.0,3.0,2.0,2.0,2.0,2.0,2.0,,4.0,3.0,3.0,3.0,369,gemini,2024,남성,6,
2.0,3.0,2.0,2.0,3.0,2.0,2.0,,2.0,3.0,,3.0,2.0,2.0,2.0,2.0,1.0,2.0,2.0,2.0,2.0,2.0,3.0,1.0,3.0,2.0,2.0,2.0,2.0,2.0,2.0,,3.0,2.0,3.0,4.0,370,gemini,2024,남성,6,
2.0,2.0,2.0,2.0,3.0,2.0,2.0,,1.0,3.0,,3.0,2.0,3.0,2.0,2.0,1.0,2.0,1.0,2.0,2.0,2.0,3.0,1.0,3.0,3.0,2.0,2.0,1.0,2.0,2.0,,3.0,2.0,2.0,3.0,371,gemini,2024,남성,6,
2.0,3.0,1.0,1.0,4.0,3.0,2.0,3.0,3.0,4.0,1.0,3.0,3.0,4.0,2.0,1.0,1.0,3.0,1.0,2.0,2.0,3.0,4.0,1.0,4.0,3.0,1.0,3.0,2.0,2.0,2.0,2.0,4.0,3.0,3.0,3.0,372,gemini,2024,남성,6,
2.0,2.0,2.0,2.0,3.0,3.0,1.0,,2.0,2.0,,2.0,2.0,2.0,2.0,2.0,1.0,2.0,2.0,2.0,1.0,2.0,3.0,1.0,3.0,2.0,2.0,2.0,1.0,2.0,1.0,,3.0,2.0,2.0,2.0,373,gemini,2024,남성,6,
2.0,3.0,2.0,1.0,3.0,3.0,2.0,4.0,2.0,3.0,1.0,4.0,3.0,3.0,3.0,1.0,1.0,3.0,2.0,2.0,2.0,3.0,3.0,1.0,4.0,3.0,1.0,2.0,2.0,2.0,2.0,2.0,4.0,3.0,3.0,4.0,374,gemini,2024,남성,6,
2.0,2.0,2.0,2.0,3.0,3.0,2.0,,2.0,3.0,,3.0,2.0,3.0,2.0,1.0,1.0,2.0,2.0,2.0,2.0,2.0,3.0,1.0,3.0,3.0,2.0,2.0,2.0,2.0,1.0,,3.0,3.0,2.0,4.0,375,gemini,2024,남성,6,
2.0,2.0,2.0,2.0,3.0,2.0,1.0,,2.0,2.0,,2.0,2.0,2.0,2.0,2.0,1.0,2.0,2.0,2.0,2.0,2.0,2.0,1.0,3.0,2.0,2.0,2.0,1.0,2.0,2.0,,3.0,2.0,2.0,3.0,376,gemini,2024,남성,6,
2.0,2.0,2.0,2.0,3.0,2.0,2.0,,1.0,3.0,,2.0,2.0,2.0,2.0,2.0,1.0,2.0,2.0,2.0,2.0,2.0,3.0,1.0,3.0,2.0,2.0,2.0,1.0,2.0,2.0,,3.0,2.0,3.0,3.0,377,gemini,2024,남성,6,
3.0,3.0,2.0,2.0,3.0,3.0,2.0,,2.0,3.0,,3.0,3.0,3.0,2.0,2.0,1.0,3.0,2.0,2.0,2.0,3.0,3.0,1.0,4.0,3.0,2.0,2.0,2.0,2.0,2.0,,4.0,2.0,3.0,3.0,378,gemini,2024,남성,6,
2.0,2.0,1.0,1.0,3.0,3.0,2.0,4.0,3.0,3.0,1.0,4.0,3.0,3.0,3.0,1.0,1.0,3.0,1.0,2.0,2.0,3.0,3.0,1.0,4.0,2.0,2.0,2.0,2.0,2.0,2.0,2.0,4.0,2.0,3.0,3.0,379,gemini,2024,남성,6,
2.0,2.0,2.0,2.0,3.0,2.0,1.0,,1.0,2.0,,2.0,2.0,2.0,2.0,2.0,1.0,2.0,2.0,2.0,1.0,2.0,3.0,1.0,3.0,2.0,2.0,2.0,1.0,2.0,1.0,,3.0,2.0,2.0,3.0,380,gemini,2024,남성,6,
2.0,2.0,2.0,2.0,4.0,2.0,2.0,,2.0,3.0,,2.0,2.0,4.0,2.0,2.0,1.0,2.0,2.0,2.0,2.0,2.0,4.0,1.0,3.0,3.0,2.0,3.0,1.0,2.0,2.0,,3.0,2.0,2.0,2.0,381,gemini,2024,남성,6,
2.0,2.0,2.0,2.0,4.0,3.0,2.0,,2.0,3.0,,2.0,3.0,3.0,2.0,1.0,1.0,2.0,2.0,2.0,2.0,2.0,4.0,1.0,3.0,3.0,2.0,2.0,2.0,2.0,2.0,,3.0,3.0,3.0,3.0,382,gemini,2024,남성,6,
4.0,3.0,1.0,1.0,4.0,3.0,2.0,4.0,3.0,3.0,1.0,4.0,4.0,3.0,3.0,1.0,1.0,3.0,1.0,2.0,2.0,3.0,4.0,1.0,4.0,3.0,2.0,3.0,2.0,2.0,2.0,2.0,4.0,3.0,3.0,3.0,383,gemini,2024,남성,6,
2.0,3.0,2.0,2.0,3.0,3.0,2.0,,2.0,3.0,,3.0,2.0,3.0,2.0,2.0,1.0,3.0,2.0,2.0,2.0,3.0,3.0,1.0,3.0,3.0,2.0,2.0,2.0,2.0,2.0,,3.0,3.0,3.0,3.0,384,gemini,2024,남성,6,
2.0,2.0,2.0,2.0,3.0,3.0,2.0,,2.0,3.0,,3.0,2.0,3.0,2.0,2.0,1.0,2.0,2.0,2.0,2.0,2.0,3.0,1.0,3.0,3.0,2.0,2.0,2.0,2.0,2.0,,3.0,3.0,2.0,3.0,385,gemini,2024,남성,6,
1.0,2.0,2.0,2.0,3.0,2.0,1.0,,1.0,2.0,,2.0,1.0,2.0,2.0,2.0,1.0,2.0,2.0,2.0,1.0,2.0,3.0,1.0,3.0,2.0,2.0,2.0,1.0,2.0,1.0,,3.0,2.0,2.0,2.0,386,gemini,2024,남성,6,
3.0,4.0,1.0,1.0,3.0,4.0,2.0,1.0,3.0,3.0,1.0,4.0,4.0,3.0,4.0,1.0,1.0,4.0,1.0,2.0,2.0,4.0,3.0,1.0,4.0,3.0,2.0,2.0,2.0,2.0,2.0,2.0,4.0,3.0,4.0,4.0,387,gemini,2024,남성,6,
2.0,3.0,2.0,2.0,4.0,3.0,2.0,,2.0,3.0,,3.0,2.0,3.0,2.0,2.0,1.0,4.0,2.0,2.0,2.0,4.0,4.0,1.0,4.0,4.0,2.0,3.0,2.0,2.0,2.0,,4.0,3.0,3.0,3.0,388,gemini,2024,남성,6,
4.0,3.0,2.0,2.0,3.0,3.0,2.0,,3.0,3.0,,3.0,4.0,2.0,2.0,2.0,1.0,3.0,2.0,2.0,2.0,3.0,3.0,1.0,3.0,3.0,2.0,2.0,3.0,2.0,2.0,,3.0,2.0,3.0,3.0,389,gemini,2024,남성,6,
2.0,2.0,2.0,2.0,3.0,2.0,2.0,,2.0,2.0,,3.0,2.0,3.0,2.0,2.0,1.0,2.0,2.0,2.0,2.0,2.0,3.0,1.0,3.0,2.0,2.0,2.0,1.0,2.0,2.0,,3.0,2.0,2.0,3.0,390,gemini,2024,남성,6,
2.0,3.0,2.0,2.0,3.0,2.0,2.0,,2.0,3.0,,3.0,2.0,2.0,2.0,2.0,1.0,2.0,2.0,2.0,2.0,2.0,3.0,1.0,3.0,3.0,2.0,2.0,2.0,2.0,2.0,,3.0,2.0,3.0,3.0,391,gemini,2024,남성,6,
2.0,2.0,2.0,2.0,3.0,3.0,1.0,,2.0,2.0,,3.0,2.0,2.0,2.0,1.0,1.0,2.0,2.0,2.0,2.0,2.0,3.0,1.0,3.0,2.0,2.0,2.0,1.0,2.0,2.0,,3.0,3.0,2.0,3.0,392,gemini,2024,남성,6,
3.0,3.0,1.0,1.0,4.0,3.0,2.0,4.0,3.0,3.0,1.0,4.0,3.0,3.0,3.0,1.0,1.0,4.0,1.0,2.0,2.0,4.0,4.0,1.0,4.0,3.0,1.0,2.0,2.0,2.0,2.0,2.0,4.0,3.0,3.0,3.0,393,gemini,2024,남성,6,
2.0,2.0,2.0,2.0,3.0,3.0,2.0,,2.0,3.0,,3.0,2.0,3.0,2.0,1.0,1.0,3.0,2.0,2.0,2.0,3.0,3.0,1.0,3.0,3.0,2.0,2.0,2.0,2.0,2.0,,3.0,2.0,3.0,3.0,394,gemini,2024,남성,6,
1.0,2.0,2.0,2.0,2.0,2.0,1.0,,1.0,2.0,,2.0,1.0,2.0,2.0,2.0,1.0,2.0,2.0,2.0,1.0,2.0,2.0,1.0,2.0,2.0,2.0,1.0,1.0,1.0,1.0,,2.0,2.0,2.0,3.0,395,gemini,2024,남성,6,
3.0,3.0,1.0,1.0,3.0,3.0,2.0,1.0,3.0,3.0,1.0,4.0,4.0,2.0,3.0,1.0,1.0,4.0,2.0,2.0,2.0,4.0,3.0,1.0,4.0,3.0,2.0,2.0,2.0,2.0,2.0,2.0,4.0,3.0,3.0,4.0,396,gemini,2024,남성,6,
1.0,2.0,2.0,2.0,3.0,2.0,1.0,,1.0,2.0,,2.0,1.0,2.0,2.0,2.0,1.0,2.0,2.0,2.0,1.0,2.0,3.0,1.0,3.0,2.0,2.0,1.0,1.0,2.0,1.0,,3.0,2.0,2.0,3.0,397,gemini,2024,남성,6,
2.0,2.0,2.0,2.0,3.0,2.0,2.0,,2.0,2.0,,3.0,2.0,2.0,2.0,2.0,1.0,3.0,2.0,2.0,2.0,3.0,3.0,1.0,3.0,3.0,2.0,2.0,1.0,2.0,1.0,,3.0,2.0,2.0,3.0,398,gemini,2024,남성,6,
2.0,2.0,2.0,2.0,3.0,2.0,2.0,,2.0,3.0,,2.0,2.0,3.0,2.0,2.0,1.0,2.0,2.0,2.0,2.0,2.0,3.0,1.0,3.0,2.0,2.0,3.0,1.0,2.0,2.0,,3.0,2.0,2.0,3.0,399,gemini,2024,남성,6,
2.0,2.0,2.0,2.0,3.0,2.0,2.0,,2.0,3.0,,2.0,2.0,3.0,1.0,2.0,1.0,2.0,2.0,2.0,2.0,2.0,3.0,1.0,3.0,2.0,2.0,2.0,2.0,2.0,2.0,,3.0,3.0,2.0,3.0,400,gemini,2024,남성,6,
3.0,2.0,2.0,2.0,3.0,2.0,2.0,,2.0,3.0,,3.0,3.0,2.0,2.0,1.0,1.0,2.0,2.0,2.0,2.0,2.0,3.0,1.0,3.0,2.0,2.0,2.0,2.0,2.0,2.0,,3.0,2.0,2.0,3.0,401,gemini,2024,남성,6,
2.0,3.0,2.0,2.0,3.0,2.0,2.0,,2.0,3.0,,3.0,2.0,2.0,2.0,2.0,1.0,2.0,2.0,2.0,2.0,2.0,3.0,1.0,3.0,3.0,2.0,2.0,2.0,2.0,2.0,,3.0,2.0,3.0,3.0,402,gemini,2024,남성,6,
1.0,2.0,2.0,2.0,3.0,3.0,1.0,,1.0,2.0,,3.0,1.0,2.0,2.0,2.0,1.0,2.0,2.0,2.0,1.0,2.0,3.0,1.0,3.0,2.0,2.0,2.0,1.0,2.0,1.0,,3.0,2.0,2.0,3.0,403,gemini,2024,남성,7,
2.0,2.0,2.0,2.0,3.0,3.0,2.0,,2.0,3.0,,3.0,3.0,3.0,2.0,2.0,1.0,2.0,2.0,2.0,2.0,2.0,3.0,1.0,3.0,2.0,2.0,2.0,2.0,2.0,2.0,,3.0,2.0,2.0,2.0,404,gemini,2024,남성,7,
1.0,1.0,2.0,2.0,3.0,2.0,1.0,,1.0,2.0,,2.0,1.0,2.0,2.0,2.0,1.0,2.0,2.0,2.0,1.0,2.0,2.0,1.0,3.0,2.0,2.0,2.0,1.0,1.0,1.0,,3.0,2.0,2.0,3.0,405,gemini,2024,남성,7,
1.0,1.0,2.0,2.0,3.0,2.0,1.0,,1.0,2.0,,2.0,1.0,2.0,1.0,2.0,1.0,2.0,2.0,2.0,1.0,1.0,3.0,2.0,2.0,1.0,2.0,1.0,1.0,1.0,1.0,,2.0,2.0,1.0,2.0,406,gemini,2024,남성,7,
1.0,2.0,2.0,2.0,4.0,3.0,2.0,,1.0,3.0,,3.0,1.0,3.0,2.0,2.0,1.0,3.0,2.0,2.0,2.0,2.0,3.0,1.0,3.0,2.0,2.0,2.0,1.0,2.0,2.0,,3.0,3.0,2.0,4.0,407,gemini,2024,남성,7,
3.0,2.0,1.0,1.0,4.0,3.0,2.0,4.0,3.0,3.0,1.0,4.0,3.0,3.0,3.0,1.0,1.0,3.0,1.0,2.0,2.0,3.0,3.0,1.0,4.0,3.0,1.0,3.0,2.0,2.0,2.0,2.0,4.0,3.0,3.0,3.0,408,gemini,2024,남성,7,
2.0,2.0,1.0,1.0,4.0,3.0,2.0,4.0,2.0,3.0,1.0,3.0,2.0,3.0,3.0,1.0,1.0,3.0,1.0,2.0,2.0,3.0,4.0,1.0,3.0,2.0,1.0,2.0,1.0,2.0,2.0,2.0,3.0,3.0,2.0,4.0,409,gemini,2024,남성,7,
1.0,2.0,2.0,2.0,2.0,2.0,2.0,,1.0,2.0,,2.0,1.0,2.0,1.0,2.0,1.0,2.0,2.0,2.0,2.0,2.0,2.0,1.0,2.0,2.0,2.0,2.0,1.0,2.0,2.0,,2.0,2.0,2.0,3.0,410,gemini,2024,남성,7,
2.0,3.0,2.0,2.0,3.0,2.0,2.0,,2.0,3.0,,3.0,2.0,3.0,2.0,2.0,1.0,2.0,2.0,2.0,2.0,2.0,3.0,1.0,3.0,2.0,2.0,2.0,1.0,2.0,2.0,,3.0,2.0,3.0,3.0,411,gemini,2024,남성,7,
2.0,2.0,2.0,1.0,3.0,3.0,2.0,4.0,2.0,3.0,1.0,3.0,2.0,3.0,2.0,1.0,1.0,3.0,2.0,2.0,2.0,3.0,3.0,1.0,3.0,2.0,1.0,2.0,2.0,2.0,2.0,2.0,3.0,3.0,2.0,3.0,412,gemini,2024,남성,7,
2.0,2.0,2.0,2.0,3.0,3.0,2.0,,2.0,3.0,,3.0,2.0,2.0,2.0,1.0,1.0,2.0,2.0,2.0,2.0,2.0,3.0,1.0,3.0,3.0,1.0,2.0,1.0,2.0,2.0,,3.0,2.0,3.0,4.0,413,gemini,2024,남성,7,
2.0,2.0,2.0,2.0,2.0,2.0,1.0,,2.0,2.0,,2.0,2.0,2.0,2.0,2.0,1.0,2.0,2.0,2.0,2.0,2.0,2.0,1.0,2.0,2.0,2.0,2.0,1.0,2.0,1.0,,2.0,2.0,2.0,3.0,414,gemini,2024,남성,7,
2.0,2.0,2.0,2.0,4.0,3.0,2.0,,2.0,3.0,,3.0,2.0,3.0,2.0,2.0,1.0,3.0,1.0,2.0,2.0,3.0,4.0,1.0,3.0,3.0,2.0,2.0,2.0,2.0,2.0,,3.0,3.0,3.0,3.0,415,gemini,2024,남성,7,
3.0,3.0,2.0,1.0,3.0,3.0,2.0,1.0,3.0,3.0,1.0,4.0,4.0,2.0,3.0,2.0,1.0,3.0,1.0,2.0,2.0,3.0,3.0,1.0,4.0,3.0,2.0,2.0,2.0,2.0,2.0,2.0,4.0,2.0,3.0,3.0,416,gemini,2024,남성,7,
2.0,2.0,2.0,2.0,3.0,2.0,2.0,,2.0,3.0,,3.0,2.0,2.0,2.0,2.0,1.0,2.0,2.0,2.0,2.0,2.0,3.0,1.0,3.0,2.0,2.0,2.0,2.0,2.0,2.0,,3.0,2.0,3.0,3.0,417,gemini,2024,남성,7,
2.0,2.0,2.0,2.0,3.0,3.0,2.0,,2.0,3.0,,3.0,2.0,3.0,2.0,2.0,1.0,2.0,2.0,2.0,2.0,2.0,3.0,1.0,3.0,2.0,2.0,2.0,2.0,2.0,2.0,,3.0,2.0,2.0,4.0,418,gemini,2024,남성,7,
2.0,2.0,2.0,1.0,3.0,3.0,2.0,4.0,2.0,3.0,1.0,3.0,3.0,2.0,3.0,2.0,1.0,2.0,2.0,2.0,2.0,2.0,3.0,1.0,3.0,2.0,2.0,2.0,2.0,2.0,2.0,2.0,3.0,2.0,3.0,3.0,419,gemini,2024,남성,7,
2.0,2.0,2.0,2.0,3.0,2.0,1.0,,1.0,2.0,,2.0,1.0,2.0,2.0,2.0,1.0,2.0,2.0,2.0,1.0,2.0,2.0,1.0,3.0,2.0,2.0,1.0,1.0,2.0,1.0,,3.0,2.0,2.0,3.0,420,gemini,2024,남성,7,
1.0,2.0,2.0,2.0,2.0,2.0,1.0,,1.0,1.0,,2.0,1.0,1.0,1.0,2.0,2.0,1.0,2.0,2.0,1.0,1.0,2.0,1.0,2.0,2.0,2.0,2.0,1.0,1.0,1.0,,2.0,2.0,2.0,1.0,421,gemini,2024,남성,7,
2.0,2.0,2.0,2.0,3.0,3.0,2.0,,2.0,3.0,,3.0,2.0,3.0,2.0,1.0,1.0,2.0,2.0,2.0,2.0,2.0,3.0,1.0,3.0,3.0,2.0,2.0,2.0,2.0,2.0,,3.0,2.0,2.0,4.0,422,gemini,2024,남성,7,
4.0,2.0,2.0,1.0,3.0,3.0,2.0,4.0,3.0,3.0,1.0,4.0,4.0,3.0,3.0,1.0,1.0,3.0,2.0,2.0,2.0,3.0,3.0,1.0,4.0,3.0,2.0,2.0,2.0,2.0,2.0,2.0,3.0,3.0,3.0,4.0,423,gemini,2024,남성,7,
2.0,2.0,2.0,2.0,4.0,2.0,2.0,,2.0,3.0,,2.0,2.0,3.0,1.0,2.0,1.0,3.0,2.0,2.0,2.0,3.0,4.0,1.0,3.0,2.0,2.0,2.0,2.0,2.0,2.0,,3.0,2.0,2.0,2.0,424,gemini,2024,남성,7,
1.0,2.0,2.0,2.0,3.0,2.0,1.0,,1.0,2.0,,3.0,1.0,2.0,2.0,2.0,1.0,2.0,2.0,2.0,2.0,2.0,3.0,1.0,3.0,2.0,2.0,2.0,1.0,2.0,1.0,,3.0,2.0,2.0,4.0,425,gemini,2024,남성,7,
1.0,2.0,2.0,2.0,2.0,2.0,1.0,,1.0,2.0,,2.0,1.0,2.0,2.0,2.0,1.0,2.0,2.0,2.0,2.0,2.0,2.0,1.0,3.0,2.0,2.0,2.0,1.0,2.0,1.0,,3.0,2.0,2.0,2.0,426,gemini,2024,남성,7,
3.0,2.0,1.0,1.0,3.0,3.0,2.0,4.0,3.0,3.0,1.0,4.0,4.0,3.0,3.0,1.0,1.0,3.0,2.0,2.0,2.0,3.0,3.0,1.0,4.0,3.0,2.0,3.0,2.0,2.0,2.0,2.0,4.0,3.0,2.0,3.0,427,gemini,2024,남성,7,
1.0,2.0,2.0,2.0,3.0,3.0,1.0,,1.0,2.0,,3.0,2.0,2.0,2.0,2.0,1.0,2.0,2.0,2.0,2.0,2.0,3.0,1.0,3.0,3.0,2.0,2.0,1.0,2.0,2.0,,3.0,2.0,2.0,4.0,428,gemini,2024,남성,7,
2.0,2.0,2.0,2.0,3.0,2.0,1.0,,1.0,2.0,,2.0,2.0,2.0,2.0,2.0,1.0,2.0,2.0,2.0,1.0,2.0,3.0,1.0,3.0,2.0,2.0,3.0,1.0,2.0,1.0,,3.0,2.0,2.0,3.0,429,gemini,2024,남성,7,
3.0,2.0,2.0,2.0,3.0,3.0,2.0,,3.0,3.0,,2.0,2.0,3.0,2.0,2.0,1.0,2.0,2.0,2.0,2.0,2.0,3.0,1.0,3.0,2.0,2.0,4.0,2.0,2.0,2.0,,3.0,2.0,2.0,3.0,430,gemini,2024,남성,7,
2.0,2.0,2.0,2.0,3.0,2.0,2.0,,2.0,2.0,,3.0,2.0,2.0,2.0,2.0,1.0,2.0,2.0,2.0,2.0,2.0,3.0,1.0,3.0,3.0,2.0,2.0,1.0,2.0,1.0,,3.0,2.0,2.0,3.0,431,gemini,2024,남성,7,
2.0,2.0,2.0,2.0,3.0,2.0,1.0,,2.0,2.0,,3.0,3.0,2.0,2.0,2.0,1.0,2.0,2.0,2.0,1.0,2.0,3.0,1.0,3.0,2.0,2.0,2.0,1.0,2.0,1.0,,3.0,2.0,2.0,3.0,432,gemini,2024,남성,7,
2.0,2.0,2.0,2.0,3.0,3.0,1.0,,2.0,2.0,,2.0,2.0,2.0,2.0,2.0,1.0,2.0,2.0,2.0,1.0,2.0,3.0,1.0,3.0,2.0,2.0,2.0,1.0,2.0,1.0,,3.0,2.0,2.0,3.0,433,gemini,2024,남성,7,
1.0,2.0,2.0,2.0,3.0,2.0,2.0,,1.0,2.0,,2.0,2.0,2.0,2.0,2.0,1.0,2.0,2.0,2.0,1.0,2.0,3.0,1.0,3.0,3.0,2.0,2.0,1.0,2.0,1.0,,3.0,2.0,3.0,3.0,434,gemini,2024,남성,7,
2.0,2.0,2.0,2.0,4.0,2.0,2.0,,3.0,3.0,,2.0,2.0,4.0,2.0,2.0,1.0,2.0,2.0,2.0,2.0,2.0,4.0,1.0,3.0,2.0,2.0,3.0,1.0,2.0,2.0,,3.0,2.0,2.0,3.0,435,gemini,2024,남성,7,
2.0,2.0,2.0,2.0,3.0,2.0,2.0,,2.0,3.0,,2.0,3.0,3.0,2.0,2.0,1.0,2.0,2.0,2.0,2.0,2.0,3.0,1.0,3.0,2.0,2.0,2.0,2.0,2.0,2.0,,3.0,2.0,2.0,3.0,436,gemini,2024,남성,7,
1.0,2.0,2.0,2.0,3.0,2.0,2.0,,1.0,2.0,,2.0,1.0,2.0,2.0,2.0,1.0,1.0,2.0,2.0,2.0,1.0,3.0,1.0,3.0,2.0,2.0,2.0,1.0,1.0,1.0,,3.0,2.0,2.0,4.0,437,gemini,2024,남성,7,
3.0,2.0,1.0,1.0,3.0,3.0,2.0,1.0,3.0,3.0,1.0,4.0,4.0,3.0,3.0,1.0,1.0,4.0,1.0,2.0,2.0,4.0,3.0,1.0,4.0,3.0,2.0,4.0,2.0,2.0,2.0,2.0,4.0,3.0,3.0,3.0,438,gemini,2024,남성,7,
2.0,2.0,2.0,2.0,3.0,3.0,1.0,,1.0,2.0,,3.0,2.0,2.0,2.0,2.0,1.0,2.0,2.0,2.0,1.0,2.0,3.0,1.0,3.0,2.0,2.0,1.0,1.0,2.0,1.0,,3.0,2.0,2.0,3.0,439,gemini,2024,남성,7,
1.0,2.0,2.0,2.0,3.0,2.0,1.0,,1.0,2.0,,1.0,1.0,2.0,1.0,2.0,1.0,1.0,2.0,2.0,1.0,1.0,2.0,1.0,2.0,2.0,2.0,2.0,1.0,2.0,1.0,,2.0,2.0,2.0,2.0,440,gemini,2024,남성,7,
2.0,2.0,1.0,1.0,3.0,3.0,2.0,4.0,2.0,3.0,1.0,3.0,2.0,3.0,3.0,1.0,1.0,2.0,1.0,2.0,2.0,2.0,3.0,1.0,4.0,2.0,2.0,2.0,2.0,2.0,2.0,2.0,4.0,3.0,2.0,4.0,441,gemini,2024,남성,7,
2.0,2.0,2.0,2.0,3.0,2.0,2.0,,2.0,3.0,,2.0,2.0,2.0,2.0,2.0,1.0,2.0,2.0,2.0,1.0,2.0,3.0,1.0,3.0,3.0,2.0,2.0,1.0,2.0,1.0,,3.0,3.0,2.0,3.0,442,gemini,2024,남성,7,
3.0,3.0,2.0,2.0,3.0,3.0,2.0,,2.0,2.0,,3.0,2.0,2.0,2.0,2.0,1.0,3.0,2.0,2.0,2.0,3.0,3.0,1.0,3.0,3.0,2.0,2.0,2.0,2.0,2.0,,3.0,3.0,2.0,3.0,443,gemini,2024,남성,7,
2.0,2.0,2.0,2.0,2.0,2.0,1.0,,1.0,2.0,,2.0,2.0,2.0,2.0,2.0,1.0,2.0,2.0,2.0,1.0,2.0,2.0,1.0,3.0,2.0,2.0,1.0,1.0,1.0,1.0,,3.0,2.0,2.0,2.0,444,gemini,2024,남성,7,
1.0,2.0,2.0,2.0,3.0,2.0,2.0,,1.0,2.0,,2.0,1.0,2.0,2.0,2.0,1.0,2.0,2.0,2.0,2.0,2.0,2.0,1.0,2.0,2.0,2.0,2.0,1.0,2.0,1.0,,2.0,2.0,2.0,3.0,445,gemini,2024,남성,7,
2.0,2.0,2.0,2.0,3.0,2.0,2.0,,1.0,2.0,,2.0,1.0,3.0,2.0,2.0,1.0,2.0,2.0,2.0,2.0,2.0,3.0,1.0,3.0,3.0,2.0,2.0,1.0,2.0,2.0,,3.0,2.0,2.0,3.0,446,gemini,2024,남성,7,
3.0,2.0,1.0,1.0,3.0,3.0,2.0,4.0,3.0,3.0,1.0,3.0,3.0,2.0,3.0,1.0,1.0,4.0,2.0,2.0,2.0,4.0,3.0,1.0,4.0,3.0,2.0,2.0,2.0,2.0,2.0,2.0,3.0,2.0,3.0,3.0,447,gemini,2024,남성,7,
3.0,3.0,2.0,1.0,3.0,3.0,2.0,1.0,3.0,3.0,1.0,3.0,3.0,2.0,3.0,2.0,1.0,3.0,2.0,2.0,2.0,3.0,3.0,1.0,4.0,3.0,2.0,2.0,2.0,2.0,2.0,2.0,4.0,3.0,3.0,4.0,448,gemini,2024,남성,7,
4.0,3.0,1.0,1.0,3.0,3.0,2.0,4.0,3.0,3.0,1.0,4.0,4.0,3.0,3.0,1.0,1.0,3.0,2.0,2.0,2.0,3.0,3.0,1.0,4.0,2.0,2.0,2.0,2.0,2.0,2.0,2.0,4.0,3.0,3.0,3.0,449,gemini,2024,남성,7,
1.0,2.0,2.0,2.0,2.0,2.0,1.0,,1.0,2.0,,2.0,1.0,2.0,1.0,2.0,1.0,1.0,2.0,2.0,1.0,1.0,2.0,1.0,2.0,2.0,2.0,2.0,1.0,2.0,1.0,,2.0,2.0,2.0,3.0,450,gemini,2024,남성,7,
3.0,2.0,2.0,1.0,4.0,3.0,2.0,4.0,3.0,4.0,1.0,4.0,4.0,3.0,3.0,1.0,1.0,4.0,1.0,2.0,2.0,4.0,4.0,1.0,4.0,3.0,1.0,2.0,2.0,2.0,2.0,2.0,4.0,3.0,3.0,3.0,451,gemini,2024,남성,7,
3.0,3.0,2.0,2.0,3.0,3.0,2.0,,2.0,3.0,,3.0,3.0,3.0,2.0,2.0,1.0,2.0,2.0,2.0,2.0,2.0,3.0,1.0,3.0,3.0,2.0,2.0,2.0,2.0,2.0,,3.0,2.0,3.0,2.0,452,gemini,2024,남성,7,
3.0,3.0,1.0,1.0,3.0,4.0,2.0,4.0,3.0,3.0,1.0,4.0,4.0,3.0,3.0,1.0,1.0,3.0,1.0,2.0,2.0,3.0,3.0,1.0,4.0,3.0,2.0,2.0,2.0,2.0,2.0,2.0,4.0,3.0,3.0,4.0,453,gemini,2024,남성,7,
2.0,2.0,1.0,1.0,3.0,3.0,2.0,4.0,2.0,3.0,1.0,3.0,2.0,3.0,2.0,1.0,1.0,2.0,2.0,2.0,2.0,2.0,3.0,1.0,3.0,3.0,2.0,2.0,1.0,2.0,2.0,2.0,3.0,2.0,3.0,3.0,454,gemini,2024,남성,7,
1.0,2.0,2.0,2.0,3.0,2.0,1.0,,1.0,2.0,,2.0,1.0,2.0,1.0,2.0,2.0,2.0,2.0,2.0,1.0,1.0,3.0,1.0,2.0,2.0,2.0,1.0,1.0,2.0,1.0,,2.0,2.0,2.0,3.0,455,gemini,2024,남성,7,
1.0,2.0,2.0,2.0,3.0,2.0,1.0,,1.0,2.0,,2.0,1.0,2.0,2.0,2.0,1.0,2.0,2.0,2.0,1.0,2.0,2.0,1.0,3.0,2.0,2.0,1.0,1.0,2.0,1.0,,3.0,2.0,2.0,3.0,456,gemini,2024,남성,7,
1.0,2.0,2.0,2.0,3.0,2.0,1.0,,1.0,2.0,,2.0,2.0,3.0,2.0,2.0,1.0,2.0,2.0,2.0,2.0,2.0,3.0,1.0,3.0,2.0,2.0,2.0,1.0,1.0,1.0,,3.0,2.0,2.0,3.0,457,gemini,2024,남성,7,
2.0,2.0,2.0,2.0,3.0,3.0,2.0,,2.0,3.0,,2.0,2.0,3.0,2.0,2.0,1.0,2.0,2.0,2.0,2.0,2.0,3.0,1.0,3.0,2.0,2.0,2.0,2.0,2.0,2.0,,3.0,2.0,2.0,3.0,458,gemini,2024,남성,7,
2.0,2.0,2.0,2.0,3.0,2.0,1.0,,1.0,2.0,,2.0,2.0,2.0,1.0,2.0,2.0,2.0,2.0,2.0,1.0,2.0,3.0,1.0,3.0,2.0,2.0,1.0,1.0,1.0,1.0,,3.0,2.0,2.0,3.0,459,gemini,2024,남성,7,
2.0,2.0,2.0,2.0,3.0,2.0,1.0,,2.0,2.0,,3.0,2.0,2.0,2.0,2.0,1.0,2.0,2.0,2.0,1.0,2.0,3.0,1.0,3.0,2.0,2.0,2.0,1.0,2.0,1.0,,3.0,2.0,3.0,3.0,460,gemini,2024,남성,7,
1.0,2.0,2.0,2.0,3.0,2.0,1.0,,1.0,2.0,,2.0,1.0,2.0,1.0,2.0,1.0,2.0,2.0,2.0,1.0,2.0,3.0,1.0,3.0,2.0,2.0,2.0,1.0,2.0,1.0,,3.0,2.0,2.0,3.0,461,gemini,2024,남성,7,
1.0,2.0,2.0,2.0,3.0,2.0,1.0,,1.0,2.0,,2.0,1.0,2.0,2.0,2.0,1.0,2.0,2.0,2.0,2.0,2.0,3.0,1.0,2.0,2.0,2.0,1.0,1.0,1.0,1.0,,2.0,2.0,2.0,3.0,462,gemini,2024,남성,7,
2.0,2.0,2.0,2.0,3.0,2.0,2.0,,2.0,3.0,,2.0,2.0,3.0,2.0,2.0,1.0,2.0,2.0,2.0,2.0,2.0,3.0,1.0,3.0,3.0,2.0,2.0,1.0,2.0,2.0,,3.0,2.0,3.0,3.0,463,gemini,2024,남성,7,
1.0,2.0,2.0,2.0,3.0,2.0,1.0,,1.0,2.0,,2.0,1.0,2.0,1.0,2.0,1.0,2.0,2.0,2.0,2.0,2.0,3.0,1.0,3.0,2.0,2.0,2.0,1.0,2.0,1.0,,3.0,2.0,2.0,3.0,464,gemini,2024,남성,7,
2.0,2.0,2.0,2.0,3.0,3.0,2.0,,2.0,2.0,,3.0,2.0,3.0,2.0,1.0,1.0,2.0,2.0,2.0,2.0,2.0,3.0,1.0,3.0,2.0,2.0,2.0,1.0,2.0,2.0,,3.0,2.0,2.0,3.0,465,gemini,2024,남성,7,
1.0,2.0,2.0,2.0,2.0,2.0,1.0,,1.0,2.0,,2.0,2.0,2.0,2.0,2.0,1.0,2.0,2.0,2.0,1.0,2.0,2.0,1.0,2.0,2.0,2.0,1.0,1.0,2.0,1.0,,2.0,2.0,2.0,3.0,466,gemini,2024,남성,7,
1.0,2.0,2.0,2.0,3.0,2.0,1.0,,1.0,2.0,,2.0,1.0,2.0,2.0,2.0,1.0,2.0,2.0,2.0,2.0,1.0,3.0,1.0,3.0,2.0,2.0,2.0,1.0,2.0,1.0,,3.0,2.0,3.0,3.0,467,gemini,2024,남성,7,
2.0,2.0,2.0,2.0,3.0,3.0,2.0,,2.0,2.0,,2.0,1.0,2.0,2.0,2.0,1.0,2.0,2.0,2.0,2.0,2.0,3.0,1.0,3.0,2.0,2.0,2.0,1.0,2.0,1.0,,3.0,2.0,2.0,3.0,468,gemini,2024,남성,7,
2.0,2.0,2.0,2.0,3.0,3.0,1.0,,2.0,2.0,,3.0,2.0,2.0,2.0,2.0,1.0,2.0,2.0,2.0,2.0,2.0,3.0,1.0,3.0,2.0,2.0,2.0,1.0,2.0,1.0,,3.0,2.0,2.0,3.0,469,gemini,2024,남성,7,
1.0,2.0,2.0,2.0,2.0,2.0,1.0,,1.0,1.0,,2.0,1.0,2.0,2.0,2.0,1.0,2.0,2.0,2.0,1.0,1.0,2.0,1.0,2.0,2.0,2.0,1.0,1.0,1.0,1.0,,2.0,2.0,2.0,2.0,470,gemini,2024,남성,7,
2.0,3.0,2.0,2.0,4.0,3.0,2.0,,2.0,4.0,,3.0,2.0,4.0,2.0,1.0,1.0,3.0,1.0,2.0,2.0,3.0,4.0,1.0,3.0,3.0,2.0,2.0,2.0,2.0,2.0,,3.0,3.0,3.0,4.0,471,gemini,2024,남성,7,
2.0,2.0,2.0,2.0,3.0,3.0,2.0,,2.0,2.0,,2.0,2.0,3.0,2.0,1.0,1.0,2.0,2.0,2.0,2.0,2.0,3.0,1.0,3.0,2.0,1.0,2.0,1.0,2.0,2.0,,3.0,2.0,2.0,3.0,472,gemini,2024,남성,7,
2.0,2.0,2.0,2.0,3.0,3.0,1.0,,2.0,3.0,,3.0,1.0,3.0,2.0,2.0,1.0,2.0,2.0,2.0,2.0,2.0,3.0,1.0,3.0,3.0,2.0,2.0,1.0,2.0,1.0,,3.0,3.0,2.0,4.0,473,gemini,2024,남성,7,
2.0,2.0,1.0,1.0,4.0,3.0,2.0,4.0,2.0,3.0,1.0,3.0,2.0,3.0,3.0,1.0,1.0,3.0,2.0,2.0,2.0,3.0,3.0,1.0,3.0,2.0,2.0,3.0,2.0,2.0,2.0,2.0,3.0,2.0,2.0,3.0,474,gemini,2024,남성,7,
2.0,2.0,2.0,2.0,3.0,3.0,2.0,,2.0,3.0,,3.0,2.0,3.0,2.0,2.0,1.0,3.0,2.0,2.0,2.0,2.0,3.0,1.0,3.0,3.0,2.0,2.0,1.0,2.0,2.0,,3.0,3.0,2.0,4.0,475,gemini,2024,남성,7,
1.0,2.0,2.0,2.0,2.0,2.0,1.0,,1.0,2.0,,2.0,1.0,2.0,2.0,2.0,1.0,2.0,2.0,2.0,2.0,2.0,2.0,1.0,2.0,2.0,2.0,2.0,1.0,2.0,1.0,,2.0,2.0,2.0,3.0,476,gemini,2024,남성,7,
2.0,2.0,2.0,1.0,4.0,3.0,2.0,4.0,2.0,3.0,1.0,3.0,2.0,3.0,3.0,2.0,1.0,3.0,2.0,2.0,2.0,3.0,3.0,1.0,3.0,3.0,2.0,2.0,2.0,2.0,2.0,2.0,3.0,3.0,3.0,4.0,477,gemini,2024,남성,7,
3.0,2.0,2.0,1.0,4.0,2.0,2.0,3.0,3.0,4.0,1.0,3.0,3.0,4.0,3.0,1.0,1.0,3.0,1.0,2.0,3.0,3.0,4.0,1.0,4.0,2.0,1.0,3.0,2.0,2.0,2.0,2.0,4.0,3.0,3.0,3.0,478,gemini,2024,남성,7,
2.0,2.0,2.0,2.0,4.0,3.0,2.0,,2.0,3.0,,2.0,2.0,3.0,2.0,2.0,1.0,2.0,2.0,2.0,2.0,2.0,4.0,1.0,3.0,3.0,2.0,3.0,1.0,2.0,2.0,,3.0,2.0,2.0,3.0,479,gemini,2024,남성,7,
2.0,2.0,2.0,2.0,3.0,3.0,2.0,,2.0,3.0,,3.0,2.0,3.0,2.0,2.0,1.0,2.0,2.0,2.0,2.0,2.0,3.0,1.0,3.0,3.0,2.0,2.0,1.0,2.0,2.0,,3.0,2.0,3.0,4.0,480,gemini,2024,남성,7,
3.0,3.0,2.0,1.0,3.0,3.0,2.0,4.0,2.0,2.0,1.0,3.0,3.0,2.0,2.0,2.0,1.0,2.0,2.0,2.0,2.0,2.0,3.0,1.0,3.0,2.0,2.0,2.0,2.0,2.0,2.0,2.0,3.0,2.0,2.0,3.0,481,gemini,2024,남성,7,
2.0,2.0,2.0,2.0,4.0,3.0,2.0,,2.0,3.0,,3.0,2.0,3.0,1.0,1.0,1.0,2.0,2.0,2.0,2.0,2.0,4.0,1.0,3.0,3.0,2.0,2.0,1.0,2.0,2.0,,3.0,2.0,2.0,3.0,482,gemini,2024,남성,7,
,,,,,,,,,,,,,,,,,,,,,,,,,,,,,,,,,,,,483,gemini,2024,남성,7,format_violation_after_batch_retries
1.0,2.0,2.0,2.0,3.0,2.0,1.0,,1.0,2.0,,2.0,1.0,2.0,2.0,2.0,1.0,2.0,2.0,2.0,2.0,1.0,3.0,1.0,2.0,2.0,2.0,2.0,1.0,2.0,1.0,,2.0,2.0,2.0,4.0,484,gemini,2024,남성,7,
,,,,,,,,,,,,,,,,,,,,,,,,,,,,,,,,,,,,485,gemini,2024,남성,7,format_violation_after_batch_retries
2.0,2.0,2.0,2.0,3.0,3.0,2.0,,3.0,3.0,,3.0,3.0,3.0,2.0,2.0,1.0,3.0,2.0,2.0,2.0,2.0,3.0,1.0,4.0,2.0,2.0,2.0,2.0,2.0,2.0,,3.0,3.0,2.0,3.0,486,gemini,2024,남성,7,
1.0,1.0,2.0,2.0,3.0,3.0,1.0,,1.0,2.0,,2.0,1.0,2.0,2.0,2.0,1.0,1.0,2.0,2.0,1.0,1.0,3.0,1.0,3.0,2.0,2.0,1.0,1.0,1.0,1.0,,3.0,3.0,2.0,4.0,487,gemini,2024,남성,8,
2.0,2.0,2.0,2.0,3.0,3.0,2.0,,2.0,3.0,,3.0,2.0,3.0,1.0,2.0,1.0,2.0,2.0,2.0,2.0,2.0,3.0,1.0,3.0,3.0,2.0,2.0,2.0,2.0,2.0,,3.0,2.0,2.0,4.0,488,gemini,2024,남성,8,
1.0,1.0,2.0,2.0,1.0,1.0,1.0,,1.0,1.0,,1.0,1.0,1.0,1.0,2.0,2.0,1.0,2.0,2.0,1.0,1.0,1.0,2.0,1.0,1.0,2.0,1.0,1.0,1.0,1.0,,1.0,1.0,1.0,2.0,489,gemini,2024,남성,8,
1.0,2.0,2.0,2.0,3.0,2.0,1.0,,1.0,2.0,,2.0,1.0,2.0,1.0,2.0,2.0,2.0,2.0,2.0,1.0,1.0,3.0,1.0,3.0,2.0,2.0,1.0,1.0,2.0,1.0,,3.0,2.0,2.0,3.0,490,gemini,2024,남성,8,
2.0,2.0,2.0,2.0,3.0,2.0,1.0,,1.0,2.0,,2.0,2.0,2.0,2.0,2.0,1.0,2.0,2.0,2.0,1.0,2.0,3.0,1.0,3.0,2.0,1.0,2.0,1.0,2.0,1.0,,3.0,2.0,2.0,3.0,491,gemini,2024,남성,8,
2.0,2.0,2.0,2.0,2.0,3.0,2.0,,2.0,2.0,,2.0,2.0,2.0,2.0,2.0,2.0,2.0,2.0,2.0,2.0,2.0,2.0,1.0,3.0,2.0,2.0,2.0,2.0,2.0,2.0,,3.0,2.0,2.0,4.0,492,gemini,2024,남성,8,
1.0,2.0,2.0,2.0,2.0,2.0,1.0,,2.0,2.0,,2.0,1.0,2.0,1.0,2.0,1.0,1.0,2.0,2.0,1.0,1.0,2.0,1.0,2.0,2.0,2.0,1.0,1.0,1.0,1.0,,2.0,2.0,2.0,3.0,493,gemini,2024,남성,8,
1.0,2.0,2.0,2.0,2.0,2.0,1.0,,1.0,2.0,,2.0,1.0,2.0,2.0,2.0,1.0,2.0,2.0,2.0,2.0,2.0,2.0,1.0,2.0,1.0,2.0,2.0,1.0,1.0,1.0,,2.0,2.0,2.0,3.0,494,gemini,2024,남성,8,
1.0,2.0,2.0,2.0,3.0,2.0,1.0,,1.0,2.0,,2.0,2.0,2.0,1.0,2.0,1.0,2.0,2.0,2.0,1.0,2.0,3.0,1.0,3.0,2.0,2.0,2.0,1.0,1.0,1.0,,3.0,2.0,2.0,2.0,495,gemini,2024,남성,8,
2.0,2.0,2.0,2.0,3.0,2.0,1.0,,2.0,2.0,,2.0,2.0,2.0,1.0,2.0,2.0,2.0,2.0,2.0,2.0,2.0,3.0,1.0,3.0,2.0,2.0,2.0,1.0,2.0,1.0,,3.0,2.0,2.0,4.0,496,gemini,2024,남성,8,
1.0,2.0,2.0,2.0,3.0,2.0,1.0,,1.0,2.0,,2.0,1.0,2.0,2.0,2.0,1.0,2.0,2.0,2.0,1.0,1.0,3.0,1.0,2.0,2.0,2.0,1.0,1.0,1.0,1.0,,2.0,2.0,2.0,3.0,497,gemini,2024,남성,8,
1.0,2.0,2.0,2.0,2.0,2.0,1.0,,1.0,2.0,,2.0,1.0,2.0,1.0,2.0,2.0,1.0,2.0,2.0,1.0,1.0,2.0,2.0,2.0,2.0,2.0,2.0,1.0,1.0,1.0,,2.0,2.0,2.0,2.0,498,gemini,2024,남성,8,
1.0,1.0,2.0,2.0,2.0,2.0,1.0,,1.0,2.0,,2.0,1.0,2.0,1.0,2.0,2.0,1.0,2.0,2.0,1.0,1.0,2.0,1.0,2.0,2.0,2.0,2.0,1.0,1.0,1.0,,2.0,2.0,1.0,3.0,499,gemini,2024,남성,8,
1.0,1.0,2.0,2.0,3.0,2.0,1.0,,1.0,2.0,,1.0,1.0,2.0,1.0,2.0,2.0,1.0,2.0,2.0,1.0,1.0,2.0,2.0,2.0,2.0,2.0,1.0,1.0,1.0,1.0,,2.0,2.0,1.0,3.0,500,gemini,2024,남성,8,
1.0,2.0,2.0,2.0,3.0,2.0,1.0,,1.0,2.0,,2.0,1.0,2.0,1.0,2.0,2.0,2.0,2.0,2.0,1.0,2.0,2.0,1.0,2.0,2.0,2.0,1.0,1.0,1.0,1.0,,2.0,2.0,2.0,3.0,501,gemini,2024,남성,8,
1.0,2.0,2.0,2.0,2.0,2.0,1.0,,1.0,2.0,,2.0,1.0,2.0,1.0,2.0,2.0,2.0,2.0,2.0,1.0,1.0,2.0,1.0,2.0,2.0,2.0,1.0,1.0,1.0,1.0,,2.0,2.0,2.0,3.0,502,gemini,2024,남성,8,
2.0,2.0,2.0,2.0,3.0,3.0,2.0,,2.0,3.0,,2.0,2.0,3.0,2.0,1.0,1.0,2.0,2.0,2.0,2.0,2.0,3.0,1.0,3.0,2.0,2.0,2.0,1.0,2.0,2.0,,3.0,3.0,2.0,3.0,503,gemini,2024,남성,8,
2.0,3.0,2.0,2.0,3.0,2.0,2.0,,2.0,3.0,,3.0,2.0,3.0,2.0,2.0,1.0,2.0,2.0,2.0,2.0,2.0,3.0,1.0,3.0,3.0,2.0,2.0,2.0,2.0,2.0,,3.0,2.0,3.0,3.0,504,gemini,2024,남성,8,
1.0,2.0,2.0,2.0,2.0,2.0,1.0,,1.0,2.0,,2.0,1.0,2.0,1.0,2.0,1.0,2.0,2.0,2.0,1.0,2.0,2.0,1.0,2.0,2.0,2.0,2.0,1.0,2.0,1.0,,2.0,2.0,2.0,3.0,505,gemini,2024,남성,8,
2.0,2.0,2.0,2.0,3.0,2.0,2.0,,2.0,2.0,,2.0,1.0,2.0,1.0,2.0,1.0,1.0,2.0,2.0,2.0,1.0,2.0,1.0,2.0,2.0,2.0,2.0,1.0,2.0,2.0,,2.0,2.0,2.0,3.0,506,gemini,2024,남성,8,
2.0,2.0,2.0,2.0,3.0,3.0,2.0,,2.0,3.0,,3.0,2.0,3.0,2.0,2.0,1.0,3.0,2.0,2.0,2.0,3.0,3.0,1.0,3.0,3.0,2.0,2.0,2.0,2.0,2.0,,3.0,3.0,2.0,4.0,507,gemini,2024,남성,8,
2.0,2.0,2.0,2.0,4.0,3.0,2.0,,3.0,3.0,,2.0,3.0,3.0,2.0,2.0,1.0,2.0,2.0,2.0,2.0,2.0,4.0,1.0,3.0,3.0,2.0,3.0,2.0,2.0,2.0,,3.0,3.0,2.0,3.0,508,gemini,2024,남성,8,
2.0,2.0,2.0,2.0,4.0,3.0,2.0,,2.0,4.0,,3.0,2.0,4.0,2.0,1.0,1.0,4.0,2.0,2.0,3.0,4.0,4.0,1.0,4.0,3.0,2.0,3.0,1.0,2.0,2.0,,4.0,3.0,2.0,4.0,509,gemini,2024,남성,8,
1.0,2.0,2.0,2.0,2.0,2.0,1.0,,1.0,2.0,,2.0,1.0,1.0,1.0,2.0,1.0,2.0,2.0,2.0,1.0,2.0,2.0,1.0,2.0,2.0,2.0,1.0,1.0,1.0,1.0,,2.0,2.0,2.0,3.0,510,gemini,2024,남성,8,
2.0,2.0,2.0,2.0,3.0,3.0,1.0,,2.0,2.0,,3.0,2.0,3.0,2.0,2.0,1.0,2.0,2.0,2.0,1.0,2.0,3.0,1.0,3.0,2.0,2.0,2.0,1.0,1.0,1.0,,3.0,2.0,2.0,3.0,511,gemini,2024,남성,8,
1.0,2.0,2.0,2.0,3.0,2.0,1.0,,1.0,2.0,,2.0,1.0,2.0,1.0,2.0,1.0,2.0,2.0,2.0,1.0,2.0,3.0,1.0,2.0,2.0,2.0,1.0,1.0,1.0,1.0,,2.0,2.0,2.0,3.0,512,gemini,2024,남성,8,
1.0,2.0,2.0,2.0,3.0,2.0,1.0,,1.0,2.0,,2.0,1.0,2.0,1.0,1.0,1.0,2.0,2.0,2.0,1.0,1.0,2.0,1.0,2.0,2.0,2.0,2.0,1.0,1.0,1.0,,2.0,2.0,2.0,3.0,513,gemini,2024,남성,8,
2.0,1.0,2.0,2.0,3.0,3.0,2.0,,2.0,2.0,,2.0,2.0,2.0,2.0,2.0,1.0,2.0,2.0,2.0,2.0,2.0,2.0,1.0,3.0,2.0,2.0,2.0,1.0,2.0,2.0,,3.0,3.0,2.0,3.0,514,gemini,2024,남성,8,
1.0,1.0,2.0,2.0,1.0,2.0,1.0,,1.0,1.0,,2.0,1.0,1.0,2.0,2.0,1.0,2.0,2.0,2.0,1.0,1.0,1.0,1.0,2.0,1.0,2.0,1.0,1.0,1.0,1.0,,2.0,2.0,1.0,2.0,515,gemini,2024,남성,8,
1.0,1.0,2.0,2.0,3.0,2.0,1.0,,1.0,2.0,,2.0,1.0,2.0,1.0,2.0,1.0,2.0,2.0,2.0,1.0,2.0,3.0,1.0,2.0,2.0,2.0,1.0,1.0,1.0,1.0,,2.0,2.0,2.0,3.0,516,gemini,2024,남성,8,
1.0,1.0,2.0,2.0,3.0,2.0,1.0,,1.0,2.0,,2.0,1.0,2.0,1.0,2.0,2.0,1.0,2.0,2.0,1.0,1.0,2.0,1.0,2.0,1.0,2.0,1.0,1.0,1.0,1.0,,2.0,2.0,1.0,4.0,517,gemini,2024,남성,8,
2.0,2.0,2.0,2.0,3.0,3.0,2.0,,1.0,2.0,,2.0,1.0,2.0,2.0,2.0,1.0,2.0,2.0,2.0,2.0,2.0,2.0,1.0,3.0,2.0,2.0,1.0,1.0,2.0,2.0,,3.0,3.0,2.0,4.0,518,gemini,2024,남성,8,
2.0,2.0,2.0,2.0,4.0,2.0,2.0,,2.0,3.0,,3.0,2.0,3.0,2.0,2.0,1.0,3.0,2.0,2.0,2.0,3.0,3.0,1.0,3.0,2.0,2.0,2.0,2.0,2.0,2.0,,3.0,2.0,2.0,4.0,519,gemini,2024,남성,8,
1.0,1.0,2.0,2.0,2.0,1.0,1.0,,1.0,2.0,,1.0,1.0,1.0,1.0,2.0,2.0,1.0,2.0,2.0,1.0,1.0,2.0,2.0,2.0,1.0,2.0,1.0,1.0,1.0,1.0,,2.0,2.0,1.0,2.0,520,gemini,2024,남성,8,
1.0,2.0,2.0,2.0,3.0,2.0,1.0,,1.0,2.0,,2.0,1.0,3.0,2.0,2.0,2.0,2.0,2.0,2.0,1.0,2.0,3.0,2.0,3.0,2.0,2.0,2.0,1.0,1.0,1.0,,3.0,2.0,2.0,2.0,521,gemini,2024,남성,8,
2.0,3.0,2.0,2.0,3.0,3.0,2.0,,2.0,2.0,,2.0,2.0,2.0,2.0,2.0,1.0,2.0,2.0,2.0,2.0,2.0,3.0,1.0,2.0,2.0,2.0,2.0,1.0,2.0,2.0,,2.0,3.0,3.0,4.0,522,gemini,2024,남성,8,
2.0,2.0,2.0,2.0,3.0,2.0,1.0,,1.0,2.0,,2.0,2.0,3.0,2.0,2.0,1.0,2.0,2.0,2.0,1.0,2.0,3.0,1.0,3.0,2.0,2.0,2.0,1.0,2.0,2.0,,3.0,2.0,2.0,3.0,523,gemini,2024,남성,8,
2.0,2.0,2.0,2.0,4.0,2.0,2.0,,2.0,3.0,,2.0,2.0,3.0,2.0,2.0,1.0,2.0,2.0,2.0,2.0,2.0,4.0,1.0,4.0,2.0,2.0,2.0,1.0,2.0,2.0,,4.0,3.0,3.0,3.0,524,gemini,2024,남성,8,
1.0,2.0,2.0,2.0,2.0,2.0,1.0,,1.0,2.0,,2.0,2.0,2.0,1.0,2.0,2.0,1.0,2.0,2.0,1.0,1.0,2.0,1.0,2.0,2.0,2.0,1.0,1.0,2.0,1.0,,2.0,2.0,2.0,3.0,525,gemini,2024,남성,8,
2.0,2.0,2.0,2.0,3.0,2.0,2.0,,3.0,3.0,,3.0,3.0,3.0,2.0,2.0,1.0,2.0,2.0,2.0,2.0,2.0,3.0,1.0,4.0,2.0,2.0,2.0,2.0,2.0,2.0,,3.0,2.0,2.0,3.0,526,gemini,2024,남성,8,
2.0,2.0,2.0,2.0,3.0,2.0,1.0,,1.0,2.0,,2.0,1.0,2.0,1.0,2.0,1.0,2.0,2.0,2.0,2.0,2.0,3.0,1.0,3.0,2.0,2.0,2.0,1.0,1.0,1.0,,3.0,2.0,2.0,2.0,527,gemini,2024,남성,8,
2.0,2.0,2.0,2.0,3.0,2.0,1.0,,2.0,2.0,,2.0,2.0,2.0,2.0,2.0,1.0,2.0,2.0,2.0,1.0,2.0,2.0,1.0,3.0,2.0,2.0,2.0,1.0,2.0,1.0,,3.0,2.0,2.0,3.0,528,gemini,2024,남성,8,
2.0,2.0,2.0,2.0,4.0,3.0,3.0,,2.0,3.0,,3.0,2.0,4.0,2.0,1.0,1.0,4.0,2.0,2.0,3.0,4.0,4.0,1.0,3.0,3.0,2.0,2.0,2.0,2.0,2.0,,3.0,3.0,3.0,3.0,529,gemini,2024,남성,8,
1.0,2.0,2.0,2.0,3.0,2.0,1.0,,1.0,2.0,,2.0,2.0,2.0,2.0,2.0,1.0,2.0,2.0,2.0,1.0,2.0,2.0,1.0,3.0,2.0,2.0,1.0,1.0,2.0,1.0,,3.0,2.0,2.0,3.0,530,gemini,2024,남성,8,
2.0,2.0,2.0,2.0,3.0,2.0,2.0,,2.0,3.0,,2.0,2.0,3.0,2.0,2.0,1.0,2.0,2.0,2.0,2.0,2.0,3.0,1.0,3.0,2.0,2.0,2.0,1.0,2.0,1.0,,3.0,2.0,2.0,3.0,531,gemini,2024,남성,8,
2.0,2.0,2.0,2.0,3.0,3.0,1.0,,3.0,2.0,,3.0,3.0,2.0,2.0,2.0,1.0,2.0,2.0,2.0,2.0,2.0,3.0,1.0,3.0,2.0,2.0,2.0,2.0,2.0,1.0,,3.0,2.0,2.0,3.0,532,gemini,2024,남성,8,
1.0,2.0,2.0,2.0,3.0,2.0,1.0,,1.0,2.0,,2.0,1.0,2.0,1.0,2.0,1.0,2.0,2.0,2.0,1.0,2.0,3.0,1.0,3.0,2.0,2.0,1.0,1.0,2.0,1.0,,3.0,2.0,2.0,3.0,533,gemini,2024,남성,8,
1.0,1.0,2.0,2.0,2.0,1.0,1.0,,1.0,2.0,,1.0,1.0,2.0,1.0,2.0,2.0,1.0,2.0,2.0,1.0,1.0,2.0,2.0,2.0,1.0,2.0,2.0,1.0,1.0,1.0,,2.0,2.0,1.0,2.0,534,gemini,2024,남성,8,
2.0,2.0,2.0,2.0,3.0,3.0,1.0,,1.0,3.0,,2.0,2.0,3.0,2.0,2.0,1.0,2.0,2.0,2.0,2.0,2.0,3.0,1.0,3.0,2.0,2.0,2.0,1.0,2.0,1.0,,3.0,2.0,2.0,3.0,535,gemini,2024,남성,8,
2.0,2.0,2.0,2.0,3.0,3.0,2.0,,2.0,3.0,,3.0,2.0,3.0,2.0,1.0,1.0,2.0,2.0,2.0,2.0,2.0,3.0,1.0,3.0,3.0,2.0,2.0,2.0,2.0,2.0,,3.0,3.0,2.0,4.0,536,gemini,2024,남성,8,
2.0,2.0,2.0,2.0,3.0,3.0,2.0,,2.0,2.0,,2.0,2.0,2.0,2.0,2.0,1.0,2.0,2.0,2.0,2.0,2.0,3.0,1.0,3.0,2.0,2.0,2.0,2.0,2.0,2.0,,3.0,3.0,2.0,4.0,537,gemini,2024,남성,8,
1.0,1.0,2.0,2.0,2.0,1.0,1.0,,1.0,2.0,,2.0,1.0,2.0,1.0,2.0,1.0,2.0,2.0,2.0,1.0,2.0,2.0,1.0,2.0,2.0,2.0,1.0,1.0,1.0,1.0,,2.0,2.0,2.0,3.0,538,gemini,2024,남성,8,
1.0,1.0,2.0,2.0,2.0,2.0,1.0,,1.0,1.0,,2.0,1.0,1.0,1.0,2.0,1.0,1.0,2.0,2.0,1.0,1.0,2.0,2.0,2.0,1.0,2.0,1.0,1.0,1.0,1.0,,2.0,2.0,1.0,2.0,539,gemini,2024,남성,8,
2.0,2.0,2.0,2.0,4.0,2.0,2.0,,3.0,3.0,,2.0,2.0,3.0,2.0,2.0,1.0,2.0,2.0,2.0,2.0,2.0,4.0,1.0,3.0,2.0,2.0,2.0,1.0,2.0,1.0,,3.0,2.0,3.0,3.0,540,gemini,2024,남성,8,
1.0,1.0,2.0,2.0,2.0,2.0,1.0,,1.0,1.0,,1.0,1.0,1.0,1.0,2.0,2.0,1.0,2.0,2.0,1.0,1.0,2.0,2.0,2.0,1.0,2.0,1.0,1.0,1.0,1.0,,2.0,2.0,1.0,2.0,541,gemini,2024,남성,8,
1.0,2.0,2.0,2.0,3.0,2.0,1.0,,1.0,2.0,,2.0,1.0,2.0,2.0,2.0,1.0,2.0,2.0,2.0,1.0,2.0,2.0,1.0,3.0,2.0,2.0,2.0,1.0,2.0,1.0,,3.0,2.0,2.0,4.0,542,gemini,2024,남성,8,
2.0,2.0,2.0,2.0,2.0,2.0,1.0,,2.0,2.0,,1.0,2.0,2.0,1.0,2.0,2.0,1.0,2.0,2.0,1.0,1.0,2.0,2.0,2.0,2.0,2.0,2.0,1.0,1.0,1.0,,2.0,2.0,2.0,2.0,543,gemini,2024,남성,8,
2.0,2.0,2.0,2.0,2.0,2.0,1.0,,1.0,2.0,,2.0,1.0,2.0,2.0,2.0,1.0,2.0,2.0,2.0,1.0,1.0,2.0,1.0,2.0,2.0,2.0,1.0,1.0,1.0,1.0,,2.0,2.0,2.0,2.0,544,gemini,2024,남성,8,
1.0,2.0,2.0,2.0,2.0,2.0,1.0,,1.0,2.0,,1.0,1.0,2.0,1.0,2.0,2.0,1.0,2.0,2.0,1.0,1.0,2.0,2.0,2.0,2.0,2.0,2.0,1.0,1.0,1.0,,2.0,2.0,2.0,4.0,545,gemini,2024,남성,8,
3.0,3.0,2.0,1.0,4.0,3.0,2.0,4.0,3.0,4.0,1.0,4.0,4.0,4.0,3.0,2.0,1.0,4.0,2.0,2.0,2.0,4.0,4.0,1.0,4.0,3.0,2.0,2.0,2.0,3.0,2.0,2.0,4.0,3.0,3.0,4.0,546,gemini,2024,남성,8,
1.0,2.0,2.0,2.0,3.0,3.0,2.0,,2.0,2.0,,2.0,2.0,3.0,2.0,2.0,1.0,2.0,2.0,2.0,2.0,2.0,3.0,1.0,3.0,2.0,2.0,2.0,1.0,2.0,2.0,,2.0,3.0,2.0,3.0,547,gemini,2024,남성,8,
1.0,1.0,2.0,2.0,2.0,2.0,1.0,,1.0,2.0,,2.0,1.0,2.0,1.0,2.0,2.0,1.0,2.0,2.0,1.0,1.0,2.0,2.0,2.0,2.0,2.0,1.0,1.0,1.0,1.0,,2.0,2.0,1.0,3.0,548,gemini,2024,남성,8,
2.0,2.0,2.0,2.0,4.0,3.0,2.0,,2.0,3.0,,2.0,2.0,3.0,2.0,2.0,1.0,3.0,2.0,2.0,2.0,2.0,4.0,1.0,4.0,3.0,2.0,2.0,2.0,2.0,2.0,,3.0,3.0,2.0,4.0,549,gemini,2024,남성,8,
1.0,1.0,2.0,2.0,3.0,2.0,1.0,,1.0,2.0,,2.0,1.0,2.0,1.0,2.0,2.0,2.0,2.0,2.0,1.0,2.0,3.0,1.0,3.0,2.0,2.0,1.0,1.0,1.0,1.0,,3.0,2.0,1.0,3.0,550,gemini,2024,남성,8,
2.0,2.0,2.0,2.0,3.0,2.0,2.0,,1.0,2.0,,2.0,1.0,2.0,1.0,2.0,1.0,2.0,2.0,2.0,2.0,2.0,3.0,1.0,3.0,2.0,2.0,1.0,1.0,2.0,1.0,,3.0,3.0,2.0,4.0,551,gemini,2024,남성,8,
2.0,2.0,2.0,2.0,3.0,2.0,2.0,,2.0,2.0,,2.0,2.0,2.0,1.0,2.0,2.0,1.0,2.0,2.0,2.0,1.0,3.0,2.0,2.0,2.0,2.0,2.0,1.0,2.0,2.0,,2.0,2.0,2.0,4.0,552,gemini,2024,남성,8,
2.0,2.0,2.0,2.0,3.0,3.0,1.0,,2.0,2.0,,3.0,2.0,2.0,2.0,2.0,1.0,2.0,2.0,2.0,1.0,2.0,2.0,1.0,3.0,2.0,2.0,2.0,1.0,2.0,1.0,,3.0,2.0,2.0,3.0,553,gemini,2024,남성,8,
1.0,2.0,2.0,2.0,2.0,3.0,1.0,,1.0,2.0,,2.0,1.0,2.0,2.0,2.0,1.0,2.0,2.0,2.0,1.0,2.0,2.0,1.0,3.0,2.0,2.0,1.0,1.0,2.0,1.0,,3.0,2.0,2.0,4.0,554,gemini,2024,남성,8,
1.0,2.0,2.0,2.0,2.0,2.0,1.0,,1.0,2.0,,2.0,1.0,2.0,1.0,2.0,1.0,2.0,2.0,2.0,1.0,2.0,2.0,1.0,3.0,2.0,2.0,2.0,1.0,2.0,1.0,,3.0,2.0,2.0,3.0,555,gemini,2024,남성,8,
1.0,1.0,2.0,2.0,2.0,2.0,1.0,,1.0,1.0,,2.0,1.0,1.0,1.0,2.0,1.0,1.0,2.0,2.0,1.0,1.0,2.0,1.0,2.0,1.0,2.0,1.0,1.0,1.0,1.0,,2.0,2.0,1.0,4.0,556,gemini,2024,남성,8,
1.0,1.0,2.0,2.0,3.0,2.0,1.0,,1.0,2.0,,3.0,1.0,1.0,2.0,2.0,1.0,2.0,2.0,2.0,1.0,2.0,2.0,1.0,3.0,2.0,2.0,2.0,1.0,1.0,1.0,,2.0,3.0,2.0,4.0,557,gemini,2024,남성,8,
1.0,2.0,2.0,2.0,3.0,2.0,1.0,,1.0,2.0,,2.0,1.0,2.0,2.0,2.0,1.0,2.0,2.0,2.0,1.0,1.0,2.0,1.0,2.0,2.0,2.0,2.0,1.0,2.0,1.0,,2.0,2.0,2.0,3.0,558,gemini,2024,남성,8,
1.0,2.0,2.0,2.0,2.0,2.0,1.0,,1.0,2.0,,2.0,1.0,2.0,2.0,2.0,1.0,1.0,2.0,2.0,1.0,1.0,2.0,1.0,2.0,2.0,2.0,1.0,1.0,1.0,1.0,,2.0,2.0,2.0,2.0,559,gemini,2024,남성,8,
1.0,2.0,2.0,2.0,2.0,2.0,1.0,,1.0,2.0,,2.0,1.0,2.0,1.0,2.0,1.0,2.0,2.0,2.0,1.0,1.0,2.0,1.0,2.0,2.0,2.0,1.0,1.0,2.0,1.0,,2.0,2.0,2.0,3.0,560,gemini,2024,남성,8,
3.0,2.0,2.0,2.0,3.0,3.0,2.0,,3.0,3.0,,3.0,3.0,3.0,2.0,2.0,1.0,2.0,2.0,2.0,2.0,2.0,3.0,1.0,4.0,2.0,2.0,2.0,2.0,2.0,2.0,,4.0,3.0,2.0,3.0,561,gemini,2024,남성,8,
2.0,2.0,2.0,2.0,4.0,3.0,2.0,,2.0,3.0,,3.0,2.0,3.0,2.0,2.0,1.0,2.0,2.0,2.0,2.0,2.0,3.0,1.0,3.0,3.0,2.0,2.0,1.0,2.0,1.0,,3.0,3.0,2.0,3.0,562,gemini,2024,남성,8,
2.0,2.0,2.0,2.0,3.0,2.0,2.0,,2.0,2.0,,2.0,2.0,2.0,2.0,2.0,1.0,2.0,2.0,2.0,2.0,2.0,3.0,1.0,3.0,3.0,2.0,2.0,2.0,2.0,2.0,,3.0,2.0,2.0,3.0,563,gemini,2024,남성,8,
2.0,2.0,2.0,2.0,4.0,3.0,1.0,,2.0,3.0,,3.0,3.0,3.0,2.0,2.0,1.0,2.0,2.0,2.0,2.0,2.0,4.0,1.0,3.0,2.0,2.0,2.0,2.0,2.0,1.0,,3.0,3.0,2.0,4.0,564,gemini,2024,남성,8,
1.0,2.0,2.0,2.0,2.0,2.0,1.0,,1.0,2.0,,2.0,2.0,2.0,2.0,2.0,1.0,2.0,2.0,2.0,1.0,2.0,2.0,1.0,3.0,2.0,2.0,1.0,1.0,1.0,1.0,,3.0,2.0,2.0,4.0,565,gemini,2024,남성,8,
1.0,1.0,2.0,2.0,2.0,2.0,1.0,,1.0,2.0,,1.0,1.0,1.0,1.0,2.0,2.0,1.0,2.0,2.0,1.0,1.0,2.0,2.0,2.0,2.0,2.0,1.0,1.0,1.0,1.0,,2.0,2.0,1.0,3.0,566,gemini,2024,남성,8,
1.0,1.0,2.0,2.0,2.0,1.0,1.0,,1.0,1.0,,2.0,1.0,1.0,1.0,2.0,2.0,1.0,2.0,2.0,1.0,1.0,2.0,2.0,2.0,1.0,2.0,1.0,1.0,1.0,1.0,,2.0,2.0,2.0,4.0,567,gemini,2024,남성,8,
1.0,1.0,2.0,2.0,2.0,2.0,1.0,,1.0,1.0,,2.0,1.0,1.0,1.0,2.0,2.0,1.0,2.0,2.0,1.0,1.0,2.0,1.0,2.0,2.0,2.0,1.0,1.0,1.0,1.0,,2.0,2.0,2.0,3.0,568,gemini,2024,남성,8,
1.0,2.0,2.0,2.0,3.0,2.0,1.0,,1.0,2.0,,2.0,1.0,2.0,2.0,2.0,1.0,2.0,2.0,2.0,1.0,1.0,3.0,1.0,3.0,2.0,2.0,2.0,1.0,2.0,1.0,,3.0,2.0,2.0,2.0,569,gemini,2024,남성,8,
1.0,1.0,2.0,2.0,2.0,2.0,1.0,,1.0,2.0,,1.0,1.0,2.0,1.0,2.0,2.0,1.0,2.0,2.0,1.0,1.0,2.0,1.0,2.0,2.0,2.0,1.0,1.0,1.0,1.0,,2.0,2.0,1.0,2.0,570,gemini,2024,남성,8,
2.0,2.0,1.0,1.0,5.0,3.0,4.0,3.0,2.0,4.0,1.0,3.0,2.0,5.0,3.0,1.0,1.0,4.0,1.0,2.0,4.0,4.0,5.0,1.0,4.0,3.0,2.0,4.0,2.0,3.0,3.0,2.0,3.0,3.0,3.0,4.0,571,gemini,2024,여성,2,
2.0,2.0,1.0,1.0,4.0,3.0,2.0,3.0,3.0,3.0,8.0,3.0,2.0,4.0,3.0,1.0,1.0,3.0,1.0,2.0,2.0,4.0,4.0,1.0,3.0,2.0,1.0,3.0,2.0,2.0,2.0,2.0,3.0,2.0,2.0,3.0,572,gemini,2024,여성,2,
2.0,2.0,2.0,1.0,4.0,3.0,2.0,3.0,2.0,3.0,1.0,3.0,2.0,3.0,2.0,1.0,1.0,4.0,1.0,2.0,2.0,4.0,4.0,1.0,3.0,3.0,1.0,3.0,2.0,2.0,2.0,2.0,3.0,3.0,3.0,4.0,573,gemini,2024,여성,2,
2.0,2.0,1.0,1.0,4.0,3.0,3.0,3.0,3.0,4.0,1.0,4.0,2.0,4.0,3.0,1.0,1.0,4.0,1.0,1.0,3.0,4.0,4.0,1.0,4.0,3.0,1.0,3.0,2.0,2.0,3.0,2.0,4.0,3.0,2.0,4.0,574,gemini,2024,여성,2,
2.0,2.0,1.0,1.0,4.0,3.0,3.0,3.0,3.0,4.0,1.0,4.0,2.0,4.0,3.0,1.0,1.0,4.0,1.0,1.0,3.0,4.0,4.0,1.0,4.0,3.0,1.0,3.0,2.0,2.0,3.0,2.0,4.0,3.0,3.0,4.0,575,gemini,2024,여성,2,
2.0,2.0,1.0,1.0,4.0,3.0,2.0,4.0,2.0,3.0,1.0,3.0,2.0,3.0,2.0,1.0,1.0,4.0,1.0,2.0,2.0,4.0,4.0,1.0,3.0,3.0,1.0,3.0,1.0,2.0,2.0,2.0,3.0,3.0,3.0,3.0,576,gemini,2024,여성,2,
2.0,2.0,1.0,2.0,4.0,3.0,2.0,,3.0,3.0,,3.0,3.0,3.0,2.0,1.0,1.0,4.0,1.0,2.0,2.0,4.0,4.0,1.0,3.0,3.0,2.0,3.0,2.0,2.0,2.0,,3.0,2.0,2.0,4.0,577,gemini,2024,여성,2,
2.0,2.0,1.0,1.0,5.0,3.0,4.0,3.0,2.0,4.0,1.0,4.0,2.0,5.0,3.0,1.0,1.0,5.0,1.0,1.0,4.0,5.0,5.0,1.0,4.0,4.0,1.0,4.0,2.0,3.0,3.0,2.0,4.0,4.0,3.0,4.0,578,gemini,2024,여성,2,
2.0,2.0,1.0,1.0,4.0,3.0,2.0,4.0,3.0,3.0,1.0,3.0,2.0,3.0,3.0,1.0,1.0,3.0,1.0,2.0,2.0,3.0,4.0,1.0,3.0,3.0,1.0,4.0,2.0,2.0,2.0,2.0,3.0,3.0,2.0,3.0,579,gemini,2024,여성,2,
2.0,3.0,1.0,1.0,4.0,3.0,3.0,3.0,2.0,3.0,1.0,3.0,2.0,4.0,3.0,1.0,1.0,4.0,1.0,2.0,3.0,4.0,4.0,1.0,3.0,2.0,1.0,3.0,2.0,2.0,2.0,2.0,3.0,3.0,3.0,3.0,580,gemini,2024,여성,2,
2.0,2.0,1.0,1.0,4.0,3.0,2.0,4.0,2.0,3.0,1.0,3.0,2.0,4.0,3.0,1.0,1.0,4.0,1.0,2.0,2.0,4.0,4.0,1.0,4.0,3.0,1.0,3.0,2.0,2.0,2.0,2.0,3.0,3.0,3.0,4.0,581,gemini,2024,여성,2,
2.0,2.0,1.0,1.0,4.0,3.0,3.0,3.0,2.0,4.0,1.0,4.0,2.0,4.0,3.0,1.0,1.0,4.0,1.0,2.0,3.0,4.0,4.0,1.0,4.0,3.0,1.0,3.0,2.0,2.0,3.0,2.0,4.0,3.0,3.0,4.0,582,gemini,2024,여성,2,
2.0,2.0,1.0,1.0,4.0,3.0,2.0,4.0,3.0,4.0,1.0,3.0,3.0,4.0,3.0,1.0,1.0,4.0,1.0,2.0,2.0,4.0,4.0,1.0,4.0,3.0,1.0,3.0,2.0,2.0,2.0,2.0,4.0,3.0,2.0,3.0,583,gemini,2024,여성,2,
3.0,2.0,1.0,1.0,4.0,3.0,2.0,3.0,2.0,3.0,1.0,4.0,2.0,3.0,3.0,1.0,1.0,4.0,1.0,2.0,2.0,4.0,4.0,1.0,4.0,3.0,1.0,3.0,2.0,2.0,2.0,2.0,4.0,3.0,3.0,4.0,584,gemini,2024,여성,2,
2.0,2.0,1.0,1.0,4.0,3.0,3.0,3.0,2.0,4.0,1.0,3.0,2.0,4.0,3.0,1.0,1.0,4.0,1.0,1.0,3.0,4.0,4.0,1.0,4.0,3.0,1.0,4.0,2.0,3.0,3.0,2.0,3.0,3.0,3.0,4.0,585,gemini,2024,여성,2,
4.0,3.0,1.0,1.0,4.0,3.0,2.0,4.0,3.0,3.0,1.0,4.0,4.0,3.0,3.0,1.0,1.0,4.0,1.0,2.0,2.0,4.0,4.0,1.0,4.0,3.0,1.0,3.0,2.0,2.0,2.0,2.0,4.0,3.0,3.0,3.0,586,gemini,2024,여성,2,
2.0,2.0,1.0,1.0,4.0,3.0,2.0,4.0,3.0,3.0,1.0,4.0,3.0,3.0,3.0,1.0,1.0,4.0,1.0,2.0,2.0,4.0,4.0,1.0,4.0,2.0,1.0,3.0,2.0,2.0,2.0,2.0,4.0,3.0,3.0,4.0,587,gemini,2024,여성,2,
2.0,2.0,2.0,1.0,3.0,3.0,2.0,4.0,2.0,3.0,1.0,3.0,2.0,3.0,3.0,1.0,1.0,4.0,1.0,2.0,2.0,4.0,3.0,1.0,3.0,2.0,1.0,2.0,1.0,2.0,2.0,2.0,3.0,3.0,2.0,3.0,588,gemini,2024,여성,2,
2.0,2.0,1.0,1.0,4.0,3.0,3.0,3.0,2.0,3.0,1.0,3.0,2.0,4.0,3.0,1.0,1.0,4.0,1.0,2.0,3.0,4.0,4.0,1.0,4.0,3.0,1.0,4.0,2.0,2.0,2.0,2.0,3.0,3.0,3.0,4.0,589,gemini,2024,여성,2,
1.0,2.0,2.0,2.0,4.0,3.0,2.0,,2.0,3.0,,3.0,2.0,4.0,2.0,1.0,1.0,4.0,1.0,2.0,3.0,4.0,4.0,1.0,3.0,3.0,1.0,3.0,1.0,2.0,2.0,,3.0,3.0,3.0,4.0,590,gemini,2024,여성,2,
2.0,2.0,1.0,1.0,4.0,3.0,2.0,4.0,3.0,4.0,1.0,3.0,2.0,4.0,3.0,1.0,1.0,4.0,1.0,2.0,2.0,4.0,4.0,1.0,4.0,3.0,1.0,3.0,2.0,2.0,2.0,2.0,4.0,3.0,2.0,4.0,591,gemini,2024,여성,2,
2.0,2.0,1.0,1.0,5.0,3.0,4.0,3.0,3.0,4.0,8.0,4.0,2.0,4.0,3.0,1.0,1.0,4.0,1.0,1.0,4.0,4.0,4.0,1.0,4.0,3.0,1.0,4.0,2.0,3.0,4.0,2.0,4.0,3.0,3.0,4.0,592,gemini,2024,여성,2,
2.0,3.0,1.0,1.0,5.0,3.0,5.0,3.0,2.0,5.0,1.0,4.0,2.0,5.0,3.0,1.0,1.0,4.0,1.0,1.0,5.0,4.0,5.0,1.0,4.0,4.0,1.0,5.0,2.0,3.0,4.0,2.0,4.0,3.0,3.0,4.0,593,gemini,2024,여성,2,
2.0,2.0,1.0,1.0,4.0,3.0,2.0,4.0,2.0,3.0,1.0,3.0,2.0,3.0,3.0,1.0,1.0,4.0,1.0,2.0,2.0,4.0,4.0,1.0,3.0,3.0,1.0,3.0,1.0,2.0,2.0,2.0,3.0,3.0,2.0,4.0,594,gemini,2024,여성,2,
2.0,2.0,1.0,1.0,4.0,3.0,2.0,3.0,2.0,4.0,1.0,3.0,2.0,4.0,3.0,1.0,1.0,4.0,1.0,1.0,2.0,4.0,4.0,1.0,4.0,3.0,1.0,3.0,2.0,2.0,2.0,2.0,4.0,3.0,3.0,4.0,595,gemini,2024,여성,2,
3.0,2.0,1.0,1.0,4.0,3.0,3.0,3.0,3.0,4.0,1.0,3.0,3.0,4.0,3.0,1.0,1.0,4.0,1.0,2.0,3.0,4.0,4.0,1.0,4.0,3.0,1.0,4.0,2.0,2.0,2.0,2.0,3.0,3.0,3.0,3.0,596,gemini,2024,여성,2,
2.0,2.0,1.0,1.0,4.0,3.0,3.0,3.0,3.0,4.0,1.0,4.0,3.0,4.0,3.0,1.0,1.0,5.0,1.0,1.0,3.0,5.0,4.0,1.0,4.0,3.0,1.0,4.0,2.0,2.0,2.0,2.0,4.0,3.0,3.0,3.0,597,gemini,2024,여성,2,
2.0,2.0,2.0,2.0,3.0,2.0,2.0,,2.0,2.0,,2.0,2.0,3.0,2.0,1.0,1.0,3.0,1.0,2.0,2.0,3.0,3.0,1.0,3.0,2.0,1.0,3.0,1.0,2.0,2.0,,3.0,2.0,2.0,3.0,598,gemini,2024,여성,2,
3.0,2.0,1.0,1.0,4.0,3.0,2.0,3.0,4.0,4.0,6.0,3.0,3.0,4.0,3.0,1.0,1.0,4.0,1.0,2.0,2.0,4.0,4.0,1.0,4.0,2.0,1.0,4.0,2.0,2.0,2.0,2.0,3.0,3.0,2.0,4.0,599,gemini,2024,여성,2,
3.0,3.0,1.0,1.0,4.0,3.0,3.0,3.0,3.0,4.0,1.0,3.0,3.0,4.0,3.0,1.0,1.0,4.0,1.0,1.0,3.0,4.0,4.0,1.0,4.0,3.0,1.0,3.0,2.0,2.0,2.0,2.0,4.0,3.0,3.0,3.0,600,gemini,2024,여성,2,
2.0,3.0,2.0,2.0,4.0,3.0,3.0,,2.0,4.0,,3.0,2.0,4.0,2.0,1.0,1.0,4.0,1.0,2.0,3.0,4.0,4.0,1.0,3.0,3.0,1.0,3.0,2.0,2.0,2.0,,3.0,3.0,3.0,4.0,601,gemini,2024,여성,2,
2.0,2.0,1.0,1.0,4.0,3.0,3.0,3.0,3.0,4.0,1.0,3.0,2.0,4.0,3.0,1.0,1.0,4.0,1.0,2.0,3.0,4.0,4.0,1.0,4.0,3.0,1.0,4.0,2.0,2.0,3.0,2.0,3.0,3.0,2.0,4.0,602,gemini,2024,여성,2,
2.0,2.0,2.0,2.0,4.0,3.0,3.0,,2.0,3.0,,2.0,2.0,3.0,2.0,1.0,1.0,4.0,1.0,2.0,3.0,4.0,4.0,1.0,3.0,2.0,1.0,3.0,2.0,2.0,2.0,,3.0,3.0,3.0,3.0,603,gemini,2024,여성,2,
1.0,2.0,2.0,1.0,3.0,3.0,2.0,4.0,2.0,3.0,1.0,3.0,2.0,3.0,2.0,1.0,1.0,4.0,1.0,2.0,2.0,4.0,3.0,1.0,3.0,2.0,2.0,2.0,1.0,2.0,1.0,2.0,3.0,3.0,2.0,3.0,604,gemini,2024,여성,2,
2.0,3.0,1.0,1.0,4.0,3.0,4.0,3.0,2.0,4.0,1.0,3.0,2.0,4.0,3.0,1.0,1.0,4.0,1.0,1.0,4.0,4.0,4.0,1.0,4.0,3.0,1.0,4.0,2.0,3.0,3.0,2.0,3.0,3.0,3.0,4.0,605,gemini,2024,여성,2,
2.0,2.0,1.0,1.0,4.0,3.0,3.0,3.0,2.0,3.0,1.0,4.0,2.0,4.0,3.0,1.0,1.0,4.0,1.0,1.0,3.0,4.0,4.0,1.0,3.0,3.0,1.0,3.0,2.0,2.0,2.0,2.0,3.0,3.0,3.0,4.0,606,gemini,2024,여성,2,
2.0,3.0,1.0,1.0,5.0,3.0,4.0,3.0,2.0,4.0,1.0,3.0,2.0,4.0,3.0,1.0,1.0,4.0,1.0,2.0,4.0,4.0,5.0,1.0,4.0,3.0,1.0,4.0,2.0,3.0,3.0,2.0,4.0,3.0,3.0,4.0,607,gemini,2024,여성,2,
2.0,2.0,1.0,1.0,5.0,3.0,5.0,3.0,2.0,4.0,1.0,3.0,2.0,5.0,2.0,1.0,1.0,4.0,1.0,1.0,5.0,4.0,5.0,1.0,4.0,4.0,1.0,5.0,2.0,3.0,4.0,2.0,3.0,3.0,3.0,4.0,608,gemini,2024,여성,2,
2.0,2.0,1.0,1.0,4.0,3.0,3.0,4.0,3.0,3.0,1.0,4.0,2.0,4.0,3.0,1.0,1.0,4.0,1.0,1.0,3.0,4.0,4.0,1.0,4.0,3.0,1.0,4.0,2.0,2.0,3.0,2.0,3.0,3.0,3.0,3.0,609,gemini,2024,여성,2,
2.0,3.0,1.0,1.0,5.0,3.0,4.0,3.0,2.0,4.0,1.0,4.0,2.0,5.0,3.0,1.0,1.0,4.0,1.0,1.0,4.0,4.0,5.0,1.0,4.0,3.0,1.0,4.0,2.0,3.0,3.0,2.0,4.0,3.0,3.0,4.0,610,gemini,2024,여성,2,
2.0,2.0,1.0,1.0,4.0,3.0,2.0,4.0,2.0,4.0,1.0,3.0,2.0,4.0,3.0,1.0,1.0,4.0,1.0,2.0,2.0,4.0,4.0,1.0,4.0,3.0,1.0,3.0,2.0,2.0,2.0,2.0,4.0,3.0,3.0,3.0,611,gemini,2024,여성,2,
2.0,2.0,1.0,1.0,4.0,3.0,3.0,3.0,2.0,4.0,1.0,3.0,2.0,4.0,3.0,1.0,1.0,4.0,1.0,2.0,3.0,4.0,4.0,1.0,4.0,3.0,1.0,3.0,2.0,2.0,3.0,2.0,3.0,3.0,3.0,4.0,612,gemini,2024,여성,2,
2.0,2.0,1.0,1.0,4.0,3.0,2.0,3.0,3.0,3.0,1.0,4.0,2.0,3.0,3.0,1.0,1.0,4.0,1.0,2.0,2.0,4.0,4.0,1.0,4.0,2.0,1.0,4.0,2.0,2.0,2.0,2.0,4.0,2.0,2.0,4.0,613,gemini,2024,여성,2,
2.0,3.0,1.0,1.0,4.0,3.0,2.0,4.0,2.0,3.0,1.0,3.0,2.0,3.0,3.0,1.0,1.0,4.0,1.0,2.0,2.0,4.0,4.0,1.0,4.0,3.0,1.0,3.0,2.0,2.0,2.0,2.0,3.0,3.0,3.0,3.0,614,gemini,2024,여성,2,
2.0,2.0,1.0,1.0,4.0,3.0,4.0,5.0,2.0,4.0,1.0,3.0,2.0,4.0,3.0,1.0,1.0,4.0,1.0,2.0,3.0,4.0,4.0,1.0,3.0,3.0,1.0,4.0,2.0,3.0,3.0,2.0,3.0,3.0,3.0,3.0,615,gemini,2024,여성,2,
2.0,3.0,2.0,2.0,3.0,3.0,2.0,,2.0,3.0,,3.0,2.0,3.0,2.0,1.0,1.0,4.0,1.0,2.0,2.0,4.0,4.0,1.0,3.0,3.0,1.0,3.0,2.0,2.0,2.0,,3.0,3.0,3.0,4.0,616,gemini,2024,여성,2,
2.0,2.0,1.0,1.0,5.0,3.0,4.0,3.0,2.0,4.0,1.0,3.0,2.0,4.0,3.0,1.0,1.0,5.0,1.0,1.0,4.0,4.0,4.0,1.0,4.0,3.0,1.0,4.0,2.0,3.0,3.0,2.0,4.0,3.0,3.0,4.0,617,gemini,2024,여성,2,
3.0,2.0,1.0,1.0,4.0,3.0,2.0,3.0,3.0,4.0,1.0,4.0,4.0,4.0,3.0,1.0,1.0,4.0,1.0,2.0,2.0,4.0,4.0,1.0,4.0,3.0,1.0,3.0,2.0,3.0,2.0,2.0,4.0,3.0,3.0,2.0,618,gemini,2024,여성,2,
2.0,2.0,1.0,1.0,4.0,2.0,3.0,3.0,3.0,3.0,1.0,3.0,2.0,3.0,3.0,1.0,1.0,4.0,1.0,2.0,2.0,4.0,4.0,1.0,4.0,3.0,1.0,4.0,2.0,2.0,2.0,2.0,3.0,2.0,2.0,3.0,619,gemini,2024,여성,2,
3.0,2.0,1.0,1.0,5.0,3.0,4.0,4.0,3.0,4.0,1.0,3.0,2.0,4.0,3.0,1.0,1.0,4.0,1.0,2.0,3.0,4.0,5.0,1.0,4.0,3.0,1.0,3.0,2.0,3.0,3.0,2.0,4.0,3.0,3.0,4.0,620,gemini,2024,여성,2,
2.0,2.0,1.0,1.0,4.0,3.0,3.0,4.0,2.0,3.0,1.0,3.0,2.0,3.0,2.0,1.0,1.0,4.0,1.0,2.0,3.0,4.0,4.0,1.0,3.0,3.0,1.0,4.0,2.0,2.0,2.0,2.0,3.0,2.0,3.0,3.0,621,gemini,2024,여성,2,
2.0,3.0,1.0,1.0,5.0,4.0,4.0,3.0,2.0,4.0,1.0,4.0,2.0,5.0,3.0,1.0,1.0,5.0,1.0,1.0,4.0,5.0,5.0,1.0,4.0,4.0,1.0,4.0,2.0,3.0,3.0,2.0,4.0,3.0,3.0,4.0,622,gemini,2024,여성,2,
3.0,2.0,1.0,1.0,4.0,3.0,2.0,3.0,3.0,4.0,1.0,3.0,3.0,4.0,3.0,1.0,1.0,4.0,1.0,2.0,2.0,4.0,4.0,1.0,4.0,2.0,1.0,4.0,2.0,2.0,2.0,2.0,4.0,3.0,2.0,4.0,623,gemini,2024,여성,2,
2.0,2.0,1.0,1.0,4.0,3.0,2.0,4.0,3.0,3.0,1.0,3.0,3.0,3.0,3.0,1.0,1.0,4.0,1.0,2.0,2.0,4.0,4.0,1.0,4.0,3.0,1.0,2.0,2.0,2.0,2.0,2.0,4.0,3.0,3.0,4.0,624,gemini,2024,여성,2,
2.0,2.0,1.0,1.0,4.0,3.0,3.0,3.0,2.0,4.0,1.0,4.0,2.0,4.0,3.0,1.0,1.0,4.0,1.0,1.0,3.0,4.0,4.0,1.0,4.0,3.0,1.0,4.0,2.0,2.0,3.0,2.0,3.0,3.0,3.0,4.0,625,gemini,2024,여성,2,
3.0,3.0,1.0,1.0,4.0,3.0,3.0,4.0,3.0,4.0,1.0,4.0,3.0,3.0,3.0,1.0,1.0,4.0,1.0,2.0,3.0,4.0,4.0,1.0,4.0,3.0,1.0,4.0,2.0,2.0,2.0,2.0,4.0,3.0,3.0,4.0,626,gemini,2024,여성,2,
2.0,2.0,1.0,1.0,4.0,2.0,3.0,3.0,3.0,4.0,1.0,3.0,2.0,4.0,3.0,1.0,1.0,4.0,1.0,1.0,3.0,4.0,4.0,1.0,4.0,3.0,1.0,4.0,2.0,3.0,3.0,2.0,3.0,2.0,3.0,3.0,627,gemini,2024,여성,2,
2.0,2.0,1.0,1.0,4.0,3.0,2.0,3.0,2.0,3.0,1.0,4.0,3.0,4.0,3.0,1.0,1.0,4.0,1.0,1.0,2.0,4.0,4.0,1.0,4.0,3.0,1.0,4.0,2.0,2.0,2.0,2.0,4.0,3.0,3.0,3.0,628,gemini,2024,여성,2,
2.0,3.0,1.0,1.0,4.0,3.0,3.0,4.0,2.0,3.0,1.0,3.0,2.0,4.0,3.0,1.0,1.0,4.0,1.0,2.0,3.0,4.0,4.0,1.0,4.0,3.0,1.0,4.0,2.0,2.0,2.0,2.0,4.0,3.0,3.0,4.0,629,gemini,2024,여성,2,
3.0,2.0,1.0,1.0,4.0,3.0,2.0,4.0,3.0,3.0,1.0,4.0,3.0,3.0,3.0,1.0,1.0,4.0,1.0,2.0,3.0,4.0,4.0,1.0,4.0,3.0,1.0,3.0,2.0,2.0,2.0,2.0,4.0,3.0,3.0,4.0,630,gemini,2024,여성,2,
2.0,2.0,1.0,1.0,4.0,3.0,4.0,3.0,2.0,4.0,1.0,3.0,2.0,4.0,3.0,1.0,1.0,4.0,1.0,1.0,4.0,4.0,4.0,1.0,4.0,3.0,1.0,4.0,2.0,3.0,4.0,2.0,4.0,3.0,3.0,3.0,631,gemini,2024,여성,2,
2.0,3.0,1.0,1.0,5.0,4.0,3.0,4.0,3.0,4.0,1.0,4.0,3.0,4.0,3.0,1.0,1.0,4.0,1.0,1.0,4.0,4.0,5.0,1.0,4.0,4.0,1.0,4.0,2.0,3.0,3.0,2.0,4.0,3.0,3.0,4.0,632,gemini,2024,여성,2,
2.0,2.0,1.0,1.0,4.0,3.0,3.0,3.0,3.0,4.0,1.0,4.0,2.0,4.0,3.0,1.0,1.0,4.0,1.0,1.0,3.0,4.0,4.0,1.0,4.0,3.0,1.0,4.0,2.0,3.0,3.0,2.0,4.0,3.0,3.0,4.0,633,gemini,2024,여성,2,
2.0,2.0,1.0,1.0,4.0,3.0,3.0,3.0,3.0,4.0,1.0,4.0,3.0,4.0,3.0,1.0,1.0,4.0,1.0,1.0,3.0,4.0,4.0,1.0,4.0,3.0,1.0,4.0,2.0,2.0,3.0,2.0,4.0,3.0,3.0,4.0,634,gemini,2024,여성,2,
4.0,3.0,1.0,1.0,4.0,3.0,3.0,4.0,3.0,3.0,1.0,4.0,4.0,3.0,3.0,1.0,1.0,4.0,1.0,2.0,3.0,4.0,4.0,1.0,4.0,3.0,1.0,3.0,2.0,2.0,2.0,2.0,4.0,3.0,3.0,3.0,635,gemini,2024,여성,2,
2.0,3.0,1.0,1.0,4.0,3.0,2.0,4.0,2.0,3.0,1.0,3.0,2.0,3.0,3.0,1.0,1.0,4.0,1.0,2.0,2.0,4.0,4.0,1.0,4.0,4.0,1.0,3.0,2.0,2.0,2.0,2.0,4.0,3.0,3.0,3.0,636,gemini,2024,여성,2,
2.0,2.0,1.0,1.0,4.0,3.0,3.0,3.0,2.0,3.0,1.0,3.0,2.0,4.0,3.0,1.0,1.0,4.0,1.0,1.0,3.0,4.0,4.0,1.0,4.0,3.0,1.0,4.0,2.0,2.0,2.0,2.0,3.0,3.0,3.0,3.0,637,gemini,2024,여성,2,
2.0,2.0,1.0,1.0,4.0,3.0,2.0,3.0,2.0,3.0,1.0,3.0,3.0,3.0,3.0,1.0,1.0,4.0,1.0,1.0,2.0,4.0,4.0,1.0,4.0,3.0,1.0,3.0,2.0,2.0,2.0,2.0,3.0,3.0,3.0,4.0,638,gemini,2024,여성,2,
3.0,2.0,1.0,1.0,4.0,2.0,2.0,4.0,3.0,3.0,1.0,3.0,3.0,3.0,3.0,1.0,1.0,4.0,1.0,2.0,2.0,4.0,4.0,1.0,4.0,3.0,1.0,3.0,2.0,2.0,2.0,2.0,4.0,2.0,2.0,3.0,639,gemini,2024,여성,2,
3.0,2.0,1.0,1.0,3.0,3.0,2.0,4.0,3.0,3.0,1.0,3.0,3.0,3.0,3.0,1.0,1.0,4.0,1.0,2.0,2.0,4.0,3.0,1.0,4.0,3.0,1.0,3.0,2.0,2.0,2.0,2.0,4.0,3.0,2.0,4.0,640,gemini,2024,여성,3,
2.0,2.0,1.0,1.0,4.0,3.0,3.0,4.0,2.0,3.0,1.0,3.0,2.0,4.0,2.0,1.0,1.0,4.0,1.0,2.0,3.0,4.0,4.0,1.0,3.0,3.0,1.0,3.0,2.0,2.0,2.0,2.0,3.0,3.0,2.0,3.0,641,gemini,2024,여성,3,
3.0,3.0,1.0,1.0,4.0,3.0,2.0,4.0,4.0,3.0,1.0,4.0,4.0,4.0,3.0,1.0,1.0,4.0,1.0,2.0,2.0,4.0,4.0,1.0,4.0,3.0,1.0,3.0,2.0,2.0,2.0,2.0,4.0,3.0,2.0,3.0,642,gemini,2024,여성,3,
3.0,3.0,1.0,1.0,4.0,3.0,3.0,1.0,3.0,4.0,1.0,4.0,4.0,4.0,3.0,1.0,1.0,4.0,1.0,2.0,3.0,4.0,4.0,1.0,4.0,3.0,1.0,4.0,3.0,2.0,3.0,2.0,4.0,3.0,3.0,3.0,643,gemini,2024,여성,3,
2.0,3.0,1.0,1.0,4.0,3.0,3.0,4.0,3.0,3.0,1.0,3.0,2.0,4.0,3.0,1.0,1.0,4.0,1.0,2.0,3.0,4.0,4.0,1.0,4.0,2.0,1.0,4.0,2.0,2.0,2.0,2.0,4.0,3.0,3.0,3.0,644,gemini,2024,여성,3,
3.0,3.0,1.0,1.0,4.0,3.0,3.0,4.0,4.0,3.0,1.0,4.0,4.0,4.0,3.0,1.0,1.0,4.0,1.0,2.0,3.0,4.0,4.0,1.0,4.0,3.0,1.0,3.0,2.0,2.0,2.0,2.0,4.0,3.0,3.0,3.0,645,gemini,2024,여성,3,
3.0,2.0,1.0,1.0,4.0,3.0,2.0,4.0,3.0,3.0,1.0,4.0,4.0,3.0,3.0,1.0,1.0,4.0,1.0,2.0,2.0,4.0,3.0,1.0,4.0,2.0,1.0,2.0,2.0,2.0,2.0,2.0,4.0,3.0,2.0,4.0,646,gemini,2024,여성,3,
3.0,3.0,1.0,1.0,4.0,3.0,3.0,3.0,4.0,4.0,1.0,3.0,3.0,4.0,3.0,1.0,1.0,4.0,1.0,2.0,3.0,4.0,4.0,1.0,4.0,3.0,1.0,4.0,2.0,2.0,2.0,2.0,4.0,3.0,3.0,3.0,647,gemini,2024,여성,3,
3.0,3.0,1.0,1.0,4.0,4.0,2.0,1.0,3.0,3.0,1.0,4.0,4.0,3.0,4.0,1.0,1.0,4.0,1.0,2.0,2.0,4.0,4.0,1.0,4.0,3.0,1.0,2.0,2.0,2.0,2.0,2.0,4.0,3.0,3.0,4.0,648,gemini,2024,여성,3,
3.0,2.0,1.0,1.0,4.0,3.0,2.0,4.0,3.0,4.0,1.0,3.0,3.0,4.0,3.0,1.0,1.0,4.0,1.0,2.0,3.0,4.0,4.0,1.0,4.0,3.0,1.0,4.0,2.0,2.0,3.0,2.0,4.0,2.0,3.0,3.0,649,gemini,2024,여성,3,
2.0,3.0,1.0,1.0,4.0,3.0,3.0,4.0,2.0,4.0,1.0,4.0,2.0,4.0,3.0,1.0,1.0,4.0,1.0,2.0,3.0,4.0,4.0,1.0,4.0,4.0,1.0,4.0,2.0,3.0,3.0,2.0,4.0,3.0,3.0,4.0,650,gemini,2024,여성,3,
2.0,3.0,1.0,1.0,4.0,3.0,3.0,4.0,3.0,3.0,1.0,3.0,2.0,3.0,3.0,1.0,1.0,3.0,1.0,2.0,3.0,3.0,4.0,1.0,3.0,3.0,1.0,4.0,2.0,2.0,3.0,2.0,3.0,3.0,3.0,3.0,651,gemini,2024,여성,3,
2.0,2.0,1.0,1.0,4.0,3.0,2.0,4.0,2.0,3.0,1.0,4.0,2.0,3.0,3.0,1.0,1.0,4.0,1.0,2.0,3.0,4.0,4.0,1.0,4.0,3.0,1.0,3.0,2.0,2.0,2.0,2.0,4.0,3.0,3.0,4.0,652,gemini,2024,여성,3,
3.0,4.0,1.0,1.0,4.0,3.0,2.0,4.0,3.0,4.0,1.0,4.0,4.0,3.0,3.0,1.0,1.0,4.0,1.0,2.0,3.0,4.0,4.0,1.0,4.0,4.0,1.0,3.0,2.0,2.0,2.0,2.0,4.0,3.0,4.0,3.0,653,gemini,2024,여성,3,
2.0,2.0,1.0,1.0,4.0,3.0,2.0,3.0,4.0,3.0,1.0,3.0,4.0,3.0,3.0,1.0,1.0,3.0,1.0,2.0,3.0,4.0,4.0,1.0,4.0,2.0,1.0,4.0,2.0,2.0,2.0,2.0,3.0,3.0,2.0,3.0,654,gemini,2024,여성,3,
4.0,2.0,1.0,1.0,4.0,3.0,3.0,4.0,3.0,4.0,1.0,3.0,3.0,4.0,3.0,1.0,1.0,4.0,1.0,2.0,3.0,4.0,4.0,1.0,4.0,3.0,1.0,4.0,2.0,2.0,2.0,2.0,4.0,3.0,3.0,4.0,655,gemini,2024,여성,3,
2.0,2.0,1.0,1.0,3.0,3.0,2.0,4.0,2.0,2.0,1.0,3.0,2.0,2.0,2.0,1.0,1.0,3.0,1.0,2.0,2.0,3.0,3.0,1.0,3.0,2.0,1.0,2.0,2.0,2.0,1.0,2.0,3.0,3.0,2.0,3.0,656,gemini,2024,여성,3,
3.0,3.0,1.0,1.0,4.0,3.0,3.0,4.0,3.0,4.0,1.0,4.0,3.0,4.0,3.0,1.0,1.0,4.0,1.0,2.0,3.0,4.0,4.0,1.0,4.0,3.0,1.0,3.0,2.0,2.0,2.0,2.0,4.0,3.0,3.0,4.0,657,gemini,2024,여성,3,
2.0,3.0,1.0,1.0,4.0,3.0,3.0,4.0,3.0,4.0,1.0,4.0,3.0,4.0,3.0,1.0,1.0,4.0,1.0,2.0,3.0,4.0,4.0,1.0,4.0,4.0,1.0,3.0,2.0,2.0,2.0,2.0,4.0,3.0,3.0,4.0,658,gemini,2024,여성,3,
2.0,2.0,1.0,1.0,3.0,3.0,2.0,4.0,2.0,3.0,1.0,3.0,2.0,2.0,3.0,1.0,1.0,4.0,1.0,2.0,2.0,4.0,3.0,1.0,3.0,2.0,1.0,3.0,2.0,2.0,2.0,2.0,3.0,3.0,2.0,3.0,659,gemini,2024,여성,3,
2.0,2.0,1.0,1.0,4.0,3.0,3.0,3.0,2.0,3.0,1.0,3.0,2.0,4.0,3.0,1.0,1.0,4.0,1.0,2.0,3.0,4.0,4.0,1.0,3.0,3.0,1.0,4.0,2.0,2.0,3.0,2.0,3.0,3.0,3.0,3.0,660,gemini,2024,여성,3,
2.0,3.0,1.0,2.0,4.0,3.0,3.0,,2.0,3.0,,4.0,2.0,4.0,2.0,1.0,1.0,4.0,1.0,2.0,3.0,4.0,4.0,1.0,3.0,3.0,1.0,4.0,2.0,3.0,2.0,,3.0,2.0,3.0,3.0,661,gemini,2024,여성,3,
3.0,3.0,1.0,1.0,3.0,4.0,2.0,1.0,3.0,3.0,1.0,4.0,4.0,2.0,3.0,1.0,1.0,4.0,1.0,2.0,2.0,4.0,3.0,1.0,4.0,3.0,1.0,2.0,2.0,2.0,2.0,2.0,4.0,3.0,4.0,3.0,662,gemini,2024,여성,3,
2.0,2.0,1.0,1.0,4.0,3.0,3.0,3.0,3.0,4.0,1.0,3.0,3.0,4.0,3.0,1.0,1.0,4.0,1.0,2.0,3.0,4.0,4.0,1.0,4.0,3.0,1.0,4.0,2.0,2.0,2.0,2.0,3.0,3.0,3.0,3.0,663,gemini,2024,여성,3,
2.0,2.0,1.0,1.0,4.0,3.0,3.0,4.0,2.0,3.0,1.0,4.0,2.0,4.0,3.0,1.0,1.0,4.0,1.0,2.0,3.0,4.0,4.0,1.0,4.0,3.0,1.0,3.0,2.0,2.0,2.0,2.0,4.0,3.0,3.0,4.0,664,gemini,2024,여성,3,
3.0,2.0,1.0,1.0,4.0,3.0,2.0,4.0,3.0,3.0,1.0,3.0,3.0,4.0,3.0,1.0,1.0,4.0,1.0,2.0,2.0,4.0,4.0,1.0,4.0,2.0,1.0,3.0,2.0,2.0,2.0,2.0,3.0,3.0,2.0,3.0,665,gemini,2024,여성,3,
2.0,3.0,1.0,1.0,4.0,3.0,3.0,3.0,2.0,3.0,1.0,3.0,2.0,4.0,3.0,1.0,1.0,4.0,1.0,2.0,3.0,4.0,4.0,1.0,4.0,3.0,1.0,3.0,2.0,2.0,2.0,2.0,4.0,3.0,3.0,3.0,666,gemini,2024,여성,3,
3.0,2.0,1.0,1.0,4.0,3.0,2.0,4.0,3.0,4.0,1.0,4.0,4.0,4.0,4.0,1.0,1.0,4.0,1.0,2.0,2.0,4.0,4.0,1.0,4.0,3.0,1.0,3.0,2.0,2.0,2.0,2.0,4.0,3.0,3.0,4.0,667,gemini,2024,여성,3,
3.0,3.0,1.0,1.0,4.0,4.0,2.0,1.0,3.0,3.0,1.0,4.0,4.0,4.0,4.0,1.0,1.0,4.0,1.0,2.0,2.0,4.0,4.0,1.0,4.0,3.0,1.0,3.0,2.0,2.0,2.0,2.0,4.0,3.0,3.0,3.0,668,gemini,2024,여성,3,
2.0,3.0,1.0,1.0,4.0,3.0,2.0,4.0,2.0,3.0,1.0,3.0,2.0,3.0,3.0,1.0,1.0,4.0,1.0,2.0,2.0,4.0,4.0,1.0,4.0,3.0,1.0,3.0,2.0,2.0,2.0,2.0,4.0,3.0,3.0,4.0,669,gemini,2024,여성,3,
2.0,3.0,1.0,1.0,4.0,3.0,3.0,3.0,2.0,3.0,1.0,3.0,2.0,4.0,3.0,1.0,1.0,4.0,1.0,2.0,3.0,4.0,4.0,1.0,3.0,3.0,1.0,3.0,2.0,2.0,2.0,2.0,3.0,3.0,3.0,3.0,670,gemini,2024,여성,3,
2.0,3.0,1.0,1.0,4.0,3.0,2.0,4.0,2.0,3.0,1.0,4.0,2.0,3.0,3.0,1.0,1.0,4.0,1.0,2.0,2.0,4.0,4.0,1.0,4.0,2.0,1.0,3.0,2.0,2.0,2.0,2.0,4.0,3.0,3.0,3.0,671,gemini,2024,여성,3,
3.0,2.0,1.0,1.0,4.0,3.0,2.0,4.0,2.0,3.0,1.0,3.0,2.0,3.0,3.0,1.0,1.0,4.0,1.0,2.0,2.0,4.0,4.0,1.0,4.0,3.0,2.0,3.0,2.0,2.0,2.0,2.0,3.0,3.0,3.0,4.0,672,gemini,2024,여성,3,
2.0,3.0,1.0,1.0,4.0,3.0,3.0,4.0,2.0,4.0,1.0,4.0,2.0,4.0,3.0,1.0,1.0,4.0,1.0,2.0,3.0,4.0,4.0,1.0,4.0,3.0,1.0,3.0,2.0,2.0,2.0,2.0,4.0,3.0,3.0,3.0,673,gemini,2024,여성,3,
2.0,3.0,1.0,1.0,3.0,3.0,2.0,4.0,3.0,3.0,1.0,4.0,3.0,3.0,3.0,1.0,1.0,4.0,1.0,2.0,2.0,4.0,3.0,1.0,4.0,3.0,2.0,3.0,2.0,2.0,2.0,2.0,4.0,3.0,3.0,3.0,674,gemini,2024,여성,3,
3.0,2.0,1.0,1.0,4.0,3.0,2.0,3.0,3.0,3.0,1.0,3.0,4.0,3.0,3.0,1.0,1.0,4.0,1.0,2.0,2.0,4.0,4.0,1.0,4.0,3.0,1.0,4.0,2.0,2.0,2.0,2.0,4.0,3.0,2.0,3.0,675,gemini,2024,여성,3,
2.0,3.0,1.0,1.0,4.0,3.0,3.0,4.0,2.0,3.0,1.0,3.0,2.0,3.0,2.0,1.0,1.0,4.0,1.0,2.0,3.0,4.0,4.0,1.0,4.0,3.0,1.0,3.0,2.0,2.0,2.0,2.0,3.0,3.0,3.0,3.0,676,gemini,2024,여성,3,
3.0,3.0,1.0,1.0,4.0,3.0,2.0,4.0,3.0,3.0,1.0,3.0,4.0,4.0,2.0,1.0,1.0,4.0,1.0,2.0,3.0,4.0,4.0,1.0,4.0,3.0,1.0,3.0,2.0,2.0,2.0,2.0,4.0,3.0,3.0,3.0,677,gemini,2024,여성,3,
2.0,3.0,1.0,1.0,4.0,3.0,2.0,4.0,3.0,3.0,1.0,4.0,3.0,3.0,3.0,1.0,1.0,4.0,1.0,2.0,2.0,4.0,4.0,1.0,4.0,2.0,1.0,3.0,2.0,2.0,2.0,2.0,4.0,3.0,3.0,3.0,678,gemini,2024,여성,3,
2.0,3.0,1.0,1.0,4.0,3.0,2.0,4.0,2.0,3.0,1.0,3.0,2.0,4.0,3.0,1.0,1.0,4.0,1.0,2.0,3.0,4.0,4.0,1.0,4.0,3.0,1.0,3.0,2.0,2.0,2.0,2.0,4.0,3.0,3.0,3.0,679,gemini,2024,여성,3,
4.0,3.0,1.0,1.0,3.0,3.0,2.0,4.0,4.0,3.0,1.0,4.0,4.0,3.0,3.0,1.0,1.0,4.0,1.0,2.0,2.0,4.0,3.0,1.0,4.0,3.0,1.0,3.0,2.0,2.0,2.0,2.0,4.0,3.0,3.0,3.0,680,gemini,2024,여성,3,
2.0,3.0,1.0,1.0,4.0,3.0,2.0,4.0,2.0,3.0,1.0,3.0,2.0,3.0,3.0,1.0,1.0,4.0,1.0,2.0,2.0,4.0,4.0,1.0,4.0,3.0,1.0,3.0,2.0,2.0,2.0,2.0,4.0,3.0,3.0,3.0,681,gemini,2024,여성,3,
3.0,3.0,1.0,1.0,4.0,3.0,2.0,2.0,3.0,3.0,1.0,3.0,3.0,3.0,3.0,1.0,1.0,4.0,1.0,2.0,2.0,4.0,4.0,1.0,4.0,2.0,1.0,3.0,2.0,2.0,2.0,2.0,4.0,3.0,3.0,4.0,682,gemini,2024,여성,3,
2.0,3.0,1.0,1.0,4.0,3.0,2.0,4.0,2.0,3.0,1.0,3.0,2.0,4.0,3.0,1.0,1.0,4.0,1.0,2.0,2.0,4.0,4.0,1.0,4.0,3.0,1.0,3.0,2.0,3.0,2.0,2.0,4.0,3.0,4.0,4.0,683,gemini,2024,여성,3,
2.0,2.0,1.0,1.0,4.0,3.0,2.0,4.0,2.0,3.0,1.0,3.0,2.0,3.0,3.0,1.0,1.0,3.0,1.0,2.0,2.0,3.0,4.0,1.0,3.0,2.0,1.0,3.0,2.0,2.0,2.0,2.0,3.0,2.0,2.0,3.0,684,gemini,2024,여성,3,
2.0,3.0,1.0,1.0,4.0,3.0,3.0,4.0,2.0,4.0,1.0,4.0,2.0,4.0,3.0,1.0,1.0,4.0,1.0,2.0,3.0,4.0,4.0,1.0,4.0,3.0,1.0,3.0,2.0,2.0,2.0,2.0,4.0,3.0,3.0,4.0,685,gemini,2024,여성,3,
2.0,3.0,1.0,1.0,4.0,3.0,2.0,4.0,2.0,3.0,1.0,4.0,3.0,3.0,3.0,1.0,1.0,4.0,1.0,2.0,2.0,4.0,4.0,1.0,4.0,4.0,1.0,3.0,2.0,2.0,2.0,2.0,4.0,3.0,4.0,3.0,686,gemini,2024,여성,3,
2.0,2.0,1.0,2.0,4.0,3.0,2.0,,2.0,3.0,,3.0,2.0,3.0,2.0,1.0,1.0,4.0,1.0,2.0,2.0,4.0,4.0,1.0,3.0,2.0,1.0,3.0,2.0,2.0,2.0,,3.0,3.0,2.0,3.0,687,gemini,2024,여성,3,
3.0,2.0,1.0,1.0,5.0,2.0,2.0,3.0,3.0,4.0,1.0,2.0,3.0,4.0,3.0,1.0,1.0,4.0,1.0,2.0,3.0,4.0,4.0,1.0,3.0,2.0,1.0,4.0,2.0,2.0,2.0,2.0,3.0,2.0,2.0,3.0,688,gemini,2024,여성,3,
2.0,3.0,1.0,1.0,4.0,3.0,2.0,4.0,3.0,4.0,1.0,4.0,3.0,4.0,3.0,1.0,1.0,4.0,1.0,2.0,2.0,4.0,4.0,1.0,4.0,3.0,1.0,3.0,2.0,2.0,2.0,2.0,4.0,3.0,4.0,4.0,689,gemini,2024,여성,3,
2.0,2.0,2.0,1.0,4.0,3.0,3.0,4.0,2.0,3.0,1.0,4.0,2.0,4.0,3.0,1.0,1.0,4.0,1.0,2.0,3.0,4.0,4.0,1.0,3.0,3.0,1.0,3.0,2.0,2.0,2.0,2.0,3.0,3.0,3.0,3.0,690,gemini,2024,여성,3,
3.0,3.0,1.0,1.0,4.0,3.0,2.0,4.0,2.0,3.0,1.0,4.0,3.0,4.0,3.0,1.0,1.0,4.0,1.0,2.0,2.0,4.0,4.0,1.0,4.0,3.0,1.0,3.0,2.0,2.0,2.0,2.0,4.0,3.0,3.0,4.0,691,gemini,2024,여성,3,
2.0,2.0,1.0,1.0,4.0,2.0,3.0,4.0,2.0,4.0,1.0,2.0,2.0,4.0,3.0,1.0,1.0,4.0,1.0,2.0,3.0,4.0,4.0,1.0,4.0,2.0,1.0,4.0,2.0,2.0,3.0,2.0,4.0,3.0,2.0,3.0,692,gemini,2024,여성,3,
2.0,3.0,1.0,1.0,4.0,3.0,2.0,4.0,3.0,3.0,1.0,3.0,3.0,3.0,3.0,1.0,1.0,4.0,1.0,2.0,2.0,4.0,4.0,1.0,4.0,3.0,1.0,3.0,2.0,2.0,2.0,2.0,4.0,2.0,3.0,3.0,693,gemini,2024,여성,3,
2.0,2.0,1.0,1.0,3.0,3.0,2.0,2.0,2.0,3.0,1.0,3.0,2.0,3.0,3.0,1.0,1.0,4.0,1.0,2.0,2.0,4.0,3.0,1.0,4.0,2.0,1.0,3.0,2.0,2.0,2.0,2.0,4.0,3.0,2.0,3.0,694,gemini,2024,여성,3,
3.0,4.0,1.0,1.0,4.0,3.0,2.0,4.0,3.0,3.0,1.0,4.0,3.0,3.0,3.0,1.0,1.0,4.0,1.0,2.0,2.0,4.0,4.0,1.0,4.0,4.0,1.0,2.0,2.0,3.0,2.0,2.0,4.0,3.0,4.0,3.0,695,gemini,2024,여성,3,
2.0,3.0,1.0,1.0,5.0,3.0,4.0,4.0,2.0,4.0,1.0,4.0,2.0,4.0,3.0,1.0,1.0,4.0,1.0,2.0,4.0,4.0,5.0,1.0,4.0,4.0,1.0,4.0,2.0,3.0,3.0,2.0,4.0,3.0,3.0,3.0,696,gemini,2024,여성,3,
2.0,3.0,1.0,2.0,4.0,3.0,2.0,,2.0,4.0,,3.0,2.0,4.0,2.0,1.0,1.0,4.0,1.0,2.0,2.0,4.0,4.0,1.0,3.0,3.0,1.0,3.0,2.0,2.0,2.0,,3.0,3.0,3.0,3.0,697,gemini,2024,여성,3,
2.0,3.0,1.0,1.0,4.0,3.0,2.0,4.0,2.0,4.0,1.0,4.0,2.0,4.0,3.0,1.0,1.0,4.0,1.0,2.0,3.0,4.0,4.0,1.0,4.0,3.0,1.0,3.0,2.0,2.0,2.0,2.0,4.0,3.0,3.0,3.0,698,gemini,2024,여성,3,
2.0,2.0,1.0,1.0,4.0,3.0,3.0,4.0,3.0,3.0,1.0,4.0,3.0,4.0,3.0,1.0,1.0,4.0,1.0,2.0,3.0,4.0,4.0,1.0,4.0,3.0,1.0,3.0,2.0,2.0,2.0,2.0,4.0,3.0,2.0,4.0,699,gemini,2024,여성,3,
2.0,2.0,1.0,2.0,4.0,3.0,2.0,,2.0,3.0,,3.0,2.0,3.0,2.0,1.0,1.0,3.0,1.0,2.0,2.0,3.0,4.0,1.0,3.0,2.0,1.0,3.0,2.0,2.0,2.0,,3.0,2.0,2.0,3.0,700,gemini,2024,여성,3,
2.0,3.0,1.0,1.0,4.0,3.0,4.0,4.0,2.0,4.0,1.0,4.0,2.0,4.0,2.0,1.0,1.0,4.0,1.0,2.0,4.0,4.0,4.0,1.0,3.0,3.0,1.0,4.0,2.0,3.0,3.0,2.0,3.0,3.0,3.0,4.0,701,gemini,2024,여성,3,
2.0,3.0,1.0,1.0,4.0,3.0,3.0,4.0,2.0,4.0,1.0,4.0,2.0,4.0,3.0,1.0,1.0,4.0,1.0,2.0,3.0,4.0,4.0,1.0,4.0,3.0,1.0,3.0,2.0,2.0,2.0,2.0,4.0,3.0,3.0,4.0,702,gemini,2024,여성,3,
3.0,3.0,1.0,1.0,5.0,3.0,4.0,4.0,3.0,4.0,1.0,4.0,2.0,5.0,3.0,1.0,1.0,5.0,1.0,2.0,4.0,5.0,5.0,1.0,4.0,4.0,1.0,4.0,2.0,3.0,3.0,2.0,4.0,3.0,4.0,4.0,703,gemini,2024,여성,3,
3.0,4.0,1.0,1.0,4.0,3.0,3.0,4.0,3.0,4.0,1.0,4.0,3.0,4.0,3.0,1.0,1.0,4.0,1.0,2.0,3.0,4.0,4.0,1.0,4.0,4.0,1.0,4.0,2.0,3.0,3.0,2.0,4.0,3.0,4.0,4.0,704,gemini,2024,여성,3,
3.0,2.0,1.0,1.0,5.0,2.0,3.0,3.0,4.0,4.0,8.0,3.0,4.0,4.0,3.0,1.0,1.0,4.0,1.0,2.0,3.0,4.0,4.0,1.0,4.0,3.0,1.0,4.0,2.0,2.0,3.0,2.0,3.0,3.0,3.0,3.0,705,gemini,2024,여성,3,
2.0,2.0,1.0,1.0,4.0,3.0,3.0,4.0,3.0,4.0,1.0,4.0,3.0,3.0,3.0,1.0,1.0,4.0,1.0,2.0,3.0,4.0,4.0,1.0,4.0,3.0,1.0,4.0,2.0,2.0,2.0,2.0,4.0,3.0,3.0,4.0,706,gemini,2024,여성,3,
2.0,2.0,1.0,1.0,4.0,3.0,2.0,4.0,2.0,3.0,1.0,3.0,2.0,4.0,2.0,1.0,1.0,4.0,1.0,2.0,2.0,4.0,4.0,1.0,4.0,3.0,1.0,3.0,2.0,2.0,2.0,2.0,4.0,3.0,3.0,3.0,707,gemini,2024,여성,3,
2.0,3.0,1.0,1.0,4.0,3.0,2.0,4.0,2.0,3.0,1.0,4.0,2.0,3.0,3.0,1.0,1.0,4.0,1.0,2.0,2.0,4.0,4.0,1.0,4.0,3.0,1.0,3.0,2.0,2.0,2.0,2.0,4.0,3.0,3.0,4.0,708,gemini,2024,여성,3,
2.0,2.0,1.0,1.0,4.0,2.0,2.0,4.0,2.0,3.0,1.0,2.0,2.0,3.0,2.0,1.0,1.0,3.0,1.0,2.0,2.0,3.0,4.0,1.0,3.0,2.0,1.0,3.0,1.0,2.0,2.0,2.0,3.0,2.0,2.0,3.0,709,gemini,2024,여성,3,
2.0,2.0,1.0,2.0,4.0,3.0,2.0,,2.0,3.0,,3.0,2.0,3.0,2.0,1.0,1.0,4.0,1.0,2.0,2.0,4.0,4.0,1.0,3.0,2.0,1.0,3.0,2.0,2.0,2.0,,3.0,2.0,2.0,3.0,710,gemini,2024,여성,3,
2.0,3.0,1.0,2.0,4.0,3.0,3.0,,2.0,3.0,,3.0,2.0,3.0,2.0,1.0,1.0,3.0,1.0,2.0,2.0,3.0,4.0,1.0,4.0,3.0,1.0,3.0,2.0,2.0,2.0,,3.0,3.0,3.0,3.0,711,gemini,2024,여성,3,
2.0,3.0,1.0,1.0,4.0,3.0,3.0,4.0,2.0,3.0,1.0,4.0,2.0,4.0,3.0,1.0,1.0,4.0,1.0,2.0,2.0,4.0,4.0,1.0,4.0,3.0,1.0,2.0,2.0,2.0,2.0,2.0,4.0,3.0,3.0,4.0,712,gemini,2024,여성,3,
2.0,3.0,1.0,1.0,4.0,2.0,3.0,4.0,3.0,4.0,1.0,4.0,3.0,4.0,3.0,1.0,1.0,4.0,1.0,2.0,3.0,4.0,4.0,1.0,4.0,3.0,1.0,4.0,2.0,3.0,2.0,2.0,4.0,3.0,3.0,3.0,713,gemini,2024,여성,3,
2.0,3.0,1.0,1.0,4.0,3.0,2.0,4.0,2.0,3.0,1.0,3.0,2.0,3.0,3.0,1.0,1.0,3.0,1.0,2.0,2.0,3.0,4.0,1.0,4.0,3.0,1.0,3.0,2.0,2.0,2.0,2.0,4.0,3.0,3.0,3.0,714,gemini,2024,여성,3,
2.0,2.0,1.0,2.0,3.0,3.0,2.0,,2.0,2.0,,3.0,2.0,2.0,2.0,1.0,1.0,3.0,1.0,2.0,2.0,3.0,3.0,1.0,3.0,2.0,1.0,3.0,1.0,2.0,2.0,,3.0,2.0,2.0,3.0,715,gemini,2024,여성,3,
2.0,2.0,1.0,1.0,4.0,3.0,2.0,4.0,3.0,3.0,1.0,3.0,3.0,3.0,3.0,1.0,1.0,4.0,1.0,2.0,2.0,4.0,3.0,1.0,4.0,3.0,1.0,3.0,2.0,2.0,2.0,2.0,4.0,3.0,2.0,4.0,716,gemini,2024,여성,3,
2.0,2.0,1.0,1.0,4.0,3.0,3.0,3.0,2.0,4.0,1.0,4.0,2.0,4.0,3.0,1.0,1.0,4.0,1.0,2.0,3.0,4.0,4.0,1.0,4.0,3.0,1.0,4.0,2.0,2.0,3.0,2.0,4.0,3.0,3.0,4.0,717,gemini,2024,여성,3,
2.0,2.0,1.0,1.0,4.0,3.0,2.0,4.0,2.0,3.0,1.0,2.0,2.0,3.0,3.0,1.0,1.0,4.0,1.0,2.0,2.0,4.0,4.0,1.0,3.0,3.0,1.0,2.0,1.0,2.0,2.0,2.0,3.0,2.0,2.0,3.0,718,gemini,2024,여성,3,
3.0,2.0,1.0,1.0,4.0,3.0,2.0,4.0,3.0,3.0,1.0,4.0,4.0,4.0,3.0,1.0,1.0,4.0,1.0,2.0,2.0,4.0,4.0,1.0,4.0,3.0,1.0,3.0,2.0,2.0,2.0,2.0,4.0,3.0,2.0,3.0,719,gemini,2024,여성,3,
2.0,2.0,1.0,1.0,3.0,3.0,1.0,4.0,2.0,3.0,1.0,3.0,2.0,2.0,2.0,1.0,1.0,3.0,1.0,2.0,2.0,3.0,3.0,1.0,3.0,3.0,2.0,2.0,1.0,2.0,1.0,2.0,3.0,2.0,2.0,3.0,720,gemini,2024,여성,3,
2.0,3.0,1.0,1.0,5.0,3.0,4.0,3.0,2.0,4.0,1.0,3.0,2.0,4.0,3.0,1.0,1.0,4.0,1.0,2.0,4.0,4.0,4.0,1.0,4.0,3.0,1.0,4.0,2.0,3.0,3.0,2.0,4.0,3.0,3.0,3.0,721,gemini,2024,여성,3,
3.0,2.0,1.0,1.0,4.0,2.0,2.0,4.0,3.0,3.0,1.0,3.0,4.0,4.0,3.0,1.0,1.0,4.0,1.0,2.0,3.0,4.0,4.0,1.0,4.0,3.0,1.0,3.0,2.0,2.0,3.0,2.0,4.0,3.0,2.0,4.0,722,gemini,2024,여성,3,
2.0,3.0,1.0,1.0,4.0,3.0,3.0,4.0,2.0,3.0,1.0,4.0,2.0,3.0,3.0,1.0,1.0,4.0,1.0,2.0,2.0,4.0,4.0,1.0,4.0,3.0,1.0,3.0,2.0,2.0,2.0,2.0,4.0,3.0,3.0,4.0,723,gemini,2024,여성,3,
3.0,2.0,1.0,1.0,4.0,3.0,4.0,4.0,3.0,4.0,1.0,3.0,3.0,4.0,3.0,1.0,1.0,3.0,1.0,2.0,4.0,3.0,4.0,1.0,4.0,3.0,1.0,4.0,2.0,2.0,3.0,2.0,3.0,3.0,2.0,3.0,724,gemini,2024,여성,4,
2.0,2.0,1.0,1.0,4.0,3.0,3.0,4.0,3.0,3.0,1.0,3.0,3.0,4.0,3.0,1.0,1.0,4.0,1.0,2.0,3.0,4.0,4.0,1.0,4.0,3.0,1.0,3.0,2.0,2.0,2.0,2.0,4.0,3.0,3.0,3.0,725,gemini,2024,여성,4,
2.0,3.0,1.0,1.0,3.0,3.0,2.0,4.0,3.0,3.0,1.0,3.0,3.0,3.0,3.0,1.0,1.0,3.0,1.0,2.0,2.0,3.0,3.0,1.0,4.0,3.0,1.0,3.0,2.0,2.0,2.0,2.0,4.0,3.0,3.0,3.0,726,gemini,2024,여성,4,
2.0,3.0,1.0,1.0,4.0,3.0,2.0,4.0,2.0,3.0,1.0,3.0,2.0,3.0,3.0,1.0,1.0,4.0,1.0,2.0,2.0,4.0,4.0,1.0,4.0,4.0,1.0,3.0,2.0,2.0,2.0,2.0,3.0,3.0,3.0,4.0,727,gemini,2024,여성,4,
3.0,4.0,1.0,1.0,3.0,2.0,2.0,4.0,2.0,3.0,1.0,4.0,2.0,3.0,3.0,1.0,1.0,4.0,1.0,2.0,2.0,4.0,3.0,1.0,4.0,4.0,1.0,3.0,2.0,2.0,2.0,2.0,4.0,3.0,3.0,3.0,728,gemini,2024,여성,4,
2.0,2.0,1.0,2.0,3.0,3.0,2.0,,2.0,2.0,,3.0,2.0,2.0,2.0,1.0,1.0,3.0,2.0,2.0,2.0,3.0,3.0,1.0,3.0,2.0,2.0,2.0,1.0,2.0,1.0,,3.0,3.0,3.0,3.0,729,gemini,2024,여성,4,
2.0,3.0,1.0,1.0,4.0,4.0,3.0,4.0,3.0,4.0,1.0,4.0,3.0,4.0,3.0,1.0,1.0,4.0,1.0,2.0,3.0,4.0,4.0,1.0,4.0,3.0,1.0,4.0,2.0,2.0,2.0,2.0,4.0,3.0,3.0,4.0,730,gemini,2024,여성,4,
2.0,2.0,1.0,2.0,3.0,2.0,2.0,,2.0,2.0,,3.0,2.0,2.0,2.0,1.0,1.0,3.0,1.0,2.0,2.0,3.0,3.0,1.0,3.0,3.0,1.0,2.0,1.0,2.0,2.0,,3.0,2.0,3.0,2.0,731,gemini,2024,여성,4,
3.0,3.0,1.0,1.0,3.0,3.0,2.0,4.0,2.0,3.0,1.0,4.0,3.0,2.0,3.0,1.0,1.0,4.0,1.0,2.0,2.0,4.0,3.0,1.0,4.0,3.0,1.0,2.0,2.0,2.0,2.0,2.0,4.0,3.0,3.0,3.0,732,gemini,2024,여성,4,
2.0,3.0,1.0,1.0,4.0,3.0,2.0,1.0,3.0,3.0,1.0,4.0,2.0,4.0,3.0,1.0,1.0,4.0,1.0,2.0,2.0,4.0,4.0,1.0,4.0,3.0,1.0,3.0,2.0,3.0,2.0,2.0,4.0,3.0,3.0,4.0,733,gemini,2024,여성,4,
2.0,3.0,1.0,2.0,3.0,3.0,2.0,,2.0,2.0,,3.0,2.0,3.0,2.0,1.0,1.0,3.0,1.0,2.0,2.0,3.0,3.0,1.0,3.0,3.0,1.0,2.0,2.0,2.0,2.0,,3.0,2.0,3.0,3.0,734,gemini,2024,여성,4,
3.0,3.0,1.0,1.0,4.0,4.0,2.0,1.0,3.0,4.0,1.0,3.0,3.0,4.0,3.0,1.0,1.0,4.0,1.0,2.0,2.0,4.0,4.0,1.0,4.0,3.0,1.0,3.0,2.0,2.0,2.0,2.0,4.0,3.0,3.0,3.0,735,gemini,2024,여성,4,
3.0,4.0,1.0,1.0,3.0,3.0,2.0,1.0,3.0,3.0,1.0,4.0,3.0,3.0,3.0,1.0,1.0,4.0,1.0,2.0,2.0,4.0,3.0,1.0,4.0,3.0,1.0,3.0,2.0,2.0,2.0,2.0,4.0,3.0,3.0,3.0,736,gemini,2024,여성,4,
3.0,3.0,1.0,1.0,4.0,3.0,2.0,4.0,3.0,3.0,1.0,3.0,4.0,3.0,3.0,1.0,1.0,4.0,1.0,2.0,2.0,4.0,4.0,1.0,4.0,3.0,2.0,2.0,2.0,2.0,2.0,2.0,4.0,3.0,3.0,3.0,737,gemini,2024,여성,4,
2.0,3.0,1.0,2.0,4.0,3.0,2.0,,2.0,3.0,,3.0,2.0,4.0,2.0,1.0,1.0,3.0,1.0,2.0,2.0,3.0,4.0,1.0,3.0,3.0,1.0,3.0,1.0,2.0,2.0,,3.0,2.0,2.0,4.0,738,gemini,2024,여성,4,
2.0,3.0,1.0,1.0,4.0,3.0,3.0,4.0,2.0,4.0,1.0,3.0,2.0,4.0,3.0,1.0,1.0,3.0,1.0,2.0,3.0,3.0,4.0,1.0,3.0,3.0,1.0,3.0,2.0,2.0,2.0,2.0,3.0,3.0,3.0,4.0,739,gemini,2024,여성,4,
2.0,3.0,1.0,1.0,4.0,3.0,3.0,1.0,3.0,4.0,1.0,4.0,3.0,4.0,3.0,1.0,1.0,4.0,1.0,2.0,3.0,4.0,4.0,1.0,4.0,3.0,1.0,4.0,2.0,2.0,2.0,2.0,4.0,3.0,4.0,3.0,740,gemini,2024,여성,4,
3.0,4.0,1.0,1.0,3.0,4.0,2.0,1.0,3.0,3.0,1.0,4.0,4.0,3.0,3.0,1.0,1.0,4.0,1.0,2.0,2.0,4.0,3.0,1.0,4.0,3.0,2.0,2.0,2.0,2.0,2.0,2.0,4.0,3.0,4.0,3.0,741,gemini,2024,여성,4,
2.0,2.0,1.0,2.0,3.0,2.0,1.0,,2.0,2.0,,3.0,2.0,2.0,2.0,1.0,1.0,3.0,1.0,2.0,1.0,3.0,3.0,1.0,3.0,2.0,1.0,2.0,1.0,2.0,1.0,,3.0,2.0,2.0,3.0,742,gemini,2024,여성,4,
3.0,3.0,1.0,1.0,4.0,3.0,2.0,1.0,2.0,3.0,1.0,4.0,3.0,4.0,3.0,1.0,1.0,4.0,1.0,2.0,2.0,4.0,4.0,1.0,4.0,4.0,1.0,3.0,2.0,2.0,2.0,2.0,4.0,3.0,4.0,3.0,743,gemini,2024,여성,4,
3.0,2.0,1.0,1.0,4.0,3.0,2.0,4.0,3.0,3.0,1.0,3.0,3.0,3.0,3.0,1.0,1.0,3.0,1.0,2.0,2.0,3.0,4.0,1.0,4.0,2.0,1.0,3.0,2.0,2.0,2.0,2.0,3.0,2.0,2.0,3.0,744,gemini,2024,여성,4,
2.0,2.0,1.0,1.0,4.0,3.0,3.0,3.0,3.0,4.0,1.0,3.0,2.0,4.0,2.0,1.0,1.0,3.0,1.0,2.0,3.0,3.0,4.0,1.0,4.0,2.0,1.0,4.0,2.0,2.0,2.0,2.0,4.0,3.0,3.0,3.0,745,gemini,2024,여성,4,
3.0,3.0,1.0,1.0,4.0,3.0,2.0,4.0,3.0,3.0,1.0,4.0,4.0,3.0,3.0,1.0,1.0,4.0,1.0,2.0,2.0,4.0,4.0,1.0,4.0,3.0,1.0,2.0,2.0,2.0,2.0,2.0,4.0,3.0,3.0,3.0,746,gemini,2024,여성,4,
3.0,3.0,1.0,1.0,4.0,3.0,2.0,4.0,3.0,3.0,1.0,4.0,4.0,3.0,3.0,1.0,1.0,4.0,1.0,2.0,2.0,4.0,4.0,1.0,4.0,2.0,2.0,3.0,2.0,2.0,2.0,2.0,4.0,3.0,3.0,3.0,747,gemini,2024,여성,4,
2.0,2.0,2.0,2.0,3.0,3.0,1.0,,2.0,2.0,,3.0,2.0,2.0,2.0,1.0,1.0,3.0,1.0,2.0,1.0,3.0,3.0,1.0,3.0,3.0,1.0,2.0,1.0,2.0,1.0,,3.0,2.0,3.0,3.0,748,gemini,2024,여성,4,
2.0,3.0,1.0,2.0,4.0,2.0,2.0,,2.0,3.0,,3.0,2.0,3.0,2.0,1.0,1.0,3.0,1.0,2.0,2.0,3.0,4.0,1.0,3.0,2.0,1.0,3.0,1.0,2.0,2.0,,3.0,2.0,3.0,2.0,749,gemini,2024,여성,4,
3.0,3.0,1.0,1.0,4.0,3.0,3.0,4.0,4.0,4.0,1.0,4.0,4.0,4.0,3.0,1.0,1.0,4.0,1.0,2.0,3.0,4.0,4.0,1.0,4.0,3.0,1.0,3.0,2.0,2.0,3.0,2.0,4.0,3.0,3.0,4.0,750,gemini,2024,여성,4,
4.0,4.0,1.0,1.0,4.0,4.0,3.0,1.0,4.0,4.0,1.0,4.0,4.0,3.0,4.0,1.0,1.0,4.0,1.0,2.0,2.0,4.0,4.0,1.0,4.0,3.0,1.0,3.0,2.0,2.0,2.0,2.0,4.0,3.0,3.0,4.0,751,gemini,2024,여성,4,
2.0,3.0,1.0,1.0,4.0,3.0,2.0,4.0,2.0,3.0,1.0,4.0,2.0,3.0,3.0,1.0,1.0,4.0,1.0,2.0,2.0,4.0,4.0,1.0,4.0,3.0,1.0,3.0,2.0,2.0,2.0,2.0,4.0,3.0,4.0,3.0,752,gemini,2024,여성,4,
4.0,3.0,1.0,1.0,4.0,3.0,2.0,1.0,3.0,3.0,1.0,4.0,4.0,3.0,3.0,1.0,1.0,4.0,1.0,2.0,2.0,4.0,4.0,1.0,4.0,3.0,1.0,3.0,2.0,2.0,2.0,2.0,4.0,3.0,3.0,3.0,753,gemini,2024,여성,4,
2.0,2.0,1.0,1.0,4.0,3.0,3.0,6.0,2.0,3.0,1.0,3.0,2.0,4.0,2.0,1.0,1.0,3.0,1.0,2.0,3.0,3.0,4.0,1.0,4.0,3.0,2.0,3.0,2.0,2.0,2.0,2.0,3.0,3.0,3.0,4.0,754,gemini,2024,여성,4,
3.0,2.0,1.0,1.0,4.0,3.0,3.0,3.0,3.0,4.0,1.0,4.0,4.0,4.0,3.0,1.0,1.0,4.0,1.0,2.0,3.0,4.0,4.0,1.0,4.0,4.0,1.0,3.0,2.0,2.0,2.0,2.0,4.0,3.0,3.0,4.0,755,gemini,2024,여성,4,
2.0,3.0,1.0,1.0,4.0,3.0,3.0,3.0,3.0,4.0,1.0,3.0,2.0,4.0,3.0,1.0,1.0,4.0,1.0,2.0,3.0,3.0,4.0,1.0,4.0,3.0,1.0,4.0,2.0,2.0,2.0,2.0,4.0,3.0,3.0,3.0,756,gemini,2024,여성,4,
3.0,2.0,1.0,1.0,4.0,3.0,2.0,4.0,3.0,3.0,1.0,3.0,3.0,3.0,3.0,1.0,1.0,3.0,1.0,2.0,2.0,3.0,3.0,1.0,3.0,2.0,1.0,3.0,2.0,2.0,2.0,2.0,3.0,2.0,2.0,3.0,757,gemini,2024,여성,4,
3.0,3.0,1.0,1.0,4.0,4.0,3.0,1.0,3.0,4.0,1.0,4.0,3.0,3.0,3.0,1.0,1.0,4.0,1.0,2.0,3.0,4.0,4.0,1.0,4.0,3.0,1.0,4.0,2.0,2.0,2.0,2.0,4.0,3.0,3.0,3.0,758,gemini,2024,여성,4,
3.0,4.0,1.0,1.0,3.0,4.0,2.0,1.0,3.0,3.0,1.0,4.0,4.0,3.0,4.0,1.0,1.0,5.0,1.0,2.0,2.0,5.0,3.0,1.0,4.0,3.0,1.0,3.0,2.0,2.0,2.0,1.0,4.0,3.0,4.0,4.0,759,gemini,2024,여성,4,
1.0,2.0,1.0,2.0,3.0,3.0,1.0,,1.0,2.0,,3.0,2.0,2.0,2.0,1.0,1.0,3.0,1.0,2.0,1.0,3.0,3.0,1.0,3.0,2.0,1.0,2.0,1.0,1.0,1.0,,3.0,2.0,2.0,3.0,760,gemini,2024,여성,4,
3.0,3.0,1.0,1.0,4.0,3.0,3.0,1.0,3.0,4.0,1.0,4.0,3.0,4.0,3.0,1.0,1.0,4.0,1.0,2.0,2.0,4.0,4.0,1.0,4.0,4.0,1.0,4.0,2.0,3.0,2.0,2.0,4.0,3.0,3.0,3.0,761,gemini,2024,여성,4,
4.0,4.0,1.0,1.0,4.0,4.0,3.0,1.0,4.0,4.0,1.0,4.0,4.0,4.0,4.0,1.0,1.0,4.0,1.0,2.0,3.0,4.0,4.0,1.0,4.0,3.0,1.0,4.0,3.0,3.0,3.0,1.0,4.0,3.0,3.0,3.0,762,gemini,2024,여성,4,
3.0,2.0,1.0,1.0,4.0,3.0,3.0,4.0,3.0,4.0,1.0,3.0,3.0,3.0,3.0,1.0,1.0,3.0,1.0,2.0,3.0,3.0,4.0,1.0,4.0,3.0,2.0,4.0,2.0,2.0,2.0,2.0,4.0,3.0,3.0,3.0,763,gemini,2024,여성,4,
1.0,2.0,2.0,2.0,2.0,2.0,1.0,,1.0,2.0,,2.0,1.0,2.0,1.0,1.0,1.0,2.0,2.0,2.0,1.0,2.0,2.0,1.0,2.0,2.0,2.0,1.0,1.0,2.0,1.0,,2.0,2.0,2.0,3.0,764,gemini,2024,여성,4,
2.0,2.0,1.0,1.0,4.0,3.0,2.0,4.0,3.0,3.0,1.0,3.0,3.0,3.0,3.0,1.0,1.0,4.0,1.0,2.0,2.0,4.0,4.0,1.0,4.0,3.0,1.0,2.0,1.0,2.0,2.0,2.0,4.0,3.0,3.0,4.0,765,gemini,2024,여성,4,
3.0,2.0,1.0,1.0,4.0,3.0,3.0,3.0,3.0,4.0,1.0,3.0,3.0,4.0,3.0,1.0,1.0,4.0,1.0,2.0,3.0,4.0,4.0,1.0,4.0,3.0,1.0,4.0,2.0,2.0,2.0,2.0,4.0,3.0,3.0,3.0,766,gemini,2024,여성,4,
1.0,3.0,1.0,2.0,4.0,3.0,2.0,,2.0,3.0,,3.0,1.0,3.0,2.0,1.0,1.0,3.0,1.0,2.0,2.0,3.0,4.0,1.0,3.0,3.0,1.0,3.0,1.0,2.0,2.0,,3.0,2.0,3.0,3.0,767,gemini,2024,여성,4,
2.0,3.0,1.0,1.0,3.0,3.0,2.0,4.0,2.0,3.0,1.0,3.0,2.0,3.0,3.0,1.0,1.0,3.0,1.0,2.0,2.0,3.0,3.0,1.0,4.0,3.0,1.0,3.0,2.0,2.0,2.0,2.0,4.0,3.0,3.0,3.0,768,gemini,2024,여성,4,
1.0,2.0,1.0,1.0,3.0,2.0,1.0,4.0,1.0,2.0,1.0,3.0,1.0,2.0,2.0,1.0,1.0,3.0,1.0,2.0,1.0,3.0,3.0,1.0,3.0,2.0,1.0,2.0,1.0,2.0,1.0,2.0,3.0,2.0,2.0,3.0,769,gemini,2024,여성,4,
2.0,3.0,1.0,1.0,4.0,3.0,2.0,1.0,2.0,3.0,1.0,4.0,3.0,3.0,3.0,1.0,1.0,4.0,1.0,2.0,2.0,4.0,3.0,1.0,4.0,2.0,2.0,3.0,2.0,2.0,2.0,2.0,4.0,3.0,3.0,3.0,770,gemini,2024,여성,4,
3.0,2.0,1.0,1.0,4.0,3.0,2.0,4.0,3.0,3.0,1.0,3.0,4.0,3.0,3.0,1.0,1.0,3.0,1.0,2.0,2.0,4.0,4.0,1.0,4.0,2.0,1.0,3.0,2.0,2.0,2.0,2.0,3.0,2.0,2.0,3.0,771,gemini,2024,여성,4,
3.0,3.0,1.0,1.0,4.0,3.0,3.0,4.0,3.0,4.0,1.0,4.0,3.0,4.0,3.0,1.0,1.0,4.0,1.0,2.0,3.0,4.0,4.0,1.0,4.0,3.0,1.0,4.0,2.0,3.0,3.0,2.0,4.0,3.0,3.0,3.0,772,gemini,2024,여성,4,
2.0,3.0,1.0,1.0,3.0,3.0,1.0,4.0,2.0,2.0,1.0,3.0,2.0,2.0,3.0,1.0,1.0,3.0,1.0,2.0,1.0,3.0,3.0,1.0,4.0,2.0,1.0,2.0,2.0,2.0,1.0,2.0,4.0,3.0,3.0,3.0,773,gemini,2024,여성,4,
2.0,4.0,1.0,1.0,3.0,3.0,2.0,4.0,2.0,3.0,1.0,3.0,2.0,3.0,3.0,1.0,1.0,3.0,1.0,2.0,2.0,3.0,3.0,1.0,4.0,3.0,1.0,2.0,2.0,2.0,2.0,2.0,4.0,3.0,3.0,3.0,774,gemini,2024,여성,4,
2.0,2.0,1.0,2.0,3.0,3.0,2.0,,2.0,2.0,,3.0,2.0,2.0,2.0,1.0,1.0,3.0,1.0,2.0,2.0,3.0,3.0,1.0,3.0,3.0,2.0,2.0,2.0,2.0,2.0,,3.0,2.0,2.0,3.0,775,gemini,2024,여성,4,
2.0,2.0,1.0,1.0,4.0,3.0,2.0,4.0,2.0,3.0,1.0,3.0,2.0,4.0,2.0,1.0,1.0,3.0,1.0,2.0,3.0,3.0,4.0,1.0,3.0,3.0,2.0,4.0,2.0,2.0,2.0,2.0,3.0,2.0,3.0,3.0,776,gemini,2024,여성,4,
2.0,3.0,1.0,1.0,4.0,3.0,2.0,4.0,2.0,3.0,1.0,4.0,2.0,3.0,3.0,1.0,1.0,4.0,1.0,2.0,2.0,4.0,4.0,1.0,4.0,3.0,1.0,3.0,2.0,2.0,2.0,2.0,4.0,2.0,3.0,3.0,777,gemini,2024,여성,4,
2.0,3.0,1.0,2.0,4.0,3.0,2.0,,2.0,3.0,,3.0,2.0,3.0,2.0,1.0,1.0,3.0,1.0,2.0,2.0,3.0,4.0,1.0,3.0,3.0,2.0,3.0,2.0,2.0,2.0,,3.0,3.0,3.0,4.0,778,gemini,2024,여성,4,
2.0,2.0,1.0,2.0,4.0,3.0,2.0,,2.0,3.0,,3.0,2.0,3.0,2.0,1.0,1.0,3.0,1.0,2.0,2.0,3.0,4.0,1.0,3.0,3.0,1.0,3.0,1.0,2.0,2.0,,3.0,3.0,3.0,3.0,779,gemini,2024,여성,4,
2.0,3.0,1.0,1.0,3.0,3.0,2.0,4.0,2.0,3.0,1.0,3.0,2.0,3.0,3.0,1.0,1.0,3.0,1.0,2.0,2.0,3.0,3.0,1.0,3.0,3.0,2.0,3.0,2.0,2.0,2.0,2.0,3.0,3.0,3.0,3.0,780,gemini,2024,여성,4,
3.0,3.0,1.0,1.0,4.0,4.0,2.0,1.0,3.0,4.0,1.0,4.0,4.0,3.0,4.0,1.0,1.0,4.0,1.0,2.0,2.0,4.0,4.0,1.0,4.0,4.0,1.0,3.0,3.0,3.0,2.0,2.0,4.0,3.0,4.0,4.0,781,gemini,2024,여성,4,
2.0,3.0,1.0,1.0,4.0,3.0,2.0,4.0,3.0,4.0,1.0,4.0,3.0,4.0,3.0,1.0,1.0,4.0,1.0,2.0,2.0,4.0,4.0,1.0,4.0,3.0,1.0,3.0,2.0,2.0,2.0,2.0,4.0,3.0,3.0,3.0,782,gemini,2024,여성,4,
3.0,3.0,1.0,1.0,4.0,4.0,2.0,4.0,3.0,4.0,1.0,4.0,3.0,3.0,3.0,1.0,1.0,4.0,1.0,2.0,2.0,4.0,4.0,1.0,4.0,3.0,1.0,3.0,2.0,3.0,2.0,2.0,4.0,3.0,3.0,4.0,783,gemini,2024,여성,4,
3.0,3.0,1.0,1.0,3.0,3.0,2.0,1.0,3.0,3.0,1.0,4.0,4.0,3.0,3.0,1.0,1.0,4.0,1.0,2.0,2.0,4.0,3.0,1.0,4.0,3.0,2.0,3.0,2.0,2.0,2.0,2.0,4.0,3.0,3.0,3.0,784,gemini,2024,여성,4,
2.0,3.0,1.0,1.0,4.0,3.0,2.0,4.0,2.0,4.0,1.0,4.0,2.0,4.0,3.0,1.0,1.0,4.0,1.0,2.0,2.0,4.0,4.0,1.0,4.0,4.0,1.0,3.0,2.0,3.0,2.0,2.0,4.0,3.0,3.0,4.0,785,gemini,2024,여성,4,
4.0,4.0,1.0,1.0,4.0,4.0,4.0,1.0,4.0,4.0,1.0,4.0,4.0,4.0,3.0,1.0,1.0,4.0,1.0,2.0,4.0,4.0,4.0,1.0,4.0,3.0,1.0,4.0,2.0,3.0,3.0,2.0,4.0,3.0,4.0,3.0,786,gemini,2024,여성,4,
2.0,2.0,2.0,2.0,4.0,2.0,2.0,,2.0,3.0,,2.0,2.0,3.0,2.0,1.0,1.0,3.0,1.0,2.0,2.0,3.0,4.0,1.0,3.0,3.0,1.0,3.0,1.0,2.0,2.0,,3.0,2.0,2.0,2.0,787,gemini,2024,여성,4,
3.0,3.0,1.0,1.0,4.0,4.0,2.0,1.0,3.0,3.0,1.0,4.0,4.0,3.0,3.0,1.0,1.0,4.0,1.0,2.0,2.0,4.0,4.0,1.0,4.0,3.0,1.0,3.0,2.0,2.0,2.0,2.0,4.0,3.0,3.0,4.0,788,gemini,2024,여성,4,
1.0,2.0,1.0,2.0,3.0,3.0,1.0,,1.0,2.0,,3.0,1.0,3.0,2.0,1.0,1.0,2.0,1.0,2.0,1.0,2.0,3.0,1.0,3.0,2.0,1.0,2.0,1.0,1.0,1.0,,3.0,2.0,2.0,3.0,789,gemini,2024,여성,4,
2.0,3.0,1.0,2.0,3.0,3.0,2.0,,2.0,3.0,,3.0,2.0,3.0,2.0,1.0,1.0,4.0,1.0,2.0,2.0,4.0,3.0,1.0,3.0,2.0,1.0,3.0,1.0,2.0,2.0,,3.0,2.0,3.0,3.0,790,gemini,2024,여성,4,
3.0,2.0,1.0,1.0,3.0,2.0,2.0,4.0,3.0,2.0,1.0,3.0,3.0,2.0,3.0,1.0,1.0,3.0,1.0,2.0,2.0,3.0,3.0,1.0,4.0,3.0,2.0,3.0,2.0,2.0,2.0,2.0,4.0,2.0,3.0,3.0,791,gemini,2024,여성,4,
1.0,2.0,2.0,2.0,3.0,2.0,1.0,,1.0,2.0,,2.0,1.0,2.0,2.0,1.0,1.0,3.0,1.0,2.0,1.0,3.0,3.0,1.0,3.0,2.0,2.0,2.0,1.0,1.0,1.0,,3.0,2.0,2.0,2.0,792,gemini,2024,여성,4,
2.0,2.0,1.0,2.0,3.0,3.0,1.0,,2.0,2.0,,3.0,2.0,2.0,2.0,1.0,1.0,3.0,2.0,2.0,1.0,3.0,2.0,1.0,3.0,2.0,2.0,3.0,1.0,2.0,1.0,,3.0,2.0,2.0,2.0,793,gemini,2024,여성,4,
2.0,2.0,1.0,1.0,4.0,3.0,3.0,3.0,3.0,4.0,1.0,3.0,2.0,4.0,3.0,1.0,1.0,4.0,1.0,2.0,4.0,4.0,4.0,1.0,3.0,3.0,1.0,4.0,2.0,2.0,3.0,2.0,3.0,3.0,2.0,3.0,794,gemini,2024,여성,4,
2.0,2.0,1.0,2.0,4.0,3.0,2.0,,1.0,3.0,,3.0,1.0,3.0,2.0,1.0,1.0,3.0,1.0,2.0,2.0,3.0,4.0,1.0,3.0,2.0,1.0,2.0,1.0,2.0,1.0,,3.0,2.0,2.0,4.0,795,gemini,2024,여성,4,
2.0,3.0,1.0,1.0,4.0,3.0,2.0,4.0,2.0,3.0,1.0,3.0,2.0,3.0,3.0,1.0,1.0,3.0,1.0,2.0,2.0,3.0,4.0,1.0,4.0,3.0,1.0,2.0,2.0,2.0,2.0,2.0,3.0,3.0,3.0,4.0,796,gemini,2024,여성,4,
2.0,2.0,1.0,1.0,3.0,3.0,2.0,4.0,2.0,2.0,1.0,3.0,2.0,3.0,3.0,1.0,1.0,3.0,1.0,2.0,2.0,3.0,3.0,1.0,3.0,2.0,1.0,2.0,1.0,2.0,2.0,2.0,3.0,2.0,2.0,3.0,797,gemini,2024,여성,4,
3.0,3.0,1.0,1.0,4.0,2.0,2.0,4.0,3.0,3.0,1.0,4.0,3.0,3.0,3.0,1.0,1.0,3.0,1.0,2.0,2.0,4.0,4.0,1.0,4.0,3.0,1.0,3.0,2.0,2.0,2.0,2.0,4.0,3.0,2.0,3.0,798,gemini,2024,여성,4,
2.0,3.0,1.0,2.0,4.0,3.0,2.0,,2.0,3.0,,3.0,2.0,3.0,2.0,1.0,1.0,4.0,1.0,2.0,2.0,4.0,4.0,1.0,3.0,2.0,1.0,2.0,1.0,2.0,2.0,,3.0,3.0,3.0,4.0,799,gemini,2024,여성,4,
2.0,3.0,1.0,2.0,3.0,3.0,2.0,,2.0,3.0,,3.0,2.0,3.0,2.0,1.0,1.0,3.0,1.0,2.0,2.0,3.0,3.0,1.0,3.0,3.0,1.0,2.0,2.0,2.0,2.0,,3.0,2.0,3.0,3.0,800,gemini,2024,여성,4,
2.0,2.0,1.0,2.0,3.0,3.0,2.0,,2.0,2.0,,3.0,2.0,3.0,2.0,1.0,1.0,2.0,1.0,2.0,2.0,2.0,3.0,1.0,3.0,2.0,1.0,2.0,2.0,2.0,2.0,,3.0,2.0,3.0,3.0,801,gemini,2024,여성,4,
2.0,2.0,1.0,2.0,3.0,3.0,2.0,,2.0,3.0,,3.0,2.0,3.0,2.0,1.0,1.0,3.0,1.0,2.0,2.0,3.0,3.0,1.0,3.0,2.0,2.0,2.0,1.0,2.0,2.0,,3.0,2.0,2.0,4.0,802,gemini,2024,여성,4,
3.0,3.0,1.0,1.0,4.0,4.0,2.0,1.0,3.0,3.0,1.0,4.0,4.0,3.0,4.0,1.0,1.0,4.0,1.0,2.0,2.0,4.0,4.0,1.0,4.0,3.0,1.0,2.0,2.0,2.0,2.0,2.0,4.0,3.0,3.0,3.0,803,gemini,2024,여성,4,
2.0,3.0,1.0,1.0,3.0,4.0,2.0,4.0,3.0,3.0,1.0,4.0,3.0,2.0,3.0,1.0,1.0,4.0,1.0,2.0,2.0,4.0,3.0,1.0,4.0,2.0,1.0,2.0,2.0,2.0,2.0,2.0,4.0,3.0,3.0,4.0,804,gemini,2024,여성,4,
2.0,3.0,1.0,1.0,4.0,3.0,2.0,4.0,2.0,3.0,1.0,3.0,3.0,3.0,3.0,1.0,1.0,4.0,1.0,2.0,2.0,4.0,3.0,1.0,4.0,3.0,1.0,2.0,2.0,2.0,2.0,2.0,4.0,2.0,3.0,3.0,805,gemini,2024,여성,4,
2.0,2.0,1.0,2.0,3.0,3.0,2.0,,2.0,2.0,,3.0,2.0,3.0,2.0,1.0,1.0,3.0,1.0,2.0,2.0,3.0,3.0,1.0,3.0,3.0,1.0,3.0,2.0,2.0,2.0,,3.0,2.0,2.0,3.0,806,gemini,2024,여성,4,
3.0,3.0,1.0,1.0,3.0,4.0,2.0,1.0,3.0,3.0,1.0,4.0,3.0,3.0,3.0,1.0,1.0,4.0,1.0,2.0,2.0,4.0,3.0,1.0,4.0,3.0,1.0,2.0,2.0,2.0,2.0,2.0,4.0,3.0,3.0,4.0,807,gemini,2024,여성,4,
3.0,3.0,1.0,1.0,4.0,4.0,3.0,1.0,3.0,4.0,1.0,4.0,4.0,4.0,3.0,1.0,1.0,4.0,1.0,2.0,3.0,4.0,4.0,1.0,4.0,3.0,1.0,4.0,2.0,2.0,2.0,2.0,4.0,3.0,3.0,4.0,808,gemini,2024,여성,5,
2.0,2.0,1.0,2.0,3.0,3.0,2.0,,2.0,3.0,,3.0,2.0,3.0,2.0,1.0,1.0,3.0,1.0,2.0,2.0,3.0,4.0,1.0,4.0,3.0,1.0,2.0,2.0,2.0,2.0,,4.0,3.0,2.0,3.0,809,gemini,2024,여성,5,
2.0,2.0,2.0,1.0,3.0,3.0,1.0,4.0,3.0,3.0,1.0,3.0,2.0,2.0,3.0,1.0,1.0,3.0,1.0,2.0,1.0,2.0,3.0,1.0,3.0,2.0,1.0,3.0,1.0,2.0,1.0,2.0,3.0,2.0,2.0,3.0,810,gemini,2024,여성,5,
1.0,2.0,1.0,1.0,3.0,2.0,1.0,4.0,1.0,2.0,1.0,2.0,1.0,3.0,2.0,1.0,1.0,2.0,1.0,2.0,1.0,2.0,3.0,1.0,3.0,2.0,1.0,1.0,1.0,2.0,1.0,2.0,3.0,2.0,3.0,3.0,811,gemini,2024,여성,5,
3.0,2.0,1.0,1.0,3.0,3.0,2.0,4.0,3.0,2.0,1.0,3.0,3.0,2.0,2.0,1.0,1.0,3.0,2.0,2.0,2.0,3.0,3.0,1.0,3.0,2.0,2.0,3.0,2.0,2.0,2.0,2.0,3.0,2.0,2.0,2.0,812,gemini,2024,여성,5,
2.0,3.0,2.0,2.0,3.0,2.0,2.0,,2.0,3.0,,3.0,2.0,3.0,2.0,1.0,1.0,2.0,1.0,2.0,2.0,2.0,3.0,1.0,3.0,2.0,1.0,2.0,1.0,2.0,2.0,,3.0,2.0,3.0,3.0,813,gemini,2024,여성,5,
2.0,2.0,2.0,2.0,3.0,2.0,1.0,,2.0,2.0,,2.0,2.0,2.0,2.0,2.0,1.0,2.0,1.0,2.0,1.0,2.0,2.0,1.0,3.0,2.0,2.0,2.0,1.0,2.0,1.0,,3.0,2.0,2.0,2.0,814,gemini,2024,여성,5,
3.0,3.0,1.0,1.0,4.0,3.0,2.0,1.0,3.0,3.0,1.0,4.0,3.0,3.0,3.0,1.0,1.0,4.0,1.0,2.0,2.0,4.0,4.0,1.0,4.0,3.0,2.0,2.0,2.0,2.0,2.0,2.0,4.0,3.0,3.0,3.0,815,gemini,2024,여성,5,
2.0,3.0,1.0,1.0,3.0,3.0,2.0,1.0,2.0,3.0,1.0,4.0,3.0,3.0,3.0,1.0,1.0,4.0,1.0,2.0,2.0,4.0,3.0,1.0,4.0,3.0,1.0,2.0,2.0,2.0,2.0,2.0,4.0,3.0,3.0,4.0,816,gemini,2024,여성,5,
2.0,2.0,1.0,1.0,3.0,3.0,2.0,4.0,2.0,3.0,1.0,3.0,2.0,3.0,3.0,1.0,1.0,3.0,1.0,2.0,2.0,3.0,3.0,1.0,3.0,3.0,1.0,2.0,2.0,2.0,2.0,2.0,3.0,2.0,3.0,3.0,817,gemini,2024,여성,5,
2.0,2.0,2.0,2.0,4.0,3.0,2.0,,2.0,3.0,,3.0,2.0,3.0,2.0,1.0,1.0,3.0,1.0,2.0,2.0,3.0,4.0,1.0,3.0,3.0,2.0,2.0,1.0,2.0,2.0,,3.0,2.0,3.0,3.0,818,gemini,2024,여성,5,
2.0,2.0,1.0,2.0,3.0,3.0,1.0,,2.0,2.0,,3.0,2.0,2.0,2.0,1.0,1.0,3.0,1.0,2.0,1.0,3.0,3.0,1.0,3.0,2.0,2.0,2.0,1.0,2.0,1.0,,3.0,2.0,2.0,3.0,819,gemini,2024,여성,5,
3.0,4.0,1.0,1.0,3.0,3.0,2.0,1.0,3.0,3.0,1.0,4.0,4.0,3.0,3.0,1.0,1.0,4.0,1.0,2.0,2.0,4.0,3.0,1.0,4.0,4.0,2.0,2.0,2.0,2.0,2.0,2.0,4.0,3.0,4.0,4.0,820,gemini,2024,여성,5,
2.0,2.0,2.0,2.0,3.0,3.0,2.0,,2.0,3.0,,3.0,2.0,3.0,2.0,1.0,1.0,3.0,1.0,2.0,2.0,3.0,3.0,1.0,3.0,3.0,2.0,2.0,1.0,2.0,2.0,,3.0,3.0,2.0,3.0,821,gemini,2024,여성,5,
3.0,3.0,1.0,1.0,3.0,3.0,2.0,4.0,3.0,3.0,1.0,3.0,3.0,3.0,3.0,1.0,1.0,3.0,1.0,2.0,2.0,3.0,3.0,1.0,4.0,3.0,2.0,2.0,2.0,2.0,2.0,2.0,4.0,3.0,3.0,3.0,822,gemini,2024,여성,5,
3.0,2.0,1.0,1.0,4.0,4.0,2.0,4.0,3.0,4.0,1.0,4.0,4.0,3.0,3.0,1.0,1.0,4.0,1.0,2.0,2.0,4.0,4.0,1.0,4.0,3.0,1.0,3.0,2.0,2.0,2.0,2.0,4.0,3.0,3.0,3.0,823,gemini,2024,여성,5,
3.0,3.0,1.0,1.0,3.0,3.0,2.0,4.0,2.0,3.0,1.0,3.0,3.0,2.0,3.0,1.0,1.0,4.0,2.0,2.0,2.0,4.0,3.0,1.0,4.0,3.0,2.0,2.0,2.0,2.0,2.0,2.0,4.0,3.0,3.0,3.0,824,gemini,2024,여성,5,
4.0,3.0,1.0,1.0,4.0,3.0,2.0,4.0,3.0,3.0,1.0,3.0,4.0,3.0,3.0,1.0,1.0,3.0,1.0,2.0,2.0,3.0,4.0,1.0,4.0,3.0,1.0,2.0,2.0,2.0,2.0,2.0,4.0,2.0,2.0,3.0,825,gemini,2024,여성,5,
2.0,2.0,2.0,1.0,4.0,3.0,2.0,4.0,2.0,3.0,4.0,3.0,2.0,3.0,3.0,1.0,1.0,4.0,1.0,2.0,2.0,4.0,4.0,1.0,4.0,3.0,1.0,2.0,2.0,2.0,2.0,2.0,4.0,2.0,3.0,3.0,826,gemini,2024,여성,5,
2.0,3.0,1.0,1.0,3.0,4.0,2.0,1.0,3.0,3.0,1.0,4.0,3.0,2.0,3.0,1.0,1.0,4.0,1.0,2.0,2.0,4.0,3.0,1.0,4.0,2.0,1.0,2.0,2.0,2.0,2.0,2.0,4.0,3.0,3.0,3.0,827,gemini,2024,여성,5,
2.0,2.0,2.0,2.0,3.0,3.0,2.0,,2.0,3.0,,3.0,2.0,3.0,2.0,1.0,1.0,3.0,1.0,2.0,2.0,3.0,3.0,1.0,3.0,2.0,2.0,2.0,2.0,2.0,2.0,,3.0,3.0,2.0,3.0,828,gemini,2024,여성,5,
2.0,2.0,1.0,2.0,3.0,3.0,2.0,,2.0,3.0,,2.0,2.0,3.0,2.0,1.0,1.0,2.0,1.0,2.0,2.0,2.0,3.0,1.0,3.0,2.0,2.0,3.0,2.0,2.0,2.0,,3.0,3.0,3.0,3.0,829,gemini,2024,여성,5,
1.0,2.0,2.0,2.0,3.0,2.0,1.0,,1.0,2.0,,2.0,1.0,2.0,1.0,1.0,1.0,2.0,1.0,2.0,2.0,2.0,3.0,1.0,3.0,2.0,1.0,2.0,1.0,1.0,1.0,,3.0,2.0,2.0,3.0,830,gemini,2024,여성,5,
1.0,2.0,1.0,2.0,3.0,3.0,2.0,,1.0,2.0,,3.0,1.0,3.0,2.0,1.0,1.0,2.0,1.0,2.0,2.0,2.0,3.0,1.0,3.0,2.0,1.0,2.0,1.0,2.0,1.0,,3.0,3.0,2.0,4.0,831,gemini,2024,여성,5,
1.0,2.0,2.0,1.0,3.0,2.0,1.0,4.0,1.0,2.0,1.0,2.0,1.0,2.0,2.0,2.0,1.0,2.0,2.0,2.0,1.0,2.0,3.0,1.0,3.0,2.0,2.0,2.0,1.0,2.0,1.0,2.0,3.0,2.0,2.0,3.0,832,gemini,2024,여성,5,
4.0,2.0,1.0,1.0,4.0,3.0,3.0,3.0,4.0,4.0,1.0,3.0,4.0,4.0,3.0,1.0,1.0,3.0,1.0,2.0,3.0,3.0,4.0,1.0,3.0,3.0,1.0,4.0,3.0,2.0,2.0,2.0,3.0,3.0,2.0,3.0,833,gemini,2024,여성,5,
2.0,2.0,2.0,2.0,4.0,2.0,3.0,,2.0,3.0,,3.0,2.0,3.0,2.0,2.0,1.0,3.0,2.0,2.0,2.0,3.0,4.0,1.0,3.0,3.0,2.0,3.0,2.0,2.0,2.0,,3.0,3.0,2.0,3.0,834,gemini,2024,여성,5,
2.0,4.0,1.0,1.0,3.0,3.0,2.0,1.0,2.0,2.0,1.0,4.0,3.0,2.0,3.0,1.0,1.0,3.0,1.0,2.0,2.0,3.0,3.0,1.0,4.0,4.0,1.0,2.0,2.0,2.0,2.0,2.0,4.0,2.0,4.0,3.0,835,gemini,2024,여성,5,
2.0,3.0,1.0,1.0,4.0,3.0,3.0,4.0,2.0,3.0,1.0,3.0,2.0,3.0,3.0,1.0,1.0,3.0,1.0,2.0,2.0,3.0,4.0,1.0,4.0,3.0,1.0,3.0,2.0,2.0,2.0,2.0,4.0,2.0,3.0,4.0,836,gemini,2024,여성,5,
1.0,2.0,2.0,2.0,3.0,3.0,1.0,,2.0,2.0,,2.0,2.0,2.0,2.0,1.0,1.0,2.0,1.0,2.0,2.0,2.0,3.0,1.0,3.0,2.0,1.0,3.0,1.0,1.0,1.0,,3.0,2.0,2.0,3.0,837,gemini,2024,여성,5,
2.0,2.0,2.0,2.0,3.0,3.0,2.0,,2.0,3.0,,3.0,2.0,3.0,2.0,1.0,1.0,3.0,2.0,2.0,2.0,3.0,3.0,1.0,3.0,3.0,1.0,2.0,2.0,2.0,2.0,,3.0,3.0,3.0,3.0,838,gemini,2024,여성,5,
2.0,3.0,2.0,2.0,4.0,3.0,2.0,,2.0,3.0,,3.0,2.0,3.0,2.0,2.0,1.0,3.0,2.0,2.0,2.0,2.0,4.0,1.0,3.0,2.0,2.0,2.0,1.0,2.0,1.0,,3.0,2.0,3.0,3.0,839,gemini,2024,여성,5,
2.0,2.0,2.0,2.0,3.0,3.0,2.0,,2.0,2.0,,3.0,2.0,2.0,2.0,2.0,1.0,3.0,2.0,2.0,2.0,2.0,3.0,1.0,3.0,3.0,2.0,2.0,1.0,2.0,2.0,,3.0,2.0,2.0,3.0,840,gemini,2024,여성,5,
2.0,3.0,1.0,2.0,4.0,3.0,2.0,,2.0,3.0,,3.0,2.0,3.0,2.0,1.0,1.0,3.0,1.0,2.0,2.0,3.0,4.0,1.0,3.0,3.0,1.0,2.0,2.0,2.0,2.0,,3.0,3.0,3.0,4.0,841,gemini,2024,여성,5,
1.0,2.0,2.0,2.0,3.0,2.0,1.0,,1.0,2.0,,2.0,2.0,2.0,2.0,1.0,1.0,2.0,2.0,2.0,1.0,2.0,3.0,1.0,3.0,3.0,1.0,1.0,1.0,2.0,1.0,,3.0,2.0,2.0,3.0,842,gemini,2024,여성,5,
2.0,3.0,1.0,1.0,4.0,3.0,3.0,4.0,2.0,4.0,1.0,3.0,2.0,4.0,2.0,1.0,1.0,3.0,1.0,2.0,3.0,3.0,4.0,1.0,3.0,3.0,1.0,4.0,2.0,2.0,3.0,2.0,3.0,3.0,3.0,3.0,843,gemini,2024,여성,5,
1.0,2.0,2.0,2.0,3.0,3.0,1.0,,1.0,2.0,,3.0,2.0,2.0,2.0,2.0,1.0,2.0,2.0,2.0,1.0,2.0,3.0,1.0,3.0,3.0,2.0,2.0,1.0,2.0,1.0,,3.0,2.0,2.0,3.0,844,gemini,2024,여성,5,
3.0,2.0,1.0,1.0,3.0,3.0,2.0,4.0,3.0,3.0,1.0,3.0,3.0,3.0,3.0,1.0,1.0,3.0,1.0,2.0,2.0,3.0,3.0,1.0,3.0,3.0,1.0,2.0,2.0,2.0,2.0,2.0,3.0,3.0,3.0,4.0,845,gemini,2024,여성,5,
3.0,3.0,1.0,1.0,3.0,3.0,2.0,1.0,2.0,3.0,1.0,4.0,3.0,2.0,3.0,1.0,1.0,3.0,1.0,2.0,2.0,3.0,3.0,1.0,4.0,2.0,2.0,2.0,2.0,2.0,2.0,2.0,4.0,3.0,3.0,3.0,846,gemini,2024,여성,5,
2.0,3.0,1.0,2.0,3.0,3.0,2.0,,2.0,3.0,,3.0,2.0,3.0,2.0,1.0,1.0,2.0,1.0,2.0,2.0,2.0,3.0,1.0,3.0,3.0,1.0,3.0,1.0,2.0,2.0,,3.0,2.0,3.0,3.0,847,gemini,2024,여성,5,
3.0,4.0,1.0,1.0,4.0,4.0,2.0,1.0,3.0,3.0,1.0,4.0,4.0,3.0,3.0,1.0,1.0,4.0,1.0,2.0,2.0,4.0,4.0,1.0,4.0,3.0,1.0,2.0,2.0,2.0,2.0,2.0,4.0,3.0,3.0,3.0,848,gemini,2024,여성,5,
3.0,3.0,2.0,2.0,3.0,3.0,2.0,,3.0,3.0,,3.0,3.0,3.0,2.0,2.0,1.0,3.0,1.0,2.0,2.0,3.0,3.0,1.0,3.0,3.0,2.0,2.0,2.0,2.0,2.0,,3.0,3.0,3.0,3.0,849,gemini,2024,여성,5,
3.0,4.0,1.0,1.0,4.0,4.0,2.0,1.0,3.0,3.0,1.0,4.0,4.0,3.0,4.0,1.0,1.0,4.0,1.0,2.0,2.0,4.0,3.0,1.0,4.0,4.0,1.0,3.0,2.0,3.0,2.0,2.0,4.0,3.0,4.0,3.0,850,gemini,2024,여성,5,
2.0,3.0,1.0,1.0,3.0,3.0,2.0,4.0,2.0,3.0,1.0,3.0,2.0,3.0,3.0,1.0,1.0,3.0,1.0,2.0,2.0,3.0,3.0,1.0,4.0,3.0,2.0,2.0,2.0,2.0,2.0,2.0,4.0,2.0,3.0,3.0,851,gemini,2024,여성,5,
2.0,2.0,1.0,2.0,3.0,3.0,1.0,,2.0,2.0,,3.0,2.0,2.0,2.0,1.0,1.0,3.0,1.0,2.0,2.0,3.0,3.0,1.0,3.0,2.0,1.0,2.0,1.0,2.0,1.0,,3.0,2.0,3.0,3.0,852,gemini,2024,여성,5,
2.0,3.0,1.0,1.0,4.0,3.0,2.0,4.0,2.0,3.0,9.0,3.0,2.0,3.0,2.0,1.0,1.0,3.0,1.0,2.0,2.0,3.0,4.0,1.0,3.0,2.0,1.0,2.0,2.0,2.0,2.0,2.0,3.0,3.0,3.0,4.0,853,gemini,2024,여성,5,
3.0,3.0,1.0,1.0,3.0,3.0,2.0,1.0,3.0,3.0,1.0,3.0,3.0,3.0,3.0,1.0,1.0,3.0,1.0,2.0,3.0,3.0,3.0,1.0,4.0,3.0,1.0,4.0,2.0,2.0,2.0,2.0,4.0,3.0,3.0,3.0,854,gemini,2024,여성,5,
2.0,2.0,2.0,2.0,3.0,2.0,2.0,,2.0,2.0,,2.0,2.0,3.0,2.0,1.0,1.0,2.0,2.0,2.0,2.0,2.0,3.0,1.0,3.0,2.0,1.0,3.0,1.0,2.0,2.0,,3.0,2.0,2.0,3.0,855,gemini,2024,여성,5,
4.0,3.0,1.0,1.0,3.0,4.0,2.0,4.0,3.0,3.0,1.0,4.0,3.0,3.0,3.0,1.0,1.0,4.0,1.0,2.0,2.0,4.0,3.0,1.0,4.0,3.0,1.0,2.0,2.0,2.0,2.0,2.0,4.0,3.0,3.0,3.0,856,gemini,2024,여성,5,
2.0,3.0,1.0,2.0,3.0,3.0,2.0,,2.0,3.0,,3.0,2.0,3.0,2.0,1.0,1.0,3.0,1.0,2.0,2.0,3.0,4.0,1.0,3.0,3.0,1.0,2.0,1.0,2.0,2.0,,3.0,3.0,2.0,3.0,857,gemini,2024,여성,5,
4.0,4.0,1.0,1.0,4.0,4.0,3.0,1.0,4.0,4.0,1.0,4.0,4.0,4.0,4.0,1.0,1.0,4.0,1.0,2.0,4.0,4.0,4.0,1.0,4.0,4.0,1.0,4.0,2.0,3.0,3.0,1.0,4.0,3.0,4.0,4.0,858,gemini,2024,여성,5,
2.0,3.0,1.0,1.0,4.0,3.0,2.0,4.0,2.0,3.0,1.0,3.0,3.0,3.0,3.0,1.0,1.0,4.0,1.0,2.0,2.0,3.0,3.0,1.0,4.0,3.0,2.0,3.0,2.0,2.0,2.0,2.0,4.0,3.0,3.0,4.0,859,gemini,2024,여성,5,
3.0,4.0,1.0,1.0,4.0,3.0,2.0,1.0,3.0,4.0,1.0,4.0,3.0,4.0,3.0,1.0,1.0,3.0,1.0,2.0,3.0,3.0,4.0,1.0,4.0,3.0,1.0,4.0,2.0,2.0,2.0,2.0,4.0,3.0,3.0,3.0,860,gemini,2024,여성,5,
4.0,4.0,1.0,1.0,4.0,4.0,3.0,1.0,4.0,4.0,1.0,4.0,4.0,4.0,4.0,1.0,1.0,4.0,1.0,2.0,3.0,4.0,4.0,1.0,5.0,4.0,1.0,4.0,3.0,3.0,3.0,1.0,5.0,3.0,4.0,3.0,861,gemini,2024,여성,5,
3.0,3.0,1.0,1.0,4.0,3.0,2.0,4.0,3.0,3.0,1.0,4.0,4.0,3.0,3.0,1.0,1.0,4.0,1.0,2.0,2.0,4.0,4.0,1.0,4.0,3.0,1.0,2.0,2.0,2.0,2.0,2.0,4.0,3.0,3.0,3.0,862,gemini,2024,여성,5,
2.0,3.0,1.0,1.0,3.0,3.0,2.0,4.0,2.0,3.0,1.0,3.0,2.0,3.0,3.0,1.0,1.0,3.0,1.0,2.0,2.0,3.0,3.0,1.0,4.0,2.0,1.0,2.0,2.0,2.0,1.0,2.0,4.0,3.0,3.0,4.0,863,gemini,2024,여성,5,
2.0,2.0,2.0,2.0,3.0,3.0,1.0,,2.0,3.0,,3.0,2.0,3.0,2.0,1.0,1.0,3.0,1.0,2.0,1.0,3.0,3.0,1.0,3.0,3.0,1.0,2.0,1.0,2.0,1.0,,3.0,2.0,2.0,3.0,864,gemini,2024,여성,5,
2.0,3.0,1.0,1.0,4.0,3.0,2.0,4.0,2.0,3.0,1.0,4.0,3.0,3.0,3.0,1.0,1.0,3.0,1.0,2.0,2.0,3.0,3.0,1.0,4.0,3.0,1.0,2.0,2.0,2.0,2.0,2.0,4.0,3.0,3.0,4.0,865,gemini,2024,여성,5,
3.0,4.0,1.0,1.0,3.0,4.0,2.0,1.0,3.0,3.0,1.0,4.0,3.0,3.0,3.0,1.0,1.0,4.0,1.0,2.0,2.0,4.0,3.0,1.0,4.0,3.0,1.0,2.0,2.0,2.0,2.0,2.0,4.0,3.0,4.0,4.0,866,gemini,2024,여성,5,
1.0,2.0,2.0,2.0,3.0,3.0,1.0,,1.0,2.0,,2.0,1.0,2.0,2.0,1.0,1.0,2.0,2.0,2.0,1.0,2.0,3.0,1.0,3.0,2.0,2.0,2.0,1.0,2.0,1.0,,3.0,2.0,2.0,3.0,867,gemini,2024,여성,5,
2.0,2.0,2.0,2.0,4.0,3.0,2.0,,2.0,3.0,,3.0,2.0,3.0,2.0,2.0,1.0,3.0,1.0,2.0,2.0,3.0,4.0,1.0,4.0,2.0,2.0,2.0,1.0,2.0,2.0,,3.0,3.0,3.0,3.0,868,gemini,2024,여성,5,
2.0,4.0,1.0,1.0,4.0,3.0,3.0,4.0,2.0,4.0,1.0,4.0,3.0,3.0,3.0,1.0,1.0,4.0,1.0,2.0,3.0,4.0,4.0,1.0,4.0,3.0,1.0,3.0,2.0,2.0,2.0,2.0,4.0,3.0,3.0,4.0,869,gemini,2024,여성,5,
2.0,2.0,1.0,1.0,3.0,3.0,2.0,4.0,2.0,2.0,1.0,3.0,2.0,2.0,2.0,1.0,1.0,3.0,1.0,2.0,2.0,3.0,3.0,1.0,3.0,3.0,2.0,2.0,1.0,2.0,1.0,2.0,3.0,2.0,2.0,3.0,870,gemini,2024,여성,5,
2.0,3.0,2.0,2.0,3.0,3.0,1.0,,2.0,2.0,,3.0,2.0,2.0,2.0,2.0,1.0,2.0,2.0,2.0,2.0,2.0,3.0,1.0,3.0,3.0,2.0,2.0,1.0,2.0,1.0,,3.0,2.0,3.0,3.0,871,gemini,2024,여성,5,
2.0,2.0,2.0,2.0,4.0,3.0,1.0,,2.0,3.0,,3.0,2.0,2.0,2.0,1.0,1.0,2.0,2.0,2.0,1.0,2.0,3.0,1.0,3.0,2.0,2.0,2.0,1.0,1.0,1.0,,3.0,3.0,3.0,4.0,872,gemini,2024,여성,5,
2.0,2.0,1.0,1.0,4.0,3.0,2.0,3.0,3.0,4.0,1.0,4.0,3.0,3.0,3.0,1.0,1.0,4.0,1.0,2.0,2.0,4.0,4.0,1.0,4.0,3.0,2.0,3.0,2.0,2.0,2.0,2.0,4.0,3.0,3.0,3.0,873,gemini,2024,여성,5,
2.0,3.0,2.0,2.0,4.0,2.0,2.0,,2.0,3.0,,3.0,2.0,3.0,2.0,1.0,1.0,3.0,1.0,2.0,2.0,2.0,4.0,1.0,3.0,3.0,2.0,2.0,1.0,2.0,2.0,,3.0,2.0,3.0,3.0,874,gemini,2024,여성,5,
2.0,2.0,2.0,2.0,3.0,3.0,2.0,,2.0,2.0,,3.0,1.0,3.0,2.0,1.0,1.0,2.0,2.0,2.0,2.0,2.0,3.0,1.0,3.0,2.0,1.0,2.0,1.0,2.0,1.0,,3.0,2.0,2.0,4.0,875,gemini,2024,여성,5,
2.0,2.0,1.0,2.0,3.0,3.0,2.0,,2.0,2.0,,3.0,2.0,2.0,2.0,1.0,1.0,3.0,1.0,2.0,2.0,3.0,3.0,1.0,3.0,2.0,2.0,2.0,2.0,2.0,2.0,,3.0,3.0,2.0,4.0,876,gemini,2024,여성,5,
2.0,3.0,2.0,2.0,4.0,2.0,2.0,,2.0,3.0,,2.0,2.0,4.0,2.0,1.0,1.0,3.0,1.0,2.0,2.0,2.0,4.0,1.0,3.0,2.0,2.0,3.0,2.0,2.0,2.0,,3.0,2.0,3.0,3.0,877,gemini,2024,여성,5,
2.0,3.0,1.0,1.0,3.0,3.0,2.0,4.0,3.0,3.0,1.0,3.0,3.0,3.0,3.0,1.0,1.0,3.0,1.0,2.0,2.0,3.0,3.0,1.0,4.0,2.0,2.0,3.0,2.0,2.0,2.0,2.0,4.0,3.0,3.0,3.0,878,gemini,2024,여성,5,
3.0,3.0,1.0,1.0,4.0,3.0,1.0,4.0,3.0,3.0,1.0,4.0,4.0,2.0,3.0,1.0,1.0,4.0,1.0,2.0,2.0,4.0,3.0,1.0,4.0,3.0,2.0,2.0,2.0,2.0,1.0,2.0,4.0,2.0,3.0,3.0,879,gemini,2024,여성,5,
3.0,3.0,1.0,1.0,4.0,3.0,2.0,4.0,2.0,3.0,1.0,4.0,3.0,3.0,3.0,1.0,1.0,3.0,1.0,2.0,2.0,3.0,3.0,1.0,4.0,2.0,1.0,3.0,2.0,2.0,2.0,2.0,4.0,3.0,3.0,3.0,880,gemini,2024,여성,5,
2.0,2.0,2.0,2.0,3.0,2.0,1.0,,2.0,2.0,,2.0,2.0,2.0,2.0,2.0,1.0,2.0,2.0,2.0,1.0,2.0,2.0,1.0,2.0,2.0,2.0,1.0,1.0,2.0,1.0,,2.0,2.0,2.0,2.0,881,gemini,2024,여성,5,
2.0,2.0,2.0,2.0,3.0,3.0,2.0,,1.0,2.0,,3.0,2.0,2.0,2.0,1.0,1.0,3.0,1.0,2.0,2.0,3.0,3.0,1.0,3.0,2.0,1.0,2.0,2.0,2.0,1.0,,3.0,3.0,2.0,4.0,882,gemini,2024,여성,5,
2.0,2.0,1.0,2.0,3.0,3.0,2.0,,2.0,3.0,,3.0,2.0,3.0,2.0,1.0,1.0,3.0,2.0,2.0,2.0,3.0,3.0,1.0,3.0,2.0,1.0,3.0,2.0,2.0,2.0,,3.0,3.0,2.0,3.0,883,gemini,2024,여성,5,
2.0,3.0,1.0,2.0,3.0,3.0,2.0,,2.0,3.0,,3.0,2.0,3.0,2.0,1.0,1.0,3.0,1.0,2.0,2.0,3.0,3.0,1.0,3.0,3.0,1.0,2.0,2.0,2.0,2.0,,3.0,3.0,3.0,3.0,884,gemini,2024,여성,5,
2.0,2.0,1.0,1.0,3.0,2.0,1.0,4.0,2.0,2.0,1.0,3.0,3.0,2.0,3.0,1.0,1.0,3.0,2.0,2.0,1.0,3.0,2.0,1.0,3.0,2.0,2.0,3.0,2.0,2.0,2.0,2.0,3.0,2.0,2.0,3.0,885,gemini,2024,여성,5,
2.0,3.0,1.0,1.0,3.0,3.0,2.0,4.0,2.0,3.0,1.0,3.0,2.0,3.0,3.0,1.0,1.0,3.0,1.0,2.0,2.0,3.0,3.0,1.0,4.0,3.0,1.0,3.0,1.0,2.0,2.0,2.0,4.0,2.0,3.0,4.0,886,gemini,2024,여성,5,
2.0,2.0,1.0,1.0,4.0,3.0,3.0,4.0,2.0,3.0,1.0,3.0,2.0,3.0,2.0,1.0,1.0,3.0,1.0,2.0,3.0,3.0,4.0,1.0,4.0,2.0,1.0,3.0,2.0,2.0,2.0,2.0,3.0,3.0,3.0,3.0,887,gemini,2024,여성,5,
2.0,2.0,2.0,1.0,3.0,2.0,2.0,4.0,2.0,3.0,1.0,3.0,2.0,2.0,3.0,1.0,1.0,3.0,2.0,2.0,2.0,2.0,3.0,1.0,3.0,3.0,2.0,2.0,2.0,2.0,2.0,2.0,3.0,2.0,2.0,3.0,888,gemini,2024,여성,5,
3.0,3.0,1.0,1.0,4.0,4.0,2.0,1.0,3.0,3.0,1.0,4.0,3.0,3.0,3.0,1.0,1.0,4.0,1.0,2.0,2.0,4.0,4.0,1.0,4.0,3.0,1.0,3.0,2.0,2.0,2.0,2.0,4.0,3.0,3.0,4.0,889,gemini,2024,여성,5,
2.0,3.0,1.0,2.0,4.0,2.0,3.0,,2.0,4.0,,3.0,3.0,4.0,2.0,1.0,1.0,3.0,1.0,2.0,3.0,3.0,4.0,1.0,3.0,3.0,2.0,3.0,2.0,2.0,2.0,,3.0,3.0,3.0,3.0,890,gemini,2024,여성,5,
2.0,3.0,1.0,2.0,3.0,3.0,2.0,,2.0,3.0,,3.0,2.0,3.0,2.0,1.0,1.0,3.0,1.0,2.0,2.0,3.0,3.0,1.0,3.0,3.0,1.0,2.0,2.0,2.0,2.0,,3.0,3.0,3.0,3.0,891,gemini,2024,여성,5,
2.0,2.0,2.0,2.0,4.0,2.0,2.0,,2.0,3.0,,2.0,2.0,3.0,2.0,2.0,1.0,3.0,1.0,2.0,2.0,2.0,4.0,1.0,3.0,3.0,2.0,2.0,2.0,2.0,2.0,,3.0,3.0,3.0,4.0,892,gemini,2024,여성,6,
2.0,2.0,2.0,2.0,3.0,3.0,2.0,,2.0,3.0,,3.0,2.0,2.0,2.0,2.0,1.0,2.0,1.0,2.0,2.0,2.0,3.0,1.0,3.0,2.0,2.0,2.0,1.0,2.0,2.0,,3.0,3.0,2.0,4.0,893,gemini,2024,여성,6,
2.0,2.0,2.0,2.0,3.0,2.0,2.0,,1.0,2.0,,2.0,1.0,3.0,2.0,1.0,1.0,2.0,2.0,2.0,2.0,2.0,3.0,1.0,3.0,2.0,2.0,2.0,1.0,2.0,2.0,,3.0,3.0,2.0,4.0,894,gemini,2024,여성,6,
1.0,3.0,2.0,2.0,3.0,2.0,1.0,,1.0,2.0,,2.0,1.0,2.0,2.0,1.0,1.0,2.0,2.0,2.0,1.0,2.0,2.0,1.0,3.0,3.0,2.0,2.0,1.0,2.0,1.0,,3.0,2.0,3.0,3.0,895,gemini,2024,여성,6,
2.0,2.0,1.0,1.0,4.0,3.0,2.0,4.0,2.0,3.0,9.0,3.0,2.0,3.0,2.0,1.0,1.0,3.0,1.0,2.0,2.0,3.0,4.0,1.0,3.0,3.0,1.0,2.0,2.0,2.0,2.0,2.0,3.0,3.0,3.0,3.0,896,gemini,2024,여성,6,
2.0,2.0,2.0,2.0,3.0,2.0,1.0,,2.0,2.0,,2.0,2.0,2.0,2.0,2.0,1.0,2.0,2.0,2.0,1.0,2.0,3.0,1.0,3.0,2.0,2.0,2.0,2.0,2.0,2.0,,3.0,2.0,2.0,3.0,897,gemini,2024,여성,6,
2.0,2.0,2.0,2.0,3.0,2.0,2.0,,2.0,3.0,,2.0,1.0,3.0,2.0,2.0,1.0,3.0,2.0,2.0,2.0,2.0,3.0,1.0,3.0,3.0,2.0,2.0,1.0,2.0,2.0,,3.0,2.0,2.0,4.0,898,gemini,2024,여성,6,
1.0,2.0,2.0,2.0,3.0,2.0,1.0,,1.0,3.0,,2.0,1.0,3.0,1.0,2.0,1.0,2.0,2.0,2.0,1.0,2.0,3.0,1.0,3.0,2.0,2.0,2.0,1.0,1.0,1.0,,3.0,2.0,2.0,4.0,899,gemini,2024,여성,6,
2.0,2.0,2.0,2.0,3.0,3.0,2.0,,2.0,3.0,,3.0,2.0,3.0,2.0,1.0,1.0,2.0,1.0,2.0,2.0,2.0,3.0,1.0,3.0,3.0,2.0,2.0,2.0,2.0,2.0,,3.0,3.0,2.0,4.0,900,gemini,2024,여성,6,
2.0,2.0,2.0,2.0,4.0,2.0,2.0,,2.0,3.0,,3.0,2.0,3.0,2.0,2.0,1.0,2.0,2.0,2.0,2.0,2.0,4.0,1.0,3.0,2.0,2.0,3.0,2.0,2.0,2.0,,3.0,3.0,2.0,3.0,901,gemini,2024,여성,6,
3.0,3.0,1.0,1.0,3.0,4.0,2.0,1.0,3.0,3.0,1.0,4.0,4.0,3.0,4.0,1.0,1.0,4.0,1.0,2.0,2.0,4.0,3.0,1.0,4.0,3.0,1.0,2.0,2.0,2.0,2.0,2.0,4.0,3.0,3.0,3.0,902,gemini,2024,여성,6,
2.0,3.0,1.0,1.0,3.0,3.0,2.0,4.0,2.0,2.0,1.0,3.0,2.0,2.0,3.0,1.0,1.0,3.0,1.0,2.0,2.0,3.0,3.0,1.0,3.0,3.0,2.0,2.0,2.0,2.0,2.0,2.0,3.0,2.0,3.0,3.0,903,gemini,2024,여성,6,
2.0,3.0,2.0,2.0,3.0,2.0,2.0,,2.0,2.0,,2.0,2.0,2.0,2.0,2.0,1.0,2.0,2.0,2.0,2.0,2.0,3.0,1.0,3.0,2.0,2.0,2.0,1.0,2.0,2.0,,3.0,2.0,3.0,2.0,904,gemini,2024,여성,6,
2.0,2.0,1.0,2.0,3.0,3.0,2.0,,2.0,3.0,,3.0,2.0,2.0,2.0,1.0,1.0,2.0,2.0,2.0,2.0,2.0,3.0,1.0,3.0,2.0,1.0,2.0,1.0,2.0,2.0,,3.0,2.0,3.0,3.0,905,gemini,2024,여성,6,
2.0,2.0,2.0,2.0,3.0,3.0,2.0,,2.0,2.0,,3.0,2.0,3.0,2.0,2.0,1.0,2.0,2.0,2.0,2.0,2.0,3.0,1.0,3.0,2.0,2.0,3.0,1.0,2.0,2.0,,3.0,2.0,2.0,3.0,906,gemini,2024,여성,6,
1.0,2.0,2.0,1.0,3.0,2.0,1.0,4.0,1.0,3.0,1.0,3.0,2.0,2.0,2.0,1.0,1.0,2.0,2.0,2.0,1.0,2.0,3.0,1.0,3.0,3.0,2.0,2.0,1.0,2.0,1.0,2.0,3.0,2.0,2.0,3.0,907,gemini,2024,여성,6,
2.0,2.0,1.0,2.0,3.0,3.0,2.0,,2.0,2.0,,3.0,2.0,2.0,2.0,1.0,1.0,2.0,1.0,2.0,2.0,2.0,3.0,1.0,3.0,3.0,1.0,2.0,2.0,2.0,2.0,,3.0,2.0,2.0,3.0,908,gemini,2024,여성,6,
2.0,2.0,2.0,2.0,3.0,3.0,2.0,,2.0,3.0,,3.0,2.0,2.0,2.0,2.0,1.0,2.0,2.0,2.0,2.0,2.0,3.0,1.0,3.0,2.0,2.0,2.0,1.0,2.0,2.0,,3.0,2.0,2.0,3.0,909,gemini,2024,여성,6,
2.0,2.0,2.0,2.0,3.0,2.0,2.0,,2.0,3.0,,3.0,2.0,3.0,2.0,2.0,1.0,2.0,2.0,2.0,2.0,2.0,3.0,1.0,3.0,2.0,2.0,2.0,2.0,2.0,2.0,,3.0,2.0,2.0,3.0,910,gemini,2024,여성,6,
4.0,3.0,2.0,1.0,4.0,4.0,2.0,4.0,3.0,3.0,1.0,4.0,4.0,3.0,3.0,1.0,1.0,4.0,1.0,2.0,2.0,4.0,4.0,1.0,4.0,3.0,2.0,3.0,2.0,2.0,2.0,2.0,4.0,3.0,3.0,4.0,911,gemini,2024,여성,6,
2.0,2.0,2.0,2.0,4.0,3.0,2.0,,3.0,3.0,,2.0,2.0,3.0,2.0,2.0,1.0,2.0,1.0,2.0,2.0,2.0,3.0,1.0,3.0,2.0,2.0,3.0,2.0,2.0,2.0,,3.0,2.0,2.0,3.0,912,gemini,2024,여성,6,
1.0,2.0,2.0,2.0,3.0,2.0,2.0,,2.0,2.0,,2.0,1.0,2.0,2.0,1.0,1.0,2.0,2.0,2.0,2.0,2.0,3.0,1.0,3.0,2.0,1.0,3.0,1.0,2.0,1.0,,3.0,2.0,2.0,3.0,913,gemini,2024,여성,6,
2.0,2.0,2.0,2.0,3.0,2.0,2.0,,2.0,3.0,,3.0,2.0,2.0,2.0,1.0,1.0,2.0,2.0,2.0,2.0,2.0,3.0,1.0,3.0,2.0,2.0,2.0,1.0,2.0,2.0,,3.0,3.0,2.0,4.0,914,gemini,2024,여성,6,
2.0,2.0,2.0,2.0,3.0,3.0,2.0,,2.0,3.0,,3.0,2.0,3.0,2.0,2.0,1.0,3.0,1.0,2.0,2.0,2.0,3.0,1.0,3.0,2.0,2.0,2.0,1.0,2.0,1.0,,3.0,3.0,2.0,4.0,915,gemini,2024,여성,6,
1.0,2.0,2.0,2.0,3.0,2.0,1.0,,1.0,2.0,,2.0,1.0,2.0,2.0,2.0,1.0,2.0,2.0,2.0,2.0,2.0,2.0,1.0,2.0,2.0,2.0,2.0,1.0,2.0,1.0,,2.0,2.0,2.0,3.0,916,gemini,2024,여성,6,
3.0,2.0,2.0,1.0,3.0,3.0,2.0,4.0,3.0,3.0,1.0,4.0,3.0,3.0,2.0,1.0,1.0,3.0,1.0,2.0,2.0,3.0,3.0,1.0,4.0,3.0,2.0,2.0,2.0,2.0,2.0,2.0,4.0,3.0,3.0,3.0,917,gemini,2024,여성,6,
1.0,2.0,2.0,2.0,3.0,3.0,2.0,,1.0,2.0,,2.0,1.0,2.0,1.0,2.0,1.0,2.0,2.0,2.0,1.0,2.0,2.0,1.0,3.0,2.0,2.0,2.0,1.0,2.0,1.0,,3.0,2.0,2.0,4.0,918,gemini,2024,여성,6,
2.0,3.0,2.0,2.0,3.0,3.0,2.0,,2.0,3.0,,3.0,2.0,2.0,2.0,2.0,1.0,2.0,2.0,2.0,2.0,2.0,3.0,1.0,3.0,2.0,2.0,3.0,2.0,2.0,2.0,,3.0,2.0,3.0,3.0,919,gemini,2024,여성,6,
1.0,2.0,2.0,2.0,3.0,2.0,1.0,,1.0,2.0,,2.0,1.0,2.0,2.0,1.0,1.0,2.0,1.0,2.0,1.0,2.0,2.0,1.0,3.0,2.0,1.0,2.0,1.0,1.0,1.0,,3.0,2.0,2.0,3.0,920,gemini,2024,여성,6,
1.0,2.0,2.0,2.0,3.0,3.0,2.0,,2.0,2.0,,3.0,2.0,2.0,2.0,2.0,1.0,2.0,1.0,2.0,2.0,2.0,3.0,1.0,3.0,3.0,2.0,2.0,1.0,2.0,2.0,,3.0,2.0,3.0,4.0,921,gemini,2024,여성,6,
3.0,2.0,1.0,1.0,3.0,3.0,2.0,1.0,3.0,3.0,1.0,4.0,3.0,3.0,3.0,1.0,1.0,3.0,1.0,2.0,2.0,3.0,3.0,1.0,4.0,3.0,1.0,2.0,2.0,2.0,2.0,2.0,4.0,3.0,3.0,4.0,922,gemini,2024,여성,6,
2.0,2.0,1.0,2.0,3.0,3.0,2.0,,2.0,3.0,,2.0,2.0,2.0,2.0,1.0,1.0,2.0,1.0,2.0,2.0,2.0,3.0,1.0,3.0,2.0,1.0,2.0,2.0,2.0,2.0,,3.0,2.0,2.0,3.0,923,gemini,2024,여성,6,
2.0,2.0,2.0,2.0,3.0,3.0,2.0,,2.0,3.0,,3.0,2.0,2.0,2.0,1.0,1.0,3.0,2.0,2.0,2.0,3.0,3.0,1.0,3.0,2.0,2.0,2.0,2.0,2.0,1.0,,3.0,3.0,3.0,4.0,924,gemini,2024,여성,6,
3.0,2.0,1.0,1.0,4.0,3.0,2.0,4.0,3.0,4.0,1.0,3.0,3.0,3.0,3.0,1.0,1.0,4.0,1.0,2.0,2.0,4.0,4.0,1.0,4.0,3.0,1.0,2.0,2.0,2.0,2.0,2.0,4.0,3.0,3.0,4.0,925,gemini,2024,여성,6,
1.0,2.0,2.0,2.0,3.0,2.0,1.0,,1.0,2.0,,2.0,1.0,2.0,2.0,1.0,1.0,2.0,2.0,2.0,1.0,2.0,3.0,1.0,3.0,2.0,2.0,1.0,1.0,1.0,1.0,,3.0,2.0,2.0,3.0,926,gemini,2024,여성,6,
1.0,2.0,2.0,2.0,3.0,3.0,1.0,,1.0,2.0,,3.0,2.0,2.0,2.0,2.0,1.0,2.0,2.0,2.0,1.0,2.0,3.0,1.0,3.0,2.0,2.0,2.0,1.0,2.0,1.0,,3.0,2.0,2.0,3.0,927,gemini,2024,여성,6,
1.0,2.0,2.0,2.0,3.0,3.0,2.0,,1.0,2.0,,3.0,1.0,3.0,2.0,2.0,1.0,2.0,2.0,2.0,1.0,2.0,3.0,1.0,3.0,2.0,2.0,2.0,1.0,2.0,1.0,,3.0,2.0,2.0,4.0,928,gemini,2024,여성,6,
2.0,2.0,2.0,2.0,3.0,2.0,1.0,,2.0,2.0,,2.0,2.0,2.0,2.0,2.0,1.0,2.0,2.0,2.0,2.0,2.0,3.0,1.0,3.0,2.0,2.0,3.0,2.0,2.0,1.0,,3.0,2.0,2.0,2.0,929,gemini,2024,여성,6,
2.0,2.0,2.0,2.0,3.0,3.0,1.0,,2.0,2.0,,3.0,2.0,2.0,2.0,2.0,1.0,2.0,1.0,2.0,2.0,2.0,3.0,1.0,3.0,2.0,2.0,2.0,1.0,2.0,1.0,,3.0,3.0,3.0,4.0,930,gemini,2024,여성,6,
1.0,2.0,2.0,2.0,3.0,2.0,1.0,,1.0,2.0,,2.0,1.0,2.0,2.0,1.0,1.0,2.0,1.0,2.0,1.0,2.0,3.0,1.0,3.0,2.0,2.0,1.0,1.0,2.0,1.0,,2.0,2.0,2.0,4.0,931,gemini,2024,여성,6,
2.0,2.0,2.0,2.0,3.0,2.0,2.0,,2.0,2.0,,2.0,2.0,2.0,2.0,2.0,1.0,2.0,2.0,2.0,2.0,2.0,3.0,1.0,3.0,3.0,2.0,2.0,1.0,2.0,1.0,,3.0,2.0,3.0,3.0,932,gemini,2024,여성,6,
2.0,2.0,1.0,2.0,4.0,3.0,2.0,,2.0,4.0,,3.0,2.0,4.0,2.0,1.0,1.0,3.0,1.0,2.0,3.0,3.0,4.0,1.0,4.0,3.0,1.0,3.0,2.0,2.0,2.0,,4.0,3.0,3.0,4.0,933,gemini,2024,여성,6,
2.0,2.0,2.0,2.0,3.0,2.0,2.0,,1.0,2.0,,2.0,1.0,2.0,1.0,2.0,1.0,2.0,2.0,2.0,2.0,2.0,3.0,1.0,3.0,3.0,2.0,2.0,1.0,2.0,2.0,,3.0,2.0,2.0,3.0,934,gemini,2024,여성,6,
2.0,2.0,1.0,2.0,4.0,3.0,3.0,,3.0,4.0,,3.0,2.0,4.0,2.0,1.0,1.0,3.0,1.0,2.0,4.0,3.0,4.0,1.0,3.0,3.0,1.0,4.0,2.0,2.0,3.0,,3.0,3.0,3.0,3.0,935,gemini,2024,여성,6,
1.0,2.0,2.0,2.0,3.0,2.0,1.0,,1.0,2.0,,2.0,1.0,3.0,2.0,2.0,1.0,2.0,2.0,2.0,2.0,2.0,3.0,1.0,3.0,2.0,2.0,2.0,1.0,1.0,1.0,,3.0,3.0,2.0,4.0,936,gemini,2024,여성,6,
1.0,2.0,2.0,2.0,3.0,3.0,1.0,,1.0,3.0,,2.0,1.0,3.0,2.0,2.0,1.0,2.0,1.0,2.0,2.0,2.0,3.0,1.0,3.0,3.0,2.0,2.0,1.0,2.0,1.0,,3.0,2.0,2.0,4.0,937,gemini,2024,여성,6,
2.0,2.0,1.0,2.0,3.0,3.0,2.0,,2.0,2.0,,3.0,2.0,3.0,2.0,1.0,1.0,2.0,1.0,2.0,2.0,2.0,3.0,1.0,3.0,3.0,2.0,2.0,1.0,2.0,2.0,,3.0,3.0,3.0,4.0,938,gemini,2024,여성,6,
2.0,2.0,2.0,2.0,3.0,3.0,2.0,,2.0,3.0,,3.0,2.0,3.0,2.0,1.0,1.0,2.0,2.0,2.0,2.0,2.0,3.0,1.0,3.0,2.0,2.0,2.0,1.0,1.0,1.0,,3.0,2.0,2.0,2.0,939,gemini,2024,여성,6,
1.0,2.0,2.0,2.0,3.0,2.0,1.0,,1.0,2.0,,2.0,1.0,2.0,1.0,2.0,1.0,2.0,2.0,2.0,2.0,2.0,3.0,1.0,2.0,2.0,2.0,2.0,1.0,2.0,1.0,,2.0,2.0,2.0,3.0,940,gemini,2024,여성,6,
2.0,3.0,1.0,2.0,3.0,2.0,2.0,,2.0,3.0,,3.0,2.0,3.0,2.0,1.0,1.0,3.0,1.0,2.0,2.0,2.0,3.0,1.0,3.0,3.0,1.0,3.0,2.0,2.0,2.0,,3.0,3.0,3.0,4.0,941,gemini,2024,여성,6,
2.0,2.0,2.0,2.0,3.0,3.0,2.0,,2.0,3.0,,3.0,1.0,3.0,2.0,2.0,1.0,2.0,2.0,2.0,2.0,2.0,3.0,1.0,3.0,3.0,2.0,2.0,1.0,2.0,2.0,,3.0,3.0,2.0,4.0,942,gemini,2024,여성,6,
2.0,2.0,2.0,2.0,3.0,3.0,2.0,,2.0,3.0,,2.0,2.0,3.0,2.0,1.0,1.0,3.0,1.0,2.0,2.0,3.0,3.0,1.0,3.0,3.0,2.0,3.0,2.0,2.0,2.0,,3.0,2.0,3.0,3.0,943,gemini,2024,여성,6,
1.0,2.0,2.0,2.0,3.0,2.0,2.0,,1.0,3.0,,2.0,1.0,2.0,1.0,2.0,1.0,2.0,2.0,2.0,2.0,2.0,3.0,1.0,3.0,3.0,2.0,2.0,1.0,2.0,2.0,,3.0,2.0,3.0,4.0,944,gemini,2024,여성,6,
2.0,2.0,2.0,2.0,4.0,3.0,2.0,,3.0,4.0,,3.0,2.0,4.0,2.0,2.0,1.0,3.0,2.0,2.0,2.0,3.0,4.0,1.0,3.0,3.0,2.0,3.0,2.0,2.0,2.0,,3.0,3.0,3.0,3.0,945,gemini,2024,여성,6,
1.0,2.0,2.0,2.0,3.0,2.0,1.0,,1.0,2.0,,3.0,2.0,2.0,2.0,2.0,1.0,2.0,2.0,2.0,1.0,2.0,2.0,1.0,3.0,2.0,2.0,1.0,1.0,1.0,1.0,,3.0,2.0,2.0,3.0,946,gemini,2024,여성,6,
2.0,2.0,1.0,2.0,3.0,3.0,2.0,,2.0,3.0,,3.0,2.0,3.0,2.0,1.0,1.0,3.0,2.0,2.0,2.0,2.0,3.0,1.0,3.0,2.0,1.0,2.0,1.0,2.0,2.0,,3.0,3.0,3.0,3.0,947,gemini,2024,여성,6,
2.0,2.0,2.0,2.0,4.0,2.0,2.0,,2.0,3.0,,3.0,2.0,3.0,2.0,1.0,1.0,3.0,2.0,2.0,2.0,2.0,4.0,1.0,3.0,3.0,1.0,2.0,2.0,2.0,2.0,,3.0,2.0,3.0,3.0,948,gemini,2024,여성,6,
3.0,3.0,1.0,1.0,4.0,3.0,2.0,1.0,3.0,3.0,1.0,4.0,4.0,3.0,3.0,1.0,1.0,3.0,1.0,2.0,2.0,3.0,4.0,1.0,4.0,3.0,1.0,3.0,2.0,2.0,2.0,2.0,4.0,2.0,3.0,3.0,949,gemini,2024,여성,6,
2.0,2.0,2.0,2.0,3.0,3.0,2.0,,2.0,2.0,,3.0,2.0,2.0,2.0,2.0,1.0,2.0,2.0,2.0,2.0,2.0,3.0,1.0,3.0,2.0,2.0,2.0,2.0,2.0,2.0,,3.0,3.0,2.0,4.0,950,gemini,2024,여성,6,
2.0,2.0,2.0,2.0,3.0,2.0,1.0,,2.0,2.0,,3.0,2.0,2.0,2.0,2.0,1.0,2.0,2.0,2.0,1.0,2.0,3.0,1.0,3.0,2.0,2.0,3.0,1.0,2.0,1.0,,3.0,2.0,2.0,3.0,951,gemini,2024,여성,6,
2.0,2.0,1.0,2.0,4.0,3.0,2.0,,3.0,3.0,,3.0,2.0,3.0,2.0,1.0,1.0,2.0,1.0,2.0,2.0,2.0,3.0,1.0,3.0,2.0,2.0,3.0,1.0,2.0,1.0,,3.0,2.0,2.0,3.0,952,gemini,2024,여성,6,
2.0,3.0,1.0,1.0,3.0,4.0,2.0,4.0,2.0,3.0,1.0,4.0,3.0,3.0,3.0,1.0,1.0,3.0,1.0,2.0,2.0,3.0,3.0,1.0,4.0,3.0,2.0,2.0,2.0,2.0,2.0,2.0,4.0,3.0,3.0,4.0,953,gemini,2024,여성,6,
2.0,2.0,1.0,1.0,3.0,3.0,2.0,4.0,2.0,3.0,1.0,3.0,2.0,3.0,2.0,1.0,1.0,3.0,1.0,2.0,2.0,3.0,3.0,1.0,3.0,3.0,1.0,2.0,1.0,2.0,2.0,2.0,3.0,2.0,2.0,3.0,954,gemini,2024,여성,6,
2.0,2.0,2.0,2.0,3.0,3.0,1.0,,2.0,3.0,,3.0,2.0,2.0,2.0,1.0,1.0,2.0,2.0,2.0,1.0,2.0,3.0,1.0,3.0,2.0,2.0,2.0,1.0,2.0,1.0,,3.0,3.0,2.0,3.0,955,gemini,2024,여성,6,
2.0,2.0,2.0,2.0,3.0,3.0,1.0,,2.0,2.0,,3.0,2.0,3.0,2.0,2.0,1.0,2.0,2.0,2.0,2.0,2.0,3.0,1.0,3.0,3.0,2.0,2.0,1.0,2.0,1.0,,3.0,3.0,2.0,3.0,956,gemini,2024,여성,6,
2.0,2.0,2.0,2.0,3.0,3.0,2.0,,2.0,3.0,,3.0,2.0,3.0,2.0,1.0,1.0,3.0,2.0,2.0,2.0,3.0,3.0,1.0,3.0,2.0,2.0,2.0,2.0,2.0,2.0,,3.0,2.0,2.0,4.0,957,gemini,2024,여성,6,
2.0,3.0,2.0,2.0,3.0,3.0,2.0,,2.0,3.0,,3.0,2.0,3.0,2.0,1.0,1.0,2.0,1.0,2.0,2.0,2.0,3.0,1.0,3.0,2.0,2.0,2.0,1.0,2.0,2.0,,3.0,2.0,3.0,3.0,958,gemini,2024,여성,6,
4.0,3.0,1.0,1.0,3.0,3.0,2.0,4.0,3.0,3.0,1.0,4.0,3.0,3.0,3.0,1.0,1.0,3.0,1.0,2.0,2.0,3.0,3.0,1.0,4.0,3.0,2.0,3.0,2.0,2.0,2.0,2.0,4.0,3.0,3.0,3.0,959,gemini,2024,여성,6,
3.0,4.0,1.0,1.0,4.0,4.0,2.0,1.0,3.0,4.0,1.0,4.0,3.0,4.0,3.0,1.0,1.0,4.0,1.0,2.0,2.0,4.0,4.0,1.0,4.0,3.0,1.0,3.0,2.0,2.0,2.0,2.0,4.0,4.0,4.0,4.0,960,gemini,2024,여성,6,
1.0,2.0,2.0,2.0,3.0,3.0,1.0,,2.0,2.0,,3.0,2.0,3.0,2.0,1.0,1.0,3.0,2.0,2.0,1.0,3.0,3.0,1.0,3.0,2.0,2.0,2.0,1.0,2.0,1.0,,3.0,2.0,3.0,3.0,961,gemini,2024,여성,6,
2.0,3.0,1.0,2.0,3.0,3.0,2.0,,3.0,3.0,,3.0,3.0,3.0,2.0,1.0,1.0,3.0,1.0,2.0,2.0,3.0,3.0,1.0,3.0,3.0,2.0,3.0,2.0,2.0,2.0,,3.0,2.0,3.0,3.0,962,gemini,2024,여성,6,
3.0,3.0,1.0,1.0,3.0,4.0,2.0,4.0,3.0,3.0,1.0,4.0,3.0,3.0,3.0,1.0,1.0,3.0,1.0,2.0,2.0,3.0,3.0,1.0,4.0,2.0,2.0,3.0,2.0,2.0,2.0,2.0,4.0,3.0,3.0,3.0,963,gemini,2024,여성,6,
2.0,2.0,2.0,2.0,3.0,3.0,1.0,,1.0,3.0,,3.0,1.0,3.0,2.0,1.0,1.0,2.0,1.0,2.0,2.0,2.0,3.0,1.0,3.0,2.0,2.0,2.0,1.0,2.0,1.0,,3.0,2.0,3.0,3.0,964,gemini,2024,여성,6,
2.0,2.0,2.0,2.0,3.0,2.0,1.0,,1.0,2.0,,2.0,1.0,3.0,2.0,2.0,1.0,2.0,2.0,2.0,2.0,2.0,3.0,1.0,3.0,2.0,2.0,2.0,1.0,1.0,1.0,,3.0,2.0,2.0,2.0,965,gemini,2024,여성,6,
2.0,2.0,2.0,2.0,3.0,3.0,2.0,,2.0,3.0,,3.0,2.0,3.0,2.0,2.0,1.0,3.0,2.0,2.0,2.0,2.0,3.0,1.0,3.0,3.0,2.0,2.0,2.0,2.0,2.0,,3.0,3.0,3.0,4.0,966,gemini,2024,여성,6,
1.0,2.0,2.0,2.0,3.0,2.0,1.0,,1.0,2.0,,2.0,1.0,2.0,2.0,1.0,1.0,2.0,2.0,2.0,2.0,2.0,3.0,1.0,3.0,2.0,2.0,2.0,1.0,2.0,1.0,,3.0,2.0,2.0,3.0,967,gemini,2024,여성,6,
2.0,2.0,2.0,2.0,3.0,2.0,1.0,,1.0,2.0,,2.0,2.0,3.0,2.0,2.0,1.0,2.0,2.0,2.0,2.0,2.0,3.0,1.0,3.0,3.0,2.0,3.0,2.0,2.0,1.0,,3.0,2.0,2.0,3.0,968,gemini,2024,여성,6,
4.0,4.0,2.0,1.0,4.0,4.0,2.0,1.0,3.0,3.0,1.0,4.0,4.0,3.0,3.0,1.0,1.0,4.0,1.0,2.0,2.0,4.0,3.0,1.0,4.0,4.0,2.0,3.0,2.0,3.0,2.0,2.0,4.0,3.0,3.0,4.0,969,gemini,2024,여성,6,
2.0,3.0,1.0,1.0,4.0,3.0,2.0,4.0,2.0,3.0,1.0,3.0,2.0,3.0,2.0,1.0,1.0,3.0,1.0,2.0,2.0,3.0,4.0,1.0,4.0,3.0,1.0,3.0,2.0,2.0,2.0,2.0,3.0,3.0,3.0,3.0,970,gemini,2024,여성,6,
1.0,2.0,2.0,2.0,2.0,2.0,1.0,,1.0,2.0,,2.0,1.0,2.0,1.0,2.0,1.0,2.0,2.0,2.0,1.0,2.0,2.0,1.0,3.0,2.0,2.0,2.0,1.0,2.0,1.0,,3.0,2.0,2.0,3.0,971,gemini,2024,여성,6,
1.0,2.0,2.0,1.0,3.0,2.0,1.0,4.0,1.0,2.0,1.0,2.0,2.0,2.0,2.0,1.0,1.0,2.0,1.0,2.0,1.0,2.0,3.0,1.0,2.0,3.0,2.0,2.0,1.0,2.0,1.0,2.0,3.0,2.0,3.0,3.0,972,gemini,2024,여성,6,
2.0,3.0,2.0,2.0,3.0,2.0,2.0,,2.0,3.0,,3.0,2.0,3.0,2.0,2.0,1.0,3.0,2.0,2.0,2.0,2.0,3.0,1.0,3.0,3.0,2.0,2.0,2.0,2.0,2.0,,3.0,2.0,3.0,2.0,973,gemini,2024,여성,6,
2.0,2.0,2.0,2.0,3.0,3.0,1.0,,1.0,2.0,,3.0,2.0,2.0,2.0,2.0,1.0,3.0,1.0,2.0,1.0,2.0,3.0,1.0,3.0,2.0,2.0,2.0,1.0,2.0,1.0,,3.0,2.0,3.0,3.0,974,gemini,2024,여성,6,
3.0,3.0,1.0,1.0,3.0,3.0,2.0,4.0,2.0,3.0,1.0,4.0,3.0,3.0,3.0,1.0,1.0,3.0,1.0,2.0,2.0,3.0,3.0,1.0,4.0,2.0,1.0,2.0,2.0,2.0,2.0,2.0,4.0,3.0,3.0,4.0,975,gemini,2024,여성,6,
2.0,2.0,2.0,2.0,3.0,3.0,2.0,,2.0,3.0,,3.0,2.0,3.0,2.0,2.0,1.0,2.0,2.0,2.0,2.0,2.0,3.0,1.0,3.0,2.0,2.0,2.0,2.0,2.0,2.0,,3.0,2.0,2.0,3.0,976,gemini,2024,여성,7,
1.0,2.0,2.0,2.0,2.0,2.0,1.0,,1.0,2.0,,3.0,1.0,2.0,2.0,1.0,1.0,2.0,2.0,2.0,1.0,2.0,2.0,1.0,3.0,3.0,2.0,2.0,1.0,2.0,1.0,,3.0,2.0,2.0,4.0,977,gemini,2024,여성,7,
1.0,2.0,2.0,2.0,3.0,2.0,1.0,,1.0,2.0,,2.0,1.0,2.0,1.0,2.0,1.0,2.0,2.0,2.0,1.0,2.0,3.0,1.0,3.0,2.0,2.0,2.0,1.0,2.0,1.0,,3.0,2.0,2.0,2.0,978,gemini,2024,여성,7,
2.0,2.0,2.0,2.0,4.0,3.0,2.0,,2.0,3.0,,3.0,2.0,3.0,2.0,2.0,1.0,2.0,2.0,2.0,2.0,2.0,4.0,1.0,4.0,2.0,2.0,2.0,1.0,2.0,2.0,,4.0,3.0,2.0,4.0,979,gemini,2024,여성,7,
1.0,2.0,2.0,2.0,3.0,2.0,1.0,,1.0,2.0,,2.0,1.0,2.0,2.0,2.0,1.0,2.0,2.0,2.0,1.0,2.0,3.0,1.0,3.0,2.0,2.0,1.0,1.0,2.0,1.0,,3.0,2.0,2.0,3.0,980,gemini,2024,여성,7,
1.0,2.0,2.0,2.0,3.0,3.0,1.0,,1.0,2.0,,3.0,2.0,2.0,1.0,2.0,1.0,2.0,2.0,2.0,1.0,2.0,2.0,1.0,3.0,2.0,2.0,2.0,1.0,1.0,1.0,,3.0,2.0,2.0,3.0,981,gemini,2024,여성,7,
1.0,2.0,2.0,2.0,2.0,2.0,1.0,,1.0,2.0,,2.0,1.0,2.0,2.0,2.0,1.0,2.0,2.0,2.0,1.0,2.0,2.0,1.0,3.0,2.0,2.0,2.0,1.0,2.0,1.0,,3.0,2.0,2.0,3.0,982,gemini,2024,여성,7,
1.0,2.0,2.0,2.0,3.0,2.0,2.0,,1.0,3.0,,3.0,2.0,2.0,2.0,2.0,1.0,2.0,2.0,2.0,2.0,2.0,3.0,1.0,3.0,3.0,2.0,2.0,1.0,2.0,1.0,,3.0,2.0,3.0,4.0,983,gemini,2024,여성,7,
1.0,2.0,2.0,2.0,3.0,2.0,1.0,,2.0,3.0,,2.0,2.0,2.0,2.0,2.0,1.0,2.0,2.0,2.0,2.0,2.0,2.0,1.0,3.0,3.0,2.0,3.0,1.0,2.0,2.0,,3.0,2.0,2.0,3.0,984,gemini,2024,여성,7,
1.0,2.0,2.0,2.0,2.0,3.0,1.0,,1.0,2.0,,3.0,1.0,2.0,2.0,2.0,1.0,2.0,2.0,2.0,1.0,2.0,2.0,1.0,3.0,2.0,2.0,2.0,1.0,1.0,1.0,,3.0,3.0,2.0,4.0,985,gemini,2024,여성,7,
1.0,2.0,2.0,2.0,3.0,3.0,1.0,,2.0,2.0,,2.0,1.0,2.0,1.0,2.0,1.0,2.0,2.0,2.0,1.0,2.0,3.0,1.0,3.0,2.0,2.0,2.0,1.0,2.0,1.0,,3.0,2.0,2.0,4.0,986,gemini,2024,여성,7,
2.0,2.0,2.0,2.0,4.0,3.0,2.0,,2.0,3.0,,3.0,2.0,3.0,2.0,2.0,1.0,2.0,2.0,2.0,2.0,2.0,4.0,1.0,3.0,2.0,2.0,2.0,1.0,2.0,2.0,,3.0,3.0,2.0,3.0,987,gemini,2024,여성,7,
1.0,2.0,2.0,2.0,3.0,2.0,1.0,,1.0,2.0,,2.0,1.0,2.0,1.0,2.0,1.0,2.0,2.0,2.0,2.0,2.0,3.0,1.0,3.0,2.0,2.0,2.0,1.0,2.0,1.0,,3.0,2.0,2.0,4.0,988,gemini,2024,여성,7,
1.0,2.0,2.0,2.0,3.0,2.0,1.0,,1.0,2.0,,2.0,1.0,2.0,1.0,2.0,1.0,2.0,2.0,2.0,2.0,2.0,3.0,1.0,3.0,3.0,2.0,2.0,1.0,2.0,1.0,,3.0,2.0,2.0,3.0,989,gemini,2024,여성,7,
1.0,2.0,2.0,2.0,3.0,2.0,1.0,,1.0,2.0,,2.0,2.0,2.0,2.0,2.0,1.0,2.0,2.0,2.0,1.0,2.0,3.0,1.0,3.0,2.0,2.0,1.0,1.0,2.0,1.0,,3.0,2.0,2.0,3.0,990,gemini,2024,여성,7,
4.0,3.0,2.0,1.0,4.0,3.0,2.0,4.0,3.0,3.0,1.0,4.0,4.0,3.0,3.0,2.0,1.0,3.0,2.0,2.0,2.0,3.0,3.0,1.0,4.0,3.0,2.0,2.0,2.0,2.0,2.0,2.0,4.0,3.0,3.0,3.0,991,gemini,2024,여성,7,
1.0,2.0,2.0,2.0,3.0,3.0,1.0,,1.0,2.0,,3.0,1.0,2.0,2.0,2.0,1.0,2.0,2.0,2.0,1.0,2.0,2.0,1.0,3.0,2.0,2.0,2.0,1.0,1.0,1.0,,3.0,2.0,2.0,4.0,992,gemini,2024,여성,7,
2.0,2.0,2.0,2.0,3.0,3.0,2.0,,2.0,2.0,,3.0,2.0,2.0,2.0,1.0,1.0,2.0,2.0,2.0,2.0,2.0,3.0,1.0,3.0,2.0,2.0,2.0,1.0,2.0,2.0,,3.0,2.0,2.0,4.0,993,gemini,2024,여성,7,
2.0,3.0,2.0,2.0,3.0,2.0,1.0,,1.0,2.0,,2.0,1.0,2.0,2.0,2.0,1.0,2.0,2.0,2.0,2.0,2.0,3.0,1.0,3.0,3.0,2.0,2.0,1.0,2.0,1.0,,3.0,2.0,2.0,3.0,994,gemini,2024,여성,7,
1.0,1.0,2.0,2.0,3.0,2.0,1.0,,1.0,2.0,,2.0,1.0,2.0,1.0,2.0,1.0,2.0,1.0,2.0,1.0,2.0,3.0,1.0,2.0,2.0,2.0,1.0,1.0,1.0,1.0,,2.0,2.0,2.0,4.0,995,gemini,2024,여성,7,
1.0,2.0,2.0,2.0,2.0,2.0,1.0,,1.0,2.0,,3.0,1.0,2.0,2.0,1.0,1.0,2.0,2.0,2.0,1.0,2.0,2.0,1.0,2.0,2.0,2.0,1.0,1.0,2.0,1.0,,2.0,2.0,2.0,4.0,996,gemini,2024,여성,7,
1.0,2.0,2.0,2.0,2.0,2.0,1.0,,1.0,2.0,,2.0,1.0,2.0,1.0,2.0,1.0,2.0,2.0,2.0,1.0,1.0,2.0,1.0,2.0,2.0,2.0,2.0,1.0,2.0,1.0,,2.0,2.0,2.0,3.0,997,gemini,2024,여성,7,
1.0,2.0,2.0,2.0,2.0,2.0,1.0,,1.0,1.0,,3.0,1.0,1.0,1.0,2.0,1.0,2.0,2.0,2.0,1.0,2.0,2.0,1.0,3.0,2.0,2.0,1.0,1.0,1.0,1.0,,3.0,2.0,2.0,4.0,998,gemini,2024,여성,7,
2.0,2.0,2.0,2.0,2.0,2.0,2.0,,2.0,2.0,,2.0,2.0,2.0,1.0,2.0,1.0,2.0,2.0,2.0,2.0,2.0,2.0,1.0,3.0,2.0,2.0,2.0,2.0,2.0,2.0,,3.0,2.0,2.0,3.0,999,gemini,2024,여성,7,
2.0,2.0,2.0,2.0,3.0,3.0,2.0,,2.0,2.0,,3.0,2.0,2.0,2.0,1.0,1.0,2.0,2.0,2.0,2.0,2.0,3.0,1.0,3.0,2.0,2.0,2.0,2.0,2.0,2.0,,3.0,3.0,2.0,4.0,1000,gemini,2024,여성,7,
1.0,2.0,2.0,2.0,3.0,2.0,2.0,,1.0,2.0,,2.0,1.0,2.0,1.0,2.0,1.0,1.0,2.0,2.0,2.0,1.0,3.0,1.0,2.0,2.0,2.0,2.0,1.0,2.0,1.0,,2.0,2.0,2.0,4.0,1001,gemini,2024,여성,7,
1.0,2.0,2.0,2.0,3.0,2.0,1.0,,1.0,2.0,,2.0,1.0,2.0,1.0,2.0,1.0,1.0,2.0,2.0,1.0,1.0,3.0,1.0,2.0,2.0,2.0,2.0,1.0,1.0,1.0,,2.0,2.0,2.0,3.0,1002,gemini,2024,여성,7,
2.0,2.0,2.0,2.0,3.0,3.0,2.0,,3.0,3.0,,3.0,2.0,2.0,2.0,1.0,1.0,2.0,1.0,2.0,2.0,2.0,3.0,1.0,3.0,3.0,2.0,3.0,2.0,2.0,2.0,,3.0,2.0,2.0,3.0,1003,gemini,2024,여성,7,
1.0,2.0,2.0,2.0,4.0,3.0,2.0,,1.0,3.0,,3.0,1.0,4.0,2.0,1.0,1.0,2.0,2.0,2.0,2.0,2.0,4.0,1.0,3.0,2.0,2.0,2.0,1.0,2.0,1.0,,3.0,3.0,2.0,4.0,1004,gemini,2024,여성,7,
2.0,3.0,2.0,2.0,4.0,2.0,2.0,,2.0,3.0,,3.0,3.0,3.0,2.0,2.0,1.0,2.0,2.0,2.0,2.0,2.0,4.0,1.0,3.0,3.0,2.0,3.0,2.0,2.0,2.0,,3.0,2.0,2.0,3.0,1005,gemini,2024,여성,7,
2.0,2.0,1.0,2.0,4.0,3.0,2.0,,2.0,3.0,,3.0,2.0,3.0,2.0,1.0,1.0,3.0,2.0,2.0,2.0,3.0,4.0,1.0,4.0,3.0,1.0,2.0,2.0,2.0,2.0,,4.0,3.0,3.0,3.0,1006,gemini,2024,여성,7,
1.0,2.0,2.0,2.0,4.0,3.0,2.0,,1.0,3.0,,2.0,1.0,3.0,1.0,2.0,1.0,2.0,2.0,2.0,2.0,2.0,3.0,1.0,3.0,3.0,2.0,2.0,1.0,2.0,2.0,,3.0,2.0,3.0,3.0,1007,gemini,2024,여성,7,
1.0,2.0,2.0,2.0,3.0,2.0,2.0,,1.0,2.0,,2.0,1.0,2.0,2.0,2.0,1.0,2.0,2.0,2.0,2.0,2.0,3.0,1.0,2.0,2.0,2.0,2.0,1.0,2.0,1.0,,2.0,2.0,2.0,3.0,1008,gemini,2024,여성,7,
1.0,2.0,2.0,2.0,2.0,2.0,1.0,,1.0,2.0,,2.0,1.0,2.0,2.0,2.0,1.0,2.0,2.0,2.0,1.0,2.0,2.0,1.0,2.0,2.0,2.0,1.0,1.0,2.0,1.0,,2.0,2.0,2.0,3.0,1009,gemini,2024,여성,7,
2.0,2.0,1.0,2.0,3.0,3.0,2.0,,2.0,3.0,,3.0,2.0,3.0,2.0,1.0,1.0,2.0,1.0,2.0,3.0,2.0,3.0,1.0,3.0,2.0,1.0,3.0,1.0,2.0,2.0,,3.0,2.0,3.0,4.0,1010,gemini,2024,여성,7,
2.0,2.0,1.0,1.0,4.0,3.0,3.0,4.0,2.0,4.0,1.0,3.0,2.0,4.0,3.0,1.0,1.0,3.0,1.0,2.0,3.0,3.0,4.0,1.0,4.0,3.0,1.0,3.0,2.0,2.0,2.0,2.0,4.0,3.0,3.0,4.0,1011,gemini,2024,여성,7,
2.0,2.0,2.0,2.0,3.0,2.0,1.0,,3.0,2.0,,3.0,3.0,2.0,2.0,2.0,1.0,2.0,2.0,2.0,1.0,2.0,3.0,1.0,3.0,2.0,2.0,2.0,2.0,1.0,1.0,,3.0,2.0,2.0,4.0,1012,gemini,2024,여성,7,
2.0,2.0,2.0,2.0,3.0,3.0,1.0,,2.0,2.0,,3.0,2.0,2.0,2.0,1.0,1.0,2.0,2.0,2.0,2.0,2.0,3.0,1.0,3.0,2.0,2.0,2.0,1.0,2.0,1.0,,3.0,2.0,2.0,3.0,1013,gemini,2024,여성,7,
1.0,2.0,2.0,2.0,3.0,3.0,2.0,,1.0,2.0,,2.0,1.0,2.0,1.0,2.0,1.0,2.0,2.0,2.0,2.0,2.0,3.0,1.0,3.0,2.0,1.0,2.0,1.0,2.0,1.0,,3.0,3.0,2.0,4.0,1014,gemini,2024,여성,7,
2.0,2.0,2.0,2.0,3.0,3.0,1.0,,2.0,2.0,,3.0,2.0,2.0,2.0,1.0,1.0,2.0,2.0,2.0,2.0,2.0,3.0,1.0,3.0,3.0,2.0,2.0,2.0,2.0,1.0,,3.0,2.0,3.0,4.0,1015,gemini,2024,여성,7,
2.0,2.0,2.0,2.0,3.0,1.0,1.0,,1.0,2.0,,1.0,1.0,2.0,1.0,2.0,1.0,1.0,2.0,2.0,2.0,1.0,3.0,1.0,2.0,2.0,2.0,2.0,1.0,2.0,1.0,,2.0,2.0,2.0,2.0,1016,gemini,2024,여성,7,
2.0,2.0,2.0,2.0,4.0,3.0,2.0,,2.0,4.0,,4.0,2.0,4.0,2.0,1.0,1.0,4.0,1.0,2.0,2.0,4.0,4.0,1.0,4.0,3.0,1.0,2.0,2.0,2.0,2.0,,4.0,3.0,3.0,4.0,1017,gemini,2024,여성,7,
1.0,2.0,2.0,2.0,3.0,2.0,2.0,,2.0,3.0,,2.0,2.0,3.0,2.0,2.0,1.0,2.0,2.0,2.0,2.0,2.0,3.0,1.0,3.0,2.0,2.0,3.0,1.0,1.0,2.0,,3.0,2.0,2.0,3.0,1018,gemini,2024,여성,7,
2.0,3.0,2.0,2.0,4.0,3.0,2.0,,2.0,4.0,,3.0,2.0,4.0,2.0,1.0,1.0,3.0,1.0,2.0,3.0,3.0,4.0,1.0,4.0,3.0,2.0,3.0,1.0,2.0,2.0,,4.0,3.0,3.0,3.0,1019,gemini,2024,여성,7,
1.0,2.0,2.0,2.0,3.0,2.0,1.0,,1.0,2.0,,2.0,1.0,2.0,1.0,2.0,1.0,1.0,2.0,2.0,1.0,1.0,2.0,1.0,2.0,2.0,2.0,2.0,1.0,1.0,1.0,,2.0,2.0,2.0,2.0,1020,gemini,2024,여성,7,
2.0,2.0,2.0,2.0,4.0,3.0,2.0,,2.0,3.0,,3.0,2.0,3.0,2.0,2.0,1.0,2.0,2.0,2.0,2.0,2.0,4.0,1.0,4.0,2.0,2.0,2.0,2.0,2.0,1.0,,4.0,3.0,2.0,4.0,1021,gemini,2024,여성,7,
1.0,2.0,2.0,2.0,2.0,2.0,1.0,,1.0,2.0,,2.0,1.0,2.0,1.0,2.0,1.0,1.0,2.0,2.0,1.0,1.0,2.0,1.0,2.0,2.0,2.0,2.0,1.0,1.0,1.0,,2.0,2.0,2.0,2.0,1022,gemini,2024,여성,7,
1.0,2.0,2.0,2.0,3.0,2.0,1.0,,1.0,2.0,,2.0,1.0,3.0,2.0,2.0,1.0,2.0,2.0,2.0,1.0,2.0,3.0,1.0,2.0,2.0,2.0,2.0,1.0,2.0,1.0,,2.0,2.0,2.0,3.0,1023,gemini,2024,여성,7,
1.0,2.0,2.0,2.0,3.0,3.0,1.0,,1.0,2.0,,2.0,2.0,2.0,2.0,2.0,1.0,2.0,2.0,2.0,1.0,2.0,2.0,1.0,3.0,2.0,2.0,1.0,1.0,2.0,1.0,,3.0,2.0,2.0,4.0,1024,gemini,2024,여성,7,
1.0,2.0,2.0,2.0,3.0,2.0,1.0,,2.0,2.0,,3.0,2.0,2.0,2.0,2.0,1.0,2.0,2.0,2.0,1.0,2.0,3.0,1.0,3.0,3.0,2.0,2.0,1.0,2.0,1.0,,3.0,2.0,2.0,3.0,1025,gemini,2024,여성,7,
1.0,1.0,2.0,2.0,3.0,2.0,1.0,,1.0,2.0,,2.0,1.0,2.0,1.0,2.0,1.0,1.0,2.0,2.0,1.0,1.0,3.0,1.0,2.0,2.0,2.0,1.0,1.0,1.0,1.0,,2.0,2.0,1.0,2.0,1026,gemini,2024,여성,7,
1.0,2.0,2.0,2.0,3.0,2.0,1.0,,1.0,2.0,,2.0,1.0,2.0,2.0,2.0,1.0,2.0,2.0,2.0,1.0,2.0,2.0,1.0,2.0,2.0,2.0,2.0,1.0,2.0,1.0,,2.0,2.0,2.0,3.0,1027,gemini,2024,여성,7,
1.0,2.0,2.0,2.0,3.0,2.0,1.0,,1.0,2.0,,2.0,1.0,2.0,2.0,2.0,1.0,2.0,2.0,2.0,2.0,2.0,3.0,1.0,3.0,2.0,2.0,2.0,1.0,2.0,1.0,,3.0,2.0,2.0,3.0,1028,gemini,2024,여성,7,
1.0,2.0,2.0,2.0,2.0,3.0,1.0,,1.0,2.0,,2.0,1.0,2.0,1.0,2.0,1.0,2.0,2.0,2.0,2.0,2.0,2.0,1.0,2.0,2.0,2.0,2.0,1.0,2.0,1.0,,2.0,2.0,2.0,3.0,1029,gemini,2024,여성,7,
3.0,2.0,2.0,1.0,4.0,3.0,2.0,3.0,4.0,4.0,1.0,4.0,4.0,4.0,3.0,2.0,1.0,3.0,2.0,2.0,2.0,3.0,4.0,1.0,4.0,2.0,2.0,3.0,2.0,2.0,2.0,2.0,4.0,3.0,3.0,3.0,1030,gemini,2024,여성,7,
2.0,2.0,2.0,2.0,4.0,3.0,2.0,,2.0,3.0,,3.0,2.0,3.0,2.0,2.0,1.0,2.0,1.0,2.0,2.0,2.0,4.0,1.0,3.0,3.0,2.0,3.0,1.0,2.0,2.0,,3.0,2.0,2.0,3.0,1031,gemini,2024,여성,7,
1.0,2.0,2.0,2.0,3.0,2.0,1.0,,1.0,2.0,,2.0,1.0,2.0,2.0,2.0,1.0,2.0,2.0,2.0,2.0,2.0,3.0,1.0,3.0,2.0,2.0,2.0,1.0,2.0,1.0,,3.0,2.0,2.0,3.0,1032,gemini,2024,여성,7,
2.0,2.0,2.0,2.0,3.0,2.0,1.0,,1.0,2.0,,2.0,1.0,2.0,1.0,2.0,1.0,2.0,2.0,2.0,1.0,2.0,3.0,1.0,2.0,2.0,2.0,1.0,1.0,1.0,1.0,,2.0,2.0,2.0,4.0,1033,gemini,2024,여성,7,
1.0,2.0,2.0,2.0,3.0,2.0,1.0,,1.0,2.0,,2.0,1.0,2.0,1.0,2.0,1.0,2.0,2.0,2.0,1.0,2.0,3.0,1.0,2.0,2.0,2.0,2.0,1.0,1.0,1.0,,2.0,2.0,2.0,3.0,1034,gemini,2024,여성,7,
1.0,1.0,2.0,2.0,2.0,2.0,1.0,,1.0,2.0,,1.0,1.0,1.0,1.0,2.0,1.0,1.0,2.0,2.0,1.0,1.0,2.0,1.0,2.0,1.0,2.0,1.0,1.0,1.0,1.0,,2.0,2.0,1.0,4.0,1035,gemini,2024,여성,7,
2.0,3.0,1.0,2.0,4.0,3.0,2.0,,2.0,4.0,,3.0,2.0,4.0,2.0,1.0,1.0,3.0,1.0,2.0,2.0,3.0,4.0,1.0,4.0,2.0,1.0,2.0,2.0,2.0,2.0,,3.0,3.0,3.0,4.0,1036,gemini,2024,여성,7,
3.0,2.0,2.0,1.0,4.0,3.0,2.0,4.0,4.0,3.0,1.0,3.0,4.0,3.0,3.0,2.0,1.0,3.0,2.0,2.0,2.0,3.0,3.0,1.0,4.0,2.0,2.0,2.0,2.0,2.0,2.0,2.0,3.0,3.0,2.0,3.0,1037,gemini,2024,여성,7,
1.0,2.0,2.0,2.0,3.0,3.0,1.0,,2.0,3.0,,3.0,2.0,3.0,2.0,1.0,1.0,2.0,2.0,2.0,2.0,2.0,3.0,1.0,3.0,2.0,1.0,2.0,1.0,2.0,1.0,,3.0,3.0,2.0,4.0,1038,gemini,2024,여성,7,
1.0,2.0,2.0,2.0,3.0,3.0,1.0,,1.0,2.0,,2.0,1.0,2.0,2.0,2.0,1.0,2.0,2.0,2.0,2.0,2.0,3.0,1.0,3.0,2.0,2.0,2.0,1.0,2.0,1.0,,3.0,3.0,2.0,4.0,1039,gemini,2024,여성,7,
2.0,2.0,2.0,2.0,3.0,2.0,2.0,,2.0,2.0,,3.0,3.0,2.0,2.0,1.0,1.0,2.0,2.0,2.0,2.0,2.0,3.0,1.0,3.0,3.0,2.0,3.0,1.0,2.0,2.0,,3.0,2.0,2.0,4.0,1040,gemini,2024,여성,7,
1.0,2.0,2.0,2.0,3.0,2.0,1.0,,1.0,2.0,,2.0,1.0,2.0,1.0,2.0,1.0,2.0,2.0,2.0,2.0,1.0,3.0,1.0,3.0,2.0,2.0,2.0,1.0,2.0,1.0,,3.0,2.0,2.0,4.0,1041,gemini,2024,여성,7,
1.0,2.0,2.0,2.0,3.0,2.0,1.0,,1.0,2.0,,2.0,1.0,2.0,1.0,2.0,1.0,2.0,2.0,2.0,1.0,2.0,3.0,1.0,3.0,2.0,2.0,1.0,1.0,1.0,1.0,,3.0,2.0,2.0,4.0,1042,gemini,2024,여성,7,
1.0,2.0,2.0,2.0,3.0,2.0,1.0,,2.0,3.0,,2.0,2.0,2.0,2.0,2.0,2.0,2.0,2.0,2.0,1.0,2.0,3.0,1.0,3.0,2.0,2.0,2.0,1.0,2.0,1.0,,3.0,2.0,2.0,3.0,1043,gemini,2024,여성,7,
2.0,2.0,2.0,2.0,4.0,3.0,2.0,,2.0,3.0,,3.0,2.0,3.0,2.0,2.0,1.0,2.0,2.0,2.0,2.0,2.0,4.0,1.0,3.0,3.0,2.0,3.0,1.0,2.0,2.0,,3.0,3.0,3.0,4.0,1044,gemini,2024,여성,7,
1.0,2.0,2.0,2.0,3.0,2.0,2.0,,1.0,2.0,,2.0,2.0,3.0,1.0,2.0,1.0,2.0,2.0,2.0,2.0,2.0,3.0,1.0,3.0,3.0,2.0,3.0,1.0,2.0,2.0,,3.0,2.0,2.0,3.0,1045,gemini,2024,여성,7,
1.0,2.0,2.0,2.0,3.0,3.0,1.0,,1.0,2.0,,2.0,1.0,2.0,2.0,2.0,1.0,2.0,2.0,2.0,2.0,2.0,3.0,1.0,3.0,2.0,2.0,2.0,1.0,2.0,1.0,,3.0,2.0,2.0,4.0,1046,gemini,2024,여성,7,
2.0,2.0,2.0,2.0,4.0,3.0,3.0,,2.0,3.0,,3.0,2.0,3.0,2.0,1.0,1.0,2.0,1.0,2.0,3.0,2.0,4.0,1.0,3.0,3.0,1.0,3.0,2.0,2.0,2.0,,3.0,3.0,3.0,4.0,1047,gemini,2024,여성,7,
2.0,2.0,2.0,2.0,3.0,3.0,1.0,,1.0,2.0,,3.0,1.0,2.0,2.0,2.0,1.0,2.0,2.0,2.0,1.0,2.0,3.0,1.0,3.0,2.0,2.0,1.0,1.0,2.0,1.0,,3.0,2.0,2.0,4.0,1048,gemini,2024,여성,7,
2.0,2.0,2.0,2.0,3.0,3.0,1.0,,2.0,3.0,,3.0,2.0,3.0,2.0,2.0,1.0,2.0,2.0,2.0,2.0,2.0,3.0,1.0,3.0,2.0,2.0,2.0,2.0,2.0,1.0,,3.0,2.0,2.0,3.0,1049,gemini,2024,여성,7,
1.0,2.0,2.0,2.0,3.0,2.0,1.0,,1.0,2.0,,2.0,1.0,2.0,1.0,1.0,1.0,2.0,2.0,2.0,1.0,2.0,3.0,1.0,3.0,2.0,2.0,1.0,1.0,1.0,1.0,,3.0,2.0,2.0,3.0,1050,gemini,2024,여성,7,
2.0,2.0,2.0,2.0,3.0,3.0,1.0,,2.0,2.0,,2.0,1.0,2.0,2.0,2.0,1.0,2.0,2.0,2.0,1.0,2.0,3.0,1.0,3.0,2.0,2.0,2.0,1.0,2.0,1.0,,3.0,3.0,2.0,4.0,1051,gemini,2024,여성,7,
1.0,2.0,2.0,2.0,3.0,3.0,1.0,,1.0,2.0,,2.0,1.0,2.0,2.0,2.0,1.0,2.0,2.0,2.0,1.0,2.0,2.0,1.0,3.0,2.0,2.0,2.0,1.0,1.0,1.0,,3.0,2.0,2.0,4.0,1052,gemini,2024,여성,7,
1.0,2.0,2.0,2.0,3.0,3.0,1.0,,1.0,2.0,,2.0,1.0,2.0,1.0,1.0,1.0,2.0,2.0,2.0,2.0,2.0,3.0,1.0,3.0,2.0,2.0,2.0,1.0,2.0,1.0,,3.0,3.0,2.0,4.0,1053,gemini,2024,여성,7,
2.0,2.0,2.0,2.0,3.0,2.0,2.0,,2.0,2.0,,2.0,2.0,2.0,2.0,2.0,1.0,2.0,2.0,2.0,2.0,2.0,3.0,1.0,3.0,3.0,2.0,2.0,2.0,2.0,2.0,,3.0,2.0,2.0,3.0,1054,gemini,2024,여성,7,
3.0,2.0,2.0,2.0,4.0,3.0,2.0,,3.0,3.0,,3.0,4.0,3.0,2.0,1.0,1.0,2.0,1.0,2.0,2.0,2.0,4.0,1.0,3.0,2.0,2.0,3.0,2.0,2.0,2.0,,3.0,2.0,2.0,3.0,1055,gemini,2024,여성,7,
2.0,2.0,2.0,2.0,3.0,2.0,2.0,,2.0,3.0,,2.0,2.0,3.0,1.0,2.0,1.0,2.0,2.0,2.0,2.0,2.0,3.0,1.0,3.0,3.0,2.0,2.0,2.0,2.0,2.0,,3.0,2.0,2.0,3.0,1056,gemini,2024,여성,7,
3.0,2.0,1.0,2.0,4.0,2.0,2.0,,2.0,3.0,,3.0,3.0,3.0,2.0,1.0,1.0,2.0,1.0,2.0,2.0,2.0,3.0,1.0,4.0,2.0,2.0,2.0,2.0,2.0,2.0,,4.0,2.0,2.0,4.0,1057,gemini,2024,여성,7,
1.0,1.0,2.0,2.0,3.0,2.0,1.0,,1.0,2.0,,2.0,1.0,2.0,1.0,2.0,1.0,2.0,2.0,2.0,1.0,2.0,3.0,1.0,3.0,2.0,2.0,1.0,1.0,1.0,1.0,,3.0,2.0,2.0,3.0,1058,gemini,2024,여성,7,
2.0,2.0,2.0,2.0,4.0,3.0,2.0,,2.0,3.0,,2.0,2.0,3.0,2.0,2.0,1.0,2.0,2.0,2.0,2.0,2.0,3.0,1.0,3.0,2.0,2.0,3.0,2.0,2.0,2.0,,3.0,3.0,2.0,3.0,1059,gemini,2024,여성,7,
1.0,1.0,2.0,2.0,2.0,2.0,1.0,,1.0,1.0,,1.0,1.0,2.0,1.0,2.0,2.0,1.0,2.0,2.0,1.0,1.0,2.0,1.0,2.0,1.0,2.0,1.0,1.0,1.0,1.0,,2.0,2.0,1.0,4.0,1060,gemini,2024,여성,8,
1.0,2.0,2.0,2.0,3.0,2.0,1.0,,1.0,2.0,,2.0,1.0,2.0,1.0,2.0,1.0,2.0,2.0,2.0,1.0,1.0,2.0,1.0,2.0,2.0,2.0,1.0,1.0,1.0,1.0,,2.0,2.0,2.0,4.0,1061,gemini,2024,여성,8,
1.0,2.0,2.0,2.0,4.0,2.0,2.0,,1.0,3.0,,2.0,1.0,3.0,2.0,2.0,1.0,2.0,2.0,2.0,2.0,2.0,4.0,1.0,3.0,2.0,2.0,2.0,1.0,2.0,2.0,,3.0,3.0,2.0,3.0,1062,gemini,2024,여성,8,
1.0,2.0,2.0,2.0,2.0,2.0,1.0,,1.0,2.0,,2.0,1.0,2.0,1.0,2.0,1.0,1.0,2.0,2.0,1.0,1.0,2.0,1.0,2.0,2.0,2.0,1.0,1.0,2.0,1.0,,2.0,2.0,2.0,3.0,1063,gemini,2024,여성,8,
2.0,2.0,2.0,2.0,4.0,3.0,2.0,,2.0,3.0,,3.0,2.0,3.0,2.0,2.0,1.0,2.0,2.0,2.0,2.0,2.0,4.0,1.0,4.0,2.0,2.0,2.0,2.0,2.0,2.0,,3.0,3.0,2.0,4.0,1064,gemini,2024,여성,8,
1.0,2.0,2.0,2.0,3.0,3.0,1.0,,1.0,2.0,,2.0,1.0,2.0,2.0,2.0,1.0,2.0,2.0,2.0,1.0,2.0,3.0,1.0,3.0,2.0,2.0,1.0,1.0,2.0,1.0,,2.0,3.0,2.0,4.0,1065,gemini,2024,여성,8,
1.0,2.0,2.0,2.0,3.0,3.0,1.0,,1.0,2.0,,3.0,1.0,2.0,1.0,2.0,1.0,2.0,2.0,2.0,2.0,2.0,3.0,1.0,3.0,2.0,2.0,1.0,1.0,2.0,1.0,,3.0,2.0,2.0,4.0,1066,gemini,2024,여성,8,
1.0,1.0,2.0,2.0,3.0,2.0,1.0,,1.0,2.0,,2.0,1.0,2.0,1.0,2.0,1.0,2.0,2.0,2.0,1.0,1.0,2.0,1.0,2.0,2.0,2.0,1.0,1.0,1.0,1.0,,2.0,2.0,1.0,4.0,1067,gemini,2024,여성,8,
2.0,2.0,2.0,2.0,5.0,3.0,3.0,,2.0,4.0,,4.0,2.0,4.0,2.0,1.0,1.0,4.0,2.0,2.0,3.0,4.0,5.0,1.0,4.0,3.0,1.0,3.0,2.0,2.0,3.0,,4.0,3.0,3.0,4.0,1068,gemini,2024,여성,8,
1.0,1.0,2.0,2.0,1.0,1.0,1.0,,1.0,1.0,,1.0,1.0,1.0,1.0,2.0,2.0,1.0,2.0,2.0,1.0,1.0,1.0,2.0,1.0,1.0,2.0,1.0,1.0,1.0,1.0,,1.0,1.0,1.0,2.0,1069,gemini,2024,여성,8,
1.0,2.0,2.0,2.0,3.0,2.0,1.0,,1.0,2.0,,2.0,1.0,2.0,1.0,2.0,1.0,2.0,2.0,2.0,1.0,2.0,3.0,1.0,3.0,2.0,2.0,2.0,1.0,1.0,1.0,,3.0,2.0,2.0,3.0,1070,gemini,2024,여성,8,
1.0,2.0,2.0,2.0,3.0,2.0,2.0,,1.0,2.0,,2.0,1.0,2.0,1.0,2.0,1.0,1.0,2.0,2.0,2.0,1.0,3.0,1.0,2.0,2.0,2.0,2.0,1.0,2.0,1.0,,2.0,2.0,2.0,4.0,1071,gemini,2024,여성,8,
1.0,1.0,2.0,2.0,1.0,1.0,1.0,,1.0,1.0,,2.0,1.0,1.0,1.0,2.0,1.0,2.0,2.0,2.0,1.0,1.0,2.0,1.0,2.0,1.0,2.0,1.0,1.0,1.0,1.0,,2.0,2.0,1.0,3.0,1072,gemini,2024,여성,8,
1.0,2.0,2.0,2.0,3.0,2.0,1.0,,1.0,2.0,,2.0,1.0,2.0,1.0,2.0,1.0,2.0,2.0,2.0,1.0,1.0,2.0,1.0,2.0,2.0,2.0,1.0,1.0,2.0,1.0,,2.0,2.0,2.0,3.0,1073,gemini,2024,여성,8,
2.0,2.0,2.0,2.0,4.0,3.0,2.0,,2.0,4.0,,3.0,2.0,4.0,2.0,1.0,1.0,2.0,1.0,2.0,3.0,2.0,4.0,1.0,3.0,2.0,1.0,3.0,1.0,2.0,2.0,,3.0,3.0,3.0,4.0,1074,gemini,2024,여성,8,
1.0,1.0,2.0,2.0,2.0,1.0,1.0,,1.0,2.0,,1.0,1.0,2.0,1.0,2.0,2.0,1.0,2.0,2.0,1.0,1.0,2.0,1.0,2.0,2.0,2.0,1.0,1.0,1.0,1.0,,2.0,2.0,2.0,4.0,1075,gemini,2024,여성,8,
1.0,1.0,2.0,2.0,2.0,2.0,1.0,,1.0,2.0,,2.0,1.0,2.0,1.0,2.0,2.0,1.0,2.0,2.0,1.0,1.0,2.0,2.0,2.0,1.0,2.0,1.0,1.0,1.0,1.0,,2.0,2.0,1.0,4.0,1076,gemini,2024,여성,8,
1.0,2.0,2.0,2.0,3.0,2.0,1.0,,1.0,2.0,,2.0,1.0,2.0,1.0,2.0,1.0,2.0,2.0,2.0,1.0,1.0,2.0,1.0,3.0,2.0,2.0,1.0,1.0,2.0,1.0,,3.0,3.0,2.0,4.0,1077,gemini,2024,여성,8,
2.0,2.0,2.0,2.0,3.0,2.0,1.0,,1.0,2.0,,2.0,1.0,2.0,2.0,2.0,1.0,2.0,2.0,2.0,2.0,2.0,3.0,1.0,2.0,2.0,2.0,2.0,1.0,2.0,1.0,,2.0,2.0,2.0,3.0,1078,gemini,2024,여성,8,
1.0,1.0,2.0,2.0,3.0,2.0,1.0,,1.0,1.0,,2.0,1.0,2.0,1.0,2.0,1.0,1.0,2.0,2.0,1.0,1.0,2.0,2.0,2.0,2.0,2.0,1.0,1.0,1.0,1.0,,2.0,2.0,1.0,4.0,1079,gemini,2024,여성,8,
1.0,1.0,2.0,2.0,2.0,2.0,1.0,,1.0,1.0,,1.0,1.0,1.0,1.0,2.0,1.0,1.0,2.0,2.0,1.0,1.0,2.0,1.0,2.0,1.0,2.0,1.0,1.0,1.0,1.0,,2.0,2.0,1.0,2.0,1080,gemini,2024,여성,8,
1.0,2.0,2.0,2.0,3.0,2.0,2.0,,1.0,3.0,,3.0,1.0,3.0,2.0,2.0,1.0,2.0,2.0,2.0,2.0,2.0,3.0,1.0,3.0,2.0,2.0,2.0,1.0,2.0,1.0,,3.0,2.0,2.0,4.0,1081,gemini,2024,여성,8,
1.0,2.0,2.0,2.0,3.0,3.0,1.0,,1.0,2.0,,2.0,1.0,2.0,1.0,2.0,1.0,2.0,2.0,2.0,1.0,2.0,3.0,1.0,2.0,2.0,2.0,2.0,1.0,1.0,1.0,,2.0,2.0,2.0,4.0,1082,gemini,2024,여성,8,
1.0,2.0,2.0,2.0,3.0,2.0,1.0,,1.0,2.0,,2.0,1.0,2.0,2.0,2.0,1.0,2.0,2.0,2.0,1.0,2.0,2.0,1.0,2.0,2.0,2.0,2.0,1.0,2.0,1.0,,2.0,2.0,2.0,4.0,1083,gemini,2024,여성,8,
1.0,2.0,2.0,2.0,3.0,2.0,1.0,,1.0,2.0,,2.0,1.0,2.0,1.0,2.0,1.0,1.0,2.0,2.0,1.0,1.0,2.0,1.0,2.0,2.0,2.0,2.0,1.0,1.0,1.0,,2.0,2.0,2.0,3.0,1084,gemini,2024,여성,8,
1.0,2.0,2.0,2.0,2.0,2.0,1.0,,1.0,2.0,,2.0,1.0,2.0,1.0,2.0,2.0,1.0,2.0,2.0,1.0,1.0,2.0,1.0,2.0,2.0,2.0,1.0,1.0,1.0,1.0,,2.0,2.0,2.0,4.0,1085,gemini,2024,여성,8,
1.0,1.0,2.0,2.0,2.0,2.0,1.0,,1.0,1.0,,2.0,1.0,1.0,1.0,2.0,1.0,1.0,2.0,2.0,1.0,1.0,2.0,2.0,2.0,1.0,2.0,1.0,1.0,1.0,1.0,,2.0,2.0,1.0,4.0,1086,gemini,2024,여성,8,
1.0,1.0,2.0,2.0,2.0,2.0,1.0,,1.0,1.0,,1.0,1.0,2.0,1.0,2.0,1.0,1.0,2.0,2.0,1.0,1.0,2.0,2.0,2.0,2.0,2.0,1.0,1.0,1.0,1.0,,2.0,2.0,1.0,4.0,1087,gemini,2024,여성,8,
1.0,2.0,2.0,2.0,3.0,3.0,1.0,,1.0,2.0,,2.0,1.0,2.0,2.0,2.0,1.0,2.0,2.0,2.0,1.0,1.0,3.0,1.0,3.0,2.0,2.0,2.0,1.0,1.0,1.0,,3.0,3.0,2.0,4.0,1088,gemini,2024,여성,8,
1.0,1.0,2.0,2.0,2.0,2.0,1.0,,1.0,1.0,,1.0,1.0,2.0,1.0,2.0,1.0,1.0,2.0,2.0,1.0,1.0,2.0,1.0,2.0,2.0,2.0,1.0,1.0,1.0,1.0,,2.0,1.0,1.0,3.0,1089,gemini,2024,여성,8,
1.0,2.0,2.0,2.0,2.0,2.0,1.0,,1.0,1.0,,2.0,1.0,1.0,1.0,2.0,1.0,1.0,2.0,2.0,1.0,1.0,2.0,1.0,2.0,2.0,2.0,1.0,1.0,1.0,1.0,,2.0,2.0,2.0,4.0,1090,gemini,2024,여성,8,
1.0,2.0,2.0,2.0,2.0,2.0,1.0,,1.0,2.0,,1.0,1.0,2.0,1.0,2.0,2.0,1.0,2.0,2.0,1.0,1.0,2.0,2.0,2.0,2.0,2.0,1.0,1.0,2.0,1.0,,2.0,2.0,2.0,3.0,1091,gemini,2024,여성,8,
1.0,1.0,2.0,2.0,3.0,2.0,1.0,,1.0,2.0,,2.0,1.0,2.0,1.0,2.0,1.0,2.0,2.0,2.0,1.0,1.0,2.0,1.0,2.0,2.0,2.0,1.0,1.0,1.0,1.0,,2.0,2.0,2.0,4.0,1092,gemini,2024,여성,8,
1.0,1.0,2.0,2.0,3.0,2.0,1.0,,1.0,2.0,,2.0,1.0,2.0,1.0,2.0,1.0,1.0,2.0,2.0,1.0,1.0,3.0,2.0,2.0,2.0,2.0,1.0,1.0,1.0,1.0,,2.0,2.0,1.0,3.0,1093,gemini,2024,여성,8,
1.0,2.0,2.0,2.0,2.0,2.0,1.0,,1.0,2.0,,2.0,1.0,2.0,1.0,2.0,2.0,1.0,2.0,2.0,1.0,1.0,2.0,2.0,2.0,2.0,2.0,1.0,1.0,1.0,1.0,,2.0,2.0,2.0,2.0,1094,gemini,2024,여성,8,
2.0,2.0,2.0,2.0,3.0,3.0,1.0,,2.0,3.0,,2.0,1.0,3.0,1.0,2.0,1.0,2.0,2.0,2.0,1.0,2.0,3.0,1.0,3.0,2.0,2.0,1.0,1.0,2.0,1.0,,3.0,3.0,2.0,4.0,1095,gemini,2024,여성,8,
1.0,2.0,2.0,2.0,3.0,2.0,1.0,,1.0,2.0,,2.0,1.0,2.0,1.0,2.0,1.0,2.0,2.0,2.0,1.0,2.0,3.0,1.0,2.0,2.0,2.0,2.0,1.0,1.0,1.0,,2.0,2.0,2.0,3.0,1096,gemini,2024,여성,8,
1.0,1.0,2.0,2.0,2.0,1.0,1.0,,1.0,2.0,,1.0,1.0,2.0,1.0,2.0,2.0,1.0,2.0,2.0,1.0,1.0,2.0,2.0,2.0,2.0,2.0,2.0,1.0,2.0,1.0,,2.0,2.0,2.0,4.0,1097,gemini,2024,여성,8,
1.0,2.0,2.0,2.0,3.0,2.0,3.0,,1.0,3.0,,2.0,1.0,3.0,2.0,2.0,1.0,2.0,2.0,2.0,3.0,2.0,3.0,1.0,2.0,2.0,2.0,3.0,1.0,2.0,2.0,,2.0,2.0,2.0,4.0,1098,gemini,2024,여성,8,
1.0,1.0,2.0,2.0,1.0,1.0,1.0,,1.0,1.0,,1.0,1.0,1.0,1.0,2.0,2.0,1.0,2.0,2.0,1.0,1.0,1.0,2.0,1.0,1.0,2.0,1.0,1.0,1.0,1.0,,1.0,1.0,1.0,2.0,1099,gemini,2024,여성,8,
1.0,1.0,2.0,2.0,1.0,1.0,1.0,,1.0,1.0,,1.0,1.0,1.0,1.0,1.0,1.0,1.0,2.0,2.0,1.0,1.0,1.0,1.0,2.0,1.0,2.0,1.0,1.0,1.0,1.0,,1.0,2.0,1.0,2.0,1100,gemini,2024,여성,8,
1.0,2.0,2.0,2.0,2.0,3.0,1.0,,1.0,2.0,,2.0,1.0,2.0,1.0,2.0,2.0,1.0,2.0,2.0,1.0,1.0,2.0,1.0,2.0,2.0,2.0,1.0,1.0,1.0,1.0,,2.0,2.0,2.0,4.0,1101,gemini,2024,여성,8,
1.0,1.0,2.0,2.0,2.0,2.0,1.0,,1.0,2.0,,2.0,1.0,2.0,1.0,2.0,1.0,1.0,2.0,2.0,1.0,1.0,2.0,1.0,2.0,2.0,2.0,2.0,1.0,1.0,1.0,,2.0,2.0,2.0,4.0,1102,gemini,2024,여성,8,
1.0,2.0,2.0,2.0,3.0,2.0,1.0,,1.0,2.0,,2.0,1.0,2.0,1.0,2.0,1.0,2.0,2.0,2.0,1.0,1.0,2.0,1.0,3.0,2.0,2.0,1.0,1.0,2.0,1.0,,3.0,2.0,2.0,4.0,1103,gemini,2024,여성,8,
1.0,1.0,2.0,2.0,2.0,2.0,1.0,,1.0,1.0,,2.0,1.0,1.0,1.0,2.0,2.0,1.0,2.0,2.0,1.0,1.0,2.0,1.0,2.0,2.0,2.0,1.0,1.0,1.0,1.0,,2.0,2.0,1.0,3.0,1104,gemini,2024,여성,8,
1.0,1.0,2.0,2.0,2.0,1.0,1.0,,1.0,1.0,,1.0,1.0,2.0,1.0,2.0,2.0,1.0,2.0,2.0,1.0,1.0,2.0,2.0,1.0,1.0,2.0,2.0,1.0,1.0,1.0,,1.0,1.0,1.0,1.0,1105,gemini,2024,여성,8,
1.0,1.0,2.0,2.0,2.0,2.0,1.0,,1.0,2.0,,2.0,1.0,2.0,1.0,2.0,1.0,1.0,2.0,2.0,1.0,1.0,2.0,1.0,2.0,2.0,2.0,1.0,1.0,1.0,1.0,,2.0,2.0,1.0,4.0,1106,gemini,2024,여성,8,
1.0,1.0,2.0,2.0,2.0,1.0,1.0,,1.0,1.0,,1.0,1.0,1.0,1.0,2.0,1.0,1.0,2.0,2.0,1.0,1.0,2.0,1.0,1.0,2.0,2.0,1.0,1.0,1.0,1.0,,1.0,1.0,1.0,2.0,1107,gemini,2024,여성,8,
1.0,2.0,2.0,2.0,3.0,2.0,1.0,,1.0,2.0,,2.0,1.0,2.0,1.0,2.0,1.0,2.0,2.0,2.0,2.0,2.0,2.0,1.0,2.0,2.0,2.0,2.0,1.0,1.0,1.0,,2.0,2.0,2.0,3.0,1108,gemini,2024,여성,8,
,,,,,,,,,,,,,,,,,,,,,,,,,,,,,,,,,,,,1109,gemini,2024,여성,8,format_violation_after_batch_retries
2.0,2.0,2.0,2.0,3.0,3.0,2.0,,2.0,2.0,,2.0,2.0,2.0,1.0,2.0,2.0,2.0,2.0,2.0,2.0,2.0,3.0,2.0,3.0,2.0,2.0,2.0,1.0,2.0,2.0,,3.0,3.0,2.0,4.0,1110,gemini,2024,여성,8,
1.0,1.0,2.0,2.0,2.0,2.0,1.0,,1.0,2.0,,1.0,1.0,2.0,1.0,2.0,1.0,1.0,2.0,2.0,1.0,1.0,2.0,1.0,2.0,2.0,2.0,2.0,1.0,1.0,1.0,,2.0,2.0,1.0,4.0,1111,gemini,2024,여성,8,
2.0,2.0,2.0,2.0,4.0,3.0,2.0,,2.0,4.0,,3.0,2.0,4.0,2.0,2.0,1.0,3.0,1.0,2.0,2.0,2.0,4.0,1.0,4.0,3.0,2.0,2.0,1.0,2.0,2.0,,3.0,3.0,3.0,4.0,1112,gemini,2024,여성,8,
1.0,1.0,2.0,2.0,2.0,2.0,1.0,,1.0,1.0,,1.0,1.0,2.0,1.0,2.0,2.0,1.0,2.0,2.0,1.0,1.0,2.0,2.0,2.0,2.0,2.0,1.0,1.0,1.0,1.0,,2.0,3.0,2.0,4.0,1113,gemini,2024,여성,8,
1.0,2.0,2.0,2.0,2.0,2.0,1.0,,1.0,2.0,,2.0,1.0,2.0,1.0,2.0,1.0,1.0,2.0,2.0,2.0,1.0,2.0,1.0,3.0,2.0,2.0,2.0,1.0,1.0,1.0,,2.0,2.0,2.0,4.0,1114,gemini,2024,여성,8,
1.0,1.0,2.0,2.0,2.0,2.0,1.0,,1.0,1.0,,1.0,1.0,2.0,1.0,2.0,2.0,1.0,2.0,2.0,1.0,1.0,2.0,1.0,2.0,1.0,2.0,1.0,1.0,1.0,1.0,,2.0,2.0,1.0,3.0,1115,gemini,2024,여성,8,
1.0,2.0,2.0,2.0,2.0,2.0,1.0,,1.0,1.0,,2.0,1.0,2.0,1.0,2.0,1.0,1.0,2.0,2.0,1.0,1.0,2.0,1.0,2.0,2.0,2.0,1.0,1.0,2.0,1.0,,2.0,2.0,2.0,5.0,1116,gemini,2024,여성,8,
1.0,2.0,2.0,2.0,2.0,2.0,1.0,,1.0,1.0,,2.0,1.0,2.0,1.0,2.0,1.0,2.0,2.0,2.0,1.0,2.0,2.0,1.0,2.0,2.0,2.0,1.0,1.0,1.0,1.0,,2.0,2.0,2.0,4.0,1117,gemini,2024,여성,8,
1.0,2.0,2.0,2.0,3.0,2.0,2.0,,1.0,3.0,,2.0,1.0,3.0,2.0,2.0,1.0,2.0,2.0,2.0,1.0,2.0,3.0,1.0,3.0,2.0,2.0,2.0,1.0,2.0,1.0,,3.0,2.0,2.0,4.0,1118,gemini,2024,여성,8,
1.0,1.0,2.0,2.0,3.0,2.0,1.0,,1.0,2.0,,2.0,1.0,2.0,1.0,2.0,1.0,2.0,2.0,2.0,1.0,1.0,2.0,1.0,2.0,2.0,2.0,1.0,1.0,1.0,1.0,,2.0,2.0,2.0,3.0,1119,gemini,2024,여성,8,
1.0,1.0,2.0,2.0,2.0,2.0,1.0,,1.0,1.0,,2.0,1.0,2.0,1.0,2.0,1.0,1.0,2.0,2.0,1.0,1.0,2.0,1.0,1.0,1.0,2.0,1.0,1.0,1.0,1.0,,1.0,2.0,1.0,4.0,1120,gemini,2024,여성,8,
1.0,2.0,2.0,2.0,3.0,2.0,1.0,,1.0,2.0,,2.0,1.0,2.0,1.0,2.0,2.0,2.0,2.0,2.0,1.0,1.0,3.0,1.0,2.0,2.0,2.0,1.0,1.0,2.0,1.0,,2.0,2.0,2.0,3.0,1121,gemini,2024,여성,8,
1.0,2.0,2.0,2.0,2.0,2.0,1.0,,1.0,2.0,,2.0,1.0,2.0,1.0,2.0,1.0,1.0,2.0,2.0,1.0,1.0,2.0,1.0,2.0,2.0,2.0,1.0,1.0,1.0,1.0,,2.0,2.0,2.0,3.0,1122,gemini,2024,여성,8,
1.0,2.0,2.0,2.0,3.0,2.0,2.0,,1.0,2.0,,2.0,2.0,3.0,2.0,2.0,1.0,2.0,2.0,2.0,2.0,2.0,3.0,1.0,3.0,2.0,2.0,3.0,1.0,2.0,2.0,,3.0,3.0,3.0,4.0,1123,gemini,2024,여성,8,
1.0,2.0,2.0,2.0,3.0,3.0,1.0,,1.0,2.0,,3.0,1.0,2.0,2.0,2.0,1.0,2.0,2.0,2.0,1.0,2.0,3.0,1.0,3.0,2.0,2.0,1.0,1.0,2.0,1.0,,2.0,2.0,2.0,4.0,1124,gemini,2024,여성,8,
2.0,2.0,2.0,2.0,3.0,2.0,1.0,,2.0,2.0,,2.0,2.0,2.0,2.0,2.0,1.0,2.0,2.0,2.0,1.0,2.0,2.0,1.0,3.0,2.0,2.0,1.0,1.0,2.0,1.0,,3.0,2.0,2.0,3.0,1125,gemini,2024,여성,8,
1.0,1.0,2.0,2.0,1.0,1.0,1.0,,1.0,1.0,,1.0,1.0,1.0,1.0,2.0,2.0,1.0,2.0,2.0,1.0,1.0,1.0,2.0,1.0,1.0,2.0,1.0,1.0,1.0,1.0,,1.0,1.0,1.0,2.0,1126,gemini,2024,여성,8,
2.0,2.0,2.0,2.0,3.0,2.0,2.0,,2.0,3.0,,3.0,2.0,3.0,2.0,2.0,1.0,2.0,2.0,2.0,2.0,2.0,3.0,1.0,3.0,2.0,2.0,3.0,1.0,2.0,2.0,,3.0,3.0,2.0,4.0,1127,gemini,2024,여성,8,
1.0,1.0,2.0,2.0,2.0,2.0,1.0,,1.0,1.0,,2.0,1.0,1.0,1.0,2.0,1.0,1.0,2.0,2.0,1.0,1.0,2.0,2.0,2.0,1.0,2.0,1.0,1.0,1.0,1.0,,2.0,2.0,1.0,4.0,1128,gemini,2024,여성,8,
2.0,2.0,2.0,2.0,3.0,3.0,1.0,,2.0,2.0,,3.0,2.0,2.0,2.0,2.0,1.0,2.0,2.0,2.0,2.0,2.0,3.0,1.0,3.0,3.0,2.0,2.0,1.0,2.0,1.0,,3.0,2.0,2.0,4.0,1129,gemini,2024,여성,8,
1.0,2.0,2.0,2.0,3.0,2.0,1.0,,1.0,2.0,,2.0,1.0,2.0,1.0,2.0,1.0,2.0,2.0,2.0,1.0,1.0,3.0,1.0,3.0,2.0,2.0,2.0,1.0,1.0,1.0,,3.0,2.0,2.0,4.0,1130,gemini,2024,여성,8,
1.0,1.0,2.0,2.0,2.0,2.0,1.0,,1.0,1.0,,1.0,1.0,1.0,1.0,2.0,2.0,1.0,2.0,2.0,1.0,1.0,2.0,1.0,2.0,1.0,2.0,1.0,1.0,1.0,1.0,,2.0,2.0,1.0,2.0,1131,gemini,2024,여성,8,
2.0,2.0,2.0,2.0,3.0,3.0,1.0,,2.0,3.0,,3.0,2.0,3.0,2.0,1.0,1.0,2.0,2.0,2.0,2.0,2.0,3.0,1.0,3.0,3.0,2.0,2.0,2.0,2.0,1.0,,3.0,3.0,2.0,4.0,1132,gemini,2024,여성,8,
1.0,1.0,2.0,2.0,3.0,2.0,1.0,,1.0,2.0,,2.0,1.0,2.0,1.0,2.0,1.0,2.0,2.0,2.0,1.0,2.0,2.0,1.0,2.0,1.0,2.0,1.0,1.0,1.0,1.0,,2.0,2.0,1.0,3.0,1133,gemini,2024,여성,8,
1.0,1.0,2.0,2.0,3.0,2.0,1.0,,1.0,2.0,,2.0,1.0,3.0,1.0,2.0,1.0,2.0,2.0,2.0,1.0,2.0,3.0,1.0,3.0,2.0,2.0,1.0,1.0,1.0,1.0,,3.0,2.0,1.0,4.0,1134,gemini,2024,여성,8,
1.0,2.0,2.0,2.0,3.0,2.0,1.0,,1.0,2.0,,2.0,1.0,2.0,2.0,2.0,1.0,2.0,2.0,2.0,1.0,2.0,3.0,1.0,3.0,3.0,2.0,2.0,1.0,2.0,1.0,,3.0,2.0,2.0,4.0,1135,gemini,2024,여성,8,
1.0,2.0,2.0,2.0,2.0,2.0,1.0,,1.0,1.0,,1.0,1.0,2.0,1.0,2.0,1.0,1.0,2.0,2.0,1.0,1.0,2.0,1.0,2.0,2.0,2.0,1.0,1.0,1.0,1.0,,2.0,2.0,1.0,3.0,1136,gemini,2024,여성,8,
2.0,2.0,2.0,2.0,3.0,3.0,2.0,,2.0,3.0,,3.0,2.0,3.0,2.0,2.0,1.0,2.0,2.0,2.0,2.0,2.0,3.0,1.0,3.0,2.0,2.0,3.0,1.0,2.0,1.0,,3.0,2.0,2.0,4.0,1137,gemini,2024,여성,8,
1.0,2.0,2.0,2.0,3.0,2.0,1.0,,1.0,2.0,,2.0,1.0,2.0,1.0,2.0,1.0,1.0,2.0,2.0,1.0,1.0,2.0,1.0,2.0,2.0,2.0,1.0,1.0,1.0,1.0,,2.0,2.0,2.0,4.0,1138,gemini,2024,여성,8,
1.0,2.0,2.0,2.0,3.0,3.0,1.0,,1.0,2.0,,2.0,1.0,3.0,1.0,2.0,1.0,1.0,2.0,2.0,2.0,1.0,3.0,1.0,3.0,2.0,2.0,2.0,1.0,2.0,1.0,,3.0,3.0,2.0,2.0,1139,gemini,2024,여성,8,
1.0,2.0,2.0,2.0,3.0,3.0,1.0,,1.0,2.0,,2.0,1.0,2.0,2.0,1.0,1.0,2.0,2.0,2.0,2.0,2.0,3.0,1.0,3.0,2.0,2.0,2.0,1.0,2.0,1.0,,3.0,2.0,2.0,4.0,1140,gemini,2024,여성,8,
1.0,2.0,2.0,2.0,3.0,2.0,1.0,,1.0,2.0,,2.0,1.0,3.0,1.0,2.0,1.0,2.0,2.0,2.0,1.0,1.0,3.0,1.0,2.0,2.0,2.0,1.0,1.0,1.0,1.0,,2.0,2.0,2.0,3.0,1141,gemini,2024,여성,8,
2.0,2.0,1.0,1.0,4.0,3.0,2.0,4.0,2.0,4.0,1.0,3.0,2.0,4.0,2.0,1.0,1.0,3.0,1.0,2.0,2.0,3.0,4.0,1.0,4.0,3.0,1.0,2.0,1.0,2.0,2.0,2.0,4.0,3.0,3.0,4.0,1142,gemini,2024,여성,8,
1.0,1.0,2.0,2.0,2.0,1.0,1.0,,1.0,1.0,,2.0,1.0,1.0,1.0,2.0,1.0,1.0,2.0,2.0,1.0,1.0,2.0,2.0,2.0,2.0,2.0,1.0,1.0,1.0,1.0,,2.0,1.0,1.0,4.0,1143,gemini,2024,여성,8,
