p__d31001,p__d31002,p__d31003,p__d31005,p__d31007,p__m01001,p__m01002,p__m01003,p__m01004,p__m01005,p__m01006,p__m01007,p__m01008,p__m01009,p__m01010,p__m01011,p__m01012,p__m01013,p__m01014,p__m01015,p__m01016,p__m01017,p__m01018,p__m01019,p__m01020,p__m01021,p__m01022,p__m01023,p__m01024,p__d26001,p__d26075,p__d26092,p__d11001,p__d22001,p__d28001,p__d29001,_idx,_model,_wave,성별,연령대
3,1,8.0,3.0,2.0,3,4,4,2,5,4,5,4,3,3,2,3,2,3,3,3,4,4,5,4,2,3,3,4,1,1,1,1,1,1,1,0,gemini,2024,남성,2
3,1,1.0,5.0,2.0,3,3,4,2,5,4,5,4,4,3,4,4,2,2,3,2,4,4,5,4,3,4,4,4,1,1,1,1,1,1,1,1,gemini,2024,남성,2
3,1,1.0,4.0,2.0,2,3,3,2,4,4,4,4,3,3,3,3,2,3,3,3,4,4,4,4,3,3,3,3,1,1,1,1,1,2,1,2,gemini,2024,남성,2
3,1,1.0,3.0,2.0,2,3,3,2,4,4,4,4,4,3,3,3,2,3,3,3,4,3,4,4,3,3,3,3,1,1,1,1,1,2,1,3,gemini,2024,남성,2
3,1,8.0,3.0,2.0,2,3,3,2,4,4,4,3,3,2,2,3,2,2,3,2,4,3,4,4,2,3,3,3,1,1,1,1,1,2,1,4,gemini,2024,남성,2
2,2,,,,2,2,3,2,3,2,3,2,3,2,1,1,2,4,3,3,3,3,3,3,2,2,3,3,2,1,2,2,1,2,2,5,gemini,2024,남성,2
3,1,1.0,3.0,2.0,3,3,4,2,4,4,4,4,4,3,4,4,2,3,3,3,4,4,4,4,3,3,3,3,1,1,1,1,1,2,1,6,gemini,2024,남성,2
3,1,1.0,3.0,2.0,3,3,3,2,4,4,4,4,3,3,3,3,2,2,3,2,4,3,4,4,3,3,4,3,1,1,1,1,1,2,1,7,gemini,2024,남성,2
3,1,1.0,3.0,2.0,3,3,4,2,5,4,5,4,3,3,3,3,2,3,3,2,4,4,5,5,3,3,4,4,1,1,1,1,1,2,1,8,gemini,2024,남성,2
3,1,1.0,3.0,2.0,2,3,3,2,4,4,4,4,3,2,3,3,2,3,3,2,4,3,4,4,3,3,3,3,1,1,1,1,1,2,2,9,gemini,2024,남성,2
3,1,1.0,4.0,2.0,2,2,2,2,3,3,3,3,2,2,2,2,2,4,3,3,4,4,4,4,3,3,3,3,1,1,1,1,1,2,1,10,gemini,2024,남성,2
3,1,1.0,3.0,2.0,2,2,3,2,4,4,4,3,3,2,2,2,2,3,3,2,4,3,4,4,3,3,3,3,1,1,1,1,1,2,1,11,gemini,2024,남성,2
3,1,1.0,3.0,2.0,2,2,3,1,4,4,4,3,3,2,2,3,2,4,4,3,3,3,4,4,2,2,3,3,1,1,1,1,1,2,2,12,gemini,2024,남성,2
3,1,1.0,4.0,2.0,2,3,3,2,4,3,4,3,2,2,2,2,2,2,3,2,4,3,4,4,3,3,4,3,1,1,1,1,1,2,2,13,gemini,2024,남성,2
3,1,1.0,3.0,2.0,2,2,3,2,4,4,4,3,3,2,2,3,2,3,3,3,4,3,4,4,2,3,2,3,1,1,1,1,1,2,1,14,gemini,2024,남성,2
3,1,1.0,3.0,2.0,2,2,3,2,4,3,4,3,2,2,2,2,2,4,3,3,4,3,4,4,2,3,3,3,1,1,1,1,1,2,1,15,gemini,2024,남성,2
3,1,1.0,4.0,2.0,2,4,3,3,4,3,4,3,2,2,2,2,2,3,3,3,4,4,4,4,2,3,3,3,1,1,1,1,1,2,1,16,gemini,2024,남성,2
3,1,1.0,3.0,2.0,2,2,2,2,4,4,4,4,3,2,2,3,2,3,3,3,4,4,4,4,3,3,3,3,1,1,1,1,1,2,2,17,gemini,2024,남성,2
3,1,1.0,3.0,2.0,2,3,3,2,4,4,4,4,3,2,2,3,2,2,3,2,4,3,4,4,3,3,4,4,1,1,1,1,1,2,2,18,gemini,2024,남성,2
3,1,1.0,3.0,2.0,3,3,4,2,4,4,4,4,3,3,3,3,2,3,3,3,4,4,4,4,2,3,3,4,1,1,1,1,1,2,1,19,gemini,2024,남성,2
3,1,1.0,3.0,2.0,3,3,3,2,4,4,4,4,4,3,3,3,2,3,3,3,4,4,4,4,3,3,3,3,1,1,1,1,1,1,1,20,gemini,2024,남성,2
3,1,1.0,3.0,2.0,2,3,3,2,4,4,4,4,3,2,2,2,2,3,3,3,4,4,4,4,2,3,3,3,1,1,1,1,1,2,1,21,gemini,2024,남성,2
3,1,1.0,4.0,2.0,2,2,3,2,4,3,4,3,2,2,2,2,2,3,3,2,4,3,4,4,3,3,3,3,1,1,1,1,1,2,1,22,gemini,2024,남성,2
3,1,1.0,2.0,2.0,2,2,2,2,4,3,4,3,2,2,2,2,2,3,3,2,4,4,4,4,3,3,4,4,1,1,1,1,1,2,1,23,gemini,2024,남성,2
3,1,1.0,4.0,2.0,2,3,3,2,4,3,4,3,2,2,2,3,2,3,3,3,4,4,4,4,3,3,3,4,1,1,1,1,1,2,1,24,gemini,2024,남성,2
2,2,,,,1,2,2,2,3,2,3,2,2,1,1,1,1,2,2,1,3,3,3,3,2,3,3,3,1,1,1,1,1,2,2,25,gemini,2024,남성,2
2,1,1.0,3.0,2.0,2,2,2,2,4,3,4,3,3,2,2,2,1,2,2,2,3,3,4,4,2,1,3,3,1,1,1,1,1,2,1,26,gemini,2024,남성,2
3,1,1.0,3.0,2.0,3,3,4,2,5,4,5,4,5,4,4,5,2,3,3,3,4,4,4,4,3,3,4,3,1,1,1,1,1,2,1,27,gemini,2024,남성,2
3,1,9.0,3.0,2.0,2,3,3,2,4,4,4,3,3,2,3,3,1,2,2,1,4,3,4,4,2,3,2,3,1,1,1,1,1,2,1,28,gemini,2024,남성,2
3,1,7.0,3.0,2.0,2,3,3,2,4,4,4,4,4,3,3,3,2,4,4,3,4,4,4,4,3,3,3,4,1,1,1,1,1,1,1,29,gemini,2024,남성,2
3,1,1.0,3.0,2.0,3,3,3,2,4,4,4,4,3,3,3,3,2,2,3,2,4,3,4,4,3,3,3,4,1,1,1,1,1,2,1,30,gemini,2024,남성,2
3,1,1.0,3.0,2.0,2,3,3,2,4,4,4,3,3,2,3,3,2,2,3,2,4,3,4,4,3,3,4,3,1,1,1,1,1,2,1,31,gemini,2024,남성,2
3,1,1.0,3.0,2.0,2,3,3,2,4,4,4,3,2,2,2,3,2,3,4,3,4,4,4,4,2,3,2,3,1,1,1,1,1,1,1,32,gemini,2024,남성,2
3,1,1.0,3.0,2.0,2,3,3,2,4,4,4,3,3,2,3,3,2,3,3,2,4,3,4,4,2,2,3,3,1,1,1,1,1,2,1,33,gemini,2024,남성,2
3,1,1.0,3.0,2.0,2,3,3,2,4,4,4,3,3,2,2,2,1,3,3,2,4,3,4,4,3,3,3,3,1,1,1,1,1,2,1,34,gemini,2024,남성,2
3,1,1.0,3.0,2.0,2,3,3,2,4,4,4,3,2,2,2,2,2,3,3,3,4,4,4,4,2,3,3,3,1,1,1,1,1,2,1,35,gemini,2024,남성,2
3,1,1.0,4.0,2.0,3,4,4,4,5,4,5,4,3,3,3,3,2,4,4,4,5,5,4,4,3,4,3,4,1,1,1,1,1,2,1,36,gemini,2024,남성,2
3,1,1.0,4.0,2.0,2,3,3,2,4,4,4,3,2,2,2,2,1,2,2,2,4,4,4,4,3,3,3,3,1,1,1,1,1,2,1,37,gemini,2024,남성,2
3,1,1.0,4.0,2.0,2,3,3,3,4,3,4,3,2,2,2,2,2,2,2,2,4,4,4,4,2,3,3,3,1,1,1,1,1,2,1,38,gemini,2024,남성,2
3,1,1.0,3.0,2.0,2,2,3,2,4,4,4,3,3,2,3,3,2,3,3,2,4,3,4,4,3,3,4,3,1,1,1,1,1,2,1,39,gemini,2024,남성,2
3,1,1.0,3.0,2.0,2,3,3,2,4,4,4,4,3,2,2,2,2,3,3,3,4,4,4,4,3,3,3,4,1,1,1,1,1,2,2,40,gemini,2024,남성,2
3,1,1.0,3.0,2.0,3,2,3,2,4,4,4,4,3,3,3,3,2,2,3,2,4,3,4,4,3,3,4,3,1,1,1,1,1,1,2,41,gemini,2024,남성,2
2,2,,,,2,3,3,2,4,3,4,3,2,2,2,2,1,2,2,2,3,3,3,3,2,3,2,3,1,1,1,1,1,2,2,42,gemini,2024,남성,2
3,1,1.0,4.0,2.0,2,4,4,3,4,3,4,3,2,2,2,3,2,4,4,4,4,4,4,4,3,3,3,3,1,1,1,1,1,2,2,43,gemini,2024,남성,2
3,1,1.0,4.0,2.0,2,3,3,2,4,3,4,3,2,2,2,2,2,3,3,2,4,4,4,4,3,3,3,3,1,1,1,1,1,2,1,44,gemini,2024,남성,2
3,1,1.0,3.0,2.0,2,3,3,2,4,3,4,3,3,2,2,3,2,3,3,3,4,3,4,4,2,3,3,3,1,1,1,1,1,2,2,45,gemini,2024,남성,2
2,2,,,,2,3,3,2,4,3,4,3,2,2,2,2,1,2,2,2,4,3,4,4,2,3,3,3,1,1,1,1,1,2,2,46,gemini,2024,남성,2
3,1,8.0,3.0,1.0,2,3,3,2,5,4,5,4,3,2,2,2,3,4,4,3,4,4,4,4,2,3,3,3,1,1,1,1,1,2,1,47,gemini,2024,남성,2
3,1,1.0,3.0,2.0,2,3,3,2,4,3,4,3,2,2,2,2,2,4,4,4,4,3,4,4,3,3,3,3,1,1,1,1,1,2,1,48,gemini,2024,남성,2
3,1,1.0,3.0,2.0,2,3,3,2,4,4,4,4,3,2,3,3,2,2,2,2,4,3,4,4,3,3,3,3,1,1,1,1,1,2,2,49,gemini,2024,남성,2
2,1,1.0,4.0,2.0,2,3,3,2,4,3,4,3,3,2,2,2,1,2,2,2,3,3,4,4,2,3,3,3,1,1,1,1,1,2,2,50,gemini,2024,남성,2
3,1,7.0,3.0,2.0,2,2,3,2,4,4,4,4,5,3,3,3,2,3,4,3,3,3,4,4,2,2,3,3,1,1,1,1,1,2,2,51,gemini,2024,남성,2
3,1,1.0,3.0,2.0,2,2,3,2,4,4,4,3,2,2,2,3,2,4,4,4,4,3,4,4,2,3,3,3,1,1,1,1,1,2,1,52,gemini,2024,남성,2
3,1,1.0,3.0,2.0,2,2,3,2,4,4,4,4,3,2,2,2,2,3,3,3,4,4,4,4,3,3,3,4,1,1,1,1,1,2,1,53,gemini,2024,남성,2
3,1,7.0,3.0,2.0,2,2,3,1,4,4,5,4,3,2,2,3,2,4,4,3,4,3,4,4,2,2,2,3,1,1,1,1,1,1,1,54,gemini,2024,남성,2
3,1,1.0,4.0,2.0,2,3,3,2,4,3,4,3,2,2,2,2,2,2,3,2,4,3,4,4,3,3,4,3,1,1,1,1,1,2,1,55,gemini,2024,남성,2
3,1,1.0,3.0,2.0,3,3,3,2,4,4,4,4,3,2,2,2,3,4,4,4,4,4,4,4,2,3,3,3,1,1,1,1,1,2,1,56,gemini,2024,남성,2
3,1,1.0,3.0,2.0,2,3,3,3,4,3,4,3,2,2,1,1,3,4,4,4,4,4,4,4,2,3,3,3,1,1,2,1,1,2,2,57,gemini,2024,남성,2
3,1,7.0,3.0,2.0,3,3,3,2,4,4,4,3,4,3,4,4,2,2,3,2,4,3,4,4,2,3,3,4,1,1,1,1,1,2,1,58,gemini,2024,남성,2
3,1,1.0,3.0,2.0,2,3,3,2,4,4,4,3,3,3,3,3,1,2,2,1,3,3,4,4,2,2,4,3,1,1,1,1,1,2,1,59,gemini,2024,남성,2
3,1,1.0,4.0,2.0,2,3,3,2,4,3,4,3,3,2,2,2,3,4,4,4,4,4,4,4,3,3,3,4,1,1,2,2,1,2,2,60,gemini,2024,남성,2
2,2,,,,2,2,3,2,4,3,4,3,2,1,1,2,1,2,2,1,3,3,3,3,2,3,3,3,1,1,1,1,1,2,2,61,gemini,2024,남성,2
3,1,1.0,3.0,2.0,3,4,4,3,5,4,4,4,3,2,3,3,2,3,3,3,4,4,4,4,3,3,3,3,1,1,1,1,1,2,1,62,gemini,2024,남성,2
3,1,1.0,3.0,2.0,3,3,4,3,5,4,5,4,3,3,3,3,2,2,3,2,4,4,5,5,3,3,3,4,1,1,1,1,1,1,1,63,gemini,2024,남성,2
3,1,8.0,3.0,2.0,2,3,3,2,4,3,4,3,3,2,2,2,3,4,4,4,4,3,4,4,2,3,3,3,1,1,2,1,1,2,1,64,gemini,2024,남성,2
3,1,1.0,3.0,2.0,3,3,4,2,5,4,4,4,3,3,3,3,2,3,4,3,4,4,4,4,3,3,4,3,1,1,1,1,1,2,1,65,gemini,2024,남성,2
3,1,1.0,3.0,2.0,3,3,4,3,5,4,5,4,3,3,3,3,2,4,4,4,4,4,4,4,3,3,4,4,1,1,1,1,1,2,2,66,gemini,2024,남성,2
3,1,1.0,4.0,2.0,3,4,4,4,4,4,4,4,3,3,3,3,2,4,3,3,4,4,4,4,3,3,3,4,1,1,1,1,1,2,1,67,gemini,2024,남성,3
3,1,7.0,3.0,2.0,2,2,3,2,4,4,4,4,4,3,3,3,2,3,4,3,4,3,4,4,2,2,3,2,1,1,1,1,1,2,1,68,gemini,2024,남성,3
3,1,1.0,4.0,2.0,2,3,3,3,4,3,4,3,2,2,2,2,2,4,3,3,4,4,4,4,2,3,3,3,1,1,2,2,1,2,1,69,gemini,2024,남성,3
2,2,,,,2,2,2,2,3,3,3,3,2,1,1,1,1,2,2,1,3,3,3,3,2,2,3,2,1,1,1,1,1,2,1,70,gemini,2024,남성,3
2,2,,,,2,3,3,2,3,3,3,3,4,2,3,4,1,2,2,2,3,3,3,3,3,2,3,3,1,1,1,1,1,2,1,71,gemini,2024,남성,3
3,1,1.0,4.0,2.0,2,3,3,3,4,3,4,3,2,2,2,2,2,2,2,2,4,4,4,4,3,3,4,4,1,1,1,1,1,2,1,72,gemini,2024,남성,3
2,2,,,,2,3,3,2,3,2,3,3,3,2,2,2,2,4,3,3,3,3,3,3,2,2,3,3,1,1,2,1,1,2,2,73,gemini,2024,남성,3
3,1,1.0,1.0,2.0,2,3,3,4,4,3,4,3,2,2,2,2,3,5,4,4,4,4,4,4,3,4,3,4,1,1,2,1,1,2,1,74,gemini,2024,남성,3
2,2,,,,2,3,3,2,4,3,4,3,2,2,2,2,2,3,3,3,3,3,3,3,2,3,3,3,1,1,2,1,1,2,1,75,gemini,2024,남성,3
3,1,1.0,1.0,2.0,2,4,3,4,3,2,3,3,2,2,2,2,2,4,3,3,4,4,4,4,3,3,4,4,1,1,2,2,1,2,1,76,gemini,2024,남성,3
3,1,1.0,4.0,2.0,2,3,3,3,4,3,4,3,2,2,2,3,2,3,3,3,4,4,4,4,3,3,3,4,1,1,1,1,1,2,1,77,gemini,2024,남성,3
2,2,,,,2,3,3,2,3,3,3,2,2,1,1,1,1,2,1,1,3,3,3,3,2,2,3,3,1,1,1,1,1,2,1,78,gemini,2024,남성,3
2,2,,,,1,2,2,2,3,2,3,2,1,1,1,1,1,2,2,1,3,3,3,3,2,3,2,3,1,1,1,1,1,2,2,79,gemini,2024,남성,3
3,1,1.0,4.0,2.0,2,3,3,3,4,3,4,3,3,2,2,2,1,2,2,2,4,4,4,4,3,3,3,3,1,1,1,1,1,2,1,80,gemini,2024,남성,3
3,1,1.0,3.0,2.0,2,2,3,2,4,3,4,3,3,2,2,2,2,3,3,2,4,3,4,4,2,3,3,3,1,1,1,1,1,2,1,81,gemini,2024,남성,3
3,1,1.0,1.0,2.0,2,3,4,3,4,4,4,4,3,2,3,3,2,3,3,2,4,4,4,4,3,3,3,4,1,1,1,1,1,2,1,82,gemini,2024,남성,3
3,1,1.0,4.0,2.0,2,3,3,3,4,3,4,3,2,1,2,2,2,4,3,3,4,4,4,4,2,3,3,3,1,1,1,1,1,2,1,83,gemini,2024,남성,3
3,1,1.0,4.0,2.0,2,3,3,2,4,4,4,3,2,2,2,3,2,3,3,3,4,4,4,4,3,3,3,3,1,1,1,1,1,2,1,84,gemini,2024,남성,3
3,1,1.0,1.0,2.0,2,4,4,4,4,3,4,3,3,2,2,2,2,4,3,3,4,4,4,4,2,3,3,4,1,1,2,1,1,2,1,85,gemini,2024,남성,3
3,1,1.0,4.0,2.0,3,3,4,3,5,4,5,4,4,3,3,3,2,2,3,2,4,4,4,4,3,3,4,4,1,1,1,1,1,2,1,86,gemini,2024,남성,3
3,1,1.0,1.0,2.0,3,4,4,4,3,3,3,3,3,2,2,3,3,4,4,4,4,4,4,4,3,4,3,4,1,1,2,1,1,2,1,87,gemini,2024,남성,3
3,1,1.0,4.0,2.0,2,3,3,2,4,3,4,3,2,2,2,2,1,2,2,2,4,4,4,4,3,3,4,3,1,1,1,1,1,2,1,88,gemini,2024,남성,3
3,1,1.0,4.0,2.0,2,3,3,2,4,3,4,3,4,2,2,2,2,3,3,2,4,4,4,4,2,3,3,3,1,1,1,1,1,2,1,89,gemini,2024,남성,3
2,2,,,,2,2,3,2,4,3,4,3,2,1,1,1,2,3,3,2,3,3,3,3,2,3,3,3,1,1,2,1,1,2,2,90,gemini,2024,남성,3
3,1,1.0,4.0,2.0,2,2,3,2,3,2,3,2,2,2,2,2,2,3,2,2,3,3,4,4,3,3,3,4,1,1,1,1,1,2,1,91,gemini,2024,남성,3
3,1,1.0,4.0,2.0,2,2,3,2,4,3,4,3,4,2,3,3,2,3,3,3,4,3,3,4,2,2,3,3,1,1,2,1,1,2,1,92,gemini,2024,남성,3
2,2,,,,2,2,2,2,3,2,3,2,2,1,1,1,1,2,2,1,3,3,3,3,2,2,2,3,1,1,2,2,1,2,2,93,gemini,2024,남성,3
3,1,1.0,4.0,2.0,3,4,4,4,4,4,4,4,3,3,3,3,2,3,3,3,4,4,4,4,3,3,3,4,1,1,1,1,1,2,1,94,gemini,2024,남성,3
3,1,1.0,4.0,2.0,2,3,3,2,4,3,4,3,2,2,2,2,1,2,2,2,4,3,4,4,3,3,3,4,1,1,1,1,1,2,1,95,gemini,2024,남성,3
3,1,1.0,4.0,2.0,2,3,3,3,4,3,4,3,2,2,2,2,2,3,3,3,4,4,3,3,3,3,3,3,1,1,1,1,1,2,1,96,gemini,2024,남성,3
3,1,1.0,1.0,2.0,3,4,4,4,4,4,4,4,3,3,3,4,2,3,2,2,4,4,4,4,3,4,3,4,1,1,1,1,1,2,1,97,gemini,2024,남성,3
3,1,1.0,4.0,2.0,2,3,3,3,4,3,4,3,2,2,2,2,2,3,3,3,4,4,4,4,3,3,3,4,1,1,1,1,1,2,1,98,gemini,2024,남성,3
3,1,1.0,3.0,2.0,2,3,3,2,4,4,4,4,3,2,2,2,2,3,3,2,4,4,4,4,2,3,3,3,1,1,1,1,1,2,1,99,gemini,2024,남성,3
3,1,1.0,4.0,2.0,2,3,3,2,4,3,4,3,2,2,2,2,1,2,2,2,4,4,4,4,3,3,3,3,1,1,1,1,1,2,1,100,gemini,2024,남성,3
3,1,1.0,4.0,2.0,2,3,3,2,4,3,4,3,2,2,2,2,2,2,3,2,4,3,4,4,3,3,3,3,1,1,1,1,1,2,2,101,gemini,2024,남성,3
3,1,7.0,3.0,2.0,2,3,3,2,4,4,4,4,4,3,3,3,2,3,4,3,4,4,4,4,2,3,3,3,1,1,1,1,1,2,1,102,gemini,2024,남성,3
3,1,1.0,4.0,2.0,2,3,3,2,4,3,4,3,2,2,2,2,2,3,3,2,4,4,4,4,2,3,3,3,1,1,2,1,1,2,1,103,gemini,2024,남성,3
3,1,7.0,3.0,2.0,2,2,2,2,4,3,4,3,4,2,2,2,2,3,3,2,3,3,3,3,2,3,3,3,1,1,2,2,1,2,1,104,gemini,2024,남성,3
3,1,1.0,3.0,2.0,2,2,3,2,4,4,4,3,2,2,2,3,3,4,4,3,4,4,4,4,3,3,4,3,1,1,1,1,1,2,1,105,gemini,2024,남성,3
3,1,1.0,4.0,2.0,1,2,2,2,3,2,3,2,2,1,1,1,1,2,2,1,3,3,3,3,2,2,2,2,1,1,1,2,1,2,2,106,gemini,2024,남성,3
3,1,1.0,3.0,2.0,2,3,3,2,4,4,4,3,3,2,2,2,2,3,3,3,4,4,4,4,2,3,3,3,1,1,1,1,1,2,1,107,gemini,2024,남성,3
3,1,1.0,4.0,2.0,2,3,3,3,4,3,4,3,1,1,1,1,2,4,3,3,4,4,4,4,2,3,3,3,1,1,2,2,1,2,2,108,gemini,2024,남성,3
3,1,1.0,4.0,2.0,2,3,3,2,4,3,4,3,2,2,2,2,1,2,2,2,4,3,4,4,2,2,3,3,1,1,1,1,1,2,1,109,gemini,2024,남성,3
3,1,1.0,1.0,2.0,3,4,4,4,5,4,5,4,3,3,3,3,2,3,3,3,4,4,4,4,3,3,4,4,1,1,1,1,1,2,1,110,gemini,2024,남성,3
3,1,1.0,1.0,2.0,2,4,3,4,4,3,4,3,2,2,2,2,2,3,3,3,4,4,4,4,2,3,3,4,1,1,1,1,1,2,1,111,gemini,2024,남성,3
3,1,1.0,1.0,2.0,2,3,3,3,4,3,4,3,2,2,2,2,2,3,3,3,4,4,4,4,3,3,4,4,1,1,2,1,1,2,2,112,gemini,2024,남성,3
3,1,1.0,3.0,2.0,2,3,3,2,5,4,4,4,5,3,4,4,2,2,3,2,4,3,4,4,3,3,3,3,1,1,1,1,1,2,1,113,gemini,2024,남성,3
3,1,1.0,1.0,2.0,2,3,3,4,3,2,3,3,2,2,2,2,2,3,3,2,4,4,4,4,2,3,3,3,1,1,2,1,1,2,1,114,gemini,2024,남성,3
3,1,1.0,4.0,2.0,2,3,3,2,3,2,3,2,2,1,1,1,2,2,2,2,4,3,4,4,2,3,3,3,1,1,1,1,1,2,2,115,gemini,2024,남성,3
3,1,1.0,4.0,2.0,2,3,3,2,4,3,4,3,2,2,2,2,1,2,2,2,4,3,4,4,3,3,3,3,1,1,1,1,1,2,1,116,gemini,2024,남성,3
3,1,1.0,4.0,2.0,2,3,3,3,4,4,4,4,3,2,2,2,2,4,4,3,4,4,4,4,3,3,3,4,1,1,2,1,1,2,1,117,gemini,2024,남성,3
2,2,,,,2,3,3,2,3,2,3,2,1,1,1,1,1,1,1,1,3,3,3,3,2,3,3,3,1,1,2,2,1,2,2,118,gemini,2024,남성,3
3,1,1.0,1.0,2.0,2,3,3,4,4,3,4,3,2,2,2,2,2,3,3,3,4,4,4,4,3,4,3,3,1,1,2,1,1,2,1,119,gemini,2024,남성,3
3,1,1.0,3.0,2.0,2,3,3,3,4,3,4,3,3,2,2,3,2,3,3,3,4,4,4,4,3,3,3,4,1,1,1,1,1,2,1,120,gemini,2024,남성,3
3,1,1.0,1.0,2.0,2,3,3,3,4,3,4,3,2,2,2,2,2,4,3,4,4,4,4,4,3,4,3,4,1,1,2,1,1,2,1,121,gemini,2024,남성,3
3,1,1.0,4.0,2.0,2,3,3,2,4,3,4,3,2,2,2,2,1,2,3,2,4,4,4,4,3,3,3,3,1,1,2,1,1,2,1,122,gemini,2024,남성,3
3,1,1.0,1.0,2.0,2,3,3,3,4,3,4,3,2,2,2,2,2,4,3,3,4,4,4,4,3,3,4,4,1,1,1,1,1,2,2,123,gemini,2024,남성,3
2,2,,,,2,3,3,2,4,3,4,3,3,2,2,2,1,2,2,2,3,3,3,3,2,2,3,3,1,1,2,1,1,2,2,124,gemini,2024,남성,3
4,1,1.0,1.0,1.0,3,4,4,5,4,3,4,4,2,2,2,2,3,4,3,4,5,5,5,5,3,4,4,4,1,1,1,1,1,2,1,125,gemini,2024,남성,3
2,2,,,,2,3,3,2,4,3,4,3,2,2,2,2,1,2,2,2,3,3,3,3,2,2,3,3,1,1,2,2,1,2,1,126,gemini,2024,남성,3
3,1,1.0,4.0,2.0,2,3,3,2,4,4,4,3,2,2,2,2,2,3,3,2,4,4,4,4,3,3,3,3,1,1,1,1,1,2,1,127,gemini,2024,남성,3
3,1,1.0,4.0,2.0,2,3,3,2,4,3,4,3,2,2,2,2,2,2,2,2,4,4,4,4,3,3,3,3,1,1,1,1,1,2,1,128,gemini,2024,남성,3
3,1,1.0,1.0,2.0,2,4,4,4,4,3,4,4,2,2,2,3,2,4,4,4,4,4,4,4,3,4,3,4,1,1,1,1,1,2,1,129,gemini,2024,남성,3
3,1,1.0,4.0,2.0,3,4,4,3,4,4,4,4,2,2,2,2,2,3,3,3,4,4,4,4,3,3,3,4,1,1,1,1,1,2,1,130,gemini,2024,남성,3
3,1,1.0,3.0,2.0,2,3,3,2,4,4,4,3,4,2,2,3,2,3,3,3,4,4,4,4,3,3,3,3,1,1,1,1,1,1,1,131,gemini,2024,남성,3
4,1,1.0,6.0,2.0,2,3,3,3,4,3,4,3,2,2,2,2,3,4,4,3,4,4,4,4,2,3,3,3,1,1,1,1,1,2,1,132,gemini,2024,남성,3
3,1,1.0,1.0,2.0,2,3,4,4,4,3,4,3,2,2,2,2,2,4,3,3,4,4,4,4,3,3,3,3,1,1,1,1,1,2,1,133,gemini,2024,남성,3
3,1,1.0,4.0,2.0,2,2,2,2,3,2,3,3,2,2,2,2,2,4,3,3,3,3,3,3,2,3,3,3,1,1,2,1,1,2,2,134,gemini,2024,남성,3
3,1,1.0,4.0,2.0,2,3,3,2,4,4,4,3,2,2,2,2,2,3,3,3,4,3,4,4,3,3,4,3,1,1,1,1,1,2,2,135,gemini,2024,남성,3
3,1,1.0,1.0,2.0,3,4,4,4,4,3,4,4,2,2,2,2,3,4,3,4,4,4,4,4,3,3,3,4,1,1,1,1,1,2,1,136,gemini,2024,남성,3
3,1,1.0,4.0,2.0,2,3,3,2,4,3,4,3,2,2,2,2,1,2,2,2,4,3,4,4,2,3,3,3,1,1,1,1,1,2,1,137,gemini,2024,남성,3
2,2,,,,1,2,2,2,3,2,3,2,2,1,1,1,1,1,1,1,3,3,3,3,2,2,3,3,1,1,2,1,1,2,2,138,gemini,2024,남성,3
3,1,1.0,3.0,2.0,2,2,2,2,4,3,4,3,2,1,1,1,1,3,3,2,4,3,3,3,2,3,3,3,1,1,2,1,1,2,1,139,gemini,2024,남성,3
3,1,1.0,1.0,2.0,2,3,3,3,4,3,4,3,2,2,2,2,2,3,3,2,4,4,4,4,3,3,3,3,1,1,1,1,1,2,1,140,gemini,2024,남성,3
2,2,,,,2,3,3,2,4,3,4,3,2,2,2,2,1,2,2,2,3,3,3,3,2,3,3,3,1,1,2,1,1,2,2,141,gemini,2024,남성,3
3,1,1.0,4.0,2.0,3,4,4,3,4,4,4,4,3,3,3,3,2,2,2,2,4,4,4,4,3,3,3,3,1,1,1,1,1,2,1,142,gemini,2024,남성,3
3,1,1.0,4.0,2.0,2,3,3,2,4,3,4,3,2,2,2,2,2,2,3,2,4,3,4,4,3,3,4,3,1,1,1,1,1,2,1,143,gemini,2024,남성,3
3,1,1.0,4.0,2.0,2,3,3,2,4,3,4,3,3,2,2,2,2,4,4,3,4,4,4,4,3,3,3,4,1,1,2,1,1,2,1,144,gemini,2024,남성,3
3,1,1.0,4.0,2.0,2,2,2,2,3,2,3,2,3,2,2,2,2,4,3,3,4,3,3,4,2,3,2,3,1,1,2,1,1,2,2,145,gemini,2024,남성,3
3,1,1.0,4.0,2.0,2,3,4,3,4,3,4,3,2,2,2,2,1,2,2,2,4,4,4,4,3,3,3,3,1,1,1,1,1,2,2,146,gemini,2024,남성,3
3,1,1.0,4.0,2.0,2,2,3,2,4,4,4,3,4,2,3,3,2,2,2,2,4,3,4,4,3,3,3,3,1,1,1,1,1,2,1,147,gemini,2024,남성,3
3,1,1.0,4.0,2.0,2,3,3,3,4,3,4,3,2,2,2,2,2,3,3,3,4,4,3,4,3,3,3,4,1,1,2,1,1,2,1,148,gemini,2024,남성,3
3,1,1.0,1.0,2.0,3,4,4,4,4,4,4,4,5,3,3,3,2,3,4,3,4,4,4,4,3,3,3,4,1,1,1,1,1,2,1,149,gemini,2024,남성,3
2,2,,,,2,2,3,2,4,3,4,3,2,2,2,2,1,1,1,1,4,3,4,4,2,2,3,3,1,1,1,1,1,2,2,150,gemini,2024,남성,3
3,1,1.0,1.0,2.0,2,4,4,4,4,3,4,3,2,2,2,2,2,3,3,3,4,4,4,4,3,4,3,4,1,1,1,1,1,2,1,151,gemini,2024,남성,4
2,2,,,,2,3,3,2,4,4,4,3,3,2,2,3,1,1,1,1,3,3,2,2,2,2,3,2,1,1,1,1,1,2,2,152,gemini,2024,남성,4
3,1,1.0,4.0,2.0,2,3,3,3,3,2,3,2,2,1,1,1,1,2,2,2,4,4,3,3,3,3,3,3,1,1,2,2,1,2,1,153,gemini,2024,남성,4
2,2,,,,2,3,3,2,3,2,3,2,1,1,1,1,1,2,2,1,3,3,3,3,2,3,3,3,1,1,1,2,1,2,2,154,gemini,2024,남성,4
3,1,1.0,4.0,2.0,2,3,3,2,4,4,4,3,3,2,2,2,2,3,3,2,4,3,3,3,3,3,3,3,1,1,1,1,1,2,1,155,gemini,2024,남성,4
3,1,1.0,1.0,2.0,2,3,3,4,3,3,3,3,2,2,2,2,2,3,3,3,4,4,3,3,3,2,3,3,1,1,2,1,1,2,1,156,gemini,2024,남성,4
3,1,1.0,3.0,2.0,2,3,3,3,4,4,4,4,3,2,2,3,2,4,3,3,4,4,4,4,3,3,3,4,1,1,1,1,1,2,1,157,gemini,2024,남성,4
3,1,1.0,1.0,2.0,2,3,3,3,4,3,4,3,3,2,3,2,2,3,3,3,4,4,4,4,3,3,3,4,1,1,1,1,1,2,1,158,gemini,2024,남성,4
4,1,1.0,1.0,1.0,3,4,4,4,4,3,4,4,2,2,2,2,3,4,4,4,4,4,4,4,3,4,3,4,1,1,2,1,1,2,1,159,gemini,2024,남성,4
2,2,,,,2,3,3,2,4,3,4,3,3,2,2,3,1,2,2,2,3,3,3,3,2,2,3,3,1,1,2,1,1,2,2,160,gemini,2024,남성,4
3,1,1.0,1.0,2.0,3,4,4,4,4,3,4,4,3,3,3,3,3,4,4,4,4,4,4,4,3,3,4,4,1,1,1,1,1,2,1,161,gemini,2024,남성,4
3,1,1.0,1.0,2.0,2,4,4,4,4,3,4,3,2,2,2,2,2,3,3,3,4,4,4,4,3,3,3,4,1,1,1,1,1,2,1,162,gemini,2024,남성,4
3,1,1.0,1.0,2.0,2,3,3,4,4,3,4,3,2,2,2,2,2,3,3,3,4,4,3,4,3,3,3,4,1,1,2,1,1,2,1,163,gemini,2024,남성,4
3,1,1.0,4.0,2.0,2,3,3,3,4,3,4,3,2,2,2,2,2,3,3,3,4,4,3,3,3,3,3,3,1,1,1,1,1,2,1,164,gemini,2024,남성,4
3,1,1.0,1.0,2.0,2,3,3,3,3,2,3,3,2,1,2,2,2,3,3,3,4,4,3,3,3,3,3,3,1,1,2,1,1,2,1,165,gemini,2024,남성,4
4,1,1.0,1.0,1.0,3,4,4,4,4,3,4,4,3,3,2,2,3,4,4,4,4,5,4,4,3,4,3,4,1,1,1,1,1,2,1,166,gemini,2024,남성,4
3,1,1.0,1.0,2.0,2,3,3,3,4,3,4,3,2,2,2,2,2,4,3,3,4,4,4,4,3,3,3,4,1,1,2,1,1,2,1,167,gemini,2024,남성,4
3,1,1.0,4.0,2.0,2,3,3,3,4,3,4,3,2,2,2,2,2,3,3,3,4,4,4,4,3,3,3,3,1,1,1,1,1,2,1,168,gemini,2024,남성,4
3,1,1.0,1.0,2.0,3,3,3,3,4,3,4,3,2,2,2,2,2,4,3,3,4,4,4,4,3,3,4,4,1,1,1,1,1,2,1,169,gemini,2024,남성,4
3,1,1.0,4.0,2.0,2,3,3,3,4,3,4,3,2,2,2,2,2,3,3,2,4,4,4,4,2,3,3,4,1,1,1,1,1,2,1,170,gemini,2024,남성,4
3,1,1.0,1.0,2.0,2,3,3,3,4,3,4,3,2,2,2,2,2,3,3,3,4,4,4,4,3,3,3,3,1,1,1,1,1,2,1,171,gemini,2024,남성,4
3,1,1.0,4.0,2.0,2,3,3,2,3,3,3,3,2,2,2,2,2,3,3,2,3,3,3,3,2,2,2,2,1,1,2,1,1,2,2,172,gemini,2024,남성,4
3,1,1.0,4.0,2.0,2,3,2,3,3,2,3,2,2,2,2,1,2,4,3,3,4,4,4,4,2,3,3,4,1,1,2,2,1,2,1,173,gemini,2024,남성,4
4,1,1.0,1.0,1.0,4,4,4,4,5,4,4,4,3,3,3,3,3,4,4,4,5,5,5,5,4,5,4,5,1,1,1,1,1,1,1,174,gemini,2024,남성,4
2,2,,,,2,2,3,2,4,3,3,3,3,2,2,2,1,2,2,2,3,3,3,3,2,2,3,3,1,1,2,1,1,2,2,175,gemini,2024,남성,4
3,1,1.0,4.0,2.0,2,4,4,3,3,3,3,3,2,2,2,2,1,2,2,2,4,4,4,4,2,3,3,3,1,1,1,1,1,2,1,176,gemini,2024,남성,4
2,1,1.0,4.0,2.0,2,3,3,3,3,2,3,3,2,2,2,2,2,3,3,3,4,4,3,3,3,2,3,3,1,1,1,1,1,2,1,177,gemini,2024,남성,4
3,1,1.0,1.0,2.0,2,3,3,4,3,2,3,2,2,1,2,1,2,4,3,4,4,4,4,4,3,3,3,4,1,1,1,1,1,2,1,178,gemini,2024,남성,4
3,1,1.0,1.0,2.0,2,3,3,3,4,3,4,3,2,2,2,2,2,3,3,3,4,4,3,3,2,3,3,3,1,1,1,1,1,2,1,179,gemini,2024,남성,4
2,2,,,,2,2,2,2,3,2,3,2,1,1,1,1,1,2,2,1,3,3,3,3,2,2,2,3,2,1,2,2,1,2,2,180,gemini,2024,남성,4
2,2,,,,2,3,3,2,3,2,3,2,1,1,1,1,1,2,2,2,3,3,3,3,2,2,2,3,1,1,2,1,1,2,1,181,gemini,2024,남성,4
2,2,,,,2,2,2,2,3,2,3,2,1,1,1,1,1,1,1,1,3,3,2,2,2,2,3,2,1,1,2,2,1,2,2,182,gemini,2024,남성,4
3,1,1.0,4.0,2.0,2,3,3,3,4,3,4,3,2,2,2,2,2,4,3,3,4,4,4,4,3,3,3,3,1,1,1,1,1,2,1,183,gemini,2024,남성,4
3,1,1.0,1.0,2.0,2,4,3,4,4,3,3,3,2,2,2,2,2,4,3,4,4,4,4,4,3,4,3,4,1,1,2,2,1,2,1,184,gemini,2024,남성,4
3,1,1.0,1.0,2.0,2,3,3,3,4,3,4,3,2,1,2,2,2,4,4,3,4,4,4,4,3,3,3,4,1,1,2,1,1,2,1,185,gemini,2024,남성,4
2,2,,,,1,2,2,2,3,2,3,2,1,1,1,1,1,2,1,1,3,3,2,2,2,2,3,2,1,1,2,2,1,2,2,186,gemini,2024,남성,4
2,2,,,,2,2,2,2,3,3,4,3,2,1,1,1,1,2,2,1,3,3,3,3,2,3,3,2,1,1,1,1,1,2,1,187,gemini,2024,남성,4
2,2,,,,1,2,2,2,3,2,3,2,1,1,1,1,1,2,2,1,3,3,2,2,2,3,3,2,1,1,2,2,1,2,2,188,gemini,2024,남성,4
2,2,,,,2,3,3,2,4,3,4,3,2,1,2,2,1,1,1,1,3,3,2,2,2,3,2,2,2,1,2,2,1,2,2,189,gemini,2024,남성,4
2,2,,,,2,3,3,3,4,3,3,3,2,2,2,2,1,2,2,2,3,3,3,3,2,3,3,3,1,1,1,1,1,2,1,190,gemini,2024,남성,4
3,1,1.0,4.0,2.0,3,3,3,3,4,4,4,4,2,2,2,2,2,3,3,3,4,4,4,4,3,3,3,3,1,1,1,1,1,2,1,191,gemini,2024,남성,4
2,2,,,,2,3,3,3,3,2,3,3,1,1,1,1,1,2,2,1,3,3,3,3,2,3,3,2,1,1,2,1,1,2,2,192,gemini,2024,남성,4
3,1,1.0,1.0,2.0,2,3,3,3,4,3,4,3,2,2,2,2,2,3,3,3,4,4,4,4,3,3,4,4,1,1,2,1,1,2,1,193,gemini,2024,남성,4
3,1,1.0,3.0,2.0,2,2,3,2,4,4,4,4,3,2,3,3,2,3,3,2,4,3,4,4,2,3,3,3,1,1,1,1,1,2,1,194,gemini,2024,남성,4
3,1,1.0,4.0,2.0,2,3,3,3,4,3,4,3,2,2,2,2,2,3,3,3,4,4,4,4,2,3,3,4,1,1,2,1,1,2,1,195,gemini,2024,남성,4
3,1,1.0,4.0,2.0,2,3,3,3,4,3,4,3,2,2,2,2,2,3,3,3,4,4,4,4,3,3,3,4,1,1,1,1,1,2,1,196,gemini,2024,남성,4
3,1,1.0,4.0,2.0,2,3,3,3,4,4,4,3,2,2,2,2,2,3,3,3,4,4,4,4,3,3,3,4,1,1,1,1,1,2,1,197,gemini,2024,남성,4
3,1,1.0,1.0,2.0,3,4,4,4,5,4,5,4,3,3,3,3,3,4,4,4,4,4,5,4,3,4,4,4,1,1,1,1,1,2,1,198,gemini,2024,남성,4
2,2,,,,2,3,3,2,4,3,4,3,2,1,1,2,1,1,1,1,4,3,3,3,2,2,3,3,1,1,2,1,1,2,1,199,gemini,2024,남성,4
3,1,1.0,4.0,2.0,2,4,4,4,4,3,4,3,2,2,2,2,3,4,3,4,4,4,4,4,3,3,3,4,1,1,1,1,1,2,1,200,gemini,2024,남성,4
3,1,1.0,1.0,2.0,2,3,2,3,3,2,3,3,2,2,2,2,2,3,3,3,4,4,4,4,2,3,3,4,1,1,2,1,1,2,1,201,gemini,2024,남성,4
2,2,,,,2,2,2,3,3,2,3,2,1,1,1,1,2,3,2,2,3,3,3,3,2,3,3,3,2,1,2,2,1,2,2,202,gemini,2024,남성,4
3,1,1.0,1.0,2.0,2,3,3,4,4,3,4,3,2,2,2,2,2,3,3,3,4,4,4,4,3,3,3,3,1,1,2,1,1,2,1,203,gemini,2024,남성,4
3,1,1.0,1.0,2.0,2,3,3,4,3,3,3,3,2,2,2,2,2,3,3,3,4,4,4,4,3,3,3,3,1,1,1,1,1,2,1,204,gemini,2024,남성,4
3,1,1.0,3.0,2.0,2,3,3,2,4,3,4,4,3,2,2,2,3,4,4,4,4,4,4,4,2,3,3,3,1,1,2,1,1,2,1,205,gemini,2024,남성,4
2,2,,,,2,2,2,1,3,3,4,3,2,1,1,1,2,3,2,2,3,3,4,4,2,3,3,3,1,1,2,2,1,2,1,206,gemini,2024,남성,4
3,1,1.0,1.0,2.0,2,3,3,3,3,2,3,3,2,1,1,1,2,3,2,2,4,4,3,3,2,3,3,3,1,1,2,1,1,2,1,207,gemini,2024,남성,4
3,1,1.0,1.0,2.0,2,3,3,3,4,3,4,3,2,2,2,2,2,4,3,3,4,4,4,4,3,3,3,4,1,1,2,1,1,2,1,208,gemini,2024,남성,4
3,1,1.0,1.0,2.0,2,4,3,4,4,3,4,4,2,2,2,2,3,4,4,4,4,4,4,4,2,3,3,4,1,1,2,2,1,2,1,209,gemini,2024,남성,4
3,1,1.0,4.0,2.0,2,2,3,2,4,4,4,4,3,3,3,3,2,3,3,3,4,4,5,5,3,3,3,4,1,1,1,1,1,2,1,210,gemini,2024,남성,4
3,1,1.0,4.0,2.0,2,3,3,3,4,3,3,3,2,2,2,2,2,2,3,2,4,4,3,3,2,2,3,3,1,1,1,1,1,2,2,211,gemini,2024,남성,4
2,2,,,,2,3,3,2,4,4,4,3,3,2,2,2,1,2,2,2,3,3,3,3,2,3,3,3,1,1,2,1,1,2,1,212,gemini,2024,남성,4
2,2,,,,2,3,3,2,3,2,3,2,2,1,1,2,1,2,2,2,3,3,2,2,2,2,3,3,1,1,2,2,1,2,2,213,gemini,2024,남성,4
2,1,1.0,4.0,2.0,2,3,3,2,3,3,3,3,2,2,2,2,2,3,3,3,3,3,3,3,3,3,3,3,1,1,2,2,1,2,2,214,gemini,2024,남성,4
3,1,1.0,4.0,2.0,2,2,3,2,4,3,4,3,3,2,2,2,2,2,2,2,3,3,4,4,2,2,2,2,1,1,2,1,1,2,1,215,gemini,2024,남성,4
3,1,5.0,1.0,2.0,2,3,3,3,4,3,4,3,2,2,2,2,2,3,3,3,4,4,3,3,3,3,4,3,1,1,2,1,1,2,1,216,gemini,2024,남성,4
3,1,1.0,1.0,2.0,2,3,3,3,4,3,4,3,2,2,2,2,2,4,3,3,4,4,3,3,3,3,3,3,1,1,2,1,1,2,1,217,gemini,2024,남성,4
3,1,1.0,1.0,2.0,2,3,3,4,4,3,4,4,2,2,2,2,2,4,3,3,4,4,4,4,3,3,3,3,1,1,2,2,1,2,1,218,gemini,2024,남성,4
3,1,1.0,1.0,2.0,3,4,4,4,4,4,4,4,3,3,4,4,2,2,3,2,4,4,4,4,3,4,4,4,1,1,1,1,1,2,1,219,gemini,2024,남성,4
2,2,,,,2,2,2,2,3,2,3,2,1,1,1,1,1,2,2,1,3,3,3,3,2,3,3,2,1,1,1,2,1,2,2,220,gemini,2024,남성,4
3,1,1.0,4.0,2.0,2,3,3,2,4,3,4,3,2,2,2,2,2,3,3,3,4,4,3,4,3,3,3,3,1,1,2,1,1,2,1,221,gemini,2024,남성,4
3,1,1.0,1.0,2.0,2,3,3,3,3,2,3,2,2,2,2,2,2,3,2,2,4,4,4,4,2,3,3,3,1,1,2,2,1,2,1,222,gemini,2024,남성,4
3,1,1.0,4.0,2.0,2,2,2,2,4,3,4,3,2,2,2,2,2,3,3,2,4,4,4,4,3,3,3,3,1,1,2,1,1,2,2,223,gemini,2024,남성,4
3,1,1.0,1.0,1.0,3,4,4,5,3,3,3,3,2,2,2,2,3,4,3,4,4,4,4,4,3,4,4,5,1,1,2,1,1,2,1,224,gemini,2024,남성,4
3,1,1.0,4.0,2.0,2,3,3,3,4,3,4,3,2,2,2,2,3,4,3,3,4,4,4,4,3,3,3,4,1,1,2,2,1,2,1,225,gemini,2024,남성,4
3,1,1.0,1.0,2.0,2,3,3,3,4,3,4,3,2,2,2,2,2,3,3,3,4,4,4,4,3,3,3,3,1,1,2,1,1,2,1,226,gemini,2024,남성,4
3,1,1.0,1.0,2.0,2,3,3,3,4,3,4,3,2,2,2,2,2,3,3,2,4,4,3,3,3,3,3,3,1,1,2,1,1,2,1,227,gemini,2024,남성,4
2,2,,,,2,3,3,2,3,2,3,2,1,1,1,1,1,2,1,1,3,3,3,3,2,3,3,3,1,1,2,2,1,2,2,228,gemini,2024,남성,4
3,1,1.0,4.0,2.0,2,4,4,4,4,3,4,3,2,2,2,2,3,4,3,3,4,4,4,4,2,3,3,4,1,1,1,1,1,2,1,229,gemini,2024,남성,4
3,1,1.0,1.0,2.0,2,3,3,3,3,2,3,2,2,2,2,2,2,3,2,3,4,4,4,4,3,3,3,4,1,1,1,1,1,2,1,230,gemini,2024,남성,4
2,2,,,,2,3,3,2,4,3,4,3,2,2,2,2,1,2,2,2,3,3,3,3,2,2,3,3,1,1,2,2,1,2,2,231,gemini,2024,남성,4
3,1,1.0,4.0,2.0,2,3,3,2,4,3,4,3,2,2,2,2,2,2,3,2,4,3,4,4,2,3,3,3,1,1,1,1,1,2,1,232,gemini,2024,남성,4
3,1,1.0,1.0,2.0,2,3,3,3,3,2,3,2,2,1,1,1,2,3,2,2,4,4,3,3,2,3,3,3,1,1,2,1,1,2,1,233,gemini,2024,남성,4
2,2,,,,2,3,3,2,3,2,3,2,1,1,1,1,1,2,2,1,3,3,3,3,2,2,3,2,1,1,1,1,1,2,2,234,gemini,2024,남성,4
3,1,1.0,1.0,2.0,2,3,3,4,4,3,4,3,2,2,2,2,2,4,3,3,4,4,4,4,2,3,3,4,1,1,2,2,1,2,1,235,gemini,2024,남성,5
2,2,,,,2,2,2,3,3,2,3,2,2,1,1,1,1,1,1,1,3,3,2,2,2,3,3,2,1,1,2,2,1,2,2,236,gemini,2024,남성,5
2,2,,,,2,2,2,2,3,2,3,2,2,1,1,1,1,2,2,2,3,3,2,2,2,3,3,3,1,1,2,2,1,2,2,237,gemini,2024,남성,5
2,2,,,,1,2,2,2,3,2,2,2,1,1,1,1,1,2,1,2,3,3,2,2,2,2,3,2,2,1,2,2,1,2,2,238,gemini,2024,남성,5
2,2,,,,2,2,2,2,3,2,3,2,2,1,1,1,1,2,1,1,3,3,2,2,2,3,3,3,1,1,1,2,1,2,2,239,gemini,2024,남성,5
2,2,,,,2,3,3,2,3,2,3,2,2,1,1,1,1,2,2,2,3,3,2,2,2,2,3,3,1,1,2,2,1,2,2,240,gemini,2024,남성,5
3,1,1.0,4.0,2.0,2,3,3,2,4,3,4,3,2,2,2,2,2,4,3,3,4,4,4,4,2,3,3,4,1,1,2,1,1,2,1,241,gemini,2024,남성,5
3,1,1.0,4.0,2.0,2,3,3,3,4,3,4,3,2,2,2,2,2,3,3,3,4,4,3,3,3,3,3,3,1,1,2,1,1,2,1,242,gemini,2024,남성,5
3,1,1.0,1.0,2.0,2,4,3,4,3,2,3,3,2,2,2,2,2,3,3,3,4,4,3,3,3,4,3,3,1,1,2,2,1,2,1,243,gemini,2024,남성,5
2,2,,,,2,3,3,2,3,2,3,2,1,1,1,1,1,1,1,1,3,3,2,2,2,3,3,2,1,1,2,2,1,2,2,244,gemini,2024,남성,5
3,1,1.0,1.0,2.0,2,3,3,3,3,2,3,3,2,2,2,2,2,3,3,3,4,4,3,3,2,3,3,3,1,1,1,2,1,2,2,245,gemini,2024,남성,5
3,1,1.0,1.0,2.0,2,4,3,4,3,2,3,3,2,2,2,2,2,4,3,3,4,4,3,3,3,4,3,4,1,1,2,2,1,2,1,246,gemini,2024,남성,5
2,2,,,,1,2,2,2,3,2,3,2,1,1,1,1,1,1,1,1,3,3,2,2,2,2,3,2,2,1,2,2,1,2,2,247,gemini,2024,남성,5
4,1,1.0,1.0,1.0,3,4,3,4,4,3,4,4,2,2,2,2,3,4,4,4,4,4,4,4,3,4,4,4,1,1,2,2,1,2,1,248,gemini,2024,남성,5
3,1,1.0,1.0,1.0,2,3,3,4,3,2,3,3,2,2,2,2,2,4,3,3,4,4,4,4,3,3,3,4,1,1,2,2,1,2,1,249,gemini,2024,남성,5
2,2,,,,1,2,2,2,3,2,3,2,1,1,1,1,1,1,1,1,3,3,2,2,2,2,3,2,1,1,2,2,1,2,2,250,gemini,2024,남성,5
2,2,,,,2,3,3,3,3,2,3,2,1,1,1,1,1,2,1,2,3,3,2,2,2,2,3,3,1,1,2,2,1,2,2,251,gemini,2024,남성,5
3,1,1.0,1.0,2.0,2,4,3,4,3,2,3,3,2,1,1,1,2,3,3,3,4,4,4,4,3,4,3,3,1,1,2,1,1,2,1,252,gemini,2024,남성,5
3,1,1.0,4.0,2.0,2,3,3,3,4,3,4,3,2,2,2,2,2,4,3,3,4,4,4,4,3,3,4,3,1,1,2,1,1,2,1,253,gemini,2024,남성,5
3,1,1.0,4.0,2.0,2,3,3,3,4,3,3,3,2,2,2,2,2,4,3,3,4,4,3,3,2,3,3,4,1,1,2,2,1,2,1,254,gemini,2024,남성,5
2,2,,,,2,3,3,2,4,3,3,3,2,1,1,1,2,3,3,3,3,3,3,3,2,2,3,3,1,1,2,2,1,2,2,255,gemini,2024,남성,5
2,2,,,,2,3,3,3,3,2,3,2,2,1,1,1,1,2,2,2,3,3,2,2,2,2,3,3,1,1,2,2,1,2,1,256,gemini,2024,남성,5
3,1,1.0,1.0,1.0,3,4,4,4,4,3,4,4,2,3,3,3,2,4,3,3,4,4,4,4,3,4,3,4,1,1,1,1,1,2,1,257,gemini,2024,남성,5
4,1,1.0,1.0,1.0,3,4,4,4,4,3,4,4,2,3,2,2,3,4,4,4,5,5,5,5,3,4,4,4,1,1,1,1,1,1,1,258,gemini,2024,남성,5
3,1,1.0,1.0,2.0,2,3,3,3,4,3,4,3,2,2,2,2,2,4,3,3,4,4,3,3,3,3,3,3,1,1,2,2,1,2,1,259,gemini,2024,남성,5
3,1,1.0,1.0,2.0,3,4,4,4,4,3,4,4,3,3,3,3,3,4,3,3,4,4,4,4,3,3,3,4,1,1,2,1,1,2,1,260,gemini,2024,남성,5
2,2,,,,2,2,2,2,4,3,3,3,2,1,2,2,1,2,2,1,3,3,3,3,2,3,4,3,1,1,2,1,1,2,2,261,gemini,2024,남성,5
4,1,1.0,1.0,1.0,3,4,4,4,3,3,3,3,2,2,2,2,3,4,4,4,4,4,4,4,3,4,3,4,1,1,2,1,1,2,1,262,gemini,2024,남성,5
3,1,1.0,4.0,2.0,2,3,3,3,4,3,4,3,2,2,2,2,2,3,3,2,4,4,3,3,3,3,3,3,1,1,2,1,1,2,1,263,gemini,2024,남성,5
3,1,1.0,1.0,2.0,2,3,3,3,4,3,4,4,3,2,2,2,3,4,4,3,4,4,4,4,3,4,3,4,1,1,2,2,1,2,1,264,gemini,2024,남성,5
2,2,,,,2,2,2,2,3,2,3,2,2,1,1,1,1,2,2,1,3,3,2,2,2,3,3,2,1,1,2,2,1,2,2,265,gemini,2024,남성,5
3,1,1.0,4.0,2.0,2,3,3,2,4,3,4,3,2,2,2,2,2,3,3,3,4,3,3,4,2,3,3,3,1,1,2,1,1,2,1,266,gemini,2024,남성,5
3,1,1.0,1.0,2.0,2,3,3,4,4,3,4,4,2,2,2,2,3,4,4,4,4,4,4,4,2,3,3,4,1,1,2,2,1,2,1,267,gemini,2024,남성,5
3,1,1.0,4.0,2.0,1,2,2,2,3,2,3,3,2,2,1,1,2,3,3,2,4,3,3,4,2,3,2,3,1,1,2,2,1,2,1,268,gemini,2024,남성,5
2,2,,,,2,2,2,2,3,2,3,2,1,1,1,1,1,2,1,1,3,3,2,2,2,2,3,2,1,1,2,2,1,2,2,269,gemini,2024,남성,5
3,1,1.0,3.0,2.0,2,3,3,3,4,3,4,3,2,2,2,2,1,2,2,2,4,3,3,3,2,3,3,3,1,1,2,1,1,2,1,270,gemini,2024,남성,5
3,1,1.0,1.0,2.0,2,3,3,3,4,3,4,4,2,2,2,2,3,4,4,4,4,4,4,4,3,4,3,4,1,1,2,1,1,2,1,271,gemini,2024,남성,5
3,1,1.0,1.0,2.0,2,3,3,3,4,3,4,4,2,2,2,2,2,4,3,3,4,4,4,4,3,3,3,4,1,1,2,1,1,2,1,272,gemini,2024,남성,5
3,1,1.0,1.0,2.0,2,3,3,3,4,3,4,3,2,2,2,2,2,4,3,3,4,4,4,4,3,3,3,4,1,1,2,1,1,2,1,273,gemini,2024,남성,5
3,1,1.0,1.0,2.0,2,3,3,3,3,2,3,2,1,1,1,1,1,2,2,2,4,4,3,3,3,3,3,3,1,1,1,2,1,2,2,274,gemini,2024,남성,5
2,2,,,,1,2,2,2,3,2,3,2,1,1,1,1,1,2,2,1,3,3,2,2,2,3,3,3,1,1,2,2,1,2,2,275,gemini,2024,남성,5
2,2,,,,1,2,2,2,3,2,3,2,1,1,1,1,1,1,1,1,3,3,2,2,2,2,3,2,2,1,2,2,1,2,2,276,gemini,2024,남성,5
2,2,,,,2,2,2,2,4,3,4,3,2,2,2,2,1,2,2,2,3,3,3,2,2,3,3,2,1,1,2,2,1,2,2,277,gemini,2024,남성,5
3,1,1.0,4.0,2.0,2,3,3,3,4,4,4,4,3,2,2,2,3,4,4,4,4,4,4,4,3,3,3,4,1,1,2,1,1,2,1,278,gemini,2024,남성,5
3,1,1.0,4.0,2.0,2,3,3,3,4,3,4,3,2,2,2,2,2,3,3,3,4,4,4,4,3,3,4,4,1,1,1,1,1,2,1,279,gemini,2024,남성,5
2,2,,,,2,2,2,2,3,2,3,2,1,1,1,1,1,2,2,2,3,3,2,2,2,2,3,2,2,1,2,2,1,2,2,280,gemini,2024,남성,5
2,2,,,,1,1,2,1,3,2,2,2,2,1,1,1,1,2,2,2,2,2,2,2,2,2,3,3,1,1,2,2,1,2,2,281,gemini,2024,남성,5
2,2,,,,2,3,3,2,3,3,3,3,2,2,2,2,1,2,2,1,3,3,3,2,2,3,3,3,1,1,2,1,1,2,2,282,gemini,2024,남성,5
2,2,,,,2,3,3,3,4,3,4,3,2,2,2,2,2,3,3,3,3,3,3,3,2,3,3,3,1,1,2,1,1,2,2,283,gemini,2024,남성,5
3,1,1.0,1.0,1.0,2,4,4,4,3,3,3,3,2,2,2,2,2,3,3,3,4,4,4,4,3,4,4,4,1,1,2,1,1,2,1,284,gemini,2024,남성,5
3,1,1.0,1.0,2.0,2,3,3,3,4,3,4,3,2,2,2,2,2,3,3,2,4,4,4,4,3,4,3,3,1,1,1,1,1,2,1,285,gemini,2024,남성,5
1,2,,,,1,1,1,1,3,2,3,2,1,1,1,1,1,1,1,1,2,2,2,2,2,2,3,2,2,1,2,2,1,2,2,286,gemini,2024,남성,5
2,2,,,,2,3,3,2,3,2,3,2,2,2,2,2,1,2,2,2,3,3,2,2,2,3,3,3,1,1,2,2,1,2,2,287,gemini,2024,남성,5
2,2,,,,2,3,3,2,4,3,4,3,2,1,2,2,2,3,3,4,4,4,3,3,3,3,4,3,1,1,2,2,1,2,2,288,gemini,2024,남성,5
3,1,1.0,4.0,2.0,2,4,4,4,4,3,4,3,2,2,2,2,1,2,2,2,4,4,4,4,3,3,4,4,1,1,2,2,1,2,2,289,gemini,2024,남성,5
3,1,1.0,1.0,2.0,2,3,3,3,4,3,4,3,2,2,2,2,2,4,3,4,4,4,3,3,2,3,3,3,1,1,2,2,1,2,1,290,gemini,2024,남성,5
3,1,1.0,4.0,2.0,2,3,3,3,4,3,4,3,2,2,2,2,2,4,3,3,4,4,4,4,2,3,3,3,1,1,2,2,1,2,2,291,gemini,2024,남성,5
2,2,,,,1,1,1,1,2,1,2,1,1,1,1,1,1,1,1,1,2,2,2,2,2,2,2,2,2,1,2,2,1,2,2,292,gemini,2024,남성,5
3,1,1.0,4.0,2.0,2,3,3,3,4,3,4,3,2,2,2,2,2,3,3,2,4,4,3,3,3,3,4,3,1,1,1,1,1,2,1,293,gemini,2024,남성,5
2,2,,,,2,3,3,2,3,2,3,2,1,1,1,1,1,2,1,1,3,3,2,2,2,2,2,2,1,1,2,2,1,2,2,294,gemini,2024,남성,5
2,2,,,,2,3,3,3,3,2,3,3,2,1,1,1,1,2,2,2,3,3,3,3,2,2,3,3,1,1,2,2,1,2,2,295,gemini,2024,남성,5
2,2,,,,2,3,3,3,3,2,3,3,2,2,2,2,1,2,2,2,3,3,3,3,2,2,3,3,1,1,2,2,1,2,1,296,gemini,2024,남성,5
3,1,1.0,1.0,2.0,2,3,3,2,4,3,4,4,3,2,2,2,2,4,3,3,4,4,4,4,2,3,3,4,1,1,2,1,1,2,1,297,gemini,2024,남성,5
2,2,,,,2,3,3,2,4,3,4,3,2,2,2,2,1,2,2,2,4,3,3,3,2,3,3,3,1,1,2,1,1,2,2,298,gemini,2024,남성,5
2,2,,,,1,2,2,2,3,2,3,2,1,1,1,1,1,2,2,1,3,3,2,2,2,2,3,3,1,1,1,1,1,2,2,299,gemini,2024,남성,5
4,1,1.0,1.0,1.0,3,4,4,4,4,3,4,3,2,2,2,3,3,4,3,4,4,4,4,4,3,3,4,4,1,1,2,1,1,2,1,300,gemini,2024,남성,5
2,2,,,,2,2,3,3,3,2,3,2,1,1,1,1,1,2,2,1,3,3,3,2,2,3,3,3,1,1,2,2,1,2,2,301,gemini,2024,남성,5
2,2,,,,2,2,2,2,3,2,3,2,2,1,1,1,1,2,2,2,3,3,2,2,2,3,3,3,1,1,2,2,1,2,2,302,gemini,2024,남성,5
3,1,1.0,1.0,2.0,2,3,3,3,4,3,4,3,2,2,2,2,2,3,3,3,4,4,4,4,3,3,3,3,1,1,2,2,1,2,1,303,gemini,2024,남성,5
3,1,1.0,1.0,2.0,2,3,3,3,4,3,4,3,2,1,2,2,2,2,3,2,4,4,3,3,2,3,3,3,1,1,2,2,1,2,1,304,gemini,2024,남성,5
3,1,1.0,1.0,2.0,2,3,3,3,4,3,4,3,2,2,2,2,2,3,3,3,4,4,4,4,3,3,3,4,1,1,2,1,1,2,1,305,gemini,2024,남성,5
2,2,,,,2,2,3,2,4,3,4,3,3,2,2,2,2,3,3,2,3,3,3,3,2,2,3,3,2,1,2,2,1,2,2,306,gemini,2024,남성,5
3,1,1.0,4.0,2.0,2,3,3,3,4,3,4,3,2,2,2,2,2,3,3,3,4,4,3,3,3,3,3,3,1,1,2,1,1,2,1,307,gemini,2024,남성,5
3,1,1.0,1.0,2.0,2,3,3,3,4,3,4,3,2,2,2,2,2,4,3,3,4,4,4,4,3,3,3,3,1,1,2,1,1,2,1,308,gemini,2024,남성,5
3,1,1.0,1.0,2.0,2,3,3,3,3,2,3,3,2,2,2,2,2,3,3,3,4,4,3,3,3,3,3,3,1,1,2,2,1,2,1,309,gemini,2024,남성,5
3,1,1.0,3.0,2.0,2,3,3,2,4,4,4,4,5,3,4,4,2,4,4,3,4,3,3,3,2,2,3,3,1,1,1,1,1,2,1,310,gemini,2024,남성,5
2,2,,,,2,2,2,2,3,2,3,2,2,1,1,1,1,2,1,1,3,3,2,2,2,2,3,3,1,1,1,2,1,2,2,311,gemini,2024,남성,5
2,2,,,,1,2,2,2,3,2,3,2,2,1,1,1,1,1,1,1,3,3,2,2,2,2,3,2,1,1,2,2,1,2,2,312,gemini,2024,남성,5
3,1,1.0,4.0,2.0,2,3,3,3,4,3,4,3,2,2,2,2,2,3,3,2,4,4,4,4,3,3,3,3,1,1,2,1,1,2,1,313,gemini,2024,남성,5
2,2,,,,1,2,2,2,3,2,3,2,1,1,1,1,1,2,2,1,3,3,3,3,2,3,3,3,1,1,2,2,1,2,2,314,gemini,2024,남성,5
2,2,,,,2,3,3,3,4,3,4,3,2,2,2,2,1,2,2,2,4,4,3,3,3,3,3,3,1,1,2,2,1,2,2,315,gemini,2024,남성,5
2,2,,,,2,3,3,3,4,4,4,3,2,2,2,2,1,2,2,2,4,4,3,3,3,3,3,3,2,1,2,2,1,2,2,316,gemini,2024,남성,5
2,2,,,,2,2,2,2,3,2,3,2,1,1,1,1,1,1,1,1,3,3,2,2,2,2,2,2,1,1,2,1,1,2,2,317,gemini,2024,남성,5
3,1,1.0,1.0,2.0,2,3,3,4,4,3,4,3,2,2,2,2,2,3,3,3,4,4,4,4,3,4,3,3,1,1,2,2,1,2,2,318,gemini,2024,남성,5
2,2,,,,2,3,3,3,2,2,3,2,1,1,1,1,2,3,2,2,3,3,2,2,2,3,3,3,2,1,2,2,1,2,2,319,gemini,2024,남성,6
3,1,1.0,4.0,2.0,2,3,3,3,4,3,4,3,2,1,2,2,2,4,3,3,4,4,3,3,3,3,3,3,1,1,2,2,1,2,2,320,gemini,2024,남성,6
2,2,,,,2,2,2,2,3,2,3,2,2,1,1,1,1,2,2,2,3,3,2,2,2,2,2,2,2,1,2,2,1,2,2,321,gemini,2024,남성,6
2,2,,,,1,2,2,1,3,2,3,2,2,1,2,1,1,1,1,1,2,2,2,2,2,2,3,2,2,1,2,2,1,2,2,322,gemini,2024,남성,6
2,2,,,,2,2,2,2,3,2,3,2,2,1,1,1,1,2,2,1,3,3,2,2,2,2,2,2,1,1,2,2,1,2,2,323,gemini,2024,남성,6
2,2,,,,2,2,2,2,3,2,3,2,2,1,1,1,1,2,2,1,3,3,2,2,2,3,3,3,1,1,2,2,1,2,2,324,gemini,2024,남성,6
2,2,,,,1,2,2,1,3,2,3,3,2,1,1,1,1,2,2,1,3,3,3,2,2,3,2,3,1,1,1,2,1,2,2,325,gemini,2024,남성,6
3,1,1.0,1.0,2.0,2,3,3,3,3,2,3,3,2,2,2,2,2,3,2,3,4,4,4,3,3,3,3,3,1,1,1,1,1,2,1,326,gemini,2024,남성,6
2,2,,,,1,2,2,2,3,2,3,2,1,1,1,1,1,1,1,1,2,2,2,2,2,2,3,2,2,1,2,2,1,2,2,327,gemini,2024,남성,6
3,1,1.0,4.0,2.0,2,3,2,2,3,2,3,2,2,1,1,1,2,3,2,2,4,3,3,2,2,3,3,3,1,1,2,2,1,2,2,328,gemini,2024,남성,6
2,2,,,,2,2,2,2,3,2,3,2,1,1,1,1,1,2,1,1,3,3,2,2,2,3,3,3,2,1,2,2,1,2,2,329,gemini,2024,남성,6
2,2,,,,2,2,2,2,4,3,4,3,2,2,2,2,1,2,2,2,3,3,2,2,2,3,3,2,2,1,2,2,1,2,2,330,gemini,2024,남성,6
3,1,1.0,4.0,2.0,2,3,3,2,4,4,4,4,2,2,2,2,2,3,3,3,4,4,3,3,3,3,4,4,1,1,1,1,1,2,1,331,gemini,2024,남성,6
2,2,,,,1,2,2,2,3,2,3,2,1,1,1,1,1,1,1,1,2,2,2,1,2,2,2,2,2,1,2,2,1,2,2,332,gemini,2024,남성,6
3,1,1.0,1.0,2.0,2,3,3,3,3,2,3,3,2,2,2,2,2,3,3,3,4,4,3,3,2,3,3,3,1,1,2,2,1,2,2,333,gemini,2024,남성,6
2,2,,,,2,2,2,2,3,3,4,3,4,2,3,2,1,2,2,1,3,3,2,2,2,3,2,2,2,1,2,2,1,2,2,334,gemini,2024,남성,6
4,1,1.0,1.0,1.0,3,4,4,4,5,4,4,4,2,3,2,3,3,5,4,4,5,5,4,4,3,4,4,4,1,1,1,1,1,1,1,335,gemini,2024,남성,6
2,2,,,,2,2,2,2,3,2,3,2,1,1,1,1,1,2,1,1,3,3,2,2,2,3,3,2,2,1,2,2,1,2,2,336,gemini,2024,남성,6
2,2,,,,2,2,2,2,3,2,3,2,1,1,1,1,1,2,2,1,3,3,2,2,2,3,3,2,1,1,2,2,1,2,2,337,gemini,2024,남성,6
2,2,,,,1,2,2,2,3,2,3,2,1,1,1,1,1,1,1,1,3,3,2,2,2,2,3,2,2,1,2,2,1,2,2,338,gemini,2024,남성,6
2,2,,,,2,2,2,2,4,3,4,3,2,1,2,2,1,2,2,2,3,3,2,2,2,2,3,3,1,1,2,2,1,2,2,339,gemini,2024,남성,6
1,2,,,,1,2,2,2,3,2,3,2,1,1,1,1,1,1,1,1,2,2,2,2,2,2,3,2,2,1,2,2,1,2,2,340,gemini,2024,남성,6
2,2,,,,2,3,3,3,4,3,4,3,3,2,2,2,2,3,3,2,4,4,3,3,2,3,3,3,1,1,2,2,1,2,1,341,gemini,2024,남성,6
3,1,1.0,4.0,2.0,2,2,2,2,3,2,3,3,2,2,2,2,2,3,3,2,4,3,3,3,2,3,3,3,1,1,2,2,1,2,2,342,gemini,2024,남성,6
3,1,1.0,3.0,2.0,2,3,3,3,4,4,4,4,2,2,2,2,2,4,3,3,4,4,3,3,3,3,3,3,1,1,2,2,1,2,2,343,gemini,2024,남성,6
3,1,1.0,4.0,2.0,2,2,2,2,4,3,4,3,2,2,2,2,2,3,3,2,4,4,3,3,3,3,3,3,1,1,2,1,1,2,2,344,gemini,2024,남성,6
2,2,,,,2,3,3,2,3,2,3,2,2,1,1,1,1,2,1,2,3,3,2,2,2,3,3,3,1,1,2,2,1,2,2,345,gemini,2024,남성,6
2,2,,,,2,2,2,2,3,2,3,2,1,1,1,1,1,1,1,1,3,3,2,2,2,3,2,2,1,1,2,2,1,2,2,346,gemini,2024,남성,6
2,2,,,,2,3,3,2,4,3,4,3,2,2,2,2,1,2,3,2,4,3,3,3,2,2,3,3,1,1,2,1,1,2,2,347,gemini,2024,남성,6
2,2,,,,1,1,1,1,2,1,2,1,1,1,1,1,1,1,1,1,2,2,2,2,2,3,2,2,2,1,2,2,1,2,2,348,gemini,2024,남성,6
2,2,,,,1,1,2,1,3,2,3,2,1,1,1,1,1,1,1,1,2,2,2,1,2,2,2,2,2,1,2,2,1,2,2,349,gemini,2024,남성,6
3,1,1.0,4.0,2.0,2,3,3,2,4,3,4,4,2,2,2,2,3,4,4,3,4,4,3,3,2,3,3,4,1,1,2,2,1,2,1,350,gemini,2024,남성,6
2,2,,,,2,2,2,2,3,2,3,2,1,1,1,1,1,1,1,1,3,3,2,2,2,3,3,2,1,1,2,2,1,2,2,351,gemini,2024,남성,6
2,2,,,,2,2,3,2,3,2,3,2,2,1,1,1,1,2,2,1,3,3,2,2,2,2,3,3,1,1,2,2,1,2,2,352,gemini,2024,남성,6
2,2,,,,2,2,3,2,3,2,3,2,1,1,1,1,1,2,2,1,3,3,2,2,2,3,3,3,1,1,2,2,1,2,2,353,gemini,2024,남성,6
2,2,,,,1,2,2,2,3,2,3,2,1,1,1,1,1,1,1,1,2,2,2,2,2,3,2,2,2,1,2,2,1,2,2,354,gemini,2024,남성,6
2,2,,,,1,2,2,2,3,2,3,2,1,1,1,1,1,1,1,1,3,3,2,2,2,3,3,2,2,1,2,2,1,2,2,355,gemini,2024,남성,6
2,2,,,,2,2,2,2,3,2,3,2,2,1,2,1,1,2,1,1,3,3,2,2,2,2,3,2,1,1,2,2,1,2,2,356,gemini,2024,남성,6
2,2,,,,2,2,3,2,4,4,4,4,4,3,3,3,2,2,3,2,3,3,3,2,2,2,2,3,1,1,2,2,1,2,2,357,gemini,2024,남성,6
2,2,,,,2,2,2,2,3,2,3,2,1,1,1,1,1,1,1,1,3,3,2,2,2,2,3,2,2,1,2,2,1,2,2,358,gemini,2024,남성,6
2,2,,,,2,2,2,2,3,2,3,2,2,1,1,1,1,1,1,1,3,3,2,2,2,2,3,2,2,1,2,2,1,2,2,359,gemini,2024,남성,6
2,2,,,,1,2,2,2,3,2,3,2,1,1,1,1,1,1,1,1,2,2,2,1,2,2,2,2,2,1,2,2,1,2,2,360,gemini,2024,남성,6
2,2,,,,2,2,2,2,3,2,3,2,1,1,1,1,1,2,1,1,3,3,2,2,2,2,3,2,2,1,2,2,1,2,2,361,gemini,2024,남성,6
2,2,,,,2,2,3,2,4,3,4,3,2,1,1,2,1,2,2,2,3,3,2,2,2,3,3,3,1,1,2,2,1,2,2,362,gemini,2024,남성,6
2,2,,,,2,3,3,2,4,4,4,4,3,2,2,2,1,2,3,2,3,3,2,2,2,2,3,3,2,1,2,2,1,2,2,363,gemini,2024,남성,6
2,2,,,,2,3,3,3,4,3,4,4,2,2,2,2,2,3,3,3,4,4,3,3,3,3,3,3,1,1,2,2,1,2,2,364,gemini,2024,남성,6
2,2,,,,2,2,2,2,3,2,3,2,1,1,1,1,1,2,2,1,3,3,2,2,2,3,3,3,2,1,2,2,1,2,2,365,gemini,2024,남성,6
2,2,,,,2,3,3,2,3,2,3,3,2,1,1,1,2,3,2,2,3,3,2,2,2,3,2,3,1,1,2,2,1,2,2,366,gemini,2024,남성,6
2,2,,,,2,3,3,2,3,2,3,3,2,1,1,1,1,2,2,1,3,3,2,2,2,3,3,3,2,1,1,2,1,2,2,367,gemini,2024,남성,6
2,2,,,,2,3,3,3,4,3,4,3,2,2,2,2,2,3,3,3,4,4,3,3,3,3,4,4,1,1,2,2,1,2,2,368,gemini,2024,남성,6
2,2,,,,2,3,3,3,4,3,4,3,2,2,2,2,2,3,3,3,4,4,3,3,3,3,4,3,1,1,2,2,1,2,2,369,gemini,2024,남성,6
2,2,,,,2,2,2,2,3,2,2,2,2,1,1,1,1,2,2,1,3,3,2,2,2,2,3,2,1,1,2,2,1,2,2,370,gemini,2024,남성,6
2,2,,,,2,2,2,2,4,3,4,3,2,1,2,2,1,2,2,1,3,3,2,2,2,2,3,3,1,1,1,2,1,2,2,371,gemini,2024,남성,6
2,2,,,,2,2,3,2,4,3,4,4,3,2,2,3,1,2,3,2,4,3,2,2,2,3,3,3,1,1,2,1,1,2,2,372,gemini,2024,남성,6
2,2,,,,2,2,2,2,3,2,3,2,2,1,1,1,1,2,2,2,3,3,2,2,2,2,3,3,1,1,2,2,1,2,2,373,gemini,2024,남성,6
3,1,1.0,4.0,2.0,2,3,3,3,3,2,3,3,2,2,2,2,2,3,2,3,4,4,3,3,3,3,3,4,1,1,2,1,1,2,1,374,gemini,2024,남성,6
2,2,,,,1,2,2,1,3,2,3,2,1,1,1,1,1,1,1,1,3,3,2,2,2,2,2,2,1,1,2,2,1,2,2,375,gemini,2024,남성,6
2,2,,,,1,2,2,2,3,2,3,2,1,1,1,1,1,2,2,1,3,3,2,2,2,3,3,2,2,1,2,2,1,2,2,376,gemini,2024,남성,6
2,2,,,,1,2,2,2,3,2,3,2,1,1,1,1,1,1,1,1,3,3,2,2,2,2,3,2,2,1,2,2,1,2,2,377,gemini,2024,남성,6
2,2,,,,2,3,3,3,3,3,4,3,2,2,2,2,2,3,3,3,4,4,3,3,2,3,3,3,1,1,2,2,1,2,2,378,gemini,2024,남성,6
3,1,1.0,1.0,2.0,2,3,3,4,3,2,3,3,2,2,2,2,2,3,3,3,4,4,3,3,2,3,3,3,1,1,2,2,1,2,2,379,gemini,2024,남성,6
2,2,,,,2,2,2,2,3,2,3,2,2,1,1,1,1,2,2,1,3,3,2,2,2,2,3,2,2,1,2,2,1,2,2,380,gemini,2024,남성,6
2,2,,,,2,2,2,2,4,3,3,3,2,1,1,1,1,1,1,1,3,3,2,2,2,2,2,2,2,1,2,2,1,2,2,381,gemini,2024,남성,6
2,2,,,,2,3,3,2,4,3,4,3,2,2,2,2,1,2,2,2,4,3,3,2,2,3,3,2,2,1,2,2,1,2,2,382,gemini,2024,남성,6
3,1,1.0,4.0,2.0,2,3,3,3,4,3,4,4,2,2,2,2,2,4,4,4,4,4,3,3,3,4,3,4,1,1,2,1,1,2,1,383,gemini,2024,남성,6
2,2,,,,2,2,3,2,3,3,3,3,2,2,2,2,1,2,2,2,3,3,2,2,2,2,3,3,2,1,2,2,1,2,2,384,gemini,2024,남성,6
2,2,,,,2,3,3,3,3,2,3,3,2,1,2,2,1,2,2,1,3,3,2,2,2,3,3,3,1,1,2,2,1,2,2,385,gemini,2024,남성,6
2,2,,,,1,2,2,2,3,2,3,2,1,1,1,1,1,2,1,1,3,3,2,2,2,3,3,2,2,1,2,2,1,2,2,386,gemini,2024,남성,6
3,1,1.0,1.0,2.0,2,3,3,4,3,2,3,3,2,2,2,2,2,4,3,3,4,4,4,4,3,4,3,4,1,1,2,2,1,2,1,387,gemini,2024,남성,6
2,2,,,,3,3,4,4,5,4,4,4,2,2,2,2,2,4,3,3,4,4,4,4,3,3,4,3,2,1,2,2,1,2,2,388,gemini,2024,남성,6
3,1,1.0,1.0,2.0,2,3,3,4,4,3,4,3,2,2,2,2,2,4,3,3,4,4,3,3,3,3,3,3,1,1,2,2,1,2,2,389,gemini,2024,남성,6
2,2,,,,1,2,2,2,3,2,3,2,1,1,1,1,1,2,2,1,3,3,2,2,2,3,3,2,1,1,2,2,1,2,2,390,gemini,2024,남성,6
2,2,,,,2,2,2,2,3,3,3,3,2,1,1,1,1,2,2,2,3,3,2,2,2,2,3,2,1,1,2,2,1,2,2,391,gemini,2024,남성,6
2,2,,,,2,2,2,2,3,2,3,2,1,1,1,1,1,2,1,1,3,3,2,2,2,3,3,2,1,1,2,2,1,2,2,392,gemini,2024,남성,6
3,1,1.0,4.0,2.0,2,3,3,3,4,3,4,3,2,2,2,2,2,3,3,3,4,4,4,4,3,3,3,4,1,1,1,1,1,2,1,393,gemini,2024,남성,6
2,2,,,,2,2,3,2,3,2,3,3,2,1,1,1,1,2,2,2,3,3,2,2,2,3,3,3,1,1,2,2,1,2,2,394,gemini,2024,남성,6
2,2,,,,1,2,2,2,3,2,3,2,1,1,1,1,1,1,1,1,3,3,2,2,2,2,3,3,2,1,2,2,1,2,2,395,gemini,2024,남성,6
3,1,1.0,1.0,2.0,2,3,3,4,3,2,3,3,2,2,2,2,2,4,3,3,4,4,3,3,2,3,3,4,1,1,2,2,1,2,1,396,gemini,2024,남성,6
2,2,,,,1,2,2,2,3,2,3,2,1,1,1,1,1,1,1,1,2,2,2,2,2,2,3,2,2,1,2,2,1,2,2,397,gemini,2024,남성,6
2,2,,,,1,1,2,1,3,2,3,2,1,1,1,1,1,1,1,1,2,2,2,2,2,2,3,2,2,1,2,2,1,2,2,398,gemini,2024,남성,6
2,2,,,,2,3,3,2,4,3,4,3,3,2,2,2,1,2,2,2,3,3,2,2,2,3,3,3,2,1,2,2,1,2,2,399,gemini,2024,남성,6
2,2,,,,2,3,3,2,3,2,3,2,1,1,1,1,1,1,1,1,3,3,2,2,2,2,3,2,2,1,2,2,1,2,2,400,gemini,2024,남성,6
2,2,,,,2,3,3,2,3,2,3,3,1,1,1,1,2,3,3,2,3,3,2,2,2,3,2,3,1,1,2,2,1,2,1,401,gemini,2024,남성,6
2,2,,,,2,3,3,3,3,2,3,2,1,1,1,1,1,2,2,2,3,3,2,2,2,3,3,3,2,1,2,2,1,2,2,402,gemini,2024,남성,6
2,2,,,,1,2,2,2,3,2,3,2,1,1,1,1,1,1,1,1,3,3,2,2,2,3,2,2,2,1,2,2,1,2,2,403,gemini,2024,남성,7
2,2,,,,1,2,2,2,3,2,3,2,2,1,1,1,1,2,2,1,3,3,2,2,2,3,3,3,2,1,2,2,1,2,2,404,gemini,2024,남성,7
2,2,,,,1,1,2,2,3,2,3,2,1,1,1,1,1,1,1,1,3,3,2,2,2,2,3,2,2,1,2,2,1,2,2,405,gemini,2024,남성,7
1,2,,,,1,1,1,1,3,2,3,2,1,1,1,1,1,1,1,1,2,2,2,1,2,2,3,2,2,1,2,2,1,2,2,406,gemini,2024,남성,7
2,2,,,,2,2,2,2,4,3,4,3,2,1,2,2,1,2,2,2,3,3,2,2,2,3,3,2,2,1,2,2,1,2,2,407,gemini,2024,남성,7
2,2,,,,2,3,3,2,4,3,4,3,2,1,2,2,1,3,3,2,3,3,2,2,2,3,3,3,2,1,2,2,1,2,2,408,gemini,2024,남성,7
2,2,,,,2,3,3,2,4,3,4,3,2,1,2,2,1,2,2,2,4,3,3,2,3,3,4,3,1,1,1,1,1,2,2,409,gemini,2024,남성,7
2,2,,,,1,2,2,2,3,2,3,2,1,1,1,1,1,1,1,1,2,2,2,1,2,2,3,2,2,1,2,2,1,2,2,410,gemini,2024,남성,7
2,2,,,,2,2,2,2,3,2,3,3,1,1,1,1,1,2,2,1,3,3,2,2,3,2,3,2,2,1,2,2,1,2,2,411,gemini,2024,남성,7
2,2,,,,2,2,3,2,3,3,4,3,2,1,2,2,1,2,2,2,4,3,2,2,2,3,3,3,1,1,2,2,1,2,2,412,gemini,2024,남성,7
2,2,,,,1,2,2,1,3,2,3,2,1,1,1,1,1,1,1,1,3,3,2,2,2,2,3,2,2,1,2,2,1,2,2,413,gemini,2024,남성,7
2,2,,,,1,2,2,2,3,2,2,2,1,1,1,1,1,2,1,1,2,2,2,2,2,2,3,2,2,1,2,2,1,2,2,414,gemini,2024,남성,7
2,2,,,,2,2,3,2,4,3,4,3,2,2,2,2,1,2,2,2,3,3,3,2,2,3,3,3,2,1,2,1,1,2,2,415,gemini,2024,남성,7
3,1,1.0,1.0,2.0,2,3,3,3,3,2,3,3,2,2,2,2,2,4,3,3,4,4,3,3,3,3,3,3,2,1,2,2,1,2,2,416,gemini,2024,남성,7
2,2,,,,1,2,2,2,3,2,3,2,2,1,1,1,1,2,2,2,3,3,2,2,2,3,3,3,1,1,2,2,1,2,2,417,gemini,2024,남성,7
2,2,,,,2,2,2,2,3,2,3,3,2,1,1,1,1,2,2,1,3,3,2,2,2,3,3,3,1,1,2,2,1,2,2,418,gemini,2024,남성,7
2,2,,,,1,2,2,2,3,2,3,2,1,1,1,1,1,2,2,1,3,3,2,2,2,3,3,3,2,1,2,2,1,2,2,419,gemini,2024,남성,7
2,2,,,,1,2,2,1,3,2,2,2,1,1,1,1,1,1,1,1,2,2,2,2,2,2,3,2,2,1,2,2,1,2,2,420,gemini,2024,남성,7
2,2,,,,1,2,2,2,3,2,3,2,1,1,1,1,1,1,1,1,2,2,2,1,2,2,2,2,2,1,2,2,1,2,2,421,gemini,2024,남성,7
2,2,,,,2,2,2,2,3,2,3,2,1,1,1,1,1,2,2,1,3,3,2,2,2,3,3,2,2,1,2,2,1,2,2,422,gemini,2024,남성,7
3,1,1.0,1.0,2.0,2,3,3,3,3,2,3,3,2,2,2,2,2,4,3,3,4,4,3,3,2,3,3,4,1,1,2,2,1,2,1,423,gemini,2024,남성,7
1,2,,,,1,2,2,2,4,3,4,3,1,1,1,1,1,1,1,1,3,3,3,2,2,2,2,2,2,1,1,2,1,2,2,424,gemini,2024,남성,7
2,2,,,,2,2,2,2,3,2,3,2,1,1,1,1,1,1,1,1,3,3,2,2,2,3,3,2,2,1,2,2,1,2,2,425,gemini,2024,남성,7
1,2,,,,1,2,2,1,3,2,2,2,1,1,1,1,1,1,1,1,2,2,2,1,2,2,2,2,2,1,2,2,1,2,2,426,gemini,2024,남성,7
2,2,,,,2,3,3,2,3,2,3,3,2,1,1,1,2,3,3,3,3,3,2,2,3,3,3,4,2,1,2,2,1,2,2,427,gemini,2024,남성,7
2,2,,,,1,2,2,2,3,2,3,2,1,1,1,1,1,2,1,1,3,3,2,2,2,3,3,2,2,1,2,2,1,2,2,428,gemini,2024,남성,7
2,2,,,,1,2,2,2,3,3,4,3,2,1,1,1,1,2,2,1,3,3,2,2,2,3,3,2,2,1,2,2,1,2,2,429,gemini,2024,남성,7
2,2,,,,2,2,2,2,3,3,3,3,4,2,2,2,1,2,2,2,3,3,2,2,2,2,3,2,2,1,2,2,1,2,2,430,gemini,2024,남성,7
2,2,,,,2,2,2,2,3,2,3,2,1,1,1,1,1,2,2,2,3,3,2,2,2,3,3,2,2,1,2,2,1,2,2,431,gemini,2024,남성,7
2,2,,,,1,2,2,2,3,2,3,2,1,1,1,1,1,2,2,1,3,3,2,2,2,3,3,3,2,1,2,2,1,2,2,432,gemini,2024,남성,7
2,2,,,,1,2,2,2,3,2,3,2,1,1,1,1,1,2,2,1,3,3,2,2,2,2,4,3,2,1,2,2,1,2,2,433,gemini,2024,남성,7
2,2,,,,2,2,2,2,3,2,3,2,2,1,1,1,1,2,1,1,3,3,2,2,2,3,3,2,2,1,2,2,1,2,2,434,gemini,2024,남성,7
2,2,,,,2,2,2,2,4,4,4,3,3,2,2,2,1,1,1,1,3,3,2,2,2,2,3,2,1,1,2,2,1,2,2,435,gemini,2024,남성,7
2,2,,,,2,2,2,2,4,3,4,3,2,2,2,2,2,4,3,2,3,3,3,2,2,3,2,3,2,1,2,2,1,2,2,436,gemini,2024,남성,7
2,2,,,,1,2,2,2,3,2,3,2,2,1,1,1,1,1,1,1,3,3,2,1,2,2,4,3,2,1,2,2,1,2,2,437,gemini,2024,남성,7
3,1,1.0,4.0,2.0,2,3,3,3,4,3,4,4,3,2,2,2,2,4,4,3,4,4,3,3,2,3,3,4,1,1,2,1,1,2,1,438,gemini,2024,남성,7
2,2,,,,2,2,2,2,3,2,3,2,1,1,1,1,1,2,1,1,3,3,2,2,2,3,3,3,2,1,2,2,1,2,2,439,gemini,2024,남성,7
2,2,,,,2,2,2,2,3,2,3,2,1,1,1,1,1,1,1,1,2,2,2,1,2,2,2,2,2,1,2,2,1,2,2,440,gemini,2024,남성,7
2,2,,,,2,2,2,2,3,3,4,3,2,1,2,2,1,2,2,2,3,3,3,2,3,3,4,3,1,1,2,2,1,2,2,441,gemini,2024,남성,7
2,2,,,,2,2,2,2,3,2,2,2,1,1,1,1,1,2,2,1,3,3,2,2,2,3,3,2,2,1,2,2,1,2,2,442,gemini,2024,남성,7
2,2,,,,2,3,3,3,3,2,3,2,1,1,1,1,1,2,2,2,4,4,2,2,2,3,3,3,1,1,2,2,1,2,2,443,gemini,2024,남성,7
2,2,,,,1,2,2,2,3,2,2,2,1,1,1,1,1,1,1,1,3,3,2,2,2,3,3,2,2,1,2,2,1,2,2,444,gemini,2024,남성,7
2,2,,,,1,1,2,1,2,2,2,2,2,1,1,1,1,1,1,1,2,2,2,2,2,2,3,2,2,1,2,2,1,2,2,445,gemini,2024,남성,7
2,2,,,,1,1,2,1,3,2,2,2,1,1,1,1,1,1,1,1,2,2,2,1,2,2,2,2,2,1,2,2,1,2,2,446,gemini,2024,남성,7
3,1,1.0,4.0,2.0,2,2,2,2,3,3,4,3,1,1,1,1,2,3,3,3,4,3,4,4,2,3,2,3,1,1,2,2,1,2,1,447,gemini,2024,남성,7
3,1,1.0,1.0,2.0,2,4,3,4,3,2,3,2,2,1,1,1,2,3,2,3,4,4,3,3,3,3,4,4,2,1,2,2,1,2,2,448,gemini,2024,남성,7
3,1,1.0,4.0,2.0,2,3,3,3,3,2,3,3,2,1,1,1,2,4,3,3,4,4,3,3,2,3,3,3,2,1,2,2,1,2,2,449,gemini,2024,남성,7
2,2,,,,1,2,2,1,3,2,3,2,1,1,1,1,1,1,1,1,2,2,2,2,2,2,3,2,2,1,2,2,1,2,2,450,gemini,2024,남성,7
3,1,1.0,4.0,2.0,2,3,3,2,4,3,4,3,2,2,2,2,2,4,3,3,4,4,4,4,3,3,3,4,1,1,2,1,1,2,2,451,gemini,2024,남성,7
2,2,,,,1,2,2,2,3,2,3,2,2,1,1,1,1,3,2,2,3,3,2,2,2,3,3,3,2,1,2,2,1,2,2,452,gemini,2024,남성,7
3,1,1.0,1.0,2.0,2,3,3,3,3,2,3,3,2,2,2,2,2,3,3,3,4,4,3,3,3,3,3,3,1,1,2,2,1,2,1,453,gemini,2024,남성,7
2,2,,,,2,2,3,2,3,2,3,3,2,2,2,2,1,2,2,2,3,3,2,2,2,2,3,3,1,1,2,1,1,2,1,454,gemini,2024,남성,7
1,2,,,,1,2,2,1,3,2,3,2,1,1,1,1,1,1,1,1,2,2,2,1,2,2,3,2,2,1,2,2,1,2,2,455,gemini,2024,남성,7
2,2,,,,1,2,2,1,3,2,3,2,1,1,1,1,1,2,1,1,3,3,2,2,2,3,4,3,2,1,2,2,1,2,2,456,gemini,2024,남성,7
2,2,,,,2,2,3,2,3,2,3,2,1,1,1,1,1,1,1,1,3,3,2,2,2,3,4,3,2,1,2,2,1,2,2,457,gemini,2024,남성,7
2,2,,,,1,2,2,2,3,2,2,2,1,1,1,1,1,1,1,1,3,3,2,2,2,2,3,2,2,1,2,2,1,2,2,458,gemini,2024,남성,7
2,2,,,,2,2,2,2,3,2,3,2,1,1,1,1,1,2,2,1,3,3,2,2,2,3,3,3,2,1,2,2,1,2,2,459,gemini,2024,남성,7
2,2,,,,2,2,2,2,3,2,3,3,2,1,1,1,1,2,2,2,3,3,2,2,2,3,3,3,2,1,2,2,1,2,2,460,gemini,2024,남성,7
1,2,,,,1,1,1,1,3,2,3,2,1,1,1,1,1,1,1,1,2,2,2,1,2,2,2,2,2,1,2,2,1,2,2,461,gemini,2024,남성,7
2,2,,,,1,2,2,2,3,2,3,2,1,1,1,1,1,1,1,1,3,3,2,2,2,3,3,2,2,1,2,2,1,2,2,462,gemini,2024,남성,7
2,2,,,,1,2,2,2,3,2,3,2,1,1,1,1,1,1,1,1,3,3,2,2,2,2,3,2,2,1,2,2,1,2,2,463,gemini,2024,남성,7
2,2,,,,1,2,2,2,3,2,3,2,1,1,1,1,1,1,1,1,2,2,2,1,2,2,3,2,2,1,2,2,1,2,2,464,gemini,2024,남성,7
2,2,,,,2,2,3,2,3,2,3,3,2,1,2,1,1,2,2,2,3,3,2,2,2,3,3,3,1,1,2,2,1,2,2,465,gemini,2024,남성,7
2,2,,,,1,1,2,1,3,2,3,2,1,1,1,1,1,1,1,1,2,2,2,1,2,2,3,2,2,1,2,2,1,2,2,466,gemini,2024,남성,7
2,2,,,,1,2,2,2,2,1,2,1,1,1,1,1,1,1,1,1,2,2,2,1,2,2,2,2,2,1,2,2,1,2,2,467,gemini,2024,남성,7
2,2,,,,2,2,2,2,3,2,3,2,2,1,1,1,1,1,1,1,3,3,2,2,2,3,3,2,2,1,2,2,1,2,2,468,gemini,2024,남성,7
2,2,,,,2,2,2,2,3,2,3,2,1,1,1,1,1,2,2,1,3,3,2,2,2,3,3,2,2,1,2,2,1,2,2,469,gemini,2024,남성,7
1,2,,,,1,2,2,1,2,1,2,1,1,1,1,1,1,1,1,1,2,2,1,1,2,2,3,1,2,1,2,2,1,2,2,470,gemini,2024,남성,7
2,2,,,,2,3,3,2,4,3,4,3,2,2,2,2,1,2,2,2,4,3,3,2,3,3,4,3,2,1,2,2,1,2,2,471,gemini,2024,남성,7
2,2,,,,1,2,2,1,3,2,3,2,1,1,1,1,1,1,1,1,3,3,2,2,2,3,3,2,2,1,2,2,1,2,2,472,gemini,2024,남성,7
2,2,,,,1,2,2,1,3,2,3,2,1,1,1,1,1,1,1,1,3,3,2,2,2,2,3,2,2,1,2,2,1,2,2,473,gemini,2024,남성,7
2,2,,,,2,2,2,1,4,3,4,3,2,1,2,1,1,2,2,2,4,3,3,2,2,3,3,3,1,1,2,2,1,2,2,474,gemini,2024,남성,7
2,1,1.0,4.0,2.0,2,2,2,2,3,2,3,2,2,1,2,2,1,2,2,1,3,3,2,2,2,3,3,3,1,1,2,2,1,2,2,475,gemini,2024,남성,7
2,2,,,,1,2,2,1,2,1,2,2,1,1,1,1,1,1,1,1,2,2,1,1,2,2,2,2,2,1,2,2,1,2,2,476,gemini,2024,남성,7
2,2,,,,2,3,3,2,4,3,4,3,2,2,2,2,1,2,2,2,3,3,3,2,2,3,3,3,2,1,2,2,1,2,2,477,gemini,2024,남성,7
2,2,,,,2,2,3,2,4,3,4,4,2,2,2,2,1,2,3,2,4,3,3,3,2,3,3,3,2,1,2,2,1,2,2,478,gemini,2024,남성,7
2,2,,,,2,2,2,2,3,2,3,2,1,1,1,1,1,1,1,1,3,3,2,2,2,3,3,2,2,1,2,2,1,2,2,479,gemini,2024,남성,7
2,2,,,,2,2,2,2,3,2,3,2,1,1,1,1,1,1,1,1,3,3,2,2,2,2,3,2,2,1,2,2,1,2,2,480,gemini,2024,남성,7
3,1,1.0,1.0,2.0,2,3,3,3,3,2,3,3,2,2,2,2,2,4,3,3,4,4,3,3,2,3,3,3,2,1,2,2,1,2,2,481,gemini,2024,남성,7
2,2,,,,2,2,3,2,4,3,4,3,2,1,2,2,1,2,2,1,3,3,2,2,3,3,4,3,1,1,2,2,1,2,2,482,gemini,2024,남성,7
2,2,,,,2,2,3,2,4,4,4,3,3,2,2,3,2,2,3,2,4,3,2,2,2,3,3,3,1,1,2,2,1,2,2,483,gemini,2024,남성,7
2,2,,,,1,1,2,2,3,2,3,2,1,1,1,1,1,1,1,1,3,3,2,2,2,2,3,2,2,1,2,2,1,2,2,484,gemini,2024,남성,7
2,2,,,,1,2,2,2,3,2,3,2,1,1,1,1,1,2,2,1,3,3,2,2,2,3,2,2,2,1,2,2,1,2,2,485,gemini,2024,남성,7
2,2,,,,2,2,2,2,3,2,3,2,1,1,1,1,1,3,2,2,3,3,2,2,2,2,3,2,2,1,2,2,1,2,2,486,gemini,2024,남성,7
2,2,,,,2,2,2,2,3,2,3,2,1,1,1,1,2,2,2,2,3,3,2,2,3,3,4,3,2,1,2,2,1,2,2,487,gemini,2024,남성,8
2,2,,,,2,2,2,2,3,3,3,3,2,1,1,1,1,2,2,1,3,3,2,2,2,3,3,2,2,1,2,2,1,2,2,488,gemini,2024,남성,8
1,2,,,,1,1,1,1,2,1,2,1,1,1,1,1,1,1,1,1,2,2,1,1,2,2,1,1,2,2,2,2,2,2,2,489,gemini,2024,남성,8
2,2,,,,2,2,2,2,3,2,3,2,2,1,2,2,1,2,1,1,2,2,2,2,2,3,4,2,2,2,2,2,1,2,2,490,gemini,2024,남성,8
1,2,,,,1,1,1,1,2,1,2,1,1,1,1,1,1,1,1,1,2,2,1,1,2,2,2,2,2,1,2,2,1,2,2,491,gemini,2024,남성,8
2,2,,,,1,2,2,1,3,2,3,2,1,1,1,1,1,2,2,1,2,2,1,1,2,2,2,2,2,1,2,2,1,2,2,492,gemini,2024,남성,8
1,2,,,,1,1,1,1,3,2,2,2,1,1,1,1,1,1,1,1,2,2,2,1,2,2,3,2,2,1,2,2,1,2,2,493,gemini,2024,남성,8
2,2,,,,2,2,2,2,3,2,3,2,1,1,1,1,1,1,1,1,2,2,2,2,2,2,3,2,2,1,2,2,1,2,2,494,gemini,2024,남성,8
2,2,,,,1,1,2,1,3,2,2,2,1,1,1,1,1,1,1,1,2,2,1,1,2,2,3,2,2,1,2,2,1,2,2,495,gemini,2024,남성,8
1,2,,,,1,1,1,1,3,2,3,2,1,1,1,1,1,1,1,1,2,2,1,1,2,2,3,2,2,2,2,2,1,2,2,496,gemini,2024,남성,8
1,2,,,,1,1,1,1,2,1,2,1,1,1,1,1,1,1,1,1,2,2,1,1,2,2,3,1,2,2,2,2,1,2,2,497,gemini,2024,남성,8
1,2,,,,1,1,1,1,2,1,2,1,1,1,1,1,1,1,1,1,2,2,1,1,2,2,1,1,2,1,2,2,1,2,2,498,gemini,2024,남성,8
1,2,,,,1,2,2,2,3,2,2,1,1,1,1,1,1,1,1,1,2,2,1,1,2,2,3,2,2,2,2,2,1,2,2,499,gemini,2024,남성,8
1,2,,,,1,1,1,1,1,1,1,1,1,1,1,1,1,1,1,1,1,1,1,1,1,1,1,1,2,2,2,2,2,2,2,500,gemini,2024,남성,8
2,2,,,,1,1,1,1,2,1,2,1,1,1,1,1,1,1,1,1,2,2,1,1,2,2,2,2,2,2,2,2,1,2,2,501,gemini,2024,남성,8
1,2,,,,1,1,1,1,2,1,2,1,1,1,1,1,1,1,1,1,2,2,1,1,2,2,3,1,2,1,2,2,1,2,2,502,gemini,2024,남성,8
2,2,,,,2,2,2,2,3,3,3,3,1,1,1,1,1,1,1,1,3,3,2,2,2,3,3,2,2,1,2,2,1,2,2,503,gemini,2024,남성,8
2,2,,,,2,2,2,2,3,2,3,2,2,1,1,1,1,2,2,2,3,3,2,2,2,2,3,3,2,2,2,2,1,2,2,504,gemini,2024,남성,8
2,2,,,,1,2,2,2,3,2,2,2,1,1,1,1,1,1,1,1,2,2,2,1,2,2,2,2,2,2,2,2,1,2,2,505,gemini,2024,남성,8
2,2,,,,1,1,1,1,3,2,3,2,1,1,1,1,1,1,1,1,2,2,2,1,2,2,3,2,2,1,2,2,1,2,2,506,gemini,2024,남성,8
2,2,,,,2,3,3,2,4,3,4,3,2,1,2,2,2,2,3,2,4,3,2,2,2,3,3,3,2,1,2,2,1,2,2,507,gemini,2024,남성,8
2,2,,,,2,2,2,2,4,4,4,4,2,2,2,2,2,3,3,2,3,3,2,2,2,3,3,2,1,1,2,2,1,2,2,508,gemini,2024,남성,8
2,2,,,,2,3,3,2,4,4,4,4,2,2,3,2,1,1,1,1,4,3,3,3,3,3,4,3,2,1,1,2,1,2,2,509,gemini,2024,남성,8
2,2,,,,1,1,2,1,3,2,2,2,1,1,1,1,1,1,1,1,2,2,2,1,2,2,3,2,2,1,2,2,1,2,2,510,gemini,2024,남성,8
2,2,,,,1,2,2,1,3,2,3,2,1,1,1,1,1,2,2,1,3,3,2,2,2,2,3,3,2,1,2,2,1,2,2,511,gemini,2024,남성,8
2,2,,,,1,2,2,2,3,2,2,2,1,1,1,1,1,1,1,1,3,3,2,2,3,3,4,2,2,1,2,2,1,2,2,512,gemini,2024,남성,8
1,2,,,,1,1,1,1,2,1,2,1,1,1,1,1,1,1,1,1,2,2,1,1,2,2,3,1,2,1,2,2,1,2,2,513,gemini,2024,남성,8
2,2,,,,1,1,2,1,3,2,2,2,1,1,1,1,1,2,2,1,3,3,2,2,2,3,3,2,2,2,2,2,1,2,2,514,gemini,2024,남성,8
2,2,,,,1,1,1,1,2,1,2,1,1,1,1,1,1,1,1,1,2,2,1,1,2,2,3,1,2,1,2,2,1,2,2,515,gemini,2024,남성,8
1,2,,,,1,2,2,1,3,2,2,2,1,1,1,1,1,1,1,1,2,2,2,1,2,2,3,2,2,1,2,2,1,2,2,516,gemini,2024,남성,8
1,2,,,,1,1,1,1,3,2,2,2,1,1,1,1,1,1,1,1,2,2,1,1,2,2,3,1,2,2,2,2,2,2,2,517,gemini,2024,남성,8
2,2,,,,1,2,2,2,3,2,3,2,1,1,1,1,1,1,1,1,3,3,2,2,2,3,3,2,2,1,2,2,1,2,2,518,gemini,2024,남성,8
2,2,,,,2,2,2,2,4,3,4,3,2,1,1,1,1,2,2,1,3,3,3,2,3,3,4,3,2,1,2,2,1,2,2,519,gemini,2024,남성,8
1,2,,,,1,1,1,1,2,1,2,1,1,1,1,1,1,1,1,1,2,2,1,1,2,2,2,1,2,2,2,2,2,2,2,520,gemini,2024,남성,8
2,2,,,,1,2,2,2,4,3,4,3,1,1,1,1,1,1,1,1,3,3,2,1,2,2,3,1,2,1,2,2,1,2,2,521,gemini,2024,남성,8
2,2,,,,2,2,2,2,3,2,3,2,2,1,1,1,1,1,1,1,3,3,2,2,2,3,4,3,2,1,2,2,1,2,2,522,gemini,2024,남성,8
2,2,,,,1,2,2,2,3,2,3,2,1,1,1,1,1,2,2,1,3,3,2,2,2,3,3,2,2,1,2,2,1,2,2,523,gemini,2024,남성,8
2,2,,,,1,2,2,2,4,4,4,3,2,1,1,1,1,2,3,1,4,4,2,2,2,3,3,2,2,1,2,2,1,2,2,524,gemini,2024,남성,8
1,2,,,,1,1,1,1,2,1,2,1,1,1,1,1,1,2,1,1,2,2,2,1,2,2,2,2,2,2,2,2,2,2,2,525,gemini,2024,남성,8
2,2,,,,2,3,3,2,4,3,4,4,2,2,2,2,2,4,4,3,4,4,3,2,3,3,3,3,2,1,2,2,1,2,2,526,gemini,2024,남성,8
1,2,,,,1,1,1,1,2,1,2,1,1,1,1,1,1,1,1,1,2,2,2,1,2,2,2,2,2,1,2,2,1,2,2,527,gemini,2024,남성,8
2,2,,,,1,2,2,1,3,2,3,2,1,1,1,1,1,3,2,2,3,3,2,2,2,3,3,3,2,1,2,2,1,2,2,528,gemini,2024,남성,8
2,2,,,,2,3,3,2,4,4,4,3,2,2,2,2,1,2,2,1,3,3,4,4,2,3,3,3,2,1,2,2,1,2,2,529,gemini,2024,남성,8
2,2,,,,2,2,2,2,3,2,3,2,2,1,1,1,1,2,2,2,3,2,2,2,2,2,2,2,2,2,2,2,1,2,2,530,gemini,2024,남성,8
2,2,,,,2,2,3,2,4,3,4,3,2,1,2,1,1,2,2,2,4,3,3,2,3,3,4,3,2,1,2,2,1,2,2,531,gemini,2024,남성,8
2,2,,,,2,2,2,2,3,3,3,3,2,1,1,1,2,3,3,2,3,3,2,2,2,3,3,3,2,1,2,2,1,2,2,532,gemini,2024,남성,8
2,2,,,,1,2,2,2,3,2,2,2,1,1,1,1,1,1,1,1,2,2,1,1,2,2,2,2,2,1,2,2,1,2,2,533,gemini,2024,남성,8
1,2,,,,1,1,1,1,3,2,3,2,1,1,1,1,1,1,1,1,2,2,1,1,2,2,3,1,2,1,2,2,1,2,2,534,gemini,2024,남성,8
2,2,,,,2,2,2,2,3,2,3,2,2,1,1,1,1,1,1,1,3,3,2,2,2,2,3,2,2,1,2,2,1,2,2,535,gemini,2024,남성,8
2,2,,,,2,2,2,2,3,2,3,2,2,1,2,1,1,2,2,1,3,3,2,2,2,3,3,3,2,1,2,2,1,2,2,536,gemini,2024,남성,8
2,2,,,,1,2,2,2,3,2,2,2,1,1,1,1,1,2,2,1,3,3,2,2,2,3,3,2,2,1,2,2,1,2,2,537,gemini,2024,남성,8
1,2,,,,1,1,1,1,3,2,3,2,1,1,1,1,1,1,1,1,2,2,1,1,2,2,3,1,2,2,2,2,1,2,2,538,gemini,2024,남성,8
1,2,,,,1,1,1,1,2,1,2,1,1,1,1,1,1,1,1,1,2,2,1,1,2,2,1,1,2,1,2,2,1,2,2,539,gemini,2024,남성,8
2,2,,,,2,2,2,1,3,3,3,3,2,1,2,1,1,2,3,2,2,2,2,1,2,2,3,2,2,1,2,2,1,2,2,540,gemini,2024,남성,8
1,2,,,,1,1,1,1,2,1,2,1,1,1,1,1,1,1,1,1,2,2,1,1,2,2,3,1,2,2,2,2,1,2,2,541,gemini,2024,남성,8
2,2,,,,1,2,2,1,3,2,3,2,1,1,1,1,1,1,1,1,3,3,2,2,2,3,4,2,2,1,2,2,1,2,2,542,gemini,2024,남성,8
1,2,,,,1,1,1,1,3,2,2,2,3,1,1,1,1,4,3,2,2,2,1,1,2,2,2,2,2,2,2,2,2,2,2,543,gemini,2024,남성,8
1,2,,,,1,1,1,1,2,1,2,1,1,1,1,1,1,1,1,1,2,2,1,1,2,2,2,1,2,2,2,2,2,2,2,544,gemini,2024,남성,8
1,2,,,,1,1,1,1,2,1,1,1,1,1,1,1,1,1,1,1,2,2,1,1,2,2,2,1,2,2,2,2,2,2,2,545,gemini,2024,남성,8
3,1,1.0,4.0,2.0,2,3,3,2,4,3,4,3,1,1,1,1,2,3,3,3,4,4,3,3,3,3,4,3,2,1,2,2,1,2,2,546,gemini,2024,남성,8
2,2,,,,2,2,2,1,3,2,3,2,2,1,2,2,1,1,1,1,2,2,2,1,2,2,3,2,2,1,2,2,1,2,2,547,gemini,2024,남성,8
1,2,,,,1,1,1,1,2,1,1,1,1,1,1,1,1,1,1,1,2,2,1,1,2,2,2,1,2,2,2,2,2,2,2,548,gemini,2024,남성,8
2,2,,,,2,3,3,2,4,4,4,3,2,2,2,2,1,2,2,1,4,3,3,2,3,3,4,3,2,1,2,2,1,2,2,549,gemini,2024,남성,8
2,2,,,,1,2,2,1,3,2,3,2,1,1,1,1,1,1,1,1,2,2,2,1,2,2,3,2,2,1,2,2,1,2,2,550,gemini,2024,남성,8
1,2,,,,1,1,1,1,3,2,2,2,1,1,1,1,1,1,1,1,2,2,1,1,2,2,2,2,2,1,2,2,1,2,2,551,gemini,2024,남성,8
1,2,,,,1,1,1,1,2,1,2,1,1,1,1,1,1,1,1,1,2,2,1,1,2,2,4,2,2,2,2,2,1,2,2,552,gemini,2024,남성,8
2,2,,,,1,1,2,1,3,2,2,2,2,1,1,1,1,2,2,1,3,3,2,2,2,3,4,3,2,1,2,2,1,2,2,553,gemini,2024,남성,8
1,2,,,,1,2,2,1,3,2,3,2,1,1,1,1,1,1,1,1,3,3,2,2,2,3,4,2,2,1,2,2,1,2,2,554,gemini,2024,남성,8
2,2,,,,1,2,2,2,3,2,2,2,1,1,1,1,1,1,1,1,3,3,2,2,2,3,4,2,2,1,2,2,1,2,2,555,gemini,2024,남성,8
2,2,,,,2,2,2,2,3,2,3,2,1,1,1,1,1,2,2,1,3,3,2,2,2,3,4,2,2,1,2,2,1,2,2,556,gemini,2024,남성,8
1,2,,,,1,1,1,1,3,2,3,2,1,1,1,1,1,1,1,1,2,2,1,1,2,2,2,2,2,1,2,2,1,2,2,557,gemini,2024,남성,8
1,2,,,,1,1,2,1,2,2,2,2,1,1,1,1,1,1,1,1,2,2,1,1,2,2,2,1,2,1,2,2,1,2,2,558,gemini,2024,남성,8
1,2,,,,1,1,1,1,2,1,2,1,1,1,1,1,1,1,1,1,2,2,1,1,2,2,3,1,2,1,2,2,1,2,2,559,gemini,2024,남성,8
1,2,,,,1,1,1,1,2,1,2,1,1,1,1,1,1,1,1,1,2,2,1,1,2,2,3,1,2,2,2,2,1,2,2,560,gemini,2024,남성,8
2,2,,,,2,2,3,2,3,2,3,3,2,1,1,1,1,2,2,2,3,3,2,2,2,3,2,3,1,1,2,2,1,2,2,561,gemini,2024,남성,8
2,2,,,,2,3,3,2,4,3,4,3,2,1,2,2,1,2,2,2,4,3,3,3,2,3,4,3,2,1,2,2,1,2,2,562,gemini,2024,남성,8
2,2,,,,1,2,2,2,3,2,3,2,1,1,1,1,1,1,1,1,2,2,2,1,2,2,3,2,2,1,2,2,1,2,2,563,gemini,2024,남성,8
2,2,,,,2,2,3,2,3,2,3,3,2,1,1,1,1,2,2,2,3,3,2,2,2,3,3,3,2,1,2,2,1,2,2,564,gemini,2024,남성,8
2,2,,,,1,2,2,2,3,2,3,2,1,1,1,1,1,1,1,1,3,3,2,2,2,2,3,2,2,1,2,2,1,2,2,565,gemini,2024,남성,8
1,2,,,,1,1,2,1,3,2,2,2,1,1,1,1,1,1,1,1,2,2,2,1,2,2,3,2,2,2,2,2,1,2,2,566,gemini,2024,남성,8
1,2,,,,1,1,1,1,2,1,2,1,1,1,1,1,1,1,1,1,2,2,1,1,2,1,2,1,2,2,2,2,2,2,2,567,gemini,2024,남성,8
1,2,,,,1,1,1,1,2,1,1,1,1,1,1,1,1,1,1,1,2,2,1,1,2,2,2,2,2,2,2,2,2,2,2,568,gemini,2024,남성,8
2,2,,,,1,1,2,1,3,2,3,2,1,1,1,1,1,1,1,1,3,3,2,1,2,2,3,2,2,1,2,2,1,2,2,569,gemini,2024,남성,8
1,2,,,,1,1,1,1,2,1,2,1,1,1,1,1,1,1,1,1,2,2,1,1,2,2,2,1,2,2,2,2,2,2,2,570,gemini,2024,남성,8
3,1,1.0,3.0,2.0,2,3,3,2,4,4,4,4,4,3,3,3,2,2,2,2,4,4,4,4,3,3,3,3,1,1,1,1,1,2,1,571,gemini,2024,여성,2
2,2,,,,2,2,3,2,4,3,4,3,3,1,1,1,1,2,2,2,3,3,3,3,2,3,3,3,1,1,2,1,1,2,2,572,gemini,2024,여성,2
3,1,1.0,3.0,2.0,2,2,3,2,4,3,4,3,3,2,2,2,1,2,2,2,4,3,4,4,2,2,3,3,1,1,1,1,1,2,1,573,gemini,2024,여성,2
3,1,1.0,3.0,2.0,3,3,4,2,5,4,5,4,3,3,3,3,2,2,3,2,4,4,5,4,3,3,4,4,1,1,1,1,1,1,1,574,gemini,2024,여성,2
3,1,1.0,3.0,2.0,2,3,3,2,4,4,4,3,4,3,3,3,2,2,2,2,4,3,4,4,3,3,3,3,1,1,1,1,1,1,1,575,gemini,2024,여성,2
3,1,1.0,4.0,2.0,2,3,3,2,4,3,4,3,3,2,2,2,1,2,2,2,4,3,4,4,3,3,3,4,1,1,1,1,1,2,1,576,gemini,2024,여성,2
3,1,1.0,3.0,2.0,2,2,2,1,4,3,4,3,3,2,2,2,1,3,3,2,3,3,3,3,2,3,3,3,1,1,2,1,1,2,2,577,gemini,2024,여성,2
3,1,1.0,3.0,2.0,3,3,4,2,5,5,5,4,4,3,3,4,2,2,3,2,4,4,5,4,3,3,4,4,1,1,1,1,1,1,1,578,gemini,2024,여성,2
3,1,1.0,4.0,2.0,2,3,3,2,4,3,4,3,3,2,2,2,2,2,3,2,4,3,4,4,3,3,3,4,1,1,1,1,1,2,1,579,gemini,2024,여성,2
3,1,1.0,3.0,2.0,2,3,3,2,4,3,4,3,4,2,3,3,1,2,2,2,4,3,4,4,3,3,3,3,1,1,1,1,1,2,1,580,gemini,2024,여성,2
3,1,1.0,3.0,2.0,2,3,3,2,4,4,4,3,3,2,2,3,1,2,2,2,4,3,4,4,3,3,3,3,1,1,1,1,1,2,1,581,gemini,2024,여성,2
3,1,1.0,3.0,2.0,2,3,3,2,5,4,5,4,3,2,3,3,2,2,3,2,4,4,4,4,3,3,4,4,1,1,1,1,1,2,1,582,gemini,2024,여성,2
3,1,1.0,4.0,2.0,2,3,3,2,4,3,4,3,3,2,2,2,2,3,3,2,4,3,4,4,2,3,3,3,1,1,1,1,1,2,1,583,gemini,2024,여성,2
3,1,1.0,3.0,2.0,2,2,3,2,4,3,4,3,2,1,2,2,1,2,2,1,4,3,4,4,3,3,4,4,1,1,1,1,1,2,2,584,gemini,2024,여성,2
3,1,1.0,3.0,2.0,3,3,4,2,5,4,5,4,4,3,4,4,2,2,3,2,4,3,4,4,3,3,4,3,1,1,1,1,1,2,1,585,gemini,2024,여성,2
3,1,1.0,4.0,2.0,2,3,3,2,4,3,4,3,2,2,2,2,2,3,3,3,4,4,3,3,2,3,3,3,1,1,2,1,1,2,2,586,gemini,2024,여성,2
3,1,1.0,4.0,2.0,2,2,3,2,4,3,4,3,2,1,1,1,2,3,3,2,4,3,3,4,2,3,3,3,1,1,1,1,1,2,2,587,gemini,2024,여성,2
2,2,,,,2,2,3,2,3,2,3,2,2,1,2,2,1,2,2,2,3,3,3,3,2,3,3,3,1,1,1,1,1,2,2,588,gemini,2024,여성,2
3,1,1.0,3.0,2.0,2,2,3,2,4,4,4,3,3,2,3,3,1,2,2,2,4,3,4,4,3,3,4,3,1,1,1,1,1,2,2,589,gemini,2024,여성,2
2,2,,,,2,2,3,2,4,4,4,3,3,2,2,2,1,2,2,1,3,3,3,3,2,3,4,3,1,1,1,1,1,2,1,590,gemini,2024,여성,2
3,1,1.0,4.0,2.0,2,2,3,2,4,4,4,3,3,2,2,2,1,2,2,2,4,3,4,4,3,3,4,3,1,1,1,1,1,1,1,591,gemini,2024,여성,2
3,1,1.0,3.0,2.0,3,3,4,2,5,4,5,4,4,3,4,4,2,2,3,2,4,3,4,4,3,3,4,4,1,1,1,1,1,2,1,592,gemini,2024,여성,2
3,1,1.0,3.0,2.0,4,3,4,2,5,5,5,4,4,3,4,4,2,2,3,2,4,3,5,4,3,3,4,4,1,1,1,1,1,1,1,593,gemini,2024,여성,2
2,2,,,,1,2,2,1,3,2,3,2,2,1,1,1,1,2,2,1,3,3,3,3,2,3,3,3,1,1,2,1,1,2,2,594,gemini,2024,여성,2
3,1,1.0,4.0,2.0,2,3,3,2,4,3,4,3,3,2,2,2,2,2,3,2,4,3,4,4,3,3,4,4,1,1,1,1,1,1,1,595,gemini,2024,여성,2
3,1,6.0,3.0,2.0,2,2,3,2,4,4,4,3,4,2,2,3,2,3,3,2,3,3,3,3,2,3,3,3,1,1,1,1,1,2,1,596,gemini,2024,여성,2
3,1,1.0,3.0,2.0,3,3,4,2,5,4,5,4,4,3,3,4,2,3,3,2,4,4,5,5,3,3,4,4,1,1,1,1,1,1,1,597,gemini,2024,여성,2
2,2,,,,1,2,2,1,3,2,3,2,2,1,1,1,1,1,1,1,2,2,2,2,2,2,3,2,2,1,2,2,1,2,2,598,gemini,2024,여성,2
3,1,7.0,3.0,2.0,2,2,3,2,4,4,4,4,5,3,3,3,2,3,4,3,4,3,4,4,2,3,3,4,1,1,1,1,1,2,1,599,gemini,2024,여성,2
3,1,1.0,3.0,2.0,2,3,3,2,4,4,4,4,3,2,2,2,2,3,3,3,4,4,4,4,3,3,3,4,1,1,1,1,1,2,1,600,gemini,2024,여성,2
3,1,1.0,3.0,2.0,2,2,3,1,4,4,4,3,3,2,2,3,1,1,2,1,3,3,4,4,2,2,4,3,1,1,1,1,1,2,2,601,gemini,2024,여성,2
3,1,1.0,3.0,2.0,2,3,3,2,4,4,4,3,3,2,3,3,1,2,2,2,4,3,4,4,3,3,4,3,1,1,1,1,1,2,1,602,gemini,2024,여성,2
2,2,,,,2,2,3,2,4,4,4,3,3,2,2,3,1,1,1,1,3,3,3,3,2,2,2,2,1,1,1,1,1,2,2,603,gemini,2024,여성,2
3,1,1.0,4.0,2.0,2,3,3,2,4,3,4,3,2,1,1,1,1,2,2,2,4,3,4,4,3,3,3,3,1,1,1,1,1,2,2,604,gemini,2024,여성,2
3,1,1.0,3.0,2.0,2,3,3,2,4,4,4,3,3,2,3,3,1,2,2,1,4,3,4,4,3,3,4,3,1,1,1,1,1,2,2,605,gemini,2024,여성,2
3,1,1.0,3.0,2.0,2,3,3,2,4,4,4,3,3,2,3,3,2,2,3,2,4,3,4,4,3,3,3,3,1,1,1,1,1,2,1,606,gemini,2024,여성,2
3,1,1.0,3.0,2.0,3,3,3,2,5,4,5,4,4,3,4,4,2,2,2,2,4,3,4,4,3,3,3,3,1,1,1,1,1,2,1,607,gemini,2024,여성,2
3,1,1.0,3.0,2.0,3,2,3,2,5,5,5,4,4,3,4,4,1,1,2,1,4,3,4,4,3,3,4,4,1,1,1,1,1,2,1,608,gemini,2024,여성,2
3,1,1.0,3.0,2.0,2,3,3,2,4,4,4,3,3,2,3,3,2,2,3,2,4,3,4,4,3,3,4,4,1,1,1,1,1,2,1,609,gemini,2024,여성,2
3,1,1.0,3.0,2.0,2,2,3,2,4,4,4,3,3,2,3,3,1,1,2,1,4,3,4,4,3,3,3,3,1,1,1,1,1,2,1,610,gemini,2024,여성,2
2,2,,,,2,2,2,2,4,4,4,3,2,2,2,2,1,2,2,1,3,3,3,3,2,3,3,3,1,1,2,1,1,2,1,611,gemini,2024,여성,2
3,1,1.0,3.0,2.0,3,3,4,2,5,4,5,4,3,2,3,3,1,2,2,2,4,3,4,4,3,3,4,3,1,1,1,1,1,2,1,612,gemini,2024,여성,2
3,1,1.0,3.0,2.0,2,3,3,2,4,3,4,3,3,2,2,2,2,3,3,2,4,3,4,4,3,3,3,3,1,1,1,1,1,2,1,613,gemini,2024,여성,2
3,1,1.0,4.0,2.0,2,3,3,2,4,3,4,3,2,2,2,2,1,2,2,2,4,3,4,4,3,3,3,3,1,1,1,1,1,2,1,614,gemini,2024,여성,2
2,2,,,,2,2,3,1,4,4,4,3,4,3,3,3,1,1,1,1,3,3,4,4,2,2,3,2,1,1,1,1,1,2,2,615,gemini,2024,여성,2
3,1,1.0,3.0,2.0,2,2,2,1,4,3,4,3,2,2,2,2,1,2,2,2,4,3,4,4,3,3,4,4,1,1,1,1,1,2,2,616,gemini,2024,여성,2
3,1,1.0,3.0,2.0,3,3,3,2,5,4,4,4,3,3,4,4,2,2,3,2,4,4,4,4,3,3,4,3,1,1,1,1,1,2,1,617,gemini,2024,여성,2
3,1,1.0,3.0,2.0,2,2,3,2,4,4,4,3,3,2,2,2,2,3,3,2,4,3,4,4,2,3,3,4,1,1,1,1,1,2,1,618,gemini,2024,여성,2
3,1,8.0,3.0,2.0,2,2,3,1,4,4,4,3,4,2,2,3,1,2,3,2,4,3,3,4,2,3,3,3,1,1,1,1,1,2,2,619,gemini,2024,여성,2
3,1,1.0,4.0,2.0,2,3,3,2,4,4,4,3,3,2,2,3,2,2,3,2,4,4,4,4,3,3,3,3,1,1,1,1,1,2,1,620,gemini,2024,여성,2
3,1,1.0,3.0,2.0,2,3,3,2,4,4,4,3,3,2,3,3,1,2,2,2,4,3,4,4,2,3,3,3,1,1,1,1,1,2,1,621,gemini,2024,여성,2
3,1,1.0,3.0,2.0,2,3,3,2,4,4,4,3,3,2,3,3,2,2,2,2,4,3,5,4,3,3,4,4,1,1,1,1,1,1,1,622,gemini,2024,여성,2
3,1,1.0,3.0,2.0,2,2,3,2,4,4,4,3,3,2,2,2,2,3,3,2,4,3,4,4,3,3,4,3,1,1,1,1,1,2,1,623,gemini,2024,여성,2
2,1,1.0,4.0,2.0,2,2,3,2,4,3,4,3,2,2,2,2,1,2,2,2,4,4,4,4,3,3,3,3,1,1,1,1,1,2,1,624,gemini,2024,여성,2
3,1,1.0,3.0,2.0,3,3,3,2,4,4,5,4,3,3,3,3,2,2,2,2,4,4,4,4,3,3,3,4,1,1,1,1,1,2,1,625,gemini,2024,여성,2
3,1,1.0,4.0,2.0,2,3,3,2,4,3,4,3,3,2,2,3,2,3,3,3,4,4,4,4,3,3,4,3,1,1,1,1,1,2,1,626,gemini,2024,여성,2
3,1,1.0,3.0,2.0,2,3,3,2,4,4,4,4,3,3,3,3,2,2,3,2,4,3,4,4,3,3,4,3,1,1,1,1,1,2,1,627,gemini,2024,여성,2
3,1,7.0,3.0,2.0,2,2,3,2,4,4,4,3,3,2,2,2,2,3,3,2,4,3,4,4,2,3,3,3,1,1,1,1,1,2,1,628,gemini,2024,여성,2
3,1,1.0,4.0,2.0,2,2,3,2,4,4,4,3,3,2,2,2,1,2,2,2,4,3,4,4,3,3,4,3,1,1,1,1,1,2,1,629,gemini,2024,여성,2
3,1,1.0,4.0,2.0,2,3,3,2,4,3,4,3,2,2,2,2,1,2,3,2,4,3,4,4,3,3,4,4,1,1,1,1,1,2,1,630,gemini,2024,여성,2
3,1,1.0,3.0,2.0,3,3,4,2,5,4,4,4,4,3,4,4,2,2,3,2,4,3,4,4,3,3,3,3,1,1,1,1,1,2,1,631,gemini,2024,여성,2
3,1,1.0,3.0,2.0,3,3,4,2,5,4,5,4,4,3,3,3,2,2,3,2,4,3,4,4,3,3,4,4,1,1,1,1,1,2,1,632,gemini,2024,여성,2
3,1,1.0,3.0,2.0,3,3,4,2,5,4,5,4,4,3,4,4,2,2,3,2,4,4,4,4,3,3,4,4,1,1,1,1,1,2,1,633,gemini,2024,여성,2
3,1,1.0,3.0,2.0,2,2,3,2,4,4,4,3,4,2,3,3,2,2,3,2,4,3,4,4,3,3,4,3,1,1,1,1,1,1,1,634,gemini,2024,여성,2
3,1,1.0,4.0,2.0,2,3,3,2,4,3,4,3,3,2,3,2,2,4,3,4,4,4,4,4,2,3,3,4,1,1,1,1,1,2,1,635,gemini,2024,여성,2
3,1,1.0,4.0,2.0,2,3,3,2,4,3,4,3,2,2,2,2,1,2,2,2,4,3,4,4,2,3,3,3,1,1,2,1,1,2,2,636,gemini,2024,여성,2
2,1,1.0,3.0,2.0,2,2,3,2,4,4,4,3,3,2,2,3,1,2,2,1,3,3,4,4,2,3,3,3,1,1,1,1,1,2,1,637,gemini,2024,여성,2
3,1,1.0,4.0,2.0,2,3,3,2,4,4,4,3,3,2,2,2,2,2,3,2,4,3,4,4,3,3,3,3,1,1,1,1,1,2,2,638,gemini,2024,여성,2
3,1,1.0,3.0,2.0,2,3,3,2,4,3,4,3,3,2,2,2,2,4,4,4,4,3,4,4,2,3,3,3,1,1,1,1,1,2,1,639,gemini,2024,여성,2
3,1,1.0,4.0,2.0,2,2,2,2,3,3,3,3,2,2,2,2,2,3,3,3,4,4,4,4,3,3,3,3,1,1,2,1,1,2,1,640,gemini,2024,여성,3
2,2,,,,2,2,2,1,4,3,4,3,3,2,2,3,1,1,1,1,3,3,3,2,2,3,4,3,1,1,1,1,1,2,2,641,gemini,2024,여성,3
3,1,1.0,4.0,2.0,2,3,3,3,4,3,4,3,2,2,2,2,2,4,3,3,4,4,4,4,2,3,3,4,1,1,2,1,1,2,1,642,gemini,2024,여성,3
3,1,1.0,1.0,2.0,2,3,3,3,4,4,4,4,4,2,3,3,2,4,4,3,4,4,4,4,3,3,3,4,1,1,1,1,1,2,1,643,gemini,2024,여성,3
3,1,1.0,3.0,2.0,2,3,3,2,4,4,4,3,3,2,2,3,1,2,2,1,3,3,4,4,3,3,4,3,1,1,1,1,1,2,1,644,gemini,2024,여성,3
3,1,1.0,2.0,2.0,2,3,3,2,4,4,4,4,3,2,2,3,2,4,3,3,4,4,4,4,2,3,3,3,1,1,1,1,1,2,1,645,gemini,2024,여성,3
3,1,1.0,4.0,2.0,2,3,3,3,3,2,3,3,2,2,2,2,2,4,3,3,4,4,4,4,2,3,3,3,1,1,2,1,1,2,1,646,gemini,2024,여성,3
2,2,,,,1,2,2,2,4,3,4,3,3,1,2,2,1,2,2,1,3,3,3,3,2,2,3,2,1,1,1,1,1,2,2,647,gemini,2024,여성,3
3,1,1.0,1.0,2.0,2,3,3,3,4,3,4,3,2,2,2,2,2,4,3,3,4,4,4,4,3,4,3,4,1,1,1,1,1,2,1,648,gemini,2024,여성,3
3,1,1.0,4.0,2.0,2,3,3,2,4,3,4,3,4,2,3,2,2,3,3,2,4,4,4,4,2,3,3,3,1,1,1,1,1,2,1,649,gemini,2024,여성,3
2,1,1.0,4.0,2.0,2,3,3,2,4,4,4,3,3,2,2,2,1,2,2,1,4,3,4,4,3,3,4,4,1,1,1,1,1,2,1,650,gemini,2024,여성,3
3,1,1.0,4.0,2.0,2,3,3,3,4,3,4,3,3,2,2,2,1,2,2,2,4,3,3,3,2,2,3,3,1,1,1,1,1,2,1,651,gemini,2024,여성,3
3,1,1.0,4.0,2.0,2,3,3,2,4,3,4,3,2,2,2,2,1,2,2,2,4,3,4,4,3,3,4,4,1,1,1,1,1,2,1,652,gemini,2024,여성,3
3,1,1.0,4.0,2.0,2,4,4,3,4,3,4,4,3,2,2,2,2,4,3,3,4,4,4,4,2,3,3,4,1,1,1,1,1,2,1,653,gemini,2024,여성,3
3,1,1.0,3.0,2.0,2,2,2,2,4,3,4,4,4,2,3,3,2,4,4,3,4,3,3,3,3,3,3,3,1,1,1,1,1,2,1,654,gemini,2024,여성,3
3,1,1.0,4.0,2.0,2,3,3,2,4,4,4,4,3,2,3,3,2,3,3,3,4,4,4,4,3,3,3,4,1,1,1,1,1,2,1,655,gemini,2024,여성,3
2,2,,,,2,3,3,2,3,2,3,2,1,1,1,1,1,1,1,1,3,3,3,3,2,2,3,3,1,1,2,1,1,2,1,656,gemini,2024,여성,3
3,1,1.0,4.0,2.0,2,3,3,3,4,4,4,3,3,2,2,3,1,2,2,2,4,4,4,4,3,4,4,3,1,1,1,1,1,2,1,657,gemini,2024,여성,3
3,1,1.0,4.0,2.0,3,4,4,3,4,4,4,4,3,3,3,3,2,3,4,3,4,4,4,4,3,3,3,4,1,1,1,1,1,2,1,658,gemini,2024,여성,3
2,1,1.0,4.0,2.0,2,2,3,2,4,3,4,3,2,1,1,1,1,2,2,2,4,4,3,3,2,3,3,3,1,1,1,1,1,2,1,659,gemini,2024,여성,3
2,2,,,,2,3,3,2,4,4,4,3,3,2,3,2,1,1,2,1,4,3,4,4,3,3,4,4,1,1,1,1,1,2,1,660,gemini,2024,여성,3
2,1,1.0,5.0,2.0,2,3,3,2,4,4,4,3,4,3,3,3,1,2,2,2,4,3,4,4,3,3,4,3,1,1,1,1,1,2,1,661,gemini,2024,여성,3
3,1,1.0,1.0,2.0,2,4,3,4,3,2,3,3,2,2,2,2,2,4,3,4,4,4,4,4,3,4,3,4,1,1,2,1,1,2,1,662,gemini,2024,여성,3
3,1,1.0,3.0,2.0,2,2,3,2,4,4,4,3,4,2,3,3,2,2,3,2,4,3,4,4,3,3,3,3,1,1,1,1,1,2,1,663,gemini,2024,여성,3
3,1,1.0,3.0,2.0,2,2,3,1,4,4,4,3,3,2,3,3,1,1,2,1,4,3,4,4,3,3,4,4,1,1,1,1,1,2,1,664,gemini,2024,여성,3
3,1,1.0,4.0,2.0,2,3,3,2,4,3,4,3,2,2,2,2,2,3,3,2,4,4,4,4,2,3,3,3,1,1,1,1,1,2,1,665,gemini,2024,여성,3
3,1,1.0,4.0,2.0,2,3,3,3,4,3,4,3,2,2,2,2,1,2,2,2,4,4,3,3,3,3,3,3,1,1,1,1,1,2,1,666,gemini,2024,여성,3
4,1,1.0,4.0,2.0,2,3,3,3,4,3,4,3,2,2,2,2,2,4,3,3,4,4,4,4,3,3,4,4,1,1,1,1,1,2,1,667,gemini,2024,여성,3
3,1,1.0,1.0,2.0,2,4,4,4,4,3,4,3,3,2,2,2,3,4,3,3,4,4,4,4,3,4,3,4,1,1,2,1,1,2,1,668,gemini,2024,여성,3
3,1,1.0,4.0,2.0,2,3,3,3,4,3,4,3,2,2,2,2,1,2,2,2,4,4,4,4,3,3,4,4,1,1,1,1,1,2,1,669,gemini,2024,여성,3
2,1,1.0,3.0,2.0,2,3,3,2,4,4,4,3,3,2,2,2,1,2,2,2,4,3,4,4,3,3,3,3,1,1,1,1,1,2,1,670,gemini,2024,여성,3
3,1,1.0,1.0,2.0,2,3,3,4,4,3,4,3,3,2,2,2,2,2,3,2,4,4,3,3,3,4,3,3,1,1,1,1,1,2,1,671,gemini,2024,여성,3
3,1,1.0,4.0,2.0,2,2,3,2,3,3,3,3,3,2,2,2,1,2,2,2,3,3,3,3,2,3,3,3,1,1,1,1,1,2,1,672,gemini,2024,여성,3
3,1,1.0,4.0,2.0,2,3,3,2,4,4,4,3,3,2,3,3,1,2,2,2,4,4,4,4,3,3,3,3,1,1,1,1,1,2,1,673,gemini,2024,여성,3
3,1,1.0,4.0,2.0,2,2,2,2,3,2,3,2,3,1,1,1,2,3,3,2,3,3,3,3,2,3,2,3,1,1,2,1,1,2,1,674,gemini,2024,여성,3
3,1,1.0,3.0,2.0,2,3,3,2,4,4,4,4,3,2,2,2,3,4,3,3,4,4,4,4,2,3,2,3,1,1,1,1,1,2,1,675,gemini,2024,여성,3
3,1,1.0,4.0,2.0,2,3,3,3,4,3,4,3,3,2,2,3,1,2,2,2,4,4,3,3,3,3,3,3,1,1,1,1,1,2,1,676,gemini,2024,여성,3
3,1,1.0,3.0,2.0,2,3,3,2,4,4,4,4,3,2,3,3,2,4,3,2,4,3,4,4,3,3,3,3,1,1,1,1,1,2,1,677,gemini,2024,여성,3
3,1,1.0,1.0,2.0,2,3,3,4,4,3,4,3,2,2,2,2,2,3,3,2,4,4,4,4,3,3,3,3,1,1,1,1,1,2,1,678,gemini,2024,여성,3
2,2,,,,2,2,3,2,4,3,4,3,2,2,2,2,1,2,2,2,4,3,3,3,2,3,3,3,1,1,1,1,1,2,1,679,gemini,2024,여성,3
3,1,1.0,4.0,2.0,2,3,3,3,4,3,4,3,3,2,2,2,2,4,3,3,4,4,4,4,3,3,3,4,1,1,1,1,1,2,1,680,gemini,2024,여성,3
3,1,1.0,4.0,2.0,2,3,3,3,4,4,4,3,3,2,2,3,1,2,2,2,4,4,4,4,3,3,3,3,1,1,1,1,1,2,1,681,gemini,2024,여성,3
3,1,1.0,4.0,2.0,2,3,3,2,4,3,3,3,2,1,1,1,1,2,2,2,4,3,3,3,2,3,3,3,1,1,2,1,1,2,1,682,gemini,2024,여성,3
3,1,1.0,4.0,2.0,2,3,3,2,4,3,4,3,2,2,2,2,1,2,2,2,4,4,3,3,3,3,3,3,1,1,1,1,1,2,1,683,gemini,2024,여성,3
2,2,,,,2,2,3,2,4,3,4,3,2,1,1,1,1,2,2,1,4,3,3,3,2,3,3,3,1,1,1,1,1,2,2,684,gemini,2024,여성,3
3,1,1.0,4.0,2.0,2,3,3,2,4,3,4,3,3,2,3,3,1,2,2,1,4,3,4,4,3,3,4,3,1,1,1,1,1,2,1,685,gemini,2024,여성,3
3,1,1.0,4.0,2.0,2,3,3,2,4,3,4,3,2,2,2,2,2,3,3,3,4,4,4,4,3,3,3,4,1,1,1,1,1,2,1,686,gemini,2024,여성,3
2,2,,,,2,3,3,2,4,3,4,3,2,1,2,2,1,2,2,1,3,3,4,4,2,2,3,3,1,1,1,1,1,2,2,687,gemini,2024,여성,3
3,1,1.0,3.0,2.0,2,3,3,2,4,4,4,3,4,2,3,3,1,2,3,2,4,3,3,3,2,3,3,3,1,1,1,1,1,2,1,688,gemini,2024,여성,3
3,1,1.0,4.0,2.0,2,3,3,2,4,3,4,3,2,2,2,2,2,3,3,2,4,4,4,4,3,3,3,3,1,1,1,1,1,2,1,689,gemini,2024,여성,3
2,2,,,,2,3,3,2,4,4,4,4,3,2,3,3,1,2,2,2,4,3,3,3,3,3,3,3,1,1,1,1,1,2,1,690,gemini,2024,여성,3
3,1,1.0,4.0,2.0,2,3,3,2,4,3,4,3,2,2,2,2,1,2,2,2,4,4,4,4,3,3,4,3,1,1,1,1,1,2,1,691,gemini,2024,여성,3
3,1,7.0,3.0,2.0,2,2,3,2,5,4,4,4,4,3,3,3,1,2,2,2,4,3,4,4,2,3,3,3,1,1,1,1,1,2,1,692,gemini,2024,여성,3
3,1,1.0,4.0,2.0,2,3,3,2,4,3,4,3,4,2,3,2,2,3,3,2,4,3,3,4,2,3,3,3,1,1,1,1,1,2,1,693,gemini,2024,여성,3
3,1,1.0,4.0,2.0,2,3,3,2,4,3,4,3,2,2,2,2,2,3,3,2,4,4,4,4,3,3,3,3,1,1,1,1,1,2,1,694,gemini,2024,여성,3
3,1,1.0,4.0,2.0,2,4,4,3,4,3,4,3,2,2,2,2,2,3,3,3,4,4,4,4,3,3,3,4,1,1,1,1,1,2,1,695,gemini,2024,여성,3
3,1,1.0,3.0,2.0,3,3,4,2,5,4,4,4,4,3,4,4,2,2,3,2,4,4,4,4,3,3,3,4,1,1,1,1,1,2,1,696,gemini,2024,여성,3
3,1,1.0,4.0,2.0,2,3,3,2,4,3,4,3,3,2,2,2,1,2,2,2,3,3,3,3,2,3,3,3,1,1,1,1,1,2,1,697,gemini,2024,여성,3
3,1,1.0,4.0,2.0,2,3,4,3,4,4,4,4,3,2,3,3,2,2,3,2,4,4,4,4,3,3,3,4,1,1,1,1,1,2,1,698,gemini,2024,여성,3
3,1,1.0,4.0,2.0,2,3,3,2,4,3,4,3,2,2,2,2,1,2,2,2,4,4,4,4,3,3,3,3,1,1,1,1,1,2,1,699,gemini,2024,여성,3
2,2,,,,2,2,2,2,4,3,4,3,2,2,2,2,1,2,2,1,3,3,3,3,2,3,3,3,1,1,2,1,1,2,2,700,gemini,2024,여성,3
3,1,1.0,4.0,2.0,3,3,4,2,5,4,4,4,4,3,4,4,1,1,2,2,4,3,4,4,3,3,4,4,1,1,1,1,1,2,1,701,gemini,2024,여성,3
3,1,1.0,4.0,2.0,2,3,3,3,4,4,4,3,3,2,2,2,1,2,2,2,4,4,4,4,3,3,3,4,1,1,1,1,1,2,1,702,gemini,2024,여성,3
3,1,1.0,4.0,2.0,2,3,3,3,4,4,4,4,4,3,4,4,2,2,3,2,4,4,4,4,3,3,4,4,1,1,1,1,1,2,1,703,gemini,2024,여성,3
3,1,1.0,4.0,2.0,3,4,4,3,4,4,4,4,3,3,3,3,2,3,3,3,4,4,4,4,3,3,3,3,1,1,1,1,1,2,1,704,gemini,2024,여성,3
3,1,8.0,3.0,1.0,2,3,3,2,5,4,5,4,4,3,3,3,2,3,4,3,4,3,4,4,3,3,3,4,1,1,1,1,1,2,1,705,gemini,2024,여성,3
3,1,1.0,1.0,2.0,2,3,3,3,4,4,4,4,3,2,3,3,2,3,3,3,4,4,4,4,3,3,3,4,1,1,1,1,1,2,1,706,gemini,2024,여성,3
2,2,,,,1,3,2,2,4,3,4,3,2,1,1,1,1,1,2,1,4,3,3,3,2,2,3,3,1,1,1,1,1,2,1,707,gemini,2024,여성,3
3,1,1.0,4.0,2.0,2,3,3,2,4,3,4,3,2,2,2,2,1,2,2,1,4,3,4,4,3,3,4,4,1,1,1,1,1,2,2,708,gemini,2024,여성,3
2,2,,,,2,2,3,1,4,3,3,3,2,1,2,2,1,1,1,1,3,3,3,2,2,3,2,2,1,1,1,1,1,2,2,709,gemini,2024,여성,3
2,1,1.0,4.0,2.0,2,2,2,2,4,3,4,3,2,1,1,1,1,2,2,1,3,3,3,3,2,3,3,3,1,1,1,1,1,2,1,710,gemini,2024,여성,3
2,1,1.0,4.0,2.0,2,3,3,2,4,3,4,3,2,2,2,3,1,2,2,1,4,4,3,3,3,3,3,3,1,1,1,1,1,2,1,711,gemini,2024,여성,3
2,2,,,,2,3,3,3,4,3,3,3,2,2,2,2,1,2,2,2,4,3,3,3,3,4,4,4,1,1,1,1,1,2,1,712,gemini,2024,여성,3
3,1,1.0,4.0,2.0,2,3,3,2,4,4,4,3,3,2,3,3,1,2,3,2,4,4,4,4,2,2,3,3,1,1,1,1,1,2,1,713,gemini,2024,여성,3
3,1,1.0,4.0,2.0,2,3,3,3,4,3,4,3,2,2,2,2,2,2,3,2,4,4,3,3,3,3,3,3,1,1,1,1,1,2,1,714,gemini,2024,여성,3
3,1,1.0,4.0,2.0,2,3,3,2,3,2,3,2,2,1,1,1,1,2,2,2,4,3,3,3,2,3,3,3,1,1,2,1,1,2,1,715,gemini,2024,여성,3
2,2,,,,2,3,3,2,4,3,4,3,3,2,2,2,2,3,3,2,4,3,3,3,2,2,3,3,1,1,2,1,1,2,1,716,gemini,2024,여성,3
3,1,1.0,4.0,2.0,3,3,4,2,5,4,4,4,4,3,3,3,2,2,3,2,4,4,4,4,3,3,3,3,1,1,1,1,1,2,1,717,gemini,2024,여성,3
3,1,1.0,4.0,2.0,2,2,2,2,3,3,3,3,3,2,2,2,1,2,2,2,3,3,3,3,2,1,3,2,1,1,1,1,1,2,1,718,gemini,2024,여성,3
3,1,1.0,4.0,2.0,2,3,3,2,4,3,4,3,3,2,2,2,2,4,3,3,4,4,4,4,3,3,3,4,1,1,1,1,1,2,1,719,gemini,2024,여성,3
2,2,,,,2,2,3,2,3,2,3,2,2,1,1,1,1,2,2,2,3,3,2,2,2,3,3,3,1,1,2,1,1,2,1,720,gemini,2024,여성,3
2,2,,,,2,3,3,2,5,4,4,3,4,2,3,3,1,1,2,1,4,3,3,3,2,3,3,3,1,1,2,1,1,2,1,721,gemini,2024,여성,3
3,1,1.0,4.0,2.0,2,3,3,2,4,3,4,3,2,1,2,2,1,3,3,2,4,4,4,4,3,3,3,4,1,1,1,1,1,2,1,722,gemini,2024,여성,3
3,1,1.0,4.0,2.0,2,3,3,2,4,3,4,3,2,1,2,2,1,2,2,2,4,3,4,4,2,3,3,3,1,1,1,1,1,2,1,723,gemini,2024,여성,3
3,1,1.0,4.0,2.0,3,3,3,2,4,4,4,4,4,3,3,3,2,3,3,3,4,4,3,3,3,3,3,3,1,1,1,1,1,2,1,724,gemini,2024,여성,4
3,1,1.0,3.0,2.0,2,2,3,2,4,3,4,3,2,1,2,2,1,2,3,2,4,3,4,4,2,3,3,3,1,1,2,1,1,2,1,725,gemini,2024,여성,4
3,1,1.0,1.0,2.0,2,3,3,4,4,3,4,3,2,2,2,2,2,3,3,3,4,4,3,3,3,3,3,3,1,1,1,1,1,2,1,726,gemini,2024,여성,4
2,2,,,,2,3,3,2,4,3,4,3,3,2,3,2,2,2,3,2,4,3,3,3,3,3,4,3,1,1,2,1,1,2,2,727,gemini,2024,여성,4
2,2,,,,2,4,4,4,3,2,3,3,2,1,1,1,2,2,2,2,4,4,3,3,2,3,3,3,1,1,1,1,1,2,1,728,gemini,2024,여성,4
2,2,,,,2,3,3,2,3,2,3,2,2,1,1,1,1,2,2,1,3,3,2,2,2,3,3,3,1,1,2,2,1,2,2,729,gemini,2024,여성,4
2,2,,,,2,3,3,2,4,4,4,4,3,2,3,3,1,2,2,1,3,3,3,3,3,3,3,3,1,1,1,1,1,2,1,730,gemini,2024,여성,4
2,2,,,,2,2,2,2,3,2,3,2,2,1,1,1,1,2,2,1,3,3,3,2,2,2,3,2,1,1,2,1,1,2,2,731,gemini,2024,여성,4
3,1,1.0,1.0,2.0,2,4,3,4,3,2,3,3,1,1,1,1,2,3,2,2,4,4,3,3,2,3,3,3,1,1,2,1,1,2,1,732,gemini,2024,여성,4
3,1,1.0,4.0,2.0,2,3,3,3,4,3,4,3,3,2,2,2,2,2,3,2,4,4,3,3,3,3,3,3,1,1,1,1,1,2,1,733,gemini,2024,여성,4
2,2,,,,2,3,3,2,4,3,4,3,2,1,2,2,1,2,2,2,3,3,3,3,2,3,3,3,1,1,2,1,1,2,1,734,gemini,2024,여성,4
3,1,1.0,1.0,2.0,2,4,3,4,4,3,4,3,3,2,2,2,2,3,3,3,4,4,4,4,3,3,3,4,1,1,2,1,1,2,1,735,gemini,2024,여성,4
3,1,1.0,1.0,2.0,2,3,3,3,4,3,4,3,2,1,2,2,2,3,3,3,4,4,3,3,3,3,3,3,1,1,2,1,1,2,1,736,gemini,2024,여성,4
3,1,1.0,4.0,2.0,2,3,3,3,4,3,4,3,2,2,2,2,2,3,3,3,4,4,4,4,3,3,3,3,1,1,2,1,1,2,1,737,gemini,2024,여성,4
2,2,,,,2,2,3,2,4,3,4,3,2,1,2,2,1,2,2,2,4,3,3,3,2,3,3,3,1,1,2,1,1,2,1,738,gemini,2024,여성,4
2,1,1.0,4.0,2.0,2,3,3,2,4,3,4,3,2,1,2,2,1,1,2,1,4,3,3,3,3,3,3,3,1,1,2,1,1,2,1,739,gemini,2024,여성,4
3,1,1.0,4.0,2.0,2,3,3,3,4,4,4,3,3,2,2,2,2,4,3,3,4,4,3,3,3,3,3,3,1,1,2,1,1,2,1,740,gemini,2024,여성,4
3,1,1.0,1.0,2.0,2,4,4,4,3,3,3,3,2,2,2,2,2,4,3,3,4,4,4,4,3,4,4,4,1,1,2,1,1,2,1,741,gemini,2024,여성,4
2,2,,,,2,2,3,2,3,3,3,3,2,1,2,2,1,2,2,2,3,3,2,2,2,3,3,3,1,1,2,1,1,2,2,742,gemini,2024,여성,4
3,1,1.0,4.0,2.0,2,3,3,3,4,3,4,3,2,2,2,2,2,2,3,2,4,4,3,3,3,3,3,3,1,1,2,1,1,2,1,743,gemini,2024,여성,4
3,1,1.0,4.0,2.0,2,3,3,2,4,3,4,3,3,2,2,2,2,3,3,2,4,3,3,3,3,3,3,3,1,1,2,1,1,2,1,744,gemini,2024,여성,4
2,2,,,,2,2,3,2,4,4,4,4,4,2,3,3,1,2,2,1,4,3,3,3,2,3,3,3,1,1,1,1,1,2,2,745,gemini,2024,여성,4
3,1,1.0,4.0,2.0,2,3,3,2,4,3,4,3,2,2,2,2,2,4,4,3,4,4,4,4,3,3,3,4,1,1,1,1,1,2,1,746,gemini,2024,여성,4
3,1,1.0,4.0,2.0,2,3,3,2,4,3,4,3,2,1,2,2,2,3,4,3,4,4,3,4,3,3,3,3,1,1,2,1,1,2,1,747,gemini,2024,여성,4
2,2,,,,1,2,2,2,3,2,3,2,1,1,1,1,1,2,1,1,3,3,2,2,2,2,3,2,1,1,1,2,1,2,2,748,gemini,2024,여성,4
2,2,,,,1,2,2,2,3,2,3,2,2,1,1,1,1,2,2,1,3,3,2,2,2,2,3,2,1,1,2,2,1,2,2,749,gemini,2024,여성,4
3,1,1.0,4.0,2.0,3,4,4,3,4,4,4,4,3,2,3,3,2,3,3,3,4,4,4,4,3,3,4,4,1,1,1,1,1,2,1,750,gemini,2024,여성,4
3,1,1.0,1.0,2.0,2,4,3,4,4,3,4,4,3,2,2,2,3,4,4,3,4,4,4,4,3,4,3,4,1,1,2,1,1,2,1,751,gemini,2024,여성,4
3,1,1.0,4.0,2.0,2,3,3,2,4,3,4,3,2,1,2,2,1,2,2,2,4,4,4,4,3,3,3,4,1,1,1,1,1,2,1,752,gemini,2024,여성,4
3,1,1.0,1.0,2.0,2,3,3,3,4,3,4,3,2,2,2,2,2,4,3,3,4,4,4,4,3,3,3,4,1,1,2,1,1,2,1,753,gemini,2024,여성,4
3,1,1.0,4.0,2.0,2,3,3,2,4,3,4,3,2,2,2,3,1,2,2,2,4,3,3,3,3,3,4,3,1,1,1,1,1,2,1,754,gemini,2024,여성,4
3,1,1.0,4.0,2.0,2,3,3,2,4,3,4,3,2,2,2,2,2,3,3,2,4,3,4,4,3,3,4,4,1,1,2,1,1,2,1,755,gemini,2024,여성,4
3,1,1.0,4.0,2.0,2,3,3,3,4,3,4,4,4,2,3,3,2,2,3,2,4,4,3,3,3,3,3,3,1,1,1,1,1,2,1,756,gemini,2024,여성,4
3,1,1.0,4.0,2.0,2,2,2,2,4,3,4,3,2,1,1,1,2,3,3,2,4,3,3,3,2,3,3,3,1,1,2,1,1,2,1,757,gemini,2024,여성,4
3,1,1.0,1.0,2.0,2,4,4,4,4,4,4,4,3,2,3,2,2,3,3,3,4,4,4,4,3,3,3,4,1,1,1,1,1,2,1,758,gemini,2024,여성,4
4,1,1.0,1.0,1.0,2,4,4,4,3,3,3,3,2,2,2,2,3,4,3,3,4,4,4,4,3,4,3,4,1,1,1,1,1,2,1,759,gemini,2024,여성,4
2,2,,,,2,2,2,2,3,2,3,2,2,1,1,1,1,2,2,1,3,3,2,2,2,3,3,2,1,1,1,1,1,2,2,760,gemini,2024,여성,4
3,1,1.0,1.0,2.0,2,3,3,3,4,4,4,4,5,2,3,3,2,3,3,2,4,4,4,4,3,3,3,3,1,1,1,1,1,2,1,761,gemini,2024,여성,4
3,1,1.0,1.0,1.0,3,4,4,4,4,4,4,4,3,2,3,3,3,4,4,4,4,4,4,4,3,4,3,4,1,1,1,1,1,2,1,762,gemini,2024,여성,4
2,2,,,,2,3,3,2,4,3,4,3,3,2,2,2,1,2,2,2,3,3,3,3,2,3,3,3,1,1,2,1,1,2,1,763,gemini,2024,여성,4
2,2,,,,1,2,2,2,3,2,3,2,1,1,1,1,1,1,1,1,2,2,2,2,2,2,3,2,2,1,2,2,1,2,2,764,gemini,2024,여성,4
3,1,1.0,4.0,2.0,2,3,3,2,4,3,4,3,2,2,2,2,2,3,3,2,4,4,3,4,2,3,3,3,1,1,1,1,1,2,1,765,gemini,2024,여성,4
3,1,1.0,1.0,2.0,3,4,4,4,5,4,4,4,3,2,3,3,2,3,3,3,4,4,4,4,3,3,3,4,1,1,1,1,1,2,1,766,gemini,2024,여성,4
2,2,,,,2,3,3,2,4,3,4,3,2,2,2,2,1,2,2,2,3,3,3,3,2,3,3,3,1,1,1,1,1,2,1,767,gemini,2024,여성,4
2,2,,,,2,3,3,3,4,3,4,3,3,2,2,2,1,2,2,2,4,3,3,3,2,3,3,3,1,1,1,1,1,2,1,768,gemini,2024,여성,4
2,2,,,,2,2,2,2,3,2,3,2,1,1,1,1,1,1,1,1,3,3,2,2,2,2,3,3,1,1,1,1,1,2,1,769,gemini,2024,여성,4
3,1,1.0,1.0,2.0,2,3,3,4,3,2,3,3,2,1,1,1,2,3,3,3,4,4,4,4,3,4,3,3,1,1,2,1,1,2,1,770,gemini,2024,여성,4
3,1,1.0,3.0,2.0,2,2,3,2,4,4,4,4,3,2,2,2,2,4,4,4,4,3,3,3,2,3,3,3,1,1,2,1,1,2,1,771,gemini,2024,여성,4
3,1,1.0,1.0,2.0,2,3,3,3,4,4,4,4,4,2,3,3,2,3,3,3,4,4,4,4,2,3,3,3,1,1,2,1,1,2,1,772,gemini,2024,여성,4
3,1,1.0,4.0,2.0,2,2,2,2,3,2,3,2,1,1,1,1,1,2,2,1,4,4,3,3,2,3,3,3,1,1,2,1,1,2,1,773,gemini,2024,여성,4
3,1,1.0,1.0,2.0,2,3,3,3,3,2,3,2,2,1,2,2,1,2,2,2,3,4,3,3,3,3,3,3,1,1,2,1,1,2,1,774,gemini,2024,여성,4
2,2,,,,2,2,2,1,4,3,3,2,3,1,2,2,1,1,1,1,3,3,2,2,2,3,3,3,1,1,1,1,1,2,1,775,gemini,2024,여성,4
3,1,1.0,3.0,2.0,2,2,3,2,4,3,4,3,3,2,2,2,1,2,2,1,3,3,3,3,2,3,2,3,1,1,1,1,1,2,1,776,gemini,2024,여성,4
3,1,1.0,4.0,2.0,2,3,3,3,4,3,4,3,2,1,1,1,1,2,2,2,4,4,4,4,2,3,3,3,1,1,2,1,1,2,1,777,gemini,2024,여성,4
2,2,,,,2,3,3,2,3,3,3,3,3,2,2,2,1,2,2,2,3,3,3,3,2,3,3,3,1,1,2,1,1,2,2,778,gemini,2024,여성,4
2,2,,,,2,2,2,2,4,3,4,3,2,1,2,2,1,1,1,1,3,3,2,2,2,3,4,3,1,1,1,1,1,2,2,779,gemini,2024,여성,4
3,1,1.0,4.0,2.0,2,3,3,2,4,3,4,3,2,2,2,2,2,3,3,2,4,4,3,3,2,3,3,3,1,1,2,1,1,2,1,780,gemini,2024,여성,4
4,1,1.0,1.0,1.0,2,3,3,4,4,3,4,3,2,2,2,2,3,4,3,4,4,4,4,4,3,4,4,4,1,1,1,1,1,2,1,781,gemini,2024,여성,4
3,1,1.0,1.0,2.0,2,3,3,4,4,3,4,3,2,2,2,2,2,3,3,2,4,4,3,3,3,4,4,3,1,1,1,1,1,2,1,782,gemini,2024,여성,4
3,1,1.0,4.0,2.0,2,3,3,2,4,3,4,3,3,2,2,2,2,3,3,2,4,4,3,4,3,3,4,4,1,1,2,1,1,2,1,783,gemini,2024,여성,4
3,1,1.0,1.0,2.0,2,3,3,3,3,2,2,2,3,2,2,2,2,3,3,3,4,4,3,3,2,3,3,3,1,1,2,1,1,2,1,784,gemini,2024,여성,4
3,1,1.0,4.0,2.0,2,3,3,2,4,4,4,3,2,2,2,2,1,2,2,2,4,4,4,4,3,3,3,3,1,1,1,1,1,2,1,785,gemini,2024,여성,4
3,1,1.0,1.0,2.0,3,4,4,5,4,4,4,4,5,4,5,5,2,4,3,3,4,4,4,4,3,4,3,4,1,1,1,1,1,2,1,786,gemini,2024,여성,4
2,2,,,,2,2,2,1,4,3,4,3,4,2,2,3,1,1,2,1,3,3,2,2,2,2,3,2,1,1,2,1,1,2,2,787,gemini,2024,여성,4
3,1,1.0,1.0,2.0,2,3,3,3,4,3,4,3,2,2,2,2,2,3,3,3,4,4,4,4,3,4,3,4,1,1,2,1,1,2,1,788,gemini,2024,여성,4
2,2,,,,1,2,2,1,3,2,3,2,2,1,1,1,1,2,2,1,3,3,2,2,2,3,2,2,1,1,2,1,1,2,1,789,gemini,2024,여성,4
2,2,,,,2,3,3,2,4,3,4,3,2,1,2,2,1,2,2,1,3,3,3,3,2,3,3,3,1,1,1,1,1,2,1,790,gemini,2024,여성,4
3,1,1.0,4.0,2.0,2,3,3,2,3,3,4,3,2,1,1,1,2,3,3,2,4,4,3,3,3,3,3,3,1,1,2,1,1,2,1,791,gemini,2024,여성,4
2,2,,,,1,2,2,1,3,2,3,2,1,1,1,1,1,1,1,1,3,3,2,2,2,2,3,2,1,1,2,1,1,2,2,792,gemini,2024,여성,4
2,2,,,,1,1,2,1,3,2,3,2,2,1,1,1,1,2,1,1,3,3,2,2,2,3,3,3,1,1,2,2,1,2,2,793,gemini,2024,여성,4
3,1,7.0,3.0,2.0,2,2,3,2,4,4,4,4,4,2,3,3,2,2,3,2,4,3,4,4,2,3,3,3,1,1,1,1,1,1,1,794,gemini,2024,여성,4
2,2,,,,2,2,2,2,4,3,4,3,2,1,2,2,1,1,1,1,3,3,3,2,2,3,3,3,1,1,2,1,1,2,1,795,gemini,2024,여성,4
2,2,,,,2,3,3,2,4,3,4,3,2,2,2,2,1,2,2,2,4,4,3,3,3,3,4,3,1,1,1,1,1,2,2,796,gemini,2024,여성,4
3,1,1.0,4.0,2.0,2,2,2,2,3,2,3,2,2,2,2,2,1,2,2,2,4,4,3,3,3,3,3,3,1,1,1,1,1,2,1,797,gemini,2024,여성,4
3,1,1.0,4.0,2.0,2,3,3,3,4,3,3,3,2,2,2,2,2,3,3,3,4,4,3,3,3,3,3,3,1,1,1,1,1,2,1,798,gemini,2024,여성,4
3,1,1.0,4.0,2.0,2,3,3,3,4,3,4,3,2,1,2,2,1,2,2,2,4,4,3,3,3,3,3,3,1,1,2,1,1,2,1,799,gemini,2024,여성,4
2,2,,,,2,3,3,2,4,3,4,3,2,2,2,2,1,2,2,2,3,3,3,3,2,3,3,3,1,1,2,1,1,2,2,800,gemini,2024,여성,4
3,1,1.0,1.0,2.0,2,3,3,3,4,3,4,3,2,2,2,2,2,3,2,3,4,4,3,3,3,3,4,4,1,1,1,1,1,2,1,801,gemini,2024,여성,4
2,2,,,,2,2,2,2,3,2,3,2,2,1,2,1,1,1,1,1,3,3,2,2,2,3,3,2,1,1,2,1,1,2,2,802,gemini,2024,여성,4
4,1,1.0,1.0,1.0,2,4,4,4,4,3,4,3,2,2,2,2,3,4,3,3,4,4,4,4,3,4,3,4,1,1,1,1,1,2,1,803,gemini,2024,여성,4
3,1,1.0,1.0,2.0,2,3,3,3,4,3,4,3,2,2,2,2,2,3,3,3,4,4,3,3,3,4,4,3,1,1,2,1,1,2,1,804,gemini,2024,여성,4
3,1,1.0,4.0,2.0,2,3,3,3,4,3,4,3,2,2,2,2,2,3,3,3,4,4,4,4,3,3,4,3,1,1,2,1,1,2,1,805,gemini,2024,여성,4
2,2,,,,2,2,2,2,3,2,3,2,2,1,1,1,1,2,1,1,3,3,2,2,2,2,3,2,1,1,2,2,1,2,2,806,gemini,2024,여성,4
3,1,1.0,1.0,2.0,2,3,3,3,4,3,4,3,2,1,2,2,2,3,3,3,4,4,3,3,2,3,3,3,1,1,2,1,1,2,1,807,gemini,2024,여성,4
3,1,1.0,1.0,2.0,3,4,4,4,4,4,4,4,4,2,3,3,3,4,4,4,4,4,4,4,3,4,3,4,1,1,1,1,1,2,1,808,gemini,2024,여성,5
2,2,,,,2,3,3,3,4,3,4,3,2,2,2,2,1,2,2,2,4,4,3,3,3,3,3,3,1,1,1,1,1,2,2,809,gemini,2024,여성,5
2,2,,,,2,3,3,2,3,2,3,2,2,1,1,1,1,2,2,2,3,3,2,2,2,3,3,3,1,1,2,2,1,2,2,810,gemini,2024,여성,5
2,2,,,,2,2,3,2,3,2,3,2,1,1,1,1,1,2,2,1,3,3,2,2,2,3,3,3,1,1,2,1,1,2,2,811,gemini,2024,여성,5
3,1,1.0,4.0,2.0,2,2,3,2,3,2,3,3,2,1,1,1,2,3,3,3,3,3,3,3,2,2,3,3,1,1,2,2,1,2,1,812,gemini,2024,여성,5
2,2,,,,2,2,3,2,3,2,3,2,2,1,2,2,1,2,2,1,3,3,2,2,2,3,3,2,2,1,2,2,1,2,2,813,gemini,2024,여성,5
2,2,,,,2,2,3,2,3,2,3,2,1,1,1,1,1,2,2,1,3,3,2,2,2,3,4,2,2,1,2,2,1,2,2,814,gemini,2024,여성,5
3,1,1.0,4.0,2.0,2,3,3,3,4,3,4,3,2,2,2,2,2,4,3,3,4,4,4,4,3,3,3,4,1,1,2,1,1,2,1,815,gemini,2024,여성,5
3,1,1.0,4.0,2.0,2,3,3,2,4,3,4,3,2,2,2,2,2,3,3,2,4,4,4,4,3,3,3,4,1,1,2,1,1,2,1,816,gemini,2024,여성,5
3,1,1.0,4.0,2.0,2,3,3,2,4,3,4,3,2,1,1,2,1,2,2,2,4,3,3,3,2,3,3,3,1,1,2,1,1,2,1,817,gemini,2024,여성,5
2,2,,,,2,3,3,2,4,3,4,3,2,2,2,2,1,1,1,1,3,3,3,2,2,3,4,3,1,1,2,1,1,2,2,818,gemini,2024,여성,5
2,2,,,,2,3,3,3,3,2,3,2,2,1,1,1,1,2,2,2,3,3,2,2,2,3,3,3,1,1,2,1,1,2,1,819,gemini,2024,여성,5
3,1,1.0,1.0,2.0,2,4,4,4,3,2,3,3,2,1,1,1,2,3,3,3,4,4,3,3,3,3,3,4,1,1,2,1,1,2,1,820,gemini,2024,여성,5
2,2,,,,2,2,2,2,3,2,3,2,1,1,1,1,1,1,1,1,3,3,2,2,2,3,3,2,1,1,2,1,1,2,2,821,gemini,2024,여성,5
2,2,,,,2,3,3,2,4,3,4,3,3,2,2,2,1,3,3,3,4,4,3,3,2,3,3,3,1,1,2,1,1,2,1,822,gemini,2024,여성,5
3,1,1.0,1.0,2.0,2,2,3,2,4,3,4,3,2,1,2,2,2,3,3,2,4,4,3,3,3,4,3,3,1,1,2,1,1,2,2,823,gemini,2024,여성,5
3,1,1.0,4.0,2.0,2,3,3,3,3,2,3,2,2,1,1,1,1,2,2,2,4,4,3,3,3,3,3,3,1,1,2,1,1,2,2,824,gemini,2024,여성,5
2,2,,,,2,3,3,2,4,3,3,3,3,2,2,2,2,3,3,3,4,3,3,3,2,3,3,3,1,1,2,1,1,2,2,825,gemini,2024,여성,5
2,2,,,,2,2,3,2,3,2,3,2,1,1,1,1,1,1,1,1,3,3,3,2,2,3,3,2,1,1,2,2,1,2,2,826,gemini,2024,여성,5
3,1,1.0,1.0,2.0,2,3,3,3,4,3,4,3,2,1,1,1,1,3,3,2,4,4,3,3,2,4,3,3,1,1,2,1,1,2,1,827,gemini,2024,여성,5
2,2,,,,2,2,2,2,3,2,3,3,1,1,1,1,1,1,1,1,3,3,2,2,2,3,3,3,1,1,2,1,1,2,2,828,gemini,2024,여성,5
2,2,,,,2,3,3,2,4,3,4,3,2,1,2,2,1,2,2,2,3,3,2,2,2,3,3,3,1,1,2,1,1,2,2,829,gemini,2024,여성,5
2,2,,,,2,2,2,2,3,3,3,3,2,1,2,1,1,1,1,1,3,3,2,2,2,2,3,2,1,1,2,1,1,2,2,830,gemini,2024,여성,5
2,2,,,,2,3,3,2,4,3,4,3,2,1,2,2,1,1,1,1,4,3,2,2,3,3,4,3,1,1,2,1,1,2,2,831,gemini,2024,여성,5
2,2,,,,1,2,2,2,3,2,3,2,1,1,1,1,1,1,1,1,3,3,2,2,2,2,3,2,2,1,2,2,1,2,2,832,gemini,2024,여성,5
3,1,1.0,3.0,2.0,2,3,3,2,4,4,4,4,4,2,3,3,2,4,4,3,4,3,3,3,2,3,3,3,1,1,2,1,1,2,1,833,gemini,2024,여성,5
2,2,,,,2,3,3,2,4,4,4,3,3,2,2,2,1,2,2,2,3,3,3,2,2,2,3,3,2,1,2,2,1,2,2,834,gemini,2024,여성,5
3,1,1.0,1.0,2.0,2,3,3,3,3,2,3,2,2,2,2,2,2,2,2,2,4,4,3,3,3,3,3,3,1,1,2,1,1,2,1,835,gemini,2024,여성,5
2,2,,,,2,3,3,2,4,3,4,3,2,1,2,2,1,2,2,1,4,3,3,3,3,3,4,3,1,1,1,1,1,2,2,836,gemini,2024,여성,5
2,2,,,,2,3,3,2,4,3,4,3,3,2,2,2,1,2,2,2,3,3,2,2,2,3,3,3,1,1,2,2,1,2,2,837,gemini,2024,여성,5
2,2,,,,2,3,3,2,3,2,3,2,1,1,1,1,1,2,2,1,3,3,2,2,2,3,3,3,1,1,2,2,1,2,2,838,gemini,2024,여성,5
2,2,,,,2,3,3,2,4,3,4,3,2,1,2,1,1,2,2,2,3,3,2,2,2,3,4,3,1,1,2,1,1,2,2,839,gemini,2024,여성,5
2,2,,,,1,2,2,2,3,2,3,2,1,1,1,1,1,1,1,1,3,3,2,2,2,3,3,3,1,1,2,2,1,2,2,840,gemini,2024,여성,5
3,1,1.0,4.0,2.0,2,3,3,2,3,2,3,2,2,2,2,2,1,2,2,2,3,3,3,3,2,3,3,3,1,1,2,1,1,2,1,841,gemini,2024,여성,5
2,2,,,,1,2,2,2,3,2,3,2,1,1,1,1,1,1,1,1,3,3,2,2,2,2,3,2,2,1,2,2,1,2,2,842,gemini,2024,여성,5
2,2,,,,2,3,3,2,4,3,4,3,3,2,2,2,1,2,2,2,3,3,3,3,2,3,3,3,1,1,2,1,1,2,1,843,gemini,2024,여성,5
2,2,,,,1,2,2,2,3,2,3,2,2,1,1,1,1,2,2,1,3,3,2,2,2,3,2,2,1,1,2,2,1,2,2,844,gemini,2024,여성,5
2,2,,,,2,2,3,2,3,2,3,3,2,1,1,1,2,2,2,2,4,3,3,3,2,3,3,3,1,1,2,1,1,2,2,845,gemini,2024,여성,5
3,1,1.0,1.0,2.0,2,3,3,3,3,2,3,3,2,2,2,2,2,4,3,3,4,4,3,3,2,3,3,3,1,1,2,2,1,2,1,846,gemini,2024,여성,5
2,2,,,,2,2,3,2,4,3,4,3,2,1,1,1,1,2,2,1,3,3,3,2,2,3,3,3,1,1,2,1,1,2,2,847,gemini,2024,여성,5
3,1,1.0,4.0,2.0,2,3,3,3,4,3,4,3,2,2,2,2,2,4,3,3,4,4,4,4,3,4,3,4,1,1,2,1,1,2,1,848,gemini,2024,여성,5
2,2,,,,2,2,2,2,3,2,3,2,2,1,1,1,2,2,2,2,3,3,2,2,2,2,3,2,1,1,1,1,1,2,1,849,gemini,2024,여성,5
4,1,1.0,1.0,1.0,3,4,4,4,4,3,4,4,2,2,2,2,3,4,3,3,5,5,4,4,3,4,4,4,1,1,2,1,1,2,1,850,gemini,2024,여성,5
3,1,1.0,1.0,2.0,2,3,3,3,3,2,3,2,2,2,2,2,2,2,2,2,4,4,3,3,2,3,3,3,1,1,2,1,1,2,1,851,gemini,2024,여성,5
2,2,,,,2,3,3,2,3,3,3,3,2,1,2,2,1,2,2,2,3,3,2,2,2,3,3,3,1,1,2,1,1,2,1,852,gemini,2024,여성,5
2,2,,,,2,3,3,2,4,3,4,3,2,1,1,1,1,2,2,1,3,3,3,2,2,3,3,3,1,1,1,1,1,2,1,853,gemini,2024,여성,5
3,1,1.0,1.0,2.0,2,3,3,4,4,3,4,3,4,2,3,2,2,3,2,3,4,4,3,3,3,3,4,4,1,1,1,1,1,2,1,854,gemini,2024,여성,5
2,2,,,,2,2,3,2,4,3,4,3,3,1,2,2,1,2,2,1,3,3,2,2,2,2,3,2,1,1,2,1,1,2,2,855,gemini,2024,여성,5
3,1,1.0,4.0,2.0,2,3,3,3,4,3,4,3,2,2,2,2,2,4,3,3,4,4,4,4,3,4,3,3,1,1,2,1,1,2,1,856,gemini,2024,여성,5
2,2,,,,2,3,3,2,4,3,4,3,2,1,1,1,1,2,2,2,3,3,3,2,3,3,4,3,1,1,2,1,1,2,1,857,gemini,2024,여성,5
3,1,1.0,1.0,1.0,3,4,4,4,4,4,4,4,3,3,3,3,3,4,4,4,4,4,4,4,3,4,4,4,1,1,1,1,1,2,1,858,gemini,2024,여성,5
3,1,1.0,4.0,2.0,2,3,3,3,4,3,4,3,2,1,2,2,2,3,3,2,4,4,3,3,3,4,3,3,1,1,2,1,1,2,1,859,gemini,2024,여성,5
3,1,1.0,1.0,2.0,2,3,3,3,4,3,4,4,4,2,3,3,2,4,3,3,4,4,3,3,3,4,3,3,1,1,2,1,1,2,1,860,gemini,2024,여성,5
3,1,1.0,1.0,1.0,3,4,4,4,4,3,4,4,3,2,3,3,2,4,3,3,4,4,4,4,3,4,3,4,1,1,1,1,1,2,1,861,gemini,2024,여성,5
3,1,1.0,4.0,2.0,2,3,3,2,4,4,4,4,2,2,2,2,2,4,3,3,4,4,4,4,2,3,3,4,1,1,1,1,1,2,1,862,gemini,2024,여성,5
3,1,1.0,4.0,2.0,2,3,3,3,4,3,4,3,2,1,2,2,2,3,3,2,4,4,3,3,3,4,3,3,1,1,2,1,1,2,1,863,gemini,2024,여성,5
2,2,,,,2,2,2,3,4,3,4,3,2,1,2,2,1,2,2,2,3,3,2,2,2,3,3,3,1,1,2,1,1,2,2,864,gemini,2024,여성,5
2,2,,,,2,3,3,3,4,3,4,3,2,1,2,2,1,2,2,2,4,4,3,3,3,3,3,3,1,1,2,1,1,2,1,865,gemini,2024,여성,5
3,1,1.0,1.0,2.0,2,3,3,3,4,3,4,3,2,2,2,2,2,4,3,3,4,4,3,3,3,3,3,4,1,1,2,1,1,2,1,866,gemini,2024,여성,5
2,2,,,,2,3,3,2,4,3,4,3,2,1,2,1,1,2,2,1,3,3,2,2,2,3,3,3,2,1,2,2,1,2,2,867,gemini,2024,여성,5
2,2,,,,2,3,3,2,3,2,3,2,1,1,1,1,1,1,1,1,3,3,2,2,2,2,3,2,1,1,2,1,1,2,2,868,gemini,2024,여성,5
3,1,1.0,1.0,2.0,2,4,3,4,4,3,4,3,3,2,3,2,2,3,2,3,4,4,4,4,3,3,4,4,1,1,2,1,1,2,1,869,gemini,2024,여성,5
2,2,,,,2,3,3,2,4,3,4,3,2,1,2,2,1,2,3,2,4,4,3,3,3,3,3,3,1,1,2,1,1,2,1,870,gemini,2024,여성,5
2,2,,,,1,2,2,1,3,2,3,2,1,1,1,1,1,1,1,1,3,3,2,2,2,3,3,2,2,1,2,2,1,2,2,871,gemini,2024,여성,5
2,2,,,,1,2,2,2,4,3,4,3,2,1,1,2,1,2,2,1,3,3,2,2,3,2,3,3,1,1,2,2,1,2,2,872,gemini,2024,여성,5
3,1,1.0,3.0,2.0,2,3,3,2,4,4,4,4,3,2,2,3,2,3,3,2,4,3,4,4,3,3,3,4,1,1,1,1,1,2,1,873,gemini,2024,여성,5
2,2,,,,2,3,3,2,4,3,4,3,2,1,2,2,1,2,2,2,4,3,3,3,3,3,3,3,1,1,2,1,1,2,1,874,gemini,2024,여성,5
2,2,,,,2,2,3,2,3,2,3,2,1,1,1,1,1,1,1,1,3,3,2,2,2,3,3,3,1,1,2,1,1,2,2,875,gemini,2024,여성,5
2,2,,,,2,3,3,2,3,2,3,2,2,1,2,1,1,2,2,2,3,3,2,2,2,3,3,3,1,1,2,1,1,2,1,876,gemini,2024,여성,5
2,2,,,,2,3,2,3,4,3,4,3,4,2,2,2,1,2,2,2,3,3,2,2,3,3,4,3,1,1,2,1,1,2,1,877,gemini,2024,여성,5
3,1,1.0,4.0,2.0,2,3,3,3,4,3,4,3,2,1,1,2,2,3,3,2,4,4,3,3,2,3,3,3,1,1,2,1,1,2,1,878,gemini,2024,여성,5
3,1,1.0,4.0,2.0,2,3,2,3,3,2,3,3,1,1,1,1,2,3,3,2,4,4,4,4,3,3,4,4,1,1,2,1,1,2,2,879,gemini,2024,여성,5
3,1,1.0,4.0,2.0,2,3,3,2,4,3,4,3,2,1,1,1,2,4,3,3,4,4,3,3,2,3,3,3,1,1,2,1,1,2,1,880,gemini,2024,여성,5
2,2,,,,1,2,2,2,3,2,3,2,1,1,1,1,1,1,1,1,2,2,2,2,2,2,3,2,2,1,2,2,1,2,2,881,gemini,2024,여성,5
2,2,,,,2,3,2,2,3,2,3,2,1,1,1,1,1,1,1,1,3,3,2,2,2,3,3,3,1,1,2,2,1,2,2,882,gemini,2024,여성,5
2,2,,,,2,2,2,2,3,2,3,2,2,1,1,1,1,2,2,1,3,3,2,2,2,2,3,2,1,1,2,2,1,2,1,883,gemini,2024,여성,5
2,2,,,,2,3,3,3,3,2,3,2,1,1,1,1,1,1,1,1,3,3,2,2,2,2,3,2,1,1,2,2,1,2,2,884,gemini,2024,여성,5
2,2,,,,1,2,2,2,3,2,3,2,2,1,1,1,2,3,2,2,3,3,2,2,2,2,2,3,1,1,2,2,1,2,2,885,gemini,2024,여성,5
3,1,1.0,1.0,2.0,2,3,3,3,3,2,3,2,2,2,2,2,1,2,2,2,4,4,3,3,3,4,4,4,1,1,2,1,1,2,1,886,gemini,2024,여성,5
2,2,,,,2,3,3,2,4,4,4,3,3,2,2,2,1,2,2,1,3,3,2,2,3,3,3,2,1,1,1,1,1,2,1,887,gemini,2024,여성,5
2,2,,,,2,3,3,2,3,2,3,2,1,1,1,1,1,2,2,1,3,3,2,2,2,2,3,3,1,1,2,2,1,2,2,888,gemini,2024,여성,5
3,1,1.0,1.0,2.0,2,3,3,3,4,3,4,3,2,2,2,2,2,3,3,3,4,4,3,3,3,4,3,3,1,1,1,1,1,2,1,889,gemini,2024,여성,5
2,2,,,,2,3,3,2,4,3,4,3,2,1,1,1,1,2,2,2,4,4,3,3,2,2,3,3,1,1,2,1,1,2,1,890,gemini,2024,여성,5
2,2,,,,2,3,3,3,3,2,3,2,2,1,2,2,1,2,2,2,3,3,2,2,2,3,3,3,1,1,2,1,1,2,2,891,gemini,2024,여성,5
2,2,,,,2,3,3,2,4,3,4,3,2,1,1,1,1,1,1,1,3,3,3,2,2,2,2,2,2,1,2,2,1,2,2,892,gemini,2024,여성,6
2,2,,,,2,3,3,2,4,3,4,3,2,1,2,2,1,2,2,1,4,3,2,2,3,3,4,3,1,1,2,1,1,2,2,893,gemini,2024,여성,6
2,2,,,,1,2,2,2,3,2,3,2,1,1,1,1,1,1,1,1,3,3,2,2,2,2,3,2,2,1,2,2,1,2,2,894,gemini,2024,여성,6
2,2,,,,1,2,2,2,3,2,3,2,1,1,1,1,1,1,1,1,3,3,2,2,2,3,4,2,1,1,2,2,1,2,2,895,gemini,2024,여성,6
2,2,,,,2,2,3,2,4,3,4,3,2,1,2,2,1,2,2,2,4,3,3,3,3,3,4,3,1,1,2,1,1,2,2,896,gemini,2024,여성,6
2,2,,,,1,2,2,2,3,2,3,2,1,1,1,1,1,1,1,1,3,3,2,2,2,2,3,2,2,1,2,2,1,2,2,897,gemini,2024,여성,6
2,2,,,,2,2,2,2,3,2,3,2,1,1,1,1,1,1,1,1,3,3,2,2,2,2,3,2,1,1,2,2,1,2,2,898,gemini,2024,여성,6
2,2,,,,1,2,2,2,4,3,3,2,2,1,1,1,1,1,1,1,2,2,2,1,2,2,2,2,2,1,2,2,1,2,2,899,gemini,2024,여성,6
2,2,,,,2,2,3,2,3,2,3,2,2,2,2,2,1,2,2,1,3,3,2,2,3,3,3,3,1,1,2,1,1,2,2,900,gemini,2024,여성,6
2,2,,,,2,2,2,2,3,3,3,2,2,1,1,1,1,1,1,1,3,3,2,2,2,3,2,2,1,1,2,2,1,2,2,901,gemini,2024,여성,6
3,1,1.0,1.0,2.0,2,4,4,4,4,3,4,4,2,1,2,2,2,4,3,3,4,4,4,4,3,4,4,4,1,1,2,1,1,2,1,902,gemini,2024,여성,6
3,1,1.0,1.0,2.0,2,4,4,4,3,2,3,3,2,2,2,2,1,2,2,2,4,4,3,3,3,4,3,3,1,1,2,1,1,2,1,903,gemini,2024,여성,6
2,2,,,,1,2,2,2,3,2,3,2,1,1,1,1,1,1,1,1,3,3,2,2,2,2,3,2,2,1,2,2,1,2,2,904,gemini,2024,여성,6
2,2,,,,2,2,2,2,3,2,3,2,2,2,2,2,2,2,2,2,3,3,2,2,2,3,3,3,1,1,1,2,1,2,1,905,gemini,2024,여성,6
2,2,,,,2,2,3,2,4,4,4,3,4,2,3,3,1,2,2,2,3,3,2,2,2,3,2,2,1,1,2,1,1,2,2,906,gemini,2024,여성,6
2,2,,,,2,2,2,2,3,2,3,2,1,1,1,1,1,2,2,1,3,3,2,2,2,3,3,2,1,1,2,2,1,2,2,907,gemini,2024,여성,6
3,1,1.0,1.0,2.0,2,3,3,3,4,3,4,3,2,2,2,2,2,3,3,2,4,4,3,3,3,4,4,3,1,1,2,1,1,2,1,908,gemini,2024,여성,6
2,2,,,,2,2,3,2,3,2,3,2,1,1,1,1,1,1,1,1,3,3,2,2,2,3,3,2,1,1,2,2,1,2,2,909,gemini,2024,여성,6
2,2,,,,2,2,2,2,3,3,3,3,2,1,2,2,1,1,1,1,3,3,2,2,2,3,3,2,1,1,2,1,1,2,2,910,gemini,2024,여성,6
3,1,1.0,4.0,2.0,2,3,3,4,4,3,4,3,2,2,2,2,2,4,3,3,4,4,4,4,3,4,4,4,1,1,2,2,1,2,2,911,gemini,2024,여성,6
2,2,,,,2,3,3,2,4,4,4,3,3,2,2,3,1,2,2,1,3,3,2,2,2,3,3,3,2,1,2,2,1,2,2,912,gemini,2024,여성,6
2,2,,,,1,2,2,2,3,2,3,2,1,1,1,1,1,1,1,1,3,3,2,2,2,2,3,2,2,1,2,2,1,2,2,913,gemini,2024,여성,6
2,2,,,,2,3,3,2,3,2,3,3,2,1,1,1,1,1,1,1,3,3,2,2,2,3,3,2,1,1,2,2,1,2,2,914,gemini,2024,여성,6
2,2,,,,1,2,2,1,3,2,3,2,1,1,1,1,1,1,1,1,3,3,2,2,2,3,4,3,2,1,2,2,1,2,2,915,gemini,2024,여성,6
2,2,,,,1,2,2,2,3,2,3,2,1,1,1,1,1,1,1,1,2,2,2,2,2,3,3,2,2,1,2,2,1,2,2,916,gemini,2024,여성,6
3,1,1.0,4.0,2.0,2,3,3,2,4,3,4,3,2,1,2,2,2,3,3,3,4,4,3,3,3,3,4,4,1,1,2,1,1,2,1,917,gemini,2024,여성,6
2,2,,,,1,2,2,1,3,2,3,2,1,1,1,1,1,1,1,1,3,3,2,2,2,3,4,2,2,1,2,2,1,2,2,918,gemini,2024,여성,6
2,2,,,,2,3,3,3,3,2,3,2,1,1,1,1,1,1,1,1,3,3,2,2,2,2,3,2,2,1,2,2,1,2,2,919,gemini,2024,여성,6
2,2,,,,1,2,2,1,3,2,3,2,1,1,1,1,1,1,1,1,3,3,2,2,2,3,4,3,1,1,2,2,1,2,2,920,gemini,2024,여성,6
2,2,,,,1,2,2,2,3,2,3,3,1,1,1,1,1,2,2,1,3,3,2,2,2,3,3,2,2,1,2,2,1,2,2,921,gemini,2024,여성,6
3,1,1.0,1.0,2.0,2,3,3,3,3,2,3,3,1,1,1,1,2,3,3,3,4,4,3,3,3,3,4,4,1,1,2,1,1,2,1,922,gemini,2024,여성,6
2,2,,,,1,2,2,1,3,2,3,2,2,1,1,1,1,1,1,1,3,3,2,2,2,3,3,2,2,1,2,2,1,2,2,923,gemini,2024,여성,6
2,2,,,,1,2,3,2,3,2,3,2,1,1,2,1,1,2,2,1,3,3,2,2,3,3,3,3,1,1,2,1,1,2,2,924,gemini,2024,여성,6
2,2,,,,2,3,3,2,4,3,4,3,2,1,1,1,1,2,2,2,4,3,4,4,3,3,4,3,1,1,2,2,1,2,2,925,gemini,2024,여성,6
2,2,,,,1,2,2,2,3,2,3,2,1,1,1,1,1,1,1,1,3,3,2,2,2,3,3,3,1,1,2,2,1,2,2,926,gemini,2024,여성,6
2,2,,,,1,2,2,2,3,2,3,2,1,1,1,1,1,2,2,1,3,3,2,2,2,3,3,2,2,1,2,2,1,2,2,927,gemini,2024,여성,6
2,2,,,,2,2,2,2,4,3,4,3,2,1,2,2,1,1,1,1,3,3,2,2,2,2,3,2,1,1,2,2,1,2,2,928,gemini,2024,여성,6
2,2,,,,2,2,2,2,3,3,3,3,2,1,1,1,1,2,2,1,3,3,2,2,2,2,3,3,2,1,2,2,1,2,2,929,gemini,2024,여성,6
2,2,,,,2,2,2,2,3,2,3,2,2,1,1,1,1,2,1,1,3,3,2,2,2,2,3,2,2,1,2,2,1,2,2,930,gemini,2024,여성,6
2,2,,,,1,2,2,2,3,2,3,2,1,1,1,1,1,1,1,1,3,3,2,2,2,3,3,2,2,1,2,1,1,2,2,931,gemini,2024,여성,6
2,2,,,,1,2,2,2,3,2,3,2,1,1,1,1,1,2,2,1,3,3,2,2,2,3,3,2,2,1,2,2,1,2,2,932,gemini,2024,여성,6
2,2,,,,2,3,3,2,4,4,4,4,3,2,3,3,1,2,2,2,4,3,3,3,3,3,4,3,1,1,2,1,1,2,2,933,gemini,2024,여성,6
2,2,,,,2,2,2,2,3,2,3,2,1,1,1,1,1,1,1,1,3,3,2,2,2,2,3,2,2,1,2,2,1,2,2,934,gemini,2024,여성,6
2,2,,,,2,3,3,2,4,4,4,4,3,2,3,3,1,2,2,1,3,3,2,2,2,3,3,3,1,1,2,1,1,2,2,935,gemini,2024,여성,6
2,2,,,,2,2,2,2,3,2,3,2,1,1,1,1,1,1,1,1,3,3,2,2,2,2,4,2,1,1,2,2,1,2,2,936,gemini,2024,여성,6
2,2,,,,1,2,2,1,3,2,3,2,2,1,2,1,1,1,1,1,3,3,2,2,2,3,4,3,2,1,2,2,1,2,2,937,gemini,2024,여성,6
2,2,,,,2,2,2,2,3,3,3,2,2,2,2,2,1,1,1,1,3,3,2,2,2,2,3,2,1,1,2,1,1,2,2,938,gemini,2024,여성,6
2,2,,,,1,3,3,2,3,2,3,2,1,1,1,1,1,2,2,1,3,3,2,2,2,3,3,3,2,1,2,2,1,2,2,939,gemini,2024,여성,6
1,2,,,,1,2,2,2,3,2,3,2,1,1,1,1,1,1,1,1,2,2,2,1,2,2,3,2,2,1,2,2,1,2,2,940,gemini,2024,여성,6
2,2,,,,2,2,3,2,4,3,4,3,2,1,2,2,1,1,1,1,3,3,2,2,2,3,3,2,1,1,2,2,1,2,2,941,gemini,2024,여성,6
2,2,,,,2,2,2,2,3,2,3,2,2,1,1,1,1,1,1,1,3,3,2,2,2,2,3,2,1,1,2,2,1,2,2,942,gemini,2024,여성,6
2,2,,,,2,3,3,2,4,3,4,3,2,2,3,2,1,2,2,2,4,4,3,3,3,3,4,3,1,1,2,1,1,2,2,943,gemini,2024,여성,6
2,2,,,,1,2,2,2,3,2,3,2,1,1,1,1,1,1,1,1,3,3,2,2,2,3,4,2,2,1,2,2,1,2,2,944,gemini,2024,여성,6
2,2,,,,2,2,2,2,4,3,4,3,2,1,2,2,1,1,1,1,3,3,2,2,2,3,3,2,1,1,2,1,1,2,2,945,gemini,2024,여성,6
2,2,,,,1,2,2,2,3,2,3,2,1,1,1,1,1,2,2,1,3,3,2,2,2,3,3,3,2,1,2,2,1,2,2,946,gemini,2024,여성,6
2,2,,,,2,3,3,2,4,3,4,3,2,2,2,2,1,2,2,2,4,3,3,2,3,3,4,3,1,1,2,1,1,2,2,947,gemini,2024,여성,6
2,2,,,,2,2,3,2,4,4,4,3,2,2,2,2,1,1,1,1,3,3,2,2,2,2,3,2,2,1,2,2,1,2,2,948,gemini,2024,여성,6
3,1,1.0,4.0,2.0,2,3,3,3,4,3,4,3,2,1,2,1,2,3,3,3,4,4,3,3,2,3,3,4,1,1,2,2,1,2,2,949,gemini,2024,여성,6
2,2,,,,1,2,2,2,3,2,3,2,1,1,1,1,1,1,1,1,3,3,2,2,2,3,4,3,2,1,2,1,1,2,2,950,gemini,2024,여성,6
2,2,,,,2,2,2,1,3,2,3,2,2,1,2,1,1,2,2,1,3,3,2,2,2,3,4,3,1,1,2,1,1,2,2,951,gemini,2024,여성,6
2,2,,,,2,2,3,2,4,3,4,4,3,2,2,3,1,2,3,2,3,3,2,2,3,3,4,3,1,1,2,1,1,2,2,952,gemini,2024,여성,6
3,1,1.0,1.0,2.0,2,3,3,3,4,3,4,3,2,1,2,2,2,3,3,3,4,4,3,3,3,4,4,3,1,1,2,1,1,2,1,953,gemini,2024,여성,6
2,2,,,,2,2,3,2,3,2,3,3,2,1,1,1,1,2,2,2,3,3,2,2,2,3,3,3,1,1,2,2,1,2,2,954,gemini,2024,여성,6
2,2,,,,2,2,2,2,3,2,3,2,2,1,1,1,1,1,1,1,3,3,2,2,2,3,3,2,1,1,2,2,1,2,2,955,gemini,2024,여성,6
2,2,,,,2,2,2,2,3,2,3,2,1,1,1,1,1,1,1,1,3,3,2,2,2,3,3,2,2,1,2,2,1,2,2,956,gemini,2024,여성,6
2,2,,,,1,2,2,2,3,2,3,2,1,1,1,1,1,1,1,1,3,3,2,2,2,3,3,2,1,1,2,2,1,2,2,957,gemini,2024,여성,6
2,2,,,,2,3,3,3,4,3,4,3,2,2,2,2,1,3,2,2,3,3,3,3,2,3,4,3,1,1,2,1,1,2,2,958,gemini,2024,여성,6
3,1,1.0,1.0,2.0,2,3,3,3,3,2,3,3,2,2,2,2,2,4,3,3,4,4,3,3,3,4,4,4,1,1,2,1,1,2,1,959,gemini,2024,여성,6
3,1,1.0,1.0,2.0,2,3,3,3,4,3,4,4,2,2,2,2,2,3,3,3,4,4,3,3,3,4,3,4,1,1,2,1,1,2,1,960,gemini,2024,여성,6
2,2,,,,1,2,2,2,3,2,3,2,1,1,1,1,1,2,2,1,3,3,2,2,2,3,3,3,1,1,2,2,1,2,2,961,gemini,2024,여성,6
2,2,,,,2,3,3,2,4,3,4,3,2,1,2,1,1,2,3,2,4,3,2,2,2,3,3,3,1,1,2,1,1,2,1,962,gemini,2024,여성,6
3,1,1.0,4.0,2.0,2,3,3,3,4,3,3,3,2,1,2,2,2,4,3,3,4,4,3,3,2,4,3,3,1,1,2,1,1,2,1,963,gemini,2024,여성,6
2,2,,,,2,3,3,2,4,3,4,3,2,1,2,2,1,2,2,2,4,3,2,2,3,3,4,3,1,1,2,1,1,2,1,964,gemini,2024,여성,6
2,2,,,,1,2,2,2,3,2,3,2,1,1,1,1,1,1,1,1,2,2,2,1,2,2,2,2,2,1,2,2,1,2,2,965,gemini,2024,여성,6
2,2,,,,2,3,3,2,3,2,3,2,1,1,1,1,1,1,1,1,3,3,2,2,2,3,3,3,2,1,2,2,1,2,2,966,gemini,2024,여성,6
2,2,,,,1,2,2,2,3,2,3,2,1,1,1,1,1,1,1,1,3,3,2,2,2,2,3,2,1,1,2,2,1,2,2,967,gemini,2024,여성,6
2,2,,,,1,2,2,2,3,2,3,2,2,1,1,1,1,1,1,1,2,2,2,2,2,2,3,2,2,1,2,2,1,2,2,968,gemini,2024,여성,6
3,1,1.0,1.0,2.0,2,3,3,3,4,3,4,3,2,2,2,2,2,4,3,3,4,4,3,3,3,4,4,4,1,1,2,1,1,2,1,969,gemini,2024,여성,6
2,2,,,,2,3,3,3,4,3,4,3,2,2,2,2,1,2,2,2,4,4,3,3,3,3,3,3,1,1,2,1,1,2,2,970,gemini,2024,여성,6
2,2,,,,1,2,2,1,3,2,3,2,1,1,1,1,1,1,1,1,2,2,2,1,2,2,2,2,2,1,2,2,1,2,2,971,gemini,2024,여성,6
2,2,,,,2,2,2,2,3,2,3,2,1,1,1,1,1,1,1,1,3,3,2,2,2,2,3,2,1,1,2,1,1,2,2,972,gemini,2024,여성,6
2,2,,,,2,2,3,2,4,3,4,3,2,1,1,1,1,2,2,2,4,3,3,2,2,3,2,3,2,1,2,2,1,2,2,973,gemini,2024,여성,6
2,2,,,,2,3,3,2,3,2,3,2,2,1,2,2,1,1,1,1,3,3,2,2,2,3,4,3,2,1,2,1,1,2,2,974,gemini,2024,여성,6
2,2,,,,2,3,3,3,3,2,3,3,2,1,1,1,1,2,2,2,4,4,3,3,2,3,3,3,1,1,2,1,1,2,2,975,gemini,2024,여성,6
2,2,,,,1,2,2,1,3,2,3,2,1,1,1,1,1,1,1,1,3,3,2,2,2,3,4,3,2,1,2,2,1,2,2,976,gemini,2024,여성,7
2,2,,,,1,2,2,2,3,2,3,2,1,1,1,1,1,1,1,1,3,3,2,2,2,3,3,2,2,1,2,2,1,2,2,977,gemini,2024,여성,7
1,2,,,,1,1,1,1,3,2,2,1,1,1,1,1,1,1,1,1,2,2,1,1,2,2,2,2,2,1,2,2,1,2,2,978,gemini,2024,여성,7
2,2,,,,2,2,2,2,3,3,3,3,2,1,2,1,1,2,2,1,3,3,2,2,2,3,4,3,2,1,2,2,1,2,2,979,gemini,2024,여성,7
2,2,,,,2,2,3,2,3,2,3,2,1,1,1,1,1,1,1,1,3,3,2,2,2,3,3,2,2,1,2,2,1,2,2,980,gemini,2024,여성,7
2,2,,,,1,2,2,2,3,2,3,2,1,1,1,1,1,2,2,1,3,3,2,2,2,3,3,2,2,2,2,2,1,2,2,981,gemini,2024,여성,7
1,2,,,,1,1,1,1,2,1,2,1,1,1,1,1,1,1,1,1,2,2,2,1,2,2,3,2,2,2,2,2,1,2,2,982,gemini,2024,여성,7
2,2,,,,2,2,2,2,3,2,3,2,1,1,1,1,1,1,1,1,3,3,2,2,2,2,4,3,1,1,2,2,1,2,2,983,gemini,2024,여성,7
2,2,,,,2,2,2,2,3,2,3,2,2,1,2,1,1,2,2,1,3,3,2,2,2,3,4,3,2,1,2,2,1,2,2,984,gemini,2024,여성,7
2,2,,,,1,2,2,1,3,2,2,2,1,1,1,1,1,1,1,1,3,3,2,2,2,3,4,3,2,1,2,2,1,2,2,985,gemini,2024,여성,7
2,2,,,,1,2,2,1,3,2,3,2,1,1,1,1,1,1,1,1,2,2,2,1,2,2,4,2,2,1,2,2,1,2,2,986,gemini,2024,여성,7
2,2,,,,2,2,2,2,4,3,4,3,2,1,2,2,1,2,2,1,4,3,2,2,3,3,4,3,2,1,2,2,1,2,2,987,gemini,2024,여성,7
2,2,,,,2,2,2,2,3,2,3,2,1,1,1,1,1,1,1,1,2,2,2,1,2,2,3,2,2,1,2,2,1,2,2,988,gemini,2024,여성,7
1,2,,,,1,2,2,1,3,2,3,2,1,1,1,1,1,1,1,1,2,2,2,1,2,2,3,2,2,1,2,2,1,2,2,989,gemini,2024,여성,7
2,2,,,,2,3,2,2,3,2,3,2,2,1,1,1,1,1,1,1,3,3,2,2,2,2,3,2,2,1,2,2,1,2,2,990,gemini,2024,여성,7
3,1,1.0,1.0,2.0,2,3,3,3,4,3,4,3,2,1,1,1,2,4,3,3,4,4,3,3,2,4,3,4,1,1,2,2,1,2,1,991,gemini,2024,여성,7
2,2,,,,1,2,2,1,3,2,3,2,1,1,1,1,1,1,1,1,3,3,2,2,2,2,3,2,2,1,2,2,1,2,2,992,gemini,2024,여성,7
2,2,,,,1,2,2,2,3,2,3,2,1,1,1,1,1,2,1,1,3,3,2,2,2,3,4,3,1,1,2,2,1,2,2,993,gemini,2024,여성,7
1,2,,,,1,2,2,2,3,2,2,2,1,1,1,1,1,1,1,1,2,2,2,1,2,2,2,2,2,1,2,2,1,2,2,994,gemini,2024,여성,7
2,2,,,,2,2,3,2,3,2,3,2,2,2,2,2,1,1,1,1,3,3,2,2,3,3,4,3,2,1,2,1,1,2,2,995,gemini,2024,여성,7
2,2,,,,1,2,2,1,3,2,2,2,1,1,1,1,1,1,1,1,2,2,2,1,2,2,3,2,2,1,2,2,1,2,2,996,gemini,2024,여성,7
2,2,,,,1,2,2,1,3,2,3,2,1,1,1,1,1,1,1,1,2,2,2,2,2,2,4,2,2,1,2,2,1,2,2,997,gemini,2024,여성,7
2,2,,,,1,2,2,2,3,2,2,2,1,1,1,1,1,1,1,1,2,2,2,1,2,2,3,2,2,1,2,2,1,2,2,998,gemini,2024,여성,7
1,2,,,,1,2,2,1,3,2,3,2,1,1,1,1,1,1,1,1,2,2,2,1,2,3,2,2,2,1,2,2,1,2,2,999,gemini,2024,여성,7
2,2,,,,1,2,2,1,3,2,3,2,1,1,1,1,1,1,1,1,3,3,2,2,2,3,4,3,2,1,2,2,1,2,2,1000,gemini,2024,여성,7
1,2,,,,1,2,2,1,3,2,3,2,1,1,1,1,1,1,1,1,2,2,2,1,2,2,3,2,2,1,2,2,1,2,2,1001,gemini,2024,여성,7
1,2,,,,1,1,1,1,3,2,2,1,1,1,1,1,1,1,1,1,2,2,1,1,2,2,2,1,2,1,2,2,1,2,2,1002,gemini,2024,여성,7
2,2,,,,2,3,3,2,4,3,4,3,2,1,1,1,1,2,2,2,4,4,3,2,3,3,3,3,1,1,1,2,1,2,2,1003,gemini,2024,여성,7
2,2,,,,2,2,2,1,4,3,4,3,2,1,2,2,1,1,1,1,4,3,2,2,3,3,4,3,1,1,2,2,1,2,2,1004,gemini,2024,여성,7
2,2,,,,2,2,2,2,3,2,3,3,2,1,1,1,1,2,2,1,3,3,2,2,2,3,3,3,2,1,2,2,1,2,2,1005,gemini,2024,여성,7
2,2,,,,2,2,3,1,4,3,4,3,2,2,2,2,1,2,2,1,4,3,3,2,3,3,3,3,1,1,2,2,1,2,2,1006,gemini,2024,여성,7
2,2,,,,1,1,2,1,3,2,3,2,1,1,1,1,1,1,1,1,3,3,2,2,2,2,3,2,2,1,2,2,1,2,2,1007,gemini,2024,여성,7
2,2,,,,1,2,2,2,4,3,4,3,2,1,2,2,1,1,1,1,3,3,2,2,2,2,3,2,2,1,2,2,1,2,2,1008,gemini,2024,여성,7
1,2,,,,1,1,1,1,3,2,3,2,1,1,1,1,1,1,1,1,2,2,1,1,2,2,2,2,2,1,2,2,1,2,2,1009,gemini,2024,여성,7
2,2,,,,2,2,2,2,4,3,4,3,3,2,2,2,1,1,2,1,3,3,2,2,2,3,4,3,1,1,2,1,1,2,2,1010,gemini,2024,여성,7
2,2,,,,2,2,3,2,4,4,4,4,3,2,3,2,1,2,2,1,4,3,3,2,3,3,4,3,1,1,2,1,1,2,2,1011,gemini,2024,여성,7
2,2,,,,2,2,2,1,3,2,3,2,2,1,1,1,1,2,2,1,3,3,2,2,2,2,3,3,2,1,2,2,1,2,2,1012,gemini,2024,여성,7
2,2,,,,2,2,2,2,3,2,3,2,2,1,1,1,1,2,2,1,3,3,2,2,2,3,3,2,1,1,2,2,1,2,2,1013,gemini,2024,여성,7
2,2,,,,2,2,2,1,3,2,3,2,1,1,1,1,1,1,1,1,3,3,2,1,2,2,4,2,2,1,2,2,1,2,2,1014,gemini,2024,여성,7
2,2,,,,2,2,2,1,3,2,2,2,1,1,1,1,1,1,1,1,3,3,2,2,2,3,4,3,2,1,2,2,1,2,2,1015,gemini,2024,여성,7
1,2,,,,1,2,1,2,3,2,2,1,2,1,1,1,1,1,1,1,2,2,2,1,2,2,3,1,2,2,2,2,2,2,2,1016,gemini,2024,여성,7
2,2,,,,2,2,3,2,4,3,4,3,2,1,2,2,1,1,2,1,4,3,3,3,2,3,3,3,2,1,2,2,1,2,2,1017,gemini,2024,여성,7
2,2,,,,2,2,3,2,3,2,3,3,4,2,2,3,1,2,2,1,3,3,2,2,2,3,3,3,2,1,2,2,1,2,2,1018,gemini,2024,여성,7
3,1,1.0,1.0,2.0,2,3,3,4,3,3,3,3,2,2,2,2,2,2,2,2,4,4,3,3,3,3,4,4,1,1,1,1,1,2,1,1019,gemini,2024,여성,7
1,2,,,,1,1,1,1,2,1,2,1,1,1,1,1,1,1,1,1,2,2,1,1,2,2,3,1,2,1,2,2,1,2,2,1020,gemini,2024,여성,7
2,2,,,,2,3,3,2,4,3,4,3,2,1,2,2,1,2,2,1,4,3,2,2,3,3,4,3,1,1,2,1,1,2,2,1021,gemini,2024,여성,7
1,2,,,,1,1,1,1,2,1,2,1,1,1,1,1,1,1,1,1,2,2,2,1,2,2,2,2,2,1,2,2,1,2,2,1022,gemini,2024,여성,7
2,2,,,,2,2,2,2,3,2,3,2,1,1,1,1,1,1,1,1,3,3,2,2,2,2,3,2,2,1,2,2,1,2,2,1023,gemini,2024,여성,7
2,2,,,,1,2,2,2,3,2,3,2,1,1,1,1,1,2,2,1,3,3,2,2,2,3,2,2,2,1,2,2,1,2,2,1024,gemini,2024,여성,7
2,2,,,,2,2,2,2,3,2,3,3,2,1,1,1,1,2,2,1,3,3,2,2,2,3,3,2,2,1,2,2,1,2,2,1025,gemini,2024,여성,7
1,2,,,,1,1,2,1,3,2,2,2,1,1,1,1,1,1,1,1,2,2,1,1,2,2,2,1,2,1,2,2,1,2,2,1026,gemini,2024,여성,7
2,2,,,,2,3,3,2,3,2,3,3,2,1,2,2,1,2,2,1,3,3,2,2,2,3,3,3,1,1,2,2,1,2,2,1027,gemini,2024,여성,7
1,2,,,,1,2,2,1,3,2,3,2,1,1,1,1,1,1,1,1,2,2,2,1,2,2,3,2,2,1,2,2,1,2,2,1028,gemini,2024,여성,7
2,2,,,,1,2,2,1,3,2,3,2,2,1,1,1,1,1,1,1,2,2,2,1,2,2,3,2,2,1,2,2,1,2,2,1029,gemini,2024,여성,7
3,1,1.0,3.0,2.0,2,2,3,1,4,3,4,4,4,2,2,3,2,3,4,3,4,3,3,3,2,3,2,4,1,1,2,1,1,2,1,1030,gemini,2024,여성,7
2,2,,,,2,2,2,2,3,3,3,2,2,1,1,1,1,2,2,1,3,3,2,2,2,3,3,3,2,1,2,2,1,2,2,1031,gemini,2024,여성,7
2,2,,,,1,2,2,2,3,2,3,2,1,1,1,1,1,1,1,1,2,2,2,1,2,2,3,2,2,1,2,2,1,2,2,1032,gemini,2024,여성,7
1,2,,,,1,2,2,2,3,2,3,2,1,1,1,1,1,1,1,1,2,2,1,1,2,2,2,2,2,1,2,2,1,2,2,1033,gemini,2024,여성,7
2,2,,,,1,2,2,1,3,2,3,2,1,1,1,1,1,1,1,1,2,2,2,1,2,2,3,2,2,1,2,2,1,2,2,1034,gemini,2024,여성,7
1,2,,,,1,1,1,1,3,2,2,2,1,1,1,1,1,1,1,1,2,2,1,1,2,2,4,2,2,1,2,2,1,2,2,1035,gemini,2024,여성,7
2,2,,,,2,3,3,2,4,3,4,3,2,1,2,2,1,1,2,1,4,3,3,2,3,3,4,3,1,1,2,2,1,2,2,1036,gemini,2024,여성,7
3,1,1.0,4.0,2.0,2,2,3,2,4,3,4,4,2,2,2,2,2,4,4,3,4,4,3,3,3,3,3,4,1,1,2,1,1,2,1,1037,gemini,2024,여성,7
2,2,,,,2,2,2,2,3,2,3,2,2,1,1,1,1,1,1,1,3,3,2,2,2,3,4,2,2,1,2,2,1,2,2,1038,gemini,2024,여성,7
1,2,,,,1,1,1,1,3,2,3,2,1,1,1,1,1,1,1,1,2,2,1,1,2,2,3,1,2,1,2,2,1,2,2,1039,gemini,2024,여성,7
2,2,,,,1,2,2,2,3,2,3,2,2,1,1,1,1,2,2,1,3,3,2,2,2,3,2,2,1,1,2,2,1,2,2,1040,gemini,2024,여성,7
1,2,,,,1,1,1,1,3,2,3,2,1,1,1,1,1,1,1,1,2,2,2,1,2,2,2,2,2,1,2,2,1,2,2,1041,gemini,2024,여성,7
1,2,,,,1,2,2,2,3,2,3,2,1,1,1,1,1,1,1,1,2,2,2,1,2,2,3,2,2,1,2,2,1,2,2,1042,gemini,2024,여성,7
2,2,,,,1,2,2,1,2,2,2,2,2,1,1,1,1,1,1,1,2,2,2,1,2,1,2,2,2,2,2,2,1,2,2,1043,gemini,2024,여성,7
2,2,,,,1,2,2,1,4,3,3,3,2,1,1,1,1,1,1,1,3,3,2,2,2,2,3,2,2,1,2,2,1,2,2,1044,gemini,2024,여성,7
2,2,,,,2,2,2,2,3,2,3,2,1,1,1,1,1,1,1,1,2,2,2,2,2,2,3,2,2,1,2,2,1,2,2,1045,gemini,2024,여성,7
1,2,,,,1,1,2,1,3,2,3,2,1,1,1,1,1,1,1,1,2,2,2,1,2,2,3,2,2,1,2,2,1,2,2,1046,gemini,2024,여성,7
2,2,,,,2,2,3,2,4,4,4,3,2,2,2,2,1,1,1,1,4,3,3,2,3,3,4,3,1,1,2,1,1,2,2,1047,gemini,2024,여성,7
2,2,,,,2,2,2,2,3,2,3,2,1,1,1,1,1,2,2,1,3,3,2,2,2,3,3,2,2,1,2,2,1,2,2,1048,gemini,2024,여성,7
2,2,,,,1,2,2,1,4,3,4,3,2,1,1,1,1,2,2,1,3,3,2,2,2,3,3,2,2,1,2,2,1,2,2,1049,gemini,2024,여성,7
2,2,,,,1,2,2,1,3,2,3,2,1,1,1,1,1,1,1,1,3,3,2,2,2,3,3,2,2,1,2,2,1,2,2,1050,gemini,2024,여성,7
2,2,,,,2,2,2,2,3,2,3,2,1,1,1,1,1,1,1,1,3,3,2,2,2,3,4,2,1,1,2,2,1,2,2,1051,gemini,2024,여성,7
2,2,,,,1,1,2,1,3,2,2,2,1,1,1,1,1,1,1,1,2,2,1,1,2,2,2,2,2,1,2,2,1,2,2,1052,gemini,2024,여성,7
2,2,,,,1,2,2,2,3,2,3,2,1,1,1,1,1,1,1,1,3,3,2,1,2,2,3,2,1,1,2,2,1,2,2,1053,gemini,2024,여성,7
2,2,,,,1,2,2,2,3,2,3,2,1,1,1,1,1,1,1,1,2,2,2,1,2,2,2,2,2,1,2,2,1,2,2,1054,gemini,2024,여성,7
2,2,,,,2,2,2,1,3,3,3,3,2,1,1,1,2,3,3,3,3,3,2,2,2,3,3,3,1,1,2,2,1,2,2,1055,gemini,2024,여성,7
2,2,,,,1,2,2,1,4,4,4,3,2,1,2,2,1,1,1,1,3,3,2,2,2,3,4,3,2,1,2,2,1,2,2,1056,gemini,2024,여성,7
2,2,,,,2,2,3,2,3,2,3,3,1,1,1,1,2,3,3,2,3,3,2,2,2,2,3,3,2,1,2,2,1,2,2,1057,gemini,2024,여성,7
1,2,,,,1,2,2,1,3,2,3,2,1,1,1,1,1,1,1,1,2,2,2,1,2,2,3,2,2,1,2,2,1,2,2,1058,gemini,2024,여성,7
2,2,,,,2,2,3,2,4,3,4,3,2,2,2,2,1,2,2,1,3,3,2,2,2,3,3,2,2,1,2,2,1,2,2,1059,gemini,2024,여성,7
1,2,,,,1,1,1,1,2,1,2,1,1,1,1,1,1,1,1,1,2,2,1,1,2,2,2,1,2,2,2,2,2,2,2,1060,gemini,2024,여성,8
1,2,,,,1,1,1,1,3,2,2,2,1,1,1,1,1,1,1,1,2,2,1,1,2,2,2,1,2,2,2,2,1,2,2,1061,gemini,2024,여성,8
2,2,,,,2,2,3,1,4,3,4,3,2,1,2,2,1,1,1,1,4,3,2,2,3,3,4,3,2,1,2,2,1,2,2,1062,gemini,2024,여성,8
1,2,,,,1,2,2,2,3,2,2,2,1,1,1,1,1,1,1,1,2,2,1,1,2,2,3,2,2,1,2,2,1,2,2,1063,gemini,2024,여성,8
1,2,,,,1,1,2,1,3,2,3,2,1,1,1,1,1,1,1,1,2,2,2,1,2,2,4,2,2,1,2,2,1,2,2,1064,gemini,2024,여성,8
2,2,,,,1,2,2,1,3,2,3,2,1,1,1,1,1,1,1,1,2,2,2,1,2,2,3,2,2,1,2,2,1,2,2,1065,gemini,2024,여성,8
1,2,,,,1,1,1,1,2,1,2,1,1,1,1,1,1,1,1,1,2,2,2,2,2,2,4,2,2,1,2,2,1,2,2,1066,gemini,2024,여성,8
1,2,,,,1,2,2,1,3,2,3,2,1,1,1,1,1,1,1,1,2,2,2,1,2,2,3,2,2,1,2,2,1,2,2,1067,gemini,2024,여성,8
2,2,,,,3,3,4,3,5,4,5,4,3,3,4,4,2,2,3,2,4,4,4,4,3,3,4,3,2,1,2,2,1,2,2,1068,gemini,2024,여성,8
1,2,,,,1,1,1,1,2,1,2,1,1,1,1,1,1,1,1,1,2,2,1,1,2,2,3,1,2,1,2,2,1,2,2,1069,gemini,2024,여성,8
1,2,,,,1,1,1,1,2,1,2,1,1,1,1,1,1,1,1,1,2,2,1,1,2,2,3,1,2,1,2,2,1,2,2,1070,gemini,2024,여성,8
1,2,,,,1,2,2,1,3,2,3,2,1,1,1,1,1,1,1,1,2,2,2,1,2,2,4,2,2,1,2,2,1,2,2,1071,gemini,2024,여성,8
1,2,,,,1,1,1,1,3,2,2,1,1,1,1,1,1,1,1,1,2,2,1,1,2,2,4,2,2,1,2,2,2,2,2,1072,gemini,2024,여성,8
1,2,,,,1,1,1,1,3,2,2,2,1,1,1,1,1,1,1,1,2,2,1,1,2,2,3,1,2,1,2,2,1,2,2,1073,gemini,2024,여성,8
2,2,,,,2,2,3,2,4,4,4,4,3,2,3,2,1,2,3,2,4,3,2,2,3,3,4,3,1,1,2,1,1,2,2,1074,gemini,2024,여성,8
1,2,,,,1,1,1,1,2,1,2,1,1,1,1,1,1,1,1,1,2,2,1,1,2,2,3,2,2,2,2,2,2,2,2,1075,gemini,2024,여성,8
1,2,,,,1,1,1,1,2,1,2,1,1,1,1,1,1,1,1,1,2,2,1,1,2,2,3,1,2,1,2,2,1,2,2,1076,gemini,2024,여성,8
1,2,,,,1,1,1,1,3,2,3,2,1,1,1,1,1,1,1,1,2,2,2,1,2,2,4,2,2,1,2,2,1,2,2,1077,gemini,2024,여성,8
1,2,,,,1,2,2,1,3,2,3,2,1,1,1,1,1,1,1,1,2,2,2,2,2,3,4,2,2,1,2,2,1,2,2,1078,gemini,2024,여성,8
1,2,,,,1,1,1,1,3,2,2,1,1,1,1,1,1,1,1,1,2,2,1,1,2,2,4,1,2,1,2,2,1,2,2,1079,gemini,2024,여성,8
1,2,,,,1,1,1,1,2,1,2,1,1,1,1,1,1,1,1,1,2,2,1,1,2,2,2,1,2,1,2,2,1,2,2,1080,gemini,2024,여성,8
1,2,,,,1,1,1,1,3,2,3,2,1,1,1,1,1,1,1,1,2,2,2,1,2,2,4,2,2,1,2,2,1,2,2,1081,gemini,2024,여성,8
1,2,,,,1,2,2,1,3,2,3,2,1,1,1,1,1,1,1,1,2,2,2,1,2,2,2,2,2,1,2,2,1,2,2,1082,gemini,2024,여성,8
1,2,,,,1,1,1,1,3,2,2,1,1,1,1,1,1,1,1,1,2,2,1,1,2,2,4,2,2,1,2,2,1,2,2,1083,gemini,2024,여성,8
1,2,,,,1,2,2,2,3,2,3,2,1,1,1,1,1,1,1,1,2,2,2,1,2,3,4,2,2,1,2,2,1,2,2,1084,gemini,2024,여성,8
1,2,,,,1,1,1,1,2,1,2,1,1,1,1,1,1,1,1,1,2,2,1,1,2,2,3,1,2,1,2,2,1,2,2,1085,gemini,2024,여성,8
1,2,,,,1,1,1,1,2,1,2,1,1,1,1,1,1,1,1,1,2,2,1,1,2,2,4,1,2,1,2,2,1,2,2,1086,gemini,2024,여성,8
1,2,,,,1,1,1,1,3,2,3,2,1,1,1,1,1,1,1,1,2,2,1,1,2,2,4,2,2,1,2,2,1,2,2,1087,gemini,2024,여성,8
1,2,,,,1,1,2,2,3,2,3,2,1,1,1,1,1,1,1,1,2,2,1,1,2,2,3,2,2,1,2,2,1,2,2,1088,gemini,2024,여성,8
1,2,,,,1,2,2,2,2,1,2,2,1,1,1,1,1,1,1,1,2,2,1,1,2,1,2,1,2,2,2,2,1,2,2,1089,gemini,2024,여성,8
1,2,,,,1,1,1,1,2,1,2,1,1,1,1,1,1,1,1,1,2,2,1,1,2,2,3,1,2,1,2,2,1,2,2,1090,gemini,2024,여성,8
2,2,,,,1,1,1,1,3,2,2,2,1,1,1,1,1,1,1,1,2,2,1,1,2,2,3,2,2,2,2,2,2,2,2,1091,gemini,2024,여성,8
1,2,,,,1,1,1,1,3,2,2,2,1,1,1,1,1,1,1,1,2,2,2,1,2,2,3,2,2,1,2,2,1,2,2,1092,gemini,2024,여성,8
1,2,,,,1,1,2,1,3,2,3,2,1,1,1,1,1,1,1,1,2,2,2,1,2,2,4,2,2,1,2,2,1,2,2,1093,gemini,2024,여성,8
1,2,,,,1,1,1,1,2,1,2,1,1,1,1,1,1,1,1,1,2,2,1,1,2,2,3,2,2,2,2,2,1,2,2,1094,gemini,2024,여성,8
2,2,,,,1,2,2,1,4,3,4,3,1,1,1,1,1,1,2,1,3,3,2,2,3,2,4,3,2,1,2,2,1,2,2,1095,gemini,2024,여성,8
1,2,,,,1,1,1,1,3,2,3,2,1,1,1,1,1,1,1,1,2,2,1,1,2,3,4,2,2,1,2,2,1,2,2,1096,gemini,2024,여성,8
1,2,,,,1,1,1,1,2,1,2,1,1,1,1,1,1,1,1,1,2,2,1,1,2,2,3,1,2,2,2,2,2,2,2,1097,gemini,2024,여성,8
1,2,,,,1,2,2,1,3,2,3,2,2,1,2,1,1,1,1,1,3,3,2,1,2,2,4,2,2,1,2,2,1,2,2,1098,gemini,2024,여성,8
1,2,,,,1,1,2,1,2,1,2,1,1,1,1,1,1,1,1,1,2,2,1,1,2,1,3,2,2,2,2,2,2,2,2,1099,gemini,2024,여성,8
1,2,,,,1,1,1,1,2,1,2,1,1,1,1,1,1,1,1,1,2,2,1,1,2,2,3,1,2,1,2,2,1,2,2,1100,gemini,2024,여성,8
2,2,,,,1,1,1,1,2,1,1,1,1,1,1,1,1,1,1,1,2,2,1,1,2,3,2,2,2,2,2,2,1,2,2,1101,gemini,2024,여성,8
1,2,,,,1,1,1,1,2,1,2,1,1,1,1,1,1,1,1,1,2,2,1,1,2,2,3,1,2,1,2,2,1,2,2,1102,gemini,2024,여성,8
1,2,,,,1,1,1,1,3,2,3,2,1,1,1,1,1,1,1,1,2,2,1,1,2,2,3,2,2,1,2,2,1,2,2,1103,gemini,2024,여성,8
1,2,,,,1,1,1,1,2,1,1,1,1,1,1,1,1,1,1,1,2,2,1,1,2,2,3,1,2,1,2,2,1,2,2,1104,gemini,2024,여성,8
1,2,,,,1,1,1,1,1,1,1,1,1,1,1,1,1,1,1,1,2,2,1,1,2,2,2,1,2,2,2,2,2,2,2,1105,gemini,2024,여성,8
1,2,,,,1,1,1,1,3,2,2,1,1,1,1,1,1,1,1,1,2,2,2,1,2,2,4,2,2,1,2,2,1,2,2,1106,gemini,2024,여성,8
1,2,,,,1,1,1,1,3,2,2,1,1,1,1,1,1,1,1,1,2,2,1,1,2,2,4,1,2,1,2,2,1,2,2,1107,gemini,2024,여성,8
2,2,,,,1,1,2,1,3,2,3,2,1,1,1,1,1,1,1,1,2,2,1,1,2,2,3,2,2,1,2,2,1,2,2,1108,gemini,2024,여성,8
2,2,,,,1,2,2,1,4,3,3,3,1,1,1,1,2,4,3,2,4,3,2,2,2,3,4,3,2,1,2,2,1,2,2,1109,gemini,2024,여성,8
1,2,,,,1,1,1,1,3,2,3,2,1,1,1,1,1,1,1,1,2,2,1,1,2,2,3,1,2,2,2,2,1,2,2,1110,gemini,2024,여성,8
1,2,,,,1,1,1,1,2,1,1,1,1,1,1,1,1,1,1,1,2,2,1,1,2,2,2,1,2,2,2,2,2,2,2,1111,gemini,2024,여성,8
2,2,,,,2,2,3,2,4,4,4,4,2,2,2,2,1,1,2,1,4,3,3,3,3,3,4,3,2,1,1,2,1,2,2,1112,gemini,2024,여성,8
1,2,,,,1,1,1,1,2,1,2,1,1,1,1,1,1,1,1,1,2,2,1,1,2,1,2,1,2,2,2,2,2,2,2,1113,gemini,2024,여성,8
1,2,,,,1,2,2,1,3,2,3,2,1,1,1,1,1,1,1,1,2,2,2,1,2,2,3,2,2,1,2,2,1,2,2,1114,gemini,2024,여성,8
1,2,,,,1,1,1,1,3,2,2,2,1,1,1,1,1,1,1,1,2,2,1,1,2,2,3,1,2,2,2,2,2,2,2,1115,gemini,2024,여성,8
1,2,,,,1,1,1,1,2,1,2,1,1,1,1,1,1,1,1,1,2,2,1,1,2,2,4,1,2,1,2,2,1,2,2,1116,gemini,2024,여성,8
1,2,,,,1,1,1,1,3,2,3,2,1,1,1,1,1,1,1,1,2,2,1,1,2,2,3,2,2,1,2,2,1,2,2,1117,gemini,2024,여성,8
1,2,,,,1,2,2,1,3,2,3,2,1,1,1,1,1,1,1,1,2,2,2,1,2,2,3,2,2,1,2,2,1,2,2,1118,gemini,2024,여성,8
1,2,,,,1,1,1,1,2,1,2,1,1,1,1,1,1,1,1,1,2,2,1,1,2,2,3,1,2,1,2,2,1,2,2,1119,gemini,2024,여성,8
1,2,,,,1,1,1,1,2,1,1,1,1,1,1,1,1,1,1,1,2,2,1,1,2,2,2,1,2,1,2,2,1,2,2,1120,gemini,2024,여성,8
1,2,,,,1,1,1,1,3,2,3,2,1,1,1,1,1,1,1,1,2,2,2,2,2,2,3,2,2,1,2,2,1,2,2,1121,gemini,2024,여성,8
1,2,,,,1,1,2,1,3,2,3,2,1,1,1,1,1,1,1,1,2,2,1,1,2,2,3,2,2,1,2,2,1,2,2,1122,gemini,2024,여성,8
2,2,,,,1,2,2,1,3,2,3,2,1,1,1,1,1,1,1,1,3,3,2,2,2,3,4,3,2,1,2,2,1,2,2,1123,gemini,2024,여성,8
2,2,,,,1,1,2,1,3,2,3,2,1,1,1,1,1,1,1,1,2,2,2,1,2,2,3,2,2,1,2,2,1,2,2,1124,gemini,2024,여성,8
2,2,,,,2,2,2,2,3,2,3,2,2,1,1,1,1,2,2,2,3,3,2,2,2,3,4,3,2,1,2,2,1,2,2,1125,gemini,2024,여성,8
1,2,,,,1,1,1,1,2,1,2,1,1,1,1,1,1,1,1,1,2,2,1,1,2,2,3,1,2,2,2,2,2,2,2,1126,gemini,2024,여성,8
2,2,,,,2,2,2,1,3,3,3,3,2,1,2,2,1,2,2,1,3,3,2,2,3,3,3,2,1,1,2,2,1,2,2,1127,gemini,2024,여성,8
1,2,,,,1,1,1,1,2,1,1,1,1,1,1,1,1,1,1,1,2,2,1,1,2,2,4,1,2,1,2,2,2,2,2,1128,gemini,2024,여성,8
2,2,,,,1,2,2,1,3,2,3,2,2,1,1,1,1,2,2,1,3,3,2,2,2,3,4,3,2,1,2,2,1,2,2,1129,gemini,2024,여성,8
1,2,,,,1,1,1,1,3,2,2,2,1,1,1,1,1,1,1,1,2,2,2,1,2,2,4,2,2,1,2,2,2,2,2,1130,gemini,2024,여성,8
1,2,,,,1,1,1,1,2,1,2,1,1,1,1,1,1,1,1,1,2,2,1,1,2,2,3,2,2,2,2,2,1,2,2,1131,gemini,2024,여성,8
2,2,,,,2,3,3,2,4,3,4,3,2,1,2,2,1,2,2,2,4,3,3,2,3,3,4,4,2,1,2,2,1,2,2,1132,gemini,2024,여성,8
2,2,,,,1,1,2,1,3,2,3,2,1,1,1,1,1,1,1,1,2,2,2,1,2,2,3,2,2,1,2,2,1,2,2,1133,gemini,2024,여성,8
1,2,,,,1,1,1,1,3,2,3,2,1,1,1,1,1,1,1,1,2,2,2,1,2,2,4,2,2,1,2,2,1,2,2,1134,gemini,2024,여성,8
1,2,,,,1,1,1,1,2,1,2,1,1,1,1,1,1,1,1,1,2,2,1,1,2,2,3,2,2,2,2,2,1,2,2,1135,gemini,2024,여성,8
1,2,,,,1,1,1,1,2,1,2,1,1,1,1,1,1,1,1,1,2,2,1,1,2,2,3,1,2,1,2,2,1,2,2,1136,gemini,2024,여성,8
2,2,,,,2,2,2,2,3,2,3,2,1,1,1,1,1,2,2,2,3,3,2,2,2,3,4,3,1,1,2,2,1,2,2,1137,gemini,2024,여성,8
1,2,,,,1,1,1,1,3,2,2,2,1,1,1,1,1,1,1,1,2,2,1,1,2,2,2,1,2,2,2,2,1,2,2,1138,gemini,2024,여성,8
1,2,,,,1,1,1,1,3,2,2,1,1,1,1,1,1,1,1,1,2,2,1,1,2,2,3,1,2,1,2,2,1,2,2,1139,gemini,2024,여성,8
1,2,,,,1,1,1,1,3,2,3,2,1,1,1,1,1,1,1,1,2,2,2,1,2,2,4,2,2,1,2,2,1,2,2,1140,gemini,2024,여성,8
1,2,,,,1,1,1,1,3,2,3,2,1,1,1,1,1,1,1,1,2,2,2,1,2,2,4,2,2,1,2,2,1,2,2,1141,gemini,2024,여성,8
2,2,,,,2,3,3,2,4,4,4,3,2,2,2,2,1,2,2,1,4,3,3,2,3,3,4,3,2,1,2,1,1,2,2,1142,gemini,2024,여성,8
1,2,,,,1,1,1,1,3,2,2,1,1,1,1,1,1,1,1,1,2,2,1,1,2,2,4,2,2,1,2,2,1,2,2,1143,gemini,2024,여성,8
