_idx,uuid,sex,age,province,education_level,occupation,성별,연령대,연령대_라벨,시도,교육수준
0,81ca6d112d904c9190cf10a913c59e57,남자,19,경상남,중학교,무직,남성,2,10대,경상남도,중졸
1,29b0190a8c184cfb8ce5c2090fcfd5bf,남자,19,경기,고등학교,무직,남성,2,10대,경기도,고졸
2,1c792e89c5244967b0678840ab2e649a,남자,19,서울,고등학교,무직,남성,2,10대,서울특별시,고졸
3,864e2783a49d48549cc6942d739bbbc3,남자,19,경기,고등학교,음식 서비스 종사원,남성,2,10대,경기도,고졸
4,0018b6617d77448e9bac1c54cc25d6f0,남자,19,충청북,중학교,무직,남성,2,10대,충청북,중졸
5,09c21a256cdc4fd89186d3de42c36ae0,남자,19,제주,중학교,무직,남성,2,10대,제주특별자치도,중졸
6,02156f30cada4d509ebbcc153c43292f,남자,19,경상남,고등학교,무직,남성,2,10대,경상남도,고졸
7,beeb170168b1499e95a54f17feabdc00,남자,19,경상남,고등학교,무직,남성,2,10대,경상남도,고졸
8,c1073d23217c40b18f4f63ed32573186,남자,19,서울,고등학교,무직,남성,2,10대,서울특별시,고졸
9,2eae50cbacb94f4980824507ef1a5c1c,남자,19,서울,고등학교,무직,남성,2,10대,서울특별시,고졸
10,f06afd4f8cc94f7aa4d079936c03dfb5,남자,19,대전,고등학교,무직,남성,2,10대,대전광역시,고졸
11,3921b76310304f86b406b1df8099fed5,남자,19,경상북,고등학교,무직,남성,2,10대,경상북도,고졸
12,77f72a9d25e7421c8798b67b8bf73b9e,남자,19,서울,중학교,무직,남성,2,10대,서울특별시,중졸
13,6c161e9fbc6e466389461a45253d5c71,남자,19,서울,중학교,무직,남성,2,10대,서울특별시,중졸
14,34203ffef7dc4ce4931605d014223cb4,남자,19,서울,중학교,무직,남성,2,10대,서울특별시,중졸
15,497203b1659c471291aa1c2d7c7a572f,남자,19,전라남,고등학교,무직,남성,2,10대,전라남,고졸
16,c74e4efecfae4759ab638b0400c6004f,남자,19,서울,고등학교,무직,남성,2,10대,서울특별시,고졸
17,6d205e86ee85481999892e1100f2da64,남자,19,경상북,고등학교,무직,남성,2,10대,경상북도,고졸
18,3e5653a20dae4701827478d8267f9787,남자,19,대전,고등학교,무직,남성,2,10대,대전광역시,고졸
19,d06559812ff748f28978034fc8ea53a6,남자,19,경기,고등학교,무직,남성,2,10대,경기도,고졸
20,d6eb071b880b45b1b837bfffd8012f18,남자,19,대전,고등학교,무직,남성,2,10대,대전광역시,고졸
21,7de365e6b1744267a37af29fae5d0749,남자,19,인천,고등학교,화학기계 설치 및 정비원,남성,2,10대,인천광역시,고졸
22,72c9d2f070c74c64b9a311df8893632d,남자,19,경기,고등학교,무직,남성,2,10대,경기도,고졸
23,bbf98c27ca7b4b218c7f7e44dec1f835,남자,19,서울,고등학교,무직,남성,2,10대,서울특별시,고졸
24,369ca5a09a2e40f787f2f82eca74fa9c,남자,19,경기,고등학교,무직,남성,2,10대,경기도,고졸
25,c7298bd181154b8d8d9b37fe0112044f,남자,19,충청북,고등학교,무직,남성,2,10대,충청북,고졸
26,32750eb4448c4a1b9991b058224ac057,남자,19,서울,중학교,무직,남성,2,10대,서울특별시,중졸
27,6136cf58c1d2423b9a84afe88926bdb2,남자,19,대전,고등학교,무직,남성,2,10대,대전광역시,고졸
28,dc5970ccdcd34913bbbcfe9b6520e67e,남자,19,서울,중학교,무직,남성,2,10대,서울특별시,중졸
29,f372edfd492148c1a212509d902394f0,남자,19,서울,고등학교,무직,남성,2,10대,서울특별시,고졸
30,ab08f673f8db4ee2810e2411dba4f8cc,남자,19,경기,중학교,무직,남성,2,10대,경기도,중졸
31,24ef0e66d52a4b338c7266de4e799458,남자,19,경기,고등학교,무직,남성,2,10대,경기도,고졸
32,da64562f27234128ac9ca5633f77459b,남자,19,경기,고등학교,무직,남성,2,10대,경기도,고졸
33,08df1f655979438ab15416047bf6c80c,남자,19,경기,중학교,음식 서비스 종사원,남성,2,10대,경기도,중졸
34,e1d7f297af144293a79a8ed1008e54df,남자,19,부산,고등학교,무직,남성,2,10대,부산광역시,고졸
35,8d6d31643f4e4f479737f05ad10a845a,남자,19,대전,고등학교,무직,남성,2,10대,대전광역시,고졸
36,ffbf1da61a964147be1ebe5889edc9f8,남자,19,울산,고등학교,자동차공학 기술자 및 연구원,남성,2,10대,울산광역시,고졸
37,91f740001c3a4a4aa66fe2f360709aae,남자,19,경기,고등학교,무직,남성,2,10대,경기도,고졸
38,8aaad2c79345431f86eb733017aec61d,남자,19,경기,고등학교,경리 사무원,남성,2,10대,경기도,고졸
39,faf3bd8fb85049d09c1aae6c0c91cf08,남자,19,경기,고등학교,무직,남성,2,10대,경기도,고졸
40,bb916a4965a64f51888c63bfecdbddb8,남자,19,인천,고등학교,무직,남성,2,10대,인천광역시,고졸
41,4062da29a4db48caa661ddd63df2f268,남자,19,경기,중학교,무직,남성,2,10대,경기도,중졸
42,169989a62db9401380f39c893e2ca21d,남자,19,경상북,중학교,무직,남성,2,10대,경상북도,중졸
43,d3bfc600e1274d3bb622241f63269e98,남자,19,경기,고등학교,무직,남성,2,10대,경기도,고졸
44,fc50634ca6914bb990554c815316ee61,남자,19,대구,고등학교,무직,남성,2,10대,대구광역시,고졸
45,1815c50c231b45f1be93d22c866d5bc1,남자,19,경상남,고등학교,무직,남성,2,10대,경상남도,고졸
46,ea18521bd31d4ca09db6913f2ab9926a,남자,19,충청남,고등학교,무직,남성,2,10대,충청남,고졸
47,d8ad7a9f333d46b4aefcd5608ccb4c20,남자,19,부산,고등학교,무직,남성,2,10대,부산광역시,고졸
48,385070c349b44806bfd9df417a0d0dbd,남자,19,경기,고등학교,무직,남성,2,10대,경기도,고졸
49,805c7a46af444b1fa6c8b9a13b6a6016,남자,19,충청북,고등학교,무직,남성,2,10대,충청북,고졸
50,f2a125cae3684e23bfd3ddfec4b7d4aa,남자,19,경기,고등학교,무직,남성,2,10대,경기도,고졸
51,4fd754c1f97c4f1f947728137bc618af,남자,19,광주,고등학교,무직,남성,2,10대,광주광역시,고졸
52,ad04017072c84f55aab7f711e08e7064,남자,19,인천,고등학교,무직,남성,2,10대,인천광역시,고졸
53,72d6deee6e9c4a78af984057feebbafc,남자,19,경기,고등학교,무직,남성,2,10대,경기도,고졸
54,2e2593a50d974737a9893d2e5fcd983e,남자,19,경상북,중학교,무직,남성,2,10대,경상북도,중졸
55,b55b08b886e048f084d39ff42cac0614,남자,19,경기,고등학교,무직,남성,2,10대,경기도,고졸
56,89c25817d6974101a867749a835ad57a,남자,19,서울,중학교,무직,남성,2,10대,서울특별시,중졸
57,6e2ad230f0844e4a865c4e66f1c3affd,남자,19,울산,고등학교,무직,남성,2,10대,울산광역시,고졸
58,21258ba787684321883ab7972cb392e2,남자,19,서울,고등학교,무직,남성,2,10대,서울특별시,고졸
59,cd650cc7173343f7b484d6edb3b9f326,남자,19,경기,중학교,무직,남성,2,10대,경기도,중졸
60,150d89e73fba41c49886549f0d299132,남자,19,충청남,고등학교,무직,남성,2,10대,충청남,고졸
61,9eb62aeaa0d84c168aa3bb95be1700fd,남자,19,울산,고등학교,무직,남성,2,10대,울산광역시,고졸
62,93f004d597364212a6bdd515eee8d251,남자,19,경기,고등학교,무직,남성,2,10대,경기도,고졸
63,545856bf6f6546d8b452b9acce148206,남자,19,서울,고등학교,무직,남성,2,10대,서울특별시,고졸
64,784e09c108a443e991f08dfb274fcda6,남자,19,부산,고등학교,무직,남성,2,10대,부산광역시,고졸
65,fdfaad122bfd4dfeaf5e0ad50a28c04a,남자,19,서울,고등학교,무직,남성,2,10대,서울특별시,고졸
66,1b7e77c8da574ce6a0bc94ed431be01b,남자,19,서울,고등학교,무직,남성,2,10대,서울특별시,고졸
67,25c13dbfda044fa98b70a7a6eee06c6f,남자,19,경기,고등학교,"전직 일식 조리사, 현재 구직중",남성,2,10대,경기도,고졸
68,c91312526c2948079801692e1e0e18d3,남자,19,전북,고등학교,무직,남성,2,10대,전북특별자치도,고졸
69,123ea6f9f0864f0fb19a3f94a004ccbb,남자,19,대구,중학교,무직,남성,2,10대,대구광역시,중졸
70,72e574dd645c4ec5b407dd4027abae2a,남자,19,전라남,고등학교,중식 조리사,남성,2,10대,전라남,고졸
71,32d422c75115445890a27e31d9f578ee,남자,19,인천,고등학교,무직,남성,2,10대,인천광역시,고졸
72,4006e2762f0f48ce99d6fb63c8b60285,남자,19,대전,고등학교,무직,남성,2,10대,대전광역시,고졸
73,d5d5631943304b3cbc7c46488d057d87,남자,19,경기,중학교,노점 및 이동 판매원,남성,2,10대,경기도,중졸
74,4128945a864744a585c828f9d884ee42,남자,19,서울,고등학교,한식 조리사,남성,2,10대,서울특별시,고졸
75,102c1227e21a4b358b3f6e1f9383e4a5,남자,19,부산,고등학교,무직,남성,2,10대,부산광역시,고졸
76,89eb3934b79e49e89b8d2d7e67ab0557,남자,19,경상남,고등학교,무직,남성,2,10대,경상남도,고졸
77,35afc838cfa34fbcba78f0754db91350,남자,19,울산,고등학교,무직,남성,2,10대,울산광역시,고졸
78,6ff3cc89ce144918a2c8f987a11d347f,남자,19,경기,고등학교,무직,남성,2,10대,경기도,고졸
79,e831c675d2f94057ad6e31db60a9a232,남자,19,울산,고등학교,사무 보조원,남성,2,10대,울산광역시,고졸
80,40aeef8df00f418099e2b95d541e4f36,남자,19,경기,고등학교,무직,남성,2,10대,경기도,고졸
81,a662cf7317e044319d79511f251b98e5,남자,19,경기,고등학교,무직,남성,2,10대,경기도,고졸
82,a5424461bf86473096354f4d1e64819e,남자,19,충청남,중학교,무직,남성,2,10대,충청남,중졸
83,df452a9bf6804929925e416c120ee282,남자,19,전북,고등학교,무직,남성,2,10대,전북특별자치도,고졸
84,738ad63428f4494a8aad6070089b4c04,남자,19,경기,고등학교,그 외 배달원,남성,2,10대,경기도,고졸
85,64f8a86003124e7480f89e9a6a3a6af8,남자,19,경상남,고등학교,무직,남성,2,10대,경상남도,고졸
86,781411b2b67c4297961f4334dc025021,남자,19,경상북,고등학교,무직,남성,2,10대,경상북도,고졸
87,6498e8180e3b4511bd973e9a9e0be8b3,남자,19,경기,고등학교,무직,남성,2,10대,경기도,고졸
88,44bcff0abb6c4a68a164f191e75ce54a,남자,19,울산,고등학교,중식 조리사,남성,2,10대,울산광역시,고졸
89,387b7b11e3f641c98f03a43f318c1fb4,남자,19,전북,중학교,주차 관리원,남성,2,10대,전북특별자치도,중졸
90,3a80dc149c1344edaa421fbec08128b4,남자,19,충청북,고등학교,무직,남성,2,10대,충청북,고졸
91,93c26a0172e648dba2ab93050721ee89,남자,19,경기,고등학교,무직,남성,2,10대,경기도,고졸
92,b1e181eb263544c1892303659d3a61e5,남자,19,경기,고등학교,방문 고객 상담원,남성,2,10대,경기도,고졸
93,29154ad4122e48a2aae095f1fac88167,남자,19,경기,고등학교,무직,남성,2,10대,경기도,고졸
94,04844f038e83411494a1cb281cb731cd,남자,19,충청남,고등학교,무직,남성,2,10대,충청남,고졸
95,ba1248a5d52c470e9948e2fdec6a0270,남자,19,전북,고등학교,무직,남성,2,10대,전북특별자치도,고졸
96,9de7e636c433426ca1b2d6f46c654dcf,남자,19,경기,고등학교,무직,남성,2,10대,경기도,고졸
97,3d6c6bf9ffc845cd93e72532c24581ac,남자,19,광주,고등학교,무직,남성,2,10대,광주광역시,고졸
98,126cbff512924b408451ea0133df909f,남자,19,경상북,고등학교,무직,남성,2,10대,경상북도,고졸
99,1d3bf8ba34c443b69a881410e41161be,남자,19,경상남,고등학교,무직,남성,2,10대,경상남도,고졸
100,2f03d428662640c9bf3a2908d4e9d9c1,남자,19,전라남,고등학교,무직,남성,2,10대,전라남,고졸
101,844c2ffc90d746ec80aedd97a88009bb,남자,19,경상남,고등학교,무직,남성,2,10대,경상남도,고졸
102,34881caa64cb4ad69525004bba5ae2b6,남자,19,인천,고등학교,무직,남성,2,10대,인천광역시,고졸
103,6d2cf1d90cfb4c9ab3ecd5832a071753,남자,19,인천,고등학교,무직,남성,2,10대,인천광역시,고졸
104,870e1b75bdb9422da3c902b93bf43757,남자,19,충청북,고등학교,무직,남성,2,10대,충청북,고졸
105,a384c0278eb547a98985da0e0b8e22a1,남자,19,서울,중학교,무직,남성,2,10대,서울특별시,중졸
106,77f35783fe204f9d9e6df8257b25116b,남자,19,경상남,고등학교,무직,남성,2,10대,경상남도,고졸
107,02156f30cada4d509ebbcc153c43292f,남자,19,경상남,고등학교,무직,남성,2,10대,경상남도,고졸
108,09568b482e9a4957b43a7fa276c02d79,남자,19,광주,고등학교,무직,남성,2,10대,광주광역시,고졸
109,e037db1d341e474ead0f8f1389e0741e,남자,19,서울,고등학교,무직,남성,2,10대,서울특별시,고졸
110,935885472c0e49d692040fc2d820047c,남자,19,경기,중학교,무직,남성,2,10대,경기도,중졸
111,cd49b1b8281d434792be3bc6ab0aa8b2,남자,19,충청북,고등학교,무직,남성,2,10대,충청북,고졸
112,f6ffa6a8ccf1487b879e567f1e9fe288,남자,19,울산,고등학교,무직,남성,2,10대,울산광역시,고졸
113,c80b920b81854f0b9ee3baf3f9814b99,남자,19,경상남,고등학교,판금원,남성,2,10대,경상남도,고졸
114,4ca4dace4a87494eac1bcef6734de205,남자,19,경기,고등학교,무직,남성,2,10대,경기도,고졸
115,4039f8b9f4fd486a8a92999e4118fa7e,남자,19,경기,고등학교,무직,남성,2,10대,경기도,고졸
116,d627611586af4e568c1e1f887bc62a8a,남자,19,서울,고등학교,무직,남성,2,10대,서울특별시,고졸
117,ffd8ff63cc7e42ddb09970eacef550b4,남자,19,강원,고등학교,한식 조리사,남성,2,10대,강원특별자치도,고졸
118,0a3ca7c145324be8b9f0cc669885cd84,남자,19,서울,고등학교,무직,남성,2,10대,서울특별시,고졸
119,f7af1fa49efd45729ae10e0a1083187c,남자,19,경상남,고등학교,무직,남성,2,10대,경상남도,고졸
120,5c2cd0425f7f45b89a9c3936fafb7b9b,남자,19,대구,고등학교,무직,남성,2,10대,대구광역시,고졸
121,f90caebc377d40e58c45975a8c626112,남자,19,전북,고등학교,무직,남성,2,10대,전북특별자치도,고졸
122,62cea7fc075e420b848255d26309b65f,남자,19,제주,고등학교,무직,남성,2,10대,제주특별자치도,고졸
123,aa48a4bb1c30419fa2727f1a2add1e8a,남자,19,제주,고등학교,정육가공원,남성,2,10대,제주특별자치도,고졸
124,75e189889c21483fae912aa7bc120b0f,남자,19,경상북,고등학교,무직,남성,2,10대,경상북도,고졸
125,bdc1da1025764d639913fc58f0345108,남자,19,경상남,고등학교,무직,남성,2,10대,경상남도,고졸
126,1734c69ee4a34736bf4ac0916f3740e8,남자,19,충청남,고등학교,무직,남성,2,10대,충청남,고졸
127,62a0c26571aa4e609b18dd73178fb778,남자,19,경기,고등학교,무직,남성,2,10대,경기도,고졸
128,775c99cf9fbd4f12a1d7d56b23b562f8,남자,19,인천,고등학교,무직,남성,2,10대,인천광역시,고졸
129,6a2957e7ad1f40babcfcdbe0e8265829,남자,19,부산,중학교,무직,남성,2,10대,부산광역시,중졸
130,cd484703a98f472791810591667bcb9a,남자,19,경기,고등학교,무직,남성,2,10대,경기도,고졸
131,f882368012b344239ff7e1cd8ee4695f,남자,19,제주,고등학교,무직,남성,2,10대,제주특별자치도,고졸
132,ce66b51a503c488d8a82411149e2c123,남자,19,서울,고등학교,무직,남성,2,10대,서울특별시,고졸
133,99d715d7b58c4ac2bff3dd8eb48a5b99,남자,19,경기,중학교,무직,남성,2,10대,경기도,중졸
134,dc9e709d2cd74a3087c805f58d4c9fd0,남자,19,대구,고등학교,무직,남성,2,10대,대구광역시,고졸
135,cfe704ff2943423eb3af99e66e4e5256,남자,19,인천,고등학교,무직,남성,2,10대,인천광역시,고졸
136,7b01c99160ec4fccb66d8f3d7d9f25f0,남자,19,강원,고등학교,무직,남성,2,10대,강원특별자치도,고졸
137,398f23a2a7c948d3b202a5ef37974b99,남자,19,인천,고등학교,경리 사무원,남성,2,10대,인천광역시,고졸
138,f795fc204c3348cabcc86414863d05eb,남자,19,경기,고등학교,무직,남성,2,10대,경기도,고졸
139,8aef4e648e3547afb4658717406cbadf,남자,19,경상남,고등학교,무직,남성,2,10대,경상남도,고졸
140,4948b2460e01471698355dc98a7e14b3,남자,19,경상북,고등학교,인쇄 관련 기능 종사원,남성,2,10대,경상북도,고졸
141,59370972063f41088dfde3feb46ba2ef,남자,19,경상북,고등학교,무직,남성,2,10대,경상북도,고졸
142,bf4591c274b5487794fba62f3fe65983,남자,19,경상북,고등학교,무직,남성,2,10대,경상북도,고졸
143,f41419da9e3c41ad8114233b997eb43f,남자,19,서울,고등학교,무직,남성,2,10대,서울특별시,고졸
144,1105eb47b4e54ed89290aad86a975b70,남자,19,경상남,고등학교,무직,남성,2,10대,경상남도,고졸
145,a54c39a3d3de44d88d4258bdf0b2884c,남자,19,경기,고등학교,무직,남성,2,10대,경기도,고졸
146,d9d0a328a47a40fea5f027c6ff2326ca,남자,19,울산,고등학교,무직,남성,2,10대,울산광역시,고졸
147,9fe27b41721042dc8278b56dd54c09b5,남자,19,부산,고등학교,무직,남성,2,10대,부산광역시,고졸
148,3f6c1a611bc6406b91181b31302522a5,남자,19,대구,고등학교,무직,남성,2,10대,대구광역시,고졸
149,86b2023d7c3a48a69bcd7680fe1c19e5,남자,19,경기,고등학교,무직,남성,2,10대,경기도,고졸
150,58ec394d162a4323aff4c2777f2df82d,남자,19,인천,고등학교,무직,남성,2,10대,인천광역시,고졸
151,615f0ef8d4634574b428097f54493392,남자,19,서울,고등학교,무직,남성,2,10대,서울특별시,고졸
152,3d71baa1ac4948a9b8538cf5251118e6,남자,19,인천,고등학교,무직,남성,2,10대,인천광역시,고졸
153,f04f6d9885ee41d0afafd6289a9613bc,남자,19,전라남,고등학교,무직,남성,2,10대,전라남,고졸
154,edb545540dca4641984c9b4a2d560a98,남자,19,제주,고등학교,무직,남성,2,10대,제주특별자치도,고졸
155,ce51e6d11dc044ab932c9b89f85b4bf8,남자,19,대구,고등학교,무직,남성,2,10대,대구광역시,고졸
156,2467b2204d264df39ce4d7f299daeb54,남자,19,대구,고등학교,무직,남성,2,10대,대구광역시,고졸
157,3d71baa1ac4948a9b8538cf5251118e6,남자,19,인천,고등학교,무직,남성,2,10대,인천광역시,고졸
158,c366462efcfd4c92891b14b7ae142f15,남자,19,충청북,고등학교,영업 관리 사무원,남성,2,10대,충청북,고졸
159,2ba865e0d9c24dce9036df0ad79fa4ef,남자,19,서울,고등학교,무직,남성,2,10대,서울특별시,고졸
160,75e189889c21483fae912aa7bc120b0f,남자,19,경상북,고등학교,무직,남성,2,10대,경상북도,고졸
161,5ea17189fa004959b1bfaa485b76eb36,남자,19,서울,고등학교,무직,남성,2,10대,서울특별시,고졸
162,35bfa17e5b7d47c6923a3938cea98d80,남자,19,대구,고등학교,무직,남성,2,10대,대구광역시,고졸
163,0b05dff91c454597ad659051cd9a892e,남자,19,대구,중학교,무직,남성,2,10대,대구광역시,중졸
164,153cc6ebf14242f3abb9cd3a11d5d55f,남자,19,서울,중학교,무직,남성,2,10대,서울특별시,중졸
165,72436dcdf77f4de685bdda5bf1232425,남자,19,경상남,중학교,무직,남성,2,10대,경상남도,중졸
166,3c2852ecfb2b472f950193d71b3efd90,남자,19,전북,중학교,무직,남성,2,10대,전북특별자치도,중졸
167,d030a8b6b32846feae35d5116b344077,남자,19,서울,중학교,무직,남성,2,10대,서울특별시,중졸
168,e54ac484deba47c18de7a75678f42b10,남자,19,경상남,고등학교,무직,남성,2,10대,경상남도,고졸
169,279fdbabd4c1423cb890391a5e5ec9b7,남자,19,경기,고등학교,무직,남성,2,10대,경기도,고졸
170,a56f9e0d723d47af9aaf0507bdf426ce,남자,19,대구,고등학교,무직,남성,2,10대,대구광역시,고졸
171,1cca38617dda4840bef173d453991afe,남자,19,경기,중학교,무직,남성,2,10대,경기도,중졸
172,9e34e5e2e2c8441ca6898ce81a4505c0,남자,19,서울,고등학교,무직,남성,2,10대,서울특별시,고졸
173,c709a291c7ce42ecb27cdf69306a1e4b,남자,19,강원,고등학교,무직,남성,2,10대,강원특별자치도,고졸
174,5eb9347cf8e94f119864c988ee36a28f,남자,19,경기,중학교,무직,남성,2,10대,경기도,중졸
175,900d5433b25149a8bfd34ea96ce8ca7c,남자,19,서울,중학교,무직,남성,2,10대,서울특별시,중졸
176,ed832abec4314671bf639284592c5d2d,남자,19,인천,고등학교,무직,남성,2,10대,인천광역시,고졸
177,f2a125cae3684e23bfd3ddfec4b7d4aa,남자,19,경기,고등학교,무직,남성,2,10대,경기도,고졸
178,26b747d0bdb24b708ba7b6c4453a8226,남자,19,충청북,고등학교,무직,남성,2,10대,충청북,고졸
179,64a3e1ef1b0d4a40b0990447c062491f,남자,19,경기,고등학교,무직,남성,2,10대,경기도,고졸
180,af68e6c180284da185b2c8fd91c96607,남자,19,경기,고등학교,무직,남성,2,10대,경기도,고졸
181,b93c38e916984925a1b5423905dc142a,남자,19,부산,고등학교,무직,남성,2,10대,부산광역시,고졸
182,919fa87b18a745d8a17830a28f6914e6,남자,19,부산,고등학교,무직,남성,2,10대,부산광역시,고졸
183,b02723c9799242848941fc7a77f5343f,남자,19,경기,고등학교,무직,남성,2,10대,경기도,고졸
184,809bfefe157541828df1390bc60c0645,남자,19,충청남,고등학교,무직,남성,2,10대,충청남,고졸
185,da0c085215b4453793da979c3b7f4e3f,남자,19,경기,고등학교,무직,남성,2,10대,경기도,고졸
186,1677b5d1bfee4e8a934c4a2f5c6b41e8,남자,19,경기,고등학교,무직,남성,2,10대,경기도,고졸
187,e52a5879d2f14442b9ee4b481f1d7bc4,남자,19,서울,고등학교,무직,남성,2,10대,서울특별시,고졸
188,73bb4532fe334109b745622d5ccaf9a4,남자,19,세종,고등학교,무직,남성,2,10대,세종특별자치시,고졸
189,9108255906fe4f9ab0916e184160d59d,남자,19,경기,중학교,무직,남성,2,10대,경기도,중졸
190,6f70420fddf349c4bc8e6ae4add9aa9e,남자,19,서울,고등학교,무직,남성,2,10대,서울특별시,고졸
191,f7f321506c1e4b088705091d91be9cb8,남자,19,경상남,고등학교,무직,남성,2,10대,경상남도,고졸
192,e672dbf413354c5686310b2916cc919d,남자,19,경상북,고등학교,무직,남성,2,10대,경상북도,고졸
193,cd7927ea171f49fcb35ba50fc86f32cd,남자,19,충청북,고등학교,무직,남성,2,10대,충청북,고졸
194,73b96dc9267146538801489cf2440ead,남자,19,경기,고등학교,무직,남성,2,10대,경기도,고졸
195,ac2efac9a7db4a4daceb2a103cbb87b5,남자,19,경상남,고등학교,무직,남성,2,10대,경상남도,고졸
196,72c9d2f070c74c64b9a311df8893632d,남자,19,경기,고등학교,무직,남성,2,10대,경기도,고졸
197,bc45dee0c9824d13b1e786417f471265,남자,19,경기,중학교,무직,남성,2,10대,경기도,중졸
198,e8fbb8b77ad94cc49f8acaebac70a1da,남자,19,경기,중학교,무직,남성,2,10대,경기도,중졸
199,58882ce282c14390abc3c2ac7da2e05d,남자,19,충청북,중학교,두부 및 유사 제품 기계 조작원,남성,2,10대,충청북,중졸
200,0046347ffc69470a9f7413aca1b83318,남자,19,부산,고등학교,무직,남성,2,10대,부산광역시,고졸
201,f715913ecf00470f9b151e9b88f996f4,남자,19,부산,고등학교,무직,남성,2,10대,부산광역시,고졸
202,89e6a6debc2749faa48f945d9a01f7c1,남자,19,경기,고등학교,무직,남성,2,10대,경기도,고졸
203,58f6bac2b4bb4282b2f2b19b4293841d,남자,19,경상북,고등학교,무직,남성,2,10대,경상북도,고졸
204,b946627c393b4af797ea4b79f3b78542,남자,19,전라남,고등학교,무직,남성,2,10대,전라남,고졸
205,7fa42eae891e41d78eccfb2bcec57536,남자,19,경기,중학교,무직,남성,2,10대,경기도,중졸
206,31c8150065224d40bc276b837e09dc54,남자,19,대전,고등학교,무직,남성,2,10대,대전광역시,고졸
207,36bbea5101854d6592bc67f0491c8020,남자,19,강원,고등학교,무직,남성,2,10대,강원특별자치도,고졸
208,787f6889b5764e0d89731a4f123249ee,남자,19,전북,고등학교,무직,남성,2,10대,전북특별자치도,고졸
209,b9a4f1ea89e940329045ba167c966c89,남자,19,대전,고등학교,무직,남성,2,10대,대전광역시,고졸
210,2030ff4087714c6bbbf6f264a21b7eea,남자,19,인천,고등학교,무직,남성,2,10대,인천광역시,고졸
211,fc25ec2e68254842879d1a45d6fcd673,남자,19,경상남,중학교,무직,남성,2,10대,경상남도,중졸
212,b8f38305da6942b3b87e96bbf0787765,남자,19,경상남,중학교,무직,남성,2,10대,경상남도,중졸
213,b786f57e0d1b4c2da0662bd5eaa58b90,남자,19,서울,고등학교,무직,남성,2,10대,서울특별시,고졸
214,0d0afd7af16f4937b7a48d6ba4dd8623,남자,19,전라남,고등학교,무직,남성,2,10대,전라남,고졸
215,e5d8c04b6a8c450186a7cce4c9ec017e,남자,19,강원,고등학교,무직,남성,2,10대,강원특별자치도,고졸
216,6c424d8be46f4e6191cf58207cbaf220,남자,19,서울,고등학교,무직,남성,2,10대,서울특별시,고졸
217,2cb577fedb294811a244132ab7a7f3cc,남자,19,경기,고등학교,무직,남성,2,10대,경기도,고졸
218,7a61735a47ea433db409b0bacb29d0f7,남자,19,경상남,고등학교,무직,남성,2,10대,경상남도,고졸
219,525ca70935834f1688d6932bd4d58431,남자,19,대구,고등학교,무직,남성,2,10대,대구광역시,고졸
220,b8098d2f2fc045aead996de33526cb43,남자,19,서울,고등학교,무직,남성,2,10대,서울특별시,고졸
221,2e10f66a7a364cd6bc2299a0331d82e2,남자,19,경기,고등학교,무직,남성,2,10대,경기도,고졸
222,83fb3aabeea240ff85b48b7f68f0b275,남자,19,울산,고등학교,무직,남성,2,10대,울산광역시,고졸
223,c9f43f1363f54e3497a49aef9c56c8ca,남자,19,서울,고등학교,무직,남성,2,10대,서울특별시,고졸
224,20281c7420fd4997a4846d0f681979a7,남자,19,서울,고등학교,무직,남성,2,10대,서울특별시,고졸
225,586cc1026ceb4b7fb34edca0ee2725ca,남자,19,부산,고등학교,무직,남성,2,10대,부산광역시,고졸
226,e672dbf413354c5686310b2916cc919d,남자,19,경상북,고등학교,무직,남성,2,10대,경상북도,고졸
227,8b89d4faeb3b4fc2bf12cfdb74732870,남자,19,경기,고등학교,무직,남성,2,10대,경기도,고졸
228,4afb65333b88444097e850ecdf58606c,남자,19,경상남,고등학교,지게차 운전원,남성,2,10대,경상남도,고졸
229,21e7a1c0a3814fb598515e3ec1184067,남자,19,인천,고등학교,주류 서비스 종사원,남성,2,10대,인천광역시,고졸
230,ae4cd78fa85d42339cdd5dcf77d983be,남자,19,부산,고등학교,무직,남성,2,10대,부산광역시,고졸
231,cccbc7bb676a45d184bd1e6f74c2237c,남자,19,인천,중학교,무직,남성,2,10대,인천광역시,중졸
232,c1e65617b3e6491fb6d651f74b42a867,남자,19,경기,고등학교,무직,남성,2,10대,경기도,고졸
233,6b3e047b81b147f0aac3e38c73bf4ea0,남자,19,경기,고등학교,무직,남성,2,10대,경기도,고졸
234,28d5ba12f661483dbd958f197948f7cd,남자,19,서울,고등학교,무직,남성,2,10대,서울특별시,고졸
235,279fc58d7ec54857b10580056a77892e,남자,19,서울,고등학교,"전직 회계 사무원, 현재 구직중",남성,2,10대,서울특별시,고졸
236,acdf58c4d6564c20b8c64baca9aae7d4,남자,19,경기,고등학교,무직,남성,2,10대,경기도,고졸
237,890c5c99a3cb450baceb0ac9a0619639,남자,19,인천,고등학교,무직,남성,2,10대,인천광역시,고졸
238,3161e8ac31474c78abde4b02d65b1dd7,남자,19,경기,고등학교,무직,남성,2,10대,경기도,고졸
239,bacb80b3f30b417faf4ad5c6dc60d349,남자,19,경기,중학교,노점 및 이동 판매원,남성,2,10대,경기도,중졸
240,769c79f48304474fbe55aab33eb67fc8,남자,19,강원,고등학교,무직,남성,2,10대,강원특별자치도,고졸
241,4b02da65e7454dd483d4279b29fa0663,남자,19,경기,고등학교,무직,남성,2,10대,경기도,고졸
242,0d437c06c4ca4c78b2194c0678a6a672,남자,19,경기,고등학교,무직,남성,2,10대,경기도,고졸
243,3f94f4ebe61c445abc4734ef92b86dfe,남자,19,경기,고등학교,사무 보조원,남성,2,10대,경기도,고졸
244,60615ab458ad42748b498088af805741,남자,19,경기,중학교,무직,남성,2,10대,경기도,중졸
245,fd2bc66ac5fb4369b25dac007a769713,남자,19,부산,고등학교,사무 보조원,남성,2,10대,부산광역시,고졸
246,0eb9fa527e4247e9ba1313567a153ce4,남자,19,제주,고등학교,무직,남성,2,10대,제주특별자치도,고졸
247,48fa96e2b2b14872997e6ca164424bbf,남자,19,전북,고등학교,무직,남성,2,10대,전북특별자치도,고졸
248,44bb3ff5fae240669b9cec0936bf08c1,남자,19,경기,고등학교,무직,남성,2,10대,경기도,고졸
249,602f58cd11ea4f78892e35f0394356c8,남자,19,전라남,고등학교,무직,남성,2,10대,전라남,고졸
250,d2359b0f5b5b4ed9b460f1976415b8bd,남자,19,부산,고등학교,무직,남성,2,10대,부산광역시,고졸
251,74710bb7fde34b5082f8b5105ec06418,남자,19,경상남,고등학교,무직,남성,2,10대,경상남도,고졸
252,d184cb5b92084d3dac84c7dc7f72553b,남자,19,경기,고등학교,사무 보조원,남성,2,10대,경기도,고졸
253,459642f0f2ef4b17aeb099ea4b3c8ede,남자,19,경상북,고등학교,무직,남성,2,10대,경상북도,고졸
254,b676f117472947bcb5a446e9ba2f8162,남자,19,인천,고등학교,무직,남성,2,10대,인천광역시,고졸
255,3921b76310304f86b406b1df8099fed5,남자,19,경상북,고등학교,무직,남성,2,10대,경상북도,고졸
256,cc9c415d91b2481db00b8e6e2a3eb166,남자,19,서울,고등학교,무직,남성,2,10대,서울특별시,고졸
257,c9f43f1363f54e3497a49aef9c56c8ca,남자,19,서울,고등학교,무직,남성,2,10대,서울특별시,고졸
258,0417a8eb147347828e974200d838989c,남자,19,울산,고등학교,무직,남성,2,10대,울산광역시,고졸
259,147bfabc774b4882ac8d5b12b1d2fba7,남자,19,서울,중학교,무직,남성,2,10대,서울특별시,중졸
260,66a45a70aa1743a6879c23212529c927,남자,19,경상남,고등학교,무직,남성,2,10대,경상남도,고졸
261,91214e7f63104ed7968a00c8405d3a3c,남자,19,충청남,고등학교,무직,남성,2,10대,충청남,고졸
262,a133af1c19864280b989a99b6368f0b4,남자,19,경기,고등학교,무직,남성,2,10대,경기도,고졸
263,cd693c54a2554f77a884018339f08f08,남자,19,대전,고등학교,무직,남성,2,10대,대전광역시,고졸
264,a86b0fc4b6e54535bb1574d6ec9a1f46,남자,19,세종,고등학교,무직,남성,2,10대,세종특별자치시,고졸
265,f2c7bd1d29ef41448b0f6aa725dc99f9,남자,19,경상북,중학교,무직,남성,2,10대,경상북도,중졸
266,710e5fd04b0048ad8e79756e87fb4795,남자,19,서울,고등학교,무직,남성,2,10대,서울특별시,고졸
267,c072e8b0974944129cca4bec67f6b0ce,남자,19,서울,고등학교,무직,남성,2,10대,서울특별시,고졸
268,41ef1b3fc060423abcc393798e6cbcca,남자,19,대구,고등학교,무직,남성,2,10대,대구광역시,고졸
269,1dbf5c2d65284ce8a95525636f19426a,남자,19,부산,고등학교,무직,남성,2,10대,부산광역시,고졸
270,ed5fd76388a14c249add47319b0ef3c2,남자,19,경상북,고등학교,무직,남성,2,10대,경상북도,고졸
271,14d274f8bb0348d1b9a93d7cb76fa02f,남자,19,부산,고등학교,무직,남성,2,10대,부산광역시,고졸
272,c10058f40435446391219f558308f1b7,남자,19,전북,고등학교,무직,남성,2,10대,전북특별자치도,고졸
273,d26825f942c24ed5814e1727cbab7d67,남자,19,대구,고등학교,무직,남성,2,10대,대구광역시,고졸
274,5ad64a3b70a9453db9e0feea0f694183,남자,19,경상북,고등학교,무직,남성,2,10대,경상북도,고졸
275,d53a09e30ebb472db5ff217bf0383354,남자,19,경기,중학교,무직,남성,2,10대,경기도,중졸
276,8fe1e7a3c0214610acc3c7a7c9052f4a,남자,19,대전,고등학교,무직,남성,2,10대,대전광역시,고졸
277,2b291b12d0fb426c900be9e8cef826e0,남자,19,경기,고등학교,무직,남성,2,10대,경기도,고졸
278,8c8a6161efc94f1d9312e28f3c71e8a3,남자,19,서울,고등학교,무직,남성,2,10대,서울특별시,고졸
279,94a5d722b3884fb997d1f4d4b0229685,남자,19,서울,고등학교,무직,남성,2,10대,서울특별시,고졸
280,000b4bfddf3048ec9a3561dd683f1784,남자,19,경기,고등학교,무직,남성,2,10대,경기도,고졸
281,0cc9f43305c047bdb8d20b67b48c7e10,남자,19,인천,고등학교,무직,남성,2,10대,인천광역시,고졸
282,ad7530f8eb69441d8efc3bc7ad175414,남자,19,서울,고등학교,무직,남성,2,10대,서울특별시,고졸
283,e27a7c72b57f445abea922218b1757d1,남자,19,경상남,고등학교,무직,남성,2,10대,경상남도,고졸
284,68c82a15052e4fd385d3ee6cbd46e887,남자,19,충청북,고등학교,무직,남성,2,10대,충청북,고졸
285,bc1024267a24427e86fb663f485ae030,남자,19,경기,고등학교,무직,남성,2,10대,경기도,고졸
286,a67fb092e9e243f59dc5f64383d34c01,남자,19,세종,중학교,무직,남성,2,10대,세종특별자치시,중졸
287,599c7767034447cf8491dcdf41f3b659,남자,19,제주,고등학교,무직,남성,2,10대,제주특별자치도,고졸
288,118ce62701454566ad83a469a24ba1bb,남자,19,강원,중학교,무직,남성,2,10대,강원특별자치도,중졸
289,6815f05237204d778491b34de48deffa,남자,19,서울,고등학교,무직,남성,2,10대,서울특별시,고졸
290,4b723e7bd4e24f1b8be8c74813bce809,남자,19,경기,중학교,무직,남성,2,10대,경기도,중졸
291,4f2ebdcc539a43919885fb7a5fa2e269,남자,19,대구,중학교,무직,남성,2,10대,대구광역시,중졸
292,b51bfba03cd24b608d4b2a617f6a8d9c,남자,19,서울,고등학교,무직,남성,2,10대,서울특별시,고졸
293,18c1b10ed52c4451935ad6ba60ea3476,남자,19,경상남,고등학교,무직,남성,2,10대,경상남도,고졸
294,fed3cdf0106c4be8b00ebaa479f20297,남자,19,충청남,고등학교,무직,남성,2,10대,충청남,고졸
295,39501897c6ea462a883964d5194b1a42,남자,19,전라남,고등학교,무직,남성,2,10대,전라남,고졸
296,658f0510e1c64bd7bd477c50e02bb9a1,남자,19,서울,고등학교,무직,남성,2,10대,서울특별시,고졸
297,7fa967563f1041e0aae56967ba03ef45,남자,19,부산,중학교,무직,남성,2,10대,부산광역시,중졸
298,f5ccdb1542cf4e0982aa520f2c3872c8,남자,19,전북,고등학교,무직,남성,2,10대,전북특별자치도,고졸
299,c4c83470de5f431eb29d262e808b2d83,남자,19,경상북,고등학교,무직,남성,2,10대,경상북도,고졸
300,3f600da20c684348a63108c2781f830a,남자,19,충청남,고등학교,무직,남성,2,10대,충청남,고졸
301,22a78a908af8433a955f8dfa16ef1035,남자,19,경기,고등학교,무직,남성,2,10대,경기도,고졸
302,5d267096b3f74585a9d2671034483ecf,남자,19,제주,고등학교,무직,남성,2,10대,제주특별자치도,고졸
303,e8660a57ce284c3cb3f7c6301777d618,남자,19,전라남,중학교,"전직 건물 청소원, 현재 구직중",남성,2,10대,전라남,중졸
304,07ab9c810d6044158b886e17de9216d9,남자,19,경기,고등학교,무직,남성,2,10대,경기도,고졸
305,81930cc172014817aa1051dab1693ad9,남자,19,경기,중학교,무직,남성,2,10대,경기도,중졸
306,1ab99cd719034dffaa031c1a1c50b3d3,남자,19,세종,고등학교,무직,남성,2,10대,세종특별자치시,고졸
307,c962f95b633a484fa25b02d1ac1f8584,남자,19,서울,고등학교,무직,남성,2,10대,서울특별시,고졸
308,c787f0b1a69147ddbe2bc35c9f0e4c33,남자,19,경기,고등학교,무직,남성,2,10대,경기도,고졸
309,0d89a82cf5cd4152bc6da24c192c617d,남자,19,울산,중학교,무직,남성,2,10대,울산광역시,중졸
310,a8f571420f05409faabed2c9e56cde3c,남자,19,전북,중학교,바텐더,남성,2,10대,전북특별자치도,중졸
311,1093d4d343f046ed8f3fa2d186d93c35,남자,19,인천,고등학교,무직,남성,2,10대,인천광역시,고졸
312,9ac3702be5e7455f97863e6cfacb905d,남자,19,충청남,고등학교,무직,남성,2,10대,충청남,고졸
313,15d6d23f8d9a401a93f67e4962342697,남자,19,전북,고등학교,무직,남성,2,10대,전북특별자치도,고졸
314,03132ab705e640ababa6d3ef9f1f65d9,남자,19,경기,중학교,무직,남성,2,10대,경기도,중졸
315,3f9469d21c3a49d98b81f5846fd90b5d,남자,19,충청남,고등학교,무직,남성,2,10대,충청남,고졸
316,b5f9c8e33f5f40a28ddeafc5ef9e676f,남자,19,경기,고등학교,무직,남성,2,10대,경기도,고졸
317,262b0b5c366148eaa9e2a2104d67f2b1,남자,19,대전,고등학교,그 외 상점 판매원,남성,2,10대,대전광역시,고졸
318,03ed20f8096641ecb8a5ee010a5d59e9,남자,19,대구,고등학교,무직,남성,2,10대,대구광역시,고졸
319,95b59f229b194fa7a848297addf0dc9d,남자,19,경기,고등학교,무직,남성,2,10대,경기도,고졸
320,44827380888341caaae7181e69af019c,남자,19,경상북,중학교,무직,남성,2,10대,경상북도,중졸
321,e8e45d9d75844db884fcb89ddff54574,남자,19,경기,고등학교,무직,남성,2,10대,경기도,고졸
322,3468c94d20eb4f2aa538d2b265577260,남자,19,충청북,고등학교,무직,남성,2,10대,충청북,고졸
323,a9d07576dc83487d86572edb48c5afee,남자,19,경기,고등학교,무직,남성,2,10대,경기도,고졸
324,057ba28349a7474b8a7c0836564a5194,남자,19,경기,고등학교,무직,남성,2,10대,경기도,고졸
325,d1201000157342a397dcf9ef71e83255,남자,19,경기,고등학교,무직,남성,2,10대,경기도,고졸
326,fcb1f4ae43104bfd8668757937d95b4f,남자,19,경상남,중학교,무직,남성,2,10대,경상남도,중졸
327,8abec5139c374bbdadb4d133cc5d665f,남자,19,경기,고등학교,무직,남성,2,10대,경기도,고졸
328,2bafd7cd601948888f721ba05a083e7d,남자,19,광주,중학교,무직,남성,2,10대,광주광역시,중졸
329,9967b58db5f34284ac4696c22406e788,남자,19,울산,고등학교,무직,남성,2,10대,울산광역시,고졸
330,731d0891ea184c719d1d9ae5d8038b46,남자,19,경기,고등학교,무직,남성,2,10대,경기도,고졸
331,273e9fb92986460489520c029a26958f,남자,19,경기,고등학교,"전직 조명 기구 설치 및 수리원, 현재 구직중",남성,2,10대,경기도,고졸
332,21c8954ecd7344c689367571eab20d4d,남자,19,인천,고등학교,무직,남성,2,10대,인천광역시,고졸
333,05e6b74d44364067bed103e47144cfd7,남자,19,경기,고등학교,무직,남성,2,10대,경기도,고졸
334,c34da5eccfe047aca745994821d1cffb,남자,19,서울,고등학교,무직,남성,2,10대,서울특별시,고졸
335,d24808e9936c477087cd27ab86f2bc7a,남자,19,부산,고등학교,무직,남성,2,10대,부산광역시,고졸
336,0ba2e333a164422da6aa60d53c1ab79f,남자,19,서울,고등학교,무직,남성,2,10대,서울특별시,고졸
337,ab0bf5a3d29049c88e5ee28761b9df07,남자,19,서울,중학교,무직,남성,2,10대,서울특별시,중졸
338,fcf9ca949de34dfbadb1608df70bff47,남자,19,경기,고등학교,무직,남성,2,10대,경기도,고졸
339,c0a4cb56894348e08b646c62b0ac1254,남자,19,부산,고등학교,무직,남성,2,10대,부산광역시,고졸
340,645cf549e0ef4ec8851b99651ca29e83,남자,19,경상북,고등학교,무직,남성,2,10대,경상북도,고졸
341,5169760dd5c64aef9f67393911fb0ba6,남자,19,인천,고등학교,무직,남성,2,10대,인천광역시,고졸
342,4a46f4edbb5a4b92baedd11c116bdad3,남자,19,서울,고등학교,그 외 기능 관련 종사원,남성,2,10대,서울특별시,고졸
343,218361eca40d4c6f91e40f0ef7e77cfa,남자,19,경기,고등학교,무직,남성,2,10대,경기도,고졸
344,65bb14041b804d23a31909dba197fdba,남자,19,경상남,고등학교,그 외 물품 이동 장비 조작원,남성,2,10대,경상남도,고졸
345,f5847edd07064c34afa5549ef66c4526,남자,19,경상남,고등학교,무직,남성,2,10대,경상남도,고졸
346,0cc9f43305c047bdb8d20b67b48c7e10,남자,19,인천,고등학교,무직,남성,2,10대,인천광역시,고졸
347,84b9e7a36f3a487c9895ee306d8029c7,남자,19,전라남,고등학교,무직,남성,2,10대,전라남,고졸
348,9c5a1e79696a4a4eaed89b2a87e91cbe,남자,19,서울,고등학교,무직,남성,2,10대,서울특별시,고졸
349,62befc0faae14bf38b71e7ce91edfcb0,남자,19,부산,고등학교,무직,남성,2,10대,부산광역시,고졸
350,1547662ff5774379bef28e7496c9292a,남자,19,부산,고등학교,무직,남성,2,10대,부산광역시,고졸
351,9c572f28684b4fe4b3fb6288de386c2e,남자,19,제주,고등학교,무직,남성,2,10대,제주특별자치도,고졸
352,da7ae20f0d654a5a8d18636fc3c8ef46,남자,19,경기,고등학교,무직,남성,2,10대,경기도,고졸
353,140bcd8e415c4784b00d94d279ed0a31,남자,19,대구,중학교,무직,남성,2,10대,대구광역시,중졸
354,2078282dac72492ea10cba639632facb,남자,19,경기,고등학교,무직,남성,2,10대,경기도,고졸
355,355a77eb6f1c4ce1ae7772aa625f1c8f,남자,19,경기,중학교,무직,남성,2,10대,경기도,중졸
356,87e5ecb486834c5a9e9ebf9f23fcc8f9,남자,19,전라남,고등학교,무직,남성,2,10대,전라남,고졸
357,da571188a6ad4fd6b7ed47fce8932514,남자,19,경기,고등학교,무직,남성,2,10대,경기도,고졸
358,b7fc0c2b5eb944dca46c1b27c29d1bdc,남자,19,강원,중학교,무직,남성,2,10대,강원특별자치도,중졸
359,f7b75baec06e4716a7d242f8442146b9,남자,19,경기,고등학교,무직,남성,2,10대,경기도,고졸
360,02818d5ec4dd44af9007eaf56cf78900,남자,19,충청남,고등학교,무직,남성,2,10대,충청남,고졸
361,0e97a22bd3954269bf740e9c844b262f,남자,19,인천,고등학교,무직,남성,2,10대,인천광역시,고졸
362,afe5dd33d87b44e582775431d3ec2090,남자,19,울산,고등학교,무직,남성,2,10대,울산광역시,고졸
363,a208c46b69af4f85aef30e040b932825,남자,19,서울,고등학교,무직,남성,2,10대,서울특별시,고졸
364,fc50634ca6914bb990554c815316ee61,남자,19,대구,고등학교,무직,남성,2,10대,대구광역시,고졸
365,f3b16b619e48490a9b9be5d7e96c000c,남자,19,경기,중학교,무직,남성,2,10대,경기도,중졸
366,347089cae03f4419bcc16f2850249ef2,남자,19,서울,고등학교,무직,남성,2,10대,서울특별시,고졸
367,7b01c99160ec4fccb66d8f3d7d9f25f0,남자,19,강원,고등학교,무직,남성,2,10대,강원특별자치도,고졸
368,e1d7f297af144293a79a8ed1008e54df,남자,19,부산,고등학교,무직,남성,2,10대,부산광역시,고졸
369,4a03c1c187ac411fb1f6759046531e2e,남자,19,부산,고등학교,무직,남성,2,10대,부산광역시,고졸
370,b288e08715284ab6a68960855fc628ed,남자,19,경상북,고등학교,무직,남성,2,10대,경상북도,고졸
371,05d67146c23043729f079834c1267cc9,남자,19,대구,고등학교,무직,남성,2,10대,대구광역시,고졸
372,da6d55c1b8914eebaabbda3b3c0fc34b,남자,19,울산,고등학교,무직,남성,2,10대,울산광역시,고졸
373,c601653665874dd5b104843129772c79,남자,19,광주,고등학교,무직,남성,2,10대,광주광역시,고졸
374,647e3276429a40aaab60b6f9c1e3bff0,남자,19,서울,중학교,무직,남성,2,10대,서울특별시,중졸
375,f14e2277a29742c09e0c66d6d48cb028,남자,19,부산,중학교,무직,남성,2,10대,부산광역시,중졸
376,74eb428839464d86b41d3d31015b360b,남자,19,서울,고등학교,무직,남성,2,10대,서울특별시,고졸
377,3a25554b27734b9bb1c472a3a8de9cc6,남자,19,경기,고등학교,"전직 시설 경비원, 현재 구직중",남성,2,10대,경기도,고졸
378,e54ac484deba47c18de7a75678f42b10,남자,19,경상남,고등학교,무직,남성,2,10대,경상남도,고졸
379,b0e1d482c33d4bb8be9c454f22e8fcec,남자,19,경기,고등학교,무직,남성,2,10대,경기도,고졸
380,c5606107adab4ea88334e19c5724eff1,남자,19,경상북,고등학교,무직,남성,2,10대,경상북도,고졸
381,431f8889f5ed4ac0a2e5f65ee864d271,남자,19,서울,고등학교,무직,남성,2,10대,서울특별시,고졸
382,11d38d49f9764d5a852fec55d80ba5f7,남자,27,경상남,2~3년제 전문대학,기계 제도사,남성,3,20대,경상남도,전문대졸
383,960fd13f95a8473cb0bcd0df5846feb7,남자,29,서울,4년제 대학교,무직,남성,3,20대,서울특별시,대졸
384,70437ef390f745bb85aa06c4f7c836bc,남자,20,인천,2~3년제 전문대학,무직,남성,3,20대,인천광역시,전문대졸
385,c76db06cc1864187b7b76ffa42937815,남자,26,충청북,4년제 대학교,그 외 금속 및 재료 공학 시험원,남성,3,20대,충청북,대졸
386,be0abcd8f2c841138ebbea2f29e9472b,남자,21,경기,2~3년제 전문대학,일식 조리사,남성,3,20대,경기도,전문대졸
387,5f2d6eee3c12465baf17ea94506307fe,남자,27,대전,4년제 대학교,금속공학 기술자 및 연구원,남성,3,20대,대전광역시,대졸
388,9c10b9e772ce41e387a2aad335947f4a,남자,23,경기,4년제 대학교,바텐더,남성,3,20대,경기도,대졸
389,db422a18c421426c8ade027bb1b9a113,남자,28,경기,고등학교,기계 경비원,남성,3,20대,경기도,고졸
390,1dd298d683f1483b8e97c99a870d0076,남자,28,경기,2~3년제 전문대학,가스 용접원,남성,3,20대,경기도,전문대졸
391,03f44bf2d80d4d0d91bcc88690abd9ed,남자,25,전북,2~3년제 전문대학,예약 및 접수 사무원,남성,3,20대,전북특별자치도,전문대졸
392,22c7b252eb674a5782b84bc736c06dce,남자,28,충청북,4년제 대학교,그 외 금속·재료 공학 기술자 및 연구원,남성,3,20대,충청북,대졸
393,6c09c994ddb847279983318b1c6e41fb,남자,21,부산,2~3년제 전문대학,법무사,남성,3,20대,부산광역시,전문대졸
394,253704da70df4bccb23d2dc3ec5ca334,남자,27,서울,대학원,인사 컨설턴트,남성,3,20대,서울특별시,대학원졸
395,a0b269d05c2b419caf8fbc0f9a842f5f,남자,27,충청북,4년제 대학교,컴퓨터 소프트웨어 개발 관리자,남성,3,20대,충청북,대졸
396,5f99103896b44330b1bf08248b6b0398,남자,29,경기,2~3년제 전문대학,무직,남성,3,20대,경기도,전문대졸
397,7125982d10ac4da18817cb03010b5b15,남자,25,경기,고등학교,"전직 음식 서비스 종사원, 현재 구직중",남성,3,20대,경기도,고졸
398,cd2996757d634ad5822407e3c245684d,남자,23,서울,4년제 대학교,식품 영업원,남성,3,20대,서울특별시,대졸
399,7d80afdb37574816aaa21ed3c0b2b629,남자,27,서울,대학원,평론가,남성,3,20대,서울특별시,대학원졸
400,9e56e5d948864c309f07a348c6167b13,남자,27,경기,고등학교,시설 경비원,남성,3,20대,경기도,고졸
401,8beb9a6ce5c249edb0ab7d61225bac2e,남자,29,서울,2~3년제 전문대학,위험 관리원,남성,3,20대,서울특별시,전문대졸
402,f62504ffdf914040b97139b963f13441,남자,29,대구,초등학교,건물 경비원,남성,3,20대,대구광역시,초졸이하
403,37a08ab95e694d04ad612cc650138540,남자,27,경기,대학원,로봇공학 기술자 및 연구원,남성,3,20대,경기도,대학원졸
404,dd0b5719929d4ebc9743f06cc270870f,남자,25,경기,고등학교,"전직 사무 보조원, 현재 구직중",남성,3,20대,경기도,고졸
405,c79bbd4ae0a0403f9920d95cc42458f9,남자,28,부산,고등학교,건물 경비원,남성,3,20대,부산광역시,고졸
406,087539a76ace4d219b39eb387d50eb0d,남자,26,경기,2~3년제 전문대학,지방행정 사무원,남성,3,20대,경기도,전문대졸
407,a00b02b492534bedb3ce4ef79c54b73c,남자,27,충청북,4년제 대학교,전자계측 제어 기술자 및 연구원,남성,3,20대,충청북,대졸
408,27d81a4a111f49c2b3c6448a54d0428a,남자,21,경기,2~3년제 전문대학,무직,남성,3,20대,경기도,전문대졸
409,88be5b3bf8b348c6b7bd536c77964a8b,남자,21,경기,고등학교,주입·포장 및 봉함기 조작원,남성,3,20대,경기도,고졸
410,c5cbd8652e5e4381b450b63416d947fe,남자,20,대전,2~3년제 전문대학,119 구조대원,남성,3,20대,대전광역시,전문대졸
411,bbeccd18c86e45c6bf17847b819c3339,남자,27,경기,4년제 대학교,그 외 전기공학 기술자 및 연구원,남성,3,20대,경기도,대졸
412,7e01ceaea042497ea30d7a8db3754699,남자,22,경상남,2~3년제 전문대학,시설 경비원,남성,3,20대,경상남도,전문대졸
413,0beae7d25bde433d952e4a6f785fcc38,남자,28,대구,고등학교,영업 관리 사무원,남성,3,20대,대구광역시,고졸
414,0cb25af4f2b443fd8200ca1f8a5beb81,남자,29,경기,고등학교,무직,남성,3,20대,경기도,고졸
415,62ac520c9b81471dafa30937fee7805e,남자,27,경기,2~3년제 전문대학,조미료 제분기 조작원,남성,3,20대,경기도,전문대졸
416,bcab70e6bce44ee19ec5c8ee5ba9347b,남자,28,세종,2~3년제 전문대학,119 구조대원,남성,3,20대,세종특별자치시,전문대졸
417,db6a350bbbf9459aaeeed8b4cd56291d,남자,26,대구,고등학교,총무 사무원,남성,3,20대,대구광역시,고졸
418,52b7d2d79e964548bd1ba49c13639a57,남자,29,충청북,4년제 대학교,음료 서비스 종사원,남성,3,20대,충청북,대졸
419,322507e7e4214a329bb609e4fb06287f,남자,25,경상북,4년제 대학교,품질 관리 사무원,남성,3,20대,경상북도,대졸
420,ca719e4c2f3a47c89a0373d23976b34e,남자,26,충청남,4년제 대학교,생산관리 사무원,남성,3,20대,충청남,대졸
421,dffb16720c7049e1b961fc035426e091,남자,27,경기,4년제 대학교,무직,남성,3,20대,경기도,대졸
422,e12cbc2b77eb4438a7575fe52a3c9a8c,남자,26,인천,4년제 대학교,무직,남성,3,20대,인천광역시,대졸
423,6d437310a39840f5a3422dd81e2ace0a,남자,21,서울,2~3년제 전문대학,무직,남성,3,20대,서울특별시,전문대졸
424,e350d9f77bf34eb1b29ceea6f1ee503f,남자,22,경기,2~3년제 전문대학,무직,남성,3,20대,경기도,전문대졸
425,d729a43d4e1e47e78ecf23b47c6d456c,남자,25,경상남,고등학교,그 외 금속가공 기계 조작원,남성,3,20대,경상남도,고졸
426,f09d1a878185487a9d9fd720b3c80346,남자,29,울산,고등학교,공업기계 조립원,남성,3,20대,울산광역시,고졸
427,d1d637ada8d446ffb41c84cd43dae093,남자,21,대전,2~3년제 전문대학,해군 병사,남성,3,20대,대전광역시,전문대졸
428,9deac724cc3b40829a6ffca7fcfddfa4,남자,21,광주,2~3년제 전문대학,그 외 조경 관련 기술자,남성,3,20대,광주광역시,전문대졸
429,9ac70dca30cd4e9ea6896b35cccae334,남자,29,경기,4년제 대학교,철도교통 관제사,남성,3,20대,경기도,대졸
430,5d4a8aa5dfbc4168a85a41dd4926f926,남자,22,전라남,4년제 대학교,금속제품 도장기 조작원,남성,3,20대,전라남,대졸
431,d06d1a10430d408b9e26f8a07879bfac,남자,27,대구,2~3년제 전문대학,육군 병사,남성,3,20대,대구광역시,전문대졸
432,f550d17a4fa643b58e6a5d3d66bfa23d,남자,20,서울,2~3년제 전문대학,전화 상담원,남성,3,20대,서울특별시,전문대졸
433,50ac456205de452483c5f08d100d4ecb,남자,28,경기,4년제 대학교,마케팅 전문가,남성,3,20대,경기도,대졸
434,b3a63206ad0e446aadb4c2fcb4e6fa87,남자,28,대전,대학원,교통안전 연구원,남성,3,20대,대전광역시,대학원졸
435,1f982dd3ea9a440cab3a04f80078d695,남자,27,경상남,대학원,무직,남성,3,20대,경상남도,대학원졸
436,63100e7c60ce40e693dde16b44558df8,남자,20,인천,2~3년제 전문대학,건축구조 기술자,남성,3,20대,인천광역시,전문대졸
437,3275610c252944e99644c2cd250e896a,남자,22,부산,고등학교,화학물 가열 처리 장치 조작원,남성,3,20대,부산광역시,고졸
438,fa49c632cc21452098939a5ff9587c98,남자,25,서울,4년제 대학교,광고 전문가,남성,3,20대,서울특별시,대졸
439,383f5e67b737439694bd7fe623ed7117,남자,28,경상남,4년제 대학교,유원시설 및 테마파크 서비스원,남성,3,20대,경상남도,대졸
440,4355d09a1d0541579f5651b022803491,남자,25,경기,고등학교,무직,남성,3,20대,경기도,고졸
441,b170da82eae045fbaca704592c916e89,남자,26,대전,4년제 대학교,생산관리 사무원,남성,3,20대,대전광역시,대졸
442,9f28f46c324b41bcaf3e036a69a9080c,남자,22,충청남,4년제 대학교,산업 안전원,남성,3,20대,충청남,대졸
443,7837cdd829dd455b944c2f1d5804824f,남자,29,경기,4년제 대학교,외국어 교사,남성,3,20대,경기도,대졸
444,63e72cd9034b4ea3999128e3a3224268,남자,22,경기,4년제 대학교,그 외 제품 디자이너,남성,3,20대,경기도,대졸
445,6ec8e3263d4446b9a72e7329410e68d1,남자,22,세종,4년제 대학교,생산관리 사무원,남성,3,20대,세종특별자치시,대졸
446,19d2f5ab98ab42f6b498c7b8f851f090,남자,29,경기,2~3년제 전문대학,무직,남성,3,20대,경기도,전문대졸
447,14482f41633f4fb089a3b1ff1ab86cc9,남자,21,서울,2~3년제 전문대학,무직,남성,3,20대,서울특별시,전문대졸
448,2bba8e7fe8ab4b93b3cc3ff55eccf94a,남자,29,울산,4년제 대학교,무직,남성,3,20대,울산광역시,대졸
449,b37c7256f5ed458c8e162d4456469842,남자,23,대구,4년제 대학교,무직,남성,3,20대,대구광역시,대졸
450,6513cb580b83413eb1b76fde6338eccf,남자,23,경기,2~3년제 전문대학,건물 경비원,남성,3,20대,경기도,전문대졸
451,4885dd2a8f0a4ccdbdde9b6d34180e2c,남자,20,경기,2~3년제 전문대학,온라인 쇼핑 판매원,남성,3,20대,경기도,전문대졸
452,5bad69c33df140e4922e14def62445b6,남자,29,경기,4년제 대학교,정보 보안 전문가,남성,3,20대,경기도,대졸
453,316ee15798644fce9fbf53dc3a4254d3,남자,22,울산,고등학교,프레스기 및 절단기 조작원,남성,3,20대,울산광역시,고졸
454,015e5fc3c42a444696dbc7a968a2f50c,남자,27,부산,4년제 대학교,그 외 경영 지원 관리자,남성,3,20대,부산광역시,대졸
455,5513313ccdb442d5999d4ea5cfba2402,남자,22,경상남,4년제 대학교,경영 기획 사무원,남성,3,20대,경상남도,대졸
456,3bc7018c4bf24e8fa8f3d0ef3b7f0fcb,남자,20,부산,고등학교,"전직 그 외 금속 공작 기계 조작원, 현재 구직중",남성,3,20대,부산광역시,고졸
457,d3b786827068498eadb698edf7656ee1,남자,23,경기,고등학교,"전직 우편집배원, 현재 구직중",남성,3,20대,경기도,고졸
458,6efa17df7f52490097f0a525d2fc69c9,남자,28,울산,대학원,무직,남성,3,20대,울산광역시,대학원졸
459,f690f53562e44ed7b3c5e65f16711b1f,남자,27,경기,2~3년제 전문대학,가스 점검원,남성,3,20대,경기도,전문대졸
460,e9928621ffcb44a481921f8327c307cd,남자,23,경기,4년제 대학교,총무 및 인사 관리자,남성,3,20대,경기도,대졸
461,0008c99ac2b34ec2aceb218630d059c1,남자,25,경기,2~3년제 전문대학,무직,남성,3,20대,경기도,전문대졸
462,3d0e0b1607fe4051bbeda5a51371cff3,남자,29,경기,대학원,무직,남성,3,20대,경기도,대학원졸
463,5fd427d4294249ad8e77e65c46d56e9b,남자,23,경기,고등학교,전화 상담원,남성,3,20대,경기도,고졸
464,2cc80275f0a94be6b73c7e5a67283dbf,남자,27,대전,2~3년제 전문대학,지방행정 사무원,남성,3,20대,대전광역시,전문대졸
465,e48c4e0fd49c4d62947737a81349b812,남자,29,서울,4년제 대학교,섬유 공정 개발 기술자 및 연구원,남성,3,20대,서울특별시,대졸
466,02e7ae02aa9c4cd990328b65a9144a71,남자,23,충청북,4년제 대학교,자재 관리 사무원,남성,3,20대,충청북,대졸
467,3b7abfba29174535b33242031ba88468,남자,27,전라남,2~3년제 전문대학,경리 사무원,남성,3,20대,전라남,전문대졸
468,fe9e74ca16d645c09e1dd7487c0fb0f4,남자,23,인천,4년제 대학교,무직,남성,3,20대,인천광역시,대졸
469,b43535bc676a405a9fff04f4c047effb,남자,24,경기,4년제 대학교,"전직 건물용 냉동·냉장·공조기 설치 및 정비원, 현재 구직중",남성,3,20대,경기도,대졸
470,e0c7978d87d04a088f8f2c9d539f47e2,남자,27,충청남,4년제 대학교,금융 관리자,남성,3,20대,충청남,대졸
471,09226694aa7b48f0b4d15c32132092ae,남자,29,서울,고등학교,무직,남성,3,20대,서울특별시,고졸
472,3722f5e808844c239832c6caccde0153,남자,20,강원,2~3년제 전문대학,건물 내 전기 설치 및 정비원,남성,3,20대,강원특별자치도,전문대졸
473,74ccdd5aef3d4917837b438a95d5544b,남자,27,서울,4년제 대학교,무직,남성,3,20대,서울특별시,대졸
474,05c488bf0f924852ab1f7a212e70ed1f,남자,28,서울,대학원,"전직 그 외 철도 및 전동차 기관사, 현재 구직중",남성,3,20대,서울특별시,대학원졸
475,63ec783ea53a458593575f3342af2193,남자,24,경상북,중학교,그 외 제조 관련 단순 종사원,남성,3,20대,경상북도,중졸
476,381178688d084f2a934abf4dde9fc10e,남자,25,충청북,2~3년제 전문대학,전화 상담원,남성,3,20대,충청북,전문대졸
477,0471ba36bbe34946b00a6fe2592ad248,남자,26,서울,4년제 대학교,의상 디자이너,남성,3,20대,서울특별시,대졸
478,85adf3836bd44cca825aafb5b929112c,남자,25,서울,4년제 대학교,일반 비서,남성,3,20대,서울특별시,대졸
479,c0a7738bd9d24b98bafa7118b8a1a8b4,남자,29,울산,4년제 대학교,생산관리 사무원,남성,3,20대,울산광역시,대졸
480,3420bd7f2ed54223b0f20c7664b46302,남자,25,경기,4년제 대학교,전기 감리 기술자 및 연구원,남성,3,20대,경기도,대졸
481,28e67f5b0bb6449c9a3c83e529694203,남자,24,세종,4년제 대학교,양식 조리사,남성,3,20대,세종특별자치시,대졸
482,baa4a28a36ea4187822854aa8a39fbf6,남자,24,부산,고등학교,광고 전문가,남성,3,20대,부산광역시,고졸
483,e5e558150ef54d8198c67ba402827e0d,남자,29,서울,4년제 대학교,"전직 교육 및 훈련 사무원, 현재 구직중",남성,3,20대,서울특별시,대졸
484,f199921545754071b749880fb24d6152,남자,21,서울,2~3년제 전문대학,무직,남성,3,20대,서울특별시,전문대졸
485,e0d3a649d7324dc7b18f70ee67cf533d,남자,23,서울,2~3년제 전문대학,검표원,남성,3,20대,서울특별시,전문대졸
486,a671d4ee737b4f2d9ed0db759d15804e,남자,28,경기,고등학교,가스 배관공,남성,3,20대,경기도,고졸
487,da747e3eea9e44ff9200d4a3dce4a735,남자,22,경기,4년제 대학교,무직,남성,3,20대,경기도,대졸
488,0efc26f4c36045e4b20e6f5032dff571,남자,20,경기,2~3년제 전문대학,무직,남성,3,20대,경기도,전문대졸
489,cb56a03e82cf4347bb38f5b5efdac4d8,남자,29,서울,2~3년제 전문대학,전화 상담원,남성,3,20대,서울특별시,전문대졸
490,71c4905c49aa49a8891f2153ccd5a143,남자,24,경기,2~3년제 전문대학,119 구조대원,남성,3,20대,경기도,전문대졸
491,e20d716e3d5c4d60acac2f0e0034480b,남자,25,서울,4년제 대학교,미디어 콘텐츠 창작자,남성,3,20대,서울특별시,대졸
492,0ad4ba4b32d34814b1fc6e30f8b8ec36,남자,26,경기,4년제 대학교,무직,남성,3,20대,경기도,대졸
493,c2b5e306eceb450fa1409f186da971cf,남자,26,충청북,4년제 대학교,바텐더,남성,3,20대,충청북,대졸
494,b00fa30279d14a8b8962b5e5d0cb2b55,남자,29,충청남,4년제 대학교,산업 안전원,남성,3,20대,충청남,대졸
495,d95b654db2b844cfa188a50bf36f442e,남자,23,충청남,고등학교,무직,남성,3,20대,충청남,고졸
496,c588c603d8014e88809aed1aac944754,남자,25,경상남,4년제 대학교,관세행정 사무원,남성,3,20대,경상남도,대졸
497,151f6177beec4645b1c4ab39bf2acdfd,남자,25,부산,4년제 대학교,무직,남성,3,20대,부산광역시,대졸
498,a028382ba61f417ea83f36df0e8764ab,남자,26,경상북,2~3년제 전문대학,지게차 운전원,남성,3,20대,경상북도,전문대졸
499,bd9a4ac30376444cb8ff1aaa8b7afbfd,남자,23,광주,4년제 대학교,무직,남성,3,20대,광주광역시,대졸
500,07a77a4541e84e059d4cc3896925b89e,남자,28,울산,4년제 대학교,섬유 공정 개발 기술자 및 연구원,남성,3,20대,울산광역시,대졸
501,95a2fdb109934b22a08c826030d17f40,남자,22,전라남,4년제 대학교,생산관리 사무원,남성,3,20대,전라남,대졸
502,f9bab7a46563415d8212cf4ce898f643,남자,20,경기,2~3년제 전문대학,그 외 기획 및 마케팅 사무원,남성,3,20대,경기도,전문대졸
503,c21c121acc4e4c49a60a707cb80d5922,남자,24,서울,4년제 대학교,일반 경찰관 및 수사관,남성,3,20대,서울특별시,대졸
504,0e41f49ce262450bb89fc84b8fa66f5f,남자,23,충청남,고등학교,지게차 운전원,남성,3,20대,충청남,고졸
505,e9c27986c2574d96906bae514009017e,남자,27,경기,4년제 대학교,사무 보조원,남성,3,20대,경기도,대졸
506,cf18144f00d44b279b0e02e9fa53bf88,남자,26,경기,고등학교,무직,남성,3,20대,경기도,고졸
507,2cebcfbfae5a42f5b4091f87a5111682,남자,28,충청북,대학원,"전직 그 외 통신공학 기술자 및 연구원, 현재 구직중",남성,3,20대,충청북,대학원졸
508,2564a497e1eb4577963ef31cf139cefb,남자,25,경기,고등학교,날염기 조작원,남성,3,20대,경기도,고졸
509,51ee37dfc1da441288a3582d01b71f51,남자,29,경기,4년제 대학교,관리 비서,남성,3,20대,경기도,대졸
510,a330e8230afc4a43b02e62d4bb19d0a8,남자,25,서울,대학원,그 외 기획 및 마케팅 사무원,남성,3,20대,서울특별시,대학원졸
511,a9f67c0fcb264ca2a19fb1cf0d877a77,남자,29,부산,고등학교,그 외 물품 이동 장비 조작원,남성,3,20대,부산광역시,고졸
512,635c38ddc8504f4b836b9f8795fc6b16,남자,24,대구,2~3년제 전문대학,그 외 물품 이동 장비 조작원,남성,3,20대,대구광역시,전문대졸
513,071e806ab5074cddb8b5abe4117c3d7d,남자,20,충청남,2~3년제 전문대학,영업 관리 사무원,남성,3,20대,충청남,전문대졸
514,3ac7ae0e6353407bbd6eae800b13a1e3,남자,29,대구,고등학교,건물 경비원,남성,3,20대,대구광역시,고졸
515,a78da64ae90f441f97ca86f4315db1e8,남자,21,충청남,고등학교,금형원,남성,3,20대,충청남,고졸
516,58a267e60d6e4f29a2e5c66a900690f2,남자,27,부산,4년제 대학교,무직,남성,3,20대,부산광역시,대졸
517,da9d64abdfe141cd8a974c27d9f326cd,남자,26,경기,4년제 대학교,무직,남성,3,20대,경기도,대졸
518,29326699583c4ab8a4c17bb1e58c8efc,남자,27,부산,고등학교,통신장비 기사,남성,3,20대,부산광역시,고졸
519,77f35277aa3845ee9cc32842df02c4e2,남자,21,서울,2~3년제 전문대학,무직,남성,3,20대,서울특별시,전문대졸
520,e3f29b9f27134106a9e3d24988c16478,남자,25,경기,2~3년제 전문대학,일반 경찰관 및 수사관,남성,3,20대,경기도,전문대졸
521,b2b31271493e4706b57481e11c984957,남자,21,강원,2~3년제 전문대학,그 외 전기·전자기기 설치 및 수리원,남성,3,20대,강원특별자치도,전문대졸
522,9ec9307756664e90ad85dcc6d9972b5a,남자,21,서울,2~3년제 전문대학,경영 기획 사무원,남성,3,20대,서울특별시,전문대졸
523,f4c0c55c91a34eabb732394f842018b3,남자,28,서울,4년제 대학교,사회복지사,남성,3,20대,서울특별시,대졸
524,6b6aad873856467d9b9f5da9cda11c4b,남자,21,인천,2~3년제 전문대학,무직,남성,3,20대,인천광역시,전문대졸
525,d7b989c9739944c8b1a85b089db0f775,남자,24,서울,고등학교,그 외 상품 대여원,남성,3,20대,서울특별시,고졸
526,ca9bd117452941c5aa51657de8b46192,남자,21,경기,고등학교,영업 관련 관리자,남성,3,20대,경기도,고졸
527,4acde2a5f90145a8b711166dccb63f5f,남자,28,경기,2~3년제 전문대학,무직,남성,3,20대,경기도,전문대졸
528,519b749a4d5c4bd48349bf0cff0c6e97,남자,28,전라남,2~3년제 전문대학,유치원 교사,남성,3,20대,전라남,전문대졸
529,479be74773be482ba289dceeecbfa07c,남자,29,경기,고등학교,관광버스 운전원,남성,3,20대,경기도,고졸
530,2a6984d55de3449a8103c6d7c7478b24,남자,27,울산,4년제 대학교,판매 관련 관리자,남성,3,20대,울산광역시,대졸
531,2ad028f85c814dbaae4654a738fdb363,남자,26,경기,4년제 대학교,무직,남성,3,20대,경기도,대졸
532,173917c218e84eaeb020aee0cab761f6,남자,28,전북,고등학교,그 외 자동차 부품 조립원,남성,3,20대,전북특별자치도,고졸
533,edaa8479e2184ba38d58ab269eee0d02,남자,23,경기,고등학교,학습지 방문강사,남성,3,20대,경기도,고졸
534,68aa5d966de0497a8c9d900cfb2ea744,남자,28,대구,2~3년제 전문대학,무직,남성,3,20대,대구광역시,전문대졸
535,dde23758fc954431980c24e222104a05,남자,26,광주,4년제 대학교,무역 사무원,남성,3,20대,광주광역시,대졸
536,e9387c4e822b41c4b1a89caef344521d,남자,25,전북,4년제 대학교,전기 안전 기술자 및 연구원,남성,3,20대,전북특별자치도,대졸
537,b34b08ac21834dca99c84c3142968e5b,남자,26,경상남,고등학교,경·소형 화물차 운전원,남성,3,20대,경상남도,고졸
538,ba2f72494b654114bc50f8c43e0018f8,남자,27,경기,4년제 대학교,무직,남성,3,20대,경기도,대졸
539,bd0829f006ac4ee5a5a56b07ce6723c5,남자,20,경기,2~3년제 전문대학,그 외 일반 영업원,남성,3,20대,경기도,전문대졸
540,9bba6ed342ed431385e166b067f50a2b,남자,29,전북,4년제 대학교,품질 관리 사무원,남성,3,20대,전북특별자치도,대졸
541,0698ebf6dae042e1863d6cf1f3d6cff0,남자,20,경상남,2~3년제 전문대학,무직,남성,3,20대,경상남도,전문대졸
542,e7197917b5bb42609ea38e5507820af9,남자,28,전북,2~3년제 전문대학,그 외 건축 마감 관련 기능 종사원,남성,3,20대,전북특별자치도,전문대졸
543,b265fa1af52a4d86828eeb55121d3135,남자,21,광주,2~3년제 전문대학,해외 영업원,남성,3,20대,광주광역시,전문대졸
544,4ca4c50e731d46e48c19feb516556511,남자,29,경기,4년제 대학교,그 외 기획 및 마케팅 사무원,남성,3,20대,경기도,대졸
545,a1cb657645a54c6794ada159b869396c,남자,27,전라남,4년제 대학교,그 외 화학공학 기술자 및 연구원,남성,3,20대,전라남,대졸
546,da82120eda65406aa3654d6080709309,남자,22,경상남,2~3년제 전문대학,의류 판매원,남성,3,20대,경상남도,전문대졸
547,3a1ac253c8c744be937d1cb8b74266c1,남자,28,경기,4년제 대학교,그 외 컴퓨터 시스템 및 소프트웨어 전문가,남성,3,20대,경기도,대졸
548,ee768e899ad149039bde12dd96a0d9d7,남자,20,서울,2~3년제 전문대학,무직,남성,3,20대,서울특별시,전문대졸
549,978e1a557c384c0c929c3e08687a5cf8,남자,21,대구,2~3년제 전문대학,무직,남성,3,20대,대구광역시,전문대졸
550,c6d87cbbb6cc4a409e10d4838b4ce566,남자,27,경기,4년제 대학교,전화 상담원,남성,3,20대,경기도,대졸
551,6f53e99cf24d45bc9145f3422e1e5e74,남자,22,강원,2~3년제 전문대학,정보 보안 전문가,남성,3,20대,강원특별자치도,전문대졸
552,d4ee002fd9124ab18c987618782ab81d,남자,29,서울,대학원,"전직 회계 사무원, 현재 구직중",남성,3,20대,서울특별시,대학원졸
553,67cf62d4c4cf4b618137d76be9723c48,남자,26,울산,2~3년제 전문대학,선박 정비원,남성,3,20대,울산광역시,전문대졸
554,1e5077ef74324daaa2422fd1bc4c7c60,남자,23,경기,4년제 대학교,"전직 회계 사무원, 현재 구직중",남성,3,20대,경기도,대졸
555,a8ce102d0f9549f18ee0a918a36eea0f,남자,20,대전,2~3년제 전문대학,행사 및 홍보 도우미,남성,3,20대,대전광역시,전문대졸
556,82c535a73f11423eb9c924903a287c1b,남자,27,인천,고등학교,검표원,남성,3,20대,인천광역시,고졸
557,8c9b0c52424c4115924fc7ea64db4176,남자,24,경기,4년제 대학교,국가행정 사무원,남성,3,20대,경기도,대졸
558,1d3685ad0c094d789dde8076b0bdca9e,남자,27,경기,4년제 대학교,무직,남성,3,20대,경기도,대졸
559,660a30e8f4984a93907a747138100ae0,남자,20,경기,2~3년제 전문대학,일반 비서,남성,3,20대,경기도,전문대졸
560,7fc3015b9e4d45709c7d895e4d65b47b,남자,20,부산,고등학교,주입·포장 및 봉함기 조작원,남성,3,20대,부산광역시,고졸
561,4f9722f90e5d418e8fd286ea896ea632,남자,23,서울,4년제 대학교,그 외 판매 및 고객 서비스 관리자,남성,3,20대,서울특별시,대졸
562,37e512ce5d56490eac77a914a2f9d83f,남자,21,경상남,고등학교,무직,남성,3,20대,경상남도,고졸
563,3dd299a2642f45b19162f1f268eb8842,남자,23,경기,4년제 대학교,"전직 산업 안전원, 현재 구직중",남성,3,20대,경기도,대졸
564,5cda655acc45407592fb16ae04a5dfbd,남자,29,경기,대학원,무직,남성,3,20대,경기도,대학원졸
565,13450327fb27493f86d3e22c227f30e5,남자,23,대전,2~3년제 전문대학,"전직 정육가공원, 현재 구직중",남성,3,20대,대전광역시,전문대졸
566,b6f9b42da6594718b8635407c67dab5d,남자,21,경기,2~3년제 전문대학,토목 제도사,남성,3,20대,경기도,전문대졸
567,24e42c63108f48b489991b7f9b588928,남자,25,서울,고등학교,무직,남성,3,20대,서울특별시,고졸
568,288ab49f8a324cc7bf1ffcf618afc86c,남자,29,인천,2~3년제 전문대학,건물 전기 및 전자설비 조작원,남성,3,20대,인천광역시,전문대졸
569,7590ec91035140a29db9883eef697aa0,남자,29,경기,고등학교,건물 경비원,남성,3,20대,경기도,고졸
570,5d0f40faa02a46c6bd0c2c01e5d67f77,남자,29,강원,4년제 대학교,병무행정 사무원,남성,3,20대,강원특별자치도,대졸
571,e831d001d9c64d5db225fd5106f1ecf2,남자,20,전북,2~3년제 전문대학,무직,남성,3,20대,전북특별자치도,전문대졸
572,a845a7bf29044b399ab02ede3fe01cbb,남자,25,서울,4년제 대학교,전시 및 시설 견학 안내원,남성,3,20대,서울특별시,대졸
573,41ca9fe949ad49da853720b5017d909e,남자,27,경기,4년제 대학교,자재 관리 사무원,남성,3,20대,경기도,대졸
574,e94b32d2fcef489a9f8735c51578846b,남자,22,서울,고등학교,경·소형 화물차 운전원,남성,3,20대,서울특별시,고졸
575,0767c6ad753b4d27b5746474e5058633,남자,26,부산,4년제 대학교,사회복지사,남성,3,20대,부산광역시,대졸
576,3a6d0eeb3a494a11882ef3a3aa1cfc6f,남자,29,서울,4년제 대학교,데이터 관리 및 운영자,남성,3,20대,서울특별시,대졸
577,fde659bfbaa74552b0495c0d7de668ca,남자,29,경상남,4년제 대학교,하역 및 적재 관련 단순 종사원,남성,3,20대,경상남도,대졸
578,fd2812d45cfc4dd5bc56d9b973928c99,남자,21,경기,고등학교,무직,남성,3,20대,경기도,고졸
579,3efd17dd56d644b4919ec010e91e4720,남자,28,전라남,고등학교,시설 경비원,남성,3,20대,전라남,고졸
580,bf1de6cd3b374103907d5dc1ea5165f0,남자,25,인천,2~3년제 전문대학,밀링기 조작원,남성,3,20대,인천광역시,전문대졸
581,7d2c4badca1e46eb9c94c9449feea285,남자,23,경기,2~3년제 전문대학,"전직 그 외 상점 판매원, 현재 구직중",남성,3,20대,경기도,전문대졸
582,faf7216b5c5c4e3e909a75bbb80d8090,남자,27,인천,4년제 대학교,일반 비서,남성,3,20대,인천광역시,대졸
583,39e4db8a81b74863af5ba54b97016fae,남자,27,충청남,4년제 대학교,영업 관리 사무원,남성,3,20대,충청남,대졸
584,a8539d948e3e4fbcb69e8bc6eb76e9f1,남자,28,충청남,4년제 대학교,통신장비 기사,남성,3,20대,충청남,대졸
585,6244a6ac78bf48ecbdcda6d3c67a75e5,남자,24,경기,4년제 대학교,사무 보조원,남성,3,20대,경기도,대졸
586,31aaafb91a004bcc959b604b36d222c9,남자,24,광주,4년제 대학교,일식 조리사,남성,3,20대,광주광역시,대졸
587,1c4f960d43be4cc48925dbd7f1d1745b,남자,25,경기,2~3년제 전문대학,무직,남성,3,20대,경기도,전문대졸
588,f5a6bc2f41f0424d84e1e702612a3c77,남자,23,세종,고등학교,특수 경비원,남성,3,20대,세종특별자치시,고졸
589,0eb64fa337e24f17b388745ff5f3fbf2,남자,28,강원,2~3년제 전문대학,무직,남성,3,20대,강원특별자치도,전문대졸
590,fa6776942abf4c17b33a9983a7dc0bbd,남자,28,서울,4년제 대학교,사용자 경험 및 인터페이스 디자이너,남성,3,20대,서울특별시,대졸
591,292be0dd9ef2470283c89d308087d622,남자,26,서울,4년제 대학교,무대 및 세트 디자이너,남성,3,20대,서울특별시,대졸
592,51c6b348158a41c28a8b920260a1f955,남자,29,인천,고등학교,시설 경비원,남성,3,20대,인천광역시,고졸
593,c03ec7dec50c4bcbb8309676e55fb6d3,남자,20,서울,2~3년제 전문대학,미디어 콘텐츠 창작자,남성,3,20대,서울특별시,전문대졸
594,6843222db82641e6a7529214516f6d3b,남자,22,경기,4년제 대학교,관세행정 사무원,남성,3,20대,경기도,대졸
595,0ecaf81991c24d5ab01d38475f1860f6,남자,28,서울,4년제 대학교,일반 비서,남성,3,20대,서울특별시,대졸
596,22252fff8eff40b0971ebc154ef7e92d,남자,29,경상남,4년제 대학교,무직,남성,3,20대,경상남도,대졸
597,450a33c17fc94ff8bf4e4f9f9bee8ff5,남자,27,경기,고등학교,무직,남성,3,20대,경기도,고졸
598,2d002546eb154fa8beb22d9f49f9f2b8,남자,28,경기,2~3년제 전문대학,무직,남성,3,20대,경기도,전문대졸
599,0b1edc1d4b3a44319cc390995f7c165b,남자,24,경기,2~3년제 전문대학,시설 경비원,남성,3,20대,경기도,전문대졸
600,39172dafa57a423e907512d17ad67cd3,남자,24,경기,고등학교,윤전인쇄기 조작원,남성,3,20대,경기도,고졸
601,48fa0b6b82ab45fabbdc76b67053bc59,남자,24,경기,고등학교,건물 경비원,남성,3,20대,경기도,고졸
602,8090012aeb8c4293965814da3c8f9ede,남자,28,경기,4년제 대학교,출판 및 자료편집 사무원,남성,3,20대,경기도,대졸
603,8c0a519d5369418182caaa59f84f4048,남자,24,경상남,중학교,음료 서비스 종사원,남성,3,20대,경상남도,중졸
604,0e349173856246ddaf02197667a8d710,남자,21,강원,2~3년제 전문대학,예약 및 접수 사무원,남성,3,20대,강원특별자치도,전문대졸
605,e15262efbd77452b99f84d271c22a1c4,남자,20,경기,2~3년제 전문대학,일반 비서,남성,3,20대,경기도,전문대졸
606,d8ef00e0ba8b483cb1ca4d292fd555bd,남자,28,충청북,4년제 대학교,경영 기획 사무원,남성,3,20대,충청북,대졸
607,d729375d39744ccb81cdd322b380ff43,남자,27,부산,4년제 대학교,무직,남성,3,20대,부산광역시,대졸
608,fe44c5ddd13c49579ff2d59b27ca5968,남자,29,경기,고등학교,화학물 가열 처리 장치 조작원,남성,3,20대,경기도,고졸
609,f9933e3156fa46069b22f7c59b94368d,남자,23,충청북,4년제 대학교,승용차 및 승합차 운전원,남성,3,20대,충청북,대졸
610,286f9b5b21b14c30b1593940df53a8f3,남자,27,경기,4년제 대학교,해외 영업원,남성,3,20대,경기도,대졸
611,81a5f8cb532d42ca86b27df290ceeda5,남자,23,대전,2~3년제 전문대학,일식 조리사,남성,3,20대,대전광역시,전문대졸
612,fa2aac8c7b044dbcb1d49a447240e332,남자,27,경기,고등학교,무직,남성,3,20대,경기도,고졸
613,6d3d67b8d1164707896c36aa19c11779,남자,29,서울,고등학교,무직,남성,3,20대,서울특별시,고졸
614,b54ee5c668544f129d92aa5960b27e9e,남자,21,제주,2~3년제 전문대학,무직,남성,3,20대,제주특별자치도,전문대졸
615,4b6c19081ad44d349e67fb8cb6eeb7e6,남자,25,전북,2~3년제 전문대학,무직,남성,3,20대,전북특별자치도,전문대졸
616,698df3bc991f4c0e91cdef3e5aca26ac,남자,27,전북,고등학교,상품 기획자,남성,3,20대,전북특별자치도,고졸
617,992cb43852be4761877754c464947491,남자,27,충청북,4년제 대학교,투자 권유 대행인,남성,3,20대,충청북,대졸
618,d0989211a3564f03b0b4d4cbf323abd5,남자,25,서울,2~3년제 전문대학,그 외 목재가공 관련 기계 조작원,남성,3,20대,서울특별시,전문대졸
619,a13f85ffa8d6420c9f69a94518d5a8d0,남자,22,대구,4년제 대학교,사무 보조원,남성,3,20대,대구광역시,대졸
620,c8e54476d8b74280a9fb682e9ad65cd7,남자,26,경기,4년제 대학교,조사 전문가,남성,3,20대,경기도,대졸
621,6d5aceab3e4d48b096fd971360afa682,남자,27,경기,대학원,육군 병사,남성,3,20대,경기도,대학원졸
622,9f12fd45561a459a90b752e618562238,남자,29,경상북,고등학교,그 외 자동차 운전원,남성,3,20대,경상북도,고졸
623,bc5b87482e0c437ebeb8dcbd9d13ca7a,남자,27,대전,4년제 대학교,시설 경비원,남성,3,20대,대전광역시,대졸
624,2f4b878c058e4e088dc74449c58f9862,남자,25,경기,2~3년제 전문대학,사무 보조원,남성,3,20대,경기도,전문대졸
625,38b449c05cde48e1bebe870b82141fa1,남자,21,서울,2~3년제 전문대학,무직,남성,3,20대,서울특별시,전문대졸
626,fe87b713b37b44e887eb4e78fbfbe187,남자,25,전북,4년제 대학교,국가행정 사무원,남성,3,20대,전북특별자치도,대졸
627,4d9cc81bbe054cbbb6c19f8a9a881652,남자,28,경기,고등학교,지게차 운전원,남성,3,20대,경기도,고졸
628,da6398e5fee14395bbed4cb98560eb43,남자,29,대전,4년제 대학교,관세행정 사무원,남성,3,20대,대전광역시,대졸
629,5928f07bf7f34bb1a2dd7ea2c271b0e1,남자,26,제주,4년제 대학교,인사 및 노무 사무원,남성,3,20대,제주특별자치도,대졸
630,a3a68077b59a4c828e73b88d42475648,남자,25,서울,4년제 대학교,무직,남성,3,20대,서울특별시,대졸
631,fdfd50c0d9324d0d898c0dc1cc8a0073,남자,22,서울,4년제 대학교,무직,남성,3,20대,서울특별시,대졸
632,2c77d6073cdc49e481d888f2128b1bb0,남자,27,경상북,4년제 대학교,농약 및 비료 시험원,남성,3,20대,경상북도,대졸
633,b7d769b2f7b7478da6156ee2093b0ccd,남자,28,대구,4년제 대학교,보험 사무원,남성,3,20대,대구광역시,대졸
634,db98f75f50494bcbb484fb6f04600faa,남자,26,부산,4년제 대학교,산업 안전원,남성,3,20대,부산광역시,대졸
635,de2c8e01fee849ca94411b65ab295764,남자,27,경상북,4년제 대학교,영업 관리 사무원,남성,3,20대,경상북도,대졸
636,b1d87a8d200046a0bad52d78b1996151,남자,26,경기,2~3년제 전문대학,무직,남성,3,20대,경기도,전문대졸
637,e80be8f17cf24896b54f5ead17ff9f97,남자,25,경상북,2~3년제 전문대학,경리 사무원,남성,3,20대,경상북도,전문대졸
638,3d3c20ed2d45401ab8382ebe34866697,남자,26,충청남,고등학교,무직,남성,3,20대,충청남,고졸
639,c521563990c445a597912275a39f3f97,남자,23,부산,4년제 대학교,품질 관리 사무원,남성,3,20대,부산광역시,대졸
640,fa34ab72907848a4b68540cd16efed41,남자,27,경기,고등학교,건물 청소원,남성,3,20대,경기도,고졸
641,8f8a476810a14a2ea013b1de9a17fed2,남자,24,서울,2~3년제 전문대학,무직,남성,3,20대,서울특별시,전문대졸
642,a59ed84c61ca4a20a7d5565d3b61965a,남자,25,경기,2~3년제 전문대학,그 외 화학제품 생산기 조작원,남성,3,20대,경기도,전문대졸
643,2decc097aa3b40298bc375c8cc30e1e1,남자,27,서울,4년제 대학교,무직,남성,3,20대,서울특별시,대졸
644,7648e7418b7f42d4a32d95e650558d6c,남자,24,경상남,4년제 대학교,무직,남성,3,20대,경상남도,대졸
645,3637ef66488d441c98770ea4dcaaf707,남자,24,전라남,고등학교,금속 분무기 조작원,남성,3,20대,전라남,고졸
646,45008a1f90b9463aa025c9edc1d96c74,남자,23,강원,4년제 대학교,자재 관리 사무원,남성,3,20대,강원특별자치도,대졸
647,6d437310a39840f5a3422dd81e2ace0a,남자,21,서울,2~3년제 전문대학,무직,남성,3,20대,서울특별시,전문대졸
648,4d1f9d89f385469fbf3e0cad01bb914d,남자,25,대구,대학원,금형공학 기술자 및 연구원,남성,3,20대,대구광역시,대학원졸
649,e588005332d241c0afd74a2c2eb248ff,남자,20,울산,2~3년제 전문대학,가스 용접원,남성,3,20대,울산광역시,전문대졸
650,ebceea282cb244c8ac84d35d7ee8f902,남자,27,서울,2~3년제 전문대학,모바일 애플리케이션 프로그래머,남성,3,20대,서울특별시,전문대졸
651,2702cb4c58d947628e8fb6d99e09e467,남자,27,서울,고등학교,"전직 시설 경비원, 현재 구직중",남성,3,20대,서울특별시,고졸
652,eb94aebd50424a8dbc044524687d1e35,남자,23,경상남,고등학교,무직,남성,3,20대,경상남도,고졸
653,380104b3d85e4ce7a8c1014b88e47bd8,남자,21,경상북,2~3년제 전문대학,산업 안전원,남성,3,20대,경상북도,전문대졸
654,e3d72336c8fb467ca7462b4f9a76408d,남자,25,인천,2~3년제 전문대학,무직,남성,3,20대,인천광역시,전문대졸
655,ef6eccf5645749869b65900a0a7324bb,남자,26,경상남,4년제 대학교,위험 관리원,남성,3,20대,경상남도,대졸
656,085b45df549747c883d97ee6afc06746,남자,27,경기,고등학교,금형원,남성,3,20대,경기도,고졸
657,cb2f8337499c4faeaf54274ff426ce99,남자,26,서울,4년제 대학교,시스템 소프트웨어 설계 및 분석가,남성,3,20대,서울특별시,대졸
658,0da03d515bda4e739106c079d5e5be3c,남자,24,경상북,2~3년제 전문대학,건물 경비원,남성,3,20대,경상북도,전문대졸
659,7a240b968d124283884af868127d98bb,남자,26,인천,4년제 대학교,음식 서비스 종사원,남성,3,20대,인천광역시,대졸
660,e93f610626de4b84b4dfdcf6e7814c20,남자,24,경기,4년제 대학교,무직,남성,3,20대,경기도,대졸
661,ea000059b93b491ca51175e1e955d5ba,남자,26,대전,4년제 대학교,교육 및 훈련 사무원,남성,3,20대,대전광역시,대졸
662,e709e0b81cd34e8197393b8e30c5601e,남자,28,경기,대학원,전화 상담원,남성,3,20대,경기도,대학원졸
663,0a52b2c1cddf42f3a9bae8517c100ab8,남자,25,강원,4년제 대학교,"전직 펌프 장치 조작원, 현재 구직중",남성,3,20대,강원특별자치도,대졸
664,ae134d77102d41a0ad4243e2f7e8b8db,남자,29,경상북,4년제 대학교,농학 연구원,남성,3,20대,경상북도,대졸
665,2a86ee0108dd429e94f5411894301899,남자,22,경기,4년제 대학교,사무 보조원,남성,3,20대,경기도,대졸
666,e31ee552a6f24f259ec49949d994b50e,남자,28,부산,고등학교,무직,남성,3,20대,부산광역시,고졸
667,4ba9e6481d6a441a8675f9635db2cabd,남자,25,경기,2~3년제 전문대학,가스 생산기 조작원,남성,3,20대,경기도,전문대졸
668,8e6dc3d5559249958b7b177e23b893c1,남자,27,대전,대학원,경영 컨설턴트,남성,3,20대,대전광역시,대학원졸
669,05a118f92177434393fdb3fc5819c250,남자,21,부산,고등학교,시설 경비원,남성,3,20대,부산광역시,고졸
670,d226598d7a824be986f706e1547a0a72,남자,27,서울,4년제 대학교,데이터 설계 및 프로그래머,남성,3,20대,서울특별시,대졸
671,628796964ba14d01ad41ffd63808ead3,남자,20,대구,2~3년제 전문대학,시설 경비원,남성,3,20대,대구광역시,전문대졸
672,76da3739aa644e91b2af2c133b80d4b8,남자,27,경기,고등학교,광고 전문가,남성,3,20대,경기도,고졸
673,c3570d9b45434c9b9651b628b7de8dca,남자,22,서울,4년제 대학교,투자신탁 전문가,남성,3,20대,서울특별시,대졸
674,f84151e9c81c45be9190b9027c628ed9,남자,23,경기,4년제 대학교,"전직 염색 개발 공학 기술자 및 연구원, 현재 구직중",남성,3,20대,경기도,대졸
675,3d70bbf671734de690558ab5cd5b46bf,남자,29,충청북,4년제 대학교,플랜트공학 기술자 및 연구원,남성,3,20대,충청북,대졸
676,471cb81047d34c1583d7f86e1f5ec981,남자,28,대구,4년제 대학교,무직,남성,3,20대,대구광역시,대졸
677,63327f3b77ec44e1b999c75ed9ff75ec,남자,26,광주,4년제 대학교,"전직 출판 및 자료편집 사무원, 현재 구직중",남성,3,20대,광주광역시,대졸
678,03e4ac21836149fab8b0b2bd4dd7e8c5,남자,27,울산,4년제 대학교,무직,남성,3,20대,울산광역시,대졸
679,fcfea7ec69614315917d28ed196822eb,남자,26,충청북,대학원,로봇공학 기술자 및 연구원,남성,3,20대,충청북,대학원졸
680,4dd6b8e143d545828cdeb0ead12c227b,남자,25,경기,4년제 대학교,경영 기획 사무원,남성,3,20대,경기도,대졸
681,fe59671ba72948fba74e8b5317ca94d7,남자,23,서울,4년제 대학교,산업 안전원,남성,3,20대,서울특별시,대졸
682,af28954b00a740b7b720252cb1e34472,남자,23,강원,4년제 대학교,전기계측 제어 기술자 및 연구원,남성,3,20대,강원특별자치도,대졸
683,9684ff3ae4454ee899f4b0631f1f3150,남자,28,서울,고등학교,무직,남성,3,20대,서울특별시,고졸
684,2288fb9bd2584066aa40aaedbc325083,남자,23,세종,4년제 대학교,전기 감리 기술자 및 연구원,남성,3,20대,세종특별자치시,대졸
685,525d93f35655460892d66fca9218b893,남자,21,경상남,고등학교,무직,남성,3,20대,경상남도,고졸
686,c2728d534c894862a1ad9e18dbe4cf27,남자,27,강원,고등학교,무직,남성,3,20대,강원특별자치도,고졸
687,768412f084294c53b0d17434f5639995,남자,25,인천,고등학교,영업 관리 사무원,남성,3,20대,인천광역시,고졸
688,1d953883c3d0431a948e8652e2c0038d,남자,21,광주,2~3년제 전문대학,사무 보조원,남성,3,20대,광주광역시,전문대졸
689,89683c4f4de340c38506f98172fb7a3a,남자,20,충청북,2~3년제 전문대학,온라인 쇼핑 판매원,남성,3,20대,충청북,전문대졸
690,d7d4f12e902c4364bac16b324dfbc15b,남자,24,인천,4년제 대학교,단말기 및 통신 서비스 판매원,남성,3,20대,인천광역시,대졸
691,3c7f3922bba442178ef4d8295b4c09da,남자,24,서울,2~3년제 전문대학,무직,남성,3,20대,서울특별시,전문대졸
692,bd75f9939c53499db04ee68e75c96280,남자,24,충청북,4년제 대학교,청소년 지도사,남성,3,20대,충청북,대졸
693,d7bf3611391f49fea7a259f97845b22a,남자,23,경기,대학원,무직,남성,3,20대,경기도,대학원졸
694,7a1e52167d8e4818a223a1679fb848d4,남자,25,경기,고등학교,무직,남성,3,20대,경기도,고졸
695,de24b421e6154f14a4945191760a8a56,남자,27,충청북,4년제 대학교,육군 병사,남성,3,20대,충청북,대졸
696,36f57af90b3f4fb09ebdf5ae6d839465,남자,20,광주,중학교,무직,남성,3,20대,광주광역시,중졸
697,b382fc095cb14f0885bab1b1267c18f2,남자,24,경기,4년제 대학교,회계 사무원,남성,3,20대,경기도,대졸
698,e3d8067a9fa9410c848539490285bbf4,남자,28,경기,고등학교,시설 경비원,남성,3,20대,경기도,고졸
699,510f52859e3549c8808367495f727be9,남자,21,부산,2~3년제 전문대학,무직,남성,3,20대,부산광역시,전문대졸
700,83efa1bd25c64b7d94eac8bb3f29b9c5,남자,22,경기,2~3년제 전문대학,무직,남성,3,20대,경기도,전문대졸
701,1f5dd6f6f7b740089a08d1a4194fd986,남자,26,경기,대학원,무직,남성,3,20대,경기도,대학원졸
702,4e743ffcb60f419795d30dbb562da4ac,남자,21,경상북,2~3년제 전문대학,그 외 기계공학 기술자 및 연구원,남성,3,20대,경상북도,전문대졸
703,eda11a9dc47d4d44bec0ff8aa5185540,남자,29,인천,4년제 대학교,공공행정 사무원,남성,3,20대,인천광역시,대졸
704,e7c5253e7e8f4201832c6f056048d1ac,남자,25,경기,2~3년제 전문대학,"전직 시스템 소프트웨어 설계 및 분석가, 현재 구직중",남성,3,20대,경기도,전문대졸
705,ec22d18028584e2da73ef50a8edfafee,남자,23,서울,4년제 대학교,무직,남성,3,20대,서울특별시,대졸
706,7f405182e342410c96cbecdb59fca134,남자,22,충청남,고등학교,지게차 운전원,남성,3,20대,충청남,고졸
707,0145924034414dd68a59998b73aac9b4,남자,23,인천,2~3년제 전문대학,무직,남성,3,20대,인천광역시,전문대졸
708,f441374e2169497382fe053f31371269,남자,20,대전,2~3년제 전문대학,무직,남성,3,20대,대전광역시,전문대졸
709,59abfd3511b04c659e0cab0a6a971910,남자,20,서울,2~3년제 전문대학,식품 영업원,남성,3,20대,서울특별시,전문대졸
710,8cd40f8ed32449df9ab78950716d839b,남자,24,부산,고등학교,건물 내 전기 설치 및 정비원,남성,3,20대,부산광역시,고졸
711,cecce2f436ea4a0c95454f8c30e57fdd,남자,24,세종,4년제 대학교,산업 안전원,남성,3,20대,세종특별자치시,대졸
712,aa729882f06b4fd1b0ad3a72ec82eb88,남자,23,부산,고등학교,무직,남성,3,20대,부산광역시,고졸
713,1354e1cfd36b4414aeca2dfadf72b733,남자,26,경상북,고등학교,경·소형 화물차 운전원,남성,3,20대,경상북도,고졸
714,fff8fb3edee641ed82ee41ab62f6caf8,남자,29,인천,고등학교,그 외 물품 이동 장비 설치 및 정비원,남성,3,20대,인천광역시,고졸
715,41bf8d44f6454afa9f5e3e5c8987971c,남자,28,서울,대학원,소음 진동 기술자 및 연구원,남성,3,20대,서울특별시,대학원졸
716,54fdab4909c44649ace54a5ab878765f,남자,28,경기,2~3년제 전문대학,보조 연기자,남성,3,20대,경기도,전문대졸
717,1c87154981eb466598ee397d43b5bfea,남자,28,경상남,고등학교,사무 보조원,남성,3,20대,경상남도,고졸
718,7c37369395d64b9585995b483cbe9413,남자,22,경상남,4년제 대학교,경영 기획 사무원,남성,3,20대,경상남도,대졸
719,5a760cfb2263449180048fd39e8a7b28,남자,24,부산,4년제 대학교,무직,남성,3,20대,부산광역시,대졸
720,e6dae478592b4de892481d334a4a751c,남자,26,서울,4년제 대학교,바텐더,남성,3,20대,서울특별시,대졸
721,321808b5b16e4c389256c2fc9cc0a727,남자,28,서울,2~3년제 전문대학,배전반 조작원,남성,3,20대,서울특별시,전문대졸
722,086e7fc1301742799b7431ee9df4f728,남자,27,서울,4년제 대학교,상품 기획자,남성,3,20대,서울특별시,대졸
723,4eaa4a8b17fe4cb69802dfa13116a231,남자,29,전라남,2~3년제 전문대학,경영 기획 사무원,남성,3,20대,전라남,전문대졸
724,ba485dfdaee140f09336f95812bfaf36,남자,25,부산,4년제 대학교,"전직 가스 및 에너지 시험원, 현재 구직중",남성,3,20대,부산광역시,대졸
725,8bec387ed52246a08bd091255a257fc1,남자,21,서울,2~3년제 전문대학,게임 프로그래머,남성,3,20대,서울특별시,전문대졸
726,ebd9bbc88b6649f6a192422ec78d14ed,남자,28,경기,2~3년제 전문대학,이동전화기 수리원,남성,3,20대,경기도,전문대졸
727,8ddaf5c7f19a4247a7d9aca07a9b6b49,남자,26,인천,2~3년제 전문대학,전화 상담원,남성,3,20대,인천광역시,전문대졸
728,6116764b4dbb4fd085523be520a6d8fc,남자,26,경기,2~3년제 전문대학,식품 영업원,남성,3,20대,경기도,전문대졸
729,f84cc37efd1f4638b3ba5b424b0f71d9,남자,26,강원,4년제 대학교,품질 인증 심사 전문가,남성,3,20대,강원특별자치도,대졸
730,f8781010ddb0432482ec7d642cf0cf06,남자,28,경기,4년제 대학교,특허 사무원,남성,3,20대,경기도,대졸
731,f29834348fb549fc9b59850492aef9fb,남자,28,전라남,4년제 대학교,무직,남성,3,20대,전라남,대졸
732,7324cd63d5714fbbaeefa9b03b5eb5a0,남자,25,충청남,고등학교,지게차 운전원,남성,3,20대,충청남,고졸
733,1996055507994a7c9e8641e92e753cce,남자,20,인천,2~3년제 전문대학,무직,남성,3,20대,인천광역시,전문대졸
734,c11d4e13e0e54c7c84abfe622961551d,남자,26,경기,2~3년제 전문대학,무직,남성,3,20대,경기도,전문대졸
735,5b6b1424435d4ef38456470685a21d03,남자,27,경기,2~3년제 전문대학,회계 사무원,남성,3,20대,경기도,전문대졸
736,d32adc27c682426b894a58a4e30d0553,남자,27,경기,4년제 대학교,무직,남성,3,20대,경기도,대졸
737,f4496e0fda3b43abbeb52da81e00862d,남자,24,경기,4년제 대학교,마케팅 전문가,남성,3,20대,경기도,대졸
738,e8249a4e25144fb18b2ef2a188b73611,남자,22,부산,4년제 대학교,무직,남성,3,20대,부산광역시,대졸
739,38f5501a379146429da09acd0cca24d9,남자,28,강원,고등학교,그 외 전기·전자기기 설치 및 수리원,남성,3,20대,강원특별자치도,고졸
740,4d817030e51a4f77b160da12856573c0,남자,29,부산,4년제 대학교,무직,남성,3,20대,부산광역시,대졸
741,eb91127b800443f39ade74858ae6a3ea,남자,21,인천,고등학교,중형 화물차 운전원,남성,3,20대,인천광역시,고졸
742,872bb72b71244ad9b4536b455fb5c9eb,남자,24,서울,4년제 대학교,무직,남성,3,20대,서울특별시,대졸
743,10711fbc9c4e48efb641eea2b38a5bf1,남자,20,충청남,고등학교,일식 조리사,남성,3,20대,충청남,고졸
744,76d1890b6f9a4f1bbe96e8b0628dda5c,남자,27,경기,고등학교,연삭기 및 연마기 조작원,남성,3,20대,경기도,고졸
745,b4fe8ac3f87b4bc7af07def0b33f41b0,남자,25,경기,대학원,산업 안전원,남성,3,20대,경기도,대학원졸
746,68dbaaa6321149aaa3baee4a9ab759f9,남자,27,대구,4년제 대학교,기업 고위 임원,남성,3,20대,대구광역시,대졸
747,e461947d8157438484354a77ca65004e,남자,20,인천,고등학교,무직,남성,3,20대,인천광역시,고졸
748,8fb7bd8a057546b0855f5b68c4f06c1c,남자,26,울산,4년제 대학교,무직,남성,3,20대,울산광역시,대졸
749,7d9190c02a2a405dbdad4ebd6c1f8ded,남자,27,경상남,4년제 대학교,일반 비서,남성,3,20대,경상남도,대졸
750,b6e6921cba2f4338bfe435e980f69177,남자,27,울산,4년제 대학교,공공행정 전문가,남성,3,20대,울산광역시,대졸
751,4edb49d91b754075a0c7ad3502e15c7c,남자,28,전라남,4년제 대학교,회계 사무원,남성,3,20대,전라남,대졸
752,ce78790f2adc4f1a88dae7e17f4f7df7,남자,25,경기,2~3년제 전문대학,무직,남성,3,20대,경기도,전문대졸
753,8e2e129626ef4cc4a7fa42b401dc4667,남자,23,경기,대학원,품질 관리 사무원,남성,3,20대,경기도,대학원졸
754,3b05241843b7442f93de59547787b5c2,남자,21,부산,고등학교,무직,남성,3,20대,부산광역시,고졸
755,3fc8d4a9668a425eb9ff0fffba6d3773,남자,29,인천,고등학교,시설 경비원,남성,3,20대,인천광역시,고졸
756,640f4e97ce9545559a78ac48c7fee10f,남자,22,강원,4년제 대학교,그 외 기능 관련 종사원,남성,3,20대,강원특별자치도,대졸
757,135cd56cb26e4cc78d628546487f8ed7,남자,28,부산,4년제 대학교,"전직 그 외 공업기계 설치 및 정비원, 현재 구직중",남성,3,20대,부산광역시,대졸
758,e38144fa4531424687cb8120deeacca7,남자,21,경기,고등학교,건물 경비원,남성,3,20대,경기도,고졸
759,7c4f0ba153544ba78f3097f25bc31ad3,남자,28,부산,4년제 대학교,인류학 연구원,남성,3,20대,부산광역시,대졸
760,853321c99788469d955d4ec7cae1e62c,남자,26,대구,2~3년제 전문대학,영업 관리 사무원,남성,3,20대,대구광역시,전문대졸
761,6e500beaec8f4a0a98e897a93cc56b50,남자,20,경기,고등학교,바텐더,남성,3,20대,경기도,고졸
762,26ea973742a44c438ca7a350d311ca1e,남자,29,경기,2~3년제 전문대학,하역 및 적재 관련 단순 종사원,남성,3,20대,경기도,전문대졸
763,1a185e985b2943b187e27f224fde6d85,남자,29,강원,4년제 대학교,전자제품 개발 기술자 및 연구원,남성,3,20대,강원특별자치도,대졸
764,7d5c827388ce479b947914d5d65247fb,남자,22,부산,4년제 대학교,무직,남성,3,20대,부산광역시,대졸
765,3ab7f1d81f224238881a404dba9af8fe,남자,25,광주,4년제 대학교,무직,남성,3,20대,광주광역시,대졸
766,a83407a9f8734248ac207f38bcc4650e,남자,22,광주,2~3년제 전문대학,무직,남성,3,20대,광주광역시,전문대졸
767,0f19fcd15d8349139ecdf8cc52a11bb8,남자,29,경기,4년제 대학교,"전직 컴퓨터 하드웨어 기술자 및 연구원, 현재 구직중",남성,3,20대,경기도,대졸
768,767d1d0dfde14115adb9d55a5aae0e83,남자,26,충청남,4년제 대학교,도로운송 사무원,남성,3,20대,충청남,대졸
769,44c8daa49001435db4a3ce01b348e4d0,남자,22,경기,고등학교,대형 화물차 운전원,남성,3,20대,경기도,고졸
770,a7c2e553920b480bab8b2290358d7914,남자,27,서울,4년제 대학교,외국어 교사,남성,3,20대,서울특별시,대졸
771,4b6d0257497a44c98202effa494c5ebf,남자,22,경기,4년제 대학교,무직,남성,3,20대,경기도,대졸
772,67bc9503544a4ce68475b555d7acb76a,남자,26,경기,2~3년제 전문대학,복지시설 생활 지도원,남성,3,20대,경기도,전문대졸
773,6acd2718542144469b36abf07bd4deee,남자,24,경기,2~3년제 전문대학,경리 사무원,남성,3,20대,경기도,전문대졸
774,dfbb556230e74b0a9a9bad8213528300,남자,22,경기,4년제 대학교,무직,남성,3,20대,경기도,대졸
775,152a67ce45f44c66aae6de038a4714af,남자,28,경상남,2~3년제 전문대학,경리 사무원,남성,3,20대,경상남도,전문대졸
776,6962d3fe015f4b1a843a057855c47fd7,남자,24,부산,4년제 대학교,무직,남성,3,20대,부산광역시,대졸
777,fab53383aeb14105ae8a3c0cfe12369b,남자,23,대전,2~3년제 전문대학,"전직 직업상담사, 현재 구직중",남성,3,20대,대전광역시,전문대졸
778,f3e97bad3da24c3586533f74cf95bbd1,남자,24,서울,4년제 대학교,산업 안전원,남성,3,20대,서울특별시,대졸
779,f80c92ffc08d4e69ab2838d37330822b,남자,22,경상북,4년제 대학교,무직,남성,3,20대,경상북도,대졸
780,c4687af5a98a48bfb826ade20455c2e3,남자,26,충청북,고등학교,금속 세척기 조작원,남성,3,20대,충청북,고졸
781,c69bd45c01974f6daa78f931a1d98343,남자,20,경기,2~3년제 전문대학,조경 관련 관리자,남성,3,20대,경기도,전문대졸
782,c3a4789420b0452b94c3420388d98edc,남자,26,충청남,4년제 대학교,자재 관리 사무원,남성,3,20대,충청남,대졸
783,1cede21574b5469baf824bdf8841482f,남자,25,경기,고등학교,택배원,남성,3,20대,경기도,고졸
784,94ee426628a34e03872ee65010774774,남자,24,경기,2~3년제 전문대학,그 외 전기·전자기기 설치 및 수리원,남성,3,20대,경기도,전문대졸
785,efceaef54e944262ba2406d24d48f001,남자,21,전북,2~3년제 전문대학,무직,남성,3,20대,전북특별자치도,전문대졸
786,089d026eb77541ac94854308a4651610,남자,27,경기,고등학교,무직,남성,3,20대,경기도,고졸
787,7e7de3b489f24de8aa8491aa656b3075,남자,21,서울,2~3년제 전문대학,무직,남성,3,20대,서울특별시,전문대졸
788,2bc56d8622b943a7a40e35a099ba8ad5,남자,26,경기,4년제 대학교,"전직 약사, 현재 구직중",남성,3,20대,경기도,대졸
789,ee4439a180bc4b0cae261e699a05078b,남자,26,서울,2~3년제 전문대학,기계 경비원,남성,3,20대,서울특별시,전문대졸
790,2bcba0646067467e9aa746236a65e407,남자,20,부산,2~3년제 전문대학,무직,남성,3,20대,부산광역시,전문대졸
791,f549319356ef41d4aa90ab46907ebe11,남자,27,경기,4년제 대학교,머시닝센터 조작원,남성,3,20대,경기도,대졸
792,3cf6198d01d74d12a94ac4ac63f07f48,남자,29,대전,고등학교,그 외 택배원,남성,3,20대,대전광역시,고졸
793,b8fdfb19ba944ca5905c415185b2c0ab,남자,28,인천,4년제 대학교,무직,남성,3,20대,인천광역시,대졸
794,4b54f5ce893b454aac14960dac7f9dca,남자,26,광주,고등학교,건물 내 전기 설치 및 정비원,남성,3,20대,광주광역시,고졸
795,550eddaaa4d44e51bcba92315ee54cbb,남자,24,인천,2~3년제 전문대학,무직,남성,3,20대,인천광역시,전문대졸
796,18c173902a5a4488ab2308dbfc2910e3,남자,26,경기,2~3년제 전문대학,석제품 가공기 조작원,남성,3,20대,경기도,전문대졸
797,8e4ca669013d4d42bc594e0d77f02158,남자,29,경기,4년제 대학교,일식 조리사,남성,3,20대,경기도,대졸
798,88efd619a27244a7941696fde01b5c4f,남자,21,경상북,2~3년제 전문대학,철도교통 관제사,남성,3,20대,경상북도,전문대졸
799,955f1f2fff634c3cb1440b0701841b1a,남자,25,충청남,4년제 대학교,교육 및 훈련 사무원,남성,3,20대,충청남,대졸
800,584a845056f8458abc9b0f94dee618fb,남자,26,서울,4년제 대학교,무직,남성,3,20대,서울특별시,대졸
801,42780c9549d240028ad9606baa492cca,남자,20,부산,2~3년제 전문대학,컴퓨터 운영 관리자,남성,3,20대,부산광역시,전문대졸
802,d04ca44cdcec4013850005dbacc401af,남자,28,강원,4년제 대학교,관세행정 사무원,남성,3,20대,강원특별자치도,대졸
803,030c3b9c1c3c446481d0c0046f77d92a,남자,27,경기,2~3년제 전문대학,통신장비 기사,남성,3,20대,경기도,전문대졸
804,fb79dfdab3b74f0a99735dfdeda7d4bf,남자,21,경기,고등학교,음식 서비스 종사원,남성,3,20대,경기도,고졸
805,5227cd6bc0574e959479dd11ebd73fa1,남자,27,서울,4년제 대학교,무직,남성,3,20대,서울특별시,대졸
806,2af84a3b099246e597ca19010af2b0a6,남자,20,강원,2~3년제 전문대학,무직,남성,3,20대,강원특별자치도,전문대졸
807,1063b68065cc45d5ad5c8bb9599cc725,남자,28,전북,고등학교,무직,남성,3,20대,전북특별자치도,고졸
808,9060a9ee6dc1421fbeca2663f317c7af,남자,22,전북,4년제 대학교,그 외 일반 영업원,남성,3,20대,전북특별자치도,대졸
809,51d8890f88ee4823893fcb4ed43eb500,남자,27,서울,4년제 대학교,그 외 기획 및 마케팅 사무원,남성,3,20대,서울특별시,대졸
810,a0971d1a914a4f26acd334d28b0a1223,남자,27,경기,고등학교,법무 사무원,남성,3,20대,경기도,고졸
811,c1a8854f3133413ca895929a3dd8edc1,남자,21,강원,2~3년제 전문대학,무직,남성,3,20대,강원특별자치도,전문대졸
812,6371ae8f6fff41a0ae36339a72d132aa,남자,24,경기,4년제 대학교,모바일 애플리케이션 프로그래머,남성,3,20대,경기도,대졸
813,4b0388508dc04df3999ce90c9be9f3b1,남자,26,인천,고등학교,차량 도장기 조작원,남성,3,20대,인천광역시,고졸
814,5d6a9d44fa4a4d18affa14d13134a478,남자,26,서울,4년제 대학교,게임 프로그래머,남성,3,20대,서울특별시,대졸
815,b55e2b848537432fa23e176d08a674be,남자,23,경상북,4년제 대학교,농약 및 비료 시험원,남성,3,20대,경상북도,대졸
816,3bfc74f6b57048a09a4d45499db356fd,남자,28,울산,4년제 대학교,"전직 데이터 설계 및 프로그래머, 현재 구직중",남성,3,20대,울산광역시,대졸
817,b0d5a38f56994af99d2c5ccdc57d57b2,남자,27,서울,4년제 대학교,무직,남성,3,20대,서울특별시,대졸
818,edbe3c98f9bd4614a2db689b22f7fbaa,남자,23,서울,4년제 대학교,그 외 기획 및 마케팅 사무원,남성,3,20대,서울특별시,대졸
819,c4cdc9bb43124fc387e374718a7e6f1d,남자,27,광주,고등학교,철로 보수원,남성,3,20대,광주광역시,고졸
820,f084824dc8ba45ea9bc26b8da7349e04,남자,22,서울,고등학교,목형원,남성,3,20대,서울특별시,고졸
821,a9ca890fa3c24103a4176bd384ffa362,남자,21,전북,2~3년제 전문대학,무직,남성,3,20대,전북특별자치도,전문대졸
822,55c145bca43f4c829f66ef02e1e8deee,남자,25,강원,2~3년제 전문대학,관세행정 사무원,남성,3,20대,강원특별자치도,전문대졸
823,1ea80fcb5e2c419e8e219e073bcda66b,남자,26,경상남,4년제 대학교,무직,남성,3,20대,경상남도,대졸
824,6faeb99236834b98bed0c57da0b56c51,남자,24,서울,4년제 대학교,법무 사무원,남성,3,20대,서울특별시,대졸
825,f8f2662369554991b62b7dac16a10521,남자,22,부산,4년제 대학교,품질 관리 사무원,남성,3,20대,부산광역시,대졸
826,9265c81f3fab487b8df256b04023b5d3,남자,23,전북,2~3년제 전문대학,철도운송 관련 종사원,남성,3,20대,전북특별자치도,전문대졸
827,fd2f94886bc74b9f9de1463125c528c8,남자,20,광주,2~3년제 전문대학,무직,남성,3,20대,광주광역시,전문대졸
828,778609a8e69a4194b164f80fd6abd7df,남자,24,인천,4년제 대학교,과학 교사,남성,3,20대,인천광역시,대졸
829,0487828075714347a6fb33642f90e342,남자,23,대구,4년제 대학교,무직,남성,3,20대,대구광역시,대졸
830,a3cf6420e4be4af79c83f7dacf1a69c0,남자,28,전북,2~3년제 전문대학,무직,남성,3,20대,전북특별자치도,전문대졸
831,2b1a736c57c84751bd223f4446a86bad,남자,21,인천,2~3년제 전문대학,영업 관리 사무원,남성,3,20대,인천광역시,전문대졸
832,0d4ab31bf2644c6580545ab925e602bf,남자,26,경기,2~3년제 전문대학,무직,남성,3,20대,경기도,전문대졸
833,c3e91ad0759a4ac79c5afce197665d6a,남자,25,울산,2~3년제 전문대학,단말기 및 통신 서비스 판매원,남성,3,20대,울산광역시,전문대졸
834,648df136b37940fe869ec1a542887e92,남자,20,경상북,2~3년제 전문대학,무직,남성,3,20대,경상북도,전문대졸
835,b65bb0ea20f1483c91b42ecaf07d2324,남자,27,대전,4년제 대학교,무직,남성,3,20대,대전광역시,대졸
836,4cf9e0e8bf5f4d028dfe174dfd34ae38,남자,20,서울,2~3년제 전문대학,출납 창구 사무원,남성,3,20대,서울특별시,전문대졸
837,254509f6dbb94a31aa738d055866ff50,남자,29,울산,4년제 대학교,생산관리 사무원,남성,3,20대,울산광역시,대졸
838,6fb386cbeb654a01bf7d7ea300d23d95,남자,23,경상남,2~3년제 전문대학,연선기 조작원,남성,3,20대,경상남도,전문대졸
839,a5440ad8e12441c9bd33b3871d7c2495,남자,29,서울,4년제 대학교,"전직 고무·플라스틱 기술자 및 연구원, 현재 구직중",남성,3,20대,서울특별시,대졸
840,b7c6e77fe82a424abb0e71c923e937dc,남자,27,경기,4년제 대학교,사무 보조원,남성,3,20대,경기도,대졸
841,6b7849d778d94c169bce03b2e13cc6bb,남자,25,부산,고등학교,건물 경비원,남성,3,20대,부산광역시,고졸
842,98a383446ffe48d1b6c01edd8983b7dd,남자,27,전북,고등학교,"전직 전기 용접원, 현재 구직중",남성,3,20대,전북특별자치도,고졸
843,d1f04dffb1984bc1bcaf26abf2d531bd,남자,29,서울,4년제 대학교,"전직 건물 내 전기 설치 및 정비원, 현재 구직중",남성,3,20대,서울특별시,대졸
844,ceed88497dba4fafb3de64bd8be4dbdf,남자,21,경기,2~3년제 전문대학,무직,남성,3,20대,경기도,전문대졸
845,076db423b4004ef3adeccc6326d0a9bc,남자,22,서울,4년제 대학교,무직,남성,3,20대,서울특별시,대졸
846,e3319336bec04dc0bdb32b42e18be401,남자,23,경기,고등학교,무직,남성,3,20대,경기도,고졸
847,61a38d5d77a34959aa6240fca01ac647,남자,27,서울,대학원,식품 영업원,남성,3,20대,서울특별시,대학원졸
848,55f3b521a55a4ab98b4bfb08aeec5b71,남자,23,인천,2~3년제 전문대학,산업 안전원,남성,3,20대,인천광역시,전문대졸
849,5415f6e03d1a451b92bfacb7aae4f2c9,남자,28,경상남,고등학교,무직,남성,3,20대,경상남도,고졸
850,e10ff26f937343e2ac30bd94e4141f98,남자,29,울산,4년제 대학교,무직,남성,3,20대,울산광역시,대졸
851,fb9392d8e7f14eb08919255f58646552,남자,29,인천,2~3년제 전문대학,광학기구 수리원,남성,3,20대,인천광역시,전문대졸
852,9f4e52c759ed4cfcafdd07e64e61c8a9,남자,22,경기,4년제 대학교,무직,남성,3,20대,경기도,대졸
853,b5677e2bc8294651849b918bbf7ed57f,남자,26,경기,4년제 대학교,한식 조리사,남성,3,20대,경기도,대졸
854,16c57c6c756644409519275424b27e09,남자,29,경기,4년제 대학교,무직,남성,3,20대,경기도,대졸
855,615c7a166d5c4680ba082389fc537688,남자,28,경상북,고등학교,무직,남성,3,20대,경상북도,고졸
856,d7ad43ca999142f8a507ff12cb4a1a1a,남자,29,경기,고등학교,고무제품 생산기 조작원,남성,3,20대,경기도,고졸
857,3426bbfbcefd44a2bd71e3492afcb9ec,남자,28,광주,4년제 대학교,총무 사무원,남성,3,20대,광주광역시,대졸
858,ba70113f2e4b44cd82b0e5698ba08285,남자,29,서울,고등학교,전기기기 설치 및 정비원,남성,3,20대,서울특별시,고졸
859,3fe03a3513f144a99783c113d39a619f,남자,21,광주,2~3년제 전문대학,청각장애인 특수교육 교사,남성,3,20대,광주광역시,전문대졸
860,3dc56684b390464eb7b355804c3f36c6,남자,24,전라남,4년제 대학교,식품공학 시험원,남성,3,20대,전라남,대졸
861,b4fb4642ec414c75a816e6885e4a9c26,남자,28,대구,4년제 대학교,평론가,남성,3,20대,대구광역시,대졸
862,bed44481256c4117b9863e2645fab42a,남자,29,광주,4년제 대학교,그 외 기획 및 마케팅 사무원,남성,3,20대,광주광역시,대졸
863,3fe6583be8a847b2bd6dd3c3882aaae3,남자,29,인천,4년제 대학교,일반 비서,남성,3,20대,인천광역시,대졸
864,dd8ef9c854c2477d9c2db2bb62178b20,남자,26,경기,4년제 대학교,"전직 생산관리 사무원, 현재 구직중",남성,3,20대,경기도,대졸
865,d7385aebf61e42bf869ecc1f6156cab1,남자,23,경상남,4년제 대학교,치과기공사,남성,3,20대,경상남도,대졸
866,ee9d806a0d6b439b8ee12bddad312092,남자,20,대구,2~3년제 전문대학,그 외 제도사,남성,3,20대,대구광역시,전문대졸
867,522121335ffb4688984946be0561fc1a,남자,25,경기,4년제 대학교,"전직 데이터 분석가, 현재 구직중",남성,3,20대,경기도,대졸
868,d8d75c2232e64bc5b962e04e18966973,남자,27,경기,4년제 대학교,산업 안전원,남성,3,20대,경기도,대졸
869,49151bb160f843419b6e7b0d6642a138,남자,22,부산,4년제 대학교,철도운송 관련 종사원,남성,3,20대,부산광역시,대졸
870,516efdb6a55b489abd7497f50e0de3b4,남자,23,경기,2~3년제 전문대학,지게차 운전원,남성,3,20대,경기도,전문대졸
871,03cb14de31e74dc8a26a33fe88116858,남자,25,서울,고등학교,건물 경비원,남성,3,20대,서울특별시,고졸
872,1d5fae1b79a64190a135920385c5bc02,남자,24,경기,2~3년제 전문대학,무직,남성,3,20대,경기도,전문대졸
873,c1b0f57f1b924bb7a43064a4beb6bb65,남자,20,전북,2~3년제 전문대학,경영 기획 사무원,남성,3,20대,전북특별자치도,전문대졸
874,cebe6a0fb28e46a4944685d125abec52,남자,29,세종,4년제 대학교,품질 관리 사무원,남성,3,20대,세종특별자치시,대졸
875,f952333d5875470191445684bf9f0c42,남자,26,경기,고등학교,자동차 엔진 조립원,남성,3,20대,경기도,고졸
876,f921c16bad4a46efba225bda50bca67c,남자,22,부산,2~3년제 전문대학,무직,남성,3,20대,부산광역시,전문대졸
877,39318eaf825447ffbd1f6a3291efb63a,남자,26,전라남,4년제 대학교,항공운송 사무원,남성,3,20대,전라남,대졸
878,b9b5d008664b487e9972cf4999a4f0e9,남자,26,서울,고등학교,무직,남성,3,20대,서울특별시,고졸
879,f9403147bda840aba96ebb3d2ae3f02e,남자,27,서울,대학원,기업 고위 임원,남성,3,20대,서울특별시,대학원졸
880,97de9eec5ecb4d77b4399d78c22f296a,남자,26,전북,고등학교,무직,남성,3,20대,전북특별자치도,고졸
881,14f98774288b40e38d7217255cd56115,남자,22,서울,4년제 대학교,무직,남성,3,20대,서울특별시,대졸
882,5cf803f79c9f490a905212ee8a532cf5,남자,26,경기,고등학교,시설 경비원,남성,3,20대,경기도,고졸
883,2f5063b8e7c1420983e692c8d427ead3,남자,26,경상남,4년제 대학교,교육 및 훈련 사무원,남성,3,20대,경상남도,대졸
884,159a6a73c0e447a6a2948f8f6bef5d16,남자,26,경기,2~3년제 전문대학,무직,남성,3,20대,경기도,전문대졸
885,53bf707b4a8e4f12bd38321922a85643,남자,21,경기,2~3년제 전문대학,화학제품 생산 관리자,남성,3,20대,경기도,전문대졸
886,808cc44431114d23a91c0d6223b78266,남자,28,경기,4년제 대학교,마케팅 전문가,남성,3,20대,경기도,대졸
887,5094364bc0a544718e93028ac4f3bfc9,남자,23,경기,2~3년제 전문대학,이삿짐 운반원,남성,3,20대,경기도,전문대졸
888,6da7e75431804876bf05dedeafd112ae,남자,28,서울,4년제 대학교,게임 프로그래머,남성,3,20대,서울특별시,대졸
889,f0f0e8c0a5e74a36b4d651733b9797fd,남자,25,부산,2~3년제 전문대학,그 외 기계장비 설치 및 정비원,남성,3,20대,부산광역시,전문대졸
890,7caf2ba3e4b64b9da77ac1f8b9c9a490,남자,20,경기,중학교,그 외 제조 관련 단순 종사원,남성,3,20대,경기도,중졸
891,3958e53633d64b2c917061ffaef4430a,남자,29,부산,2~3년제 전문대학,철도운송 관련 종사원,남성,3,20대,부산광역시,전문대졸
892,48f7aa4f87b940a0b0a98a705fb2d412,남자,25,인천,2~3년제 전문대학,산업 특화 소프트웨어 프로그래머,남성,3,20대,인천광역시,전문대졸
893,37808cd232ec43eba4c17776bf8a4645,남자,27,경상북,4년제 대학교,금형원,남성,3,20대,경상북도,대졸
894,dd32c28550f7450098a91cf5aa333336,남자,24,서울,4년제 대학교,그 외 조리사,남성,3,20대,서울특별시,대졸
895,d2704d1348b54b7682bc91ee0559680c,남자,26,경기,4년제 대학교,"전직 고무·플라스틱 기술자 및 연구원, 현재 구직중",남성,3,20대,경기도,대졸
896,67fb4987542c428c8fb69a95b1e38384,남자,25,경상북,4년제 대학교,무직,남성,3,20대,경상북도,대졸
897,339ec060a40f488998cc6262d7fbd215,남자,21,전라남,고등학교,건물 경비원,남성,3,20대,전라남,고졸
898,4e63f99551b74fa0a4fe88dabe78f60d,남자,21,경기,2~3년제 전문대학,가스·에너지 기술자 및 연구원,남성,3,20대,경기도,전문대졸
899,cd467590d8bb433f85c0a76c44e3ecac,남자,27,경상남,2~3년제 전문대학,무직,남성,3,20대,경상남도,전문대졸
900,758b42f8f6a441128329edd00b896e50,남자,25,광주,4년제 대학교,국가행정 사무원,남성,3,20대,광주광역시,대졸
901,aff4aefa0e464796b08b285391dd81c7,남자,21,부산,2~3년제 전문대학,무직,남성,3,20대,부산광역시,전문대졸
902,b777b2cce4b846ebada8fb49adfe9ae4,남자,22,대구,2~3년제 전문대학,무직,남성,3,20대,대구광역시,전문대졸
903,f9d2a95efd2b48f6b6c2a24303a9ca0c,남자,26,경기,4년제 대학교,경리 사무원,남성,3,20대,경기도,대졸
904,e08eded855604825aeb2d3eaf8a9bec1,남자,27,경기,4년제 대학교,"전직 사무 보조원, 현재 구직중",남성,3,20대,경기도,대졸
905,f69f49c97e324694883f636d846d95a4,남자,29,서울,4년제 대학교,일반 비서,남성,3,20대,서울특별시,대졸
906,eba14198f05b46758150f8f7dc540647,남자,22,대구,2~3년제 전문대학,무직,남성,3,20대,대구광역시,전문대졸
907,b33287166ecf4477b38754201a8c3b30,남자,23,대구,고등학교,승용차 및 승합차 운전원,남성,3,20대,대구광역시,고졸
908,7036b9ada9964da29d638a112e85dba3,남자,28,경기,2~3년제 전문대학,전자공학 시험원,남성,3,20대,경기도,전문대졸
909,11004f11108446f19978f105be27674e,남자,23,경기,4년제 대학교,영업 관련 관리자,남성,3,20대,경기도,대졸
910,8f595eea30ea4c399441324e9d109ee0,남자,21,울산,2~3년제 전문대학,네트워크 시스템 개발자,남성,3,20대,울산광역시,전문대졸
911,1c4b6dd36cea403180951cda80c57c6c,남자,29,서울,4년제 대학교,방송 송출 장비 기사,남성,3,20대,서울특별시,대졸
912,54ddb702139a45fe80503dd25a0c3af2,남자,27,충청남,4년제 대학교,경영 기획 사무원,남성,3,20대,충청남,대졸
913,e1928d17813645d08c106eae1796d9ee,남자,24,서울,고등학교,무직,남성,3,20대,서울특별시,고졸
914,00f122d88b054f34a5d061b6547f6d07,남자,26,서울,4년제 대학교,데이터 관리 및 운영자,남성,3,20대,서울특별시,대졸
915,32ff41cf5f81475d838ac83b3b62bb27,남자,27,경기,4년제 대학교,플랜트공학 기술자 및 연구원,남성,3,20대,경기도,대졸
916,e0aadb9efb0343a8ba1f4cb0c9af0eb4,남자,29,인천,4년제 대학교,무직,남성,3,20대,인천광역시,대졸
917,57aa0ab07609448fa95a7a3035b20b0d,남자,28,광주,2~3년제 전문대학,양식 조리사,남성,3,20대,광주광역시,전문대졸
918,f7d432c168314846992c321a8a05143b,남자,24,충청북,고등학교,육아 도우미,남성,3,20대,충청북,고졸
919,7103ff3a82604366b78af72f92e33a17,남자,21,대구,2~3년제 전문대학,"전직 그 외 전기·전자기기 설치 및 수리원, 현재 구직중",남성,3,20대,대구광역시,전문대졸
920,6ffb3848c6474b29aadd571d3e5004b0,남자,24,경기,고등학교,대형 화물차 운전원,남성,3,20대,경기도,고졸
921,94a8816a67ce401aab9b738efdae107d,남자,27,전라남,4년제 대학교,철도운송 관련 종사원,남성,3,20대,전라남,대졸
922,1779bac6c1c14468934541f5b5e33e4f,남자,28,경기,4년제 대학교,화학기계 설치 및 정비원,남성,3,20대,경기도,대졸
923,ba5a77008fe54949a5f514dfd72ce886,남자,22,대전,4년제 대학교,"전직 회계 사무원, 현재 구직중",남성,3,20대,대전광역시,대졸
924,077c02a711944213a3bcc478d297f4e6,남자,28,서울,고등학교,대형 화물차 운전원,남성,3,20대,서울특별시,고졸
925,4fa5e2b663164944817a2010a6535c87,남자,24,강원,고등학교,그 외 음식 서비스 종사원,남성,3,20대,강원특별자치도,고졸
926,ea3716c79fa84769864716c00b27eea2,남자,23,세종,4년제 대학교,그 외 음식 서비스 종사원,남성,3,20대,세종특별자치시,대졸
927,46ebb85718484ca8957cb3053e08ef5e,남자,26,대전,4년제 대학교,산업 안전원,남성,3,20대,대전광역시,대졸
928,8a38e80bcae24449a2be4a4034af3076,남자,28,경기,4년제 대학교,농업용 기계장비 기술 영업원,남성,3,20대,경기도,대졸
929,6189dac02527479f8539bb48b8be2ccd,남자,20,서울,고등학교,가구 도장기 조작원,남성,3,20대,서울특별시,고졸
930,9275fc37eaf14488b451da70838ac8b4,남자,29,경기,4년제 대학교,무직,남성,3,20대,경기도,대졸
931,086466aa529c419686bb23ea801ca119,남자,22,강원,4년제 대학교,사무 보조원,남성,3,20대,강원특별자치도,대졸
932,8431686174c74f1ea836af8a2ab62c5e,남자,24,경기,고등학교,무직,남성,3,20대,경기도,고졸
933,1ab48415b6444091be5bd3a124119a1f,남자,23,경상북,4년제 대학교,무직,남성,3,20대,경상북도,대졸
934,41650b5fe64e4232b42f6d28c9d48af1,남자,22,전라남,4년제 대학교,전화 상담원,남성,3,20대,전라남,대졸
935,601f63629aa54894909a019ce60fe03a,남자,20,경상남,2~3년제 전문대학,자동 재단기 조작원,남성,3,20대,경상남도,전문대졸
936,29638aa17be147e2961b2731fd32dfac,남자,26,충청남,4년제 대학교,구급 요원,남성,3,20대,충청남,대졸
937,95ddf2db8f4946f2ab7582e828960ebe,남자,23,강원,고등학교,무직,남성,3,20대,강원특별자치도,고졸
938,9ad0b34b68684b86b18d27836bedd89c,남자,26,인천,2~3년제 전문대학,그 외 기획 및 마케팅 사무원,남성,3,20대,인천광역시,전문대졸
939,eb2f14127b34414bbda8bfd463fea50d,남자,27,제주,2~3년제 전문대학,시설 경비원,남성,3,20대,제주특별자치도,전문대졸
940,bdf074403cc9445c82050fe5fdf4cfce,남자,20,경상남,2~3년제 전문대학,무직,남성,3,20대,경상남도,전문대졸
941,f12114a7ca5f4a73b57a1cc92fdf0194,남자,25,서울,4년제 대학교,무직,남성,3,20대,서울특별시,대졸
942,1ad1891448624e56860a43330bba2416,남자,21,경기,2~3년제 전문대학,사무 보조원,남성,3,20대,경기도,전문대졸
943,09f56b620cec44f39233b714f31d4a05,남자,27,충청북,2~3년제 전문대학,전기 용접원,남성,3,20대,충청북,전문대졸
944,b74affae5f0c463d80e23245059eb6e2,남자,26,울산,4년제 대학교,그 외 법률 관련 사무원,남성,3,20대,울산광역시,대졸
945,1031936e53464a5c8274c9636509ab82,남자,25,서울,2~3년제 전문대학,전화 상담원,남성,3,20대,서울특별시,전문대졸
946,9699c60540d2465da817f51e236aaa41,남자,25,부산,고등학교,전기 용접원,남성,3,20대,부산광역시,고졸
947,6004a5c3a6c14dbfbeb19ca5a8860e64,남자,25,경기,2~3년제 전문대학,무직,남성,3,20대,경기도,전문대졸
948,d065107b14fd4d00b964e8aab3573a04,남자,24,경상남,고등학교,냉난방기 관련 설비 조작원,남성,3,20대,경상남도,고졸
949,f07b2a25a4e64767872536d472bb5c99,남자,28,서울,고등학교,지게차 운전원,남성,3,20대,서울특별시,고졸
950,349e997b0faf4119a1cb3b7ac03735e4,남자,22,경기,2~3년제 전문대학,무직,남성,3,20대,경기도,전문대졸
951,0bc78c046c294c09b6c0f90a4574380b,남자,23,경상북,4년제 대학교,경리 사무원,남성,3,20대,경상북도,대졸
952,470833b94a834fd9b09cd37795ddd413,남자,21,서울,2~3년제 전문대학,전화 상담원,남성,3,20대,서울특별시,전문대졸
953,0a144f34a6044362858acf091bac1ab3,남자,27,경기,4년제 대학교,그 외 전기공학 기술자 및 연구원,남성,3,20대,경기도,대졸
954,205bb81524464a3c961713c04254d873,남자,25,경상북,4년제 대학교,일반 비서,남성,3,20대,경상북도,대졸
955,c088949ce4bd4896a8b39c6a17e8d1d9,남자,23,경기,4년제 대학교,그 외 산업 안전 및 위험 관리원,남성,3,20대,경기도,대졸
956,392e20b989ad48569a8ba677e6b0a10a,남자,29,울산,2~3년제 전문대학,"전직 품질 관리 사무원, 현재 구직중",남성,3,20대,울산광역시,전문대졸
957,ab2cb2c2cdc74a699f0d6a9118dd3ebf,남자,26,광주,4년제 대학교,"전직 경영 기획 사무원, 현재 구직중",남성,3,20대,광주광역시,대졸
958,b7774cdf0eab4a65a4951c4dbaea0a9e,남자,22,경기,4년제 대학교,"전직 일반 비서, 현재 구직중",남성,3,20대,경기도,대졸
959,60a0e097aaad43f48a683fad5a9bd7dd,남자,29,서울,4년제 대학교,정보 보안 전문가,남성,3,20대,서울특별시,대졸
960,59bc6937a94845ddb2d38e87e1fa5749,남자,27,인천,2~3년제 전문대학,영업 관리 사무원,남성,3,20대,인천광역시,전문대졸
961,7557a4b78dbd4353aaed6c804c42df32,남자,28,충청남,4년제 대학교,무직,남성,3,20대,충청남,대졸
962,a11c336fe4bf44fc804284a10bed91af,남자,27,경기,2~3년제 전문대학,무직,남성,3,20대,경기도,전문대졸
963,5cdef042113545318d1dc4d2ebd02cdb,남자,25,경기,4년제 대학교,그 외 기능 관련 종사원,남성,3,20대,경기도,대졸
964,a69bb75bfe4b4c71a341caf126e1cdb6,남자,26,인천,2~3년제 전문대학,건물 내 전기 설치 및 정비원,남성,3,20대,인천광역시,전문대졸
965,26531e16799943ba922cb1e00e48a67c,남자,27,경기,4년제 대학교,영업 관리 사무원,남성,3,20대,경기도,대졸
966,72a335849e3d499db35f1b1722359c90,남자,29,서울,4년제 대학교,무직,남성,3,20대,서울특별시,대졸
967,6a2346e4de114ac18aa52d4f815f99b3,남자,29,전라남,4년제 대학교,출판 및 자료편집 사무원,남성,3,20대,전라남,대졸
968,77b677954a134927a7ce2bdaecdcd53e,남자,20,경기,고등학교,무직,남성,3,20대,경기도,고졸
969,00c2eb0268dc4e55bd6a51fbcc9fdda0,남자,25,서울,4년제 대학교,무직,남성,3,20대,서울특별시,대졸
970,344007672b5b4f2489d79d4f2d54bc57,남자,24,전북,4년제 대학교,품질 관리 사무원,남성,3,20대,전북특별자치도,대졸
971,05b882e3ab924fcd87abed1e30799aa3,남자,26,인천,2~3년제 전문대학,그 외 일반 영업원,남성,3,20대,인천광역시,전문대졸
972,bddc3c26702c4ef2a58e509fcb8f561e,남자,23,서울,4년제 대학교,경영 기획 사무원,남성,3,20대,서울특별시,대졸
973,6eab8ab0a89b46c385eb32eb4c8c4089,남자,27,전북,4년제 대학교,온라인 쇼핑 판매원,남성,3,20대,전북특별자치도,대졸
974,3ee72ac23e8f4faf819b77b7ff81520c,남자,26,울산,4년제 대학교,무직,남성,3,20대,울산광역시,대졸
975,84f399cc2f454a7fb56a168e3edd3948,남자,28,경기,4년제 대학교,무직,남성,3,20대,경기도,대졸
976,3c7f18336222406d919d2ab06eae4c93,남자,26,부산,4년제 대학교,환경 영향 평가원,남성,3,20대,부산광역시,대졸
977,c482efe683bd43f793cf3a78957f053c,남자,26,서울,4년제 대학교,토목 관련 관리자,남성,3,20대,서울특별시,대졸
978,6213e8828d6b40418543a17283584e63,남자,29,서울,대학원,무직,남성,3,20대,서울특별시,대학원졸
979,6c9f1edb8f35406d8f4361685f6496ee,남자,22,광주,2~3년제 전문대학,"전직 가전제품 판매원, 현재 구직중",남성,3,20대,광주광역시,전문대졸
980,0208d49ec798445f99c48d502adf466e,남자,21,대구,2~3년제 전문대학,"전직 모바일 애플리케이션 프로그래머, 현재 구직중",남성,3,20대,대구광역시,전문대졸
981,ea2849c4c7524d63a38907b022fd8b78,남자,22,경기,고등학교,승용차 및 승합차 운전원,남성,3,20대,경기도,고졸
982,e1e8d4132ee549f2aa413bf1db8812c8,남자,38,경기,4년제 대학교,그 외 법률 관련 사무원,남성,4,30대,경기도,대졸
983,10a83b155c7845519d0b771f1ed21644,남자,30,경기,4년제 대학교,발전설비 기술자 및 연구원,남성,4,30대,경기도,대졸
984,a000e6329800473b83c8eff15f51136c,남자,37,충청남,2~3년제 전문대학,산업용로봇 조작원,남성,4,30대,충청남,전문대졸
985,535b259478244e3bbd3793a12fe3daf2,남자,35,충청북,고등학교,인쇄 관련 기능 종사원,남성,4,30대,충청북,고졸
986,79cdf5ba09b844f78fc2ca3a7f7030db,남자,34,전라남,4년제 대학교,화학물 여과기 및 분리기 조작원,남성,4,30대,전라남,대졸
987,55908120ae574103b961be39b172abc5,남자,36,충청북,고등학교,건물 경비원,남성,4,30대,충청북,고졸
988,a2a9052cda5e457a9cb4a0b892bf1ba0,남자,37,경기,무학,시설 경비원,남성,4,30대,경기도,무학
989,05c351efc5c94dfd95d93826aa83734b,남자,31,전라남,2~3년제 전문대학,단말기 및 통신 서비스 판매원,남성,4,30대,전라남,전문대졸
990,54c6c59582c64d47b6d0458f5f45ec35,남자,34,경기,4년제 대학교,경영 기획 사무원,남성,4,30대,경기도,대졸
991,133f5fb2aecc4c52bc58e76eca73be38,남자,39,충청남,4년제 대학교,무직,남성,4,30대,충청남,대졸
992,bc05e757a08746aa82c9592ffa61cdc3,남자,31,부산,고등학교,교육 및 훈련 사무원,남성,4,30대,부산광역시,고졸
993,5b6e03a3916742e79985c103b694d9f7,남자,32,충청남,4년제 대학교,산업기계공학 기술자 및 연구원,남성,4,30대,충청남,대졸
994,d7e7e5b9480c4170b563995a7fa100a6,남자,32,경기,4년제 대학교,무직,남성,4,30대,경기도,대졸
995,18dec1acbab2463fb8186bd0f983dadf,남자,36,서울,2~3년제 전문대학,회계 사무원,남성,4,30대,서울특별시,전문대졸
996,d0e71dc4ce234f57af0e9c412d6c17ed,남자,33,경상북,4년제 대학교,석유 및 천연가스 정제 장치 조작원,남성,4,30대,경상북도,대졸
997,eb3b812fb63247249ed75c2042e45225,남자,33,서울,고등학교,사무 보조원,남성,4,30대,서울특별시,고졸
998,6155da9aa7fb4da9b35aab17510d7ec1,남자,34,울산,4년제 대학교,경리 사무원,남성,4,30대,울산광역시,대졸
999,c63e5f1c8d3445f38d5cd35ef74fd1f4,남자,38,부산,대학원,기업 고위 임원,남성,4,30대,부산광역시,대학원졸
1000,8a7f8bbb6f6e43ae9b19b6630c227700,남자,36,경기,4년제 대학교,무직,남성,4,30대,경기도,대졸
1001,36630598c9e246b99cc29dd05f114d7e,남자,38,부산,4년제 대학교,전기 감리 기술자 및 연구원,남성,4,30대,부산광역시,대졸
1002,43c11a6c688c47d3b82e230adb09560b,남자,35,부산,2~3년제 전문대학,가구 수리원,남성,4,30대,부산광역시,전문대졸
1003,f882214381284b048584e44697c8fb9c,남자,35,전북,고등학교,경·소형 화물차 운전원,남성,4,30대,전북특별자치도,고졸
1004,58fd6bda3ab244f78f09ff39577c125c,남자,33,서울,고등학교,육군 부사관,남성,4,30대,서울특별시,고졸
1005,dda928f31b094c2f810bf8158fa3e5c8,남자,35,인천,4년제 대학교,위험 관리원,남성,4,30대,인천광역시,대졸
1006,8a46e2942e5e4d8bbed64dba851a9e28,남자,31,경기,고등학교,그 외 공업기계 설치 및 정비원,남성,4,30대,경기도,고졸
1007,eab291be10b34cdf80a36d46d918f004,남자,31,대전,4년제 대학교,식품 영업원,남성,4,30대,대전광역시,대졸
1008,c056e9a167944f5aa3007bba2653138f,남자,39,경상북,고등학교,하역 및 적재 관련 단순 종사원,남성,4,30대,경상북도,고졸
1009,21d3035c4f594ba38d91641c31e256d6,남자,31,부산,4년제 대학교,철도 기관사,남성,4,30대,부산광역시,대졸
1010,fdc3d9292e384dd4aa1ee5bceb556ef1,남자,30,전북,4년제 대학교,무직,남성,4,30대,전북특별자치도,대졸
1011,54547f98b3284eca87fc3034886b26b5,남자,32,서울,2~3년제 전문대학,농업 단순 종사원,남성,4,30대,서울특별시,전문대졸
1012,3bc497f2c31a4039b085e5ebceac96a5,남자,36,인천,4년제 대학교,무직,남성,4,30대,인천광역시,대졸
1013,3a7726f92b8a471484b3dce5fa7f1434,남자,33,부산,2~3년제 전문대학,무직,남성,4,30대,부산광역시,전문대졸
1014,650e63ffd7e440218071261796d1e92c,남자,31,부산,4년제 대학교,무직,남성,4,30대,부산광역시,대졸
1015,969a9cd56de546faae41b1f1cc6823c6,남자,38,전라남,4년제 대학교,철도교통 관제사,남성,4,30대,전라남,대졸
1016,bad06192b6fe407f82be7fee90847bef,남자,38,경기,고등학교,경리 사무원,남성,4,30대,경기도,고졸
1017,1eb352ad974f40f49120295c865e11fd,남자,38,경기,2~3년제 전문대학,양식 조리사,남성,4,30대,경기도,전문대졸
1018,ee72ebd3b80e4bd598b0fe9419bbaaaf,남자,37,충청남,4년제 대학교,무직,남성,4,30대,충청남,대졸
1019,cb12d97ad4ef4f9da021624b8e1ce42b,남자,35,부산,4년제 대학교,통신장비 기사,남성,4,30대,부산광역시,대졸
1020,753074c7d029485fa536a2d79856bd7a,남자,36,경기,4년제 대학교,소규모 상점 경영자,남성,4,30대,경기도,대졸
1021,d46a5d1f7b3d4795b790f3c98592b149,남자,30,경기,2~3년제 전문대학,출납 창구 사무원,남성,4,30대,경기도,전문대졸
1022,5313802abc504bc2992b5efb35b9a5a0,남자,31,경기,고등학교,하역 및 적재 관련 단순 종사원,남성,4,30대,경기도,고졸
1023,b6aaa1891d31440a90aa7794405ec504,남자,34,울산,고등학교,철도운송 관련 종사원,남성,4,30대,울산광역시,고졸
1024,06140b9f50814890b92082a26b6c5d47,남자,35,경기,2~3년제 전문대학,산업 안전원,남성,4,30대,경기도,전문대졸
1025,334992a6c7114d20b9ac9345c6e9b1a4,남자,39,서울,대학원,온라인 쇼핑 판매원,남성,4,30대,서울특별시,대학원졸
1026,1f5624d359aa46e68d919685fde702ac,남자,38,충청북,고등학교,전기 용접원,남성,4,30대,충청북,고졸
1027,640d9f8532b243968d72d5f1c81506b5,남자,36,경기,4년제 대학교,게임 프로그래머,남성,4,30대,경기도,대졸
1028,6eac451f2fbe4bedb0d28d73cba30d4e,남자,35,경기,2~3년제 전문대학,농약·비료 기술자 및 연구원,남성,4,30대,경기도,전문대졸
1029,5ee9d59f76a54ebd9cecf5d3165388fc,남자,39,광주,4년제 대학교,자재 관리 사무원,남성,4,30대,광주광역시,대졸
1030,cafc286bac7f4309b856b13ab8f9f5f1,남자,33,부산,4년제 대학교,무직,남성,4,30대,부산광역시,대졸
1031,df8a236b2367457ca3ed6ccab635574f,남자,39,경기,2~3년제 전문대학,금속절곡기 조작원,남성,4,30대,경기도,전문대졸
1032,12c10da6bfde4464897c1bbf8721d6ba,남자,34,전북,4년제 대학교,산업 안전원,남성,4,30대,전북특별자치도,대졸
1033,6eb10d768a4d4ca2982763ead71a85a5,남자,39,경기,4년제 대학교,식품 영업원,남성,4,30대,경기도,대졸
1034,a0dcc43fd1e8405895561c88c0508a70,남자,34,강원,4년제 대학교,무직,남성,4,30대,강원특별자치도,대졸
1035,2094ad7001e145a7b196444b24e0a400,남자,31,경기,4년제 대학교,특허 사무원,남성,4,30대,경기도,대졸
1036,009260a2fd11409b8cd85cb038ef5f50,남자,31,서울,고등학교,그 외 기능 관련 종사원,남성,4,30대,서울특별시,고졸
1037,9f08b08c8de04970be2a0a251ffd815f,남자,35,서울,대학원,경영 컨설턴트,남성,4,30대,서울특별시,대학원졸
1038,a83b7ca1153843d9ab4fd94253ee05c0,남자,32,서울,2~3년제 전문대학,그 외 교사,남성,4,30대,서울특별시,전문대졸
1039,d48aa076d72242f9980f6587f2e94026,남자,36,강원,4년제 대학교,산업 안전원,남성,4,30대,강원특별자치도,대졸
1040,fd516ba895494d94b8216d3bceeb2898,남자,32,서울,2~3년제 전문대학,그 외 상점 판매원,남성,4,30대,서울특별시,전문대졸
1041,16fe82db61774440b994368953d8657d,남자,32,경기,4년제 대학교,무직,남성,4,30대,경기도,대졸
1042,a25b2ec8024343fd8eb078cebdf0e368,남자,36,서울,4년제 대학교,무직,남성,4,30대,서울특별시,대졸
1043,91b320f3fde248c5a6bd69020b3992aa,남자,31,경기,대학원,산업 특화 소프트웨어 프로그래머,남성,4,30대,경기도,대학원졸
1044,6fd66663c76f4c9f85550e63724bd274,남자,38,서울,4년제 대학교,자재 관리 사무원,남성,4,30대,서울특별시,대졸
1045,91f07fb2298b4e4186ea1b3a32f2d185,남자,33,부산,2~3년제 전문대학,그 외 석유 및 천연가스 제조 관련 제어 장치 조작원,남성,4,30대,부산광역시,전문대졸
1046,43c11a6c688c47d3b82e230adb09560b,남자,35,부산,2~3년제 전문대학,가구 수리원,남성,4,30대,부산광역시,전문대졸
1047,1adfc76abb3f4650bb7c8ea3b4777449,남자,37,전북,4년제 대학교,출판물 편집자,남성,4,30대,전북특별자치도,대졸
1048,0da7e5a0d1174809b33a34e14716055e,남자,39,경기,4년제 대학교,통신장비 기사,남성,4,30대,경기도,대졸
1049,d4807ba99b714eeabfae9f1a10e7da61,남자,37,경기,4년제 대학교,전기 감리 기술자 및 연구원,남성,4,30대,경기도,대졸
1050,10351ade2bae4c6685dd3e797ba70528,남자,33,경기,4년제 대학교,산업 안전원,남성,4,30대,경기도,대졸
1051,b0fd5df2c4c4429e9cf98c2bb373dd4d,남자,34,경상북,고등학교,지게차 운전원,남성,4,30대,경상북도,고졸
1052,59c33691a5304c3cb528d646bb6de249,남자,35,서울,대학원,그 외 화학공학 기술자 및 연구원,남성,4,30대,서울특별시,대학원졸
1053,c36c19b32fc04fe3a842fc404963e59e,남자,37,서울,4년제 대학교,"전직 기업 고위 임원, 현재 구직중",남성,4,30대,서울특별시,대졸
1054,19231cbed47b46dda0f4d9d58aba3c05,남자,35,서울,4년제 대학교,회계사,남성,4,30대,서울특별시,대졸
1055,60b62d8425604c1ab13b5aa4f7c6b74d,남자,31,인천,4년제 대학교,교육 및 훈련 사무원,남성,4,30대,인천광역시,대졸
1056,e7b782da03b04f86a75c43a5edc4a5dc,남자,38,서울,고등학교,무직,남성,4,30대,서울특별시,고졸
1057,9875ff9c8cae499da88405ca5e05507f,남자,31,서울,대학원,촬영기사,남성,4,30대,서울특별시,대학원졸
1058,d0e2f934b2f0446db3fb0c06a2dff443,남자,31,충청남,4년제 대학교,소방시설 공사 기술자 및 연구원,남성,4,30대,충청남,대졸
1059,5045da2c370e4a12b527ca3c5a465809,남자,30,경기,4년제 대학교,경영 컨설턴트,남성,4,30대,경기도,대졸
1060,9f23c05afffa4cc2acca38d7b22c0b56,남자,39,서울,4년제 대학교,자재 관리 사무원,남성,4,30대,서울특별시,대졸
1061,c904132dbd2c4025a273bba66b8d09f2,남자,36,경상북,4년제 대학교,품질 관리 사무원,남성,4,30대,경상북도,대졸
1062,101f7df703d945658844401fdbeff376,남자,32,충청남,2~3년제 전문대학,장례 지도사,남성,4,30대,충청남,전문대졸
1063,5dd6be8b3a7f49e1afadd8995f1259f7,남자,34,서울,2~3년제 전문대학,철도운송 사무원,남성,4,30대,서울특별시,전문대졸
1064,cd97a6e2ae5b467c8d4d7ae252f8732f,남자,39,부산,4년제 대학교,산업 안전원,남성,4,30대,부산광역시,대졸
1065,2a7db34ca53a49948527cc095f946166,남자,32,경기,4년제 대학교,육군 장교,남성,4,30대,경기도,대졸
1066,9fbe0e26d0e140d5a34e84fbfc60cf54,남자,33,경상남,고등학교,가스 배관공,남성,4,30대,경상남도,고졸
1067,f29d2cf95fd145518e39839e734afebe,남자,37,경기,2~3년제 전문대학,정보 보안 전문가,남성,4,30대,경기도,전문대졸
1068,5b0cd6064aea48fb83c7a8a4a7e5247e,남자,39,충청남,4년제 대학교,산업 안전원,남성,4,30대,충청남,대졸
1069,7c24af86106a4d02b982d4b217bd614e,남자,36,경기,4년제 대학교,영업 관리 사무원,남성,4,30대,경기도,대졸
1070,7d4852df58f34776882b17c4cfc02f52,남자,32,인천,4년제 대학교,금속공학 기술자 및 연구원,남성,4,30대,인천광역시,대졸
1071,f4f7f9c9160b4efba9f65be83d23a4b3,남자,31,경기,4년제 대학교,공군 부사관,남성,4,30대,경기도,대졸
1072,16650a7cf0004a5f97368120b0ad9319,남자,37,전북,고등학교,승용차 및 승합차 운전원,남성,4,30대,전북특별자치도,고졸
1073,8798c7adf3894840ab1cb2d7c51f8dc5,남자,39,광주,2~3년제 전문대학,통신장비 기사,남성,4,30대,광주광역시,전문대졸
1074,8ca583f84d2d44a39e027cd24b48477a,남자,30,경기,고등학교,회계 사무원,남성,4,30대,경기도,고졸
1075,56d67a38117f4fcea0074b2d0d4ade07,남자,30,서울,2~3년제 전문대학,그 외 표백 및 염색 관련 기계 조작원,남성,4,30대,서울특별시,전문대졸
1076,99b91b89245045279cd061ee7596a163,남자,31,부산,4년제 대학교,무직,남성,4,30대,부산광역시,대졸
1077,57b420c4fa9b470c8d20b824c073d134,남자,39,경상북,고등학교,그 외 하역 및 적재 단순 종사원,남성,4,30대,경상북도,고졸
1078,d4d0e15c76024e5da1d61fb91ceefee4,남자,32,경기,대학원,기업 고위 임원,남성,4,30대,경기도,대학원졸
1079,5feb2cdb3ca54bc194e607b5c7e0917f,남자,33,부산,대학원,"전직 그 외 경영 및 진단 전문가, 현재 구직중",남성,4,30대,부산광역시,대학원졸
1080,c1a28f6820914afd9aed0133de84b0d3,남자,30,서울,대학원,공공행정 전문가,남성,4,30대,서울특별시,대학원졸
1081,d4fa475c0f5a45e5a85c4a056ef5b49a,남자,37,대구,중학교,건물 경비원,남성,4,30대,대구광역시,중졸
1082,803eb7ec3616471da508624e475643de,남자,31,서울,4년제 대학교,그 외 제품 디자이너,남성,4,30대,서울특별시,대졸
1083,d2337290761d46d6ba7051b8fd8555be,남자,32,서울,4년제 대학교,정보 시스템 운영자,남성,4,30대,서울특별시,대졸
1084,301db048c2b14850b0ebc64b40f64161,남자,39,광주,4년제 대학교,산업용 기계장비 기술 영업원,남성,4,30대,광주광역시,대졸
1085,d042eed13a6147a596b6ef1082947b84,남자,38,서울,4년제 대학교,사회 교사,남성,4,30대,서울특별시,대졸
1086,e20fdd028a5b446bb8262b9f5dd66f48,남자,32,경상북,고등학교,그 외 화물차 및 특수차 운전원,남성,4,30대,경상북도,고졸
1087,244435d193f14ff1bd1078959d7e2b46,남자,33,서울,4년제 대학교,"전직 기업 고위 임원, 현재 구직중",남성,4,30대,서울특별시,대졸
1088,c09b6d315fa9491f812dc82f50b82855,남자,32,인천,4년제 대학교,건축감리 기술자,남성,4,30대,인천광역시,대졸
1089,e0d01bb1142c41fb85321c30885975b9,남자,35,대구,4년제 대학교,산업 안전원,남성,4,30대,대구광역시,대졸
1090,030a178c44ed4a99b00bf9acfbb00bab,남자,32,전라남,4년제 대학교,해병대 부사관,남성,4,30대,전라남,대졸
1091,f19cab88f9cb44949e700a357add8a72,남자,36,경기,2~3년제 전문대학,이동전화기 수리원,남성,4,30대,경기도,전문대졸
1092,fb489079bf8c414eb5d5f16b025647b5,남자,34,광주,2~3년제 전문대학,무직,남성,4,30대,광주광역시,전문대졸
1093,c7bd98e6caf3458090656dff52f922fd,남자,37,인천,4년제 대학교,산업용 기계장비 기술 영업원,남성,4,30대,인천광역시,대졸
1094,17121bbb83664aaa92716c89d134d5d6,남자,31,경기,2~3년제 전문대학,무직,남성,4,30대,경기도,전문대졸
1095,757cb72daaff4f03af8fdffc900bc838,남자,35,경기,4년제 대학교,경·소형 화물차 운전원,남성,4,30대,경기도,대졸
1096,9db259d65b0b412e80fe06909322cb1e,남자,30,경기,2~3년제 전문대학,자재 관리 사무원,남성,4,30대,경기도,전문대졸
1097,b19079a3d3304f4792171f3bec531ee9,남자,31,광주,4년제 대학교,일반 경찰관 및 수사관,남성,4,30대,광주광역시,대졸
1098,9d9f4d971d0d4a7f84a84d1f75755dfb,남자,39,서울,4년제 대학교,그 외 일반 영업원,남성,4,30대,서울특별시,대졸
1099,0fe246a781044ee9a9674ffaa58c64af,남자,30,충청남,2~3년제 전문대학,무직,남성,4,30대,충청남,전문대졸
1100,ee037a7911ad40189f0de92c8359b5ff,남자,30,서울,4년제 대학교,그 외 교사,남성,4,30대,서울특별시,대졸
1101,96096461ea5249219eeafc31ee1dcf48,남자,38,전북,2~3년제 전문대학,"전직 전화 상담원, 현재 구직중",남성,4,30대,전북특별자치도,전문대졸
1102,18422bf7ad8540ffaf237d8a0494cc7b,남자,34,경상남,4년제 대학교,영업 관리 사무원,남성,4,30대,경상남도,대졸
1103,04fc417960c545a09ed09a20b81408b8,남자,33,세종,4년제 대학교,그 외 조경 관련 기술자,남성,4,30대,세종특별자치시,대졸
1104,76cbb509fbb7424387c2201823a7e072,남자,32,대전,고등학교,그 외 상하수도 처리 장치 조작원,남성,4,30대,대전광역시,고졸
1105,2cf430076c204eafa8a3a994cb7c0716,남자,31,강원,4년제 대학교,예약 및 접수 사무원,남성,4,30대,강원특별자치도,대졸
1106,e79da69fac8b43169946b9050207b771,남자,35,경기,4년제 대학교,화학제품 생산 관리자,남성,4,30대,경기도,대졸
1107,71f080020c504f36bbfc5b057d0d55f5,남자,36,경상남,2~3년제 전문대학,계기 검침원,남성,4,30대,경상남도,전문대졸
1108,467d34b637cd4067a36c4ba0684700f9,남자,34,부산,4년제 대학교,"전직 이벤트 전문가, 현재 구직중",남성,4,30대,부산광역시,대졸
1109,ea52b7e17ab346168bafba5260280d64,남자,34,경기,대학원,경영 기획 사무원,남성,4,30대,경기도,대학원졸
1110,5c9debe9f3c14238868c60c9887fc020,남자,31,대전,대학원,송배전설비 기술자 및 연구원,남성,4,30대,대전광역시,대학원졸
1111,2794b0fd79a14633b6764b9c54482429,남자,33,전라남,4년제 대학교,119 구조대원,남성,4,30대,전라남,대졸
1112,938e1087b5574aa9a696ab0b6e34c272,남자,34,서울,4년제 대학교,무직,남성,4,30대,서울특별시,대졸
1113,d38917f608fc43e3aa5340e4e3270671,남자,30,경기,4년제 대학교,그 외 상점 판매원,남성,4,30대,경기도,대졸
1114,3cf1cd3008f54d17aeb869cdbc503e26,남자,33,서울,4년제 대학교,산업 안전원,남성,4,30대,서울특별시,대졸
1115,29db5924c98e4260bb0840d3d95bed64,남자,36,서울,4년제 대학교,그 외 철도 및 전동차 기관사,남성,4,30대,서울특별시,대졸
1116,c89ce395953548ca911840cb65f25ce4,남자,35,인천,4년제 대학교,공공행정 사무원,남성,4,30대,인천광역시,대졸
1117,c8767e12f3ea4e69833052a2053a03fc,남자,33,서울,고등학교,강구조물 건립원,남성,4,30대,서울특별시,고졸
1118,4d80bf6f13a54de5afee071c41f02061,남자,35,제주,4년제 대학교,지방행정 사무원,남성,4,30대,제주특별자치도,대졸
1119,b52884ada4744a20ae2d9ef17a3704ee,남자,36,서울,2~3년제 전문대학,판매 사무원,남성,4,30대,서울특별시,전문대졸
1120,1b9be84107204bf3ae1995cfc1a3865b,남자,38,경상북,고등학교,그 외 기능 관련 종사원,남성,4,30대,경상북도,고졸
1121,c801d6d68c8c4d838e3c798fbbd2bc8b,남자,39,서울,2~3년제 전문대학,산업 특화 소프트웨어 프로그래머,남성,4,30대,서울특별시,전문대졸
1122,d100cf15e71045b9b9ad49571af1aa67,남자,34,경상남,4년제 대학교,냉난방기 관련 설비 조작원,남성,4,30대,경상남도,대졸
1123,dfa33949fbeb46b7acc82343b2049576,남자,30,경기,2~3년제 전문대학,그 외 일반 영업원,남성,4,30대,경기도,전문대졸
1124,c2af499c43514e8490c3d2fd1a35e198,남자,39,경기,고등학교,비계공,남성,4,30대,경기도,고졸
1125,896d781b61364b35b31630acae76ba0f,남자,32,서울,4년제 대학교,교육 및 훈련 사무원,남성,4,30대,서울특별시,대졸
1126,478e5af44c0d403ab4ab75271bf49794,남자,33,광주,4년제 대학교,폐기물 처리 기술자 및 연구원,남성,4,30대,광주광역시,대졸
1127,4e93e488b9f54030947232f78cf814b0,남자,31,경상북,대학원,금형공학 기술자 및 연구원,남성,4,30대,경상북도,대학원졸
1128,9c3d18ecc15941a9a22086d6a4ca853a,남자,33,경기,2~3년제 전문대학,머시닝센터 조작원,남성,4,30대,경기도,전문대졸
1129,64a4dd2b5ef14b65a4ca9c4b8924c05d,남자,36,경기,4년제 대학교,비료 생산기 조작원,남성,4,30대,경기도,대졸
1130,72c20f59546e443fa08b54a0a2e331d6,남자,36,경기,고등학교,그 외 기계장비 설치 및 정비원,남성,4,30대,경기도,고졸
1131,547dc134da1148c7bd68e42e974cd668,남자,37,서울,4년제 대학교,기업 고위 임원,남성,4,30대,서울특별시,대졸
1132,a91e399e5c92409f927fd3ab8e1243bd,남자,31,전북,4년제 대학교,무직,남성,4,30대,전북특별자치도,대졸
1133,3c0bb29d2df9400ca8817525014981cc,남자,33,강원,고등학교,가죽 및 모피 가공원,남성,4,30대,강원특별자치도,고졸
1134,4d707c81480a4e7faf901624e30b1e4d,남자,35,서울,4년제 대학교,부동산 감정 전문가,남성,4,30대,서울특별시,대졸
1135,80106adcc76b4db4b38181162c4d957a,남자,34,전라남,2~3년제 전문대학,잠수 기능원,남성,4,30대,전라남,전문대졸
1136,fd409e313c234ce0b246e4dc2a0480b2,남자,33,인천,고등학교,무직,남성,4,30대,인천광역시,고졸
1137,70cd3f366e78463b9151bdbe44fcca85,남자,39,경기,4년제 대학교,경영 기획 사무원,남성,4,30대,경기도,대졸
1138,daf1178b4b7148eaaa27344258143aaa,남자,32,울산,4년제 대학교,무직,남성,4,30대,울산광역시,대졸
1139,280616d1678c489db2c83535431dcf4b,남자,32,서울,4년제 대학교,산업 안전원,남성,4,30대,서울특별시,대졸
1140,03589cd6a7274cf4b14b5085f230c95f,남자,38,경기,4년제 대학교,해병대 부사관,남성,4,30대,경기도,대졸
1141,3946c3ec15504d76941285d33858cbcc,남자,30,경기,대학원,전자제품 개발 기술자 및 연구원,남성,4,30대,경기도,대학원졸
1142,2e545eeed2a24879a4b6b4442240152b,남자,37,충청북,고등학교,시설 경비원,남성,4,30대,충청북,고졸
1143,1ff7fb8007924134b264b3ec585751da,남자,31,경기,2~3년제 전문대학,소규모 상점 경영자,남성,4,30대,경기도,전문대졸
1144,55ebed319987407d8945b06a7df07f67,남자,30,경기,고등학교,경·소형 화물차 운전원,남성,4,30대,경기도,고졸
1145,091cce65a5994931bdd0b0428dc535bf,남자,36,경기,4년제 대학교,정보 시스템 운영자,남성,4,30대,경기도,대졸
1146,4e840beb8b2840648d6e40fb8b139c2c,남자,30,전북,4년제 대학교,그 외 기획 및 마케팅 사무원,남성,4,30대,전북특별자치도,대졸
1147,a3342c480a374efaaf00cdca2afda3ea,남자,32,경상남,고등학교,금속 분무기 조작원,남성,4,30대,경상남도,고졸
1148,0d4760b732e84f31940927113aaca9fc,남자,36,서울,4년제 대학교,무직,남성,4,30대,서울특별시,대졸
1149,fee2e0dba1a644d7ba3ffbe81212e2bf,남자,33,경기,4년제 대학교,석유화학 기술자 및 연구원,남성,4,30대,경기도,대졸
1150,8bef47ce534d4d74865865000935cd45,남자,36,경기,4년제 대학교,전화 상담원,남성,4,30대,경기도,대졸
1151,366e6e23df8046ceb7d06a5bc5fdd31e,남자,34,충청북,4년제 대학교,건물 경비원,남성,4,30대,충청북,대졸
1152,8888ac39b71648ef9c981e3ed4c1000c,남자,35,서울,4년제 대학교,무직,남성,4,30대,서울특별시,대졸
1153,09720245362c44f583b7694558349521,남자,34,인천,2~3년제 전문대학,"전직 금속공학 시험원, 현재 구직중",남성,4,30대,인천광역시,전문대졸
1154,84aa3b22c7754a8eb99bcf2053e9ef66,남자,38,부산,2~3년제 전문대학,119 구조대원,남성,4,30대,부산광역시,전문대졸
1155,4457de073e4c46f8a1e3aed4e9ae4f37,남자,30,인천,4년제 대학교,회계사,남성,4,30대,인천광역시,대졸
1156,ba36c5716a4f457db4c6268b069ceabe,남자,34,경상북,4년제 대학교,생산관리 사무원,남성,4,30대,경상북도,대졸
1157,613fe2cec7dc4304912df5651999fe2b,남자,33,경기,대학원,위험 관리원,남성,4,30대,경기도,대학원졸
1158,ddce5beba4444461b95bb8218146e094,남자,35,경상남,4년제 대학교,건물 경비원,남성,4,30대,경상남도,대졸
1159,3c16bbad35c64df8a12db4f112564ed8,남자,38,제주,대학원,산업 안전원,남성,4,30대,제주특별자치도,대학원졸
1160,06b0677fb64c403aaa0ff1291192c8ac,남자,38,인천,4년제 대학교,반도체공학 기술자 및 연구원,남성,4,30대,인천광역시,대졸
1161,008dca8ea13849ad894c3b64873ae912,남자,38,대전,중학교,시설 경비원,남성,4,30대,대전광역시,중졸
1162,a2dac0edd7e148fb8a2e42ff95c72ce5,남자,38,대구,고등학교,행사 및 홍보 도우미,남성,4,30대,대구광역시,고졸
1163,f1254c2abc3249479bab1229ac422910,남자,37,경기,대학원,생물학 시험원,남성,4,30대,경기도,대학원졸
1164,508d9654831d49d5a71af5df338190c1,남자,31,경기,대학원,상품 기획자,남성,4,30대,경기도,대학원졸
1165,4956d4323ba44d95a9dff20fccac2e59,남자,36,경기,4년제 대학교,산업용 기계장비 기술 영업원,남성,4,30대,경기도,대졸
1166,07816099ebf64fa38d01bb72956135b6,남자,38,부산,4년제 대학교,회계사,남성,4,30대,부산광역시,대졸
1167,11ea888ba7dd43f3b761dbc7318c3482,남자,32,인천,2~3년제 전문대학,펄프 제조 장치 조작원,남성,4,30대,인천광역시,전문대졸
1168,3b558e6d652b489cb7b68d3ef2e3026d,남자,34,경기,4년제 대학교,특허 사무원,남성,4,30대,경기도,대졸
1169,86887a8d83b8411eb32c5d83b691f0f6,남자,36,경상남,2~3년제 전문대학,무직,남성,4,30대,경상남도,전문대졸
1170,45f967e7d4604086ab0093a503e5d046,남자,33,울산,4년제 대학교,산업용로봇 조작원,남성,4,30대,울산광역시,대졸
1171,4535c1146fe843a0a6c9f04406d74993,남자,37,경기,4년제 대학교,"전직 정보 통신 컨설턴트, 현재 구직중",남성,4,30대,경기도,대졸
1172,99030161f5fd4de6bfa027ee6bcbea96,남자,30,경기,4년제 대학교,"전직 그 외 전기·전자기기 설치 및 수리원, 현재 구직중",남성,4,30대,경기도,대졸
1173,c2b3a3059b594e9e86e985db4fd7f06e,남자,35,경기,대학원,고속철 기관사,남성,4,30대,경기도,대학원졸
1174,fe1123d5f95242e899092aa843b03ed2,남자,34,대전,4년제 대학교,조사 전문가,남성,4,30대,대전광역시,대졸
1175,9e0d52cb969a43c4a77e986b603fb175,남자,38,전라남,4년제 대학교,기업 고위 임원,남성,4,30대,전라남,대졸
1176,77130af66b0847c9bd4a16870aa17cd4,남자,34,광주,4년제 대학교,생산관리 사무원,남성,4,30대,광주광역시,대졸
1177,2e182a59567146428d45c15af7baf584,남자,34,서울,4년제 대학교,그 외 기획 및 마케팅 사무원,남성,4,30대,서울특별시,대졸
1178,a211da63909947b69a29e9d75f821511,남자,35,경기,2~3년제 전문대학,무직,남성,4,30대,경기도,전문대졸
1179,e050c02195404878a15de0e129b7a529,남자,36,경기,4년제 대학교,무직,남성,4,30대,경기도,대졸
1180,5826f675499541c897e1db68897ad2ac,남자,30,서울,2~3년제 전문대학,그 외 인쇄기 조작원,남성,4,30대,서울특별시,전문대졸
1181,fc807281e3274fb68b7fb241f659c1a1,남자,39,충청남,고등학교,"전직 위성방송 안테나 설치 및 수리원, 현재 구직중",남성,4,30대,충청남,고졸
1182,d5c700fa653c4239976a91b65f0c9d2e,남자,34,충청북,4년제 대학교,식품공학 시험원,남성,4,30대,충청북,대졸
1183,d6c421cd59cc42b1b0579cb14c4e2f09,남자,33,부산,4년제 대학교,무직,남성,4,30대,부산광역시,대졸
1184,0619d927525547479610cbb227c26b9a,남자,34,울산,고등학교,대형 화물차 운전원,남성,4,30대,울산광역시,고졸
1185,088f15cefd144688813a7b48ef57ef99,남자,36,광주,4년제 대학교,생산관리 사무원,남성,4,30대,광주광역시,대졸
1186,eb9fda5677cb49e9804d18ddd3ae6003,남자,38,충청남,2~3년제 전문대학,스포츠 강사 및 트레이너,남성,4,30대,충청남,전문대졸
1187,bb964d2198d34a5aa1bdb76206be5854,남자,34,강원,2~3년제 전문대학,해병대 부사관,남성,4,30대,강원특별자치도,전문대졸
1188,89c9a48415c141d6927542e2852a4d5a,남자,37,충청남,4년제 대학교,발전설비 기술자 및 연구원,남성,4,30대,충청남,대졸
1189,fc2736504913438d8ba24c08678a6ed7,남자,30,경기,4년제 대학교,회계 사무원,남성,4,30대,경기도,대졸
1190,a784a78903ba45d9a22efd709e8c5540,남자,30,경기,4년제 대학교,영업 관련 관리자,남성,4,30대,경기도,대졸
1191,c739611be5cc421fa889620581a2938c,남자,34,경기,초등학교,건물 경비원,남성,4,30대,경기도,초졸이하
1192,fa48b126464c445d8f2fcb6cf9ad8d47,남자,32,광주,고등학교,수동 포장원,남성,4,30대,광주광역시,고졸
1193,2fc2919dce8e40b2bc76c2520283a830,남자,33,경기,2~3년제 전문대학,그 외 일반 영업원,남성,4,30대,경기도,전문대졸
1194,0f830067adb54f9883184522653ae82d,남자,36,대전,4년제 대학교,농업용 기계장비 기술 영업원,남성,4,30대,대전광역시,대졸
1195,b7c9795d89ab4e0787cbfa61821e3568,남자,33,전북,2~3년제 전문대학,그 외 하역 및 적재 단순 종사원,남성,4,30대,전북특별자치도,전문대졸
1196,9a6dbf99cef1417d80f868589cc6f32b,남자,35,경상남,2~3년제 전문대학,자동 조립라인 조작원,남성,4,30대,경상남도,전문대졸
1197,e4fc5452506c4cb89f8479fde170cc28,남자,30,경기,4년제 대학교,기계 제도사,남성,4,30대,경기도,대졸
1198,879f02b458db40a9bc7360ec02439531,남자,38,부산,4년제 대학교,그 외 금속·재료 공학 기술자 및 연구원,남성,4,30대,부산광역시,대졸
1199,8d0e612cdec8433484f5efb7be8a38f6,남자,34,경기,2~3년제 전문대학,육군 장교,남성,4,30대,경기도,전문대졸
1200,8a5823ffbce94fe7999977d03d110663,남자,35,경기,고등학교,시외 및 고속 버스 운전원,남성,4,30대,경기도,고졸
1201,2f1d81814bfb4dafbc47e59f23885448,남자,37,충청남,4년제 대학교,경영 기획 사무원,남성,4,30대,충청남,대졸
1202,6cca4596c63a4fd3a6f4498523921582,남자,35,경기,고등학교,무직,남성,4,30대,경기도,고졸
1203,eee8be9324574486b714e46c7cfc74a3,남자,31,서울,4년제 대학교,철도운송 관련 종사원,남성,4,30대,서울특별시,대졸
1204,16020c930af247848ccb8fc6804d6fc4,남자,39,인천,2~3년제 전문대학,경리 사무원,남성,4,30대,인천광역시,전문대졸
1205,00116e0b94244ad3a969ed9760708646,남자,33,경기,4년제 대학교,경영 컨설턴트,남성,4,30대,경기도,대졸
1206,233806a1de75454a93a6b1863941177f,남자,30,인천,4년제 대학교,자재 관리 사무원,남성,4,30대,인천광역시,대졸
1207,0480bf6b5ca94f93b596ca12a7238986,남자,38,전라남,4년제 대학교,무직,남성,4,30대,전라남,대졸
1208,d9fc3fbead464a34932dab7a8e568d92,남자,34,서울,4년제 대학교,보험 사무원,남성,4,30대,서울특별시,대졸
1209,dd64a68069c84df8a4c4eae9dcc2b0f8,남자,31,광주,고등학교,전기 용접원,남성,4,30대,광주광역시,고졸
1210,9a6c35224f4c468ca66ff6e7b51f57bf,남자,38,충청북,2~3년제 전문대학,산업용로봇 조작원,남성,4,30대,충청북,전문대졸
1211,1d489c93f6ea49d492312276eb607e6b,남자,35,울산,대학원,전자제품 개발 기술자 및 연구원,남성,4,30대,울산광역시,대학원졸
1212,e2569d12bc214d1ca2d8fa5802497fcc,남자,35,경상남,4년제 대학교,금속공학 기술자 및 연구원,남성,4,30대,경상남도,대졸
1213,f7363259d3264b8db7bcaf3cb07f154f,남자,35,충청북,대학원,교통 계획 및 설계가,남성,4,30대,충청북,대학원졸
1214,8603b0f877a54ad2b623851bcb412296,남자,34,경기,고등학교,119 구조대원,남성,4,30대,경기도,고졸
1215,bca5f495d4e64abab6bcaadfac1254e9,남자,33,인천,고등학교,운송장비 청소원,남성,4,30대,인천광역시,고졸
1216,a6e4eefee3864990bab8297de8c2f062,남자,32,경기,4년제 대학교,그 외 물품 이동 장비 설치 및 정비원,남성,4,30대,경기도,대졸
1217,50a627411f4248d18ea27b1034a8b860,남자,30,부산,4년제 대학교,교육 및 훈련 사무원,남성,4,30대,부산광역시,대졸
1218,855544b096f04f47bd6e5956254ee5f3,남자,35,경기,2~3년제 전문대학,그 외 일반 영업원,남성,4,30대,경기도,전문대졸
1219,ba8ba167255344ce9036c5e5773fdde5,남자,38,인천,4년제 대학교,회계 사무원,남성,4,30대,인천광역시,대졸
1220,5e3212c778e64ee3a4cc5c04af5ea069,남자,36,경기,4년제 대학교,철도운송 관련 종사원,남성,4,30대,경기도,대졸
1221,b91dac950fe649109e19d5d39c196bbd,남자,32,경기,2~3년제 전문대학,무직,남성,4,30대,경기도,전문대졸
1222,11756434657549878f3715b808835127,남자,31,경기,대학원,무직,남성,4,30대,경기도,대학원졸
1223,a0b1c900432c42dbaf52ce1786e4534f,남자,36,인천,4년제 대학교,해외 영업원,남성,4,30대,인천광역시,대졸
1224,b206f7b463fc480688b81ce19c6827a3,남자,38,경기,고등학교,그 외 법률 관련 사무원,남성,4,30대,경기도,고졸
1225,772e410f6a2b48129a9be297f322ce4c,남자,38,경기,초등학교,강구조물 건립원,남성,4,30대,경기도,초졸이하
1226,534027d933ae48d09679fc9d910a3243,남자,32,전라남,4년제 대학교,자재 관리 사무원,남성,4,30대,전라남,대졸
1227,18c85722f8ad4169a755cad7aa45767f,남자,30,경기,2~3년제 전문대학,전화 상담원,남성,4,30대,경기도,전문대졸
1228,34011060cd6b4e68b23bee4f456bc56c,남자,33,광주,4년제 대학교,산업 안전원,남성,4,30대,광주광역시,대졸
1229,11412c8c19304b6f82176c2ae5d06d17,남자,38,전라남,고등학교,전기 용접원,남성,4,30대,전라남,고졸
1230,0570a30af24440ba81717f97f0f2312e,남자,31,부산,고등학교,철도운송 관련 종사원,남성,4,30대,부산광역시,고졸
1231,4c901e8eb8aa4041bc313a366c336dc4,남자,38,경기,4년제 대학교,산업기계공학 기술자 및 연구원,남성,4,30대,경기도,대졸
1232,d048cc0e33cb40ce887fd7806a519f56,남자,39,경기,대학원,식품공학 기술자 및 연구원,남성,4,30대,경기도,대학원졸
1233,a6f465c190b94b91b00f1f98ab7ecc34,남자,34,경기,4년제 대학교,그 외 인사 및 노사 관련 전문가,남성,4,30대,경기도,대졸
1234,d40d1aa508814bf8942d73fc1438e8f4,남자,36,광주,4년제 대학교,회계 사무원,남성,4,30대,광주광역시,대졸
1235,b14c0dcad7b041b1abeff71df1ccfbb9,남자,31,전라남,2~3년제 전문대학,회계 사무원,남성,4,30대,전라남,전문대졸
1236,5cb20e8c635a41feabb7b01cc8279ed5,남자,34,서울,대학원,토목 관련 관리자,남성,4,30대,서울특별시,대학원졸
1237,375ca98f212b41d0974c0560b4af4cda,남자,35,경기,4년제 대학교,무직,남성,4,30대,경기도,대졸
1238,515eac1a052e4cb49d6a3980471adfd2,남자,39,대전,고등학교,그 외 일반 영업원,남성,4,30대,대전광역시,고졸
1239,2c83fe051f314dd8bc9bccab095a5648,남자,37,경기,4년제 대학교,게임 그래픽 디자이너,남성,4,30대,경기도,대졸
1240,d3b1dccad91a4a119f3a99b4f353c4a1,남자,33,인천,4년제 대학교,국가행정 사무원,남성,4,30대,인천광역시,대졸
1241,f269f74e16bf4f778533015a26bdff1f,남자,39,서울,4년제 대학교,회계 사무원,남성,4,30대,서울특별시,대졸
1242,79db95b6f1a64d149f60d366ef597d18,남자,36,충청남,4년제 대학교,네트워크 시스템 개발자,남성,4,30대,충청남,대졸
1243,da4461f4520d48cbb145eb7c02d2dbe2,남자,32,서울,고등학교,무직,남성,4,30대,서울특별시,고졸
1244,f75a4fb8322f4e62a717c1c5b9f1b56b,남자,33,경기,4년제 대학교,"전직 금속공학 기술자 및 연구원, 현재 구직중",남성,4,30대,경기도,대졸
1245,810e3bef128a4d8b8cd3c2634edcc687,남자,33,경기,4년제 대학교,영업 관리 사무원,남성,4,30대,경기도,대졸
1246,7b37b7ca80c748a3ada2a3a84dbb66d2,남자,38,서울,4년제 대학교,시스템 소프트웨어 설계 및 분석가,남성,4,30대,서울특별시,대졸
1247,afebc249036f4827b9b210dbe0a34962,남자,30,서울,4년제 대학교,마케팅 전문가,남성,4,30대,서울특별시,대졸
1248,c8a4475ba8ec4910b01ac102357c0cf7,남자,37,충청북,4년제 대학교,생산관리 사무원,남성,4,30대,충청북,대졸
1249,9a54357965534b14a3661a2b2cb921d1,남자,39,경기,4년제 대학교,무직,남성,4,30대,경기도,대졸
1250,7435eef2973f4a1fa44278815362dd68,남자,33,부산,4년제 대학교,시멘트공학 기술자 및 연구원,남성,4,30대,부산광역시,대졸
1251,12e42437cb6d441498bbbd0f1c620da1,남자,38,경기,4년제 대학교,무직,남성,4,30대,경기도,대졸
1252,b963dd6ab63047f3b3d52ad923f9fe22,남자,36,충청남,대학원,플랜트공학 기술자 및 연구원,남성,4,30대,충청남,대학원졸
1253,2f285725636b451b8abd17d273f5d8de,남자,32,강원,4년제 대학교,총무 사무원,남성,4,30대,강원특별자치도,대졸
1254,c26229fba9914323bde9e1604bede9ca,남자,30,서울,대학원,염색 개발 공학 기술자 및 연구원,남성,4,30대,서울특별시,대학원졸
1255,c2d54e172e7e42c6a9786bff786bbaed,남자,36,전라남,4년제 대학교,그 외 건축 관련 기술자,남성,4,30대,전라남,대졸
1256,a19fcc98174f41fbbc3e3f1905976b3a,남자,36,경기,4년제 대학교,그 외 기획 및 마케팅 사무원,남성,4,30대,경기도,대졸
1257,d5f44b29594f44aa95aba973747f38c1,남자,35,경기,4년제 대학교,금형공학 기술자 및 연구원,남성,4,30대,경기도,대졸
1258,e5edbcf2eca74472bfca3d9bb4115623,남자,35,서울,고등학교,가전제품 판매원,남성,4,30대,서울특별시,고졸
1259,1eb0490b853a4e828829daa029fb348b,남자,34,서울,4년제 대학교,건물 경비원,남성,4,30대,서울특별시,대졸
1260,35d81c052f614bd483421c171d927bf5,남자,38,경상북,4년제 대학교,금형원,남성,4,30대,경상북도,대졸
1261,b9d7d50f785f41aa932980a31641be25,남자,32,경기,2~3년제 전문대학,시설 경비원,남성,4,30대,경기도,전문대졸
1262,c3fb18a025ca452cb85fc62d692b7f65,남자,37,인천,고등학교,"전직 온라인 쇼핑 판매원, 현재 구직중",남성,4,30대,인천광역시,고졸
1263,f1f2b3b96a384fbaba6354c8c6ac70ae,남자,37,인천,4년제 대학교,그 외 금속 및 재료 공학 시험원,남성,4,30대,인천광역시,대졸
1264,eb419a5b54af44c28a08ec64059442cd,남자,36,경기,2~3년제 전문대학,하역 및 적재 관련 단순 종사원,남성,4,30대,경기도,전문대졸
1265,ecacaa46446a41deae995c1af5247f6c,남자,39,부산,2~3년제 전문대학,무직,남성,4,30대,부산광역시,전문대졸
1266,c733e76330e74cc8a16ca49e4b8491d9,남자,31,대구,2~3년제 전문대학,우편집배원,남성,4,30대,대구광역시,전문대졸
1267,60bc42d86cdc420a9be79b962907f06b,남자,30,경기,2~3년제 전문대학,교육 및 훈련 사무원,남성,4,30대,경기도,전문대졸
1268,d0ce54be4c4f4dcea066944bd2203c97,남자,36,광주,4년제 대학교,컴퓨터 소프트웨어 개발 관리자,남성,4,30대,광주광역시,대졸
1269,9a32db1c493942449bee12fff00efaad,남자,33,서울,4년제 대학교,일반 비서,남성,4,30대,서울특별시,대졸
1270,97876e1ef3d142f282ca91791d309a49,남자,33,부산,2~3년제 전문대학,지게차 운전원,남성,4,30대,부산광역시,전문대졸
1271,ea31d138b3e84b1aacdac3f2accc475e,남자,35,세종,2~3년제 전문대학,가스 생산기 조작원,남성,4,30대,세종특별자치시,전문대졸
1272,cb12d97ad4ef4f9da021624b8e1ce42b,남자,35,부산,4년제 대학교,통신장비 기사,남성,4,30대,부산광역시,대졸
1273,ab8366460ec1461e97f8813457262b33,남자,37,경기,2~3년제 전문대학,그 외 법률 관련 사무원,남성,4,30대,경기도,전문대졸
1274,de9e3503caf64088a738cfa3cf18dee7,남자,38,충청남,2~3년제 전문대학,경리 사무원,남성,4,30대,충청남,전문대졸
1275,a6dd5bc8f2d04e9c85ec2c9a9c9bb1a3,남자,31,서울,4년제 대학교,무직,남성,4,30대,서울특별시,대졸
1276,92d5d757aea345a7bcc36bda4d12d050,남자,30,경기,중학교,"전직 대형 화물차 운전원, 현재 구직중",남성,4,30대,경기도,중졸
1277,a38a41f1fb32447d82afd728b5ffe864,남자,37,전라남,4년제 대학교,무직,남성,4,30대,전라남,대졸
1278,32f052526c5c45928bf123e246f6bf77,남자,33,경기,고등학교,인쇄 관련 기능 종사원,남성,4,30대,경기도,고졸
1279,ef80fd23953d4d78bd4052669bb9a263,남자,34,부산,4년제 대학교,무직,남성,4,30대,부산광역시,대졸
1280,219600c12d41430db8a8b3af2b70bfad,남자,39,대전,2~3년제 전문대학,그 외 환경미화원 및 재활용품 수거원,남성,4,30대,대전광역시,전문대졸
1281,5f2b898933d14ee3a1dc613e8008a1f5,남자,34,서울,2~3년제 전문대학,조사 전문가,남성,4,30대,서울특별시,전문대졸
1282,26e0b6bd18794b199186ca27ed442c69,남자,31,경기,4년제 대학교,산업 안전원,남성,4,30대,경기도,대졸
1283,315a7131abed4d468257290b3b0ca3c4,남자,38,전라남,고등학교,건물 경비원,남성,4,30대,전라남,고졸
1284,67153a2de47347d59d61ac9e4f23758e,남자,37,전북,4년제 대학교,소방설계 기술자 및 연구원,남성,4,30대,전북특별자치도,대졸
1285,27b3e005b4bd4c3d8d9b39265fbaea29,남자,30,경기,2~3년제 전문대학,전기 용접원,남성,4,30대,경기도,전문대졸
1286,0a96202a614645308b1afa2ca9a1f830,남자,37,서울,대학원,무역 사무원,남성,4,30대,서울특별시,대학원졸
1287,b5f1b0c96cd64fd783ee2ac1c2726a89,남자,32,인천,2~3년제 전문대학,무직,남성,4,30대,인천광역시,전문대졸
1288,24874f1627114651a8820d04200f7e58,남자,32,경기,4년제 대학교,관세행정 사무원,남성,4,30대,경기도,대졸
1289,867e44868e09444a90993a1b646219f1,남자,37,부산,2~3년제 전문대학,자동차 경정비원,남성,4,30대,부산광역시,전문대졸
1290,84d847a9eb1e4cdd82ffd8791e308bb2,남자,31,대구,2~3년제 전문대학,용융 도금기 조작원,남성,4,30대,대구광역시,전문대졸
1291,734b7152da6a4e24aba799252d59d1ab,남자,33,대전,4년제 대학교,게임 프로그래머,남성,4,30대,대전광역시,대졸
1292,17cbdd0144144d5f98c6905d5ea3899e,남자,34,제주,4년제 대학교,농업용 기계장비 기술 영업원,남성,4,30대,제주특별자치도,대졸
1293,c7f43e2082314e169863901d9f6869a7,남자,34,경기,중학교,무직,남성,4,30대,경기도,중졸
1294,576b8ff0afb443d7b26532dc24ae44d9,남자,33,경상남,4년제 대학교,무직,남성,4,30대,경상남도,대졸
1295,54c6c59582c64d47b6d0458f5f45ec35,남자,34,경기,4년제 대학교,경영 기획 사무원,남성,4,30대,경기도,대졸
1296,1b1671cf061448838991c23e2d62d088,남자,36,경상남,4년제 대학교,일식 조리사,남성,4,30대,경상남도,대졸
1297,a4b820488dfe459f825c9a66008869a1,남자,37,전라남,2~3년제 전문대학,소규모 상점 일선 관리 종사원,남성,4,30대,전라남,전문대졸
1298,78d17d9229c64d5c899b5731ae03856a,남자,32,경기,고등학교,외장 목공,남성,4,30대,경기도,고졸
1299,f9a509af05cc4b1daaf6db771e28ab5c,남자,39,경기,4년제 대학교,총무 사무원,남성,4,30대,경기도,대졸
1300,3ba4a853a2e744ec898bb5e501b35ca4,남자,39,경기,대학원,교통안전 연구원,남성,4,30대,경기도,대학원졸
1301,e03ac662b1b34706b14576aaecedf911,남자,30,인천,4년제 대학교,통계 사무원,남성,4,30대,인천광역시,대졸
1302,370cb8b026574dd481a6632dba8fd804,남자,32,서울,4년제 대학교,무직,남성,4,30대,서울특별시,대졸
1303,4803cfccc6564deca86d7c3ad0778061,남자,30,서울,4년제 대학교,관리 비서,남성,4,30대,서울특별시,대졸
1304,c1d1b3bcb24d439da35234929bd36009,남자,34,경기,4년제 대학교,로봇공학 기술자 및 연구원,남성,4,30대,경기도,대졸
1305,2905a84c261d424bb4cfed98de3b3b5b,남자,36,경기,4년제 대학교,무직,남성,4,30대,경기도,대졸
1306,f9182c0b05574036935dcfef0189d849,남자,32,경기,4년제 대학교,그 외 전기·전자기기 설치 및 수리원,남성,4,30대,경기도,대졸
1307,7af3c02d5a184629956f042b657eea9f,남자,32,충청남,2~3년제 전문대학,그 외 일반 영업원,남성,4,30대,충청남,전문대졸
1308,9e9a3b99315a4c3d840ce0bbd5356edb,남자,32,서울,2~3년제 전문대학,식품 영업원,남성,4,30대,서울특별시,전문대졸
1309,b16bb4be735b4beb8f5ad131edce10eb,남자,33,광주,중학교,투자 권유 대행인,남성,4,30대,광주광역시,중졸
1310,c34e522a9beb4d6f8cf2b5e30f581610,남자,30,부산,4년제 대학교,그 외 데이터 및 네트워크 관련 전문가,남성,4,30대,부산광역시,대졸
1311,80aa596f68dc49c09ac8ca5ba2ededb0,남자,30,경기,4년제 대학교,소규모 상점 일선 관리 종사원,남성,4,30대,경기도,대졸
1312,f1899c1c23544c3ca25ee6354263aea0,남자,34,경기,2~3년제 전문대학,그 외 건설·전기 및 생산 관련 관리자,남성,4,30대,경기도,전문대졸
1313,a232b27a0fa6447badcd13bb06a60a9e,남자,31,전라남,4년제 대학교,생산관리 사무원,남성,4,30대,전라남,대졸
1314,8236b7b918ff457fbf6cfd26722fc94e,남자,33,서울,2~3년제 전문대학,용접기 조작원,남성,4,30대,서울특별시,전문대졸
1315,5b62e30f7cab497aa7ef8bab2e248cfe,남자,35,대구,2~3년제 전문대학,무직,남성,4,30대,대구광역시,전문대졸
1316,2ca1981c10f546c6a3a080bf8d47d22f,남자,39,경기,4년제 대학교,소방설계 기술자 및 연구원,남성,4,30대,경기도,대졸
1317,162c91e4fcb0496fbea70afc0d6c52d5,남자,39,경기,4년제 대학교,사무 보조원,남성,4,30대,경기도,대졸
1318,3126c579edd2432c891ab0e3031fa56c,남자,33,인천,4년제 대학교,정보 시스템 운영자,남성,4,30대,인천광역시,대졸
1319,e799d8f69ac843519a1d6fdbcc423316,남자,37,부산,4년제 대학교,마케팅 전문가,남성,4,30대,부산광역시,대졸
1320,7bb6dd9e6b7941ed80228a9f879803f2,남자,30,대구,대학원,경영 기획 사무원,남성,4,30대,대구광역시,대학원졸
1321,f006d8de051e43048790d6e2ed997b78,남자,39,전라남,고등학교,금속 분무기 조작원,남성,4,30대,전라남,고졸
1322,367669cca98043d9b5bc25ebd6845ab3,남자,39,울산,4년제 대학교,기계공학 시험원,남성,4,30대,울산광역시,대졸
1323,ace3a8bc555b4c72a18e143b492cdcc3,남자,30,인천,대학원,기술 감독,남성,4,30대,인천광역시,대학원졸
1324,e81bda50d5114434ac0817cec8721cae,남자,34,경기,4년제 대학교,품질 관리 사무원,남성,4,30대,경기도,대졸
1325,1a0b16f0017f487e9c7aa5894ca98909,남자,33,경기,2~3년제 전문대학,회계 사무원,남성,4,30대,경기도,전문대졸
1326,e22f63cf879a4f2ca1bdcc377be355aa,남자,32,경기,4년제 대학교,펄프 제조 장치 조작원,남성,4,30대,경기도,대졸
1327,5d24491d1fb04d57a99ee93f0e3d80e7,남자,32,경기,고등학교,건설 단순 종사원,남성,4,30대,경기도,고졸
1328,0b7b152c8bc940388ad89613de371268,남자,31,경기,고등학교,전기장비 조립원,남성,4,30대,경기도,고졸
1329,aabb74c4c68b447880e523bf943719c9,남자,32,전라남,고등학교,전동차 기관사,남성,4,30대,전라남,고졸
1330,e1feacb806c14df0b14f538e4f846ff6,남자,31,서울,고등학교,무직,남성,4,30대,서울특별시,고졸
1331,fe058f299a164d28b8b8108eefaeb704,남자,30,서울,대학원,소규모 상점 경영자,남성,4,30대,서울특별시,대학원졸
1332,e8441df0b0544f1993b6835006d1c352,남자,38,대전,4년제 대학교,"전직 회계사, 현재 구직중",남성,4,30대,대전광역시,대졸
1333,5b514df7a1184db4828e1ee18f9f6e5d,남자,35,충청북,2~3년제 전문대학,대형 화물차 운전원,남성,4,30대,충청북,전문대졸
1334,a6016a055ee5402788be97fbfbffc46c,남자,33,경상남,2~3년제 전문대학,품질 관리 사무원,남성,4,30대,경상남도,전문대졸
1335,5a5e1c21062148d08cf9ad50029c7157,남자,34,경기,4년제 대학교,통신기기 기술자 및 연구원,남성,4,30대,경기도,대졸
1336,13a31f00c77d46598ad68288607f2164,남자,31,경기,4년제 대학교,무직,남성,4,30대,경기도,대졸
1337,52746df3c2574576aa41872f449b3b71,남자,36,부산,4년제 대학교,보험 사무원,남성,4,30대,부산광역시,대졸
1338,114f98e1cbcd46ffb7713075b13ed73a,남자,33,경상북,4년제 대학교,통신장비 기사,남성,4,30대,경상북도,대졸
1339,dec37150b2a24c41ad9afb1387582d10,남자,34,경기,고등학교,지게차 운전원,남성,4,30대,경기도,고졸
1340,3439e56740a648fa8fa86311f3427637,남자,39,경기,4년제 대학교,영업 관리 사무원,남성,4,30대,경기도,대졸
1341,46e6ad80eeee437e80dc726f53eae170,남자,31,경상남,2~3년제 전문대학,무직,남성,4,30대,경상남도,전문대졸
1342,68950be4a5894fcf830f9c4041200be0,남자,31,경기,4년제 대학교,약사,남성,4,30대,경기도,대졸
1343,573166dcbdd040db9e1b331fed33638e,남자,38,서울,4년제 대학교,게임 프로그래머,남성,4,30대,서울특별시,대졸
1344,404b53d54cff420880257d211e8c8d66,남자,35,전라남,고등학교,통신장비 설치 및 수리원,남성,4,30대,전라남,고졸
1345,c0ee98b5f2ba46f5a5844c63591f3296,남자,31,경기,4년제 대학교,그 외 법률 관련 사무원,남성,4,30대,경기도,대졸
1346,0229126586ab4dac9c9a0d58b2ad2b89,남자,31,경기,고등학교,사진가,남성,4,30대,경기도,고졸
1347,2601c645bdd94085a4c7ac896b366fa8,남자,39,경상남,4년제 대학교,선장,남성,4,30대,경상남도,대졸
1348,bb40bc61374d41d490c9058de0b61d6c,남자,34,부산,4년제 대학교,온라인 쇼핑 판매원,남성,4,30대,부산광역시,대졸
1349,22ed5af92deb4491817f3c195b13a579,남자,32,인천,대학원,플랜트공학 기술자 및 연구원,남성,4,30대,인천광역시,대학원졸
1350,bf56e7f478a948e2b4bd4cf783296ef1,남자,36,경기,대학원,교육 및 훈련 사무원,남성,4,30대,경기도,대학원졸
1351,93d2a6da3f0f498e8803665f30ff0e67,남자,39,대전,대학원,"전직 경영 기획 사무원, 현재 구직중",남성,4,30대,대전광역시,대학원졸
1352,a746c87923d9433aa3009e9d03f22435,남자,32,인천,4년제 대학교,범용 소프트웨어 프로그래머,남성,4,30대,인천광역시,대졸
1353,3af0cbb2f8e04da8a28c9688589fdce0,남자,31,부산,2~3년제 전문대학,택배원,남성,4,30대,부산광역시,전문대졸
1354,199701e8a7044a19b2cb419dc614a343,남자,34,인천,4년제 대학교,컴퓨터 시스템 설계 및 분석가,남성,4,30대,인천광역시,대졸
1355,01ee3d102164483ba212c66acd164327,남자,32,경상남,고등학교,경리 사무원,남성,4,30대,경상남도,고졸
1356,67242a9a39084d2da0ccf2179aa44f7b,남자,37,경기,고등학교,대출 모집인,남성,4,30대,경기도,고졸
1357,8c08ff832af4437c85597d7c01b40927,남자,37,경기,고등학교,승용차 및 승합차 운전원,남성,4,30대,경기도,고졸
1358,686ff667b29a43b7b735016dc1032087,남자,38,대전,4년제 대학교,"전직 데이터 분석가, 현재 구직중",남성,4,30대,대전광역시,대졸
1359,6ba4b5267bd34ded8a4acab0c681e0c5,남자,34,대구,4년제 대학교,품질 관리 사무원,남성,4,30대,대구광역시,대졸
1360,73f6912934e347649e9a228a43a65fde,남자,34,서울,4년제 대학교,통신망 운영 기술자 및 연구원,남성,4,30대,서울특별시,대졸
1361,ee1e05a27b7b422abe40fa17f862abd3,남자,31,제주,대학원,전기 감리 기술자 및 연구원,남성,4,30대,제주특별자치도,대학원졸
1362,6214bab5e5c745eba1e8703b0d57b2d1,남자,33,울산,4년제 대학교,경영 기획 사무원,남성,4,30대,울산광역시,대졸
1363,497104beca0a4ffdb62b5abd011857ef,남자,31,경기,4년제 대학교,총무 사무원,남성,4,30대,경기도,대졸
1364,6cd625e0f5374ceba0475281fff3e970,남자,31,경기,4년제 대학교,모바일 애플리케이션 프로그래머,남성,4,30대,경기도,대졸
1365,159e4724b15d425c85c5ae71ad94f0ab,남자,30,서울,대학원,소규모 상점 경영자,남성,4,30대,서울특별시,대학원졸
1366,60ee5cf5fbb1403f85708470d6d67103,남자,32,경기,2~3년제 전문대학,경호원,남성,4,30대,경기도,전문대졸
1367,c075d5ba2eae4bd181fc7b30f045e44f,남자,38,경상북,2~3년제 전문대학,우편집배원,남성,4,30대,경상북도,전문대졸
1368,7a1811e067104de88952ae82125cc0ac,남자,34,경기,4년제 대학교,자재 관리 사무원,남성,4,30대,경기도,대졸
1369,fd0174f1f83041e48811fe099b89852c,남자,31,경상북,4년제 대학교,생산관리 사무원,남성,4,30대,경상북도,대졸
1370,d41d644a0570483e902b24cbccafe46b,남자,34,충청남,4년제 대학교,회계 사무원,남성,4,30대,충청남,대졸
1371,21c43fe6261341d68dd250de60903933,남자,39,경상북,2~3년제 전문대학,그 외 금융 사무원,남성,4,30대,경상북도,전문대졸
1372,37e55df1126e4f55a81e802d6a0cc0ec,남자,36,충청남,2~3년제 전문대학,보육교사,남성,4,30대,충청남,전문대졸
1373,1b5db37f98d2491aa64b0b1a4461f814,남자,38,부산,4년제 대학교,경영 컨설턴트,남성,4,30대,부산광역시,대졸
1374,4436f77500c54245b4fdaf9bb4bfa8c1,남자,35,광주,2~3년제 전문대학,정보 시스템 운영자,남성,4,30대,광주광역시,전문대졸
1375,c46a9727ce0b44ffaa09fb83f04e1bca,남자,39,경상북,4년제 대학교,일반 의사,남성,4,30대,경상북도,대졸
1376,5b84243a586443f1ac4087847735a521,남자,31,경상북,고등학교,경·소형 화물차 운전원,남성,4,30대,경상북도,고졸
1377,eeaf508ce32a4ec2adfd63d33bdf9e9d,남자,34,서울,4년제 대학교,무직,남성,4,30대,서울특별시,대졸
1378,9228b40e20f44a04b06d4a587c9bafa6,남자,39,대구,고등학교,일반 경찰관 및 수사관,남성,4,30대,대구광역시,고졸
1379,9bc68d17fdce4831a6937d77f3bc0522,남자,30,경상남,4년제 대학교,일반 비서,남성,4,30대,경상남도,대졸
1380,6e94399b48254b6f825398007b186d45,남자,32,서울,2~3년제 전문대학,소규모 상점 경영자,남성,4,30대,서울특별시,전문대졸
1381,ee287bb7c85140068dadc9fde70436c2,남자,37,서울,대학원,섬유 공정 개발 기술자 및 연구원,남성,4,30대,서울특별시,대학원졸
1382,3eb6998c624f47f888a7a37020f2bede,남자,35,경상남,4년제 대학교,무직,남성,4,30대,경상남도,대졸
1383,4b82fb4fd18842d1a80226589ac16648,남자,30,서울,대학원,교통안전 연구원,남성,4,30대,서울특별시,대학원졸
1384,85a450f5b87f4b2da8de3dc0a2719ea5,남자,36,충청남,2~3년제 전문대학,무직,남성,4,30대,충청남,전문대졸
1385,754ce0a9a2bb47498f3c5ab481e109ca,남자,34,경기,고등학교,지게차 운전원,남성,4,30대,경기도,고졸
1386,4810d45104914ca2b99aaf0a41c1caee,남자,36,경상남,2~3년제 전문대학,가스 용접원,남성,4,30대,경상남도,전문대졸
1387,47085d0f319a40b19f9f0bd97c5d3ee6,남자,31,충청남,고등학교,렌즈 및 프리즘 가공기 조작원,남성,4,30대,충청남,고졸
1388,4b5bd41b9934478bacfd9c32a0cca4ae,남자,36,대전,4년제 대학교,상품 기획자,남성,4,30대,대전광역시,대졸
1389,80850b52f89a4fb4af592a8211ed016c,남자,39,인천,4년제 대학교,무직,남성,4,30대,인천광역시,대졸
1390,bd064b24e68d49beaca06073974163f5,남자,35,경기,4년제 대학교,기업 고위 임원,남성,4,30대,경기도,대졸
1391,8ef4f15693464fd7901241f7043f384f,남자,33,경기,4년제 대학교,유리 관련 기능 종사원,남성,4,30대,경기도,대졸
1392,932dcfef31ae4bf08a7c48df6ae6c814,남자,33,경기,무학,건물 경비원,남성,4,30대,경기도,무학
1393,6918b10c12af4785b7fdaf43bb117b14,남자,35,서울,중학교,검표원,남성,4,30대,서울특별시,중졸
1394,ebad7d2e9baa4de797b64a4abd9d4e45,남자,38,부산,2~3년제 전문대학,무직,남성,4,30대,부산광역시,전문대졸
1395,606cdd8b922e46c39c2cf9cf222b70c3,남자,34,경기,4년제 대학교,일반 경찰관 및 수사관,남성,4,30대,경기도,대졸
1396,5674b9aabb6c44c7b4f7d0cf9cf2f883,남자,32,인천,4년제 대학교,전기제품 개발 기술자 및 연구원,남성,4,30대,인천광역시,대졸
1397,a7066bb766c04ddeac6de5910ab0dbf6,남자,39,경기,4년제 대학교,해군 장교,남성,4,30대,경기도,대졸
1398,5f093a157cc24a56a146e99a120c6102,남자,33,경기,2~3년제 전문대학,미디어 콘텐츠 창작자,남성,4,30대,경기도,전문대졸
1399,8cd658064b4f4bb5a041269af8318e76,남자,37,경기,고등학교,그 외 상점 판매원,남성,4,30대,경기도,고졸
1400,f9520444eb944bb6880fa259ad1ebf8b,남자,38,경상북,4년제 대학교,경영 기획 사무원,남성,4,30대,경상북도,대졸
1401,4da2965ef985432d9f53e67a943ac68a,남자,37,서울,2~3년제 전문대학,법무 사무원,남성,4,30대,서울특별시,전문대졸
1402,598d77164a49474a8cb6740c9a01cadc,남자,36,경기,4년제 대학교,기업 대표이사,남성,4,30대,경기도,대졸
1403,7686a465b9e8437db5b200d802f11cff,남자,34,서울,4년제 대학교,경리 사무원,남성,4,30대,서울특별시,대졸
1404,cc5090b2bc5c4d1f918d40edb3a49bb5,남자,31,전라남,2~3년제 전문대학,건물 내 전기 설치 및 정비원,남성,4,30대,전라남,전문대졸
1405,4f0ca59dcdad415bbd337621bc556109,남자,37,충청남,4년제 대학교,일식 조리사,남성,4,30대,충청남,대졸
1406,65a6d2a557744e1bb67e56815d71ffb4,남자,38,서울,2~3년제 전문대학,품질 관리 사무원,남성,4,30대,서울특별시,전문대졸
1407,1d2a71d3831044a08b377cfca19e3d3f,남자,38,부산,2~3년제 전문대학,웹 운영자,남성,4,30대,부산광역시,전문대졸
1408,8713e4420ae84d47bbe28fbf351b6b77,남자,33,경기,4년제 대학교,사회복지사,남성,4,30대,경기도,대졸
1409,104b219d44f742769d60f196630f2812,남자,36,광주,4년제 대학교,보육교사,남성,4,30대,광주광역시,대졸
1410,c23c7806bfb64b1ca1862a1bec0bda6b,남자,32,강원,4년제 대학교,관세행정 사무원,남성,4,30대,강원특별자치도,대졸
1411,5c2104e201294a668b6a327d23bdf618,남자,39,인천,2~3년제 전문대학,경리 사무원,남성,4,30대,인천광역시,전문대졸
1412,6a265f2967c6485ebf048701092ccb1c,남자,37,대구,4년제 대학교,전동차 기관사,남성,4,30대,대구광역시,대졸
1413,5d28498c6b404605b27bb1f90d5d7b40,남자,30,경상북,4년제 대학교,그 외 전기공학 기술자 및 연구원,남성,4,30대,경상북도,대졸
1414,b0364dc23b0a4ec980a8881b112efd47,남자,36,서울,4년제 대학교,무직,남성,4,30대,서울특별시,대졸
1415,564cff75c2a64997aac82692cf85f8ce,남자,38,경기,4년제 대학교,법무 사무원,남성,4,30대,경기도,대졸
1416,2ec44d122b7d46d9a8b60fb8d67b42cd,남자,38,경기,대학원,네트워크 프로그래머,남성,4,30대,경기도,대학원졸
1417,7ea32a6869674c59b28e926900b530d9,남자,30,경기,4년제 대학교,소방시설 공사 기술자 및 연구원,남성,4,30대,경기도,대졸
1418,5986565c75e34657840baa2ac1963bb3,남자,30,경상남,대학원,건축자재 영업원,남성,4,30대,경상남도,대학원졸
1419,a8119c106cd244b6bc087e68ac68d78a,남자,38,충청남,4년제 대학교,산업 안전원,남성,4,30대,충청남,대졸
1420,37d388749b85464bbad3648bf1042253,남자,35,경기,4년제 대학교,국가행정 사무원,남성,4,30대,경기도,대졸
1421,bae840dbbe374358a15137407787fd2a,남자,32,인천,4년제 대학교,법무사,남성,4,30대,인천광역시,대졸
1422,dfbac61d87fc40fba210caed75b28689,남자,38,경상북,고등학교,육군 부사관,남성,4,30대,경상북도,고졸
1423,85bb50d36682443a80d8db1b9ee0d088,남자,33,서울,2~3년제 전문대학,건물 경비원,남성,4,30대,서울특별시,전문대졸
1424,6e5ec8fa33e0438eba42b88fb66bd6e8,남자,39,전라남,2~3년제 전문대학,자재 관리 사무원,남성,4,30대,전라남,전문대졸
1425,44b453db50d745a5bac59e3075ed7ceb,남자,31,경상남,대학원,무직,남성,4,30대,경상남도,대학원졸
1426,9f8dbd83c0584e0589b51eee841f0e70,남자,30,경기,4년제 대학교,경영 기획 사무원,남성,4,30대,경기도,대졸
1427,daac87c1908e400db49a955727897856,남자,37,전라남,고등학교,시설 경비원,남성,4,30대,전라남,고졸
1428,a8fe198a75674e998ed7f7205a1f36cd,남자,35,경상남,2~3년제 전문대학,전동차 기관사,남성,4,30대,경상남도,전문대졸
1429,262e02329779405d8009a8752853998d,남자,35,서울,4년제 대학교,육군 부사관,남성,4,30대,서울특별시,대졸
1430,d6b8746301914114bc77f2b3345ab60e,남자,30,경기,2~3년제 전문대학,정보 시스템 운영자,남성,4,30대,경기도,전문대졸
1431,e8e62c283b5d4df5a7b5a7c5577ab659,남자,30,강원,4년제 대학교,병무행정 사무원,남성,4,30대,강원특별자치도,대졸
1432,1d161ec5a833400295b63ef8cf76b3b5,남자,32,서울,4년제 대학교,품질 관리 사무원,남성,4,30대,서울특별시,대졸
1433,dffe092bdcc341438bc40af478628e65,남자,39,경기,2~3년제 전문대학,무직,남성,4,30대,경기도,전문대졸
1434,db9db16d77d44063bc65802dad3f6a94,남자,30,울산,고등학교,시설 경비원,남성,4,30대,울산광역시,고졸
1435,051afdaee7d44b40805eec2bc929f832,남자,31,경기,4년제 대학교,무직,남성,4,30대,경기도,대졸
1436,1f27b7c12e784e5a82e47825319cc18d,남자,32,서울,고등학교,그 외 화학물 가공 장치 조작원,남성,4,30대,서울특별시,고졸
1437,1f90f5b54a3c4f6aae38a17f033dc892,남자,31,대구,고등학교,염색기 조작원,남성,4,30대,대구광역시,고졸
1438,8699838917ba43c99f368df794e809a6,남자,30,경기,2~3년제 전문대학,조미료 제분기 조작원,남성,4,30대,경기도,전문대졸
1439,9e5363e9036a41f8908b179b95c8ba1d,남자,39,부산,고등학교,지게차 운전원,남성,4,30대,부산광역시,고졸
1440,915e912d13af4ca1839cd9f3e095b1d3,남자,34,경기,4년제 대학교,컴퓨터 시스템 설계 및 분석가,남성,4,30대,경기도,대졸
1441,ed298705dd0745cd89637d7fe9cf8189,남자,39,인천,2~3년제 전문대학,휠체어 리프트 설치 및 정비원,남성,4,30대,인천광역시,전문대졸
1442,4a8b860a7bf94e04b7922afde0d4395a,남자,38,경기,4년제 대학교,통신장비 기사,남성,4,30대,경기도,대졸
1443,dd6c2c72f5f54052afe103d8db8ba230,남자,33,부산,고등학교,무직,남성,4,30대,부산광역시,고졸
1444,5dba11a6627c4dd690ef22cea42091cd,남자,30,부산,4년제 대학교,비행기 조종사,남성,4,30대,부산광역시,대졸
1445,137bd60e47f24bb4b49dbf1197de3e0f,남자,30,경기,고등학교,소규모 상점 경영자,남성,4,30대,경기도,고졸
1446,a7e2947e74324883bcb6f85c99411930,남자,30,경기,4년제 대학교,산업 안전원,남성,4,30대,경기도,대졸
1447,9b00959a36e44e36b099734faa0e6a0d,남자,33,경상남,4년제 대학교,식품 영업원,남성,4,30대,경상남도,대졸
1448,3547a2ca27bb44d3a36c3ac8e72332d4,남자,33,광주,2~3년제 전문대학,"전직 관세행정 사무원, 현재 구직중",남성,4,30대,광주광역시,전문대졸
1449,ee2af95aa81843089bc5f7ad63067546,남자,32,부산,4년제 대학교,무직,남성,4,30대,부산광역시,대졸
1450,abe9a8c75c7a4f07b7c4b110e72c6693,남자,37,서울,4년제 대학교,무대 및 세트 디자이너,남성,4,30대,서울특별시,대졸
1451,7b614382313546afb2402024935f4b8e,남자,30,경기,2~3년제 전문대학,경리 사무원,남성,4,30대,경기도,전문대졸
1452,52b209a8b84645a48281e175f8b806ad,남자,34,경기,2~3년제 전문대학,그 외 플라스틱제품 생산기 조작원,남성,4,30대,경기도,전문대졸
1453,e9deb033b6824e35ab9e27beee529ee1,남자,35,경기,4년제 대학교,데이터 설계 및 프로그래머,남성,4,30대,경기도,대졸
1454,8a1e16992e214096a9c25548aba76c54,남자,32,서울,2~3년제 전문대학,시설 경비원,남성,4,30대,서울특별시,전문대졸
1455,c036d18de7a944deb5112ca4586023f9,남자,38,인천,2~3년제 전문대학,전기 용접원,남성,4,30대,인천광역시,전문대졸
1456,6c776962cc894bbfa49c9bd3707b45c6,남자,31,경상남,고등학교,판금원,남성,4,30대,경상남도,고졸
1457,2eb7b22b02044c40a214834244f64363,남자,33,서울,4년제 대학교,데이터 관리 및 운영자,남성,4,30대,서울특별시,대졸
1458,2f2ff19d08b643268548d26e4df76231,남자,32,부산,4년제 대학교,커피 조리사,남성,4,30대,부산광역시,대졸
1459,b7a0cea3c5e546e1a3b3b554bc1dcfa1,남자,32,부산,4년제 대학교,경영 컨설턴트,남성,4,30대,부산광역시,대졸
1460,08473b517f744b2aafae72c5b1efc957,남자,32,서울,4년제 대학교,모바일 애플리케이션 프로그래머,남성,4,30대,서울특별시,대졸
1461,89eddd2111074c7b819deefe4253c196,남자,34,서울,2~3년제 전문대학,경영 기획 사무원,남성,4,30대,서울특별시,전문대졸
1462,c7bc53a2f78d4c06a9808b6acefe2086,남자,36,제주,4년제 대학교,농약·비료 기술자 및 연구원,남성,4,30대,제주특별자치도,대졸
1463,868693decb8e4641b8d6156734e1c33c,남자,34,충청북,4년제 대학교,생산관리 사무원,남성,4,30대,충청북,대졸
1464,52398a0440464585a5fd63347e8543ee,남자,31,경기,4년제 대학교,회계 사무원,남성,4,30대,경기도,대졸
1465,e01a788377bb42e1902dce18f016fd76,남자,31,경기,4년제 대학교,광고 전문가,남성,4,30대,경기도,대졸
1466,45f477c61ce34e39b806643719253e08,남자,36,서울,4년제 대학교,회계 사무원,남성,4,30대,서울특별시,대졸
1467,12d56e87e37d430fafe77b7fdf737207,남자,39,충청남,고등학교,지게차 운전원,남성,4,30대,충청남,고졸
1468,0887bb1b8e0d40f9aed96f6fb8979d17,남자,38,경기,2~3년제 전문대학,그 외 금융 사무원,남성,4,30대,경기도,전문대졸
1469,2a1dd4a0cea8486c881d16771862076a,남자,30,광주,2~3년제 전문대학,통신장비 기사,남성,4,30대,광주광역시,전문대졸
1470,8081618ce5724c88af49eccb5ddbd6ec,남자,35,경상남,2~3년제 전문대학,일식 조리사,남성,4,30대,경상남도,전문대졸
1471,15070dd0acd34e61be3cf9876340eefe,남자,34,경기,4년제 대학교,일반 비서,남성,4,30대,경기도,대졸
1472,31c670cc659f45139031c69fa82f1f36,남자,35,경기,4년제 대학교,산업 안전원,남성,4,30대,경기도,대졸
1473,d6bccfdcb3ad4a06bc14929226a84fa6,남자,37,세종,4년제 대학교,경영 컨설턴트,남성,4,30대,세종특별자치시,대졸
1474,8e8c2cb2bd0f4b32aaab0ea675ef4985,남자,31,충청북,4년제 대학교,회계 사무원,남성,4,30대,충청북,대졸
1475,63463012c4e14a5893d17d5c6ef4faa2,남자,34,서울,2~3년제 전문대학,그 외 일반 영업원,남성,4,30대,서울특별시,전문대졸
1476,62a06999ab9f4dc1adb4abb6b8432e03,남자,30,경기,4년제 대학교,무직,남성,4,30대,경기도,대졸
1477,43d9140e3a704d92abc25a79803a33ba,남자,34,부산,2~3년제 전문대학,경영 컨설턴트,남성,4,30대,부산광역시,전문대졸
1478,3c516ac85473424e847050cf9457d8c9,남자,33,경상북,4년제 대학교,산업 안전원,남성,4,30대,경상북도,대졸
1479,1f3e3e542ee44e49bd9b138b01b791cd,남자,33,부산,2~3년제 전문대학,그 외 법률 관련 사무원,남성,4,30대,부산광역시,전문대졸
1480,8ad3ecca0dc24e77b1b13120eb6a60b2,남자,31,경상북,4년제 대학교,일반 비서,남성,4,30대,경상북도,대졸
1481,9ed276332e0849a5b541fa059bb61a97,남자,36,대구,고등학교,그 외 하역 및 적재 단순 종사원,남성,4,30대,대구광역시,고졸
1482,b71149ceb11d49cb9cf2f130da148a7c,남자,39,서울,4년제 대학교,공공행정 사무원,남성,4,30대,서울특별시,대졸
1483,0f4e1eb8ea584c7cb3b8cbe0b75c7363,남자,37,서울,4년제 대학교,회계 사무원,남성,4,30대,서울특별시,대졸
1484,8d10feeb8d374c71a2fd143744a587cf,남자,37,서울,대학원,자동차공학 기술자 및 연구원,남성,4,30대,서울특별시,대학원졸
1485,9528b7c78b594635b2bc52e14cedeec5,남자,34,광주,4년제 대학교,금형원,남성,4,30대,광주광역시,대졸
1486,8728eeb6ca9441a490edea34d257711c,남자,39,부산,4년제 대학교,영업 관리 사무원,남성,4,30대,부산광역시,대졸
1487,a04acff3b80d43d6bd727b3ef5df1f18,남자,36,충청남,2~3년제 전문대학,경리 사무원,남성,4,30대,충청남,전문대졸
1488,115f58ea6d814b019242bc77aaac0c3b,남자,30,서울,4년제 대학교,회계 사무원,남성,4,30대,서울특별시,대졸
1489,d6122c72f2b743e68131f82a62f2f1fe,남자,38,충청남,2~3년제 전문대학,"전직 방송장비 설치 및 수리원, 현재 구직중",남성,4,30대,충청남,전문대졸
1490,90abcefcc3de424983b8f56f300d5c43,남자,39,서울,4년제 대학교,출판물 편집자,남성,4,30대,서울특별시,대졸
1491,1827e81f7de642fb96c15f4a19d23065,남자,30,서울,2~3년제 전문대학,수력발전장치 운전원,남성,4,30대,서울특별시,전문대졸
1492,378bd3c515d249f6b1761f9701cb82c7,남자,30,부산,4년제 대학교,조사 전문가,남성,4,30대,부산광역시,대졸
1493,3166fa51d03e43499f361d453bc0ba53,남자,36,서울,4년제 대학교,경영 기획 사무원,남성,4,30대,서울특별시,대졸
1494,8c81d190bd434d2f8f8dc0fe9f6bc33b,남자,39,경기,대학원,그 외 금속·재료 공학 기술자 및 연구원,남성,4,30대,경기도,대학원졸
1495,308a5c019f1a46f98be981b77a42f945,남자,38,경기,2~3년제 전문대학,예약 및 접수 사무원,남성,4,30대,경기도,전문대졸
1496,114af619695241378838b130bdf52522,남자,39,부산,4년제 대학교,공공행정 전문가,남성,4,30대,부산광역시,대졸
1497,38ee932f1f28480d949289558bd9a919,남자,35,경기,대학원,경영 컨설턴트,남성,4,30대,경기도,대학원졸
1498,232391bd429c4469a17d74a6e520262e,남자,30,광주,4년제 대학교,마케팅 관리자,남성,4,30대,광주광역시,대졸
1499,a67d0958a8ff4b74a80128e49124a149,남자,37,서울,고등학교,승용차 및 승합차 운전원,남성,4,30대,서울특별시,고졸
1500,f1b441b2ee86491d98f432100d850e22,남자,31,전북,고등학교,건물 경비원,남성,4,30대,전북특별자치도,고졸
1501,d907b8e789334209b1689c5adaccc53b,남자,36,충청남,2~3년제 전문대학,그 외 시설 및 특수 경비원,남성,4,30대,충청남,전문대졸
1502,0c715f2d9c024909b650c30f902d07fa,남자,32,전북,4년제 대학교,육군 장교,남성,4,30대,전북특별자치도,대졸
1503,ae526f75bb824b1598ea28aac8a83ec4,남자,30,경기,4년제 대학교,산업 안전원,남성,4,30대,경기도,대졸
1504,ec044acc5d714f1d87f6a2d9a1fde2bd,남자,37,경기,4년제 대학교,경영 기획 사무원,남성,4,30대,경기도,대졸
1505,3210411d8986454e8e466fe8315d7857,남자,35,경기,4년제 대학교,그 외 금융 사무원,남성,4,30대,경기도,대졸
1506,13a298e576954f349177d63af842b811,남자,30,경기,4년제 대학교,투자 권유 대행인,남성,4,30대,경기도,대졸
1507,a014608c31634c778bea62cd7c0605cf,남자,36,경상북,2~3년제 전문대학,119 구조대원,남성,4,30대,경상북도,전문대졸
1508,ff44666323f0413f992b961ee1251b50,남자,37,경기,4년제 대학교,자연과학·수학 및 통계학 시간강사,남성,4,30대,경기도,대졸
1509,124bbd8bf0df44048faa1978c99bf12b,남자,37,서울,고등학교,무직,남성,4,30대,서울특별시,고졸
1510,e91317467c454a14b6472cffb5ad289f,남자,31,서울,4년제 대학교,은행 사무원,남성,4,30대,서울특별시,대졸
1511,ba2f24a630304908a4c8cf1647b6c1cf,남자,32,대전,2~3년제 전문대학,휠체어 리프트 설치 및 정비원,남성,4,30대,대전광역시,전문대졸
1512,7f5d4459dd1946b0b90b44cfa3fa6996,남자,38,경기,2~3년제 전문대학,스포츠 감독,남성,4,30대,경기도,전문대졸
1513,646cf69ed33249b59faaf7a234b87339,남자,37,부산,대학원,그 외 전기공학 기술자 및 연구원,남성,4,30대,부산광역시,대학원졸
1514,34d3a17a669440bfbb3c7efa78c8a5ec,남자,31,경기,4년제 대학교,전화 상담원,남성,4,30대,경기도,대졸
1515,a403f397ff84482da787e40f20145cf1,남자,37,서울,2~3년제 전문대학,이용사,남성,4,30대,서울특별시,전문대졸
1516,7caa43e2b4a0488ab86250ea827732f2,남자,38,경기,고등학교,무직,남성,4,30대,경기도,고졸
1517,0dcb0b0b17dd4b22ba2df9fc8c137fee,남자,38,대구,4년제 대학교,경영 기획 사무원,남성,4,30대,대구광역시,대졸
1518,872a2b622e484597ace92edee2c7bfd7,남자,35,제주,4년제 대학교,영업 관련 관리자,남성,4,30대,제주특별자치도,대졸
1519,16f19266d49c43c2ad0dcc051e9a86f2,남자,33,서울,2~3년제 전문대학,그 외 기계 조작원,남성,4,30대,서울특별시,전문대졸
1520,d7115246c38542248075b07774b706a4,남자,30,광주,4년제 대학교,기업 고위 임원,남성,4,30대,광주광역시,대졸
1521,03e95b2b6e2c46edaa69b1d9443337d4,남자,30,광주,2~3년제 전문대학,"전직 보육교사, 현재 구직중",남성,4,30대,광주광역시,전문대졸
1522,abb467ef56454b9098cb5c3eb7b0dfd3,남자,36,충청남,4년제 대학교,농약·비료 기술자 및 연구원,남성,4,30대,충청남,대졸
1523,078f5282726c4510a59fbb28d6466411,남자,34,부산,4년제 대학교,기업 고위 임원,남성,4,30대,부산광역시,대졸
1524,962c25320ec54e00baf6e99098f4b227,남자,35,경상남,4년제 대학교,관리 비서,남성,4,30대,경상남도,대졸
1525,d905e5d487ce42cbad7feb0ecd426f60,남자,32,부산,4년제 대학교,무직,남성,4,30대,부산광역시,대졸
1526,367790e4d4134cafaaa00184962f6048,남자,35,서울,4년제 대학교,산업 안전원,남성,4,30대,서울특별시,대졸
1527,a74aafaee54a4086ac9c1d3028158fe3,남자,38,대구,2~3년제 전문대학,철도 기관사,남성,4,30대,대구광역시,전문대졸
1528,b317b5627c104aafb29928fd70793625,남자,39,경기,고등학교,무직,남성,4,30대,경기도,고졸
1529,10ce459761534a79b8c9bfca6c20b6a5,남자,33,경상북,4년제 대학교,지방행정 사무원,남성,4,30대,경상북도,대졸
1530,0b97f23924df4b47a6f34ff1e1504f5f,남자,33,광주,고등학교,무직,남성,4,30대,광주광역시,고졸
1531,0c0b1a7bb9bc4abbad86754ea64c1f0f,남자,38,서울,4년제 대학교,범용 소프트웨어 프로그래머,남성,4,30대,서울특별시,대졸
1532,ecbecb0eca434eff89b226f1ce1ca626,남자,39,경기,4년제 대학교,범용 소프트웨어 프로그래머,남성,4,30대,경기도,대졸
1533,26c432aea4364eacbfb2d1ea44b57be2,남자,30,충청남,4년제 대학교,회계 사무원,남성,4,30대,충청남,대졸
1534,20ab35ae571144aeb058db302ac5ae70,남자,36,세종,4년제 대학교,전자제품 개발 기술자 및 연구원,남성,4,30대,세종특별자치시,대졸
1535,5e2b0d04fbbc4ff4b9fee5b8ad7729e4,남자,33,부산,2~3년제 전문대학,화학물 가열 처리 장치 조작원,남성,4,30대,부산광역시,전문대졸
1536,526c99b22fbc4a1f92f0cdd6ed200cd1,남자,33,제주,고등학교,강구조물 건립원,남성,4,30대,제주특별자치도,고졸
1537,fe8a6d73bd324fcfa90a31ef6bb8037f,남자,35,경기,4년제 대학교,예체능 교사,남성,4,30대,경기도,대졸
1538,6b66f9f517214977a3d3dadbdddb8bec,남자,33,인천,4년제 대학교,법무 사무원,남성,4,30대,인천광역시,대졸
1539,f4f1a0c823584f628255c6d8927c905a,남자,31,서울,4년제 대학교,사무 보조원,남성,4,30대,서울특별시,대졸
1540,246ba2a52c5046bea8718d93e012cfde,남자,33,서울,2~3년제 전문대학,데이터 설계 및 프로그래머,남성,4,30대,서울특별시,전문대졸
1541,66917de755c6413c9edef4c3a932f360,남자,31,광주,4년제 대학교,품질 관리 사무원,남성,4,30대,광주광역시,대졸
1542,ba240c820fd64ed1a7fa9568a50bcc0f,남자,36,경기,고등학교,인조석 설치원,남성,4,30대,경기도,고졸
1543,560c1d3880084ac9beae794b979308fd,남자,37,서울,4년제 대학교,무직,남성,4,30대,서울특별시,대졸
1544,aec58508f69e4bbd9ff0b1163f3d2e18,남자,30,전북,고등학교,회계 사무원,남성,4,30대,전북특별자치도,고졸
1545,a96333d4bc2f4efbba2e788961ae68ab,남자,38,서울,2~3년제 전문대학,우편집배원,남성,4,30대,서울특별시,전문대졸
1546,4d3b397675e54ee1b3f94ae5ec46d15b,남자,36,부산,2~3년제 전문대학,전기 용접원,남성,4,30대,부산광역시,전문대졸
1547,c4c13c38766d4e6bbb2908377b0932b5,남자,33,경기,4년제 대학교,재무 관리자,남성,4,30대,경기도,대졸
1548,cee62f3395594518929abf9ecb19052d,남자,34,경기,초등학교,농업 단순 종사원,남성,4,30대,경기도,초졸이하
1549,45459620ed104d86a0549dac05401330,남자,32,서울,4년제 대학교,무직,남성,4,30대,서울특별시,대졸
1550,2e0372ffb19b4c49ab15b3570db75327,남자,34,대구,고등학교,하역 및 적재 관련 단순 종사원,남성,4,30대,대구광역시,고졸
1551,4464bd6fbf714718afe8276bd6550c19,남자,33,경상북,2~3년제 전문대학,그 외 법률 관련 사무원,남성,4,30대,경상북도,전문대졸
1552,f72d345c163b409e989398ecbd1b0c36,남자,32,서울,2~3년제 전문대학,온라인 쇼핑 판매원,남성,4,30대,서울특별시,전문대졸
1553,7a5ada24ca944f77879869600d738b17,남자,39,서울,2~3년제 전문대학,공공행정 전문가,남성,4,30대,서울특별시,전문대졸
1554,5426cab6dbc7488da3ef5125424f837b,남자,31,경기,4년제 대학교,무직,남성,4,30대,경기도,대졸
1555,08497f38760e466991741d74a156c15e,남자,33,경기,고등학교,전기 용접원,남성,4,30대,경기도,고졸
1556,a92a1595bc9543d49dda0166dea05020,남자,31,경기,고등학교,배전반 조작원,남성,4,30대,경기도,고졸
1557,e3ced3ddc277471088fa630b61eaf4f4,남자,35,강원,2~3년제 전문대학,일반 경찰관 및 수사관,남성,4,30대,강원특별자치도,전문대졸
1558,c048f7d7518e4e5a9fc1bf5e19aecf50,남자,32,광주,고등학교,그 외 데이터 및 네트워크 관련 전문가,남성,4,30대,광주광역시,고졸
1559,39821431f1c649f4b582888fd8dcc0a4,남자,33,서울,대학원,건축구조 기술자,남성,4,30대,서울특별시,대학원졸
1560,f0bb835e429c4507a299548e7036d9ba,남자,35,경상북,4년제 대학교,출납 창구 사무원,남성,4,30대,경상북도,대졸
1561,ac9b1e18c3a24f1b92d2ee0fa03e5f29,남자,32,경상남,4년제 대학교,음료 배달원,남성,4,30대,경상남도,대졸
1562,e15ae7fc41414511af020a37da80f135,남자,30,서울,대학원,경영 기획 사무원,남성,4,30대,서울특별시,대학원졸
1563,0b40c6e36f1f444fa029779798486c13,남자,34,강원,4년제 대학교,해외 영업원,남성,4,30대,강원특별자치도,대졸
1564,85b9e13b0ded4eabb54c5dbb77f9fca6,남자,37,경기,2~3년제 전문대학,판금원,남성,4,30대,경기도,전문대졸
1565,5be705b5a39645d8ab0c38617c28259d,남자,39,경상남,4년제 대학교,경영 기획 사무원,남성,4,30대,경상남도,대졸
1566,fd6c03f43715444e8d5c4a5fb4870a6a,남자,34,전라남,2~3년제 전문대학,교육 및 훈련 사무원,남성,4,30대,전라남,전문대졸
1567,b6ba7e61dea24dcb92fa588cf4227aa2,남자,34,부산,4년제 대학교,품질 관리 사무원,남성,4,30대,부산광역시,대졸
1568,31070d19e1e8439aaf9c43fe2b43d541,남자,34,서울,4년제 대학교,경영 컨설턴트,남성,4,30대,서울특별시,대졸
1569,ee5ea96307334bb188a46429e1627801,남자,38,부산,고등학교,그 외 법률 관련 사무원,남성,4,30대,부산광역시,고졸
1570,1deef4a686cb41feb191d26b624a37f4,남자,35,경기,4년제 대학교,기업 대표이사,남성,4,30대,경기도,대졸
1571,10bd11ef293449b78254491f48bfd346,남자,36,전북,고등학교,무직,남성,4,30대,전북특별자치도,고졸
1572,4d1e536accc247dead20761c4fef997c,남자,38,강원,4년제 대학교,섬유 소재 개발 기술자 및 연구원,남성,4,30대,강원특별자치도,대졸
1573,e4b411b723d647deb5bc7334cdbaf903,남자,33,충청남,4년제 대학교,관세행정 사무원,남성,4,30대,충청남,대졸
1574,255f6e15e29b46f1957a61d18f8db881,남자,39,경기,고등학교,승용차 및 승합차 운전원,남성,4,30대,경기도,고졸
1575,3eca9d3f659b4bb29a44e3917193e008,남자,34,서울,2~3년제 전문대학,그 외 철도 및 전동차 기관사,남성,4,30대,서울특별시,전문대졸
1576,5f3ae369b7194405a27f4d01c9760b81,남자,31,서울,2~3년제 전문대학,데이터 설계 및 프로그래머,남성,4,30대,서울특별시,전문대졸
1577,b99d77dbca3b4486a06b299c823a59bb,남자,30,경기,4년제 대학교,영업 관련 관리자,남성,4,30대,경기도,대졸
1578,048ecec224aa44119b8fede5ab65a82b,남자,37,서울,2~3년제 전문대학,경영 컨설턴트,남성,4,30대,서울특별시,전문대졸
1579,2718a597ab6e4b9090febc8b1cd71b15,남자,32,대전,4년제 대학교,공조기설비 조작원,남성,4,30대,대전광역시,대졸
1580,2ee972d1f56b4999a8637833c01e24c5,남자,33,서울,4년제 대학교,무직,남성,4,30대,서울특별시,대졸
1581,f9ccfc5e79e844b5b13cf8deedcd66ec,남자,39,인천,고등학교,그 외 자동차 운전원,남성,4,30대,인천광역시,고졸
1582,176318ce20af41b99b970fb5c3975601,남자,48,경상북,2~3년제 전문대학,전기 용접원,남성,5,40대,경상북도,전문대졸
1583,6e45a72b50cf454cafcb08b1d7608d58,남자,43,전북,4년제 대학교,품질 관리 사무원,남성,5,40대,전북특별자치도,대졸
1584,75e4f77edcb342e9aa3a7fce3c9fda34,남자,44,부산,4년제 대학교,철도운송 관련 종사원,남성,5,40대,부산광역시,대졸
1585,7ac44c0d91924566a9c25e894d42ed55,남자,42,경상북,고등학교,소규모 상점 경영자,남성,5,40대,경상북도,고졸
1586,511600f6984e48e5bfe5c26feac9bccd,남자,44,전북,고등학교,자동차 조립원,남성,5,40대,전북특별자치도,고졸
1587,c463a2579bad48f5b19321856ebe52b8,남자,44,경기,중학교,중식 조리사,남성,5,40대,경기도,중졸
1588,c4053ea9016f4b68a233b7f2397b05e0,남자,46,경기,4년제 대학교,법무 사무원,남성,5,40대,경기도,대졸
1589,0fa502bbd31943cbbe7e251ef93e8f53,남자,49,광주,4년제 대학교,그 외 금융 사무원,남성,5,40대,광주광역시,대졸
1590,387b85c2291644879e39742b9952fda6,남자,42,충청북,고등학교,경·소형 화물차 운전원,남성,5,40대,충청북,고졸
1591,28f2baa2c71b4852bd36d9668d2b8d11,남자,42,서울,고등학교,건물 청소원,남성,5,40대,서울특별시,고졸
1592,00bd3754996542b1ae9de514e5c91859,남자,43,경상북,4년제 대학교,정보 시스템 운영자,남성,5,40대,경상북도,대졸
1593,e80b14556de64388ae393e7a82093685,남자,47,강원,2~3년제 전문대학,호이스트 운전원,남성,5,40대,강원특별자치도,전문대졸
1594,f18b5f9f86fd40029611f0cafe64d610,남자,42,충청북,4년제 대학교,위험 관리원,남성,5,40대,충청북,대졸
1595,eb808759670d475db7e4e9ef3a336394,남자,42,경기,고등학교,경·소형 화물차 운전원,남성,5,40대,경기도,고졸
1596,003adf3546ed41ea933ce3358415a272,남자,44,경기,고등학교,자동차 차체 부품 조립원,남성,5,40대,경기도,고졸
1597,94335ca876c44d01bc1e1381eeb10631,남자,48,경상남,2~3년제 전문대학,금형공학 기술자 및 연구원,남성,5,40대,경상남도,전문대졸
1598,01e07e2e49104becbaba32df39a5a17b,남자,44,서울,4년제 대학교,섬유 소재 개발 기술자 및 연구원,남성,5,40대,서울특별시,대졸
1599,cb4c0f4ee0d7466897c2b9c9fad46ae5,남자,48,대구,고등학교,교육 및 훈련 사무원,남성,5,40대,대구광역시,고졸
1600,94334f472bf1413da10a28e3ff06edca,남자,47,경상남,4년제 대학교,스포츠 감독,남성,5,40대,경상남도,대졸
1601,bcf7027a802f4cb3a06108c155f6dbf3,남자,40,광주,고등학교,경리 사무원,남성,5,40대,광주광역시,고졸
1602,d6d1a120bb494473bb7d70a6bc786cea,남자,48,서울,2~3년제 전문대학,교육 및 훈련 사무원,남성,5,40대,서울특별시,전문대졸
1603,2aefbc4f47f6414091ab067c07ceb1a4,남자,46,서울,고등학교,무직,남성,5,40대,서울특별시,고졸
1604,da03b91ce834429d933067be7ae7cab4,남자,46,경기,고등학교,석재 부설원,남성,5,40대,경기도,고졸
1605,a756b6cafeb441ba97df8e88e51246d3,남자,40,경상남,2~3년제 전문대학,무직,남성,5,40대,경상남도,전문대졸
1606,a55d7cbfc76a43f2809388ee900b78bf,남자,43,서울,고등학교,그 외 택배원,남성,5,40대,서울특별시,고졸
1607,83f92fc3354b4eaea843c68d4b03f157,남자,40,경상북,고등학교,건물 경비원,남성,5,40대,경상북도,고졸
1608,2989b2459f1f4991a4849727c9bfdd4f,남자,42,충청북,2~3년제 전문대학,그 외 일반 영업원,남성,5,40대,충청북,전문대졸
1609,b02f6b6b22f74112bd116c82d1f498e2,남자,49,인천,4년제 대학교,소규모 상점 경영자,남성,5,40대,인천광역시,대졸
1610,d555f3ec2ab940788321a0ac4486c4e0,남자,42,전라남,4년제 대학교,자동차공학 기술자 및 연구원,남성,5,40대,전라남,대졸
1611,5caed8cf43e943f7bfe2a30c213360f4,남자,45,경기,고등학교,무직,남성,5,40대,경기도,고졸
1612,4ca1ea8dace448ffa6503f079b914b57,남자,46,대전,고등학교,소규모 상점 경영자,남성,5,40대,대전광역시,고졸
1613,20adf36626c945a4ae35cf6f5f3909b0,남자,46,전라남,고등학교,건물 경비원,남성,5,40대,전라남,고졸
1614,691a8447a9f04aa69ed79ce71af9cf74,남자,42,광주,4년제 대학교,육군 부사관,남성,5,40대,광주광역시,대졸
1615,be9e7e875243433484d10755ef09e7b7,남자,49,경상북,2~3년제 전문대학,무직,남성,5,40대,경상북도,전문대졸
1616,d0271ee3a0714c319e87aaae568bdb11,남자,41,인천,2~3년제 전문대학,경리 사무원,남성,5,40대,인천광역시,전문대졸
1617,93a9e18b419f4141a9d867f97393b273,남자,44,경기,고등학교,화학기계 설치 및 정비원,남성,5,40대,경기도,고졸
1618,c8fc5a6523304a488d58af0d937e8ba0,남자,47,충청북,2~3년제 전문대학,데이터 분석가,남성,5,40대,충청북,전문대졸
1619,9556d0df1e5c466d8ebc3b63b3ee24ab,남자,41,경상남,4년제 대학교,그 외 화학공학 기술자 및 연구원,남성,5,40대,경상남도,대졸
1620,4eb07c10a96c4e57ba281742e46423ac,남자,49,전라남,고등학교,무직,남성,5,40대,전라남,고졸
1621,98687c93324f4ce8982b81ccc0fd588c,남자,45,경상북,2~3년제 전문대학,폐기물 처리 시험원,남성,5,40대,경상북도,전문대졸
1622,d5338310bdf34a15ab3d132956b5b63d,남자,43,경상북,고등학교,건물 경비원,남성,5,40대,경상북도,고졸
1623,033f5cf90d9e49afafa89588e81ab9fb,남자,49,대구,고등학교,시설 경비원,남성,5,40대,대구광역시,고졸
1624,981082234da8423fb64d4691eac5748b,남자,45,대구,고등학교,그 외 경호 및 보안 관련 종사원,남성,5,40대,대구광역시,고졸
1625,a7702f964d134651a54a9e26b8a63ac6,남자,47,서울,고등학교,총무 사무원,남성,5,40대,서울특별시,고졸
1626,4f3c786d50ab4c85868ad8481fae1d0e,남자,45,충청북,무학,시설 경비원,남성,5,40대,충청북,무학
1627,dd39b3de711144d3b3c545d29f0466da,남자,48,서울,고등학교,건물 경비원,남성,5,40대,서울특별시,고졸
1628,bf56b62a30c3434d850de5bef30e04a8,남자,41,전라남,4년제 대학교,도시 계획 및 설계가,남성,5,40대,전라남,대졸
1629,c54952f86e5d4aae99eecd44b1b73851,남자,46,경기,고등학교,무직,남성,5,40대,경기도,고졸
1630,4b11f5b1e20442629f6f2c173ef3cfa0,남자,49,대구,고등학교,상품 기획자,남성,5,40대,대구광역시,고졸
1631,5ea64920dbd44004bce178c14399a63a,남자,40,서울,2~3년제 전문대학,그 외 법률 관련 사무원,남성,5,40대,서울특별시,전문대졸
1632,3d4cf6839e3d4cee858722a80bf635cb,남자,46,경기,4년제 대학교,품질 관리 사무원,남성,5,40대,경기도,대졸
1633,9cca9ba3a2fd4041b7ff5aaa12f53850,남자,43,경기,2~3년제 전문대학,고속철 기관사,남성,5,40대,경기도,전문대졸
1634,81a2fa522ee34ca089c9d73e351a1c13,남자,43,경기,고등학교,마케팅 전문가,남성,5,40대,경기도,고졸
1635,a6de9fa64a3c49f5ba55ca94712c87b9,남자,49,인천,고등학교,그 외 일반 영업원,남성,5,40대,인천광역시,고졸
1636,009d29cf2c854158b0aa089c15376148,남자,47,대전,2~3년제 전문대학,강구조물 건립원,남성,5,40대,대전광역시,전문대졸
1637,4209233c92164015be057b4fe41df11c,남자,49,대구,4년제 대학교,웹 프로그래머,남성,5,40대,대구광역시,대졸
1638,2cb6aed254d74f97997cbd0d6786a503,남자,47,서울,2~3년제 전문대학,방송 송출 장비 기사,남성,5,40대,서울특별시,전문대졸
1639,0ece0074dfd845458d702c6895534f11,남자,47,경기,고등학교,교육 및 훈련 사무원,남성,5,40대,경기도,고졸
1640,c44dff44f4dc477fa821a2b9445d007d,남자,44,경기,4년제 대학교,그 외 산업 안전 및 위험 관리원,남성,5,40대,경기도,대졸
1641,b85260414dbf402ab0261745b072c52c,남자,45,경기,고등학교,전기 및 전자 장비 제도사,남성,5,40대,경기도,고졸
1642,c86e2c26c5714ec6988d2884c2634d66,남자,40,경기,4년제 대학교,그 외 철도 및 전동차 기관사,남성,5,40대,경기도,대졸
1643,9f7c6e41ce4f45a29f7a4683f9eb23a9,남자,46,경상북,중학교,육군 부사관,남성,5,40대,경상북도,중졸
1644,9c32a45fe9ab409ca92f909b15ee7ac0,남자,46,경기,고등학교,음식료품 판매원,남성,5,40대,경기도,고졸
1645,fb3c01451cb9464e924a467ffbf13f41,남자,44,충청남,2~3년제 전문대학,과학 교사,남성,5,40대,충청남,전문대졸
1646,f2ccbe8ac71a4b7e95602e0b6b533826,남자,41,부산,4년제 대학교,정보 보안 전문가,남성,5,40대,부산광역시,대졸
1647,45a0517f9b7448e392c29b734f42a68a,남자,43,경기,4년제 대학교,무직,남성,5,40대,경기도,대졸
1648,a390df11423f4ca592370d45d6f14b52,남자,47,경기,고등학교,소규모 상점 일선 관리 종사원,남성,5,40대,경기도,고졸
1649,352dd4a7f5f24a84a46e1f0dc57ae5f2,남자,43,강원,4년제 대학교,하수 처리 장치 조작원,남성,5,40대,강원특별자치도,대졸
1650,0b0e3db75be944f98e5ee2c46fd716df,남자,43,충청남,고등학교,그 외 물품 이동 장비 조작원,남성,5,40대,충청남,고졸
1651,a4e3e34beae64ddf9d0e4102dabac8ec,남자,41,경상남,고등학교,그 외 기계공학 기술자 및 연구원,남성,5,40대,경상남도,고졸
1652,5be3f26f89224045a9c5984fb46949e1,남자,41,서울,대학원,플랜트공학 기술자 및 연구원,남성,5,40대,서울특별시,대학원졸
1653,b84a1534a7ec4257b96003895cca9cb2,남자,43,경기,4년제 대학교,회계 사무원,남성,5,40대,경기도,대졸
1654,1b73553e7b4d45ecba9f5595417e594a,남자,40,대전,4년제 대학교,병무행정 사무원,남성,5,40대,대전광역시,대졸
1655,07a24e2ef66e424e87277077a463b69f,남자,40,서울,2~3년제 전문대학,경리 사무원,남성,5,40대,서울특별시,전문대졸
1656,51f4cbe4f7674c7aa988b0652135fb4c,남자,42,서울,4년제 대학교,정보 시스템 운영자,남성,5,40대,서울특별시,대졸
1657,30e55fd99a7f4ca1a48d998a4c24b9d7,남자,42,부산,2~3년제 전문대학,상품 기획자,남성,5,40대,부산광역시,전문대졸
1658,aa46d2c660a1478cb8b46e9c726726a5,남자,47,경기,4년제 대학교,무직,남성,5,40대,경기도,대졸
1659,4927a5da7da04482b041383dce943dbe,남자,46,부산,고등학교,무직,남성,5,40대,부산광역시,고졸
1660,1f08e59415bc489abca3910b8ab268c7,남자,42,서울,4년제 대학교,소규모 상점 경영자,남성,5,40대,서울특별시,대졸
1661,282e28d00bb1433d9742743153708bc1,남자,40,경상북,고등학교,무직,남성,5,40대,경상북도,고졸
1662,bc4b1bca3549428094a04bfa68bc160e,남자,44,경상북,4년제 대학교,품질 관리 사무원,남성,5,40대,경상북도,대졸
1663,cf2bda6940874d5292331d2e1878a562,남자,48,경기,고등학교,경·소형 화물차 운전원,남성,5,40대,경기도,고졸
1664,fc9935821f9b41119995cbd287d4c8b5,남자,40,경기,대학원,마케팅 전문가,남성,5,40대,경기도,대학원졸
1665,761bd5ec36e74744b6808365d4866fee,남자,46,광주,고등학교,시설 경비원,남성,5,40대,광주광역시,고졸
1666,27169518d7ef41a5b5b460b708a4c8f7,남자,41,서울,고등학교,온라인 쇼핑 판매원,남성,5,40대,서울특별시,고졸
1667,2cbd0e08662744e991373237235631a8,남자,40,인천,4년제 대학교,여행 사무원,남성,5,40대,인천광역시,대졸
1668,60f45475194b4065b23740a27c65bb85,남자,45,부산,고등학교,판금원,남성,5,40대,부산광역시,고졸
1669,0b150ce058704ba58beebcbbafe2ca3c,남자,47,경상북,4년제 대학교,대학교 총장 및 대학 학장,남성,5,40대,경상북도,대졸
1670,cf29efc222ac493691f20f1d9ae06c4d,남자,44,경상남,고등학교,그 외 금속가공 기계 조작원,남성,5,40대,경상남도,고졸
1671,562f7aeb802e4353a3401797ad85cefb,남자,42,대구,2~3년제 전문대학,제관원,남성,5,40대,대구광역시,전문대졸
1672,8d9f87ae7f5043ffbf5888a77f443bb8,남자,41,서울,대학원,토목 제도사,남성,5,40대,서울특별시,대학원졸
1673,c0b24762b8b740a7ac7ab5eeb4022bbf,남자,43,강원,4년제 대학교,음향 및 녹음 기사,남성,5,40대,강원특별자치도,대졸
1674,caff061d503745fa90ff6f4855eb440a,남자,43,경기,2~3년제 전문대학,하역 및 적재 관련 단순 종사원,남성,5,40대,경기도,전문대졸
1675,eacd6919c31440d2ad9fd37afd1da445,남자,42,경상남,고등학교,"전직 플라스틱 사출기 조작원, 현재 구직중",남성,5,40대,경상남도,고졸
1676,70425898d7484e19837c6e2e130fd707,남자,49,대구,대학원,전기 감리 기술자 및 연구원,남성,5,40대,대구광역시,대학원졸
1677,a2681857e6394fe989263c49c7a1e5e0,남자,42,부산,4년제 대학교,교육 및 훈련 사무원,남성,5,40대,부산광역시,대졸
1678,3785e46fa5b24ab8b3e5c414960cc47c,남자,45,경기,2~3년제 전문대학,철도운송 사무원,남성,5,40대,경기도,전문대졸
1679,23bc5d36b89c406ab2e64f51af025a5a,남자,40,서울,4년제 대학교,그 외 법률 관련 사무원,남성,5,40대,서울특별시,대졸
1680,593377c9d4a14f93a460fe28b0009f93,남자,49,서울,대학원,정보 보안 전문가,남성,5,40대,서울특별시,대학원졸
1681,7cc2e1cd559f41bb90062d8644bca857,남자,48,경기,고등학교,승용차 및 승합차 운전원,남성,5,40대,경기도,고졸
1682,f08d5217ef434011bfbb6056728bf4fe,남자,46,경상북,4년제 대학교,회계 사무원,남성,5,40대,경상북도,대졸
1683,6fdca39c634f43e08f7c722c68babab7,남자,49,전라남,고등학교,낙농품가공 기계 조작원,남성,5,40대,전라남,고졸
1684,572dd6c7f1184dd9a0c4b59400e4f085,남자,40,전라남,고등학교,사무 보조원,남성,5,40대,전라남,고졸
1685,e69db0d574414a30a6d2bfdf35d79cf9,남자,43,부산,2~3년제 전문대학,무직,남성,5,40대,부산광역시,전문대졸
1686,4dd4b14b4a524be99e03b77e070e6f27,남자,43,대구,고등학교,무직,남성,5,40대,대구광역시,고졸
1687,7941e0e6bac94cc0bf1780ce9ed72e74,남자,45,경기,4년제 대학교,정보 시스템 운영자,남성,5,40대,경기도,대졸
1688,90680299cb6543dfbf43623bc1800230,남자,44,경기,고등학교,그 외 서비스 관련 단순 종사원,남성,5,40대,경기도,고졸
1689,2692d674701b410898f3e66a6f43d024,남자,42,경상남,4년제 대학교,그 외 스포츠 및 레크리에이션 관련 전문가,남성,5,40대,경상남도,대졸
1690,66019c1e027e4c90a7ba9f88bf37d286,남자,48,강원,고등학교,무직,남성,5,40대,강원특별자치도,고졸
1691,3f8784e711564d7fbcc32d4816c52017,남자,48,경상북,2~3년제 전문대학,국가행정 사무원,남성,5,40대,경상북도,전문대졸
1692,ff224047f86c4d0e82b6ccf8ed5605b6,남자,46,광주,대학원,교육 및 훈련 사무원,남성,5,40대,광주광역시,대학원졸
1693,f9c7f42a0c49457bbc64c252eb5e0f15,남자,45,부산,4년제 대학교,조사 전문가,남성,5,40대,부산광역시,대졸
1694,f94a1cd64ed54bb895c70604d027545f,남자,42,전라남,4년제 대학교,농약·비료 기술자 및 연구원,남성,5,40대,전라남,대졸
1695,107391171f1b4b918830976a1d76c202,남자,41,인천,2~3년제 전문대학,그 외 하역 및 적재 단순 종사원,남성,5,40대,인천광역시,전문대졸
1696,a4b982e2cf8d4c3fa198b146286fe38d,남자,41,서울,2~3년제 전문대학,정보 보안 전문가,남성,5,40대,서울특별시,전문대졸
1697,5c46538003ca4f96be97b58bbd36780d,남자,47,서울,고등학교,일식 조리사,남성,5,40대,서울특별시,고졸
1698,816aef6599db41a486b45637c3df67ec,남자,44,부산,4년제 대학교,실업 교사,남성,5,40대,부산광역시,대졸
1699,9dcbbdc7345d487fbc22b11cfd74db12,남자,40,경기,2~3년제 전문대학,프레스기 및 절단기 조작원,남성,5,40대,경기도,전문대졸
1700,9e00c7e4bd404c21bcccfb6aa3f53638,남자,42,인천,고등학교,무직,남성,5,40대,인천광역시,고졸
1701,f612b35562be4e36b1fb45ccf069bd1a,남자,40,충청남,대학원,기업 고위 임원,남성,5,40대,충청남,대학원졸
1702,dd4a3ff11bfe4fd4b4f87a74267982d3,남자,43,부산,2~3년제 전문대학,소방설계 기술자 및 연구원,남성,5,40대,부산광역시,전문대졸
1703,571fe57d2ab247cd855a2a87552eae9d,남자,49,경기,4년제 대학교,로봇공학 기술자 및 연구원,남성,5,40대,경기도,대졸
1704,6cdb1a78b0d9472e86e5cba4acb2c8c0,남자,48,울산,고등학교,건물 경비원,남성,5,40대,울산광역시,고졸
1705,ded9ffdd9d20409cb62f168cd3afe509,남자,44,경기,4년제 대학교,세무사,남성,5,40대,경기도,대졸
1706,1599f27c46094186909ec8e1314a6f7a,남자,42,대전,4년제 대학교,전자계측 제어 기술자 및 연구원,남성,5,40대,대전광역시,대졸
1707,cf8ad910533c4ad696232e6c84df2470,남자,44,경기,4년제 대학교,품질 관리 사무원,남성,5,40대,경기도,대졸
1708,0675082b8359481f997adc6cf9b4af35,남자,43,대전,4년제 대학교,시스템 소프트웨어 설계 및 분석가,남성,5,40대,대전광역시,대졸
1709,76d029ded40a4559b7f5eca2ac1610fa,남자,40,경기,2~3년제 전문대학,통신장비 설치 및 수리원,남성,5,40대,경기도,전문대졸
1710,da258be2910e423d90be7d143edb8957,남자,46,경기,2~3년제 전문대학,노점 및 이동 판매원,남성,5,40대,경기도,전문대졸
1711,04d90e0efa9f4b54898184a8a1af1619,남자,43,경기,2~3년제 전문대학,자동 재단기 조작원,남성,5,40대,경기도,전문대졸
1712,6010b7aff8a547b480c48926b37a7ca8,남자,42,경기,고등학교,건설 단순 종사원,남성,5,40대,경기도,고졸
1713,ef0678883ddc44a78d4b02742c8542d9,남자,40,경상북,2~3년제 전문대학,그 외 일반기계 조립원,남성,5,40대,경상북도,전문대졸
1714,770892e9683046f9bca4598b5ff40290,남자,46,경기,고등학교,그 외 일반 영업원,남성,5,40대,경기도,고졸
1715,e7a0caffaff44ce7b8fa0501d546f6be,남자,42,경상남,고등학교,금속 세척기 조작원,남성,5,40대,경상남도,고졸
1716,6c34042314b94649b06589b2c36d1df0,남자,45,전라남,2~3년제 전문대학,강구조물 건립원,남성,5,40대,전라남,전문대졸
1717,0eb93d9be2b344028633d0ee15878d5f,남자,41,대전,4년제 대학교,음식 배달원,남성,5,40대,대전광역시,대졸
1718,e74537adcf3c415e927e3a68bf49a87d,남자,43,경상남,2~3년제 전문대학,금속제품 생산 관리자,남성,5,40대,경상남도,전문대졸
1719,f09e520acf5b4e6e815c0a38e7a26cc8,남자,49,경상남,고등학교,이용사,남성,5,40대,경상남도,고졸
1720,993a833239f54a6f83a489d79977d451,남자,40,충청남,고등학교,타이어 생산기 조작원,남성,5,40대,충청남,고졸
1721,eaf8b30dd9c64efba2ca187b9e76dc72,남자,44,광주,4년제 대학교,육군 부사관,남성,5,40대,광주광역시,대졸
1722,8a2e1de68f174cab981b765aa5d1cf83,남자,41,전라남,대학원,시스템 소프트웨어 프로그래머,남성,5,40대,전라남,대학원졸
1723,6e7548526c87416dafc0ead81c3f5909,남자,43,경기,2~3년제 전문대학,무직,남성,5,40대,경기도,전문대졸
1724,26b7b9342a544de7b2c294d65b3b2e93,남자,41,경기,고등학교,범용 소프트웨어 프로그래머,남성,5,40대,경기도,고졸
1725,64ddcc2a230c4f2a9d8cb8df0bfbe3a8,남자,41,대구,고등학교,건물 경비원,남성,5,40대,대구광역시,고졸
1726,99994288720e4fe38da0818d656857fd,남자,41,인천,2~3년제 전문대학,무직,남성,5,40대,인천광역시,전문대졸
1727,80e6165de2eb4a54937e9935b80a87c0,남자,42,부산,4년제 대학교,판금원,남성,5,40대,부산광역시,대졸
1728,a73fd74d724d45d988e13ebdb7301689,남자,44,경기,2~3년제 전문대학,건물 청소원,남성,5,40대,경기도,전문대졸
1729,276df256110440eeb072e006ae160e2b,남자,42,경기,4년제 대학교,무직,남성,5,40대,경기도,대졸
1730,412f38deaa984a4b811a6846d3243f33,남자,45,경기,고등학교,시설 경비원,남성,5,40대,경기도,고졸
1731,9b8411cc87d34ce496502605fb8a0b9b,남자,45,서울,2~3년제 전문대학,경리 사무원,남성,5,40대,서울특별시,전문대졸
1732,722f56aeb31441ea90b4309d850d8586,남자,49,전라남,고등학교,자재 관리 사무원,남성,5,40대,전라남,고졸
1733,70984df3101045f8ae150a78dc73afa0,남자,42,충청북,4년제 대학교,품질 관리 사무원,남성,5,40대,충청북,대졸
1734,947de362a1b7474ab951f161ae88e00b,남자,42,경상남,고등학교,건물 내 전기 설치 및 정비원,남성,5,40대,경상남도,고졸
1735,af90e20ad4f3427a9cbd4ba85f762ea2,남자,43,서울,고등학교,관리 비서,남성,5,40대,서울특별시,고졸
1736,80ca0f925be347349a9c271789b1d14b,남자,49,부산,고등학교,철도운송 관련 종사원,남성,5,40대,부산광역시,고졸
1737,3cd6dabb6f774aad90994c97eab2e211,남자,40,서울,고등학교,그 외 법률 관련 사무원,남성,5,40대,서울특별시,고졸
1738,afcd78a6800342e695867fd957cc8a11,남자,45,경기,중학교,시설 경비원,남성,5,40대,경기도,중졸
1739,48d9edd00e2d45728f086076c834e964,남자,47,전북,고등학교,금속절곡기 조작원,남성,5,40대,전북특별자치도,고졸
1740,37fec665b42840e5bf2105039f82dd42,남자,47,경기,고등학교,관광버스 운전원,남성,5,40대,경기도,고졸
1741,421b3aa71ba84b28beed8b95c06674fe,남자,43,경기,4년제 대학교,도로운송 사무원,남성,5,40대,경기도,대졸
1742,e46527a3937e45d097d043a478e401ea,남자,44,경기,대학원,변호사,남성,5,40대,경기도,대학원졸
1743,5953c62b8f1a496f816a15c92d30f4a4,남자,40,강원,중학교,하역 및 적재 관련 단순 종사원,남성,5,40대,강원특별자치도,중졸
1744,947e4d2024704f1e894ef56a8b829409,남자,42,인천,고등학교,금속기계 부품 조립원,남성,5,40대,인천광역시,고졸
1745,f234eb198cbc470a98e1c474c773f6fa,남자,47,전북,고등학교,플라스틱 압출기 조작원,남성,5,40대,전북특별자치도,고졸
1746,8d9ddd66f5094e5e860fc782cb8f9221,남자,49,경기,4년제 대학교,교육 및 훈련 사무원,남성,5,40대,경기도,대졸
1747,163191457e6d4c3a88b870fec6661ef2,남자,49,충청남,고등학교,전화 상담원,남성,5,40대,충청남,고졸
1748,17a36904773848bca0cbe02ca9d637c9,남자,49,경기,2~3년제 전문대학,강구조물 건립원,남성,5,40대,경기도,전문대졸
1749,e1b204d3c544486bb15d5b80a98b2765,남자,48,서울,2~3년제 전문대학,산업용로봇 조작원,남성,5,40대,서울특별시,전문대졸
1750,6dedd9620114443280a338a7c25b7c8d,남자,46,경상북,4년제 대학교,무직,남성,5,40대,경상북도,대졸
1751,2d1f838258f94cd18c751e74b37ea649,남자,41,경기,고등학교,도로운송 사무원,남성,5,40대,경기도,고졸
1752,dae69822f56e4c2c8efae4969da31a37,남자,49,경기,고등학교,무직,남성,5,40대,경기도,고졸
1753,44d19749dfbb4500a1c3c51cef73e19c,남자,44,경기,4년제 대학교,품질 인증 심사 전문가,남성,5,40대,경기도,대졸
1754,081b280425124cb4b0c028ab5233abc4,남자,44,인천,고등학교,컴퓨터 설치 및 수리원,남성,5,40대,인천광역시,고졸
1755,b581e2b96d954236a1398471d084e3b5,남자,44,경기,4년제 대학교,무직,남성,5,40대,경기도,대졸
1756,f676e2ef4b384e63b79ab9465c51275d,남자,45,인천,4년제 대학교,무직,남성,5,40대,인천광역시,대졸
1757,b1562fdf84f045e3896ec4619198197e,남자,41,경상남,4년제 대학교,영업 관련 관리자,남성,5,40대,경상남도,대졸
1758,c6d36fcbdb294676b5f972d8a8807df1,남자,49,경기,4년제 대학교,냉난방·공조공학 기술자 및 연구원,남성,5,40대,경기도,대졸
1759,930cf3415944460d83d7a0707a0d5015,남자,46,경기,4년제 대학교,품질 관리 사무원,남성,5,40대,경기도,대졸
1760,40dff5857973423a804082f26c15c812,남자,48,경기,2~3년제 전문대학,무직,남성,5,40대,경기도,전문대졸
1761,03089de501cd4f4fb2b59a724a613a8b,남자,41,경기,4년제 대학교,아파트 경비원,남성,5,40대,경기도,대졸
1762,b28da12afe18422782f0fc249e2c1474,남자,42,대구,4년제 대학교,전동차 기관사,남성,5,40대,대구광역시,대졸
1763,bd16ec68b8164ba681a25d4f0905aedd,남자,45,경기,고등학교,공군 부사관,남성,5,40대,경기도,고졸
1764,1405b6a41fb0463bbf3c769fc057ab6e,남자,48,서울,대학원,염색 개발 공학 기술자 및 연구원,남성,5,40대,서울특별시,대학원졸
1765,30b727f8415c406f96c17d5204501ddb,남자,48,서울,4년제 대학교,상품 기획자,남성,5,40대,서울특별시,대졸
1766,ba2c88e670884c169785c3652c5fc8b0,남자,46,강원,고등학교,가스 배관공,남성,5,40대,강원특별자치도,고졸
1767,7ee4468c4c124f86b4476a7cbba783dc,남자,49,경상북,4년제 대학교,특허 사무원,남성,5,40대,경상북도,대졸
1768,5a1a00075858446ea6c8dbb12cb1a0fd,남자,49,서울,4년제 대학교,전화 상담원,남성,5,40대,서울특별시,대졸
1769,153abe88073f41fb9cee114e9ffff870,남자,42,경상북,고등학교,그 외 택배원,남성,5,40대,경상북도,고졸
1770,eedce654f4c34d1dbaf5be868c770688,남자,41,서울,2~3년제 전문대학,그 외 일반 영업원,남성,5,40대,서울특별시,전문대졸
1771,45d389a9cb2a414d8f6723dda4ad74d8,남자,43,서울,대학원,"전직 조사 전문가, 현재 구직중",남성,5,40대,서울특별시,대학원졸
1772,f896f38e8213432597ce6e39ca96f28a,남자,40,경기,4년제 대학교,농약·비료 기술자 및 연구원,남성,5,40대,경기도,대졸
1773,f888e49bdec340dab47c01d1c620ceca,남자,48,경기,고등학교,그 외 물품 이동 장비 조작원,남성,5,40대,경기도,고졸
1774,471791baecc646ebb9a145c3197b1bc2,남자,45,강원,고등학교,출판 및 자료편집 사무원,남성,5,40대,강원특별자치도,고졸
1775,aab49f83b095477198adeff63c14c8f3,남자,46,경상남,4년제 대학교,도로운송 사무원,남성,5,40대,경상남도,대졸
1776,203632a05e034f579c507f34ee29a40c,남자,43,경기,4년제 대학교,그 외 공학 관련 기술자 및 시험원,남성,5,40대,경기도,대졸
1777,fb55118359574df3913628ad916d582d,남자,40,경기,대학원,특허 사무원,남성,5,40대,경기도,대학원졸
1778,88dccf46c8f04a43b50135584dcdccba,남자,48,광주,고등학교,대형 화물차 운전원,남성,5,40대,광주광역시,고졸
1779,3308066d4a854224b71472f468063358,남자,43,경기,4년제 대학교,무직,남성,5,40대,경기도,대졸
1780,ec922ad86e67418398da42cc7439a78d,남자,48,울산,고등학교,그 외 일반 영업원,남성,5,40대,울산광역시,고졸
1781,5e221192f434429d804ed3648dd515a2,남자,40,경기,2~3년제 전문대학,"전직 그 외 기능 관련 종사원, 현재 구직중",남성,5,40대,경기도,전문대졸
1782,1540a2c9b5dd4a238818054995f9dce4,남자,43,경상북,4년제 대학교,생산관리 사무원,남성,5,40대,경상북도,대졸
1783,cb1e1e49020b4f12a8b3b08dce441c87,남자,43,강원,4년제 대학교,통신기기 기술자 및 연구원,남성,5,40대,강원특별자치도,대졸
1784,c917e0987f114e8381247614bcbddbcc,남자,40,서울,4년제 대학교,회계 사무원,남성,5,40대,서울특별시,대졸
1785,bbe99a374de4476688f79826ec255c55,남자,46,경기,고등학교,건설 단순 종사원,남성,5,40대,경기도,고졸
1786,826e1c30af6d40169521516e555ce601,남자,40,경기,4년제 대학교,품질 관리 사무원,남성,5,40대,경기도,대졸
1787,ea4719661b6c4277b428144af2841f5a,남자,43,서울,고등학교,시설 경비원,남성,5,40대,서울특별시,고졸
1788,91bb08238520435c9b05a4d0fceabd14,남자,49,경기,대학원,항공기·철도 차량 공학 기술자 및 연구원,남성,5,40대,경기도,대학원졸
1789,21b24e9ea8b94c8391d0367ec2126daf,남자,49,경기,4년제 대학교,자재 관리 사무원,남성,5,40대,경기도,대졸
1790,014bdc7ebcbb4956b225a05d1d0b7b2d,남자,49,경상북,2~3년제 전문대학,강구조물 건립원,남성,5,40대,경상북도,전문대졸
1791,50028429999648cd8b07cbd86e5f2b7e,남자,46,경기,고등학교,사무 보조원,남성,5,40대,경기도,고졸
1792,45ab91ae4a46442492fe474971d30d06,남자,42,강원,2~3년제 전문대학,카지노 딜러,남성,5,40대,강원특별자치도,전문대졸
1793,ee6edc6e2b8f4a3d9c5610e71a5ac2c6,남자,44,전북,2~3년제 전문대학,그 외 상점 판매원,남성,5,40대,전북특별자치도,전문대졸
1794,239b16edfd1e4bcca33206f7128f2038,남자,49,경기,4년제 대학교,음료 서비스 종사원,남성,5,40대,경기도,대졸
1795,3e209ce7118446bc9bc128a460347559,남자,44,서울,4년제 대학교,무직,남성,5,40대,서울특별시,대졸
1796,fe1d12ef683246c79f6755363e737808,남자,42,충청남,4년제 대학교,생산관리 사무원,남성,5,40대,충청남,대졸
1797,0ea4e803f339401881aecb37a95c588d,남자,41,서울,4년제 대학교,시스템 소프트웨어 설계 및 분석가,남성,5,40대,서울특별시,대졸
1798,5e1a6869b356403f853a3f1b09be51b6,남자,46,경기,대학원,"전직 식품학 연구원, 현재 구직중",남성,5,40대,경기도,대학원졸
1799,4b189ee06c8f427cb3a1ecd148825f43,남자,46,인천,4년제 대학교,지게차 운전원,남성,5,40대,인천광역시,대졸
1800,91124ec7b7ff434da0a842409da4407b,남자,48,서울,4년제 대학교,식품 영업원,남성,5,40대,서울특별시,대졸
1801,63385c80874847bd8f5e62e745f7459a,남자,46,인천,4년제 대학교,무직,남성,5,40대,인천광역시,대졸
1802,8c8b01f0323847d49bff783d5a48ca55,남자,46,경기,고등학교,대리 주차원,남성,5,40대,경기도,고졸
1803,d5a8e2248f2746d28478ae6bc83e0f4f,남자,42,서울,대학원,육군 장교,남성,5,40대,서울특별시,대학원졸
1804,9faefbdc83e94aad90957656b324f75c,남자,47,경상남,고등학교,무직,남성,5,40대,경상남도,고졸
1805,c65092514f5a40b1b6168eec7fdd28a2,남자,45,경상남,고등학교,그 외 도장기 조작원,남성,5,40대,경상남도,고졸
1806,d9ec1f36d54a4407a63337c2b7232abf,남자,46,인천,4년제 대학교,금형원,남성,5,40대,인천광역시,대졸
1807,b3f24f354b9e43c2b345fdc81e578f1d,남자,44,서울,4년제 대학교,그 외 응용 소프트웨어 프로그래머,남성,5,40대,서울특별시,대졸
1808,e23378bf3de14b33ac8b1d221bd67a32,남자,40,대구,2~3년제 전문대학,전화 상담원,남성,5,40대,대구광역시,전문대졸
1809,c9f31201ce544fadaa105ef174462003,남자,41,서울,4년제 대학교,무직,남성,5,40대,서울특별시,대졸
1810,bfd4015f284f407cbd3be077a98d80ac,남자,43,충청남,4년제 대학교,소방설계 기술자 및 연구원,남성,5,40대,충청남,대졸
1811,bfc8d01d435a4a3c9ec626afe11a9dbb,남자,46,전북,중학교,시멘트 및 석회 제조 관련 조작원,남성,5,40대,전북특별자치도,중졸
1812,0fafc2f725ff4d30bba038c83fb8f405,남자,43,서울,고등학교,무직,남성,5,40대,서울특별시,고졸
1813,f794465bb7ed478689df4e78814f6867,남자,48,인천,고등학교,석재 부설원,남성,5,40대,인천광역시,고졸
1814,fa80304fa6da491d917b0686b8e62f94,남자,46,부산,2~3년제 전문대학,경리 사무원,남성,5,40대,부산광역시,전문대졸
1815,67edc1de60204ae2b95cfd819ad140a3,남자,42,충청남,2~3년제 전문대학,무직,남성,5,40대,충청남,전문대졸
1816,5a888a2702bd4622b4db0029bb3654f6,남자,44,대전,2~3년제 전문대학,우편집배원,남성,5,40대,대전광역시,전문대졸
1817,7ac305c30d61480dbd74ea9f29a32644,남자,41,경상남,2~3년제 전문대학,경리 사무원,남성,5,40대,경상남도,전문대졸
1818,4057da2cc5494b16a50fefbcc68c12d0,남자,46,경상남,고등학교,연선기 조작원,남성,5,40대,경상남도,고졸
1819,45fa91874cd3458c99690dd71573eaf7,남자,48,서울,대학원,입학 사정관,남성,5,40대,서울특별시,대학원졸
1820,e74518f37b664a78a88a9c37f4e53760,남자,47,경상남,4년제 대학교,농학 연구원,남성,5,40대,경상남도,대졸
1821,b72d76b1c3f54ca895c1c4603fd61620,남자,41,충청남,고등학교,지게차 운전원,남성,5,40대,충청남,고졸
1822,54a373e05b594db58b3cd3de019f91c4,남자,48,경상남,4년제 대학교,그 외 금융 사무원,남성,5,40대,경상남도,대졸
1823,3a354eee0e274bff88888c17be69b1b6,남자,49,경기,4년제 대학교,지방행정 사무원,남성,5,40대,경기도,대졸
1824,636bc0f894df4f01a755bf6852a90f38,남자,41,부산,2~3년제 전문대학,사무 보조원,남성,5,40대,부산광역시,전문대졸
1825,273ebe698ea84e86b71d606aa0b567ee,남자,42,인천,2~3년제 전문대학,무직,남성,5,40대,인천광역시,전문대졸
1826,483d3f6b20824f93884334f1019e24cd,남자,41,서울,고등학교,그 외 하역 및 적재 단순 종사원,남성,5,40대,서울특별시,고졸
1827,01990d744bb049e7b626867d19cc0990,남자,49,전북,고등학교,강구조물 건립원,남성,5,40대,전북특별자치도,고졸
1828,45f68cc8900c495fb71d4e7e74fc1a52,남자,40,경상남,4년제 대학교,사회복지사,남성,5,40대,경상남도,대졸
1829,fddff48065f54fc2b4960b903543e841,남자,43,서울,2~3년제 전문대학,그 외 법률 관련 사무원,남성,5,40대,서울특별시,전문대졸
1830,bcf990ac592b4c398129050650184f52,남자,44,부산,고등학교,무직,남성,5,40대,부산광역시,고졸
1831,a9c43d40a63c49e7acb6ae113becc87d,남자,45,부산,4년제 대학교,철도운송 사무원,남성,5,40대,부산광역시,대졸
1832,b26cd687170341f2ac215403d3a63543,남자,47,서울,4년제 대학교,경영 컨설턴트,남성,5,40대,서울특별시,대졸
1833,aa3e633c01b04aabb7077e67bdac5172,남자,42,경상북,4년제 대학교,인사 및 노무 사무원,남성,5,40대,경상북도,대졸
1834,d83cb8dc571f47539c6ae970079f4d9e,남자,46,경기,2~3년제 전문대학,보험 사무원,남성,5,40대,경기도,전문대졸
1835,61a1a0580ba244e78bcbb2890686f2f8,남자,48,서울,고등학교,사무 보조원,남성,5,40대,서울특별시,고졸
1836,d7f6c525f2074f5f9cf4354dbffb93e2,남자,45,경기,고등학교,금형원,남성,5,40대,경기도,고졸
1837,4f40a13c9e98432ea5edb43eb26d2051,남자,45,울산,4년제 대학교,범용 소프트웨어 프로그래머,남성,5,40대,울산광역시,대졸
1838,515c831a25c342508d6c1d27a7ccf26c,남자,45,서울,고등학교,우편집배원,남성,5,40대,서울특별시,고졸
1839,63eedfb5f6b64745a42d22ee51eb48a2,남자,43,경기,고등학교,가죽 및 모피 가공원,남성,5,40대,경기도,고졸
1840,0e64245c89c84f78b545ee1914e7c523,남자,41,경기,4년제 대학교,회계 사무원,남성,5,40대,경기도,대졸
1841,5b05f54334e740c6b721ccb63effa754,남자,45,강원,4년제 대학교,육군 장교,남성,5,40대,강원특별자치도,대졸
1842,d98ddb8a35cd4334b4a5a15c308b903e,남자,47,부산,고등학교,지게차 운전원,남성,5,40대,부산광역시,고졸
1843,0b6c4ae4a645464d91d0404e0d374c47,남자,49,경기,2~3년제 전문대학,그 외 기계장비 설치 및 정비원,남성,5,40대,경기도,전문대졸
1844,782fa85fad884877b6f44e5feb7d3509,남자,45,경기,2~3년제 전문대학,무직,남성,5,40대,경기도,전문대졸
1845,7b4e83c2d3624585802d411829a4bd93,남자,43,서울,4년제 대학교,데이터 설계 및 프로그래머,남성,5,40대,서울특별시,대졸
1846,9a1223460f3d43fb86db7cc43d31a440,남자,43,서울,4년제 대학교,마케팅 전문가,남성,5,40대,서울특별시,대졸
1847,4b5f045df4af4f809ea877a600e3fc46,남자,49,인천,4년제 대학교,경리 사무원,남성,5,40대,인천광역시,대졸
1848,76b974e5422045ac89875bddbb5c1349,남자,47,강원,고등학교,무직,남성,5,40대,강원특별자치도,고졸
1849,e5c1ab1e712044ab840faf45b513da92,남자,48,충청북,4년제 대학교,정보 보안 전문가,남성,5,40대,충청북,대졸
1850,cec3614e792741f4a206541ab81f5adb,남자,40,부산,2~3년제 전문대학,철도운송 관련 종사원,남성,5,40대,부산광역시,전문대졸
1851,a8d375346fce4295b041400a0b0ee9d2,남자,49,경기,고등학교,그 외 법률 관련 사무원,남성,5,40대,경기도,고졸
1852,006423a5203342b993f951342bf3ad67,남자,46,서울,4년제 대학교,전화 상담원,남성,5,40대,서울특별시,대졸
1853,d4a77eae81664830aee6320df0362d6d,남자,47,서울,2~3년제 전문대학,하역 및 적재 관련 단순 종사원,남성,5,40대,서울특별시,전문대졸
1854,c809d7357f63462bad036228e875336b,남자,47,경기,4년제 대학교,무직,남성,5,40대,경기도,대졸
1855,1ebc4ff645194b7c94e2049951a5e176,남자,40,대전,4년제 대학교,통신기술 기술자 및 연구원,남성,5,40대,대전광역시,대졸
1856,e86cb46e0ba54b33b66aca0c12f48776,남자,41,서울,2~3년제 전문대학,건물 경비원,남성,5,40대,서울특별시,전문대졸
1857,fb983672c58c4795a253bebba89f03ff,남자,40,대전,4년제 대학교,경리 사무원,남성,5,40대,대전광역시,대졸
1858,edff6177956844aa967fcb5ed574f6b0,남자,40,경기,4년제 대학교,냉난방·공조공학 기술자 및 연구원,남성,5,40대,경기도,대졸
1859,5ce424f212dd4c69846f07394558b646,남자,46,충청남,고등학교,"전직 일반 비서, 현재 구직중",남성,5,40대,충청남,고졸
1860,7122d2cce6b946ce837db03297714af6,남자,41,부산,고등학교,그 외 일반 영업원,남성,5,40대,부산광역시,고졸
1861,660a7e6e623f4fc5957e01c6067b743b,남자,48,부산,4년제 대학교,냉난방·공조공학 기술자 및 연구원,남성,5,40대,부산광역시,대졸
1862,e4004781aca94239b15fe1347b66aa99,남자,44,부산,고등학교,그 외 서비스 관련 단순 종사원,남성,5,40대,부산광역시,고졸
1863,72322011829a4f3c8c45fb17e3145e67,남자,48,서울,4년제 대학교,교육 및 훈련 사무원,남성,5,40대,서울특별시,대졸
1864,b2e973fdbdb345c690afbdff0cbeb123,남자,46,대전,4년제 대학교,품질 관리 사무원,남성,5,40대,대전광역시,대졸
1865,ca78411a8e864a1aa9fe2e0ebbbd37ec,남자,46,경기,4년제 대학교,교육 및 훈련 사무원,남성,5,40대,경기도,대졸
1866,c4c754db3e5a412ba4171d315886eb2a,남자,49,강원,4년제 대학교,여행 사무원,남성,5,40대,강원특별자치도,대졸
1867,53ce0ca9a0684096812eddb643f5059d,남자,41,경기,대학원,화학 연구원,남성,5,40대,경기도,대학원졸
1868,b26a839c0dea4b58999ef45414a79ba0,남자,42,인천,4년제 대학교,스포츠 감독,남성,5,40대,인천광역시,대졸
1869,d9e59732a65441429b86070ecdc59709,남자,48,인천,고등학교,콘크리트패널 조립원,남성,5,40대,인천광역시,고졸
1870,fb73302ecc164cfaa67247f031c80935,남자,47,광주,2~3년제 전문대학,석유화학 기술자 및 연구원,남성,5,40대,광주광역시,전문대졸
1871,75d43fe410af4e6bab511a97534942c0,남자,49,경기,고등학교,경·소형 화물차 운전원,남성,5,40대,경기도,고졸
1872,6bb8904e6aa64a9db290151ebc9a55a4,남자,42,경기,고등학교,무직,남성,5,40대,경기도,고졸
1873,72a5f6ed18984bf59bf719d1ccc073f7,남자,45,경기,4년제 대학교,법무사,남성,5,40대,경기도,대졸
1874,9df91ad8afd346c6b705c5881c7651a0,남자,49,서울,4년제 대학교,무직,남성,5,40대,서울특별시,대졸
1875,86794ecd980b45cc8263c29a2f503fde,남자,49,서울,고등학교,자재 관리 사무원,남성,5,40대,서울특별시,고졸
1876,b04969c001504394b20a6c85bf38c065,남자,44,경기,고등학교,무직,남성,5,40대,경기도,고졸
1877,71fc2994d6f644a1bf54c743126125a2,남자,46,대구,고등학교,시민 단체 활동가,남성,5,40대,대구광역시,고졸
1878,01a8210d7ef246b0b6e1db614eedbe18,남자,48,경기,4년제 대학교,그 외 경영 지원 관리자,남성,5,40대,경기도,대졸
1879,095f7235e7cb4ea2868bd1f0281f9357,남자,47,부산,2~3년제 전문대학,식품 영업원,남성,5,40대,부산광역시,전문대졸
1880,9894817ffeae4153a613f6c55373cc39,남자,49,대전,고등학교,그 외 일반 영업원,남성,5,40대,대전광역시,고졸
1881,5164b867c9ce4622b16d227bbd0abff7,남자,46,울산,2~3년제 전문대학,기계공학 시험원,남성,5,40대,울산광역시,전문대졸
1882,5789f35b043742ba8700034c0b13d268,남자,42,경기,4년제 대학교,생산관리 사무원,남성,5,40대,경기도,대졸
1883,677da4098b0c44869d0795709a48ebc1,남자,40,경기,4년제 대학교,자동차공학 기술자 및 연구원,남성,5,40대,경기도,대졸
1884,22099eacc86b46c0be15f85c2bd80775,남자,44,강원,고등학교,컴퓨터 설치 및 수리원,남성,5,40대,강원특별자치도,고졸
1885,5f2394c133324e70bf407861c2b386b6,남자,44,전북,4년제 대학교,컴퓨터 소프트웨어 개발 관리자,남성,5,40대,전북특별자치도,대졸
1886,d9ca221fe44448618b89b835214a226f,남자,47,경기,대학원,무직,남성,5,40대,경기도,대학원졸
1887,36365f16e11448258121a4dc78954acc,남자,42,경기,4년제 대학교,농업용 기계장비 기술 영업원,남성,5,40대,경기도,대졸
1888,ddd8c9121ad349e6a6202a5141f519d9,남자,48,서울,4년제 대학교,그 외 법률 관련 사무원,남성,5,40대,서울특별시,대졸
1889,4cdf1f0024ab4444aaf015dd6dc8d878,남자,41,경기,2~3년제 전문대학,소규모 상점 경영자,남성,5,40대,경기도,전문대졸
1890,8c7c992d2c474186a96bc98318dc1289,남자,44,경기,4년제 대학교,기획 관리자,남성,5,40대,경기도,대졸
1891,8c415de014cb438caacba4d89203f747,남자,42,제주,4년제 대학교,공공행정 사무원,남성,5,40대,제주특별자치도,대졸
1892,77221b29ea4f43788ebc554c7c96d4a2,남자,48,경기,4년제 대학교,산업 안전원,남성,5,40대,경기도,대졸
1893,ea602ec4323245f3ae320bb79a466c34,남자,48,대구,고등학교,무직,남성,5,40대,대구광역시,고졸
1894,55217729501b4fa1bf1391745cb0caf5,남자,45,경기,고등학교,용접기 조작원,남성,5,40대,경기도,고졸
1895,7e81aea24824498bb6fff4362f7e17f0,남자,40,경상북,4년제 대학교,어업 시험원,남성,5,40대,경상북도,대졸
1896,7f3fdef756884fbdacd637720e7f1129,남자,46,부산,대학원,금속공학 기술자 및 연구원,남성,5,40대,부산광역시,대학원졸
1897,814f0859b71f453ebaf0bf6755eb9066,남자,49,서울,4년제 대학교,그 외 금속·재료 공학 기술자 및 연구원,남성,5,40대,서울특별시,대졸
1898,99005689fc1646a0b2dbcc2114ed667a,남자,42,경기,4년제 대학교,증권 사무원,남성,5,40대,경기도,대졸
1899,bf001349b94a46a892a90e751c8ac1b1,남자,47,전북,2~3년제 전문대학,일반 비서,남성,5,40대,전북특별자치도,전문대졸
1900,8f6354f218e2483d82830a17ce34b71b,남자,43,경기,2~3년제 전문대학,"전직 온라인 쇼핑 판매원, 현재 구직중",남성,5,40대,경기도,전문대졸
1901,b609bc46ef89409d9c4925738bd51b9c,남자,42,인천,대학원,그 외 일반 영업원,남성,5,40대,인천광역시,대학원졸
1902,86da694b8ac44bd6905b6e0f4cbf4439,남자,47,경기,고등학교,무직,남성,5,40대,경기도,고졸
1903,5132ad2bab2946ef9f1456004076632e,남자,46,경기,고등학교,경·소형 화물차 운전원,남성,5,40대,경기도,고졸
1904,99cd85aacb45428eb748a5b462978af7,남자,44,강원,2~3년제 전문대학,육군 부사관,남성,5,40대,강원특별자치도,전문대졸
1905,f0707324eff14a05a3da2ff656e52613,남자,43,서울,대학원,무직,남성,5,40대,서울특별시,대학원졸
1906,a2be9d13b28b497a8433a463a16fc388,남자,41,경기,고등학교,특허 사무원,남성,5,40대,경기도,고졸
1907,14068ccbf4f54a51a6305820b3c10a88,남자,40,경상북,고등학교,유리 관련 기능 종사원,남성,5,40대,경상북도,고졸
1908,7b7a9b2141484e3586b7efb03e45cfda,남자,40,경기,고등학교,배전반 조작원,남성,5,40대,경기도,고졸
1909,96d793d08cc74589bf597922fb3f7b38,남자,41,경기,2~3년제 전문대학,인쇄 필름 출력원,남성,5,40대,경기도,전문대졸
1910,3b3b4438e339441884e6384ae67b3ff5,남자,44,인천,고등학교,그 외 자동차 정비원,남성,5,40대,인천광역시,고졸
1911,6f718ffbc9de4bb6841af0eb735f560f,남자,49,충청남,4년제 대학교,철도운송 관련 종사원,남성,5,40대,충청남,대졸
1912,158ad0977bdf46d18979395d64f68519,남자,40,전라남,고등학교,무직,남성,5,40대,전라남,고졸
1913,c7c23d96d165407fab405836d0a5e4d1,남자,42,부산,고등학교,노점 및 이동 판매원,남성,5,40대,부산광역시,고졸
1914,7ab3ec31e7d04fe5bd0e9296c9de179b,남자,40,서울,4년제 대학교,회계 사무원,남성,5,40대,서울특별시,대졸
1915,b44e0c65bfde433f896bed095843bac1,남자,40,부산,4년제 대학교,그 외 일반 영업원,남성,5,40대,부산광역시,대졸
1916,eeb0791bfd89401594c98974b8714cd1,남자,41,울산,고등학교,소규모 상점 경영자,남성,5,40대,울산광역시,고졸
1917,544c78e68f024e8e813617c4de374c73,남자,48,경기,고등학교,생산관리 사무원,남성,5,40대,경기도,고졸
1918,8d209a0dbad342cebbc082a2a8f9867b,남자,49,경기,2~3년제 전문대학,금형원,남성,5,40대,경기도,전문대졸
1919,c8a2a6bca17b4f2ab3cec4a1b840b649,남자,43,대구,4년제 대학교,영업 관리 사무원,남성,5,40대,대구광역시,대졸
1920,15a6926450284e178a6cf688a5fe9777,남자,45,경기,고등학교,그 외 물품 이동 장비 조작원,남성,5,40대,경기도,고졸
1921,267b8712e8ce409daa520c7fcd961751,남자,40,서울,대학원,철도교통 관제사,남성,5,40대,서울특별시,대학원졸
1922,e8aafa79af244e04a542900981b7b89a,남자,47,경상북,2~3년제 전문대학,시설 경비원,남성,5,40대,경상북도,전문대졸
1923,0792d94a8cd046dc8b4479be1c2e8e14,남자,48,인천,중학교,그 외 기능 관련 종사원,남성,5,40대,인천광역시,중졸
1924,d1ffe1a333d448a8af9b6c71698f78fe,남자,47,전라남,4년제 대학교,정보 시스템 운영자,남성,5,40대,전라남,대졸
1925,7b27b60ce62f4cae88c8854b24219924,남자,46,경기,2~3년제 전문대학,그 외 일반 영업원,남성,5,40대,경기도,전문대졸
1926,da9b6822f4014d4ba322e0bbc747ffb2,남자,44,서울,2~3년제 전문대학,식품 영업원,남성,5,40대,서울특별시,전문대졸
1927,e717fe92ecce49119cda7cf22d3058cd,남자,40,서울,4년제 대학교,식품공학 기술자 및 연구원,남성,5,40대,서울특별시,대졸
1928,b142481fe743434f9917072928b31351,남자,44,경기,4년제 대학교,생산관리 사무원,남성,5,40대,경기도,대졸
1929,f90666e6ac28495ba6741635b6e1bdfc,남자,48,부산,2~3년제 전문대학,청소년 지도사,남성,5,40대,부산광역시,전문대졸
1930,a11b401c413541f481adb3dbf07ae2b7,남자,49,제주,4년제 대학교,교육 및 훈련 사무원,남성,5,40대,제주특별자치도,대졸
1931,09eac87b25a949ae806f6d0624378ed5,남자,47,경기,고등학교,음료 배달원,남성,5,40대,경기도,고졸
1932,f5871d2909024474be4c612dbb01770d,남자,49,제주,4년제 대학교,육군 장교,남성,5,40대,제주특별자치도,대졸
1933,f9861ed2646c414cbb1601727bae97dc,남자,47,경기,2~3년제 전문대학,그 외 일반 영업원,남성,5,40대,경기도,전문대졸
1934,960d18bb769a445b826bceb48c1a3658,남자,40,경기,2~3년제 전문대학,사진작가,남성,5,40대,경기도,전문대졸
1935,4db55b0bb57e46159798b2b8e7ff8b56,남자,40,서울,고등학교,식품 영업원,남성,5,40대,서울특별시,고졸
1936,876392bad8b341ed8c02feb02867e980,남자,42,서울,4년제 대학교,해외 영업원,남성,5,40대,서울특별시,대졸
1937,5bab3949e12843829cacef275f145c20,남자,45,대구,고등학교,건물 경비원,남성,5,40대,대구광역시,고졸
1938,f7fcb95c8a1545f5a5d4f913b8d5521f,남자,43,경상남,고등학교,일식 조리사,남성,5,40대,경상남도,고졸
1939,761b3a6deafb46da87c2c1cf59143946,남자,43,인천,고등학교,경·소형 화물차 운전원,남성,5,40대,인천광역시,고졸
1940,98c587febef34d9388e4d250450ac717,남자,46,경기,4년제 대학교,조사 전문가,남성,5,40대,경기도,대졸
1941,c70d3d94e90140dc99eacd5a0027ef25,남자,44,광주,4년제 대학교,관세행정 사무원,남성,5,40대,광주광역시,대졸
1942,2988723e670c4f15bf7af804b2e85b61,남자,45,경기,4년제 대학교,조사 전문가,남성,5,40대,경기도,대졸
1943,d4c29d95097a4297ab3fcf1abce4c24b,남자,49,충청남,4년제 대학교,무직,남성,5,40대,충청남,대졸
1944,69964b94145c48e7b3a830c1bdd9ebe5,남자,40,경기,고등학교,가스 용접원,남성,5,40대,경기도,고졸
1945,0751d1f27ac84b6db11eec5caf123d16,남자,43,전북,4년제 대학교,그 외 중·고등학교 교사,남성,5,40대,전북특별자치도,대졸
1946,dded633a22d2473c8f54eb909fc40c60,남자,40,경상북,고등학교,양식 조리사,남성,5,40대,경상북도,고졸
1947,980e265d64e9491a81c56ab0b0d1b7f2,남자,42,대구,대학원,병무행정 사무원,남성,5,40대,대구광역시,대학원졸
1948,1ab973bab20a4df18320066e3221baca,남자,42,경기,고등학교,경리 사무원,남성,5,40대,경기도,고졸
1949,66f69112e0d24b1e9506a8aea25e51a6,남자,40,경상북,고등학교,강구조물 건립원,남성,5,40대,경상북도,고졸
1950,d59bfcbc4e444f9bb13daab61770220c,남자,42,서울,2~3년제 전문대학,그 외 기획 및 마케팅 사무원,남성,5,40대,서울특별시,전문대졸
1951,f36f3875c41641f3a46ba2dbf55aac9e,남자,40,대구,대학원,통신기기 기술자 및 연구원,남성,5,40대,대구광역시,대학원졸
1952,8f564f9de7774e478026b0241bfe9ac4,남자,43,서울,대학원,시스템 소프트웨어 프로그래머,남성,5,40대,서울특별시,대학원졸
1953,3b7efa9d561842cd8a74bdceceae63a5,남자,49,대전,4년제 대학교,무직,남성,5,40대,대전광역시,대졸
1954,78a786e073d0412eab06309f4408a5f4,남자,41,대전,2~3년제 전문대학,그 외 일반 영업원,남성,5,40대,대전광역시,전문대졸
1955,7ef576d265ef4592981155ca2323a1ca,남자,45,경기,4년제 대학교,회계 사무원,남성,5,40대,경기도,대졸
1956,66b767ef1e1a4b959b29d48b6071e676,남자,43,전북,고등학교,시설 경비원,남성,5,40대,전북특별자치도,고졸
1957,ea1eca9348c145f3842de479251697bf,남자,49,경기,고등학교,분식 조리사,남성,5,40대,경기도,고졸
1958,918b3780830b48fca264bfd085851f7a,남자,46,인천,고등학교,전화 상담원,남성,5,40대,인천광역시,고졸
1959,41670bbd806f4544a14a7401039a1fbd,남자,48,경기,고등학교,회계 사무원,남성,5,40대,경기도,고졸
1960,9016e8532519477e9837d9ac3e14a0ec,남자,40,경기,2~3년제 전문대학,도로운송 사무원,남성,5,40대,경기도,전문대졸
1961,afe42b2baa30464a8b0c8ef45ed82cc4,남자,41,광주,2~3년제 전문대학,시설 경비원,남성,5,40대,광주광역시,전문대졸
1962,faa87897bab0454c9a52c46bf48d6632,남자,43,경상북,4년제 대학교,회계 사무원,남성,5,40대,경상북도,대졸
1963,41303b834a8c4330a2988f8fcc5d15c1,남자,48,경기,고등학교,"전직 경·소형 화물차 운전원, 현재 구직중",남성,5,40대,경기도,고졸
1964,1be6eee8067a42b39263b52df3a2a644,남자,40,경기,2~3년제 전문대학,산업 안전원,남성,5,40대,경기도,전문대졸
1965,9f6b0f6847944d40a5b65668fdf2229f,남자,44,부산,2~3년제 전문대학,데스크 안내원,남성,5,40대,부산광역시,전문대졸
1966,e4a1de1d241146f3b27d1303f2093a01,남자,40,경상북,4년제 대학교,무직,남성,5,40대,경상북도,대졸
1967,ee51e2b1183d41568e78ab0f4f2087fb,남자,47,서울,4년제 대학교,범용 소프트웨어 프로그래머,남성,5,40대,서울특별시,대졸
1968,036847acaa754d149153d1310f8a6271,남자,48,서울,고등학교,강구조물 가공원,남성,5,40대,서울특별시,고졸
1969,5fd068a9bb044c88be12fa3241d3530b,남자,43,경상북,4년제 대학교,교육 및 훈련 사무원,남성,5,40대,경상북도,대졸
1970,63ca655af4a144b69f1f9080c5074162,남자,41,울산,4년제 대학교,공공행정 사무원,남성,5,40대,울산광역시,대졸
1971,7a374ee9b0da4772b837d5a1f2aece75,남자,46,충청북,2~3년제 전문대학,무직,남성,5,40대,충청북,전문대졸
1972,4cd5ab7ed2d64275a200341b34fc4a84,남자,45,전북,중학교,그 외 제조 관련 단순 종사원,남성,5,40대,전북특별자치도,중졸
1973,fcb91eaa9a7a43d296430ab6e959824c,남자,48,부산,2~3년제 전문대학,화학물 증류기 및 반응기 조작원,남성,5,40대,부산광역시,전문대졸
1974,6b08dde117944a63841aef63108c846e,남자,46,서울,4년제 대학교,정보 보안 전문가,남성,5,40대,서울특별시,대졸
1975,0ae026c3e10f4bed9938a3367a1b4207,남자,40,서울,4년제 대학교,관세행정 사무원,남성,5,40대,서울특별시,대졸
1976,a348608d58904a649a9f2375f8a0fa64,남자,41,인천,4년제 대학교,고무·플라스틱 기술자 및 연구원,남성,5,40대,인천광역시,대졸
1977,6073fcb25b724591aef72e875fe32a63,남자,49,서울,대학원,경영 기획 사무원,남성,5,40대,서울특별시,대학원졸
1978,cf0e51ec7a564d329eee061a62196efa,남자,48,경기,고등학교,방송케이블 설치 및 수리원,남성,5,40대,경기도,고졸
1979,77312a1dc436413c9add57bab47c6f3f,남자,44,인천,2~3년제 전문대학,무직,남성,5,40대,인천광역시,전문대졸
1980,2e70c3f64c6e4c9e8a910a4d25b41813,남자,49,경기,고등학교,무직,남성,5,40대,경기도,고졸
1981,d67d9bbcd3e646e88469a685c31b79c3,남자,46,경기,고등학교,무직,남성,5,40대,경기도,고졸
1982,0bfb03fd97824fe08913265c94b74363,남자,43,서울,4년제 대학교,산업 안전원,남성,5,40대,서울특별시,대졸
1983,849c3c12919a4938ab069a42f04167d3,남자,44,경기,4년제 대학교,회계 사무원,남성,5,40대,경기도,대졸
1984,ecdb479f6d794a72a3609e0dd7d54e1b,남자,49,서울,고등학교,그 외 법률 관련 사무원,남성,5,40대,서울특별시,고졸
1985,eab297a0664b47168190c442b09a6462,남자,42,대구,2~3년제 전문대학,도로운송 사무원,남성,5,40대,대구광역시,전문대졸
1986,097512115eb7446b84db590f318b9660,남자,48,경기,4년제 대학교,"전직 관세행정 사무원, 현재 구직중",남성,5,40대,경기도,대졸
1987,0b2b9e05990648d895be52f94c81dc7e,남자,45,경기,고등학교,경·소형 화물차 운전원,남성,5,40대,경기도,고졸
1988,1eaca5bd0a73430ebf8c47c46fe410e4,남자,42,서울,4년제 대학교,한복 제조원,남성,5,40대,서울특별시,대졸
1989,3087d4c3c5ef4ed5badae554dcdc4052,남자,40,대전,고등학교,"전직 건물 경비원, 현재 구직중",남성,5,40대,대전광역시,고졸
1990,1134a28aba634faba7bdd3532b0db42f,남자,45,강원,고등학교,그 외 법률 관련 사무원,남성,5,40대,강원특별자치도,고졸
1991,59066df7821947ee89be1c958b75cafa,남자,41,경기,2~3년제 전문대학,자재 관리 사무원,남성,5,40대,경기도,전문대졸
1992,c0200b80bdee4fc091bd90a6fc9f5a9f,남자,46,경기,고등학교,중형 화물차 운전원,남성,5,40대,경기도,고졸
1993,ee1a5d1bf4644290ae942ea557bb140c,남자,40,서울,4년제 대학교,무직,남성,5,40대,서울특별시,대졸
1994,81ad77f178d741c8b613b75d0e0880ad,남자,48,서울,4년제 대학교,무직,남성,5,40대,서울특별시,대졸
1995,5e0e8cd6fb414f8faf67d842161314f1,남자,47,경기,대학원,통신기기 기술자 및 연구원,남성,5,40대,경기도,대학원졸
1996,de2036522b6845f697138d547f5e38a7,남자,43,경기,고등학교,건물 경비원,남성,5,40대,경기도,고졸
1997,26f15e15df4e468e9f2914b81ddacf40,남자,49,충청남,고등학교,철도운송 사무원,남성,5,40대,충청남,고졸
1998,958358d13839401fa84e480d3c029261,남자,41,울산,4년제 대학교,자동차공학 기술자 및 연구원,남성,5,40대,울산광역시,대졸
1999,677388203ece40929fd6043dd19500cd,남자,48,경기,2~3년제 전문대학,정보 시스템 운영자,남성,5,40대,경기도,전문대졸
2000,0ac0ff7d41274f719347f6ca6bb7495c,남자,44,경기,4년제 대학교,소방설계 기술자 및 연구원,남성,5,40대,경기도,대졸
2001,d1a17b3f5ccd424d93fb322a020d3870,남자,43,광주,2~3년제 전문대학,무직,남성,5,40대,광주광역시,전문대졸
2002,61ffee3600614d97837a4ea2605e0907,남자,44,광주,2~3년제 전문대학,조사 전문가,남성,5,40대,광주광역시,전문대졸
2003,3dd43911f89d40e5b6f5b80bb8c3b239,남자,46,부산,고등학교,119 구조대원,남성,5,40대,부산광역시,고졸
2004,46ddea79c66d4a419be80a52c0198688,남자,47,전라남,2~3년제 전문대학,건물 경비원,남성,5,40대,전라남,전문대졸
2005,4dd8aeced3484a6f9960f22d5e6872a2,남자,45,부산,고등학교,경·소형 화물차 운전원,남성,5,40대,부산광역시,고졸
2006,173708ef0e4c402bacd49cf6a2d58f1d,남자,41,서울,4년제 대학교,영업 관리 사무원,남성,5,40대,서울특별시,대졸
2007,02bc2a588d804f1c8188ebc1aee40d4c,남자,40,서울,2~3년제 전문대학,사무 보조원,남성,5,40대,서울특별시,전문대졸
2008,a934bb9260af4e409ff725417d280591,남자,42,대전,2~3년제 전문대학,회계 사무원,남성,5,40대,대전광역시,전문대졸
2009,70154a4f47aa4523baa9ec92926c9137,남자,49,경상북,4년제 대학교,그 외 환경공학 관련 시험원,남성,5,40대,경상북도,대졸
2010,6242ef42ace64878a8204a06969a647c,남자,41,경기,4년제 대학교,그 외 일반 영업원,남성,5,40대,경기도,대졸
2011,d1d575074e834366875dc4977f31a969,남자,47,인천,고등학교,플랜트 전기 설치원,남성,5,40대,인천광역시,고졸
2012,fc21727b5f61465c96c9fa242dcf7d0c,남자,44,경기,4년제 대학교,조사 전문가,남성,5,40대,경기도,대졸
2013,5b753f1f41f34e7ba105ac36f9f29fe0,남자,47,경상남,고등학교,판금원,남성,5,40대,경상남도,고졸
2014,1acb4ec9d8834899a86cd56ab5c113b6,남자,45,서울,대학원,출판물 편집자,남성,5,40대,서울특별시,대학원졸
2015,01a9424ec04749e89ff14bd683d3670b,남자,47,충청북,고등학교,전화 상담원,남성,5,40대,충청북,고졸
2016,5da21b23e80049f49655a91dab4e6d93,남자,41,경기,4년제 대학교,경영 기획 사무원,남성,5,40대,경기도,대졸
2017,c2b8895f6f17424eb6d71f05e3acc229,남자,40,전라남,4년제 대학교,무직,남성,5,40대,전라남,대졸
2018,9881642db091452a8e6d91ffba496001,남자,44,경기,중학교,건물 경비원,남성,5,40대,경기도,중졸
2019,c9807506505f4418a1baf1dc5e6f58f3,남자,42,경상남,고등학교,그 외 용접원,남성,5,40대,경상남도,고졸
2020,86e9486788f349438e175ba8ca802b3c,남자,42,경상북,2~3년제 전문대학,지게차 운전원,남성,5,40대,경상북도,전문대졸
2021,89d0a26dd9fc405482126b32fd63724f,남자,40,경기,2~3년제 전문대학,크레인 운전원,남성,5,40대,경기도,전문대졸
2022,3cbc1029fdbc47689ae44ba4d9c40047,남자,45,서울,2~3년제 전문대학,철도운송 관련 종사원,남성,5,40대,서울특별시,전문대졸
2023,ab11fd1d668e4031a7d5e4ed6a52af46,남자,47,울산,4년제 대학교,소규모 상점 경영자,남성,5,40대,울산광역시,대졸
2024,1f5028e2fa6940d2ad8a4352a8c15774,남자,49,인천,대학원,"전직 인사 및 노무 사무원, 현재 구직중",남성,5,40대,인천광역시,대학원졸
2025,a8187e7f1dfc4ad58d5c10e6076fc55d,남자,44,경기,4년제 대학교,경영 컨설턴트,남성,5,40대,경기도,대졸
2026,c09e22c755e9423b982dc722fe229265,남자,43,경기,대학원,경영 컨설턴트,남성,5,40대,경기도,대학원졸
2027,7806bece58dd4edc9f1f8a7e52532a36,남자,42,광주,2~3년제 전문대학,보건 위생 검사원,남성,5,40대,광주광역시,전문대졸
2028,162c77cd11ad4536b4dee78d24b2221a,남자,40,부산,4년제 대학교,무직,남성,5,40대,부산광역시,대졸
2029,edc6b790f6d24121962845e9b67c02cc,남자,46,대구,고등학교,시설 경비원,남성,5,40대,대구광역시,고졸
2030,090c380054c84e97a7de7f90e8601277,남자,43,경기,4년제 대학교,플랜트공학 기술자 및 연구원,남성,5,40대,경기도,대졸
2031,fb0149794ffa4b228935a7dcdeaf3c13,남자,41,서울,고등학교,강구조물 건립원,남성,5,40대,서울특별시,고졸
2032,c44b0069d5b0400b811a0c8e97f7e016,남자,49,경기,4년제 대학교,생산관리 사무원,남성,5,40대,경기도,대졸
2033,0ed7e5f16c7b4da1a2c3f2aff9bbe344,남자,43,서울,4년제 대학교,무직,남성,5,40대,서울특별시,대졸
2034,d05659374e1e40f5831233c433fcd3e6,남자,48,서울,고등학교,그 외 조리사,남성,5,40대,서울특별시,고졸
2035,46990f1807e54721abc0a9357bde6ffc,남자,46,경기,4년제 대학교,무직,남성,5,40대,경기도,대졸
2036,82b0305e390542acac54e33a0ffa38f8,남자,49,경기,2~3년제 전문대학,철도운송 관련 종사원,남성,5,40대,경기도,전문대졸
2037,0b22630c320a41bea7546ef3dff155cc,남자,40,대구,고등학교,잠수 기능원,남성,5,40대,대구광역시,고졸
2038,180010d7db284797afe3231dc7c5eaf2,남자,40,울산,고등학교,사무 보조원,남성,5,40대,울산광역시,고졸
2039,83ddccbde9d54fdda8de85cb61a65ecb,남자,42,서울,4년제 대학교,무직,남성,5,40대,서울특별시,대졸
2040,9c731f2062114daa81ed3b131da6ed2b,남자,49,강원,4년제 대학교,농약 및 비료 시험원,남성,5,40대,강원특별자치도,대졸
2041,058a18bb4fd84acb949250adc413dc69,남자,41,인천,2~3년제 전문대학,그 외 운송장비 정비원,남성,5,40대,인천광역시,전문대졸
2042,bbddacecda4948f28b294b9fcd5985f2,남자,47,경기,대학원,영업 관리 사무원,남성,5,40대,경기도,대학원졸
2043,fb45050c9782407da1eedaf1dc68cc75,남자,45,서울,4년제 대학교,식품 영업원,남성,5,40대,서울특별시,대졸
2044,1c643eef15914425bf81f2b4628ce298,남자,46,광주,4년제 대학교,자동차공학 기술자 및 연구원,남성,5,40대,광주광역시,대졸
2045,905d51f60c61407db9372e2d2122ad88,남자,41,경기,고등학교,소규모 상점 경영자,남성,5,40대,경기도,고졸
2046,3d2a652a575a4679be9ca760af7bf1ac,남자,49,대전,2~3년제 전문대학,정보 시스템 운영자,남성,5,40대,대전광역시,전문대졸
2047,725bb0947421434d974b53f1f65b04d5,남자,42,대전,2~3년제 전문대학,해군 장교,남성,5,40대,대전광역시,전문대졸
2048,88e45de423074c3086b2f2e1c98df3b0,남자,41,경기,4년제 대학교,소방시설 공사 기술자 및 연구원,남성,5,40대,경기도,대졸
2049,4c5ab4647a874810ba5ee4d6db73db71,남자,40,경기,2~3년제 전문대학,무직,남성,5,40대,경기도,전문대졸
2050,2ed8f43ebe344c2b999c353fe0f4aab6,남자,49,부산,4년제 대학교,음식료품 판매원,남성,5,40대,부산광역시,대졸
2051,da1c273960284801809633c596da01e5,남자,49,경상남,고등학교,용융 도금기 조작원,남성,5,40대,경상남도,고졸
2052,a510cd14b67944a8a0d28faf94ed242f,남자,48,경상북,4년제 대학교,기계제품 생산 관리자,남성,5,40대,경상북도,대졸
2053,fd379696def246e6a013c9a275a0aff2,남자,45,경기,4년제 대학교,전자제품 개발 기술자 및 연구원,남성,5,40대,경기도,대졸
2054,01be3932814e4f889d5c80747a370195,남자,47,제주,4년제 대학교,토목 관련 관리자,남성,5,40대,제주특별자치도,대졸
2055,ff254af9e4074f089aa31953395be7c9,남자,47,대구,2~3년제 전문대학,통신장비 기사,남성,5,40대,대구광역시,전문대졸
2056,3d98c384f54e4e8095d0c54eaaab87d2,남자,42,경기,무학,하역 및 적재 관련 단순 종사원,남성,5,40대,경기도,무학
2057,b5b61a27646240ca9701e0f54d1c1d24,남자,47,경기,4년제 대학교,무직,남성,5,40대,경기도,대졸
2058,b1095d77336f4676bd25e3ec30ff7cec,남자,48,충청남,4년제 대학교,특허 사무원,남성,5,40대,충청남,대졸
2059,2808a12d14994e1ca5111fa1edcbc331,남자,44,서울,고등학교,인쇄 관련 기능 종사원,남성,5,40대,서울특별시,고졸
2060,8ada0092679940eab8ea77f3a44a7a93,남자,43,서울,2~3년제 전문대학,단말기 및 통신 서비스 판매원,남성,5,40대,서울특별시,전문대졸
2061,ac0848e4986d493b925363c0de5534f5,남자,48,대전,대학원,조선공학 기술자 및 연구원,남성,5,40대,대전광역시,대학원졸
2062,e79b09133d8c49eca4f6cbc345251551,남자,45,강원,4년제 대학교,선장,남성,5,40대,강원특별자치도,대졸
2063,6c14396c9eba4c3d9c652655d8553625,남자,49,충청남,대학원,경영 기획 사무원,남성,5,40대,충청남,대학원졸
2064,2e56c9280d4b46b8b68e2cb50027c125,남자,45,서울,2~3년제 전문대학,119 구조대원,남성,5,40대,서울특별시,전문대졸
2065,e5d5373a6cf745e38eca637a4f183414,남자,47,서울,4년제 대학교,교육 및 훈련 사무원,남성,5,40대,서울특별시,대졸
2066,fb2bc564d42442029e17e8464d8a354b,남자,42,전북,2~3년제 전문대학,중고차 영업원,남성,5,40대,전북특별자치도,전문대졸
2067,27fbce41b5c04cf7a4d7aefa69da0bcd,남자,43,경기,2~3년제 전문대학,산업용로봇 조작원,남성,5,40대,경기도,전문대졸
2068,b29c213875ff4c31ad7e117b9682b40d,남자,41,대전,4년제 대학교,그 외 법률 관련 사무원,남성,5,40대,대전광역시,대졸
2069,2265e417bc0f44f194c4f6df2e2ac0b3,남자,48,전북,고등학교,일식 조리사,남성,5,40대,전북특별자치도,고졸
2070,42c77e9623864035af93839ff183c1d8,남자,46,경기,대학원,자동차 부품 기술 영업원,남성,5,40대,경기도,대학원졸
2071,36d74c0453fd4c5880f82b5ffd9eb4f0,남자,45,충청북,고등학교,지게차 운전원,남성,5,40대,충청북,고졸
2072,a4e26a0cc48943fd8d5b34b431d45e7f,남자,44,대전,2~3년제 전문대학,인사 및 노무 사무원,남성,5,40대,대전광역시,전문대졸
2073,4ba10cb3f37b49088f8f38da6b9ad951,남자,46,대전,고등학교,그 외 물품 이동 장비 조작원,남성,5,40대,대전광역시,고졸
2074,c21341ea730c42ecb45f4aa9a5fdaee5,남자,45,경기,중학교,그 외 환경미화원 및 재활용품 수거원,남성,5,40대,경기도,중졸
2075,386725ee3f8846a385b23012ecbaeb14,남자,43,전라남,대학원,축산 및 수의학 연구원,남성,5,40대,전라남,대학원졸
2076,daa319fb311947139c5cb324c7dd8847,남자,49,경기,고등학교,강구조물 건립원,남성,5,40대,경기도,고졸
2077,fd927bcbf05a4636a76f43aab6112455,남자,43,울산,고등학교,컴퓨터 시스템 설계 및 분석가,남성,5,40대,울산광역시,고졸
2078,a15f1a749c9e45989c59360525fc915e,남자,46,서울,대학원,무직,남성,5,40대,서울특별시,대학원졸
2079,49b4a10b65274210b0fa3473639d7079,남자,41,경상남,고등학교,수동 포장원,남성,5,40대,경상남도,고졸
2080,6bc6696888004454b13373430af3ed6a,남자,43,서울,대학원,석유화학 기술자 및 연구원,남성,5,40대,서울특별시,대학원졸
2081,e44a5759fa2a4a69b5a7c286b2c33133,남자,45,경기,고등학교,무직,남성,5,40대,경기도,고졸
2082,fa1fcfb0017b4b4d8c2fd9fb90935c53,남자,42,인천,2~3년제 전문대학,금형원,남성,5,40대,인천광역시,전문대졸
2083,ffeb3969d6e84d8196cd39b4a666b5c2,남자,46,경상남,2~3년제 전문대학,건물 전기 및 전자설비 조작원,남성,5,40대,경상남도,전문대졸
2084,ae9d60a9a1a946b083a3b1dbff380423,남자,41,부산,2~3년제 전문대학,자동 조립라인 조작원,남성,5,40대,부산광역시,전문대졸
2085,ad51c1f95ebf490383aa7004be563526,남자,45,서울,4년제 대학교,경영 기획 사무원,남성,5,40대,서울특별시,대졸
2086,986930502e10455fa2c6dbcfcf11a211,남자,49,경기,4년제 대학교,119 구조대원,남성,5,40대,경기도,대졸
2087,2a787cace04542c1a9b7c9143c051960,남자,48,충청북,4년제 대학교,플랜트공학 기술자 및 연구원,남성,5,40대,충청북,대졸
2088,89d9c6b9d3aa484186e21b7c3f9ca768,남자,44,충청북,4년제 대학교,산업용로봇 조작원,남성,5,40대,충청북,대졸
2089,788fb4b2a56f4a53bf766d44e3fdcb62,남자,44,서울,고등학교,한식 조리사,남성,5,40대,서울특별시,고졸
2090,782da524cf384dc7ac8d83dfb101e267,남자,45,강원,4년제 대학교,그 외 스포츠 및 레크리에이션 관련 전문가,남성,5,40대,강원특별자치도,대졸
2091,8efa88cc64d247ae9fb9031a077e1c2c,남자,40,경기,2~3년제 전문대학,네트워크 시스템 개발자,남성,5,40대,경기도,전문대졸
2092,bd639c3d7adf47e780a81f710098df17,남자,40,광주,고등학교,금형원,남성,5,40대,광주광역시,고졸
2093,e00f77a0992d4f468d0c665c400d4e60,남자,46,경기,초등학교,건물 청소원,남성,5,40대,경기도,초졸이하
2094,8511d0bbbd094c24930c814ca0570a48,남자,48,제주,4년제 대학교,전기 감리 기술자 및 연구원,남성,5,40대,제주특별자치도,대졸
2095,020bf725184f475d802eb3e35f487e0f,남자,41,충청북,2~3년제 전문대학,회계 사무원,남성,5,40대,충청북,전문대졸
2096,cd1203bc5b5d45ddae7064c878e283c1,남자,49,대구,고등학교,무직,남성,5,40대,대구광역시,고졸
2097,5dbf8aff752545c59967d4e683846df3,남자,46,전라남,고등학교,매장 계산원,남성,5,40대,전라남,고졸
2098,6469805072004d17bfb1d60784a6d4c0,남자,40,서울,4년제 대학교,그 외 철도 및 전동차 기관사,남성,5,40대,서울특별시,대졸
2099,6da4c258c5b444e299434fbc18a02295,남자,46,경상북,중학교,육군 부사관,남성,5,40대,경상북도,중졸
2100,18b57864dada465594c9410dabc15116,남자,43,경상남,4년제 대학교,품질 관리 사무원,남성,5,40대,경상남도,대졸
2101,211705f362c042eba1200e1340478245,남자,48,전북,4년제 대학교,회계사,남성,5,40대,전북특별자치도,대졸
2102,6cd49f94f7834216b711455677430e4e,남자,43,경기,4년제 대학교,데이터 관리 및 운영자,남성,5,40대,경기도,대졸
2103,3293735baac843e0b66344fed454d44d,남자,48,경기,고등학교,위성방송 안테나 설치 및 수리원,남성,5,40대,경기도,고졸
2104,0bf6281be5984467a81129a55708fe95,남자,49,경기,고등학교,그 외 자동차 운전원,남성,5,40대,경기도,고졸
2105,0be5a700abec4514b763beebb9181314,남자,48,경기,대학원,마케팅 전문가,남성,5,40대,경기도,대학원졸
2106,9f1bd3663ee94627a4d0a52ea1f9e4be,남자,48,대전,4년제 대학교,토목 제도사,남성,5,40대,대전광역시,대졸
2107,898c93b753224b3cb98f263f9e1c3e3d,남자,49,대전,고등학교,무직,남성,5,40대,대전광역시,고졸
2108,559330a73ad743daa6f690b66380c5aa,남자,48,경기,대학원,기업 고위 임원,남성,5,40대,경기도,대학원졸
2109,f34f94293a7643f99243059dd43c5489,남자,45,전라남,중학교,그 외 전기·전자기기 설치 및 수리원,남성,5,40대,전라남,중졸
2110,4ab2e29bb2a1472699083f3d557b14aa,남자,42,부산,4년제 대학교,그 외 기계 조작원,남성,5,40대,부산광역시,대졸
2111,fa967859b44449cd8d1af2afe329f0c2,남자,44,대구,4년제 대학교,무직,남성,5,40대,대구광역시,대졸
2112,a346ce73ae6947da87861179ed16d262,남자,47,경기,고등학교,우편집배원,남성,5,40대,경기도,고졸
2113,369017a025d34592b10f6def45968369,남자,49,부산,고등학교,하역 및 적재 관련 단순 종사원,남성,5,40대,부산광역시,고졸
2114,84d17a1895fe45d19c8580f10691f902,남자,44,경기,고등학교,전기 용접원,남성,5,40대,경기도,고졸
2115,e7e36fdf9ea14cb6b123cfd786b89e3c,남자,44,경기,4년제 대학교,교도관,남성,5,40대,경기도,대졸
2116,ff2a6e7f73244afcb962450a9bba751e,남자,42,경기,고등학교,경·소형 화물차 운전원,남성,5,40대,경기도,고졸
2117,acfbcf14ca0c4ed58bc3ecd5a21be859,남자,42,서울,4년제 대학교,투자 권유 대행인,남성,5,40대,서울특별시,대졸
2118,0eba268fc1474158953bdcd7183734f3,남자,45,서울,고등학교,광고 전문가,남성,5,40대,서울특별시,고졸
2119,0e13fcad93574c44a01cd50e27253300,남자,44,서울,대학원,철도운송 사무원,남성,5,40대,서울특별시,대학원졸
2120,009fed5c929747ca9fa065acc4343c69,남자,40,광주,4년제 대학교,사무 보조원,남성,5,40대,광주광역시,대졸
2121,ce9cd4153023430bb95f6abbb1e296ed,남자,44,경기,대학원,일반 의사,남성,5,40대,경기도,대학원졸
2122,329d185fdf7946a2817c8f8893f8a91d,남자,43,경기,2~3년제 전문대학,그 외 일반 영업원,남성,5,40대,경기도,전문대졸
2123,298bd3e5a9af434587ba15467624af54,남자,43,경기,4년제 대학교,발전설비 기술자 및 연구원,남성,5,40대,경기도,대졸
2124,68341b25d7574e9c91310c6c30ae2f28,남자,45,경상북,2~3년제 전문대학,수리 및 정비 관련 관리자,남성,5,40대,경상북도,전문대졸
2125,8fd0506f2e8b457a8950daff16eb688b,남자,44,부산,4년제 대학교,무직,남성,5,40대,부산광역시,대졸
2126,e5e5574b589349a59ad3df15d13a9289,남자,44,서울,4년제 대학교,여행 사무원,남성,5,40대,서울특별시,대졸
2127,570649cde38d45f08a3938573aff405d,남자,43,경기,4년제 대학교,건축감리 기술자,남성,5,40대,경기도,대졸
2128,5683af6ff3184ca087f19d7b667841eb,남자,40,서울,4년제 대학교,마케팅 전문가,남성,5,40대,서울특별시,대졸
2129,3f69895c176f469daad84ce2052a7a3f,남자,45,부산,고등학교,"전직 그 외 제조 관련 단순 종사원, 현재 구직중",남성,5,40대,부산광역시,고졸
2130,a94a91818856484fb6f1ac0b53e040c0,남자,47,충청남,4년제 대학교,공군 장교,남성,5,40대,충청남,대졸
2131,861ea6e2ea3e41bb9b3b49c32983e514,남자,40,경기,4년제 대학교,품질 관리 사무원,남성,5,40대,경기도,대졸
2132,e765b3af7817452d892f3ad63084ea10,남자,44,강원,고등학교,교육 및 훈련 사무원,남성,5,40대,강원특별자치도,고졸
2133,29bccd0fb6b44eb9b9cac01b3c625f20,남자,44,경기,2~3년제 전문대학,승용차 및 승합차 운전원,남성,5,40대,경기도,전문대졸
2134,461e2cba2218436ca54a93237ddcda27,남자,44,제주,2~3년제 전문대학,무직,남성,5,40대,제주특별자치도,전문대졸
2135,8b4bd52059b54aef9a1230f41d413806,남자,49,전라남,2~3년제 전문대학,전기 용접원,남성,5,40대,전라남,전문대졸
2136,306b36ca8aea4130b6f7e792c6c0796d,남자,48,경상남,고등학교,자동차 판금 정비원,남성,5,40대,경상남도,고졸
2137,8bd0570c3f0e46758d3910ce4afb7766,남자,42,충청남,2~3년제 전문대학,도로운송 사무원,남성,5,40대,충청남,전문대졸
2138,f881e7a9b1e84b7d80c3f8a3315b8228,남자,44,경기,4년제 대학교,그 외 법률 관련 사무원,남성,5,40대,경기도,대졸
2139,16b18a874d504b9c84686a9ea642f20b,남자,40,강원,고등학교,무직,남성,5,40대,강원특별자치도,고졸
2140,279fbe49b03147ae9bf4b4b279612a52,남자,47,경기,2~3년제 전문대학,회계 사무원,남성,5,40대,경기도,전문대졸
2141,c8542369f4a34aef9fe89e8fc002cc4c,남자,48,경상북,대학원,기업 고위 임원,남성,5,40대,경상북도,대학원졸
2142,bcf46587146c4e81889f6b6cac624e05,남자,41,대구,2~3년제 전문대학,시설 경비원,남성,5,40대,대구광역시,전문대졸
2143,799c9822e57c46ce9ba4ef6c73d556b3,남자,45,인천,고등학교,하역 및 적재 관련 단순 종사원,남성,5,40대,인천광역시,고졸
2144,81905be66e08472cb8893d40a1de4447,남자,40,충청남,고등학교,교육 및 훈련 사무원,남성,5,40대,충청남,고졸
2145,e3044eab14494db4bc0b701aaf2f4080,남자,43,경기,4년제 대학교,무직,남성,5,40대,경기도,대졸
2146,14b90d588ce048d9a14c8fb7d61ae036,남자,40,부산,고등학교,청원경찰,남성,5,40대,부산광역시,고졸
2147,3cbbe5f34f9647a69ad8af54f9095652,남자,43,충청북,4년제 대학교,철도운송 사무원,남성,5,40대,충청북,대졸
2148,43dd59f251ff481d97cb4b6f9519d232,남자,42,서울,고등학교,건물 경비원,남성,5,40대,서울특별시,고졸
2149,aaf6291879dc446bab7ac6ab0b88e611,남자,46,경기,4년제 대학교,전기 감리 기술자 및 연구원,남성,5,40대,경기도,대졸
2150,afcea4a13e0849729a3cf2a32e4fe7ea,남자,42,인천,고등학교,지게차 운전원,남성,5,40대,인천광역시,고졸
2151,d2a7a1fa64c6442abae3344a020f77b3,남자,43,경기,4년제 대학교,그 외 법률 관련 사무원,남성,5,40대,경기도,대졸
2152,c6408f422af4418fb5f3510aaf0b9295,남자,43,전북,2~3년제 전문대학,소규모 상점 경영자,남성,5,40대,전북특별자치도,전문대졸
2153,1f7578c333f84e86a7af154700a9ef0e,남자,44,제주,고등학교,건물 경비원,남성,5,40대,제주특별자치도,고졸
2154,560684c63b4c4f4eae3bcc2d212cc918,남자,46,강원,4년제 대학교,여행 사무원,남성,5,40대,강원특별자치도,대졸
2155,545b2dcf548d4f2698e87df8a280cb58,남자,40,경기,4년제 대학교,무직,남성,5,40대,경기도,대졸
2156,5720f8de6c9545a28fdaa6bd89c664e1,남자,47,전라남,고등학교,그 외 도장기 조작원,남성,5,40대,전라남,고졸
2157,a4b9ae9a9a4148a6b8455a0d05495c4a,남자,41,대구,2~3년제 전문대학,그 외 산업 전기 설치원,남성,5,40대,대구광역시,전문대졸
2158,bbdcb233c74f4d1c8f66f0cf262a72ba,남자,46,서울,4년제 대학교,"전직 경영 기획 사무원, 현재 구직중",남성,5,40대,서울특별시,대졸
2159,eb1b9748952041bd8eb32ac23c08b671,남자,47,경기,2~3년제 전문대학,시설 경비원,남성,5,40대,경기도,전문대졸
2160,71c50f21d26641fea43cf85e13367cc9,남자,43,서울,4년제 대학교,자재 관리 사무원,남성,5,40대,서울특별시,대졸
2161,f8aa9416bd5b4344bab17c7822d2f6ce,남자,43,경기,4년제 대학교,위험 관리원,남성,5,40대,경기도,대졸
2162,f38d2f3c03c94055b04050c90732076c,남자,43,부산,대학원,경영 기획 사무원,남성,5,40대,부산광역시,대학원졸
2163,8ea61f26db5a489c8ece3e9b5eedd89b,남자,43,경상북,4년제 대학교,건물 경비원,남성,5,40대,경상북도,대졸
2164,234e5f9edf6944f69c8b3c6fd5124404,남자,40,충청남,4년제 대학교,회계 사무원,남성,5,40대,충청남,대졸
2165,872f90af49ee4de88da4c0eb28f78e1e,남자,41,광주,고등학교,무직,남성,5,40대,광주광역시,고졸
2166,7d2863feb23e4e09abae0b8bec304b8b,남자,49,충청남,고등학교,단말기 및 통신 서비스 판매원,남성,5,40대,충청남,고졸
2167,e3cb183c68e64984b879891f2d3f47fe,남자,48,충청북,4년제 대학교,그 외 물품 이동 장비 조작원,남성,5,40대,충청북,대졸
2168,96128cb8d0b44186b15fbfc04bd2b3dc,남자,43,울산,2~3년제 전문대학,조사 전문가,남성,5,40대,울산광역시,전문대졸
2169,ff649e7ad0ea4b9d9836cdd58fb37f85,남자,48,대구,4년제 대학교,조사 전문가,남성,5,40대,대구광역시,대졸
2170,20c0b713e947481791ec40357217d911,남자,48,전북,2~3년제 전문대학,지게차 운전원,남성,5,40대,전북특별자치도,전문대졸
2171,4e774a972b454fdcab03b9ddde3fa978,남자,44,대전,4년제 대학교,경기 기록원,남성,5,40대,대전광역시,대졸
2172,a98f6b1c3cde461bb0c7cb2640f75acc,남자,41,경기,4년제 대학교,경리 사무원,남성,5,40대,경기도,대졸
2173,0b250da3d8be4bef957df5d76448f69b,남자,44,서울,고등학교,그 외 법률 관련 사무원,남성,5,40대,서울특별시,고졸
2174,971ae753ad9247489a952c494375ed7e,남자,45,부산,2~3년제 전문대학,경리 사무원,남성,5,40대,부산광역시,전문대졸
2175,5aa4e7d54fc2412a93dfc9683c01e09b,남자,43,전라남,고등학교,중형 화물차 운전원,남성,5,40대,전라남,고졸
2176,b3f195754bfd4a0dac8fe1354af53974,남자,41,경상남,4년제 대학교,시스템 소프트웨어 설계 및 분석가,남성,5,40대,경상남도,대졸
2177,9b2ce6a82d844d23b7ad57226c75058c,남자,48,서울,고등학교,정보 보안 전문가,남성,5,40대,서울특별시,고졸
2178,b867d7b8f87849cf8fd512a6681e703d,남자,41,대전,중학교,정육가공원,남성,5,40대,대전광역시,중졸
2179,f7c7920551cb423b82557d3d99a17b0c,남자,45,대구,4년제 대학교,품질 관리 사무원,남성,5,40대,대구광역시,대졸
2180,10cb7f922d6745239e6947d497c802f7,남자,43,경상북,대학원,조사 전문가,남성,5,40대,경상북도,대학원졸
2181,010d624da80d4f42a1efe5caf90f145b,남자,43,광주,4년제 대학교,플랜트공학 기술자 및 연구원,남성,5,40대,광주광역시,대졸
2182,44dc63062ded4be08c1bfac78a180bb0,남자,55,경상북,중학교,건물 경비원,남성,6,50대,경상북도,중졸
2183,1a65015c8151433aba8c543aba661574,남자,57,경기,대학원,기업 고위 임원,남성,6,50대,경기도,대학원졸
2184,fee5e30939ba42b58cdc0c074d27d195,남자,50,서울,2~3년제 전문대학,사무 보조원,남성,6,50대,서울특별시,전문대졸
2185,9550cd93608c4268b42897bd9bc7cfbb,남자,56,충청남,고등학교,석재 부설원,남성,6,50대,충청남,고졸
2186,edc1b692624f49c89ce8e23bedf3c1c6,남자,54,서울,4년제 대학교,유치원 교사,남성,6,50대,서울특별시,대졸
2187,cf52a5bae9ec4062839edf95cffb0ae8,남자,51,경기,4년제 대학교,무직,남성,6,50대,경기도,대졸
2188,cc683c01dfe64701b3f238b0cfec1212,남자,50,경기,4년제 대학교,화학 연구원,남성,6,50대,경기도,대졸
2189,be86b0ae37094f4ca2c57bcbafaac145,남자,54,인천,4년제 대학교,무직,남성,6,50대,인천광역시,대졸
2190,99f129febbe8435cb29d019977a5d851,남자,51,충청남,고등학교,그 외 금속가공 기계 조작원,남성,6,50대,충청남,고졸
2191,7f185f8a6e264a2491ba400c275e9298,남자,58,대구,고등학교,시설 경비원,남성,6,50대,대구광역시,고졸
2192,9d5d3ad57d034de9aabbdac237dd19ed,남자,59,충청북,중학교,전기 용접원,남성,6,50대,충청북,중졸
2193,47850fe6a6824e169d0649c497f3d53e,남자,59,제주,2~3년제 전문대학,그 외 금융 사무원,남성,6,50대,제주특별자치도,전문대졸
2194,fcd7fe08055545a89af2075b16d1a6fb,남자,56,인천,고등학교,전화 상담원,남성,6,50대,인천광역시,고졸
2195,e4d5e5fddd2448a5ba07d1d137614567,남자,52,경상북,4년제 대학교,전기장비 조립원,남성,6,50대,경상북도,대졸
2196,617437d288954689b9b0ce9e8399933a,남자,55,인천,고등학교,그 외 법률 관련 사무원,남성,6,50대,인천광역시,고졸
2197,5a59252c42154a75ab7970a1aee273ab,남자,57,전라남,고등학교,경량 철골공,남성,6,50대,전라남,고졸
2198,56104a6a0150403a9894d369215fd180,남자,53,인천,고등학교,특수 경비원,남성,6,50대,인천광역시,고졸
2199,883f19ebd96f466bb015fbd817757b0e,남자,56,경기,무학,하역 및 적재 관련 단순 종사원,남성,6,50대,경기도,무학
2200,66e32bf370bd4ebe99b448052222f638,남자,56,경기,2~3년제 전문대학,무직,남성,6,50대,경기도,전문대졸
2201,70a2b5226f4f4979af86f073a95c06a6,남자,59,충청남,4년제 대학교,고무·플라스틱 기술자 및 연구원,남성,6,50대,충청남,대졸
2202,6ee48e039c23471bad406cf2bd27f8d4,남자,52,서울,2~3년제 전문대학,게임 그래픽 디자이너,남성,6,50대,서울특별시,전문대졸
2203,3c347d48dcb343a7843ad97042c0eba7,남자,54,경기,고등학교,그 외 상점 판매원,남성,6,50대,경기도,고졸
2204,d1b5bbb43a1943f78312fcd34ed3e4e1,남자,55,대전,고등학교,그 외 건물 관리원,남성,6,50대,대전광역시,고졸
2205,a72f8f258aba4b65b8c59be66d80561e,남자,58,서울,4년제 대학교,전동차 기관사,남성,6,50대,서울특별시,대졸
2206,87937d6192e447a2a92514bb0b6d9620,남자,59,전라남,고등학교,건물 경비원,남성,6,50대,전라남,고졸
2207,cc74b2f287104a02b90dd59de11c749f,남자,53,세종,고등학교,무직,남성,6,50대,세종특별자치시,고졸
2208,f7a0a93ab5e8447fabe989e6feb1181e,남자,59,경기,고등학교,컴퓨터 설치 및 수리원,남성,6,50대,경기도,고졸
2209,8f696dc346154fbbacaf1a95af7b23ed,남자,57,전라남,4년제 대학교,철도운송 관련 종사원,남성,6,50대,전라남,대졸
2210,0b451446cf3d460a8d4c4538a22ab2f2,남자,54,경기,4년제 대학교,건축 관련 관리자,남성,6,50대,경기도,대졸
2211,599f15b4a8ee40c480ec54a293c8aaa6,남자,54,경기,4년제 대학교,그 외 제품 디자이너,남성,6,50대,경기도,대졸
2212,883111e3bb0d4bfeab17670aee6284ee,남자,58,경기,고등학교,그 외 일반 영업원,남성,6,50대,경기도,고졸
2213,96e453905dd348bbaff4d0c37605f9aa,남자,50,서울,중학교,그 외 기계 조작원,남성,6,50대,서울특별시,중졸
2214,f651d4d63f834480aa6013fb5cdf345c,남자,56,경기,4년제 대학교,무직,남성,6,50대,경기도,대졸
2215,2015463c4c63424f8209263ded624372,남자,50,충청남,4년제 대학교,"전직 농업용 기계장비 기술 영업원, 현재 구직중",남성,6,50대,충청남,대졸
2216,fac4b0dfbbf343a6b0fe85adf2b22baa,남자,50,서울,4년제 대학교,데이터 설계 및 프로그래머,남성,6,50대,서울특별시,대졸
2217,761389f076154871b3d96412f88dbfcd,남자,59,서울,고등학교,자재 관리 사무원,남성,6,50대,서울특별시,고졸
2218,76a3818dea3e4489a94bac93bf0890cc,남자,53,대구,고등학교,지게차 운전원,남성,6,50대,대구광역시,고졸
2219,71ad19f93e284640a257b166bbbe72a5,남자,51,서울,고등학교,자재 관리 사무원,남성,6,50대,서울특별시,고졸
2220,e33cf91161d54a7598842d5341e7c782,남자,54,충청북,2~3년제 전문대학,영업 관리 사무원,남성,6,50대,충청북,전문대졸
2221,4aca2bc00dbe4e4caf14e95673d4e83e,남자,50,경기,4년제 대학교,품질 관리 사무원,남성,6,50대,경기도,대졸
2222,2a8a7a5aa9a248e08e6887cb3bf4ee1b,남자,54,부산,2~3년제 전문대학,상·하수 배관공,남성,6,50대,부산광역시,전문대졸
2223,794d93f8b0e3456d98c3f722076b756b,남자,51,경기,4년제 대학교,무직,남성,6,50대,경기도,대졸
2224,a6a049fdbd2247e784e8bae775a95245,남자,54,경상북,고등학교,하역 및 적재 관련 단순 종사원,남성,6,50대,경상북도,고졸
2225,991e5ff1ed604a45807320b26360ccaa,남자,57,경기,고등학교,가전제품 판매원,남성,6,50대,경기도,고졸
2226,dd6ddb003d58467d86051c059e469d72,남자,52,부산,4년제 대학교,관세행정 사무원,남성,6,50대,부산광역시,대졸
2227,d92e89a3eaff4b728f1569a4692df46a,남자,59,서울,4년제 대학교,생산관리 사무원,남성,6,50대,서울특별시,대졸
2228,0ba0caf3f1274565b29193f939794a9d,남자,52,경기,고등학교,"전직 자동차 섀시 정비원, 현재 구직중",남성,6,50대,경기도,고졸
2229,c1d39c143ba041f1a6486135d0b2fcec,남자,59,강원,고등학교,시설 경비원,남성,6,50대,강원특별자치도,고졸
2230,d9f65adea8934490a0357cdd62d49574,남자,58,경기,고등학교,무직,남성,6,50대,경기도,고졸
2231,02c440c8705242a0a857549028d3c9cf,남자,59,인천,4년제 대학교,일식 조리사,남성,6,50대,인천광역시,대졸
2232,300d91ba39fb4bfaa2a5726098c5b48f,남자,50,충청남,고등학교,하역 및 적재 관련 단순 종사원,남성,6,50대,충청남,고졸
2233,f56531c97d2248fc930d34b929e3194d,남자,58,부산,2~3년제 전문대학,경리 사무원,남성,6,50대,부산광역시,전문대졸
2234,79b88a5416e7401fa31c78fa7f8f0fa0,남자,51,경기,4년제 대학교,철도운송 관련 종사원,남성,6,50대,경기도,대졸
2235,e653005b6a88491f824445614495d1c7,남자,51,경기,대학원,출판 및 자료편집 사무원,남성,6,50대,경기도,대학원졸
2236,86b832ff95d8435497c97cbadaf8f6c6,남자,50,서울,4년제 대학교,임업 시험원,남성,6,50대,서울특별시,대졸
2237,675ad4d344c440e685eb4cc5cf478a4b,남자,50,서울,고등학교,대리 주차원,남성,6,50대,서울특별시,고졸
2238,c9c6dbb055ed43aea69ec495260c04f9,남자,58,경기,4년제 대학교,철도운송 사무원,남성,6,50대,경기도,대졸
2239,420eeb34a0cc4681b47ce158916a0aa3,남자,59,경기,4년제 대학교,상품 기획자,남성,6,50대,경기도,대졸
2240,2c950d7f1b5940e580c042bc082eaa25,남자,51,세종,대학원,공공행정 사무원,남성,6,50대,세종특별자치시,대학원졸
2241,a2bcea76cc654a3d89ab04c6aa252aec,남자,51,서울,고등학교,건축 석공,남성,6,50대,서울특별시,고졸
2242,2b5472d86bb946f1b12e3378f16e759a,남자,58,제주,고등학교,그 외 서비스 관련 단순 종사원,남성,6,50대,제주특별자치도,고졸
2243,c5c55e11e46b42209513a9124780a2c5,남자,51,광주,고등학교,지게차 운전원,남성,6,50대,광주광역시,고졸
2244,e413f382199b4d52b4480b2d29f43c95,남자,52,광주,중학교,하역 및 적재 관련 단순 종사원,남성,6,50대,광주광역시,중졸
2245,16641b96723f48a2818e4c8207a87d80,남자,51,서울,4년제 대학교,사무 보조원,남성,6,50대,서울특별시,대졸
2246,edccd587ea844e7e9ff118f0a90ac12c,남자,50,전북,중학교,그 외 환경미화원 및 재활용품 수거원,남성,6,50대,전북특별자치도,중졸
2247,85e95cc4d2414d90b04e805b1674ca6d,남자,55,경기,대학원,기업 고위 임원,남성,6,50대,경기도,대학원졸
2248,dff44cd39f6a4669a8abe8e818c0ac55,남자,58,경기,고등학교,그 외 일반 영업원,남성,6,50대,경기도,고졸
2249,f8f15c7fbe424606ac3a8335d25bcece,남자,57,강원,고등학교,"전직 육군 장교, 현재 구직중",남성,6,50대,강원특별자치도,고졸
2250,eb800c41d8f841a0acda45c70da820c9,남자,56,경기,대학원,일반 비서,남성,6,50대,경기도,대학원졸
2251,2fcb03e7f8294ebcbad05149259c66ce,남자,56,경기,4년제 대학교,마케팅 전문가,남성,6,50대,경기도,대졸
2252,21765d1ee6654e5cb39ea650b98765b8,남자,58,서울,초등학교,건물 해체원,남성,6,50대,서울특별시,초졸이하
2253,2b5fe55fe3a3453abe199c4e6828276a,남자,50,경기,2~3년제 전문대학,건물 칸막이 설치원,남성,6,50대,경기도,전문대졸
2254,85d8f63374f94a1597b2fb2a60c90081,남자,53,경상남,고등학교,무직,남성,6,50대,경상남도,고졸
2255,b9940057357a41c8bf0665b62b7d9cc7,남자,56,경기,고등학교,시설 경비원,남성,6,50대,경기도,고졸
2256,0bf54d68b60145c581f6226d74923c6a,남자,58,경기,4년제 대학교,산업 안전원,남성,6,50대,경기도,대졸
2257,0b527f3539e64d58881f027bb1391d5f,남자,54,인천,고등학교,무직,남성,6,50대,인천광역시,고졸
2258,815fd2dcabf547ec91d0585558d83fdc,남자,59,전라남,4년제 대학교,무직,남성,6,50대,전라남,대졸
2259,c51e582a4ad4407090d36b265cd6f326,남자,56,대구,고등학교,전기 용접원,남성,6,50대,대구광역시,고졸
2260,dc30e8b0180f40478254807d1b4d3fb3,남자,53,대구,대학원,장례 지도사,남성,6,50대,대구광역시,대학원졸
2261,d217e5a3338e4754b76b91484600ac1b,남자,56,서울,고등학교,전화 상담원,남성,6,50대,서울특별시,고졸
2262,b2e466141fca4b80a75cd7fb1e88881b,남자,56,경기,4년제 대학교,무직,남성,6,50대,경기도,대졸
2263,006d0def71f140edb0220468407a0f5a,남자,53,경기,4년제 대학교,소방 공사 감리 기술자 및 연구원,남성,6,50대,경기도,대졸
2264,297ae968d8ca47c19bd3cb6fdb05c6b9,남자,58,제주,2~3년제 전문대학,노점 및 이동 판매원,남성,6,50대,제주특별자치도,전문대졸
2265,86f997afe1a84576a54c6da4a635dd2d,남자,53,대전,2~3년제 전문대학,전화 상담원,남성,6,50대,대전광역시,전문대졸
2266,b99da333845a403d982d7b89ed7fa97f,남자,55,경기,2~3년제 전문대학,그 외 일반 영업원,남성,6,50대,경기도,전문대졸
2267,3d4ea4f6a8054e8a8af459f190ff04cc,남자,52,충청북,중학교,재활용품 수거원,남성,6,50대,충청북,중졸
2268,24910e5fe77d4eb2908f7a09b50fc949,남자,53,충청남,고등학교,정육가공원,남성,6,50대,충청남,고졸
2269,6685bff651f04863aa5fda613185fb69,남자,58,서울,4년제 대학교,건축감리 기술자,남성,6,50대,서울특별시,대졸
2270,a8812dd7b2e74d3a82a5b16ccaecbfe0,남자,51,강원,고등학교,음식 서비스 종사원,남성,6,50대,강원특별자치도,고졸
2271,23e3363b7ee94027a66e710704feef66,남자,58,서울,고등학교,무직,남성,6,50대,서울특별시,고졸
2272,e0ddba97ecb742b18c7b89bd5b3d6eef,남자,53,경기,고등학교,그 외 건축 도장공,남성,6,50대,경기도,고졸
2273,9d1a0472ebd04e00b815451e7282ca52,남자,50,경상남,2~3년제 전문대학,교육 및 훈련 사무원,남성,6,50대,경상남도,전문대졸
2274,a3ff3b0b0e4146ca914f4ee6f09b1862,남자,52,부산,4년제 대학교,그 외 기능 관련 종사원,남성,6,50대,부산광역시,대졸
2275,ae0adc58ec32424aad7dfd3fc7eca6fa,남자,53,제주,고등학교,크레인 운전원,남성,6,50대,제주특별자치도,고졸
2276,0efffc28d65741808ac9fa339321a785,남자,52,경기,고등학교,중형 화물차 운전원,남성,6,50대,경기도,고졸
2277,51669bf49a144984a309ed079bafd32e,남자,51,경기,고등학교,표백기 조작원,남성,6,50대,경기도,고졸
2278,305d27fd0fc84ea18799a63dd2063d8a,남자,53,경기,고등학교,건물 경비원,남성,6,50대,경기도,고졸
2279,73fc4bf784a54db197b206421ee9186a,남자,50,서울,초등학교,무직,남성,6,50대,서울특별시,초졸이하
2280,05811d678f2b4de7846583912735c2fd,남자,53,서울,고등학교,승용차 및 승합차 운전원,남성,6,50대,서울특별시,고졸
2281,b08ecce8862c40a68ea4aaa4ce2a2373,남자,50,경기,고등학교,인화지 제조기 조작원,남성,6,50대,경기도,고졸
2282,7d8bddc1eda74435a9e3fa2d08bfd708,남자,51,대전,고등학교,무직,남성,6,50대,대전광역시,고졸
2283,14122119586a42848bc055d10dc24570,남자,56,인천,고등학교,무직,남성,6,50대,인천광역시,고졸
2284,0b451446cf3d460a8d4c4538a22ab2f2,남자,54,경기,4년제 대학교,건축 관련 관리자,남성,6,50대,경기도,대졸
2285,c1003f785d1b45239a7ff75ded58c69c,남자,57,경기,중학교,경·소형 화물차 운전원,남성,6,50대,경기도,중졸
2286,9b2d53ffb83643748f120c44ed221312,남자,50,서울,4년제 대학교,시설 경비원,남성,6,50대,서울특별시,대졸
2287,d4ce655e404e4b49a60feca91b59a9d3,남자,54,경기,고등학교,시외 및 고속 버스 운전원,남성,6,50대,경기도,고졸
2288,704c5076e04f48ec8a427767744b0210,남자,51,경기,고등학교,전기기기 설치 및 정비원,남성,6,50대,경기도,고졸
2289,9615bb832d064feb8822a8f3a32e3361,남자,57,서울,고등학교,무직,남성,6,50대,서울특별시,고졸
2290,b246de9a09674f29a0088bcd5dd42690,남자,51,경기,고등학교,자재 관리 사무원,남성,6,50대,경기도,고졸
2291,d420c85c8c544fbe868a295f1a23ef8f,남자,59,인천,2~3년제 전문대학,자동차 섀시 정비원,남성,6,50대,인천광역시,전문대졸
2292,97b619d1fc734bbb835c25297697a663,남자,52,경기,2~3년제 전문대학,가스 배관공,남성,6,50대,경기도,전문대졸
2293,46d766d7e54a4d12b7a90db9e6a96263,남자,53,인천,4년제 대학교,온라인 쇼핑 판매원,남성,6,50대,인천광역시,대졸
2294,3a9480272f9e4c84af6ac841faaf9700,남자,50,대전,고등학교,무직,남성,6,50대,대전광역시,고졸
2295,519efd5435d4413b822a5b276ce74253,남자,57,서울,고등학교,그 외 고객 상담 사무원,남성,6,50대,서울특별시,고졸
2296,d9583ee5b0e349a699fdf780335da53f,남자,59,경상북,고등학교,경리 사무원,남성,6,50대,경상북도,고졸
2297,6ff140bd1dc24bc4b93944cb42c38c26,남자,52,경기,고등학교,화학기계 설치 및 정비원,남성,6,50대,경기도,고졸
2298,50750f895ffb4849b09c440e61b39300,남자,50,서울,고등학교,그 외 하역 및 적재 단순 종사원,남성,6,50대,서울특별시,고졸
2299,1ed66fa9193544d8802c5a6002e3042d,남자,51,경기,4년제 대학교,회계 사무원,남성,6,50대,경기도,대졸
2300,473630c31e3644dc9318850e7ce50fa7,남자,58,경기,고등학교,시설 경비원,남성,6,50대,경기도,고졸
2301,b1f6b98d744c41bdb6290acbe35fc0c8,남자,59,충청남,2~3년제 전문대학,무직,남성,6,50대,충청남,전문대졸
2302,e33d2b0341994c688a9b67d4b3820970,남자,50,경상북,고등학교,지게차 운전원,남성,6,50대,경상북도,고졸
2303,4cc12fec7364418b9c53569bf8803782,남자,54,경기,4년제 대학교,데이터 설계 및 프로그래머,남성,6,50대,경기도,대졸
2304,ce8f690f47ca451bab633a97f0aae50a,남자,50,인천,4년제 대학교,관세행정 사무원,남성,6,50대,인천광역시,대졸
2305,5365816fd1484dec80a7318d02c5a9d8,남자,53,충청남,4년제 대학교,정치학 연구원,남성,6,50대,충청남,대졸
2306,eabf3dc1a8e648f9bd71f11d754996bc,남자,58,서울,4년제 대학교,철도교통 관제사,남성,6,50대,서울특별시,대졸
2307,47a8ae3595d448b3a7695faac702dac2,남자,53,인천,대학원,경영 컨설턴트,남성,6,50대,인천광역시,대학원졸
2308,134e7cb58e25403ba3b5a3ca86d79ece,남자,55,서울,고등학교,무직,남성,6,50대,서울특별시,고졸
2309,c1b3bc6ba91249a5a8a28597a640ca1f,남자,54,전라남,고등학교,건물 경비원,남성,6,50대,전라남,고졸
2310,4be7fc3f51ca48b9a87502acb6590af3,남자,57,부산,중학교,하역 및 적재 관련 단순 종사원,남성,6,50대,부산광역시,중졸
2311,f349305303a44ffc8bd70d46024620f6,남자,52,광주,고등학교,대출 모집인,남성,6,50대,광주광역시,고졸
2312,cc2a68d323994f22bfa35d4b146b0f36,남자,59,제주,고등학교,한식 조리사,남성,6,50대,제주특별자치도,고졸
2313,d66ade9a49ed4cc383ad4e28d4bc7e1f,남자,59,강원,2~3년제 전문대학,무직,남성,6,50대,강원특별자치도,전문대졸
2314,3543db15bb7049bb9bc2a08b6da2b924,남자,54,서울,2~3년제 전문대학,관리 비서,남성,6,50대,서울특별시,전문대졸
2315,3970aea386074ed79458aa88b4e7a057,남자,50,경기,대학원,무직,남성,6,50대,경기도,대학원졸
2316,e1e10e2aec2b490f8acc9e6fcec0340c,남자,52,경상남,고등학교,판금원,남성,6,50대,경상남도,고졸
2317,6fdd1893395842948f76503624dbeb38,남자,58,전북,2~3년제 전문대학,사무 보조원,남성,6,50대,전북특별자치도,전문대졸
2318,e52c375e99784fc9ae439b99bf30621c,남자,53,경기,고등학교,밀링기 조작원,남성,6,50대,경기도,고졸
2319,c749708e1c554ff5be83ccfe4a484769,남자,58,서울,고등학교,무직,남성,6,50대,서울특별시,고졸
2320,accb8fe2aa61405f9b0eb088e381a117,남자,59,대구,2~3년제 전문대학,반도체공학 기술자 및 연구원,남성,6,50대,대구광역시,전문대졸
2321,0a6a951e19424af4a4f14ddd7cd1664a,남자,57,부산,4년제 대학교,대형 화물차 운전원,남성,6,50대,부산광역시,대졸
2322,56e356854a274b66a63250e69330c91e,남자,59,부산,4년제 대학교,그 외 일반기계 조립원,남성,6,50대,부산광역시,대졸
2323,4390307528c446b28db7f0303154620d,남자,53,울산,4년제 대학교,경·소형 화물차 운전원,남성,6,50대,울산광역시,대졸
2324,b4542d7dfdc94d9598200cb2da1b1954,남자,51,대전,중학교,건설 단순 종사원,남성,6,50대,대전광역시,중졸
2325,c823307f0e4d4c78aeec6a6e5f286fb8,남자,58,서울,초등학교,건물 경비원,남성,6,50대,서울특별시,초졸이하
2326,b8261b3715d24402bc83e51ede3b18de,남자,52,경상남,4년제 대학교,음식료품 판매원,남성,6,50대,경상남도,대졸
2327,a6bb7edd0ff54cd0ab5632e1ab6b7691,남자,57,경기,고등학교,무직,남성,6,50대,경기도,고졸
2328,db56b809630e4b26a6ee1af442911d73,남자,53,경상남,고등학교,그 외 표백 및 염색 관련 기계 조작원,남성,6,50대,경상남도,고졸
2329,c1afb0de9b73434c9eea6eedf54bf0e2,남자,57,경상북,고등학교,상·하수 배관공,남성,6,50대,경상북도,고졸
2330,3a07b4208bcc4ac6af98f01898763106,남자,52,서울,4년제 대학교,시외 및 고속 버스 운전원,남성,6,50대,서울특별시,대졸
2331,1aecd95eccaf4361b5c3e02d9f0adc9d,남자,59,경기,무학,하역 및 적재 관련 단순 종사원,남성,6,50대,경기도,무학
2332,3474f6663dd942c9bb585b4f6a0db8b3,남자,59,경기,4년제 대학교,정보 시스템 운영자,남성,6,50대,경기도,대졸
2333,4b98ae66c93a4b30a110d695102d6f19,남자,50,인천,4년제 대학교,플랜트공학 기술자 및 연구원,남성,6,50대,인천광역시,대졸
2334,1169ba77132d4c9dba31745820ac5a6d,남자,56,경기,4년제 대학교,"전직 전동차 기관사, 현재 구직중",남성,6,50대,경기도,대졸
2335,22d89332037a4cfd871cba21d0e815ac,남자,50,대전,4년제 대학교,소방시설 공사 기술자 및 연구원,남성,6,50대,대전광역시,대졸
2336,c21383f67c0f41c2a6e4ce3eecffdb8b,남자,53,서울,대학원,그 외 제품 디자이너,남성,6,50대,서울특별시,대학원졸
2337,2bc7bc237df9416482ff4d4bf6adb4bc,남자,56,충청북,중학교,석재 절단원,남성,6,50대,충청북,중졸
2338,d3f3f1d7b7b84a1f8287fe3c93e8c4df,남자,55,전라남,고등학교,그 외 철도 및 전동차 기관사,남성,6,50대,전라남,고졸
2339,f3c42bc48c944589a196ff0f9977c104,남자,52,대전,4년제 대학교,그 외 응용 소프트웨어 프로그래머,남성,6,50대,대전광역시,대졸
2340,fa7c2d2c8408498fa29a4c90113d5548,남자,51,충청남,4년제 대학교,그 외 철도 및 전동차 기관사,남성,6,50대,충청남,대졸
2341,c09ffc51c5e74e7396174ac71f1e0f78,남자,57,경기,고등학교,무직,남성,6,50대,경기도,고졸
2342,50d9d348d0ec492aaa53dc7ff7fb22b7,남자,59,서울,대학원,식품학 연구원,남성,6,50대,서울특별시,대학원졸
2343,46286dcb2f13419ab5f35ec9cdbdec7c,남자,57,충청남,중학교,수동 포장원,남성,6,50대,충청남,중졸
2344,34f40ce9c44244df961db58b5563a2e9,남자,57,서울,고등학교,영업 관리 사무원,남성,6,50대,서울특별시,고졸
2345,046d3ca5ec054fab88fc9fa6542aa134,남자,56,서울,중학교,시설 경비원,남성,6,50대,서울특별시,중졸
2346,2e96187bd1dd4f3d84e5d6bb7b295a56,남자,51,경상남,4년제 대학교,가구 판매원,남성,6,50대,경상남도,대졸
2347,1ae7805b4e5f492d8ed259a345adbcbc,남자,57,경상남,2~3년제 전문대학,판금원,남성,6,50대,경상남도,전문대졸
2348,44a912ec3a1342f9b9a8b0406ed467a9,남자,52,경기,고등학교,자재 관리 사무원,남성,6,50대,경기도,고졸
2349,ea13b8f950b84c11bbcf249924bd6217,남자,58,경상남,4년제 대학교,영업 관리 사무원,남성,6,50대,경상남도,대졸
2350,41300be801c8457abb38963361379b45,남자,59,경상북,고등학교,교육 및 훈련 사무원,남성,6,50대,경상북도,고졸
2351,49c3a8fa83124256b6d09ebe15210890,남자,57,대전,대학원,무직,남성,6,50대,대전광역시,대학원졸
2352,6a47375cdc2a443eaa9f4a74dac5d036,남자,55,충청북,4년제 대학교,그 외 제품 생산 관련 관리자,남성,6,50대,충청북,대졸
2353,72630b1244024bee97464067d0b409ed,남자,51,부산,4년제 대학교,119 구조대원,남성,6,50대,부산광역시,대졸
2354,df4b0c5319324ebbbcb12ef8beff7519,남자,52,경기,고등학교,일식 조리사,남성,6,50대,경기도,고졸
2355,c225447f593e456aa745790c5a29c111,남자,56,서울,중학교,그 외 하역 및 적재 단순 종사원,남성,6,50대,서울특별시,중졸
2356,f63020015b0e4103b9c0b0600fcb592c,남자,55,경기,대학원,예술 및 인문학 시간강사,남성,6,50대,경기도,대학원졸
2357,ebcc7f4fb221470c87e57029524c1182,남자,52,경상남,4년제 대학교,영업 관리 사무원,남성,6,50대,경상남도,대졸
2358,43eaae0f26774ffa9c435a58ff04677a,남자,52,전라남,4년제 대학교,영업 관련 관리자,남성,6,50대,전라남,대졸
2359,58ccdf6393d240a1a671d339a7dc6330,남자,55,경상북,4년제 대학교,농업용 기계장비 기술 영업원,남성,6,50대,경상북도,대졸
2360,b6358338843c4638b6c3a3124af34c93,남자,56,경기,4년제 대학교,"전직 소규모 상점 일선 관리 종사원, 현재 구직중",남성,6,50대,경기도,대졸
2361,da98f320441e4983b96c399a7f0da9bb,남자,51,인천,고등학교,무직,남성,6,50대,인천광역시,고졸
2362,c4c7808240564af798aac3f6db4b90d3,남자,56,경기,중학교,하역 및 적재 관련 단순 종사원,남성,6,50대,경기도,중졸
2363,a1ed7ba898e44a7bbea74743ea1ec634,남자,54,광주,고등학교,산업 안전원,남성,6,50대,광주광역시,고졸
2364,17ca844f3bff472a96dc64475b4e89e1,남자,54,서울,4년제 대학교,일반 비서,남성,6,50대,서울특별시,대졸
2365,ab63708bbb824ab591864356c1da0eb7,남자,54,경상남,4년제 대학교,경영 기획 사무원,남성,6,50대,경상남도,대졸
2366,c90fa28133a149fc887a6592477f39e2,남자,50,경기,고등학교,크레인 운전원,남성,6,50대,경기도,고졸
2367,6149d7eb0e864adcaf0a6c4fa3d4ffe8,남자,54,경기,고등학교,이삿짐 운반원,남성,6,50대,경기도,고졸
2368,13e747b58fea482f8f726f18c7d1d31b,남자,57,경기,4년제 대학교,산업 안전원,남성,6,50대,경기도,대졸
2369,e3487701f3814ed18b929c535cc0003c,남자,55,경기,대학원,무직,남성,6,50대,경기도,대학원졸
2370,47524877ff0441c78ca1fbacf704a745,남자,54,경기,2~3년제 전문대학,정보 보안 전문가,남성,6,50대,경기도,전문대졸
2371,0299806293e24aa6933700509b319382,남자,59,경상북,고등학교,건축자재 영업원,남성,6,50대,경상북도,고졸
2372,c67222d1f34f443ead4c25bf5e3bc70e,남자,58,경상북,고등학교,무직,남성,6,50대,경상북도,고졸
2373,e2279949c7bb4795af17c3736ea09b3e,남자,56,전북,고등학교,염색기 조작원,남성,6,50대,전북특별자치도,고졸
2374,1f39f175be1245b88324b4fa15f8c656,남자,50,경기,4년제 대학교,항공운송 관련 관리자,남성,6,50대,경기도,대졸
2375,95e2d5f02186403bb4ce701f692cca49,남자,54,대전,고등학교,건물 경비원,남성,6,50대,대전광역시,고졸
2376,6a51214b93d94f98a2601c2a1d8fc822,남자,59,경기,중학교,무직,남성,6,50대,경기도,중졸
2377,6a3593200dce4505a6314932c0354196,남자,58,서울,고등학교,청원경찰,남성,6,50대,서울특별시,고졸
2378,e89aaad239034ab58db09c125b236f53,남자,53,경상북,고등학교,식품 영업원,남성,6,50대,경상북도,고졸
2379,ed9c6eb2bb244a2f8a76fdd1360adb53,남자,50,경기,고등학교,그 외 철도 및 전동차 기관사,남성,6,50대,경기도,고졸
2380,4dd1d9f605f54de6b4ef767e302fe10f,남자,54,경상북,고등학교,석유화학 기술자 및 연구원,남성,6,50대,경상북도,고졸
2381,808e4f7c974b468599e6cbd763066d6d,남자,56,충청북,고등학교,무직,남성,6,50대,충청북,고졸
2382,7146e57f39004958ad81c7968a279bb4,남자,52,경상남,4년제 대학교,품질 관리 사무원,남성,6,50대,경상남도,대졸
2383,ebac36c722d74f3d9e4153c6714a2ab0,남자,54,서울,4년제 대학교,고속철 기관사,남성,6,50대,서울특별시,대졸
2384,ff2dd896d77540ef953fd48fefbda997,남자,59,경기,4년제 대학교,경영 기획 사무원,남성,6,50대,경기도,대졸
2385,83ba6c00ac63472392a92429cb45595d,남자,58,전북,고등학교,그 외 일반 영업원,남성,6,50대,전북특별자치도,고졸
2386,8acace37426247409760d477c6888e5e,남자,51,경상북,고등학교,가스 용접원,남성,6,50대,경상북도,고졸
2387,d3323e053f164ed59887c2410224c84b,남자,58,인천,고등학교,보안 관제원,남성,6,50대,인천광역시,고졸
2388,5bc39b2bf79d4d4bb00f0a0b92a42ef8,남자,58,서울,고등학교,상표 부착기 조작원,남성,6,50대,서울특별시,고졸
2389,04bbc854e61e41fda065b135066c52d5,남자,52,경기,고등학교,그 외 공업기계 설치 및 정비원,남성,6,50대,경기도,고졸
2390,9001857e39d84ee1b8c1252615dcc12f,남자,54,경기,4년제 대학교,회계 사무원,남성,6,50대,경기도,대졸
2391,72a3d5b55a8845aeb820e78e2eebc73d,남자,52,서울,고등학교,경·소형 화물차 운전원,남성,6,50대,서울특별시,고졸
2392,e5b133abe6154b2699664014bc3be691,남자,59,인천,2~3년제 전문대학,가스 배관공,남성,6,50대,인천광역시,전문대졸
2393,1a948bf3c09d4b2daf650ca2496fd298,남자,53,경기,4년제 대학교,광고 전문가,남성,6,50대,경기도,대졸
2394,d5b91f9715ec4b1d897212a39f2305e1,남자,51,경상남,4년제 대학교,무직,남성,6,50대,경상남도,대졸
2395,b3b4d836c90141b0b4831d0f8d940f22,남자,55,전북,4년제 대학교,동산 감정 전문가,남성,6,50대,전북특별자치도,대졸
2396,acbd1838bde84d93b8bcafc715fe52c6,남자,56,서울,2~3년제 전문대학,데스크 안내원,남성,6,50대,서울특별시,전문대졸
2397,f11b4dcce9dc474aaf14bdb3df116a18,남자,59,전북,고등학교,사무 보조원,남성,6,50대,전북특별자치도,고졸
2398,73474a58625f41689836e8640e3f3c0a,남자,53,경상북,4년제 대학교,생산관리 사무원,남성,6,50대,경상북도,대졸
2399,a74fb0761bf946d1ad875de9594e386d,남자,51,부산,중학교,무직,남성,6,50대,부산광역시,중졸
2400,02ec1f4732e643b0bbb8d80697f2eb95,남자,50,전라남,4년제 대학교,석유화학 기술자 및 연구원,남성,6,50대,전라남,대졸
2401,27519d852c504eca84e170bde4bc2eae,남자,54,경기,고등학교,굴착기·착암기 및 채광기 조작원,남성,6,50대,경기도,고졸
2402,0bd3ebcb6bca4fc480b339cab706e870,남자,54,부산,고등학교,무직,남성,6,50대,부산광역시,고졸
2403,fcfe5455e1914133bbbce3ecfd957cdd,남자,51,경기,4년제 대학교,산업 안전원,남성,6,50대,경기도,대졸
2404,177002abb427438bb49af6e1f75cbf36,남자,59,경상남,2~3년제 전문대학,철도운송 사무원,남성,6,50대,경상남도,전문대졸
2405,9af4b0f1091a488c80542dd7295fb6c3,남자,57,경상남,고등학교,건물 경비원,남성,6,50대,경상남도,고졸
2406,ed182888ed384b59bc5041c33a0ad6f9,남자,57,경상북,고등학교,그 외 택배원,남성,6,50대,경상북도,고졸
2407,ec2459f81a9d4be6985478fa7f4df997,남자,53,인천,4년제 대학교,무직,남성,6,50대,인천광역시,대졸
2408,c0185b19fa2e4b629c68a4e423ddfa03,남자,50,서울,고등학교,시설 경비원,남성,6,50대,서울특별시,고졸
2409,2b9da073b960499084f95dec802480db,남자,59,경상남,4년제 대학교,일반 비서,남성,6,50대,경상남도,대졸
2410,7035209ef8704374a592ae6d50d91a1c,남자,51,세종,고등학교,지게차 운전원,남성,6,50대,세종특별자치시,고졸
2411,a2a5ec4e860a4e68a5a3d2072cdb7256,남자,56,서울,고등학교,무직,남성,6,50대,서울특별시,고졸
2412,4aee60b08d8f4f4f8efb8e0d052f0488,남자,55,경상남,고등학교,회계 사무원,남성,6,50대,경상남도,고졸
2413,be325861591f4bd39a894bbfa7b49959,남자,56,서울,4년제 대학교,한식 조리사,남성,6,50대,서울특별시,대졸
2414,e0f6ebbb73f14af5b85a0cb7a56ed558,남자,52,제주,2~3년제 전문대학,전화 상담원,남성,6,50대,제주특별자치도,전문대졸
2415,51d5a8d26d694f31ba94b292f8e4a0a1,남자,56,경기,고등학교,대형 화물차 운전원,남성,6,50대,경기도,고졸
2416,2097775c0ab543cfb92ba8762207a72f,남자,54,전북,4년제 대학교,농업용 기계장비 기술 영업원,남성,6,50대,전북특별자치도,대졸
2417,0eff021bd33c428f89e7f73ec430a165,남자,55,대구,4년제 대학교,식품 영업원,남성,6,50대,대구광역시,대졸
2418,2497a4c87c7b4f9a857e68172b5eaec0,남자,54,경기,대학원,경영 기획 사무원,남성,6,50대,경기도,대학원졸
2419,1b4b697a762548ef8a73945625b734df,남자,59,부산,2~3년제 전문대학,주차 관리원,남성,6,50대,부산광역시,전문대졸
2420,ae45abca9072417e923cd5ef962f3f40,남자,57,경기,4년제 대학교,산업용로봇 조작원,남성,6,50대,경기도,대졸
2421,61b2ea58dca144e7943a7e9f04db0761,남자,57,경기,대학원,경영 기획 사무원,남성,6,50대,경기도,대학원졸
2422,daf7ed1b1e8744cea1eba392835e8e6b,남자,58,경상남,고등학교,무직,남성,6,50대,경상남도,고졸
2423,51dad716662447318d564cf18c56ddde,남자,59,전북,4년제 대학교,안과 및 이비인후과 전문 의사,남성,6,50대,전북특별자치도,대졸
2424,de8167249cbf45bf8539706f214a0b29,남자,58,경기,2~3년제 전문대학,화학물 여과기 및 분리기 조작원,남성,6,50대,경기도,전문대졸
2425,ac96338df9e54e1faab57b8cbe7d9bc5,남자,58,서울,2~3년제 전문대학,광고 전문가,남성,6,50대,서울특별시,전문대졸
2426,fc0aeda340ff486fbbcb9480cfa0e88f,남자,53,인천,고등학교,보험 사무원,남성,6,50대,인천광역시,고졸
2427,6478b3a93edf4897891eab7b43fe485c,남자,55,경기,고등학교,지게차 운전원,남성,6,50대,경기도,고졸
2428,757e1a7b9f624b21977a0a4181c61cc1,남자,57,충청북,고등학교,철도운송 관련 종사원,남성,6,50대,충청북,고졸
2429,2e16accb6ede4ae48dbef07c6f386a65,남자,52,경상북,고등학교,그 외 제분 및 도정 관련 기계 조작원,남성,6,50대,경상북도,고졸
2430,5a892bb20f92436b910fd4356f19a2c0,남자,57,인천,4년제 대학교,그 외 기능 관련 종사원,남성,6,50대,인천광역시,대졸
2431,b5036ce515694b089937dea807420890,남자,54,경상남,4년제 대학교,무직,남성,6,50대,경상남도,대졸
2432,4aac11938e104a3bb306b3881ae4c3e2,남자,58,경기,고등학교,그 외 자동차 운전원,남성,6,50대,경기도,고졸
2433,cd273b5e5514421f82d31d64d37c8e86,남자,57,경기,대학원,마케팅 전문가,남성,6,50대,경기도,대학원졸
2434,07db253d315e4c76a07fe3cd35167906,남자,54,전라남,고등학교,그 외 기능 관련 종사원,남성,6,50대,전라남,고졸
2435,d5054a37e3d94f2a83f090ef07afc797,남자,58,인천,2~3년제 전문대학,무직,남성,6,50대,인천광역시,전문대졸
2436,f9918b736e3c45628ecf5bebd940cc6f,남자,55,전북,2~3년제 전문대학,철도운송 관련 종사원,남성,6,50대,전북특별자치도,전문대졸
2437,26fd5cc9eef34f3088614f94e076e7a1,남자,50,광주,4년제 대학교,수의사,남성,6,50대,광주광역시,대졸
2438,259c390b79574cb7b9fd2b712b7f5cc4,남자,58,서울,2~3년제 전문대학,무직,남성,6,50대,서울특별시,전문대졸
2439,d6066ef573244cf7868dfa41d68979ff,남자,58,서울,고등학교,감사 사무원,남성,6,50대,서울특별시,고졸
2440,2e9909cefa8b44b3ae1cdbb460697c39,남자,52,경기,고등학교,화학기계 설치 및 정비원,남성,6,50대,경기도,고졸
2441,720f0bb34103448cbd1cd10c0f397b1d,남자,52,경상남,4년제 대학교,무직,남성,6,50대,경상남도,대졸
2442,7f355a855a7d4801bbe2e09c853da288,남자,55,전북,2~3년제 전문대학,그 외 제조 관련 단순 종사원,남성,6,50대,전북특별자치도,전문대졸
2443,3e2947f6f9cc4074beb22f3b835a3914,남자,51,경기,고등학교,농업기계 조립원,남성,6,50대,경기도,고졸
2444,099ccedd782742dbba7f68225cf2a640,남자,55,전북,고등학교,철도운송 관련 종사원,남성,6,50대,전북특별자치도,고졸
2445,eac7153bf22a45f69bdd73d092db1887,남자,57,충청남,중학교,시설 경비원,남성,6,50대,충청남,중졸
2446,c21ce3ead31d4402aeb35e55b6082ee1,남자,52,부산,고등학교,사무 보조원,남성,6,50대,부산광역시,고졸
2447,f57afb6678634ad6b95156ae6579fe86,남자,54,인천,2~3년제 전문대학,전기제어장치 설치 및 정비원,남성,6,50대,인천광역시,전문대졸
2448,08491e861485424ba4e40b10cc07d7d8,남자,55,서울,고등학교,하역 및 적재 관련 단순 종사원,남성,6,50대,서울특별시,고졸
2449,e63fd99d387f44e0a921dbbbe3d447a5,남자,53,경기,대학원,토목 관련 관리자,남성,6,50대,경기도,대학원졸
2450,1a26655b8ebc400bb9c920d18ebc8e68,남자,50,부산,고등학교,식품 영업원,남성,6,50대,부산광역시,고졸
2451,ff01cddcb94c4ae994ce86bf4a0fd7dc,남자,57,경기,대학원,상품 기획자,남성,6,50대,경기도,대학원졸
2452,fe5502dc170d44eeb7914de7a7e87a9e,남자,59,대전,4년제 대학교,기업 고위 임원,남성,6,50대,대전광역시,대졸
2453,b5dc3b50bc4f4718ba5fb0a1cc1d4ffe,남자,54,대구,2~3년제 전문대학,회계 사무원,남성,6,50대,대구광역시,전문대졸
2454,8d737eba866840059da06a264d1025ae,남자,58,인천,고등학교,시외 및 고속 버스 운전원,남성,6,50대,인천광역시,고졸
2455,c34e3c982f7d45ba8a6ef683a9014b81,남자,51,서울,2~3년제 전문대학,전기 용접원,남성,6,50대,서울특별시,전문대졸
2456,9306f6055d584f5ab0682264bbaf5387,남자,51,경상북,고등학교,농업용 기계장비 기술 영업원,남성,6,50대,경상북도,고졸
2457,59600b7e23d6497896d938c5dd8ec653,남자,53,부산,고등학교,금속절곡기 조작원,남성,6,50대,부산광역시,고졸
2458,b538714c23e54fd59beca721cc996d4d,남자,56,울산,중학교,육군 장교,남성,6,50대,울산광역시,중졸
2459,918daf61a47e4d8798a0e572b6dcd267,남자,53,강원,고등학교,무직,남성,6,50대,강원특별자치도,고졸
2460,75eedb08d5c04ffb9ad221befe9a00f8,남자,56,대구,대학원,스포츠 매니저,남성,6,50대,대구광역시,대학원졸
2461,6efd0fb8a67247e4820d8a6c255089c8,남자,53,충청남,4년제 대학교,무직,남성,6,50대,충청남,대졸
2462,3cd7a470ce674310bd1ee170a4bf5d85,남자,56,경기,중학교,주형원,남성,6,50대,경기도,중졸
2463,9564f5b5b1af4f7b8bd9768232bca39d,남자,54,경기,중학교,무직,남성,6,50대,경기도,중졸
2464,877dabb802c5422c838296c67e1e702c,남자,55,경기,4년제 대학교,회계 사무원,남성,6,50대,경기도,대졸
2465,b9d86059e44d4fcb8b1a01b18c5acefe,남자,54,경기,4년제 대학교,교육 및 훈련 사무원,남성,6,50대,경기도,대졸
2466,68a94816f9aa41fe8fa72cad95216a92,남자,51,경상남,고등학교,시설 경비원,남성,6,50대,경상남도,고졸
2467,746bdece9f0e4e9ebecc6a115eccfed0,남자,57,경기,4년제 대학교,경리 사무원,남성,6,50대,경기도,대졸
2468,71240df5999a41ba84d9ed770d24f967,남자,50,경기,대학원,그 외 기능 관련 종사원,남성,6,50대,경기도,대학원졸
2469,9a41cdac8dc44c81bf00c12ffa623013,남자,58,전라남,고등학교,무직,남성,6,50대,전라남,고졸
2470,0f260aae52664821aa89f730442690ac,남자,56,대전,4년제 대학교,경영 컨설턴트,남성,6,50대,대전광역시,대졸
2471,2a245caddeee4ff28429fd7b2fc24814,남자,52,충청남,고등학교,화학물 분쇄기·마쇄기 및 혼합기 조작원,남성,6,50대,충청남,고졸
2472,8b6dbfa10cbf4733b2bd0cdad4bf7a9d,남자,56,부산,4년제 대학교,선장,남성,6,50대,부산광역시,대졸
2473,6dc16a68a8604f93ab0a5d5d5448ff62,남자,54,경상남,고등학교,호송 경비원,남성,6,50대,경상남도,고졸
2474,ac23353de9804555965f25695936e0c9,남자,55,경기,4년제 대학교,무직,남성,6,50대,경기도,대졸
2475,07531a0beb76425d8fe6485dc309b282,남자,53,경기,고등학교,건물 경비원,남성,6,50대,경기도,고졸
2476,9a384c4e5dc94678a2bf778711b7f44a,남자,56,대전,대학원,총무 및 인사 관리자,남성,6,50대,대전광역시,대학원졸
2477,d2af4d471f4a4cbeb736a9e2c88d17b1,남자,50,서울,고등학교,쓰레기 수거원,남성,6,50대,서울특별시,고졸
2478,483163ca2c1f4dde986350f85a1f75e1,남자,55,경기,4년제 대학교,회계 사무원,남성,6,50대,경기도,대졸
2479,c2018b6fb53f4d9483eb4e3543da913a,남자,59,울산,고등학교,가스 용접원,남성,6,50대,울산광역시,고졸
2480,30b097b45d714abd9f4c8b125d585936,남자,59,경기,4년제 대학교,문학작가,남성,6,50대,경기도,대졸
2481,85a782d4bb494a54bf8448e69605a07c,남자,50,경기,고등학교,시스템 소프트웨어 설계 및 분석가,남성,6,50대,경기도,고졸
2482,96f3683f90724929915419aa9298fff9,남자,57,경기,4년제 대학교,그 외 법률 관련 사무원,남성,6,50대,경기도,대졸
2483,26a67b932d95490b8707f4866585d332,남자,54,서울,고등학교,무직,남성,6,50대,서울특별시,고졸
2484,9078b54206754e2092f3e595bbb60ac3,남자,51,경상북,2~3년제 전문대학,공군 부사관,남성,6,50대,경상북도,전문대졸
2485,77d45e0b76d643a2a6350019daf8afa2,남자,51,경기,2~3년제 전문대학,그 외 기능 관련 종사원,남성,6,50대,경기도,전문대졸
2486,bf2a17c4fd6e4a5d8c2c2863409f338e,남자,51,부산,4년제 대학교,전화 상담원,남성,6,50대,부산광역시,대졸
2487,162c85f2c6424a2ca012193ee7e4fb76,남자,52,서울,대학원,무직,남성,6,50대,서울특별시,대학원졸
2488,df4b5cbe84fd4714b5c8dff3e82e8160,남자,52,전북,4년제 대학교,무직,남성,6,50대,전북특별자치도,대졸
2489,e22988d6189142cabc2e2564cd18c689,남자,57,강원,대학원,그 외 일반 영업원,남성,6,50대,강원특별자치도,대학원졸
2490,50c0d37c2db14bb2b8d5b391b08921b0,남자,59,대전,2~3년제 전문대학,"전직 데이터 관리 및 운영자, 현재 구직중",남성,6,50대,대전광역시,전문대졸
2491,98945db498574e28ae1afde72a9a1731,남자,54,강원,고등학교,일반 경찰관 및 수사관,남성,6,50대,강원특별자치도,고졸
2492,ff834ca9147c4cf2b1e2792523817640,남자,53,충청남,고등학교,"전직 건물 경비원, 현재 구직중",남성,6,50대,충청남,고졸
2493,48bcffeb55094b12b0e822f5c6994206,남자,52,강원,고등학교,휠체어 리프트 설치 및 정비원,남성,6,50대,강원특별자치도,고졸
2494,763e8ca5c5c44cf78d0c5c025a61bdc2,남자,59,경기,4년제 대학교,반도체공학 기술자 및 연구원,남성,6,50대,경기도,대졸
2495,43559f31184f47bd81dc332bdc773263,남자,50,경상남,고등학교,가구 판매원,남성,6,50대,경상남도,고졸
2496,32a16221ddbc479dac52b64c3dbc71fa,남자,55,경기,중학교,상·하수 배관공,남성,6,50대,경기도,중졸
2497,8be3c24d43f34497a00de1daca5347c5,남자,50,충청남,4년제 대학교,무대 및 세트 디자이너,남성,6,50대,충청남,대졸
2498,9ba95a0a9f6c4e3fb0c8fdbe92d07bcc,남자,59,전라남,고등학교,건물 경비원,남성,6,50대,전라남,고졸
2499,2e2b098bf1c14729b2a22f89dfaec88f,남자,59,인천,고등학교,무직,남성,6,50대,인천광역시,고졸
2500,7e0a8f7008fb41ff9f41ba74861b79a9,남자,57,대구,고등학교,위성방송 안테나 설치 및 수리원,남성,6,50대,대구광역시,고졸
2501,b68bd7ad14264de59556ff6363e08696,남자,57,경기,2~3년제 전문대학,그 외 상점 판매원,남성,6,50대,경기도,전문대졸
2502,aa346c083ba14e56af534a64f5b62adb,남자,58,서울,중학교,건물 청소원,남성,6,50대,서울특별시,중졸
2503,72919e555a564229bba69cfb0878b4a3,남자,57,경기,고등학교,인쇄판 출력원,남성,6,50대,경기도,고졸
2504,14e9603089d84510a777784e33995877,남자,53,경상북,대학원,무직,남성,6,50대,경상북도,대학원졸
2505,5aa63fb6c4d24403977eeebeaa87a989,남자,59,경기,4년제 대학교,무직,남성,6,50대,경기도,대졸
2506,de33ee76db914f28a01d7c27332d3069,남자,51,경기,4년제 대학교,철도 기관사,남성,6,50대,경기도,대졸
2507,39b040e329894295a4cc91572d697f69,남자,55,충청남,고등학교,무직,남성,6,50대,충청남,고졸
2508,0a691872c12d48dc986a9c1f82601e82,남자,51,경기,중학교,그 외 일반 영업원,남성,6,50대,경기도,중졸
2509,5883456928ab44c2a3236cc15a432ebc,남자,57,경기,중학교,그 외 택배원,남성,6,50대,경기도,중졸
2510,a6868269ce4a49aeaf421aaa7839382e,남자,52,부산,대학원,정보 보안 전문가,남성,6,50대,부산광역시,대학원졸
2511,6f14ee4eb7274251898e0ff5e726a81e,남자,57,서울,고등학교,농수산물 중개인 및 경매사,남성,6,50대,서울특별시,고졸
2512,a28f016e6ae748cb8f5edb2b4e9702e1,남자,53,경상남,고등학교,시설 경비원,남성,6,50대,경상남도,고졸
2513,f45775626b3842abb028771257fa7d36,남자,57,인천,고등학교,가구 조립원,남성,6,50대,인천광역시,고졸
2514,cf804635d573400d9e61f77022a7c181,남자,51,경기,2~3년제 전문대학,경리 사무원,남성,6,50대,경기도,전문대졸
2515,03e1a357747341038e8ba04835291bd0,남자,52,인천,고등학교,수동 포장원,남성,6,50대,인천광역시,고졸
2516,cf511566d5374c96b54c6e7e746e59ef,남자,57,경기,4년제 대학교,경리 사무원,남성,6,50대,경기도,대졸
2517,d719120b39b74884ad7cd1c93ded9df6,남자,50,충청남,대학원,사회복지사,남성,6,50대,충청남,대학원졸
2518,61c28e1ae254407ba14305fb1ee0827d,남자,51,부산,고등학교,그 외 건설 및 채굴기계 운전원,남성,6,50대,부산광역시,고졸
2519,3179ddd00b1044409caad435b32e7f1e,남자,56,경상남,고등학교,그 외 화물차 및 특수차 운전원,남성,6,50대,경상남도,고졸
2520,6e6865e5ecde4270ad14e62c1c5c1d5c,남자,50,울산,고등학교,상·하수 배관공,남성,6,50대,울산광역시,고졸
2521,25f28d2fec044058a5091936471bae6e,남자,54,광주,4년제 대학교,자재 관리 사무원,남성,6,50대,광주광역시,대졸
2522,23cb2a7b04ed4e619b4aa36e4e362fdb,남자,50,대전,대학원,변리사,남성,6,50대,대전광역시,대학원졸
2523,861cf2b7ce214ab68cf3deae997c9581,남자,59,서울,고등학교,특수 경비원,남성,6,50대,서울특별시,고졸
2524,aee053c824a14182a6bdbcf4e52c33b8,남자,59,경기,고등학교,굴착기·착암기 및 채광기 조작원,남성,6,50대,경기도,고졸
2525,6f0d5eef43544b9aae855a2e08f53f42,남자,58,경상남,고등학교,식품 영업원,남성,6,50대,경상남도,고졸
2526,db5e1c5b3718425b8099070c42be1b6a,남자,54,전라남,고등학교,관광버스 운전원,남성,6,50대,전라남,고졸
2527,e145ff52441b42798b6e4b8a006b364c,남자,50,인천,고등학교,그 외 상점 판매원,남성,6,50대,인천광역시,고졸
2528,d897e5f4b5484b4494d58285c3115c3e,남자,55,대구,중학교,소규모 상점 경영자,남성,6,50대,대구광역시,중졸
2529,44a26f37a39d42c59ac942b4f4848565,남자,59,부산,고등학교,금속 열처리로 조작원,남성,6,50대,부산광역시,고졸
2530,70f7dc42b50d427d9012457fd82ebdfd,남자,55,경상북,대학원,기업 고위 임원,남성,6,50대,경상북도,대학원졸
2531,4b24674242bb40f78f5e14a01da43fa9,남자,58,충청북,초등학교,시설 경비원,남성,6,50대,충청북,초졸이하
2532,55aab275706c4ac08073bd44c39f35ed,남자,52,경기,고등학교,무직,남성,6,50대,경기도,고졸
2533,2f867849116743f39ac911ca6f4ecc40,남자,58,경상남,고등학교,무직,남성,6,50대,경상남도,고졸
2534,880a8bc0234e473a9d1259e3156d99ae,남자,58,강원,중학교,시설 경비원,남성,6,50대,강원특별자치도,중졸
2535,7dfd58a8f6d3460ea5cd40a24c48146b,남자,59,경기,중학교,그 외 하역 및 적재 단순 종사원,남성,6,50대,경기도,중졸
2536,d5378a17ad334c138c55445e1380c9df,남자,53,서울,4년제 대학교,경영 기획 사무원,남성,6,50대,서울특별시,대졸
2537,e6b1e641f997478b8fc335784151a553,남자,50,경기,2~3년제 전문대학,국어 교사,남성,6,50대,경기도,전문대졸
2538,f0b00b36d00940049c85b599f0bb7f22,남자,56,경기,4년제 대학교,품질 관리 사무원,남성,6,50대,경기도,대졸
2539,d2f7e242266e4753808b2b3624814399,남자,50,경기,고등학교,건물 청소원,남성,6,50대,경기도,고졸
2540,2ae746fd710540df94767829ebeed507,남자,52,서울,4년제 대학교,영업 관리 사무원,남성,6,50대,서울특별시,대졸
2541,8548b160d94d4edcbb784650dfc69320,남자,57,경기,고등학교,단말기 및 통신 서비스 판매원,남성,6,50대,경기도,고졸
2542,81dfd75f2b0c473f9142ca27ee1f926b,남자,50,경기,고등학교,설탕 제조 관련 기계 조작원,남성,6,50대,경기도,고졸
2543,294a4248de3c487ab3ab973ace76cfbd,남자,59,강원,중학교,무직,남성,6,50대,강원특별자치도,중졸
2544,f754dfe26678473ca3791f403c95ecbe,남자,56,부산,고등학교,그 외 상점 판매원,남성,6,50대,부산광역시,고졸
2545,2ff3dab61a4f4453a2537a9a90fa447c,남자,59,경기,고등학교,고속철 기관사,남성,6,50대,경기도,고졸
2546,a46ef4c96df94f6f91a1bab45ae0fbf8,남자,58,서울,4년제 대학교,플랜트공학 기술자 및 연구원,남성,6,50대,서울특별시,대졸
2547,eca7e18a955b453699b8323f9a51085f,남자,58,전북,고등학교,건물 경비원,남성,6,50대,전북특별자치도,고졸
2548,d454347971cf44799c13f13a75fcd3c4,남자,57,서울,4년제 대학교,철도 기관사,남성,6,50대,서울특별시,대졸
2549,b60623cc97a148d0a52865ace120b9ea,남자,55,경기,고등학교,전화 상담원,남성,6,50대,경기도,고졸
2550,9d4e444d7ed14a2ba43ce249788b691c,남자,56,경기,4년제 대학교,"전직 전기 감리 기술자 및 연구원, 현재 구직중",남성,6,50대,경기도,대졸
2551,402244477e4b4f40b67853c50e627300,남자,52,경기,고등학교,매장 정리원,남성,6,50대,경기도,고졸
2552,4de8cfe68a1e4cb98920db19e16e9b5c,남자,50,서울,4년제 대학교,플랜트공학 기술자 및 연구원,남성,6,50대,서울특별시,대졸
2553,e694770f8c4148cfa6422460e3fb8c57,남자,58,경상남,고등학교,건물 경비원,남성,6,50대,경상남도,고졸
2554,501f4ada9c3046d48f351284dce7c6d4,남자,56,부산,2~3년제 전문대학,수금원,남성,6,50대,부산광역시,전문대졸
2555,c24f700796184be2a80825f428bc5dc7,남자,59,서울,중학교,카펫 및 가발 제조원,남성,6,50대,서울특별시,중졸
2556,142dfe7cc91847d49883139784360d5a,남자,58,경상북,4년제 대학교,무직,남성,6,50대,경상북도,대졸
2557,765e2b522baf4c1baf996d5f40ea19ae,남자,55,인천,고등학교,그 외 화학제품 생산기 조작원,남성,6,50대,인천광역시,고졸
2558,c56c7f83d95d44bdb208d840e576b738,남자,53,전라남,고등학교,가스 배관공,남성,6,50대,전라남,고졸
2559,8a6d8a027ea943be9f49c3d305c59341,남자,59,서울,고등학교,무직,남성,6,50대,서울특별시,고졸
2560,534c74ba94fa48168734efeaddd6d9f4,남자,59,부산,중학교,경·소형 화물차 운전원,남성,6,50대,부산광역시,중졸
2561,1f92f6dfff4343f8b1844c2195f1ed92,남자,50,경기,고등학교,단열공,남성,6,50대,경기도,고졸
2562,f5bf848d536e4dd9a89402c9ac879ced,남자,53,경기,고등학교,그 외 물품 이동 장비 조작원,남성,6,50대,경기도,고졸
2563,005a68ecfff74b5fb0f2cd45060d7fe9,남자,58,서울,고등학교,지게차 운전원,남성,6,50대,서울특별시,고졸
2564,d349745c646b41bcacaa8593e3013e3b,남자,56,부산,고등학교,용접기 조작원,남성,6,50대,부산광역시,고졸
2565,63f57307c4ce450699f8e3a64c2406d0,남자,52,경기,2~3년제 전문대학,무직,남성,6,50대,경기도,전문대졸
2566,cd3aa01c60524878baf5fbcb5fedc247,남자,55,인천,고등학교,건물 경비원,남성,6,50대,인천광역시,고졸
2567,6ff24aa3d41a4a47b6d227729208311e,남자,53,경기,4년제 대학교,선장,남성,6,50대,경기도,대졸
2568,7c82d46519a04fefa13669e8e6ee1345,남자,55,경기,4년제 대학교,그 외 기획 및 마케팅 사무원,남성,6,50대,경기도,대졸
2569,64b9044b7c874cff87185052ddd9255f,남자,53,제주,고등학교,노점 및 이동 판매원,남성,6,50대,제주특별자치도,고졸
2570,4ddbab8ea405470d87fbb998266bf319,남자,54,충청남,4년제 대학교,경리 사무원,남성,6,50대,충청남,대졸
2571,636f134ad660476d8ac756d702efb147,남자,53,서울,4년제 대학교,온라인 쇼핑 판매원,남성,6,50대,서울특별시,대졸
2572,196f48f7296341fcb197246ba9f49182,남자,55,부산,고등학교,철근공,남성,6,50대,부산광역시,고졸
2573,04d69e7815114fb4ad93ba2bd22ae421,남자,54,인천,고등학교,경·소형 화물차 운전원,남성,6,50대,인천광역시,고졸
2574,2d15cc6daf554b798734719de00f9263,남자,53,경상남,2~3년제 전문대학,전기제어장치 설치 및 정비원,남성,6,50대,경상남도,전문대졸
2575,ed463268a6f745639298f50679cc62e2,남자,58,서울,고등학교,무직,남성,6,50대,서울특별시,고졸
2576,9ddc266449284d2bbf2492bc1ccb2243,남자,59,부산,고등학교,그 외 기능 관련 종사원,남성,6,50대,부산광역시,고졸
2577,7f378d190b584c85b56ae333ec3f71e2,남자,57,대구,4년제 대학교,건물 내 전기 설치 및 정비원,남성,6,50대,대구광역시,대졸
2578,63b11b4d06f645a59c9b286a855277fe,남자,57,강원,대학원,무직,남성,6,50대,강원특별자치도,대학원졸
2579,1ae7805b4e5f492d8ed259a345adbcbc,남자,57,경상남,2~3년제 전문대학,판금원,남성,6,50대,경상남도,전문대졸
2580,3fbebf57389348f4981f7894dc14e951,남자,54,경기,고등학교,무직,남성,6,50대,경기도,고졸
2581,cdb63aa7b8384ea3ad8043bd8245f662,남자,54,경기,2~3년제 전문대학,경리 사무원,남성,6,50대,경기도,전문대졸
2582,eace3fbce0f44059a02a5f9a72c6a92b,남자,59,서울,초등학교,노점 및 이동 판매원,남성,6,50대,서울특별시,초졸이하
2583,4d08ef10f8164e4dadf21372b3cb792a,남자,57,서울,2~3년제 전문대학,석재 부설원,남성,6,50대,서울특별시,전문대졸
2584,b53a796bdd144db0835856595e180424,남자,58,부산,2~3년제 전문대학,산업용로봇 조작원,남성,6,50대,부산광역시,전문대졸
2585,56524e884b3b413b8209106b9d9b42dd,남자,54,부산,2~3년제 전문대학,전기 용접원,남성,6,50대,부산광역시,전문대졸
2586,0b3fe3bfc8bb4d148cbf94c62fc201c2,남자,58,경기,4년제 대학교,대형 화물차 운전원,남성,6,50대,경기도,대졸
2587,2e6d33ef109a4f87b76903d6f72791eb,남자,51,경기,중학교,무직,남성,6,50대,경기도,중졸
2588,02d556ffe713495f82d9e8fcbae2f8f8,남자,56,서울,고등학교,철도운송 관련 종사원,남성,6,50대,서울특별시,고졸
2589,85e1dd2fc9574795b4a27166d35ac0be,남자,51,경상남,4년제 대학교,경리 사무원,남성,6,50대,경상남도,대졸
2590,3ae1b6475a934e9a917d6705da52e913,남자,54,울산,고등학교,금형원,남성,6,50대,울산광역시,고졸
2591,bc29be634b0a4cc287b376544456fb6c,남자,57,경기,고등학교,그 외 일반 영업원,남성,6,50대,경기도,고졸
2592,420da5cfb9af4b7d8ee513bd8d7a0780,남자,50,서울,4년제 대학교,위험 관리원,남성,6,50대,서울특별시,대졸
2593,e101074bc2f4410986370b1924a31d34,남자,53,경기,4년제 대학교,산업 안전원,남성,6,50대,경기도,대졸
2594,610b16d9cee54eba85c91c5d67d76797,남자,54,울산,고등학교,전기 용접원,남성,6,50대,울산광역시,고졸
2595,14b7e19259f84993a9cfa9bf7e103699,남자,51,충청남,고등학교,그 외 조리사,남성,6,50대,충청남,고졸
2596,cc621f309784439fba1ef73c4b7243c9,남자,53,대구,고등학교,철도운송 관련 종사원,남성,6,50대,대구광역시,고졸
2597,6be48867fdb84e849c9ed0720b1efa0b,남자,57,서울,4년제 대학교,산업기계공학 기술자 및 연구원,남성,6,50대,서울특별시,대졸
2598,7a56acd683fd415297dff6952ff4b5b8,남자,59,서울,고등학교,무직,남성,6,50대,서울특별시,고졸
2599,4b5dedca7984484a9c15d0ecbecd2740,남자,58,서울,고등학교,식품 영업원,남성,6,50대,서울특별시,고졸
2600,1988ebfd5d4f4815a11014ae104d64f8,남자,57,경기,4년제 대학교,법무 사무원,남성,6,50대,경기도,대졸
2601,7b7fd3597a614e7093721b3a348439f0,남자,56,울산,고등학교,육군 장교,남성,6,50대,울산광역시,고졸
2602,ccc0c6c5035f43448605576adb26e646,남자,54,서울,고등학교,무직,남성,6,50대,서울특별시,고졸
2603,0c5fb89bc2594fae83ff99070dfd8754,남자,59,서울,대학원,경영 기획 사무원,남성,6,50대,서울특별시,대학원졸
2604,aa4b936f23854b389c495cb22edf5d3c,남자,54,부산,중학교,하역 및 적재 관련 단순 종사원,남성,6,50대,부산광역시,중졸
2605,6470179615964245a1ac369b821c74fa,남자,52,경기,2~3년제 전문대학,고속철 기관사,남성,6,50대,경기도,전문대졸
2606,94f6398c65054b3faa4f02623b5f62ee,남자,51,경상남,고등학교,고무제품 조립원,남성,6,50대,경상남도,고졸
2607,e23ea33c761e46798389e82ccf50078c,남자,57,경기,4년제 대학교,시설 경비원,남성,6,50대,경기도,대졸
2608,db9215fdb1604e828e017022eba76184,남자,56,경기,고등학교,무직,남성,6,50대,경기도,고졸
2609,458a99f58732472f8e94063aca021f0d,남자,54,서울,고등학교,잠수 기능원,남성,6,50대,서울특별시,고졸
2610,e5cffc1df20e4c9397c31832b23855b4,남자,51,강원,고등학교,시설 경비원,남성,6,50대,강원특별자치도,고졸
2611,940d31fddf544712b2ec544355e1d6c6,남자,59,경기,고등학교,콘크리트패널 조립원,남성,6,50대,경기도,고졸
2612,0de36845c9264f5fa230df0e770b34da,남자,50,부산,고등학교,무직,남성,6,50대,부산광역시,고졸
2613,5b7c22e4429541a196519a2d3656c757,남자,56,경기,고등학교,승용차 및 승합차 운전원,남성,6,50대,경기도,고졸
2614,3a893f6a88464761b7e6d65279b50f60,남자,55,강원,4년제 대학교,건축시공 기술자,남성,6,50대,강원특별자치도,대졸
2615,5c5fddeac0d8472a856ee982e682fe17,남자,55,서울,고등학교,그 외 법률 관련 사무원,남성,6,50대,서울특별시,고졸
2616,0f0b9c482a0647418bc0311b8d7c737a,남자,57,강원,4년제 대학교,사회복지사,남성,6,50대,강원특별자치도,대졸
2617,0a75be1c3e2846d09a34a0a97eb05fc3,남자,56,서울,대학원,전자 의료기기 개발 기술자 및 연구원,남성,6,50대,서울특별시,대학원졸
2618,a55360da5ff64f46921085a60fad5ab8,남자,52,경기,고등학교,그 외 하역 및 적재 단순 종사원,남성,6,50대,경기도,고졸
2619,b183f96694434392a7b446a471b8d98d,남자,56,광주,초등학교,건물 청소원,남성,6,50대,광주광역시,초졸이하
2620,7c370d0a62334165a7b014ee230918f7,남자,55,서울,4년제 대학교,육군 부사관,남성,6,50대,서울특별시,대졸
2621,e7c9e1e67daa4995973364dd2ad11a9b,남자,54,경상남,고등학교,무직,남성,6,50대,경상남도,고졸
2622,2d95c997045f4b2080f3862595fcb59d,남자,55,부산,고등학교,중식 조리사,남성,6,50대,부산광역시,고졸
2623,f230be5055b34a649b5c1892fae28f56,남자,52,서울,고등학교,그 외 일반 영업원,남성,6,50대,서울특별시,고졸
2624,d4dd40e7e9a64406adda5aed5937e36a,남자,54,경상남,대학원,농약·비료 기술자 및 연구원,남성,6,50대,경상남도,대학원졸
2625,a810abec9a5c480e9cd62731f8cac72e,남자,55,경상남,초등학교,건물 경비원,남성,6,50대,경상남도,초졸이하
2626,79a903c8c18c42579af789a15c6bd70c,남자,55,경상남,2~3년제 전문대학,사무 보조원,남성,6,50대,경상남도,전문대졸
2627,a897f7eef5374b619c7643fb8ed2aa4f,남자,58,서울,대학원,무직,남성,6,50대,서울특별시,대학원졸
2628,0215c9ca17fe43c9b16fd9ec56df4aa0,남자,50,경기,고등학교,경리 사무원,남성,6,50대,경기도,고졸
2629,70afee59bf94434bb3853704b2988d5c,남자,58,경기,대학원,금속공학 기술자 및 연구원,남성,6,50대,경기도,대학원졸
2630,007fbbb21a5340a1bb4c7b545b469ce8,남자,56,경기,고등학교,유통 및 매장 감시원,남성,6,50대,경기도,고졸
2631,47278216baf2417b975d0ed22f023126,남자,52,서울,4년제 대학교,건축 관련 관리자,남성,6,50대,서울특별시,대졸
2632,e6b32ed2a4424ca49dd0c1029db128b8,남자,56,경상남,4년제 대학교,산업 안전원,남성,6,50대,경상남도,대졸
2633,e1454e99b8e44ce9bff55878cfd46c9b,남자,52,인천,고등학교,용접기 조작원,남성,6,50대,인천광역시,고졸
2634,034c0b443f8e44339138c2034673b418,남자,56,경기,4년제 대학교,경리 사무원,남성,6,50대,경기도,대졸
2635,0d6d3598359646bc9e98c53e3a289115,남자,58,경기,고등학교,산업용로봇 조작원,남성,6,50대,경기도,고졸
2636,88da92058a7b40edbc4a3d60111cad72,남자,56,경상남,고등학교,사무 보조원,남성,6,50대,경상남도,고졸
2637,f1ad7d413a6c4e7685fc0b7d98b8f8d7,남자,57,경기,고등학교,강구조물 가공원,남성,6,50대,경기도,고졸
2638,c79c498f7e264d54920523e6a83ca7ec,남자,56,서울,4년제 대학교,측량 및 지리 정보 기술자,남성,6,50대,서울특별시,대졸
2639,85b2b17c97cb4a238639bcb85e856f92,남자,52,경기,2~3년제 전문대학,무직,남성,6,50대,경기도,전문대졸
2640,43c171b1858347b6bdcc841a7bdcaf46,남자,52,강원,고등학교,프레스기 및 절단기 조작원,남성,6,50대,강원특별자치도,고졸
2641,66027ad8d34f4be9bb6b2148ed62adb0,남자,52,경기,4년제 대학교,법무 사무원,남성,6,50대,경기도,대졸
2642,51b737801f02490a8d3a502aa517fe81,남자,54,인천,2~3년제 전문대학,영업 관리 사무원,남성,6,50대,인천광역시,전문대졸
2643,5d713e67d2a04298ad212d725b6faf41,남자,51,울산,2~3년제 전문대학,무직,남성,6,50대,울산광역시,전문대졸
2644,157ef94de521490e891245d4895a6db7,남자,51,충청북,고등학교,그 외 배달원,남성,6,50대,충청북,고졸
2645,f89bdecb786543c7a2b0919087ff9641,남자,59,경기,2~3년제 전문대학,철도 기관사,남성,6,50대,경기도,전문대졸
2646,d118b2b5065f433099283ed561949697,남자,58,부산,4년제 대학교,일반 의사,남성,6,50대,부산광역시,대졸
2647,75bd4958f4de4ce0a9841c695149178c,남자,51,경기,고등학교,범용 소프트웨어 프로그래머,남성,6,50대,경기도,고졸
2648,514e367c99b74b52b5348cc4ac349d0d,남자,54,경기,고등학교,그 외 경호 및 보안 관련 종사원,남성,6,50대,경기도,고졸
2649,cae3469acc0c472293e999a860cc759b,남자,50,대구,고등학교,수동 포장원,남성,6,50대,대구광역시,고졸
2650,da5f3f723f7945ceb84bac3f4f0cf19c,남자,54,충청북,고등학교,염색기 조작원,남성,6,50대,충청북,고졸
2651,dc7de7ae49f74f4294b3d803348f85eb,남자,52,경기,대학원,철도운송 사무원,남성,6,50대,경기도,대학원졸
2652,b62ec810bf6e4a9394cf4177e2f0a4a7,남자,59,경기,고등학교,하역 및 적재 관련 단순 종사원,남성,6,50대,경기도,고졸
2653,674c826c233849aebc44679458a37ff5,남자,57,경상남,2~3년제 전문대학,그 외 전기·전자기기 설치 및 수리원,남성,6,50대,경상남도,전문대졸
2654,9321461d48c04e798e1c2125b49f026c,남자,51,서울,고등학교,새시 조립 및 설치원,남성,6,50대,서울특별시,고졸
2655,a662f55c73fc488ea4c717f3434566cb,남자,57,서울,중학교,하역 및 적재 관련 단순 종사원,남성,6,50대,서울특별시,중졸
2656,d6434621c7f64845b78ca129d3b0b69f,남자,55,경기,중학교,하역 및 적재 관련 단순 종사원,남성,6,50대,경기도,중졸
2657,f515bb15966046aca3b27f7a02a28a49,남자,55,서울,고등학교,무직,남성,6,50대,서울특별시,고졸
2658,ebfc4e370edd4fe18bd27620775539c1,남자,55,부산,4년제 대학교,그 외 금속·재료 공학 기술자 및 연구원,남성,6,50대,부산광역시,대졸
2659,48fc0dd5a59540c089023e8c2f7eeb35,남자,56,대전,4년제 대학교,무직,남성,6,50대,대전광역시,대졸
2660,a9b7bbffa2de4c8493882c69a5098068,남자,50,인천,2~3년제 전문대학,한식 조리사,남성,6,50대,인천광역시,전문대졸
2661,a1ab94d2648a4995a0e14cc3a9b8f5a2,남자,59,경상남,4년제 대학교,음료 배달원,남성,6,50대,경상남도,대졸
2662,c3e06622e4d74655bf5e126a1d1fdc20,남자,57,경기,무학,무직,남성,6,50대,경기도,무학
2663,a84c124790634613b5f38ad5e2f3aa4e,남자,50,경기,고등학교,인터넷케이블 설치 및 수리원,남성,6,50대,경기도,고졸
2664,e9e00eaa82954d298ab5688bbe32048a,남자,57,강원,고등학교,전화 상담원,남성,6,50대,강원특별자치도,고졸
2665,dbf2fb5ae62d4a96801c832aea521319,남자,59,서울,4년제 대학교,식품공학 기술자 및 연구원,남성,6,50대,서울특별시,대졸
2666,32e6cb7534d5418da5b270e3b58b1def,남자,59,울산,4년제 대학교,그 외 금속·재료 공학 기술자 및 연구원,남성,6,50대,울산광역시,대졸
2667,e210c36bb6f0431f896d4d050043be26,남자,58,경기,고등학교,그 외 경호 및 보안 관련 종사원,남성,6,50대,경기도,고졸
2668,be6822a0e5f04efea93536e43033fdb9,남자,53,전라남,고등학교,냉난방기 관련 설비 조작원,남성,6,50대,전라남,고졸
2669,dce1ab43f55b44cf81be5dfcfc086140,남자,59,서울,4년제 대학교,여행 사무원,남성,6,50대,서울특별시,대졸
2670,37e9e42d958e428ca8b70ba3e8ad588a,남자,50,경기,고등학교,시설 경비원,남성,6,50대,경기도,고졸
2671,47b89378b1644b23bd3d6e9f24ed7914,남자,54,대구,4년제 대학교,경영 기획 사무원,남성,6,50대,대구광역시,대졸
2672,01787897959942ed8ba3b38e4da74113,남자,57,경상남,중학교,시설 경비원,남성,6,50대,경상남도,중졸
2673,b6c2991b53704190b13434d4eb3fe653,남자,51,경기,고등학교,그 외 기능 관련 종사원,남성,6,50대,경기도,고졸
2674,ddead6db5d4b4029ba075fadf48f59a2,남자,59,전라남,고등학교,지게차 운전원,남성,6,50대,전라남,고졸
2675,c0650fd7c1d04b2ebf8075bd742cf686,남자,55,부산,고등학교,그 외 물품 이동 장비 조작원,남성,6,50대,부산광역시,고졸
2676,627e150e0ef44ae39066fd81273cead4,남자,55,서울,2~3년제 전문대학,무직,남성,6,50대,서울특별시,전문대졸
2677,df65b205d2f94098a9e122bff4bf57ce,남자,55,광주,고등학교,건물 칸막이 설치원,남성,6,50대,광주광역시,고졸
2678,b54213c8d3634f8e8c371a7e8a2b6b53,남자,57,경기,중학교,하역 및 적재 관련 단순 종사원,남성,6,50대,경기도,중졸
2679,fbf469f8e2034416a89d3e1044762020,남자,53,충청남,고등학교,무직,남성,6,50대,충청남,고졸
2680,efa4d0e196504edc968f7510299c5dfe,남자,56,경기,고등학교,무직,남성,6,50대,경기도,고졸
2681,6297091c8f344110960a35b15d38fbcc,남자,51,경상남,2~3년제 전문대학,그 외 기능 관련 종사원,남성,6,50대,경상남도,전문대졸
2682,67617c65f1034c388dc24db1d4f1eb98,남자,52,경상남,2~3년제 전문대학,음료 서비스 종사원,남성,6,50대,경상남도,전문대졸
2683,36d0bf2be0bd407da5e2fd2a0d9d71cf,남자,53,대전,2~3년제 전문대학,그 외 운송장비 정비원,남성,6,50대,대전광역시,전문대졸
2684,c082da8984d246918a6edb06841b3d07,남자,53,전라남,고등학교,엘리베이터 설치 및 정비원,남성,6,50대,전라남,고졸
2685,b771aff3affd4cd5bcd62eaa72e8f219,남자,53,전라남,고등학교,판매 사무원,남성,6,50대,전라남,고졸
2686,03c97d011b22472d9f7f70eefe64eb0d,남자,54,인천,고등학교,무직,남성,6,50대,인천광역시,고졸
2687,830db73b23ec4e78a9fb33e6dfd84a23,남자,55,인천,고등학교,품질 관리 사무원,남성,6,50대,인천광역시,고졸
2688,b65d4c5f2c2648548eaf8e01f25bcdd9,남자,53,울산,2~3년제 전문대학,판금원,남성,6,50대,울산광역시,전문대졸
2689,2e99cd84f9784662b0b37b241aacbb45,남자,53,경기,고등학교,그 외 배달원,남성,6,50대,경기도,고졸
2690,8fbb66ac0f0e4499a4b6eff094275580,남자,55,경기,4년제 대학교,건축감리 기술자,남성,6,50대,경기도,대졸
2691,480f97c6df99461eb1331752ce24bd59,남자,57,경기,고등학교,무직,남성,6,50대,경기도,고졸
2692,71a53c4d81de4e85b48285d74e9e3be1,남자,58,경기,고등학교,강구조물 가공원,남성,6,50대,경기도,고졸
2693,17e419955e134312ab79bf042f9a7d46,남자,50,경기,4년제 대학교,무직,남성,6,50대,경기도,대졸
2694,ddd5353a10f64d72833cdf98c314b824,남자,52,경기,4년제 대학교,섬유 소재 개발 기술자 및 연구원,남성,6,50대,경기도,대졸
2695,c40707f71252461cbfd48eb38d609bc9,남자,53,충청북,고등학교,그 외 화학제품 생산기 조작원,남성,6,50대,충청북,고졸
2696,67158482608d41ea8ba54113d3c2bf59,남자,59,경상남,2~3년제 전문대학,무직,남성,6,50대,경상남도,전문대졸
2697,aee053c824a14182a6bdbcf4e52c33b8,남자,59,경기,고등학교,굴착기·착암기 및 채광기 조작원,남성,6,50대,경기도,고졸
2698,c65d2d7f0a7c42b8ab85eeaea46ad0e8,남자,58,대구,4년제 대학교,산업 안전원,남성,6,50대,대구광역시,대졸
2699,d9e0f06ffc4f48b99bf11118144953a4,남자,57,경기,고등학교,그 외 버스 운전원,남성,6,50대,경기도,고졸
2700,ca327b36b55f402bad47925efefce8f9,남자,57,서울,고등학교,하역 및 적재 관련 단순 종사원,남성,6,50대,서울특별시,고졸
2701,fae7fcdc4176424c8a0dd30a81cced6e,남자,50,경기,4년제 대학교,무직,남성,6,50대,경기도,대졸
2702,d13c5a8de90f4712b619cd4046fbe2f7,남자,51,부산,고등학교,무직,남성,6,50대,부산광역시,고졸
2703,fa8e6a2fb3264b0da2cbe2c8da91fe07,남자,57,부산,4년제 대학교,기업 고위 임원,남성,6,50대,부산광역시,대졸
2704,678bec9509a14286ba78419e1afcba38,남자,53,충청남,고등학교,잠수 기능원,남성,6,50대,충청남,고졸
2705,89f86f42cc38462887983fa7c80aa712,남자,55,인천,고등학교,건물 경비원,남성,6,50대,인천광역시,고졸
2706,6bdcdd573acd4ad6bd76ab8d7342310b,남자,59,서울,4년제 대학교,철도운송 관련 종사원,남성,6,50대,서울특별시,대졸
2707,c24db0e31bfa4d6e935cfabe549f2af1,남자,50,경기,고등학교,금속 분무기 조작원,남성,6,50대,경기도,고졸
2708,88de995126114be3b74d55b3283441c2,남자,59,광주,4년제 대학교,화학물 증류기 및 반응기 조작원,남성,6,50대,광주광역시,대졸
2709,1cc58a6a28d34491aa87e260a1322a00,남자,50,경상남,고등학교,건설 단순 종사원,남성,6,50대,경상남도,고졸
2710,35805326d1644483a12607e49313e93f,남자,56,제주,2~3년제 전문대학,사무 보조원,남성,6,50대,제주특별자치도,전문대졸
2711,eb6ade5ab8904f9bbc0f9bcd4191754c,남자,55,전북,4년제 대학교,감사 사무원,남성,6,50대,전북특별자치도,대졸
2712,91f8bb04e2424a62b2d5261dafbba508,남자,56,경기,4년제 대학교,경리 사무원,남성,6,50대,경기도,대졸
2713,f09a93f16e7944b68083f794e35ea9b3,남자,57,경상남,2~3년제 전문대학,토목안전 기술자,남성,6,50대,경상남도,전문대졸
2714,d6f4be12171349a0911a2d1c5ec31567,남자,53,경기,고등학교,경리 사무원,남성,6,50대,경기도,고졸
2715,0b193f4449ac4461a1308e1c338ea6cb,남자,53,서울,4년제 대학교,회계 사무원,남성,6,50대,서울특별시,대졸
2716,71a0a4a48c6c4f2ca5cd6bf0017486a7,남자,51,경기,고등학교,그 외 공업기계 설치 및 정비원,남성,6,50대,경기도,고졸
2717,38d77a77fb854539a5a43ac232a9b2f9,남자,53,경기,4년제 대학교,도로운송 사무원,남성,6,50대,경기도,대졸
2718,25752dadd4e3421a859a1896fb2d7a00,남자,54,강원,고등학교,가스 점검원,남성,6,50대,강원특별자치도,고졸
2719,e08ec0b29c5844bf947e1f27aaddd328,남자,51,인천,고등학교,건설 단순 종사원,남성,6,50대,인천광역시,고졸
2720,420b6c9c275b423c93605daff9fb26fe,남자,51,서울,4년제 대학교,무직,남성,6,50대,서울특별시,대졸
2721,62c98047e2b048bda06a6f50b0398f36,남자,53,서울,4년제 대학교,조사 전문가,남성,6,50대,서울특별시,대졸
2722,4de8cfe68a1e4cb98920db19e16e9b5c,남자,50,서울,4년제 대학교,플랜트공학 기술자 및 연구원,남성,6,50대,서울특별시,대졸
2723,d2d524a6161c49478fa4c8f4d0a2d4c4,남자,56,대전,4년제 대학교,공공행정 사무원,남성,6,50대,대전광역시,대졸
2724,8847f4d55dd44220a02e4612a849d784,남자,58,경상남,고등학교,압연기 조작원,남성,6,50대,경상남도,고졸
2725,1df95e2f5f474c3eb15d6b12484d620c,남자,53,울산,고등학교,플랜트 배관공,남성,6,50대,울산광역시,고졸
2726,dc2e6e95714240588c4cf76c03088ef4,남자,52,경기,4년제 대학교,무직,남성,6,50대,경기도,대졸
2727,89bcb7b107e945d3b023c630f548136a,남자,58,울산,고등학교,시설 경비원,남성,6,50대,울산광역시,고졸
2728,38849490fc184997aa36500d9bc93b73,남자,57,서울,고등학교,무직,남성,6,50대,서울특별시,고졸
2729,194cbc703a104cd3afde714ab8a09374,남자,59,전라남,고등학교,지게차 운전원,남성,6,50대,전라남,고졸
2730,e47a952bdae5431da40d627a4e04d048,남자,57,울산,고등학교,콘크리트 믹서 트럭 운전원,남성,6,50대,울산광역시,고졸
2731,318fd20b9d1642179af8c3353e2e5403,남자,55,인천,고등학교,프레스기 및 절단기 조작원,남성,6,50대,인천광역시,고졸
2732,1bf1eae4b0b94c6cad3e771231dc8a8e,남자,50,대구,4년제 대학교,전자제품 개발 기술자 및 연구원,남성,6,50대,대구광역시,대졸
2733,331cc7e7126a4dbb8eb2fe1a5b91a435,남자,50,경상남,고등학교,무직,남성,6,50대,경상남도,고졸
2734,3156c28714f84728aa7fd8bde893da07,남자,56,경상남,2~3년제 전문대학,장례 지도사,남성,6,50대,경상남도,전문대졸
2735,83316dd9dcea44109d28f15be2f72460,남자,50,경기,고등학교,건물용 보일러 설치 및 정비원,남성,6,50대,경기도,고졸
2736,056710935a434452a820d644138387ce,남자,59,강원,대학원,총무 사무원,남성,6,50대,강원특별자치도,대학원졸
2737,dc8e0d9c1f294f9e96a9c3b2d4e20a16,남자,50,충청남,4년제 대학교,교육 및 훈련 사무원,남성,6,50대,충청남,대졸
2738,5bb0a42f0e48470f83ba8e5b4ba7c5ad,남자,57,경기,중학교,무직,남성,6,50대,경기도,중졸
2739,0da340dd34d94e8895b3b8c5462617f8,남자,55,경기,고등학교,소규모 상점 경영자,남성,6,50대,경기도,고졸
2740,4e2e160a2a7e43bbb0d38b80184a77bd,남자,52,서울,4년제 대학교,산업 안전원,남성,6,50대,서울특별시,대졸
2741,862e3aab1e0e42719e1a4292b83899ac,남자,56,경기,고등학교,무직,남성,6,50대,경기도,고졸
2742,982c435eda984a66bd3492ace1206cb5,남자,54,부산,2~3년제 전문대학,사무 보조원,남성,6,50대,부산광역시,전문대졸
2743,0656f8eb9cfa4bb5af28fc704d8ba482,남자,57,서울,고등학교,간판 제작 및 설치원,남성,6,50대,서울특별시,고졸
2744,66b04e5a2a674d34941eb04c61902fe5,남자,51,경기,4년제 대학교,무직,남성,6,50대,경기도,대졸
2745,16803c3278584825a2f471720f2fd917,남자,58,경기,고등학교,그 외 자동차 운전원,남성,6,50대,경기도,고졸
2746,fa9b3ae2260c4bea9ed8ee3bb8df1c8d,남자,59,광주,4년제 대학교,신차 영업원,남성,6,50대,광주광역시,대졸
2747,0911539f121a45be8b7eee3c4264614e,남자,56,대구,중학교,그 외 자동차 운전원,남성,6,50대,대구광역시,중졸
2748,42c13651b057470eb38fa216da5e96f8,남자,54,경상남,고등학교,주차 관리원,남성,6,50대,경상남도,고졸
2749,2f16621c2db14d82ab9a70cf010df1e7,남자,58,경기,중학교,건물 경비원,남성,6,50대,경기도,중졸
2750,438bf50c3ab04aec902e152a57cc8f52,남자,55,서울,고등학교,소규모 상점 경영자,남성,6,50대,서울특별시,고졸
2751,a6e35e50b98a476aafccd1e1fccc6cad,남자,58,강원,4년제 대학교,전기 감리 기술자 및 연구원,남성,6,50대,강원특별자치도,대졸
2752,56f80f2d13ee40c8807a2c5e838ffb82,남자,57,제주,고등학교,그 외 화학제품 생산기 조작원,남성,6,50대,제주특별자치도,고졸
2753,ad4bdecf9b224fffaff5ed9aa19368a4,남자,57,경기,고등학교,육군 장교,남성,6,50대,경기도,고졸
2754,35e167c8447347a8a58abdc75c39cb7b,남자,59,대전,중학교,무직,남성,6,50대,대전광역시,중졸
2755,025a03a062aa4d049087211c7935d480,남자,53,경기,고등학교,무직,남성,6,50대,경기도,고졸
2756,012439c30c804ff59885860c34f7293c,남자,52,부산,고등학교,무직,남성,6,50대,부산광역시,고졸
2757,97733be581fc4a47a8e4a76a28744449,남자,59,경기,고등학교,영업 관리 사무원,남성,6,50대,경기도,고졸
2758,b40c25aebbbe4927a176fcb10ee7bb28,남자,56,서울,중학교,수동 포장원,남성,6,50대,서울특별시,중졸
2759,8cac93476eea4f7cb278a56511b9ca21,남자,55,경상남,고등학교,지게차 운전원,남성,6,50대,경상남도,고졸
2760,be370d91789f4361862cd1c0f5891340,남자,53,경기,4년제 대학교,그 외 법률 관련 사무원,남성,6,50대,경기도,대졸
2761,7f925c47b3894450ac2f3e16517e85f3,남자,52,대전,고등학교,소방시설 공사 기술자 및 연구원,남성,6,50대,대전광역시,고졸
2762,9a89ae4fa02140cda60b3c80b5cbc31d,남자,50,경기,4년제 대학교,통계 사무원,남성,6,50대,경기도,대졸
2763,5cdd5703e42e4b56b8db49f4a01afc29,남자,50,전북,4년제 대학교,시스템 소프트웨어 설계 및 분석가,남성,6,50대,전북특별자치도,대졸
2764,82c7ec32980d49e5853f130b28b70e16,남자,51,인천,고등학교,일식 조리사,남성,6,50대,인천광역시,고졸
2765,54649a2a2e8e4c2da078b9748b9de1fb,남자,58,울산,고등학교,육군 장교,남성,6,50대,울산광역시,고졸
2766,95e777c6919f448da0ca59c76e92e049,남자,54,서울,대학원,해외 영업원,남성,6,50대,서울특별시,대학원졸
2767,ff5872d8994f44bfb496332732a34049,남자,52,서울,고등학교,그 외 데이터 및 네트워크 관련 전문가,남성,6,50대,서울특별시,고졸
2768,cf80a6eaae1b41c38fa90c939b3025d4,남자,58,서울,4년제 대학교,식품공학 기술자 및 연구원,남성,6,50대,서울특별시,대졸
2769,6a51d52eef164db08b01ee8fc6982bae,남자,58,경기,4년제 대학교,일반 비서,남성,6,50대,경기도,대졸
2770,565e1090bc62415088f6aeaf28ad81a3,남자,52,경상남,고등학교,인사 및 노무 사무원,남성,6,50대,경상남도,고졸
2771,f9ce2b0df6a346d8963e839230c6c189,남자,52,경기,고등학교,경영 기획 사무원,남성,6,50대,경기도,고졸
2772,c6b04f4c74f94f628416abb270acd851,남자,56,대구,대학원,무직,남성,6,50대,대구광역시,대학원졸
2773,bef7c91dccc1463691062f94d1140417,남자,52,전북,고등학교,그 외 법률 관련 사무원,남성,6,50대,전북특별자치도,고졸
2774,ee5b7cbe80e9435c9e4fc85e7e7d51b3,남자,51,전북,4년제 대학교,무직,남성,6,50대,전북특별자치도,대졸
2775,996ccf3c54ec4e62880b54dfb25e4964,남자,54,경기,4년제 대학교,치과 전문 의사,남성,6,50대,경기도,대졸
2776,94b7739068f04c1fb652ffb609ebc82c,남자,57,경기,4년제 대학교,영업 관리 사무원,남성,6,50대,경기도,대졸
2777,20a0169ea1cd48c5bbeda5ca4deef9c3,남자,56,서울,4년제 대학교,무직,남성,6,50대,서울특별시,대졸
2778,074243c1e6b34aa5be46ec841ec119f7,남자,50,경상북,고등학교,그 외 상점 판매원,남성,6,50대,경상북도,고졸
2779,c377a67db49145518a0f48c1e8ee8678,남자,58,경기,대학원,온라인 쇼핑 판매원,남성,6,50대,경기도,대학원졸
2780,51472462db8f475aa5a7963582a7a3fd,남자,54,서울,4년제 대학교,단말기 및 통신 서비스 판매원,남성,6,50대,서울특별시,대졸
2781,973c495804134b1db50fd0c339a1f5b6,남자,58,충청남,고등학교,대형 화물차 운전원,남성,6,50대,충청남,고졸
2782,bbe652f1d86e4613ac206e8d9258b4dd,남자,66,경기,2~3년제 전문대학,전기 도금기 조작원,남성,7,60대,경기도,전문대졸
2783,995373303e9346d880d3076f0fb54ec0,남자,67,경상남,고등학교,시설 경비원,남성,7,60대,경상남도,고졸
2784,e599239a816d46848e7cca6f5cb0bfcc,남자,69,인천,고등학교,무직,남성,7,60대,인천광역시,고졸
2785,746e28d50e2b43218d56da323a4aa987,남자,60,강원,고등학교,무직,남성,7,60대,강원특별자치도,고졸
2786,2e45d8eb976d41bea543dc495606e91a,남자,60,강원,고등학교,산불 감시원,남성,7,60대,강원특별자치도,고졸
2787,b70324f603414747822486b690fe69c2,남자,69,경기,4년제 대학교,무직,남성,7,60대,경기도,대졸
2788,5b9dd2004e25433fa15b1768634b7558,남자,62,경상남,고등학교,그 외 상점 판매원,남성,7,60대,경상남도,고졸
2789,49b28be50e694695be17a61fd5d01abd,남자,64,경상남,중학교,무직,남성,7,60대,경상남도,중졸
2790,ca45380a8d64409ba8745bc235ba64ef,남자,65,경상북,고등학교,의류 판매원,남성,7,60대,경상북도,고졸
2791,1aed869a873742659ed73c81cc56ef18,남자,64,경기,4년제 대학교,무직,남성,7,60대,경기도,대졸
2792,84b176a9210f4b7ea2c260eefe68d29b,남자,63,경기,4년제 대학교,무직,남성,7,60대,경기도,대졸
2793,467874b7f096444fb555698308fb4bc1,남자,67,전라남,중학교,소규모 상점 경영자,남성,7,60대,전라남,중졸
2794,3fe547e30a5c4bc98f15e137ab742a9b,남자,67,서울,4년제 대학교,영업 관리 사무원,남성,7,60대,서울특별시,대졸
2795,eb9118bbceca40799f4493b478faa98c,남자,62,경기,중학교,그 외 택배원,남성,7,60대,경기도,중졸
2796,3f59c6ea93254c17a70d7d3e90e00011,남자,64,서울,고등학교,양식 조리사,남성,7,60대,서울특별시,고졸
2797,0ceb164d76dd48cab366c7c83ee43c82,남자,67,강원,초등학교,무직,남성,7,60대,강원특별자치도,초졸이하
2798,5cf706aa969a41889ad745ee4e7f2351,남자,68,경상남,고등학교,그 외 상점 판매원,남성,7,60대,경상남도,고졸
2799,153b5d8dc93f427ca44a8894e3fe2831,남자,69,서울,4년제 대학교,보육교사,남성,7,60대,서울특별시,대졸
2800,b520edd3491f4c3facaa03a9a26eb593,남자,69,대구,4년제 대학교,무직,남성,7,60대,대구광역시,대졸
2801,9c8938dd7ed447f3a626a3d534d0401f,남자,65,경상북,초등학교,건물 청소원,남성,7,60대,경상북도,초졸이하
2802,2862196e1b2949378a8350ac75dc486a,남자,66,서울,고등학교,방수공,남성,7,60대,서울특별시,고졸
2803,a78e92c1f1c043ada468dc971c348cc8,남자,68,울산,고등학교,전화 상담원,남성,7,60대,울산광역시,고졸
2804,af9bcd35cd164d56962049879db62e7e,남자,64,서울,4년제 대학교,무직,남성,7,60대,서울특별시,대졸
2805,ec3b82f6a2f0433f8e98afd86af0665e,남자,61,광주,중학교,무직,남성,7,60대,광주광역시,중졸
2806,0b21801b21a94be983dd4330d6f734bf,남자,69,인천,고등학교,무직,남성,7,60대,인천광역시,고졸
2807,5ae03579f8204c45a47a12f5eaff0dfc,남자,63,부산,고등학교,무직,남성,7,60대,부산광역시,고졸
2808,9e250c3cd7c742bc829a616a5e60db1a,남자,63,경상남,4년제 대학교,무직,남성,7,60대,경상남도,대졸
2809,9c9adf2dfafd4b0899e3649fc7a7cbe4,남자,67,광주,고등학교,무직,남성,7,60대,광주광역시,고졸
2810,c90190bee9e04c88aca9bb5796fd6803,남자,61,경상북,4년제 대학교,무직,남성,7,60대,경상북도,대졸
2811,f92e1cfdde124db1bd0376b4d549780c,남자,67,대전,중학교,무직,남성,7,60대,대전광역시,중졸
2812,c489e737e8f0469db3813c4030c0f94e,남자,69,대구,고등학교,철도운송 관련 종사원,남성,7,60대,대구광역시,고졸
2813,b6f2aa17404647a399842543e4d7018a,남자,62,전라남,고등학교,하역 및 적재 관련 단순 종사원,남성,7,60대,전라남,고졸
2814,ada7684fedb140c2a7907fc16fa01ec7,남자,69,충청북,중학교,무직,남성,7,60대,충청북,중졸
2815,146973cfb3cd46b1b6e662ff9c09cb1c,남자,64,경기,고등학교,무직,남성,7,60대,경기도,고졸
2816,f1f81f46fc6041cd8b21a3136a0aa459,남자,64,경상북,2~3년제 전문대학,무직,남성,7,60대,경상북도,전문대졸
2817,772d828700ba42cb9a1f1f4688d6d8bf,남자,60,전북,고등학교,무직,남성,7,60대,전북특별자치도,고졸
2818,1501c4f40c2c417e9960d79b8cd869b6,남자,62,강원,고등학교,"전직 건물 경비원, 현재 구직중",남성,7,60대,강원특별자치도,고졸
2819,7c06362f2cba41b2846cf79a44b1a85f,남자,62,서울,대학원,무직,남성,7,60대,서울특별시,대학원졸
2820,61e909c7f1d04610afce60ded77c3d12,남자,66,강원,중학교,무직,남성,7,60대,강원특별자치도,중졸
2821,d7f309536a454e218195bb713d3ffd7c,남자,62,강원,고등학교,무직,남성,7,60대,강원특별자치도,고졸
2822,13b498ada2584db49cb9c8bda4480e5e,남자,67,서울,고등학교,시설 경비원,남성,7,60대,서울특별시,고졸
2823,b1680d1a6d714d90afced2484f0d8b09,남자,64,인천,고등학교,그 외 바닥재 시공원,남성,7,60대,인천광역시,고졸
2824,b00949512954462d979a058939a65e53,남자,69,충청북,대학원,국가행정 사무원,남성,7,60대,충청북,대학원졸
2825,93205093f1884760a01e080d31d50b51,남자,65,경상남,고등학교,무직,남성,7,60대,경상남도,고졸
2826,319dda107371448fa4f25db66915c287,남자,61,서울,고등학교,무직,남성,7,60대,서울특별시,고졸
2827,acef78df8aa542e29128f3135efa7657,남자,68,전라남,초등학교,무직,남성,7,60대,전라남,초졸이하
2828,7beaeb2bd316479595b1937ffc04b7dc,남자,66,서울,중학교,자동 재단기 조작원,남성,7,60대,서울특별시,중졸
2829,3cfce040d1dd426bb600c660ae5a79f8,남자,63,부산,초등학교,건물 경비원,남성,7,60대,부산광역시,초졸이하
2830,c5dc3c3ca00d467ea2f92aca11c4ca6a,남자,61,경기,고등학교,그 외 법률 관련 사무원,남성,7,60대,경기도,고졸
2831,11e16ac32afb497fbdbe2e067b97dd9b,남자,67,서울,고등학교,철로 보수원,남성,7,60대,서울특별시,고졸
2832,d63a671562fe4febb7283c834e150a7c,남자,61,경기,4년제 대학교,그 외 스포츠 및 레크리에이션 관련 전문가,남성,7,60대,경기도,대졸
2833,be7c3f1625ea4e3a9ebdcaaeeed545fb,남자,67,서울,대학원,무직,남성,7,60대,서울특별시,대학원졸
2834,da2073384cd84dc7bdce968f52db863e,남자,68,경기,초등학교,무직,남성,7,60대,경기도,초졸이하
2835,ec4eb9d001c44e35a1f24e4ef416eb80,남자,60,서울,고등학교,무직,남성,7,60대,서울특별시,고졸
2836,76b413c3b1154f18abfbd28aa4ad1c0c,남자,67,서울,중학교,조세행정 사무원,남성,7,60대,서울특별시,중졸
2837,cbb9252bd9714c21a463b34ea3e04479,남자,60,전북,2~3년제 전문대학,무직,남성,7,60대,전북특별자치도,전문대졸
2838,7845e1298b2546fbba7aa87c14348b57,남자,66,인천,고등학교,사무 보조원,남성,7,60대,인천광역시,고졸
2839,19934534d430427ba9559f37c6c5a7a1,남자,63,대구,4년제 대학교,무직,남성,7,60대,대구광역시,대졸
2840,87186d5e45a241e7894fc866bab9771b,남자,65,경기,중학교,무직,남성,7,60대,경기도,중졸
2841,089d3ee09555470ea7d4046289144d31,남자,64,전라남,고등학교,강구조물 건립원,남성,7,60대,전라남,고졸
2842,8a0538dbb47a42d7b7ba694a80f72e98,남자,60,서울,고등학교,무직,남성,7,60대,서울특별시,고졸
2843,5356d2cda66b48d4acde8f62bdbb6155,남자,63,경기,고등학교,그 외 일반 영업원,남성,7,60대,경기도,고졸
2844,78a2073a57eb4187a810b1610a3c277a,남자,66,서울,중학교,그 외 택배원,남성,7,60대,서울특별시,중졸
2845,897c1139730e4275a49907e3c6b76f04,남자,61,대구,고등학교,택배원,남성,7,60대,대구광역시,고졸
2846,d80fcb283eb542f58f4d5e6ac6bf2258,남자,63,제주,고등학교,인쇄 관련 기능 종사원,남성,7,60대,제주특별자치도,고졸
2847,67198e3cc92641b89979c71fcb2f5bc0,남자,62,경상북,고등학교,무직,남성,7,60대,경상북도,고졸
2848,34b530b26f2840e3809d83d71a2e2038,남자,65,경기,중학교,그 외 화학제품 생산기 조작원,남성,7,60대,경기도,중졸
2849,db562276699c4da9871fb73dfa75536a,남자,63,인천,고등학교,무직,남성,7,60대,인천광역시,고졸
2850,ced97a2340964da5b0e227f958328c64,남자,64,경기,고등학교,무직,남성,7,60대,경기도,고졸
2851,b60c243313e14d9799e85a99d00f21cf,남자,68,서울,고등학교,무직,남성,7,60대,서울특별시,고졸
2852,54b41e76e81d4625ae52af21d9f49de1,남자,64,충청북,고등학교,하역 및 적재 관련 단순 종사원,남성,7,60대,충청북,고졸
2853,a40f00f31a3a41aab2e94f708873d1ed,남자,60,전라남,고등학교,건물 경비원,남성,7,60대,전라남,고졸
2854,52f50f8362694388991a628f59f20753,남자,64,경상남,고등학교,지게차 운전원,남성,7,60대,경상남도,고졸
2855,d4828125bb2047789e5220854492faaa,남자,67,서울,4년제 대학교,조사 전문가,남성,7,60대,서울특별시,대졸
2856,4fe9df221e8d4fa89390c42a7ffc8ea6,남자,69,경기,고등학교,무직,남성,7,60대,경기도,고졸
2857,44ef29347da64fd79b5f425cfe1d68f5,남자,63,경상북,고등학교,무직,남성,7,60대,경상북도,고졸
2858,b223e14505a6420b8c8b61e2ed267b7a,남자,68,서울,초등학교,건물 경비원,남성,7,60대,서울특별시,초졸이하
2859,6bbb42e866bb43bbb1f98b9198cb1341,남자,60,인천,중학교,무직,남성,7,60대,인천광역시,중졸
2860,d7d5425e268249ebaf85facd187fa731,남자,61,인천,중학교,건물 경비원,남성,7,60대,인천광역시,중졸
2861,1a1c4c2c868048eca3fdde1c3d24af0c,남자,68,경기,중학교,무직,남성,7,60대,경기도,중졸
2862,1b0a9dc2440a45f88917744a4b231967,남자,65,서울,고등학교,무직,남성,7,60대,서울특별시,고졸
2863,63b984a785614f21a3f5e29257004e1f,남자,68,경상북,고등학교,무직,남성,7,60대,경상북도,고졸
2864,d9c2e55c21594be0a7f2a181c1828e5a,남자,67,경상북,초등학교,무직,남성,7,60대,경상북도,초졸이하
2865,0e907ec1b0204dd58c5f4e35839b7131,남자,61,경기,고등학교,철도운송 관련 종사원,남성,7,60대,경기도,고졸
2866,3b170e4fb2d840799ed8892116052dbb,남자,67,제주,4년제 대학교,조세행정 사무원,남성,7,60대,제주특별자치도,대졸
2867,e1951c693f384950afb16036ff13a549,남자,63,부산,4년제 대학교,관리 비서,남성,7,60대,부산광역시,대졸
2868,32e78ee81a1d4adbaf3ef8d5da5042fd,남자,61,전라남,고등학교,무직,남성,7,60대,전라남,고졸
2869,692d1a92ee2645cab82492c10f9ba84c,남자,61,경기,4년제 대학교,무직,남성,7,60대,경기도,대졸
2870,7f0902da6a77455f9cc5c665453340b4,남자,61,경기,고등학교,무직,남성,7,60대,경기도,고졸
2871,2ee9e6c2b0a44b91b014548bf207a325,남자,60,광주,2~3년제 전문대학,무직,남성,7,60대,광주광역시,전문대졸
2872,7dea5984d2554bf2b946ebbe55fe4fe4,남자,68,충청북,4년제 대학교,냉난방·공조공학 기술자 및 연구원,남성,7,60대,충청북,대졸
2873,e31c3a6b2622478ea95c58f11116d0d7,남자,64,세종,고등학교,건물 경비원,남성,7,60대,세종특별자치시,고졸
2874,fcb14b4cb28f470a91b914b987103dc7,남자,68,충청남,4년제 대학교,무직,남성,7,60대,충청남,대졸
2875,01caa619cfe240d4aa40e61b3430a5ed,남자,62,경상남,고등학교,하역 및 적재 관련 단순 종사원,남성,7,60대,경상남도,고졸
2876,9d789dcc65ea4e46bd9da63495faba5c,남자,69,경기,대학원,무직,남성,7,60대,경기도,대학원졸
2877,1f4115aad4534beabf4b5680126eec1a,남자,60,경기,4년제 대학교,경리 사무원,남성,7,60대,경기도,대졸
2878,9a26cc40e0ce4572a59b6fe2ba3f4baf,남자,60,대전,고등학교,무직,남성,7,60대,대전광역시,고졸
2879,c6d2d7cee2de4525bd24ea166f981ce9,남자,63,경상북,대학원,무직,남성,7,60대,경상북도,대학원졸
2880,b49e386c1ef8410aa187f92d8ad39a1d,남자,61,경상남,고등학교,무직,남성,7,60대,경상남도,고졸
2881,ff44d63b55f54f698ebc208dbcc92964,남자,66,경기,고등학교,오락 및 스포츠용품 대여원,남성,7,60대,경기도,고졸
2882,5c0c21d1c0be4ea9af8834e964efce13,남자,64,경기,초등학교,하역 및 적재 관련 단순 종사원,남성,7,60대,경기도,초졸이하
2883,7b65655728c04e798bc8004ed0b04292,남자,62,제주,4년제 대학교,시민 단체 활동가,남성,7,60대,제주특별자치도,대졸
2884,6ce258601e1a4f478cc26c70044ced5b,남자,66,부산,고등학교,무직,남성,7,60대,부산광역시,고졸
2885,4e349221093841139afa14a5f65f94ef,남자,69,경기,고등학교,리프트 조작원,남성,7,60대,경기도,고졸
2886,aae1f0e889704c9d9e9fcb83c3e887f0,남자,60,서울,고등학교,무직,남성,7,60대,서울특별시,고졸
2887,4c61b79002b146fa917fecde9422135f,남자,67,서울,중학교,건물 경비원,남성,7,60대,서울특별시,중졸
2888,08f84f6388c842a6b6221400fb5b352d,남자,60,경기,고등학교,무직,남성,7,60대,경기도,고졸
2889,bf3129a69a904480a5b9c6b8bb062c30,남자,68,경상남,초등학교,무직,남성,7,60대,경상남도,초졸이하
2890,427502807b014d31bca3f21d51864dac,남자,62,경기,고등학교,그 외 일반 영업원,남성,7,60대,경기도,고졸
2891,9729f855e6fc42079dcefe180cb6e109,남자,62,전라남,고등학교,지게차 운전원,남성,7,60대,전라남,고졸
2892,5f649c07c6094381829f799a9e7dab31,남자,61,인천,고등학교,크레인 운전원,남성,7,60대,인천광역시,고졸
2893,9bc22f9efa914fd89634fb938229655f,남자,68,강원,고등학교,무직,남성,7,60대,강원특별자치도,고졸
2894,c76ba0c8ef664855bc46f13c3576be46,남자,60,경기,고등학교,음식 서비스 종사원,남성,7,60대,경기도,고졸
2895,d9eec48811d24c60a0cc2206772535b1,남자,66,인천,고등학교,무직,남성,7,60대,인천광역시,고졸
2896,e55e51fe7a0a4bb7a1ff31492fd61280,남자,61,서울,2~3년제 전문대학,산업 안전원,남성,7,60대,서울특별시,전문대졸
2897,b13aad0b9bcf41968326e9205adbdbe0,남자,61,경기,고등학교,시설 경비원,남성,7,60대,경기도,고졸
2898,563993c2c2824304a6d92d90d164b646,남자,64,서울,4년제 대학교,경리 사무원,남성,7,60대,서울특별시,대졸
2899,063b2e88cd3b4499922385f7fdb1b27a,남자,69,부산,고등학교,무직,남성,7,60대,부산광역시,고졸
2900,8c24810c138240b6910c1b8b31f306ec,남자,61,울산,고등학교,보험 심사원,남성,7,60대,울산광역시,고졸
2901,28e2f2e0dfe94e16bdcdc36c71d47291,남자,61,서울,고등학교,방수공,남성,7,60대,서울특별시,고졸
2902,1726f5809a7d447483dcb2016586d870,남자,66,대구,중학교,무직,남성,7,60대,대구광역시,중졸
2903,d97d4fcf2400491384a4b8caaa80d78a,남자,66,인천,4년제 대학교,무직,남성,7,60대,인천광역시,대졸
2904,4897920e16a7469a8eb729d69daef86d,남자,65,대전,중학교,무직,남성,7,60대,대전광역시,중졸
2905,3732e87f17e2462483ef8728ac5faec1,남자,60,서울,대학원,무직,남성,7,60대,서울특별시,대학원졸
2906,5848bb8c9c1f4bb9ac20d49800687fb0,남자,63,서울,4년제 대학교,"전직 그 외 데이터 및 네트워크 관련 전문가, 현재 구직중",남성,7,60대,서울특별시,대졸
2907,b3c944107a394571954bcf243a959677,남자,65,경기,고등학교,경량 철골공,남성,7,60대,경기도,고졸
2908,3c25b1dd202b4adface2ca8b2e8b7033,남자,61,경기,4년제 대학교,무역 사무원,남성,7,60대,경기도,대졸
2909,92d9a6fa1e09436bb65372fd08c5717f,남자,67,부산,중학교,식품 영업원,남성,7,60대,부산광역시,중졸
2910,04333bd25922460c8527900c15d950bf,남자,68,경기,고등학교,강구조물 건립원,남성,7,60대,경기도,고졸
2911,c314b6ae07f947a1b935096749a8d7a1,남자,67,경상남,고등학교,금속 세척기 조작원,남성,7,60대,경상남도,고졸
2912,b9a150a34275427d8cc9148b851d184b,남자,64,경기,중학교,무직,남성,7,60대,경기도,중졸
2913,48c60621acbc4490a53b9bf58a529f2b,남자,67,세종,고등학교,무직,남성,7,60대,세종특별자치시,고졸
2914,54b4677211a646cb8ae97e41ec4fbce8,남자,67,강원,고등학교,무직,남성,7,60대,강원특별자치도,고졸
2915,b0d7d037d1df40efb0bb3c6ed6092f35,남자,68,제주,2~3년제 전문대학,철도운송 관련 종사원,남성,7,60대,제주특별자치도,전문대졸
2916,10b89e98b2f8419cb08032028b6f842e,남자,60,제주,고등학교,기계 경비원,남성,7,60대,제주특별자치도,고졸
2917,6781231a1704472e92ba50c13f70b318,남자,64,경기,4년제 대학교,무직,남성,7,60대,경기도,대졸
2918,8b33f4d74e274326ab0535ee634fa345,남자,67,전라남,고등학교,강구조물 건립원,남성,7,60대,전라남,고졸
2919,588d8bfc67d6408088b12a8a220c25d3,남자,61,충청북,중학교,무직,남성,7,60대,충청북,중졸
2920,4dc67cedbc554cc6b3ae9e247ba88739,남자,61,경상북,4년제 대학교,무직,남성,7,60대,경상북도,대졸
2921,de2ace39640f4108937f2f80f35d2912,남자,61,경기,대학원,"전직 냉난방·공조공학 기술자 및 연구원, 현재 구직중",남성,7,60대,경기도,대학원졸
2922,27a3da975539456bba3f9f117353d758,남자,63,충청남,고등학교,드릴링기 및 보링기 조작원,남성,7,60대,충청남,고졸
2923,d75c89bd72a24b1d8ae415b4e23a9a74,남자,60,서울,고등학교,사무 보조원,남성,7,60대,서울특별시,고졸
2924,9c0e62b7dc304d0ab4551b649c8ba1dc,남자,68,충청북,고등학교,무직,남성,7,60대,충청북,고졸
2925,88f988af29dc4341899d7a9b03f058b1,남자,61,경기,4년제 대학교,무직,남성,7,60대,경기도,대졸
2926,0f88471d832a4acebf056e649e546641,남자,63,서울,고등학교,그 외 서비스 관련 단순 종사원,남성,7,60대,서울특별시,고졸
2927,1111a560a14f4bfa9b9dcbb777267b12,남자,65,서울,고등학교,단열공,남성,7,60대,서울특별시,고졸
2928,eda352b8d8454638a03a3f617e2cea5c,남자,66,경기,초등학교,"전직 육아 도우미, 현재 구직중",남성,7,60대,경기도,초졸이하
2929,2bf0cec1017b4cbcb5c67bdfb40f6f78,남자,61,광주,고등학교,무직,남성,7,60대,광주광역시,고졸
2930,118d3c40612e472b82abc642417575f6,남자,64,전라남,2~3년제 전문대학,무직,남성,7,60대,전라남,전문대졸
2931,df221c58fe0244f1b1b222884f399c0d,남자,66,경기,고등학교,지게차 운전원,남성,7,60대,경기도,고졸
2932,fe7d0f90f2dc453cb8f31eff2ad4cfec,남자,60,강원,고등학교,하역 및 적재 관련 단순 종사원,남성,7,60대,강원특별자치도,고졸
2933,8c10a2daf8434fa195c77524bd0e70b0,남자,65,서울,고등학교,무직,남성,7,60대,서울특별시,고졸
2934,3fa221354f4847078cd47d3e0a49e75a,남자,68,전라남,중학교,금속 세척기 조작원,남성,7,60대,전라남,중졸
2935,e96930ede38f43f8a91b37330e5de39c,남자,63,서울,고등학교,소규모 상점 경영자,남성,7,60대,서울특별시,고졸
2936,7d30140323824e93b3478d298f4ce000,남자,61,서울,4년제 대학교,섬유 및 의복 제품 생산 관리자,남성,7,60대,서울특별시,대졸
2937,930c9823aa834a4bb3bcf55b5198a083,남자,64,전라남,고등학교,무직,남성,7,60대,전라남,고졸
2938,3179bc4edd164ef5a60bcdbe7054cbdf,남자,62,경상북,고등학교,무직,남성,7,60대,경상북도,고졸
2939,38a6b9cee31849f68e387f862b7d4dd2,남자,69,대구,중학교,검표원,남성,7,60대,대구광역시,중졸
2940,77aed6165abe4d26b82e8e4b2743efc7,남자,66,경기,4년제 대학교,무직,남성,7,60대,경기도,대졸
2941,05c42887e31d45e89713be7651d776c7,남자,67,경상남,고등학교,무직,남성,7,60대,경상남도,고졸
2942,e59e97e64af4413f81e3c9a5ef638a0d,남자,68,경기,고등학교,"전직 그 외 기능 관련 종사원, 현재 구직중",남성,7,60대,경기도,고졸
2943,2608782ff2ca424fb49f4797cc40fb7e,남자,69,경상북,초등학교,하역 및 적재 관련 단순 종사원,남성,7,60대,경상북도,초졸이하
2944,c0d547b0f491421085d155436eb73aa5,남자,69,전북,4년제 대학교,무직,남성,7,60대,전북특별자치도,대졸
2945,15c28d26ee43419784040f36723848d0,남자,62,경기,대학원,"전직 그 외 금속·재료 공학 기술자 및 연구원, 현재 구직중",남성,7,60대,경기도,대학원졸
2946,82854d40629e4ceda69a8655068af54b,남자,66,경기,고등학교,무직,남성,7,60대,경기도,고졸
2947,c0f615fb4f8d4381be14b719b97e7255,남자,64,서울,2~3년제 전문대학,무직,남성,7,60대,서울특별시,전문대졸
2948,34f36a0ea8c84804a6de732e46acf67d,남자,64,경기,고등학교,무직,남성,7,60대,경기도,고졸
2949,500f6a2436194ee0ab31bdbc32b6967d,남자,63,인천,4년제 대학교,"전직 철도운송 관련 종사원, 현재 구직중",남성,7,60대,인천광역시,대졸
2950,e09288ef8199417288926c2d369b03cd,남자,62,강원,대학원,무직,남성,7,60대,강원특별자치도,대학원졸
2951,8e2643695c1b4494bd7b1c506db808b3,남자,66,경기,4년제 대학교,그 외 제품 디자이너,남성,7,60대,경기도,대졸
2952,9faea6f585ac4488a35bd167d2f63d3b,남자,68,경상북,고등학교,무직,남성,7,60대,경상북도,고졸
2953,f795a5a8eecd4db3b720ddb508e9d64f,남자,65,경기,중학교,사무 보조원,남성,7,60대,경기도,중졸
2954,a25f39c5881143579d2dcce1c09e0c50,남자,63,전북,고등학교,중식 조리사,남성,7,60대,전북특별자치도,고졸
2955,aece868aee2d49e99f34df7378154709,남자,60,경상남,중학교,노점 및 이동 판매원,남성,7,60대,경상남도,중졸
2956,385412c51fd1496daed56573c406824d,남자,60,경기,4년제 대학교,무직,남성,7,60대,경기도,대졸
2957,6f694fc004cd40468cee8f2023c5435e,남자,63,경상남,4년제 대학교,무직,남성,7,60대,경상남도,대졸
2958,f2b9202875fc43489a2f2bb99e9afa9b,남자,66,전라남,고등학교,건물 청소원,남성,7,60대,전라남,고졸
2959,e8be9dcf9e9346fd8612274e4c3a3a46,남자,65,충청남,고등학교,무직,남성,7,60대,충청남,고졸
2960,6c506b4b8fbf4a45b599cfadacc9cd93,남자,62,경상북,대학원,인사 및 노무 사무원,남성,7,60대,경상북도,대학원졸
2961,8e6b848d4eec4754ac066aacad6f5b02,남자,68,충청남,고등학교,건물 경비원,남성,7,60대,충청남,고졸
2962,d7088f62190d4e9cb8423ece482fe6f6,남자,64,인천,고등학교,사무 보조원,남성,7,60대,인천광역시,고졸
2963,d7cba2b4c41e4ca7a0ec6f212c93fd57,남자,67,경기,초등학교,전통 건물 건축원,남성,7,60대,경기도,초졸이하
2964,2473d6ceabff45fca5bb463608d63fa8,남자,63,대구,고등학교,무직,남성,7,60대,대구광역시,고졸
2965,1dab57c0bff04787939aea3d633ab964,남자,65,경기,4년제 대학교,무직,남성,7,60대,경기도,대졸
2966,6fdc5b59362f46de99862287761d6f6c,남자,60,경기,4년제 대학교,미디어 콘텐츠 창작자,남성,7,60대,경기도,대졸
2967,25e56878a90747babc6a74faa8d61176,남자,66,인천,고등학교,가스 배관공,남성,7,60대,인천광역시,고졸
2968,64502748fdf94637b2b90dc55169fe2b,남자,67,경기,고등학교,크레인 운전원,남성,7,60대,경기도,고졸
2969,1e4aa92c4044454cb8f144485c41aafc,남자,61,경기,대학원,법무사,남성,7,60대,경기도,대학원졸
2970,db8638375a69418f97051c1a5451f4e5,남자,61,경기,대학원,무직,남성,7,60대,경기도,대학원졸
2971,5fe043d4d0dc42579b64e8d7c43f47ad,남자,68,전북,초등학교,운송장비 청소원,남성,7,60대,전북특별자치도,초졸이하
2972,bed0bb5a21a4481e9fa6978e19bf8010,남자,65,경기,고등학교,건물 청소원,남성,7,60대,경기도,고졸
2973,47a1d0ccf62441538a88efc91532a405,남자,61,강원,고등학교,무직,남성,7,60대,강원특별자치도,고졸
2974,0464c78ce9a142ef8b0f0cf1e610cd33,남자,68,경기,고등학교,검표원,남성,7,60대,경기도,고졸
2975,29aa04dd7cb64183a7682c839e065262,남자,66,대구,4년제 대학교,무직,남성,7,60대,대구광역시,대졸
2976,746309067f6a445aa5105d27250f718a,남자,65,경기,중학교,공공행정 사무원,남성,7,60대,경기도,중졸
2977,c6d69eada3384eb0afc7a466da242c4e,남자,67,경기,초등학교,시설 경비원,남성,7,60대,경기도,초졸이하
2978,cac447698ad34309aa0732caf75396f9,남자,67,광주,고등학교,경리 사무원,남성,7,60대,광주광역시,고졸
2979,71e796b3161541a4bfffe6bde14b1b13,남자,66,경기,고등학교,건물 경비원,남성,7,60대,경기도,고졸
2980,4f3bc388ae594814b0e64e2ed48755fc,남자,68,경기,중학교,하역 및 적재 관련 단순 종사원,남성,7,60대,경기도,중졸
2981,ffcd3edd886e4a06b5e2f8bcac44580c,남자,61,부산,고등학교,무직,남성,7,60대,부산광역시,고졸
2982,da777d64dc094b858157c2ba183d6f27,남자,68,서울,고등학교,무직,남성,7,60대,서울특별시,고졸
2983,68766465c6f1430ca02f7d56eecee8ef,남자,60,경상북,2~3년제 전문대학,무직,남성,7,60대,경상북도,전문대졸
2984,01302226b48341bdb8c1c35926ec7338,남자,61,경상북,4년제 대학교,그 외 전자공학 기술자 및 연구원,남성,7,60대,경상북도,대졸
2985,8a486f70e55244bd842ba397d9b98957,남자,63,경상남,고등학교,항공기 조립원,남성,7,60대,경상남도,고졸
2986,fb8795843dc44d63a32f5480a3b796fc,남자,65,경기,중학교,무직,남성,7,60대,경기도,중졸
2987,29af83cd298b4c38a5c98cb223c448bf,남자,62,경기,중학교,하역 및 적재 관련 단순 종사원,남성,7,60대,경기도,중졸
2988,cdfef0c59db24464a2421bd4c69b93cb,남자,64,경기,고등학교,가스 용접원,남성,7,60대,경기도,고졸
2989,5be043b3e08d4d3e9249c2e341b9c37c,남자,64,부산,중학교,무직,남성,7,60대,부산광역시,중졸
2990,14c320799a2a495a8b6942e98a05f379,남자,69,인천,고등학교,매장 정리원,남성,7,60대,인천광역시,고졸
2991,0399a4f52fba43d0b0a03dd0c941e036,남자,66,경기,2~3년제 전문대학,청소년 지도사,남성,7,60대,경기도,전문대졸
2992,fcdb986e9f5d481ab2e81bece916e53c,남자,62,경기,고등학교,전화 상담원,남성,7,60대,경기도,고졸
2993,9472739c42674a86b8a3d53ec87a20dd,남자,61,경기,초등학교,주차 관리원,남성,7,60대,경기도,초졸이하
2994,17e85afde5f64af68210551792d29391,남자,62,서울,고등학교,노점 및 이동 판매원,남성,7,60대,서울특별시,고졸
2995,e180a296376946da99a02893ca8d94bd,남자,69,경기,초등학교,"전직 건설 단순 종사원, 현재 구직중",남성,7,60대,경기도,초졸이하
2996,ffc836244d404876a30e2a170fe6e3ba,남자,64,전라남,중학교,무직,남성,7,60대,전라남,중졸
2997,464b78515d354e7c8b2be4fefb02a7a0,남자,68,서울,중학교,무직,남성,7,60대,서울특별시,중졸
2998,2112daeb1a4d47c6838322062a155456,남자,68,부산,초등학교,건물 경비원,남성,7,60대,부산광역시,초졸이하
2999,9eb4bfc61e34498193ae06af60e00021,남자,63,대구,4년제 대학교,무직,남성,7,60대,대구광역시,대졸
3000,d5c657a24e804b599e9794ac0a5d7bef,남자,68,충청북,2~3년제 전문대학,관세행정 사무원,남성,7,60대,충청북,전문대졸
3001,5b8f778a2b1e473c9db222ebb61e8737,남자,63,대구,중학교,무직,남성,7,60대,대구광역시,중졸
3002,9b210899fdfc496b84a007859df20410,남자,63,서울,2~3년제 전문대학,부동산 컨설턴트,남성,7,60대,서울특별시,전문대졸
3003,bdc18084e94d4b8384797f30b1da5c72,남자,63,충청남,대학원,무직,남성,7,60대,충청남,대학원졸
3004,bece2a944adf4fd6911e17979eb1f375,남자,65,서울,고등학교,무직,남성,7,60대,서울특별시,고졸
3005,17949c2838b143a79e884d7823749e46,남자,67,충청남,고등학교,무직,남성,7,60대,충청남,고졸
3006,f405fe91087a48928e94a6df20916f2b,남자,60,경상남,4년제 대학교,무직,남성,7,60대,경상남도,대졸
3007,a4979117f99a4c108782696e520d5575,남자,65,경기,고등학교,마루 설치원,남성,7,60대,경기도,고졸
3008,16bb319cb11a4743a2f02b20a98e5147,남자,65,부산,중학교,무직,남성,7,60대,부산광역시,중졸
3009,eeb2b8ed7f79402698b53c9369861909,남자,62,제주,고등학교,무직,남성,7,60대,제주특별자치도,고졸
3010,85deaac5a8354af7a4093675cc9d0c6a,남자,64,부산,고등학교,무직,남성,7,60대,부산광역시,고졸
3011,4c8c4e2c61bd46989aeb6c3848fb70a2,남자,63,경상남,고등학교,자재 관리 사무원,남성,7,60대,경상남도,고졸
3012,5b37420e8532425ea64b004de8b1d61e,남자,65,경기,초등학교,음료 배달원,남성,7,60대,경기도,초졸이하
3013,10e75cf363a84fe8918ba931248ceeb2,남자,69,인천,4년제 대학교,조세행정 사무원,남성,7,60대,인천광역시,대졸
3014,9a8bcf8b059c43c9975fd2a59a9f2c38,남자,66,전라남,초등학교,건물 청소원,남성,7,60대,전라남,초졸이하
3015,d96a060fbfb448deb574f6607fd2602e,남자,69,서울,고등학교,그 외 기능 관련 종사원,남성,7,60대,서울특별시,고졸
3016,d47cfadf28984797ae0eb7eb3f5ed9a1,남자,67,인천,고등학교,그 외 물품 이동 장비 조작원,남성,7,60대,인천광역시,고졸
3017,a4ee770e783d41dbbd56b1eadc0c7721,남자,61,경기,중학교,무직,남성,7,60대,경기도,중졸
3018,f5882ead68c84f7cb922bc6e8b71ebcd,남자,60,경기,4년제 대학교,무직,남성,7,60대,경기도,대졸
3019,8a10d7b3b83d479aa4585c964d2c8510,남자,65,경기,고등학교,무직,남성,7,60대,경기도,고졸
3020,b896bcf3ffcf415f8a67ff7db994ee55,남자,62,경상북,고등학교,인조석 설치원,남성,7,60대,경상북도,고졸
3021,436b50796ae64f2abcb9bb896b11aa9e,남자,63,서울,고등학교,무직,남성,7,60대,서울특별시,고졸
3022,de6bc332f99740719bb5d29457a6b453,남자,61,서울,4년제 대학교,조사 전문가,남성,7,60대,서울특별시,대졸
3023,02d4c2e9d3da4b7ea19c73e117cb6a30,남자,61,대전,고등학교,사무 보조원,남성,7,60대,대전광역시,고졸
3024,9bdc6fc615204c6c837233d055ca7a01,남자,61,경기,고등학교,강구조물 건립원,남성,7,60대,경기도,고졸
3025,aeb1ed252cea49b8beceb8395f0fb523,남자,68,부산,초등학교,건설 단순 종사원,남성,7,60대,부산광역시,초졸이하
3026,38c3e59a779b4ba8a87a5da773650818,남자,63,경기,중학교,육군 장교,남성,7,60대,경기도,중졸
3027,d4d2465f655744a0a39c624801779f08,남자,66,경상남,초등학교,그 외 서비스 관련 단순 종사원,남성,7,60대,경상남도,초졸이하
3028,9dafb0a72bea455c9e980baf895ed148,남자,62,제주,중학교,그 외 택배원,남성,7,60대,제주특별자치도,중졸
3029,3ff658cb2fe04a428ef8aa872d3c7f11,남자,63,충청북,고등학교,건물 경비원,남성,7,60대,충청북,고졸
3030,6986856d70f14f6cbd8ea24087ed3ab6,남자,63,경상북,중학교,시설 경비원,남성,7,60대,경상북도,중졸
3031,740c56ba105b43d6ad1b461ec1be575d,남자,61,충청북,4년제 대학교,무직,남성,7,60대,충청북,대졸
3032,cf817f10eac7456f9a6e869697e91410,남자,64,경기,고등학교,"전직 단말기 및 통신 서비스 판매원, 현재 구직중",남성,7,60대,경기도,고졸
3033,f00794a5c58f4982aea29d0e4d155375,남자,62,전라남,고등학교,운송장비 청소원,남성,7,60대,전라남,고졸
3034,fa1028476bc2466897a3d926dcda1701,남자,67,경기,고등학교,무직,남성,7,60대,경기도,고졸
3035,63ab71ad630b4335859db9dcb0022c99,남자,64,전북,중학교,아파트 경비원,남성,7,60대,전북특별자치도,중졸
3036,ca91a65e97f1478da6291391b8c152ca,남자,61,서울,중학교,무직,남성,7,60대,서울특별시,중졸
3037,0c6b286073d045b39eeebc0291cab7c2,남자,69,서울,고등학교,"전직 상·하수 배관공, 현재 구직중",남성,7,60대,서울특별시,고졸
3038,6dfdedada252470fa67df39ccd3e5c6a,남자,67,인천,고등학교,건물 경비원,남성,7,60대,인천광역시,고졸
3039,8d4542c0e904416eb3febbb28a1330b9,남자,62,부산,고등학교,양복 제조원,남성,7,60대,부산광역시,고졸
3040,cd34dd574cf4408cb9e06e73bd07198c,남자,65,경기,고등학교,그 외 물품 이동 장비 조작원,남성,7,60대,경기도,고졸
3041,172f8208f3f64c279bf2b581ddc26864,남자,66,인천,중학교,무직,남성,7,60대,인천광역시,중졸
3042,f3f3442f6de34a23a11558044114d4c7,남자,64,전북,고등학교,무직,남성,7,60대,전북특별자치도,고졸
3043,2b60f5a9baa24479a13efde9f161f46f,남자,60,경기,고등학교,보안 관제원,남성,7,60대,경기도,고졸
3044,e929e1aaea05415a8080e57b574ae02d,남자,67,경기,2~3년제 전문대학,무직,남성,7,60대,경기도,전문대졸
3045,f596ab7cfd12423e8ea2be6990742a81,남자,67,서울,4년제 대학교,무직,남성,7,60대,서울특별시,대졸
3046,027ed9c7cdb849f58ed671ca0fd91ece,남자,67,전라남,고등학교,제관원,남성,7,60대,전라남,고졸
3047,dd4093c56ee14a1bbadfb573b8aff148,남자,63,전북,대학원,무직,남성,7,60대,전북특별자치도,대학원졸
3048,70a0c612b28440ac9b79c9501706f5a8,남자,60,서울,4년제 대학교,일반 의사,남성,7,60대,서울특별시,대졸
3049,7926e631ecbd4e1780160cb1ffafc90d,남자,65,서울,4년제 대학교,무직,남성,7,60대,서울특별시,대졸
3050,82a2e2620104496794da64388d53c031,남자,63,인천,중학교,그 외 건물 관리원,남성,7,60대,인천광역시,중졸
3051,cf1f1212a1464e10bdd6365aa17d5d1a,남자,68,경기,초등학교,건물 경비원,남성,7,60대,경기도,초졸이하
3052,429c08e479ce4c89992d3787c8e8c9bc,남자,63,경기,고등학교,산업 안전원,남성,7,60대,경기도,고졸
3053,4bdcb5e462654e2abdeccafbe70d5e6e,남자,64,경기,고등학교,무직,남성,7,60대,경기도,고졸
3054,57a4725599d74b89aab615d4af3470b0,남자,64,경상남,초등학교,건물 경비원,남성,7,60대,경상남도,초졸이하
3055,2435442d546c4499b5184d686ef53129,남자,62,부산,중학교,무직,남성,7,60대,부산광역시,중졸
3056,1d0121fd0cc045b8976e31b76abba5a2,남자,67,강원,고등학교,무직,남성,7,60대,강원특별자치도,고졸
3057,6356e29064cd49d6aff3d650773c1cf8,남자,66,충청남,고등학교,"전직 건물 경비원, 현재 구직중",남성,7,60대,충청남,고졸
3058,ff917b93986f4cc38e21f1ac1d0f11e1,남자,67,전북,고등학교,무직,남성,7,60대,전북특별자치도,고졸
3059,c5bcd50241ab41829e9aae7aae6135e3,남자,61,전라남,고등학교,건물 경비원,남성,7,60대,전라남,고졸
3060,4a5b0932de2a449592b5a0b7ea1bffba,남자,60,경상북,중학교,무직,남성,7,60대,경상북도,중졸
3061,5dc8fab1f1e14632a99fd72786c9a98b,남자,66,인천,4년제 대학교,무직,남성,7,60대,인천광역시,대졸
3062,b95b751cb9a54c9eb83ec8594a61c65e,남자,62,경기,고등학교,그 외 상점 판매원,남성,7,60대,경기도,고졸
3063,5550b8c5a0004421bba35641b6413373,남자,67,서울,2~3년제 전문대학,무직,남성,7,60대,서울특별시,전문대졸
3064,0200d3c458cf48d4a3248c29574a851d,남자,64,경기,대학원,폐기물 처리 기술자 및 연구원,남성,7,60대,경기도,대학원졸
3065,0d30aec3d76749f59f2141c019320580,남자,69,경기,고등학교,무직,남성,7,60대,경기도,고졸
3066,e3a4f260285042d497c74c2154d24d73,남자,67,서울,대학원,"전직 기업 고위 임원, 현재 구직중",남성,7,60대,서울특별시,대학원졸
3067,f68299f92ac7458bb57ffceb0069c012,남자,60,경상남,중학교,건물 청소원,남성,7,60대,경상남도,중졸
3068,d907078fc1cd44ab82cca9544e405175,남자,69,전북,고등학교,건물 경비원,남성,7,60대,전북특별자치도,고졸
3069,20a7c66d9fb045659a02b6d1a5a29e35,남자,60,서울,고등학교,무직,남성,7,60대,서울특별시,고졸
3070,ff89b08c13a545508f08d88cfbc96f04,남자,65,경기,중학교,무직,남성,7,60대,경기도,중졸
3071,ecbaf11d29de4cd1b9524821753f926a,남자,68,서울,대학원,건축안전 기술자,남성,7,60대,서울특별시,대학원졸
3072,1d0c3cca5f464bf9af9ce39ccb42ed70,남자,61,대전,고등학교,화학물 여과기 및 분리기 조작원,남성,7,60대,대전광역시,고졸
3073,5c0c21d1c0be4ea9af8834e964efce13,남자,64,경기,초등학교,하역 및 적재 관련 단순 종사원,남성,7,60대,경기도,초졸이하
3074,190a191efb2541cdbc90d01e5270b4bf,남자,68,경기,중학교,용접기 조작원,남성,7,60대,경기도,중졸
3075,76b400c9abd74045938b176c426e5315,남자,61,경상북,4년제 대학교,무직,남성,7,60대,경상북도,대졸
3076,ae2efaf337bb4e8b98d099b75c2c4230,남자,69,경기,고등학교,무직,남성,7,60대,경기도,고졸
3077,e29bb5a362a342f68cdbb83ad22c77e7,남자,69,서울,4년제 대학교,무직,남성,7,60대,서울특별시,대졸
3078,132a87d72a354577b2313995b7a2358e,남자,66,대구,고등학교,자동차 엔진 조립원,남성,7,60대,대구광역시,고졸
3079,02630322297c48b589f2af32c08e0d6e,남자,64,충청남,고등학교,무직,남성,7,60대,충청남,고졸
3080,4e978f7e26104646bc50dfdceb8309ac,남자,61,경상북,4년제 대학교,무직,남성,7,60대,경상북도,대졸
3081,bd031e79c84e4d11959dbc0dd0c0bc26,남자,68,서울,4년제 대학교,보육 관련 시설 서비스 종사원,남성,7,60대,서울특별시,대졸
3082,cbce0374be4e4803894d1c61be5706fe,남자,68,강원,초등학교,"전직 그 외 하역 및 적재 단순 종사원, 현재 구직중",남성,7,60대,강원특별자치도,초졸이하
3083,e62403557a6f49619923f07ba8ffaf4d,남자,65,경기,고등학교,음식 서비스 종사원,남성,7,60대,경기도,고졸
3084,c2421d48b9c24b0a92d605266eab51a1,남자,64,경기,중학교,중식 조리사,남성,7,60대,경기도,중졸
3085,4c6e8e4cf4a24b5bbfad7600008acb25,남자,60,전라남,중학교,그 외 건축 마감 관련 기능 종사원,남성,7,60대,전라남,중졸
3086,c0f050817ded40eab1000449c497efc2,남자,68,경기,초등학교,무직,남성,7,60대,경기도,초졸이하
3087,75a9373ef6474568a492c1fff498ca23,남자,61,충청북,2~3년제 전문대학,가스 생산기 조작원,남성,7,60대,충청북,전문대졸
3088,0569d58588fb460696243dca785c3e09,남자,62,전북,중학교,무직,남성,7,60대,전북특별자치도,중졸
3089,99c9411cfd924611ac805d88c10e1933,남자,63,제주,대학원,"전직 화장품·비누제품 기술자 및 연구원, 현재 구직중",남성,7,60대,제주특별자치도,대학원졸
3090,8e8e90d3b1744f9093e05d80bdf9eed2,남자,63,전북,4년제 대학교,"전직 산업 안전원, 현재 구직중",남성,7,60대,전북특별자치도,대졸
3091,97b0631cdd8840a29dc96e1547033b9e,남자,67,경기,고등학교,무직,남성,7,60대,경기도,고졸
3092,beb09ac898f64ea19812048b407fb533,남자,66,경기,4년제 대학교,토목시공 기술자,남성,7,60대,경기도,대졸
3093,613e6f62871f4fe38048cd7d4b226c75,남자,68,경상남,초등학교,하역 및 적재 관련 단순 종사원,남성,7,60대,경상남도,초졸이하
3094,536deff79047479d94e8f30ca94b90ed,남자,60,경상남,고등학교,프레스기 및 절단기 조작원,남성,7,60대,경상남도,고졸
3095,143d488c95cc40d78e0b32c8e7988151,남자,63,경기,고등학교,무직,남성,7,60대,경기도,고졸
3096,4b0af3636ac64b2589f803b1225343b6,남자,66,전라남,2~3년제 전문대학,그 외 시설 및 특수 경비원,남성,7,60대,전라남,전문대졸
3097,ab7c81401a9947cdba18b52aefd05dd5,남자,67,대구,고등학교,강구조물 건립원,남성,7,60대,대구광역시,고졸
3098,f3abb667302a439da704215c5036d744,남자,60,대구,고등학교,잠수 기능원,남성,7,60대,대구광역시,고졸
3099,bfe1b37e9e91405b8699dee177948046,남자,66,경기,고등학교,하역 및 적재 관련 단순 종사원,남성,7,60대,경기도,고졸
3100,5afd0d64a16749ea8b2f497a351d3ce6,남자,66,경기,고등학교,무직,남성,7,60대,경기도,고졸
3101,aeb7c38d8fdc4960af113b13396cd27e,남자,68,경기,초등학교,무직,남성,7,60대,경기도,초졸이하
3102,bdc18be48c784560ba74d5feee258e50,남자,66,전라남,고등학교,무직,남성,7,60대,전라남,고졸
3103,4764334b188d40d2a42c3bf185dd1327,남자,61,경상북,고등학교,무직,남성,7,60대,경상북도,고졸
3104,0de1d0b599364e27bd58d7e49eed1b7f,남자,64,충청북,고등학교,경리 사무원,남성,7,60대,충청북,고졸
3105,e59c339d7a4d47c3b1306c8dab66b8a4,남자,67,경상북,중학교,무직,남성,7,60대,경상북도,중졸
3106,f269b8916b7e4acfbfabd1cdbedb50ee,남자,60,서울,고등학교,전화 상담원,남성,7,60대,서울특별시,고졸
3107,fa625818055f48adbac09b668af19986,남자,65,경기,2~3년제 전문대학,자재 관리 사무원,남성,7,60대,경기도,전문대졸
3108,026ae0bcf519498b9903629d63d8ae2a,남자,63,경기,고등학교,그 외 전기·전자기기 설치 및 수리원,남성,7,60대,경기도,고졸
3109,777427eb3c734697a5e5f49a743861e2,남자,60,전북,고등학교,운송장비 청소원,남성,7,60대,전북특별자치도,고졸
3110,b4d68783bee042139bbb8c95301b112b,남자,60,전북,고등학교,무직,남성,7,60대,전북특별자치도,고졸
3111,8186c3f43afc4e2cb76cc654ed5515a1,남자,69,대구,4년제 대학교,"전직 위험 관리원, 현재 구직중",남성,7,60대,대구광역시,대졸
3112,a6e9700f7a7743c2a92eda50d178bb22,남자,69,경상북,중학교,시설 경비원,남성,7,60대,경상북도,중졸
3113,e60054ca6b124bc09e1b209d030a149f,남자,60,서울,4년제 대학교,해외 영업원,남성,7,60대,서울특별시,대졸
3114,dd01e43fd079420193d5d7e827e34870,남자,62,경기,고등학교,그 외 상하수도 처리 장치 조작원,남성,7,60대,경기도,고졸
3115,0011e8100bff4434a978afc0493ea420,남자,69,충청남,4년제 대학교,회계 사무원,남성,7,60대,충청남,대졸
3116,51d97990351e4b19a5fae3d17673c896,남자,63,경기,2~3년제 전문대학,전화 상담원,남성,7,60대,경기도,전문대졸
3117,340ffefd02fc4e009a5b7de7e6708c09,남자,64,전북,4년제 대학교,경리 사무원,남성,7,60대,전북특별자치도,대졸
3118,9894f0481e074962acb642857f8859b1,남자,61,경기,2~3년제 전문대학,전화 상담원,남성,7,60대,경기도,전문대졸
3119,9c61247a992f47b78576983b4f97bfb0,남자,64,경기,4년제 대학교,"전직 품질 관리 사무원, 현재 구직중",남성,7,60대,경기도,대졸
3120,593bfa2e7c8446d58b76449bc98f5d6f,남자,61,충청남,고등학교,무직,남성,7,60대,충청남,고졸
3121,51fe3d3b294f4f798a7baf9403f10814,남자,69,세종,4년제 대학교,무직,남성,7,60대,세종특별자치시,대졸
3122,22ee0f796cce4f10907be6a104575f02,남자,62,대전,고등학교,그 외 하역 및 적재 단순 종사원,남성,7,60대,대전광역시,고졸
3123,d8437789cde94f7fb51071b3dca8e199,남자,63,경기,4년제 대학교,무직,남성,7,60대,경기도,대졸
3124,f427a34ab3a6461aaea895f4cd0c54b8,남자,63,경기,고등학교,간호조무사,남성,7,60대,경기도,고졸
3125,67e3acd7ab804e808cd96e83c5652107,남자,60,경기,고등학교,항타기 운전원,남성,7,60대,경기도,고졸
3126,da5c1351819a4bc7a8b505e29c1166a9,남자,60,경상남,고등학교,"전직 시설 경비원, 현재 구직중",남성,7,60대,경상남도,고졸
3127,b019033dbd23460cb003686da57cff0e,남자,67,서울,고등학교,무직,남성,7,60대,서울특별시,고졸
3128,691badf2e8dd4de99d3ecb2c9687b788,남자,67,서울,고등학교,"전직 건물 경비원, 현재 구직중",남성,7,60대,서울특별시,고졸
3129,f119e6ac089c4029ba8619b4c1bb7037,남자,66,서울,고등학교,무직,남성,7,60대,서울특별시,고졸
3130,199ae9328d4846f4ace52769e3df6c5b,남자,64,부산,대학원,무직,남성,7,60대,부산광역시,대학원졸
3131,16f04a7f346b40a5b14620a0d7f0ff5a,남자,68,대전,고등학교,"전직 그 외 경호 및 보안 관련 종사원, 현재 구직중",남성,7,60대,대전광역시,고졸
3132,4a47d81ebfa740f189dbeeff7655d649,남자,69,경기,고등학교,무직,남성,7,60대,경기도,고졸
3133,755cf043b62849fca7c0ca5ed3bb6163,남자,65,대구,초등학교,무직,남성,7,60대,대구광역시,초졸이하
3134,4969949bfbc04e6689c446b2f0b109c1,남자,61,서울,고등학교,음식 서비스 종사원,남성,7,60대,서울특별시,고졸
3135,e38e2954929145629771b46de7ede255,남자,62,전라남,중학교,잠수 기능원,남성,7,60대,전라남,중졸
3136,fccf11ed96784d3783f27199fe1f221e,남자,63,강원,고등학교,"전직 매장 정리원, 현재 구직중",남성,7,60대,강원특별자치도,고졸
3137,2b88ab94011444e19c6dcbbe03ef2daa,남자,67,경기,대학원,무직,남성,7,60대,경기도,대학원졸
3138,84326238859b40d19b84426416bfa588,남자,62,경기,고등학교,방문 고객 상담원,남성,7,60대,경기도,고졸
3139,1ff4bf441ba14d60a45fefa344ee0fb3,남자,68,경기,고등학교,전자 부품 제조 기계 조작원,남성,7,60대,경기도,고졸
3140,02abff59d2c842d1a560e5982b6d1a8b,남자,61,서울,고등학교,지게차 운전원,남성,7,60대,서울특별시,고졸
3141,fdce7b89c9a64849917ec4e54985d33e,남자,61,서울,고등학교,무직,남성,7,60대,서울특별시,고졸
3142,dc8aa25ffa8646a988a3c49982d22418,남자,61,부산,4년제 대학교,무직,남성,7,60대,부산광역시,대졸
3143,ee3d3445536a4f2baec05b3966868aed,남자,61,경기,고등학교,무직,남성,7,60대,경기도,고졸
3144,c711eb28206a49bfbf8a7e8de56ea210,남자,62,울산,2~3년제 전문대학,그 외 기계장비 설치 및 정비원,남성,7,60대,울산광역시,전문대졸
3145,2da6c71ba25a4096a847842dba4cf138,남자,63,인천,중학교,무직,남성,7,60대,인천광역시,중졸
3146,103b3e349f40438d9482f1b6e46c1f66,남자,62,서울,4년제 대학교,그 외 건설 관련 기능 종사원,남성,7,60대,서울특별시,대졸
3147,48e4f13939e8470f9e238461e20a225f,남자,63,대구,4년제 대학교,무직,남성,7,60대,대구광역시,대졸
3148,e30f95f3e0854ebc809a4cfcf6a37b93,남자,68,광주,2~3년제 전문대학,무직,남성,7,60대,광주광역시,전문대졸
3149,9d0f5c1ebc774b81863d720a87c0ea07,남자,64,충청남,고등학교,사무 보조원,남성,7,60대,충청남,고졸
3150,7f3252db38bd4ba7b76d3937bed7d2e3,남자,64,대전,고등학교,압출기 조작원,남성,7,60대,대전광역시,고졸
3151,f60a404422e44675a36525b0b2042afe,남자,64,부산,2~3년제 전문대학,대형 화물차 운전원,남성,7,60대,부산광역시,전문대졸
3152,f59f2f3245ea407e94d314df3292055f,남자,63,인천,중학교,무직,남성,7,60대,인천광역시,중졸
3153,d66d8cb5a4f6443da2b9917a84b3c4f0,남자,61,강원,고등학교,쓰레기 수거원,남성,7,60대,강원특별자치도,고졸
3154,58a746e75205426b8e55e1b1eef6ea2b,남자,61,서울,고등학교,건물 경비원,남성,7,60대,서울특별시,고졸
3155,5019e1229f294d148e9a89b7209cd6ae,남자,60,인천,고등학교,무직,남성,7,60대,인천광역시,고졸
3156,644f27016cf643de935991521abcf7a0,남자,60,경기,중학교,무직,남성,7,60대,경기도,중졸
3157,31fe649b333d4c13b6eb7e0e10f45c5e,남자,61,경기,중학교,무직,남성,7,60대,경기도,중졸
3158,7da7e81502f44c8191ae743bb531d435,남자,68,경상남,고등학교,철로 설치원,남성,7,60대,경상남도,고졸
3159,e62c451e5a514a55ac1dd60cdd480d62,남자,68,경상북,고등학교,그 외 환경미화원 및 재활용품 수거원,남성,7,60대,경상북도,고졸
3160,0173f49a02e64e2e8c1f5852bc55a60a,남자,60,경상남,4년제 대학교,경·소형 화물차 운전원,남성,7,60대,경상남도,대졸
3161,039c30342826492389cab67b688688f6,남자,62,경기,고등학교,"전직 건물 경비원, 현재 구직중",남성,7,60대,경기도,고졸
3162,18785a5242714773b32a85d0453bbf74,남자,62,경상남,고등학교,무직,남성,7,60대,경상남도,고졸
3163,28df935a91494c93bbeed4a4558b8a5c,남자,64,경기,중학교,승용차 및 승합차 운전원,남성,7,60대,경기도,중졸
3164,e29f31ccf2d148fba78c5d10ae39830d,남자,61,경상남,중학교,건물 경비원,남성,7,60대,경상남도,중졸
3165,4edf327c5cc14d139ae770626543af1b,남자,63,경기,중학교,그 외 목제품 제조 관련 종사원,남성,7,60대,경기도,중졸
3166,83f04ff1f286478988c6e413d42c52b4,남자,63,인천,4년제 대학교,"전직 인사 및 노무 사무원, 현재 구직중",남성,7,60대,인천광역시,대졸
3167,4d7cb12e30524141bc0a22730871b794,남자,68,제주,대학원,무직,남성,7,60대,제주특별자치도,대학원졸
3168,a884e176801041f5adfe3c94fa923a05,남자,67,경기,대학원,기업 고위 임원,남성,7,60대,경기도,대학원졸
3169,6aee041daa2d41b08bac344c97bc8594,남자,65,경기,고등학교,무직,남성,7,60대,경기도,고졸
3170,f22f908a231242128c3eabd5e0536bf6,남자,69,경기,4년제 대학교,영업 관리 사무원,남성,7,60대,경기도,대졸
3171,332579220db64c4e91cffb4a1b0456fc,남자,60,울산,고등학교,무직,남성,7,60대,울산광역시,고졸
3172,91b7233218594c1aa3456025ed4a1646,남자,62,서울,4년제 대학교,무직,남성,7,60대,서울특별시,대졸
3173,99585b8287394872a3a48859e4c086d8,남자,69,경상북,고등학교,무직,남성,7,60대,경상북도,고졸
3174,352315a26b3c4c208ceedc917f7b54d2,남자,62,인천,초등학교,무직,남성,7,60대,인천광역시,초졸이하
3175,5c83f51fcb0f4e278edc5eab34a12539,남자,65,경상북,초등학교,무직,남성,7,60대,경상북도,초졸이하
3176,42e9c5ad51df48fc80d19b409df561a4,남자,61,전북,2~3년제 전문대학,무직,남성,7,60대,전북특별자치도,전문대졸
3177,ea6f599834f24d96a02a4012236df6fa,남자,61,서울,고등학교,무직,남성,7,60대,서울특별시,고졸
3178,f3e7c32f625047ab85976deb6ebbcdba,남자,64,경기,고등학교,그 외 일반 영업원,남성,7,60대,경기도,고졸
3179,61e18c66fe074ddd9364d82207cd8eb7,남자,69,경기,고등학교,무직,남성,7,60대,경기도,고졸
3180,0baafe0f48be4575bd96de5ba741dc44,남자,60,전라남,고등학교,하역 및 적재 관련 단순 종사원,남성,7,60대,전라남,고졸
3181,a129e970c56548ab888e8eb5bbd86f94,남자,61,대전,고등학교,무직,남성,7,60대,대전광역시,고졸
3182,eab3f22a4fbc415e98ac0ca799750eea,남자,60,경기,고등학교,무직,남성,7,60대,경기도,고졸
3183,75ed8f0a86794e0b90f8953986209d07,남자,60,서울,4년제 대학교,무직,남성,7,60대,서울특별시,대졸
3184,7c747a838e684c6c87a6f1a89eb3f843,남자,66,인천,초등학교,하역 및 적재 관련 단순 종사원,남성,7,60대,인천광역시,초졸이하
3185,adafadab4eb545edb92f4bc215232f93,남자,66,경상북,초등학교,건물 경비원,남성,7,60대,경상북도,초졸이하
3186,09f16c856c0347428b75c335211850ed,남자,64,경기,4년제 대학교,무직,남성,7,60대,경기도,대졸
3187,3be6320d44e942e7bfbcee769b4aae92,남자,61,경상남,4년제 대학교,육군 장교,남성,7,60대,경상남도,대졸
3188,492a15a89ce5412d9562049da5d21afc,남자,63,강원,초등학교,산불 감시원,남성,7,60대,강원특별자치도,초졸이하
3189,b674345923d44a25ac2dcb54d0686a0b,남자,68,인천,고등학교,지게차 운전원,남성,7,60대,인천광역시,고졸
3190,8189d8bde9d14a18b663c951192c55e6,남자,69,경상남,중학교,건설 단순 종사원,남성,7,60대,경상남도,중졸
3191,379edcbff0f74196b7feb0d0f4493205,남자,66,경기,고등학교,음료 서비스 종사원,남성,7,60대,경기도,고졸
3192,b22eda14a864491a842f00e3391987b8,남자,68,부산,고등학교,사진가,남성,7,60대,부산광역시,고졸
3193,568895c7aed34a9ab8eec8fb79d34c74,남자,65,인천,초등학교,건물 청소원,남성,7,60대,인천광역시,초졸이하
3194,2d29d037bd554407b0584a6b05b93dae,남자,67,서울,대학원,무직,남성,7,60대,서울특별시,대학원졸
3195,df51886de51a43a28ea62f04dd3606e2,남자,67,부산,고등학교,양복 제조원,남성,7,60대,부산광역시,고졸
3196,faef42e6af874244bdf5592532a2781f,남자,64,경기,4년제 대학교,무직,남성,7,60대,경기도,대졸
3197,0bc9a6aea1134150ba00a208455c800d,남자,61,강원,4년제 대학교,외국어 교사,남성,7,60대,강원특별자치도,대졸
3198,10d69013913d4b1e9c837d7635cc7727,남자,66,경상북,중학교,전기 용접원,남성,7,60대,경상북도,중졸
3199,af14545a71b0403a92d9d927c9a5e591,남자,65,서울,초등학교,그 외 택배원,남성,7,60대,서울특별시,초졸이하
3200,0aea847ab9ea48e7a8ff6db9fcd754a1,남자,67,경상남,4년제 대학교,무직,남성,7,60대,경상남도,대졸
3201,41c5e5bf94d94e348f1cb4ea013e4c54,남자,65,부산,고등학교,무직,남성,7,60대,부산광역시,고졸
3202,9e7c1e6143af44afa10a9d759a9da9e9,남자,61,부산,고등학교,"전직 화학물 증류기 및 반응기 조작원, 현재 구직중",남성,7,60대,부산광역시,고졸
3203,e49c6f2a4ad148f7b02a249fe0526c0f,남자,64,전북,2~3년제 전문대학,무직,남성,7,60대,전북특별자치도,전문대졸
3204,29878558cfc7415089d56f618870cac9,남자,68,서울,중학교,무직,남성,7,60대,서울특별시,중졸
3205,1e8a71d404b246a88252598f143ca4b7,남자,60,경기,4년제 대학교,무직,남성,7,60대,경기도,대졸
3206,2e7846a2f0f843a1891ee7f4e1162aa2,남자,61,충청남,초등학교,무직,남성,7,60대,충청남,초졸이하
3207,6b8cea4c0ee14360aa62cc21abfc337d,남자,69,충청북,초등학교,무직,남성,7,60대,충청북,초졸이하
3208,44431d3cac6a444c9fc06a158d4eb897,남자,62,경상북,중학교,건물 경비원,남성,7,60대,경상북도,중졸
3209,4e758725400b4c6fae22ba7622fb6e50,남자,60,울산,고등학교,검표원,남성,7,60대,울산광역시,고졸
3210,bc8aedc09f214433be785f08c15b37d9,남자,69,서울,중학교,무직,남성,7,60대,서울특별시,중졸
3211,f03ff0cb1fcb42ee8ead704faff6110e,남자,61,인천,초등학교,무직,남성,7,60대,인천광역시,초졸이하
3212,bc575c5ecd8b4163a2e503dae50ac906,남자,60,경상남,고등학교,무직,남성,7,60대,경상남도,고졸
3213,81e8e2de82fe42b7957dc9b4d7d03a79,남자,62,부산,고등학교,무직,남성,7,60대,부산광역시,고졸
3214,1528861b976346de811a4bbc4f13c906,남자,60,경기,고등학교,산업 안전원,남성,7,60대,경기도,고졸
3215,3e374eced6d043f8a3ef49bce2e7692b,남자,67,대구,중학교,건물 경비원,남성,7,60대,대구광역시,중졸
3216,9815b10257f947f399af513bf566158f,남자,62,서울,고등학교,전화 상담원,남성,7,60대,서울특별시,고졸
3217,b1c45e877fca43f2a42ae67403a34316,남자,67,전라남,고등학교,고속철 기관사,남성,7,60대,전라남,고졸
3218,769fbb6ce6d04a2c9a19d08888c6b0ec,남자,63,울산,중학교,그 외 제조 관련 단순 종사원,남성,7,60대,울산광역시,중졸
3219,949d567f950d4cea92b3048d93379e46,남자,66,강원,4년제 대학교,무직,남성,7,60대,강원특별자치도,대졸
3220,cd588abde00a4fa294f294ff5048855f,남자,61,전라남,고등학교,무직,남성,7,60대,전라남,고졸
3221,fc89b4a9133b490abdae162739d39907,남자,64,대구,초등학교,무직,남성,7,60대,대구광역시,초졸이하
3222,1777b4acacc8487eb890a9fb3342aacb,남자,62,경기,고등학교,총무 사무원,남성,7,60대,경기도,고졸
3223,d4c7bda3464c411b972178abdec83c8f,남자,63,경상북,고등학교,무직,남성,7,60대,경상북도,고졸
3224,506813c303d1443d9163400949bc50c8,남자,64,경기,고등학교,무직,남성,7,60대,경기도,고졸
3225,70f62a32efd94576bb085b54151c6663,남자,69,경상북,중학교,노점 및 이동 판매원,남성,7,60대,경상북도,중졸
3226,af9b4425fdb24e96a9225dc4cafca7f9,남자,67,서울,4년제 대학교,세무사,남성,7,60대,서울특별시,대졸
3227,dd28e773f23340b1aa571a4f542bf1ea,남자,65,충청남,고등학교,무직,남성,7,60대,충청남,고졸
3228,655f347574dc4f43af942f17b0d26b60,남자,64,경기,고등학교,전화 상담원,남성,7,60대,경기도,고졸
3229,793f6975b4214f5486a6f184f7352c2c,남자,65,충청북,대학원,무직,남성,7,60대,충청북,대학원졸
3230,314c39d059ee4f558e3d85551e78d064,남자,64,경상남,2~3년제 전문대학,무직,남성,7,60대,경상남도,전문대졸
3231,f022697535c94b7a8e51e1e36e7e9ca2,남자,63,경상북,고등학교,식품 영업원,남성,7,60대,경상북도,고졸
3232,6ed2621c30d84ed1bfacc3cd84813760,남자,68,경기,대학원,무직,남성,7,60대,경기도,대학원졸
3233,e3234c3478a147ff96c706279530c27c,남자,66,경기,초등학교,건물 청소원,남성,7,60대,경기도,초졸이하
3234,e6a6a91e959340289f104c6d8743cb4b,남자,60,제주,4년제 대학교,자재 관리 사무원,남성,7,60대,제주특별자치도,대졸
3235,6f9a722e2d5946da853bef67776270ed,남자,62,울산,고등학교,무직,남성,7,60대,울산광역시,고졸
3236,1d8a2d4a90b14e928b5b6efa77aeaebf,남자,67,서울,대학원,조사 전문가,남성,7,60대,서울특별시,대학원졸
3237,30c1a174164d485fa447f5f9da8b753a,남자,63,강원,대학원,공공행정 사무원,남성,7,60대,강원특별자치도,대학원졸
3238,e443f9d82b9f4df7be1c4162206b6700,남자,60,인천,4년제 대학교,그 외 택배원,남성,7,60대,인천광역시,대졸
3239,bf6fd5086ebd4027b1102d0d8962c1d8,남자,63,경기,중학교,하역 및 적재 관련 단순 종사원,남성,7,60대,경기도,중졸
3240,04ff17bab3e648018391f59205003ff1,남자,64,충청북,고등학교,건물 경비원,남성,7,60대,충청북,고졸
3241,8d117fa8df114920aba7ba729dac839c,남자,60,부산,2~3년제 전문대학,건물 도장공,남성,7,60대,부산광역시,전문대졸
3242,673d19ab2f364decb8852947d06eb99d,남자,62,경기,고등학교,시설 경비원,남성,7,60대,경기도,고졸
3243,6dc36ad9a902479aa58365e63153f5dd,남자,64,전라남,고등학교,무직,남성,7,60대,전라남,고졸
3244,eb7a287575a44ca1b94601f8cae69a19,남자,64,서울,4년제 대학교,"전직 경영 기획 사무원, 현재 구직중",남성,7,60대,서울특별시,대졸
3245,6fd2ef41fc1e4b2cb66a22cea8b9e184,남자,65,경기,초등학교,청소 관련 관리자,남성,7,60대,경기도,초졸이하
3246,3e2a5fea58254d2cbd240ba20cffc795,남자,68,광주,고등학교,무직,남성,7,60대,광주광역시,고졸
3247,ad4ea022cb9c4bd2a6359f6b2008857d,남자,60,인천,고등학교,그 외 냉동·냉장·공조기 설치 및 정비원,남성,7,60대,인천광역시,고졸
3248,5229679e4e9143aebdc53c1d3d518acc,남자,61,경기,중학교,"전직 건물 경비원, 현재 구직중",남성,7,60대,경기도,중졸
3249,c965fabcb8614fc8af0e05224c857d59,남자,60,광주,고등학교,그 외 운송장비 조립원,남성,7,60대,광주광역시,고졸
3250,4a850d64a86a483194a9333935515e9f,남자,64,경기,초등학교,하역 및 적재 관련 단순 종사원,남성,7,60대,경기도,초졸이하
3251,3196dbe41d6f40dc81b641ef143d0501,남자,69,경상북,중학교,무직,남성,7,60대,경상북도,중졸
3252,8d38064f53a34add8ce4058d11f8fdbb,남자,62,서울,대학원,무직,남성,7,60대,서울특별시,대학원졸
3253,fc16eeca7f5843889bf3d66f51be4edb,남자,62,경상남,고등학교,무직,남성,7,60대,경상남도,고졸
3254,0aa7cddb79d44b0b968b94d4e6989877,남자,62,강원,초등학교,무직,남성,7,60대,강원특별자치도,초졸이하
3255,17883c8d28d946aa87f53d3aa222b675,남자,63,대구,4년제 대학교,무직,남성,7,60대,대구광역시,대졸
3256,a340ab607f50440ba7965360165acb59,남자,63,부산,2~3년제 전문대학,안과 및 이비인후과 전문 의사,남성,7,60대,부산광역시,전문대졸
3257,1aa55163f2f544a2a6ea832333d52655,남자,60,대전,2~3년제 전문대학,건축시공 기술자,남성,7,60대,대전광역시,전문대졸
3258,08595432b45f4e21bab5194a45dc6bce,남자,65,충청북,2~3년제 전문대학,경리 사무원,남성,7,60대,충청북,전문대졸
3259,31f39a995ab54077a11a3875fa94f24f,남자,61,경상남,고등학교,무직,남성,7,60대,경상남도,고졸
3260,324a448a4088427db71e96e7afd7ff55,남자,65,대구,대학원,무직,남성,7,60대,대구광역시,대학원졸
3261,c9767f53004b430e9fa61bfe13458944,남자,62,경상남,초등학교,그 외 제조 관련 단순 종사원,남성,7,60대,경상남도,초졸이하
3262,3ecaaeb7a6664b57a30b716bf5fe80fc,남자,65,광주,고등학교,철도운송 관련 종사원,남성,7,60대,광주광역시,고졸
3263,3a23caad5d6b4045bfedb4569ae43b9f,남자,60,대구,4년제 대학교,무직,남성,7,60대,대구광역시,대졸
3264,28a1b3df72a548489c0beb75b62fb807,남자,61,서울,고등학교,수금원,남성,7,60대,서울특별시,고졸
3265,e96980f17502437f8aa4a05670df8a58,남자,64,부산,고등학교,무직,남성,7,60대,부산광역시,고졸
3266,0800a4f875fa4e3d898c8c846c63210b,남자,62,인천,고등학교,경리 사무원,남성,7,60대,인천광역시,고졸
3267,ef2b9c24e9f74711937b7fa80d15a213,남자,66,제주,4년제 대학교,회계 사무원,남성,7,60대,제주특별자치도,대졸
3268,d1b580a93d864cb485f238696424e603,남자,61,대구,고등학교,무직,남성,7,60대,대구광역시,고졸
3269,9600e8f1771f4ea0a413ed27d9b06250,남자,65,울산,고등학교,하역 및 적재 관련 단순 종사원,남성,7,60대,울산광역시,고졸
3270,f1e3396d84474bc39d542cdda0666183,남자,69,충청북,중학교,방수공,남성,7,60대,충청북,중졸
3271,e5e59fa8f53e4d1f836e7039b04c5060,남자,60,경기,4년제 대학교,관세행정 사무원,남성,7,60대,경기도,대졸
3272,6a3efc3d2b304bb4b5812ad9d3754fb0,남자,63,경기,4년제 대학교,무직,남성,7,60대,경기도,대졸
3273,b6c1b8adffef4f54a26a6f0f0bfc02c3,남자,62,경기,4년제 대학교,무직,남성,7,60대,경기도,대졸
3274,3371bcf1d7f34092a67b0041a90117cc,남자,68,서울,중학교,노점 및 이동 판매원,남성,7,60대,서울특별시,중졸
3275,beb2326a03ea422f82e5a354220f27b1,남자,65,경기,고등학교,경리 사무원,남성,7,60대,경기도,고졸
3276,5172b0ba277543f4bdd0cc106177503b,남자,60,경기,고등학교,그 외 택배원,남성,7,60대,경기도,고졸
3277,4e8f216bb0774a8e94c205761426a242,남자,64,충청북,4년제 대학교,건물 내 전기 설치 및 정비원,남성,7,60대,충청북,대졸
3278,80f00721e94844d9bdafb1a544274e71,남자,61,경기,4년제 대학교,무직,남성,7,60대,경기도,대졸
3279,4c2a3b71e32d4db3b813f32d0dc2f7b9,남자,60,경상북,고등학교,무직,남성,7,60대,경상북도,고졸
3280,386c9f77b2d9403788438e01a3d298c1,남자,63,대구,4년제 대학교,부동산 감정 전문가,남성,7,60대,대구광역시,대졸
3281,a10a68892cc64d9ca1aeb74459623a2e,남자,68,충청북,초등학교,그 외 하역 및 적재 단순 종사원,남성,7,60대,충청북,초졸이하
3282,5a7b55ad4b9d4f6f9ac55316961d9448,남자,69,경상북,초등학교,무직,남성,7,60대,경상북도,초졸이하
3283,581e4bf0a41741f782fa2be3191bce90,남자,64,광주,고등학교,무직,남성,7,60대,광주광역시,고졸
3284,6f94f417dee043459c7268fc6d29b5ea,남자,66,충청남,2~3년제 전문대학,그 외 기계장비 설치 및 정비원,남성,7,60대,충청남,전문대졸
3285,30b4012d85214105a33287071770c3dd,남자,67,강원,중학교,지게차 운전원,남성,7,60대,강원특별자치도,중졸
3286,2ebd85f4228b455e83216419b8c7fae5,남자,67,인천,중학교,경리 사무원,남성,7,60대,인천광역시,중졸
3287,2192803cb1ae42ac856eb6b45d3c1d87,남자,68,경기,대학원,교통 계획 및 설계가,남성,7,60대,경기도,대학원졸
3288,046bd14ede8d4791877b3f30ab5c7ec0,남자,62,대전,고등학교,무직,남성,7,60대,대전광역시,고졸
3289,10a92cc8f6234e4abdac463233e78233,남자,62,부산,고등학교,무직,남성,7,60대,부산광역시,고졸
3290,eb377cbc6ca644a294d93f5bb8eae72e,남자,68,경상북,대학원,교통 계획 및 설계가,남성,7,60대,경상북도,대학원졸
3291,f1ae898d5c1d42ec96484d9d3722169a,남자,62,제주,고등학교,무직,남성,7,60대,제주특별자치도,고졸
3292,674d6c50dbbd426e8ed74ab729db79ba,남자,62,서울,고등학교,무직,남성,7,60대,서울특별시,고졸
3293,c94e5152d3ec4690826dd63ff601adc3,남자,60,울산,4년제 대학교,국가행정 사무원,남성,7,60대,울산광역시,대졸
3294,fb7559a9605d4f6b87f322234023844d,남자,69,대구,초등학교,무직,남성,7,60대,대구광역시,초졸이하
3295,caea2ec5166f428391f585b0c21b4e5e,남자,67,대구,중학교,무직,남성,7,60대,대구광역시,중졸
3296,68434ba98e3e4571af70ca1983f005a0,남자,61,서울,중학교,무직,남성,7,60대,서울특별시,중졸
3297,6cdacf037de04886a764f549ed9c378d,남자,60,대구,2~3년제 전문대학,무직,남성,7,60대,대구광역시,전문대졸
3298,6ae77e47084c47bbb1e8a368bf07abc3,남자,68,전북,고등학교,그 외 상점 판매원,남성,7,60대,전북특별자치도,고졸
3299,cce9c48df42c47c6bdb8c088a4ebb157,남자,60,대전,고등학교,무직,남성,7,60대,대전광역시,고졸
3300,39d1bf7564bb410d9038e23dc43144c8,남자,61,경상북,중학교,무직,남성,7,60대,경상북도,중졸
3301,dc4246757f0648c99cd6a82d91e1be6e,남자,64,전북,대학원,철도교통 관제사,남성,7,60대,전북특별자치도,대학원졸
3302,3e55685a796a427e8f9ed73abbbe5cfe,남자,63,서울,4년제 대학교,"전직 법무 사무원, 현재 구직중",남성,7,60대,서울특별시,대졸
3303,b2396e55c4cc4f1a9b304127b6750006,남자,65,경기,고등학교,육아 도우미,남성,7,60대,경기도,고졸
3304,972f4f344f1e4f63b885bf8b73c171d9,남자,64,광주,4년제 대학교,무직,남성,7,60대,광주광역시,대졸
3305,9578764969934bce9a1338d74e6006ca,남자,62,제주,2~3년제 전문대학,무직,남성,7,60대,제주특별자치도,전문대졸
3306,72af510809f6444b973036fcd0c361b6,남자,60,경기,대학원,기업 고위 임원,남성,7,60대,경기도,대학원졸
3307,afa0cb440ff3461583028d036235f9c1,남자,61,부산,고등학교,사무 보조원,남성,7,60대,부산광역시,고졸
3308,e5d584d1f50e498c848554cffa51d807,남자,61,충청남,고등학교,일식 조리사,남성,7,60대,충청남,고졸
3309,33a762ca62194da983cde9bb287a19f1,남자,64,부산,고등학교,경·소형 화물차 운전원,남성,7,60대,부산광역시,고졸
3310,9755fb4df4bc410d8504eefc7d01f2d9,남자,60,경기,초등학교,무직,남성,7,60대,경기도,초졸이하
3311,a856a3198a91453696f29d85ab097b86,남자,69,제주,2~3년제 전문대학,복지시설 생활 지도원,남성,7,60대,제주특별자치도,전문대졸
3312,68b826c249444b8dacafdcc664270475,남자,66,서울,4년제 대학교,사무 보조원,남성,7,60대,서울특별시,대졸
3313,260d0f4180a24affb1861eb72c283dbb,남자,69,경기,초등학교,건물 경비원,남성,7,60대,경기도,초졸이하
3314,2efc334eb3684307bedfce5c0a591097,남자,62,대전,고등학교,강구조물 건립원,남성,7,60대,대전광역시,고졸
3315,af391e89f73147aab479821309fcb641,남자,66,경기,고등학교,무직,남성,7,60대,경기도,고졸
3316,f4382700cf4341ca8486f360b22192b0,남자,62,전북,대학원,무직,남성,7,60대,전북특별자치도,대학원졸
3317,ad61730605304881a36087d63137e002,남자,68,서울,초등학교,방문 판매원,남성,7,60대,서울특별시,초졸이하
3318,c335285c3ffa44a584008f222c5e6f06,남자,63,경기,2~3년제 전문대학,무직,남성,7,60대,경기도,전문대졸
3319,ac4f89a319cf4a0aa7306803fcf656eb,남자,67,부산,2~3년제 전문대학,점화·발파 및 화약 관리원,남성,7,60대,부산광역시,전문대졸
3320,4a49e1652c7848099b35c4b36a4480c1,남자,64,대구,4년제 대학교,마케팅 전문가,남성,7,60대,대구광역시,대졸
3321,cbf959f95e61459791b90ce4a3bacc74,남자,67,경기,고등학교,무직,남성,7,60대,경기도,고졸
3322,25c2d46813a74e518e511f3923c207ac,남자,63,대전,고등학교,건물용 보일러 설치 및 정비원,남성,7,60대,대전광역시,고졸
3323,b7222df09ed944f68b43e83d1f576d01,남자,64,인천,고등학교,무직,남성,7,60대,인천광역시,고졸
3324,88cec7a5ecd441ceacfa729af5a9780f,남자,67,서울,고등학교,"전직 대형 화물차 운전원, 현재 구직중",남성,7,60대,서울특별시,고졸
3325,a128d0c4b51f4ff7b3de5112e01532f6,남자,64,충청남,2~3년제 전문대학,무직,남성,7,60대,충청남,전문대졸
3326,c3aa1ee98bc54666876de16c38b1758b,남자,69,대전,초등학교,무직,남성,7,60대,대전광역시,초졸이하
3327,9f35e1cdd0254f1ea004ce395dbe8aef,남자,67,부산,중학교,무직,남성,7,60대,부산광역시,중졸
3328,a6f1db23a81843f59c5b3244d7e592c2,남자,67,경기,고등학교,시내버스 운전원,남성,7,60대,경기도,고졸
3329,bb6a64c40f4d419fa086e05b6bd206cd,남자,61,경기,고등학교,건물 내 전기 설치 및 정비원,남성,7,60대,경기도,고졸
3330,82acda837385440b8572d142e80a260d,남자,65,대전,대학원,무직,남성,7,60대,대전광역시,대학원졸
3331,0c154d79ab6a4aa3b8a581e1b4cc0ec1,남자,65,경상남,중학교,무직,남성,7,60대,경상남도,중졸
3332,33bbea686d8446c9ad15868503617028,남자,61,부산,고등학교,무직,남성,7,60대,부산광역시,고졸
3333,86314a35283d44c88750fa3b6ec0c4ac,남자,68,충청남,중학교,무직,남성,7,60대,충청남,중졸
3334,adfb7d23fc694cc4ad437c96d10ac4d7,남자,66,서울,2~3년제 전문대학,무직,남성,7,60대,서울특별시,전문대졸
3335,70e757ae06f1417db15d581f76fbd91d,남자,64,경상북,고등학교,"전직 고속철 기관사, 현재 구직중",남성,7,60대,경상북도,고졸
3336,fa9d48facde34d12b3002889ad202436,남자,64,충청남,중학교,무직,남성,7,60대,충청남,중졸
3337,2b317dbc2d7743df9cd364ddb5a75094,남자,69,경상남,고등학교,그 외 건설·전기 및 생산 관련 관리자,남성,7,60대,경상남도,고졸
3338,64e55655da0a4af48830fc6d7a1ed2e6,남자,65,전북,중학교,무직,남성,7,60대,전북특별자치도,중졸
3339,535f8d1ece0441e3aa827946c399cd6a,남자,63,세종,중학교,건물 경비원,남성,7,60대,세종특별자치시,중졸
3340,cc7dd48a34824aec9144cd953452132d,남자,69,전북,고등학교,무직,남성,7,60대,전북특별자치도,고졸
3341,4c46dd75e03343e6a144e8ba035ce414,남자,61,광주,2~3년제 전문대학,강구조물 건립원,남성,7,60대,광주광역시,전문대졸
3342,77731761f59f41929c3cfc6bd44c915c,남자,64,경상북,고등학교,사무 보조원,남성,7,60대,경상북도,고졸
3343,d34dfd49164a46c8ba0712d743a031fc,남자,63,경상북,2~3년제 전문대학,무직,남성,7,60대,경상북도,전문대졸
3344,68c6291155724d39aa64aebf995091a1,남자,61,부산,고등학교,그 외 서비스 관련 단순 종사원,남성,7,60대,부산광역시,고졸
3345,e7975e139ce1491ab8f878dc76afe430,남자,62,서울,2~3년제 전문대학,경리 사무원,남성,7,60대,서울특별시,전문대졸
3346,38bfa305c52f440c967e1eab1fb30203,남자,69,경상북,중학교,지게차 운전원,남성,7,60대,경상북도,중졸
3347,4458955cfddc49a3a3b42fc78ab6a792,남자,65,전북,대학원,무직,남성,7,60대,전북특별자치도,대학원졸
3348,dfe0a762408d48faa01563d26ce51456,남자,66,경상남,초등학교,이삿짐 운반원,남성,7,60대,경상남도,초졸이하
3349,af7c3998518c405fa4d32b078209ba76,남자,69,경상북,고등학교,그 외 하역 및 적재 단순 종사원,남성,7,60대,경상북도,고졸
3350,c24c95b062ab494ea57a7fb24eb189e7,남자,63,경기,중학교,무직,남성,7,60대,경기도,중졸
3351,15ce59a5280a46cd887d842ab77f82b5,남자,64,대전,고등학교,무직,남성,7,60대,대전광역시,고졸
3352,f3cbc9dddf754c2493ccbb020578f702,남자,68,충청북,중학교,노점 및 이동 판매원,남성,7,60대,충청북,중졸
3353,8d54e01c164e45ab92d1b4061dbfbab9,남자,68,대전,중학교,하역 및 적재 관련 단순 종사원,남성,7,60대,대전광역시,중졸
3354,901d8487f2824976b99b469e569f2256,남자,60,경상북,중학교,무직,남성,7,60대,경상북도,중졸
3355,3a538b52c55145368b6f06d6607e7726,남자,65,경상남,고등학교,무직,남성,7,60대,경상남도,고졸
3356,406d48f09aa9403eb4c613d018343c49,남자,65,인천,초등학교,그 외 건물 관리원,남성,7,60대,인천광역시,초졸이하
3357,3d54b191f1c247aeb8fb4d1d66131856,남자,66,경기,고등학교,무직,남성,7,60대,경기도,고졸
3358,1aace56a57a34740a06f57924fd1eeb7,남자,63,경기,고등학교,무직,남성,7,60대,경기도,고졸
3359,b4bdda61e6114429aa327dee5ca5ea0c,남자,65,경상남,중학교,그 외 하역 및 적재 단순 종사원,남성,7,60대,경상남도,중졸
3360,afd562403d89499a87d7a1db45da93d2,남자,68,강원,고등학교,무직,남성,7,60대,강원특별자치도,고졸
3361,dca5306446cd4671a6726f5af10db6f2,남자,60,서울,고등학교,노점 및 이동 판매원,남성,7,60대,서울특별시,고졸
3362,e2a19c93b0f44986ad85931058b96203,남자,62,경기,중학교,도로운송 사무원,남성,7,60대,경기도,중졸
3363,6952c84260864973b4f6680e2483b299,남자,64,부산,4년제 대학교,산업 안전원,남성,7,60대,부산광역시,대졸
3364,8b2f521793c64e8ba2014b6674dad555,남자,60,경기,4년제 대학교,무직,남성,7,60대,경기도,대졸
3365,cb0a0986549745f9a4f5f228379acd15,남자,64,전북,고등학교,무직,남성,7,60대,전북특별자치도,고졸
3366,ed932c5f9d6844bb94da4f7ce263f054,남자,67,전북,초등학교,시설 경비원,남성,7,60대,전북특별자치도,초졸이하
3367,5bdf48776c894dc3b118fe175e5f076b,남자,69,서울,대학원,무직,남성,7,60대,서울특별시,대학원졸
3368,a22c34c0e3194e3eb8458748520bef24,남자,65,경상남,초등학교,지게차 운전원,남성,7,60대,경상남도,초졸이하
3369,a6e8763761de4c00aaaa4ce85c85b8e0,남자,61,충청북,고등학교,육류가공 기계 조작원,남성,7,60대,충청북,고졸
3370,2a8b4727300f4da981c3d45e841ac189,남자,67,강원,고등학교,무직,남성,7,60대,강원특별자치도,고졸
3371,addff17afb5c49a983fd8d910e9643dc,남자,64,대구,중학교,그 외 하역 및 적재 단순 종사원,남성,7,60대,대구광역시,중졸
3372,6dbe27f99b974fd49234fb37fb852871,남자,68,경기,4년제 대학교,산업 안전원,남성,7,60대,경기도,대졸
3373,a07ee82f730e493abbb464c19caab172,남자,64,서울,고등학교,무직,남성,7,60대,서울특별시,고졸
3374,6b964f8478d943448b6cc24c1b9c360b,남자,68,경기,4년제 대학교,무직,남성,7,60대,경기도,대졸
3375,f0ef1f3a08db4f9895cdbe4d38690c81,남자,60,충청북,4년제 대학교,무직,남성,7,60대,충청북,대졸
3376,adf98de16a0a4c75b97656901fc88155,남자,64,인천,중학교,무직,남성,7,60대,인천광역시,중졸
3377,4fc3206314bd4b9e9fdfdf2c2b51b2c9,남자,61,전라남,초등학교,건물 경비원,남성,7,60대,전라남,초졸이하
3378,0119f6c711a34da986c212c39f8b0e4b,남자,60,경상남,중학교,무직,남성,7,60대,경상남도,중졸
3379,c924cac3f2764cbf90e5e2a28ce449d9,남자,61,경기,대학원,무직,남성,7,60대,경기도,대학원졸
3380,ab9cfb44d9fd4dd487377839ba2d3578,남자,67,서울,고등학교,"전직 산업 안전원, 현재 구직중",남성,7,60대,서울특별시,고졸
3381,e3172ccf3b254a64a76412362265ebb9,남자,69,부산,고등학교,"전직 식품 영업원, 현재 구직중",남성,7,60대,부산광역시,고졸
3382,c972e5f10f664573bee3ffd6fb2ad4d6,남자,83,강원,고등학교,무직,남성,8,70대이상,강원특별자치도,고졸
3383,a8c8b3e4a995469583b9e3369205d258,남자,72,전북,고등학교,무직,남성,8,70대이상,전북특별자치도,고졸
3384,5f324601a51d4b76acbbf3c85fc721e0,남자,70,서울,대학원,지방행정 사무원,남성,8,70대이상,서울특별시,대학원졸
3385,a12e15ab7b0f4ac39310b26a673fb10d,남자,79,부산,고등학교,무직,남성,8,70대이상,부산광역시,고졸
3386,a20019e35abf4becb611cb2313d4f16c,남자,82,서울,4년제 대학교,택시 운전원,남성,8,70대이상,서울특별시,대졸
3387,4ea610933ab44749acb8c4b58da81287,남자,76,서울,중학교,무직,남성,8,70대이상,서울특별시,중졸
3388,f40d0f4b81624c73a38311391370eb6c,남자,81,제주,초등학교,그 외 서비스 관련 단순 종사원,남성,8,70대이상,제주특별자치도,초졸이하
3389,a9efa64147334df699feddc1c0a5d8bb,남자,73,부산,초등학교,노점 및 이동 판매원,남성,8,70대이상,부산광역시,초졸이하
3390,9fc7d0dd630346019b4d96fc7c96ca1d,남자,71,경기,중학교,무직,남성,8,70대이상,경기도,중졸
3391,3c6dbe85eddd42e0bdf5213a947b1ad5,남자,74,경기,4년제 대학교,무직,남성,8,70대이상,경기도,대졸
3392,de2ff13512384d3bbbda114a940dd9fd,남자,71,인천,초등학교,무직,남성,8,70대이상,인천광역시,초졸이하
3393,df150e421ac541518b17651b2998189b,남자,85,서울,초등학교,그 외 서비스 관련 단순 종사원,남성,8,70대이상,서울특별시,초졸이하
3394,1e89357db0cc47baac95bdefe8fdbb33,남자,77,경기,고등학교,건물 경비원,남성,8,70대이상,경기도,고졸
3395,19805cd946c14b81a440db9af2bfc944,남자,76,경상북,무학,건물 경비원,남성,8,70대이상,경상북도,무학
3396,d2bc1f5df56340e6be0cb475a1016ff4,남자,81,경상남,초등학교,건물 경비원,남성,8,70대이상,경상남도,초졸이하
3397,c44d4e2bad214356865b189dfb146a56,남자,82,경상남,4년제 대학교,무직,남성,8,70대이상,경상남도,대졸
3398,546888fdd40d4482bed916ec28df52f4,남자,73,서울,4년제 대학교,무직,남성,8,70대이상,서울특별시,대졸
3399,5803bd6bcd974764a5fcbc1aa89f815c,남자,71,전라남,고등학교,무직,남성,8,70대이상,전라남,고졸
3400,f682ad1f3d38482aa24563a0d0a22082,남자,89,경기,대학원,무직,남성,8,70대이상,경기도,대학원졸
3401,b1d972491d644547abdb938df92816a1,남자,70,인천,고등학교,무직,남성,8,70대이상,인천광역시,고졸
3402,ca0feb27d7ad418ba6574e5084706564,남자,77,대전,4년제 대학교,무직,남성,8,70대이상,대전광역시,대졸
3403,a7f6fbfaa13b45b9b4d4384d01d0284a,남자,73,부산,초등학교,무직,남성,8,70대이상,부산광역시,초졸이하
3404,30c6af681c3546f79b49fac653f20374,남자,77,경기,초등학교,무직,남성,8,70대이상,경기도,초졸이하
3405,3863c13380904e9d85d01a948f82034e,남자,74,서울,중학교,무직,남성,8,70대이상,서울특별시,중졸
3406,25006d5f08274ba8afccdd7b078b59f3,남자,76,서울,중학교,무직,남성,8,70대이상,서울특별시,중졸
3407,fccf45939b6b4f1f924ef1dab78acfb9,남자,75,전라남,초등학교,무직,남성,8,70대이상,전라남,초졸이하
3408,a531c4575462406ca81bfa0e3c6e041d,남자,81,대전,4년제 대학교,무직,남성,8,70대이상,대전광역시,대졸
3409,bd634583f9354a70803abe680d47d0ff,남자,79,대구,무학,하역 및 적재 관련 단순 종사원,남성,8,70대이상,대구광역시,무학
3410,a5ff38cc12884d7cb9cae35816855c5e,남자,73,서울,고등학교,한식 조리사,남성,8,70대이상,서울특별시,고졸
3411,51e68a59738d45c4b0b26ba39c006d9f,남자,84,경기,초등학교,무직,남성,8,70대이상,경기도,초졸이하
3412,5224ffdbdb6643e584bb71776920d073,남자,80,경상북,고등학교,무직,남성,8,70대이상,경상북도,고졸
3413,1e7ce260c02443a8bde8c4d1c5aea0d6,남자,79,서울,중학교,무직,남성,8,70대이상,서울특별시,중졸
3414,c0bae56f851f469ead15e6f9c47c34d1,남자,73,부산,4년제 대학교,무직,남성,8,70대이상,부산광역시,대졸
3415,68b761bfdbed4619af1df6cdac36fb57,남자,82,부산,고등학교,무직,남성,8,70대이상,부산광역시,고졸
3416,fed4fac5215a43838f25e299b0aeb4a6,남자,71,경기,중학교,하역 및 적재 관련 단순 종사원,남성,8,70대이상,경기도,중졸
3417,e5a5cfbdeb244c02a7051ce57e2d1e9f,남자,73,경상북,고등학교,가스 점검원,남성,8,70대이상,경상북도,고졸
3418,7932093f143041b99268471ff107ed40,남자,77,인천,고등학교,건물 경비원,남성,8,70대이상,인천광역시,고졸
3419,17e8e5109dae46e3afc1ea004a9b75c9,남자,82,경기,초등학교,무직,남성,8,70대이상,경기도,초졸이하
3420,76ba509f09be415b9f72398cb865067a,남자,88,부산,중학교,무직,남성,8,70대이상,부산광역시,중졸
3421,bd24456576af443e94c90520ee968099,남자,74,경기,중학교,무직,남성,8,70대이상,경기도,중졸
3422,55e3a491b7dd433bbfcd4fbc72161940,남자,77,광주,초등학교,무직,남성,8,70대이상,광주광역시,초졸이하
3423,db0f9ede65b34ef19a1039a2dda1c3f7,남자,70,인천,4년제 대학교,무직,남성,8,70대이상,인천광역시,대졸
3424,e185b46b412e4329ba9e5cb5492775c7,남자,77,부산,2~3년제 전문대학,119 구조대원,남성,8,70대이상,부산광역시,전문대졸
3425,32ce2276951c4d409faf940734ea3ec4,남자,72,경기,고등학교,무직,남성,8,70대이상,경기도,고졸
3426,407e26f2161a444eaaf6efe79ddce3f4,남자,83,경상남,2~3년제 전문대학,일식 조리사,남성,8,70대이상,경상남도,전문대졸
3427,13175171b5b849429f390f19a87c12a8,남자,75,부산,고등학교,무직,남성,8,70대이상,부산광역시,고졸
3428,91eaacd8272746f9b8daa1123c8fb8b6,남자,73,강원,초등학교,무직,남성,8,70대이상,강원특별자치도,초졸이하
3429,2385cff9c08e4b0382bff7af19f83852,남자,77,광주,초등학교,무직,남성,8,70대이상,광주광역시,초졸이하
3430,c5a396a4ac1048289d2011055ba512a2,남자,73,울산,중학교,무직,남성,8,70대이상,울산광역시,중졸
3431,6e0f7e9057e24530aca6cfd115ab4f95,남자,92,서울,4년제 대학교,무직,남성,8,70대이상,서울특별시,대졸
3432,da18acfe7e6145c3a7a0ec54e3fa9c28,남자,88,경상북,초등학교,무직,남성,8,70대이상,경상북도,초졸이하
3433,2c33d2e580c24b9084558018167ad309,남자,81,경기,4년제 대학교,무직,남성,8,70대이상,경기도,대졸
3434,b9b11ba258a5440093e2e35f2fe49fb9,남자,79,인천,고등학교,무직,남성,8,70대이상,인천광역시,고졸
3435,d0a7cd8267bd47cfac47b67dcbad46de,남자,77,서울,초등학교,상·하수 배관공,남성,8,70대이상,서울특별시,초졸이하
3436,fe3241c8a14e4056918eba24876e21ba,남자,75,강원,무학,무직,남성,8,70대이상,강원특별자치도,무학
3437,3bc7daa492f645c0b5990231c7d5ae0d,남자,79,경상북,중학교,무직,남성,8,70대이상,경상북도,중졸
3438,fbff38164d1745e2b7a176296fa5794a,남자,71,경상북,초등학교,그 외 하역 및 적재 단순 종사원,남성,8,70대이상,경상북도,초졸이하
3439,111858d4f36c45f1a8268bfe5a85a538,남자,81,경기,2~3년제 전문대학,무직,남성,8,70대이상,경기도,전문대졸
3440,fd5a5ee2ad4e4cd8a5cda693bfb29066,남자,79,서울,중학교,무직,남성,8,70대이상,서울특별시,중졸
3441,5283ade7d4844b2f885db081c668a959,남자,70,경기,중학교,크레인 운전원,남성,8,70대이상,경기도,중졸
3442,59f150a1f6c442d18485fb6e40c52db6,남자,78,전북,초등학교,무직,남성,8,70대이상,전북특별자치도,초졸이하
3443,127578172a4f453f895e22470a7a1c8e,남자,74,경상북,초등학교,무직,남성,8,70대이상,경상북도,초졸이하
3444,34858167099c487f9d398b4dfef21ac6,남자,72,서울,고등학교,무직,남성,8,70대이상,서울특별시,고졸
3445,ce00d6f1c3a1497daad4c56045efdea1,남자,71,경상북,중학교,무직,남성,8,70대이상,경상북도,중졸
3446,51a3657d99b049248abbd7ae14a94975,남자,74,경기,4년제 대학교,무직,남성,8,70대이상,경기도,대졸
3447,fae7bde217474e0abeb038b81be0e892,남자,91,충청남,초등학교,무직,남성,8,70대이상,충청남,초졸이하
3448,af292aa51fa34d13b5f88656ba27f11b,남자,72,경기,고등학교,농업 단순 종사원,남성,8,70대이상,경기도,고졸
3449,c44a04f6aa7c4371b32bcd73e4d99a54,남자,74,울산,중학교,무직,남성,8,70대이상,울산광역시,중졸
3450,b37064e8394f418a860951efaeb3a212,남자,81,전북,고등학교,무직,남성,8,70대이상,전북특별자치도,고졸
3451,e9bf59f959484189a8851c0096e787dc,남자,83,부산,초등학교,무직,남성,8,70대이상,부산광역시,초졸이하
3452,f3d0d1d08e74413aaf6f7443b7e08743,남자,77,대전,중학교,무직,남성,8,70대이상,대전광역시,중졸
3453,0a99d4dcd50c424f9851784c9032003f,남자,78,전북,대학원,기업 고위 임원,남성,8,70대이상,전북특별자치도,대학원졸
3454,3b45c1b75dad4866b9a729577852746a,남자,70,서울,고등학교,무직,남성,8,70대이상,서울특별시,고졸
3455,193273f7195846eeb195315a49e590a7,남자,87,경상북,초등학교,구두 미화원,남성,8,70대이상,경상북도,초졸이하
3456,02902adf7b164ed49c926978e80c9799,남자,74,인천,고등학교,무직,남성,8,70대이상,인천광역시,고졸
3457,a3d2b36023324218be097efa92983bb2,남자,70,강원,4년제 대학교,무직,남성,8,70대이상,강원특별자치도,대졸
3458,a775609136724b888d3e0fb045b05d98,남자,75,인천,중학교,그 외 서비스 관련 단순 종사원,남성,8,70대이상,인천광역시,중졸
3459,7347dc63c92d45cbb702e571c480d215,남자,84,부산,초등학교,무직,남성,8,70대이상,부산광역시,초졸이하
3460,fe8fd7290c004d13a4e268eddd2f1681,남자,86,광주,초등학교,쓰레기 수거원,남성,8,70대이상,광주광역시,초졸이하
3461,15efa642741d4db99cdc34c2ae7afee6,남자,85,서울,초등학교,건물 청소원,남성,8,70대이상,서울특별시,초졸이하
3462,41fadd5dab06459791d5aaa6b2cfca78,남자,76,대구,고등학교,공공행정 사무원,남성,8,70대이상,대구광역시,고졸
3463,183520ef50b64dd8bf34b4184fbf881a,남자,75,경기,고등학교,무직,남성,8,70대이상,경기도,고졸
3464,2f222e228e774fbd93e1a731dabddc7a,남자,78,서울,대학원,공공 기관 임원,남성,8,70대이상,서울특별시,대학원졸
3465,b33cf27ce568499ea002ad19028b35fa,남자,74,인천,고등학교,택배원,남성,8,70대이상,인천광역시,고졸
3466,23862bafd31c409d80ce8b433b67864f,남자,85,서울,중학교,무직,남성,8,70대이상,서울특별시,중졸
3467,323b90e7be8e4235bc2a3547a76113c0,남자,72,경기,고등학교,무직,남성,8,70대이상,경기도,고졸
3468,0392b17e258f46f7a7bd4956f310b240,남자,84,경기,4년제 대학교,무직,남성,8,70대이상,경기도,대졸
3469,376a111aa76e47189732fe45ea5c44c3,남자,72,경기,4년제 대학교,토목 제도사,남성,8,70대이상,경기도,대졸
3470,9b369f94988240e8b01f3c07ae9a7727,남자,83,대전,초등학교,그 외 기능 관련 종사원,남성,8,70대이상,대전광역시,초졸이하
3471,1808672c3af64f02829fda869ed420d8,남자,74,대전,대학원,무직,남성,8,70대이상,대전광역시,대학원졸
3472,37461f0a74ac4dd9ba04ae67a657d90c,남자,72,부산,중학교,건물 경비원,남성,8,70대이상,부산광역시,중졸
3473,5e48b1ca4d554c3989fd8c59267dceb0,남자,73,서울,대학원,무직,남성,8,70대이상,서울특별시,대학원졸
3474,662b43cffec14b269baf1a5b6e3d0c42,남자,73,서울,4년제 대학교,무직,남성,8,70대이상,서울특별시,대졸
3475,a62b174235a14515aace0e202733a483,남자,70,경상남,대학원,무직,남성,8,70대이상,경상남도,대학원졸
3476,a674cb3dffe2433d82c8b6f05279875d,남자,75,서울,초등학교,그 외 건물 관리원,남성,8,70대이상,서울특별시,초졸이하
3477,96f77e34d2334d9887f4580b34308269,남자,87,경상북,초등학교,무직,남성,8,70대이상,경상북도,초졸이하
3478,3b4836ebff1b4713a98501b96a817edc,남자,83,경기,2~3년제 전문대학,무직,남성,8,70대이상,경기도,전문대졸
3479,44ce0df2f1c942e09e2ddb84b758286b,남자,83,전북,초등학교,무직,남성,8,70대이상,전북특별자치도,초졸이하
3480,03668d1f848c4c509e231043b36e0ade,남자,70,경상북,고등학교,무직,남성,8,70대이상,경상북도,고졸
3481,0c2edc44b9fa4418a0b35265655db04c,남자,76,제주,4년제 대학교,무직,남성,8,70대이상,제주특별자치도,대졸
3482,dbbbb3af2ce746ed8135059def8237d0,남자,80,서울,초등학교,무직,남성,8,70대이상,서울특별시,초졸이하
3483,c3fff529458d4309ad859806e6dda11c,남자,79,강원,초등학교,주방 보조원,남성,8,70대이상,강원특별자치도,초졸이하
3484,5c688dc5ef5d441e8c1f7e4a7bf2c4bf,남자,76,경기,고등학교,건물 경비원,남성,8,70대이상,경기도,고졸
3485,71039509567843e4a65041d5bcb2a415,남자,73,인천,고등학교,무직,남성,8,70대이상,인천광역시,고졸
3486,f771833a2cb4492f91c2b7fea948d75b,남자,78,충청남,중학교,노점 및 이동 판매원,남성,8,70대이상,충청남,중졸
3487,d17e9f77c7954bc68d54d375e0e6702b,남자,86,서울,무학,무직,남성,8,70대이상,서울특별시,무학
3488,45fdeec1fca64741a3b9ba1a5161cab2,남자,81,대구,중학교,무직,남성,8,70대이상,대구광역시,중졸
3489,1e79d48a210645339e0f57eed72baa19,남자,79,충청남,중학교,무직,남성,8,70대이상,충청남,중졸
3490,3e7bee6a371d4b2bbbd6367b84b2fb48,남자,70,서울,고등학교,산불 감시원,남성,8,70대이상,서울특별시,고졸
3491,c836dfc6c9924f06814b2098ed90a8f0,남자,75,대구,4년제 대학교,무직,남성,8,70대이상,대구광역시,대졸
3492,d10c13da54924942b6e8cc02b1aa5127,남자,82,서울,초등학교,무직,남성,8,70대이상,서울특별시,초졸이하
3493,2d9588c824f54597a49f9bb4c6d15b25,남자,77,인천,중학교,무직,남성,8,70대이상,인천광역시,중졸
3494,03898bd16eb84dd295a2c5967ee3805c,남자,70,서울,무학,무직,남성,8,70대이상,서울특별시,무학
3495,ca6b464deacb4d39ad21bfe4793b95a3,남자,71,서울,4년제 대학교,무직,남성,8,70대이상,서울특별시,대졸
3496,5f86c8dd44a94ed18e9dfe72924ac320,남자,77,경기,2~3년제 전문대학,무직,남성,8,70대이상,경기도,전문대졸
3497,ffc63e7dd6344e0cba02dfc41cc88fe2,남자,82,경기,초등학교,무직,남성,8,70대이상,경기도,초졸이하
3498,62ba95c1f10142bcb81f311302de1cca,남자,73,경상북,고등학교,무직,남성,8,70대이상,경상북도,고졸
3499,fad94af5b22442ada62cd5a7502d3c81,남자,72,인천,중학교,무직,남성,8,70대이상,인천광역시,중졸
3500,9a34b77103bd4d7bbb5dc51744186122,남자,71,서울,중학교,무직,남성,8,70대이상,서울특별시,중졸
3501,6b1f1371a3744b24a7cbb999b7edda0a,남자,76,경기,초등학교,무직,남성,8,70대이상,경기도,초졸이하
3502,7831993f34de4364938f67948051e2c2,남자,73,경상남,초등학교,무직,남성,8,70대이상,경상남도,초졸이하
3503,8b0fec2d7223403293fb38ff32752ff2,남자,79,경기,대학원,복지시설 생활 지도원,남성,8,70대이상,경기도,대학원졸
3504,e1b26bb8dca24a87b7abe772cfae3219,남자,72,서울,4년제 대학교,구급 요원,남성,8,70대이상,서울특별시,대졸
3505,e8bb425f0bac4be69c78e84d59a2c47c,남자,79,부산,초등학교,무직,남성,8,70대이상,부산광역시,초졸이하
3506,200143bb88e84901ae0f446e21ad1e36,남자,76,경상북,초등학교,무직,남성,8,70대이상,경상북도,초졸이하
3507,c0fed2b91253474c8491d62643525120,남자,79,경상북,초등학교,무직,남성,8,70대이상,경상북도,초졸이하
3508,b2addbe409ea40c2aaf65ccbf7aa1fa5,남자,90,대구,무학,무직,남성,8,70대이상,대구광역시,무학
3509,d8596d5066804f3d853d22e785f283ce,남자,87,인천,초등학교,하역 및 적재 관련 단순 종사원,남성,8,70대이상,인천광역시,초졸이하
3510,c94e7be4ad6a4691b38c8af1de17a4fb,남자,77,대전,초등학교,무직,남성,8,70대이상,대전광역시,초졸이하
3511,7510b56ae4d349a3a102752d8cdfbf1c,남자,76,경기,중학교,무직,남성,8,70대이상,경기도,중졸
3512,0477c5c46a4a4217a0ed9d2546f2233d,남자,79,부산,초등학교,콘크리트패널 조립원,남성,8,70대이상,부산광역시,초졸이하
3513,d5f58e95d4d54ad09e6892c8d39e7b12,남자,81,서울,초등학교,주방 보조원,남성,8,70대이상,서울특별시,초졸이하
3514,aff542e723134706ba26adec5f2dea2b,남자,80,대전,중학교,무직,남성,8,70대이상,대전광역시,중졸
3515,4addca15e14d440a991f5c527569f1f5,남자,87,서울,중학교,구두 수선원,남성,8,70대이상,서울특별시,중졸
3516,2e1010adfbc44936964ca867b5ad9c71,남자,78,경기,초등학교,무직,남성,8,70대이상,경기도,초졸이하
3517,4c5cfc357b074f728c0b7dce8cc52036,남자,74,서울,4년제 대학교,영업 관련 관리자,남성,8,70대이상,서울특별시,대졸
3518,80f8daaa4f2449b288d2059d9aeaf5a4,남자,75,경기,중학교,무직,남성,8,70대이상,경기도,중졸
3519,5f601899dad54d139f5c1e6cb4606049,남자,76,경기,무학,무직,남성,8,70대이상,경기도,무학
3520,e92018e1626e4afbacea556b856ca3d4,남자,81,경상남,4년제 대학교,농수산물 중개인 및 경매사,남성,8,70대이상,경상남도,대졸
3521,b1be4619c0cc4ca689e976fc7f2a833a,남자,71,경기,4년제 대학교,무직,남성,8,70대이상,경기도,대졸
3522,8fe03fc4c674455e853d8e25907f2fd8,남자,82,부산,중학교,무직,남성,8,70대이상,부산광역시,중졸
3523,0deff9229cb3461abcb2a538bae87446,남자,71,강원,고등학교,그 외 물품 이동 장비 조작원,남성,8,70대이상,강원특별자치도,고졸
3524,d8e0dad32d264fad9e6cc714e8745c44,남자,79,경기,초등학교,무직,남성,8,70대이상,경기도,초졸이하
3525,9f4931847b7c411fae12ada7119c4667,남자,72,경기,중학교,무직,남성,8,70대이상,경기도,중졸
3526,a1eee673814944b8a1cc56b709e15086,남자,75,광주,4년제 대학교,무직,남성,8,70대이상,광주광역시,대졸
3527,89d3b85d8dc24fdab29dcb4c8db90e0d,남자,84,경기,고등학교,무직,남성,8,70대이상,경기도,고졸
3528,0531d9de53224eb6b9c82231c3209fa6,남자,70,경기,중학교,그 외 기능 관련 종사원,남성,8,70대이상,경기도,중졸
3529,0aa07d791bfb469b9486aa09aeb02378,남자,81,서울,4년제 대학교,마케팅 전문가,남성,8,70대이상,서울특별시,대졸
3530,a2ad3a24096c46aa9696cd9cc3028bda,남자,91,경상남,초등학교,무직,남성,8,70대이상,경상남도,초졸이하
3531,2176fcea90f948fa86433acb0460bdeb,남자,76,서울,중학교,사진 인화 및 현상기 조작원,남성,8,70대이상,서울특별시,중졸
3532,faee372d3e6b44baabb5e1fac0c21dfa,남자,90,부산,초등학교,무직,남성,8,70대이상,부산광역시,초졸이하
3533,57a3a6113c83424bbefb49f28f602b9a,남자,71,울산,고등학교,전화 상담원,남성,8,70대이상,울산광역시,고졸
3534,2149ca34342a4d0599fe0274890feff7,남자,70,경기,초등학교,아파트 경비원,남성,8,70대이상,경기도,초졸이하
3535,a4e5482f48f64864a54f38a8fd8f25bd,남자,79,전북,무학,그 외 서비스 관련 단순 종사원,남성,8,70대이상,전북특별자치도,무학
3536,f79c09754cb6403f9d85256cb1239fc7,남자,73,충청북,고등학교,부동산 중개사,남성,8,70대이상,충청북,고졸
3537,37b7e1f5aabd456fb0b9b5b7b5e96e90,남자,70,강원,고등학교,교도관,남성,8,70대이상,강원특별자치도,고졸
3538,3d453f67aa1049ee8d79dad683978a7f,남자,79,충청북,초등학교,시설 경비원,남성,8,70대이상,충청북,초졸이하
3539,2524c2ce42094a8a92cb12ae1e49b200,남자,71,충청남,중학교,무직,남성,8,70대이상,충청남,중졸
3540,02bc8a91ab5343e2a2b4713ac7d24815,남자,87,서울,초등학교,건물 경비원,남성,8,70대이상,서울특별시,초졸이하
3541,79c54549312844da9cac1554a569d3c4,남자,71,서울,4년제 대학교,무직,남성,8,70대이상,서울특별시,대졸
3542,f75988e8bcef48cf85603c4876c98205,남자,71,경기,고등학교,"전직 그 외 상점 판매원, 현재 구직중",남성,8,70대이상,경기도,고졸
3543,87005c5e616f43d598200dcb7218ba00,남자,73,충청남,초등학교,무직,남성,8,70대이상,충청남,초졸이하
3544,0f8512cc20784a8ca5c9e8d28e227f80,남자,83,경상남,초등학교,무직,남성,8,70대이상,경상남도,초졸이하
3545,4f1b5a5bbb8144ec82b5ae4b450e004a,남자,79,경상남,2~3년제 전문대학,경리 사무원,남성,8,70대이상,경상남도,전문대졸
3546,5908d6cc12f7474cb71d7ab377e29589,남자,75,경상남,초등학교,무직,남성,8,70대이상,경상남도,초졸이하
3547,e893c3abf084428fad5669a2e21a43ed,남자,80,전라남,초등학교,무직,남성,8,70대이상,전라남,초졸이하
3548,85f6fdefb555466f9b066c240cad3ee7,남자,83,경기,중학교,무직,남성,8,70대이상,경기도,중졸
3549,5236881de7604513a6e4924416fe9160,남자,73,서울,4년제 대학교,무직,남성,8,70대이상,서울특별시,대졸
3550,5c8af9b36dc54c28bc4ec7de60776fe2,남자,85,경기,초등학교,그 외 제조 관련 단순 종사원,남성,8,70대이상,경기도,초졸이하
3551,059614a54f8e489c9b14744cf89ed303,남자,80,광주,초등학교,무직,남성,8,70대이상,광주광역시,초졸이하
3552,de959e3e6f494ea081d4c319d4644b02,남자,78,서울,초등학교,노점 및 이동 판매원,남성,8,70대이상,서울특별시,초졸이하
3553,f8a9b1cba49847859d6e4e7fee51598b,남자,70,서울,고등학교,조명 기구 설치 및 수리원,남성,8,70대이상,서울특별시,고졸
3554,ea950253a4514211b81580d9d45103f5,남자,78,부산,고등학교,그 외 물품 이동 장비 조작원,남성,8,70대이상,부산광역시,고졸
3555,8adb8c4027394351bcc16fe1fd58afc8,남자,72,충청북,중학교,그 외 서비스 관련 단순 종사원,남성,8,70대이상,충청북,중졸
3556,be4f849b686948fdb0b7f3b4a930a7cc,남자,70,충청남,대학원,무직,남성,8,70대이상,충청남,대학원졸
3557,99d78de8f5414c6faccb8da1029e6bfd,남자,73,경기,중학교,무직,남성,8,70대이상,경기도,중졸
3558,cdffd59a7b0542f7ace5bb07ee10b470,남자,72,부산,4년제 대학교,무직,남성,8,70대이상,부산광역시,대졸
3559,03ce026a52ed4d94b9c1d57359069666,남자,70,대구,초등학교,무직,남성,8,70대이상,대구광역시,초졸이하
3560,ac13ed35324942079b4539caeccbc248,남자,81,경기,초등학교,무직,남성,8,70대이상,경기도,초졸이하
3561,d4945463842b47648ab7fa32d30f9d0a,남자,85,경기,무학,무직,남성,8,70대이상,경기도,무학
3562,fff916cfaaad426aba2a3e1e6f71b1a0,남자,87,경기,초등학교,가스 점검원,남성,8,70대이상,경기도,초졸이하
3563,9319494dc5bc427485d4e2b0b96594fa,남자,73,충청남,초등학교,무직,남성,8,70대이상,충청남,초졸이하
3564,563ec43e5e8940fcacb253ccb70dfade,남자,74,부산,4년제 대학교,총무 사무원,남성,8,70대이상,부산광역시,대졸
3565,4c35c07aae704f8bb81328376d3cb87a,남자,72,서울,대학원,경영 컨설턴트,남성,8,70대이상,서울특별시,대학원졸
3566,07559f3fffdd423f9f25e9acd04a2a41,남자,74,경상북,중학교,건물 경비원,남성,8,70대이상,경상북도,중졸
3567,298ce796f4e8417d87bcd734e5ced6c9,남자,82,경상남,초등학교,무직,남성,8,70대이상,경상남도,초졸이하
3568,24059d997d714a2e8acd6225006b40c1,남자,73,경상북,초등학교,무직,남성,8,70대이상,경상북도,초졸이하
3569,0095e34539214f03a886b2cd5f8cd109,남자,70,부산,중학교,무직,남성,8,70대이상,부산광역시,중졸
3570,0b522569069d438ba1b21806a3becdb6,남자,70,부산,4년제 대학교,사무 보조원,남성,8,70대이상,부산광역시,대졸
3571,8fce83afad964f868ada3640e92125fc,남자,78,경기,4년제 대학교,무직,남성,8,70대이상,경기도,대졸
3572,e773d352fd424c45914c1025498f1780,남자,70,강원,초등학교,건물 경비원,남성,8,70대이상,강원특별자치도,초졸이하
3573,18c41797dec24a57971856298abdaaf0,남자,78,경기,중학교,지방행정 사무원,남성,8,70대이상,경기도,중졸
3574,bac2511aa37242989b2e9d123ebbac2f,남자,71,부산,초등학교,콘크리트 타설원,남성,8,70대이상,부산광역시,초졸이하
3575,19a328603b7e4350bca688828f28b75c,남자,77,전라남,중학교,무직,남성,8,70대이상,전라남,중졸
3576,3ac31e9cd84d4a0f8f7ebb5906c38358,남자,74,경기,고등학교,무직,남성,8,70대이상,경기도,고졸
3577,1caca0b09ec241619bf9a5c1053d2ce5,남자,71,전라남,초등학교,그 외 기계 조작원,남성,8,70대이상,전라남,초졸이하
3578,c6c64345693e4248839459ee292515a4,남자,78,강원,고등학교,무직,남성,8,70대이상,강원특별자치도,고졸
3579,671b7b6cbd0743ada6c3ddf24d59ddc8,남자,75,경기,중학교,경·소형 화물차 운전원,남성,8,70대이상,경기도,중졸
3580,2d8dd1c0b64240b988def78b24fcaf4d,남자,79,경상북,고등학교,무직,남성,8,70대이상,경상북도,고졸
3581,c87d7f99277f40af9788df6a8526b243,남자,97,전라남,초등학교,무직,남성,8,70대이상,전라남,초졸이하
3582,fc0f033d0f7341b08ee8090513bba02d,남자,72,경상남,고등학교,무직,남성,8,70대이상,경상남도,고졸
3583,ccc478cf035642ecbca2d6c9bb7eaf21,남자,76,경기,고등학교,시설 경비원,남성,8,70대이상,경기도,고졸
3584,d8f54c876b9e40aca494f68b15fec6a0,남자,82,인천,중학교,무직,남성,8,70대이상,인천광역시,중졸
3585,59bd7fc5838c4aaaa2d9eff5f665d35c,남자,77,경상남,중학교,무직,남성,8,70대이상,경상남도,중졸
3586,e6f29f84fceb44178d0e685bf557b69f,남자,71,서울,무학,무직,남성,8,70대이상,서울특별시,무학
3587,9d43127ef63d4ccca876e7b10fb25028,남자,82,서울,고등학교,무직,남성,8,70대이상,서울특별시,고졸
3588,ede8afc906e5452aaa2d2b7b241eb66e,남자,79,충청북,고등학교,무직,남성,8,70대이상,충청북,고졸
3589,2c47ff01da574b91ae9cd1a148c6aa8e,남자,75,서울,중학교,"전직 단말기 및 통신 서비스 판매원, 현재 구직중",남성,8,70대이상,서울특별시,중졸
3590,aa024809341642719fff12b944631418,남자,91,서울,4년제 대학교,무직,남성,8,70대이상,서울특별시,대졸
3591,dc79a700e28146c29a630f8f9ccec9e6,남자,79,경상북,초등학교,무직,남성,8,70대이상,경상북도,초졸이하
3592,3881ce01b6294904bc71b04d2e6cfacb,남자,80,경기,4년제 대학교,목사,남성,8,70대이상,경기도,대졸
3593,651ac60a70ff498bb7e46431286f2d5a,남자,73,제주,초등학교,그 외 기계 조작원,남성,8,70대이상,제주특별자치도,초졸이하
3594,1dffe476b21c447db884dc2a9e62c95e,남자,76,인천,초등학교,하역 및 적재 관련 단순 종사원,남성,8,70대이상,인천광역시,초졸이하
3595,8fcdd6558aae4b3e9fbdaa940c5a2530,남자,80,충청북,고등학교,무직,남성,8,70대이상,충청북,고졸
3596,69cf0551730c4a0299c7398cc3b4ec5f,남자,81,충청남,초등학교,무직,남성,8,70대이상,충청남,초졸이하
3597,88cbc2934f3744afbe13b6b593e15540,남자,74,대구,중학교,건설 단순 종사원,남성,8,70대이상,대구광역시,중졸
3598,1659603b97de47fbbf81cbc14967b55d,남자,87,부산,초등학교,건물 경비원,남성,8,70대이상,부산광역시,초졸이하
3599,89f35b825ad54409990b01b44c015836,남자,74,경상북,중학교,건물 경비원,남성,8,70대이상,경상북도,중졸
3600,f3095a8469ac4afd8751c73dd3a40dc2,남자,85,대전,초등학교,무직,남성,8,70대이상,대전광역시,초졸이하
3601,a19326f9d2914c2eab589798635e12b6,남자,73,대구,초등학교,건물 경비원,남성,8,70대이상,대구광역시,초졸이하
3602,28327feb6c8d4d9396ac888506b046b0,남자,77,서울,초등학교,무직,남성,8,70대이상,서울특별시,초졸이하
3603,67419c23bc154596ac2eec80e116d15e,남자,75,강원,초등학교,산불 감시원,남성,8,70대이상,강원특별자치도,초졸이하
3604,ac1b00c8bec64773ac032b52a4aae1f5,남자,81,인천,초등학교,무직,남성,8,70대이상,인천광역시,초졸이하
3605,141c167138134faeb5e279fc492de42c,남자,71,전북,초등학교,그 외 택배원,남성,8,70대이상,전북특별자치도,초졸이하
3606,8fdb054c8c934a4c964b3c8681d55da2,남자,83,강원,초등학교,무직,남성,8,70대이상,강원특별자치도,초졸이하
3607,849d078f4cb2462a80024f0d9a373ea1,남자,93,부산,무학,무직,남성,8,70대이상,부산광역시,무학
3608,38810224ebd94f96b5667364ed49f5ae,남자,84,대전,고등학교,부동산 중개사,남성,8,70대이상,대전광역시,고졸
3609,31d24a7a898e4f2caa753103dd6c6b3e,남자,74,충청남,초등학교,무직,남성,8,70대이상,충청남,초졸이하
3610,46cfe62c1dc7430b9646fdb0de8620de,남자,82,서울,무학,그 외 하역 및 적재 단순 종사원,남성,8,70대이상,서울특별시,무학
3611,05b8e1fe4c974b3ebaddc977e8f2e046,남자,82,경상북,초등학교,그 외 제조 관련 단순 종사원,남성,8,70대이상,경상북도,초졸이하
3612,ed3662d59c0443c0911bbfd5eb055a94,남자,80,광주,초등학교,무직,남성,8,70대이상,광주광역시,초졸이하
3613,b8ec4af1ae6140698f91ede260544433,남자,71,경기,고등학교,무직,남성,8,70대이상,경기도,고졸
3614,686e5643aa8740bcbad3b33d88f49c93,남자,73,경기,초등학교,무직,남성,8,70대이상,경기도,초졸이하
3615,4ee0d24a8ca44832b6919dab32fd5a33,남자,77,서울,고등학교,무직,남성,8,70대이상,서울특별시,고졸
3616,cb41af0046d645deb8611567c5270dea,남자,81,인천,초등학교,무직,남성,8,70대이상,인천광역시,초졸이하
3617,85ce378571194039a5667a3982e1202b,남자,74,경상남,초등학교,무직,남성,8,70대이상,경상남도,초졸이하
3618,ccba86e1913c4a3397394259055baf6b,남자,79,경상북,고등학교,무직,남성,8,70대이상,경상북도,고졸
3619,8b945408d6d14a0f8dd18f510af86a54,남자,82,세종,초등학교,무직,남성,8,70대이상,세종특별자치시,초졸이하
3620,fdf26ac8a6d24e60a0b6bebe9d310f55,남자,97,부산,고등학교,무직,남성,8,70대이상,부산광역시,고졸
3621,1d49c4240aa24dcba29b5cac810126cf,남자,83,부산,중학교,무직,남성,8,70대이상,부산광역시,중졸
3622,b778d2d7357645c9b8eefe7ffd285260,남자,70,경상북,초등학교,무직,남성,8,70대이상,경상북도,초졸이하
3623,c836dfc6c9924f06814b2098ed90a8f0,남자,75,대구,4년제 대학교,무직,남성,8,70대이상,대구광역시,대졸
3624,142f5170b78f42cc8290dbca6c7504d4,남자,70,전라남,중학교,노점 및 이동 판매원,남성,8,70대이상,전라남,중졸
3625,3ee362598bd7462f9e70f73ef8e5f714,남자,76,경기,4년제 대학교,무직,남성,8,70대이상,경기도,대졸
3626,69135ca81cb04c708b090c14eac699cf,남자,85,서울,초등학교,무직,남성,8,70대이상,서울특별시,초졸이하
3627,3bc481406b85441e925fe5516a14e70e,남자,82,전북,초등학교,무직,남성,8,70대이상,전북특별자치도,초졸이하
3628,89ffaabf8b044acc9c57987628cb225f,남자,79,강원,대학원,"전직 교통 계획 및 설계가, 현재 구직중",남성,8,70대이상,강원특별자치도,대학원졸
3629,e833ecd831884e7cab9e9b3c25725e5b,남자,85,서울,2~3년제 전문대학,무직,남성,8,70대이상,서울특별시,전문대졸
3630,bd74345495dc4af7897a621d11d81ad7,남자,80,충청북,무학,무직,남성,8,70대이상,충청북,무학
3631,823939a6cc5d49a5a000fea3ae5fa258,남자,90,인천,고등학교,무직,남성,8,70대이상,인천광역시,고졸
3632,55eaeaf93b044b2dbdce626348800e28,남자,72,경상북,4년제 대학교,무직,남성,8,70대이상,경상북도,대졸
3633,a2d24dc58d6446e0b8c03d690e30aa75,남자,84,경기,초등학교,무직,남성,8,70대이상,경기도,초졸이하
3634,0ddcae1f7e9c43aab4b2e87d5acb08a1,남자,79,부산,초등학교,노점 및 이동 판매원,남성,8,70대이상,부산광역시,초졸이하
3635,c17a1a4bbdf741aca99700446e527452,남자,71,서울,4년제 대학교,무직,남성,8,70대이상,서울특별시,대졸
3636,9b181e0be0344ab9879bdf3cdf623c77,남자,77,경상남,고등학교,무직,남성,8,70대이상,경상남도,고졸
3637,23321d6cf2bc4e84a7b05d6567c43da0,남자,74,전라남,초등학교,무직,남성,8,70대이상,전라남,초졸이하
3638,6d12a54999a74083903aa3328bd942ed,남자,73,서울,중학교,건물 청소원,남성,8,70대이상,서울특별시,중졸
3639,8fadfcb0d96e498bb8b181c7bc1f1e79,남자,84,경기,무학,무직,남성,8,70대이상,경기도,무학
3640,6086e125fb2a421585f98fd8bfb072dc,남자,80,부산,중학교,경·소형 화물차 운전원,남성,8,70대이상,부산광역시,중졸
3641,2f3807c3d4dd4d9998cdd2ef44f8df15,남자,83,경기,중학교,한식 조리사,남성,8,70대이상,경기도,중졸
3642,1cc69af56ee04f76a6661c1e91c92c33,남자,72,경기,고등학교,무직,남성,8,70대이상,경기도,고졸
3643,8468e0142f3349d59f434db0b2eefe48,남자,79,부산,4년제 대학교,무직,남성,8,70대이상,부산광역시,대졸
3644,e2343bc341be4adcbffc62b03af32c07,남자,74,서울,고등학교,무직,남성,8,70대이상,서울특별시,고졸
3645,b2f140bde465407b8c3728672201f472,남자,72,전라남,중학교,그 외 물품 이동 장비 조작원,남성,8,70대이상,전라남,중졸
3646,12c88eb9fd9c4023b83e1fb37f7aadbc,남자,79,경상북,초등학교,하역 및 적재 관련 단순 종사원,남성,8,70대이상,경상북도,초졸이하
3647,d0218dbf8221462ca85dd9d5d8db0d94,남자,78,부산,대학원,무직,남성,8,70대이상,부산광역시,대학원졸
3648,bbdfa802cf5841dda1a7e92f3a2ce8c0,남자,86,광주,4년제 대학교,무직,남성,8,70대이상,광주광역시,대졸
3649,eb6c2ad32bd74ee1b15ecf6db4684f43,남자,79,대구,초등학교,카펫 및 가발 제조원,남성,8,70대이상,대구광역시,초졸이하
3650,67d26268488045aba72fd1b20f116581,남자,84,전북,초등학교,무직,남성,8,70대이상,전북특별자치도,초졸이하
3651,96632291aa9d4f19afbd7df210f282a3,남자,73,강원,고등학교,무직,남성,8,70대이상,강원특별자치도,고졸
3652,6cb31f8a59534c49afb81d65cbbd5eea,남자,73,강원,고등학교,무직,남성,8,70대이상,강원특별자치도,고졸
3653,97e6a86354654cf9bee95e7ce0cdda90,남자,77,전북,고등학교,그 외 하역 및 적재 단순 종사원,남성,8,70대이상,전북특별자치도,고졸
3654,f0a084ec353449cdb5f41704f1990f9f,남자,73,인천,중학교,건설 단순 종사원,남성,8,70대이상,인천광역시,중졸
3655,5b601c76d28a4a2cbb6990be55062121,남자,74,경상북,초등학교,무직,남성,8,70대이상,경상북도,초졸이하
3656,df5dd3be5547401680561bfa8291a694,남자,73,서울,4년제 대학교,웹 운영자,남성,8,70대이상,서울특별시,대졸
3657,1d16c9a8d8174655a6690b210059c5e3,남자,79,경기,고등학교,무직,남성,8,70대이상,경기도,고졸
3658,aec99764ab354faa828b02d1339a15fe,남자,71,충청북,초등학교,무직,남성,8,70대이상,충청북,초졸이하
3659,1457d1b7d92746e69bd93dd8a461b52f,남자,79,경상북,중학교,"전직 건물 경비원, 현재 구직중",남성,8,70대이상,경상북도,중졸
3660,6995248403b14d76a3e0c7db2ce7d40f,남자,83,충청남,고등학교,무직,남성,8,70대이상,충청남,고졸
3661,659af125777f4a5a9b9793b880f273d8,남자,77,서울,2~3년제 전문대학,사무 보조원,남성,8,70대이상,서울특별시,전문대졸
3662,66c12a50d1d2406f8abbb99a16351d14,남자,80,부산,초등학교,무직,남성,8,70대이상,부산광역시,초졸이하
3663,688df1aa62c841bba2808beefbedaee6,남자,75,경상남,중학교,건물 경비원,남성,8,70대이상,경상남도,중졸
3664,c90f0b306ea54cb59fbeeac0959e5ae4,남자,71,인천,초등학교,소규모 상점 경영자,남성,8,70대이상,인천광역시,초졸이하
3665,347ba8ea43994831b1f7bb487e9f2b44,남자,78,전북,중학교,무직,남성,8,70대이상,전북특별자치도,중졸
3666,569501594d5c4ba191ccd005ef2d1f2b,남자,83,서울,2~3년제 전문대학,무직,남성,8,70대이상,서울특별시,전문대졸
3667,d9d1acb1b35c48bf8f63335ae3543138,남자,73,경상남,중학교,무직,남성,8,70대이상,경상남도,중졸
3668,8fa48ad2987d45649d79c92e4a27a023,남자,70,부산,고등학교,영상·전자음향기기 설치 및 수리원,남성,8,70대이상,부산광역시,고졸
3669,6d69f3febcc24d6b8c9cde4fdc255a93,남자,73,경기,고등학교,그 외 기능 관련 종사원,남성,8,70대이상,경기도,고졸
3670,f22394d9dbef4cb4887178ef8856eb98,남자,82,전북,초등학교,무직,남성,8,70대이상,전북특별자치도,초졸이하
3671,96879fa560a143e2994e8f135de6be36,남자,85,서울,중학교,무직,남성,8,70대이상,서울특별시,중졸
3672,77380b0530cd4772919041f2f8f0a87f,남자,70,서울,초등학교,건물 경비원,남성,8,70대이상,서울특별시,초졸이하
3673,351391ed57134fd59e93b68799eca712,남자,75,경기,고등학교,무직,남성,8,70대이상,경기도,고졸
3674,4db9e38a775d44908cdf4961411b784a,남자,80,경상북,고등학교,무직,남성,8,70대이상,경상북도,고졸
3675,f99773b98eae42ef9732973e3c6a32b4,남자,84,충청남,초등학교,무직,남성,8,70대이상,충청남,초졸이하
3676,e73ffb0f8d0a46889a5019b3e66bbad2,남자,78,서울,고등학교,부동산 중개사,남성,8,70대이상,서울특별시,고졸
3677,f0b7d601817a4074aa4539841bb1e3b6,남자,70,경상남,고등학교,무직,남성,8,70대이상,경상남도,고졸
3678,f98a54510656495fb832460176f39659,남자,70,서울,초등학교,무직,남성,8,70대이상,서울특별시,초졸이하
3679,09da3795c5044d6eb61634ec10ed7035,남자,84,충청남,중학교,그 외 기능 관련 종사원,남성,8,70대이상,충청남,중졸
3680,f535b9e2000247b780f11b3b16a21430,남자,76,전라남,중학교,무직,남성,8,70대이상,전라남,중졸
3681,4883df960dd84d7e9ada1b9218ce774c,남자,73,광주,고등학교,간호조무사,남성,8,70대이상,광주광역시,고졸
3682,7e400ac0e7484a09b3deede6dca95acf,남자,86,부산,초등학교,무직,남성,8,70대이상,부산광역시,초졸이하
3683,2265342c072147f5a75d90ea50e76e88,남자,79,서울,중학교,노점 및 이동 판매원,남성,8,70대이상,서울특별시,중졸
3684,a39e649430374628b59d7ead35da20c0,남자,76,경상북,초등학교,건물 경비원,남성,8,70대이상,경상북도,초졸이하
3685,0298aa5831f44a698ade5a0aeab46f93,남자,71,경상북,중학교,무직,남성,8,70대이상,경상북도,중졸
3686,c09a3e43c91c4fa994d336961a4fecdf,남자,71,경상남,고등학교,무직,남성,8,70대이상,경상남도,고졸
3687,59eeed3654904346ae43ffc88a41216f,남자,76,서울,초등학교,무직,남성,8,70대이상,서울특별시,초졸이하
3688,78ed9101d2704b23a2fba7902b3d797c,남자,75,충청남,초등학교,무직,남성,8,70대이상,충청남,초졸이하
3689,ec3b9f8445db45648449a1db91fc700a,남자,88,경기,초등학교,그 외 하역 및 적재 단순 종사원,남성,8,70대이상,경기도,초졸이하
3690,f0d69b7fa1ce4e0a9d8ef704d8e928d5,남자,83,경기,4년제 대학교,마케팅 전문가,남성,8,70대이상,경기도,대졸
3691,bc695bdfbe3c496588aa2c909c1d2896,남자,71,경상남,중학교,건설 단순 종사원,남성,8,70대이상,경상남도,중졸
3692,ddbcde63cf5d485dab65474ecdb899c0,남자,72,전라남,중학교,어업 단순 종사원,남성,8,70대이상,전라남,중졸
3693,ba4382195aa74233a550293f6a0b25af,남자,83,서울,고등학교,무직,남성,8,70대이상,서울특별시,고졸
3694,34fc8666842f46f89670594cc78566ea,남자,84,광주,초등학교,무직,남성,8,70대이상,광주광역시,초졸이하
3695,6f1e044d777747b78f539d5480d63140,남자,82,경기,초등학교,무직,남성,8,70대이상,경기도,초졸이하
3696,9392336e13c343c4a2a27ac57a3436f0,남자,78,서울,고등학교,무직,남성,8,70대이상,서울특별시,고졸
3697,9c9646bfecbf4f48873b6de2a4c11ff1,남자,79,대전,중학교,무직,남성,8,70대이상,대전광역시,중졸
3698,edbb30da2b464009bcc5ad5e4c767b52,남자,89,경기,초등학교,무직,남성,8,70대이상,경기도,초졸이하
3699,67d1b391c7594f278d95cbafc4f55b16,남자,72,광주,초등학교,하역 및 적재 관련 단순 종사원,남성,8,70대이상,광주광역시,초졸이하
3700,ae5729ad050b4e3380bf815b8bc21e3e,남자,74,전북,중학교,시설 경비원,남성,8,70대이상,전북특별자치도,중졸
3701,cd76d8a9d96d48fcaa96292203b8c4ca,남자,75,서울,4년제 대학교,품질 관리 사무원,남성,8,70대이상,서울특별시,대졸
3702,d5438582cc454606a9d0aa0ec6009032,남자,71,인천,중학교,시설 경비원,남성,8,70대이상,인천광역시,중졸
3703,c48ee7609a0f4ae484013787697d1f44,남자,73,서울,중학교,무직,남성,8,70대이상,서울특별시,중졸
3704,d5a72625b87b4c6b815959a1ecacdfa6,남자,70,경상남,2~3년제 전문대학,무직,남성,8,70대이상,경상남도,전문대졸
3705,c235c1796edc441f99f0b0acec29b792,남자,88,대구,중학교,무직,남성,8,70대이상,대구광역시,중졸
3706,94d5f73f13bf4fe2821eb2f1c53d16bc,남자,74,충청남,2~3년제 전문대학,무직,남성,8,70대이상,충청남,전문대졸
3707,3530a5bdaa93478a9ed881525c138229,남자,75,부산,초등학교,무직,남성,8,70대이상,부산광역시,초졸이하
3708,c302ba328d574822975505730463f2c7,남자,93,서울,초등학교,무직,남성,8,70대이상,서울특별시,초졸이하
3709,f0af43b7575746758ee6c0edda6da109,남자,75,서울,초등학교,건물 청소원,남성,8,70대이상,서울특별시,초졸이하
3710,6e10bd02ee584f879e62db010cddfeab,남자,91,서울,고등학교,무직,남성,8,70대이상,서울특별시,고졸
3711,951edbce4b3a4024bd0585b01afea8bd,남자,76,경상남,무학,하역 및 적재 관련 단순 종사원,남성,8,70대이상,경상남도,무학
3712,45cabd93ac6b4bd8ae97e17998c60090,남자,70,전라남,중학교,그 외 배달원,남성,8,70대이상,전라남,중졸
3713,7ab61d21836e444796194eabe33c3bdd,남자,77,부산,중학교,그 외 서비스 관련 단순 종사원,남성,8,70대이상,부산광역시,중졸
3714,0b735979ea474dfa937845d1b1ab660f,남자,75,대전,초등학교,노점 및 이동 판매원,남성,8,70대이상,대전광역시,초졸이하
3715,9f51e2bd4af244b6803ba5c34fbfe739,남자,88,경상남,초등학교,무직,남성,8,70대이상,경상남도,초졸이하
3716,51c8775279014a2cbf57604adba41c4b,남자,83,충청북,무학,무직,남성,8,70대이상,충청북,무학
3717,a6b92680c0db44f08f4acb5358ff0b84,남자,89,서울,중학교,무직,남성,8,70대이상,서울특별시,중졸
3718,aaceba3b684e4e4083694bcb3cf24a33,남자,70,부산,고등학교,무직,남성,8,70대이상,부산광역시,고졸
3719,13b29ad6556f4735aa7d78e6bea7b1e4,남자,74,전북,고등학교,그 외 상점 판매원,남성,8,70대이상,전북특별자치도,고졸
3720,38713ac87abb4eeb97f520d6a6a5b4d0,남자,70,부산,중학교,무직,남성,8,70대이상,부산광역시,중졸
3721,b7f741753e7a4ab099a3b635ade918c9,남자,72,경상남,초등학교,무직,남성,8,70대이상,경상남도,초졸이하
3722,e7a9da1570364d3fb2d6d9dc50a315fe,남자,80,울산,고등학교,경·소형 화물차 운전원,남성,8,70대이상,울산광역시,고졸
3723,90a2a0bc913949f7bc478296c0e5a2d7,남자,78,대구,중학교,무직,남성,8,70대이상,대구광역시,중졸
3724,6104728ef5244a99b318aafb93b2db6d,남자,72,경기,중학교,건물 경비원,남성,8,70대이상,경기도,중졸
3725,0ab7f83b8f0244f5823b7b6192a57410,남자,85,경상북,초등학교,무직,남성,8,70대이상,경상북도,초졸이하
3726,ce3c9e06e5cf45288582d146c5d7daf3,남자,76,제주,중학교,건설 단순 종사원,남성,8,70대이상,제주특별자치도,중졸
3727,9bd8509c430d468bb3e1a3267cc52a4a,남자,77,부산,고등학교,위성방송 안테나 설치 및 수리원,남성,8,70대이상,부산광역시,고졸
3728,4915a9db18da4d3b9db87f3a2c5af733,남자,77,경기,고등학교,무직,남성,8,70대이상,경기도,고졸
3729,10353336d38d48f2aa71171baa10770c,남자,74,충청북,초등학교,건물 청소원,남성,8,70대이상,충청북,초졸이하
3730,b298f911d7b3408ca70317e0de331ebc,남자,76,울산,초등학교,노점 및 이동 판매원,남성,8,70대이상,울산광역시,초졸이하
3731,d7601962466347f7a217d1c60a67da27,남자,78,충청남,중학교,시설 경비원,남성,8,70대이상,충청남,중졸
3732,c4de46af2f9045adb94bf2fa4795f099,남자,83,경기,4년제 대학교,무직,남성,8,70대이상,경기도,대졸
3733,6885dba3efd44c4e9fdacf6c7120aed9,남자,80,대구,초등학교,그 외 기능 관련 종사원,남성,8,70대이상,대구광역시,초졸이하
3734,515ef9eed9e040b68b4425b89e8d9086,남자,75,서울,고등학교,무직,남성,8,70대이상,서울특별시,고졸
3735,68759a15d2e946b4bff183370bfbaa98,남자,77,경기,초등학교,무직,남성,8,70대이상,경기도,초졸이하
3736,f59eb4c25fda451aa54426466f393ca9,남자,74,부산,초등학교,무직,남성,8,70대이상,부산광역시,초졸이하
3737,3561e440ee054a8380e472faab593a15,남자,73,경상남,4년제 대학교,그 외 기계공학 기술자 및 연구원,남성,8,70대이상,경상남도,대졸
3738,cb2ba09e5cc445988607c72f9d323695,남자,75,인천,초등학교,건물 경비원,남성,8,70대이상,인천광역시,초졸이하
3739,9fb531af8ec9403daf9befcdaa970b25,남자,79,광주,초등학교,무직,남성,8,70대이상,광주광역시,초졸이하
3740,a6465b6a50ec40feacc902a5a53546bc,남자,76,충청북,4년제 대학교,농약·비료 기술자 및 연구원,남성,8,70대이상,충청북,대졸
3741,ee073860e0284e3995d1a167c4cb51ba,남자,72,경상남,초등학교,주방 보조원,남성,8,70대이상,경상남도,초졸이하
3742,24d1dbd3d9ee46fda0070f2c368d9d38,남자,74,경기,고등학교,아파트 경비원,남성,8,70대이상,경기도,고졸
3743,a65bd6d826f24d268fa6e5401bbfcdb8,남자,86,전라남,무학,무직,남성,8,70대이상,전라남,무학
3744,bbe96a94a2644f0bab721ed9b6ab31c8,남자,72,부산,고등학교,무직,남성,8,70대이상,부산광역시,고졸
3745,3f1e3a6bd0e34da5bb292071e5818d8f,남자,74,경기,4년제 대학교,무직,남성,8,70대이상,경기도,대졸
3746,7a5be1b269da4096b7ba76fb119c8f71,남자,77,대구,초등학교,무직,남성,8,70대이상,대구광역시,초졸이하
3747,e87d95fb0bb74e4099733249770c0cb6,남자,78,부산,4년제 대학교,그 외 상점 판매원,남성,8,70대이상,부산광역시,대졸
3748,4dfbc33672ad4b3a883cb83703c3ff99,남자,73,경기,중학교,그 외 자동차 운전원,남성,8,70대이상,경기도,중졸
3749,9fc1ad1d436a4c7890bfba5110ca2f33,남자,72,경기,고등학교,방문 고객 상담원,남성,8,70대이상,경기도,고졸
3750,56c5e3ab9b3b44fc8f4c176266a330a1,남자,70,전북,초등학교,그 외 서비스 관련 단순 종사원,남성,8,70대이상,전북특별자치도,초졸이하
3751,f22d383eae4a42128c2cc2d7456787c2,남자,83,경기,고등학교,무직,남성,8,70대이상,경기도,고졸
3752,a358eedf1bd9480f82f04c81c94dcd86,남자,73,부산,고등학교,무직,남성,8,70대이상,부산광역시,고졸
3753,7647b0dbbdf544c496f28ebdb67be67a,남자,74,경기,고등학교,온라인 쇼핑 판매원,남성,8,70대이상,경기도,고졸
3754,4475a7a57b21411f9e9367ba487e53f9,남자,78,울산,고등학교,그 외 서비스 관련 단순 종사원,남성,8,70대이상,울산광역시,고졸
3755,bb89086b9f2c4be4afdb9568d0f704eb,남자,71,경상북,중학교,그 외 하역 및 적재 단순 종사원,남성,8,70대이상,경상북도,중졸
3756,3763e426b97a40fdab8b48cc2fff6e8e,남자,87,전라남,중학교,무직,남성,8,70대이상,전라남,중졸
3757,e370c88c7742409fa619e8e07ddfeee9,남자,71,부산,4년제 대학교,무직,남성,8,70대이상,부산광역시,대졸
3758,e9bd08d8e4914a1db43dfb0bce61c586,남자,72,대전,4년제 대학교,무직,남성,8,70대이상,대전광역시,대졸
3759,e45861f7050647d0bef0752ba8938243,남자,83,부산,4년제 대학교,무직,남성,8,70대이상,부산광역시,대졸
3760,a40edc5d65a04ae2a705a44765e7bacf,남자,87,대전,4년제 대학교,무직,남성,8,70대이상,대전광역시,대졸
3761,79e58ce0b22c49e28f62341caccc3a95,남자,73,경기,4년제 대학교,무직,남성,8,70대이상,경기도,대졸
3762,be646822c14842789ed825b006116a6a,남자,85,경기,중학교,무직,남성,8,70대이상,경기도,중졸
3763,fb4bc871f67f4e6ab347f1488ae34801,남자,80,경상남,고등학교,무직,남성,8,70대이상,경상남도,고졸
3764,5b5b282a987d4cc3a91bec31709336db,남자,80,서울,고등학교,시설 경비원,남성,8,70대이상,서울특별시,고졸
3765,b15792a8dff8436d88dabeb067c189d4,남자,78,경상북,중학교,무직,남성,8,70대이상,경상북도,중졸
3766,351391ed57134fd59e93b68799eca712,남자,75,경기,고등학교,무직,남성,8,70대이상,경기도,고졸
3767,6b95b206e0bf45cb83855e7c3f5653ef,남자,71,강원,대학원,무직,남성,8,70대이상,강원특별자치도,대학원졸
3768,c11860ddbde84f39b19074ec37133182,남자,72,서울,초등학교,하역 및 적재 관련 단순 종사원,남성,8,70대이상,서울특별시,초졸이하
3769,be72a7fb43674eae84a0508a6dd96e99,남자,82,경기,중학교,그 외 서비스 관련 단순 종사원,남성,8,70대이상,경기도,중졸
3770,e5192297918f45719e34226a9b4a4c59,남자,70,전라남,무학,건물 경비원,남성,8,70대이상,전라남,무학
3771,e1139937cc7b4ebebb2820f4d038b6a1,남자,84,전북,4년제 대학교,무직,남성,8,70대이상,전북특별자치도,대졸
3772,021b5a264025480dab5b52912c366107,남자,84,울산,초등학교,무직,남성,8,70대이상,울산광역시,초졸이하
3773,c55e0793d81749eab6a72615983b0aba,남자,83,강원,초등학교,무직,남성,8,70대이상,강원특별자치도,초졸이하
3774,93da6fbb903d41e6923661822f70c14d,남자,74,부산,중학교,건물 경비원,남성,8,70대이상,부산광역시,중졸
3775,a8a9f582c30944529d77669cb3ee037f,남자,74,경기,2~3년제 전문대학,전화 상담원,남성,8,70대이상,경기도,전문대졸
3776,01544edfd4014b8eacc5ad23fdde9218,남자,86,서울,초등학교,무직,남성,8,70대이상,서울특별시,초졸이하
3777,e3c314608c4a414aa8a38812d0855580,남자,70,경상남,고등학교,무직,남성,8,70대이상,경상남도,고졸
3778,a4e7af5a67814c53ba8da0de3136f303,남자,72,부산,초등학교,무직,남성,8,70대이상,부산광역시,초졸이하
3779,39813652763d443784f8a2bda4cc9e1f,남자,70,광주,초등학교,건물 경비원,남성,8,70대이상,광주광역시,초졸이하
3780,5447ddecea8c47ef9b57fcd38d90ba9a,남자,74,서울,고등학교,무직,남성,8,70대이상,서울특별시,고졸
3781,d26862d94d2f4afca465780daf1ec8f1,남자,88,경기,중학교,무직,남성,8,70대이상,경기도,중졸
3782,bd453ef2afe248fa8c9318a3a7dc3d4d,남자,73,경상북,고등학교,택시 운전원,남성,8,70대이상,경상북도,고졸
3783,fc91f7c0873e48ca9faa5ee6f3b31d1b,남자,72,부산,대학원,무직,남성,8,70대이상,부산광역시,대학원졸
3784,9262b23d15864c6197db71c895390ad7,남자,93,경상북,고등학교,무직,남성,8,70대이상,경상북도,고졸
3785,e33c821f01ca4689b189c48d284f938b,남자,71,경기,초등학교,무직,남성,8,70대이상,경기도,초졸이하
3786,19714275745047518f3b65817713f282,남자,81,서울,초등학교,무직,남성,8,70대이상,서울특별시,초졸이하
3787,c697330d707b4bb4a0eb8ff2ad9f5423,남자,78,광주,초등학교,무직,남성,8,70대이상,광주광역시,초졸이하
3788,410379780ebb41529b9c224251c2b76d,남자,84,강원,중학교,무직,남성,8,70대이상,강원특별자치도,중졸
3789,68735ee74d3048feb4d3d246d672e104,남자,73,서울,중학교,무직,남성,8,70대이상,서울특별시,중졸
3790,dc1e4e16a8e74de79e35b5b525829be1,남자,77,서울,중학교,무직,남성,8,70대이상,서울특별시,중졸
3791,5e404acdd1c74f049c93bb3af507b0cc,남자,70,경기,중학교,무직,남성,8,70대이상,경기도,중졸
3792,e7b92ace25094e909380570135e882c6,남자,78,서울,초등학교,건물 경비원,남성,8,70대이상,서울특별시,초졸이하
3793,8751c39cea5345cc9f01c8921202b7d4,남자,73,경기,4년제 대학교,화력발전장치 운전원,남성,8,70대이상,경기도,대졸
3794,117958ce35c549c19bc9970b7f36b3ae,남자,74,인천,중학교,건물 청소원,남성,8,70대이상,인천광역시,중졸
3795,25c1b7ea283f484a9d53c598ab5b29d0,남자,85,서울,고등학교,무직,남성,8,70대이상,서울특별시,고졸
3796,62bad62b40904b11ac4e7178b97594df,남자,74,전북,중학교,그 외 서비스 관련 단순 종사원,남성,8,70대이상,전북특별자치도,중졸
3797,d1f9967b933b4f71833ff147b1979385,남자,80,전라남,중학교,그 외 서비스 관련 단순 종사원,남성,8,70대이상,전라남,중졸
3798,2708509a78984d5d906275069d22e57e,남자,72,전라남,고등학교,무직,남성,8,70대이상,전라남,고졸
3799,5384655f1e6644a5a22b61e0da9c8055,남자,74,경기,중학교,무직,남성,8,70대이상,경기도,중졸
3800,e0f380b73a304f5d9bf87d9ab4e0cd4a,남자,74,경기,초등학교,하역 및 적재 관련 단순 종사원,남성,8,70대이상,경기도,초졸이하
3801,319faaf00e224f8995cc4fc7c8a77791,남자,70,경기,고등학교,시설 경비원,남성,8,70대이상,경기도,고졸
3802,00e806c9b351435d833c39c4227f5c63,남자,90,인천,초등학교,무직,남성,8,70대이상,인천광역시,초졸이하
3803,a0ad482c58dc4d388cf685f0082b95a1,남자,81,서울,초등학교,무직,남성,8,70대이상,서울특별시,초졸이하
3804,0fcaa012439849f291d4a1038bd4ad70,남자,76,부산,초등학교,무직,남성,8,70대이상,부산광역시,초졸이하
3805,96c9f206251b4a63babeeeb383d88d9d,남자,76,전라남,중학교,무직,남성,8,70대이상,전라남,중졸
3806,963af38acba241609f16cde113d01dc8,남자,92,충청북,고등학교,무직,남성,8,70대이상,충청북,고졸
3807,c51fe6c54e1a4e0da747b666318596aa,남자,85,서울,초등학교,무직,남성,8,70대이상,서울특별시,초졸이하
3808,39b725b05bf94767a5070738823820c1,남자,85,전북,무학,무직,남성,8,70대이상,전북특별자치도,무학
3809,74c9697ffbb44683990d26137ffcdebe,남자,74,서울,초등학교,무직,남성,8,70대이상,서울특별시,초졸이하
3810,1f16352aaca545fe8c53ac9f7191857c,남자,88,경기,무학,무직,남성,8,70대이상,경기도,무학
3811,0d2305715646481b9d722dd6f8aed0ef,남자,83,경기,초등학교,무직,남성,8,70대이상,경기도,초졸이하
3812,a0c34de2e094490195d7e6e708028ce1,남자,86,서울,초등학교,무직,남성,8,70대이상,서울특별시,초졸이하
3813,4a74c98d978e4918981cb3625dd83495,남자,70,서울,고등학교,연예인 매니저,남성,8,70대이상,서울특별시,고졸
3814,fc457a5d4d5645229847dd339ffdd9d0,남자,77,전라남,초등학교,무직,남성,8,70대이상,전라남,초졸이하
3815,268eccd2f5b843379995da45bcce6f7e,남자,84,경기,중학교,무직,남성,8,70대이상,경기도,중졸
3816,3b874e1d78eb43f995b2e83b63380d36,남자,77,부산,고등학교,무직,남성,8,70대이상,부산광역시,고졸
3817,d1afbcd494484840abcf0ac682aedec3,남자,72,경기,초등학교,무직,남성,8,70대이상,경기도,초졸이하
3818,39ff554542024dfb8aacf0f57970f756,남자,76,경기,고등학교,그 외 택배원,남성,8,70대이상,경기도,고졸
3819,1fca231ac9154c58b6b71a4104bdc8d2,남자,74,강원,중학교,음식료품 판매원,남성,8,70대이상,강원특별자치도,중졸
3820,55fb5007aa92489aae6a208413a1276c,남자,70,서울,대학원,무직,남성,8,70대이상,서울특별시,대학원졸
3821,d592ec544d27449494ea2a075d262803,남자,78,강원,고등학교,건물 경비원,남성,8,70대이상,강원특별자치도,고졸
3822,c77185ebd7014027baf8f38a2d9223ad,남자,77,경상북,초등학교,무직,남성,8,70대이상,경상북도,초졸이하
3823,c0c623582ff444e093a957cb9586f281,남자,79,강원,중학교,무직,남성,8,70대이상,강원특별자치도,중졸
3824,06163ec8b11e4960860dc3db8fae2e19,남자,83,부산,고등학교,무직,남성,8,70대이상,부산광역시,고졸
3825,dfef49d8cd7a411995e6203fd07a83b4,남자,84,충청북,초등학교,무직,남성,8,70대이상,충청북,초졸이하
3826,a8138200d3574af389492ac9d1abe7e7,남자,76,전라남,고등학교,무직,남성,8,70대이상,전라남,고졸
3827,5e840253a0154b23884fbf937f7620c4,남자,73,경기,고등학교,무직,남성,8,70대이상,경기도,고졸
3828,c0a5603a82b74e9f83bdd44abe893046,남자,70,서울,중학교,무직,남성,8,70대이상,서울특별시,중졸
3829,f66881ee5f4845e2ac7d9256644fc3f8,남자,76,충청남,초등학교,그 외 자동차 부품 조립원,남성,8,70대이상,충청남,초졸이하
3830,020c235f2249406ab7f4ef3721792c48,남자,72,충청남,중학교,그 외 서비스 관련 단순 종사원,남성,8,70대이상,충청남,중졸
3831,ecc9941b22c943bab723412ce335c2bd,남자,71,부산,고등학교,무직,남성,8,70대이상,부산광역시,고졸
3832,9da2eff9f4c048dfbd549dc55addc07b,남자,71,부산,중학교,하역 및 적재 관련 단순 종사원,남성,8,70대이상,부산광역시,중졸
3833,afad016c25ee415bb7097ae93f78db83,남자,83,부산,초등학교,무직,남성,8,70대이상,부산광역시,초졸이하
3834,40a517ea266a46569a89412c446968b1,남자,83,대구,초등학교,무직,남성,8,70대이상,대구광역시,초졸이하
3835,f64b7181b05941b291467ab486d58331,남자,76,인천,초등학교,그 외 서비스 관련 단순 종사원,남성,8,70대이상,인천광역시,초졸이하
3836,a2abfcb625fa4b769e0ee184b9458076,남자,71,전북,2~3년제 전문대학,특수 경비원,남성,8,70대이상,전북특별자치도,전문대졸
3837,2c9725ad96be427f89129c165f13e29c,남자,85,충청남,초등학교,무직,남성,8,70대이상,충청남,초졸이하
3838,2bb1527122f14882b9a9a03fea2f13e4,남자,71,경기,4년제 대학교,무직,남성,8,70대이상,경기도,대졸
3839,db32d96ae1b74a7d87b8c1412295e2dc,남자,70,서울,고등학교,바텐더,남성,8,70대이상,서울특별시,고졸
3840,ad52ed9bfbc8466fa4515fc965d34307,남자,79,인천,초등학교,그 외 서비스 관련 단순 종사원,남성,8,70대이상,인천광역시,초졸이하
3841,81baa885fb0149e081a861ed6a27a2cb,남자,73,경기,고등학교,무직,남성,8,70대이상,경기도,고졸
3842,b2df07c184be4797adfe38d68763a42e,남자,76,경상북,초등학교,무직,남성,8,70대이상,경상북도,초졸이하
3843,185a1fbfa996425eadce8aa40c59add8,남자,89,경기,초등학교,무직,남성,8,70대이상,경기도,초졸이하
3844,c9a8f0ab289c4cc5872a298c33f61910,남자,70,경상북,4년제 대학교,위험 관리원,남성,8,70대이상,경상북도,대졸
3845,679635bd9e484117926bfa9f760691a7,남자,78,서울,고등학교,건물 경비원,남성,8,70대이상,서울특별시,고졸
3846,130ec7bb7198455bb47d35df88762565,남자,78,부산,4년제 대학교,노점 및 이동 판매원,남성,8,70대이상,부산광역시,대졸
3847,e1b0e19d51e44801ab5f58a9f1689587,남자,77,부산,초등학교,하역 및 적재 관련 단순 종사원,남성,8,70대이상,부산광역시,초졸이하
3848,ab4d0794417043739ee5b484435e9f12,남자,71,경기,초등학교,지게차 운전원,남성,8,70대이상,경기도,초졸이하
3849,b8cea56db84644478a84a6a239f975c9,남자,73,울산,고등학교,그 외 운송장비 조립원,남성,8,70대이상,울산광역시,고졸
3850,71e75a67dc0f4caaa9d405aee84e8940,남자,75,대전,초등학교,무직,남성,8,70대이상,대전광역시,초졸이하
3851,14713fced3ca482482c36743cbb3991f,남자,76,전북,초등학교,용접기 조작원,남성,8,70대이상,전북특별자치도,초졸이하
3852,0f202d29fb3a46c194b4f0eb936e0398,남자,83,경상남,고등학교,그 외 자동차 운전원,남성,8,70대이상,경상남도,고졸
3853,0ee4387c8da44a49be25d8e3daae5b65,남자,83,경기,고등학교,무직,남성,8,70대이상,경기도,고졸
3854,efdc4869bd244dfa98dac769d5d16ae0,남자,72,충청북,초등학교,건물 경비원,남성,8,70대이상,충청북,초졸이하
3855,8127ae7f2dc24b35b7c7b2d79be52be5,남자,82,서울,중학교,무직,남성,8,70대이상,서울특별시,중졸
3856,d06c5135ba56479badd984511dc63e2a,남자,72,경기,중학교,무직,남성,8,70대이상,경기도,중졸
3857,f1728771f9be45d6aaccab6e2501e0f7,남자,84,충청북,무학,건물 경비원,남성,8,70대이상,충청북,무학
3858,90687d3b396c455b9c0914fa333100f3,남자,81,경상남,초등학교,무직,남성,8,70대이상,경상남도,초졸이하
3859,896f7e5c02e64aaa9c8d0fe8a217106f,남자,74,경상남,고등학교,그 외 금속가공 기계 조작원,남성,8,70대이상,경상남도,고졸
3860,e588d2b642c24466aaca780e8e9dccf9,남자,80,전라남,중학교,무직,남성,8,70대이상,전라남,중졸
3861,4575b07ac8954c5585eb50762aaeab89,남자,81,서울,초등학교,무직,남성,8,70대이상,서울특별시,초졸이하
3862,d4db730fbfb24d918d968312fa9e2d9b,남자,81,대구,대학원,무직,남성,8,70대이상,대구광역시,대학원졸
3863,af73ca974e8d4f0786f269fdcf954d83,남자,70,강원,4년제 대학교,무직,남성,8,70대이상,강원특별자치도,대졸
3864,876b6bafbc734e5095d762d7a99625cc,남자,73,부산,중학교,무직,남성,8,70대이상,부산광역시,중졸
3865,1dd9d608a19a4e9b9ddb6b3038559b22,남자,78,서울,고등학교,그 외 물품 이동 장비 조작원,남성,8,70대이상,서울특별시,고졸
3866,e2d0b7a4ca6b499fb1c0293a00ca6b19,남자,70,경기,초등학교,시설 경비원,남성,8,70대이상,경기도,초졸이하
3867,a945603b5dce4317847712f323583fea,남자,71,대전,중학교,무직,남성,8,70대이상,대전광역시,중졸
3868,a52085446aea4aa0ad026c3ca394d8d3,남자,71,충청남,중학교,하역 및 적재 관련 단순 종사원,남성,8,70대이상,충청남,중졸
3869,f3257bf125854481ab54a82c46a8fac0,남자,84,서울,중학교,무직,남성,8,70대이상,서울특별시,중졸
3870,f62c7afb107b4763bdb37d8a00fc7766,남자,82,대구,고등학교,무직,남성,8,70대이상,대구광역시,고졸
3871,ea546bd11d654892970cc55013b133f3,남자,71,서울,4년제 대학교,"전직 공공행정 전문가, 현재 구직중",남성,8,70대이상,서울특별시,대졸
3872,a8272a21662541d892b2e64025bbbd55,남자,74,부산,2~3년제 전문대학,자동차 섀시 정비원,남성,8,70대이상,부산광역시,전문대졸
3873,25e74646f2e7484ca896490862c9db9e,남자,71,부산,중학교,시설 경비원,남성,8,70대이상,부산광역시,중졸
3874,87fb9d77bc414516a492fcb0c6d88e11,남자,74,경기,고등학교,무직,남성,8,70대이상,경기도,고졸
3875,e901e4acf2c64d1896b75f06c0ad813f,남자,83,전라남,초등학교,무직,남성,8,70대이상,전라남,초졸이하
3876,ff3c5a450777421ea9422e44357db47c,남자,85,경상북,중학교,무직,남성,8,70대이상,경상북도,중졸
3877,76a71aec68014bb8809d14b17391a0e6,남자,73,서울,4년제 대학교,무직,남성,8,70대이상,서울특별시,대졸
3878,b78c0083705445f0898c22dd2e9de922,남자,89,부산,4년제 대학교,무직,남성,8,70대이상,부산광역시,대졸
3879,68d29dcf74054ad8ba54489228c8c8f7,남자,88,경기,초등학교,건물 경비원,남성,8,70대이상,경기도,초졸이하
3880,4a91f9f26af2439384cc76fcc21bc0b1,남자,76,경기,4년제 대학교,마케팅 관리자,남성,8,70대이상,경기도,대졸
3881,d8d36729108041b39b74c15a800242e8,남자,82,강원,초등학교,무직,남성,8,70대이상,강원특별자치도,초졸이하
3882,661017f974444965afe3d7afcb99fec1,남자,73,대전,초등학교,무직,남성,8,70대이상,대전광역시,초졸이하
3883,f295caf17d3c4886a28bc1791639aa56,남자,77,경기,중학교,그 외 상점 판매원,남성,8,70대이상,경기도,중졸
3884,a4aa5605d7444ef5bde5fea68be71a93,남자,73,서울,고등학교,건물 경비원,남성,8,70대이상,서울특별시,고졸
3885,0227e0ca7fd7460fbcb1788cfb8b61a0,남자,83,전라남,무학,무직,남성,8,70대이상,전라남,무학
3886,6ad348a07879430490434abdf8d4a0eb,남자,81,경기,중학교,무직,남성,8,70대이상,경기도,중졸
3887,db8be2c9f156467dbbf6c44770201223,남자,79,경상북,초등학교,무직,남성,8,70대이상,경상북도,초졸이하
3888,6dfe3485e10a48e4a41b99fe096f89d2,남자,87,충청북,무학,무직,남성,8,70대이상,충청북,무학
3889,ac649ae1056041faa88bb085da3a48f6,남자,76,인천,초등학교,무직,남성,8,70대이상,인천광역시,초졸이하
3890,a9eb9ea9ebc34cb4ad9ecd3115f4112d,남자,72,부산,초등학교,건물 청소원,남성,8,70대이상,부산광역시,초졸이하
3891,a1b7d8344193480a80fc834497d17744,남자,79,경기,고등학교,무직,남성,8,70대이상,경기도,고졸
3892,4143da322409453b92385e37028aec1c,남자,79,경기,중학교,무직,남성,8,70대이상,경기도,중졸
3893,e84ff78d2eea40519e550fa79fff0354,남자,70,경상북,4년제 대학교,무직,남성,8,70대이상,경상북도,대졸
3894,bc43a69902ef42348bdf7c0e284526b4,남자,89,서울,4년제 대학교,무직,남성,8,70대이상,서울특별시,대졸
3895,e0da48007d9244c4974df279ae50512f,남자,89,경기,고등학교,보도블록 설치원,남성,8,70대이상,경기도,고졸
3896,c3be7fe159f64ecdbf90f0f53ac4d184,남자,76,서울,초등학교,구두 미화원,남성,8,70대이상,서울특별시,초졸이하
3897,00a40480d9e24b91a7bba1369c07fe4a,남자,77,서울,4년제 대학교,경리 사무원,남성,8,70대이상,서울특별시,대졸
3898,83d64d217cd74930a165bb4b9bc86994,남자,71,부산,고등학교,무직,남성,8,70대이상,부산광역시,고졸
3899,728a0df1933b428f84ebaed23d999cce,남자,74,경기,4년제 대학교,무직,남성,8,70대이상,경기도,대졸
3900,5493b9cf529c4872991cfdce6e0a32c6,남자,91,부산,초등학교,무직,남성,8,70대이상,부산광역시,초졸이하
3901,5881e1de430941a2abb0553b6b902200,남자,82,강원,중학교,무직,남성,8,70대이상,강원특별자치도,중졸
3902,0fdc51a25b0e48188e9836d72ec760a1,남자,74,경기,고등학교,시설 경비원,남성,8,70대이상,경기도,고졸
3903,fcee0ec3aec24bf790a855d49113720e,남자,84,전북,초등학교,하역 및 적재 관련 단순 종사원,남성,8,70대이상,전북특별자치도,초졸이하
3904,a74d325f1dea4ec3a4a65a9914513701,남자,94,경기,4년제 대학교,무직,남성,8,70대이상,경기도,대졸
3905,5057cde5a9e04ce9b74d5c2afb920b90,남자,83,부산,4년제 대학교,냉난방·공조공학 기술자 및 연구원,남성,8,70대이상,부산광역시,대졸
3906,73bdb1404fc7456a8fd214c7308207c8,남자,83,부산,초등학교,건물 경비원,남성,8,70대이상,부산광역시,초졸이하
3907,e786f37094314fbca4d4c77e7a4b81a5,남자,88,경기,고등학교,무직,남성,8,70대이상,경기도,고졸
3908,d2e88d8e074b4c25aab22115ae5c8ab5,남자,88,대전,중학교,시설 경비원,남성,8,70대이상,대전광역시,중졸
3909,0c40f3d4fc6b49dc8a61e4c162f6aac8,남자,87,충청남,무학,무직,남성,8,70대이상,충청남,무학
3910,d95237eea19146558c9615979dc71c89,남자,76,대전,초등학교,하역 및 적재 관련 단순 종사원,남성,8,70대이상,대전광역시,초졸이하
3911,17b17ecdee744fe9b237d73666bd6408,남자,83,경기,4년제 대학교,무직,남성,8,70대이상,경기도,대졸
3912,521c47e76598418382776b00fa4d63f7,남자,74,충청북,4년제 대학교,무직,남성,8,70대이상,충청북,대졸
3913,0061179286da40ae914272215d366fcf,남자,82,충청북,무학,무직,남성,8,70대이상,충청북,무학
3914,166c28824c0943ea8b3e34e8c9b5e12c,남자,73,전라남,초등학교,무직,남성,8,70대이상,전라남,초졸이하
3915,a7f610001e544e0bae60f58ce296c2f2,남자,71,경상북,고등학교,무직,남성,8,70대이상,경상북도,고졸
3916,49c00dfa360e46d1bbc80edef065547e,남자,75,서울,고등학교,건물 경비원,남성,8,70대이상,서울특별시,고졸
3917,17ba5ab8511043388e203c73eb1f1603,남자,78,경기,초등학교,건물 경비원,남성,8,70대이상,경기도,초졸이하
3918,55cc5026a24f46debbd9c6dd56ad0877,남자,77,울산,초등학교,건물 청소원,남성,8,70대이상,울산광역시,초졸이하
3919,1008c4e2f0e845d0991920d43596dc3b,남자,71,경기,초등학교,무직,남성,8,70대이상,경기도,초졸이하
3920,c32d365ebd2744fcaa2e45a04f97c05e,남자,88,서울,무학,무직,남성,8,70대이상,서울특별시,무학
3921,6a4ce582dd174ffd854fa9c5a5ff4d66,남자,73,경상북,고등학교,상담 전문가,남성,8,70대이상,경상북도,고졸
3922,da645d02f3404ff5a597b0af5d79c5b4,남자,80,경기,고등학교,무직,남성,8,70대이상,경기도,고졸
3923,2888e92d4740473eb3abe67fd096fd73,남자,75,전북,중학교,무직,남성,8,70대이상,전북특별자치도,중졸
3924,e50e70598d23419391fbc86978d6b833,남자,90,서울,중학교,무직,남성,8,70대이상,서울특별시,중졸
3925,3ceda70b76ec40bbaaea218bc31dc72c,남자,84,인천,고등학교,기업 대표이사,남성,8,70대이상,인천광역시,고졸
3926,0d4ea43fc9bf4952b390f0b6cd481a9d,남자,76,전라남,초등학교,무직,남성,8,70대이상,전라남,초졸이하
3927,ddcb23abf7d643c08f6a8c857253c2c0,남자,76,서울,4년제 대학교,부동산 감정 전문가,남성,8,70대이상,서울특별시,대졸
3928,dc39538fa74c41df91538d730cbbe228,남자,83,인천,4년제 대학교,무직,남성,8,70대이상,인천광역시,대졸
3929,baa880f48dd34f53a6fd8f1a256297a3,남자,71,전라남,고등학교,무직,남성,8,70대이상,전라남,고졸
3930,9d1a4a3467e446af8bdfa4b7f4c2b1c2,남자,85,전북,초등학교,무직,남성,8,70대이상,전북특별자치도,초졸이하
3931,5dbff1e96feb4b038a36d78164cca370,남자,71,인천,중학교,주방 보조원,남성,8,70대이상,인천광역시,중졸
3932,51fb8c43bff4405081ef6137aee17e25,남자,81,제주,초등학교,무직,남성,8,70대이상,제주특별자치도,초졸이하
3933,75a39b4a618545c68a07d418e4a4f95a,남자,80,서울,고등학교,무직,남성,8,70대이상,서울특별시,고졸
3934,3e440caebea543a9868f94534ab2fdb8,남자,73,서울,고등학교,전화 상담원,남성,8,70대이상,서울특별시,고졸
3935,aed25d5eede040be9b62e37ce9199cc6,남자,84,경기,무학,무직,남성,8,70대이상,경기도,무학
3936,314152ca5ffd4e288b3f47b44f484968,남자,84,충청북,4년제 대학교,무직,남성,8,70대이상,충청북,대졸
3937,9f5a684253ac4483b51939043bca60f3,남자,70,대구,2~3년제 전문대학,무직,남성,8,70대이상,대구광역시,전문대졸
3938,9be8174f7b4c4dc4b2a200f56079b01b,남자,88,충청북,무학,무직,남성,8,70대이상,충청북,무학
3939,152e7932106c4948b24eac6870d05224,남자,80,경기,초등학교,무직,남성,8,70대이상,경기도,초졸이하
3940,f1ee26fdb5c84455ad7da92d57447784,남자,79,충청북,4년제 대학교,무직,남성,8,70대이상,충청북,대졸
3941,96d2ecc5fc03445e889b88ba26a68928,남자,73,서울,고등학교,무직,남성,8,70대이상,서울특별시,고졸
3942,9ab1ba631d8f45b58debdcf8f7a5d9a6,남자,73,인천,4년제 대학교,무직,남성,8,70대이상,인천광역시,대졸
3943,1aaf5d477c42445c9e8d729485e5ecd4,남자,74,인천,고등학교,무직,남성,8,70대이상,인천광역시,고졸
3944,5ee4209b5ecd4e8bbf1e3b76863838e3,남자,73,대전,초등학교,그 외 청소원,남성,8,70대이상,대전광역시,초졸이하
3945,25c4c32c8d3f4689accc9f5801887394,남자,78,경기,초등학교,그 외 서비스 관련 단순 종사원,남성,8,70대이상,경기도,초졸이하
3946,32a4109e79304774aadde54897a1cd31,남자,88,인천,초등학교,무직,남성,8,70대이상,인천광역시,초졸이하
3947,7978319bdb47470497b1bc924774cf64,남자,75,광주,4년제 대학교,무직,남성,8,70대이상,광주광역시,대졸
3948,dfa1ca91852f458da1df36cddbb4f27a,남자,76,서울,무학,무직,남성,8,70대이상,서울특별시,무학
3949,56143bc5f0204ef8acf809ac6200699e,남자,78,서울,고등학교,무직,남성,8,70대이상,서울특별시,고졸
3950,247b5df50c8141dcbdb5fba34dcfad75,남자,81,부산,중학교,무직,남성,8,70대이상,부산광역시,중졸
3951,2fbf438685c743e3a765dae9f727a81c,남자,75,경기,고등학교,시설 경비원,남성,8,70대이상,경기도,고졸
3952,6c4917c9ff894ce7a932bdb4d17b3ff1,남자,80,광주,중학교,무직,남성,8,70대이상,광주광역시,중졸
3953,5d4c5683934a4071b0ab359fd7a9a7d8,남자,74,전북,중학교,무직,남성,8,70대이상,전북특별자치도,중졸
3954,f85f71eca3f343629a8f1a9a176988aa,남자,71,경상북,중학교,건물 청소원,남성,8,70대이상,경상북도,중졸
3955,3a88f434306c4d0cb638eb7feca8f85b,남자,83,경기,4년제 대학교,무직,남성,8,70대이상,경기도,대졸
3956,1bafded087b54e1c96478e0253f3e800,남자,74,강원,중학교,그 외 환경미화원 및 재활용품 수거원,남성,8,70대이상,강원특별자치도,중졸
3957,7e127ec80b844eca8eec0f12a3bdcd2b,남자,70,서울,4년제 대학교,무직,남성,8,70대이상,서울특별시,대졸
3958,799a4e2a688b4064a565edafe51755d8,남자,78,서울,4년제 대학교,무직,남성,8,70대이상,서울특별시,대졸
3959,9fdbe4f469c345e88281bde5a740ea49,남자,74,광주,고등학교,무직,남성,8,70대이상,광주광역시,고졸
3960,cfa1963b83fb45b3b58296fbac7ebb38,남자,80,부산,4년제 대학교,무직,남성,8,70대이상,부산광역시,대졸
3961,9ef66655914744d0866ee173bdb1aa24,남자,84,제주,무학,무직,남성,8,70대이상,제주특별자치도,무학
3962,1a522d5271444466a7abdaed3cabe8f4,남자,72,인천,고등학교,용접기 조작원,남성,8,70대이상,인천광역시,고졸
3963,31f1b10dc917460fa94ac423bff452a3,남자,73,서울,2~3년제 전문대학,무직,남성,8,70대이상,서울특별시,전문대졸
3964,c45d32ba1e7c424b870d3c74f77cd243,남자,71,대구,4년제 대학교,무직,남성,8,70대이상,대구광역시,대졸
3965,adf04f4c5aba432fa75c7fb23e6fee75,남자,74,울산,중학교,시설 경비원,남성,8,70대이상,울산광역시,중졸
3966,7d3441573c2c4d90b29cbb40ecc24417,남자,73,대전,대학원,무직,남성,8,70대이상,대전광역시,대학원졸
3967,b2702ba8163a433d9b08fc062a0a011f,남자,73,광주,초등학교,무직,남성,8,70대이상,광주광역시,초졸이하
3968,3a4478bc700b435bad6cc960ca823d71,남자,78,울산,중학교,무직,남성,8,70대이상,울산광역시,중졸
3969,35a0a215f8f9450f8d5c82033e2add94,남자,70,서울,고등학교,무직,남성,8,70대이상,서울특별시,고졸
3970,f3cd08956add48138c16c02f4cbe5d9a,남자,71,서울,고등학교,무직,남성,8,70대이상,서울특별시,고졸
3971,db95123b99a34496a67c154a19e7bfa6,남자,73,강원,중학교,무직,남성,8,70대이상,강원특별자치도,중졸
3972,4587e264ce5c40059f51ded985cb34a4,남자,87,부산,초등학교,무직,남성,8,70대이상,부산광역시,초졸이하
3973,34858167099c487f9d398b4dfef21ac6,남자,72,서울,고등학교,무직,남성,8,70대이상,서울특별시,고졸
3974,0df77c6c003d423fa123681960c26d4c,남자,84,서울,무학,그 외 택배원,남성,8,70대이상,서울특별시,무학
3975,0973f8d82d134461b8703442311f5070,남자,85,서울,중학교,노점 및 이동 판매원,남성,8,70대이상,서울특별시,중졸
3976,a17f7f9e9ce54eee8e536ed771f606b5,남자,71,대전,4년제 대학교,안과 및 이비인후과 전문 의사,남성,8,70대이상,대전광역시,대졸
3977,1ea8a7b4141644018fdf4b0a5257ef79,남자,82,부산,고등학교,무직,남성,8,70대이상,부산광역시,고졸
3978,abef18cabbcb4f8698cf845dd91bfccb,남자,73,충청북,고등학교,건물 경비원,남성,8,70대이상,충청북,고졸
3979,51061065a4ee4a07917db0c5cf2a28a2,남자,82,서울,초등학교,무직,남성,8,70대이상,서울특별시,초졸이하
3980,23def5dabb9143d3b4a5fe4e79bbdb20,남자,72,경상남,초등학교,무직,남성,8,70대이상,경상남도,초졸이하
3981,5d5f99ab4ca34cf297bf1496ad6039a2,남자,70,충청남,중학교,그 외 판매 관련 단순 종사원,남성,8,70대이상,충청남,중졸
3982,ce1bb83781e546da8f936b8a65affdd4,여자,19,울산,중학교,무직,여성,2,10대,울산광역시,중졸
3983,f00aff8a35e1432b91ce2a9431c7c77f,여자,19,경기,고등학교,무직,여성,2,10대,경기도,고졸
3984,5d68eb6508464f08a9699dfde60dad22,여자,19,경기,고등학교,무직,여성,2,10대,경기도,고졸
3985,d5e3df6b09d9412095dfec6179af9a50,여자,19,인천,고등학교,무직,여성,2,10대,인천광역시,고졸
3986,c1fe2f5882d34a179f93386270492fcb,여자,19,경기,고등학교,무직,여성,2,10대,경기도,고졸
3987,15c7a8a3131549e0800c18582e65aa16,여자,19,강원,고등학교,무직,여성,2,10대,강원특별자치도,고졸
3988,53dd6af17f4549399c7c8c07a02eb8b4,여자,19,경기,무학,무직,여성,2,10대,경기도,무학
3989,3ff86431cf2b479db1782f34f53da21e,여자,19,전북,고등학교,무직,여성,2,10대,전북특별자치도,고졸
3990,f9a3e9ca525f497a988d74658fb13f5f,여자,19,서울,고등학교,무직,여성,2,10대,서울특별시,고졸
3991,2fa02bc3669c496395a10b88e76f9084,여자,19,서울,고등학교,건물 청소원,여성,2,10대,서울특별시,고졸
3992,94774cc6d4534ea4bafe1e6217ee8b15,여자,19,경기,중학교,무직,여성,2,10대,경기도,중졸
3993,3a708a8fe2c246c6b051c08597dbb8c3,여자,19,경기,고등학교,무직,여성,2,10대,경기도,고졸
3994,e8374b06cb834d02ba4101b048d8ab53,여자,19,서울,고등학교,무직,여성,2,10대,서울특별시,고졸
3995,d0b1ac4b88b147aebe246d27dd452fc4,여자,19,전북,고등학교,무직,여성,2,10대,전북특별자치도,고졸
3996,4edf56a334104c10972d7a3fc304cbf2,여자,19,인천,고등학교,무직,여성,2,10대,인천광역시,고졸
3997,d83abe28ba0d468eb176da2a83e66aba,여자,19,제주,고등학교,무직,여성,2,10대,제주특별자치도,고졸
3998,5df9aa1a63b741908c5e59c5433fbcdd,여자,19,부산,고등학교,무직,여성,2,10대,부산광역시,고졸
3999,bb2381d8fe154b618cef75fe72d7a44d,여자,19,경기,중학교,무직,여성,2,10대,경기도,중졸
4000,04ff2520de0f4068aca871b5885729e8,여자,19,광주,고등학교,무직,여성,2,10대,광주광역시,고졸
4001,f3b1d3602b3a4955bb63cb1cd651342e,여자,19,전라남,고등학교,무직,여성,2,10대,전라남,고졸
4002,90fdc11f76d5443ba1edd763b7bfd2b2,여자,19,울산,중학교,무직,여성,2,10대,울산광역시,중졸
4003,e9979e68cf704558a2af1370a7ed6e1c,여자,19,서울,고등학교,무직,여성,2,10대,서울특별시,고졸
4004,7922e23fa25c48debbd8498a478bd7e5,여자,19,서울,고등학교,무직,여성,2,10대,서울특별시,고졸
4005,fa57bdb488f946e6b1864a38d9b67848,여자,19,전북,고등학교,무직,여성,2,10대,전북특별자치도,고졸
4006,542b8acd982b41b1a734eb40a71a852d,여자,19,인천,고등학교,무직,여성,2,10대,인천광역시,고졸
4007,fa49694807f2440082c275ed31d47dd2,여자,19,인천,고등학교,무직,여성,2,10대,인천광역시,고졸
4008,7e3b7e1d306048a8a1dddf6d5319e078,여자,19,경기,중학교,한식 조리사,여성,2,10대,경기도,중졸
4009,e648c82cc781437d934373711cf136a8,여자,19,경기,고등학교,무직,여성,2,10대,경기도,고졸
4010,6263c0e3cd914e38b5b65ec1d6b7b4f6,여자,19,경상북,고등학교,무직,여성,2,10대,경상북도,고졸
4011,ff8965c9fb94481cb0271363ca6f2814,여자,19,경기,고등학교,무직,여성,2,10대,경기도,고졸
4012,188451c035ac4ee0bbfa0b7a664ea48d,여자,19,경기,고등학교,무직,여성,2,10대,경기도,고졸
4013,4fc40ccba7c74265b973c2fde6457a5a,여자,19,경상북,고등학교,무직,여성,2,10대,경상북도,고졸
4014,c17f0ff4d66344539bc7a262a2beeba9,여자,19,인천,고등학교,무직,여성,2,10대,인천광역시,고졸
4015,d387439ba2ad4c38ac9d84fc38a507c0,여자,19,전라남,고등학교,무직,여성,2,10대,전라남,고졸
4016,0c0ffd11046648de845c4100f0deab71,여자,19,광주,고등학교,무직,여성,2,10대,광주광역시,고졸
4017,924b86c9909f482da05903fdfa80932c,여자,19,충청북,중학교,무직,여성,2,10대,충청북,중졸
4018,6f8b30fa69474f05bce90e94dbe7dac4,여자,19,전라남,고등학교,무직,여성,2,10대,전라남,고졸
4019,04895c8dc18e4ee693d801c90a16640d,여자,19,전라남,중학교,무직,여성,2,10대,전라남,중졸
4020,8ac4b950b1454118aa544746337ed187,여자,19,경기,중학교,무직,여성,2,10대,경기도,중졸
4021,1adbc9db094a4d44b330d04fb4cd33b6,여자,19,경상북,고등학교,무직,여성,2,10대,경상북도,고졸
4022,71473fa3763240acb2e70fd24619dfb1,여자,19,대구,고등학교,무직,여성,2,10대,대구광역시,고졸
4023,6eada50c7adf4f42a1355a5245a99ece,여자,19,인천,고등학교,무직,여성,2,10대,인천광역시,고졸
4024,5919ed91443742b69b4c189f426e3974,여자,19,서울,고등학교,무직,여성,2,10대,서울특별시,고졸
4025,5597a518ae4f4bba96cfbcfa7bb63ee1,여자,19,인천,고등학교,무직,여성,2,10대,인천광역시,고졸
4026,46be1dddbed94692abefb6b84d46d0ea,여자,19,광주,고등학교,무직,여성,2,10대,광주광역시,고졸
4027,8370bd2400e146abb23d0f3e4e1ddca5,여자,19,경상남,고등학교,무직,여성,2,10대,경상남도,고졸
4028,0be3a68bb3e94439b879cc648a7a474a,여자,19,전라남,고등학교,무직,여성,2,10대,전라남,고졸
4029,8b5d1aea2f354e7fbe662c2a584ccf59,여자,19,경상북,고등학교,무직,여성,2,10대,경상북도,고졸
4030,0947864debcf4159b843dac22920f940,여자,19,경기,고등학교,무직,여성,2,10대,경기도,고졸
4031,71b033530bfe4226bd0c8112538f4328,여자,19,서울,고등학교,무직,여성,2,10대,서울특별시,고졸
4032,9d224818714846619151d8ca6c12e8c0,여자,19,대전,고등학교,무직,여성,2,10대,대전광역시,고졸
4033,06dc19e85d9544e38f0aaceff512b385,여자,19,경기,중학교,무직,여성,2,10대,경기도,중졸
4034,5ac6f7de41f1472380cce6d6225958b2,여자,19,경기,고등학교,무직,여성,2,10대,경기도,고졸
4035,bdbb255d05844ffa9a617fd00fac0a9c,여자,19,서울,고등학교,무직,여성,2,10대,서울특별시,고졸
4036,248ed720f32447968b250cd258245169,여자,19,서울,고등학교,무직,여성,2,10대,서울특별시,고졸
4037,cf837746509642be810d86e82df950ec,여자,19,서울,고등학교,무직,여성,2,10대,서울특별시,고졸
4038,9e84201c50a24093afece4fb4ada1e5f,여자,19,서울,고등학교,무직,여성,2,10대,서울특별시,고졸
4039,8e21a98d013a4a4b8bb8b00640e0d26e,여자,19,대구,고등학교,무직,여성,2,10대,대구광역시,고졸
4040,5f7dd01a90ca45599898de3364c683c8,여자,19,경기,고등학교,무직,여성,2,10대,경기도,고졸
4041,75a896a345874b03a98f68f69f475fbb,여자,19,경기,고등학교,무직,여성,2,10대,경기도,고졸
4042,c03bb69d333849e0a0cfa6e72490a505,여자,19,광주,중학교,무직,여성,2,10대,광주광역시,중졸
4043,816985148599492d9cd2cd54d7428936,여자,19,서울,고등학교,무직,여성,2,10대,서울특별시,고졸
4044,412742d482754ab3a9e90724175956f4,여자,19,인천,고등학교,무직,여성,2,10대,인천광역시,고졸
4045,2a0cbb4f0e8844248dcdbc0eee1b27f4,여자,19,경기,고등학교,무직,여성,2,10대,경기도,고졸
4046,13b78b03e11043d6b74f55180b2cfec2,여자,19,인천,고등학교,무직,여성,2,10대,인천광역시,고졸
4047,97de0ca89eb64c0292d267abe6a25644,여자,19,울산,중학교,무직,여성,2,10대,울산광역시,중졸
4048,bac8d414b1fc43ea9408e124883389fe,여자,19,인천,고등학교,무직,여성,2,10대,인천광역시,고졸
4049,149e223e31324c65ad53346459bc463e,여자,19,대전,중학교,무직,여성,2,10대,대전광역시,중졸
4050,c7087f01e10a4de9b4f95a1ca291faa2,여자,19,경기,고등학교,무직,여성,2,10대,경기도,고졸
4051,556adda488ca4b7f865545a7777e1791,여자,19,대구,중학교,무직,여성,2,10대,대구광역시,중졸
4052,4132a36d7c8d4f9c9d165201cb10a1e3,여자,19,서울,고등학교,무직,여성,2,10대,서울특별시,고졸
4053,e5f469bfb9774bc4832018659fb87f0e,여자,19,경기,고등학교,무직,여성,2,10대,경기도,고졸
4054,0d5a4b8f1b554a2799f32605f8608e30,여자,19,대구,고등학교,무직,여성,2,10대,대구광역시,고졸
4055,809c51d0def846bbb329126fd3e8bd49,여자,19,경기,고등학교,무직,여성,2,10대,경기도,고졸
4056,b1af03075dcc4d7e8eafcff66768bf89,여자,19,경상남,고등학교,무직,여성,2,10대,경상남도,고졸
4057,4fa296835f6e411d90503680105af978,여자,19,서울,고등학교,무직,여성,2,10대,서울특별시,고졸
4058,7e7a3f56601248d284440d52ecc04efd,여자,19,경기,중학교,무직,여성,2,10대,경기도,중졸
4059,10c7949e4f804678bd6eda00cb9d617f,여자,19,경기,고등학교,무직,여성,2,10대,경기도,고졸
4060,5500c80877f041b5985164b0b4a6dbcb,여자,19,경상남,고등학교,무직,여성,2,10대,경상남도,고졸
4061,fd917dba65e147ecb5dfe70c3066c335,여자,19,서울,중학교,무직,여성,2,10대,서울특별시,중졸
4062,ad71bb2470d94bdbb9b29ba50e9df8db,여자,19,전북,고등학교,무직,여성,2,10대,전북특별자치도,고졸
4063,6ad91fbf918748628aa73050c8902bbc,여자,19,서울,중학교,무직,여성,2,10대,서울특별시,중졸
4064,c19516ab35c840ef93afc4aa74c7b653,여자,19,경기,고등학교,무직,여성,2,10대,경기도,고졸
4065,052fc3bd096e451091ee0718af9f8594,여자,19,인천,중학교,무직,여성,2,10대,인천광역시,중졸
4066,7ee2afddcff94a5cbb2702dbe1200673,여자,19,대전,고등학교,무직,여성,2,10대,대전광역시,고졸
4067,ea0b6d84ea5044b5b6025a247e678123,여자,19,서울,고등학교,무직,여성,2,10대,서울특별시,고졸
4068,7b588c1fb915424fa5670a70b8ba82eb,여자,19,인천,고등학교,무직,여성,2,10대,인천광역시,고졸
4069,466a821bbf594b9a9563a8ae6b4e5837,여자,19,경기,고등학교,무직,여성,2,10대,경기도,고졸
4070,dfc1429149004bf6a2103c7ebf01c234,여자,19,충청남,고등학교,무직,여성,2,10대,충청남,고졸
4071,152c6891232b4c5eafe2d795e5fa04ea,여자,19,경상북,중학교,무직,여성,2,10대,경상북도,중졸
4072,4ffc15e4350640249ff6c40bb31a89db,여자,19,서울,고등학교,무직,여성,2,10대,서울특별시,고졸
4073,8c913c29d67b4d8d8104ce5ea7c1d8f5,여자,19,인천,고등학교,무직,여성,2,10대,인천광역시,고졸
4074,3fc470230682480bbcb4d1f77a2c46e1,여자,19,대구,고등학교,무직,여성,2,10대,대구광역시,고졸
4075,066eae8b9bd5420fa43954408ec78b17,여자,19,서울,고등학교,무직,여성,2,10대,서울특별시,고졸
4076,e5881dd87996449f8fb8b2256c1986da,여자,19,서울,고등학교,무직,여성,2,10대,서울특별시,고졸
4077,b64e83d9fa3247edb5627a7012c4e9cd,여자,19,충청남,고등학교,무직,여성,2,10대,충청남,고졸
4078,4af1c1f36ce1492c9345956d9f7e544c,여자,19,서울,고등학교,무직,여성,2,10대,서울특별시,고졸
4079,146dde2b0e47438187776903cd640bd0,여자,19,경기,고등학교,무직,여성,2,10대,경기도,고졸
4080,c200d3071d40449e88bd9d43cbd6587a,여자,19,경상북,고등학교,무직,여성,2,10대,경상북도,고졸
4081,04895c8dc18e4ee693d801c90a16640d,여자,19,전라남,중학교,무직,여성,2,10대,전라남,중졸
4082,6470dc04b4c14ff8be059fb7f357b27f,여자,19,경기,고등학교,무직,여성,2,10대,경기도,고졸
4083,e89f7207ab41494d9249e7a1b455e71b,여자,19,전북,고등학교,무직,여성,2,10대,전북특별자치도,고졸
4084,91019daf49004c46b52834ef1b619733,여자,19,경기,고등학교,무직,여성,2,10대,경기도,고졸
4085,e8e9edd69e82438db8247db4f916292f,여자,19,광주,고등학교,무직,여성,2,10대,광주광역시,고졸
4086,f9efe45dddd04ba7af5976fcd1fa7664,여자,19,충청북,무학,무직,여성,2,10대,충청북,무학
4087,8606cee05bcd4c6ebab8fc4a0a48d46f,여자,19,경상남,고등학교,무직,여성,2,10대,경상남도,고졸
4088,30173b117ff34591a8e171df409f4fc7,여자,19,경기,고등학교,무직,여성,2,10대,경기도,고졸
4089,7091a32e70e3442995781ff26bbbff8d,여자,19,광주,고등학교,무직,여성,2,10대,광주광역시,고졸
4090,1b5913ea15b745c2a279770a58e32d9d,여자,19,경기,고등학교,경리 사무원,여성,2,10대,경기도,고졸
4091,4710067c78ce4af68a98e2cd2d2f7dfc,여자,19,서울,중학교,무직,여성,2,10대,서울특별시,중졸
4092,0122ab655c964d3da594aeb49934a268,여자,19,광주,고등학교,무직,여성,2,10대,광주광역시,고졸
4093,e42dfe8ded9e4500b11c056130688e4e,여자,19,경기,고등학교,무직,여성,2,10대,경기도,고졸
4094,12b4732b3b39476cb30adcf6cbe24647,여자,19,경기,고등학교,무직,여성,2,10대,경기도,고졸
4095,779f5b03a685425d978531e5408ed7a0,여자,19,전북,고등학교,무직,여성,2,10대,전북특별자치도,고졸
4096,7d4f3c3a0ed44a039267534a503744b7,여자,19,서울,고등학교,무직,여성,2,10대,서울특별시,고졸
4097,e2057e185ff34304be7485969bcce5de,여자,19,서울,고등학교,경영 컨설턴트,여성,2,10대,서울특별시,고졸
4098,b3e348be28264ac39fd14c343549de54,여자,19,부산,고등학교,무직,여성,2,10대,부산광역시,고졸
4099,d3a807753bd549ff88748de073874009,여자,19,서울,고등학교,무직,여성,2,10대,서울특별시,고졸
4100,f9f432abec364203a5792f74e00c1183,여자,19,충청북,고등학교,무직,여성,2,10대,충청북,고졸
4101,bb23fb5abcf14916a437837ffea26aa1,여자,19,경기,고등학교,무직,여성,2,10대,경기도,고졸
4102,9e637d6efa8d4e6996b381eb747dcc85,여자,19,경상북,고등학교,무직,여성,2,10대,경상북도,고졸
4103,90fdc11f76d5443ba1edd763b7bfd2b2,여자,19,울산,중학교,무직,여성,2,10대,울산광역시,중졸
4104,8a8aa7d4a360413698bc496deec27032,여자,19,광주,중학교,무직,여성,2,10대,광주광역시,중졸
4105,fb44c4cf8f89430c9d75644ab1ab4e0d,여자,19,서울,고등학교,무직,여성,2,10대,서울특별시,고졸
4106,d1279c073b62416994aadbe49be85547,여자,19,경기,고등학교,무직,여성,2,10대,경기도,고졸
4107,95cc421890be420abb00486cfa97f93d,여자,19,전북,고등학교,무직,여성,2,10대,전북특별자치도,고졸
4108,ef1164afec2c4d429a97b81b849ed022,여자,19,부산,고등학교,무직,여성,2,10대,부산광역시,고졸
4109,2ba0ce151fcf4aca88bc22ac2ade7f64,여자,19,인천,고등학교,무직,여성,2,10대,인천광역시,고졸
4110,877879cafd524d07aae2abd54fe425ff,여자,19,전북,중학교,무직,여성,2,10대,전북특별자치도,중졸
4111,b4d11aa61a65463f94e40ce1e4370fb3,여자,19,서울,고등학교,무직,여성,2,10대,서울특별시,고졸
4112,a41157a29be7474ea7b8c0bfa0e5b17d,여자,19,경상북,고등학교,무직,여성,2,10대,경상북도,고졸
4113,3231a1c0efce4d5d933cdee529835f3b,여자,19,광주,고등학교,무직,여성,2,10대,광주광역시,고졸
4114,c27b9dcdb78f4006bd965aea7cf4ed83,여자,19,인천,고등학교,무직,여성,2,10대,인천광역시,고졸
4115,237a077aa92d4a6fa4a488635b9c856d,여자,19,경상남,중학교,무직,여성,2,10대,경상남도,중졸
4116,941feca1265f47aebc54cd9f34dd34f4,여자,19,강원,고등학교,무직,여성,2,10대,강원특별자치도,고졸
4117,f27be23cd1a74a888726e3c7d9d55f73,여자,19,경기,고등학교,무직,여성,2,10대,경기도,고졸
4118,771ec5a3bc0642c88ac2f0639a9aafbd,여자,19,제주,고등학교,무직,여성,2,10대,제주특별자치도,고졸
4119,59fd320332f04394b714f023bf1eb20f,여자,19,대전,고등학교,무직,여성,2,10대,대전광역시,고졸
4120,4413b70ee19d4bdb9dafba0f49dd16bb,여자,19,경상북,고등학교,무직,여성,2,10대,경상북도,고졸
4121,efbd7017ab0a480a8a90edf351181d20,여자,19,전북,고등학교,무직,여성,2,10대,전북특별자치도,고졸
4122,82b6201b306841268e3957b17cc5b4af,여자,19,경기,고등학교,무직,여성,2,10대,경기도,고졸
4123,e6b27803f2574319b79261f6910b33be,여자,19,경상북,고등학교,"전직 그 외 자동차 운전원, 현재 구직중",여성,2,10대,경상북도,고졸
4124,bdd2b1b1050f4e97b2d01296a893530d,여자,19,울산,고등학교,무직,여성,2,10대,울산광역시,고졸
4125,066181ed5d68482eb88a09a82399417f,여자,19,경기,고등학교,무직,여성,2,10대,경기도,고졸
4126,f6d2f636a9a54e9e803376bbab6f84b8,여자,19,경기,고등학교,무직,여성,2,10대,경기도,고졸
4127,f63d4a8289874bdf8da330ae94d9d73d,여자,19,경기,고등학교,무직,여성,2,10대,경기도,고졸
4128,ae64883db98e4ef99206f5d22471eda0,여자,19,세종,고등학교,무직,여성,2,10대,세종특별자치시,고졸
4129,1ed4c025b19e4faaa8ab520d96a37e6c,여자,19,서울,고등학교,무직,여성,2,10대,서울특별시,고졸
4130,32dc630e2eab48c981ba5c8a2e8daac2,여자,19,울산,고등학교,무직,여성,2,10대,울산광역시,고졸
4131,0259fbc651d64843910aea1b437a88f3,여자,19,대구,고등학교,경리 사무원,여성,2,10대,대구광역시,고졸
4132,b12c382b8f2c4fe2a222a833eb35ec7b,여자,19,강원,고등학교,무직,여성,2,10대,강원특별자치도,고졸
4133,ffeb328d2a174e8d80074c19c1628379,여자,19,인천,고등학교,무직,여성,2,10대,인천광역시,고졸
4134,fb93dcef6fb04b56811aedc48784d50c,여자,19,전라남,고등학교,무직,여성,2,10대,전라남,고졸
4135,52de0e7ad79547e29c712030d777901c,여자,19,서울,고등학교,무직,여성,2,10대,서울특별시,고졸
4136,86ce656686794e5b8bbccd03fe48db6f,여자,19,대전,고등학교,무직,여성,2,10대,대전광역시,고졸
4137,c29d234e308d4838b85b57e2a3d1b51a,여자,19,서울,고등학교,무직,여성,2,10대,서울특별시,고졸
4138,979e4e5a145c45548f2f8bef67f39213,여자,19,경기,고등학교,무직,여성,2,10대,경기도,고졸
4139,888c7d509ab446f389bf9cb385b3446c,여자,19,충청남,고등학교,무직,여성,2,10대,충청남,고졸
4140,a4f2ef8cffce40b9a3e6dc8947516003,여자,19,서울,고등학교,무직,여성,2,10대,서울특별시,고졸
4141,97fc5b37a4c04a1d9e5bc37065ea6f43,여자,19,충청북,고등학교,한식 조리사,여성,2,10대,충청북,고졸
4142,ed41236a020c42888b7135b027571c04,여자,19,경기,중학교,무직,여성,2,10대,경기도,중졸
4143,86099315b28049ad83e9485406813e29,여자,19,서울,고등학교,무직,여성,2,10대,서울특별시,고졸
4144,c03bb69d333849e0a0cfa6e72490a505,여자,19,광주,중학교,무직,여성,2,10대,광주광역시,중졸
4145,a105708f39874bb3b32c2f264c3eed49,여자,19,대전,고등학교,무직,여성,2,10대,대전광역시,고졸
4146,036002ee008e4834bd65c46e154cd735,여자,19,경기,고등학교,무직,여성,2,10대,경기도,고졸
4147,518bdea7c89b4855b63db005c8f37f9d,여자,19,서울,고등학교,무직,여성,2,10대,서울특별시,고졸
4148,87f48fee863f4c06be5caaabe3f67e19,여자,19,서울,고등학교,무직,여성,2,10대,서울특별시,고졸
4149,22245c8e3a2a474e9c4f788719b67cb0,여자,19,인천,중학교,무직,여성,2,10대,인천광역시,중졸
4150,38c1174e11f1482ba6387ab4ad64571f,여자,19,전북,고등학교,보육 관련 시설 서비스 종사원,여성,2,10대,전북특별자치도,고졸
4151,f41e9addd48d4cb19999c508c21fc9e0,여자,19,경기,고등학교,무직,여성,2,10대,경기도,고졸
4152,64f47b13d33b4e4ca843eaec487539e5,여자,19,서울,중학교,무직,여성,2,10대,서울특별시,중졸
4153,6a40f244488545fd9d9576c9560d8e24,여자,19,대전,중학교,무직,여성,2,10대,대전광역시,중졸
4154,89a12eba648547af8a8eaad205f04697,여자,19,경기,고등학교,무직,여성,2,10대,경기도,고졸
4155,49f702eb40bd4ff18ae8200785ea7123,여자,19,전라남,고등학교,무직,여성,2,10대,전라남,고졸
4156,5fdddcd2fa1548669b0bf809e3c845aa,여자,19,서울,고등학교,무직,여성,2,10대,서울특별시,고졸
4157,7cde9e2922dc4e4298f553cc64c4f38c,여자,19,강원,고등학교,무직,여성,2,10대,강원특별자치도,고졸
4158,6d235c7d183f498fbe83c85b024c2f56,여자,19,경기,고등학교,무직,여성,2,10대,경기도,고졸
4159,d1b3169c983f4db7909485faccbf4650,여자,19,서울,고등학교,무직,여성,2,10대,서울특별시,고졸
4160,db3a6416628a4cb29dee4db4b470e8b4,여자,19,경기,고등학교,무직,여성,2,10대,경기도,고졸
4161,594f93f8614a4a0cb22fa642b81de28d,여자,19,경기,중학교,무직,여성,2,10대,경기도,중졸
4162,c1ef2c6b26144792ac5b88ab9895e1f0,여자,19,서울,고등학교,무직,여성,2,10대,서울특별시,고졸
4163,fdb3f5a89ef347e99907c289bce8fefc,여자,19,서울,중학교,무직,여성,2,10대,서울특별시,중졸
4164,2107c6fff9824bcfbdc7e99b4fdff2aa,여자,19,경기,고등학교,무직,여성,2,10대,경기도,고졸
4165,f6634d44abe046bea2d017ab53f742ac,여자,19,경기,고등학교,무직,여성,2,10대,경기도,고졸
4166,c277743c44cc49b289c74023889749de,여자,19,경기,고등학교,무직,여성,2,10대,경기도,고졸
4167,2e44d1ad58d241489b0103216a79b338,여자,19,대구,고등학교,"전직 양식 조리사, 현재 구직중",여성,2,10대,대구광역시,고졸
4168,f2d96364b7fc4c2c94a80a3799c43d00,여자,19,경기,중학교,무직,여성,2,10대,경기도,중졸
4169,27fc595cc6a5416d821d14fd32745591,여자,19,서울,고등학교,무직,여성,2,10대,서울특별시,고졸
4170,299371767e6646e6a9b4f019ffb6e1c0,여자,19,충청남,고등학교,무직,여성,2,10대,충청남,고졸
4171,e2cdee7043c4455daf33cc9c757abf3a,여자,19,경기,무학,무직,여성,2,10대,경기도,무학
4172,70ff443fa3be41d2a472417fd7fd387f,여자,19,제주,고등학교,무직,여성,2,10대,제주특별자치도,고졸
4173,83fbd6cbcce348198cbd87ef6ab41111,여자,19,부산,고등학교,무직,여성,2,10대,부산광역시,고졸
4174,7c1509718ed248c0a5dcc858f3dd5060,여자,19,인천,고등학교,무직,여성,2,10대,인천광역시,고졸
4175,3b0fbed67f504b5c9f769ff533464bf4,여자,19,서울,고등학교,"전직 한식 조리사, 현재 구직중",여성,2,10대,서울특별시,고졸
4176,436ac39d76d647a29603169b5dbb9aa5,여자,19,경기,고등학교,무직,여성,2,10대,경기도,고졸
4177,63ec1bb09847490cada991d3cc1efd1a,여자,19,경기,고등학교,무직,여성,2,10대,경기도,고졸
4178,f5e7aeeb54594d098a06f5b568c3b2e3,여자,19,대전,고등학교,무직,여성,2,10대,대전광역시,고졸
4179,28e9f29ea9d7433ba0e4789952fc4d28,여자,19,경기,고등학교,무직,여성,2,10대,경기도,고졸
4180,40886afe99664bd5bf50b015bc797c60,여자,19,경기,고등학교,무직,여성,2,10대,경기도,고졸
4181,63deffa8c01248ae93fd66a1c968d4d0,여자,19,경기,고등학교,무직,여성,2,10대,경기도,고졸
4182,14a8ec0ea7ee4c70a8f1ed717c23a370,여자,19,광주,고등학교,무직,여성,2,10대,광주광역시,고졸
4183,6a9d234050e9481284bb88a3f99d196c,여자,19,서울,고등학교,무직,여성,2,10대,서울특별시,고졸
4184,7a381e608aa947ba95a2b377e1af2743,여자,19,경기,고등학교,무직,여성,2,10대,경기도,고졸
4185,85b66f3340064b3b88bdce141aa4dbdf,여자,19,전라남,고등학교,무직,여성,2,10대,전라남,고졸
4186,77e63eede1d94568a993d7973d2854bb,여자,19,인천,고등학교,무직,여성,2,10대,인천광역시,고졸
4187,10628b8d9c1d455fbfb9148cf85b0626,여자,19,광주,중학교,무직,여성,2,10대,광주광역시,중졸
4188,aaab910f3952437aa2163f0635cf3998,여자,19,서울,고등학교,무직,여성,2,10대,서울특별시,고졸
4189,4b6a168b28194127b17ab6be61f96fd9,여자,19,충청남,중학교,무직,여성,2,10대,충청남,중졸
4190,448add27264c4be69302aec5e8f56c96,여자,19,경기,중학교,무직,여성,2,10대,경기도,중졸
4191,e6f72e6c5db34b14a975eaaba8588d90,여자,19,경기,고등학교,한식 조리사,여성,2,10대,경기도,고졸
4192,6cc249526fc74dd59ebcc499f3069924,여자,19,충청남,고등학교,무직,여성,2,10대,충청남,고졸
4193,cff0883294ff494a9ba3319b2edbc1f0,여자,19,대구,고등학교,무직,여성,2,10대,대구광역시,고졸
4194,7717bb614a8c4f30b33408bed220204a,여자,19,경기,중학교,무직,여성,2,10대,경기도,중졸
4195,a3e8c868acd1446e9e004485ce2a261f,여자,19,충청남,고등학교,무직,여성,2,10대,충청남,고졸
4196,43f89a129b1f465095ae708e00fa1dbb,여자,19,부산,중학교,무직,여성,2,10대,부산광역시,중졸
4197,38c1174e11f1482ba6387ab4ad64571f,여자,19,전북,고등학교,보육 관련 시설 서비스 종사원,여성,2,10대,전북특별자치도,고졸
4198,5f7dd01a90ca45599898de3364c683c8,여자,19,경기,고등학교,무직,여성,2,10대,경기도,고졸
4199,6d30cdc9d9ec4b2ab6532fa886dc3f44,여자,19,경기,고등학교,무직,여성,2,10대,경기도,고졸
4200,55e32cb6e1b7491586c927ae5db400e3,여자,19,서울,고등학교,무직,여성,2,10대,서울특별시,고졸
4201,a00c672ac9774bacba90fadf321ba0df,여자,19,부산,고등학교,무직,여성,2,10대,부산광역시,고졸
4202,19b812da338b4078a0b2c8427d69ef69,여자,19,인천,고등학교,무직,여성,2,10대,인천광역시,고졸
4203,1af7293ad5ec4db7a855353475a532a3,여자,19,충청남,고등학교,무직,여성,2,10대,충청남,고졸
4204,70013aa9a9e24c01b7d0b0800d01cadd,여자,19,전북,고등학교,무직,여성,2,10대,전북특별자치도,고졸
4205,ff0819f23af34816b3ba552eb43b0c46,여자,19,경기,고등학교,무직,여성,2,10대,경기도,고졸
4206,e4f8b7f2b91f49f5b7527034f7403d54,여자,19,경기,고등학교,무직,여성,2,10대,경기도,고졸
4207,a665f18e41dd4eebb6fbac98a997ef3a,여자,19,전라남,고등학교,무직,여성,2,10대,전라남,고졸
4208,fb4c1c6d38e944b78cd740f721d40724,여자,19,경상남,고등학교,무직,여성,2,10대,경상남도,고졸
4209,5d68eb6508464f08a9699dfde60dad22,여자,19,경기,고등학교,무직,여성,2,10대,경기도,고졸
4210,d0409f3366e7407c9141772335061b00,여자,19,서울,고등학교,무직,여성,2,10대,서울특별시,고졸
4211,da70fdb0dcf8442dbb4ad4f07cff6a6d,여자,19,광주,고등학교,무직,여성,2,10대,광주광역시,고졸
4212,ed41236a020c42888b7135b027571c04,여자,19,경기,중학교,무직,여성,2,10대,경기도,중졸
4213,2bbf663ac7e042f7a3181399f38cf233,여자,19,경기,고등학교,무직,여성,2,10대,경기도,고졸
4214,dad2b522943d46d694b411178516fa53,여자,19,인천,고등학교,무직,여성,2,10대,인천광역시,고졸
4215,185742bb0de84d3ea0227cee86f72872,여자,19,경상남,고등학교,무직,여성,2,10대,경상남도,고졸
4216,7de2b5a2c521453cbc6db59d32f1801e,여자,19,경기,고등학교,무직,여성,2,10대,경기도,고졸
4217,1daae92718e9498e93030564ff040e5e,여자,19,경기,고등학교,무직,여성,2,10대,경기도,고졸
4218,233efef8912b46128b6eaf37c28fc744,여자,19,경상북,고등학교,무직,여성,2,10대,경상북도,고졸
4219,b3dcb646739e43ecb9b837a050f4a080,여자,19,경상북,고등학교,무직,여성,2,10대,경상북도,고졸
4220,00475a80d04640639f176298b9bb51c8,여자,19,경상남,고등학교,무직,여성,2,10대,경상남도,고졸
4221,3aa228ba9c02440bba4852c0091ba173,여자,19,경기,고등학교,무직,여성,2,10대,경기도,고졸
4222,9f0f13ed13ff4ff19b59590e6f779bd0,여자,19,서울,고등학교,무직,여성,2,10대,서울특별시,고졸
4223,b712d07565294dfa9dc8c9849aa08c22,여자,19,경기,고등학교,무직,여성,2,10대,경기도,고졸
4224,c19993886a2c48dcb4ebd142ad3c3e9a,여자,19,광주,고등학교,무직,여성,2,10대,광주광역시,고졸
4225,f922a8664e4a446fad746e08cb19c5dc,여자,19,경상남,고등학교,무직,여성,2,10대,경상남도,고졸
4226,30c72d4a68ce4eeeaf213bca82426799,여자,19,서울,고등학교,무직,여성,2,10대,서울특별시,고졸
4227,e76ba77800124f10a970a1388f470756,여자,19,경기,고등학교,무직,여성,2,10대,경기도,고졸
4228,7b44b89392b040afba4f1a54877df03c,여자,19,대구,중학교,무직,여성,2,10대,대구광역시,중졸
4229,ab1c508c87ae487e81422cd911caa51e,여자,19,부산,고등학교,무직,여성,2,10대,부산광역시,고졸
4230,ffea0f8370ec4d62ab257537c7a3667d,여자,19,경기,고등학교,무직,여성,2,10대,경기도,고졸
4231,90486d67b68b466dbe98d7db0a5ff7ed,여자,19,경기,중학교,무직,여성,2,10대,경기도,중졸
4232,94a0cf0816cc463bba0b33b4ed33b8f9,여자,19,경기,고등학교,무직,여성,2,10대,경기도,고졸
4233,987023a059324bd78f8346dc8bf4e0cf,여자,19,경기,무학,무직,여성,2,10대,경기도,무학
4234,86ce656686794e5b8bbccd03fe48db6f,여자,19,대전,고등학교,무직,여성,2,10대,대전광역시,고졸
4235,db60c8f9ccd847d1984096d1a145d1ca,여자,19,서울,중학교,무직,여성,2,10대,서울특별시,중졸
4236,0d8d3edd3a3e4fedbe6c24aa126471ab,여자,19,충청남,고등학교,무직,여성,2,10대,충청남,고졸
4237,5cfb55d1b4e14f7b9538ca994e07560d,여자,19,경상남,고등학교,무직,여성,2,10대,경상남도,고졸
4238,fb51fb1ed5564b2097535438a674dd3a,여자,19,경기,중학교,무직,여성,2,10대,경기도,중졸
4239,be2429d87dfe4f3a92baf647ce52f1e3,여자,19,대전,중학교,무직,여성,2,10대,대전광역시,중졸
4240,433bcd3a5b874daca4cf19ddeaf77d7c,여자,19,대구,고등학교,무직,여성,2,10대,대구광역시,고졸
4241,1d725c0064bd41699de834deceb2846e,여자,19,경기,고등학교,무직,여성,2,10대,경기도,고졸
4242,30b324a31b134a30aebb818ee1a90fcf,여자,19,대전,중학교,무직,여성,2,10대,대전광역시,중졸
4243,056b47f960624d54bc8c646b229c4cce,여자,19,경상남,고등학교,매장 정리원,여성,2,10대,경상남도,고졸
4244,144e82264c264d4683b34d5c7359efd3,여자,19,충청북,고등학교,무직,여성,2,10대,충청북,고졸
4245,a38b2a08361b4be1b299196cf39a36cd,여자,19,경기,고등학교,무직,여성,2,10대,경기도,고졸
4246,a8ca939517c04ce8aa07b81e9a27756d,여자,19,인천,고등학교,무직,여성,2,10대,인천광역시,고졸
4247,9f597d40539245f088d1184437349eb8,여자,19,경상북,고등학교,무직,여성,2,10대,경상북도,고졸
4248,3a47dc8275474cbe99f936ec7dd0fa0e,여자,19,경기,고등학교,무직,여성,2,10대,경기도,고졸
4249,2c107ecdf525441d9384aae63d94e01d,여자,19,경기,고등학교,무직,여성,2,10대,경기도,고졸
4250,fcea033c4ad84e5eb4590fb0f7713217,여자,19,인천,중학교,무직,여성,2,10대,인천광역시,중졸
4251,0e8304c75042485baa0dab1748d49866,여자,19,대구,고등학교,무직,여성,2,10대,대구광역시,고졸
4252,02f639e8c96a445faf0744a2cae36e12,여자,19,경기,고등학교,무직,여성,2,10대,경기도,고졸
4253,dd31f5b1848442bd8b860a334ebd8708,여자,19,광주,고등학교,무직,여성,2,10대,광주광역시,고졸
4254,a8681c3440f448c4a0a9f700e6140ded,여자,19,대구,고등학교,그 외 상점 판매원,여성,2,10대,대구광역시,고졸
4255,69ac41cc378542999d0e935c55588a29,여자,19,서울,고등학교,무직,여성,2,10대,서울특별시,고졸
4256,5211d9f950a44795a07c1e608df22a38,여자,19,경기,중학교,무직,여성,2,10대,경기도,중졸
4257,d6b036dda3a44b909dec35897fdcdc74,여자,19,경기,고등학교,무직,여성,2,10대,경기도,고졸
4258,3df6b0a0b809471a8c85236e22ae3182,여자,19,서울,고등학교,무직,여성,2,10대,서울특별시,고졸
4259,10e07cf82fad46138234f4ac23bfcdcc,여자,19,충청남,중학교,무직,여성,2,10대,충청남,중졸
4260,230701159395481da2929c572be80d1d,여자,19,부산,고등학교,무직,여성,2,10대,부산광역시,고졸
4261,0215616efac34b968cd41781a9c0a811,여자,19,전북,고등학교,무직,여성,2,10대,전북특별자치도,고졸
4262,cfb1eef8e36a491496b23a9c21c4f08c,여자,19,경기,고등학교,무직,여성,2,10대,경기도,고졸
4263,61876b7fba0d4e3193d3ff78d63096b9,여자,19,대구,고등학교,무직,여성,2,10대,대구광역시,고졸
4264,ff60f92e06014651be722b2eeba6036c,여자,19,경기,고등학교,무직,여성,2,10대,경기도,고졸
4265,a492be6e7377411d9932477095cdb2f4,여자,19,서울,고등학교,무직,여성,2,10대,서울특별시,고졸
4266,a36215505d3141b4ab03ce329b0650ed,여자,19,경기,고등학교,무직,여성,2,10대,경기도,고졸
4267,1c9272c4e34f433ebe5322d4e629786e,여자,19,충청북,고등학교,무직,여성,2,10대,충청북,고졸
4268,f4e2befa1d334c8e845491586016b383,여자,19,경상남,중학교,무직,여성,2,10대,경상남도,중졸
4269,d2c44646088a4a80864742da1e1d495f,여자,19,대전,고등학교,무직,여성,2,10대,대전광역시,고졸
4270,c4520327710048f8be806a4670cbfb1b,여자,19,부산,고등학교,무직,여성,2,10대,부산광역시,고졸
4271,c997c1d761d5425db350dc354ee9c35f,여자,19,세종,중학교,무직,여성,2,10대,세종특별자치시,중졸
4272,c0c38403e48943f78fe6b844c46f5f9b,여자,19,인천,고등학교,하역 및 적재 관련 단순 종사원,여성,2,10대,인천광역시,고졸
4273,d122bdb053b74a8b9d390723cbb7239e,여자,19,경기,고등학교,무직,여성,2,10대,경기도,고졸
4274,f6183029250d4a9f94047b9a60a0f5fc,여자,19,경상남,고등학교,무직,여성,2,10대,경상남도,고졸
4275,d9c773cbafc144ef818b0e1be9759e51,여자,19,경기,고등학교,무직,여성,2,10대,경기도,고졸
4276,a15c39f3cad24cb0bd92111e1723a843,여자,19,대전,고등학교,무직,여성,2,10대,대전광역시,고졸
4277,ad3f9b6bc740438cb5c7cb29723e4594,여자,19,경상남,중학교,무직,여성,2,10대,경상남도,중졸
4278,d601c5dc7925414fb7ca5792c5ad6a09,여자,19,경기,고등학교,무직,여성,2,10대,경기도,고졸
4279,7a8b9d5d15a04999ae4bd3f0e93aa852,여자,19,제주,중학교,무직,여성,2,10대,제주특별자치도,중졸
4280,69cfdb01d5234291a89aedfe45973012,여자,19,경상남,고등학교,무직,여성,2,10대,경상남도,고졸
4281,eadcfe5c3eb04e4692a49f7e18538556,여자,19,경상북,고등학교,무직,여성,2,10대,경상북도,고졸
4282,160f01f794dc481c9931a28837886c02,여자,19,충청남,중학교,무직,여성,2,10대,충청남,중졸
4283,5cc77c7a7a6344f2b0ee310be5f21a21,여자,19,광주,고등학교,무직,여성,2,10대,광주광역시,고졸
4284,517831af3b244ada81cb075e1e7f32fe,여자,19,경상남,고등학교,무직,여성,2,10대,경상남도,고졸
4285,15c16b19f1b44c63a1cb675e7b66bb71,여자,19,제주,고등학교,무직,여성,2,10대,제주특별자치도,고졸
4286,13fea973afeb4bfe9c5b26498f51c8a7,여자,19,서울,고등학교,무직,여성,2,10대,서울특별시,고졸
4287,288e5549cb074ade84bf39e00b32fc9c,여자,19,경기,고등학교,무직,여성,2,10대,경기도,고졸
4288,db60c8f9ccd847d1984096d1a145d1ca,여자,19,서울,중학교,무직,여성,2,10대,서울특별시,중졸
4289,fcadbc6ff4584a1cb34584e57ac5aecd,여자,19,경기,중학교,무직,여성,2,10대,경기도,중졸
4290,dfc1429149004bf6a2103c7ebf01c234,여자,19,충청남,고등학교,무직,여성,2,10대,충청남,고졸
4291,4d2ca84c7d2f445b941acd59b18f7b09,여자,19,광주,고등학교,무직,여성,2,10대,광주광역시,고졸
4292,601f20da0511410a96d7408a2a2cebee,여자,19,경기,고등학교,무직,여성,2,10대,경기도,고졸
4293,84f7be344cd3429f8d4fcde1f6c47143,여자,19,울산,고등학교,무직,여성,2,10대,울산광역시,고졸
4294,ab4001c4d600456da960bc8e9a8af665,여자,19,인천,고등학교,무직,여성,2,10대,인천광역시,고졸
4295,77d38c264d2e41958044d75266de544a,여자,19,서울,고등학교,무직,여성,2,10대,서울특별시,고졸
4296,994719e9abe04558a2a5c3811c74a1eb,여자,19,충청남,고등학교,"전직 지게차 운전원, 현재 구직중",여성,2,10대,충청남,고졸
4297,53b71567244c467ca4a26df242099eb5,여자,19,대구,고등학교,무직,여성,2,10대,대구광역시,고졸
4298,3108401cccc84e44822629927197bfc8,여자,19,경상북,고등학교,무직,여성,2,10대,경상북도,고졸
4299,822a4d8ecb714843b9cee4653cf2dbed,여자,19,경기,고등학교,무직,여성,2,10대,경기도,고졸
4300,2cc924c075ba4b5189bbed8cf1b59fb8,여자,19,충청남,고등학교,무직,여성,2,10대,충청남,고졸
4301,fa8da80d2dfe4b8098e4ce1f04284fb8,여자,19,대구,고등학교,무직,여성,2,10대,대구광역시,고졸
4302,5a28325f207b4048aafbbbf08d1cdf27,여자,19,경상북,고등학교,무직,여성,2,10대,경상북도,고졸
4303,89d3bc915e774c7a80943db6f8d212d9,여자,19,부산,고등학교,무직,여성,2,10대,부산광역시,고졸
4304,0122ab655c964d3da594aeb49934a268,여자,19,광주,고등학교,무직,여성,2,10대,광주광역시,고졸
4305,9071775d77ed49518c5b966f3065ac59,여자,19,대구,고등학교,무직,여성,2,10대,대구광역시,고졸
4306,7003b96e33c54f04a20ef86949225841,여자,19,인천,고등학교,무직,여성,2,10대,인천광역시,고졸
4307,cb9eef1c186749589c250f91654f3b44,여자,19,전라남,고등학교,무직,여성,2,10대,전라남,고졸
4308,f0ad63b2c62a44bda2c252a6c3f3bbc5,여자,19,경기,고등학교,무직,여성,2,10대,경기도,고졸
4309,13f8add75ed647ecbf2e546c724239df,여자,19,세종,중학교,무직,여성,2,10대,세종특별자치시,중졸
4310,c4a00c013d5d4390af302322b7cd4200,여자,19,충청남,고등학교,무직,여성,2,10대,충청남,고졸
4311,e9baa9c09ba44c768231cc26aeb64d76,여자,19,전북,고등학교,무직,여성,2,10대,전북특별자치도,고졸
4312,191a6b41ae474b269d6fb183a3c00695,여자,19,서울,고등학교,무직,여성,2,10대,서울특별시,고졸
4313,cb027f98439b4e029752bd82b930ae65,여자,19,경상남,고등학교,무직,여성,2,10대,경상남도,고졸
4314,4fa296835f6e411d90503680105af978,여자,19,서울,고등학교,무직,여성,2,10대,서울특별시,고졸
4315,1bf42ab58f084c5ea644970e1a82a2eb,여자,19,경기,고등학교,무직,여성,2,10대,경기도,고졸
4316,18ddb3906df048c1930a7f2a5e1d56be,여자,19,경기,고등학교,무직,여성,2,10대,경기도,고졸
4317,1be2c798971a4ab8aac4fff1b83aef42,여자,19,전북,고등학교,무직,여성,2,10대,전북특별자치도,고졸
4318,7d60985cd032443a85544d7258f3f1e3,여자,19,대구,중학교,무직,여성,2,10대,대구광역시,중졸
4319,7fa075edbae245389fcf7134623933b6,여자,19,경기,고등학교,무직,여성,2,10대,경기도,고졸
4320,c83562bef5ea4209bca92f0709f38ea5,여자,19,전라남,고등학교,무직,여성,2,10대,전라남,고졸
4321,e8668e578c114291b2256170542f81bd,여자,19,강원,고등학교,무직,여성,2,10대,강원특별자치도,고졸
4322,ed2d3617398f4f2b9f59323ad6890536,여자,19,대구,고등학교,무직,여성,2,10대,대구광역시,고졸
4323,7686807cf6354cf99dad047ad0b60961,여자,19,서울,고등학교,무직,여성,2,10대,서울특별시,고졸
4324,2ed277b0419942799db556f5a59ec8e5,여자,19,경기,중학교,무직,여성,2,10대,경기도,중졸
4325,0a33f94856bb4e44b7316b6b2ff2028e,여자,19,서울,고등학교,무직,여성,2,10대,서울특별시,고졸
4326,39348d38ae234223b902ebbd9c000853,여자,19,전북,고등학교,무직,여성,2,10대,전북특별자치도,고졸
4327,c708fec65f9d4479a9d58e370d755139,여자,19,경상남,중학교,무직,여성,2,10대,경상남도,중졸
4328,2529899204954a4fa5bbccc33cd5352f,여자,19,경기,고등학교,무직,여성,2,10대,경기도,고졸
4329,4042c9db7bdc44ec81609227428dc94b,여자,19,인천,고등학교,무직,여성,2,10대,인천광역시,고졸
4330,fb6864c73a3346f38301c63265970139,여자,19,부산,중학교,무직,여성,2,10대,부산광역시,중졸
4331,e3888d031dbf495694bcd14b7623fb83,여자,19,제주,고등학교,무직,여성,2,10대,제주특별자치도,고졸
4332,32bce24b56e3451c9883b4a501e48e83,여자,19,부산,고등학교,무직,여성,2,10대,부산광역시,고졸
4333,e052961f74b642cfb5292ab5707e58dd,여자,19,경기,고등학교,무직,여성,2,10대,경기도,고졸
4334,d619be48fb84479ea729a1d445f33bb0,여자,19,경기,고등학교,무직,여성,2,10대,경기도,고졸
4335,cc50b755e9df4c4880587847371661aa,여자,19,서울,고등학교,건물 내 전기 설치 및 정비원,여성,2,10대,서울특별시,고졸
4336,6a47c8cafdfe498aaaf546bbe7d3f20f,여자,19,충청남,고등학교,무직,여성,2,10대,충청남,고졸
4337,7f28aae159bd4d7ea94083f82fa725c7,여자,19,서울,고등학교,무직,여성,2,10대,서울특별시,고졸
4338,126a8dcec5184dbb851c4dcb6338282e,여자,22,대구,4년제 대학교,무직,여성,3,20대,대구광역시,대졸
4339,b3cc60ed746f420793416df9bd114cdb,여자,29,인천,4년제 대학교,"전직 마케팅 관리자, 현재 구직중",여성,3,20대,인천광역시,대졸
4340,f95a0df678eb4b60b0b6eeed17da689a,여자,21,경기,2~3년제 전문대학,국가행정 사무원,여성,3,20대,경기도,전문대졸
4341,3a54e3b43c794391906cdc3dfca1d430,여자,27,인천,고등학교,무직,여성,3,20대,인천광역시,고졸
4342,1efb329e3c1e4fe8b0109cdb69bf4e29,여자,21,대전,2~3년제 전문대학,무직,여성,3,20대,대전광역시,전문대졸
4343,4d9ade01d0ba4b59a3adf8a8b4a8f6a4,여자,29,충청북,고등학교,그 외 판매 관련 단순 종사원,여성,3,20대,충청북,고졸
4344,d06b7d81cd2e4f299726f6a8e6a86705,여자,21,대전,고등학교,한식 조리사,여성,3,20대,대전광역시,고졸
4345,0f139625437948e0ad219821ff2a57a5,여자,23,부산,고등학교,무직,여성,3,20대,부산광역시,고졸
4346,bd50e1623f264d44a16bc311f0820fbf,여자,26,서울,4년제 대학교,무직,여성,3,20대,서울특별시,대졸
4347,76f5a9e17e874e209e18140c2785eccd,여자,29,경기,2~3년제 전문대학,무직,여성,3,20대,경기도,전문대졸
4348,14d99f5f527246338619d34ab1f3bcd4,여자,22,경기,4년제 대학교,치과위생사,여성,3,20대,경기도,대졸
4349,7a5b247c6e004a398c1991a08c84d735,여자,24,충청남,4년제 대학교,무직,여성,3,20대,충청남,대졸
4350,fb2dfaa603f943008298d39084627a50,여자,23,서울,고등학교,무직,여성,3,20대,서울특별시,고졸
4351,0ede364dd82d498aac02381eb9b973dc,여자,22,충청북,2~3년제 전문대학,전화 상담원,여성,3,20대,충청북,전문대졸
4352,cb8dca17acbe4db3b6f6b2ebbdc2e579,여자,20,서울,고등학교,노래방 서비스원,여성,3,20대,서울특별시,고졸
4353,7e943b75816b42babfe71d7e05233b6a,여자,27,서울,4년제 대학교,무직,여성,3,20대,서울특별시,대졸
4354,19cb5f8d34e14d3a9681a583336efac4,여자,28,세종,2~3년제 전문대학,무직,여성,3,20대,세종특별자치시,전문대졸
4355,7d872df6b901403792aeebd03aed8865,여자,28,전북,4년제 대학교,무직,여성,3,20대,전북특별자치도,대졸
4356,deb51f6da69b4e3da4e50ae43e02a1d3,여자,21,부산,2~3년제 전문대학,언어재활사,여성,3,20대,부산광역시,전문대졸
4357,e62d5029af9c4be3969f244bf635dc91,여자,29,경상남,4년제 대학교,무직,여성,3,20대,경상남도,대졸
4358,779530d2c7a6413881cef0d6b031555e,여자,29,경기,중학교,"전직 하역 및 적재 관련 단순 종사원, 현재 구직중",여성,3,20대,경기도,중졸
4359,4f37334d88924f0faa8f5fadd114c81b,여자,25,경상남,2~3년제 전문대학,그 외 전기·전자 부품 및 제품 조립원,여성,3,20대,경상남도,전문대졸
4360,31fc12ba6800402bba0527f0fc3c6875,여자,20,경기,2~3년제 전문대학,보육교사,여성,3,20대,경기도,전문대졸
4361,33a13f8bd2444198a9a990ea4c4e9019,여자,28,경기,2~3년제 전문대학,경리 사무원,여성,3,20대,경기도,전문대졸
4362,46d805785b5f484d8892b2c615571585,여자,23,충청남,4년제 대학교,일식 조리사,여성,3,20대,충청남,대졸
4363,831ad2ce9236464c93e208aff51928f8,여자,28,서울,4년제 대학교,무직,여성,3,20대,서울특별시,대졸
4364,1669b2a090c24c5eb2c0620e7dd5afb0,여자,27,서울,4년제 대학교,식품 영업원,여성,3,20대,서울특별시,대졸
4365,bc87ffa4fe5b4feba922c498f02660ee,여자,26,경기,2~3년제 전문대학,무직,여성,3,20대,경기도,전문대졸
4366,e3a905e8824040049ac99508d4a93f56,여자,21,서울,2~3년제 전문대학,중식 조리사,여성,3,20대,서울특별시,전문대졸
4367,69e7e89118ea452eb32b84889ac1462a,여자,26,인천,2~3년제 전문대학,그 외 자동차 부품 조립원,여성,3,20대,인천광역시,전문대졸
4368,19f44af65f4c4d228c9fffab11bb0ad3,여자,26,부산,4년제 대학교,"전직 그 외 상점 판매원, 현재 구직중",여성,3,20대,부산광역시,대졸
4369,af42fd1c365946f9b7affc8ed15b4305,여자,28,경기,4년제 대학교,마케팅 관리자,여성,3,20대,경기도,대졸
4370,2e3ccc93aa5c4779887aeac62fdba1f9,여자,22,충청남,중학교,승용차 및 승합차 운전원,여성,3,20대,충청남,중졸
4371,1745b6d84da8485d9e11f102ceb8330e,여자,23,서울,2~3년제 전문대학,일반 비서,여성,3,20대,서울특별시,전문대졸
4372,232040463ba04d678b2681f97947fc63,여자,20,경기,2~3년제 전문대학,가정용 전기 및 전자제품 조립원,여성,3,20대,경기도,전문대졸
4373,9c4ead445b514d5187ff06b2abff430f,여자,22,전북,고등학교,지게차 운전원,여성,3,20대,전북특별자치도,고졸
4374,a195973e29ab4d1592b4b42771842e7f,여자,20,강원,고등학교,무직,여성,3,20대,강원특별자치도,고졸
4375,f82b1ad8f2514e669349cf857655a1ac,여자,25,서울,대학원,영업 관련 관리자,여성,3,20대,서울특별시,대학원졸
4376,275c795e790d4466a1610a6ce3b70d6f,여자,28,광주,2~3년제 전문대학,무직,여성,3,20대,광주광역시,전문대졸
4377,add509e1919646b8a19077d701fe7a93,여자,27,경상남,4년제 대학교,무직,여성,3,20대,경상남도,대졸
4378,1785b8ed5b0b4d9283862502f9fa0a00,여자,26,인천,고등학교,한식 조리사,여성,3,20대,인천광역시,고졸
4379,ff5a01e540c7422fb78e1e448f5b8732,여자,22,서울,4년제 대학교,무직,여성,3,20대,서울특별시,대졸
4380,c2decb63ca88481b8577b09f6fc5ec4a,여자,25,충청남,2~3년제 전문대학,무직,여성,3,20대,충청남,전문대졸
4381,1f42450840244ad98c191da8e34ece27,여자,21,서울,2~3년제 전문대학,산업 안전원,여성,3,20대,서울특별시,전문대졸
4382,02dcecb2a3054067bbd4ebcb81bcb5de,여자,25,서울,대학원,유치원 교사,여성,3,20대,서울특별시,대학원졸
4383,80ccebd506b740a89b9fea0ff5aa00bf,여자,23,서울,4년제 대학교,"전직 전화 상담원, 현재 구직중",여성,3,20대,서울특별시,대졸
4384,df41cfa4c96545e98dda6199caa10269,여자,20,서울,2~3년제 전문대학,무직,여성,3,20대,서울특별시,전문대졸
4385,21ec68ad73ed4afcab416e9de01ad440,여자,25,서울,대학원,무직,여성,3,20대,서울특별시,대학원졸
4386,6f0b15df054f4262ae373b1300c77e76,여자,29,서울,4년제 대학교,무직,여성,3,20대,서울특별시,대졸
4387,4faa5fffd2644d97be4569d5d387e01e,여자,27,경기,2~3년제 전문대학,무직,여성,3,20대,경기도,전문대졸
4388,c36b31d257bd4e55900887d8b133d220,여자,21,서울,2~3년제 전문대학,"전직 상품 기획자, 현재 구직중",여성,3,20대,서울특별시,전문대졸
4389,b3d09a448bc4417ea74a1e86aab75d64,여자,21,충청남,고등학교,무직,여성,3,20대,충청남,고졸
4390,fbd029126b7c4af5a01ed1a14d5b8097,여자,26,대전,4년제 대학교,무직,여성,3,20대,대전광역시,대졸
4391,1bbb15d06884411bb90973cb27edd4f6,여자,29,경기,2~3년제 전문대학,무직,여성,3,20대,경기도,전문대졸
4392,2ca36ea83336462faf3fe6cb5f5e8709,여자,25,서울,4년제 대학교,"전직 컴퓨터 시스템 설계 및 분석가, 현재 구직중",여성,3,20대,서울특별시,대졸
4393,ef69d423af85404d98941ebcd4cfe09b,여자,21,경기,2~3년제 전문대학,한식 조리사,여성,3,20대,경기도,전문대졸
4394,51f31b131c5c4806b11f22c1d1d2cd13,여자,20,서울,고등학교,사진가,여성,3,20대,서울특별시,고졸
4395,5233b0826e2140bb97aa9ebb4cff9e62,여자,29,전북,4년제 대학교,무직,여성,3,20대,전북특별자치도,대졸
4396,9740534b367d41099c80821a781c4467,여자,24,경기,고등학교,무직,여성,3,20대,경기도,고졸
4397,f2cabe71f4504019832b6fef29b0c129,여자,20,서울,2~3년제 전문대학,무직,여성,3,20대,서울특별시,전문대졸
4398,ddbfe967695645a48527c1057d3544bd,여자,23,서울,4년제 대학교,무직,여성,3,20대,서울특별시,대졸
4399,8a21e8a5712d43dd8ad15f474b11f695,여자,26,부산,2~3년제 전문대학,무직,여성,3,20대,부산광역시,전문대졸
4400,9998385dbaba48c8bfedfb06eab6810b,여자,23,경기,4년제 대학교,번역가,여성,3,20대,경기도,대졸
4401,8db0655c26824a1882b66f957309d43e,여자,22,광주,4년제 대학교,사무 보조원,여성,3,20대,광주광역시,대졸
4402,ae4229db503a464f9ca11880dfc0f2f8,여자,21,경기,고등학교,그 외 상점 판매원,여성,3,20대,경기도,고졸
4403,243431e08da348429fd82a2cd45a234f,여자,20,경기,2~3년제 전문대학,무직,여성,3,20대,경기도,전문대졸
4404,1aa5e89f084845f883057d3c24592dbd,여자,27,서울,4년제 대학교,무직,여성,3,20대,서울특별시,대졸
4405,c31145e66b5749259c1fdab434dcb959,여자,21,경상남,2~3년제 전문대학,"전직 보육교사, 현재 구직중",여성,3,20대,경상남도,전문대졸
4406,d9002d37f20b43a58eb83d646ad6ab35,여자,26,서울,2~3년제 전문대학,무직,여성,3,20대,서울특별시,전문대졸
4407,08e8b99f172e4e848815a69216b59869,여자,29,경기,고등학교,무직,여성,3,20대,경기도,고졸
4408,d8b15291c3c9459c825dbd148281832a,여자,21,부산,2~3년제 전문대학,음식 서비스 종사원,여성,3,20대,부산광역시,전문대졸
4409,24dc0713c3f54856b66b828cb90e099a,여자,28,서울,2~3년제 전문대학,기획 관리자,여성,3,20대,서울특별시,전문대졸
4410,bea815a8b9da4b49b0bdb7cd6a9b0e15,여자,28,인천,4년제 대학교,일반 비서,여성,3,20대,인천광역시,대졸
4411,fcbc6c35514746d5aabe103d9d8ba6e0,여자,20,서울,2~3년제 전문대학,무직,여성,3,20대,서울특별시,전문대졸
4412,95aa42dee2c5431a8899b895af92cdd0,여자,20,대구,2~3년제 전문대학,공공행정 사무원,여성,3,20대,대구광역시,전문대졸
4413,912db4f108fa407e92f4f2c2f8a97a8e,여자,25,서울,2~3년제 전문대학,경리 사무원,여성,3,20대,서울특별시,전문대졸
4414,b6d0fdb0d2d9424ea975f27f4256024b,여자,23,대구,4년제 대학교,무직,여성,3,20대,대구광역시,대졸
4415,db843ff3a2c844dc973dbd806c94cb38,여자,20,경기,2~3년제 전문대학,무직,여성,3,20대,경기도,전문대졸
4416,6b69d99f82dd458db2ba6442073d9b1e,여자,28,경상북,대학원,무직,여성,3,20대,경상북도,대학원졸
4417,3a50b0457e3343bfb6bbd1bc9cd41efa,여자,29,경기,고등학교,전기 용접원,여성,3,20대,경기도,고졸
4418,6a7f5c2285b14bda992456c018f3b780,여자,21,서울,2~3년제 전문대학,무직,여성,3,20대,서울특별시,전문대졸
4419,75f92e47818249b0b21c0fa59d101a87,여자,28,울산,4년제 대학교,무직,여성,3,20대,울산광역시,대졸
4420,9053e62972514583988da42a0a56b835,여자,20,제주,2~3년제 전문대학,"전직 일식 조리사, 현재 구직중",여성,3,20대,제주특별자치도,전문대졸
4421,84f41cd022144e5ebe73e2b3a35db2fa,여자,23,경기,고등학교,무직,여성,3,20대,경기도,고졸
4422,60c8dba2c67a43e2bb9625b6fd2e2b99,여자,25,경기,4년제 대학교,양식 조리사,여성,3,20대,경기도,대졸
4423,5211633f274e41008e6bc7648dd760b5,여자,22,경기,고등학교,무직,여성,3,20대,경기도,고졸
4424,c2b42e46051d41d8a1a3f2d0cb35320a,여자,21,제주,2~3년제 전문대학,무직,여성,3,20대,제주특별자치도,전문대졸
4425,b77cfa97571b44b9829f3ebf49f33c89,여자,20,서울,2~3년제 전문대학,음료 서비스 종사원,여성,3,20대,서울특별시,전문대졸
4426,16b7a4407ad647f5abddc6729734ef09,여자,25,경기,4년제 대학교,조세행정 사무원,여성,3,20대,경기도,대졸
4427,bde58f6ac87d45c789c9baa47ce802e0,여자,29,경상남,4년제 대학교,무직,여성,3,20대,경상남도,대졸
4428,464cf7e38a74427ca9aebd414700a661,여자,28,인천,고등학교,계기 검침원,여성,3,20대,인천광역시,고졸
4429,5c3526fb64e74bb784466f6761acdeec,여자,24,경상남,4년제 대학교,무직,여성,3,20대,경상남도,대졸
4430,f34122a69f4e458c9e0d3d87b4997690,여자,23,서울,4년제 대학교,공공행정 사무원,여성,3,20대,서울특별시,대졸
4431,4965b5eb5bb1403e92d6189110a21726,여자,29,경기,4년제 대학교,금형공학 기술자 및 연구원,여성,3,20대,경기도,대졸
4432,ca32a538c4f446848eddfd8e4c02f2e8,여자,24,광주,4년제 대학교,그 외 판매 관련 단순 종사원,여성,3,20대,광주광역시,대졸
4433,700a09fa8b964461a92a8638f2ec7106,여자,28,인천,4년제 대학교,무직,여성,3,20대,인천광역시,대졸
4434,f29d741d4b4b4eacb4c08ce043966d9d,여자,21,세종,2~3년제 전문대학,무직,여성,3,20대,세종특별자치시,전문대졸
4435,a158e7c24f16435a970409e698e3f7e4,여자,24,경기,2~3년제 전문대학,무직,여성,3,20대,경기도,전문대졸
4436,52a629088cd74fdc8c1b2d7f141751c0,여자,23,대구,2~3년제 전문대학,"전직 판금원, 현재 구직중",여성,3,20대,대구광역시,전문대졸
4437,0d9807e6224241dcb3870a7d2b9be8f3,여자,24,경기,4년제 대학교,화장품 판매원,여성,3,20대,경기도,대졸
4438,aef986d65cd9424db8240d29754f3be9,여자,26,경상북,2~3년제 전문대학,무직,여성,3,20대,경상북도,전문대졸
4439,acdf000ab84e416090c1abf6b599d306,여자,27,서울,대학원,마케팅 전문가,여성,3,20대,서울특별시,대학원졸
4440,3e12d155d2624d46b742bfbc5111af85,여자,25,부산,2~3년제 전문대학,무직,여성,3,20대,부산광역시,전문대졸
4441,0566faa7017d49ada3db82b816571883,여자,27,서울,고등학교,무직,여성,3,20대,서울특별시,고졸
4442,78c3289acab04beeb13ae7e4e9a9ea4e,여자,22,충청북,고등학교,그 외 기계장비 설치 및 정비원,여성,3,20대,충청북,고졸
4443,d157a295a1984134944388c249c7a2a1,여자,26,서울,2~3년제 전문대학,공공행정 사무원,여성,3,20대,서울특별시,전문대졸
4444,ba1a0137075d4add9fe3e36926a10b52,여자,28,경기,2~3년제 전문대학,냉난방기 관련 설비 조작원,여성,3,20대,경기도,전문대졸
4445,9ead3b9811fa4f468746e1f84517af02,여자,26,광주,4년제 대학교,치과위생사,여성,3,20대,광주광역시,대졸
4446,b307af3b20304d569f7cd7f6c96534a7,여자,20,서울,2~3년제 전문대학,그 외 미디어 콘텐츠 디자이너,여성,3,20대,서울특별시,전문대졸
4447,e034126571a343bc80484f465b7a6978,여자,25,서울,4년제 대학교,무직,여성,3,20대,서울특별시,대졸
4448,2c56e3a9e3ed4257a8677c85ac43e47e,여자,29,인천,2~3년제 전문대학,건물 청소원,여성,3,20대,인천광역시,전문대졸
4449,f97b604fdd1c4e25849c52e7cdfc4f3c,여자,26,대전,4년제 대학교,무직,여성,3,20대,대전광역시,대졸
4450,42ce44dddbc3495680a0039728f8a4a5,여자,23,대전,2~3년제 전문대학,무직,여성,3,20대,대전광역시,전문대졸
4451,8e54832ada8541a588b5867d2ae0f228,여자,26,경기,4년제 대학교,무직,여성,3,20대,경기도,대졸
4452,05a3b21a147c4c729a4406275e012cb7,여자,24,서울,4년제 대학교,보육교사,여성,3,20대,서울특별시,대졸
4453,bd5cc6c760174882a0ae553605fdc261,여자,20,광주,2~3년제 전문대학,경리 사무원,여성,3,20대,광주광역시,전문대졸
4454,943b65cd0caa48f4b350f25796ae9947,여자,27,경기,4년제 대학교,무직,여성,3,20대,경기도,대졸
4455,a9ab06090d064ba880e7f5d80e8288f1,여자,23,서울,4년제 대학교,무직,여성,3,20대,서울특별시,대졸
4456,5b70fcff59f448a7a5cdc4a75f894e3e,여자,20,서울,2~3년제 전문대학,통신기기 기술자 및 연구원,여성,3,20대,서울특별시,전문대졸
4457,0c8d59aa246444fc9b296925a422214b,여자,25,서울,2~3년제 전문대학,관리 비서,여성,3,20대,서울특별시,전문대졸
4458,c015544961a54c02b2ac6bab0173d0e7,여자,22,서울,4년제 대학교,무직,여성,3,20대,서울특별시,대졸
4459,95aa7ca59c894d1ea2cf8b3a4efa89c1,여자,20,강원,2~3년제 전문대학,무직,여성,3,20대,강원특별자치도,전문대졸
4460,b24bfa048f784ff3bdb28de31675fae2,여자,28,서울,4년제 대학교,무직,여성,3,20대,서울특별시,대졸
4461,41eaf5b2822c4d0cb868356b68f5161a,여자,25,서울,4년제 대학교,무직,여성,3,20대,서울특별시,대졸
4462,99bccff7c74148ad9f1944bda32f3bf2,여자,22,부산,4년제 대학교,웨딩플래너,여성,3,20대,부산광역시,대졸
4463,80d37e6d8dc54bfba154569c091b8624,여자,23,충청북,4년제 대학교,무직,여성,3,20대,충청북,대졸
4464,3969ed4ab3a14d13a5036e44326d4757,여자,25,경기,4년제 대학교,무직,여성,3,20대,경기도,대졸
4465,bee0496e02d845ba9a93298df52659bb,여자,24,대구,2~3년제 전문대학,"전직 경리 사무원, 현재 구직중",여성,3,20대,대구광역시,전문대졸
4466,f1877397ff3c41babb5eb211c3444287,여자,23,서울,4년제 대학교,무직,여성,3,20대,서울특별시,대졸
4467,bab152e84156428384dd532289892306,여자,29,서울,4년제 대학교,일반 비서,여성,3,20대,서울특별시,대졸
4468,b1e8280c84b741ee99a6ce59bacfad40,여자,26,서울,고등학교,무직,여성,3,20대,서울특별시,고졸
4469,99be329c6ba8404b9e98f64da121ec5f,여자,24,서울,2~3년제 전문대학,무직,여성,3,20대,서울특별시,전문대졸
4470,bd7a2d072e0a4996bcd8792900afecdc,여자,29,서울,4년제 대학교,상품 기획자,여성,3,20대,서울특별시,대졸
4471,15f33aedf9e94039bde6c7bba02045c3,여자,24,부산,4년제 대학교,경리 사무원,여성,3,20대,부산광역시,대졸
4472,cfce096effa84024afec4a3871824032,여자,26,서울,2~3년제 전문대학,사무 보조원,여성,3,20대,서울특별시,전문대졸
4473,575027e00c20485a951dc38935cc4b8c,여자,29,경기,4년제 대학교,조세행정 사무원,여성,3,20대,경기도,대졸
4474,98ce5a1c1c284d5bbdd06d91913bdf87,여자,27,경기,4년제 대학교,무직,여성,3,20대,경기도,대졸
4475,0e4019aa73ff41889d0511d892394464,여자,20,경기,2~3년제 전문대학,무직,여성,3,20대,경기도,전문대졸
4476,ea356b6e9f2f45dfae901bb749152192,여자,23,대전,4년제 대학교,무직,여성,3,20대,대전광역시,대졸
4477,2c0598828170492dbf80a1da9162f100,여자,28,충청북,4년제 대학교,법무 사무원,여성,3,20대,충청북,대졸
4478,e702b233842b426e9c2158453b08d4bc,여자,27,경기,2~3년제 전문대학,무직,여성,3,20대,경기도,전문대졸
4479,e571cc80a4cb47b483634706bb854a64,여자,26,경기,4년제 대학교,무역 사무원,여성,3,20대,경기도,대졸
4480,f072c7fbc5594ffb9e96edb8b2f2acbc,여자,25,경기,고등학교,건물 경비원,여성,3,20대,경기도,고졸
4481,90325d9f75c241c8aad0a270bece6e28,여자,27,인천,고등학교,경리 사무원,여성,3,20대,인천광역시,고졸
4482,4b494aa650ed4b12b191d2beecae5f45,여자,21,경기,2~3년제 전문대학,무직,여성,3,20대,경기도,전문대졸
4483,33aeffa4f9954175b527d7af5effa85d,여자,29,인천,고등학교,무직,여성,3,20대,인천광역시,고졸
4484,7e7bc370081f43a78fb63d8fdc972f20,여자,29,경기,4년제 대학교,조사 전문가,여성,3,20대,경기도,대졸
4485,dbe2620d6b7d4dbdb47ecd6bd324d356,여자,20,부산,2~3년제 전문대학,그 외 조리사,여성,3,20대,부산광역시,전문대졸
4486,d75573409e744150844e0582b1278287,여자,27,서울,4년제 대학교,금융 관리자,여성,3,20대,서울특별시,대졸
4487,cdcf32c26ed54e5ba85faea68976c732,여자,28,전북,2~3년제 전문대학,무직,여성,3,20대,전북특별자치도,전문대졸
4488,8ff0bf0fda6843d78db42ff6524ca535,여자,26,대전,4년제 대학교,무직,여성,3,20대,대전광역시,대졸
4489,34d82ea8b04d4c8784b36728d22e0af7,여자,28,인천,고등학교,그 외 전기·전자 부품 및 제품 조립원,여성,3,20대,인천광역시,고졸
4490,e926dbb45cc94f6d8730eaaa2a028b92,여자,27,경상남,4년제 대학교,그 외 음식 서비스 종사원,여성,3,20대,경상남도,대졸
4491,da4da2e1f93047b080c648ed2844016f,여자,24,서울,2~3년제 전문대학,금속 세척기 조작원,여성,3,20대,서울특별시,전문대졸
4492,8192a4e3113647b1a3d19f08f8a5e742,여자,29,전북,4년제 대학교,마케팅 전문가,여성,3,20대,전북특별자치도,대졸
4493,e284e191884a40a2a64b935faf9b5584,여자,29,부산,2~3년제 전문대학,무직,여성,3,20대,부산광역시,전문대졸
4494,aa2d6e672fb04ed3b7fe9c57e59d4979,여자,24,경기,4년제 대학교,"전직 음식 서비스 종사원, 현재 구직중",여성,3,20대,경기도,대졸
4495,4dc430645e044e58802faa426917f252,여자,20,서울,2~3년제 전문대학,무직,여성,3,20대,서울특별시,전문대졸
4496,461ade9cda9342028c9f9b3b891e6c13,여자,26,서울,4년제 대학교,무직,여성,3,20대,서울특별시,대졸
4497,e627f6d5871d41698cc8d896aa9c7ab6,여자,23,경상남,4년제 대학교,일반 간호사,여성,3,20대,경상남도,대졸
4498,9dbfb854ee9f4d3a82c51b48ce0adf4c,여자,25,충청남,고등학교,무직,여성,3,20대,충청남,고졸
4499,d44a963ea1814bca93c9e5fce18c3914,여자,20,경기,2~3년제 전문대학,무직,여성,3,20대,경기도,전문대졸
4500,c37f14dc482e45fd9afa4321bdb86767,여자,25,경기,고등학교,무직,여성,3,20대,경기도,고졸
4501,679de80c4a534dfaa72235ccc89f1d1e,여자,24,강원,4년제 대학교,사무 보조원,여성,3,20대,강원특별자치도,대졸
4502,435f5d41b86740cb916638a42aeaeb20,여자,27,경기,2~3년제 전문대학,무직,여성,3,20대,경기도,전문대졸
4503,c34fd34ba40548d88ae54e92dee186ea,여자,21,부산,2~3년제 전문대학,무직,여성,3,20대,부산광역시,전문대졸
4504,6ea4aa5481dd489d83d4a3a82e493e6b,여자,28,서울,대학원,무직,여성,3,20대,서울특별시,대학원졸
4505,a16b447dfd65467c97e8c1b316e2b963,여자,24,경기,대학원,상담 전문가,여성,3,20대,경기도,대학원졸
4506,7cec3ddbb02544eeb8ef3ab4704f40aa,여자,28,경상북,4년제 대학교,무직,여성,3,20대,경상북도,대졸
4507,c7977ac8f3f7493e99dc350539bbf081,여자,27,서울,4년제 대학교,무직,여성,3,20대,서울특별시,대졸
4508,5e712f73c4e44293b38fbd5341bbaaa1,여자,20,경기,2~3년제 전문대학,미술관·박물관 해설 및 안내원,여성,3,20대,경기도,전문대졸
4509,ca15db5045d8448e81db1c4eb41d708c,여자,20,전라남,2~3년제 전문대학,무직,여성,3,20대,전라남,전문대졸
4510,4d0c99d8dc754899967cbdf8b02eb531,여자,23,경기,4년제 대학교,전화 상담원,여성,3,20대,경기도,대졸
4511,1e4ef454b2af4fc0a0165ffa5a039c49,여자,21,서울,2~3년제 전문대학,유치원 교사,여성,3,20대,서울특별시,전문대졸
4512,870e622334f24684ab9508df11a0b6f7,여자,27,강원,4년제 대학교,무직,여성,3,20대,강원특별자치도,대졸
4513,eb17ed4104854bc18f8eb404e0554a05,여자,26,서울,4년제 대학교,무직,여성,3,20대,서울특별시,대졸
4514,b8f2c9e258944da6a641de7c995a7b57,여자,29,전라남,2~3년제 전문대학,무직,여성,3,20대,전라남,전문대졸
4515,1236fdfc67db434091a10545144d34ad,여자,25,인천,4년제 대학교,무직,여성,3,20대,인천광역시,대졸
4516,39686b1f69734fd4ab00506e191fbfc8,여자,27,경기,4년제 대학교,식품 영업원,여성,3,20대,경기도,대졸
4517,b52ff1e9ecf34c9f86ad0a2a42eb7555,여자,29,충청남,4년제 대학교,사회복지사,여성,3,20대,충청남,대졸
4518,a5d82cd52d2246328351707e0d8caf12,여자,26,서울,2~3년제 전문대학,무직,여성,3,20대,서울특별시,전문대졸
4519,192b5965ee5e4782b347bf4a5944a99b,여자,24,경기,2~3년제 전문대학,석유화학 시험원,여성,3,20대,경기도,전문대졸
4520,e946ceed2e32493cafa09a0d7d178e2d,여자,26,경기,고등학교,보육 관련 시설 서비스 종사원,여성,3,20대,경기도,고졸
4521,5dabee84380c4dc6bef390947c8506fd,여자,28,경기,4년제 대학교,음식 서비스 종사원,여성,3,20대,경기도,대졸
4522,0e073368e1124b9fb139f5b09cefba4c,여자,27,대구,2~3년제 전문대학,무직,여성,3,20대,대구광역시,전문대졸
4523,341f1ed446ae4df2b9d07af23cc7ccda,여자,26,경기,고등학교,정보 시스템 운영자,여성,3,20대,경기도,고졸
4524,64396625b82b4d50ad2879c1be8eaf91,여자,29,부산,4년제 대학교,일반 한의사,여성,3,20대,부산광역시,대졸
4525,e30b585901274bfe9e6a5852f73949c6,여자,28,전라남,고등학교,"전직 전화 상담원, 현재 구직중",여성,3,20대,전라남,고졸
4526,a4bf59c096fc45fa9a6b6cb39c5c2aaa,여자,27,제주,고등학교,우편집배원,여성,3,20대,제주특별자치도,고졸
4527,101adeaeaae142189e9eb8038714ca51,여자,26,서울,4년제 대학교,경리 사무원,여성,3,20대,서울특별시,대졸
4528,045cb456d40c47d0aa9790266f785e63,여자,28,서울,2~3년제 전문대학,양식 조리사,여성,3,20대,서울특별시,전문대졸
4529,832bf8f03c2440b8bd792a1b9d4c12e3,여자,26,부산,대학원,화학 연구원,여성,3,20대,부산광역시,대학원졸
4530,245dcd3997f1418e97dea67943a94219,여자,26,광주,2~3년제 전문대학,주방 보조원,여성,3,20대,광주광역시,전문대졸
4531,2112a170c84b4e75bf99325b5fe6f227,여자,26,경기,4년제 대학교,그 외 기획 및 마케팅 사무원,여성,3,20대,경기도,대졸
4532,ab132997bdea4879982d507ea8356333,여자,29,경기,4년제 대학교,무직,여성,3,20대,경기도,대졸
4533,c54f4938c7cf4e47a0a07d8ad14118b6,여자,23,대전,4년제 대학교,"전직 전화 상담원, 현재 구직중",여성,3,20대,대전광역시,대졸
4534,4f6fe32df5cd420bab8e7c0560a0ddf2,여자,22,부산,고등학교,사무 보조원,여성,3,20대,부산광역시,고졸
4535,654939541cf043f28b6aa2533c225e6a,여자,26,제주,4년제 대학교,약사,여성,3,20대,제주특별자치도,대졸
4536,19dab1c8371d4ecabe684e912a4d582b,여자,23,서울,고등학교,건물 청소원,여성,3,20대,서울특별시,고졸
4537,b79827146bd74f88aabeaed504d59075,여자,21,경상남,2~3년제 전문대학,그 외 조리사,여성,3,20대,경상남도,전문대졸
4538,f670339cbb4c46c4b0e9a9e096a4c34b,여자,26,경기,2~3년제 전문대학,보육교사,여성,3,20대,경기도,전문대졸
4539,3ea1119ed30a48d1adc5c39a0f846ddb,여자,22,경기,4년제 대학교,그 외 상점 판매원,여성,3,20대,경기도,대졸
4540,091fb5b423d74618beb13dec21674179,여자,29,경기,4년제 대학교,무직,여성,3,20대,경기도,대졸
4541,177671e5ad6b40398c29e4566fbb3936,여자,26,경기,대학원,무직,여성,3,20대,경기도,대학원졸
4542,5bddc324f377461790e21b7393d1f235,여자,20,경기,2~3년제 전문대학,사무 보조원,여성,3,20대,경기도,전문대졸
4543,a07f7fee9f314ea8b97834ebe149bef9,여자,22,경기,4년제 대학교,무직,여성,3,20대,경기도,대졸
4544,6475d809671f452b8580a276337adea7,여자,21,인천,2~3년제 전문대학,도시 계획 및 설계가,여성,3,20대,인천광역시,전문대졸
4545,930ffe66ae154167be34d122e7f18bba,여자,23,서울,2~3년제 전문대학,무직,여성,3,20대,서울특별시,전문대졸
4546,a794fe00196c4808957b45620dac55a0,여자,22,경상북,4년제 대학교,화학제품 생산 관리자,여성,3,20대,경상북도,대졸
4547,66da058b15834dbd87abd3b6eab2a8de,여자,23,부산,4년제 대학교,보육교사,여성,3,20대,부산광역시,대졸
4548,ba8fa44811fa4449bcb52a68cdc3ce5b,여자,22,서울,4년제 대학교,무직,여성,3,20대,서울특별시,대졸
4549,1508d892a7ad41f28f664fec2b650644,여자,26,울산,4년제 대학교,무직,여성,3,20대,울산광역시,대졸
4550,bff1ef3e1c934da18cbf342fc32ad550,여자,29,서울,4년제 대학교,무직,여성,3,20대,서울특별시,대졸
4551,9b54099d0f1e42fbba8232aa5e9112f1,여자,25,서울,4년제 대학교,유치원 교사,여성,3,20대,서울특별시,대졸
4552,505b7bf409bb4e84a4d8403b5c67d310,여자,28,부산,4년제 대학교,무직,여성,3,20대,부산광역시,대졸
4553,85a082d9b3e94c59b713c256063a60d1,여자,21,충청남,2~3년제 전문대학,무직,여성,3,20대,충청남,전문대졸
4554,1b60ef73c8b14de58e04e0ec4d6e98aa,여자,28,경기,고등학교,무직,여성,3,20대,경기도,고졸
4555,ae88d114f71f4a8b9d017ccede33258a,여자,28,서울,4년제 대학교,바텐더,여성,3,20대,서울특별시,대졸
4556,1a9100b2cb544f679e909ff09f5127be,여자,26,경상북,4년제 대학교,무직,여성,3,20대,경상북도,대졸
4557,87e564d795874a8ca95dd71c786cf354,여자,24,경기,무학,음료 배달원,여성,3,20대,경기도,무학
4558,31ddf340323d4c32ace9c2d9717dc75f,여자,25,경기,2~3년제 전문대학,예약 및 접수 사무원,여성,3,20대,경기도,전문대졸
4559,47538572000d4716a92a175b3fcbdc25,여자,23,광주,2~3년제 전문대학,무직,여성,3,20대,광주광역시,전문대졸
4560,4446b95d33c34f3f851788cde3da148a,여자,28,서울,2~3년제 전문대학,무직,여성,3,20대,서울특별시,전문대졸
4561,b0fa5b1c2009407990dd25b81012fd8f,여자,29,부산,2~3년제 전문대학,무직,여성,3,20대,부산광역시,전문대졸
4562,e71154965749471b9ba06ee3855aee79,여자,21,광주,고등학교,무직,여성,3,20대,광주광역시,고졸
4563,a978163d1aca41c997ea60661e3aec9f,여자,26,부산,4년제 대학교,무직,여성,3,20대,부산광역시,대졸
4564,e83bfae603e14b0f8ece097f57fdce52,여자,24,부산,2~3년제 전문대학,음식 서비스 종사원,여성,3,20대,부산광역시,전문대졸
4565,ca6e6bc1475b4bd1b454ccd685dc61ab,여자,24,서울,2~3년제 전문대학,무직,여성,3,20대,서울특별시,전문대졸
4566,95d1f298c65d4351a283ca730257783d,여자,27,경기,고등학교,음식 서비스 종사원,여성,3,20대,경기도,고졸
4567,eb311efdb3b04ef6a1c6aac7f9bfc637,여자,29,서울,고등학교,간호조무사,여성,3,20대,서울특별시,고졸
4568,c458d1f84d024d0e9e9a26fb861cb1fd,여자,21,부산,고등학교,주방 보조원,여성,3,20대,부산광역시,고졸
4569,b3e5c6461dac4cd3be7f1685d837f9e2,여자,28,광주,4년제 대학교,일반 간호사,여성,3,20대,광주광역시,대졸
4570,4f494e5e10f740119fe492998e68d72c,여자,28,광주,4년제 대학교,무직,여성,3,20대,광주광역시,대졸
4571,6fdaa1b89bea40a5b5f296c4066d416b,여자,25,경상남,2~3년제 전문대학,무직,여성,3,20대,경상남도,전문대졸
4572,2489ecad81b84b6b9f788a2f19cdeeac,여자,22,서울,4년제 대학교,무직,여성,3,20대,서울특별시,대졸
4573,3a93f3b0dcf84748a38aa9a3386a2ffa,여자,29,서울,4년제 대학교,보육교사,여성,3,20대,서울특별시,대졸
4574,d501da2f636c4c6c8f105bbaff47d35d,여자,20,서울,2~3년제 전문대학,화장품·비누제품 기술자 및 연구원,여성,3,20대,서울특별시,전문대졸
4575,bf1dda4c5c6c4afdaaca36b1a2900935,여자,29,서울,4년제 대학교,"전직 전화 상담원, 현재 구직중",여성,3,20대,서울특별시,대졸
4576,a30a6043c88b477e8097ad6c1d64d165,여자,21,경상남,2~3년제 전문대학,보육교사,여성,3,20대,경상남도,전문대졸
4577,0251dc566de446ba930024c3d8308bf0,여자,23,충청북,4년제 대학교,철도교통 관제사,여성,3,20대,충청북,대졸
4578,d976ce6a80ef4770bfc02deea005ebd4,여자,22,경기,4년제 대학교,일반 비서,여성,3,20대,경기도,대졸
4579,6e8dbeb7c6884228b8ac49599a2f2049,여자,23,경기,4년제 대학교,음료 서비스 종사원,여성,3,20대,경기도,대졸
4580,1ff9642099bf4e45b469a7e798d59704,여자,24,충청남,4년제 대학교,"전직 마케팅 전문가, 현재 구직중",여성,3,20대,충청남,대졸
4581,10b20db6c4c64fad90205255a5648514,여자,27,전북,2~3년제 전문대학,무직,여성,3,20대,전북특별자치도,전문대졸
4582,30f35ef1dbe944d6820ba396234c614d,여자,26,경기,4년제 대학교,상품 기획자,여성,3,20대,경기도,대졸
4583,d04c54838feb4d44912d049817444f47,여자,21,경기,2~3년제 전문대학,일반 비서,여성,3,20대,경기도,전문대졸
4584,0b87884d60e843feae262a09aebe5e2b,여자,20,대전,2~3년제 전문대학,무직,여성,3,20대,대전광역시,전문대졸
4585,8d7eb8e381c94916912565468069abb5,여자,24,강원,4년제 대학교,영업 관련 관리자,여성,3,20대,강원특별자치도,대졸
4586,e29d13baaabf4dd7ba6c62ee3fe85a89,여자,26,서울,2~3년제 전문대학,무직,여성,3,20대,서울특별시,전문대졸
4587,1c9cc31a4b9e4fb28855832f1dc62ad1,여자,22,광주,4년제 대학교,일반 비서,여성,3,20대,광주광역시,대졸
4588,515f9c27f17d4a2190b51a44a7057f04,여자,22,부산,4년제 대학교,보육교사,여성,3,20대,부산광역시,대졸
4589,301478b2e4fa4851b73cd174413099f6,여자,29,서울,4년제 대학교,"전직 물리학 연구원, 현재 구직중",여성,3,20대,서울특별시,대졸
4590,a4bf59c096fc45fa9a6b6cb39c5c2aaa,여자,27,제주,고등학교,우편집배원,여성,3,20대,제주특별자치도,고졸
4591,a7c87888a71c4373ad6e7d9d6d7e0a4d,여자,23,경기,4년제 대학교,일반 비서,여성,3,20대,경기도,대졸
4592,9ee116d98f4943878f4b8cd262493090,여자,21,경기,고등학교,무직,여성,3,20대,경기도,고졸
4593,8ea00ddc6e224457807e66a13118f448,여자,25,충청북,4년제 대학교,무직,여성,3,20대,충청북,대졸
4594,88df2dfe40244c14b75e6a3ccbf33290,여자,26,대전,고등학교,경리 사무원,여성,3,20대,대전광역시,고졸
4595,db4e9aaec9f543079761aa3d3b8b1158,여자,26,인천,4년제 대학교,조사 전문가,여성,3,20대,인천광역시,대졸
4596,17f19a0afff8473991a02e09827281dd,여자,25,서울,4년제 대학교,무직,여성,3,20대,서울특별시,대졸
4597,90bfdec069794e5f839cfd0104020457,여자,23,경기,4년제 대학교,무직,여성,3,20대,경기도,대졸
4598,cd6e004383034f138e6bbb9f7275dfc2,여자,27,서울,2~3년제 전문대학,무직,여성,3,20대,서울특별시,전문대졸
4599,93aca2eae3334c6fa59f56560299a138,여자,23,경기,2~3년제 전문대학,"전직 보육 관련 시설 서비스 종사원, 현재 구직중",여성,3,20대,경기도,전문대졸
4600,7079281ce3f8420a8620197ea66c34f1,여자,28,경기,2~3년제 전문대학,무직,여성,3,20대,경기도,전문대졸
4601,d1ddf7d002ae4cddafc2e9ec63e918a5,여자,20,대전,2~3년제 전문대학,일반 비서,여성,3,20대,대전광역시,전문대졸
4602,db70eb5f00174e258d790c86d765c005,여자,28,경기,4년제 대학교,무직,여성,3,20대,경기도,대졸
4603,d81c5eb13bbc4fc8af59054eee4e28a2,여자,20,강원,2~3년제 전문대학,"전직 정보 시스템 운영자, 현재 구직중",여성,3,20대,강원특별자치도,전문대졸
4604,826afac28fa94f2d9f51f78d7a5bce72,여자,26,강원,2~3년제 전문대학,무직,여성,3,20대,강원특별자치도,전문대졸
4605,eb4b94c0a5e9465ea9bf7a9e4c3e511c,여자,23,전북,4년제 대학교,무직,여성,3,20대,전북특별자치도,대졸
4606,be23d0607450449e807488daa000c9c3,여자,24,대구,2~3년제 전문대학,음식 서비스 종사원,여성,3,20대,대구광역시,전문대졸
4607,e372363d212e44fa92d462fa34f4fe79,여자,29,경상남,고등학교,무직,여성,3,20대,경상남도,고졸
4608,5eb9f6be75b944d0b2831c2a72c55914,여자,20,서울,2~3년제 전문대학,무직,여성,3,20대,서울특별시,전문대졸
4609,5c8bf2a8d6e04cd5a4cad3f6781eca22,여자,29,서울,2~3년제 전문대학,무직,여성,3,20대,서울특별시,전문대졸
4610,feaf21942dc44935adc6892ec8f21ec1,여자,20,서울,2~3년제 전문대학,무직,여성,3,20대,서울특별시,전문대졸
4611,bc8f766ee3594987bf9697b43f73df8e,여자,26,서울,4년제 대학교,온라인 쇼핑 판매원,여성,3,20대,서울특별시,대졸
4612,89cb75f9446a48b0a00d50dcaff9a0ac,여자,22,전라남,4년제 대학교,무직,여성,3,20대,전라남,대졸
4613,863d4138501844cea323f274be2a2ac4,여자,23,경기,4년제 대학교,유치원 교사,여성,3,20대,경기도,대졸
4614,50612280f04746838acc9ae2211f99d5,여자,21,광주,2~3년제 전문대학,"전직 사무 보조원, 현재 구직중",여성,3,20대,광주광역시,전문대졸
4615,e3694084e15f42d08ab05439a53e4190,여자,27,서울,4년제 대학교,자동차공학 기술자 및 연구원,여성,3,20대,서울특별시,대졸
4616,b45fd01a065c4701949b786d69da745f,여자,24,경기,2~3년제 전문대학,경리 사무원,여성,3,20대,경기도,전문대졸
4617,ef906ce1b0904fbfa835780b079e7c12,여자,20,경상남,2~3년제 전문대학,음식 서비스 종사원,여성,3,20대,경상남도,전문대졸
4618,13bf03c927c9495999766af320ede3fb,여자,26,경기,2~3년제 전문대학,그 외 상점 판매원,여성,3,20대,경기도,전문대졸
4619,bfe0db9a4cc748799cd026cb9a736174,여자,26,대구,4년제 대학교,무직,여성,3,20대,대구광역시,대졸
4620,c3d537ed505a47b18ccfd8a116266344,여자,25,서울,고등학교,무직,여성,3,20대,서울특별시,고졸
4621,73c2afa599a0426db2c0514890d8ff0d,여자,28,서울,4년제 대학교,무직,여성,3,20대,서울특별시,대졸
4622,8fca974e3f5a4ab38edeace5e001a25f,여자,20,경기,2~3년제 전문대학,무직,여성,3,20대,경기도,전문대졸
4623,9e841f0c5dc54763b19b8a22a95ce60d,여자,27,서울,4년제 대학교,무직,여성,3,20대,서울특별시,대졸
4624,4ea7a7a0bc5b44d480f2780ca6dd8cda,여자,22,서울,4년제 대학교,해외 영업원,여성,3,20대,서울특별시,대졸
4625,85dadcb69c83483eb68192e1c9561947,여자,20,경상남,2~3년제 전문대학,소규모 상점 일선 관리 종사원,여성,3,20대,경상남도,전문대졸
4626,ab84b42b3284478490b4cb08fa140ce8,여자,26,경상남,2~3년제 전문대학,전화 상담원,여성,3,20대,경상남도,전문대졸
4627,390bed81834040d184527ecd4f5c647d,여자,29,충청남,고등학교,무직,여성,3,20대,충청남,고졸
4628,532b0a1a1e694b429eaaf6f9d87ac0ab,여자,27,경기,4년제 대학교,무직,여성,3,20대,경기도,대졸
4629,5e11126c485a4ca2857426ba196870bb,여자,26,경기,4년제 대학교,국가행정 사무원,여성,3,20대,경기도,대졸
4630,6f7eea521ee64b16a24d2b795ebd0e66,여자,24,울산,2~3년제 전문대학,무직,여성,3,20대,울산광역시,전문대졸
4631,c8bc75d5470b40558fdb99759e4154c3,여자,20,대구,2~3년제 전문대학,학습지 방문강사,여성,3,20대,대구광역시,전문대졸
4632,5fb86cf8c5c14cf59072c2b52ec1e258,여자,24,경기,2~3년제 전문대학,무직,여성,3,20대,경기도,전문대졸
4633,0cf6536c828f4ba997e21360b5b3a098,여자,23,전북,고등학교,건물 청소원,여성,3,20대,전북특별자치도,고졸
4634,d53c1c98af334678a22097a6282f53c6,여자,27,경기,4년제 대학교,일반 비서,여성,3,20대,경기도,대졸
4635,4af2738872a742d3bafb53573a6c685a,여자,27,경기,2~3년제 전문대학,무직,여성,3,20대,경기도,전문대졸
4636,c953ef2a7cd54543ad5d82bc643c1069,여자,23,서울,4년제 대학교,웹 운영자,여성,3,20대,서울특별시,대졸
4637,7045a06628d14b3ba1b732c4c48d45aa,여자,20,경기,2~3년제 전문대학,"전직 데이터 분석가, 현재 구직중",여성,3,20대,경기도,전문대졸
4638,45a84d828bf548ec8e787d017f3cd5c9,여자,20,인천,2~3년제 전문대학,무직,여성,3,20대,인천광역시,전문대졸
4639,c1d73bb633c144daafd03b1da6df941f,여자,24,울산,2~3년제 전문대학,보육교사,여성,3,20대,울산광역시,전문대졸
4640,ab5f46bd31864b1cadd6c0985d98e96e,여자,27,경기,4년제 대학교,무직,여성,3,20대,경기도,대졸
4641,372041ef9aee425689925f1c94725d55,여자,27,경기,2~3년제 전문대학,무직,여성,3,20대,경기도,전문대졸
4642,8219a952826445439c08927bda56abca,여자,21,충청남,2~3년제 전문대학,무직,여성,3,20대,충청남,전문대졸
4643,a70f642e2a724ab5920f3518f27f82d4,여자,24,경상남,4년제 대학교,무직,여성,3,20대,경상남도,대졸
4644,8386f60347e54deeb4969a94ca456b19,여자,20,경기,2~3년제 전문대학,무직,여성,3,20대,경기도,전문대졸
4645,c881a4c5d2c14eba8edac89c27249840,여자,29,서울,고등학교,인쇄 관련 기능 종사원,여성,3,20대,서울특별시,고졸
4646,9f56b31006914590b1e41aad815a4368,여자,20,경상북,2~3년제 전문대학,무직,여성,3,20대,경상북도,전문대졸
4647,268989ec5d584ed1bfa2025514410700,여자,26,경기,4년제 대학교,사무 보조원,여성,3,20대,경기도,대졸
4648,f0888762c36a43df9ad487cd7ef87753,여자,29,서울,4년제 대학교,치과위생사,여성,3,20대,서울특별시,대졸
4649,019f636f259240e0960bf0b286faf55b,여자,27,경기,4년제 대학교,교육 및 훈련 사무원,여성,3,20대,경기도,대졸
4650,94b7cb9ce7b847c7b17a7944c66b1868,여자,23,부산,2~3년제 전문대학,무직,여성,3,20대,부산광역시,전문대졸
4651,c9cde397cdb44d73a8bed118916740e7,여자,21,광주,2~3년제 전문대학,환경 관련 관리자,여성,3,20대,광주광역시,전문대졸
4652,752b414b99c24fceb6ab027212b6924e,여자,20,서울,2~3년제 전문대학,경리 사무원,여성,3,20대,서울특별시,전문대졸
4653,75a1cf792d514bf88ec0d4a04101aae8,여자,26,경기,4년제 대학교,무직,여성,3,20대,경기도,대졸
4654,8aaa3b97c3954f989f7da7f3a3146482,여자,21,서울,2~3년제 전문대학,"전직 행사 및 홍보 도우미, 현재 구직중",여성,3,20대,서울특별시,전문대졸
4655,6ade2cddee97425ba66bb6d18c165542,여자,21,광주,2~3년제 전문대학,무직,여성,3,20대,광주광역시,전문대졸
4656,15d26eb151004e98a21fd22ad65fd9bd,여자,27,대전,고등학교,무직,여성,3,20대,대전광역시,고졸
4657,ccabd7d980cc45729030cdfa5ef2583c,여자,26,서울,4년제 대학교,의무 기록사,여성,3,20대,서울특별시,대졸
4658,38264ab82ddf4a8497b85529ec582b68,여자,29,전북,4년제 대학교,무직,여성,3,20대,전북특별자치도,대졸
4659,6cf9d73710d542d083f97d501ef7e4c3,여자,24,경기,4년제 대학교,그 외 기계공학 기술자 및 연구원,여성,3,20대,경기도,대졸
4660,49a8c2aafc29440e92faba233ef408c1,여자,20,경기,2~3년제 전문대학,무직,여성,3,20대,경기도,전문대졸
4661,bc3a1fc6c6a04ddd92b11ec3cb353bea,여자,21,대전,고등학교,무직,여성,3,20대,대전광역시,고졸
4662,95e66b1a177b45c781d980c205d9e583,여자,24,서울,2~3년제 전문대학,일반 비서,여성,3,20대,서울특별시,전문대졸
4663,9af539639c1a4e969d3b27b8af6fe115,여자,27,광주,2~3년제 전문대학,온라인 쇼핑 판매원,여성,3,20대,광주광역시,전문대졸
4664,0d71c68e652340e197c0331db7f0aec7,여자,27,서울,4년제 대학교,그 외 건설·전기 및 생산 관련 관리자,여성,3,20대,서울특별시,대졸
4665,532d79a08ce345bcb213210ffb64f15a,여자,25,서울,4년제 대학교,데이터 분석가,여성,3,20대,서울특별시,대졸
4666,8158a6b00f2c4b4f92aab9455302082b,여자,22,서울,고등학교,무직,여성,3,20대,서울특별시,고졸
4667,d73fdad8573a4bf18541bf229ddcbad3,여자,20,경상남,2~3년제 전문대학,무직,여성,3,20대,경상남도,전문대졸
4668,36d94aaa981041b8902808e4fbc1bc4a,여자,22,서울,2~3년제 전문대학,화장품 판매원,여성,3,20대,서울특별시,전문대졸
4669,8b21b54cc703457280fcaf36b76192bf,여자,26,경기,4년제 대학교,화학 시험원,여성,3,20대,경기도,대졸
4670,fd290b28fead4fde9af944b0ddcaf7c4,여자,28,경기,4년제 대학교,유치원 교사,여성,3,20대,경기도,대졸
4671,a73a7515713d46c6bdaeef6a8b8cd158,여자,23,전북,4년제 대학교,온라인 쇼핑 판매원,여성,3,20대,전북특별자치도,대졸
4672,cbd0e9b628e74cd9813cec1dd2125f44,여자,21,부산,2~3년제 전문대학,무직,여성,3,20대,부산광역시,전문대졸
4673,f928e967eca242e88eeb8dc48fe10a16,여자,23,서울,고등학교,무직,여성,3,20대,서울특별시,고졸
4674,460d9741d30f40f6be6e9ec7de668362,여자,23,경상남,4년제 대학교,무직,여성,3,20대,경상남도,대졸
4675,1d84ad0c4ba04b9f88df9e1e00035cfb,여자,28,서울,4년제 대학교,그 외 일반 영업원,여성,3,20대,서울특별시,대졸
4676,5e8e3ab271f74b189d430c78c671115e,여자,28,서울,4년제 대학교,초등학교 교사,여성,3,20대,서울특별시,대졸
4677,665f14cfbd2644aa96f55ee68a8720c6,여자,27,서울,2~3년제 전문대학,무직,여성,3,20대,서울특별시,전문대졸
4678,4dd8dfc10abe4bbbaef4410600526a61,여자,24,경기,4년제 대학교,무직,여성,3,20대,경기도,대졸
4679,2b036e9c644148ec82ac1b2b1902b69b,여자,20,강원,2~3년제 전문대학,"전직 체인점 모집 및 관리 영업원, 현재 구직중",여성,3,20대,강원특별자치도,전문대졸
4680,4aff9e2b8ee44a80abcbdc73e0b27080,여자,26,경기,2~3년제 전문대학,스포츠 강사 및 트레이너,여성,3,20대,경기도,전문대졸
4681,30e94a9174bc4c8eb678d2550df3ba69,여자,25,부산,2~3년제 전문대학,무직,여성,3,20대,부산광역시,전문대졸
4682,a399fd28b59b4ca5bd36d7c4cfbf873e,여자,25,서울,4년제 대학교,경리 사무원,여성,3,20대,서울특별시,대졸
4683,1a70948a4b77475ba79307aa0bae2a5d,여자,27,경기,4년제 대학교,회계 사무원,여성,3,20대,경기도,대졸
4684,74ed3081758c41e09d93ac0c58a97acb,여자,26,대전,4년제 대학교,무직,여성,3,20대,대전광역시,대졸
4685,5b082dd4a0d34a9a9c14f42c92f5c92e,여자,20,경기,2~3년제 전문대학,경리 사무원,여성,3,20대,경기도,전문대졸
4686,06eee90994144b3da3874e2f1b22e438,여자,26,대구,2~3년제 전문대학,한식 조리사,여성,3,20대,대구광역시,전문대졸
4687,1322b2e685c74586bdf70fc1575ea158,여자,28,부산,4년제 대학교,그 외 제도사,여성,3,20대,부산광역시,대졸
4688,58db614510454af8b138285fdde2e94f,여자,25,경상북,고등학교,그 외 일반 영업원,여성,3,20대,경상북도,고졸
4689,86f69fbb5c37498b9fdc71237daf2563,여자,28,대전,4년제 대학교,무직,여성,3,20대,대전광역시,대졸
4690,e6feaac818344a85aabcd18825ee6dbf,여자,24,충청북,4년제 대학교,무직,여성,3,20대,충청북,대졸
4691,8f301b7c1dcc487bac1b94a8a0160b5b,여자,26,경기,대학원,무직,여성,3,20대,경기도,대학원졸
4692,ae4b3c3c10ab4c5c89b5aa5028b9abb7,여자,22,경기,2~3년제 전문대학,무직,여성,3,20대,경기도,전문대졸
4693,c0d9ff3e1b624aa1b381aab476ae1385,여자,28,경기,2~3년제 전문대학,식품 영업원,여성,3,20대,경기도,전문대졸
4694,60193f4f459246eda8658e259021bf2c,여자,26,경기,4년제 대학교,무직,여성,3,20대,경기도,대졸
4695,b1c061bc67ba40e1bab09c9dcb293107,여자,24,강원,4년제 대학교,무직,여성,3,20대,강원특별자치도,대졸
4696,04701d5b139a4c26be735f923cbc5dcc,여자,23,경기,2~3년제 전문대학,무직,여성,3,20대,경기도,전문대졸
4697,2342ae8130b04405864c54ddc21ee59d,여자,20,대구,2~3년제 전문대학,무직,여성,3,20대,대구광역시,전문대졸
4698,1f00f7e9efee4dcb878cfcfd1de849ca,여자,28,인천,4년제 대학교,일반 간호사,여성,3,20대,인천광역시,대졸
4699,7acca9998bbd47b4a4fd8effcd5ed33e,여자,21,경기,2~3년제 전문대학,그 외 일반 영업원,여성,3,20대,경기도,전문대졸
4700,e69f1de56e794db8a98394d832a29ead,여자,27,서울,4년제 대학교,그 외 일반 영업원,여성,3,20대,서울특별시,대졸
4701,7f03e1d90691421a9f61871b13c432df,여자,28,세종,고등학교,무직,여성,3,20대,세종특별자치시,고졸
4702,e14b950bf0c94755851627a58275a51e,여자,29,광주,2~3년제 전문대학,무직,여성,3,20대,광주광역시,전문대졸
4703,6c95d243f9b643ce865961356b2b55e7,여자,23,경기,4년제 대학교,무직,여성,3,20대,경기도,대졸
4704,5864f2d8205b4477888d928e346c70fa,여자,20,서울,2~3년제 전문대학,온라인 쇼핑 판매원,여성,3,20대,서울특별시,전문대졸
4705,0d12cafeb69c42c998bd950b8585571d,여자,24,서울,대학원,경영 컨설턴트,여성,3,20대,서울특별시,대학원졸
4706,328a7b2045db44049c14c9bcb548954d,여자,27,경기,고등학교,의류 판매원,여성,3,20대,경기도,고졸
4707,179547c92de24458a56ee72e22fb19ff,여자,21,경기,2~3년제 전문대학,보험 사무원,여성,3,20대,경기도,전문대졸
4708,5a5135b69e6c42689039ea0baae43d77,여자,23,강원,4년제 대학교,무직,여성,3,20대,강원특별자치도,대졸
4709,af778c9485934029b950a23996777ca7,여자,28,전북,4년제 대학교,일반 비서,여성,3,20대,전북특별자치도,대졸
4710,c2d85a79c32c4462a565331a961ed212,여자,23,경상북,4년제 대학교,음식 서비스 종사원,여성,3,20대,경상북도,대졸
4711,3740c4b0d32e44f69935dc314c3ff928,여자,25,경상북,4년제 대학교,무직,여성,3,20대,경상북도,대졸
4712,3528c5cbe74c4ad5bc20c556da2b1835,여자,24,대전,4년제 대학교,마케팅 전문가,여성,3,20대,대전광역시,대졸
4713,c4479975246a4cc3bfe76be22b1adc5b,여자,27,경기,4년제 대학교,무직,여성,3,20대,경기도,대졸
4714,92140dbf32df4173992501a9edbbb1da,여자,22,서울,2~3년제 전문대학,"전직 상·하수 배관공, 현재 구직중",여성,3,20대,서울특별시,전문대졸
4715,122d0a750fed41df850d6da4c3805c88,여자,24,서울,고등학교,무직,여성,3,20대,서울특별시,고졸
4716,c221c5b0dd8742b69f01205e1adaff2a,여자,23,경기,중학교,그 외 서비스 관련 단순 종사원,여성,3,20대,경기도,중졸
4717,47c0f48e3e14459aae4a3dc8f922c851,여자,22,서울,4년제 대학교,경리 사무원,여성,3,20대,서울특별시,대졸
4718,d94560eabf87404bb4cb0a519e93cac1,여자,26,서울,대학원,무직,여성,3,20대,서울특별시,대학원졸
4719,de5051bd74ec4373a19d7edda0e645b2,여자,29,서울,4년제 대학교,공공행정 전문가,여성,3,20대,서울특별시,대졸
4720,6164d14f9ca14c1f84259dcb1d5251f9,여자,20,서울,2~3년제 전문대학,재무 관리자,여성,3,20대,서울특별시,전문대졸
4721,7ed734662db04ae298f9468361d40334,여자,23,경상남,2~3년제 전문대학,그 외 스포츠 및 레크리에이션 관련 전문가,여성,3,20대,경상남도,전문대졸
4722,080fdb4962244604ac13c5f8b8ad6804,여자,23,충청남,고등학교,무직,여성,3,20대,충청남,고졸
4723,b7d89408a57d4f17965b81ce805375a2,여자,27,울산,4년제 대학교,무직,여성,3,20대,울산광역시,대졸
4724,5377e2854321456a88c824a3389a60eb,여자,27,경기,초등학교,건물 청소원,여성,3,20대,경기도,초졸이하
4725,735dc2aa08224b4ab954ad24c6fb8455,여자,27,전라남,2~3년제 전문대학,일반 비서,여성,3,20대,전라남,전문대졸
4726,c34bdcbff2574e4d8b9dac202a748c90,여자,21,강원,2~3년제 전문대학,"전직 보육교사, 현재 구직중",여성,3,20대,강원특별자치도,전문대졸
4727,8d46513ac1944e06a5c82a0e83e76ed7,여자,25,서울,4년제 대학교,무직,여성,3,20대,서울특별시,대졸
4728,3b63e3fbbb1349faa4ceb49e6aa8108c,여자,23,인천,4년제 대학교,무직,여성,3,20대,인천광역시,대졸
4729,63458d2ab05e4dea87d1f13a96a41181,여자,22,울산,4년제 대학교,무직,여성,3,20대,울산광역시,대졸
4730,974a7adfcecb4ca1a7465be0208e4f84,여자,22,경기,고등학교,무직,여성,3,20대,경기도,고졸
4731,e12d28240f9b42c0af82d9a5966a61a5,여자,20,인천,2~3년제 전문대학,한식 조리사,여성,3,20대,인천광역시,전문대졸
4732,7bb177b1c7c844ca9fdcb84f372b6f61,여자,21,서울,고등학교,일반 비서,여성,3,20대,서울특별시,고졸
4733,d9ea4c3785d34df78949157a9a3891c9,여자,24,서울,4년제 대학교,무직,여성,3,20대,서울특별시,대졸
4734,95589525db724970b9a636f958534a27,여자,27,경상남,4년제 대학교,기업 고위 임원,여성,3,20대,경상남도,대졸
4735,d557fd0a9526419eb3d1db8f0e05f9d2,여자,26,부산,대학원,무직,여성,3,20대,부산광역시,대학원졸
4736,d174df92e5a74a8fa9182c148f54caf8,여자,26,경기,2~3년제 전문대학,회계 사무원,여성,3,20대,경기도,전문대졸
4737,fdff7078bbaa422a9975e6d790fe8ecc,여자,26,부산,2~3년제 전문대학,사무 보조원,여성,3,20대,부산광역시,전문대졸
4738,26d821daa0b84a4d83041a425982e978,여자,23,경상남,4년제 대학교,무직,여성,3,20대,경상남도,대졸
4739,923cb1fdd3b54c2590aec353ca4601c3,여자,22,서울,2~3년제 전문대학,음료 서비스 종사원,여성,3,20대,서울특별시,전문대졸
4740,59506013b67e4d8288bf87301aecca68,여자,25,대구,4년제 대학교,무직,여성,3,20대,대구광역시,대졸
4741,a364caee7c9046deae60ca5ce180b3e6,여자,20,충청북,2~3년제 전문대학,경·소형 화물차 운전원,여성,3,20대,충청북,전문대졸
4742,2c91a2a1fe3e458d96133cd435f8f8f9,여자,24,울산,고등학교,무직,여성,3,20대,울산광역시,고졸
4743,05c4f024adc24c74a44bc12c919c4724,여자,28,인천,고등학교,주방 보조원,여성,3,20대,인천광역시,고졸
4744,a8105be199a84398b8058ae9f207ea92,여자,26,경기,2~3년제 전문대학,사무 보조원,여성,3,20대,경기도,전문대졸
4745,2b7a598cc19744699bb0ae7062bcdb62,여자,21,서울,2~3년제 전문대학,사무 보조원,여성,3,20대,서울특별시,전문대졸
4746,f1e1e3a3c93347078d9b4c5c51423c92,여자,23,서울,대학원,국가행정 사무원,여성,3,20대,서울특별시,대학원졸
4747,09664a1cb4cd4520983cec6dc69c58cc,여자,25,경상남,4년제 대학교,무직,여성,3,20대,경상남도,대졸
4748,2988c5d79c394cf4a3c9cdc6d15cfdfc,여자,28,강원,2~3년제 전문대학,무직,여성,3,20대,강원특별자치도,전문대졸
4749,94620d5f2a37421d989815816e222e28,여자,28,경기,4년제 대학교,무직,여성,3,20대,경기도,대졸
4750,e28c7fd206794f14923ee81fe85f0b16,여자,22,전라남,2~3년제 전문대학,"전직 그 외 기능 관련 종사원, 현재 구직중",여성,3,20대,전라남,전문대졸
4751,b0011488f16d42a3b940af7298869438,여자,26,서울,4년제 대학교,한식 조리사,여성,3,20대,서울특별시,대졸
4752,aac78d8dfbd04f07a1b3500f707d1ffe,여자,21,전북,2~3년제 전문대학,그 외 의복 제조 관련 기능 종사원,여성,3,20대,전북특별자치도,전문대졸
4753,00a2b5bfe96c4a0fbc646db7753cd390,여자,27,부산,4년제 대학교,광고 전문가,여성,3,20대,부산광역시,대졸
4754,48e245a64a674c53a92e04b0ede4210a,여자,26,인천,4년제 대학교,무직,여성,3,20대,인천광역시,대졸
4755,c890de6399074ee3a87a03493f254045,여자,23,서울,4년제 대학교,음식 서비스 종사원,여성,3,20대,서울특별시,대졸
4756,5ab1e813740e4444a626dd3f03b8395b,여자,29,경기,고등학교,온라인 쇼핑 판매원,여성,3,20대,경기도,고졸
4757,e808e39e889240888e23f8254dd7c342,여자,24,서울,2~3년제 전문대학,그 외 조리사,여성,3,20대,서울특별시,전문대졸
4758,4a8d90f3d218467098353c3d26db7b6b,여자,23,인천,2~3년제 전문대학,무직,여성,3,20대,인천광역시,전문대졸
4759,1bdfd0af06d547c7b5aa3e7871e9952a,여자,22,서울,2~3년제 전문대학,무직,여성,3,20대,서울특별시,전문대졸
4760,8ae55f187eee44f28e3c00cf4bf1b2e6,여자,21,제주,2~3년제 전문대학,사진가,여성,3,20대,제주특별자치도,전문대졸
4761,58f956efbfd4429a828382226419405a,여자,27,서울,고등학교,무직,여성,3,20대,서울특별시,고졸
4762,0ed51bf3e0464391924826816cd77eaf,여자,23,제주,고등학교,한식 조리사,여성,3,20대,제주특별자치도,고졸
4763,fabe7194f73d4a72a9174b5a14fe010d,여자,25,경상남,고등학교,무직,여성,3,20대,경상남도,고졸
4764,cbf73add9fac4d329617003ba88c182c,여자,26,서울,고등학교,그 외 음식 서비스 종사원,여성,3,20대,서울특별시,고졸
4765,51adb5c30d6842218a32a77f16a77cce,여자,25,경기,2~3년제 전문대학,지방행정 사무원,여성,3,20대,경기도,전문대졸
4766,2fecbb26dbbd4c0da40f04c4fe5ae768,여자,23,광주,4년제 대학교,무직,여성,3,20대,광주광역시,대졸
4767,e2f007858ece48c7a976d42eee6caa4c,여자,24,충청남,4년제 대학교,무직,여성,3,20대,충청남,대졸
4768,4f0f4ae6f7784e6e9a55f1643a48ee3b,여자,27,경기,4년제 대학교,무직,여성,3,20대,경기도,대졸
4769,6c6613b8b65e468e9457db9946dab3f3,여자,29,서울,4년제 대학교,마케팅 전문가,여성,3,20대,서울특별시,대졸
4770,ec6da8210c0d418b9d0ce01c0e3f5fa7,여자,22,경기,4년제 대학교,무직,여성,3,20대,경기도,대졸
4771,58016f04afe8470baf118d2332324b5c,여자,24,경상남,4년제 대학교,무직,여성,3,20대,경상남도,대졸
4772,2d1677efa2cb4bf09ed110976148e9c1,여자,21,서울,2~3년제 전문대학,음료 서비스 종사원,여성,3,20대,서울특별시,전문대졸
4773,63da839dfe2f43268ea352bcedcd4bc4,여자,28,경기,4년제 대학교,무직,여성,3,20대,경기도,대졸
4774,ad39ee777746485c9637c278ea82687e,여자,21,경기,2~3년제 전문대학,마케팅 전문가,여성,3,20대,경기도,전문대졸
4775,925c2528fd2b456a937f1eb88c64f12c,여자,23,경상북,4년제 대학교,무직,여성,3,20대,경상북도,대졸
4776,33477340724d47329376e3ce40a25222,여자,25,부산,4년제 대학교,유치원 교사,여성,3,20대,부산광역시,대졸
4777,a4cf3a7f75b1471b863a9716177666b0,여자,20,서울,2~3년제 전문대학,무직,여성,3,20대,서울특별시,전문대졸
4778,4a3c5d9791964e278bdb74c713f341ce,여자,28,경기,무학,시설 경비원,여성,3,20대,경기도,무학
4779,81caf0abf5c74972a52b077013dba4e7,여자,28,서울,고등학교,무직,여성,3,20대,서울특별시,고졸
4780,c94fdcfe1bba45d3b2a1ed12ee28d4dc,여자,21,광주,2~3년제 전문대학,무직,여성,3,20대,광주광역시,전문대졸
4781,d5ad83037f0f42189a2a8592fa13d627,여자,20,서울,2~3년제 전문대학,무직,여성,3,20대,서울특별시,전문대졸
4782,77047ebc701946c9bbb3c91663e4524c,여자,29,경상북,4년제 대학교,무직,여성,3,20대,경상북도,대졸
4783,b57ea2a0187b4dd5a17eb4163cd45d65,여자,23,경기,고등학교,무직,여성,3,20대,경기도,고졸
4784,ccb91e804b684aa5a5bd15f70ca57432,여자,25,인천,고등학교,"전직 그 외 돌봄 및 보건 서비스 종사원, 현재 구직중",여성,3,20대,인천광역시,고졸
4785,fc2f933bb865437aa24049b1d66c1fa5,여자,21,경기,2~3년제 전문대학,유치원 교사,여성,3,20대,경기도,전문대졸
4786,05a58ce19a4640628814d839843fc482,여자,29,부산,고등학교,무직,여성,3,20대,부산광역시,고졸
4787,b8cb17f4cbfb468b90fa3d394636ef02,여자,20,경기,2~3년제 전문대학,무직,여성,3,20대,경기도,전문대졸
4788,20b1b6e548064498ba65dbd307e2e42e,여자,29,서울,4년제 대학교,무직,여성,3,20대,서울특별시,대졸
4789,951d0aec4a8b43e8ba34cdcbeb21ae4f,여자,20,대전,고등학교,무직,여성,3,20대,대전광역시,고졸
4790,433da4a4bfc9476ba927d516dfbde96a,여자,26,서울,4년제 대학교,방송 및 시나리오 작가,여성,3,20대,서울특별시,대졸
4791,6c26c920c21140de9dd58dd17f523990,여자,25,경기,2~3년제 전문대학,그 외 법률 관련 사무원,여성,3,20대,경기도,전문대졸
4792,8631490fa9f14f33a0266f329287ac9b,여자,21,경기,2~3년제 전문대학,무직,여성,3,20대,경기도,전문대졸
4793,aafa2ef855e246f1ac87896c50ef700b,여자,20,강원,2~3년제 전문대학,"전직 보육교사, 현재 구직중",여성,3,20대,강원특별자치도,전문대졸
4794,7f3f297ef921461f98fec51c323cdf4f,여자,27,경기,4년제 대학교,일반 비서,여성,3,20대,경기도,대졸
4795,06722117c68c445386c4c038b1f61eb0,여자,24,경기,2~3년제 전문대학,무직,여성,3,20대,경기도,전문대졸
4796,de5175cbaefd4064a1725b4c7948958e,여자,25,서울,4년제 대학교,그 외 기획 및 마케팅 사무원,여성,3,20대,서울특별시,대졸
4797,a1507f0af32e4870b656e80777e5cd26,여자,24,서울,4년제 대학교,"전직 상품 기획자, 현재 구직중",여성,3,20대,서울특별시,대졸
4798,2f61051cf2074c919c2b81d3149a00a4,여자,20,인천,2~3년제 전문대학,무직,여성,3,20대,인천광역시,전문대졸
4799,e322323107474ecfb49cd8f53edafed1,여자,27,제주,4년제 대학교,무직,여성,3,20대,제주특별자치도,대졸
4800,ca9b57925c734abcba7a24e6a6dea13b,여자,26,부산,4년제 대학교,전화 상담원,여성,3,20대,부산광역시,대졸
4801,b8ecae96fafa4805965fac947137a529,여자,21,부산,2~3년제 전문대학,국가행정 사무원,여성,3,20대,부산광역시,전문대졸
4802,11d358a956984e769a4354d66d0169ec,여자,28,경상남,2~3년제 전문대학,재무 관리자,여성,3,20대,경상남도,전문대졸
4803,7c9be847b1ff402fad2765b942b895f5,여자,29,부산,4년제 대학교,그 외 전기공학 기술자 및 연구원,여성,3,20대,부산광역시,대졸
4804,f028f1436cc34cc3b0edcc6559a17317,여자,29,서울,4년제 대학교,무직,여성,3,20대,서울특별시,대졸
4805,c19b615a9ebc418eb649d997846c09c5,여자,21,광주,2~3년제 전문대학,무직,여성,3,20대,광주광역시,전문대졸
4806,f7d450462a87480da8db229ee2f9dee3,여자,21,경기,2~3년제 전문대학,조세행정 사무원,여성,3,20대,경기도,전문대졸
4807,6d3135c0aa6d4c17a056b6caf39ba0ad,여자,26,서울,4년제 대학교,무직,여성,3,20대,서울특별시,대졸
4808,6c774a9412124f12a21646bfb700f97f,여자,23,서울,4년제 대학교,무직,여성,3,20대,서울특별시,대졸
4809,15615527da06452f9a19492040f3dc99,여자,22,경기,고등학교,무직,여성,3,20대,경기도,고졸
4810,d3ec5a89f7544cf59eb5fffa60d0900c,여자,20,대전,2~3년제 전문대학,한식 조리사,여성,3,20대,대전광역시,전문대졸
4811,d76bbfcb312b46108bd0d9ee43a23e8a,여자,26,경기,4년제 대학교,관리 비서,여성,3,20대,경기도,대졸
4812,53682c9c8e694c13811411912dac5756,여자,26,대구,2~3년제 전문대학,무직,여성,3,20대,대구광역시,전문대졸
4813,006a6a498a4147aca208c058b1ea0672,여자,27,대구,4년제 대학교,유치원 교사,여성,3,20대,대구광역시,대졸
4814,d5f9e2778bd4407d9e78ba13ba568c03,여자,28,대전,4년제 대학교,무직,여성,3,20대,대전광역시,대졸
4815,fd3b844da9134eeabd9aaa9adf887d92,여자,24,부산,2~3년제 전문대학,무직,여성,3,20대,부산광역시,전문대졸
4816,bda207035e79424e9edcf9f9dd381482,여자,25,광주,4년제 대학교,무직,여성,3,20대,광주광역시,대졸
4817,30974b51c410432c989289638151a871,여자,21,경기,2~3년제 전문대학,무직,여성,3,20대,경기도,전문대졸
4818,3c4de30ce31d4a298d8ebd462f2f3d69,여자,27,서울,고등학교,"전직 그 외 자동차 운전원, 현재 구직중",여성,3,20대,서울특별시,고졸
4819,2477b85a058243a3baf752a1cfd9e289,여자,25,경상남,4년제 대학교,무직,여성,3,20대,경상남도,대졸
4820,d4627da106d54bda9436f89a355c2da4,여자,20,서울,고등학교,그 외 조리사,여성,3,20대,서울특별시,고졸
4821,16e0dfaa09814266b8876b3ed12a56fc,여자,28,부산,4년제 대학교,회계 사무원,여성,3,20대,부산광역시,대졸
4822,9cda019d84ac4a90abb4c860b9840df2,여자,23,서울,고등학교,시설 경비원,여성,3,20대,서울특별시,고졸
4823,44b6ba3e79b54931a7c30bafba93de7a,여자,24,전북,4년제 대학교,치과위생사,여성,3,20대,전북특별자치도,대졸
4824,80a82ef06594441db7c3b0999f2c1b27,여자,22,경기,고등학교,무직,여성,3,20대,경기도,고졸
4825,fb473826bea24cb2b0c79b59f3bf7bd3,여자,28,서울,4년제 대학교,무직,여성,3,20대,서울특별시,대졸
4826,47f8bca3741d4b5883abdc3059b153b6,여자,23,경기,4년제 대학교,무직,여성,3,20대,경기도,대졸
4827,4f365f7dc8de43329225b33dba0281d8,여자,23,서울,4년제 대학교,무직,여성,3,20대,서울특별시,대졸
4828,8a50535781924ee7a88115a741acc350,여자,24,대구,2~3년제 전문대학,무직,여성,3,20대,대구광역시,전문대졸
4829,3cd20936099d43b9812bdc50d4aab7a6,여자,26,서울,4년제 대학교,공공행정 사무원,여성,3,20대,서울특별시,대졸
4830,7005bda7672f400693eaddea94db32dc,여자,27,경상북,고등학교,웹 프로그래머,여성,3,20대,경상북도,고졸
4831,0d7d8479aecf48dcab0033e5f431165b,여자,26,부산,고등학교,교육 및 훈련 사무원,여성,3,20대,부산광역시,고졸
4832,8548361a80934705919f16b01a63a04e,여자,24,경상남,4년제 대학교,전화 상담원,여성,3,20대,경상남도,대졸
4833,f8e071b2500c44c4ad880113200fa359,여자,23,경기,4년제 대학교,무직,여성,3,20대,경기도,대졸
4834,12054c8139f04e2f9f06dc76e3518630,여자,25,서울,4년제 대학교,보육교사,여성,3,20대,서울특별시,대졸
4835,5ba82f2b0fe347069bf528023956ef83,여자,21,경기,2~3년제 전문대학,무직,여성,3,20대,경기도,전문대졸
4836,05f87cdefd624e4c9972eaeec495ceb3,여자,28,경기,4년제 대학교,마케팅 전문가,여성,3,20대,경기도,대졸
4837,9eb4382fccab4a9cb408a7ebd72ba850,여자,24,경기,2~3년제 전문대학,판매 관련 관리자,여성,3,20대,경기도,전문대졸
4838,41abbb40ec99411eb5a3e8cb52110a97,여자,20,대전,2~3년제 전문대학,무직,여성,3,20대,대전광역시,전문대졸
4839,36076f08a9fa46c39e4d947c1e3ee611,여자,24,경기,2~3년제 전문대학,무직,여성,3,20대,경기도,전문대졸
4840,e5c79c1c66d446a08a4934c925b8327d,여자,26,서울,4년제 대학교,건축 제도사,여성,3,20대,서울특별시,대졸
4841,cafb88d263214a2fbf716fd81927975d,여자,26,경기,2~3년제 전문대학,"전직 해양 경찰관 및 수사관, 현재 구직중",여성,3,20대,경기도,전문대졸
4842,0e588a180adf475faeea3ea1b7958136,여자,26,경기,2~3년제 전문대학,그 외 생명과학 시험원,여성,3,20대,경기도,전문대졸
4843,17597a25aba44bf98d497c1cfcdffaa7,여자,22,서울,고등학교,음료 서비스 종사원,여성,3,20대,서울특별시,고졸
4844,bdaf922eebc342059a8b86e6e7d433a4,여자,24,광주,4년제 대학교,이벤트 전문가,여성,3,20대,광주광역시,대졸
4845,85d0988a528a43c4b5d485220fbf7832,여자,29,인천,4년제 대학교,무직,여성,3,20대,인천광역시,대졸
4846,8ab524c125214add943eee3a97caf27a,여자,21,경기,2~3년제 전문대학,의무 기록사,여성,3,20대,경기도,전문대졸
4847,b44eb74d7bfa407bba531b7fdc20f86b,여자,21,대전,2~3년제 전문대학,"전직 해외 영업원, 현재 구직중",여성,3,20대,대전광역시,전문대졸
4848,e319ffade1074091b267fea99c3c534a,여자,22,경기,2~3년제 전문대학,한식 조리사,여성,3,20대,경기도,전문대졸
4849,92ffaa54c38242beb56047798544d258,여자,29,서울,4년제 대학교,무직,여성,3,20대,서울특별시,대졸
4850,6f66e1e87a9f4dc086911ed03d9541a2,여자,25,대구,4년제 대학교,무직,여성,3,20대,대구광역시,대졸
4851,2eadf173437f4e7c8d9978577b0f5515,여자,28,서울,4년제 대학교,무직,여성,3,20대,서울특별시,대졸
4852,d6b7128e2d0e4521b0de112b7485898e,여자,27,대구,4년제 대학교,입학 사정관,여성,3,20대,대구광역시,대졸
4853,b5e875b3166c44739210f1e3906bf01e,여자,21,부산,2~3년제 전문대학,무직,여성,3,20대,부산광역시,전문대졸
4854,dfe12ec48c664f0e9798577e99020d52,여자,25,경기,2~3년제 전문대학,무직,여성,3,20대,경기도,전문대졸
4855,b40b557ad27343cb98b55af1e2f462a0,여자,27,인천,2~3년제 전문대학,그 외 기능 관련 종사원,여성,3,20대,인천광역시,전문대졸
4856,fc7e2bd7882e4113b90ededed9d320aa,여자,28,서울,고등학교,전화 상담원,여성,3,20대,서울특별시,고졸
4857,fec9cc2e8d7b4278a6150a4baa68ffe6,여자,29,인천,4년제 대학교,무직,여성,3,20대,인천광역시,대졸
4858,6d260566102647aeaed0da551ce5650f,여자,26,경상북,2~3년제 전문대학,건물 내 전기 설치 및 정비원,여성,3,20대,경상북도,전문대졸
4859,f1e651c614a2421aa3375d830ebd2828,여자,26,서울,4년제 대학교,무직,여성,3,20대,서울특별시,대졸
4860,97bc9edabce74c8582d5ba0886392aa8,여자,20,경기,2~3년제 전문대학,무직,여성,3,20대,경기도,전문대졸
4861,b541061e1066408baed81a12fe405912,여자,28,전라남,4년제 대학교,일반 비서,여성,3,20대,전라남,대졸
4862,ae864eeeb69b402ea4286b2a28c10b40,여자,28,인천,4년제 대학교,상품 기획자,여성,3,20대,인천광역시,대졸
4863,c6a8ae8f5b084badaf1b70c87d69fafa,여자,28,경기,4년제 대학교,소년원 학교 교사,여성,3,20대,경기도,대졸
4864,ec7fbcb00691474dafefe1d1243c118c,여자,23,인천,고등학교,간호조무사,여성,3,20대,인천광역시,고졸
4865,cca5b1567e4c413d82f75d9815ea7f17,여자,25,서울,2~3년제 전문대학,무직,여성,3,20대,서울특별시,전문대졸
4866,07dd018d3fb24aa093bef3d9af8fe1ee,여자,27,부산,4년제 대학교,경영 컨설턴트,여성,3,20대,부산광역시,대졸
4867,ffd3305f39f94c658dd84d7119f59af6,여자,25,서울,고등학교,관세행정 사무원,여성,3,20대,서울특별시,고졸
4868,6a2bd03400534475baa935df262bfb43,여자,26,서울,2~3년제 전문대학,관리 비서,여성,3,20대,서울특별시,전문대졸
4869,c7550f1bfc4c4e8fb2b2f1109ef1da35,여자,29,경기,4년제 대학교,그 외 제품 디자이너,여성,3,20대,경기도,대졸
4870,c59ad6cf360049d3833f26399af2053d,여자,25,경기,4년제 대학교,무직,여성,3,20대,경기도,대졸
4871,f2bc1488133a482db9eeb2dffc499304,여자,27,경기,고등학교,무직,여성,3,20대,경기도,고졸
4872,5ba09e5f5bd84b688aa8dfebec7869c1,여자,27,경기,4년제 대학교,무직,여성,3,20대,경기도,대졸
4873,3c6a678dd4fe460bb773ea6cf8b5de0a,여자,21,서울,2~3년제 전문대학,"전직 일반 간호사, 현재 구직중",여성,3,20대,서울특별시,전문대졸
4874,eec9732f67cf4cbcafa405bfe962414c,여자,26,강원,2~3년제 전문대학,무직,여성,3,20대,강원특별자치도,전문대졸
4875,3e7fad82a68648a3923f49a153e883d5,여자,28,경기,4년제 대학교,의료과학 시험원,여성,3,20대,경기도,대졸
4876,fe7663e9ed48462f8d4a4ec4238a4369,여자,29,서울,4년제 대학교,"전직 마케팅 관리자, 현재 구직중",여성,3,20대,서울특별시,대졸
4877,18d1f426ebc446748bf56cf018e42893,여자,20,충청남,고등학교,무직,여성,3,20대,충청남,고졸
4878,b83be603d3bb48f8b59492dce82c4444,여자,22,부산,4년제 대학교,무직,여성,3,20대,부산광역시,대졸
4879,c9c22542ec71443486e911ac415b52ce,여자,25,인천,2~3년제 전문대학,무직,여성,3,20대,인천광역시,전문대졸
4880,ec065d25c5f74df6bb286c24fffd7e8a,여자,28,대전,고등학교,무직,여성,3,20대,대전광역시,고졸
4881,fbfa7611796747698c7ea3936956497f,여자,27,서울,4년제 대학교,보험 사무원,여성,3,20대,서울특별시,대졸
4882,bd1fd1aca15648ed9975a8622b6e981b,여자,20,서울,2~3년제 전문대학,양식 조리사,여성,3,20대,서울특별시,전문대졸
4883,3b880a0c605a4098a49f754a69f21bc5,여자,28,강원,2~3년제 전문대학,무직,여성,3,20대,강원특별자치도,전문대졸
4884,4b494c4f12b64fea88216bd6b5d43a29,여자,20,충청북,2~3년제 전문대학,관세행정 사무원,여성,3,20대,충청북,전문대졸
4885,28cef5d82461443fa4e2271345cabedb,여자,21,서울,2~3년제 전문대학,그 외 숙박시설 서비스원,여성,3,20대,서울특별시,전문대졸
4886,024518eab50f4e86b4414fb2720598a6,여자,21,강원,2~3년제 전문대학,보육교사,여성,3,20대,강원특별자치도,전문대졸
4887,1838c122fcb14290989af36a3d0d0644,여자,27,전북,고등학교,가사 도우미,여성,3,20대,전북특별자치도,고졸
4888,a4c06092e0714f9bacc11a595962b032,여자,28,경기,4년제 대학교,웨딩플래너,여성,3,20대,경기도,대졸
4889,87cc1671d64947ce8fd9d441ed92895d,여자,28,서울,4년제 대학교,무직,여성,3,20대,서울특별시,대졸
4890,57f140f78a1e4d109f3f6f6a0ea6ec0f,여자,21,인천,2~3년제 전문대학,무직,여성,3,20대,인천광역시,전문대졸
4891,97868aaa25ac44c697d59c265271e08a,여자,20,서울,2~3년제 전문대학,일반 비서,여성,3,20대,서울특별시,전문대졸
4892,48d17c1db9b3478da7c8f7512e346190,여자,23,경기,2~3년제 전문대학,한식 조리사,여성,3,20대,경기도,전문대졸
4893,058c3da520b64f68a0c65f7c8945f09b,여자,26,부산,4년제 대학교,그 외 음식 서비스 종사원,여성,3,20대,부산광역시,대졸
4894,caa950b584514184b905821554bae4d0,여자,21,대구,2~3년제 전문대학,무직,여성,3,20대,대구광역시,전문대졸
4895,b46cf55d3dd94cad8f81121ad4fc0eee,여자,29,경상남,2~3년제 전문대학,그 외 전기·전자기기 설치 및 수리원,여성,3,20대,경상남도,전문대졸
4896,b3d09a448bc4417ea74a1e86aab75d64,여자,21,충청남,고등학교,무직,여성,3,20대,충청남,고졸
4897,3a9abc7fe387452a910817436ae0b292,여자,28,경기,대학원,치과 일반 의사,여성,3,20대,경기도,대학원졸
4898,c2621fa648554b72a0de3b75a74ff298,여자,26,경기,대학원,무직,여성,3,20대,경기도,대학원졸
4899,ac453475803c4092b95674b5f34bd481,여자,24,서울,2~3년제 전문대학,그 외 상점 판매원,여성,3,20대,서울특별시,전문대졸
4900,41dd0c46d7ea4bf0a6ce72dfd8873717,여자,29,경기,4년제 대학교,주방장,여성,3,20대,경기도,대졸
4901,845e66dce256449092649ca2723de829,여자,23,대구,4년제 대학교,경리 사무원,여성,3,20대,대구광역시,대졸
4902,4854ecc58c0f47fe81dcac3a6d393ba3,여자,29,전북,4년제 대학교,무직,여성,3,20대,전북특별자치도,대졸
4903,e25600227d1e45cf8ec765d92da6d0d7,여자,21,경상북,2~3년제 전문대학,무직,여성,3,20대,경상북도,전문대졸
4904,893b9af553354125a41498c956742ec0,여자,22,경기,4년제 대학교,유치원 교사,여성,3,20대,경기도,대졸
4905,894617c69392467e8abf4f98ee354d8a,여자,22,경기,4년제 대학교,무직,여성,3,20대,경기도,대졸
4906,c88bac735ec54d948d94d400677ceb14,여자,23,인천,4년제 대학교,"전직 보육교사, 현재 구직중",여성,3,20대,인천광역시,대졸
4907,015c02c11745419db60d65598fa560a7,여자,28,경기,4년제 대학교,보육교사,여성,3,20대,경기도,대졸
4908,4ac1f5facf27414891d7b65a05a0c4cb,여자,24,경상북,4년제 대학교,일반 비서,여성,3,20대,경상북도,대졸
4909,599de9a836c747a884d0301455813271,여자,20,경기,2~3년제 전문대학,무직,여성,3,20대,경기도,전문대졸
4910,a4fbd7aa19da486689d93379afadab2e,여자,25,경기,4년제 대학교,무직,여성,3,20대,경기도,대졸
4911,937770a2ce814ff2aa2d2bc97fb4ab8c,여자,28,서울,고등학교,무직,여성,3,20대,서울특별시,고졸
4912,bc84a62afc0a4f23ba34e371e9caa3f1,여자,29,서울,대학원,조세행정 사무원,여성,3,20대,서울특별시,대학원졸
4913,d341b1a902aa4c609df8ad0f8f5e8ba9,여자,24,대구,2~3년제 전문대학,학습지 방문강사,여성,3,20대,대구광역시,전문대졸
4914,80356b6b5f1340b59003fac6c6d3a98d,여자,22,경기,4년제 대학교,무직,여성,3,20대,경기도,대졸
4915,8b93b8029eef48d59571ec73c76d4ce7,여자,23,전라남,고등학교,무직,여성,3,20대,전라남,고졸
4916,5eae9c4cba814934ba9e2a2617333234,여자,29,경상북,4년제 대학교,무직,여성,3,20대,경상북도,대졸
4917,cc7614e469a940219529be07b5306147,여자,26,서울,대학원,무직,여성,3,20대,서울특별시,대학원졸
4918,6edf08bc65964adba89d2c63c87b45e5,여자,25,전북,2~3년제 전문대학,사무 보조원,여성,3,20대,전북특별자치도,전문대졸
4919,622045c52e8c489091dcaa8eb2884113,여자,20,부산,2~3년제 전문대학,그 외 숙박시설 서비스원,여성,3,20대,부산광역시,전문대졸
4920,ddd6402602ae48a59cc7aa5c034182fc,여자,22,서울,고등학교,조세행정 사무원,여성,3,20대,서울특별시,고졸
4921,e4cdf42adb5e4611a9cc02e1bc7d2c81,여자,25,대전,4년제 대학교,"전직 관세행정 사무원, 현재 구직중",여성,3,20대,대전광역시,대졸
4922,e1ef6f5a52ff43fd86135a89579accc0,여자,25,서울,4년제 대학교,무직,여성,3,20대,서울특별시,대졸
4923,8ffeec2eb9824521aee62e95e5bbc4ac,여자,29,인천,고등학교,사무 보조원,여성,3,20대,인천광역시,고졸
4924,ceff2516507d4db19f52d1486933b083,여자,20,경기,고등학교,무직,여성,3,20대,경기도,고졸
4925,bc61d884059d4e0d95f79c2dd09e8ed6,여자,26,경기,2~3년제 전문대학,국가행정 사무원,여성,3,20대,경기도,전문대졸
4926,f046305a470b423cb9e4b5e10726a8ba,여자,24,서울,4년제 대학교,화학물 여과기 및 분리기 조작원,여성,3,20대,서울특별시,대졸
4927,bfbe32aafb844d75badf313ed4e1420b,여자,29,인천,4년제 대학교,회계 사무원,여성,3,20대,인천광역시,대졸
4928,7efd59a842784824a9ff606effda2ca1,여자,20,경상북,2~3년제 전문대학,일반 비서,여성,3,20대,경상북도,전문대졸
4929,82aaa8839c354155aafdfea64a1937e4,여자,23,대전,2~3년제 전문대학,무직,여성,3,20대,대전광역시,전문대졸
4930,dd78ec35cb854a589ffa5ef15c026eec,여자,29,경기,2~3년제 전문대학,무직,여성,3,20대,경기도,전문대졸
4931,897dc7a0ce8d46faa767f217fbf4ec38,여자,22,서울,4년제 대학교,"전직 그 외 상점 판매원, 현재 구직중",여성,3,20대,서울특별시,대졸
4932,c3fb4b336f0d4d9790e3d4291604bc84,여자,23,서울,4년제 대학교,무직,여성,3,20대,서울특별시,대졸
4933,3179db1114564bba91b05f11ff40da8c,여자,26,인천,4년제 대학교,전화 상담원,여성,3,20대,인천광역시,대졸
4934,0d32ffe079104fab942846b2bfe0e6db,여자,29,인천,4년제 대학교,전화 상담원,여성,3,20대,인천광역시,대졸
4935,c200b7b0ee104e7ea7cb0907adc53ad1,여자,29,서울,2~3년제 전문대학,건물 내 전기 설치 및 정비원,여성,3,20대,서울특별시,전문대졸
4936,4a939bb02ab94f5cac8d6041e360c7c1,여자,24,서울,4년제 대학교,보육교사,여성,3,20대,서울특별시,대졸
4937,f35ac0149817490bada78eec9e1f1554,여자,24,경기,고등학교,"전직 주방 보조원, 현재 구직중",여성,3,20대,경기도,고졸
4938,0f559bd88956465cbb1b4edca87c0624,여자,39,광주,고등학교,표백기 조작원,여성,4,30대,광주광역시,고졸
4939,e996874b50fa4666935cada514f57248,여자,35,경기,4년제 대학교,게임 프로그래머,여성,4,30대,경기도,대졸
4940,4b9f9b0674ed44099ba76d42b3d571e1,여자,37,충청남,고등학교,학습지 방문강사,여성,4,30대,충청남,고졸
4941,272d5c5f8c9a491ba0094d315b3ffc0f,여자,32,경기,고등학교,건물 경비원,여성,4,30대,경기도,고졸
4942,16d1fde349e94a5ab092ea318cfd2daa,여자,33,부산,고등학교,무직,여성,4,30대,부산광역시,고졸
4943,4d6b6ca5f08c4be48d587dc13a1b24f9,여자,35,서울,2~3년제 전문대학,일식 조리사,여성,4,30대,서울특별시,전문대졸
4944,a84a42f17df64c8a95fda706c8887612,여자,33,부산,4년제 대학교,교육 및 훈련 사무원,여성,4,30대,부산광역시,대졸
4945,ca31a5b5461247ca92e033f6a3d7be4e,여자,36,경기,4년제 대학교,광고 디자이너,여성,4,30대,경기도,대졸
4946,98ebe01c80fb4f4d9a96e8e39c43dba4,여자,31,부산,고등학교,범용 소프트웨어 프로그래머,여성,4,30대,부산광역시,고졸
4947,93a6a2c5ab4a4f7282622d6c74aa216c,여자,38,서울,4년제 대학교,범용 소프트웨어 프로그래머,여성,4,30대,서울특별시,대졸
4948,a6f57922d4eb4c3ea08cee3438c57173,여자,30,울산,4년제 대학교,"전직 석유화학 시험원, 현재 구직중",여성,4,30대,울산광역시,대졸
4949,414b2dcb2e4b40d5841386185df6c6c0,여자,36,서울,고등학교,육군 부사관,여성,4,30대,서울특별시,고졸
4950,e20333994c6d46bfab9b2e5797e44e6d,여자,38,경상북,중학교,건물 청소원,여성,4,30대,경상북도,중졸
4951,c3f28d524e4547b79917453ef8cc3b7d,여자,38,경기,4년제 대학교,무직,여성,4,30대,경기도,대졸
4952,22e30c63762e475783dc5eb0ccdef8b1,여자,32,경상북,2~3년제 전문대학,음료 서비스 종사원,여성,4,30대,경상북도,전문대졸
4953,6ab6e18f53954cc8afe974192df4cdc4,여자,31,강원,2~3년제 전문대학,건물 내 전기 설치 및 정비원,여성,4,30대,강원특별자치도,전문대졸
4954,9fee958670ca48a8b614c7ae815923bb,여자,33,인천,4년제 대학교,의상 디자이너,여성,4,30대,인천광역시,대졸
4955,8b4974e460c14242a3af94b62fcec351,여자,30,부산,대학원,식품학 연구원,여성,4,30대,부산광역시,대학원졸
4956,b4a0a30421b8419cb6f9b510d0d23da5,여자,33,서울,4년제 대학교,경영 컨설턴트,여성,4,30대,서울특별시,대졸
4957,9acc43a93fec42d096709da24cea3ab9,여자,30,서울,4년제 대학교,무직,여성,4,30대,서울특별시,대졸
4958,19b54b53bd5c4b2c9c8fc8a6d2a5a999,여자,33,경기,4년제 대학교,영업 관리 사무원,여성,4,30대,경기도,대졸
4959,9d15e88e041d45ceadc1a1f878b4b3aa,여자,30,서울,2~3년제 전문대학,회계 사무원,여성,4,30대,서울특별시,전문대졸
4960,e3defb4770a445fc87a837f3dd898b47,여자,31,인천,4년제 대학교,주차 안내원,여성,4,30대,인천광역시,대졸
4961,d13e0750bcc44ca89fe00f216cce1684,여자,33,경상남,4년제 대학교,무직,여성,4,30대,경상남도,대졸
4962,9a66308594224a8fa8d244fe50099701,여자,36,전라남,중학교,화장품 판매원,여성,4,30대,전라남,중졸
4963,c500cfa55ffe41cbad422f61de987bd7,여자,31,서울,2~3년제 전문대학,약사,여성,4,30대,서울특별시,전문대졸
4964,23793de60879425f9032c7489d2bc27e,여자,31,경기,4년제 대학교,시스템 소프트웨어 설계 및 분석가,여성,4,30대,경기도,대졸
4965,0b3f49e4f518401d9f0dc8f8f7270378,여자,38,부산,고등학교,요양 보호사,여성,4,30대,부산광역시,고졸
4966,4f22f320bf1d4d3cb7dcc86e2051ed5c,여자,36,인천,2~3년제 전문대학,일반 비서,여성,4,30대,인천광역시,전문대졸
4967,8b906cdd5fba4982a2ee017bea4e4bf2,여자,32,서울,4년제 대학교,건물 청소원,여성,4,30대,서울특별시,대졸
4968,0bb6f01c6c09478e9e7edf3ca074e3bb,여자,33,서울,4년제 대학교,출판물 편집자,여성,4,30대,서울특별시,대졸
4969,19ba7b72ac294e62b2fa0a2d66f05754,여자,36,서울,4년제 대학교,무직,여성,4,30대,서울특별시,대졸
4970,f7a2db3cfe9c4044b920857341279ee5,여자,38,서울,고등학교,간병인,여성,4,30대,서울특별시,고졸
4971,88d592bba5bc4bd7a564ec31c987a0c4,여자,33,경기,고등학교,전동차 기관사,여성,4,30대,경기도,고졸
4972,8d01073b1b3247a0b470e632f92e17fc,여자,37,경기,4년제 대학교,온라인 쇼핑 판매원,여성,4,30대,경기도,대졸
4973,2d89ab8b6f0b44769cb71a57f4c2f4f8,여자,37,경기,4년제 대학교,무직,여성,4,30대,경기도,대졸
4974,0993937d227d49c39c290b0684b33a55,여자,36,서울,4년제 대학교,전화 상담원,여성,4,30대,서울특별시,대졸
4975,a27ef8a7165d404abb6e56cd5b082a81,여자,30,서울,4년제 대학교,행사 및 홍보 도우미,여성,4,30대,서울특별시,대졸
4976,b45889d42c744312a103aa7c61ff7cf9,여자,37,경기,4년제 대학교,무직,여성,4,30대,경기도,대졸
4977,a4bfdcd45ff840e19d495a21e21997b1,여자,32,경기,고등학교,가스 점검원,여성,4,30대,경기도,고졸
4978,2b2651b420e94849a6f8415df707ce18,여자,35,부산,고등학교,섬유기계 설치 및 정비원,여성,4,30대,부산광역시,고졸
4979,5e701b566a344fe988382578282886c2,여자,36,경기,4년제 대학교,영업 관리 사무원,여성,4,30대,경기도,대졸
4980,dd7cc1173e7c4ca8b5411d6af0093649,여자,38,경기,4년제 대학교,무직,여성,4,30대,경기도,대졸
4981,d242a7fc3a6140b9b651b1d918c9b18b,여자,35,인천,2~3년제 전문대학,그 외 공업기계 설치 및 정비원,여성,4,30대,인천광역시,전문대졸
4982,cc5e98674aa1422cb70a30fac746cfe0,여자,30,경기,대학원,유치원 교사,여성,4,30대,경기도,대학원졸
4983,c20c897d80fe4cb9a2a7a0d7c40b4461,여자,38,경상남,4년제 대학교,무직,여성,4,30대,경상남도,대졸
4984,76ecefe14d634aed95a87ec324e4ce2e,여자,33,경상남,2~3년제 전문대학,경리 사무원,여성,4,30대,경상남도,전문대졸
4985,74bac86c21494707a2bdff56798f3fc7,여자,32,대전,고등학교,상품 기획자,여성,4,30대,대전광역시,고졸
4986,5b45fee8df074bfca910a6272053fed9,여자,39,대전,2~3년제 전문대학,치과위생사,여성,4,30대,대전광역시,전문대졸
4987,d93f514741784062a094716e0a1f056e,여자,38,서울,2~3년제 전문대학,경리 사무원,여성,4,30대,서울특별시,전문대졸
4988,3f89319934124d0c9af81bd45d21079d,여자,38,충청북,2~3년제 전문대학,한식 조리사,여성,4,30대,충청북,전문대졸
4989,252a4074734342a1bcefb71dcc09a384,여자,30,서울,2~3년제 전문대학,복지시설 생활 지도원,여성,4,30대,서울특별시,전문대졸
4990,4b3ef2e1b9e94759af92444085a3b4f1,여자,31,부산,4년제 대학교,그 외 전기공학 기술자 및 연구원,여성,4,30대,부산광역시,대졸
4991,52dfc614b60a44efbe1b144274f7d5ca,여자,31,경상북,4년제 대학교,농약·비료 기술자 및 연구원,여성,4,30대,경상북도,대졸
4992,be7c3cd54a97403b815ecb6431d817b2,여자,31,대구,2~3년제 전문대학,산업 안전원,여성,4,30대,대구광역시,전문대졸
4993,39f49ff4c9744f808260ce500419380c,여자,33,서울,4년제 대학교,색채 전문가,여성,4,30대,서울특별시,대졸
4994,22a207be4bc2416089c6096abd3a2059,여자,38,경상남,2~3년제 전문대학,경리 사무원,여성,4,30대,경상남도,전문대졸
4995,aae6276b50044336bfdba677b12868a9,여자,37,강원,2~3년제 전문대학,데이터 설계 및 프로그래머,여성,4,30대,강원특별자치도,전문대졸
4996,77d2cc0128e943fea37db6202e3b7ee9,여자,35,경상남,2~3년제 전문대학,무직,여성,4,30대,경상남도,전문대졸
4997,7c1f7c800c6a4be2b8fdc8078ecb194e,여자,33,경상남,고등학교,주방 보조원,여성,4,30대,경상남도,고졸
4998,1f59d99565d74924a72fa205ba3c572e,여자,36,대구,고등학교,금속제품 도장기 조작원,여성,4,30대,대구광역시,고졸
4999,f3e0604ef15843a7a45d7106056daf3a,여자,38,서울,2~3년제 전문대학,공연·영화 및 음반 기획자,여성,4,30대,서울특별시,전문대졸
5000,b168eac84d5f438b81116796de99f9f5,여자,30,서울,4년제 대학교,무직,여성,4,30대,서울특별시,대졸
5001,407a607dd60f4727b2f819bc6e764ea9,여자,30,전라남,대학원,그 외 화학공학 기술자 및 연구원,여성,4,30대,전라남,대학원졸
5002,a4d21b2d9221489e983e9409f61588ec,여자,30,충청북,4년제 대학교,일반 간호사,여성,4,30대,충청북,대졸
5003,d9418838ac4740e68149c77f66fbd679,여자,39,서울,2~3년제 전문대학,영업 관리 사무원,여성,4,30대,서울특별시,전문대졸
5004,2651f7e1065742d088507592386710bd,여자,39,충청남,4년제 대학교,보육교사,여성,4,30대,충청남,대졸
5005,34195cdbc75046f69806730cc2a3aa2d,여자,33,경기,고등학교,우편집배원,여성,4,30대,경기도,고졸
5006,5bf8f67c91104b5f9cbbd6ccab6c98f5,여자,34,울산,4년제 대학교,유치원 교사,여성,4,30대,울산광역시,대졸
5007,02afd0043490458691cceca8e7e89648,여자,35,대구,2~3년제 전문대학,무직,여성,4,30대,대구광역시,전문대졸
5008,ba5d00b32bee49019931d6e0d5e82cb3,여자,30,서울,2~3년제 전문대학,통신장비 기사,여성,4,30대,서울특별시,전문대졸
5009,f7013a2162674a409f6b7f5ce86afeaa,여자,34,전라남,4년제 대학교,일반 비서,여성,4,30대,전라남,대졸
5010,ad068a304f274cfc865ca88aa794cb5c,여자,37,경기,고등학교,음식 서비스 종사원,여성,4,30대,경기도,고졸
5011,ee17fbaaf31d4a8ebf4f56261d835a44,여자,30,경상남,고등학교,무직,여성,4,30대,경상남도,고졸
5012,bea3a45848204b69bc87e2bff6764114,여자,30,인천,4년제 대학교,무직,여성,4,30대,인천광역시,대졸
5013,75112adf6fc04877beed9b0d14dc00c6,여자,32,인천,4년제 대학교,제빵사 및 제과원,여성,4,30대,인천광역시,대졸
5014,8426353b57d14540b06508d0a16c8b08,여자,31,경상남,중학교,무직,여성,4,30대,경상남도,중졸
5015,981e0a83be8d40a7914734bc13e4f91c,여자,36,경상남,2~3년제 전문대학,음식 서비스 종사원,여성,4,30대,경상남도,전문대졸
5016,b17f72b9bcf14f3a8b428e70d7a03806,여자,33,서울,4년제 대학교,사서,여성,4,30대,서울특별시,대졸
5017,0136cd2379aa424da0dc6bb15c0b3f88,여자,32,전북,4년제 대학교,일반 간호사,여성,4,30대,전북특별자치도,대졸
5018,6836539d779b4648832d76fbcf47dbc3,여자,33,경기,4년제 대학교,무직,여성,4,30대,경기도,대졸
5019,dd5ba01129b24ec9998b3b2814c347d8,여자,37,경기,4년제 대학교,교육 및 훈련 사무원,여성,4,30대,경기도,대졸
5020,c076d3ee4749450283c1e84060ca6b3f,여자,35,서울,고등학교,시설 경비원,여성,4,30대,서울특별시,고졸
5021,247a3f90bc4a41aaa6120f991584b868,여자,35,대구,4년제 대학교,무직,여성,4,30대,대구광역시,대졸
5022,7cf46a454d6b403693ea16f3a915250d,여자,34,대구,4년제 대학교,"전직 일반 비서, 현재 구직중",여성,4,30대,대구광역시,대졸
5023,85ae1565baa44bef8139611a80e335e9,여자,34,서울,2~3년제 전문대학,무직,여성,4,30대,서울특별시,전문대졸
5024,c888efba518f47f29891b321bd76217f,여자,39,서울,4년제 대학교,화장품·비누제품 기술자 및 연구원,여성,4,30대,서울특별시,대졸
5025,f278d74c3fe64612b7306eeff1ad559e,여자,33,서울,대학원,조사 전문가,여성,4,30대,서울특별시,대학원졸
5026,00f9560decf649b9b78adc7ee23b2a9d,여자,30,인천,2~3년제 전문대학,판매 사무원,여성,4,30대,인천광역시,전문대졸
5027,57731a0519484498a59a6775bd5257dd,여자,32,서울,4년제 대학교,일반 간호사,여성,4,30대,서울특별시,대졸
5028,4fb0e310f98a4487bb7ebde698174ccd,여자,32,경기,4년제 대학교,법무 사무원,여성,4,30대,경기도,대졸
5029,d62e4adacdbf439094234a54bce97802,여자,32,전라남,4년제 대학교,그 외 전기공학 기술자 및 연구원,여성,4,30대,전라남,대졸
5030,24b1f719bf0342e8bbfdef3eacd666ca,여자,36,서울,2~3년제 전문대학,예약 및 접수 사무원,여성,4,30대,서울특별시,전문대졸
5031,be88b4cbf10843fc8c45a925a197249a,여자,33,부산,4년제 대학교,화학물 증류기 및 반응기 조작원,여성,4,30대,부산광역시,대졸
5032,8997a26302d3495baa90701c45250ea6,여자,33,대전,2~3년제 전문대학,우편집배원,여성,4,30대,대전광역시,전문대졸
5033,8471ee40cbcd4848bb38323bbbc1a444,여자,36,충청남,4년제 대학교,해외 영업원,여성,4,30대,충청남,대졸
5034,e456b54462a7470d96a3169a34eea2e3,여자,34,부산,2~3년제 전문대학,그 외 상점 판매원,여성,4,30대,부산광역시,전문대졸
5035,a736e220bf4e4934a490b63785271fc7,여자,37,경상북,4년제 대학교,한식 조리사,여성,4,30대,경상북도,대졸
5036,f6dd47a5e0ad4ce0a1a9076c8d42dbf8,여자,35,경기,4년제 대학교,일반 간호사,여성,4,30대,경기도,대졸
5037,426ec4527907401ea29ad0efd96d7f62,여자,35,서울,4년제 대학교,실업 교사,여성,4,30대,서울특별시,대졸
5038,e5d3b58a8ad74a5b8666019d7d87d4d6,여자,31,강원,2~3년제 전문대학,지방행정 사무원,여성,4,30대,강원특별자치도,전문대졸
5039,cf54c1a071af4eec9ea2844b6ee89f07,여자,39,충청남,4년제 대학교,무직,여성,4,30대,충청남,대졸
5040,483f7f3c870449238f25749872c49ba9,여자,30,인천,4년제 대학교,치과위생사,여성,4,30대,인천광역시,대졸
5041,5e8be6fb435444bcb8f3f089dde24ec9,여자,35,충청북,2~3년제 전문대학,육군 장교,여성,4,30대,충청북,전문대졸
5042,3eef264972144c9281c232bd0b2c930b,여자,37,서울,4년제 대학교,"전직 기업 고위 임원, 현재 구직중",여성,4,30대,서울특별시,대졸
5043,b8d5a6be74f148b883ea8e634de2cebc,여자,33,경상북,4년제 대학교,섬유 공정 개발 기술자 및 연구원,여성,4,30대,경상북도,대졸
5044,ec721bd021b64fd5984470d6dc0b569d,여자,32,서울,4년제 대학교,입학 사정관,여성,4,30대,서울특별시,대졸
5045,72bf85a5512e4b58986ea7a9e3974ea6,여자,34,대전,4년제 대학교,조세행정 사무원,여성,4,30대,대전광역시,대졸
5046,2e38564c46cc4048935ab5777a0b5e95,여자,35,인천,고등학교,그 외 음식 서비스 종사원,여성,4,30대,인천광역시,고졸
5047,1c22ea77ad1741d7913e22d9cc9fd68c,여자,32,서울,4년제 대학교,무직,여성,4,30대,서울특별시,대졸
5048,7f7f68ec409141ff82b017c8be4f374f,여자,30,경상북,4년제 대학교,마케팅 전문가,여성,4,30대,경상북도,대졸
5049,002ff22f98cb4b80bc45fbdbd899abe1,여자,36,대구,4년제 대학교,무직,여성,4,30대,대구광역시,대졸
5050,f49b70a88f20437b93f1f1d67a03efd5,여자,35,경상북,2~3년제 전문대학,무직,여성,4,30대,경상북도,전문대졸
5051,384e0234caf64bf6ae52b82ef415ba49,여자,34,경상북,4년제 대학교,일반 경찰관 및 수사관,여성,4,30대,경상북도,대졸
5052,d66a5a72c3d94fda8ea0ec4b4769ff92,여자,30,경기,2~3년제 전문대학,무직,여성,4,30대,경기도,전문대졸
5053,e591499e9f2f437b8ed8456cfcbcbbee,여자,36,광주,4년제 대학교,그 외 제품 디자이너,여성,4,30대,광주광역시,대졸
5054,347e6bf9aaac440fab2d18ab2d53fcaf,여자,38,경상북,고등학교,전산 자료 입력원,여성,4,30대,경상북도,고졸
5055,5f166a090295482d8274cc060642713e,여자,30,서울,고등학교,무직,여성,4,30대,서울특별시,고졸
5056,6d740c26032e4930bcf673b2a892cff6,여자,31,서울,대학원,조사 전문가,여성,4,30대,서울특별시,대학원졸
5057,16a82bdebd9f4dde87928dcb3104ca75,여자,34,서울,4년제 대학교,소규모 상점 경영자,여성,4,30대,서울특별시,대졸
5058,09ef9fd4c5d144d289ced0f509e55055,여자,37,경상북,고등학교,한식 조리사,여성,4,30대,경상북도,고졸
5059,01e24da3f25e443cb1c5e6cfbc2c36ab,여자,31,충청북,4년제 대학교,일반 비서,여성,4,30대,충청북,대졸
5060,4fdff9d745be43cbb9394f71afe325eb,여자,34,부산,2~3년제 전문대학,그 외 법률 관련 사무원,여성,4,30대,부산광역시,전문대졸
5061,db9412cb61c1441781bcf0902f253b11,여자,38,제주,2~3년제 전문대학,회계 사무원,여성,4,30대,제주특별자치도,전문대졸
5062,e6d880f9663c44ada3fbc4d9ffff6038,여자,36,충청북,고등학교,무직,여성,4,30대,충청북,고졸
5063,22a30ced0e68475a89712eee41cf7e7b,여자,34,대전,2~3년제 전문대학,무직,여성,4,30대,대전광역시,전문대졸
5064,28c788f79d5844249df33d1746c5b8cb,여자,30,경기,4년제 대학교,무직,여성,4,30대,경기도,대졸
5065,98a8a6b0e4364d1a90a1623515f6862d,여자,32,경기,2~3년제 전문대학,통신장비 기사,여성,4,30대,경기도,전문대졸
5066,46b9773e304343d59c945c619d883ad4,여자,38,경기,4년제 대학교,상품 기획자,여성,4,30대,경기도,대졸
5067,713775e295124b4cb22e9f576b6835d7,여자,30,경기,2~3년제 전문대학,무직,여성,4,30대,경기도,전문대졸
5068,9f6e217486944aa1b338e094c220e478,여자,32,전북,4년제 대학교,무직,여성,4,30대,전북특별자치도,대졸
5069,f9744f319a3046fab9998965f9b56e7c,여자,39,대전,2~3년제 전문대학,양식 조리사,여성,4,30대,대전광역시,전문대졸
5070,5de6865ab74b46b8b0597c359d231919,여자,37,부산,4년제 대학교,유치원 원장,여성,4,30대,부산광역시,대졸
5071,c2d2f66ee8944259a96dc8b6ef318779,여자,36,광주,고등학교,농수산물 중개인 및 경매사,여성,4,30대,광주광역시,고졸
5072,ee9ba72e68a240db82a2dafba85c5ae7,여자,33,서울,4년제 대학교,통역가,여성,4,30대,서울특별시,대졸
5073,0f7dc2e8cce1446aa26fa5607760fb8f,여자,30,서울,4년제 대학교,무직,여성,4,30대,서울특별시,대졸
5074,2c17e2226de34d23849f06f0d4c186b7,여자,39,서울,4년제 대학교,무직,여성,4,30대,서울특별시,대졸
5075,b4ebcfc488bf444cad53021955ca58b7,여자,33,서울,4년제 대학교,보육교사,여성,4,30대,서울특별시,대졸
5076,02c8c8be372b450c85ccf9240f66a83f,여자,33,인천,4년제 대학교,인쇄판 출력원,여성,4,30대,인천광역시,대졸
5077,95ebbd90d1534774b13ed46ff2eab8b7,여자,38,대구,4년제 대학교,제품 단순 선별원,여성,4,30대,대구광역시,대졸
5078,af855f2340444e28806f3bdd77bece42,여자,35,울산,2~3년제 전문대학,여행 사무원,여성,4,30대,울산광역시,전문대졸
5079,a313e5cb6fde4d7c83e2ad746203c3b7,여자,36,광주,4년제 대학교,경영 기획 사무원,여성,4,30대,광주광역시,대졸
5080,b8e456a4e0394491b9e194a2c02ff4e9,여자,32,경기,4년제 대학교,일반 간호사,여성,4,30대,경기도,대졸
5081,5c082e807ce84a95bdd72995e94de8a1,여자,37,서울,대학원,상담 전문가,여성,4,30대,서울특별시,대학원졸
5082,d5ef2ec3ce76419eb5bdd7dd927f05f4,여자,36,충청남,고등학교,무직,여성,4,30대,충청남,고졸
5083,cdc9eb2888664b7f9b5aeaaef9e1d636,여자,38,부산,4년제 대학교,유치원 교사,여성,4,30대,부산광역시,대졸
5084,1e7b690eb3174931a819af847f632681,여자,33,경기,2~3년제 전문대학,금형원,여성,4,30대,경기도,전문대졸
5085,52896410cf264f11bef31f3eefe99f1c,여자,32,경상북,4년제 대학교,유치원 교사,여성,4,30대,경상북도,대졸
5086,3048fa9611984763b82dceadb025779f,여자,34,충청남,4년제 대학교,치과위생사,여성,4,30대,충청남,대졸
5087,08466bbb68564e5e90dac689da781185,여자,33,경기,고등학교,"전직 건물 청소원, 현재 구직중",여성,4,30대,경기도,고졸
5088,0279a24a85d44630a0c5c6f7a1ad7fc5,여자,31,경기,4년제 대학교,식품 영업원,여성,4,30대,경기도,대졸
5089,7242dc72e4cb470c9d870042cc5d3417,여자,35,충청남,2~3년제 전문대학,무직,여성,4,30대,충청남,전문대졸
5090,5bfe1edc6af24a0ab9b95ee5b43b3e1e,여자,35,강원,대학원,사회과학·경영 및 법학 교수,여성,4,30대,강원특별자치도,대학원졸
5091,a0ad37d4330c40b4af64b06280e17cc8,여자,33,서울,2~3년제 전문대학,무직,여성,4,30대,서울특별시,전문대졸
5092,f140368139f9407b8dca72b154f89fc1,여자,32,경기,4년제 대학교,상품 기획자,여성,4,30대,경기도,대졸
5093,d68dfb6a065c4083925c65f02417f255,여자,36,경기,4년제 대학교,그 외 제품 디자이너,여성,4,30대,경기도,대졸
5094,5835f2be03f546bb884af0e46eb36ee1,여자,38,광주,2~3년제 전문대학,유치원 교사,여성,4,30대,광주광역시,전문대졸
5095,fc3f0faba6044ac8b129dd16d60a4057,여자,32,강원,2~3년제 전문대학,보험 사무원,여성,4,30대,강원특별자치도,전문대졸
5096,9d4f3e9911f34416b506eea2f62eebe6,여자,34,대구,고등학교,주방 보조원,여성,4,30대,대구광역시,고졸
5097,7b17ef88b7f5453fad7d20558318cf2d,여자,39,서울,대학원,통계 사무원,여성,4,30대,서울특별시,대학원졸
5098,c0312448209e4eaa907c5a5fe1e256ae,여자,38,충청남,4년제 대학교,무직,여성,4,30대,충청남,대졸
5099,ab5ef4defa5e4e809f8fbca73bd5df5b,여자,31,경기,초등학교,요양 보호사,여성,4,30대,경기도,초졸이하
5100,45963a99362346c1af3ecebb3bea04ed,여자,38,경기,대학원,축산 및 수의학 연구원,여성,4,30대,경기도,대학원졸
5101,56c82e2d25d84b7a94634467b41312a8,여자,38,전라남,중학교,교사 교육 보조원,여성,4,30대,전라남,중졸
5102,c8590a3ca8544f5e88aa8ede80e1454e,여자,34,강원,2~3년제 전문대학,일반 비서,여성,4,30대,강원특별자치도,전문대졸
5103,5e61696b47e64f00a0f722f93a1aa279,여자,30,경기,대학원,전문 간호사,여성,4,30대,경기도,대학원졸
5104,9f7f8736cabe4fb2890ca4ec88ecf894,여자,33,경기,2~3년제 전문대학,가방 및 신발 디자이너,여성,4,30대,경기도,전문대졸
5105,30fda8c4b288459a9f8b4a0549920c1b,여자,39,세종,4년제 대학교,무직,여성,4,30대,세종특별자치시,대졸
5106,fe27ffb2899943cfb2bd83f5bbbc718b,여자,37,경상남,2~3년제 전문대학,골프장 캐디,여성,4,30대,경상남도,전문대졸
5107,6d4b121deea143a882f489c2eb7d4147,여자,36,서울,4년제 대학교,일반 경찰관 및 수사관,여성,4,30대,서울특별시,대졸
5108,b75a7c61c12a4d42846959b8e0ea509f,여자,38,대구,4년제 대학교,조세행정 사무원,여성,4,30대,대구광역시,대졸
5109,7ed095b01d874315b3e6e0ae8fca6dcc,여자,34,충청북,대학원,그 외 환경공학 기술자 및 연구원,여성,4,30대,충청북,대학원졸
5110,2ca1ab004fc749098fd5f08269b96a8f,여자,38,경기,대학원,유치원 교사,여성,4,30대,경기도,대학원졸
5111,85f2224aa0fc44aeadd0624124c52cc5,여자,37,경기,4년제 대학교,일반 비서,여성,4,30대,경기도,대졸
5112,1cce849f63ba49088d24974f49563545,여자,35,서울,4년제 대학교,회계 사무원,여성,4,30대,서울특별시,대졸
5113,8e91a46de58e411ba18fb3d074ca1817,여자,39,부산,4년제 대학교,무직,여성,4,30대,부산광역시,대졸
5114,154e8a9080f844e79c9f8ca7e2d60b5f,여자,31,인천,2~3년제 전문대학,일반 비서,여성,4,30대,인천광역시,전문대졸
5115,a4ed1080419346c885eb57032bec532b,여자,31,서울,4년제 대학교,학습지 방문강사,여성,4,30대,서울특별시,대졸
5116,b7ed88a95d2043d7a2ffc4af22ee3abf,여자,32,경기,중학교,주방 보조원,여성,4,30대,경기도,중졸
5117,27ea600e8f3846b08d7d272b92018d6c,여자,32,대구,4년제 대학교,마케팅 전문가,여성,4,30대,대구광역시,대졸
5118,e3594382e375479192f2dc000c14d83f,여자,39,서울,2~3년제 전문대학,한식 조리사,여성,4,30대,서울특별시,전문대졸
5119,018004dff0424785ad04708a87330265,여자,34,서울,2~3년제 전문대학,무직,여성,4,30대,서울특별시,전문대졸
5120,7e74718c83ec41479260ac39dd33d02b,여자,39,경기,2~3년제 전문대학,화장품 판매원,여성,4,30대,경기도,전문대졸
5121,a5570a1f69424bdca924e844038dd81e,여자,33,서울,대학원,음료 서비스 종사원,여성,4,30대,서울특별시,대학원졸
5122,5306b613fc14442296aa6109fa643458,여자,34,서울,2~3년제 전문대학,특허 사무원,여성,4,30대,서울특별시,전문대졸
5123,83437d4f2f9844c5b6d02910a8886b70,여자,37,충청남,대학원,상담 전문가,여성,4,30대,충청남,대학원졸
5124,f64dfe81ce174619be01844cfbff5be5,여자,36,전라남,고등학교,일식 조리사,여성,4,30대,전라남,고졸
5125,2c5c0b6dbfde411da9f7c2bca966d59e,여자,30,대전,고등학교,건물 청소원,여성,4,30대,대전광역시,고졸
5126,61c9fa7964a54e95b0a0254ea658fd3d,여자,34,대구,2~3년제 전문대학,호송 경비원,여성,4,30대,대구광역시,전문대졸
5127,58fc4af4efc74a2eb7279fbbd620d505,여자,36,전라남,4년제 대학교,농약 및 비료 시험원,여성,4,30대,전라남,대졸
5128,95b76c5216cb414e9651f3dc8c80949e,여자,35,광주,고등학교,무직,여성,4,30대,광주광역시,고졸
5129,fd0db9259c3b472b83dbef76eae93ac7,여자,30,경상북,4년제 대학교,수의사,여성,4,30대,경상북도,대졸
5130,c8661d8f25234447aebb1b6657cead0e,여자,39,서울,2~3년제 전문대학,디지털인쇄기 조작원,여성,4,30대,서울특별시,전문대졸
5131,81a26d707cd04c458ee03e5941e06597,여자,35,서울,4년제 대학교,마케팅 전문가,여성,4,30대,서울특별시,대졸
5132,526560cf8ee5478dbb24ba2558a6df20,여자,30,경기,4년제 대학교,커피 조리사,여성,4,30대,경기도,대졸
5133,310004f292bb488e80e6849147d2a2a4,여자,39,경기,2~3년제 전문대학,경리 사무원,여성,4,30대,경기도,전문대졸
5134,aba2cce5987e4cdd85dde34c205d49e9,여자,30,경기,4년제 대학교,국가행정 사무원,여성,4,30대,경기도,대졸
5135,6ffdd7ac2a6c4278a4612f98b8ba1285,여자,39,서울,대학원,전화 상담원,여성,4,30대,서울특별시,대학원졸
5136,8274128802c64b76b4b4863a467d7e52,여자,36,경기,대학원,시각장애인 특수교육 교사,여성,4,30대,경기도,대학원졸
5137,37b253dd6e394c589371ebbe35d51d3e,여자,30,서울,4년제 대학교,사무 보조원,여성,4,30대,서울특별시,대졸
5138,96cfcfa4767b421ab27c14e7528a4492,여자,33,서울,대학원,사회 교사,여성,4,30대,서울특별시,대학원졸
5139,ed54146c61934b7faaeb18d11dc3e0ee,여자,38,충청남,2~3년제 전문대학,사무 보조원,여성,4,30대,충청남,전문대졸
5140,989587fe77e54a2e9c7c3bd4f2ed8f1b,여자,38,경기,대학원,식품학 연구원,여성,4,30대,경기도,대학원졸
5141,c124c493dd2a40889ad98dee8490c3a4,여자,31,경기,2~3년제 전문대학,위험 관리원,여성,4,30대,경기도,전문대졸
5142,b436e1b26d0948c38599ea7abb4d63a0,여자,31,울산,대학원,무직,여성,4,30대,울산광역시,대학원졸
5143,754d715e7c9d45faa86204525e30bcca,여자,35,부산,4년제 대학교,무직,여성,4,30대,부산광역시,대졸
5144,980781f253ec43e384e6c6df3fb58969,여자,33,경상북,4년제 대학교,국가행정 사무원,여성,4,30대,경상북도,대졸
5145,9267c2ed4c3f477a98df9c9780a87a16,여자,35,서울,2~3년제 전문대학,소규모 상점 경영자,여성,4,30대,서울특별시,전문대졸
5146,d9163bb3dc8e44f59c2f2039f07e9403,여자,30,대전,2~3년제 전문대학,유치원 교사,여성,4,30대,대전광역시,전문대졸
5147,b4ad96dc3a104c6d93e2dcf6266dfac5,여자,31,서울,4년제 대학교,"전직 보육교사, 현재 구직중",여성,4,30대,서울특별시,대졸
5148,65c1f512d0cf4171b73f720f7e16290c,여자,37,경기,4년제 대학교,기업 고위 임원,여성,4,30대,경기도,대졸
5149,d1a12e9d0e1841b58fe047e6ef32a3b8,여자,35,울산,2~3년제 전문대학,무직,여성,4,30대,울산광역시,전문대졸
5150,6190913dd5474e259cec7fcf936b2875,여자,31,울산,4년제 대학교,일반 비서,여성,4,30대,울산광역시,대졸
5151,15cedb16a57144e5ae2b030cc2576a1f,여자,37,경기,고등학교,웹 운영자,여성,4,30대,경기도,고졸
5152,b989bd030b824becac4eb1e52d29c254,여자,33,서울,고등학교,편직기 조작원,여성,4,30대,서울특별시,고졸
5153,74723c4badbc4ad986d6b4c408ebf5ad,여자,31,경기,4년제 대학교,그 외 철도 및 전동차 기관사,여성,4,30대,경기도,대졸
5154,fa09f414c9c248d0ab11f95e0c63b650,여자,37,경기,고등학교,무직,여성,4,30대,경기도,고졸
5155,2114c14cc0494bf4891d3dc407a99099,여자,36,경기,대학원,무직,여성,4,30대,경기도,대학원졸
5156,7db1d183b696403b8edaac108f6501e7,여자,34,충청북,4년제 대학교,무직,여성,4,30대,충청북,대졸
5157,9956117f41044bd6a461ca21581965f8,여자,39,경기,초등학교,시설 경비원,여성,4,30대,경기도,초졸이하
5158,01c7e6dcc5bd4dc2aa73658a2fa80e50,여자,38,부산,2~3년제 전문대학,경리 사무원,여성,4,30대,부산광역시,전문대졸
5159,62f7c10961264b3da826866f11d87e70,여자,39,전북,대학원,교육 연구관 및 교육 연구사,여성,4,30대,전북특별자치도,대학원졸
5160,c2a68c042c374024ac15d6f674408ae9,여자,39,강원,고등학교,교육 및 훈련 사무원,여성,4,30대,강원특별자치도,고졸
5161,29c885047a4d4ed9972b0d31369d9a96,여자,37,인천,4년제 대학교,음식 서비스 종사원,여성,4,30대,인천광역시,대졸
5162,18da5de5a616456686a47d6818d58777,여자,32,경상북,2~3년제 전문대학,무직,여성,4,30대,경상북도,전문대졸
5163,ba1262afb9274453ab2c186c2e8dae68,여자,34,세종,4년제 대학교,무직,여성,4,30대,세종특별자치시,대졸
5164,2ccf74b21afd4ee9ab207498beb93aba,여자,37,서울,4년제 대학교,음식 서비스 종사원,여성,4,30대,서울특별시,대졸
5165,13b1a3cbbd8f4c76ae067c9468837439,여자,30,서울,대학원,소규모 상점 경영자,여성,4,30대,서울특별시,대학원졸
5166,24761083e5eb42069e3d989ba441d712,여자,35,서울,4년제 대학교,정보 시스템 운영자,여성,4,30대,서울특별시,대졸
5167,048659f9e1164e5eaece12415c694194,여자,35,울산,고등학교,음식 서비스 종사원,여성,4,30대,울산광역시,고졸
5168,0dde2cbaff8a404baca2aa65bd13d8da,여자,37,제주,2~3년제 전문대학,그 외 데이터 및 네트워크 관련 전문가,여성,4,30대,제주특별자치도,전문대졸
5169,f451d5f377474a9789755648813bed3d,여자,35,경상남,2~3년제 전문대학,음식 배달원,여성,4,30대,경상남도,전문대졸
5170,359cdc371b654ed7ac5bba87d170e563,여자,38,경기,4년제 대학교,유치원 교사,여성,4,30대,경기도,대졸
5171,64c61de6550647be8aac85fd1a8f1f57,여자,31,서울,4년제 대학교,회계사,여성,4,30대,서울특별시,대졸
5172,19ead03d9f524b0987d058638908e975,여자,36,서울,2~3년제 전문대학,무직,여성,4,30대,서울특별시,전문대졸
5173,1bef388bbfe541899362ec3a0d2b5d5c,여자,30,충청남,4년제 대학교,그 외 석유 및 천연가스 제조 관련 제어 장치 조작원,여성,4,30대,충청남,대졸
5174,f86b6724b0ae4d59888a182adf5fb8a2,여자,38,인천,고등학교,가전제품 설치 및 수리원,여성,4,30대,인천광역시,고졸
5175,5a002f462a0c4e93ba508f31514c421f,여자,39,전북,4년제 대학교,무직,여성,4,30대,전북특별자치도,대졸
5176,802432016e5a4a69a1dba9d2881af2f4,여자,36,전라남,4년제 대학교,상품 기획자,여성,4,30대,전라남,대졸
5177,32cc07bd09de4123b334a6f699b2da2f,여자,30,서울,4년제 대학교,일반 비서,여성,4,30대,서울특별시,대졸
5178,c2e64e2f9cda4103b6113740989d581f,여자,30,경기,4년제 대학교,무직,여성,4,30대,경기도,대졸
5179,3f0ca7e862e24fb29c3f9319d49eb614,여자,39,경기,2~3년제 전문대학,경리 사무원,여성,4,30대,경기도,전문대졸
5180,3658739fd0d14e37b0c90026ea8a2844,여자,39,서울,대학원,사무 보조원,여성,4,30대,서울특별시,대학원졸
5181,528f0481c961489a8d74d146019fce08,여자,31,전라남,4년제 대학교,무직,여성,4,30대,전라남,대졸
5182,056820f9b6b44b11a765f03b36dfa0de,여자,32,서울,4년제 대학교,광고 전문가,여성,4,30대,서울특별시,대졸
5183,541b0a2812b34f3ca2529503765b116a,여자,30,전라남,4년제 대학교,마케팅 전문가,여성,4,30대,전라남,대졸
5184,390ed3ca70f9415f8f4638b663e7f8b6,여자,36,경상북,고등학교,주방 보조원,여성,4,30대,경상북도,고졸
5185,7b3eee1550154d5c8d529fc05aa15d2a,여자,37,충청북,4년제 대학교,관세행정 사무원,여성,4,30대,충청북,대졸
5186,3ba2fabe6d2648e8b48bcbe0dd68b61b,여자,37,서울,4년제 대학교,광고 전문가,여성,4,30대,서울특별시,대졸
5187,1341c25b65fa4266a8fa8eab91d2d8ba,여자,34,대구,2~3년제 전문대학,치과위생사,여성,4,30대,대구광역시,전문대졸
5188,d5a5a0345c9442678e84af9f94ae580b,여자,30,대구,2~3년제 전문대학,보험 사무원,여성,4,30대,대구광역시,전문대졸
5189,fba82965411344ad8a9ddebe0b729e0c,여자,37,서울,2~3년제 전문대학,하역 및 적재 관련 단순 종사원,여성,4,30대,서울특별시,전문대졸
5190,b1ec01cbc6b548bca9e580bfaafbd510,여자,30,경상북,2~3년제 전문대학,법무 사무원,여성,4,30대,경상북도,전문대졸
5191,36a2b8fc52924a38be8552efd3b424d3,여자,39,경기,4년제 대학교,총무 사무원,여성,4,30대,경기도,대졸
5192,eca92050d044418f800d809c72c5ff63,여자,35,부산,2~3년제 전문대학,구급 요원,여성,4,30대,부산광역시,전문대졸
5193,bc60a60bf7144002b8e29cf0b0a53a28,여자,39,서울,4년제 대학교,관리 비서,여성,4,30대,서울특별시,대졸
5194,541320fe336c4e5687bb4c66eaca6dbb,여자,36,경기,2~3년제 전문대학,철도운송 관련 종사원,여성,4,30대,경기도,전문대졸
5195,7fa4902b81274e538528dd70bd2a667f,여자,38,부산,4년제 대학교,교육 및 훈련 사무원,여성,4,30대,부산광역시,대졸
5196,84bbc46c2df0402c9204fb382d8c839b,여자,34,전북,4년제 대학교,무직,여성,4,30대,전북특별자치도,대졸
5197,8bc35688dad34b8aa7b1d74bf4d0609e,여자,35,경기,2~3년제 전문대학,보육 관련 시설 서비스 종사원,여성,4,30대,경기도,전문대졸
5198,af5162e4c9f24714a451b80157d4e86e,여자,35,강원,4년제 대학교,그 외 조리사,여성,4,30대,강원특별자치도,대졸
5199,7dd98963f31d4a689c6c9e2636963548,여자,38,충청남,고등학교,보육 관련 시설 서비스 종사원,여성,4,30대,충청남,고졸
5200,9a2b141f8cef4a108e30be9b185a96dc,여자,30,서울,4년제 대학교,조사 전문가,여성,4,30대,서울특별시,대졸
5201,af09b6a2400a4d9c840e64b8f67c02c9,여자,31,울산,4년제 대학교,무직,여성,4,30대,울산광역시,대졸
5202,e89e770ee2f7488d8af89f9adb5bff88,여자,39,대전,4년제 대학교,법무 사무원,여성,4,30대,대전광역시,대졸
5203,efdb178c508742d7946b91be0c1d5cf5,여자,32,경상남,4년제 대학교,무직,여성,4,30대,경상남도,대졸
5204,8a4cfbc3d23b4c4ea1a9c0572a4da632,여자,31,부산,4년제 대학교,무직,여성,4,30대,부산광역시,대졸
5205,3e8aad80bbda4f9cbd48ebdf46c2cc18,여자,38,전라남,고등학교,무직,여성,4,30대,전라남,고졸
5206,671c1ba77f31459bacb9448f2604bb5f,여자,35,충청남,대학원,식품공학 시험원,여성,4,30대,충청남,대학원졸
5207,11f60eb19cd24b02ba85cdc2d578a0a5,여자,38,경기,대학원,재무 관리자,여성,4,30대,경기도,대학원졸
5208,9a5015fb77d24f57a4d679562a164f4c,여자,30,대구,대학원,무직,여성,4,30대,대구광역시,대학원졸
5209,cd33437f05ce44fe9e5bef59ad8127d7,여자,33,경상남,4년제 대학교,그 외 생명과학 시험원,여성,4,30대,경상남도,대졸
5210,3a24095c7df14abaab6ffb8730366d77,여자,37,서울,2~3년제 전문대학,무직,여성,4,30대,서울특별시,전문대졸
5211,bc202437e5024e0fafef48e02d1643f0,여자,38,서울,4년제 대학교,기업 고위 임원,여성,4,30대,서울특별시,대졸
5212,12ad9f9373324050b5114c07837e40e8,여자,30,충청남,고등학교,노인 및 장애인 돌봄 서비스 종사원,여성,4,30대,충청남,고졸
5213,2242fbdc0aaf4805a7ca215a2a30f2a1,여자,35,경기,대학원,데이터 분석가,여성,4,30대,경기도,대학원졸
5214,ba26f3e8238b4603ba139184ffaf10f5,여자,38,경기,고등학교,시설 경비원,여성,4,30대,경기도,고졸
5215,e8fdefdd52de47519293140fa7f7b328,여자,33,경기,4년제 대학교,국가행정 사무원,여성,4,30대,경기도,대졸
5216,decd42c630aa4bd89c4d5fba5839de86,여자,35,부산,대학원,무직,여성,4,30대,부산광역시,대학원졸
5217,cbbc433467ea4fd38efd05af51b9b308,여자,36,서울,고등학교,"전직 노인 및 장애인 돌봄 서비스 종사원, 현재 구직중",여성,4,30대,서울특별시,고졸
5218,e76fe297463d4fc5a3ae02b637932bee,여자,36,경기,초등학교,무직,여성,4,30대,경기도,초졸이하
5219,68aff539d76649918f779478fbd9596b,여자,39,경기,고등학교,대형 화물차 운전원,여성,4,30대,경기도,고졸
5220,b91bd0d099c7420690cea79a0a50330c,여자,31,경기,4년제 대학교,무직,여성,4,30대,경기도,대졸
5221,20449b5671b14ec1a85ef4ca3801d4b5,여자,37,인천,대학원,투자 및 증권 분석가,여성,4,30대,인천광역시,대학원졸
5222,fe2ee11026b748caa1625b51f5174f88,여자,34,충청북,고등학교,"전직 전자 부품 제조 기계 조작원, 현재 구직중",여성,4,30대,충청북,고졸
5223,4d83c9de9771416e836c27ff6eaa213e,여자,36,광주,고등학교,사무 보조원,여성,4,30대,광주광역시,고졸
5224,93efef7d2aea4d2c90acb0667889c76e,여자,31,경상북,2~3년제 전문대학,"전직 드라이클리닝기 조작원, 현재 구직중",여성,4,30대,경상북도,전문대졸
5225,78b220d0de4f4d0eb21d8ec66c66434a,여자,35,서울,4년제 대학교,그 외 일반 영업원,여성,4,30대,서울특별시,대졸
5226,b8633a226c79416dbf5e0fea2da2651e,여자,32,경기,4년제 대학교,무직,여성,4,30대,경기도,대졸
5227,ad8f141a6d9a4753b49ecb9644bf1e12,여자,33,대구,대학원,경영 컨설턴트,여성,4,30대,대구광역시,대학원졸
5228,33d7a92d316f47d1b523aa2e26408b19,여자,34,대구,4년제 대학교,특허 사무원,여성,4,30대,대구광역시,대졸
5229,78c3ccae6f9540e4b2961e323f7e4a05,여자,31,경기,4년제 대학교,국가행정 사무원,여성,4,30대,경기도,대졸
5230,d694d8459d7d4251ad7775fd284fa6f5,여자,34,서울,2~3년제 전문대학,양식 조리사,여성,4,30대,서울특별시,전문대졸
5231,6cc832e5b7234343831a3e5a46e7dc4a,여자,38,부산,4년제 대학교,그 외 일반 영업원,여성,4,30대,부산광역시,대졸
5232,09121e493156482991b1d32ceea1b0cf,여자,33,전북,4년제 대학교,데이터 분석가,여성,4,30대,전북특별자치도,대졸
5233,5c769658502b4888aa2d69b002f50a1e,여자,38,강원,2~3년제 전문대학,유치원 교사,여성,4,30대,강원특별자치도,전문대졸
5234,3239c3a1d9894085a57ce2f1c41e20e4,여자,31,경기,4년제 대학교,교육 및 훈련 사무원,여성,4,30대,경기도,대졸
5235,1c235a30b2b74ff0b6bde8adc124d758,여자,39,경상북,고등학교,무직,여성,4,30대,경상북도,고졸
5236,09ef9fd4c5d144d289ced0f509e55055,여자,37,경상북,고등학교,한식 조리사,여성,4,30대,경상북도,고졸
5237,7d6634cbb82d4360a2ae2bc748931c0d,여자,30,대전,4년제 대학교,소규모 상점 경영자,여성,4,30대,대전광역시,대졸
5238,19bd06c88de64039b18b88ad1f91e52b,여자,37,인천,2~3년제 전문대학,고속철 기관사,여성,4,30대,인천광역시,전문대졸
5239,b38b6af1e5784fc2b29cff0024f5260b,여자,37,경기,2~3년제 전문대학,유치원 교사,여성,4,30대,경기도,전문대졸
5240,2d150b70af9f446882235828d494b44d,여자,33,경기,4년제 대학교,관리 비서,여성,4,30대,경기도,대졸
5241,ea726ed4cc1d44d08bf432b51ddb8094,여자,33,부산,고등학교,한식 조리사,여성,4,30대,부산광역시,고졸
5242,3bdc5f1efca84b74b0bde7070a820303,여자,38,경상남,4년제 대학교,무직,여성,4,30대,경상남도,대졸
5243,dda365e5dc884184804ba2a400c57906,여자,36,경기,4년제 대학교,식품 영업원,여성,4,30대,경기도,대졸
5244,83eaec3733024a6cb6015b9e74e648e9,여자,31,경상남,고등학교,전기 용접원,여성,4,30대,경상남도,고졸
5245,192c2a07bd7c4fd78dee87f3598e0f0f,여자,32,서울,2~3년제 전문대학,무직,여성,4,30대,서울특별시,전문대졸
5246,26484f16ea7b44a3891aa8228ba9103a,여자,33,경상남,대학원,소규모 상점 일선 관리 종사원,여성,4,30대,경상남도,대학원졸
5247,5ccc457a2f254d48baa508703aa0833c,여자,37,부산,4년제 대학교,관리 비서,여성,4,30대,부산광역시,대졸
5248,1f9f63c5f5c64079ad8d35fceee105fa,여자,30,서울,대학원,무직,여성,4,30대,서울특별시,대학원졸
5249,2c8b9dcafa674d3ba5ce946f06afcbb5,여자,33,서울,4년제 대학교,제빵사 및 제과원,여성,4,30대,서울특별시,대졸
5250,8b36d8a02a434e76b269beb70beac4fe,여자,31,부산,고등학교,자동 재봉설비 조작원,여성,4,30대,부산광역시,고졸
5251,25f74e65df5344679c9e65f9acfaa914,여자,31,경기,2~3년제 전문대학,그 외 건설용 기계 정비원,여성,4,30대,경기도,전문대졸
5252,720dbb398eb1430188e07fcf4c0ac86b,여자,37,경기,2~3년제 전문대학,신발 및 액세서리 판매원,여성,4,30대,경기도,전문대졸
5253,099c80df2228478d934f54feae957722,여자,33,경기,2~3년제 전문대학,데이터 분석가,여성,4,30대,경기도,전문대졸
5254,76eec8cb248c48bdb8966b320452ef6e,여자,33,서울,4년제 대학교,무직,여성,4,30대,서울특별시,대졸
5255,c1f9f3331f59462ab5f48eb8425613be,여자,35,서울,2~3년제 전문대학,무직,여성,4,30대,서울특별시,전문대졸
5256,ac0ce568ad694d338f6d02fb18b8914a,여자,39,경기,대학원,무직,여성,4,30대,경기도,대학원졸
5257,58aee6534ac64e8f99e3bb4969dd3639,여자,34,경기,4년제 대학교,회계 사무원,여성,4,30대,경기도,대졸
5258,20c07862e73f4178b462f4840748a086,여자,34,세종,2~3년제 전문대학,무직,여성,4,30대,세종특별자치시,전문대졸
5259,105f38b7f98b4bc98fab3a26ffb4e117,여자,36,인천,고등학교,사무 보조원,여성,4,30대,인천광역시,고졸
5260,301cfa10291c4dc487745f96ccfdf4b7,여자,31,서울,4년제 대학교,온라인 쇼핑 판매원,여성,4,30대,서울특별시,대졸
5261,2252ce7ebbeb4a4aab6cd7c9e97aeb7c,여자,36,경기,대학원,마케팅 전문가,여성,4,30대,경기도,대학원졸
5262,a3df1d7d18d742a99138aec6a03d8da5,여자,31,충청남,2~3년제 전문대학,일식 조리사,여성,4,30대,충청남,전문대졸
5263,f02c03d190604075b194f917284bdef5,여자,30,서울,4년제 대학교,일반 비서,여성,4,30대,서울특별시,대졸
5264,30517228cccd4625a0e14acb245f1c3b,여자,34,서울,4년제 대학교,일반 비서,여성,4,30대,서울특별시,대졸
5265,6403b0af3d1d49fcb0ead4cd5f7160cd,여자,37,전라남,2~3년제 전문대학,무직,여성,4,30대,전라남,전문대졸
5266,bb6b62320b5641639b7ca3e91f71ba1e,여자,36,경기,4년제 대학교,그 외 화학제품 생산기 조작원,여성,4,30대,경기도,대졸
5267,82b1f97b7aa54e0298dcb1b2159ca9dc,여자,39,경기,고등학교,지게차 정비원,여성,4,30대,경기도,고졸
5268,7340971c2523495f8d442a9c062cd0e7,여자,31,경기,고등학교,토목 제도사,여성,4,30대,경기도,고졸
5269,ba9b2908eabe4efb9a831338dede030d,여자,38,서울,2~3년제 전문대학,화학 시험원,여성,4,30대,서울특별시,전문대졸
5270,ebc605d42823498b941479188228fbdf,여자,31,경기,고등학교,가사 도우미,여성,4,30대,경기도,고졸
5271,190262631db943f2b12a95c3f34040f8,여자,31,서울,4년제 대학교,소방 관리자,여성,4,30대,서울특별시,대졸
5272,179ab714f5cb4cdaa32e1375b06da5c8,여자,37,경기,4년제 대학교,무직,여성,4,30대,경기도,대졸
5273,732c55e49a5049cfabf7d149712e3bc3,여자,37,서울,4년제 대학교,영업 관리 사무원,여성,4,30대,서울특별시,대졸
5274,1c8c44dce3044faea5ab831a693d5d23,여자,34,서울,고등학교,그 외 의복 제조 관련 기능 종사원,여성,4,30대,서울특별시,고졸
5275,cb80d9ff81a34a86a25d833a2cdfb56f,여자,30,전라남,2~3년제 전문대학,"전직 통신장비 기사, 현재 구직중",여성,4,30대,전라남,전문대졸
5276,d00663a4a1e646e5b18f19ea2013dd90,여자,33,부산,2~3년제 전문대학,무직,여성,4,30대,부산광역시,전문대졸
5277,74c216f34b6e43efb3eb45cf0a255d0b,여자,32,서울,2~3년제 전문대학,전화 상담원,여성,4,30대,서울특별시,전문대졸
5278,32a8f65916c246eca7ac699609923da8,여자,34,경기,4년제 대학교,자동 조립라인 조작원,여성,4,30대,경기도,대졸
5279,5c5692aae84b450b964ceae29fd12b2c,여자,37,경기,2~3년제 전문대학,제빵사 및 제과원,여성,4,30대,경기도,전문대졸
5280,1a5b1827ec3945f094a20211139c0a05,여자,30,경기,초등학교,마케팅 전문가,여성,4,30대,경기도,초졸이하
5281,7cac8444ec2b4677984a71363de34624,여자,32,경상남,4년제 대학교,무직,여성,4,30대,경상남도,대졸
5282,5b938b6baf2c4a6c8cea3f7eed575884,여자,36,경기,2~3년제 전문대학,특허 사무원,여성,4,30대,경기도,전문대졸
5283,2213a0f376bc44f39cab5a267468c7cc,여자,38,경기,4년제 대학교,상품 기획자,여성,4,30대,경기도,대졸
5284,9bfb9cf101e64841a341872710e8543e,여자,39,서울,4년제 대학교,미디어 콘텐츠 창작자,여성,4,30대,서울특별시,대졸
5285,e90d20b041d3498896e01ad68e918771,여자,31,경기,4년제 대학교,"전직 바텐더, 현재 구직중",여성,4,30대,경기도,대졸
5286,cf12cb723fdf4043814c51a18fc91081,여자,32,서울,4년제 대학교,일반 비서,여성,4,30대,서울특별시,대졸
5287,c964e32dbc554e349dc8fa8676f3e1e2,여자,33,충청남,4년제 대학교,일식 조리사,여성,4,30대,충청남,대졸
5288,6510b78cccb9410d99855dd581bdbda9,여자,30,서울,대학원,일반 비서,여성,4,30대,서울특별시,대학원졸
5289,4f0fe377e5664a76b22d629742a843e0,여자,35,경기,2~3년제 전문대학,금속공학 기술자 및 연구원,여성,4,30대,경기도,전문대졸
5290,1d78f57ad6904a42ac781f6da32602bc,여자,33,인천,4년제 대학교,"전직 보육교사, 현재 구직중",여성,4,30대,인천광역시,대졸
5291,891c2c2bdcb949b7965caadeb9778fa3,여자,39,경기,고등학교,건물 청소원,여성,4,30대,경기도,고졸
5292,4488815464ec4ace824587968c11a999,여자,37,서울,2~3년제 전문대학,"전직 그 외 공업기계 설치 및 정비원, 현재 구직중",여성,4,30대,서울특별시,전문대졸
5293,bbc91425c2864976b1f38e8fb22a3dc3,여자,30,전라남,2~3년제 전문대학,치과위생사,여성,4,30대,전라남,전문대졸
5294,e3d3c70fb9704c81b88cef6ef160e50c,여자,39,인천,4년제 대학교,데이터 분석가,여성,4,30대,인천광역시,대졸
5295,64608ebaeaf84fbfa46c4928a8b7e5c4,여자,31,경기,4년제 대학교,무직,여성,4,30대,경기도,대졸
5296,4ce30654453240aaba71425b11a91e7f,여자,39,서울,고등학교,건물 청소원,여성,4,30대,서울특별시,고졸
5297,8284c4d1a74547c28aa2757e1b141d97,여자,35,경기,2~3년제 전문대학,한식 조리사,여성,4,30대,경기도,전문대졸
5298,3d417044e03546819c396579706415e0,여자,35,부산,4년제 대학교,무직,여성,4,30대,부산광역시,대졸
5299,395deeca283d4dea8173c8f52ad442e3,여자,34,경기,4년제 대학교,일반 비서,여성,4,30대,경기도,대졸
5300,21f782b4cd5748e585e225cb2b614193,여자,37,서울,4년제 대학교,광고 전문가,여성,4,30대,서울특별시,대졸
5301,087287f60d5b406e8faccf1469c3ce49,여자,33,서울,고등학교,건물 경비원,여성,4,30대,서울특별시,고졸
5302,e9e1e8a66a344aae970fe8d6021a0a1e,여자,32,서울,4년제 대학교,웨딩플래너,여성,4,30대,서울특별시,대졸
5303,6dc54b32d0854670b05d1b9e5ea538f5,여자,34,충청남,2~3년제 전문대학,의무 기록사,여성,4,30대,충청남,전문대졸
5304,6938b1cd88824877beff529d6bd8ba78,여자,38,서울,4년제 대학교,무직,여성,4,30대,서울특별시,대졸
5305,90b464eed41b48ecb3df078f15c65520,여자,32,충청북,2~3년제 전문대학,무직,여성,4,30대,충청북,전문대졸
5306,04910de6b46849e59d51c45470bd755c,여자,36,서울,대학원,모바일 애플리케이션 프로그래머,여성,4,30대,서울특별시,대학원졸
5307,9fe1b21fb2b149cb955e9048175dd2e3,여자,39,강원,2~3년제 전문대학,"전직 음료 서비스 종사원, 현재 구직중",여성,4,30대,강원특별자치도,전문대졸
5308,d18bf734caa64ee7a4046a83916d45df,여자,32,울산,4년제 대학교,산업 안전원,여성,4,30대,울산광역시,대졸
5309,064a8fd9600a4b368f0355200b078e79,여자,31,대전,고등학교,무직,여성,4,30대,대전광역시,고졸
5310,33cce913f68143c2a1dc094d61814dfc,여자,34,대구,고등학교,밑반찬 제조 종사원,여성,4,30대,대구광역시,고졸
5311,d84daaf6b2c945c08a0582f099c19d48,여자,35,경기,4년제 대학교,무직,여성,4,30대,경기도,대졸
5312,309f37d2919e43dc8a117993d299afea,여자,35,경기,중학교,텔레마케터,여성,4,30대,경기도,중졸
5313,a83df52559754970acca1cb8392c8bf4,여자,35,인천,2~3년제 전문대학,무직,여성,4,30대,인천광역시,전문대졸
5314,8b9b1cb1c448430fb06a4d4b47190ae6,여자,37,인천,고등학교,데이터 관리 및 운영자,여성,4,30대,인천광역시,고졸
5315,017136bea5174602ba363ab7d948c1f1,여자,32,서울,4년제 대학교,무직,여성,4,30대,서울특별시,대졸
5316,835226719c7747309a80a0631b17769a,여자,30,경기,2~3년제 전문대학,무직,여성,4,30대,경기도,전문대졸
5317,679e7e5867624462b0cbcdcc891ee3a6,여자,39,전북,4년제 대학교,마케팅 전문가,여성,4,30대,전북특별자치도,대졸
5318,3906d77e13fb4b69b65cad0035ec1ec1,여자,34,전북,4년제 대학교,무직,여성,4,30대,전북특별자치도,대졸
5319,30869833bb1542428d1e0a9e54fac6e7,여자,30,대구,4년제 대학교,전자제품 개발 기술자 및 연구원,여성,4,30대,대구광역시,대졸
5320,5a4abf17b30a40ae8d48f102bcb536ed,여자,39,부산,고등학교,무직,여성,4,30대,부산광역시,고졸
5321,64cd170ceca4408d8aac2d04a21559cf,여자,38,서울,4년제 대학교,경리 사무원,여성,4,30대,서울특별시,대졸
5322,2ee39938e3284a978581239b5b6cb377,여자,30,경기,4년제 대학교,일반 비서,여성,4,30대,경기도,대졸
5323,ac347f0ef86f450fb2ac286d903784b2,여자,32,경기,고등학교,건물 전기 및 전자설비 조작원,여성,4,30대,경기도,고졸
5324,a6fe5bebeccd428f8fe886c31f8f18c1,여자,36,서울,고등학교,사무 보조원,여성,4,30대,서울특별시,고졸
5325,93c56ed151d04d8aa2783210f7e1b1cc,여자,38,경기,대학원,무직,여성,4,30대,경기도,대학원졸
5326,01a9268e00ae4d8f910b041b2098c1a9,여자,37,서울,2~3년제 전문대학,무직,여성,4,30대,서울특별시,전문대졸
5327,163426bc25e4481cb0161f556a320bbe,여자,37,경기,2~3년제 전문대학,무직,여성,4,30대,경기도,전문대졸
5328,c7d4c97632c146cea93bb2cb0c195821,여자,35,경기,2~3년제 전문대학,전화 상담원,여성,4,30대,경기도,전문대졸
5329,71077f87a22c44668634b1a6152f7762,여자,35,서울,4년제 대학교,무직,여성,4,30대,서울특별시,대졸
5330,6fc80e21429b4ae2a9bc91846aba0a31,여자,31,경기,초등학교,제품 단순 선별원,여성,4,30대,경기도,초졸이하
5331,53b33683ec0846e9b22a20f79ab109cc,여자,34,울산,대학원,전자제품 개발 기술자 및 연구원,여성,4,30대,울산광역시,대학원졸
5332,3f8e5fe5d8c34f93ba7db569dda493c1,여자,30,서울,4년제 대학교,경리 사무원,여성,4,30대,서울특별시,대졸
5333,92caccb59a4a4f849f81bc0159e9247b,여자,38,서울,4년제 대학교,치과위생사,여성,4,30대,서울특별시,대졸
5334,aa7e13f0f58949f0bf74a2148aab2009,여자,39,광주,2~3년제 전문대학,건물 청소원,여성,4,30대,광주광역시,전문대졸
5335,347953b84cc542d99764c432efcf99a6,여자,30,대전,고등학교,사무 보조원,여성,4,30대,대전광역시,고졸
5336,ce0768df49d345d2980aea404a44505b,여자,30,부산,고등학교,매장 정리원,여성,4,30대,부산광역시,고졸
5337,c02132729a674c9aab692332560a3c9e,여자,31,경기,4년제 대학교,국가행정 사무원,여성,4,30대,경기도,대졸
5338,38490a4f1d6b4bd2b7e23a6888c1bba9,여자,30,인천,2~3년제 전문대학,경리 사무원,여성,4,30대,인천광역시,전문대졸
5339,32b5667fe3f9424b99d4c37882cb79c3,여자,37,경기,중학교,그 외 판매 관련 단순 종사원,여성,4,30대,경기도,중졸
5340,eba62d14a71b4cef96c657d5a30cadd7,여자,34,전북,4년제 대학교,부동산 컨설턴트,여성,4,30대,전북특별자치도,대졸
5341,981d1f4d24c44aefa23e2ae493ad3e9f,여자,33,경기,대학원,무직,여성,4,30대,경기도,대학원졸
5342,41bbd1111b8740dc9ed9a7320107628a,여자,34,인천,4년제 대학교,일반 비서,여성,4,30대,인천광역시,대졸
5343,b4de6d5aa05646e6ab793f4bb6d77d1d,여자,38,강원,고등학교,건물 청소원,여성,4,30대,강원특별자치도,고졸
5344,aaddbc5a91f046c2bc85c21e35521d3f,여자,34,부산,2~3년제 전문대학,학습지 방문강사,여성,4,30대,부산광역시,전문대졸
5345,073a9d9c850a4c36b39ec98d8a982f45,여자,35,대구,2~3년제 전문대학,유치원 교사,여성,4,30대,대구광역시,전문대졸
5346,fd235ef39849431d8f6e21518db627a8,여자,39,부산,고등학교,금형원,여성,4,30대,부산광역시,고졸
5347,b98469e4d2504632bbf03c43117e41fa,여자,33,인천,4년제 대학교,웹 프로그래머,여성,4,30대,인천광역시,대졸
5348,8c7dc17f561a4a98a9408abc8da5da3a,여자,34,전라남,4년제 대학교,농약·비료 기술자 및 연구원,여성,4,30대,전라남,대졸
5349,bdd8e618baa84b92a1d85b2fac2568d8,여자,34,충청남,4년제 대학교,위험 관리원,여성,4,30대,충청남,대졸
5350,5a856483a0c94c0ba96376b80305440f,여자,39,대구,2~3년제 전문대학,학습지 방문강사,여성,4,30대,대구광역시,전문대졸
5351,2ebaceacfd424624af9f761fd8ddcab3,여자,39,경기,4년제 대학교,일반 한의사,여성,4,30대,경기도,대졸
5352,c16af319f7744ea6a3a20a473cb6d8ae,여자,39,경기,4년제 대학교,상담 전문가,여성,4,30대,경기도,대졸
5353,86aa7c719c3d4280a9c8f73302702d4e,여자,38,서울,대학원,조사 전문가,여성,4,30대,서울특별시,대학원졸
5354,db7aec09965f4aa9a79444e5e318be56,여자,39,경기,중학교,무직,여성,4,30대,경기도,중졸
5355,9dab50eb3f0c4d88a5a097d56f3bb442,여자,30,서울,고등학교,건물 청소원,여성,4,30대,서울특별시,고졸
5356,e80aa5495efa4840ab6fe63ff0368522,여자,35,충청북,2~3년제 전문대학,컴퓨터 설치 및 수리원,여성,4,30대,충청북,전문대졸
5357,5b1c368ea5da4dda8fc3873e5527cf26,여자,32,서울,4년제 대학교,식품 영업원,여성,4,30대,서울특별시,대졸
5358,016edd4278af4557bb91d29e0bd5e986,여자,34,광주,4년제 대학교,관리 비서,여성,4,30대,광주광역시,대졸
5359,193acf8fce794a63972dd3c44b4abe66,여자,36,경기,2~3년제 전문대학,건물 청소원,여성,4,30대,경기도,전문대졸
5360,2be0ea2b1c4f44aeaeca0fbfe886f583,여자,38,경기,대학원,데이터 분석가,여성,4,30대,경기도,대학원졸
5361,2720e1558dfc49e2a8b4e2dbf4fb80a8,여자,33,경기,4년제 대학교,무직,여성,4,30대,경기도,대졸
5362,e2ae2bd646be445aac7eedfe0d34f27e,여자,30,인천,대학원,유치원 교사,여성,4,30대,인천광역시,대학원졸
5363,c30478ed21eb4fea830132ab06c70bfa,여자,31,경기,고등학교,그 외 표백 및 염색 관련 기계 조작원,여성,4,30대,경기도,고졸
5364,2152d3344eda442d89aaa69f37446dfe,여자,31,인천,2~3년제 전문대학,무직,여성,4,30대,인천광역시,전문대졸
5365,53971f762ee64fd780c07579290dc1e1,여자,33,서울,고등학교,무직,여성,4,30대,서울특별시,고졸
5366,02cf064575cd474e9692b267fbc1b672,여자,32,경기,2~3년제 전문대학,금속기계 부품 조립원,여성,4,30대,경기도,전문대졸
5367,0fbb74f2197142a4b4278971d5450db5,여자,31,경기,고등학교,학습지 방문강사,여성,4,30대,경기도,고졸
5368,ed026fce04bb43ab9c076bae3c37429d,여자,30,경기,2~3년제 전문대학,무직,여성,4,30대,경기도,전문대졸
5369,4f1039a4a1a542f6922a43b63436c919,여자,39,서울,4년제 대학교,광고 전문가,여성,4,30대,서울특별시,대졸
5370,0fee948e8808479bb243e749309ffe11,여자,34,대구,4년제 대학교,유치원 교사,여성,4,30대,대구광역시,대졸
5371,c7399233170d4e198d00a2f6baa08d86,여자,33,서울,2~3년제 전문대학,그 외 전기·전자기기 설치 및 수리원,여성,4,30대,서울특별시,전문대졸
5372,937cba1f5cd24de2913b7ddf899b6a44,여자,31,인천,4년제 대학교,가구 디자이너,여성,4,30대,인천광역시,대졸
5373,3e1adab77534431b95fd1798da133261,여자,36,세종,2~3년제 전문대학,유치원 교사,여성,4,30대,세종특별자치시,전문대졸
5374,ad8bcce9730a47a0ad8be1cf7ab818e3,여자,31,경상북,4년제 대학교,경리 사무원,여성,4,30대,경상북도,대졸
5375,b319627fe531426eb9f900fa059e123f,여자,38,전북,4년제 대학교,회계 사무원,여성,4,30대,전북특별자치도,대졸
5376,0975acd6f5e54a3081d457f83bdc0111,여자,30,전라남,4년제 대학교,일반 비서,여성,4,30대,전라남,대졸
5377,e2a07591c10d42359c80da6cc1fef620,여자,30,강원,고등학교,일반 비서,여성,4,30대,강원특별자치도,고졸
5378,5e7aed84eba94beaa8a1b1c03f0477cc,여자,34,경기,대학원,마케팅 전문가,여성,4,30대,경기도,대학원졸
5379,11d1bf18b86f46c796699bfc48c69659,여자,34,부산,고등학교,마케팅 전문가,여성,4,30대,부산광역시,고졸
5380,29006d2acc7649d3a8389684fe36d9ad,여자,31,경기,대학원,그 외 기능 관련 종사원,여성,4,30대,경기도,대학원졸
5381,b2d9e18c56834741b1e587ded5120107,여자,31,인천,고등학교,우편집배원,여성,4,30대,인천광역시,고졸
5382,27199be7475c4d2287719aeecd4e6bd5,여자,32,서울,2~3년제 전문대학,소방관,여성,4,30대,서울특별시,전문대졸
5383,16671242599b4d62983ebddd22795b69,여자,37,경기,고등학교,음식 서비스 종사원,여성,4,30대,경기도,고졸
5384,cbccbecc13c447b7aded98e1f4634b54,여자,33,경상남,고등학교,일반 비서,여성,4,30대,경상남도,고졸
5385,ea28e6dc630c4273b2833b5bf60e1739,여자,39,부산,4년제 대학교,공공행정 사무원,여성,4,30대,부산광역시,대졸
5386,835512a37027408c811b1f7919cf2910,여자,37,경기,중학교,건물 청소원,여성,4,30대,경기도,중졸
5387,230636fe3c744562b728da540db87069,여자,38,서울,2~3년제 전문대학,식품공학 시험원,여성,4,30대,서울특별시,전문대졸
5388,76ce884b5daf4392b2683f60d17443c0,여자,39,경기,4년제 대학교,교육 및 훈련 사무원,여성,4,30대,경기도,대졸
5389,9dea2b2795484e119c95ca79c9eb95a0,여자,34,서울,4년제 대학교,회계 사무원,여성,4,30대,서울특별시,대졸
5390,addd7d74ded04f1ebbf87e02841faddc,여자,30,인천,2~3년제 전문대학,무직,여성,4,30대,인천광역시,전문대졸
5391,fc92de95679044a5b285468987cd971e,여자,37,경기,대학원,마케팅 전문가,여성,4,30대,경기도,대학원졸
5392,bdced5ff1b6d46dc9a94828b00754ba4,여자,34,경상남,2~3년제 전문대학,무직,여성,4,30대,경상남도,전문대졸
5393,a51a0c8decec456c8db944e29bc78b88,여자,32,경상북,4년제 대학교,마케팅 관리자,여성,4,30대,경상북도,대졸
5394,ffae27e09cf6483c8ce2e124a1e39dfc,여자,30,서울,2~3년제 전문대학,정보 시스템 운영자,여성,4,30대,서울특별시,전문대졸
5395,37c30e8491514dd78e895da4d343b756,여자,34,경상남,4년제 대학교,유치원 교사,여성,4,30대,경상남도,대졸
5396,d6d5b71847ad463e8a4fcfceb160c74e,여자,38,경기,4년제 대학교,전화 상담원,여성,4,30대,경기도,대졸
5397,0a3a3d80912f457a916ab064bf14847c,여자,36,인천,4년제 대학교,"전직 마케팅 전문가, 현재 구직중",여성,4,30대,인천광역시,대졸
5398,46b1133475574733aedd7276351cd776,여자,32,경기,2~3년제 전문대학,무직,여성,4,30대,경기도,전문대졸
5399,dfced3038448467e8f8ee162df5a10d6,여자,30,경기,2~3년제 전문대학,방송 송출 장비 기사,여성,4,30대,경기도,전문대졸
5400,a10ad1da0d9d43c38ae2e15e306f39e0,여자,30,경기,4년제 대학교,여행 사무원,여성,4,30대,경기도,대졸
5401,b9a8dff9d8ab46c490315d1ce1bd4625,여자,30,경기,2~3년제 전문대학,사무 보조원,여성,4,30대,경기도,전문대졸
5402,47cc7eefe4c442c2b8b5989bfa04708d,여자,30,서울,2~3년제 전문대학,보육교사,여성,4,30대,서울특별시,전문대졸
5403,8c121c606749494da286c47d75f8b895,여자,39,경상남,대학원,무직,여성,4,30대,경상남도,대학원졸
5404,c1da9e3ac6b744e99f8f58ec7150e7f8,여자,30,서울,4년제 대학교,일반 간호사,여성,4,30대,서울특별시,대졸
5405,18989485f2d44ed9883456088366d74c,여자,33,경상남,2~3년제 전문대학,화장품 판매원,여성,4,30대,경상남도,전문대졸
5406,3cb402ae9d9c451e9c525cc760462704,여자,30,경기,4년제 대학교,입학 사정관,여성,4,30대,경기도,대졸
5407,fb6f3e2c2c0e4e2ab7774e0e57fa71f5,여자,30,광주,2~3년제 전문대학,무직,여성,4,30대,광주광역시,전문대졸
5408,3705cd11933849f4a4aa70033d463a1e,여자,33,경기,고등학교,한식 조리사,여성,4,30대,경기도,고졸
5409,90a997261e444ef8887aea4538780afa,여자,37,부산,4년제 대학교,무직,여성,4,30대,부산광역시,대졸
5410,83abaea157c34d9c85a7fe9a359282dc,여자,34,서울,4년제 대학교,영업 관련 관리자,여성,4,30대,서울특별시,대졸
5411,0bea937d53d448dc9d97b254c63208fd,여자,32,인천,4년제 대학교,경리 사무원,여성,4,30대,인천광역시,대졸
5412,db9412cb61c1441781bcf0902f253b11,여자,38,제주,2~3년제 전문대학,회계 사무원,여성,4,30대,제주특별자치도,전문대졸
5413,0ae1d25960b94763b775f39749830f3c,여자,38,경기,4년제 대학교,그 외 특수교육 교사,여성,4,30대,경기도,대졸
5414,108976a1f8274ff8a97c005d187ff77f,여자,30,전북,4년제 대학교,총무 및 인사 관리자,여성,4,30대,전북특별자치도,대졸
5415,73f3d0b6910247598b97257bfcc5b41a,여자,36,인천,2~3년제 전문대학,조세행정 사무원,여성,4,30대,인천광역시,전문대졸
5416,74ae3b3b761a4f9ca09b06bc227927e3,여자,34,인천,2~3년제 전문대학,전화 상담원,여성,4,30대,인천광역시,전문대졸
5417,23fac00cd690457d9e04193295798823,여자,38,경기,4년제 대학교,무직,여성,4,30대,경기도,대졸
5418,f52697b8994e45f4baa67a2c28851245,여자,37,충청남,고등학교,메이크업 아티스트,여성,4,30대,충청남,고졸
5419,647e041619f74edaa140dc47cf0925be,여자,39,경기,고등학교,사무 보조원,여성,4,30대,경기도,고졸
5420,e7596424a53c43d58cb1ea040581d979,여자,31,서울,4년제 대학교,일식 조리사,여성,4,30대,서울특별시,대졸
5421,0fc60a90776d4fbca42cb5a4e76d205c,여자,38,대전,4년제 대학교,일반 비서,여성,4,30대,대전광역시,대졸
5422,ad2843985ba447cfb6caa97799b066d4,여자,33,경상남,2~3년제 전문대학,"전직 경리 사무원, 현재 구직중",여성,4,30대,경상남도,전문대졸
5423,425f5e56eef34b6db96a98db476e2896,여자,30,서울,대학원,무직,여성,4,30대,서울특별시,대학원졸
5424,437e9dcc622e4fa88a04a62dab3dfa37,여자,32,서울,4년제 대학교,회계 사무원,여성,4,30대,서울특별시,대졸
5425,0e91663673844c1eb832b18086afbd77,여자,38,서울,2~3년제 전문대학,사무 보조원,여성,4,30대,서울특별시,전문대졸
5426,33cc281954554f51b6a9f0399a129a53,여자,39,충청남,고등학교,출판 및 자료편집 사무원,여성,4,30대,충청남,고졸
5427,6b495a2d9bd54665a6647f4aebbcb1f4,여자,39,충청북,고등학교,음료 서비스 종사원,여성,4,30대,충청북,고졸
5428,b12e2dff16a54fafa27e1e33dd3b5f41,여자,38,서울,2~3년제 전문대학,식품 영업원,여성,4,30대,서울특별시,전문대졸
5429,6d391b11965c439ba4fd71c712bf3c1e,여자,31,인천,고등학교,하역 및 적재 관련 단순 종사원,여성,4,30대,인천광역시,고졸
5430,bcd2d6e09c644cb285755c5f26d29237,여자,39,대구,대학원,무직,여성,4,30대,대구광역시,대학원졸
5431,5e82f0b6b04d499194e237b33b521966,여자,32,경상북,2~3년제 전문대학,한식 조리사,여성,4,30대,경상북도,전문대졸
5432,34cfc6d529764220b69a180d65ceed59,여자,31,서울,4년제 대학교,도시 계획 및 설계가,여성,4,30대,서울특별시,대졸
5433,ec7830563ebb4c49b6450b748169699a,여자,37,경기,4년제 대학교,식품 영업원,여성,4,30대,경기도,대졸
5434,f29fb049d3d74f649f67ec008559fff7,여자,36,서울,고등학교,무직,여성,4,30대,서울특별시,고졸
5435,8ab66e77d4934c9e94873855093f7c7c,여자,37,서울,4년제 대학교,데이터 분석가,여성,4,30대,서울특별시,대졸
5436,cf12cb723fdf4043814c51a18fc91081,여자,32,서울,4년제 대학교,일반 비서,여성,4,30대,서울특별시,대졸
5437,cf9d6e24fe3e4b8ea066a53c273a61f1,여자,30,충청남,중학교,건물 청소원,여성,4,30대,충청남,중졸
5438,1cbe63ad07c2454d9353363844b33c08,여자,30,대구,4년제 대학교,무직,여성,4,30대,대구광역시,대졸
5439,fc4d7a18f77747008ace2d33e306db29,여자,39,제주,고등학교,그 외 법률 관련 사무원,여성,4,30대,제주특별자치도,고졸
5440,1a338213ee344ae4b53411b066eae6ae,여자,33,경기,고등학교,그 외 플라스틱제품 생산기 조작원,여성,4,30대,경기도,고졸
5441,085fc5ef48da4d8eab95b2dd815bb14c,여자,32,부산,대학원,무직,여성,4,30대,부산광역시,대학원졸
5442,0d1a7b50f9c8454ab2beee4a47336a4f,여자,39,서울,2~3년제 전문대학,사무 보조원,여성,4,30대,서울특별시,전문대졸
5443,80c2dba395e943f9be14e16c9438d304,여자,32,경상남,4년제 대학교,회계 사무원,여성,4,30대,경상남도,대졸
5444,934c9f753ea0471682ce17ed05924e52,여자,36,세종,4년제 대학교,조세행정 사무원,여성,4,30대,세종특별자치시,대졸
5445,5fb784f1c85a4b0997cce3dc43c4bc32,여자,35,서울,고등학교,그 외 일반 영업원,여성,4,30대,서울특별시,고졸
5446,bbdaf92a57804e989dc2a21132c521a4,여자,32,경기,2~3년제 전문대학,제빵사 및 제과원,여성,4,30대,경기도,전문대졸
5447,ccc360608dc1487a8fd790e1b0b7e95a,여자,31,경기,대학원,무직,여성,4,30대,경기도,대학원졸
5448,bfb982f3294946ec82f18e54ba628cda,여자,30,서울,고등학교,무직,여성,4,30대,서울특별시,고졸
5449,0b908be51e0d4fb8a69232fddcc2dffa,여자,30,경기,고등학교,노점 및 이동 판매원,여성,4,30대,경기도,고졸
5450,246c4934c67b47119cd4ab1d611dbf8d,여자,39,경기,고등학교,시장 및 여론 조사 관리자,여성,4,30대,경기도,고졸
5451,f823b654bccd4108b5a2a486370af52c,여자,33,부산,4년제 대학교,무직,여성,4,30대,부산광역시,대졸
5452,8a160045ea484e5598b936d4446b30a0,여자,38,경기,고등학교,무직,여성,4,30대,경기도,고졸
5453,411a6a511b8b4af79c1bbcbe2b1f214d,여자,32,광주,4년제 대학교,일반 비서,여성,4,30대,광주광역시,대졸
5454,c4e9600c540c429ea51279cb983e6697,여자,33,경상남,4년제 대학교,사무 보조원,여성,4,30대,경상남도,대졸
5455,39130d9a62264498b25b9d0c30d0ec6d,여자,34,서울,4년제 대학교,치과위생사,여성,4,30대,서울특별시,대졸
5456,f883094ffd004de3ae141828b58a7c65,여자,34,대전,고등학교,무직,여성,4,30대,대전광역시,고졸
5457,8f2b4b2621294185a3346bccebe1784e,여자,37,충청남,고등학교,가정용 전기 및 전자제품 조립원,여성,4,30대,충청남,고졸
5458,26f203b5d7dd4cd3afe34d8d3ff29c02,여자,39,서울,4년제 대학교,특허 사무원,여성,4,30대,서울특별시,대졸
5459,1ae67e9fbb4b48028b1560fe263f4878,여자,30,부산,4년제 대학교,무직,여성,4,30대,부산광역시,대졸
5460,84822e7d588c4d458431ba89dee90b66,여자,34,부산,4년제 대학교,토목 관련 관리자,여성,4,30대,부산광역시,대졸
5461,7a55ddeec05240138dc2ca9f92034c9c,여자,39,경기,고등학교,웹 기획자,여성,4,30대,경기도,고졸
5462,4a957e42ceb04063bed1836efa5e8b05,여자,38,전라남,2~3년제 전문대학,마케팅 전문가,여성,4,30대,전라남,전문대졸
5463,237112ebfb534342ba60d7f69680c05f,여자,33,서울,4년제 대학교,웹 운영자,여성,4,30대,서울특별시,대졸
5464,86d6da76b3104439b5be24db9b13364f,여자,32,서울,대학원,그 외 고객 상담 사무원,여성,4,30대,서울특별시,대학원졸
5465,9d5aec9c3cf64b26b38cc2ff4e0bafc8,여자,38,경상북,2~3년제 전문대학,한식 조리사,여성,4,30대,경상북도,전문대졸
5466,25e09108efc24bd1938c3c1a48e0dba4,여자,30,광주,고등학교,일반 비서,여성,4,30대,광주광역시,고졸
5467,79379636dd3d4145aec8d777781d2090,여자,35,서울,4년제 대학교,그 외 음식 서비스 종사원,여성,4,30대,서울특별시,대졸
5468,6dcf678de6304916b1c3bce2e7c1ca50,여자,30,제주,2~3년제 전문대학,그 외 음식 서비스 종사원,여성,4,30대,제주특별자치도,전문대졸
5469,2a992d5b4f8146bfb47839c65c300468,여자,30,충청북,4년제 대학교,일반 비서,여성,4,30대,충청북,대졸
5470,ff153970cddf4084954f5a4da486ae84,여자,33,경기,4년제 대학교,유치원 교사,여성,4,30대,경기도,대졸
5471,18653004aaf74128a088dc81520c9e1c,여자,31,울산,2~3년제 전문대학,무직,여성,4,30대,울산광역시,전문대졸
5472,8d7bce32bf0e47bf8fc71226b030a050,여자,38,세종,2~3년제 전문대학,공공 기관 임원,여성,4,30대,세종특별자치시,전문대졸
5473,85d06d942cb247638e39f2004db8c416,여자,37,경기,대학원,무직,여성,4,30대,경기도,대학원졸
5474,a9fe5532581c4a09ac2ea6db2913f7ac,여자,34,경상남,2~3년제 전문대학,무직,여성,4,30대,경상남도,전문대졸
5475,885fe8d53bd0408084eb4a82213699bc,여자,36,경상남,4년제 대학교,무직,여성,4,30대,경상남도,대졸
5476,cdb242921094470fb41aa5f1cfd983bf,여자,34,경기,4년제 대학교,색채 전문가,여성,4,30대,경기도,대졸
5477,b24d2f478a534ce6b633b9e623dc21b0,여자,31,경기,4년제 대학교,경리 사무원,여성,4,30대,경기도,대졸
5478,0010bbc97f644ea38eb0681a38d8c85e,여자,37,충청북,고등학교,무직,여성,4,30대,충청북,고졸
5479,e96672599105471eb91cf5ab3eca36d7,여자,38,경기,2~3년제 전문대학,119 구조대원,여성,4,30대,경기도,전문대졸
5480,63b1698ebe8a42069b683f76d5b221de,여자,32,경상남,2~3년제 전문대학,바텐더,여성,4,30대,경상남도,전문대졸
5481,07632d4fd64e4da59d29f36883754e2b,여자,34,경기,2~3년제 전문대학,무직,여성,4,30대,경기도,전문대졸
5482,ce0eb32d687c430ea35b27cd20f529ea,여자,37,경상남,4년제 대학교,무직,여성,4,30대,경상남도,대졸
5483,33c0d62092e14dd284aca89a7159938d,여자,37,강원,2~3년제 전문대학,무직,여성,4,30대,강원특별자치도,전문대졸
5484,39115276b235439cb49d3f1fe9f76c35,여자,31,경기,4년제 대학교,한식 조리사,여성,4,30대,경기도,대졸
5485,1605e902bd6b4d5c912ac3075f3ffa55,여자,30,서울,대학원,정보 보안 전문가,여성,4,30대,서울특별시,대학원졸
5486,86151a0eaf6c4dc996e29ec6e1f7c7f1,여자,30,충청북,4년제 대학교,일반 비서,여성,4,30대,충청북,대졸
5487,79212266ac2549a68eac5385e656442b,여자,37,경기,고등학교,건물 청소원,여성,4,30대,경기도,고졸
5488,546ceac953794bf684fa220648e3762b,여자,39,경상남,고등학교,상표 부착기 조작원,여성,4,30대,경상남도,고졸
5489,5a3b2e4f00104455af6c142b8fa2db2a,여자,38,경기,4년제 대학교,무직,여성,4,30대,경기도,대졸
5490,638f4ca21edf44e7b40f5f69c43fdffb,여자,31,경상남,고등학교,무직,여성,4,30대,경상남도,고졸
5491,85ae1565baa44bef8139611a80e335e9,여자,34,서울,2~3년제 전문대학,무직,여성,4,30대,서울특별시,전문대졸
5492,d590201760c445878480eb691c34effa,여자,32,경상남,2~3년제 전문대학,경리 사무원,여성,4,30대,경상남도,전문대졸
5493,fe60f80096fe4872be2d27bf43b1835f,여자,38,경기,2~3년제 전문대학,그 외 상점 판매원,여성,4,30대,경기도,전문대졸
5494,1590325dd3664f3685c822f372fd3a41,여자,31,경기,4년제 대학교,그 외 법률 관련 사무원,여성,4,30대,경기도,대졸
5495,978e52b829304bed851f3ea4db4f29a2,여자,30,울산,4년제 대학교,실업 교사,여성,4,30대,울산광역시,대졸
5496,80455de159be4e8c923dd2724c9d791e,여자,38,경기,고등학교,주방 보조원,여성,4,30대,경기도,고졸
5497,b473a4a26c6d45808e372f875d87233e,여자,31,서울,4년제 대학교,총무 사무원,여성,4,30대,서울특별시,대졸
5498,7bc532e72ebf4298a89bb5218a9ae322,여자,35,서울,2~3년제 전문대학,지방행정 사무원,여성,4,30대,서울특별시,전문대졸
5499,e73bfd28383e449bac4f1af031a7e7a5,여자,37,경상남,4년제 대학교,한식 조리사,여성,4,30대,경상남도,대졸
5500,ae9794ce0d22445ebf1ecc863c5d69ad,여자,34,인천,4년제 대학교,법무 사무원,여성,4,30대,인천광역시,대졸
5501,9c571ea351974af8adeb65706f387900,여자,36,경기,2~3년제 전문대학,전화 상담원,여성,4,30대,경기도,전문대졸
5502,3ffebd08d20c46fb83e6770816a1c5b1,여자,35,서울,4년제 대학교,영업 관련 관리자,여성,4,30대,서울특별시,대졸
5503,cd988034dd7f451bbf4597c30d83855e,여자,36,서울,고등학교,한식 조리사,여성,4,30대,서울특별시,고졸
5504,a2532b7312eb4a3e8fb50cdab4360469,여자,39,경기,대학원,음식 배달원,여성,4,30대,경기도,대학원졸
5505,3ddfc6a806804901b6497fc0dd7226a8,여자,31,경기,4년제 대학교,문학작가,여성,4,30대,경기도,대졸
5506,0b80c5dfff574bdca16e89ce8e5daf22,여자,38,서울,2~3년제 전문대학,교육 및 훈련 사무원,여성,4,30대,서울특별시,전문대졸
5507,a55957872bd44e8cb5fa83cb177d2a5b,여자,37,부산,2~3년제 전문대학,전화 상담원,여성,4,30대,부산광역시,전문대졸
5508,a11c13f5e3fd4b149f5630553064bcc1,여자,37,충청북,4년제 대학교,상담 전문가,여성,4,30대,충청북,대졸
5509,eae97545467c4ec9b587005b7bf31318,여자,33,서울,4년제 대학교,전문 간호사,여성,4,30대,서울특별시,대졸
5510,6268e28133264808b03026fdaeede4c5,여자,34,경기,4년제 대학교,일반 비서,여성,4,30대,경기도,대졸
5511,ab2fbb81758c4eec9be805195db8ae47,여자,31,경기,고등학교,경리 사무원,여성,4,30대,경기도,고졸
5512,5572b275835e4d4386a5029d682fec7e,여자,33,경기,고등학교,위생용 종이제품 제조기 조작원,여성,4,30대,경기도,고졸
5513,f580bc87502c480e89c224f3a5d272f3,여자,35,경상북,고등학교,그 외 의복 제조 관련 기능 종사원,여성,4,30대,경상북도,고졸
5514,f009f47fb890429080257c37d4e4c07a,여자,31,광주,4년제 대학교,품질 인증 심사 전문가,여성,4,30대,광주광역시,대졸
5515,1586bd10663a4244bce9a75d63575d57,여자,34,부산,4년제 대학교,범용 소프트웨어 프로그래머,여성,4,30대,부산광역시,대졸
5516,0708e4d4dca04295ace21486f14905f2,여자,32,강원,2~3년제 전문대학,공공행정 사무원,여성,4,30대,강원특별자치도,전문대졸
5517,7d6461817fd74f59b87f2eaa430faf32,여자,30,서울,2~3년제 전문대학,자재 관리 사무원,여성,4,30대,서울특별시,전문대졸
5518,d2f2922cbea848d5ade8b5f41f24bb38,여자,35,부산,대학원,상품 기획자,여성,4,30대,부산광역시,대학원졸
5519,7cf7be3289944e629e62570becc18825,여자,38,서울,2~3년제 전문대학,무직,여성,4,30대,서울특별시,전문대졸
5520,d1cb18129e7c4249a3c6db5b9553eecf,여자,38,인천,2~3년제 전문대학,평론가,여성,4,30대,인천광역시,전문대졸
5521,d5768c8309734e8b8f14a9936a413072,여자,36,서울,2~3년제 전문대학,무직,여성,4,30대,서울특별시,전문대졸
5522,7bd8bcf4b17247de9b3a552348f41d56,여자,39,서울,4년제 대학교,무직,여성,4,30대,서울특별시,대졸
5523,c6685793f51b4cea9ccd01b01532a573,여자,35,서울,고등학교,사무 보조원,여성,4,30대,서울특별시,고졸
5524,e61ad6f10984472386862716720d2c8d,여자,37,강원,2~3년제 전문대학,간호조무사,여성,4,30대,강원특별자치도,전문대졸
5525,60ad5021a0ec4399aff1e9e9d0483a88,여자,36,서울,2~3년제 전문대학,식품 영업원,여성,4,30대,서울특별시,전문대졸
5526,60a38674e3824170add31531110fbee0,여자,38,서울,4년제 대학교,무직,여성,4,30대,서울특별시,대졸
5527,677ae4d44f7747bab285279899c3c294,여자,30,대전,4년제 대학교,보육교사,여성,4,30대,대전광역시,대졸
5528,925bdd5389d04c0f917fdc60c7282665,여자,37,경상남,4년제 대학교,유치원 교사,여성,4,30대,경상남도,대졸
5529,b2d9e18c56834741b1e587ded5120107,여자,31,인천,고등학교,우편집배원,여성,4,30대,인천광역시,고졸
5530,fe654db5ab794bad91a2ff2304564632,여자,31,대전,대학원,"전직 식품 영업원, 현재 구직중",여성,4,30대,대전광역시,대학원졸
5531,b7f259b15d7b4b45bef3fbf0edcc4706,여자,31,경상남,2~3년제 전문대학,무직,여성,4,30대,경상남도,전문대졸
5532,19379061df3b41ca99b6311523cfdd14,여자,36,인천,대학원,교육 및 훈련 사무원,여성,4,30대,인천광역시,대학원졸
5533,5cca49b1f4494abaa35096c11b5f1aa7,여자,36,서울,4년제 대학교,총무 사무원,여성,4,30대,서울특별시,대졸
5534,34df9f5c8271436ca67400d1e33644b1,여자,36,경상북,2~3년제 전문대학,그 외 일반 영업원,여성,4,30대,경상북도,전문대졸
5535,dad215a088154df283f5784479ef6b48,여자,35,울산,4년제 대학교,보험 사무원,여성,4,30대,울산광역시,대졸
5536,18174dc8d78e4cd08d8a84e952adf0ba,여자,35,서울,고등학교,일반 비서,여성,4,30대,서울특별시,고졸
5537,7593c8ca6883449ab30238fc8934650f,여자,39,경기,4년제 대학교,수의사,여성,4,30대,경기도,대졸
5538,f302944f3a074495a6df1163ca32ca35,여자,49,서울,4년제 대학교,그 외 전기공학 기술자 및 연구원,여성,5,40대,서울특별시,대졸
5539,0e1d418cae71426cbfb3f730b3c5508d,여자,43,경기,4년제 대학교,그 외 제도사,여성,5,40대,경기도,대졸
5540,b58e467337cd4e3d8aec0951d02c1187,여자,43,경기,2~3년제 전문대학,경리 사무원,여성,5,40대,경기도,전문대졸
5541,0f8d77157039418ca91d0f1a00ad7a53,여자,42,부산,4년제 대학교,"전직 공공행정 사무원, 현재 구직중",여성,5,40대,부산광역시,대졸
5542,a0813bd1581842a3840d3edc0c058bc9,여자,48,경기,4년제 대학교,유치원 교사,여성,5,40대,경기도,대졸
5543,31da4aca7dbb451d852bbce26dabc5d2,여자,40,경기,대학원,소규모 상점 경영자,여성,5,40대,경기도,대학원졸
5544,defacfac334a48ca9bcddd6ea5004ad0,여자,44,부산,4년제 대학교,마케팅 전문가,여성,5,40대,부산광역시,대졸
5545,03e4cb7e88854aab9d384f1fa7edfd06,여자,45,경기,고등학교,"전직 가사 도우미, 현재 구직중",여성,5,40대,경기도,고졸
5546,d8b3687a772d4e2b8bf23b62e6aea929,여자,48,서울,고등학교,하역 및 적재 관련 단순 종사원,여성,5,40대,서울특별시,고졸
5547,739fc3328a1f44f18d40038ee811674f,여자,43,대구,4년제 대학교,영업 관련 관리자,여성,5,40대,대구광역시,대졸
5548,874e417bf3024ff3bd3f631d47287223,여자,41,울산,2~3년제 전문대학,교육 및 훈련 사무원,여성,5,40대,울산광역시,전문대졸
5549,6ad0564b13d34c94aed7abe6f945f008,여자,45,경상남,고등학교,무직,여성,5,40대,경상남도,고졸
5550,3cce05c695b8460ca63cacb91364cc05,여자,44,서울,대학원,무직,여성,5,40대,서울특별시,대학원졸
5551,312d264a4cd24b70a48535a4178a058b,여자,40,전라남,4년제 대학교,시민 단체 활동가,여성,5,40대,전라남,대졸
5552,06f24c1a6657404d99919a0fcca60d3e,여자,48,부산,고등학교,여행 사무원,여성,5,40대,부산광역시,고졸
5553,8f6e11ec709c4ad188c274aa07f9ee62,여자,49,광주,4년제 대학교,무직,여성,5,40대,광주광역시,대졸
5554,22620325a8754248b0a0920ded41f1bb,여자,42,인천,4년제 대학교,일반 비서,여성,5,40대,인천광역시,대졸
5555,ee5fdba3d9274d009609d8ce3b84f968,여자,49,전북,4년제 대학교,공공행정 전문가,여성,5,40대,전북특별자치도,대졸
5556,c55d2904b57e43c595ff3391a6be2602,여자,46,충청북,4년제 대학교,그 외 교육 전문가,여성,5,40대,충청북,대졸
5557,7a0f1acbaac74a58ab0b81b728133079,여자,42,전북,2~3년제 전문대학,마케팅 전문가,여성,5,40대,전북특별자치도,전문대졸
5558,e71fdd5a040049e8931cbb71a3de8861,여자,46,전라남,고등학교,그 외 돌봄 및 보건 서비스 종사원,여성,5,40대,전라남,고졸
5559,a27e850e16354dd0a46c4f354f83300e,여자,46,전라남,2~3년제 전문대학,음식 서비스 종사원,여성,5,40대,전라남,전문대졸
5560,dcb78a48ac8a4ed89d8e9529e877b57a,여자,41,대구,4년제 대학교,무직,여성,5,40대,대구광역시,대졸
5561,ae88df298eca4aa181a7eeef172f93ce,여자,45,인천,고등학교,모바일 애플리케이션 프로그래머,여성,5,40대,인천광역시,고졸
5562,37f8947d9bed4be8bb34de5aebd138d5,여자,46,경기,2~3년제 전문대학,그 외 금속 공작 기계 조작원,여성,5,40대,경기도,전문대졸
5563,0007979e3ecc41c28d0e345af3c6a84f,여자,44,대구,2~3년제 전문대학,국가행정 사무원,여성,5,40대,대구광역시,전문대졸
5564,2f0ecb13ddb74a33a28b3be9ef247708,여자,49,경상남,고등학교,무직,여성,5,40대,경상남도,고졸
5565,363b185382d042d98b3f2de734605b72,여자,49,제주,고등학교,데이터 설계 및 프로그래머,여성,5,40대,제주특별자치도,고졸
5566,afc4bd05e33b444ea7dd15a03f8c84b1,여자,40,전북,고등학교,음식 서비스 종사원,여성,5,40대,전북특별자치도,고졸
5567,97201ea116f54962a51c8fa64e5250ff,여자,48,전라남,2~3년제 전문대학,무직,여성,5,40대,전라남,전문대졸
5568,4a98b57310ae4314b7f3708e5ae20d68,여자,43,전북,2~3년제 전문대학,임상병리사,여성,5,40대,전북특별자치도,전문대졸
5569,7f9e3f5606cf44d3a55e53ec12149ef3,여자,44,경기,2~3년제 전문대학,자동차 튜닝원,여성,5,40대,경기도,전문대졸
5570,faf173f632654998bc9744f726120437,여자,41,광주,2~3년제 전문대학,유치원 교사,여성,5,40대,광주광역시,전문대졸
5571,b0a46bb3790144d69f44ad60bbd93a82,여자,42,경기,4년제 대학교,소규모 상점 경영자,여성,5,40대,경기도,대졸
5572,98312b03287d4718bbaea94e29a3e4b8,여자,44,서울,고등학교,무직,여성,5,40대,서울특별시,고졸
5573,2909c2b0389c492ebe0409cb1b0da89b,여자,45,부산,2~3년제 전문대학,무직,여성,5,40대,부산광역시,전문대졸
5574,83b95b16be82454b9cf8c79ce3673715,여자,43,인천,2~3년제 전문대학,그 외 음료 조리사,여성,5,40대,인천광역시,전문대졸
5575,40b7a9cbc61e45adb515928bca25a3c7,여자,42,경기,4년제 대학교,일반 비서,여성,5,40대,경기도,대졸
5576,4d701f2196e14eef82e09715c38aad82,여자,48,경기,4년제 대학교,무직,여성,5,40대,경기도,대졸
5577,a28c05dfb6074dd6bde4765d4cc47e36,여자,45,서울,4년제 대학교,항공운송 사무원,여성,5,40대,서울특별시,대졸
5578,f834de1589604426b163f4d254d265e9,여자,47,서울,4년제 대학교,호텔 서비스원,여성,5,40대,서울특별시,대졸
5579,6f306674c30743bb8f000a0537f11269,여자,49,경기,4년제 대학교,무직,여성,5,40대,경기도,대졸
5580,52c2b32bcf48436cb6b49cc90576bc89,여자,47,세종,2~3년제 전문대학,사무 보조원,여성,5,40대,세종특별자치시,전문대졸
5581,f6493161f4d44768b12c8a8e280c789c,여자,47,서울,4년제 대학교,상담 전문가,여성,5,40대,서울특별시,대졸
5582,733f5262a7be4f43aa8c0a12b56d9a09,여자,47,부산,초등학교,교사 교육 보조원,여성,5,40대,부산광역시,초졸이하
5583,e7b9e12e8d2e413ead1350bd5831926c,여자,42,서울,4년제 대학교,제빵사 및 제과원,여성,5,40대,서울특별시,대졸
5584,7c08ae74b0ea4e4da3a7d1ecc9d11fc8,여자,41,인천,고등학교,보험 중개인,여성,5,40대,인천광역시,고졸
5585,d47c3e26114f496abf81b9fdb37c3ad2,여자,41,광주,4년제 대학교,무직,여성,5,40대,광주광역시,대졸
5586,5a3ad7c7ba2b4f60984e29e1c2d14b95,여자,45,부산,대학원,그 외 제품 디자이너,여성,5,40대,부산광역시,대학원졸
5587,1a15d3438cb04af1b2d1fdb45483573b,여자,48,광주,고등학교,무직,여성,5,40대,광주광역시,고졸
5588,e6a746cf5903451aaae06c3895a90e8a,여자,41,서울,2~3년제 전문대학,사무 보조원,여성,5,40대,서울특별시,전문대졸
5589,38d02bfe61914d8fbb0627d96962bc48,여자,41,경상남,2~3년제 전문대학,웹 프로그래머,여성,5,40대,경상남도,전문대졸
5590,730cc0e5e182479ba0fbb82473ca1e30,여자,41,부산,고등학교,그 외 상점 판매원,여성,5,40대,부산광역시,고졸
5591,f13cc9797e014ad2b3cd1f2346e2e1c1,여자,42,인천,2~3년제 전문대학,매장 계산원,여성,5,40대,인천광역시,전문대졸
5592,db13b81dc87c4911b9af9eb7c84f54bd,여자,43,세종,고등학교,무직,여성,5,40대,세종특별자치시,고졸
5593,3e5520ff1908446b99f80512fe7d3b4b,여자,41,인천,2~3년제 전문대학,무직,여성,5,40대,인천광역시,전문대졸
5594,973f75eaa5e242c081162d5506f7a51a,여자,49,서울,4년제 대학교,요리 연구가,여성,5,40대,서울특별시,대졸
5595,5c710fc9dd5946d5b37dd32fe99ab255,여자,47,전라남,4년제 대학교,무직,여성,5,40대,전라남,대졸
5596,561333094d31470599a6d6d2f684d388,여자,49,경기,4년제 대학교,공공행정 사무원,여성,5,40대,경기도,대졸
5597,cf3486acedd04f018acdfbf5fed64b41,여자,49,경기,4년제 대학교,치과위생사,여성,5,40대,경기도,대졸
5598,ea439968421e41bb8343b7be05bfa50c,여자,48,서울,4년제 대학교,일반영양사,여성,5,40대,서울특별시,대졸
5599,2eea4e9dae974c44a55b48f1f70cbf1a,여자,44,경기,4년제 대학교,청소년 지도사,여성,5,40대,경기도,대졸
5600,10909705c86e47579f1f723d0c4f93f7,여자,40,대전,고등학교,검표원,여성,5,40대,대전광역시,고졸
5601,1429fc5e713e4d159da91410c4600f81,여자,41,세종,2~3년제 전문대학,일반 경찰관 및 수사관,여성,5,40대,세종특별자치시,전문대졸
5602,da38001afc8d44de97919b8b0d54aa35,여자,44,경상북,2~3년제 전문대학,일식 조리사,여성,5,40대,경상북도,전문대졸
5603,a63a2d57c15a4593aea833893d04bfcd,여자,42,경기,고등학교,노인 및 장애인 돌봄 서비스 종사원,여성,5,40대,경기도,고졸
5604,fc4b6f5b214b440893aa0f8937ac490a,여자,46,서울,대학원,무직,여성,5,40대,서울특별시,대학원졸
5605,1feef46f1acb4812ab29ea2b97da5d55,여자,42,경상북,2~3년제 전문대학,일반 비서,여성,5,40대,경상북도,전문대졸
5606,7309d5cf16ec49f597e8689e6d5c9386,여자,44,인천,고등학교,그 외 일반 영업원,여성,5,40대,인천광역시,고졸
5607,2d27fdb48d5d477bb14bc478f1285fa8,여자,45,경기,4년제 대학교,무직,여성,5,40대,경기도,대졸
5608,8541ee60b2bd444dad2dc8955fe793f7,여자,40,서울,고등학교,출납 창구 사무원,여성,5,40대,서울특별시,고졸
5609,9e67c34c852c4f55b7cf3948188bc991,여자,41,경기,중학교,한식 조리사,여성,5,40대,경기도,중졸
5610,81cff7233f784e4986b49b0697289a8a,여자,47,경기,고등학교,사무 보조원,여성,5,40대,경기도,고졸
5611,e9a1450b7e5e4a80ba72a206880d7b59,여자,47,경기,고등학교,한식 조리사,여성,5,40대,경기도,고졸
5612,d5d974b8ade44dd49ec268a72231255f,여자,46,경기,고등학교,골프장 캐디,여성,5,40대,경기도,고졸
5613,6b15358d5b884c85a7a29cf05c5c8ae3,여자,42,경상북,2~3년제 전문대학,공공행정 사무원,여성,5,40대,경상북도,전문대졸
5614,1956a7e421904f2db8de5dd8ed35c860,여자,46,경상남,4년제 대학교,무직,여성,5,40대,경상남도,대졸
5615,9d894bfd3adf4cc28361297e7b2fbb03,여자,46,서울,4년제 대학교,무직,여성,5,40대,서울특별시,대졸
5616,41c7c3156b584d5fa7d721f567f95412,여자,47,서울,2~3년제 전문대학,지게차 운전원,여성,5,40대,서울특별시,전문대졸
5617,9e6a9b4071d34eea9cd4983f4e55a3e2,여자,44,서울,대학원,조사 전문가,여성,5,40대,서울특별시,대학원졸
5618,09eb0d2a2823439088c540dda0dc9de5,여자,48,경기,2~3년제 전문대학,무직,여성,5,40대,경기도,전문대졸
5619,8e8c99907988469c929e22ff1bf16089,여자,43,경상남,2~3년제 전문대학,회계 사무원,여성,5,40대,경상남도,전문대졸
5620,9ec35ac2ebf24c67abd337c277670e8b,여자,48,대구,고등학교,무직,여성,5,40대,대구광역시,고졸
5621,4b6f6048046b40e2bba3050369ed74f9,여자,43,경상남,고등학교,마케팅 전문가,여성,5,40대,경상남도,고졸
5622,e0fe36fc36c44af8bc5a1065a452ec22,여자,48,부산,고등학교,무직,여성,5,40대,부산광역시,고졸
5623,a4c6c7496a3b4b2e85b56770608b4458,여자,42,경상남,고등학교,연예인 매니저,여성,5,40대,경상남도,고졸
5624,d304778307b4437baa6e0804bc087e35,여자,42,경기,2~3년제 전문대학,경리 사무원,여성,5,40대,경기도,전문대졸
5625,4ac2d2a081204cbebfe4749b424555c6,여자,48,전라남,2~3년제 전문대학,투자 권유 대행인,여성,5,40대,전라남,전문대졸
5626,638be2e36b604a21a8b7c1ff6f3eea0d,여자,45,대전,4년제 대학교,보육교사,여성,5,40대,대전광역시,대졸
5627,afc33b336d6c4ff8b84c2c1ec7c6aa28,여자,43,대구,4년제 대학교,사무 보조원,여성,5,40대,대구광역시,대졸
5628,cf4d160c6c3146e5bee0d575545f1bf5,여자,44,경기,2~3년제 전문대학,사회복지사,여성,5,40대,경기도,전문대졸
5629,5d95ec61a4b342cba4cd7bb9436efa98,여자,40,강원,2~3년제 전문대학,음식 서비스 종사원,여성,5,40대,강원특별자치도,전문대졸
5630,3284d4af57af4164946daf780713dd45,여자,48,경상남,고등학교,자동차 차체 부품 조립원,여성,5,40대,경상남도,고졸
5631,2dcae72a4d6a43f99a0fd0bc6bc630db,여자,43,경상남,고등학교,한식 조리사,여성,5,40대,경상남도,고졸
5632,0ee8832f999445069e305064aa22749f,여자,45,충청남,2~3년제 전문대학,무직,여성,5,40대,충청남,전문대졸
5633,0247500371bc4b17a2b3ed67a456acc0,여자,45,전라남,고등학교,무직,여성,5,40대,전라남,고졸
5634,8c7a61f3511144b3a090c9a931d51cba,여자,47,전북,4년제 대학교,무직,여성,5,40대,전북특별자치도,대졸
5635,331a75da74b34d82815033245f511a4f,여자,41,전라남,4년제 대학교,유치원 교사,여성,5,40대,전라남,대졸
5636,6727c222cf1c4c8797879c15faeabb0c,여자,43,경상남,4년제 대학교,보험 중개인,여성,5,40대,경상남도,대졸
5637,2de7f025a4824868bb970dfb511d28b4,여자,40,경기,무학,건물 청소원,여성,5,40대,경기도,무학
5638,cfc9f65778014174a9dc54a3c6f214da,여자,48,강원,중학교,주방 보조원,여성,5,40대,강원특별자치도,중졸
5639,97187bd9c6a549e4b2724add7c867dc0,여자,48,경기,4년제 대학교,관리 비서,여성,5,40대,경기도,대졸
5640,f0c80edeb8a64d44892f6fc2e9e67160,여자,45,충청남,고등학교,"전직 그 외 물품 이동 장비 조작원, 현재 구직중",여성,5,40대,충청남,고졸
5641,651e6936ee444df6b56736c31caded37,여자,44,울산,고등학교,"전직 그 외 금속 공작 기계 조작원, 현재 구직중",여성,5,40대,울산광역시,고졸
5642,e019cf9d81964eddaafd5083379baab9,여자,48,전라남,2~3년제 전문대학,무직,여성,5,40대,전라남,전문대졸
5643,d6db95f0c8a641e99f9c111966bd4752,여자,43,경상남,2~3년제 전문대학,소규모 상점 일선 관리 종사원,여성,5,40대,경상남도,전문대졸
5644,2fc0aac0c32b4479abed29ddd0c5da0e,여자,42,서울,4년제 대학교,산업 안전원,여성,5,40대,서울특별시,대졸
5645,9f78685ffaab43aebffb7de10bb9248b,여자,44,서울,4년제 대학교,무직,여성,5,40대,서울특별시,대졸
5646,f90b6fbc2b7342889a68daafda063caa,여자,42,광주,4년제 대학교,유치원 교사,여성,5,40대,광주광역시,대졸
5647,0b1f6766c2a042be86abcfa0a9ba87db,여자,41,경상남,2~3년제 전문대학,상담 전문가,여성,5,40대,경상남도,전문대졸
5648,2244f252c0954e83902e35fda2432997,여자,44,경기,고등학교,간호조무사,여성,5,40대,경기도,고졸
5649,94bd64e2ff064b01bff5f61df51c5fa7,여자,42,대전,2~3년제 전문대학,그 외 일반 영업원,여성,5,40대,대전광역시,전문대졸
5650,4bef124b61174deda6cfa8e1bf966dec,여자,41,경기,고등학교,무직,여성,5,40대,경기도,고졸
5651,f292585ecfbf4f1aa8cc899cfaaa11ac,여자,47,경기,4년제 대학교,무직,여성,5,40대,경기도,대졸
5652,15780a577e104c6b9c10b9a82d36c9d7,여자,43,전라남,고등학교,경리 사무원,여성,5,40대,전라남,고졸
5653,62809d3a74e44215b1fd508531bb2045,여자,44,광주,4년제 대학교,무직,여성,5,40대,광주광역시,대졸
5654,883550dde2814ca0be48f90d6e54f5e8,여자,49,경기,2~3년제 전문대학,무직,여성,5,40대,경기도,전문대졸
5655,2556da16937446adaee793f6ade82b9f,여자,46,충청남,4년제 대학교,데이터 분석가,여성,5,40대,충청남,대졸
5656,7b4216e65a0a47d090f07790162ef239,여자,41,대구,고등학교,국가행정 사무원,여성,5,40대,대구광역시,고졸
5657,742d88a2456542a9ad422e89ba9169cb,여자,48,경기,고등학교,무직,여성,5,40대,경기도,고졸
5658,db94ae9215d943dd975bdc0dbadfbdba,여자,44,부산,4년제 대학교,의상 디자이너,여성,5,40대,부산광역시,대졸
5659,f0b34fa938b34fe4b8c2a89ac2558ea7,여자,46,경상남,고등학교,무직,여성,5,40대,경상남도,고졸
5660,be55ce847726439b99a8849a83ded08f,여자,44,경기,4년제 대학교,"전직 일반 비서, 현재 구직중",여성,5,40대,경기도,대졸
5661,467cd5833d0f4c58bcf464ff43e26fc9,여자,45,대구,2~3년제 전문대학,그 외 일반 영업원,여성,5,40대,대구광역시,전문대졸
5662,4bf7b2471da34f0bb2804fd6e0521067,여자,46,경기,4년제 대학교,"전직 유치원 교사, 현재 구직중",여성,5,40대,경기도,대졸
5663,dd9136f6accf4f8d88da34c278748afc,여자,45,제주,2~3년제 전문대학,음료 서비스 종사원,여성,5,40대,제주특별자치도,전문대졸
5664,0f3710e8f36b461aa352df825d6a0548,여자,42,경기,2~3년제 전문대학,무직,여성,5,40대,경기도,전문대졸
5665,1973c77b6c804125bdc0daf5162c3d13,여자,44,서울,고등학교,사탕·껌 및 초콜릿 제품 기계 조작원,여성,5,40대,서울특별시,고졸
5666,06e8554f4139439cabf18565e3f8d798,여자,47,서울,2~3년제 전문대학,관리 비서,여성,5,40대,서울특별시,전문대졸
5667,867965ddfff94551bba36d450c5bd213,여자,43,인천,4년제 대학교,기업 고위 임원,여성,5,40대,인천광역시,대졸
5668,ad4f1b7e96e34a138cbdcfa02a74c183,여자,43,경기,2~3년제 전문대학,경리 사무원,여성,5,40대,경기도,전문대졸
5669,354170de97564c5faf0d14e8c183e869,여자,42,충청남,2~3년제 전문대학,그 외 물품 이동 장비 조작원,여성,5,40대,충청남,전문대졸
5670,1f48ec8b80ae48c7a64879a02464440e,여자,44,경기,4년제 대학교,회계 사무원,여성,5,40대,경기도,대졸
5671,52e4ba196d474122a6929f4e177ec31c,여자,40,경기,고등학교,머시닝센터 조작원,여성,5,40대,경기도,고졸
5672,7788dd3d18df4487a58b50af74e16d42,여자,44,서울,고등학교,소규모 상점 경영자,여성,5,40대,서울특별시,고졸
5673,e50850b541a047818613e33c1494fdb5,여자,46,서울,4년제 대학교,일반 간호사,여성,5,40대,서울특별시,대졸
5674,8b74378225904acb8b4bbe743f6fbfa1,여자,42,경기,4년제 대학교,무직,여성,5,40대,경기도,대졸
5675,80cb0b1259e8421b8638939a960f69cf,여자,41,경기,4년제 대학교,일반 비서,여성,5,40대,경기도,대졸
5676,c6afb0422df643008d20b88dc3392ffd,여자,42,경기,초등학교,무직,여성,5,40대,경기도,초졸이하
5677,69bef12f7d2b48b886567ea1810bce26,여자,41,부산,2~3년제 전문대학,그 외 전기·전자기기 설치 및 수리원,여성,5,40대,부산광역시,전문대졸
5678,1fd19ace5536402c812ed16373a6822e,여자,49,전북,4년제 대학교,상품 기획자,여성,5,40대,전북특별자치도,대졸
5679,78da83f8a20f4c648a2d6267c30308f0,여자,44,경상남,4년제 대학교,대출 모집인,여성,5,40대,경상남도,대졸
5680,2b4a4082d1b740f6914e03aaf39cb9d9,여자,48,경기,고등학교,음식 배달원,여성,5,40대,경기도,고졸
5681,0f8949bfc36040f5982af1cfaf0b924a,여자,44,경상북,2~3년제 전문대학,무직,여성,5,40대,경상북도,전문대졸
5682,7022cd88b81d46f58cea3c667d733079,여자,42,경기,고등학교,통계 사무원,여성,5,40대,경기도,고졸
5683,b4127230dcc34cf4abed3d82702f7369,여자,44,전북,2~3년제 전문대학,전화 상담원,여성,5,40대,전북특별자치도,전문대졸
5684,c4284341dc654a00baf49c9e7cd32f68,여자,47,경상남,4년제 대학교,자동차 부품 기술 영업원,여성,5,40대,경상남도,대졸
5685,be3ff6c794604dea916a300605dda1f0,여자,40,경상남,2~3년제 전문대학,관세행정 사무원,여성,5,40대,경상남도,전문대졸
5686,64525acc9c5e4fecbb5dd10c4a14d322,여자,48,경기,2~3년제 전문대학,사무 보조원,여성,5,40대,경기도,전문대졸
5687,6788699b716f4fc0a994cad751d02cd1,여자,40,서울,4년제 대학교,무직,여성,5,40대,서울특별시,대졸
5688,20e256d6eb314349ac1d01ab33a0bbf0,여자,49,경기,고등학교,그 외 법률 관련 사무원,여성,5,40대,경기도,고졸
5689,d08e5535c47040a5b9b85d8644709659,여자,42,서울,2~3년제 전문대학,번역가,여성,5,40대,서울특별시,전문대졸
5690,3860e77dac4945fbb926d0bd776b7295,여자,44,서울,고등학교,무직,여성,5,40대,서울특별시,고졸
5691,628a7efb5dca491a835c7286d51caaa9,여자,44,강원,4년제 대학교,무직,여성,5,40대,강원특별자치도,대졸
5692,1f356b87bf9d4a79819493adf5850ff8,여자,43,대구,4년제 대학교,병무행정 사무원,여성,5,40대,대구광역시,대졸
5693,c66df909883b4428b69d8746b3503a6b,여자,45,경기,고등학교,전기제품 제조 기계 조작원,여성,5,40대,경기도,고졸
5694,6a8fddc155154f4582893df1c8ae28fa,여자,46,인천,고등학교,무직,여성,5,40대,인천광역시,고졸
5695,5d57299ad0e54d6dafffbbadc8eab76e,여자,49,광주,2~3년제 전문대학,마케팅 전문가,여성,5,40대,광주광역시,전문대졸
5696,46d41ce4754c41e5990880da2615d046,여자,47,제주,고등학교,그 외 일반 영업원,여성,5,40대,제주특별자치도,고졸
5697,715180b70d64451aa9ef9281e292e4a9,여자,43,경기,2~3년제 전문대학,무직,여성,5,40대,경기도,전문대졸
5698,486df6c28dfd4fb28e2aeddaf2581d11,여자,42,경기,2~3년제 전문대학,청원경찰,여성,5,40대,경기도,전문대졸
5699,e7ba858e4f134f5fabfabbd1160498b2,여자,42,경상북,2~3년제 전문대학,교육 및 훈련 사무원,여성,5,40대,경상북도,전문대졸
5700,0050cd06ea844943842350c40616094d,여자,41,경기,고등학교,웹 운영자,여성,5,40대,경기도,고졸
5701,4ab072bf7a6f4b658e25afeb104c59c0,여자,44,경기,초등학교,건물 청소원,여성,5,40대,경기도,초졸이하
5702,21b0f75b22ee4938b54c36d659054a3f,여자,42,서울,4년제 대학교,경영 기획 사무원,여성,5,40대,서울특별시,대졸
5703,5a39edd82bcc4803af9b28556d28e0b7,여자,42,경기,4년제 대학교,사무 보조원,여성,5,40대,경기도,대졸
5704,02f14f5bb9704d539f3868852cdd4380,여자,46,경상북,2~3년제 전문대학,일반 비서,여성,5,40대,경상북도,전문대졸
5705,52c2b32bcf48436cb6b49cc90576bc89,여자,47,세종,2~3년제 전문대학,사무 보조원,여성,5,40대,세종특별자치시,전문대졸
5706,3d35ff26063f440d9f1cb94fabb2cc50,여자,45,강원,고등학교,무직,여성,5,40대,강원특별자치도,고졸
5707,ea3d176d0c2a483090aa87b451467e54,여자,47,서울,대학원,무직,여성,5,40대,서울특별시,대학원졸
5708,1602caffff114fcab8a5723abb70f3eb,여자,45,광주,고등학교,무직,여성,5,40대,광주광역시,고졸
5709,d73ea14002b447b9ad0660462df51483,여자,48,강원,대학원,상담 전문가,여성,5,40대,강원특별자치도,대학원졸
5710,e6934929969942f0bbd0f6cbebc72b87,여자,46,충청북,4년제 대학교,석유화학 기술자 및 연구원,여성,5,40대,충청북,대졸
5711,ca731385934a467689021a9340a9e55f,여자,41,서울,2~3년제 전문대학,기업 고위 임원,여성,5,40대,서울특별시,전문대졸
5712,0d3761e3e377406b801561b0f1de7923,여자,41,경기,2~3년제 전문대학,범용 소프트웨어 프로그래머,여성,5,40대,경기도,전문대졸
5713,22428342ec7143d6bac32d1bab01ddca,여자,42,대구,4년제 대학교,"전직 전화 상담원, 현재 구직중",여성,5,40대,대구광역시,대졸
5714,dca87153b7cd4a1aaf287732cc4c620b,여자,44,충청남,4년제 대학교,공공행정 사무원,여성,5,40대,충청남,대졸
5715,7611e9a0f1ee42d88d77bc7d52aa1148,여자,48,대전,대학원,무직,여성,5,40대,대전광역시,대학원졸
5716,87dea7c19f3d4861b3189f7f51d3e717,여자,46,충청북,2~3년제 전문대학,회계 사무원,여성,5,40대,충청북,전문대졸
5717,04e44c3ebf9a495a89ba20d15589e949,여자,47,전북,4년제 대학교,교육 분야 교수,여성,5,40대,전북특별자치도,대졸
5718,5c703da5082944148fe3d76a8fd307f6,여자,48,경기,고등학교,음식 서비스 종사원,여성,5,40대,경기도,고졸
5719,565e9ff78b3d4b989f082eb871bd8b94,여자,43,경상남,2~3년제 전문대학,무직,여성,5,40대,경상남도,전문대졸
5720,3e1a95954133499f82e07d7a7c0c60cc,여자,48,경기,2~3년제 전문대학,보육교사,여성,5,40대,경기도,전문대졸
5721,ece23c19deb54ce78dea26339f576040,여자,41,제주,고등학교,조세행정 사무원,여성,5,40대,제주특별자치도,고졸
5722,6bd24d67642145fa88a346aac9f3458e,여자,43,전라남,고등학교,그 외 석유 및 화학물 가공 장치 조작원,여성,5,40대,전라남,고졸
5723,ec5ddbf5322d471f82dbf578ed22bb6c,여자,43,경기,2~3년제 전문대학,전화 상담원,여성,5,40대,경기도,전문대졸
5724,ff5acebf613c4582801b40de2acef5d9,여자,45,경기,고등학교,요양 보호사,여성,5,40대,경기도,고졸
5725,dd2e7b71cbcf41bcac8a089d4e9f78ff,여자,49,서울,고등학교,전화 상담원,여성,5,40대,서울특별시,고졸
5726,7bfeddec94ec4c02919273e2f40677e8,여자,48,경상남,고등학교,하역 및 적재 관련 단순 종사원,여성,5,40대,경상남도,고졸
5727,a4885cf394f141479da04827ebc6ce25,여자,40,광주,고등학교,지게차 운전원,여성,5,40대,광주광역시,고졸
5728,7328f81eb68a44dca2ca0214c514d3b1,여자,40,서울,4년제 대학교,무직,여성,5,40대,서울특별시,대졸
5729,25317a26616c49809131d5d6626b3381,여자,49,인천,고등학교,그 외 전기·전자 부품 및 제품 조립원,여성,5,40대,인천광역시,고졸
5730,1f7351df6ef64e2db4fb01e97321cd8f,여자,41,부산,2~3년제 전문대학,무직,여성,5,40대,부산광역시,전문대졸
5731,5db9eca4bd474bce84703976fe782b73,여자,49,부산,4년제 대학교,무직,여성,5,40대,부산광역시,대졸
5732,9f552c2884e049d9a182ed7533218fa4,여자,42,전라남,4년제 대학교,회계사,여성,5,40대,전라남,대졸
5733,a9c587eba1e24c708bd80fdeb5ea76a9,여자,45,경기,4년제 대학교,무직,여성,5,40대,경기도,대졸
5734,a1af6e3d23af4f67ae7d57d12d3280c1,여자,41,충청북,2~3년제 전문대학,주방 보조원,여성,5,40대,충청북,전문대졸
5735,c76353f6cbe74d12ba53219fa142f185,여자,42,대구,고등학교,그 외 상품 중개인 및 경매사,여성,5,40대,대구광역시,고졸
5736,d28307928cba4569a66be1cd7a88c3ed,여자,42,서울,4년제 대학교,무직,여성,5,40대,서울특별시,대졸
5737,be3ff6c794604dea916a300605dda1f0,여자,40,경상남,2~3년제 전문대학,관세행정 사무원,여성,5,40대,경상남도,전문대졸
5738,2d3bab213a094cb4a237470d7f4b2ac6,여자,49,경기,4년제 대학교,영업 관리 사무원,여성,5,40대,경기도,대졸
5739,77de83232f704cf795952bb0bb927376,여자,41,인천,4년제 대학교,청소년 지도사,여성,5,40대,인천광역시,대졸
5740,e020d61572314ecf9a5cb65b60a0129d,여자,48,충청남,2~3년제 전문대학,교육 및 훈련 사무원,여성,5,40대,충청남,전문대졸
5741,d88484cfcf7645d794798db771df8a98,여자,46,경기,2~3년제 전문대학,경리 사무원,여성,5,40대,경기도,전문대졸
5742,0fb1f0e0198a4c43a8e198767db1f475,여자,44,대전,고등학교,무직,여성,5,40대,대전광역시,고졸
5743,3f3bbcf22b9c4c47b3a4f28f0038cc4e,여자,43,경기,4년제 대학교,전기 감리 기술자 및 연구원,여성,5,40대,경기도,대졸
5744,73bcadad0b1d471786a7108f1205c4ef,여자,47,경기,고등학교,경리 사무원,여성,5,40대,경기도,고졸
5745,8d5e4c964e584b40b59f96635cf829ea,여자,45,대전,고등학교,무직,여성,5,40대,대전광역시,고졸
5746,249a1ab2130c4c9ca43ad38bf2d7985a,여자,42,인천,고등학교,그 외 일반 영업원,여성,5,40대,인천광역시,고졸
5747,9128c370e11b441fb4dbcb13035c9514,여자,42,인천,4년제 대학교,경리 사무원,여성,5,40대,인천광역시,대졸
5748,f2b25639d15b4e02bf14d685700aa80a,여자,46,충청남,고등학교,무직,여성,5,40대,충청남,고졸
5749,48198317f8e34c59a1699c9bbfa188d5,여자,42,경상남,2~3년제 전문대학,웹 프로그래머,여성,5,40대,경상남도,전문대졸
5750,b6c752729f654e87a7f3f81bc33c828e,여자,49,세종,2~3년제 전문대학,체인점 모집 및 관리 영업원,여성,5,40대,세종특별자치시,전문대졸
5751,0bd1e5d7df50425a84fe6357cb6c6533,여자,48,경기,고등학교,일반 비서,여성,5,40대,경기도,고졸
5752,1533c0999b064947a693cf726357fa78,여자,44,세종,2~3년제 전문대학,무직,여성,5,40대,세종특별자치시,전문대졸
5753,38083f5b549d44c2b4a10a9cddbef91f,여자,48,경기,고등학교,한식 조리사,여성,5,40대,경기도,고졸
5754,c3440f208d374b939653873685621948,여자,41,경기,2~3년제 전문대학,사무 보조원,여성,5,40대,경기도,전문대졸
5755,f4985edad43b41639a1152963ca4bd61,여자,47,경기,4년제 대학교,그 외 금속·재료 공학 기술자 및 연구원,여성,5,40대,경기도,대졸
5756,a18d30ecf9744b14a569cc64daf8c3cb,여자,41,충청북,대학원,요업·세라믹공학 기술자 및 연구원,여성,5,40대,충청북,대학원졸
5757,5eec664ffbd34c51937614ddd97c808e,여자,49,대전,고등학교,시내버스 운전원,여성,5,40대,대전광역시,고졸
5758,9599a2a7b0244c78a2bb99d3b27c98fa,여자,44,경기,고등학교,그 외 기능 관련 종사원,여성,5,40대,경기도,고졸
5759,e4923dc496ae4d25ad07e5cac8fe36d5,여자,43,서울,4년제 대학교,데이터 분석가,여성,5,40대,서울특별시,대졸
5760,8b3b5f30d8b944c3954a8c6294a61273,여자,40,경기,2~3년제 전문대학,상담 전문가,여성,5,40대,경기도,전문대졸
5761,a51cceb6f68f4575bdc4d70c1d5e43fc,여자,40,서울,고등학교,무직,여성,5,40대,서울특별시,고졸
5762,4661f612de6842c4b3d15800d33d2e71,여자,41,경상북,2~3년제 전문대학,데이터 관리 및 운영자,여성,5,40대,경상북도,전문대졸
5763,640962f057394798a94a78064574ffa4,여자,49,인천,중학교,시설 경비원,여성,5,40대,인천광역시,중졸
5764,f9db0ee20cdb4b79b32bdf40f0807ef2,여자,40,부산,2~3년제 전문대학,무직,여성,5,40대,부산광역시,전문대졸
5765,e9b2bf47f2e64d29b0d1dca06426c6ee,여자,49,충청북,고등학교,주방 보조원,여성,5,40대,충청북,고졸
5766,2caaf9b9fb3548c9b653a98c59136afa,여자,42,서울,고등학교,무직,여성,5,40대,서울특별시,고졸
5767,bd4dced6930d4bb69b5ba119e806195c,여자,42,경상북,고등학교,무직,여성,5,40대,경상북도,고졸
5768,93aeb3b74b4d403496cd284f115dc339,여자,41,경기,2~3년제 전문대학,화장품 판매원,여성,5,40대,경기도,전문대졸
5769,490d908203154204b09c86c396610cd2,여자,47,경기,4년제 대학교,사무 보조원,여성,5,40대,경기도,대졸
5770,eca8a72fa383457f968991d208c9f3c6,여자,48,서울,대학원,데이터 분석가,여성,5,40대,서울특별시,대학원졸
5771,d0f45b8660ff4f3eb7ef4d103178f3ae,여자,45,경기,2~3년제 전문대학,범용 소프트웨어 프로그래머,여성,5,40대,경기도,전문대졸
5772,9d30e778b8724fa993e4b7cbef9a9cd0,여자,43,전라남,대학원,육군 부사관,여성,5,40대,전라남,대학원졸
5773,5f8ecdfc92544fe48ef68a16524c5bc2,여자,41,서울,대학원,무직,여성,5,40대,서울특별시,대학원졸
5774,7af78d8f827b4cbca1cc2fc517136fb1,여자,41,인천,2~3년제 전문대학,무직,여성,5,40대,인천광역시,전문대졸
5775,b407a1653c0d4789ad60581d3e237f59,여자,47,광주,고등학교,무직,여성,5,40대,광주광역시,고졸
5776,4ffb84e98b7f4d0eb47e28f711e92b84,여자,40,경상남,2~3년제 전문대학,일반 간호사,여성,5,40대,경상남도,전문대졸
5777,01e272f757cc49ada40f459a93407bd7,여자,46,부산,4년제 대학교,수동 포장원,여성,5,40대,부산광역시,대졸
5778,93fd52c88e3040a8b2aa56faf0755c40,여자,43,경기,대학원,기업 고위 임원,여성,5,40대,경기도,대학원졸
5779,ddc142fd18984deab048420373b1bc08,여자,42,서울,2~3년제 전문대학,무직,여성,5,40대,서울특별시,전문대졸
5780,e58b74e291c642d79b4941bb40fd6cd1,여자,49,대전,2~3년제 전문대학,일반 비서,여성,5,40대,대전광역시,전문대졸
5781,b3445950347848c198354a46a540c136,여자,48,서울,4년제 대학교,무직,여성,5,40대,서울특별시,대졸
5782,67f9343a7bae461db3ce42e67d0f96cd,여자,40,인천,4년제 대학교,투자 및 증권 분석가,여성,5,40대,인천광역시,대졸
5783,090d9cbc594148db9db94b527f2d48a3,여자,40,경기,4년제 대학교,경리 사무원,여성,5,40대,경기도,대졸
5784,8c9b2847195946fd8b52a5ded09bbc28,여자,45,경기,고등학교,통계 사무원,여성,5,40대,경기도,고졸
5785,12354212208d404d9a2acc42a42a4ca0,여자,49,인천,고등학교,건물 경비원,여성,5,40대,인천광역시,고졸
5786,704935b3119f4008b01a71d18276150b,여자,42,경기,고등학교,산후조리 종사원,여성,5,40대,경기도,고졸
5787,c92b5cc6b7d1410c9d1588083794422c,여자,46,경상북,고등학교,시설 경비원,여성,5,40대,경상북도,고졸
5788,18d15a648c794d79bf5388a438439663,여자,46,충청북,대학원,무직,여성,5,40대,충청북,대학원졸
5789,795839543775424a8508984859f04a03,여자,41,전북,4년제 대학교,국가행정 사무원,여성,5,40대,전북특별자치도,대졸
5790,92e3ce7e9fae43a9b6f83a1415620b2b,여자,43,경기,2~3년제 전문대학,무직,여성,5,40대,경기도,전문대졸
5791,f611854c87c449b2bc5aed22263e96b3,여자,41,부산,2~3년제 전문대학,교육 및 훈련 사무원,여성,5,40대,부산광역시,전문대졸
5792,c413863f5edd40fbbc66f6aed6ca1212,여자,40,서울,2~3년제 전문대학,기업 고위 임원,여성,5,40대,서울특별시,전문대졸
5793,5cf1db6e85bf40aa8b32771122c1ded5,여자,47,경기,고등학교,노점 및 이동 판매원,여성,5,40대,경기도,고졸
5794,e2ad2537f0c74ecc9f68ace318ef5244,여자,41,인천,4년제 대학교,화학 시험원,여성,5,40대,인천광역시,대졸
5795,4b7a3bfef87c4a178bb8b2eb4debca0b,여자,44,서울,2~3년제 전문대학,계기 검침원,여성,5,40대,서울특별시,전문대졸
5796,18b9b2d418334cbf9746d5d09419868a,여자,42,경기,4년제 대학교,무직,여성,5,40대,경기도,대졸
5797,6d07976a0dc24a81b8b5b514392e4bbd,여자,44,인천,4년제 대학교,미용사,여성,5,40대,인천광역시,대졸
5798,c2417201802e4048b3e591fecbd69399,여자,46,경기,4년제 대학교,기업 고위 임원,여성,5,40대,경기도,대졸
5799,78c63991ea6c4753a19c95b9686bead4,여자,45,충청북,고등학교,무직,여성,5,40대,충청북,고졸
5800,1d4ae9600b6b4ff792517095bb79a955,여자,46,경상남,고등학교,주방 보조원,여성,5,40대,경상남도,고졸
5801,a200a8a1be7c4f1aa9b4c80891f4f4e9,여자,44,경기,2~3년제 전문대학,그 외 판매 관련 단순 종사원,여성,5,40대,경기도,전문대졸
5802,2203b6d342b54219991b3949ccf620f6,여자,46,서울,고등학교,무직,여성,5,40대,서울특별시,고졸
5803,cefd861eef534fd5929b9d586d8a64b8,여자,47,경기,2~3년제 전문대학,무직,여성,5,40대,경기도,전문대졸
5804,5542f0f19cd64031ba4344859e3e7854,여자,41,경기,고등학교,무직,여성,5,40대,경기도,고졸
5805,6603af9bf3aa412eabbbb255517ffd24,여자,45,전라남,2~3년제 전문대학,상담 전문가,여성,5,40대,전라남,전문대졸
5806,08e65981a66b43aa9380347bf9bf8feb,여자,43,강원,2~3년제 전문대학,육군 장교,여성,5,40대,강원특별자치도,전문대졸
5807,b08c901193da49a2a9b5e793233ec88b,여자,40,경상남,2~3년제 전문대학,일반 간호사,여성,5,40대,경상남도,전문대졸
5808,a9c03d4769c04fc09e03e63a76012418,여자,40,인천,2~3년제 전문대학,여행 사무원,여성,5,40대,인천광역시,전문대졸
5809,f6f86b1abb3d4caa8c3910d495bf88b7,여자,45,제주,고등학교,웨딩플래너,여성,5,40대,제주특별자치도,고졸
5810,b50b6ab82bc440a995011adaa1d0c197,여자,49,인천,고등학교,무직,여성,5,40대,인천광역시,고졸
5811,877b18bf6f934d3f9f606b135f2f9fef,여자,48,대구,고등학교,판금원,여성,5,40대,대구광역시,고졸
5812,a545e28a901d47228ef32d6c4e6b17e5,여자,44,전북,2~3년제 전문대학,요양 보호사,여성,5,40대,전북특별자치도,전문대졸
5813,30a19c68b4924836bf1e7ffc1308a25c,여자,47,서울,4년제 대학교,무직,여성,5,40대,서울특별시,대졸
5814,523e181f9f4b45ce8bc6d072b9abf493,여자,41,경기,2~3년제 전문대학,보육 관련 시설 서비스 종사원,여성,5,40대,경기도,전문대졸
5815,a9f41874e18041da8f93e7e727052ec9,여자,47,부산,2~3년제 전문대학,그 외 기획 및 마케팅 사무원,여성,5,40대,부산광역시,전문대졸
5816,1c75c2f4ac9f412a8eea19a8e622f9ef,여자,41,부산,고등학교,무직,여성,5,40대,부산광역시,고졸
5817,6e1249b6e70842f3ae2ca9f5d01f6136,여자,41,경기,2~3년제 전문대학,무직,여성,5,40대,경기도,전문대졸
5818,f05d27b247734b6abc2be85bb3fc0a54,여자,41,충청남,2~3년제 전문대학,무직,여성,5,40대,충청남,전문대졸
5819,40509fb140ee432e9c8e8454a500ea74,여자,43,인천,4년제 대학교,총무 및 인사 관리자,여성,5,40대,인천광역시,대졸
5820,673e885805d84608ae2cd2686f21e50b,여자,47,서울,4년제 대학교,무직,여성,5,40대,서울특별시,대졸
5821,e5b1516677174f45918862072d56de2d,여자,48,경기,2~3년제 전문대학,프레스기 및 절단기 조작원,여성,5,40대,경기도,전문대졸
5822,2c76e6f041764fd286601a733cb0024d,여자,41,전라남,4년제 대학교,무직,여성,5,40대,전라남,대졸
5823,d1ab0176fa0d44c6aed6ddbb956565a4,여자,43,대구,4년제 대학교,무직,여성,5,40대,대구광역시,대졸
5824,0f31044cc74345368673d7f2ba38aa85,여자,46,경기,중학교,주방 보조원,여성,5,40대,경기도,중졸
5825,f90cc898715d4c1c8b193dd9a56bc093,여자,42,전라남,2~3년제 전문대학,신발 및 액세서리 판매원,여성,5,40대,전라남,전문대졸
5826,bdf60c27b5cd437c98d7a7222f1784dc,여자,40,경기,고등학교,웹 운영자,여성,5,40대,경기도,고졸
5827,f93113820a584cf2bd87ce3249f264f5,여자,42,울산,2~3년제 전문대학,범용 소프트웨어 프로그래머,여성,5,40대,울산광역시,전문대졸
5828,62ad755f641b4f91943532dd5ace100a,여자,40,대구,고등학교,노래방 서비스원,여성,5,40대,대구광역시,고졸
5829,9b5059221aaf4f589c09bf2457df5813,여자,49,경기,고등학교,그 외 바닥재 시공원,여성,5,40대,경기도,고졸
5830,368f0a6193134f49935e550764d6821c,여자,47,인천,고등학교,수금원,여성,5,40대,인천광역시,고졸
5831,96d665dd68244829919c2f95f9732bb8,여자,45,전라남,고등학교,무직,여성,5,40대,전라남,고졸
5832,e40eb68a2d0842cf9d5f34f954654c0d,여자,41,경기,4년제 대학교,경리 사무원,여성,5,40대,경기도,대졸
5833,b3f78ec041294d0a9dcdd74ef0e9ed0d,여자,44,서울,4년제 대학교,외국어 교사,여성,5,40대,서울특별시,대졸
5834,65a6472dd5734f99a222eca2e4c51a1c,여자,49,경기,4년제 대학교,교육 및 훈련 사무원,여성,5,40대,경기도,대졸
5835,91adaec5ff2948838ae3bc61305333b0,여자,44,경기,고등학교,하역 및 적재 관련 단순 종사원,여성,5,40대,경기도,고졸
5836,fa9782574e76486e9e9d65b924858125,여자,48,서울,2~3년제 전문대학,무직,여성,5,40대,서울특별시,전문대졸
5837,e98a2f77f0b348b3b720af410cf726c8,여자,41,서울,4년제 대학교,회계 사무원,여성,5,40대,서울특별시,대졸
5838,30f1fd8b457948cf8ea4174d0ff00c42,여자,40,경상남,고등학교,하역 및 적재 관련 단순 종사원,여성,5,40대,경상남도,고졸
5839,36a15e3a4dcf4570a8860ffaa0df159c,여자,48,경상북,4년제 대학교,온라인 쇼핑 판매원,여성,5,40대,경상북도,대졸
5840,d9d094944db341979493221bf61a041f,여자,42,경기,2~3년제 전문대학,출납 창구 사무원,여성,5,40대,경기도,전문대졸
5841,f8e159f4c44c4ca09a0418acd950f514,여자,43,경기,4년제 대학교,산업 안전원,여성,5,40대,경기도,대졸
5842,edda1f4100c04e25b8dcbd163e8cc2e0,여자,45,경기,2~3년제 전문대학,무직,여성,5,40대,경기도,전문대졸
5843,35ac493c95d8428c9ec349cf8b2d886d,여자,49,경기,고등학교,하역 및 적재 관련 단순 종사원,여성,5,40대,경기도,고졸
5844,19346a5a4cd54ed9b075ddc5ccc31d86,여자,46,부산,2~3년제 전문대학,범용 소프트웨어 프로그래머,여성,5,40대,부산광역시,전문대졸
5845,5837259ea069469191b48f33f4a3caa5,여자,43,경상남,고등학교,그 외 돌봄 및 보건 서비스 종사원,여성,5,40대,경상남도,고졸
5846,1706eaed9860405a83b54f841c66819f,여자,40,경기,4년제 대학교,무직,여성,5,40대,경기도,대졸
5847,4f8e8d9a283d4909b38e4bc9b6a15e54,여자,49,인천,고등학교,사무용 전자기기 설치 및 수리원,여성,5,40대,인천광역시,고졸
5848,9ae1163f62b4449087b6f442b8ec96ed,여자,46,경상남,4년제 대학교,무직,여성,5,40대,경상남도,대졸
5849,37cb335e47c84d5d89f9f7635204857d,여자,45,전라남,고등학교,음식 서비스 종사원,여성,5,40대,전라남,고졸
5850,e512a6fa896f45a38180a789249483de,여자,42,경기,고등학교,인쇄 관련 기능 종사원,여성,5,40대,경기도,고졸
5851,6f0259cfad8b4dd888c5b72e77236dc3,여자,45,전북,고등학교,건물 청소원,여성,5,40대,전북특별자치도,고졸
5852,7773e419cca641fb8fb22ecea6ef1895,여자,49,대전,대학원,광고 디자이너,여성,5,40대,대전광역시,대학원졸
5853,31a89ea37bce4934b6b3af921df3b5cf,여자,45,인천,고등학교,목형원,여성,5,40대,인천광역시,고졸
5854,2af9356b35374ce084d3afdf2a9b4590,여자,46,부산,고등학교,전화 상담원,여성,5,40대,부산광역시,고졸
5855,e69bae5e9e20440eb2241dd77e2571cb,여자,40,대구,2~3년제 전문대학,한식 조리사,여성,5,40대,대구광역시,전문대졸
5856,8411974e74ff4208bf6af7cf2473a8c2,여자,47,경기,고등학교,지게차 운전원,여성,5,40대,경기도,고졸
5857,ae12c2fc15374954a852ea6d2109a37d,여자,49,서울,대학원,데이터 분석가,여성,5,40대,서울특별시,대학원졸
5858,6e4387be8aec438ca63bbe63355f1659,여자,46,울산,고등학교,그 외 산업 전기 설치원,여성,5,40대,울산광역시,고졸
5859,4b22706fbe7949d7b054bb0dc7577ecb,여자,41,경기,고등학교,주입·포장 및 봉함기 조작원,여성,5,40대,경기도,고졸
5860,57c1cee09e0d47b8b3a88d333e8c0415,여자,41,경기,고등학교,한식 조리사,여성,5,40대,경기도,고졸
5861,e1811721bbd3416a95482e26289d3e4f,여자,44,서울,4년제 대학교,무직,여성,5,40대,서울특별시,대졸
5862,1d03a86b4242433a8e7e78e50ea26283,여자,44,인천,4년제 대학교,무직,여성,5,40대,인천광역시,대졸
5863,c0aa11ec9a6e4971ad00550cf94bdc63,여자,43,경기,4년제 대학교,법무사,여성,5,40대,경기도,대졸
5864,de73efc520474de18a9daa08eb6308aa,여자,45,경기,2~3년제 전문대학,국가행정 사무원,여성,5,40대,경기도,전문대졸
5865,2b7c1c4b08864ed48f53e5063edeeb97,여자,45,경기,2~3년제 전문대학,일반 비서,여성,5,40대,경기도,전문대졸
5866,aac467f15dd64605b0520c5f8856bda2,여자,45,경기,고등학교,주방 보조원,여성,5,40대,경기도,고졸
5867,4c47712d234e4de8aba5140938e257a8,여자,43,경상북,2~3년제 전문대학,커피 조리사,여성,5,40대,경상북도,전문대졸
5868,56b62153b25947f68b55ea08f2e9a1e4,여자,45,강원,고등학교,무직,여성,5,40대,강원특별자치도,고졸
5869,04a2a84ac39b464491489686d69ed5de,여자,46,충청남,4년제 대학교,일반 비서,여성,5,40대,충청남,대졸
5870,d268c9b18d3b48839d5244d711255794,여자,41,경기,고등학교,플랜트 전기 설치원,여성,5,40대,경기도,고졸
5871,d6efa5ea3a384fb2b3381fb3d46249f5,여자,47,서울,대학원,무직,여성,5,40대,서울특별시,대학원졸
5872,4f2183902c1e40aebf1fb01a54422273,여자,41,세종,2~3년제 전문대학,타일 부착원,여성,5,40대,세종특별자치시,전문대졸
5873,e674fea3b1db4b70869ca5617d29c29c,여자,48,인천,고등학교,그 외 건설 관련 기능 종사원,여성,5,40대,인천광역시,고졸
5874,0407bdaace7b47e4a03851fdbd4efc5e,여자,49,부산,4년제 대학교,일반 간호사,여성,5,40대,부산광역시,대졸
5875,2079b83c10fe4f16bc80548658eea686,여자,41,충청남,2~3년제 전문대학,무직,여성,5,40대,충청남,전문대졸
5876,c991aac541ab4727a8067fcf827b8b6c,여자,44,충청남,대학원,마케팅 전문가,여성,5,40대,충청남,대학원졸
5877,db4173ce4f52413eb27a8937823b5285,여자,46,경기,중학교,요양 보호사,여성,5,40대,경기도,중졸
5878,2e67b929aff14860b34027a5114ade2b,여자,49,제주,고등학교,"전직 건물 청소원, 현재 구직중",여성,5,40대,제주특별자치도,고졸
5879,5d965403bd4949b198c794a800a4e1ba,여자,45,경기,고등학교,컴퓨터 설치 및 수리원,여성,5,40대,경기도,고졸
5880,d2d7c413220848f58089cbf958b5e018,여자,43,경기,2~3년제 전문대학,컴퓨터 시스템 설계 및 분석가,여성,5,40대,경기도,전문대졸
5881,83c721b5d59f46b7b371678bb4f2ad10,여자,49,전라남,고등학교,화장품 판매원,여성,5,40대,전라남,고졸
5882,411b7d59cf7b4aa5b8a9fc4630de2cd9,여자,47,서울,4년제 대학교,회계 사무원,여성,5,40대,서울특별시,대졸
5883,45f82ee55dac4f42802e8d14e9edf4d4,여자,41,경상남,고등학교,무직,여성,5,40대,경상남도,고졸
5884,e5b88f783c0d48d6a53ddb48ea2ff4b5,여자,44,경상남,고등학교,한식 조리사,여성,5,40대,경상남도,고졸
5885,bc25ffd9b52f457b933b2fff18254d27,여자,45,경기,4년제 대학교,관리 비서,여성,5,40대,경기도,대졸
5886,d8bb0601cc624b1daa6f4402f687f5ad,여자,46,경기,4년제 대학교,무직,여성,5,40대,경기도,대졸
5887,3464070d75c44f41a94dc4839ac9f061,여자,46,경기,2~3년제 전문대학,산후조리 종사원,여성,5,40대,경기도,전문대졸
5888,0b6272c235b74d5a9ff97e080f96fe8b,여자,40,서울,4년제 대학교,일반 비서,여성,5,40대,서울특별시,대졸
5889,8a548a4bd5c3408399c1fbc35f1c870e,여자,49,부산,대학원,무직,여성,5,40대,부산광역시,대학원졸
5890,af54d9b5b3df41b593efd3705b54adab,여자,44,경기,고등학교,무직,여성,5,40대,경기도,고졸
5891,ee7455b82f1047639a1b15e9687d8341,여자,42,경상남,고등학교,주방 보조원,여성,5,40대,경상남도,고졸
5892,81aec2c9a8ca4a73b89afd7d303271ff,여자,42,부산,2~3년제 전문대학,출납 창구 사무원,여성,5,40대,부산광역시,전문대졸
5893,93a54a08c9e543ea90ec798793d64e2c,여자,47,경기,고등학교,인쇄 필름 출력원,여성,5,40대,경기도,고졸
5894,10df04b9d2324b109c0a2e6b997e3053,여자,40,경기,4년제 대학교,사무 보조원,여성,5,40대,경기도,대졸
5895,d1a2e3e95fd649398c87340c857bb8f9,여자,49,경기,4년제 대학교,전화 상담원,여성,5,40대,경기도,대졸
5896,1777350cce8c4d608f911948a9ce8ef1,여자,42,경기,무학,무직,여성,5,40대,경기도,무학
5897,dc1a13787b664b4796d85b0f6288a772,여자,47,경기,고등학교,주방 보조원,여성,5,40대,경기도,고졸
5898,16190148a6d84e6999bc5f9a5633a6de,여자,42,경상남,고등학교,출납 창구 사무원,여성,5,40대,경상남도,고졸
5899,3c41c96b8a3d4f52a0b93200bfec8597,여자,46,경상북,4년제 대학교,경리 사무원,여성,5,40대,경상북도,대졸
5900,f238102860c64e2cb69e50e7d4b2fcfe,여자,40,인천,4년제 대학교,웨딩플래너,여성,5,40대,인천광역시,대졸
5901,11916bd8bdd3404c8ba0eabd7600696c,여자,44,서울,2~3년제 전문대학,무직,여성,5,40대,서울특별시,전문대졸
5902,024033fabf3a4e839580970b50f07362,여자,42,서울,고등학교,신발 및 액세서리 판매원,여성,5,40대,서울특별시,고졸
5903,2ae6a83123b54f9292afd0caaacff23b,여자,47,대전,고등학교,무직,여성,5,40대,대전광역시,고졸
5904,965751501d2b4a94bc0ed597c8680eea,여자,41,충청남,2~3년제 전문대학,무직,여성,5,40대,충청남,전문대졸
5905,254de44b761546ee8a20b4f71c1e1fd2,여자,46,충청북,4년제 대학교,단말기 및 통신 서비스 판매원,여성,5,40대,충청북,대졸
5906,af1a5552880641f79f9f67372dbf5a12,여자,45,경상남,4년제 대학교,무직,여성,5,40대,경상남도,대졸
5907,0790db8ff9a744789e00aef9874f504d,여자,49,전북,고등학교,무직,여성,5,40대,전북특별자치도,고졸
5908,6843dffe73484fe29bfe2359c8679d25,여자,44,부산,고등학교,외국어 교사,여성,5,40대,부산광역시,고졸
5909,5234c598901643359d5853838d87faef,여자,44,경기,고등학교,가구 수리원,여성,5,40대,경기도,고졸
5910,f05610ac97ed4a408fa7294d09b7e906,여자,41,충청남,2~3년제 전문대학,무직,여성,5,40대,충청남,전문대졸
5911,742428f8b55e4e7ca254163aab58aef3,여자,49,경상북,고등학교,밑반찬 제조 종사원,여성,5,40대,경상북도,고졸
5912,7b0ba7fcef8f4f44950a65386d9752f3,여자,48,경기,중학교,"전직 총무 사무원, 현재 구직중",여성,5,40대,경기도,중졸
5913,52df37c4857740c29e77f60f4e27f01f,여자,49,서울,4년제 대학교,보육교사,여성,5,40대,서울특별시,대졸
5914,75285f36e87c440bafc3318f2d02ba1c,여자,49,경기,고등학교,그 외 서비스 관련 단순 종사원,여성,5,40대,경기도,고졸
5915,ffd9a65777804b5faf409caa20df735b,여자,40,부산,4년제 대학교,그 외 중·고등학교 교사,여성,5,40대,부산광역시,대졸
5916,390a929be65b43938ebd02c24b92283a,여자,44,인천,고등학교,무직,여성,5,40대,인천광역시,고졸
5917,51abdc9e79084b19ae0bc0342693efe4,여자,48,충청남,고등학교,요양 보호사,여성,5,40대,충청남,고졸
5918,3e163140802243598407073ccec60867,여자,47,인천,고등학교,무직,여성,5,40대,인천광역시,고졸
5919,924fd6c944ae4527a3e4ca71ca2d71f6,여자,48,경기,2~3년제 전문대학,일반 비서,여성,5,40대,경기도,전문대졸
5920,e60436ddd5214d3ead0bbd1b481b4136,여자,41,경기,2~3년제 전문대학,사무 보조원,여성,5,40대,경기도,전문대졸
5921,2c2c9dff8e2448e697348a89e2fd4ac0,여자,41,경기,대학원,무직,여성,5,40대,경기도,대학원졸
5922,9b0c99c598ab4346804dc1bdbb5c252f,여자,44,서울,4년제 대학교,무직,여성,5,40대,서울특별시,대졸
5923,6cfa05328a0a4a1babdbba6497a75d65,여자,42,대구,고등학교,음식 서비스 종사원,여성,5,40대,대구광역시,고졸
5924,b1c3f07e81e64dab8a1bf764e9e24d9f,여자,43,강원,4년제 대학교,조세행정 사무원,여성,5,40대,강원특별자치도,대졸
5925,704935b3119f4008b01a71d18276150b,여자,42,경기,고등학교,산후조리 종사원,여성,5,40대,경기도,고졸
5926,12148708d048461990ecad6013864143,여자,42,전북,고등학교,무직,여성,5,40대,전북특별자치도,고졸
5927,0a9b5cfdedb345458b1de0cf98a2a031,여자,40,부산,고등학교,무직,여성,5,40대,부산광역시,고졸
5928,8905c44567be4120802057633f545818,여자,43,경기,대학원,수의사,여성,5,40대,경기도,대학원졸
5929,d081aa5783c540c59f796183dbd63732,여자,40,경상남,고등학교,정보 시스템 운영자,여성,5,40대,경상남도,고졸
5930,9706e27dad9643b5ac5612be82ddfd20,여자,47,경상남,고등학교,무직,여성,5,40대,경상남도,고졸
5931,a72ef085e50648a68f04fa0dda4ad77f,여자,40,충청북,4년제 대학교,일반영양사,여성,5,40대,충청북,대졸
5932,365fcb9471bc4a14995a75942cedda4c,여자,42,충청남,대학원,보육교사,여성,5,40대,충청남,대학원졸
5933,55e61706e370461394085224827b1f4d,여자,44,인천,고등학교,전화 상담원,여성,5,40대,인천광역시,고졸
5934,7206da0d3fe04408b2550325a5cefa4b,여자,42,서울,2~3년제 전문대학,무직,여성,5,40대,서울특별시,전문대졸
5935,5dd95bd7352d4b00aedc4bdf519b2627,여자,41,전라남,4년제 대학교,공공행정 사무원,여성,5,40대,전라남,대졸
5936,a47859f35be749498d2e10495d315c09,여자,44,경기,중학교,노인 및 장애인 돌봄 서비스 종사원,여성,5,40대,경기도,중졸
5937,0b0e93a0904248b1a6e6b2e7c7036df4,여자,48,충청남,고등학교,건물 청소원,여성,5,40대,충청남,고졸
5938,045c18382c6844b1b7439294265d9696,여자,40,서울,대학원,경리 사무원,여성,5,40대,서울특별시,대학원졸
5939,4bacc58b09024a97aa007859496bf05f,여자,45,전북,2~3년제 전문대학,무직,여성,5,40대,전북특별자치도,전문대졸
5940,015f75543d5647658795f9d20d3fa826,여자,43,서울,4년제 대학교,그 외 기획 및 마케팅 사무원,여성,5,40대,서울특별시,대졸
5941,461d1fe444124a60ab669a4a5c4749dc,여자,41,경상남,4년제 대학교,철도운송 관련 종사원,여성,5,40대,경상남도,대졸
5942,9cb782acd48d46b799389445100e4e58,여자,45,경상남,고등학교,사무용 전자기기 설치 및 수리원,여성,5,40대,경상남도,고졸
5943,c1d92421bcb94e41b4e030e6ee223407,여자,40,충청남,4년제 대학교,전자제품 개발 기술자 및 연구원,여성,5,40대,충청남,대졸
5944,b387f460f9124a1c8026be1315320847,여자,46,서울,4년제 대학교,온라인 쇼핑 판매원,여성,5,40대,서울특별시,대졸
5945,e903801d955941a8a456a7143313f3cf,여자,48,경기,대학원,상품 기획자,여성,5,40대,경기도,대학원졸
5946,8630d109831b41e688b977b3fc95c0f2,여자,42,서울,고등학교,노점 및 이동 판매원,여성,5,40대,서울특별시,고졸
5947,8539381670c048d3856c16b5773cf740,여자,41,경기,4년제 대학교,사무 보조원,여성,5,40대,경기도,대졸
5948,5eb1a65965184c96b43905f366b77a4e,여자,42,경기,중학교,무직,여성,5,40대,경기도,중졸
5949,6a8e82a045274920903394d51d965287,여자,49,대전,2~3년제 전문대학,무직,여성,5,40대,대전광역시,전문대졸
5950,8c4b7aca2dd048938e0fada5895114af,여자,45,인천,고등학교,무직,여성,5,40대,인천광역시,고졸
5951,1d1b3306fe534784893f4b2da0c8000f,여자,44,경기,2~3년제 전문대학,냉난방기 관련 설비 조작원,여성,5,40대,경기도,전문대졸
5952,aa894a528c47495785aca88e6fcfdd60,여자,42,경기,고등학교,골프장 캐디,여성,5,40대,경기도,고졸
5953,df3d059c992449e5884ae7c57b1a183e,여자,47,전북,4년제 대학교,그 외 상품 중개인 및 경매사,여성,5,40대,전북특별자치도,대졸
5954,9e145de9e59f430c9cd72b92e2d7d054,여자,48,강원,대학원,데이터 분석가,여성,5,40대,강원특별자치도,대학원졸
5955,b3c246a26a3340faa688205e5d7a84dc,여자,46,경상북,2~3년제 전문대학,일반 경찰관 및 수사관,여성,5,40대,경상북도,전문대졸
5956,e584840829bf42fbac531c703983b52c,여자,49,경기,고등학교,경리 사무원,여성,5,40대,경기도,고졸
5957,0890917a9b244153a195b753f058e832,여자,43,서울,2~3년제 전문대학,무직,여성,5,40대,서울특별시,전문대졸
5958,7f3f85740d2e442ab44aee60e44cf1a3,여자,46,서울,2~3년제 전문대학,무직,여성,5,40대,서울특별시,전문대졸
5959,0181820fe07849d5b8b5014a9dc8ceba,여자,40,서울,2~3년제 전문대학,주방 보조원,여성,5,40대,서울특별시,전문대졸
5960,3543ddfef279496785ffcd910ae9959c,여자,40,경상남,고등학교,무직,여성,5,40대,경상남도,고졸
5961,46a6efe5e3a1441b9f0539b59faa2070,여자,46,전북,4년제 대학교,무직,여성,5,40대,전북특별자치도,대졸
5962,99e759658254434fa38a7afaa6d8de14,여자,47,부산,고등학교,금속 세척기 조작원,여성,5,40대,부산광역시,고졸
5963,a4ba69a6bfcd494c8d5d57480a0f865e,여자,40,경상북,4년제 대학교,화장품 판매원,여성,5,40대,경상북도,대졸
5964,3b64a6a5f3b74439bfaf17c8b55376b5,여자,44,전북,고등학교,간호조무사,여성,5,40대,전북특별자치도,고졸
5965,3fcf5e92f9164803be9f30d083db4ec2,여자,48,서울,고등학교,커피 조리사,여성,5,40대,서울특별시,고졸
5966,5cceb423cf664bef8447a5d83a6fbc15,여자,49,대전,고등학교,주차 안내원,여성,5,40대,대전광역시,고졸
5967,a96e21d7837340b49386babe573a089f,여자,46,서울,4년제 대학교,의상 디자이너,여성,5,40대,서울특별시,대졸
5968,917a4b8dd4c54648ad18c542677c4975,여자,48,경기,4년제 대학교,무직,여성,5,40대,경기도,대졸
5969,b4bdb628b591486e86928a824e3d9893,여자,48,경상남,고등학교,조사 전문가,여성,5,40대,경상남도,고졸
5970,2873b99d450242ffadfd2e22874755cc,여자,46,서울,2~3년제 전문대학,경리 사무원,여성,5,40대,서울특별시,전문대졸
5971,af35f9ebc9ca4e24bb54f93158a75e3e,여자,45,인천,4년제 대학교,상담 전문가,여성,5,40대,인천광역시,대졸
5972,2e99f06bdf1f4f9c98bcb00a666f2c59,여자,45,경기,고등학교,건물 청소원,여성,5,40대,경기도,고졸
5973,3de069f73f304dac82ff5fde20be4ac5,여자,47,경기,대학원,마케팅 전문가,여성,5,40대,경기도,대학원졸
5974,7dbcc5c190194e1097930c72fb7eeb81,여자,49,대구,2~3년제 전문대학,무직,여성,5,40대,대구광역시,전문대졸
5975,c87e3b549dbc4d0fa7fa577ed800255e,여자,47,서울,2~3년제 전문대학,무직,여성,5,40대,서울특별시,전문대졸
5976,8fe245f0904148b9bd1eaa237f903e46,여자,49,경기,2~3년제 전문대학,그 외 전기·전자기기 설치 및 수리원,여성,5,40대,경기도,전문대졸
5977,95cb1a2894634d7497383929b61d7586,여자,44,충청남,고등학교,무직,여성,5,40대,충청남,고졸
5978,55c56b46c69846dcb0f403b945ed230e,여자,41,경기,중학교,무직,여성,5,40대,경기도,중졸
5979,543dbcc99dd7488083b7d9d590fa1867,여자,47,경기,4년제 대학교,무직,여성,5,40대,경기도,대졸
5980,6160681376034ee69812c8160008df2e,여자,46,인천,4년제 대학교,무직,여성,5,40대,인천광역시,대졸
5981,534ff7fc0d9841fca42d1f6718334aa5,여자,41,강원,4년제 대학교,공공행정 사무원,여성,5,40대,강원특별자치도,대졸
5982,2abd474494924fda93444a2b97add62d,여자,46,경기,고등학교,매장 정리원,여성,5,40대,경기도,고졸
5983,352e8a61961047a3b5158b344725dcc6,여자,43,서울,4년제 대학교,유치원 교사,여성,5,40대,서울특별시,대졸
5984,47ba69406dfa4422878714d394f33d01,여자,45,경상북,2~3년제 전문대학,음료 서비스 종사원,여성,5,40대,경상북도,전문대졸
5985,1f1d6f77a5e3451db16cbc3374263402,여자,44,서울,2~3년제 전문대학,그 외 일반 영업원,여성,5,40대,서울특별시,전문대졸
5986,fee44a114b06491694569eb8dd774aa3,여자,44,경기,대학원,법무 사무원,여성,5,40대,경기도,대학원졸
5987,6f510d93ed794c0399ca61e980965cca,여자,47,경상북,2~3년제 전문대학,과학 교사,여성,5,40대,경상북도,전문대졸
5988,4ee627f6718247ada02e02e9cb25c332,여자,47,경기,중학교,무직,여성,5,40대,경기도,중졸
5989,0db6fb71ab15458f9d1c722bebd2f4e7,여자,47,경상남,2~3년제 전문대학,지방행정 사무원,여성,5,40대,경상남도,전문대졸
5990,d2c4bf7ec6f2461390286bd893bde98d,여자,41,경상북,4년제 대학교,일반 간호사,여성,5,40대,경상북도,대졸
5991,0959b3dee2aa491295e2f5651cd54831,여자,42,세종,4년제 대학교,공조기설비 조작원,여성,5,40대,세종특별자치시,대졸
5992,976720f2f8244b0497194c8d7fd66dd7,여자,41,경기,2~3년제 전문대학,웹 운영자,여성,5,40대,경기도,전문대졸
5993,85c592fce16c494a8c0dcb76780dfaed,여자,46,서울,고등학교,조사 전문가,여성,5,40대,서울특별시,고졸
5994,593faefafd5640558ee091fc612f27d2,여자,44,경기,2~3년제 전문대학,미용사,여성,5,40대,경기도,전문대졸
5995,ede617ca253d4c2b9cb15384102b502c,여자,43,경상북,2~3년제 전문대학,무직,여성,5,40대,경상북도,전문대졸
5996,a8ce253393a840c89bfce193a5ccd141,여자,46,대구,4년제 대학교,무직,여성,5,40대,대구광역시,대졸
5997,0fd08d3048ac4aaeb2af74bbab25b49c,여자,42,서울,대학원,무직,여성,5,40대,서울특별시,대학원졸
5998,ab994af7f3154cdd95a09930a1bd6e22,여자,46,경기,4년제 대학교,재무 관리자,여성,5,40대,경기도,대졸
5999,480bac3585e24a5c9d81bc70225b054b,여자,46,경기,4년제 대학교,그 외 일반 영업원,여성,5,40대,경기도,대졸
6000,9f1560109f5b4e358cb941fedeb2f3f0,여자,47,서울,4년제 대학교,웹 기획자,여성,5,40대,서울특별시,대졸
6001,0fe3fb9b5ca9456aafd33193af04438f,여자,43,경기,2~3년제 전문대학,무직,여성,5,40대,경기도,전문대졸
6002,045c18382c6844b1b7439294265d9696,여자,40,서울,대학원,경리 사무원,여성,5,40대,서울특별시,대학원졸
6003,aedc32495b6846179bf856a5912c198b,여자,48,경기,고등학교,전산 자료 입력원,여성,5,40대,경기도,고졸
6004,9c93b05f19b9493eb36ead3871eb3555,여자,43,서울,고등학교,무직,여성,5,40대,서울특별시,고졸
6005,0067116d7d614c6ca98c897ff3ae5f27,여자,44,경상남,2~3년제 전문대학,기계제품 생산 관리자,여성,5,40대,경상남도,전문대졸
6006,611b0fda04ee44f2b576e09c1661a99c,여자,46,대구,4년제 대학교,경리 사무원,여성,5,40대,대구광역시,대졸
6007,3916a9c3402640ad919821a41ce5958e,여자,49,경기,고등학교,우편집배원,여성,5,40대,경기도,고졸
6008,5ee8b5d1d9364729b81c6c3209d09916,여자,40,부산,4년제 대학교,회계사,여성,5,40대,부산광역시,대졸
6009,91de27b2d4e949d191c5aec6b9731b4a,여자,49,대전,4년제 대학교,유치원 교사,여성,5,40대,대전광역시,대졸
6010,dc747fa0219c462aa8bf204bdd7754e0,여자,42,서울,2~3년제 전문대학,상품 기획자,여성,5,40대,서울특별시,전문대졸
6011,1e8bb3dbd88d4cae92ac088ee143de67,여자,49,인천,고등학교,한식 조리사,여성,5,40대,인천광역시,고졸
6012,94f84e2f4c64427fb92ab56af26e0d72,여자,44,서울,대학원,법무 사무원,여성,5,40대,서울특별시,대학원졸
6013,cdf0931b299443b09339a14f9bda7ca1,여자,43,경기,2~3년제 전문대학,목형원,여성,5,40대,경기도,전문대졸
6014,535dc6ee53a24b46bf24e1662b8a9708,여자,40,경상남,고등학교,무직,여성,5,40대,경상남도,고졸
6015,d212c544e7454bb58fa3ecd5df463192,여자,41,서울,대학원,회계 사무원,여성,5,40대,서울특별시,대학원졸
6016,7d80e9c2b1e1463abf2f606ae13b9aed,여자,40,경기,4년제 대학교,식품 영업원,여성,5,40대,경기도,대졸
6017,6fe85f7a306643248d980b378a3e8efa,여자,45,부산,대학원,그 외 화학공학 기술자 및 연구원,여성,5,40대,부산광역시,대학원졸
6018,a83279d6937e42969bc52a08691cedf7,여자,44,세종,4년제 대학교,경영 기획 사무원,여성,5,40대,세종특별자치시,대졸
6019,65adbfa991ad4706bb821a6642ec69f5,여자,41,경기,4년제 대학교,관리 비서,여성,5,40대,경기도,대졸
6020,7342e0ea86394dd3908529361018e56d,여자,45,전라남,고등학교,간병인,여성,5,40대,전라남,고졸
6021,98310e5c1d674c04bf86bd07dcd9b203,여자,49,충청남,4년제 대학교,경리 사무원,여성,5,40대,충청남,대졸
6022,c818a1c6c26348a3b7dddf50a9aa5bb1,여자,43,경기,2~3년제 전문대학,무직,여성,5,40대,경기도,전문대졸
6023,3c4b3ef463b9463fac702d2664f3c634,여자,44,충청북,4년제 대학교,경리 사무원,여성,5,40대,충청북,대졸
6024,d109bc4f6a9f4239b394a078c7798269,여자,41,강원,고등학교,사무 보조원,여성,5,40대,강원특별자치도,고졸
6025,d8a8ff9e17bd47fb9b1716cb488fc442,여자,47,경기,2~3년제 전문대학,그 외 기능 관련 종사원,여성,5,40대,경기도,전문대졸
6026,7d60828f60ba4877b36940de472ef52e,여자,44,인천,4년제 대학교,그 외 기능 관련 종사원,여성,5,40대,인천광역시,대졸
6027,31361a104d334878919256c5518100b4,여자,46,서울,고등학교,그 외 서비스 관련 단순 종사원,여성,5,40대,서울특별시,고졸
6028,bd2ac33763174902b554c32b78fa3e6a,여자,48,서울,대학원,무직,여성,5,40대,서울특별시,대학원졸
6029,74e2ed49bcd648179e146dd7d798b3c6,여자,41,전라남,고등학교,연선기 조작원,여성,5,40대,전라남,고졸
6030,fe9557fc83ce447a82bdef9e34668b39,여자,48,서울,중학교,무직,여성,5,40대,서울특별시,중졸
6031,d9010bb4a84f429984e68bd39ce46fae,여자,44,서울,4년제 대학교,공공행정 전문가,여성,5,40대,서울특별시,대졸
6032,a659032ef6a54a72b12d95e14e996576,여자,45,서울,고등학교,경리 사무원,여성,5,40대,서울특별시,고졸
6033,b732ad4abbc64f8dbf6df8347cfe1a69,여자,40,경기,2~3년제 전문대학,출판 및 자료편집 사무원,여성,5,40대,경기도,전문대졸
6034,c35e3044b0c14c5abe91ab9f8f36107b,여자,47,충청남,고등학교,주방 보조원,여성,5,40대,충청남,고졸
6035,e14db5408ce84ee4b06415f72dd45c54,여자,40,경기,고등학교,한식 조리사,여성,5,40대,경기도,고졸
6036,fcf53ba1399844239de4c41b59345ba6,여자,48,인천,고등학교,건물 청소원,여성,5,40대,인천광역시,고졸
6037,94b7f01122ab435daa424b52d8cae436,여자,45,충청남,고등학교,"전직 음식 서비스 종사원, 현재 구직중",여성,5,40대,충청남,고졸
6038,890d94313d184263af07c59aafb06ef2,여자,47,강원,고등학교,음식료품 판매원,여성,5,40대,강원특별자치도,고졸
6039,f6c3a648b48d4241b522f1989a4c1d05,여자,48,강원,2~3년제 전문대학,조세행정 사무원,여성,5,40대,강원특별자치도,전문대졸
6040,4aed8e86c9e7405183a4cfceca68fe14,여자,43,경상남,고등학교,무직,여성,5,40대,경상남도,고졸
6041,307da40bd0284de39aa2a9f346ce8e85,여자,47,경기,2~3년제 전문대학,가정용 전기 및 전자제품 조립원,여성,5,40대,경기도,전문대졸
6042,18cffd719510450fb1795664e32304cc,여자,44,경기,고등학교,그 외 물품 이동 장비 조작원,여성,5,40대,경기도,고졸
6043,b4b8c7fffc9546f58da77377ff88a5cd,여자,44,경기,4년제 대학교,산업 안전원,여성,5,40대,경기도,대졸
6044,943636e560c5438db05fd0e6b987570e,여자,46,충청남,4년제 대학교,관세행정 사무원,여성,5,40대,충청남,대졸
6045,c144038ffca04594bb8f8b1c34960400,여자,44,울산,고등학교,무직,여성,5,40대,울산광역시,고졸
6046,2b32d16698144fa193c5475ba036eb0d,여자,48,광주,2~3년제 전문대학,무직,여성,5,40대,광주광역시,전문대졸
6047,3e441a48a2df4197a7e47e480d3e9a88,여자,41,경상북,4년제 대학교,경리 사무원,여성,5,40대,경상북도,대졸
6048,b96479a314804975bc82297ea9f2da7a,여자,49,경기,4년제 대학교,교육 및 훈련 사무원,여성,5,40대,경기도,대졸
6049,3c1837adf46b453580a9c2e15479e9f4,여자,47,광주,4년제 대학교,그 외 판매 및 고객 서비스 관리자,여성,5,40대,광주광역시,대졸
6050,36992fbd3e0a41949cb2ca1b10221979,여자,45,인천,고등학교,일반 비서,여성,5,40대,인천광역시,고졸
6051,b1e8dcab80534e40b5491f9d4f2d4308,여자,46,경상북,4년제 대학교,해외 영업원,여성,5,40대,경상북도,대졸
6052,65d5b83ab7514c5b9849e8b7c0ca6aec,여자,44,경기,4년제 대학교,전기제품 개발 기술자 및 연구원,여성,5,40대,경기도,대졸
6053,a3d9f74da9b444ffb70011e490bc31ea,여자,46,서울,대학원,전문 간호사,여성,5,40대,서울특별시,대학원졸
6054,c58e21b08d7e4d7090c8f842a90f0e9d,여자,46,경기,대학원,변호사,여성,5,40대,경기도,대학원졸
6055,5a3ad7c7ba2b4f60984e29e1c2d14b95,여자,45,부산,대학원,그 외 제품 디자이너,여성,5,40대,부산광역시,대학원졸
6056,4f57edc2d5034d7688c6e5d6f82c0e10,여자,44,광주,4년제 대학교,상담 전문가,여성,5,40대,광주광역시,대졸
6057,c09ae5aea5764e8398b7b167cf55d416,여자,49,경상남,중학교,무직,여성,5,40대,경상남도,중졸
6058,5227c4f02f1c42ee935d7edbad312a14,여자,46,경기,4년제 대학교,여행 사무원,여성,5,40대,경기도,대졸
6059,64573391614142f9bee730bdbd5a92b3,여자,49,경기,4년제 대학교,마케팅 관리자,여성,5,40대,경기도,대졸
6060,3434b8ba7b724c8096ef394a0bc99d3f,여자,41,충청남,고등학교,유원시설 및 테마파크 서비스원,여성,5,40대,충청남,고졸
6061,c0d41e2fb0244cd8be8b3257f11e94d6,여자,48,인천,대학원,출판 및 자료편집 사무원,여성,5,40대,인천광역시,대학원졸
6062,db9bdbde38e145cabd93e7a90eb67e5d,여자,47,경상남,고등학교,건물 내 전기 설치 및 정비원,여성,5,40대,경상남도,고졸
6063,ff69239ef4e74933a9f3a9d533eae25a,여자,40,서울,4년제 대학교,공공행정 사무원,여성,5,40대,서울특별시,대졸
6064,d8ea778ad8c54cebb15b07067340c3df,여자,47,부산,고등학교,공공행정 사무원,여성,5,40대,부산광역시,고졸
6065,9f209f617f21483ca45ebeccb126903f,여자,49,서울,고등학교,무직,여성,5,40대,서울특별시,고졸
6066,bfd15af979294cf19d2296a8267ffb1a,여자,43,충청남,4년제 대학교,그 외 법률 관련 사무원,여성,5,40대,충청남,대졸
6067,1177f48cbf1c4d618e984b5026f9854a,여자,46,광주,2~3년제 전문대학,계기 검침원,여성,5,40대,광주광역시,전문대졸
6068,fedca4b9279846a184accd0f2c7f2548,여자,40,경상남,2~3년제 전문대학,상품 기획자,여성,5,40대,경상남도,전문대졸
6069,1f1869cb313c492081e1669888712a08,여자,43,경상남,4년제 대학교,"전직 경리 사무원, 현재 구직중",여성,5,40대,경상남도,대졸
6070,cfb6c44135744447b683aa19d0e8e857,여자,49,경기,2~3년제 전문대학,무직,여성,5,40대,경기도,전문대졸
6071,a88f568f0cb34d138b2ae359c26ef3df,여자,49,강원,2~3년제 전문대학,무직,여성,5,40대,강원특별자치도,전문대졸
6072,284f93126c09433b8a8b822143ff3aa3,여자,49,경기,4년제 대학교,화장품 판매원,여성,5,40대,경기도,대졸
6073,ca1c28991ea944d9868914c3e8f512d0,여자,40,서울,2~3년제 전문대학,수동 포장원,여성,5,40대,서울특별시,전문대졸
6074,74beae26008d435488251ae533e8220a,여자,40,전북,4년제 대학교,마케팅 전문가,여성,5,40대,전북특별자치도,대졸
6075,bb535013d71a4b63b4bf32d726d99e82,여자,48,경기,고등학교,건물 경비원,여성,5,40대,경기도,고졸
6076,431b28fb097c44cda414b2a4c754aca5,여자,47,인천,고등학교,무직,여성,5,40대,인천광역시,고졸
6077,fe2033c35e754a7e9987e580188f0266,여자,47,경기,중학교,건물 청소원,여성,5,40대,경기도,중졸
6078,a6f7f67c80c04b90bdc0687113595115,여자,47,경상남,2~3년제 전문대학,정보 시스템 운영자,여성,5,40대,경상남도,전문대졸
6079,804b8da38f5c4e86991a9d3b413aec5a,여자,42,경상남,고등학교,건물 청소원,여성,5,40대,경상남도,고졸
6080,c777cbe35cff44f9bfa97e2c947574db,여자,49,경상북,고등학교,시내버스 운전원,여성,5,40대,경상북도,고졸
6081,d6be6da7810d42be93a32c82edc103ca,여자,41,경기,고등학교,무직,여성,5,40대,경기도,고졸
6082,25c4627ab6de4154a9a2e8cf88488a64,여자,46,대전,고등학교,상품 기획자,여성,5,40대,대전광역시,고졸
6083,221b91b01c4f4625b0a9130ae698c70d,여자,41,부산,4년제 대학교,액세서리 디자이너,여성,5,40대,부산광역시,대졸
6084,e71a2f6b8cd7407bbc9a636652f147d0,여자,46,세종,대학원,마케팅 전문가,여성,5,40대,세종특별자치시,대학원졸
6085,a3b96fff60134bc0be2d72ce3f50a670,여자,41,부산,대학원,정보 통신기술 분야 교수,여성,5,40대,부산광역시,대학원졸
6086,87c41351245247acb5746e21f4e12ad8,여자,44,서울,2~3년제 전문대학,음식 서비스 종사원,여성,5,40대,서울특별시,전문대졸
6087,328e22e970d6495c81d9579720cdc4fa,여자,44,대구,2~3년제 전문대학,무직,여성,5,40대,대구광역시,전문대졸
6088,1cf5341cc74d4b829c3220a27cf4a883,여자,40,경기,2~3년제 전문대학,그 외 공학 관련 기술자 및 시험원,여성,5,40대,경기도,전문대졸
6089,c3b435abc9354acfa2a95dc929b33e5c,여자,48,인천,4년제 대학교,교육 및 훈련 사무원,여성,5,40대,인천광역시,대졸
6090,daabde7c56454eae87d04931e1333e32,여자,42,서울,4년제 대학교,무직,여성,5,40대,서울특별시,대졸
6091,67a5c50c17854264a3c5f02f326274c8,여자,45,경기,고등학교,무직,여성,5,40대,경기도,고졸
6092,c07f3407592f4393b72ca7b175d5e8c5,여자,42,경기,고등학교,승용차 및 승합차 운전원,여성,5,40대,경기도,고졸
6093,89d333a80bb84a1a9808687ac88d9c2a,여자,48,경기,4년제 대학교,영업 관련 관리자,여성,5,40대,경기도,대졸
6094,64b783718ead4088a3b0dbb7ebf76060,여자,43,부산,4년제 대학교,광고 전문가,여성,5,40대,부산광역시,대졸
6095,07e35f87e9f541a79c5d10679b81dde8,여자,48,부산,2~3년제 전문대학,그 외 상점 판매원,여성,5,40대,부산광역시,전문대졸
6096,78ce457e0a4d4548ac362a25cf06b3bf,여자,41,경기,4년제 대학교,무직,여성,5,40대,경기도,대졸
6097,3b27825da215439991bc3bc33c6550b0,여자,45,충청남,고등학교,건물 청소원,여성,5,40대,충청남,고졸
6098,5cd3c1d8fb114824a748a6efaaf36f12,여자,40,서울,2~3년제 전문대학,무직,여성,5,40대,서울특별시,전문대졸
6099,c33456bfd0604116a655cd4bd3da3c3a,여자,49,서울,고등학교,그 외 일반 영업원,여성,5,40대,서울특별시,고졸
6100,85b8bc12cf97482b885b1eea9d496d29,여자,42,강원,고등학교,무직,여성,5,40대,강원특별자치도,고졸
6101,7ef2fb9d02c14e7e8bb5eab5f2c12865,여자,42,부산,2~3년제 전문대학,공공행정 사무원,여성,5,40대,부산광역시,전문대졸
6102,40be8a3979484d7a9a15bdcdd4b57de7,여자,47,경기,고등학교,온라인 쇼핑 판매원,여성,5,40대,경기도,고졸
6103,e2d61bc2a1d04b2eb13124a975e0fb73,여자,46,경상남,2~3년제 전문대학,그 외 의복 제조 관련 기능 종사원,여성,5,40대,경상남도,전문대졸
6104,555c7b2c8b234f9d88e507f0e425a712,여자,44,경기,4년제 대학교,무직,여성,5,40대,경기도,대졸
6105,83473f5982e548319d843ba60f819681,여자,44,경기,4년제 대학교,반도체공학 기술자 및 연구원,여성,5,40대,경기도,대졸
6106,faaef6a558824f8187dfe653179035f7,여자,43,제주,고등학교,교육 및 훈련 사무원,여성,5,40대,제주특별자치도,고졸
6107,1e9d316b587841b19f26b752998aad14,여자,49,부산,고등학교,무직,여성,5,40대,부산광역시,고졸
6108,cd7bac0e7def418fa763564328040df8,여자,44,서울,4년제 대학교,무직,여성,5,40대,서울특별시,대졸
6109,5b575a5a85964100903a27570f379d5a,여자,45,광주,4년제 대학교,무직,여성,5,40대,광주광역시,대졸
6110,721e015aedc44faaa22559fd75822d49,여자,40,경기,4년제 대학교,음료 서비스 종사원,여성,5,40대,경기도,대졸
6111,c99f9d95ccf44c4ab57cfcd6c650b7f7,여자,43,서울,4년제 대학교,가전제품 설치 및 수리원,여성,5,40대,서울특별시,대졸
6112,076745cd4bf94f90bdad7c7347992fcc,여자,41,인천,2~3년제 전문대학,일반 경찰관 및 수사관,여성,5,40대,인천광역시,전문대졸
6113,2a2066dea86642d392e3e99e7a5370ab,여자,48,경기,고등학교,국가행정 사무원,여성,5,40대,경기도,고졸
6114,02972ce51e554b0d8b24118a6f3f1897,여자,46,경기,고등학교,무직,여성,5,40대,경기도,고졸
6115,64f03e39cc1f4aff821f9df476c0d162,여자,44,서울,고등학교,단말기 및 통신 서비스 판매원,여성,5,40대,서울특별시,고졸
6116,cb4d14400c584a7598061ade0bd4b21d,여자,47,광주,4년제 대학교,그 외 환경공학 기술자 및 연구원,여성,5,40대,광주광역시,대졸
6117,f5aab4d28f494b3ba5f58484035d1221,여자,48,대구,4년제 대학교,그 외 전기·전자기기 설치 및 수리원,여성,5,40대,대구광역시,대졸
6118,9a78064441364af0a777caca4866a09f,여자,48,인천,4년제 대학교,광고 전문가,여성,5,40대,인천광역시,대졸
6119,860eaea1aef54f74a6e99299818ea6ee,여자,41,전북,4년제 대학교,금형원,여성,5,40대,전북특별자치도,대졸
6120,16aac026adb74a87ae98ad04342b3752,여자,42,경기,2~3년제 전문대학,소규모 상점 경영자,여성,5,40대,경기도,전문대졸
6121,c6477cc6a80845ba9482cfbb8e5efa10,여자,45,경기,2~3년제 전문대학,화장품 판매원,여성,5,40대,경기도,전문대졸
6122,50d70de6096546e98db59fb1cdd4fcff,여자,42,경상남,대학원,무직,여성,5,40대,경상남도,대학원졸
6123,a347756499e14f1589f560e5938337df,여자,41,경기,대학원,전자 및 통신장비 기술 영업원,여성,5,40대,경기도,대학원졸
6124,7f477ff44030489293a8b0a7fdf7aa2d,여자,48,강원,4년제 대학교,초등학교 교사,여성,5,40대,강원특별자치도,대졸
6125,971cb8a6bcc84f3d922fa48b78e6892f,여자,44,경기,2~3년제 전문대학,철도교통 관제사,여성,5,40대,경기도,전문대졸
6126,14cb79b1165f432d87ed4fb07e3fa440,여자,42,경기,4년제 대학교,"전직 관세행정 사무원, 현재 구직중",여성,5,40대,경기도,대졸
6127,0fcfcdf26bb0430bbff8aca59f476a8b,여자,41,강원,4년제 대학교,교육 및 훈련 사무원,여성,5,40대,강원특별자치도,대졸
6128,8a8145eca91c46c99fd253f7126b5999,여자,43,전라남,고등학교,그 외 돌봄 및 보건 서비스 종사원,여성,5,40대,전라남,고졸
6129,e85fd9a44f4641bf8ea337ec65da0213,여자,46,경기,4년제 대학교,무직,여성,5,40대,경기도,대졸
6130,ef9f1865983a4d8c820ba0f7ff813176,여자,45,경기,고등학교,그 외 조리사,여성,5,40대,경기도,고졸
6131,032a892b24cc41d09f812c0f4612d73d,여자,49,경기,4년제 대학교,치과위생사,여성,5,40대,경기도,대졸
6132,f59e762e51d9428caab712d0b6a8645e,여자,43,광주,4년제 대학교,무직,여성,5,40대,광주광역시,대졸
6133,9c5557014f8b4417a9de16762e855b6b,여자,40,인천,2~3년제 전문대학,방사선사,여성,5,40대,인천광역시,전문대졸
6134,341610b7cbae4e079bd13b2511fd1f54,여자,42,경기,고등학교,시내버스 운전원,여성,5,40대,경기도,고졸
6135,c919bcd85ba94645b6c9787d79289ef4,여자,44,서울,고등학교,하역 및 적재 관련 단순 종사원,여성,5,40대,서울특별시,고졸
6136,4d6da2c73623498fbb988501cbea05ef,여자,46,경기,4년제 대학교,투자 권유 대행인,여성,5,40대,경기도,대졸
6137,c725bb4fa30c45fc934efc75eae58dd2,여자,48,경기,4년제 대학교,회계 사무원,여성,5,40대,경기도,대졸
6138,74011da0c29042fd8f4004e17e1b6b1f,여자,50,부산,중학교,무직,여성,6,50대,부산광역시,중졸
6139,07ac0b2398b5448eac480835b4a631d1,여자,55,전북,중학교,무직,여성,6,50대,전북특별자치도,중졸
6140,93227fdb89254790a44efbc2198c2046,여자,52,경기,고등학교,도자기제품 생산기 조작원,여성,6,50대,경기도,고졸
6141,98b931d4c2dd4e3d8bd9f96f1a571ce1,여자,56,대구,대학원,사진가,여성,6,50대,대구광역시,대학원졸
6142,67b37d832aac4882868df5a55e6271e2,여자,59,인천,고등학교,텔레마케터,여성,6,50대,인천광역시,고졸
6143,14148cfd493b4d2097147857b8ca9902,여자,54,인천,고등학교,그 외 일반 영업원,여성,6,50대,인천광역시,고졸
6144,bab3eb95f8624d6f976895ec84d88cf2,여자,55,전라남,중학교,건물 청소원,여성,6,50대,전라남,중졸
6145,1ac0aee869b84ccc83c25d2a03f40fa7,여자,53,전북,대학원,조사 전문가,여성,6,50대,전북특별자치도,대학원졸
6146,c66d2edf448146a88abb7722ee45f417,여자,53,서울,대학원,무직,여성,6,50대,서울특별시,대학원졸
6147,a84109a342424fd1ace15c4c10aba7cb,여자,58,충청남,4년제 대학교,공공행정 사무원,여성,6,50대,충청남,대졸
6148,b2de199d557e4503ae865f14a91a12ce,여자,57,경기,고등학교,"전직 유원시설 및 테마파크 서비스원, 현재 구직중",여성,6,50대,경기도,고졸
6149,045230bed8b5490e8f2b364e4444e03d,여자,57,서울,중학교,그 외 상품 중개인 및 경매사,여성,6,50대,서울특별시,중졸
6150,e85cfbc565974fb1ad7ee8ab1808d980,여자,54,인천,고등학교,무직,여성,6,50대,인천광역시,고졸
6151,168163de07fe42b382618a337fd4f659,여자,56,경기,고등학교,승용차 및 승합차 운전원,여성,6,50대,경기도,고졸
6152,7e1fde8f110c41218254590c056a6c3d,여자,58,충청북,고등학교,무직,여성,6,50대,충청북,고졸
6153,c0ad7e1d97ad41fcb316cd5f10e854ed,여자,57,부산,고등학교,하역 및 적재 관련 단순 종사원,여성,6,50대,부산광역시,고졸
6154,9416ac345c7d44659a5a30cf76db63c7,여자,58,경기,중학교,건물 청소원,여성,6,50대,경기도,중졸
6155,91458196d666459695fd4deaed1d84ea,여자,55,경기,고등학교,경리 사무원,여성,6,50대,경기도,고졸
6156,853e4d0aeb2641e3a1067c853cda1702,여자,57,경기,2~3년제 전문대학,행사 및 홍보 도우미,여성,6,50대,경기도,전문대졸
6157,f7c796f2ba524c9a8bd4885aa3c280ad,여자,56,광주,중학교,그 외 조리사,여성,6,50대,광주광역시,중졸
6158,e5a39111fc50492b99b67411ca3ebbdd,여자,55,대구,중학교,무직,여성,6,50대,대구광역시,중졸
6159,108a42fd648f45c4b09693027e9450a2,여자,50,경기,중학교,금속 세척기 조작원,여성,6,50대,경기도,중졸
6160,e6e35bde32a44022870db5c834fb7cfa,여자,56,강원,고등학교,시설 경비원,여성,6,50대,강원특별자치도,고졸
6161,5c2fc6b646c84081aa0b0b3c14331017,여자,56,경기,고등학교,그 외 돌봄 및 보건 서비스 종사원,여성,6,50대,경기도,고졸
6162,894dda0ac4a34c51a470bdf483d74346,여자,55,서울,고등학교,시설 경비원,여성,6,50대,서울특별시,고졸
6163,7ecff0b1849c4318a011e03a0fb13cc2,여자,50,부산,대학원,무직,여성,6,50대,부산광역시,대학원졸
6164,7d8383b942b4433c817114250ff39786,여자,59,경기,4년제 대학교,그 외 음식 서비스 종사원,여성,6,50대,경기도,대졸
6165,738420d4b51e430d97fa3186b17bfdb1,여자,55,강원,4년제 대학교,무직,여성,6,50대,강원특별자치도,대졸
6166,ae9109f642e645149d33d9a864d2d461,여자,56,부산,2~3년제 전문대학,상담 전문가,여성,6,50대,부산광역시,전문대졸
6167,e5efce19783143f5bfab96698ec95e51,여자,56,대구,고등학교,그 외 일반 영업원,여성,6,50대,대구광역시,고졸
6168,ba4c4959571d4ed684e60528aa24b779,여자,54,충청남,고등학교,주방 보조원,여성,6,50대,충청남,고졸
6169,d50ac2b25855437191e623ba8b0d33d5,여자,54,서울,중학교,시설 경비원,여성,6,50대,서울특별시,중졸
6170,ac73bd3453324a72ae5581992a055d58,여자,51,대구,고등학교,전화 상담원,여성,6,50대,대구광역시,고졸
6171,6359e03550914838aed9b638ce0ff01d,여자,51,경기,4년제 대학교,조사 전문가,여성,6,50대,경기도,대졸
6172,2e03147f04124ac6a09e561016cafc2d,여자,58,경기,고등학교,경·소형 화물차 운전원,여성,6,50대,경기도,고졸
6173,03922ca95c4540f6bb160ccd71b13183,여자,51,경기,2~3년제 전문대학,경·소형 화물차 운전원,여성,6,50대,경기도,전문대졸
6174,e9d38524ecaa45918b9109c943967882,여자,52,서울,2~3년제 전문대학,무직,여성,6,50대,서울특별시,전문대졸
6175,1659e047fcbe4b5ca15b98a39881152b,여자,53,충청남,고등학교,무직,여성,6,50대,충청남,고졸
6176,eb8d0f01ba10430190567c86dc6b4dbd,여자,52,경기,4년제 대학교,무직,여성,6,50대,경기도,대졸
6177,897c79269e5b4e1fb60e03c7ab49481e,여자,55,경기,대학원,변호사,여성,6,50대,경기도,대학원졸
6178,c0035009306d4e1f8d2b563bb1329936,여자,59,서울,4년제 대학교,무직,여성,6,50대,서울특별시,대졸
6179,d88fec44afd64c1a9e0049f886957991,여자,59,충청남,중학교,무직,여성,6,50대,충청남,중졸
6180,43bd7c9196bc4b6fbb11b125a29ed659,여자,58,경기,대학원,온라인 쇼핑 판매원,여성,6,50대,경기도,대학원졸
6181,3b56622295ca49ae99d21e02ba48a2f4,여자,54,경기,고등학교,철도운송 관련 종사원,여성,6,50대,경기도,고졸
6182,76deabff67e0447cae2d7b4a34c57f6f,여자,53,경기,고등학교,시설 경비원,여성,6,50대,경기도,고졸
6183,023fbb32832a4af08756c942e684e9ce,여자,50,경기,고등학교,그 외 돌봄 및 보건 서비스 종사원,여성,6,50대,경기도,고졸
6184,b6fdd1df0d6c4eb0bee2b1257ee60d6f,여자,52,광주,2~3년제 전문대학,그 외 조리사,여성,6,50대,광주광역시,전문대졸
6185,38753d14cdc945b39d7d5feacc28ca31,여자,56,울산,고등학교,용접기 조작원,여성,6,50대,울산광역시,고졸
6186,63c83465b71c4eb9b008738c58ac879d,여자,51,강원,고등학교,노인 및 장애인 돌봄 서비스 종사원,여성,6,50대,강원특별자치도,고졸
6187,549f4dcdda0143129e3192d5414d48b6,여자,53,충청북,고등학교,관세행정 사무원,여성,6,50대,충청북,고졸
6188,60591bdfc16f404490b1b49e5355fc08,여자,52,광주,2~3년제 전문대학,음식 서비스 종사원,여성,6,50대,광주광역시,전문대졸
6189,c1b9d411e8f74ab9babf51caea61c4c3,여자,52,울산,고등학교,보육 관련 시설 서비스 종사원,여성,6,50대,울산광역시,고졸
6190,1d1e3f93bf1c40efa060c4272895894a,여자,50,경기,고등학교,그 외 상점 판매원,여성,6,50대,경기도,고졸
6191,33e6814f87b74213b8af7741361ca330,여자,57,경기,4년제 대학교,플랜트공학 기술자 및 연구원,여성,6,50대,경기도,대졸
6192,6843a84623a54f5889aedfdd14c5260a,여자,51,충청북,2~3년제 전문대학,범용 소프트웨어 프로그래머,여성,6,50대,충청북,전문대졸
6193,1ab32a8e2575477fa37ebce37e8acadf,여자,51,서울,고등학교,무직,여성,6,50대,서울특별시,고졸
6194,a915d75261ec43d5836e1fabcbbef703,여자,53,경기,고등학교,건물 청소원,여성,6,50대,경기도,고졸
6195,3265d36cda684981a983159f13daf76a,여자,58,전북,고등학교,건물 청소원,여성,6,50대,전북특별자치도,고졸
6196,d0087401cb6e44ac874d36c0e69c34cd,여자,57,강원,고등학교,관리 비서,여성,6,50대,강원특별자치도,고졸
6197,d4409fefa4a34ffa9156324d58ac2143,여자,56,서울,4년제 대학교,내과 전문 의사,여성,6,50대,서울특별시,대졸
6198,e613abfd03dd43e38c3bc562a8fe6a14,여자,54,서울,고등학교,그 외 바닥재 시공원,여성,6,50대,서울특별시,고졸
6199,be6c53c018944484af09da34b584f082,여자,54,경기,2~3년제 전문대학,지게차 운전원,여성,6,50대,경기도,전문대졸
6200,c751cca83df24932938b2065ffef28e6,여자,54,경상남,고등학교,시외 및 고속 버스 운전원,여성,6,50대,경상남도,고졸
6201,049838f047d346a2854c985cc173af6e,여자,50,서울,고등학교,청원경찰,여성,6,50대,서울특별시,고졸
6202,97e9f511e83746a78c025a0ed89d7c63,여자,54,충청북,4년제 대학교,유치원 교사,여성,6,50대,충청북,대졸
6203,c1d21a8cca024cfa8a8663b0466c10b8,여자,58,경상남,고등학교,그 외 조리사,여성,6,50대,경상남도,고졸
6204,c80c5f45b74140468d908bdb580e541b,여자,58,서울,고등학교,승용차 및 승합차 운전원,여성,6,50대,서울특별시,고졸
6205,abc08bf4afc2477585d9c2b898b4a024,여자,52,세종,고등학교,경리 사무원,여성,6,50대,세종특별자치시,고졸
6206,aaa1654e89114bd3b5ac017c603bba49,여자,53,세종,대학원,장학관 및 장학사,여성,6,50대,세종특별자치시,대학원졸
6207,a9f4791139cc420299b97b0444069474,여자,56,경기,중학교,무직,여성,6,50대,경기도,중졸
6208,d2040bf12cda47b48be89bd7ac86cb1a,여자,53,경기,고등학교,경리 사무원,여성,6,50대,경기도,고졸
6209,fb3771a232444bf48743eaefd0397d29,여자,50,서울,고등학교,무직,여성,6,50대,서울특별시,고졸
6210,babbb0e57a2e463bafb38f327a88f84a,여자,52,인천,고등학교,노인 및 장애인 돌봄 서비스 종사원,여성,6,50대,인천광역시,고졸
6211,45924afae20e494bab87be4ca30f92d6,여자,56,인천,고등학교,무직,여성,6,50대,인천광역시,고졸
6212,0c4b7ce024ac462eb168b106c2e1a648,여자,51,서울,대학원,무직,여성,6,50대,서울특별시,대학원졸
6213,7fbe2e73da1843a786744f5a563460fb,여자,54,경상북,고등학교,일반 비서,여성,6,50대,경상북도,고졸
6214,83f041d571514fedab495835db057da9,여자,51,경상남,고등학교,소규모 상점 경영자,여성,6,50대,경상남도,고졸
6215,e0a0798f407a431f84b961a0724644dd,여자,56,부산,4년제 대학교,상품 기획자,여성,6,50대,부산광역시,대졸
6216,bef5615978b247f0b12f43eb7317fc05,여자,57,강원,중학교,건물 청소원,여성,6,50대,강원특별자치도,중졸
6217,769d736f19dc443da7ce32af899df042,여자,55,강원,초등학교,주차 관리원,여성,6,50대,강원특별자치도,초졸이하
6218,6653c4694ba5448aa2528db93e1b37d9,여자,55,경기,중학교,무직,여성,6,50대,경기도,중졸
6219,fbb40ea94855430baffeb8d79496c944,여자,57,인천,고등학교,학습지 방문강사,여성,6,50대,인천광역시,고졸
6220,fd16f8f8845e4eb88b12e5d06ccbcfaf,여자,59,서울,2~3년제 전문대학,일반 비서,여성,6,50대,서울특별시,전문대졸
6221,9d630bd46aa7403ab382d96f720da2b6,여자,55,전북,고등학교,무직,여성,6,50대,전북특별자치도,고졸
6222,c82a22a424b449488f78ab958b3068f3,여자,51,경기,고등학교,음료 서비스 종사원,여성,6,50대,경기도,고졸
6223,ad16e94820bd467da04e401c60cd2fbd,여자,56,대구,중학교,무직,여성,6,50대,대구광역시,중졸
6224,9ae0d21a647c42a8bd511ffbdce244bd,여자,56,경기,고등학교,무직,여성,6,50대,경기도,고졸
6225,95e228ec57064a98a3e535d1fbddfb28,여자,53,경기,4년제 대학교,일반 의사,여성,6,50대,경기도,대졸
6226,63e446f727584afc8eddc9fe9d65e74d,여자,59,전라남,고등학교,무직,여성,6,50대,전라남,고졸
6227,aebe5087181c4d7ca438ade67f8f9327,여자,52,대구,대학원,무직,여성,6,50대,대구광역시,대학원졸
6228,0dc065c2d9ac4ebd8a89c34791e49031,여자,51,대구,중학교,무직,여성,6,50대,대구광역시,중졸
6229,59d719a5a2354c1b898f2012c675796a,여자,51,경기,고등학교,산업용로봇 조작원,여성,6,50대,경기도,고졸
6230,43db91bde11d489dacdcf25167324416,여자,51,세종,4년제 대학교,수의사,여성,6,50대,세종특별자치시,대졸
6231,93d186f035884567965a6c9a8af21800,여자,53,전라남,2~3년제 전문대학,한식 조리사,여성,6,50대,전라남,전문대졸
6232,e2d006c2673f4f04ab09ecf3495e9893,여자,54,전북,2~3년제 전문대학,일식 조리사,여성,6,50대,전북특별자치도,전문대졸
6233,401de850538d45c4815937de97641046,여자,56,충청북,4년제 대학교,초등학교 교사,여성,6,50대,충청북,대졸
6234,8bf57559383f42f186c0c6435b3d0f92,여자,57,대구,2~3년제 전문대학,무직,여성,6,50대,대구광역시,전문대졸
6235,6c608f94723d4dabb5a359a0e301ef68,여자,58,전라남,고등학교,그 외 돌봄 및 보건 서비스 종사원,여성,6,50대,전라남,고졸
6236,51dca37153dd456a91a1f4a577c1665c,여자,55,대구,중학교,건물 청소원,여성,6,50대,대구광역시,중졸
6237,524f2bddf0304186b29d3e9fcde111b5,여자,52,경기,고등학교,주방 보조원,여성,6,50대,경기도,고졸
6238,7447f2e961c04866aea41e6c27b5e6cb,여자,54,서울,고등학교,무직,여성,6,50대,서울특별시,고졸
6239,eb35a849766b4dd08090420ff8360a88,여자,53,서울,대학원,음식 서비스 종사원,여성,6,50대,서울특별시,대학원졸
6240,a3876c9d1d694a64a2ae77233a46bbdd,여자,55,전라남,대학원,관리 비서,여성,6,50대,전라남,대학원졸
6241,39e7cca28e604233b70292a9a0777958,여자,53,경상북,고등학교,매장 계산원,여성,6,50대,경상북도,고졸
6242,8395870143814a9f890d714a81740553,여자,57,경기,고등학교,상표 부착기 조작원,여성,6,50대,경기도,고졸
6243,2fed84cd02cb436591f05c6077ee0b5a,여자,56,인천,고등학교,화장품 판매원,여성,6,50대,인천광역시,고졸
6244,5cb81adc64634cc99906cbeb51270c85,여자,55,강원,고등학교,사무 보조원,여성,6,50대,강원특별자치도,고졸
6245,78a65856ccee426c885fcb32745037fd,여자,55,경기,고등학교,무직,여성,6,50대,경기도,고졸
6246,578793858f51456a9b75b4ba4a3cd159,여자,53,광주,고등학교,데이터 관리 및 운영자,여성,6,50대,광주광역시,고졸
6247,1427da7e28b342149c5344b2ce146436,여자,52,대구,고등학교,자재 관리 사무원,여성,6,50대,대구광역시,고졸
6248,dfcc8361a018482a8c60c17a1ef583db,여자,58,인천,4년제 대학교,무직,여성,6,50대,인천광역시,대졸
6249,b635d5978f5340e5a302f0b1874794cb,여자,50,대구,4년제 대학교,일반 간호사,여성,6,50대,대구광역시,대졸
6250,467f27d6c7b7470a88e38112a01ea766,여자,54,경기,고등학교,"전직 대출 모집인, 현재 구직중",여성,6,50대,경기도,고졸
6251,cbc771a267a14fbaaa0b11a53ad60115,여자,55,경기,고등학교,"전직 그 외 돌봄 및 보건 서비스 종사원, 현재 구직중",여성,6,50대,경기도,고졸
6252,4232388284974d109fc3663b5baa3b8b,여자,59,경기,중학교,자동 재단기 조작원,여성,6,50대,경기도,중졸
6253,2c8d37e3d21243059b79deda534c0863,여자,58,경기,초등학교,신발 재봉사,여성,6,50대,경기도,초졸이하
6254,9469c400bee841969a5db34c4c740a4b,여자,55,전라남,대학원,농학 연구원,여성,6,50대,전라남,대학원졸
6255,12b410d6fc0b40739d825d1297026791,여자,59,경기,중학교,무직,여성,6,50대,경기도,중졸
6256,f822c936110549fc98ac30b219a52246,여자,52,인천,고등학교,지게차 운전원,여성,6,50대,인천광역시,고졸
6257,fb2d3730ceb442f9b9ce60ac75e0718c,여자,51,인천,2~3년제 전문대학,그 외 컴퓨터 시스템 및 소프트웨어 전문가,여성,6,50대,인천광역시,전문대졸
6258,07e09e2971d944f6922f36173513cb41,여자,59,대구,2~3년제 전문대학,대기 환경 시험원,여성,6,50대,대구광역시,전문대졸
6259,f6c1f822358841f5a25b643e85097d63,여자,50,충청남,고등학교,자동 조립라인 조작원,여성,6,50대,충청남,고졸
6260,d4194105dcc04ef68ffc87914dccf599,여자,56,경상북,고등학교,무직,여성,6,50대,경상북도,고졸
6261,cc8676749d36464eb0a4bda67165098c,여자,51,경기,4년제 대학교,일반 비서,여성,6,50대,경기도,대졸
6262,98e0619127f742799fe63b4f8ca2b177,여자,51,충청북,2~3년제 전문대학,무직,여성,6,50대,충청북,전문대졸
6263,303a29400a70488e84b0c9a21510cf5f,여자,56,세종,고등학교,무직,여성,6,50대,세종특별자치시,고졸
6264,55116a4337d642abadb01e3ece5e52e2,여자,50,인천,고등학교,무직,여성,6,50대,인천광역시,고졸
6265,adaa4f3382ad4926a24b38355cda07f3,여자,55,경상남,고등학교,무직,여성,6,50대,경상남도,고졸
6266,1fed0fef94da4a3e8adcefbd2e2d7d65,여자,56,경상남,중학교,그 외 자동차 운전원,여성,6,50대,경상남도,중졸
6267,3e44ead318b245d18e958ee7cbd824a9,여자,53,부산,고등학교,학습지 방문강사,여성,6,50대,부산광역시,고졸
6268,318f10fabf78461e8723ce408917a24d,여자,57,경기,4년제 대학교,초등학교 교사,여성,6,50대,경기도,대졸
6269,487aff3c7d9b48c2a24f851c639ce2d6,여자,58,경상남,2~3년제 전문대학,교사 교육 보조원,여성,6,50대,경상남도,전문대졸
6270,f2027bd3f59546419de9a7f4a847a2ff,여자,51,경상북,고등학교,무직,여성,6,50대,경상북도,고졸
6271,e46b140f5c11445ba5aca7f01ab724d4,여자,53,울산,중학교,사무 보조원,여성,6,50대,울산광역시,중졸
6272,1487930689b845209b5a4fcfbd12e672,여자,54,경기,무학,건물 청소원,여성,6,50대,경기도,무학
6273,c304ea48e085444e9b4e2c0c0b489af2,여자,59,경기,중학교,무직,여성,6,50대,경기도,중졸
6274,68751ff1633d40a6937c82c978a9f990,여자,57,대전,4년제 대학교,광고 및 홍보 사무원,여성,6,50대,대전광역시,대졸
6275,eb1ed7149be644bfa085afc65908e540,여자,50,경기,4년제 대학교,무직,여성,6,50대,경기도,대졸
6276,86ea26a555f94b0996064db45c9b4854,여자,56,인천,고등학교,무직,여성,6,50대,인천광역시,고졸
6277,1c09d29c225e48cfa5062a9fdc029379,여자,59,부산,고등학교,무직,여성,6,50대,부산광역시,고졸
6278,9841af23b9db47a5b4227ed88e297103,여자,59,강원,고등학교,무직,여성,6,50대,강원특별자치도,고졸
6279,5d655255ff9542e5928c58d97eb38bc6,여자,59,경기,고등학교,전화 상담원,여성,6,50대,경기도,고졸
6280,f7756d8fa2b84396bdf891446e6c856e,여자,50,경기,고등학교,냉난방기 관련 설비 조작원,여성,6,50대,경기도,고졸
6281,0522657941564bed8289b3940cd85cdf,여자,54,충청남,중학교,골프장 캐디,여성,6,50대,충청남,중졸
6282,c6fcd46240194226befac3aebfbaccd0,여자,52,서울,고등학교,승용차 및 승합차 운전원,여성,6,50대,서울특별시,고졸
6283,60d559cec2a2435785d1c0168228e072,여자,58,서울,4년제 대학교,그 외 상점 판매원,여성,6,50대,서울특별시,대졸
6284,bd8c8c4d31ca4277bdda08337ca4e92c,여자,58,충청남,초등학교,소규모 상점 경영자,여성,6,50대,충청남,초졸이하
6285,6807614dc0134808a4093b8698e2af09,여자,53,경기,4년제 대학교,시스템 소프트웨어 프로그래머,여성,6,50대,경기도,대졸
6286,06b2d45655d745f8b1937df99cc504f5,여자,55,서울,4년제 대학교,광고 전문가,여성,6,50대,서울특별시,대졸
6287,56068fa82f2244dbb0adb781bae4784e,여자,57,대구,고등학교,교사 교육 보조원,여성,6,50대,대구광역시,고졸
6288,62e5612365ef4e5ebb47c52c0d4f779d,여자,56,서울,고등학교,총무 사무원,여성,6,50대,서울특별시,고졸
6289,ba48d5d7b06343c59454e66c53a0a0ca,여자,53,경상북,4년제 대학교,유치원 원장,여성,6,50대,경상북도,대졸
6290,db357fe40a744767b7d49a9337f68851,여자,57,강원,고등학교,주방 보조원,여성,6,50대,강원특별자치도,고졸
6291,434cc34ac0cc44f0a8ec4a9c84994e70,여자,56,충청남,2~3년제 전문대학,철도운송 관련 종사원,여성,6,50대,충청남,전문대졸
6292,57d9e79a9a144ca5929f1fe7ce6dcf17,여자,53,전북,4년제 대학교,기업 고위 임원,여성,6,50대,전북특별자치도,대졸
6293,04bce998ca7445708867cedadfd3e0a9,여자,57,경기,고등학교,무직,여성,6,50대,경기도,고졸
6294,14cf3f7a1b1e44f68d777c760240d8ba,여자,53,경기,고등학교,그 외 인쇄기 조작원,여성,6,50대,경기도,고졸
6295,7ac476ac8cb44e529d81681d3fef0719,여자,59,경기,고등학교,영업 관리 사무원,여성,6,50대,경기도,고졸
6296,8ed2be2fb62d477498f3fa48643267a8,여자,51,인천,중학교,무직,여성,6,50대,인천광역시,중졸
6297,ae48bcee0570426a9a543cfa2f1782b9,여자,57,경기,고등학교,무직,여성,6,50대,경기도,고졸
6298,8f5226cccc6e414a974798b6abf9bce7,여자,53,광주,고등학교,무직,여성,6,50대,광주광역시,고졸
6299,9da8b7b7ceeb4328a68cb1374e6150a2,여자,58,전북,고등학교,건물 경비원,여성,6,50대,전북특별자치도,고졸
6300,80e8af784ee441528e59772dad3f6518,여자,57,경기,고등학교,중식 조리사,여성,6,50대,경기도,고졸
6301,c9b699f10d9b49179d028062c2dc2492,여자,58,제주,2~3년제 전문대학,철도 기관사,여성,6,50대,제주특별자치도,전문대졸
6302,54049e7c5c7a456fa8c323fd6a64f13d,여자,59,경기,고등학교,무직,여성,6,50대,경기도,고졸
6303,0e07b6bad0884b2d8c2c20fd62f9d1ea,여자,57,강원,고등학교,건물 청소원,여성,6,50대,강원특별자치도,고졸
6304,fbfd2fd397d24e73aa1ad697a1423095,여자,57,경기,4년제 대학교,조사 전문가,여성,6,50대,경기도,대졸
6305,8e271a6c75864c729c8b8dca71abf221,여자,52,대전,4년제 대학교,그 외 교육 관련 관리자,여성,6,50대,대전광역시,대졸
6306,d60bf4ab693147ca949ddbdcfe42e471,여자,51,경기,고등학교,그 외 경영 지원 관리자,여성,6,50대,경기도,고졸
6307,aed4ebb7892d41bdbea4320069a26373,여자,53,경기,4년제 대학교,자동차 부품 기술 영업원,여성,6,50대,경기도,대졸
6308,2c9067354cc2411ab5fe43feeb224bab,여자,57,경기,고등학교,자동차 경정비원,여성,6,50대,경기도,고졸
6309,ce5c9527c799440aaf1e5f6405a48cf3,여자,50,울산,고등학교,무직,여성,6,50대,울산광역시,고졸
6310,ed8160cf0d25417eb57a05cc349b5436,여자,57,부산,고등학교,무직,여성,6,50대,부산광역시,고졸
6311,ac819853e4d8447fac700c334b94d48f,여자,52,경기,고등학교,텔레마케터,여성,6,50대,경기도,고졸
6312,90b3001c697e4e438631e6da5896a218,여자,52,충청남,고등학교,경리 사무원,여성,6,50대,충청남,고졸
6313,bdcd0dd58e2249c0884ad09b2c492a82,여자,54,대전,2~3년제 전문대학,출납 창구 사무원,여성,6,50대,대전광역시,전문대졸
6314,cdadf25ac5674f96a17cce08dd892715,여자,56,충청남,중학교,건물 청소원,여성,6,50대,충청남,중졸
6315,60506632163b4617b90eb573053bb541,여자,50,경상남,고등학교,그 외 판매 관련 단순 종사원,여성,6,50대,경상남도,고졸
6316,bb2d0480fbb3455cbdcf6dd8950f47a5,여자,59,충청남,고등학교,무직,여성,6,50대,충청남,고졸
6317,d1b25ee1b3d34107b5f24446a928f5d6,여자,58,경기,4년제 대학교,일반 비서,여성,6,50대,경기도,대졸
6318,1d6b650cdb9449588dbab471d69813ec,여자,57,경기,4년제 대학교,전화 상담원,여성,6,50대,경기도,대졸
6319,3ce0ed05645343918ec9fa09167aa519,여자,53,경기,고등학교,소규모 상점 경영자,여성,6,50대,경기도,고졸
6320,fdacd801f19a4e6cbe7b5cfcc87b4865,여자,55,부산,4년제 대학교,사회복지사,여성,6,50대,부산광역시,대졸
6321,67483474780d493fb14ce3cfbc52cf11,여자,54,대구,고등학교,한식 조리사,여성,6,50대,대구광역시,고졸
6322,2ad3b7e3e2134e88b9381984421b2545,여자,58,제주,고등학교,그 외 상점 판매원,여성,6,50대,제주특별자치도,고졸
6323,c5293ea16d0b4193a236dedcf771e8cd,여자,51,경상북,고등학교,한식 조리사,여성,6,50대,경상북도,고졸
6324,56974b689fea4ad2939e8ed8a653217d,여자,54,광주,고등학교,무직,여성,6,50대,광주광역시,고졸
6325,ebb44848abf843ea8b284f5908f34107,여자,58,인천,고등학교,노점 및 이동 판매원,여성,6,50대,인천광역시,고졸
6326,ec1ac841e7974e83b0b97ca0779ac93c,여자,55,인천,고등학교,무직,여성,6,50대,인천광역시,고졸
6327,dd345794f726435a9b25cccabcbb90ac,여자,53,서울,대학원,반도체공학 기술자 및 연구원,여성,6,50대,서울특별시,대학원졸
6328,28969c9c1c1a44dfb63add2ecafb990e,여자,56,서울,4년제 대학교,무직,여성,6,50대,서울특별시,대졸
6329,6cad9a20b54e4b268c4513b8886cad21,여자,54,전라남,고등학교,승용차 및 승합차 운전원,여성,6,50대,전라남,고졸
6330,b5aefd34c2bb452e9eaa892f6acff2a6,여자,55,경상남,중학교,무직,여성,6,50대,경상남도,중졸
6331,dbde3bbe73104a4985ddb9beb38411b5,여자,56,서울,중학교,건물 청소원,여성,6,50대,서울특별시,중졸
6332,e2ff9adf7f834a4fad62a59e49f32f77,여자,55,경기,고등학교,그 외 의복 제조 관련 기능 종사원,여성,6,50대,경기도,고졸
6333,3cd1daa11c134ca8bd850a117c9dc543,여자,50,대구,고등학교,무직,여성,6,50대,대구광역시,고졸
6334,6ce55ed582a24fb48afee7433bc147aa,여자,55,경상남,고등학교,한식 조리사,여성,6,50대,경상남도,고졸
6335,d2d38bf8cd8a4a5980c4a2eafa869ed9,여자,59,경상남,고등학교,공공행정 사무원,여성,6,50대,경상남도,고졸
6336,0d575a17a6304edca85a450d3b578358,여자,56,서울,중학교,음식 서비스 종사원,여성,6,50대,서울특별시,중졸
6337,ac80549ccff248a6a495185e6893b4cc,여자,53,부산,대학원,전문 간호사,여성,6,50대,부산광역시,대학원졸
6338,d3a85586cbf64dfbb069328b79c8b2bf,여자,50,경기,고등학교,무직,여성,6,50대,경기도,고졸
6339,a28948dc3c204744b3c9440b2b9189ec,여자,51,서울,고등학교,사무 보조원,여성,6,50대,서울특별시,고졸
6340,06cfc593b7554648a25f0ff87442ae90,여자,58,울산,중학교,음식 서비스 종사원,여성,6,50대,울산광역시,중졸
6341,93362a20f26b4439af2e7adfb2b5a173,여자,52,대전,4년제 대학교,직업상담사,여성,6,50대,대전광역시,대졸
6342,75200de62e524a8fae5e360ecff96134,여자,58,서울,2~3년제 전문대학,사용자 경험 및 인터페이스 디자이너,여성,6,50대,서울특별시,전문대졸
6343,c068950bcdeb4a929b6fb830a1ec6856,여자,51,대전,고등학교,한식 조리사,여성,6,50대,대전광역시,고졸
6344,9c3f890e3bbb4097b5d59730e5bf1f4a,여자,56,경기,초등학교,그 외 하역 및 적재 단순 종사원,여성,6,50대,경기도,초졸이하
6345,9d52df66c5e940bd96c9e6778a6a08b9,여자,54,경상북,고등학교,무직,여성,6,50대,경상북도,고졸
6346,1c08cb9db8944f1cbdd1464e2e2d6216,여자,50,대전,대학원,보육교사,여성,6,50대,대전광역시,대학원졸
6347,c54a403a9bcd41b29551c0c8dc695a77,여자,50,경기,고등학교,무직,여성,6,50대,경기도,고졸
6348,2c34836d15bb44acbe7e4a6264ca95b7,여자,50,경기,고등학교,전화 상담원,여성,6,50대,경기도,고졸
6349,76081e38ea6a45b5b417525b14d818b2,여자,59,서울,4년제 대학교,사회복지사,여성,6,50대,서울특별시,대졸
6350,3277cfcd6fc641fd926838cc621b886c,여자,54,서울,4년제 대학교,관리 비서,여성,6,50대,서울특별시,대졸
6351,cf1ab3e246fe4b2bae478f2b26b17ea6,여자,58,광주,고등학교,사무 보조원,여성,6,50대,광주광역시,고졸
6352,75d16b62ff914a28a1c74c4a94f42753,여자,54,서울,고등학교,여행 사무원,여성,6,50대,서울특별시,고졸
6353,bb715f54bb564ce3a5c87df11fc80e14,여자,50,경기,고등학교,전통차 조리사,여성,6,50대,경기도,고졸
6354,acb2ab113cce4eb383c08611f6708fed,여자,52,충청북,고등학교,무직,여성,6,50대,충청북,고졸
6355,7d3799d860d44930b4bb1bee3b216f1d,여자,52,전라남,2~3년제 전문대학,용접기 조작원,여성,6,50대,전라남,전문대졸
6356,78d801f7d68540e7be2a6f28acac2709,여자,52,강원,고등학교,일반 비서,여성,6,50대,강원특별자치도,고졸
6357,0f3ebda856674b61a282782318e6b898,여자,58,대구,고등학교,무직,여성,6,50대,대구광역시,고졸
6358,29a94b12c6c9410397385f5a63479325,여자,59,경상남,고등학교,그 외 돌봄 및 보건 서비스 종사원,여성,6,50대,경상남도,고졸
6359,7ec7989c3c624b0b879e306ba791278a,여자,58,경기,2~3년제 전문대학,경리 사무원,여성,6,50대,경기도,전문대졸
6360,6c8507b27f784ff2a5387d550a0ecbb0,여자,52,경기,고등학교,주방 보조원,여성,6,50대,경기도,고졸
6361,7e0746eb0f06409f892bbf049377d3df,여자,56,경기,4년제 대학교,정보 통신 컨설턴트,여성,6,50대,경기도,대졸
6362,7ec17c9d6abd4e51af36f8b85ad4ba9c,여자,58,경기,무학,건물 청소원,여성,6,50대,경기도,무학
6363,2c8825a61990401c9892d3d468768d25,여자,53,서울,2~3년제 전문대학,온라인 쇼핑 판매원,여성,6,50대,서울특별시,전문대졸
6364,5848470a2bb94505b5c3878ccdebfc8f,여자,54,대전,중학교,건물 청소원,여성,6,50대,대전광역시,중졸
6365,65e2b1e7c50f4d30947e0850107c100f,여자,53,세종,고등학교,무직,여성,6,50대,세종특별자치시,고졸
6366,cbbfc442c4fa451ba26ef79bde2a680b,여자,56,인천,고등학교,무직,여성,6,50대,인천광역시,고졸
6367,0426e83afd42403ab457035fba0edffd,여자,52,인천,2~3년제 전문대학,피부 관리사,여성,6,50대,인천광역시,전문대졸
6368,7bfdb2ab7b1f47d094cfea65c696f5b9,여자,56,경상북,고등학교,지게차 운전원,여성,6,50대,경상북도,고졸
6369,1e6dd02229974b149742d2bd691515af,여자,50,전라남,고등학교,자동 조립라인 조작원,여성,6,50대,전라남,고졸
6370,6b0adc3212b54d3ab74b2688247a3aa1,여자,50,서울,중학교,노점 및 이동 판매원,여성,6,50대,서울특별시,중졸
6371,a7b3c34040ad4cf395ff5dfbe4069cae,여자,58,광주,고등학교,무직,여성,6,50대,광주광역시,고졸
6372,7bb84b45d649428ba6690cbf55f03c99,여자,58,충청북,중학교,상표 부착기 조작원,여성,6,50대,충청북,중졸
6373,ae20ad2dba1c45a0af255d48dc634959,여자,50,충청남,고등학교,건물 청소원,여성,6,50대,충청남,고졸
6374,07ffae89cebc49698a622548c0f4dbc9,여자,51,인천,고등학교,경리 사무원,여성,6,50대,인천광역시,고졸
6375,bbb11d8f16e64de68caf064d9eb44233,여자,53,전라남,4년제 대학교,의류 판매원,여성,6,50대,전라남,대졸
6376,e8d32d30686f401d949c2aa3971c7b3f,여자,57,강원,2~3년제 전문대학,경리 사무원,여성,6,50대,강원특별자치도,전문대졸
6377,ebf319370e964d718c851ef00944fe6e,여자,55,울산,4년제 대학교,무직,여성,6,50대,울산광역시,대졸
6378,bccb67ca03bf4a0a91defc0ffe07f2f0,여자,51,전라남,중학교,건물 청소원,여성,6,50대,전라남,중졸
6379,1419b510522d4875a8e542108c8110f3,여자,55,전북,고등학교,그 외 기능 관련 종사원,여성,6,50대,전북특별자치도,고졸
6380,80105c8597e44dd48f363b36b3e47af2,여자,59,부산,고등학교,그 외 기능 관련 종사원,여성,6,50대,부산광역시,고졸
6381,c36b423a868947d59b4632f09e95975f,여자,52,서울,고등학교,철도운송 관련 종사원,여성,6,50대,서울특별시,고졸
6382,092550588f1a4396a71ffc17752382d6,여자,52,경기,고등학교,무직,여성,6,50대,경기도,고졸
6383,f8e6a8a80778470bb398f3c365ddc630,여자,57,경상남,2~3년제 전문대학,그 외 상점 판매원,여성,6,50대,경상남도,전문대졸
6384,676578a97b72401497780523bbdf9739,여자,55,강원,2~3년제 전문대학,건물 청소원,여성,6,50대,강원특별자치도,전문대졸
6385,80e47286455e4aeeb26f1b69246a6211,여자,58,부산,4년제 대학교,무직,여성,6,50대,부산광역시,대졸
6386,2cf455d055c048b392a17ecce554f202,여자,54,서울,고등학교,그 외 경호 및 보안 관련 종사원,여성,6,50대,서울특별시,고졸
6387,d6fea822ebd7428197e06dbb38217acb,여자,58,경상북,중학교,건물 경비원,여성,6,50대,경상북도,중졸
6388,657be3471a5f4af3a5abddc92da01cd5,여자,53,경기,4년제 대학교,학습지 방문강사,여성,6,50대,경기도,대졸
6389,23ae8aa3b8cc442992598ca0550e82fc,여자,58,서울,4년제 대학교,보육교사,여성,6,50대,서울특별시,대졸
6390,7d5a6fa242b348c19ce0b01a6ee5842e,여자,55,충청남,4년제 대학교,마케팅 관리자,여성,6,50대,충청남,대졸
6391,0d7153387d8e45e48a054bc5cd799549,여자,55,경기,고등학교,한식 조리사,여성,6,50대,경기도,고졸
6392,fc90c71cd44c45478c218aaf36663cd0,여자,55,서울,고등학교,노인 및 장애인 돌봄 서비스 종사원,여성,6,50대,서울특별시,고졸
6393,b6fdf1adce2f4c37bb64e6fc02b0c9f6,여자,59,경기,고등학교,건물 청소원,여성,6,50대,경기도,고졸
6394,fde1294cbf4d499497a042f59ca4400b,여자,55,부산,고등학교,무직,여성,6,50대,부산광역시,고졸
6395,77a81c3c459344a7a0ec363a354e1723,여자,53,충청남,고등학교,경리 사무원,여성,6,50대,충청남,고졸
6396,0acabebeddd94660948d435f33eb4fa8,여자,54,광주,4년제 대학교,경영 기획 사무원,여성,6,50대,광주광역시,대졸
6397,d7b14affc08143b0bf6ea22e5976f7ab,여자,50,대전,대학원,성악가,여성,6,50대,대전광역시,대학원졸
6398,a149139b05f34950b66081dd890bd31c,여자,59,서울,고등학교,사무 보조원,여성,6,50대,서울특별시,고졸
6399,071c570f92de420198d19442f179d4d1,여자,59,경기,고등학교,무직,여성,6,50대,경기도,고졸
6400,27e35412deaa4369ac1c2f8979a0c349,여자,59,전라남,고등학교,지게차 운전원,여성,6,50대,전라남,고졸
6401,6bad6e1e119241d185db3885d26d79c7,여자,57,전북,2~3년제 전문대학,무직,여성,6,50대,전북특별자치도,전문대졸
6402,04d90943eabe48a893fbc856c052a224,여자,51,전북,고등학교,119 구조대원,여성,6,50대,전북특별자치도,고졸
6403,0c62e7cc29a44a6796b69ff26e966e50,여자,58,서울,고등학교,시설 경비원,여성,6,50대,서울특별시,고졸
6404,003ef71083bc4ee8b044f0c9a4cbca22,여자,52,서울,2~3년제 전문대학,사회복지사,여성,6,50대,서울특별시,전문대졸
6405,fb59c9c1d92241ffa1a4e79d0a2bf145,여자,54,전라남,4년제 대학교,일식 조리사,여성,6,50대,전라남,대졸
6406,a242473733834e259f88cf1c0b48a051,여자,51,서울,고등학교,무직,여성,6,50대,서울특별시,고졸
6407,b89bdec60a0f4a22b2a5e3c7e32aeb1f,여자,50,울산,고등학교,시내버스 운전원,여성,6,50대,울산광역시,고졸
6408,0de0f6d571b34085876ebb9f34f44fc7,여자,58,경기,고등학교,무직,여성,6,50대,경기도,고졸
6409,6d7028027fc84c7786366b667cb6a76a,여자,50,경기,고등학교,무직,여성,6,50대,경기도,고졸
6410,ee3b6485105e40f298eb97bd6149ed41,여자,57,경기,고등학교,무직,여성,6,50대,경기도,고졸
6411,783a1f16e70c46e6bc9758b6ec2f3aef,여자,58,충청북,고등학교,자동 조립라인 조작원,여성,6,50대,충청북,고졸
6412,c830c8d685d042f1b5dd0b10be39dacc,여자,51,충청북,2~3년제 전문대학,사무 보조원,여성,6,50대,충청북,전문대졸
6413,210a45629f45485d921febc9920ef171,여자,58,인천,고등학교,제빵사 및 제과원,여성,6,50대,인천광역시,고졸
6414,3b5cb271a7f54a05ab579f7b3c43847c,여자,50,경상북,고등학교,조세행정 사무원,여성,6,50대,경상북도,고졸
6415,fb8252861eb64b61ada7832569963331,여자,58,서울,4년제 대학교,무직,여성,6,50대,서울특별시,대졸
6416,766aba1d7d8440f7a3f4ddc15d9527b0,여자,53,경기,4년제 대학교,정보 시스템 운영자,여성,6,50대,경기도,대졸
6417,25b307d1b0744a589951fcb591a8f346,여자,55,강원,4년제 대학교,전화 상담원,여성,6,50대,강원특별자치도,대졸
6418,282fc2292ade4ec5be5617b33eac6652,여자,55,충청북,중학교,금속 세척기 조작원,여성,6,50대,충청북,중졸
6419,d56e4136556448cc8e5fd66262c341fe,여자,51,경기,고등학교,텔레마케터,여성,6,50대,경기도,고졸
6420,1da440c16e0d4ef5a776763f7258cf8e,여자,52,서울,고등학교,상표 부착기 조작원,여성,6,50대,서울특별시,고졸
6421,fd9e968b842b4e6cba34ccd5480d8d55,여자,57,강원,중학교,무직,여성,6,50대,강원특별자치도,중졸
6422,4656bedab5fb43f19e592fa5383072e0,여자,57,서울,고등학교,그 외 서비스 관련 단순 종사원,여성,6,50대,서울특별시,고졸
6423,749eba14cde849ce97c7e82cf4d8fc28,여자,59,전라남,고등학교,무직,여성,6,50대,전라남,고졸
6424,c263aa4cff754c4e855d6e71a27588fa,여자,50,전라남,2~3년제 전문대학,승용차 및 승합차 운전원,여성,6,50대,전라남,전문대졸
6425,a769f64890c8488da08f108a244a55e5,여자,57,강원,고등학교,무직,여성,6,50대,강원특별자치도,고졸
6426,97a49506ac0442ac9a28d55414d172f6,여자,52,부산,2~3년제 전문대학,일반 비서,여성,6,50대,부산광역시,전문대졸
6427,c7411dbccc40422ba0631a0fa26739b9,여자,59,경기,고등학교,무직,여성,6,50대,경기도,고졸
6428,43bece2b2f3a4e5faf3172970df168b3,여자,57,인천,고등학교,무직,여성,6,50대,인천광역시,고졸
6429,9ecf876e94574cbda6f4cfd15cd4666b,여자,51,경상남,고등학교,무직,여성,6,50대,경상남도,고졸
6430,0e8d672dac5443fdafa67ec2af0b617f,여자,52,경상남,고등학교,건물 청소원,여성,6,50대,경상남도,고졸
6431,8cf5b5f4afcf456b89d3bba0b2946a37,여자,59,서울,중학교,그 외 기능 관련 종사원,여성,6,50대,서울특별시,중졸
6432,f036482366dc4514ae28601b35260a94,여자,57,경기,2~3년제 전문대학,무직,여성,6,50대,경기도,전문대졸
6433,28ed700450e243fea16514d255fd935e,여자,55,충청북,고등학교,천일염 생산 종사원,여성,6,50대,충청북,고졸
6434,407fd442564a4bca917e969ffedef143,여자,55,경기,고등학교,그 외 돌봄 및 보건 서비스 종사원,여성,6,50대,경기도,고졸
6435,bd30aaf119944f2796c10598cefc82c5,여자,57,경기,2~3년제 전문대학,건물 청소원,여성,6,50대,경기도,전문대졸
6436,12ae2f49bb624db6b83116225729b75d,여자,57,광주,고등학교,무직,여성,6,50대,광주광역시,고졸
6437,490f66ff4fd74dfea4ad667f1e977820,여자,50,경상남,중학교,건물 경비원,여성,6,50대,경상남도,중졸
6438,3c4ddb54a9024568902e7c4064baf1bb,여자,58,경기,고등학교,과수작물 재배원,여성,6,50대,경기도,고졸
6439,06131f837bb54701b8376207ffe52f49,여자,55,부산,고등학교,그 외 상점 판매원,여성,6,50대,부산광역시,고졸
6440,96b4651130f9473ca7d277de43db26e0,여자,53,경기,고등학교,그 외 피부 및 체형 관리 종사원,여성,6,50대,경기도,고졸
6441,d70da5af64f4444896c0803713ea61e4,여자,56,경상북,중학교,하역 및 적재 관련 단순 종사원,여성,6,50대,경상북도,중졸
6442,0b1d1913fa7d48b09db6e5847e057162,여자,58,경기,고등학교,금형원,여성,6,50대,경기도,고졸
6443,1f70d27196544fefa3df590bb22a880e,여자,53,서울,4년제 대학교,무직,여성,6,50대,서울특별시,대졸
6444,7a0b337cd8624f868d9db0396cbe2326,여자,52,인천,4년제 대학교,무직,여성,6,50대,인천광역시,대졸
6445,b7ae35ee32e34bc49cf60dea35a7ece5,여자,55,대구,중학교,주방 보조원,여성,6,50대,대구광역시,중졸
6446,760434a7862a4c9d973a00e23ffb3ca6,여자,51,서울,고등학교,시내버스 운전원,여성,6,50대,서울특별시,고졸
6447,42d3200418064fd6883379c4f6f1f5ad,여자,59,대구,고등학교,무직,여성,6,50대,대구광역시,고졸
6448,015aa63e0b184cc6b3497fe11114b562,여자,58,서울,고등학교,그 외 일반 영업원,여성,6,50대,서울특별시,고졸
6449,8cfecd80acc24de9b513eaa7709c6ee7,여자,55,세종,고등학교,그 외 상점 판매원,여성,6,50대,세종특별자치시,고졸
6450,b88255b3140c4bdb86316d7c3345e8f7,여자,50,전북,고등학교,인조석 설치원,여성,6,50대,전북특별자치도,고졸
6451,0475df2a170741b4ad0f0394f3b51523,여자,52,울산,4년제 대학교,기업 고위 임원,여성,6,50대,울산광역시,대졸
6452,7fc7b5d12a824728aea9e57fcbcbd7ed,여자,58,경상남,중학교,무직,여성,6,50대,경상남도,중졸
6453,15310d6815df4be3ab4086aa06b7a806,여자,53,경상북,고등학교,냉난방기 관련 설비 조작원,여성,6,50대,경상북도,고졸
6454,13f72b92d8324e36a61f51efab597302,여자,56,서울,고등학교,무직,여성,6,50대,서울특별시,고졸
6455,b23ca90d5d2048f0919dccdbc97834fc,여자,53,대전,고등학교,그 외 의복 제조 관련 기능 종사원,여성,6,50대,대전광역시,고졸
6456,abc552a01d114fa1b75ecd9650d5b81d,여자,50,인천,2~3년제 전문대학,무직,여성,6,50대,인천광역시,전문대졸
6457,d73c036bc5124780a24424cc7e4bbee8,여자,56,경상북,초등학교,건물 청소원,여성,6,50대,경상북도,초졸이하
6458,979082c3abc74eff9e56bd80ef35f0c4,여자,53,경상남,고등학교,한식 조리사,여성,6,50대,경상남도,고졸
6459,7956608e82d64c3f86e4a90dd92d42c0,여자,52,경기,고등학교,무직,여성,6,50대,경기도,고졸
6460,de9edf8f01984904ab0bb613f56c7600,여자,59,서울,고등학교,주방 보조원,여성,6,50대,서울특별시,고졸
6461,c0d0271e4b78454db18c0da784299c70,여자,51,경상북,2~3년제 전문대학,주방 보조원,여성,6,50대,경상북도,전문대졸
6462,2467a0529be84aa8aeeb7ce8b351930c,여자,56,경기,고등학교,냉난방기 관련 설비 조작원,여성,6,50대,경기도,고졸
6463,93b13a914d53468782b99cd32dac4868,여자,59,서울,고등학교,경리 사무원,여성,6,50대,서울특별시,고졸
6464,c398d1171f2c4827b83b10a428511f5b,여자,58,서울,초등학교,건물 청소원,여성,6,50대,서울특별시,초졸이하
6465,e45a56f19c9847c0acfe75b63a318bfb,여자,58,인천,고등학교,무직,여성,6,50대,인천광역시,고졸
6466,0ac172a1d1a7481d811a6923557a17ca,여자,54,경기,고등학교,서적·문구 및 음반 판매원,여성,6,50대,경기도,고졸
6467,368020ac834a4c45908652ca71905c31,여자,56,울산,고등학교,전화 상담원,여성,6,50대,울산광역시,고졸
6468,83d066f474814130855131b5ecf5958b,여자,58,서울,대학원,조사 전문가,여성,6,50대,서울특별시,대학원졸
6469,32d5f4bd31eb4ddf8a17312a371bb176,여자,57,인천,중학교,건물 청소원,여성,6,50대,인천광역시,중졸
6470,56e4f7e81f4b4af69a6149013e8148bd,여자,54,부산,고등학교,무직,여성,6,50대,부산광역시,고졸
6471,85c145acb51e4988b9993cd05bff41d1,여자,53,전라남,2~3년제 전문대학,데이터 분석가,여성,6,50대,전라남,전문대졸
6472,3e40bc7d53264e6597b94f71f6db00f3,여자,50,인천,대학원,치과 일반 의사,여성,6,50대,인천광역시,대학원졸
6473,c4fc4796cdda43179d16400a6fb1f792,여자,58,경기,대학원,보육교사,여성,6,50대,경기도,대학원졸
6474,7f71a029936940eaad30cf6b779df532,여자,59,대전,고등학교,지방행정 사무원,여성,6,50대,대전광역시,고졸
6475,be721e701451479d87f33b737a88eb78,여자,51,충청남,고등학교,음식 서비스 종사원,여성,6,50대,충청남,고졸
6476,d95eaedc0566454fa255124cdf259a0c,여자,52,경기,고등학교,매장 정리원,여성,6,50대,경기도,고졸
6477,ec55778013234651858e02efcd00ad55,여자,53,경기,고등학교,무직,여성,6,50대,경기도,고졸
6478,84361c4c649d49c794f4264bbbe06054,여자,58,부산,4년제 대학교,무직,여성,6,50대,부산광역시,대졸
6479,e12e271bd41c4275b3615914710d220f,여자,53,경기,고등학교,온라인 쇼핑 판매원,여성,6,50대,경기도,고졸
6480,9995c7d25d8b4acab82babb83064ba28,여자,59,인천,고등학교,그 외 서비스 관련 단순 종사원,여성,6,50대,인천광역시,고졸
6481,b71aa6e9cc7a454a9fcad17645ec962b,여자,53,경상남,고등학교,그 외 일반 영업원,여성,6,50대,경상남도,고졸
6482,391f13777db64a1cbfb763043350538e,여자,50,경기,고등학교,주방 보조원,여성,6,50대,경기도,고졸
6483,c08a31ef63c7443d9ddf0bc25582f250,여자,54,서울,고등학교,무직,여성,6,50대,서울특별시,고졸
6484,6a1ea52c3c154683ac7f97de7cca4663,여자,52,서울,고등학교,한식 조리사,여성,6,50대,서울특별시,고졸
6485,942640d29fb9434a9e77cd5f12ea4746,여자,57,서울,고등학교,경리 사무원,여성,6,50대,서울특별시,고졸
6486,692c1847089d4e02ab8639540a5521b6,여자,54,경기,4년제 대학교,무직,여성,6,50대,경기도,대졸
6487,db1dcab011de4371ab1d361e5ffd969e,여자,50,부산,4년제 대학교,보육교사,여성,6,50대,부산광역시,대졸
6488,5017dd7f712543c6a99178943d1ed028,여자,52,대전,고등학교,한식 조리사,여성,6,50대,대전광역시,고졸
6489,584c5f50458e4ad7805182bd0259ca69,여자,57,전라남,중학교,건물 청소원,여성,6,50대,전라남,중졸
6490,d5d407c96d02454db4a1bb5d9496aab1,여자,51,경기,고등학교,무직,여성,6,50대,경기도,고졸
6491,d89b8195a84048c0b54331832077eb16,여자,54,부산,2~3년제 전문대학,무직,여성,6,50대,부산광역시,전문대졸
6492,f9a4aba660de4abf807aa3b61e75ca8b,여자,53,제주,고등학교,냉난방기 관련 설비 조작원,여성,6,50대,제주특별자치도,고졸
6493,dd1b896d178149b5a15d43d078a7a705,여자,55,울산,중학교,무직,여성,6,50대,울산광역시,중졸
6494,5695154cd6024009954dfc470696cb97,여자,59,인천,고등학교,음식 서비스 종사원,여성,6,50대,인천광역시,고졸
6495,959aec6d2a454828ade1f456033604ac,여자,56,경기,고등학교,경리 사무원,여성,6,50대,경기도,고졸
6496,d5799018dcde4884b90d5651e379c4d2,여자,58,경기,중학교,무직,여성,6,50대,경기도,중졸
6497,011e2848c8af4b3d9813c5fa30f2d07a,여자,51,충청북,고등학교,금속 세척기 조작원,여성,6,50대,충청북,고졸
6498,2fe293a957654e539386c04e5b12a12e,여자,58,경기,고등학교,음료 서비스 종사원,여성,6,50대,경기도,고졸
6499,760c5c9e216149bca3c2d1ef4d08a97f,여자,56,경기,중학교,무직,여성,6,50대,경기도,중졸
6500,f1d7fd616d4a466ea8aa42d362fdebbe,여자,53,경상북,2~3년제 전문대학,유치원 교사,여성,6,50대,경상북도,전문대졸
6501,b0bd7da0c0f54491ab50e3556d155eac,여자,57,경기,고등학교,손톱 관리사,여성,6,50대,경기도,고졸
6502,fdc8ceb5768b49e19a27ec5ec7fad5d0,여자,53,서울,고등학교,일반 비서,여성,6,50대,서울특별시,고졸
6503,f14ec70136cb47218234f4ef03d685b4,여자,52,경기,2~3년제 전문대학,무직,여성,6,50대,경기도,전문대졸
6504,f4f06eab38db44998f037090c07677af,여자,51,경기,고등학교,전화 상담원,여성,6,50대,경기도,고졸
6505,f774356d2236448898cc394eb17277a3,여자,59,경상남,4년제 대학교,해병대 장교,여성,6,50대,경상남도,대졸
6506,5953bf179fdc4e979a3558f1703f069d,여자,52,경기,고등학교,냉난방기 관련 설비 조작원,여성,6,50대,경기도,고졸
6507,4586543c8283457588f2f4c0b3b28d69,여자,57,제주,중학교,시설 경비원,여성,6,50대,제주특별자치도,중졸
6508,f2c0c19eca91449283444366d7116586,여자,52,서울,고등학교,학습지 방문강사,여성,6,50대,서울특별시,고졸
6509,b5aefd34c2bb452e9eaa892f6acff2a6,여자,55,경상남,중학교,무직,여성,6,50대,경상남도,중졸
6510,168a8ee83cea4893a4f68948c29994c1,여자,51,서울,고등학교,국가행정 사무원,여성,6,50대,서울특별시,고졸
6511,b8a6bdd8416645f5a4bbeadc69a7c315,여자,52,대전,고등학교,전화 상담원,여성,6,50대,대전광역시,고졸
6512,ec09148df9ac492e8cffb9192da34477,여자,51,충청남,고등학교,무직,여성,6,50대,충청남,고졸
6513,ab8f8a38abe54c87bf583423ba914d9c,여자,58,강원,중학교,건물 경비원,여성,6,50대,강원특별자치도,중졸
6514,f9e5cce379c34128ba772d1614990e07,여자,51,울산,고등학교,무직,여성,6,50대,울산광역시,고졸
6515,804b0f5f3b8e4a839b93499fa3a2e654,여자,57,인천,4년제 대학교,의상 디자이너,여성,6,50대,인천광역시,대졸
6516,96845c2b9dd1478fb360fe253265c50f,여자,54,경기,고등학교,학습지 방문강사,여성,6,50대,경기도,고졸
6517,f94ff8edcdf24a5ba0312ee095132361,여자,56,경기,고등학교,무직,여성,6,50대,경기도,고졸
6518,768e81855a4742809259927305e90721,여자,53,서울,4년제 대학교,무직,여성,6,50대,서울특별시,대졸
6519,6251f2fe93cc470c9879565420d2594f,여자,56,경기,고등학교,음식 서비스 종사원,여성,6,50대,경기도,고졸
6520,21fb221a56f04ca4a3bd56e6fe6755ef,여자,56,서울,고등학교,지게차 운전원,여성,6,50대,서울특별시,고졸
6521,0523b8374c8d41d9b793c787728ec4c4,여자,52,경기,고등학교,무직,여성,6,50대,경기도,고졸
6522,bda5860349c2480fb79a76740a631d4e,여자,53,전북,고등학교,주방 보조원,여성,6,50대,전북특별자치도,고졸
6523,aa2d8b1d8c9e4dc2bf7ed9b9bdcc1747,여자,51,경기,2~3년제 전문대학,화장품 판매원,여성,6,50대,경기도,전문대졸
6524,9bec34c456974af58602fe0efd261c62,여자,58,충청남,4년제 대학교,무직,여성,6,50대,충청남,대졸
6525,2f83eb5edd0247d79139661c1e836e38,여자,56,서울,고등학교,하역 및 적재 관련 단순 종사원,여성,6,50대,서울특별시,고졸
6526,9e2dfe2e31574722b553717fc43487a7,여자,50,서울,4년제 대학교,사무 보조원,여성,6,50대,서울특별시,대졸
6527,e9fc97147e624098b4f2b69a1e9879f2,여자,54,대전,2~3년제 전문대학,한식 조리사,여성,6,50대,대전광역시,전문대졸
6528,831138819a634a02b21ad392b19c3818,여자,52,경기,2~3년제 전문대학,무직,여성,6,50대,경기도,전문대졸
6529,389661f6cd6d4bae9cd3a08fa6b367c4,여자,55,경상북,중학교,매장 정리원,여성,6,50대,경상북도,중졸
6530,9bddb534f298446b89e3902507265ff3,여자,53,전북,고등학교,출판 및 자료편집 사무원,여성,6,50대,전북특별자치도,고졸
6531,2c84851544d44f42bbf688380c959e6b,여자,55,서울,대학원,무직,여성,6,50대,서울특별시,대학원졸
6532,c6e2d8e11fa1492784b1c3cfa640875b,여자,59,서울,고등학교,그 외 조리사,여성,6,50대,서울특별시,고졸
6533,6c6b73d9437742768e360071af169005,여자,54,대구,고등학교,무직,여성,6,50대,대구광역시,고졸
6534,5fb25807329d41b9a6069058ed0f0b4b,여자,51,경기,고등학교,마케팅 전문가,여성,6,50대,경기도,고졸
6535,ddae3308e85348e9876f1726d6729122,여자,52,경기,4년제 대학교,통계 사무원,여성,6,50대,경기도,대졸
6536,ee766a25ca1b47f0a77a8d5568f59284,여자,51,서울,고등학교,교육 및 훈련 사무원,여성,6,50대,서울특별시,고졸
6537,ca2c2ff47073418ba73e76d1a5a63eec,여자,58,서울,고등학교,무직,여성,6,50대,서울특별시,고졸
6538,a4667551125e4cb79be728bfe3aa5e6e,여자,57,경상북,고등학교,기계 경비원,여성,6,50대,경상북도,고졸
6539,0c4e390ae9324fb886dd6a56ea3b4e20,여자,50,경기,고등학교,119 구조대원,여성,6,50대,경기도,고졸
6540,0e120783f5b446f2a8b862f82306f655,여자,54,울산,고등학교,무직,여성,6,50대,울산광역시,고졸
6541,fed855bda15e4291a1c016928b838ed0,여자,52,대구,고등학교,출판 및 자료편집 사무원,여성,6,50대,대구광역시,고졸
6542,1e536f1fbba246558c13cb479d999521,여자,56,서울,4년제 대학교,식품 영업원,여성,6,50대,서울특별시,대졸
6543,186978a4804a4723ad1d01acd8a646af,여자,51,충청북,4년제 대학교,상담 전문가,여성,6,50대,충청북,대졸
6544,25ef8466db47411b9b2eace1a6df3cc7,여자,54,서울,고등학교,사무용 전자기기 설치 및 수리원,여성,6,50대,서울특별시,고졸
6545,a7dc733571cc4f04b1226b52aa7f7107,여자,53,충청남,고등학교,시내버스 운전원,여성,6,50대,충청남,고졸
6546,a1bb21abea154afb8d1861a91c72a5c8,여자,51,경기,4년제 대학교,회계 사무원,여성,6,50대,경기도,대졸
6547,103af1b1dae143b89c4e995194b5a113,여자,53,서울,4년제 대학교,미디어 콘텐츠 창작자,여성,6,50대,서울특별시,대졸
6548,c4fb0e3c349b4fe18fc4545b7c7b3284,여자,57,충청북,2~3년제 전문대학,무직,여성,6,50대,충청북,전문대졸
6549,a1bb21abea154afb8d1861a91c72a5c8,여자,51,경기,4년제 대학교,회계 사무원,여성,6,50대,경기도,대졸
6550,b807db897ba848dc913ff90b687d3879,여자,58,경기,고등학교,요양 보호사,여성,6,50대,경기도,고졸
6551,525fd0d6ebed460d9fdc031228dc7a23,여자,55,서울,중학교,무직,여성,6,50대,서울특별시,중졸
6552,cd95b1ff0fe8420582c6b46267cb4363,여자,56,울산,중학교,노인 및 장애인 돌봄 서비스 종사원,여성,6,50대,울산광역시,중졸
6553,42989dc9e1af4395ac4996ce6431636d,여자,53,서울,2~3년제 전문대학,무직,여성,6,50대,서울특별시,전문대졸
6554,6a137ed6cf794914ba3dc2df23314ed5,여자,57,경상남,고등학교,지방행정 사무원,여성,6,50대,경상남도,고졸
6555,dc59089d40c442498895c1320e8abe51,여자,57,경기,고등학교,농수산물 중개인 및 경매사,여성,6,50대,경기도,고졸
6556,82871373100a43ebae8c1a97d8921fe0,여자,50,경상남,중학교,산후조리 종사원,여성,6,50대,경상남도,중졸
6557,c46f3830389d4eb2a0347768870894ac,여자,52,전북,대학원,온라인 쇼핑 판매원,여성,6,50대,전북특별자치도,대학원졸
6558,f74b30d5a8ed4c44b229cd4b003dd0ec,여자,53,대전,고등학교,시외 및 고속 버스 운전원,여성,6,50대,대전광역시,고졸
6559,a763bbc8c47f44b69988b2e1a519e04b,여자,50,경기,4년제 대학교,경리 사무원,여성,6,50대,경기도,대졸
6560,50e1d1caa7d149a983259a286459524e,여자,54,세종,고등학교,음식 서비스 종사원,여성,6,50대,세종특별자치시,고졸
6561,b88659cc8c864f2db32f3fb918501656,여자,50,인천,고등학교,통신장비 기사,여성,6,50대,인천광역시,고졸
6562,2425cfc24ec1495380be43ab2e0c36eb,여자,52,경기,2~3년제 전문대학,밀링기 조작원,여성,6,50대,경기도,전문대졸
6563,f7502c5c35bd463e903be6d7a20b8633,여자,58,서울,4년제 대학교,무직,여성,6,50대,서울특별시,대졸
6564,052ac7b5a3034d1fae9315620d2c16c2,여자,57,대구,고등학교,음식 서비스 종사원,여성,6,50대,대구광역시,고졸
6565,2a6d0ef02a0e46f8896b0cde069c0160,여자,53,서울,2~3년제 전문대학,무직,여성,6,50대,서울특별시,전문대졸
6566,8e0592c690934b0b95928a1e78aecdc7,여자,58,서울,고등학교,무직,여성,6,50대,서울특별시,고졸
6567,1726b6e389414540bfe0a2d99d3a84ce,여자,57,부산,2~3년제 전문대학,무직,여성,6,50대,부산광역시,전문대졸
6568,ff6cd72a75af4c248a5c64c911145a75,여자,58,충청북,4년제 대학교,그 외 중·고등학교 교사,여성,6,50대,충청북,대졸
6569,73a650c930964b0099e0d54b25c12c29,여자,56,경상북,4년제 대학교,일반 한의사,여성,6,50대,경상북도,대졸
6570,1d6d2b73616f414fa5ad3c7549f08ce9,여자,51,경기,고등학교,그 외 상점 판매원,여성,6,50대,경기도,고졸
6571,485be7624ad3484796527670e7046a63,여자,57,경기,고등학교,학습지 방문강사,여성,6,50대,경기도,고졸
6572,01f3b914068045aa8020ebcb7debfbb8,여자,53,광주,고등학교,요양 보호사,여성,6,50대,광주광역시,고졸
6573,a778680bf10345cebd0ec07897921115,여자,53,경기,고등학교,경리 사무원,여성,6,50대,경기도,고졸
6574,d5914acd9ca14ad7983cd64564706468,여자,59,경기,고등학교,한식 조리사,여성,6,50대,경기도,고졸
6575,7f62a5dd27454a3d9eb798b6514c5afe,여자,57,인천,중학교,무직,여성,6,50대,인천광역시,중졸
6576,1d4f689a0e6a405398056a5d3994877a,여자,50,충청남,중학교,노인 및 장애인 돌봄 서비스 종사원,여성,6,50대,충청남,중졸
6577,068137e972914f52949e7689c4e6aa44,여자,50,강원,2~3년제 전문대학,보육교사,여성,6,50대,강원특별자치도,전문대졸
6578,9314590aa5e14ab294e23b2b159d8eb8,여자,50,경상남,고등학교,압출기 조작원,여성,6,50대,경상남도,고졸
6579,e2712dc7669c4745ad0ff35145fe3dbb,여자,53,서울,4년제 대학교,무직,여성,6,50대,서울특별시,대졸
6580,eaceb4cc54724beda7ff98799bd07dfd,여자,56,제주,고등학교,텔레마케터,여성,6,50대,제주특별자치도,고졸
6581,a9c455ada50f4cd48e11512f035fd8a9,여자,54,경기,고등학교,노인 및 장애인 돌봄 서비스 종사원,여성,6,50대,경기도,고졸
6582,9c38dbe063ea4528aef1062ea0af80b6,여자,53,전라남,중학교,검표원,여성,6,50대,전라남,중졸
6583,580b12e90cf54ea89f4407977319bb10,여자,58,경기,초등학교,건물 경비원,여성,6,50대,경기도,초졸이하
6584,9f16ecab3e1548e2b57384037ef962f3,여자,59,광주,고등학교,경영 컨설턴트,여성,6,50대,광주광역시,고졸
6585,d2ab2818224a47948bf7c910bf56924c,여자,51,경기,고등학교,밑반찬 제조 종사원,여성,6,50대,경기도,고졸
6586,2914c5c3246d44969552ae1f7430c04f,여자,53,경상북,4년제 대학교,교육 및 훈련 사무원,여성,6,50대,경상북도,대졸
6587,68f8baed1a174f3b99de021883263574,여자,53,경기,고등학교,경리 사무원,여성,6,50대,경기도,고졸
6588,5c530e44e98d403eb45a834b7d70fc9e,여자,57,경상남,고등학교,그 외 사회복지 관련 종사원,여성,6,50대,경상남도,고졸
6589,73bd59b3ea314872b35baa5f7b89181e,여자,51,경기,고등학교,회계 사무원,여성,6,50대,경기도,고졸
6590,90a105871e7449808e632acddd4ef243,여자,55,경기,고등학교,음식 서비스 종사원,여성,6,50대,경기도,고졸
6591,e82a2ce8ea434fef945c773bc34ca626,여자,52,강원,2~3년제 전문대학,관리 비서,여성,6,50대,강원특별자치도,전문대졸
6592,b5ca8bd19eff4bb4abbdad89c7120bc2,여자,54,경기,고등학교,무직,여성,6,50대,경기도,고졸
6593,d21fccc9d9ba41df97bcb22f41f1c331,여자,50,대구,2~3년제 전문대학,유치원 교사,여성,6,50대,대구광역시,전문대졸
6594,9ca2d11265e144a0b49d454d69a6a2ba,여자,58,충청남,고등학교,무직,여성,6,50대,충청남,고졸
6595,2dcaa82d37a94345aa3273e6d5feb54b,여자,55,광주,고등학교,무직,여성,6,50대,광주광역시,고졸
6596,823cc70b046d4b529ed08ae7365009ae,여자,51,대전,고등학교,유리 관련 기능 종사원,여성,6,50대,대전광역시,고졸
6597,5a59f529bd004646b39bb7ef6acb3fa9,여자,54,경기,4년제 대학교,그 외 기능 관련 종사원,여성,6,50대,경기도,대졸
6598,5815862b4de041e89fb77eb190725242,여자,53,부산,고등학교,출납 창구 사무원,여성,6,50대,부산광역시,고졸
6599,9459152b6b2d48ae86ada49e8f11537b,여자,55,경기,고등학교,무직,여성,6,50대,경기도,고졸
6600,8a6b6488957744d3bf405da41825dd00,여자,54,서울,4년제 대학교,경리 사무원,여성,6,50대,서울특별시,대졸
6601,7734b8ecaf4f4f5a93e5ee6e1314e858,여자,59,울산,2~3년제 전문대학,무직,여성,6,50대,울산광역시,전문대졸
6602,cd3e0043fb7b4a3eb062e2148acf5f88,여자,53,제주,고등학교,그 외 의복 제조 관련 기능 종사원,여성,6,50대,제주특별자치도,고졸
6603,580a94a409fc4608aa5833b7abb423a8,여자,58,경기,고등학교,무직,여성,6,50대,경기도,고졸
6604,8b0c6dfef86e4d94a994f00ebd7d96d5,여자,53,서울,4년제 대학교,무직,여성,6,50대,서울특별시,대졸
6605,69ce06689625412786f2eac878716e17,여자,52,전라남,대학원,금속공학 기술자 및 연구원,여성,6,50대,전라남,대학원졸
6606,b350b03e34c1462bbd2defd66e33d7f9,여자,50,경기,고등학교,자동 재봉설비 조작원,여성,6,50대,경기도,고졸
6607,b5964dce6a8a46deb5518e89ea0ba3fc,여자,55,경상남,고등학교,자동 조립라인 조작원,여성,6,50대,경상남도,고졸
6608,4b4b8c1bff0f460f8df06b892a5d3965,여자,56,인천,초등학교,수동 포장원,여성,6,50대,인천광역시,초졸이하
6609,97609e2bc29e4e299e074282ffdd0c37,여자,50,충청북,고등학교,무직,여성,6,50대,충청북,고졸
6610,9c65ec90b39346c79bf908f747860632,여자,50,경기,고등학교,가죽 및 모피 가공원,여성,6,50대,경기도,고졸
6611,93d09e5262864e6ba6ea2d4a3140d320,여자,54,경상남,고등학교,자동 재봉설비 조작원,여성,6,50대,경상남도,고졸
6612,1f531e3dee2b4adf98e032875cad3a02,여자,58,경기,고등학교,무직,여성,6,50대,경기도,고졸
6613,699b4aeb43f64249bfd4cb3f0caf7c83,여자,58,서울,고등학교,가죽 및 모피 가공원,여성,6,50대,서울특별시,고졸
6614,bd79e6ab08064a08b163a413b24c57ed,여자,58,충청북,4년제 대학교,해외 영업원,여성,6,50대,충청북,대졸
6615,0438806417b84e7099475140e8244c52,여자,55,인천,고등학교,무직,여성,6,50대,인천광역시,고졸
6616,afc8e711132e452192c44c73ec786ae5,여자,52,경기,대학원,조사 전문가,여성,6,50대,경기도,대학원졸
6617,77fb4869423b48e78255cca6fd4c9dcd,여자,52,인천,2~3년제 전문대학,보육교사,여성,6,50대,인천광역시,전문대졸
6618,004a4f22d69141f895f48616dfa9ffa6,여자,53,경상북,대학원,무직,여성,6,50대,경상북도,대학원졸
6619,007cd49c9d8647d498ec10098de6820b,여자,50,경기,고등학교,무직,여성,6,50대,경기도,고졸
6620,b50a9153ada5450c8e410cfc429ef5f0,여자,56,광주,대학원,석유화학 기술자 및 연구원,여성,6,50대,광주광역시,대학원졸
6621,6a2d0a717f684e7d94ce52cbbda6b1e2,여자,54,울산,4년제 대학교,무직,여성,6,50대,울산광역시,대졸
6622,47557e752b374f4f8983fb2daec66630,여자,54,서울,고등학교,건물 청소원,여성,6,50대,서울특별시,고졸
6623,785b80066ef644bab21aa5ffa4f37da5,여자,50,부산,4년제 대학교,일반 비서,여성,6,50대,부산광역시,대졸
6624,131ebad0763646a3a7fe7f950cb136fb,여자,58,서울,중학교,편직기 조작원,여성,6,50대,서울특별시,중졸
6625,ad7ccc75ea214a76adfd6b879a2ff79a,여자,59,경기,무학,무직,여성,6,50대,경기도,무학
6626,882cf4447a5a4945b762b3016e9f1828,여자,55,경기,고등학교,무직,여성,6,50대,경기도,고졸
6627,586761b2a9134b38a8fec9cd963b030c,여자,50,전라남,대학원,전화 상담원,여성,6,50대,전라남,대학원졸
6628,036e38d315154a47a7cdb42a3ff5bcdd,여자,56,서울,초등학교,소규모 상점 경영자,여성,6,50대,서울특별시,초졸이하
6629,0349ee3ad7cc4968bf07ac29102d510b,여자,55,경기,고등학교,무직,여성,6,50대,경기도,고졸
6630,7395038243fa409585a305f1acb89df9,여자,58,경기,고등학교,사무 보조원,여성,6,50대,경기도,고졸
6631,745ed52639bc4a27bb9555eb4b4464cc,여자,56,서울,4년제 대학교,그 외 법률 관련 사무원,여성,6,50대,서울특별시,대졸
6632,11c0248a53454afc92299da91bef235c,여자,50,대구,4년제 대학교,상품 기획자,여성,6,50대,대구광역시,대졸
6633,160839eed4a7470d98ca8c1f55d78968,여자,59,서울,고등학교,보육 관련 시설 서비스 종사원,여성,6,50대,서울특별시,고졸
6634,a469daee9358475ba48e1381cb774b3a,여자,58,부산,고등학교,무직,여성,6,50대,부산광역시,고졸
6635,aaf52f4deae242b5a4983921c34c4a59,여자,54,대구,고등학교,무직,여성,6,50대,대구광역시,고졸
6636,e8f0db6211fe4fe093ebe52ed4d3a593,여자,51,충청북,고등학교,무직,여성,6,50대,충청북,고졸
6637,8fb71937a4cd4d64b056f5c9eae92ee1,여자,54,경기,고등학교,주방 보조원,여성,6,50대,경기도,고졸
6638,0c2734089c394f4998545a659b9133dd,여자,54,경상북,고등학교,제품 단순 선별원,여성,6,50대,경상북도,고졸
6639,27fb62b17a9543f28f584f97f99c1b56,여자,57,경기,고등학교,무직,여성,6,50대,경기도,고졸
6640,abc3860bb1df4f189ed109cbd300d299,여자,56,경기,초등학교,육군 장교,여성,6,50대,경기도,초졸이하
6641,420479bccd26492388d81bae4c8d84da,여자,58,서울,4년제 대학교,그 외 일반 영업원,여성,6,50대,서울특별시,대졸
6642,b55809e3560d4030abc18ef1272ee083,여자,51,충청남,고등학교,육군 부사관,여성,6,50대,충청남,고졸
6643,30a9bba649214666abfedbb63abcaf13,여자,52,서울,4년제 대학교,사무 보조원,여성,6,50대,서울특별시,대졸
6644,e3c6dd9d86044124b059dbbf278ab14c,여자,56,경상북,중학교,무직,여성,6,50대,경상북도,중졸
6645,b8564c5f337440dda15abd03cfca2260,여자,54,경기,고등학교,무직,여성,6,50대,경기도,고졸
6646,79286f55a9704f6eaaa6b77782c4df5c,여자,58,전북,고등학교,그 외 판매 관련 단순 종사원,여성,6,50대,전북특별자치도,고졸
6647,98cbf1d5d000410aaf0b824241999a32,여자,55,경기,고등학교,무직,여성,6,50대,경기도,고졸
6648,b6fd1bd7303a47e184d4dcac80e909dd,여자,50,울산,고등학교,무직,여성,6,50대,울산광역시,고졸
6649,eabc6c7bd071404987ee68ab6023f7bb,여자,56,전북,고등학교,주방 보조원,여성,6,50대,전북특별자치도,고졸
6650,2ddbfbd928554126b1e541554787aace,여자,58,경기,고등학교,그 외 일반기계 조립원,여성,6,50대,경기도,고졸
6651,d328e0eb08af4369b0a1d166c4d3473b,여자,58,서울,고등학교,무직,여성,6,50대,서울특별시,고졸
6652,cc715c2dc223457f854b39fa9948e28f,여자,54,서울,고등학교,승용차 및 승합차 운전원,여성,6,50대,서울특별시,고졸
6653,b146a2ea5e6b40ba936232ea74ad908c,여자,59,부산,2~3년제 전문대학,보육교사,여성,6,50대,부산광역시,전문대졸
6654,441d6869dfcf47db8a905834187e4aac,여자,52,경기,고등학교,도자기제품 생산기 조작원,여성,6,50대,경기도,고졸
6655,0276c61b723c4cfabb4e906638213e4f,여자,54,대전,고등학교,무직,여성,6,50대,대전광역시,고졸
6656,e42544b6717d418988c8eaa2d4aa00d9,여자,56,경상남,중학교,건물 청소원,여성,6,50대,경상남도,중졸
6657,a161c9d370894dd4af3a650ea847ce85,여자,59,서울,고등학교,건물 청소원,여성,6,50대,서울특별시,고졸
6658,71ce49d53b8e4c1bb134f3e101ce35be,여자,55,부산,4년제 대학교,전문 간호사,여성,6,50대,부산광역시,대졸
6659,a686cb5d341643ba971ad6ee556f0265,여자,56,경기,고등학교,무직,여성,6,50대,경기도,고졸
6660,c873c4651b444252885eabeea206a05f,여자,54,서울,4년제 대학교,회계 사무원,여성,6,50대,서울특별시,대졸
6661,b8a22f4633af4309b9fed7f5f76b90ec,여자,50,충청남,고등학교,하역 및 적재 관련 단순 종사원,여성,6,50대,충청남,고졸
6662,5ac6a83cceb046418ef44bff06e7b29a,여자,59,서울,고등학교,간호조무사,여성,6,50대,서울특별시,고졸
6663,8368f74329204fcdbe86760fb9c0d276,여자,50,충청북,4년제 대학교,대학 행정조교,여성,6,50대,충청북,대졸
6664,ca17c750b36746988b1ed545b7474d45,여자,56,전북,고등학교,전화 상담원,여성,6,50대,전북특별자치도,고졸
6665,5203a52bc77a4700b98d89fff07efea1,여자,56,울산,고등학교,주방 보조원,여성,6,50대,울산광역시,고졸
6666,cc7d58b0a6654e849b0c047b1dda3ad0,여자,58,대구,4년제 대학교,양식 조리사,여성,6,50대,대구광역시,대졸
6667,ec2784c240484331bd8741985fb21cb5,여자,54,경기,2~3년제 전문대학,단말기 및 통신 서비스 판매원,여성,6,50대,경기도,전문대졸
6668,ca68804cbc5542a2a50a6468955d4e43,여자,53,울산,고등학교,무직,여성,6,50대,울산광역시,고졸
6669,49634155ffcd42fabef1a3ae9a19631e,여자,52,부산,중학교,건물 청소원,여성,6,50대,부산광역시,중졸
6670,9f55cd50a6704575bde947ef27cc7d00,여자,56,서울,4년제 대학교,무직,여성,6,50대,서울특별시,대졸
6671,9677570604624ee6949e0034d88812f2,여자,58,광주,고등학교,건물 청소원,여성,6,50대,광주광역시,고졸
6672,33ae230528334d98ba6f8492e0237ca0,여자,57,부산,고등학교,소규모 상점 경영자,여성,6,50대,부산광역시,고졸
6673,46b10ca052554beb848594d1b931026c,여자,50,대구,고등학교,플랜트 배관공,여성,6,50대,대구광역시,고졸
6674,98c52255d9d34b7f9b530e0025e80494,여자,59,경기,2~3년제 전문대학,무직,여성,6,50대,경기도,전문대졸
6675,c7e8002c0d5b4904ad8dec0b9de763dd,여자,54,경기,중학교,무직,여성,6,50대,경기도,중졸
6676,48dce6bc77e6445bb31dc64185394dd9,여자,51,충청북,고등학교,한식 조리사,여성,6,50대,충청북,고졸
6677,96eb54404cf74193a76c4e66938fea36,여자,58,경기,고등학교,매장 계산원,여성,6,50대,경기도,고졸
6678,c045b78cfccc4c0d89e5e65b590becae,여자,52,대전,고등학교,경리 사무원,여성,6,50대,대전광역시,고졸
6679,4ff9a629ee174608bd99da1e828cb469,여자,52,경기,4년제 대학교,기업 고위 임원,여성,6,50대,경기도,대졸
6680,7074e204fa9c4f7190dab2a31625866f,여자,59,경기,고등학교,냉난방기 관련 설비 조작원,여성,6,50대,경기도,고졸
6681,891935c432b54b7ca24d04e0edaf138f,여자,57,서울,고등학교,그 외 기능 관련 종사원,여성,6,50대,서울특별시,고졸
6682,94a688ddaa1e4a4b97e66f0d691cb224,여자,54,경기,대학원,소규모 상점 경영자,여성,6,50대,경기도,대학원졸
6683,ce042867bcf8495fb4e271c2ac9c12e0,여자,54,경기,고등학교,시설 경비원,여성,6,50대,경기도,고졸
6684,d656e7854d5a489198155d6a07e2c536,여자,50,서울,4년제 대학교,통계 사무원,여성,6,50대,서울특별시,대졸
6685,02859866bb07453386a0ba8ff158b5dc,여자,54,부산,중학교,무직,여성,6,50대,부산광역시,중졸
6686,7d95b9e7ea8043679f22f620ce8fff04,여자,53,서울,2~3년제 전문대학,무직,여성,6,50대,서울특별시,전문대졸
6687,3e85c5bd2b674a14a21c97ac609f812b,여자,58,경상북,고등학교,국가행정 사무원,여성,6,50대,경상북도,고졸
6688,7f00d40a657a40e69d8437fc37c979a4,여자,53,대전,4년제 대학교,작업치료사,여성,6,50대,대전광역시,대졸
6689,98c5289927d34ca2a20c92b473e864e8,여자,58,경기,고등학교,그 외 경호 및 보안 관련 종사원,여성,6,50대,경기도,고졸
6690,1c15d27e9b354dcabfd3233cc0f5bec3,여자,57,경기,고등학교,무직,여성,6,50대,경기도,고졸
6691,0c5058daade5430e8b278e8564b54743,여자,57,경기,중학교,건물 청소원,여성,6,50대,경기도,중졸
6692,083da7ed57744837abe92a62b2b2abf0,여자,58,전라남,고등학교,그 외 서비스 관련 단순 종사원,여성,6,50대,전라남,고졸
6693,61beea7c0f2c4b1abc9be1f9486ffd99,여자,56,대구,중학교,염색기 조작원,여성,6,50대,대구광역시,중졸
6694,0006e12aab9249a3ba1623f8b9553f48,여자,59,서울,고등학교,의류 판매원,여성,6,50대,서울특별시,고졸
6695,0eaecfd94ed74a9482deb5c139a4c86d,여자,54,경기,고등학교,무직,여성,6,50대,경기도,고졸
6696,d904eb437c3d4960957a2fa1c25a3a08,여자,56,서울,4년제 대학교,사무 보조원,여성,6,50대,서울특별시,대졸
6697,2aebe5508d924c4c81fff8500d98f401,여자,59,경상북,고등학교,공공행정 사무원,여성,6,50대,경상북도,고졸
6698,c5311a4a661a49eeb8c709907a030d27,여자,52,서울,고등학교,그 외 기능 관련 종사원,여성,6,50대,서울특별시,고졸
6699,7620d9102c934cfdaab8ae67234ce9f4,여자,59,경기,중학교,건물 청소원,여성,6,50대,경기도,중졸
6700,6c0bda1b86d3426396ff0761a4a8f93b,여자,52,경기,2~3년제 전문대학,무직,여성,6,50대,경기도,전문대졸
6701,3b42e7aa70a746aa952faf23ee00ddc5,여자,53,인천,고등학교,금형원,여성,6,50대,인천광역시,고졸
6702,822b6739aee44196a7c73449c8e1c1cd,여자,59,제주,중학교,시설 경비원,여성,6,50대,제주특별자치도,중졸
6703,c145f375a3d54d42ad7f690e82923efb,여자,52,경상남,고등학교,"전직 경리 사무원, 현재 구직중",여성,6,50대,경상남도,고졸
6704,7941fb88a31a4a708a09206cd53e8b0f,여자,57,인천,중학교,보육 관련 시설 서비스 종사원,여성,6,50대,인천광역시,중졸
6705,2842b8575a944dfb8f10126baf5b2d23,여자,53,전라남,고등학교,요양 보호사,여성,6,50대,전라남,고졸
6706,d94c60d2e94847308937553984c4454d,여자,54,서울,대학원,전화 상담원,여성,6,50대,서울특별시,대학원졸
6707,dde113a5f2b54b12bc3bd14364ce465c,여자,56,서울,고등학교,"전직 간호조무사, 현재 구직중",여성,6,50대,서울특별시,고졸
6708,26f009c69ff14d648ca6f8e696e5afce,여자,56,경기,중학교,그 외 서비스 관련 단순 종사원,여성,6,50대,경기도,중졸
6709,1b9bc8f72b48468db0205f0fccac81c9,여자,57,경기,고등학교,주방 보조원,여성,6,50대,경기도,고졸
6710,2b0ef37970124e81a8c59fe4d8708758,여자,54,서울,고등학교,사무 보조원,여성,6,50대,서울특별시,고졸
6711,02c7258a17a44a11b7b10632ad89bdec,여자,57,서울,4년제 대학교,총무 및 인사 관리자,여성,6,50대,서울특별시,대졸
6712,9e2ed3a9d6b14420913e432a85870bc6,여자,59,경기,고등학교,음식료품 판매원,여성,6,50대,경기도,고졸
6713,1dd8bdce544d4a6f8845a782ab9f4536,여자,59,충청남,4년제 대학교,그 외 일반 영업원,여성,6,50대,충청남,대졸
6714,c4aba7e5023940978a8b59276e8b93cf,여자,56,경기,중학교,무직,여성,6,50대,경기도,중졸
6715,430543188d904cd3ae024f60d4ce1f37,여자,54,전라남,고등학교,노점 및 이동 판매원,여성,6,50대,전라남,고졸
6716,90af9e3aeb1d4ae880375ca5d3a6fa0e,여자,52,충청북,고등학교,무직,여성,6,50대,충청북,고졸
6717,ece3ce4c1f35417d931f0bfad546144d,여자,59,경상남,고등학교,설탕 제조 관련 기계 조작원,여성,6,50대,경상남도,고졸
6718,e267b71b6ea74c2caa27ddebf382eb95,여자,56,부산,고등학교,그 외 상점 판매원,여성,6,50대,부산광역시,고졸
6719,2f04ce7054fd4d62a99a7ac05394f110,여자,54,경기,4년제 대학교,외환 딜러,여성,6,50대,경기도,대졸
6720,2aace36cc2f04474a29143f4614b4898,여자,54,부산,4년제 대학교,한식 조리사,여성,6,50대,부산광역시,대졸
6721,913169dc8fce445796038f2beed16fdd,여자,51,경상남,고등학교,무직,여성,6,50대,경상남도,고졸
6722,f15567361e24444984a9ec809af8f825,여자,58,경기,2~3년제 전문대학,무직,여성,6,50대,경기도,전문대졸
6723,bd1ce277e7d04218b0ee4106d04b80bd,여자,54,부산,대학원,무직,여성,6,50대,부산광역시,대학원졸
6724,f0e8a2e7a1be4dd491a38667674406d6,여자,56,경상남,4년제 대학교,일반 비서,여성,6,50대,경상남도,대졸
6725,f2e258f06ef7401e865eb9083d682ab2,여자,57,서울,고등학교,보험 중개인,여성,6,50대,서울특별시,고졸
6726,9725d0b7e75a4224b33b3b07ea07be20,여자,53,경기,고등학교,조경원,여성,6,50대,경기도,고졸
6727,d75d8a9a7b084ce3896632807e31c04d,여자,53,전북,4년제 대학교,공공행정 사무원,여성,6,50대,전북특별자치도,대졸
6728,45fff5cc31af4f129a2676193d0c0093,여자,58,충청남,중학교,온라인 쇼핑 판매원,여성,6,50대,충청남,중졸
6729,9677ffdeb86a459da0e28d9ec6288afd,여자,56,충청북,고등학교,건물 경비원,여성,6,50대,충청북,고졸
6730,a58b9d0a965f4f839839a308973fe36f,여자,52,인천,중학교,하역 및 적재 관련 단순 종사원,여성,6,50대,인천광역시,중졸
6731,0e163c864a7547d2bb1886b467a28bdf,여자,58,경기,무학,무직,여성,6,50대,경기도,무학
6732,2486788540e546439c9a0b28460111ed,여자,53,강원,2~3년제 전문대학,시설 경비원,여성,6,50대,강원특별자치도,전문대졸
6733,00194e0e7c934618a70a9bb5718930cf,여자,56,부산,고등학교,시설 경비원,여성,6,50대,부산광역시,고졸
6734,a7a0784c210a468eabc14855e8a1a3e7,여자,57,경상남,고등학교,무직,여성,6,50대,경상남도,고졸
6735,af68d1aa9b64452b886a2f51ebf1646f,여자,53,대구,고등학교,그 외 돌봄 및 보건 서비스 종사원,여성,6,50대,대구광역시,고졸
6736,c63d793838754a72bbafecc940e5f2d4,여자,59,대구,고등학교,한식 조리사,여성,6,50대,대구광역시,고졸
6737,b6db25e842204f6ba320b9ed2b0070f3,여자,54,울산,고등학교,무직,여성,6,50대,울산광역시,고졸
6738,f9e468a4ca094524894b0266d5c1cca8,여자,64,서울,고등학교,무직,여성,7,60대,서울특별시,고졸
6739,755982414e404faa8d45196d4bc16153,여자,61,경상북,중학교,건물 청소원,여성,7,60대,경상북도,중졸
6740,04478b9228d14db880c7c1cedbdfc38f,여자,67,부산,고등학교,무직,여성,7,60대,부산광역시,고졸
6741,199157e291b2488eba7988bc2c3efb61,여자,66,서울,고등학교,무직,여성,7,60대,서울특별시,고졸
6742,b637254a7f934da482a4e27ef6fca84a,여자,69,서울,고등학교,간호조무사,여성,7,60대,서울특별시,고졸
6743,d79d17744bbd422d89b2fe13779440c2,여자,62,부산,대학원,무직,여성,7,60대,부산광역시,대학원졸
6744,55c5b7ecba404d329882b5bfbf8c0623,여자,62,부산,중학교,무직,여성,7,60대,부산광역시,중졸
6745,289f309d2dea49d3ae61ee219fd9bad3,여자,69,경기,고등학교,무직,여성,7,60대,경기도,고졸
6746,2ef3a253238d46698a682d927919629f,여자,69,전라남,초등학교,무직,여성,7,60대,전라남,초졸이하
6747,edbc47c4bbcd44e9bb40abcbc2cf6eef,여자,67,서울,고등학교,"전직 건물 경비원, 현재 구직중",여성,7,60대,서울특별시,고졸
6748,5c3848f0ed9442d2b52e74ba590a1aa1,여자,61,전라남,고등학교,무직,여성,7,60대,전라남,고졸
6749,c454b87011b34370a62d1365b528a9fa,여자,66,경상북,중학교,무직,여성,7,60대,경상북도,중졸
6750,84abb604ee20498185221c1eb05cbf20,여자,61,대구,4년제 대학교,무직,여성,7,60대,대구광역시,대졸
6751,afa68d02ebe5409d95d2614c0f52cec3,여자,65,경상남,고등학교,용접기 조작원,여성,7,60대,경상남도,고졸
6752,12b2a169dd5946999d6704f4549c062e,여자,69,경기,초등학교,건물 청소원,여성,7,60대,경기도,초졸이하
6753,7e19a6a72ad24566abaa994caf821564,여자,65,대구,중학교,무직,여성,7,60대,대구광역시,중졸
6754,5ccf893e24c94c629b842f77c1b520a2,여자,62,부산,고등학교,그 외 돌봄 및 보건 서비스 종사원,여성,7,60대,부산광역시,고졸
6755,af2f1609b75149c19798846030e65584,여자,67,충청남,초등학교,무직,여성,7,60대,충청남,초졸이하
6756,b58ddf5689fa411e9716b75eb7000c98,여자,62,경기,고등학교,무직,여성,7,60대,경기도,고졸
6757,eb3c2cfd593d4a89b32edcb1e8e6414e,여자,66,경기,고등학교,무직,여성,7,60대,경기도,고졸
6758,4c105a24c241411ca52a909e2f9d865c,여자,66,강원,초등학교,건물 청소원,여성,7,60대,강원특별자치도,초졸이하
6759,450836a54c64405089327766be79ce67,여자,66,광주,중학교,무직,여성,7,60대,광주광역시,중졸
6760,f22830aa914a4b57b22f5a4ba39be223,여자,63,서울,중학교,건물 청소원,여성,7,60대,서울특별시,중졸
6761,b12dcbbe7c4b4541bc6ed66970e4081f,여자,67,경기,고등학교,무직,여성,7,60대,경기도,고졸
6762,69af07d468964f6c8e260c1c25751d5f,여자,64,전북,중학교,무직,여성,7,60대,전북특별자치도,중졸
6763,9b284f6eec9640499078b5c838e90374,여자,65,경기,4년제 대학교,무직,여성,7,60대,경기도,대졸
6764,9d4ba1e55b67407b864dc3b9544798e2,여자,67,인천,초등학교,무직,여성,7,60대,인천광역시,초졸이하
6765,143ca78a8cb54c56ba1f9f806cb14712,여자,63,충청북,고등학교,무직,여성,7,60대,충청북,고졸
6766,314e1d28f4814cbf857e2ac5cd1bbfa5,여자,63,서울,4년제 대학교,사회복지사,여성,7,60대,서울특별시,대졸
6767,26249a364f4f4d528d8a05df0e47f6eb,여자,61,충청남,고등학교,무직,여성,7,60대,충청남,고졸
6768,c4194846072d411b8a007f741720776e,여자,64,울산,중학교,무직,여성,7,60대,울산광역시,중졸
6769,175ebd2aa37640a59379c99efc629dd5,여자,66,경기,고등학교,주방 보조원,여성,7,60대,경기도,고졸
6770,c860fa471a12410299e4b0d0be0ccc25,여자,68,충청남,고등학교,무직,여성,7,60대,충청남,고졸
6771,4fffb14045bd4b0b95de36f61ce8821e,여자,63,경기,고등학교,무직,여성,7,60대,경기도,고졸
6772,529cc157fc5b4a11a778d069edfca6fa,여자,61,서울,고등학교,모델,여성,7,60대,서울특별시,고졸
6773,c468502cb4574e90a57a477d9569c3aa,여자,65,강원,고등학교,무직,여성,7,60대,강원특별자치도,고졸
6774,ffab1f41545d492c88d272d0e353d595,여자,66,경상북,고등학교,건물 청소원,여성,7,60대,경상북도,고졸
6775,cb90bc848dbb4639b9a48cb08ba4055b,여자,66,경기,고등학교,무직,여성,7,60대,경기도,고졸
6776,e3f6d974f5ee40fc9b6d8c873388ede3,여자,61,경기,고등학교,요양 보호사,여성,7,60대,경기도,고졸
6777,6017f6dd2d884be9acd7a794013dd4fc,여자,64,부산,중학교,건물 청소원,여성,7,60대,부산광역시,중졸
6778,192d14a86aad438189962a4f323e8bb2,여자,60,경기,고등학교,무직,여성,7,60대,경기도,고졸
6779,64755b099d6e4d30a61464e99fa3c5b2,여자,63,부산,초등학교,무직,여성,7,60대,부산광역시,초졸이하
6780,9c4b6115af3c4127bb967f3697d93564,여자,68,서울,고등학교,건물 청소원,여성,7,60대,서울특별시,고졸
6781,fc246b30203446c0995ba4fcc22bb105,여자,64,경기,고등학교,한식 조리사,여성,7,60대,경기도,고졸
6782,c2585e51dae24b3aa1ef9b15bb2d35df,여자,68,경기,4년제 대학교,사무 보조원,여성,7,60대,경기도,대졸
6783,906ec610f86f42749bf19a114e34a2cd,여자,64,서울,초등학교,무직,여성,7,60대,서울특별시,초졸이하
6784,05cb868b270b4f02b1f9e5609d0b56b4,여자,65,충청북,초등학교,무직,여성,7,60대,충청북,초졸이하
6785,2e564eccff53434d975da05a9ebd27ef,여자,68,경상북,초등학교,무직,여성,7,60대,경상북도,초졸이하
6786,bceeb0a3de6a4b6b83e7a67929e00afc,여자,65,충청남,초등학교,무직,여성,7,60대,충청남,초졸이하
6787,cf0b08a5778548ddbd15b95e0cdde1be,여자,67,인천,중학교,무직,여성,7,60대,인천광역시,중졸
6788,eca367c9eb6a4e479d540a91d097c427,여자,62,제주,고등학교,한식 조리사,여성,7,60대,제주특별자치도,고졸
6789,e8f49aa01b0f4b6d9f18a490dce04b5a,여자,65,경기,고등학교,그 외 화학물 가공 장치 조작원,여성,7,60대,경기도,고졸
6790,3379834d748544689e59dbf59e660fae,여자,62,서울,고등학교,무직,여성,7,60대,서울특별시,고졸
6791,ec8ac928ab8f4fd3a1253c0c325ad899,여자,66,충청남,고등학교,무직,여성,7,60대,충청남,고졸
6792,7fc622a66cd14be7aa5de01ea7bb65b8,여자,67,경기,고등학교,무직,여성,7,60대,경기도,고졸
6793,05564edf9f5d4fcf90a7c28b0c7ac487,여자,67,경기,초등학교,무직,여성,7,60대,경기도,초졸이하
6794,3aa2ea0d53f0412eaad3686c3bd51f69,여자,61,경기,고등학교,"전직 건물 청소원, 현재 구직중",여성,7,60대,경기도,고졸
6795,6d1bee87d3d54aa3bbe71d9eba7beea4,여자,63,경상북,중학교,일반 비서,여성,7,60대,경상북도,중졸
6796,b1903ca245804db6ab2a9c2f9020a808,여자,67,울산,중학교,무직,여성,7,60대,울산광역시,중졸
6797,eca7b28bc4e346878750c578b4c13410,여자,62,경기,고등학교,무직,여성,7,60대,경기도,고졸
6798,08c54233208741b096eea4449af2098a,여자,69,경기,초등학교,무직,여성,7,60대,경기도,초졸이하
6799,f4c67fb49f4d44c3beb85c8a8347f1fd,여자,69,경기,중학교,무직,여성,7,60대,경기도,중졸
6800,fa8abfbf309a4eb99468e0da5aab2274,여자,69,서울,중학교,미장공,여성,7,60대,서울특별시,중졸
6801,73825611116e4fc5acad841e4fc74bff,여자,60,대구,중학교,무직,여성,7,60대,대구광역시,중졸
6802,3104fdbbe7bd442682a812b38679a005,여자,63,경기,중학교,무직,여성,7,60대,경기도,중졸
6803,caeb4f94c1484a788f8048e633f525bc,여자,65,전라남,초등학교,무직,여성,7,60대,전라남,초졸이하
6804,6720e7b45dcc4479bb81f1a355c9db3c,여자,66,서울,초등학교,"전직 그 외 서비스 관련 단순 종사원, 현재 구직중",여성,7,60대,서울특별시,초졸이하
6805,24a18162a50446e3b4150db43fc621cb,여자,65,전라남,고등학교,무직,여성,7,60대,전라남,고졸
6806,02d58564527f41bc9bb60a7a697eeb63,여자,64,부산,고등학교,무직,여성,7,60대,부산광역시,고졸
6807,de626729cc804266a6cffc75062c2c4e,여자,66,경상북,중학교,노인 및 장애인 돌봄 서비스 종사원,여성,7,60대,경상북도,중졸
6808,e337a12a2a9a4cc482ffd7cbf4651828,여자,60,부산,4년제 대학교,무직,여성,7,60대,부산광역시,대졸
6809,2b413ada2d2740488baea5962b1b9eb1,여자,66,대구,초등학교,건물 청소원,여성,7,60대,대구광역시,초졸이하
6810,22da70ecbb2247ddbec0887e865bfabd,여자,69,부산,초등학교,무직,여성,7,60대,부산광역시,초졸이하
6811,4d0d017899444e49ad1afa44c0ad91a2,여자,63,서울,고등학교,무직,여성,7,60대,서울특별시,고졸
6812,5e2882910bb646c883da76aff4fcc5a0,여자,66,서울,중학교,노점 및 이동 판매원,여성,7,60대,서울특별시,중졸
6813,8eb9b3268cdc4a8c9a27d8f720b92f89,여자,61,서울,고등학교,무직,여성,7,60대,서울특별시,고졸
6814,883651438490421d8e0cf54712d7c103,여자,67,서울,고등학교,무직,여성,7,60대,서울특별시,고졸
6815,3cfa696f1e36474e851c9b4e0a926041,여자,60,전라남,중학교,무직,여성,7,60대,전라남,중졸
6816,9d5c1b7867ec451584470ef805995f05,여자,69,대전,고등학교,"전직 노인 및 장애인 돌봄 서비스 종사원, 현재 구직중",여성,7,60대,대전광역시,고졸
6817,74d342f17d54493f936b6c3f2f1ab669,여자,63,서울,중학교,무직,여성,7,60대,서울특별시,중졸
6818,60c73290137a4dc8bf3381ce036f33da,여자,65,경기,초등학교,무직,여성,7,60대,경기도,초졸이하
6819,827c170a0a534191a1b87df573c554f1,여자,62,경기,고등학교,"전직 주방 보조원, 현재 구직중",여성,7,60대,경기도,고졸
6820,a0d1d25bc8754d8297733bd25e169868,여자,69,전라남,초등학교,무직,여성,7,60대,전라남,초졸이하
6821,d23f97452df94760b295e84c0eb2e81c,여자,68,서울,고등학교,간호조무사,여성,7,60대,서울특별시,고졸
6822,7b7b752bc7114621878bf6c4f31f8232,여자,64,경기,고등학교,노인 및 장애인 돌봄 서비스 종사원,여성,7,60대,경기도,고졸
6823,3e0f59bbc2774e58a544cc4aedc245b3,여자,62,서울,고등학교,노인 및 장애인 돌봄 서비스 종사원,여성,7,60대,서울특별시,고졸
6824,43ba4e4a3d4846e491edd0b39e08de85,여자,68,부산,고등학교,음료 서비스 종사원,여성,7,60대,부산광역시,고졸
6825,9677c5f01aab4f6d99ff746d4711fc12,여자,68,서울,중학교,무직,여성,7,60대,서울특별시,중졸
6826,b5b0ae655c254561b8d0233083d43327,여자,64,인천,고등학교,음식 서비스 종사원,여성,7,60대,인천광역시,고졸
6827,e44ec5f273234ce9ab31dafa7d73abcb,여자,68,서울,고등학교,무직,여성,7,60대,서울특별시,고졸
6828,c6da0b88ea50409aa4be86d2d36fe386,여자,64,인천,고등학교,무직,여성,7,60대,인천광역시,고졸
6829,cfcf8409b2e444d78cf648da5ac420c2,여자,66,서울,고등학교,무직,여성,7,60대,서울특별시,고졸
6830,aa476a362eef4915870cb21e17004f67,여자,63,경상남,중학교,그 외 제조 관련 단순 종사원,여성,7,60대,경상남도,중졸
6831,6df833df4e564551adeab4cb55e4fc81,여자,61,경상남,중학교,세탁원 및 다림질원,여성,7,60대,경상남도,중졸
6832,4725533ee7494d259f9df90d697bf9e3,여자,61,대구,중학교,무직,여성,7,60대,대구광역시,중졸
6833,e5170fe85d4148409d03824291faca7c,여자,66,경상북,초등학교,농업 단순 종사원,여성,7,60대,경상북도,초졸이하
6834,af0cbf6418fc4932a2bf501b75b61fdf,여자,65,대구,고등학교,주방 보조원,여성,7,60대,대구광역시,고졸
6835,073d64ea293b4c07b89c9cbeb954432a,여자,62,강원,초등학교,건물 청소원,여성,7,60대,강원특별자치도,초졸이하
6836,dc87c30dc0a346e3a221c9e372f5791e,여자,67,광주,중학교,건물 청소원,여성,7,60대,광주광역시,중졸
6837,c62933542f2943a9b36d705233990055,여자,61,경기,4년제 대학교,"전직 학습지 방문강사, 현재 구직중",여성,7,60대,경기도,대졸
6838,6c8ba64e716544f0981bbac5c7992ee6,여자,60,서울,고등학교,무직,여성,7,60대,서울특별시,고졸
6839,b4f5c3ee8c694b7da6c1bd2b64e083be,여자,63,강원,고등학교,가사 도우미,여성,7,60대,강원특별자치도,고졸
6840,419c5638ddd64f2cb1ecd4f236b27250,여자,65,대구,고등학교,무직,여성,7,60대,대구광역시,고졸
6841,dbeb79b844964dd29f9891e0e62f68d8,여자,62,광주,중학교,마케팅 전문가,여성,7,60대,광주광역시,중졸
6842,620fd96218004e36898e57f6b85d1ece,여자,68,서울,고등학교,무직,여성,7,60대,서울특별시,고졸
6843,5e1c2667e89747ed9ac183f9eb092a22,여자,67,서울,4년제 대학교,무직,여성,7,60대,서울특별시,대졸
6844,7e4a334f72a4438ab6625de2d0c7f55d,여자,61,경상남,고등학교,무직,여성,7,60대,경상남도,고졸
6845,1bac38596a5e42e1be1e40237175a798,여자,66,광주,고등학교,"전직 한식 조리사, 현재 구직중",여성,7,60대,광주광역시,고졸
6846,790422f958c34330992f4052943508f8,여자,66,서울,4년제 대학교,무직,여성,7,60대,서울특별시,대졸
6847,5823dafe963f44579903b38276b9668e,여자,62,경기,고등학교,무직,여성,7,60대,경기도,고졸
6848,607f16c1c877406a8bac91e276f14c8a,여자,62,울산,고등학교,지게차 운전원,여성,7,60대,울산광역시,고졸
6849,1b072f00fc1647d3931e5b1397f52c25,여자,64,전라남,고등학교,노인 및 장애인 돌봄 서비스 종사원,여성,7,60대,전라남,고졸
6850,cf2e546df5d5455aa1ff999d3b6d23df,여자,62,경기,고등학교,용접기 조작원,여성,7,60대,경기도,고졸
6851,1f13068aff6548d5bc7c4e4f1b11f41f,여자,62,경기,고등학교,금속 세척기 조작원,여성,7,60대,경기도,고졸
6852,607a7a6d999f46869cac341f0ddeafa5,여자,68,전라남,고등학교,무직,여성,7,60대,전라남,고졸
6853,badba998f42843a9b3aabc64ec9f3318,여자,65,경상남,고등학교,무직,여성,7,60대,경상남도,고졸
6854,42ee43e3d85843408e09fe91bc0cd265,여자,64,경기,고등학교,한식 조리사,여성,7,60대,경기도,고졸
6855,b2d4429457ce4297a11176bbef58fb01,여자,60,인천,고등학교,그 외 돌봄 및 보건 서비스 종사원,여성,7,60대,인천광역시,고졸
6856,435c4e5700ef497cbd6c41c7417afd12,여자,64,경상북,고등학교,무직,여성,7,60대,경상북도,고졸
6857,21004a45496f415998354dc7d22f8b97,여자,60,경기,중학교,주차 관리원,여성,7,60대,경기도,중졸
6858,2c6d7588e7b942d6bcb49723e1c864e9,여자,69,경기,중학교,무직,여성,7,60대,경기도,중졸
6859,d4fb5fd0689f409bade47fa6b4ba6d6f,여자,68,서울,고등학교,무직,여성,7,60대,서울특별시,고졸
6860,e27daa255d1540ffa941bcdfba81bd34,여자,69,대전,중학교,자동 재봉설비 조작원,여성,7,60대,대전광역시,중졸
6861,3e3839c528b74137bca56c1aae857af0,여자,62,전라남,2~3년제 전문대학,무직,여성,7,60대,전라남,전문대졸
6862,b5cb4bf66d9f4bdb941b2e205d467805,여자,69,경기,초등학교,무직,여성,7,60대,경기도,초졸이하
6863,c9f91354a72443d395eba17ce27b1f49,여자,61,전라남,고등학교,무직,여성,7,60대,전라남,고졸
6864,4f78f5e06bbe4b209414e65fa3f3cad0,여자,67,대구,고등학교,무직,여성,7,60대,대구광역시,고졸
6865,f64f18761dde400cb038c3721da0eaf5,여자,64,서울,고등학교,무직,여성,7,60대,서울특별시,고졸
6866,3dcb3fc122b14ef4a64fb567d2c577b2,여자,60,강원,중학교,무직,여성,7,60대,강원특별자치도,중졸
6867,b7cc09f5ef0e44baa7eee71180f0e647,여자,65,경기,고등학교,무직,여성,7,60대,경기도,고졸
6868,56b5016ee49b4b86b9975a01e7725d51,여자,67,경상북,중학교,건물 청소원,여성,7,60대,경상북도,중졸
6869,8e9c95f5378a4fcba4dec6ec3aff66af,여자,65,경기,고등학교,무직,여성,7,60대,경기도,고졸
6870,c3847a2e2d8847dc97dbc42ebe72d160,여자,64,경상북,중학교,무직,여성,7,60대,경상북도,중졸
6871,3ae92dba555941ab96f4cb9f31a9c6b6,여자,66,인천,초등학교,무직,여성,7,60대,인천광역시,초졸이하
6872,df0432afd1674f88ac48069c5769f651,여자,67,경상남,중학교,무직,여성,7,60대,경상남도,중졸
6873,1021fa6f71cf4b98915f9dcdb6f898f6,여자,60,경상남,고등학교,자동 조립라인 조작원,여성,7,60대,경상남도,고졸
6874,a976078eb676422d9076443893b5e49c,여자,64,대전,초등학교,무직,여성,7,60대,대전광역시,초졸이하
6875,ac3c3b904a8949708db29f8c0caa8eba,여자,64,충청북,고등학교,승용차 및 승합차 운전원,여성,7,60대,충청북,고졸
6876,9878fdb1b1d242ecbd1c5cc5ef41421e,여자,67,경상남,중학교,무직,여성,7,60대,경상남도,중졸
6877,f13423f4ba1846c183f863843eb5390a,여자,63,부산,고등학교,무직,여성,7,60대,부산광역시,고졸
6878,a93bf5282ada423c8bf061cb66966e85,여자,68,경기,고등학교,무직,여성,7,60대,경기도,고졸
6879,bbf638ed268b440499dd515028196b7f,여자,62,경기,2~3년제 전문대학,무직,여성,7,60대,경기도,전문대졸
6880,3c17e276230a43e18fae43ee3bcc27e5,여자,60,서울,고등학교,무직,여성,7,60대,서울특별시,고졸
6881,2426960f417444319e854c065b555d30,여자,62,전북,중학교,무직,여성,7,60대,전북특별자치도,중졸
6882,f40d7e6e475749c583d77bd85b2123f8,여자,64,대전,고등학교,보육교사,여성,7,60대,대전광역시,고졸
6883,de3f5e2429d4479a8a398e309923193a,여자,64,경기,대학원,무직,여성,7,60대,경기도,대학원졸
6884,a9a8420eb9794e7ab92fb643e5346829,여자,68,충청남,고등학교,유리 관련 기능 종사원,여성,7,60대,충청남,고졸
6885,e3356a96be0846de95d3599f67cff18c,여자,69,경기,초등학교,무직,여성,7,60대,경기도,초졸이하
6886,5f1e823471fd4a0c8ee84b8835bf4ae3,여자,64,경상남,4년제 대학교,무직,여성,7,60대,경상남도,대졸
6887,25ff82a83ffb472ba805a9156bf51d95,여자,62,인천,고등학교,무직,여성,7,60대,인천광역시,고졸
6888,b307bd68ab9943878612fc0821544aa5,여자,68,경기,고등학교,무직,여성,7,60대,경기도,고졸
6889,7a8298ec8c5442028bbd88342a021b6c,여자,66,경기,초등학교,무직,여성,7,60대,경기도,초졸이하
6890,374483a709d041b7b37be8cd6eaaa883,여자,61,경기,고등학교,금형원,여성,7,60대,경기도,고졸
6891,656b413cad2a42b29fb4d523472e6c37,여자,68,경기,초등학교,건물 청소원,여성,7,60대,경기도,초졸이하
6892,8e7b016112254f6fad906f4ec608bd50,여자,65,경상북,중학교,무직,여성,7,60대,경상북도,중졸
6893,436c2ced8769453bb584e7ebfe08f460,여자,67,경기,4년제 대학교,재무 관리자,여성,7,60대,경기도,대졸
6894,803835848d2542b194fb97de61c17fd7,여자,67,충청남,고등학교,건물 청소원,여성,7,60대,충청남,고졸
6895,30139cb1735e4285b26064a914ff381e,여자,69,전북,고등학교,무직,여성,7,60대,전북특별자치도,고졸
6896,bb4b97d42edb4d65820425a957ece804,여자,65,충청남,초등학교,무직,여성,7,60대,충청남,초졸이하
6897,781afd73d0094ce9b5a153c2fbf7d2c3,여자,69,전라남,고등학교,무직,여성,7,60대,전라남,고졸
6898,7d797b04a4d34c7e9b7de63c18ab1880,여자,64,부산,고등학교,무직,여성,7,60대,부산광역시,고졸
6899,62cbfa90131140e6a6959bf81848ed2e,여자,66,전북,중학교,하역 및 적재 관련 단순 종사원,여성,7,60대,전북특별자치도,중졸
6900,c95b9ddbb6ac41d1ab0c2c80b8f59011,여자,69,전라남,중학교,무직,여성,7,60대,전라남,중졸
6901,58d89736f4db4e528ce21105cdc77684,여자,67,경기,초등학교,무직,여성,7,60대,경기도,초졸이하
6902,bc80a81fb5e84796ac92d3bae4f4f2f0,여자,69,대구,중학교,노인 및 장애인 돌봄 서비스 종사원,여성,7,60대,대구광역시,중졸
6903,2fc17fc089cf47a183d759fc0f0bef82,여자,69,서울,중학교,건설 단순 종사원,여성,7,60대,서울특별시,중졸
6904,f073e04d8e804adc83549761c447675c,여자,63,전라남,고등학교,무직,여성,7,60대,전라남,고졸
6905,33f71cb70da1468886e8fca3a0033739,여자,69,서울,4년제 대학교,자동차 부품 기술 영업원,여성,7,60대,서울특별시,대졸
6906,e4a3546e3d3f4fa2a89d6d63e3472a59,여자,63,부산,고등학교,무직,여성,7,60대,부산광역시,고졸
6907,6547696612204145a890e38fd1877301,여자,64,서울,2~3년제 전문대학,무직,여성,7,60대,서울특별시,전문대졸
6908,b57936ad8b1a49b3adeacc0853d82838,여자,60,서울,고등학교,관광버스 운전원,여성,7,60대,서울특별시,고졸
6909,a1314813788d4c3fadf6c09df20409f6,여자,69,경기,고등학교,무직,여성,7,60대,경기도,고졸
6910,42d5d323284340e7a58107ef10564a86,여자,61,강원,고등학교,무직,여성,7,60대,강원특별자치도,고졸
6911,346fbb01d40a4be191b8c3c2a149761e,여자,62,경기,고등학교,육아 도우미,여성,7,60대,경기도,고졸
6912,924b50d39840444588314d740def86cd,여자,65,충청북,초등학교,무직,여성,7,60대,충청북,초졸이하
6913,cfbdf08b358a4e92aec00d67ec218ae9,여자,61,서울,4년제 대학교,무직,여성,7,60대,서울특별시,대졸
6914,cc2ed307a59d4104bc799754775cbe6d,여자,64,서울,중학교,건물 청소원,여성,7,60대,서울특별시,중졸
6915,4d0495ef299f4675a789a8eb348d8d88,여자,64,충청북,중학교,무직,여성,7,60대,충청북,중졸
6916,04e97486b37d4ff9b44f3a0a3fc34e21,여자,69,경상북,중학교,무직,여성,7,60대,경상북도,중졸
6917,33bca7c0e9c4419cb78e05d5da3c117b,여자,65,경기,2~3년제 전문대학,가전제품 설치 및 수리원,여성,7,60대,경기도,전문대졸
6918,6b2de8fbab9e46a3a7eaaeb9efe515f9,여자,65,경상남,고등학교,무직,여성,7,60대,경상남도,고졸
6919,5b4ec8e5af684ef5ac3f932c339a5765,여자,60,제주,고등학교,무직,여성,7,60대,제주특별자치도,고졸
6920,830732e7a22948bbb6ffb32b2186563a,여자,68,전북,고등학교,건물 청소원,여성,7,60대,전북특별자치도,고졸
6921,f7c56febb4434f71badf1ae8bbb909c4,여자,63,광주,고등학교,무직,여성,7,60대,광주광역시,고졸
6922,423dc71f57254cd2acfabd864395fc65,여자,61,경기,고등학교,간호조무사,여성,7,60대,경기도,고졸
6923,0bb942b51487445085d21c9e808cf310,여자,64,경기,중학교,건물 청소원,여성,7,60대,경기도,중졸
6924,af1c5ce5f0714cce8e60f58f9efadfe5,여자,60,대전,중학교,무직,여성,7,60대,대전광역시,중졸
6925,1ef85f302c1143fd970755e18beb6cf5,여자,60,충청북,초등학교,무직,여성,7,60대,충청북,초졸이하
6926,dfd12033de0346b48e899389e63751dd,여자,62,경기,4년제 대학교,"전직 행사 및 홍보 도우미, 현재 구직중",여성,7,60대,경기도,대졸
6927,601e5e45c8fa404d938166c5454e68b0,여자,63,경기,고등학교,무직,여성,7,60대,경기도,고졸
6928,80af206e68be415cbf203589109f312a,여자,63,경기,대학원,무직,여성,7,60대,경기도,대학원졸
6929,f2258ce563e24866a2b7d966c246d093,여자,67,대구,초등학교,한식 조리사,여성,7,60대,대구광역시,초졸이하
6930,3f68553f29e24784887a905f1e08889c,여자,64,대구,초등학교,하역 및 적재 관련 단순 종사원,여성,7,60대,대구광역시,초졸이하
6931,3ec4e5b8eda748259510134bf6fa717c,여자,69,광주,고등학교,보육 관련 시설 서비스 종사원,여성,7,60대,광주광역시,고졸
6932,576c56c7dfee474daa29e681e74d6413,여자,65,울산,고등학교,의류 판매원,여성,7,60대,울산광역시,고졸
6933,3843c5a306fe4f6ba722b986c6bd4d5c,여자,64,경기,고등학교,매장 계산원,여성,7,60대,경기도,고졸
6934,32b454813b034010acb46a15fea70a62,여자,61,부산,초등학교,무직,여성,7,60대,부산광역시,초졸이하
6935,44fb484c7f08453487842afacc82dbf7,여자,60,경기,초등학교,무직,여성,7,60대,경기도,초졸이하
6936,8f1225dfc38249fc81f3c68d23aee870,여자,69,경기,고등학교,무직,여성,7,60대,경기도,고졸
6937,9b8d145133e348f09c6388c571ca1783,여자,69,경상남,중학교,무직,여성,7,60대,경상남도,중졸
6938,1a0cf84ca283415f9f48c78d94458e91,여자,60,제주,중학교,하역 및 적재 관련 단순 종사원,여성,7,60대,제주특별자치도,중졸
6939,fe72332393a548498305d7828fff3e54,여자,60,경기,고등학교,무직,여성,7,60대,경기도,고졸
6940,0a6f457a58b04f48af78d68c9529966c,여자,63,경기,4년제 대학교,무직,여성,7,60대,경기도,대졸
6941,94623b6dfc064a90ae77d20359604b7e,여자,65,서울,고등학교,무직,여성,7,60대,서울특별시,고졸
6942,989b6f09b41145e7aa0f76bdfe164a9d,여자,63,경기,중학교,무직,여성,7,60대,경기도,중졸
6943,3dbb0d5171fe40688bdc450dc12a8480,여자,60,서울,고등학교,무직,여성,7,60대,서울특별시,고졸
6944,93bb6416719e4e4bad12851a3362c1b2,여자,60,경기,고등학교,냉난방기 관련 설비 조작원,여성,7,60대,경기도,고졸
6945,5ae87620d4eb4ad3b8d513581b67b947,여자,62,부산,고등학교,대출 모집인,여성,7,60대,부산광역시,고졸
6946,3ef02ae91509422f979d49d5fe57ae00,여자,63,충청남,초등학교,무직,여성,7,60대,충청남,초졸이하
6947,78c3b092e9ec410dac6bfe49750a5e3b,여자,64,서울,4년제 대학교,무직,여성,7,60대,서울특별시,대졸
6948,dff5c8d8b4a84485ac2b0173c48bc0f5,여자,62,충청남,초등학교,농업 단순 종사원,여성,7,60대,충청남,초졸이하
6949,4deb19595c524f3d8377b863fac40de7,여자,64,충청북,고등학교,무직,여성,7,60대,충청북,고졸
6950,7104c1a2790945ac9afb946d9813bd90,여자,69,충청남,초등학교,무직,여성,7,60대,충청남,초졸이하
6951,211bc7e5ee8f4f72b060b6209e69f2fe,여자,62,충청북,고등학교,무직,여성,7,60대,충청북,고졸
6952,fb72474311834f37a906f2c3092a6b53,여자,69,인천,초등학교,무직,여성,7,60대,인천광역시,초졸이하
6953,68b60fa184a849c1b4470adb332a8dd7,여자,65,서울,4년제 대학교,무직,여성,7,60대,서울특별시,대졸
6954,b353fdf609484876a78652781850aa78,여자,62,경상북,초등학교,무직,여성,7,60대,경상북도,초졸이하
6955,fb875b86ac9b4f598968d822d3cbbe6c,여자,64,인천,고등학교,무직,여성,7,60대,인천광역시,고졸
6956,74b6d67bee004764ae9718172f9467c3,여자,60,강원,중학교,무직,여성,7,60대,강원특별자치도,중졸
6957,afafd000c4a34167a9b13dc1e257e2c7,여자,60,서울,중학교,소규모 상점 경영자,여성,7,60대,서울특별시,중졸
6958,dde903b970f74684812c9bed90b1aad7,여자,65,부산,고등학교,무직,여성,7,60대,부산광역시,고졸
6959,12a6ee1375894b1c930be456fa7de46a,여자,66,경기,초등학교,무직,여성,7,60대,경기도,초졸이하
6960,5c584eb8158d468982b509b30c60ca50,여자,62,경상남,고등학교,무직,여성,7,60대,경상남도,고졸
6961,d4fb5fd0689f409bade47fa6b4ba6d6f,여자,68,서울,고등학교,무직,여성,7,60대,서울특별시,고졸
6962,225a4f63079b4d769e15c31ab9f55149,여자,64,인천,고등학교,무직,여성,7,60대,인천광역시,고졸
6963,070008339d424465a703851c933b8344,여자,61,경기,고등학교,무직,여성,7,60대,경기도,고졸
6964,7596abc4061d490c9d6170703863edd2,여자,62,대전,고등학교,건물 청소원,여성,7,60대,대전광역시,고졸
6965,4e9b00f265b44801a1ddc9a5cb119816,여자,69,부산,고등학교,무직,여성,7,60대,부산광역시,고졸
6966,b2dfa662c9a145adb21d50cf13dfd88f,여자,64,경상북,고등학교,무직,여성,7,60대,경상북도,고졸
6967,6eb5095519e543c89c358b5ca84ec0e6,여자,62,경기,고등학교,무직,여성,7,60대,경기도,고졸
6968,fcc6fade5501491a89b942edaf943701,여자,64,경기,고등학교,무직,여성,7,60대,경기도,고졸
6969,73102635d09d412bacde134cf1b85f05,여자,60,경상북,중학교,그 외 제조 관련 단순 종사원,여성,7,60대,경상북도,중졸
6970,595cfdf141824fb9b93cf3cebc183ca9,여자,62,경기,고등학교,무직,여성,7,60대,경기도,고졸
6971,1611f5308a0b4fe68b49b6d23649bb41,여자,67,경기,2~3년제 전문대학,주방 보조원,여성,7,60대,경기도,전문대졸
6972,3aa2ea0d53f0412eaad3686c3bd51f69,여자,61,경기,고등학교,"전직 건물 청소원, 현재 구직중",여성,7,60대,경기도,고졸
6973,536a7467ee084353a4d789b49256370a,여자,60,서울,고등학교,음식 서비스 종사원,여성,7,60대,서울특별시,고졸
6974,29d0eba6a0fc4a0586235494a116fbba,여자,64,대전,중학교,무직,여성,7,60대,대전광역시,중졸
6975,b7ae0ce1bb22443fa1280d948bccbc77,여자,66,충청남,중학교,하역 및 적재 관련 단순 종사원,여성,7,60대,충청남,중졸
6976,eadcf793f64e4a0cb4ca1bfedd3055e1,여자,63,전라남,고등학교,무직,여성,7,60대,전라남,고졸
6977,50df26e9d3644edeab16131c7aea06d8,여자,62,충청북,4년제 대학교,무직,여성,7,60대,충청북,대졸
6978,4ccdfecf41974ab9bd7c04268f252a62,여자,68,강원,고등학교,주방 보조원,여성,7,60대,강원특별자치도,고졸
6979,9c1fc3b7f7044ef681259dc3b7a0539a,여자,65,전라남,고등학교,지게차 운전원,여성,7,60대,전라남,고졸
6980,10f3bb09783f4e948ca6d017e9cae958,여자,60,인천,초등학교,무직,여성,7,60대,인천광역시,초졸이하
6981,30ceebdd55624f8a9bb3da273695f11b,여자,66,경상남,중학교,무직,여성,7,60대,경상남도,중졸
6982,7b7aa5150ff644198a00abb268fb7a56,여자,62,부산,2~3년제 전문대학,그 외 경호 및 보안 관련 종사원,여성,7,60대,부산광역시,전문대졸
6983,3191decd46464bf0bf7e37a1ffcfc042,여자,67,경상남,초등학교,무직,여성,7,60대,경상남도,초졸이하
6984,01c1c762ca8043acbc9a1005f33eff8e,여자,68,울산,중학교,주방 보조원,여성,7,60대,울산광역시,중졸
6985,aa24f2bd97ce40a594ddcc65345d4ef1,여자,66,대구,고등학교,노인 및 장애인 돌봄 서비스 종사원,여성,7,60대,대구광역시,고졸
6986,87f058c1f0ed474bb3a56d6b07203971,여자,60,인천,고등학교,그 외 물품 이동 장비 조작원,여성,7,60대,인천광역시,고졸
6987,11e2ec2c15fe49949d15001d4817d787,여자,60,충청남,고등학교,"전직 보육 관련 시설 서비스 종사원, 현재 구직중",여성,7,60대,충청남,고졸
6988,d6c66f24d6804469b78a71ab4a48fd7c,여자,66,부산,고등학교,무직,여성,7,60대,부산광역시,고졸
6989,77108079578147dcb44ebb8913a4df4e,여자,64,경기,고등학교,건물 경비원,여성,7,60대,경기도,고졸
6990,a06dc90565f5438e8af7997d4bb7d6b6,여자,62,경상북,중학교,무직,여성,7,60대,경상북도,중졸
6991,395f0946786246f08fd7ce6649c15d90,여자,66,울산,초등학교,무직,여성,7,60대,울산광역시,초졸이하
6992,4aeca5e8853e489c8b2e34067b223f16,여자,63,경상남,중학교,무직,여성,7,60대,경상남도,중졸
6993,c3dfb1111f4b41789ae2b60bbe5cf3c1,여자,61,인천,4년제 대학교,그 외 스포츠 및 레크리에이션 관련 전문가,여성,7,60대,인천광역시,대졸
6994,a66556997be14a3799c9bac174067747,여자,60,경기,중학교,무직,여성,7,60대,경기도,중졸
6995,107bf04eeadb40f3a3d055af7d327ea8,여자,63,서울,고등학교,무직,여성,7,60대,서울특별시,고졸
6996,cadba680fedf4b66b4e343c0d6624cbc,여자,66,강원,고등학교,"전직 주방 보조원, 현재 구직중",여성,7,60대,강원특별자치도,고졸
6997,11bea86092564d58811df530df8c3820,여자,61,인천,중학교,무직,여성,7,60대,인천광역시,중졸
6998,e0adc3bb3b7e44b09e7de6c8e9619405,여자,62,부산,고등학교,무직,여성,7,60대,부산광역시,고졸
6999,9d74cc93b4744435a514ad0ea9154680,여자,62,서울,초등학교,건물 청소원,여성,7,60대,서울특별시,초졸이하
7000,ac1261be44214bbebd52d44d9d69875f,여자,63,울산,고등학교,건물 청소원,여성,7,60대,울산광역시,고졸
7001,e08d6a9f38e64a4696f97ec2e27ca289,여자,69,인천,4년제 대학교,무직,여성,7,60대,인천광역시,대졸
7002,5427177e20a849c6941ac2de63d12401,여자,67,경기,중학교,무직,여성,7,60대,경기도,중졸
7003,5829682de69946b9a65bdf27adc8961e,여자,69,서울,중학교,무직,여성,7,60대,서울특별시,중졸
7004,ef0433dc1007473399fbe3edc7afbf82,여자,67,경기,초등학교,무직,여성,7,60대,경기도,초졸이하
7005,c60f99607a5544cca33912f60a933625,여자,66,경기,고등학교,상담 전문가,여성,7,60대,경기도,고졸
7006,6753c4328c1d48bebb100c5ef93e855e,여자,61,경기,중학교,무직,여성,7,60대,경기도,중졸
7007,c2d077f48330456aa9679df409caccc2,여자,69,경상남,중학교,무직,여성,7,60대,경상남도,중졸
7008,44e20cd7dec24953887217e10ee9a9e8,여자,60,부산,고등학교,무직,여성,7,60대,부산광역시,고졸
7009,e16efccf2424420eaf03fd863d70ffad,여자,68,대구,초등학교,무직,여성,7,60대,대구광역시,초졸이하
7010,1a0df1d437574a0fb068244a2fabfabd,여자,69,부산,고등학교,편직기 조작원,여성,7,60대,부산광역시,고졸
7011,8348acd6dc5a4a098372db30bb320e72,여자,60,충청북,고등학교,무직,여성,7,60대,충청북,고졸
7012,ed11554affc64cbbbd247183b3922615,여자,68,강원,초등학교,무직,여성,7,60대,강원특별자치도,초졸이하
7013,1cb1fef54a6b4d34993bb6fca2b814fa,여자,69,서울,고등학교,무직,여성,7,60대,서울특별시,고졸
7014,c3c076321ce1414083400ffddd083d51,여자,61,부산,고등학교,무직,여성,7,60대,부산광역시,고졸
7015,f4104533bf9f4009abb164e5511b03ff,여자,67,경상남,4년제 대학교,"전직 온라인 쇼핑 판매원, 현재 구직중",여성,7,60대,경상남도,대졸
7016,94595f06b54a42d292730baf7de1403f,여자,64,경기,2~3년제 전문대학,무직,여성,7,60대,경기도,전문대졸
7017,403fcba48d8644b78e8f19ec5d21fb72,여자,63,경기,2~3년제 전문대학,간호조무사,여성,7,60대,경기도,전문대졸
7018,bef0f01553f6438b9ede7b846c747409,여자,63,충청북,고등학교,시내버스 운전원,여성,7,60대,충청북,고졸
7019,c924a4e27c8340879d69c71cbe260f57,여자,68,서울,중학교,하역 및 적재 관련 단순 종사원,여성,7,60대,서울특별시,중졸
7020,4eaf70f8bba24358aef65aa9c5baa75f,여자,68,경기,중학교,무직,여성,7,60대,경기도,중졸
7021,bc2ee117beca4577b8a0362c97208e39,여자,69,전라남,초등학교,건물 청소원,여성,7,60대,전라남,초졸이하
7022,4a045d0c707d465fbed3ef978f2f41e9,여자,69,서울,고등학교,그 외 서비스 관련 단순 종사원,여성,7,60대,서울특별시,고졸
7023,d84921d87b37433ea293f1107ecc7c59,여자,68,서울,고등학교,승용차 및 승합차 운전원,여성,7,60대,서울특별시,고졸
7024,bb5e25dba7f84f21ad92e8e7cfdeeb5b,여자,69,충청북,초등학교,노점 및 이동 판매원,여성,7,60대,충청북,초졸이하
7025,6b2c4aff55e94336a31effb05b71036f,여자,60,경상북,4년제 대학교,경리 사무원,여성,7,60대,경상북도,대졸
7026,92a6e285b2a642aa832a7c1558e891ec,여자,60,충청남,중학교,무직,여성,7,60대,충청남,중졸
7027,7c7d8055ce5f4459af10665bb802d979,여자,66,서울,고등학교,무직,여성,7,60대,서울특별시,고졸
7028,220cd9cce2214bb78c5efc48246ea9de,여자,61,서울,고등학교,무직,여성,7,60대,서울특별시,고졸
7029,6d5ff6de24254455bf2075c7623104a8,여자,63,세종,고등학교,무직,여성,7,60대,세종특별자치시,고졸
7030,4977a35831254012901f6f75346c84bb,여자,60,전라남,초등학교,하역 및 적재 관련 단순 종사원,여성,7,60대,전라남,초졸이하
7031,91070824f25b4a39a1654fe33ae16d8e,여자,62,충청북,2~3년제 전문대학,무직,여성,7,60대,충청북,전문대졸
7032,75a94412683d4047b41e3953fa3634f3,여자,65,경기,초등학교,하역 및 적재 관련 단순 종사원,여성,7,60대,경기도,초졸이하
7033,4d9094ca7946454cbf69e95eee787bfc,여자,64,강원,초등학교,무직,여성,7,60대,강원특별자치도,초졸이하
7034,19a29b90391a467a9cd2bbdf2891ab9a,여자,61,경기,고등학교,그 외 직물·신발 관련 기계 조작원 및 조립원,여성,7,60대,경기도,고졸
7035,29cc370124614886b09c0e043bb3da6c,여자,61,대전,고등학교,무직,여성,7,60대,대전광역시,고졸
7036,bafda3f492844db7828b91f9b91a1055,여자,68,인천,중학교,건물 청소원,여성,7,60대,인천광역시,중졸
7037,bc7070ff7ea14c95a931589b90a5192b,여자,61,전북,고등학교,무직,여성,7,60대,전북특별자치도,고졸
7038,c7c1da01de534013a0f0d86dfc8e2704,여자,68,인천,고등학교,무직,여성,7,60대,인천광역시,고졸
7039,c26f41b365084423b0c2262defb29cb7,여자,69,경상북,고등학교,무직,여성,7,60대,경상북도,고졸
7040,c1ca39d0fe5a486199e469e249ca7053,여자,69,경상남,고등학교,금속 세척기 조작원,여성,7,60대,경상남도,고졸
7041,c5baddf3fd1c45e1bd897276dc4f50cd,여자,65,경상북,고등학교,무직,여성,7,60대,경상북도,고졸
7042,175e27edef3347c8af48ea289a1a5758,여자,67,서울,중학교,시설 경비원,여성,7,60대,서울특별시,중졸
7043,c7bdcddddf4d43d4b0b92c1cb9b37cac,여자,60,서울,중학교,무직,여성,7,60대,서울특별시,중졸
7044,55023f21320b44819483f040803f1225,여자,60,경기,고등학교,가사 도우미,여성,7,60대,경기도,고졸
7045,c5bdba32e6204bf09e925447263977ec,여자,63,경기,2~3년제 전문대학,무직,여성,7,60대,경기도,전문대졸
7046,3a6d4b81d3b74d9b8e3225a90539313b,여자,68,경기,초등학교,한식 조리사,여성,7,60대,경기도,초졸이하
7047,8865e1fc1696463b91336bfa40f08494,여자,66,전북,고등학교,무직,여성,7,60대,전북특별자치도,고졸
7048,8336ef14b6fb4152afa9e259abfa6690,여자,66,서울,중학교,무직,여성,7,60대,서울특별시,중졸
7049,8fcdb28dae1a4e968381baf966fd498e,여자,61,서울,고등학교,무직,여성,7,60대,서울특별시,고졸
7050,aa0db237c2224396af1316bb7ccaba36,여자,60,서울,고등학교,경리 사무원,여성,7,60대,서울특별시,고졸
7051,e61216b69cdf4c9397aba5162ee5ae9a,여자,62,부산,대학원,영업 관련 관리자,여성,7,60대,부산광역시,대학원졸
7052,f75ce03f85f6473a93c84f07ef541bf1,여자,67,경기,초등학교,노점 및 이동 판매원,여성,7,60대,경기도,초졸이하
7053,11fbbfd76b174235ad4e0b57618cd03e,여자,66,경상남,중학교,한식 조리사,여성,7,60대,경상남도,중졸
7054,c36dd8163f9e40ed84dc322d536a7730,여자,62,경상북,중학교,무직,여성,7,60대,경상북도,중졸
7055,7b2412bb86ce4efca8cbb21e095e41e9,여자,66,서울,고등학교,무직,여성,7,60대,서울특별시,고졸
7056,7ad9149d510c456d9e04cf40439f9d1c,여자,65,경기,무학,무직,여성,7,60대,경기도,무학
7057,d09efd6a7ac3465fa29b9db0b77159b9,여자,67,부산,초등학교,무직,여성,7,60대,부산광역시,초졸이하
7058,9277af928d4b49209d1bfe99971ac3a8,여자,68,경기,중학교,그 외 서비스 관련 단순 종사원,여성,7,60대,경기도,중졸
7059,5ec0f21a5ab64173b60f17094461a464,여자,64,부산,고등학교,무직,여성,7,60대,부산광역시,고졸
7060,1666a24a5a364142a99a9f64f247c72c,여자,65,경기,초등학교,무직,여성,7,60대,경기도,초졸이하
7061,f8b452479fd3473a9e8f74c25012b31c,여자,68,강원,고등학교,무직,여성,7,60대,강원특별자치도,고졸
7062,4d2efad8e71249cbbf78e95f1c76fe07,여자,64,대구,중학교,무직,여성,7,60대,대구광역시,중졸
7063,6bf4d6523a4d456d87d773e09af560f1,여자,64,인천,중학교,무직,여성,7,60대,인천광역시,중졸
7064,143d9dfd19ec4685a03477171e728f5d,여자,64,대구,중학교,건물 청소원,여성,7,60대,대구광역시,중졸
7065,feae749ed91d4894ac77f7ae0022643f,여자,61,서울,고등학교,무직,여성,7,60대,서울특별시,고졸
7066,0860a52b7ff442f39ce5002192819f1e,여자,61,경기,중학교,무직,여성,7,60대,경기도,중졸
7067,0e7ddfaf7d9f4ca3b9c3d667494c7f92,여자,62,충청남,고등학교,무직,여성,7,60대,충청남,고졸
7068,18bf2160f2ae46aca33114f77d418a9a,여자,63,제주,고등학교,그 외 상점 판매원,여성,7,60대,제주특별자치도,고졸
7069,4d092f050a734a86999bc3839e6e871c,여자,67,경상남,중학교,무직,여성,7,60대,경상남도,중졸
7070,34db50dd710242fdbb3a943e719e000e,여자,62,대전,초등학교,건물 경비원,여성,7,60대,대전광역시,초졸이하
7071,c6d505f85d4c4554892736ae1d105792,여자,64,충청북,중학교,국가행정 사무원,여성,7,60대,충청북,중졸
7072,1434ed849a474747a22268aa8884ce21,여자,63,서울,고등학교,여행 사무원,여성,7,60대,서울특별시,고졸
7073,eba6bc3e223e4357909ca96b4238855c,여자,63,경기,고등학교,무직,여성,7,60대,경기도,고졸
7074,7596effe4366415b970f9cf17c09ee95,여자,62,부산,고등학교,그 외 돌봄 및 보건 서비스 종사원,여성,7,60대,부산광역시,고졸
7075,e2499f9a82274b70965a67e20fb2dfdf,여자,61,부산,고등학교,무직,여성,7,60대,부산광역시,고졸
7076,39cde42b08e3448a82cc6772083682a4,여자,64,경기,고등학교,경·소형 화물차 운전원,여성,7,60대,경기도,고졸
7077,00dc7bc52a074ef59a355556e1454ca6,여자,65,전북,초등학교,무직,여성,7,60대,전북특별자치도,초졸이하
7078,b4a286b83cd740159ea44fa10edf2d36,여자,63,경기,중학교,무직,여성,7,60대,경기도,중졸
7079,42910edb9bb64cc58910052c937fcd0a,여자,67,경기,중학교,무직,여성,7,60대,경기도,중졸
7080,60613d2a11cf44928d8bf26f9045ee92,여자,63,경기,초등학교,무직,여성,7,60대,경기도,초졸이하
7081,b7044e6875a441da810f583b2b4a0718,여자,65,경기,고등학교,무직,여성,7,60대,경기도,고졸
7082,fe3e1b0478a5431c81aa4809335b589c,여자,60,경기,대학원,무직,여성,7,60대,경기도,대학원졸
7083,8653363ca1bc4049be6c73c4676e48b9,여자,61,경기,초등학교,무직,여성,7,60대,경기도,초졸이하
7084,baa77c986efb4b6c9a3f76b603d9fb5b,여자,63,서울,중학교,무직,여성,7,60대,서울특별시,중졸
7085,f2b11f4585be4a30b13779d5a1481695,여자,63,경상북,초등학교,건물 청소원,여성,7,60대,경상북도,초졸이하
7086,c78024bb18b6422b863a35677f37979b,여자,65,경상남,중학교,무직,여성,7,60대,경상남도,중졸
7087,a204ae4922bc4cbda6ec3a20b1d8b586,여자,60,경기,고등학교,무직,여성,7,60대,경기도,고졸
7088,f690ad2a14c342f9aa7976ca1f3c4e47,여자,65,강원,중학교,무직,여성,7,60대,강원특별자치도,중졸
7089,8d0289d398524b86be095b38cb23ae18,여자,67,경상북,초등학교,무직,여성,7,60대,경상북도,초졸이하
7090,3ae8d72d7a2741228be0d36d87739eb5,여자,62,경기,4년제 대학교,무직,여성,7,60대,경기도,대졸
7091,6ecda7a7c93f454d905261b91e8b5fd8,여자,67,경기,고등학교,무직,여성,7,60대,경기도,고졸
7092,af9fa4d9d6164f1eb95809e3ace0dedb,여자,65,서울,초등학교,"전직 데스크 안내원, 현재 구직중",여성,7,60대,서울특별시,초졸이하
7093,a892e3ee06c34e1d95f862221cd200b5,여자,60,전라남,고등학교,무직,여성,7,60대,전라남,고졸
7094,12e93c98482a46e4b4ee46176240141c,여자,64,서울,고등학교,무직,여성,7,60대,서울특별시,고졸
7095,2931111711bd4ede89de144a2b573d5f,여자,65,경상남,중학교,무직,여성,7,60대,경상남도,중졸
7096,d72297460c5d41c09bd1859d3b4629a6,여자,62,서울,고등학교,무직,여성,7,60대,서울특별시,고졸
7097,745767565c4f47db926d3dd42ae3e681,여자,62,서울,4년제 대학교,사서,여성,7,60대,서울특별시,대졸
7098,cde2d67501da49f0b4b5cf1e5348bac7,여자,60,울산,고등학교,무직,여성,7,60대,울산광역시,고졸
7099,4719f9bd90184bb5aa2639ea36a1967d,여자,69,경기,중학교,무직,여성,7,60대,경기도,중졸
7100,d12d5f185ce24d4a8a5e02990c85b7c5,여자,66,부산,초등학교,무직,여성,7,60대,부산광역시,초졸이하
7101,5b1ee995f9e94c328ed7f8a33db81224,여자,67,광주,4년제 대학교,무직,여성,7,60대,광주광역시,대졸
7102,30426b1d27994a348d38b4d1867e037c,여자,62,광주,고등학교,무직,여성,7,60대,광주광역시,고졸
7103,a1f1766e15d54cc99dbcc99bbf72bbbe,여자,66,강원,초등학교,무직,여성,7,60대,강원특별자치도,초졸이하
7104,6c1d93a2b7534d518532b45e5b6c1eb5,여자,63,경상남,고등학교,무직,여성,7,60대,경상남도,고졸
7105,f4a6cee15fa14d60b3c207ec09146e10,여자,69,서울,초등학교,무직,여성,7,60대,서울특별시,초졸이하
7106,557b5124b105453095002f595f1b79b9,여자,61,경기,2~3년제 전문대학,무직,여성,7,60대,경기도,전문대졸
7107,cd58d47fc0df472db81078cd5d6e846b,여자,61,광주,고등학교,무직,여성,7,60대,광주광역시,고졸
7108,5a5d4ea789ea4a84b30f392cf25f181e,여자,61,경기,중학교,주방 보조원,여성,7,60대,경기도,중졸
7109,966959dc474b4be08cb580e5e4586082,여자,62,광주,고등학교,무직,여성,7,60대,광주광역시,고졸
7110,48e9a88818ab4c798d0a8393cd659256,여자,60,부산,고등학교,경·소형 화물차 운전원,여성,7,60대,부산광역시,고졸
7111,938a678926b84d2c94fa5b603aa272b5,여자,64,서울,4년제 대학교,일반 한의사,여성,7,60대,서울특별시,대졸
7112,96175aab26164a388679d864a0a714d1,여자,62,전라남,2~3년제 전문대학,"전직 경리 사무원, 현재 구직중",여성,7,60대,전라남,전문대졸
7113,9d70ae6c34454130b3dfc2d82fa9d122,여자,61,서울,4년제 대학교,무직,여성,7,60대,서울특별시,대졸
7114,e5759124ec0d403e8399e51be5a16e2d,여자,64,전라남,중학교,무직,여성,7,60대,전라남,중졸
7115,ddbb76c3d6a94a5585bbbdcab988706b,여자,66,강원,중학교,무직,여성,7,60대,강원특별자치도,중졸
7116,c8b17d87003d43508bcee80f65f37fb1,여자,69,경기,대학원,무직,여성,7,60대,경기도,대학원졸
7117,700f8cf1555b478ca24d351477a6bd64,여자,65,충청남,초등학교,무직,여성,7,60대,충청남,초졸이하
7118,b442f6f5d91443e495be91dc8d413db6,여자,64,경상남,고등학교,무직,여성,7,60대,경상남도,고졸
7119,57ab8b46a1264df18a88256ed443bf3a,여자,63,경기,4년제 대학교,무직,여성,7,60대,경기도,대졸
7120,566d88913d3e4c9095393b685bbfa8f3,여자,66,인천,대학원,경영 기획 사무원,여성,7,60대,인천광역시,대학원졸
7121,b43cacc4db4446c0a267b9a042028275,여자,69,경기,고등학교,무직,여성,7,60대,경기도,고졸
7122,af1b82f4d3a143319d30abaa68d1548e,여자,69,경상북,고등학교,음식 서비스 종사원,여성,7,60대,경상북도,고졸
7123,39f1ea9f2d6f4b9080967a6a7278bd18,여자,62,경기,2~3년제 전문대학,그 외 일반 영업원,여성,7,60대,경기도,전문대졸
7124,53cd9876472240b4b4502a068d376dfa,여자,62,경기,중학교,매장 정리원,여성,7,60대,경기도,중졸
7125,fea58423d7d7476d9548c64af54433b3,여자,63,경기,중학교,음식 서비스 종사원,여성,7,60대,경기도,중졸
7126,cfa54a4ee0d44a5f8111e7ab2105a0e8,여자,61,충청북,4년제 대학교,보육 관련 시설 서비스 종사원,여성,7,60대,충청북,대졸
7127,681fbe1fe9d74da993100d2a3c20b100,여자,66,서울,4년제 대학교,무직,여성,7,60대,서울특별시,대졸
7128,1ca5fb9dce7c410094d61a0c1c983d58,여자,68,충청북,고등학교,무직,여성,7,60대,충청북,고졸
7129,d78904285bf04b13b0f6e44243ed4abc,여자,64,경상북,2~3년제 전문대학,무직,여성,7,60대,경상북도,전문대졸
7130,24ab0b8e5d1347cf81303d172991da25,여자,62,경기,고등학교,무직,여성,7,60대,경기도,고졸
7131,9f6d103a34cc45e59c5c122e767253ed,여자,63,충청북,중학교,그 외 돌봄 및 보건 서비스 종사원,여성,7,60대,충청북,중졸
7132,cf738696ac4742448a84bbe55c25282a,여자,68,전북,초등학교,무직,여성,7,60대,전북특별자치도,초졸이하
7133,dbf6c85525bf41fc956ae3e11b9ad779,여자,68,경기,고등학교,무직,여성,7,60대,경기도,고졸
7134,16b4872d02af4b448eba4fc7f818103c,여자,69,경상남,중학교,금속기계 부품 조립원,여성,7,60대,경상남도,중졸
7135,44db3f77d68440f48c64e218055ca128,여자,64,광주,초등학교,무직,여성,7,60대,광주광역시,초졸이하
7136,322ac59252324eef9783d2e7775533c9,여자,60,충청남,중학교,무직,여성,7,60대,충청남,중졸
7137,db3eff4d854c47958c373b9da7b5e60a,여자,63,강원,고등학교,무직,여성,7,60대,강원특별자치도,고졸
7138,dee47c21149f4b2b88219c79f309254c,여자,64,경기,2~3년제 전문대학,무직,여성,7,60대,경기도,전문대졸
7139,89b5d561ec3a4060b669c524b3b15367,여자,65,서울,초등학교,무직,여성,7,60대,서울특별시,초졸이하
7140,3671c2812679403b8713ee745191535d,여자,61,경기,고등학교,그 외 조리사,여성,7,60대,경기도,고졸
7141,cf06c5e54ae04635b593f3ec4eccc423,여자,63,광주,고등학교,그 외 돌봄 및 보건 서비스 종사원,여성,7,60대,광주광역시,고졸
7142,05c7436b5e8941e082d00b1fcdd6dce9,여자,62,경상북,고등학교,무직,여성,7,60대,경상북도,고졸
7143,4d97fcec754f47e0aff3c9430714df35,여자,65,경기,고등학교,음식 서비스 종사원,여성,7,60대,경기도,고졸
7144,06f299536c3c4f5d87f60ec63cb63dc2,여자,64,충청남,고등학교,무직,여성,7,60대,충청남,고졸
7145,42c4dfe7c8bf467e89f2f3b008c29756,여자,67,강원,중학교,무직,여성,7,60대,강원특별자치도,중졸
7146,a6e7ab45fb334017814fef7cd0f6fedb,여자,69,경상북,4년제 대학교,무직,여성,7,60대,경상북도,대졸
7147,7ebc032eaa4c4a2fb9f993a2bd7803c4,여자,60,충청북,고등학교,경·소형 화물차 운전원,여성,7,60대,충청북,고졸
7148,c8b23fbbaea5493c9e35b84dda3c20d8,여자,60,충청북,고등학교,무직,여성,7,60대,충청북,고졸
7149,ccd851c606f748efa7a40fd8995d3448,여자,63,경기,고등학교,"전직 전자제품 제조 기계 조작원, 현재 구직중",여성,7,60대,경기도,고졸
7150,8ee62fcf11a641fea40d1b90849c1f05,여자,63,인천,대학원,상품 기획자,여성,7,60대,인천광역시,대학원졸
7151,73b96692a59b4f80b10ed4d9390512e6,여자,65,인천,중학교,노점 및 이동 판매원,여성,7,60대,인천광역시,중졸
7152,c6884c93e53d41fd835f64bd3e15b93e,여자,66,경기,4년제 대학교,치료사 보조원,여성,7,60대,경기도,대졸
7153,dd8ed088a2a449809d88bcfa171a642b,여자,68,경상남,초등학교,무직,여성,7,60대,경상남도,초졸이하
7154,7a8c42bf3cd04e3594bb8a06d74baa6d,여자,62,대구,고등학교,무직,여성,7,60대,대구광역시,고졸
7155,e1e76a37392e4f76bd8dbf7c6b29f798,여자,63,경상북,4년제 대학교,무직,여성,7,60대,경상북도,대졸
7156,4e8d329a368a452b8d06a09a838938fb,여자,60,대구,2~3년제 전문대학,무직,여성,7,60대,대구광역시,전문대졸
7157,c4de3c1100284660ab644d5f78b2fc7c,여자,60,경상남,중학교,무직,여성,7,60대,경상남도,중졸
7158,73d05db946574e63a6e7970b0b172941,여자,62,서울,고등학교,"전직 주방 보조원, 현재 구직중",여성,7,60대,서울특별시,고졸
7159,28ded9d5441245b8ad2e6185efe908fa,여자,61,부산,고등학교,그 외 서비스 관련 단순 종사원,여성,7,60대,부산광역시,고졸
7160,c0f0e93912924f648a8220cc1569ed35,여자,62,충청남,고등학교,무직,여성,7,60대,충청남,고졸
7161,e20f2e1f0f8040c9b92ffa0a75d674ad,여자,66,강원,초등학교,무직,여성,7,60대,강원특별자치도,초졸이하
7162,75f3fdbeaff34e75b9ed66cfa6c86908,여자,66,경기,중학교,한식 조리사,여성,7,60대,경기도,중졸
7163,b8c9093c6b6f4bc3b75656b2075a8d69,여자,69,충청남,고등학교,무직,여성,7,60대,충청남,고졸
7164,1a92da52e7ac4318bb9c92d16aa7591f,여자,66,경상북,고등학교,일반 비서,여성,7,60대,경상북도,고졸
7165,766d10e2e47f40b0a446847abdfe861c,여자,67,경기,고등학교,무직,여성,7,60대,경기도,고졸
7166,15b27afa62ad419ebc1596c08696ec9e,여자,64,강원,고등학교,무직,여성,7,60대,강원특별자치도,고졸
7167,41dfcf3502b247c5992d944ee08424bf,여자,69,울산,초등학교,무직,여성,7,60대,울산광역시,초졸이하
7168,8bcabb77ec484bf7aad61627473c9dc2,여자,62,부산,고등학교,무직,여성,7,60대,부산광역시,고졸
7169,dcb4ef500d6b442b89e87384578af308,여자,67,전북,초등학교,무직,여성,7,60대,전북특별자치도,초졸이하
7170,5bcecc835aa345caa1a965ffe226990e,여자,64,울산,중학교,무직,여성,7,60대,울산광역시,중졸
7171,3450e972c776461fa04a8ea689b8c1ed,여자,61,대구,4년제 대학교,무직,여성,7,60대,대구광역시,대졸
7172,4e00191643f84632a4b4842cccd6f23f,여자,61,충청북,고등학교,무직,여성,7,60대,충청북,고졸
7173,89bfd1d28e6a4f09bca0577dd8871ab2,여자,63,대전,중학교,그 외 택배원,여성,7,60대,대전광역시,중졸
7174,9b3817888b0948609b5997f2c4cfb492,여자,60,인천,고등학교,무직,여성,7,60대,인천광역시,고졸
7175,ee7a79744e1f4a408f15bbbae0f5b93c,여자,66,서울,고등학교,무직,여성,7,60대,서울특별시,고졸
7176,2f1951effb5e4d48beb1ef773688527f,여자,62,서울,고등학교,무직,여성,7,60대,서울특별시,고졸
7177,c0e4f01e04594f40bd22ad433197304a,여자,62,서울,고등학교,무직,여성,7,60대,서울특별시,고졸
7178,685ce8e2d203486dbec6a573512deee3,여자,68,경기,고등학교,음식 서비스 종사원,여성,7,60대,경기도,고졸
7179,2393f985c4054b8e9785e1078956ff4c,여자,67,경상남,중학교,건물 청소원,여성,7,60대,경상남도,중졸
7180,fef0f8e14b9c46c1941b307dbe92ca4c,여자,64,서울,고등학교,무직,여성,7,60대,서울특별시,고졸
7181,ffd36e14b66247eaa09650f93acf1a10,여자,64,부산,중학교,무직,여성,7,60대,부산광역시,중졸
7182,2c80a9b2d3d84f1190f6e0cde1cf7d2d,여자,64,경기,고등학교,무직,여성,7,60대,경기도,고졸
7183,799bbd031c634182990634a7a73f1ba6,여자,60,광주,고등학교,무직,여성,7,60대,광주광역시,고졸
7184,520f59df8b384720b1a63068a3167b85,여자,62,강원,고등학교,무직,여성,7,60대,강원특별자치도,고졸
7185,1bc03c5003fc41ccbe34ab4949851dc5,여자,68,강원,초등학교,무직,여성,7,60대,강원특별자치도,초졸이하
7186,eecc141d8d0b438ba4bf1ecaac407fdf,여자,67,경기,중학교,하역 및 적재 관련 단순 종사원,여성,7,60대,경기도,중졸
7187,31a32a9d36bc494ca7948c87982864f9,여자,64,충청남,중학교,무직,여성,7,60대,충청남,중졸
7188,d72980e9f06148b5ae89c4ce7d3eb615,여자,68,경기,고등학교,무직,여성,7,60대,경기도,고졸
7189,bd4830cb2f944d1d811b1c896833604d,여자,66,경상남,고등학교,무직,여성,7,60대,경상남도,고졸
7190,4b1da9bc20d247c1a69f67e975c6d852,여자,63,경기,고등학교,무직,여성,7,60대,경기도,고졸
7191,e9abd489fbe7460fa9ffedea35b14589,여자,64,인천,초등학교,무직,여성,7,60대,인천광역시,초졸이하
7192,42b51bf0b839426fac1df47a170bc6ae,여자,64,서울,대학원,무직,여성,7,60대,서울특별시,대학원졸
7193,8918e55bebd54ce88195564af513a5e2,여자,67,강원,고등학교,무직,여성,7,60대,강원특별자치도,고졸
7194,7eb1e670ed434272866a6757e60ea15c,여자,68,전북,고등학교,부동산 중개사,여성,7,60대,전북특별자치도,고졸
7195,b23521ab221c4661a247d326bef8fb57,여자,64,경상남,고등학교,그 외 운송장비 조립원,여성,7,60대,경상남도,고졸
7196,181296d76757432681ad47e0fc74ae7f,여자,60,경기,중학교,그 외 상점 판매원,여성,7,60대,경기도,중졸
7197,3aefed48937044cabb6b843c10f3bec8,여자,63,대구,고등학교,그 외 음료 조리사,여성,7,60대,대구광역시,고졸
7198,1c836863b4584cab9774e805fe7ba878,여자,68,대구,중학교,무직,여성,7,60대,대구광역시,중졸
7199,7de5c7a8309341ed8fc4f475022f3857,여자,69,충청남,고등학교,무직,여성,7,60대,충청남,고졸
7200,891f770e45384d31b19c2ca849c73ffe,여자,67,서울,중학교,무직,여성,7,60대,서울특별시,중졸
7201,e117a44885414004a627c9e141103612,여자,68,서울,초등학교,무직,여성,7,60대,서울특별시,초졸이하
7202,5837a332e0dd4d0f900986d04a8ad37e,여자,67,경상북,중학교,무직,여성,7,60대,경상북도,중졸
7203,f93d39eee62f4a6cac8a571e2ae19c67,여자,61,경기,고등학교,무직,여성,7,60대,경기도,고졸
7204,4590793c7ac042c4a88ea73d37308b05,여자,66,경상북,고등학교,무직,여성,7,60대,경상북도,고졸
7205,8cb51e275add43c881677e9bb57832d2,여자,61,경기,고등학교,무직,여성,7,60대,경기도,고졸
7206,e498ebece5824430a6ca78de61fe9223,여자,64,제주,고등학교,무직,여성,7,60대,제주특별자치도,고졸
7207,148f07a7b67448ecacf74e07969f9f95,여자,68,경기,초등학교,무직,여성,7,60대,경기도,초졸이하
7208,c0bcfbfc75054c929288402c16c1a4b1,여자,67,서울,고등학교,전화 상담원,여성,7,60대,서울특별시,고졸
7209,ced8ae0e8c4647bcb851f5e7b473d8b0,여자,62,경기,2~3년제 전문대학,무직,여성,7,60대,경기도,전문대졸
7210,c9ea0e6717e6434ebe99bf33fccc15cf,여자,64,충청남,중학교,시계 및 카메라 수리원,여성,7,60대,충청남,중졸
7211,b66493380eaf4f9580f517bc604fa444,여자,65,경기,고등학교,무직,여성,7,60대,경기도,고졸
7212,a16f9bb64e23493a82af8368cddf07a4,여자,65,인천,중학교,주차 관리원,여성,7,60대,인천광역시,중졸
7213,469a381b5dbc43a59f3baa1412701b13,여자,65,충청북,초등학교,무직,여성,7,60대,충청북,초졸이하
7214,233557d58fe14a7abe3e7d62ee0b6641,여자,65,경기,중학교,무직,여성,7,60대,경기도,중졸
7215,d8f3673e77c24f64b229e43be4d16e59,여자,66,인천,고등학교,수리 및 정비 관련 관리자,여성,7,60대,인천광역시,고졸
7216,1bf61e4ebbb24e619e34b3c26fb2af5d,여자,61,충청남,고등학교,무직,여성,7,60대,충청남,고졸
7217,00cdb8dc4f974145a913455b59a498e7,여자,66,인천,고등학교,무직,여성,7,60대,인천광역시,고졸
7218,eeea174abd144afeb759f264232281fe,여자,62,서울,대학원,무직,여성,7,60대,서울특별시,대학원졸
7219,e33adf40afef4c47bc1b31afd5d8f9ba,여자,66,전라남,초등학교,건물 청소원,여성,7,60대,전라남,초졸이하
7220,d07f8f4311224e79af72d306cfa5d2fc,여자,67,인천,고등학교,무직,여성,7,60대,인천광역시,고졸
7221,e0dd60b93f204132bad6654072747488,여자,66,경기,고등학교,무직,여성,7,60대,경기도,고졸
7222,f9a02da1baa7498292565f905f5da1d8,여자,63,경기,고등학교,무직,여성,7,60대,경기도,고졸
7223,c6419ec967b14e64a3fded2a02a0e554,여자,61,제주,고등학교,무직,여성,7,60대,제주특별자치도,고졸
7224,534005cc037a44b2918f20cb689ff794,여자,60,경기,고등학교,무직,여성,7,60대,경기도,고졸
7225,0bd8181a56ff4223a3a4e045eed2d51f,여자,62,서울,4년제 대학교,무직,여성,7,60대,서울특별시,대졸
7226,796f4e8c0e3f44838d6a3d5c8eac2042,여자,61,서울,초등학교,무직,여성,7,60대,서울특별시,초졸이하
7227,0efb8f37226043b797435ae9860ef44f,여자,62,제주,고등학교,"전직 건물 경비원, 현재 구직중",여성,7,60대,제주특별자치도,고졸
7228,6e264c1e722345aea3ea044b2403eca1,여자,62,강원,중학교,무직,여성,7,60대,강원특별자치도,중졸
7229,fdb69efa27d645b0921fe9da41545f3d,여자,62,충청남,고등학교,건물 경비원,여성,7,60대,충청남,고졸
7230,f399aec92e2f40a69bb6c6462fef439a,여자,67,경기,초등학교,무직,여성,7,60대,경기도,초졸이하
7231,56d6cb5f382c43e4abb6f1cae917ac7f,여자,67,경상남,고등학교,무직,여성,7,60대,경상남도,고졸
7232,c729aa282ff5428a92af1be9ebd2678e,여자,63,경상남,고등학교,그 외 돌봄 및 보건 서비스 종사원,여성,7,60대,경상남도,고졸
7233,947bb2e6ef764b55aba80b373b1c1376,여자,69,서울,4년제 대학교,무직,여성,7,60대,서울특별시,대졸
7234,f1b9c3fdf1f541b1bb048e66347d2210,여자,62,서울,고등학교,"전직 시설 경비원, 현재 구직중",여성,7,60대,서울특별시,고졸
7235,802617962d5d4dfb9ae9a8b56fdff22b,여자,66,경기,중학교,그 외 음식 서비스 종사원,여성,7,60대,경기도,중졸
7236,884c3275b47e47aca4644e06052657bb,여자,69,부산,고등학교,무직,여성,7,60대,부산광역시,고졸
7237,d9e6834d5cde482b8d481fa10cb5b952,여자,62,서울,고등학교,간호조무사,여성,7,60대,서울특별시,고졸
7238,2fa5d57f492446128d0f941680d08fe6,여자,63,경상북,중학교,주방 보조원,여성,7,60대,경상북도,중졸
7239,f8128d79b7194e6c827097f460b04f1f,여자,61,서울,중학교,무직,여성,7,60대,서울특별시,중졸
7240,a31bd51f66d246ed9427d3ff11cb9a27,여자,67,대전,초등학교,하역 및 적재 관련 단순 종사원,여성,7,60대,대전광역시,초졸이하
7241,1f748d01e1a34c3daa004038ff151cc8,여자,67,서울,4년제 대학교,국가행정 사무원,여성,7,60대,서울특별시,대졸
7242,534c71d5f27d4b4eb9b85af9faf2d052,여자,64,경기,대학원,경영 컨설턴트,여성,7,60대,경기도,대학원졸
7243,0deaf98210b1487bb6c1dcb4d5bb43e5,여자,69,전라남,고등학교,그 외 판매 관련 단순 종사원,여성,7,60대,전라남,고졸
7244,dfe45a6077974458ab46dfdbd3256eeb,여자,60,강원,고등학교,건물 청소원,여성,7,60대,강원특별자치도,고졸
7245,62202e9c597748cd9bfcb0f44ec1b080,여자,62,경기,중학교,무직,여성,7,60대,경기도,중졸
7246,2d65d09001cc480d87b801b210605f49,여자,64,경상북,중학교,주방 보조원,여성,7,60대,경상북도,중졸
7247,e576c54d70e84e81ad198d3f427e1c33,여자,64,서울,중학교,건물 청소원,여성,7,60대,서울특별시,중졸
7248,e80c6929c08846e4bc63ed16743f1f57,여자,64,경상남,고등학교,건물 청소원,여성,7,60대,경상남도,고졸
7249,f044cc4270654f3cb8d5cb9623d7e813,여자,60,서울,중학교,무직,여성,7,60대,서울특별시,중졸
7250,33de8e07394f41a4922a78cdf59c5f50,여자,66,경상남,중학교,무직,여성,7,60대,경상남도,중졸
7251,9912f46035db435a97c27459bbe7fe13,여자,68,서울,고등학교,중식 조리사,여성,7,60대,서울특별시,고졸
7252,6062581fb678455c8288c456b75f62dc,여자,61,대구,고등학교,국어 교사,여성,7,60대,대구광역시,고졸
7253,92fd9ead87634dd48dffc5652ce19c83,여자,67,울산,고등학교,승용차 및 승합차 운전원,여성,7,60대,울산광역시,고졸
7254,cc67f2af8e8d4f6cbe64d57b4fc90583,여자,62,서울,고등학교,무직,여성,7,60대,서울특별시,고졸
7255,fd3058da56c343ab98602ea2dcab5984,여자,62,전라남,고등학교,무직,여성,7,60대,전라남,고졸
7256,09e139aebf434730a8659956d9f81d06,여자,60,경기,고등학교,주방 보조원,여성,7,60대,경기도,고졸
7257,41eda0911f5b4d448b4efba9aa97bbce,여자,64,서울,고등학교,무직,여성,7,60대,서울특별시,고졸
7258,927829433fa046e8b82841a40a7f01d6,여자,68,경상남,초등학교,무직,여성,7,60대,경상남도,초졸이하
7259,f5afb95ed1db445788edc506d6d6588c,여자,68,전북,고등학교,무직,여성,7,60대,전북특별자치도,고졸
7260,c45044197ae04aa7a6582f87f62ea56a,여자,60,경기,고등학교,무직,여성,7,60대,경기도,고졸
7261,4c88e1facbdb4986a5855a1f94df6504,여자,69,경상북,초등학교,건물 청소원,여성,7,60대,경상북도,초졸이하
7262,dbd33b0fbd8f4f10b4bb604520af1fec,여자,67,경기,중학교,임업 단순 종사원,여성,7,60대,경기도,중졸
7263,83b6191c05bb4f2d90c6617ab3fca5ec,여자,60,경기,고등학교,무직,여성,7,60대,경기도,고졸
7264,d16877aef6cf4270892cae25947361c7,여자,63,광주,초등학교,건물 청소원,여성,7,60대,광주광역시,초졸이하
7265,1c5817938f904ee8a5c4b16e6499811c,여자,65,전북,고등학교,무직,여성,7,60대,전북특별자치도,고졸
7266,d970044614934cdbace9efce76fc275b,여자,69,부산,중학교,건설 단순 종사원,여성,7,60대,부산광역시,중졸
7267,7dc8bf2aaca24832bcf510377ee64956,여자,68,울산,고등학교,무직,여성,7,60대,울산광역시,고졸
7268,d95633d697914d8dad290d71e3995508,여자,60,전북,2~3년제 전문대학,무직,여성,7,60대,전북특별자치도,전문대졸
7269,d7a6ad22ea074ca6995e0ef7fec6b1b9,여자,64,인천,초등학교,그 외 서비스 관련 단순 종사원,여성,7,60대,인천광역시,초졸이하
7270,7576a5bbca794ef99b5615502ac065e5,여자,63,경기,고등학교,무직,여성,7,60대,경기도,고졸
7271,8439aa17bf4248b5a6ed46c4b2f4c357,여자,64,부산,초등학교,무직,여성,7,60대,부산광역시,초졸이하
7272,8831d2ce6f804c30a7a9a38db51fcc28,여자,64,경상남,중학교,무직,여성,7,60대,경상남도,중졸
7273,9a296b1899e84052bbbf88f6f5da7be2,여자,63,경기,고등학교,무직,여성,7,60대,경기도,고졸
7274,d2e8fc04294841b5abf67c4b4d74e274,여자,66,서울,고등학교,무직,여성,7,60대,서울특별시,고졸
7275,2098e9a372ed4e5ca0bf75cc6aa780c8,여자,67,강원,2~3년제 전문대학,무직,여성,7,60대,강원특별자치도,전문대졸
7276,c63e670a3c9d4ed8a030223314a5257b,여자,63,세종,4년제 대학교,보육교사,여성,7,60대,세종특별자치시,대졸
7277,53168c57e14c45398c1ee089c23ffe51,여자,61,부산,고등학교,무직,여성,7,60대,부산광역시,고졸
7278,aa6396bdfce14080acc67de927dda104,여자,62,서울,고등학교,무직,여성,7,60대,서울특별시,고졸
7279,3577f52fff104e46a4543b92d2770baa,여자,68,충청남,중학교,그 외 자동차 운전원,여성,7,60대,충청남,중졸
7280,e2907bfc75b5481eaa0f0d375d23d535,여자,60,경상남,고등학교,무직,여성,7,60대,경상남도,고졸
7281,b386ea9b12ff4e6baf454082b679ac72,여자,63,서울,중학교,전화 상담원,여성,7,60대,서울특별시,중졸
7282,73757a153a534767b6f282e9babc5df3,여자,61,부산,고등학교,무직,여성,7,60대,부산광역시,고졸
7283,c57b39691c694885bcb564ec28bd7e84,여자,61,경기,초등학교,무직,여성,7,60대,경기도,초졸이하
7284,530063ccdca040dca676dee63489801c,여자,68,서울,초등학교,매장 정리원,여성,7,60대,서울특별시,초졸이하
7285,90d2868c54da44238d23e1a498dbe914,여자,69,경기,중학교,무직,여성,7,60대,경기도,중졸
7286,4c5f9403d9e7466a8d0ab675b36e633d,여자,60,경기,대학원,보육교사,여성,7,60대,경기도,대학원졸
7287,3096d064bf6c4cdbb7437439c49379cf,여자,64,서울,초등학교,무직,여성,7,60대,서울특별시,초졸이하
7288,b528e1e62965457ab3a0c3a82a3c95eb,여자,61,경기,초등학교,음식 배달원,여성,7,60대,경기도,초졸이하
7289,fdb7a7b334854dc29af63da630a790ab,여자,64,경기,고등학교,부동산 중개사,여성,7,60대,경기도,고졸
7290,99708a3e57f941a88c81c5bc7a41c94c,여자,68,제주,중학교,주방 보조원,여성,7,60대,제주특별자치도,중졸
7291,97fb219897d24f36b0eb3c108b870400,여자,66,부산,초등학교,주차 관리원,여성,7,60대,부산광역시,초졸이하
7292,4a3b95b572c5433bb847d851e8816a62,여자,61,경상남,중학교,육아 도우미,여성,7,60대,경상남도,중졸
7293,31ac0b77233c4e909c77e4fe4095a84e,여자,60,충청남,고등학교,무직,여성,7,60대,충청남,고졸
7294,ca3bafa15ab94fc8a1cf3a99f6b5fafc,여자,64,서울,고등학교,노인 및 장애인 돌봄 서비스 종사원,여성,7,60대,서울특별시,고졸
7295,717ba6d8d5a6424a85c557a12c8be7d7,여자,68,경기,초등학교,무직,여성,7,60대,경기도,초졸이하
7296,803d26f7f79348888a7b5c997e7f555b,여자,60,충청북,4년제 대학교,무직,여성,7,60대,충청북,대졸
7297,b0ab5c8883d048658b4fa966e0bd0483,여자,61,광주,고등학교,무직,여성,7,60대,광주광역시,고졸
7298,b50a452f516f489189e71b814515a24e,여자,60,대구,고등학교,무직,여성,7,60대,대구광역시,고졸
7299,56c348c4571c4e60a154c18c18828293,여자,63,강원,고등학교,무직,여성,7,60대,강원특별자치도,고졸
7300,987b7c03b39e485f8c6374a783877b91,여자,69,경상남,고등학교,무직,여성,7,60대,경상남도,고졸
7301,84f1c9a1369b4371864f592136430caa,여자,67,서울,중학교,무직,여성,7,60대,서울특별시,중졸
7302,bae6eb89db8c45b8a8d6b3a0feee827d,여자,63,경상남,고등학교,무직,여성,7,60대,경상남도,고졸
7303,9880408f1a15473ebd1717a11e143ca6,여자,65,충청북,무학,그 외 청소원,여성,7,60대,충청북,무학
7304,a7246cde7a2d43df8a782b4cd087fb40,여자,67,부산,대학원,경영 컨설턴트,여성,7,60대,부산광역시,대학원졸
7305,81d11fa2ce174a5098aeb0fb0571b184,여자,67,전라남,초등학교,무직,여성,7,60대,전라남,초졸이하
7306,2bb125e44202426e868e2501bf379c71,여자,68,서울,고등학교,무직,여성,7,60대,서울특별시,고졸
7307,202425acad5242428f5797259493581a,여자,60,서울,2~3년제 전문대학,무직,여성,7,60대,서울특별시,전문대졸
7308,be0c38678fdd4e3bbf9f9c366d83a96e,여자,66,경기,초등학교,그 외 서비스 관련 단순 종사원,여성,7,60대,경기도,초졸이하
7309,8de3c174cd854514ae9ea907a3555229,여자,69,경기,고등학교,매장 정리원,여성,7,60대,경기도,고졸
7310,e62a4e1544404cce92eda8fbbdd750d3,여자,61,서울,중학교,무직,여성,7,60대,서울특별시,중졸
7311,da866a99baaf461189ed783bf92ae348,여자,65,강원,고등학교,경리 사무원,여성,7,60대,강원특별자치도,고졸
7312,72b3566292ce45669c00fcda65352eb5,여자,63,경기,중학교,무직,여성,7,60대,경기도,중졸
7313,04d5e6dd6f054eb196b391a4f7f1844b,여자,63,인천,고등학교,무직,여성,7,60대,인천광역시,고졸
7314,660b230273b04e30baa363e12cac7bae,여자,67,인천,고등학교,무직,여성,7,60대,인천광역시,고졸
7315,6943d400fa244e69aba4f27b465bd477,여자,64,제주,고등학교,온라인 쇼핑 판매원,여성,7,60대,제주특별자치도,고졸
7316,9a6f379d80f94c8f9aac5e8c75864839,여자,63,부산,고등학교,경리 사무원,여성,7,60대,부산광역시,고졸
7317,f7a69b0c8d3f410fa977488797a43523,여자,68,충청북,고등학교,무직,여성,7,60대,충청북,고졸
7318,5aec4e70f3214824ab38cc9ee328e48a,여자,63,경기,초등학교,무직,여성,7,60대,경기도,초졸이하
7319,a227a228abc947b8bddfd91d50d236f7,여자,64,경기,4년제 대학교,무직,여성,7,60대,경기도,대졸
7320,4a070d9e46eb470791f174d8f204bff0,여자,68,대전,중학교,무직,여성,7,60대,대전광역시,중졸
7321,b411c34868dc4f3c80d11d8cbe13d8fe,여자,63,경기,고등학교,무직,여성,7,60대,경기도,고졸
7322,6eb3235165d94e43a847b403e3fc695b,여자,66,서울,고등학교,무직,여성,7,60대,서울특별시,고졸
7323,596024a729224de4bd8bc8397cef78eb,여자,62,서울,고등학교,무직,여성,7,60대,서울특별시,고졸
7324,2dd75f9d5d03425da21de60648c61060,여자,68,경상북,고등학교,도배공,여성,7,60대,경상북도,고졸
7325,381a0bc4835c47b1a58738fb1670893c,여자,68,대구,고등학교,무직,여성,7,60대,대구광역시,고졸
7326,2f4c948de7124337afb9dc32430c8a87,여자,69,대구,중학교,무직,여성,7,60대,대구광역시,중졸
7327,07e591ddebc24dfe90b19080d9235e6b,여자,65,충청북,고등학교,무직,여성,7,60대,충청북,고졸
7328,9a1f4d00b05f43479a40dafcde2d54a0,여자,63,경상북,2~3년제 전문대학,무직,여성,7,60대,경상북도,전문대졸
7329,bf240f9b5cf941d48d1dba05e96dd43f,여자,64,부산,4년제 대학교,바텐더,여성,7,60대,부산광역시,대졸
7330,2a3ccf68602a4eb8889b8034c42aae30,여자,69,경기,4년제 대학교,무직,여성,7,60대,경기도,대졸
7331,8377196c0f2a49a78df1779d4f094aa8,여자,68,울산,초등학교,건물 청소원,여성,7,60대,울산광역시,초졸이하
7332,65646a79b117404886a7d8968a1e862e,여자,62,경기,중학교,건물 청소원,여성,7,60대,경기도,중졸
7333,ea244149f3e94fda9460fb3f832dfcbb,여자,67,전북,고등학교,무직,여성,7,60대,전북특별자치도,고졸
7334,a4616c88d16d4e448c32e3a3a5cd6c09,여자,64,경상남,중학교,개인 생활 서비스 종사원,여성,7,60대,경상남도,중졸
7335,660d25069bce4271998e859f5412ba93,여자,68,부산,초등학교,무직,여성,7,60대,부산광역시,초졸이하
7336,e4b9685990254138a8383749d70a9a03,여자,62,서울,4년제 대학교,무직,여성,7,60대,서울특별시,대졸
7337,4eec4d1f1f2d48eb99695ef3125267bd,여자,63,경기,고등학교,무직,여성,7,60대,경기도,고졸
7338,734a7b390c6344d8a5c4d8a3a43a15f9,여자,83,경상북,무학,무직,여성,8,70대이상,경상북도,무학
7339,2beb21b5584d4f4b850246c72d2f1ba9,여자,77,부산,중학교,무직,여성,8,70대이상,부산광역시,중졸
7340,f3d4845796304ce3b2f7010db9396149,여자,79,전라남,무학,건물 청소원,여성,8,70대이상,전라남,무학
7341,32f975fe2c45467488f2b962f9a63f29,여자,79,서울,초등학교,무직,여성,8,70대이상,서울특별시,초졸이하
7342,574443f405374c369251e49156eff41d,여자,80,대구,초등학교,무직,여성,8,70대이상,대구광역시,초졸이하
7343,21ba19696f804b23943958fd725c8fb8,여자,81,충청북,무학,무직,여성,8,70대이상,충청북,무학
7344,3d8179576836497e942684c69865c0e7,여자,91,인천,무학,무직,여성,8,70대이상,인천광역시,무학
7345,ffe0540efaad4fe690df3908ca958593,여자,72,부산,초등학교,무직,여성,8,70대이상,부산광역시,초졸이하
7346,70d75845aee846559b4bcdbf04e5ed7a,여자,76,서울,무학,무직,여성,8,70대이상,서울특별시,무학
7347,777f985f68f44a4da380cee3a117c0e7,여자,83,부산,초등학교,무직,여성,8,70대이상,부산광역시,초졸이하
7348,0538f265afbb4945a870dae0755c4bdb,여자,74,대전,4년제 대학교,사무 보조원,여성,8,70대이상,대전광역시,대졸
7349,46e814b4a4a146c18d2d66669bf49c90,여자,75,충청북,무학,무직,여성,8,70대이상,충청북,무학
7350,5e63a888835b45c19f9e0b1636c06e82,여자,78,경상남,초등학교,무직,여성,8,70대이상,경상남도,초졸이하
7351,527d50c48052495e8f7794e4afe8fc53,여자,94,서울,무학,무직,여성,8,70대이상,서울특별시,무학
7352,767fe8455047444ba66d6f3a5997db03,여자,70,서울,초등학교,무직,여성,8,70대이상,서울특별시,초졸이하
7353,21d76d25fc0a4135b360a6d6df5eac37,여자,74,서울,중학교,무직,여성,8,70대이상,서울특별시,중졸
7354,6862cccf5ed3403f9ba7d416b0e777f5,여자,79,강원,무학,요양 보호사,여성,8,70대이상,강원특별자치도,무학
7355,4daa1860145d4490b6b7c5b0110f2e9f,여자,73,서울,무학,무직,여성,8,70대이상,서울특별시,무학
7356,a9880d297980456ab4ff926c78a8c14f,여자,77,전북,초등학교,무직,여성,8,70대이상,전북특별자치도,초졸이하
7357,ec2d6090e15e48a29ff33951d0b3dea2,여자,76,부산,초등학교,무직,여성,8,70대이상,부산광역시,초졸이하
7358,e656e0906a654f92a39d52c49e94d5c5,여자,83,서울,고등학교,무직,여성,8,70대이상,서울특별시,고졸
7359,90be927fd01242418dd393f7c8a875db,여자,91,강원,고등학교,무직,여성,8,70대이상,강원특별자치도,고졸
7360,94379100ca664fe99c6bb5c4538a3441,여자,81,전북,무학,무직,여성,8,70대이상,전북특별자치도,무학
7361,bca2b344cef04550aa2f1346731136cc,여자,72,충청남,초등학교,무직,여성,8,70대이상,충청남,초졸이하
7362,e78408f668d341e29b4f80626d8fca88,여자,80,전라남,무학,무직,여성,8,70대이상,전라남,무학
7363,e6ab7cc8ec0c464b960ff2da14fc4967,여자,71,경상북,무학,건물 청소원,여성,8,70대이상,경상북도,무학
7364,6a755ea64f384950b0db5cd76bcd0793,여자,73,경상북,중학교,무직,여성,8,70대이상,경상북도,중졸
7365,411999da17714d3287d260f39d452ada,여자,81,대구,초등학교,자동 재봉설비 조작원,여성,8,70대이상,대구광역시,초졸이하
7366,595020937bf040329fa5861f06be44aa,여자,77,서울,초등학교,무직,여성,8,70대이상,서울특별시,초졸이하
7367,2df31376d01d4c4f9be3983caf280485,여자,73,서울,초등학교,무직,여성,8,70대이상,서울특별시,초졸이하
7368,21c2fee35d2a4fe6bf360bd0b17cf94d,여자,81,서울,초등학교,무직,여성,8,70대이상,서울특별시,초졸이하
7369,65c6584846c040a0b7ff8c794728c5ea,여자,71,경상북,초등학교,시설 경비원,여성,8,70대이상,경상북도,초졸이하
7370,2985af0b10de46dabc9665e742e5e28b,여자,80,서울,고등학교,무직,여성,8,70대이상,서울특별시,고졸
7371,568274cde2e447918ffdc902aea540e5,여자,72,경상남,초등학교,무직,여성,8,70대이상,경상남도,초졸이하
7372,3f70d92cca4c4eb99955fa75e80c503c,여자,93,강원,무학,무직,여성,8,70대이상,강원특별자치도,무학
7373,12ffcd552ab343f5b28dff655b9d075a,여자,74,울산,고등학교,무직,여성,8,70대이상,울산광역시,고졸
7374,5a42389476734fc18298379741b1f12c,여자,87,강원,초등학교,무직,여성,8,70대이상,강원특별자치도,초졸이하
7375,091861f929d144c1a35f0ba1d59da184,여자,85,제주,2~3년제 전문대학,무직,여성,8,70대이상,제주특별자치도,전문대졸
7376,44691c8e995b442094c512a87d0587b3,여자,92,경기,초등학교,무직,여성,8,70대이상,경기도,초졸이하
7377,861a439c2d3e466ca8a2fc1ead76fab2,여자,92,경기,무학,무직,여성,8,70대이상,경기도,무학
7378,4fe3d7411e1a402db5abd5ee00f56858,여자,74,충청남,중학교,무직,여성,8,70대이상,충청남,중졸
7379,dc6501bd8d084cb18b9977b03c18cdc5,여자,74,대구,초등학교,그 외 서비스 관련 단순 종사원,여성,8,70대이상,대구광역시,초졸이하
7380,75f9866723754d8d8df9c74ef054d6ab,여자,84,경상북,무학,무직,여성,8,70대이상,경상북도,무학
7381,9013f5eec55a40b1adcef5b5d649f214,여자,74,서울,대학원,무직,여성,8,70대이상,서울특별시,대학원졸
7382,50dbd62230f84652bff4af38932860d5,여자,84,경기,중학교,무직,여성,8,70대이상,경기도,중졸
7383,0973322b135d40ab90fcd1298ac28e96,여자,71,부산,초등학교,무직,여성,8,70대이상,부산광역시,초졸이하
7384,33deed8490f547aeb63fd603a3d0a608,여자,71,서울,초등학교,무직,여성,8,70대이상,서울특별시,초졸이하
7385,73744a6a56514e83a105b5353e875544,여자,80,경기,초등학교,무직,여성,8,70대이상,경기도,초졸이하
7386,9cc61189b92a46e985e086d1ba2afa5c,여자,80,경상남,초등학교,무직,여성,8,70대이상,경상남도,초졸이하
7387,bf538ce6fd6247b7bdc030bee05c14f6,여자,90,대전,무학,무직,여성,8,70대이상,대전광역시,무학
7388,31a72b9639f94f0e8e1c400ec5b762e1,여자,84,서울,초등학교,지방행정 사무원,여성,8,70대이상,서울특별시,초졸이하
7389,a2edd47d4f2046898cab6bdc13903e16,여자,73,전북,초등학교,그 외 돌봄 및 보건 서비스 종사원,여성,8,70대이상,전북특별자치도,초졸이하
7390,12af4b3f02cd4cebaf695f6807f8a10d,여자,80,울산,초등학교,무직,여성,8,70대이상,울산광역시,초졸이하
7391,78a0c8e1f4244b01b1d9ce340c11b630,여자,93,경상남,무학,무직,여성,8,70대이상,경상남도,무학
7392,2eeaae25301949fdb6a5ae5dc25e3365,여자,75,부산,초등학교,무직,여성,8,70대이상,부산광역시,초졸이하
7393,e37d584b524f477793e8c593c3da54e6,여자,84,서울,대학원,무직,여성,8,70대이상,서울특별시,대학원졸
7394,03c3f0182b3a4b8bb21ce41ea94a0a93,여자,74,경기,무학,건물 청소원,여성,8,70대이상,경기도,무학
7395,0f2bd2ef8f294333ac25db7adba36d14,여자,81,서울,초등학교,매장 정리원,여성,8,70대이상,서울특별시,초졸이하
7396,59525ea212234d06869b1f90beef5587,여자,72,대구,고등학교,그 외 경호 및 보안 관련 종사원,여성,8,70대이상,대구광역시,고졸
7397,fce3791bc03b4dcfbc05f58670bd6f0c,여자,70,전북,초등학교,건물 청소원,여성,8,70대이상,전북특별자치도,초졸이하
7398,e7fd26099821471da5bf7a8998317aac,여자,73,부산,중학교,무직,여성,8,70대이상,부산광역시,중졸
7399,0afdcee3ee494f16b364d371f9c0c419,여자,71,서울,중학교,무직,여성,8,70대이상,서울특별시,중졸
7400,aeb633c43d1b46ffa5ef9577636c4bc7,여자,86,서울,중학교,무직,여성,8,70대이상,서울특별시,중졸
7401,f39208921a8b4dbfae4e9fe0a4d786a8,여자,73,충청남,무학,운송장비 청소원,여성,8,70대이상,충청남,무학
7402,b58300e39a924beea2045c3573178a37,여자,73,대구,초등학교,간병인,여성,8,70대이상,대구광역시,초졸이하
7403,41910968dda84bdc87512c99d0835bb8,여자,81,경상남,초등학교,무직,여성,8,70대이상,경상남도,초졸이하
7404,a55c822d0a1b421993991b9d91336e89,여자,75,경기,초등학교,무직,여성,8,70대이상,경기도,초졸이하
7405,f704a5dbd50540adafd0408edc47b4b0,여자,72,인천,4년제 대학교,무직,여성,8,70대이상,인천광역시,대졸
7406,ccadcdff64ac4a4499e996254d6c54a8,여자,81,전라남,무학,주방 보조원,여성,8,70대이상,전라남,무학
7407,bc13205c2c7d49259b2d81f7505d21ad,여자,84,부산,2~3년제 전문대학,무직,여성,8,70대이상,부산광역시,전문대졸
7408,d4d654cf576b4c34824a013b17d18d48,여자,87,경상남,무학,무직,여성,8,70대이상,경상남도,무학
7409,468ba585068b4a2b9fc27388f3d43555,여자,86,경상북,무학,무직,여성,8,70대이상,경상북도,무학
7410,39f022dfba90471891ee405c908e8364,여자,71,서울,초등학교,건물 청소원,여성,8,70대이상,서울특별시,초졸이하
7411,8cad8dd44a8f4f2ca2306d065dec6167,여자,85,경기,무학,무직,여성,8,70대이상,경기도,무학
7412,1ca5197569764a35a1c97354686c38d6,여자,75,전라남,초등학교,무직,여성,8,70대이상,전라남,초졸이하
7413,a59fc44e5f5e42fbb85e917252b40ded,여자,70,부산,초등학교,가사 도우미,여성,8,70대이상,부산광역시,초졸이하
7414,185569ac4f13488dbc1988db2a36905f,여자,70,강원,고등학교,그 외 기능 관련 종사원,여성,8,70대이상,강원특별자치도,고졸
7415,78a3f4be26f94466bc781410ab350233,여자,83,경기,중학교,무직,여성,8,70대이상,경기도,중졸
7416,ff4347a78c4b41b4af7f6c41ca1dd741,여자,77,부산,중학교,주방 보조원,여성,8,70대이상,부산광역시,중졸
7417,3ebcd8da4daf4a0d95f5806917819653,여자,73,부산,초등학교,무직,여성,8,70대이상,부산광역시,초졸이하
7418,38465bea892d4c2fa8366cf106700f33,여자,74,부산,고등학교,무직,여성,8,70대이상,부산광역시,고졸
7419,a5ea78f670e144388974f38ac38ca948,여자,79,서울,4년제 대학교,무직,여성,8,70대이상,서울특별시,대졸
7420,dadfea499bbb48e1b2160e912f2c3526,여자,83,경기,초등학교,무직,여성,8,70대이상,경기도,초졸이하
7421,521c2993a92e411cb1cf692abe9cea43,여자,74,경상북,초등학교,무직,여성,8,70대이상,경상북도,초졸이하
7422,ad7d5a705404473c8d3fcedb1127fa03,여자,71,경상남,중학교,무직,여성,8,70대이상,경상남도,중졸
7423,255802a2584f417cada9d6a225f404ee,여자,72,세종,무학,무직,여성,8,70대이상,세종특별자치시,무학
7424,1427e168766847d6a1f4b642579e9117,여자,86,서울,초등학교,무직,여성,8,70대이상,서울특별시,초졸이하
7425,67f9911cff024583859beb6c534c4340,여자,72,충청북,초등학교,무직,여성,8,70대이상,충청북,초졸이하
7426,36ae6b30a93c4b41a06b7d65e14711c0,여자,73,서울,중학교,무직,여성,8,70대이상,서울특별시,중졸
7427,dc682a8828b94d2b9f03adcc989f1936,여자,78,전북,중학교,무직,여성,8,70대이상,전북특별자치도,중졸
7428,91eb150c58cb4491a8bf3e47f2224484,여자,84,충청북,초등학교,건물 청소원,여성,8,70대이상,충청북,초졸이하
7429,64bf71eda87541eeb62159366dec082b,여자,81,경기,초등학교,무직,여성,8,70대이상,경기도,초졸이하
7430,798fd09e4add4187881881561141c857,여자,71,대구,중학교,무직,여성,8,70대이상,대구광역시,중졸
7431,b2cf0ba8731d406986311cb2c7e80216,여자,79,경상북,초등학교,무직,여성,8,70대이상,경상북도,초졸이하
7432,a302019990c8433fbb86bec92ff1badd,여자,85,강원,초등학교,무직,여성,8,70대이상,강원특별자치도,초졸이하
7433,eb0370f5124e4fe48f7fe326bb8c7c60,여자,76,경기,4년제 대학교,광고 전문가,여성,8,70대이상,경기도,대졸
7434,6077346e62314e77a0a6977efc9a5574,여자,95,서울,무학,무직,여성,8,70대이상,서울특별시,무학
7435,77191d503f6d4f32abfbe553d8c57cc4,여자,78,부산,고등학교,무직,여성,8,70대이상,부산광역시,고졸
7436,353e4eb487cf4d9fbcd47b7e2ff2861c,여자,70,부산,중학교,텔레마케터,여성,8,70대이상,부산광역시,중졸
7437,01f33b79013e43c3beea019b1587af9d,여자,76,대구,고등학교,사무 보조원,여성,8,70대이상,대구광역시,고졸
7438,83eaf16a3d524b68ad26610baa063be5,여자,92,인천,무학,무직,여성,8,70대이상,인천광역시,무학
7439,45969518339243d997d56f9e817112cb,여자,88,전라남,무학,무직,여성,8,70대이상,전라남,무학
7440,103de9157eb74895820c9439efbea50e,여자,82,전라남,초등학교,무직,여성,8,70대이상,전라남,초졸이하
7441,85536c3b9d98454d94f0aaf168fcb604,여자,75,경기,초등학교,무직,여성,8,70대이상,경기도,초졸이하
7442,6726ceca839345509f190a3f459f711a,여자,83,전라남,무학,농업 단순 종사원,여성,8,70대이상,전라남,무학
7443,25fa7fb9e78846ee9a3771b7b1d2ba5c,여자,83,대구,초등학교,무직,여성,8,70대이상,대구광역시,초졸이하
7444,bb96cc052ea945f8869c78e3e8eff07c,여자,71,경기,초등학교,무직,여성,8,70대이상,경기도,초졸이하
7445,e1bf8bbf5db64e55b1486e84afd4cca1,여자,70,서울,초등학교,건물 청소원,여성,8,70대이상,서울특별시,초졸이하
7446,55450df3c5d8436492ede4783322e05f,여자,74,경기,초등학교,음식 서비스 종사원,여성,8,70대이상,경기도,초졸이하
7447,09e400a866be42d7b4e6d1a23b18594e,여자,71,부산,무학,무직,여성,8,70대이상,부산광역시,무학
7448,ba68d478d1194c87b326ec94099128c3,여자,75,경기,4년제 대학교,회계 사무원,여성,8,70대이상,경기도,대졸
7449,5411941c28ce489795e473e1e0798366,여자,80,경상북,초등학교,무직,여성,8,70대이상,경상북도,초졸이하
7450,4d3a824f661c4da7bb1b6bedda1bb528,여자,73,대구,고등학교,무직,여성,8,70대이상,대구광역시,고졸
7451,890a493a7f2045d696d70a1cbc7808a4,여자,74,울산,초등학교,무직,여성,8,70대이상,울산광역시,초졸이하
7452,c7c44f69dfca448c8b2cd47e4929d4b7,여자,77,강원,무학,무직,여성,8,70대이상,강원특별자치도,무학
7453,53f6df7b3608407f86f8e544c4df6257,여자,93,서울,초등학교,무직,여성,8,70대이상,서울특별시,초졸이하
7454,840aacb667c8447fb70c593f891ed3dc,여자,75,경기,고등학교,무직,여성,8,70대이상,경기도,고졸
7455,2e839d92f44f4ac38601af8bae23ff5c,여자,71,광주,무학,주방 보조원,여성,8,70대이상,광주광역시,무학
7456,6414cf0ce0e94987b9e5bc00a6b4da2d,여자,72,서울,중학교,건물 청소원,여성,8,70대이상,서울특별시,중졸
7457,42e09954dc7d494ca3b1902e3381d511,여자,78,전라남,무학,무직,여성,8,70대이상,전라남,무학
7458,eb9f00bd70af494190a9d8a444f4a21e,여자,79,서울,초등학교,건물 청소원,여성,8,70대이상,서울특별시,초졸이하
7459,662f8bca7d634e7096ef61a09b5a61c1,여자,70,서울,중학교,무직,여성,8,70대이상,서울특별시,중졸
7460,dcaa600a0c494877afd6c00a995bd3ab,여자,74,경기,고등학교,"전직 배전반 조작원, 현재 구직중",여성,8,70대이상,경기도,고졸
7461,eb45f57d2a9c47a1856be79c36e00f4e,여자,73,서울,초등학교,무직,여성,8,70대이상,서울특별시,초졸이하
7462,4db15e48037442d39e606a1035cda362,여자,90,경상북,초등학교,무직,여성,8,70대이상,경상북도,초졸이하
7463,c6094fb9ce724f8f8c79e62963b8230f,여자,85,충청남,초등학교,건물 청소원,여성,8,70대이상,충청남,초졸이하
7464,484f6594d8164fb68d377f3d290a9146,여자,87,울산,무학,무직,여성,8,70대이상,울산광역시,무학
7465,03a2299c67b4456b91f6fc5dbe411393,여자,70,경상남,초등학교,그 외 서비스 관련 단순 종사원,여성,8,70대이상,경상남도,초졸이하
7466,12ceee3596c043379aa61ef95a18b646,여자,80,경기,초등학교,무직,여성,8,70대이상,경기도,초졸이하
7467,aaaf0d0d57ec4b2989c30cd9b3efa66d,여자,76,서울,초등학교,무직,여성,8,70대이상,서울특별시,초졸이하
7468,8bac6546de124330a26b43a0fd8f9510,여자,72,경상남,무학,무직,여성,8,70대이상,경상남도,무학
7469,1d86db40b9b843afa561a1699f734d72,여자,81,서울,초등학교,무직,여성,8,70대이상,서울특별시,초졸이하
7470,70c15649e1c249d485ecec9f5b58f85c,여자,78,경상북,중학교,무직,여성,8,70대이상,경상북도,중졸
7471,daf861696d204f40b33b8b1ff4b7108f,여자,72,서울,초등학교,무직,여성,8,70대이상,서울특별시,초졸이하
7472,9f1e77adc8c444679da9bdefde15e2e2,여자,71,서울,무학,무직,여성,8,70대이상,서울특별시,무학
7473,b8083d7d0252411ca897379c1febe950,여자,78,경상북,초등학교,무직,여성,8,70대이상,경상북도,초졸이하
7474,42e4b116f009493dade251c1f3f722dc,여자,83,서울,고등학교,무직,여성,8,70대이상,서울특별시,고졸
7475,1eef0bd6e0254351b77153ba5e649be2,여자,76,서울,초등학교,건물 청소원,여성,8,70대이상,서울특별시,초졸이하
7476,e4096fc4bd5d4c2ab7362d8743526958,여자,76,서울,중학교,무직,여성,8,70대이상,서울특별시,중졸
7477,a87b5c31d34a4929b89ecc8159faedfb,여자,92,전북,초등학교,무직,여성,8,70대이상,전북특별자치도,초졸이하
7478,7d8dcad0958b47788f0184bd997fb6aa,여자,72,충청남,초등학교,지게차 운전원,여성,8,70대이상,충청남,초졸이하
7479,e0249b72480a4292b53f6304a9838043,여자,76,경기,무학,"전직 건물 청소원, 현재 구직중",여성,8,70대이상,경기도,무학
7480,e7479cf234244b3a99dc981bfcd52e31,여자,81,부산,초등학교,무직,여성,8,70대이상,부산광역시,초졸이하
7481,04ada007fd0e46f49814573dc7f5b86e,여자,84,전라남,초등학교,무직,여성,8,70대이상,전라남,초졸이하
7482,7d680a7983c6427fac7d4644d7220166,여자,76,울산,초등학교,그 외 기계 조작원,여성,8,70대이상,울산광역시,초졸이하
7483,60e42d14c47a49d29101c927d9ec8b96,여자,80,대구,무학,노인 및 장애인 돌봄 서비스 종사원,여성,8,70대이상,대구광역시,무학
7484,8863d64041ad4b6d84c3f3d321840d37,여자,94,충청남,무학,무직,여성,8,70대이상,충청남,무학
7485,d91f6c18dbc2492d9524f9a85fc3ce24,여자,89,대구,무학,무직,여성,8,70대이상,대구광역시,무학
7486,c87b8bf5861549df8ad07ba9652e139d,여자,88,경기,무학,무직,여성,8,70대이상,경기도,무학
7487,ff782beea53b443ea74a407098f3cc63,여자,73,서울,고등학교,무직,여성,8,70대이상,서울특별시,고졸
7488,bb2b227079134d9cbc6012ae9c501ef9,여자,72,전북,초등학교,무직,여성,8,70대이상,전북특별자치도,초졸이하
7489,64fe6cbf039d48fda47c075047126fe5,여자,83,울산,무학,무직,여성,8,70대이상,울산광역시,무학
7490,6f99534ef04f40a7a7b72b601c4ab1d0,여자,88,경기,무학,무직,여성,8,70대이상,경기도,무학
7491,46531df03db9484796a191a72761b777,여자,72,충청남,초등학교,무직,여성,8,70대이상,충청남,초졸이하
7492,d19bc3f433c34dd79bf9593df32b1b4b,여자,76,경기,초등학교,무직,여성,8,70대이상,경기도,초졸이하
7493,314380bffb254e60915fbe53ec39a8a9,여자,98,부산,초등학교,무직,여성,8,70대이상,부산광역시,초졸이하
7494,e08e05dd27d14599878e02bdbacc7727,여자,88,전북,초등학교,무직,여성,8,70대이상,전북특별자치도,초졸이하
7495,aa55cdb9727d4e3da114a94fd0d9d700,여자,75,충청남,무학,무직,여성,8,70대이상,충청남,무학
7496,9d38f4cc2f8040c6803b309c130686c7,여자,81,인천,초등학교,건물 청소원,여성,8,70대이상,인천광역시,초졸이하
7497,5a4196338b704d20b1d41182a6da3163,여자,71,경기,초등학교,요양 보호사,여성,8,70대이상,경기도,초졸이하
7498,54bd9c34844a447dbc8542bc6907e846,여자,75,경기,초등학교,무직,여성,8,70대이상,경기도,초졸이하
7499,a1634b3eaf564d91b3bc1c4350a84020,여자,73,인천,고등학교,무직,여성,8,70대이상,인천광역시,고졸
7500,68cd60db3e22451f897bf6a1c92e3b2b,여자,74,대전,고등학교,무직,여성,8,70대이상,대전광역시,고졸
7501,fc56355f37b445b79d99519227335dfa,여자,79,전북,초등학교,무직,여성,8,70대이상,전북특별자치도,초졸이하
7502,32f56b0e2b004ab3aabbaa6151e1fb9f,여자,75,전북,중학교,건물 청소원,여성,8,70대이상,전북특별자치도,중졸
7503,5c1a31c12f864e8fa2115871dcf3c6be,여자,70,전북,초등학교,무직,여성,8,70대이상,전북특별자치도,초졸이하
7504,cb257c5c9ba54c589927ccfe15de47ad,여자,77,대구,고등학교,건물 청소원,여성,8,70대이상,대구광역시,고졸
7505,fbb339086d6241ac952bb15493ad7fa6,여자,73,서울,중학교,그 외 하역 및 적재 단순 종사원,여성,8,70대이상,서울특별시,중졸
7506,26226dc040d24b159e613852d2aba4a2,여자,71,경상남,초등학교,육아 도우미,여성,8,70대이상,경상남도,초졸이하
7507,d196bfcb517b441cbfdd1016f45cafbf,여자,88,대전,무학,무직,여성,8,70대이상,대전광역시,무학
7508,18c524e9833649ee9cdd638448c61f71,여자,74,강원,초등학교,무직,여성,8,70대이상,강원특별자치도,초졸이하
7509,8aa9fbcc18464d259ac74db4a85d3d1e,여자,94,울산,무학,무직,여성,8,70대이상,울산광역시,무학
7510,091105d765d541c69981c6da3a82c44e,여자,80,대구,초등학교,무직,여성,8,70대이상,대구광역시,초졸이하
7511,badb9f8c108447bbb316077a02946bbb,여자,79,서울,중학교,건물 청소원,여성,8,70대이상,서울특별시,중졸
7512,0c3a17c78a8846419d474386b5b5c3f0,여자,80,광주,초등학교,무직,여성,8,70대이상,광주광역시,초졸이하
7513,6b2a5d8dece74c26afcc81abfd762ba9,여자,70,경기,초등학교,건물 청소원,여성,8,70대이상,경기도,초졸이하
7514,3dfaa9ca2bdb4036bbe300af80fb35e5,여자,77,대구,중학교,무직,여성,8,70대이상,대구광역시,중졸
7515,51d06b6704664e668db97820a9562d76,여자,72,경상북,무학,건물 청소원,여성,8,70대이상,경상북도,무학
7516,bbfdd6bfe32e421aa0c175af97c1140e,여자,74,전라남,고등학교,무직,여성,8,70대이상,전라남,고졸
7517,65782a8cd3c2412082e206058fcc25fc,여자,94,경기,무학,무직,여성,8,70대이상,경기도,무학
7518,c345b021b8a0489d93390465794895f4,여자,80,경상남,무학,무직,여성,8,70대이상,경상남도,무학
7519,811dee0e373042589fcfffdc2877c338,여자,87,경기,초등학교,그 외 기능 관련 종사원,여성,8,70대이상,경기도,초졸이하
7520,f96986fd510145a38ea3dfaf845b55db,여자,72,서울,고등학교,무직,여성,8,70대이상,서울특별시,고졸
7521,c7af4e6268a14b89993d7af2e1ca218b,여자,80,경상남,무학,무직,여성,8,70대이상,경상남도,무학
7522,7ff4d5fc72ba45718100a90f113bcbfe,여자,78,서울,무학,무직,여성,8,70대이상,서울특별시,무학
7523,301668d0fcc34944bc80317105be12e7,여자,72,부산,초등학교,무직,여성,8,70대이상,부산광역시,초졸이하
7524,1429675203564bda92a45e46d545bf9f,여자,77,경상남,중학교,무직,여성,8,70대이상,경상남도,중졸
7525,4d0dc0e1704c40699593d64385e4f245,여자,80,경기,4년제 대학교,무직,여성,8,70대이상,경기도,대졸
7526,7d39a13d12b24f30a76053db90c2d324,여자,81,경상남,초등학교,무직,여성,8,70대이상,경상남도,초졸이하
7527,92dbb319522a423083b4ad4c2b70e1b3,여자,80,대구,4년제 대학교,무직,여성,8,70대이상,대구광역시,대졸
7528,eb30be6e04b64f5db91be65cf357bb1b,여자,84,대구,초등학교,무직,여성,8,70대이상,대구광역시,초졸이하
7529,9bc69a1e171e45feade4273c87587e9a,여자,89,충청북,초등학교,무직,여성,8,70대이상,충청북,초졸이하
7530,75992611a1574e0fb6bc6f0b3e316aaf,여자,82,전북,초등학교,하역 및 적재 관련 단순 종사원,여성,8,70대이상,전북특별자치도,초졸이하
7531,277ddd8a829a4265aae03d4ee11954f4,여자,73,서울,고등학교,그 외 기계 조작원,여성,8,70대이상,서울특별시,고졸
7532,a352defd793d4e61b220621a7cd54ef7,여자,70,부산,고등학교,무직,여성,8,70대이상,부산광역시,고졸
7533,904fbcfa2c184208acbf41bf691bf7b5,여자,91,부산,무학,무직,여성,8,70대이상,부산광역시,무학
7534,aa616c976dfa4b32bf753602355c0eec,여자,71,전북,고등학교,건물 청소원,여성,8,70대이상,전북특별자치도,고졸
7535,8a31cc85c4e742ba9e6d1aa0a806d5b3,여자,72,전라남,중학교,무직,여성,8,70대이상,전라남,중졸
7536,ed4115169a4e4728907b924004f4e240,여자,87,전라남,무학,무직,여성,8,70대이상,전라남,무학
7537,3b422b83b1b24ca79d69b5fb9ae1d1f0,여자,71,경상북,초등학교,무직,여성,8,70대이상,경상북도,초졸이하
7538,0ed18e558d7b43249f02746842191c4b,여자,77,충청남,초등학교,무직,여성,8,70대이상,충청남,초졸이하
7539,60409b5b0f77463ea20dc353e9321a42,여자,75,전라남,무학,무직,여성,8,70대이상,전라남,무학
7540,c05dee2fa9354ff2834e935932f65c95,여자,74,인천,무학,건물 청소원,여성,8,70대이상,인천광역시,무학
7541,c8dc82bde22b4e5fb52624004c728a2d,여자,88,인천,초등학교,무직,여성,8,70대이상,인천광역시,초졸이하
7542,117be947edfe478a970c72533372751b,여자,89,경기,초등학교,무직,여성,8,70대이상,경기도,초졸이하
7543,b3369b48f4754217ae001af6cbf1bd54,여자,76,부산,무학,무직,여성,8,70대이상,부산광역시,무학
7544,fa4fb86dd18148ad8807590d8d67c7ec,여자,85,충청남,무학,무직,여성,8,70대이상,충청남,무학
7545,8fd82144c7a54b5f858700d5cc17972a,여자,71,경상북,초등학교,무직,여성,8,70대이상,경상북도,초졸이하
7546,b4bc4cc564394129a3e7c4c72e2e65b8,여자,82,경기,초등학교,무직,여성,8,70대이상,경기도,초졸이하
7547,db14e310a99c48c98ea776d7dbff4e0a,여자,80,경기,고등학교,무직,여성,8,70대이상,경기도,고졸
7548,3daa476234c9481fa53af85b95ab071c,여자,75,경기,초등학교,무직,여성,8,70대이상,경기도,초졸이하
7549,1ac989b60f3b44e4bab097ed48bd1d5b,여자,89,전북,무학,무직,여성,8,70대이상,전북특별자치도,무학
7550,793c2871602d422e8e6eaeada772939d,여자,81,서울,고등학교,무직,여성,8,70대이상,서울특별시,고졸
7551,6b0550f9902a4dba86c8afe9f57da58e,여자,87,경기,중학교,무직,여성,8,70대이상,경기도,중졸
7552,52a5f97c10b14abd81fbad8ec44665f0,여자,94,부산,무학,무직,여성,8,70대이상,부산광역시,무학
7553,a3721d71aa03437ab5969e7c6db50023,여자,82,광주,무학,무직,여성,8,70대이상,광주광역시,무학
7554,21ca988c6dc545c9a0b0b920ba177ead,여자,76,세종,무학,무직,여성,8,70대이상,세종특별자치시,무학
7555,8072ddab090446e293afc1102b479cfb,여자,87,충청북,중학교,무직,여성,8,70대이상,충청북,중졸
7556,02cacdfe4aab4488b09450e09d954d35,여자,89,경기,초등학교,무직,여성,8,70대이상,경기도,초졸이하
7557,91f11d34c41d42c2aafa758a6e1536b8,여자,88,대구,초등학교,무직,여성,8,70대이상,대구광역시,초졸이하
7558,1d0126598e4446c8ba2180269edb6403,여자,88,강원,무학,무직,여성,8,70대이상,강원특별자치도,무학
7559,1a929e16ffa245868f5416ee1f7362b7,여자,78,부산,초등학교,무직,여성,8,70대이상,부산광역시,초졸이하
7560,02c91bfe83b9473a8c08232d8af22d05,여자,79,충청남,무학,무직,여성,8,70대이상,충청남,무학
7561,5264f03a4d8344aaa3d77a1afc19bd8e,여자,71,경상남,무학,건물 청소원,여성,8,70대이상,경상남도,무학
7562,1647c9731b19464e8485f261dfb885b3,여자,88,서울,중학교,무직,여성,8,70대이상,서울특별시,중졸
7563,0c5f905e293641fea559a56f3f915139,여자,72,경기,초등학교,건물 청소원,여성,8,70대이상,경기도,초졸이하
7564,f197c53380d34207a3aa968bd5c9b536,여자,74,서울,초등학교,무직,여성,8,70대이상,서울특별시,초졸이하
7565,308b1c2094d54ac3afe637df9dff8575,여자,72,전라남,고등학교,간병인,여성,8,70대이상,전라남,고졸
7566,98906fd598b04d7286c2d69d0fa8f814,여자,70,경기,중학교,무직,여성,8,70대이상,경기도,중졸
7567,b1442b4e959a49b1aecdcfe8a5aab603,여자,99,경기,무학,무직,여성,8,70대이상,경기도,무학
7568,7e8dc4deb62c458db1f22d0a1a1d9eaf,여자,72,경기,초등학교,무직,여성,8,70대이상,경기도,초졸이하
7569,f5f07c2813ca45a4be175504d47dc90b,여자,72,대구,초등학교,건물 청소원,여성,8,70대이상,대구광역시,초졸이하
7570,7f55374fcb82407c87c0ae64f322d872,여자,83,충청남,초등학교,무직,여성,8,70대이상,충청남,초졸이하
7571,3eab09d8a9d24266b5c6cfb549293733,여자,75,경기,대학원,무직,여성,8,70대이상,경기도,대학원졸
7572,aacea4e676284421b2f5056807e776bd,여자,81,충청북,중학교,건물 청소원,여성,8,70대이상,충청북,중졸
7573,f9b49fe77e2c40368ba65e891032df16,여자,79,광주,초등학교,무직,여성,8,70대이상,광주광역시,초졸이하
7574,b7b6bf554fdd4be7b54825aa007ed6d4,여자,87,전라남,무학,무직,여성,8,70대이상,전라남,무학
7575,b8aefb5c7f0a4f17b76bed8f4bbba424,여자,77,경상북,무학,건물 경비원,여성,8,70대이상,경상북도,무학
7576,0bf49e955eb9432cadaeb813ebce9469,여자,71,경기,무학,무직,여성,8,70대이상,경기도,무학
7577,735c6b9be1f04c40b44a715653ab0ad3,여자,71,충청북,2~3년제 전문대학,무직,여성,8,70대이상,충청북,전문대졸
7578,1831994447c2428883c11bec1b2a2bc1,여자,79,부산,초등학교,무직,여성,8,70대이상,부산광역시,초졸이하
7579,23157e62e3bc41888c79f548e27d246f,여자,80,광주,4년제 대학교,무직,여성,8,70대이상,광주광역시,대졸
7580,c3a445059dbf4389b68791699739a752,여자,80,세종,무학,무직,여성,8,70대이상,세종특별자치시,무학
7581,20020297043c41b2837f7aafdaebe364,여자,74,대구,초등학교,건설 단순 종사원,여성,8,70대이상,대구광역시,초졸이하
7582,b994ca0012ba40f88e37bed4abf38cd3,여자,72,경상북,초등학교,무직,여성,8,70대이상,경상북도,초졸이하
7583,7e2f862c506f41d1b98a7e36cafdb106,여자,83,강원,중학교,무직,여성,8,70대이상,강원특별자치도,중졸
7584,7ab09d58630f4c658baa84d953146edb,여자,84,경상남,초등학교,무직,여성,8,70대이상,경상남도,초졸이하
7585,b19936311aea4b73b707d01d215e50c3,여자,74,경상북,고등학교,무직,여성,8,70대이상,경상북도,고졸
7586,f909a2b4d69e44c7afbcf4bf7b04452d,여자,74,인천,4년제 대학교,건물 경비원,여성,8,70대이상,인천광역시,대졸
7587,f98cd9cfdd364aa6b0f3fa37fa35306b,여자,73,서울,중학교,그 외 기능 관련 종사원,여성,8,70대이상,서울특별시,중졸
7588,a024de251efc4fd391530c7a27a9ab53,여자,79,서울,중학교,무직,여성,8,70대이상,서울특별시,중졸
7589,f62485bb01f44ae19c72ace6dc54610b,여자,77,경상남,초등학교,무직,여성,8,70대이상,경상남도,초졸이하
7590,2220877648634f248331eb4c13691362,여자,77,서울,초등학교,무직,여성,8,70대이상,서울특별시,초졸이하
7591,938b798094684fa9bd765f50f2a1eae3,여자,83,서울,초등학교,무직,여성,8,70대이상,서울특별시,초졸이하
7592,2b7a1eb34da94da8b9dadaf63f2c6bde,여자,76,대구,초등학교,무직,여성,8,70대이상,대구광역시,초졸이하
7593,d7c9f92f2bd54669b4bb026c6393a722,여자,72,충청남,초등학교,무직,여성,8,70대이상,충청남,초졸이하
7594,00a67a8b38014e88992e826c3091d603,여자,84,경상남,중학교,무직,여성,8,70대이상,경상남도,중졸
7595,df0d8054afde45639940dc2622ad9eb5,여자,75,충청남,초등학교,무직,여성,8,70대이상,충청남,초졸이하
7596,4d1096a48d7841eba56014c44afc799b,여자,85,충청남,무학,무직,여성,8,70대이상,충청남,무학
7597,9b619b8913b9457b93d8f8dc73ffd06f,여자,78,서울,4년제 대학교,무직,여성,8,70대이상,서울특별시,대졸
7598,d5efddb728b044af8acf40bba885417c,여자,72,제주,고등학교,무직,여성,8,70대이상,제주특별자치도,고졸
7599,95e74c7fc36e4b6b955b628c05f3fa99,여자,80,경상남,초등학교,무직,여성,8,70대이상,경상남도,초졸이하
7600,c2da372bb87047f38d030f1f90f5dc7f,여자,81,충청북,무학,무직,여성,8,70대이상,충청북,무학
7601,13f4a91a32b74ab4829263e4cb28a839,여자,72,울산,중학교,무직,여성,8,70대이상,울산광역시,중졸
7602,426f001f79734b15b4697143fb71cb18,여자,73,경상북,초등학교,무직,여성,8,70대이상,경상북도,초졸이하
7603,46a248fc76ed4d34b7283bb01266f950,여자,73,전라남,초등학교,무직,여성,8,70대이상,전라남,초졸이하
7604,ba9900745fad4c20b4bc20126eb1b97d,여자,78,경상북,초등학교,무직,여성,8,70대이상,경상북도,초졸이하
7605,5815f45b224f40e6809b912c1a5baca7,여자,76,경상남,고등학교,무직,여성,8,70대이상,경상남도,고졸
7606,20196ed440974158a16eca8dc438f7ae,여자,77,대전,무학,무직,여성,8,70대이상,대전광역시,무학
7607,4b6126f10ff746b1a35f6d173393d089,여자,76,경기,초등학교,무직,여성,8,70대이상,경기도,초졸이하
7608,6183d3fada4f43649afe265fbf0eb496,여자,76,인천,4년제 대학교,무직,여성,8,70대이상,인천광역시,대졸
7609,708740ff27c44c6797a29b3984c53edd,여자,86,경기,초등학교,무직,여성,8,70대이상,경기도,초졸이하
7610,c270c9bae5834e71a864c57c5df3ce0c,여자,78,부산,무학,무직,여성,8,70대이상,부산광역시,무학
7611,aeca36f165104f6699a05cd6f09ba3e4,여자,78,강원,초등학교,무직,여성,8,70대이상,강원특별자치도,초졸이하
7612,09c4cf8f76f64e298c14552ffcffc667,여자,71,서울,2~3년제 전문대학,무직,여성,8,70대이상,서울특별시,전문대졸
7613,8ab344eb92ae412ca2767faf9aafe6ff,여자,95,대구,초등학교,무직,여성,8,70대이상,대구광역시,초졸이하
7614,da3badb18c8242ecbd15d7c216171b4d,여자,70,서울,초등학교,그 외 서비스 관련 단순 종사원,여성,8,70대이상,서울특별시,초졸이하
7615,0a2db3d1a3d94da3909f19b27223f020,여자,75,경기,초등학교,무직,여성,8,70대이상,경기도,초졸이하
7616,a73f83baa8fe40e08aeebb975dd85689,여자,73,충청북,초등학교,무직,여성,8,70대이상,충청북,초졸이하
7617,daf875cecce84c32a37a8e57a70b1fda,여자,76,충청남,무학,농업 단순 종사원,여성,8,70대이상,충청남,무학
7618,1068decaaa9f41e69d8f1f664745f609,여자,92,대전,초등학교,무직,여성,8,70대이상,대전광역시,초졸이하
7619,fbc1debfbf6745cab8098eac5039e133,여자,78,대구,무학,무직,여성,8,70대이상,대구광역시,무학
7620,4c9087a270c5429783bf10d0b1f75f85,여자,80,서울,무학,무직,여성,8,70대이상,서울특별시,무학
7621,ca003eaffd424a549c7af29805e18655,여자,82,전북,무학,무직,여성,8,70대이상,전북특별자치도,무학
7622,68958c95f0d14e3a801e3af4f58e1331,여자,88,경기,초등학교,무직,여성,8,70대이상,경기도,초졸이하
7623,9950741037614f66ba83b77c8251aa07,여자,73,울산,고등학교,무직,여성,8,70대이상,울산광역시,고졸
7624,a889901a9bb5407b94802658dbceb95d,여자,79,경상남,중학교,그 외 하역 및 적재 단순 종사원,여성,8,70대이상,경상남도,중졸
7625,924ba7d938d043679391b984f0781d4d,여자,80,경기,무학,무직,여성,8,70대이상,경기도,무학
7626,2f0b17f76910407eb4ce6941a9fa969a,여자,81,광주,초등학교,무직,여성,8,70대이상,광주광역시,초졸이하
7627,66e62e86a7af4950973186dc88a9223d,여자,80,부산,초등학교,무직,여성,8,70대이상,부산광역시,초졸이하
7628,5fec383cc9cc41d98ab4fa99411bbaba,여자,82,인천,초등학교,무직,여성,8,70대이상,인천광역시,초졸이하
7629,ce3db6a3a77e476eba35e78d1c6dd689,여자,75,경기,중학교,무직,여성,8,70대이상,경기도,중졸
7630,1e01bad14cc94543a272fa3c1446067f,여자,79,충청남,무학,무직,여성,8,70대이상,충청남,무학
7631,67ac167b881d4449ab5b5f01f9605216,여자,87,대구,초등학교,무직,여성,8,70대이상,대구광역시,초졸이하
7632,1fe8046d0edb45b09e7ba76404ee18d0,여자,99,경상북,무학,무직,여성,8,70대이상,경상북도,무학
7633,c6ffc6d4e5be4f87bb0f1acebe566871,여자,72,인천,중학교,무직,여성,8,70대이상,인천광역시,중졸
7634,095662d3aa754d8f9aef4410635afc4c,여자,77,충청북,중학교,주방 보조원,여성,8,70대이상,충청북,중졸
7635,57e0560aa4ff4622819856259c30b79e,여자,89,경기,대학원,무직,여성,8,70대이상,경기도,대학원졸
7636,1f5656db995a4262887f0a34bbf7b148,여자,91,부산,무학,무직,여성,8,70대이상,부산광역시,무학
7637,4288d81922e14e59970fc7876ac0910e,여자,70,대구,초등학교,주차 관리원,여성,8,70대이상,대구광역시,초졸이하
7638,9b12e7bbaf3d4a97b43bb1818f5e3d47,여자,75,경기,중학교,무직,여성,8,70대이상,경기도,중졸
7639,576a0ddd68ff44a18b79d0c7f78d76ea,여자,82,서울,초등학교,무직,여성,8,70대이상,서울특별시,초졸이하
7640,b2ba886404cc4674af4bb4f383f579fe,여자,87,인천,고등학교,무직,여성,8,70대이상,인천광역시,고졸
7641,3d6f018c827d46779e4b25f299c471ea,여자,84,강원,초등학교,무직,여성,8,70대이상,강원특별자치도,초졸이하
7642,5f0b9239b5f349bab3617e0840d1f134,여자,84,서울,초등학교,무직,여성,8,70대이상,서울특별시,초졸이하
7643,db412dc731c84f7ebf5b06e9ab8cb4a1,여자,85,대전,초등학교,무직,여성,8,70대이상,대전광역시,초졸이하
7644,983e24904a67488c853c666d36c3959d,여자,81,경상북,무학,무직,여성,8,70대이상,경상북도,무학
7645,851c2c458f5b41e2ba33eb5f28c1ac66,여자,91,경기,무학,무직,여성,8,70대이상,경기도,무학
7646,8efc391301fa4b48a872c305fafe7954,여자,77,서울,초등학교,주방 보조원,여성,8,70대이상,서울특별시,초졸이하
7647,bde8c039ef084da78a96387af66fe7aa,여자,90,경상남,초등학교,무직,여성,8,70대이상,경상남도,초졸이하
7648,80d0eb3f42e440c096d01f8bbffcbfae,여자,70,부산,고등학교,무직,여성,8,70대이상,부산광역시,고졸
7649,2435c9adcc484baa87ea942c8f579be2,여자,74,경상남,고등학교,무직,여성,8,70대이상,경상남도,고졸
7650,c26ec6f6e2cf4cb3bbf63c0401918219,여자,70,경기,초등학교,무직,여성,8,70대이상,경기도,초졸이하
7651,7101d5fca0c64ad98d62d6cffd330fdf,여자,89,부산,초등학교,무직,여성,8,70대이상,부산광역시,초졸이하
7652,fbb68889b34e4eaeb42c0d39dfe38d52,여자,71,경기,고등학교,노인 및 장애인 돌봄 서비스 종사원,여성,8,70대이상,경기도,고졸
7653,993ed0aba449440a95955c8583f01a33,여자,85,서울,초등학교,무직,여성,8,70대이상,서울특별시,초졸이하
7654,e4b8d8a947304239ba708293a6cf2929,여자,88,경기,초등학교,무직,여성,8,70대이상,경기도,초졸이하
7655,05949b238c50401bb361d5e423638c8f,여자,84,강원,초등학교,무직,여성,8,70대이상,강원특별자치도,초졸이하
7656,f7197a0c155541c09aa261868ce79d3f,여자,82,경상북,무학,무직,여성,8,70대이상,경상북도,무학
7657,bc3f18b30ede449a946889c3d12179ad,여자,87,경상남,중학교,무직,여성,8,70대이상,경상남도,중졸
7658,0fd7e0a02daf490999725ef39c7e6dc3,여자,72,경기,2~3년제 전문대학,무직,여성,8,70대이상,경기도,전문대졸
7659,be64ad12c06a46208fced4f619a2ca8e,여자,84,경기,4년제 대학교,무직,여성,8,70대이상,경기도,대졸
7660,ed7bca333e2440a1a65baabcb929f1dd,여자,71,광주,고등학교,그 외 서비스 관련 단순 종사원,여성,8,70대이상,광주광역시,고졸
7661,c41c278ab03d4d3183779f23f4de4d8f,여자,73,부산,초등학교,건물 청소원,여성,8,70대이상,부산광역시,초졸이하
7662,7560306182014b49a2bab456d17571d8,여자,74,경기,중학교,주방 보조원,여성,8,70대이상,경기도,중졸
7663,643aa41274824d528034b8099b74440e,여자,75,경상남,초등학교,그 외 음식 서비스 종사원,여성,8,70대이상,경상남도,초졸이하
7664,1ef4342f00e04cad9bfe99a3f0b36528,여자,78,부산,초등학교,음식 서비스 종사원,여성,8,70대이상,부산광역시,초졸이하
7665,e0fcf5a2313e4bd39b8ed217457ab516,여자,83,경상남,초등학교,무직,여성,8,70대이상,경상남도,초졸이하
7666,549bbccdec704eefa4c7d5df9d94e8d3,여자,76,서울,2~3년제 전문대학,그 외 상점 판매원,여성,8,70대이상,서울특별시,전문대졸
7667,b02379de27314b0695bd8c3b21899d85,여자,80,경기,초등학교,무직,여성,8,70대이상,경기도,초졸이하
7668,856942e5f1074dcb82c5eb4b54da1fa4,여자,76,충청남,초등학교,무직,여성,8,70대이상,충청남,초졸이하
7669,3304aa8fdf8546e3b8e89d3395b19b22,여자,75,경상남,고등학교,무직,여성,8,70대이상,경상남도,고졸
7670,672caabd7745469e91e95314abb427b5,여자,79,부산,초등학교,건물 청소원,여성,8,70대이상,부산광역시,초졸이하
7671,1f8524089062442b8ab19e95342f979d,여자,71,대구,고등학교,노인 및 장애인 돌봄 서비스 종사원,여성,8,70대이상,대구광역시,고졸
7672,7561f73fd217474a8987a458ea10c781,여자,70,부산,중학교,무직,여성,8,70대이상,부산광역시,중졸
7673,8b996b1875eb45ba991640693094c77c,여자,75,경상남,무학,무직,여성,8,70대이상,경상남도,무학
7674,3c05dad0912a459f96ab9b67417be398,여자,86,제주,초등학교,노점 및 이동 판매원,여성,8,70대이상,제주특별자치도,초졸이하
7675,60db618c36fa4ccda01a0fb38d027993,여자,81,대구,초등학교,음식 서비스 종사원,여성,8,70대이상,대구광역시,초졸이하
7676,f0ab30a67c294bcdaa7119153473e83d,여자,93,전라남,초등학교,무직,여성,8,70대이상,전라남,초졸이하
7677,a32bee7455514d65973cae4fb37780b9,여자,73,경기,고등학교,무직,여성,8,70대이상,경기도,고졸
7678,b34ec9a776b2465dba98e84601c68777,여자,87,대구,초등학교,무직,여성,8,70대이상,대구광역시,초졸이하
7679,182011f2cb194164833ff774defb7a1b,여자,79,서울,초등학교,건물 청소원,여성,8,70대이상,서울특별시,초졸이하
7680,c9c5da5ca75d44d29d9f8007b7574465,여자,84,서울,무학,무직,여성,8,70대이상,서울특별시,무학
7681,c00fbc1860474a44a8dc9c584446ef3f,여자,90,충청북,초등학교,무직,여성,8,70대이상,충청북,초졸이하
7682,b6e8508d7e3e4f56a409ffbbd961fa47,여자,77,서울,초등학교,음식 서비스 종사원,여성,8,70대이상,서울특별시,초졸이하
7683,62fd59db9f2647e0aa6d8c02b08ac2e0,여자,79,대구,무학,무직,여성,8,70대이상,대구광역시,무학
7684,1a4fdb71484d4e0f82a43c5fe463e8c4,여자,75,서울,초등학교,요양 보호사,여성,8,70대이상,서울특별시,초졸이하
7685,ce745e5bd009464f89e836125e851af1,여자,77,경기,고등학교,무직,여성,8,70대이상,경기도,고졸
7686,0d1780d62b854924a05b23b5d24b11e1,여자,70,서울,고등학교,무직,여성,8,70대이상,서울특별시,고졸
7687,5b1c72d6da9949d8884c170eb31566fe,여자,74,경상북,초등학교,국가행정 사무원,여성,8,70대이상,경상북도,초졸이하
7688,ebcdab66b5634ef799587cda4ec96d14,여자,71,부산,초등학교,무직,여성,8,70대이상,부산광역시,초졸이하
7689,4c22a84c60274e7884061e7e0ba4ec81,여자,77,서울,무학,무직,여성,8,70대이상,서울특별시,무학
7690,a76f012b04e049fa8c09cf87d706dc8e,여자,86,경상북,초등학교,무직,여성,8,70대이상,경상북도,초졸이하
7691,0b8b4d6c9eb14804a72e35961cc6dd60,여자,71,경기,초등학교,무직,여성,8,70대이상,경기도,초졸이하
7692,224b86c49db24c2a82c9c9c4aa0a1b24,여자,74,서울,고등학교,건물 청소원,여성,8,70대이상,서울특별시,고졸
7693,268ad1ac56d74290974a3aef2cdc9b6e,여자,70,경기,고등학교,무직,여성,8,70대이상,경기도,고졸
7694,3ebb1c6b77a24157b7d24e274e89f445,여자,72,강원,초등학교,무직,여성,8,70대이상,강원특별자치도,초졸이하
7695,23f15cb6804d48908a2f366fb09718f3,여자,76,경기,무학,무직,여성,8,70대이상,경기도,무학
7696,253df9ce3b4347a69da62b5ca0e8464b,여자,87,경기,무학,무직,여성,8,70대이상,경기도,무학
7697,a89c2ae6235646d0bd865ffdcadcc246,여자,80,경상북,무학,건물 청소원,여성,8,70대이상,경상북도,무학
7698,b071fe1e0fdf43ac95a82a87577c3432,여자,72,인천,무학,무직,여성,8,70대이상,인천광역시,무학
7699,7ffb322a916c44ee91fb2b9d54560c91,여자,82,서울,초등학교,그 외 서비스 관련 단순 종사원,여성,8,70대이상,서울특별시,초졸이하
7700,0a88570a80db4d7790d63e597a544975,여자,77,서울,초등학교,무직,여성,8,70대이상,서울특별시,초졸이하
7701,ef1a83f5cb1b4cd29455a847641e3d84,여자,79,경상북,중학교,무직,여성,8,70대이상,경상북도,중졸
7702,abf20aa22d9f4661902e6d1c3bec5814,여자,76,인천,2~3년제 전문대학,무직,여성,8,70대이상,인천광역시,전문대졸
7703,74c074a31de347cfaac3997551027b85,여자,90,경상남,초등학교,무직,여성,8,70대이상,경상남도,초졸이하
7704,7f54672e1e1e48819b6e5e282af590c6,여자,90,전라남,초등학교,무직,여성,8,70대이상,전라남,초졸이하
7705,2d337eb256a44ac4889eb0c940583bcc,여자,78,충청북,초등학교,무직,여성,8,70대이상,충청북,초졸이하
7706,cb6f18cc7e764e729e82341c25fda33f,여자,88,경상북,초등학교,무직,여성,8,70대이상,경상북도,초졸이하
7707,3065fd232f4a40d1a5791358e35399e8,여자,83,대구,중학교,무직,여성,8,70대이상,대구광역시,중졸
7708,5808bf672e6d42cdacf71b746ea36eb8,여자,87,충청남,초등학교,무직,여성,8,70대이상,충청남,초졸이하
7709,3e39b27ea92a4463ac72212c2f900d08,여자,80,인천,무학,무직,여성,8,70대이상,인천광역시,무학
7710,37e768c68be040a0959d0ef1dff350aa,여자,94,경기,무학,무직,여성,8,70대이상,경기도,무학
7711,696144a0d72348d191d4d1d05cc4fa37,여자,73,경기,초등학교,무직,여성,8,70대이상,경기도,초졸이하
7712,108b8ba18a6f41798279c48c38550a8c,여자,74,강원,초등학교,무직,여성,8,70대이상,강원특별자치도,초졸이하
7713,38edcdea6a284d048cf3e6834953bdca,여자,81,광주,무학,무직,여성,8,70대이상,광주광역시,무학
7714,d647f49479d7464d8d25b44070ce389a,여자,72,서울,초등학교,무직,여성,8,70대이상,서울특별시,초졸이하
7715,3abab5a55c024392a788a780ed949bd5,여자,77,대구,초등학교,무직,여성,8,70대이상,대구광역시,초졸이하
7716,19145bcf026f4f4fb78ca517d97e01b5,여자,79,경상남,초등학교,그 외 서비스 관련 단순 종사원,여성,8,70대이상,경상남도,초졸이하
7717,eb57ba43f1c6493a9a5b4dcc6f835332,여자,81,서울,무학,무직,여성,8,70대이상,서울특별시,무학
7718,1dd5c4d9f3544fdeb1e1f81051dc48f3,여자,84,충청남,중학교,무직,여성,8,70대이상,충청남,중졸
7719,3064c38ddfe645759e5854fbcb092087,여자,74,부산,초등학교,무직,여성,8,70대이상,부산광역시,초졸이하
7720,246da373dd5741a7bc2b804e6f3f1f1c,여자,78,전북,초등학교,무직,여성,8,70대이상,전북특별자치도,초졸이하
7721,753f691ad69444aebc81540df2ef612e,여자,88,광주,무학,무직,여성,8,70대이상,광주광역시,무학
7722,a196689728fb476c867bdbd9fd0112bb,여자,93,전북,무학,무직,여성,8,70대이상,전북특별자치도,무학
7723,793f101a347e4db9b5c8fb8f60c5d051,여자,86,경기,무학,무직,여성,8,70대이상,경기도,무학
7724,60239f72a1bf4a659473780eb084a553,여자,83,경기,고등학교,그 외 조리사,여성,8,70대이상,경기도,고졸
7725,9973f9dfd8954bf392c56b36f3f18779,여자,78,경기,초등학교,건물 청소원,여성,8,70대이상,경기도,초졸이하
7726,66933e3c059747fdbac514dc0c72157d,여자,87,경기,4년제 대학교,무직,여성,8,70대이상,경기도,대졸
7727,b5db257c0e3f451dac19c18f5914e58e,여자,89,제주,무학,무직,여성,8,70대이상,제주특별자치도,무학
7728,3145c9c082534bddba3fcf264f113f1d,여자,84,충청북,중학교,무직,여성,8,70대이상,충청북,중졸
7729,c368edbe028748d79747a79f50782624,여자,77,경기,중학교,무직,여성,8,70대이상,경기도,중졸
7730,6f89889e5dab45d18356b5226b51af4b,여자,88,경기,고등학교,무직,여성,8,70대이상,경기도,고졸
7731,e441d8fe43b34cbe8a2f64d42aedf3e2,여자,83,충청남,무학,무직,여성,8,70대이상,충청남,무학
7732,b0fbf29e31af4e0abbe59589ba259edc,여자,94,전북,무학,무직,여성,8,70대이상,전북특별자치도,무학
7733,6a8851ecf051409c8c86fe16f8e0b2e9,여자,87,서울,초등학교,하역 및 적재 관련 단순 종사원,여성,8,70대이상,서울특별시,초졸이하
7734,3a8742a441224a238f925fd43c3b502e,여자,82,인천,초등학교,무직,여성,8,70대이상,인천광역시,초졸이하
7735,f3949e62fc114feaa0e7ae5ee5f26149,여자,78,인천,초등학교,건물 청소원,여성,8,70대이상,인천광역시,초졸이하
7736,9eef3b418bdc44dbb83bfaca0e250753,여자,82,인천,고등학교,건물 청소원,여성,8,70대이상,인천광역시,고졸
7737,3c78f66ff25c49b4be4dd210d921facb,여자,74,강원,고등학교,무직,여성,8,70대이상,강원특별자치도,고졸
7738,89f60f206f584471acc081f290a16f8f,여자,79,경상남,중학교,무직,여성,8,70대이상,경상남도,중졸
7739,ebf4e82d04064427916172c09e3cb11a,여자,87,경기,초등학교,무직,여성,8,70대이상,경기도,초졸이하
7740,c35794c93fb34d8480db5b61ccfb5b47,여자,76,서울,중학교,무직,여성,8,70대이상,서울특별시,중졸
7741,6b59ddb282124b6885dd1756328646d7,여자,89,경기,초등학교,그 외 상품 중개인 및 경매사,여성,8,70대이상,경기도,초졸이하
7742,d1abfcb6c10f47bdacfd1a6cbf3939e7,여자,70,경기,고등학교,무직,여성,8,70대이상,경기도,고졸
7743,bd404e96754e4b9d8e12bb09eee59ef6,여자,75,충청남,초등학교,무직,여성,8,70대이상,충청남,초졸이하
7744,c250dbe61d3945edb99c5d2f854ea1b6,여자,74,경기,초등학교,밑반찬 제조 종사원,여성,8,70대이상,경기도,초졸이하
7745,9c306d5c4c9a46918d00db1172de2c11,여자,80,경기,고등학교,무직,여성,8,70대이상,경기도,고졸
7746,a443b615088f4d679eb4e75c0efa0b12,여자,78,충청남,초등학교,그 외 서비스 관련 단순 종사원,여성,8,70대이상,충청남,초졸이하
7747,11e6764e0f2d40ca84d25c6308ccd6af,여자,75,부산,초등학교,무직,여성,8,70대이상,부산광역시,초졸이하
7748,d859d575c52b46778d9270d32818552c,여자,78,전북,초등학교,무직,여성,8,70대이상,전북특별자치도,초졸이하
7749,f62da2edac86430985f8a403f3d001b6,여자,88,서울,초등학교,건물 청소원,여성,8,70대이상,서울특별시,초졸이하
7750,5750d35beeee41d3971c710e091e8e55,여자,70,서울,고등학교,무직,여성,8,70대이상,서울특별시,고졸
7751,2419c72371af4f1498daac13a445bbf8,여자,94,제주,무학,무직,여성,8,70대이상,제주특별자치도,무학
7752,c78ddfe46235434783811a4f32c4b364,여자,93,충청남,초등학교,무직,여성,8,70대이상,충청남,초졸이하
7753,4a9c017e7bda49228e5c826bf1082230,여자,79,경기,중학교,무직,여성,8,70대이상,경기도,중졸
7754,f2b6068f3f554c848184a947fb19c7ea,여자,96,부산,무학,무직,여성,8,70대이상,부산광역시,무학
7755,1407dcfc2a644bdeb19cf47f58ff463b,여자,85,경기,무학,무직,여성,8,70대이상,경기도,무학
7756,a16525310f4242a987c7c6f836d65a7a,여자,82,서울,중학교,무직,여성,8,70대이상,서울특별시,중졸
7757,e242d323f2e54b4abb8902d9b4e327dc,여자,72,전북,초등학교,건물 청소원,여성,8,70대이상,전북특별자치도,초졸이하
7758,98ad93032bc34f0e983b78440e8d996b,여자,81,강원,무학,무직,여성,8,70대이상,강원특별자치도,무학
7759,e08bee53c65c43c197b137ae1db65240,여자,76,부산,중학교,무직,여성,8,70대이상,부산광역시,중졸
7760,75c7c2464bb74f21a3c8ae72d275bf70,여자,77,경기,고등학교,무직,여성,8,70대이상,경기도,고졸
7761,b96d9c35b2d4426e86dac732fe247ae7,여자,92,서울,무학,무직,여성,8,70대이상,서울특별시,무학
7762,d3c03bd33b5e48e2851ce379c74cf1a2,여자,87,경상북,무학,무직,여성,8,70대이상,경상북도,무학
7763,49025a85635748a79764cb3787e29b4c,여자,94,경기,중학교,무직,여성,8,70대이상,경기도,중졸
7764,7d7b575f9a8345ebbe9daf340d50fba1,여자,71,경기,고등학교,무직,여성,8,70대이상,경기도,고졸
7765,fa1b406f205a42e0a506f2bfa088f929,여자,78,서울,무학,시설 경비원,여성,8,70대이상,서울특별시,무학
7766,d1317859b21b4464a9361e673a2d0dc7,여자,83,경기,초등학교,무직,여성,8,70대이상,경기도,초졸이하
7767,5cbc912915d94eb2b1c37e50189f62d9,여자,71,경상남,고등학교,무직,여성,8,70대이상,경상남도,고졸
7768,3adc103ada504027b8b2cc2182fe706e,여자,89,부산,초등학교,무직,여성,8,70대이상,부산광역시,초졸이하
7769,143ab6ecd97245829d766b238ea262e4,여자,84,서울,초등학교,무직,여성,8,70대이상,서울특별시,초졸이하
7770,5cb7a3ea6e5849dfa13c6c8d8bbea159,여자,71,전북,중학교,무직,여성,8,70대이상,전북특별자치도,중졸
7771,5c64fd75834142ebb4b19d09865f8a89,여자,74,충청남,초등학교,무직,여성,8,70대이상,충청남,초졸이하
7772,1d361b6d1e534936bbf4c50aad052ed9,여자,89,부산,무학,무직,여성,8,70대이상,부산광역시,무학
7773,d2a1c13ba716413487908ac5aaaa21e5,여자,79,서울,중학교,건물 청소원,여성,8,70대이상,서울특별시,중졸
7774,aa110a1736004508907ab4067243acdc,여자,72,강원,고등학교,건물 청소원,여성,8,70대이상,강원특별자치도,고졸
7775,c97f898edf2d4884bdcb36a76c9310f1,여자,79,대전,무학,무직,여성,8,70대이상,대전광역시,무학
7776,1db4fb4a75b94323b4cb992f297db4d7,여자,78,충청남,초등학교,무직,여성,8,70대이상,충청남,초졸이하
7777,d7e627b5fce5420c89de28df34ee55dc,여자,84,서울,초등학교,무직,여성,8,70대이상,서울특별시,초졸이하
7778,889774730d834fd1bc1e41458ed08d58,여자,92,인천,무학,무직,여성,8,70대이상,인천광역시,무학
7779,3945c0ab7d714e27803b413b80e13f72,여자,83,경상남,무학,무직,여성,8,70대이상,경상남도,무학
7780,987c4e484c66490381249172c1e695e7,여자,70,경상남,고등학교,무직,여성,8,70대이상,경상남도,고졸
7781,f8119a6f517b4316a7a4ba4eb4810380,여자,78,충청북,4년제 대학교,유치원 교사,여성,8,70대이상,충청북,대졸
7782,04be4241da8c452eaebe7b8859a80a40,여자,92,경기,초등학교,무직,여성,8,70대이상,경기도,초졸이하
7783,76148039da7847798e5065246aa1dc8d,여자,75,충청북,초등학교,무직,여성,8,70대이상,충청북,초졸이하
7784,b54b094de8fa46d89ce11c893093f1ba,여자,85,전라남,무학,무직,여성,8,70대이상,전라남,무학
7785,5b09f1b8477749dd8406c70b69be2a21,여자,76,충청남,초등학교,농업 단순 종사원,여성,8,70대이상,충청남,초졸이하
7786,56067a47f2e946cc81c6d6678cd0119f,여자,73,강원,초등학교,무직,여성,8,70대이상,강원특별자치도,초졸이하
7787,2c2a8776ea6c4e76aacaa65bda8d2a85,여자,76,전라남,초등학교,무직,여성,8,70대이상,전라남,초졸이하
7788,7cdcd6117bb54a95a858d606fa8964b7,여자,77,경상북,중학교,보험 설계사,여성,8,70대이상,경상북도,중졸
7789,45c7602adcd24fb5a7979be50cc00c47,여자,90,서울,초등학교,무직,여성,8,70대이상,서울특별시,초졸이하
7790,8eb105b33d4f458e95e80eb4bb2c3021,여자,89,인천,초등학교,무직,여성,8,70대이상,인천광역시,초졸이하
7791,1f5ce48b90bc4940a828b44e02713d18,여자,86,경기,무학,주방 보조원,여성,8,70대이상,경기도,무학
7792,1c8f8a95288941158bf5d420c9b63a0f,여자,82,서울,무학,무직,여성,8,70대이상,서울특별시,무학
7793,61b8365bb4b241efbc58b9b8ed81080a,여자,76,대구,고등학교,무직,여성,8,70대이상,대구광역시,고졸
7794,d9e90e741f9c4d33b1d2b7451967c0e7,여자,72,서울,중학교,무직,여성,8,70대이상,서울특별시,중졸
7795,4fe742c6ca134c668b962e7a9650436b,여자,80,경상남,초등학교,무직,여성,8,70대이상,경상남도,초졸이하
7796,affadb322de14098a7070b41f54e7435,여자,80,서울,무학,건물 청소원,여성,8,70대이상,서울특별시,무학
7797,5f868d6a9e0147658b26b39083fb91c5,여자,83,경상북,초등학교,무직,여성,8,70대이상,경상북도,초졸이하
7798,8f3f151b92d1402da1a81a1d89facbae,여자,76,전라남,무학,무직,여성,8,70대이상,전라남,무학
7799,7c2f1888403b4cbf9d586d1a4e4aa591,여자,84,경상남,초등학교,무직,여성,8,70대이상,경상남도,초졸이하
7800,be2286353d9648ccba9f6046c94b2b4c,여자,70,충청남,초등학교,무직,여성,8,70대이상,충청남,초졸이하
7801,94bcd3509cfd4a7ea9d3e8c6d891b1a7,여자,75,충청남,무학,무직,여성,8,70대이상,충청남,무학
7802,7841a1217fac435daf20bf13dfab8285,여자,72,전북,4년제 대학교,무직,여성,8,70대이상,전북특별자치도,대졸
7803,4f6dd507ebf440b196c88274b8a2fe64,여자,70,경기,중학교,무직,여성,8,70대이상,경기도,중졸
7804,5f6a24052ae042feb818f44874010f33,여자,79,대구,초등학교,무직,여성,8,70대이상,대구광역시,초졸이하
7805,743b3e31f4934102be8123da59ff897d,여자,77,경기,고등학교,무직,여성,8,70대이상,경기도,고졸
7806,d8857c1af8f5408ab6ceab378b853037,여자,87,충청남,무학,무직,여성,8,70대이상,충청남,무학
7807,3a304001380347a4a8d58f3999070e18,여자,74,경기,초등학교,무직,여성,8,70대이상,경기도,초졸이하
7808,a553b2c6f2b545438a8dcadf8cda45ba,여자,72,울산,4년제 대학교,무직,여성,8,70대이상,울산광역시,대졸
7809,f66628ac77384d3d95e7ad5642c21cca,여자,75,서울,고등학교,공공행정 사무원,여성,8,70대이상,서울특별시,고졸
7810,32456c0876e14b788f7613404ec13935,여자,76,서울,무학,건물 청소원,여성,8,70대이상,서울특별시,무학
7811,8093f06661c040389b6a2f339a2a7920,여자,82,전북,무학,무직,여성,8,70대이상,전북특별자치도,무학
7812,63cde26805ea4823bd48822631c5a308,여자,79,인천,초등학교,무직,여성,8,70대이상,인천광역시,초졸이하
7813,7599866adc80495eac4174e947eb19e7,여자,78,경기,고등학교,무직,여성,8,70대이상,경기도,고졸
7814,917c1d28d56d44ebbcfc85d674b50e89,여자,70,경기,고등학교,간호조무사,여성,8,70대이상,경기도,고졸
7815,7b97207b340349278a9396b46c6a4b9b,여자,76,대구,2~3년제 전문대학,무직,여성,8,70대이상,대구광역시,전문대졸
7816,e244287af57c4e8595410356658c1db7,여자,81,경상남,초등학교,무직,여성,8,70대이상,경상남도,초졸이하
7817,2fbe56fd3a86410bbab6ab610c30ab27,여자,84,강원,무학,무직,여성,8,70대이상,강원특별자치도,무학
7818,bb22af63c250438d9da789be9def0a28,여자,80,경상남,무학,무직,여성,8,70대이상,경상남도,무학
7819,2d8927da579c4caf883086b9830a3628,여자,85,광주,무학,무직,여성,8,70대이상,광주광역시,무학
7820,d389b03a5ca74e7093be3a0afce6fe6b,여자,79,경기,무학,무직,여성,8,70대이상,경기도,무학
7821,907b0048a10941ea8838fa21ae3f420e,여자,73,서울,고등학교,무직,여성,8,70대이상,서울특별시,고졸
7822,a89f014b195245e4b802cfb925605063,여자,74,충청북,중학교,그 외 바닥재 시공원,여성,8,70대이상,충청북,중졸
7823,c5cd2729ca5d490b9e75b94d7e4cefd5,여자,85,서울,중학교,무직,여성,8,70대이상,서울특별시,중졸
7824,7cc5d5903c2c468195df1bd0ab0fd8ac,여자,83,경기,무학,무직,여성,8,70대이상,경기도,무학
7825,2b2831e2a49e48009f668b979513c556,여자,74,경상북,초등학교,무직,여성,8,70대이상,경상북도,초졸이하
7826,5e16d70061c54de3b3f8503261d7f75c,여자,89,경기,초등학교,무직,여성,8,70대이상,경기도,초졸이하
7827,abada92815c444e7bc64e017072070a2,여자,74,경기,중학교,무직,여성,8,70대이상,경기도,중졸
7828,84b8ff0f208143ae8eb16859da16e31b,여자,82,인천,초등학교,무직,여성,8,70대이상,인천광역시,초졸이하
7829,909d363e3de24a4393adc6bd8a7a09c2,여자,87,경상북,무학,건물 청소원,여성,8,70대이상,경상북도,무학
7830,92a47dc51caf4f47956fdd1feb19cd81,여자,85,강원,무학,무직,여성,8,70대이상,강원특별자치도,무학
7831,e2058b053b0c4cfdaa90484e24d006bb,여자,89,전북,무학,무직,여성,8,70대이상,전북특별자치도,무학
7832,e3761ad7520345799d54e1bd7cdaf619,여자,79,부산,초등학교,무직,여성,8,70대이상,부산광역시,초졸이하
7833,820868454de44da284f49171a735caab,여자,89,충청북,무학,무직,여성,8,70대이상,충청북,무학
7834,05716869d8b34dee928ed03e4db2a50d,여자,91,경기,무학,무직,여성,8,70대이상,경기도,무학
7835,f18bd11549a948769c2dcc5944893f24,여자,86,경상북,무학,무직,여성,8,70대이상,경상북도,무학
7836,188daa3c11c945adb031b3b347439df8,여자,87,경기,초등학교,무직,여성,8,70대이상,경기도,초졸이하
7837,49768748f9f141909f09a38304db3fc8,여자,76,서울,중학교,무직,여성,8,70대이상,서울특별시,중졸
7838,5b781cbddb0b4b53bca11a741b3bfce2,여자,82,서울,초등학교,무직,여성,8,70대이상,서울특별시,초졸이하
7839,0e9c2f6409514d2dbec77746bf79fde3,여자,74,대구,중학교,주방 보조원,여성,8,70대이상,대구광역시,중졸
7840,d8503330956f4e2bbe70d97f21695771,여자,87,서울,무학,무직,여성,8,70대이상,서울특별시,무학
7841,6d0be671aa9742c7bd606d58b9ecfc13,여자,78,전라남,초등학교,무직,여성,8,70대이상,전라남,초졸이하
7842,d6d4751305fa4a31a18e2710035ca516,여자,73,충청남,초등학교,무직,여성,8,70대이상,충청남,초졸이하
7843,b323a8c82e7a4f669e93e8f35c609560,여자,71,경기,중학교,무직,여성,8,70대이상,경기도,중졸
7844,839d5f78f0b141569ba6ba63938df65f,여자,78,서울,초등학교,무직,여성,8,70대이상,서울특별시,초졸이하
7845,91053b24b23d4e888d18bfc1982a511d,여자,80,부산,무학,무직,여성,8,70대이상,부산광역시,무학
7846,a108bd200ee347cd88fd61c0dbca5ffd,여자,75,전북,초등학교,지방행정 사무원,여성,8,70대이상,전북특별자치도,초졸이하
7847,a2d1d4bece344ae097c9369362d69571,여자,80,전라남,초등학교,건물 청소원,여성,8,70대이상,전라남,초졸이하
7848,a74732b52ff246e197dcc19f6d4abe2e,여자,79,경상북,무학,무직,여성,8,70대이상,경상북도,무학
7849,5fca69a326744a8a83df244bfc6fde8d,여자,74,인천,중학교,그 외 서비스 관련 단순 종사원,여성,8,70대이상,인천광역시,중졸
7850,dee14da63c8c4794812f9703392dc628,여자,81,부산,무학,무직,여성,8,70대이상,부산광역시,무학
7851,105d419031b74c7eb0f5eea376778c80,여자,82,강원,초등학교,무직,여성,8,70대이상,강원특별자치도,초졸이하
7852,0d5e1c626b4a483d98b583ab0ed0c635,여자,89,강원,무학,무직,여성,8,70대이상,강원특별자치도,무학
7853,2935094961b34258b708bdbb80fd5ce9,여자,77,서울,초등학교,무직,여성,8,70대이상,서울특별시,초졸이하
7854,4b87f1993a4f4b12a6fcdfa3e4675af5,여자,76,경상남,고등학교,가사 도우미,여성,8,70대이상,경상남도,고졸
7855,4045462494a7466389320fef9545f2fc,여자,75,전북,초등학교,무직,여성,8,70대이상,전북특별자치도,초졸이하
7856,5af0bfa3c52244bc8b4db21ab93f3095,여자,80,서울,초등학교,무직,여성,8,70대이상,서울특별시,초졸이하
7857,970e4eb0fef84f18b835afe3287347a1,여자,92,경상북,초등학교,무직,여성,8,70대이상,경상북도,초졸이하
7858,ee1a4b8cb392490086717f859c563245,여자,74,충청북,초등학교,무직,여성,8,70대이상,충청북,초졸이하
7859,270579eec0e24ac3b534b82ca8c8136f,여자,72,경기,초등학교,무직,여성,8,70대이상,경기도,초졸이하
7860,30cfccd53e3c418599152ef44a2cd63b,여자,88,경상남,무학,무직,여성,8,70대이상,경상남도,무학
7861,31a583cc050f41adab4cad7302a73f81,여자,87,전북,무학,무직,여성,8,70대이상,전북특별자치도,무학
7862,fed50881fdc14b62b6a1d3fae43a0aec,여자,77,서울,초등학교,무직,여성,8,70대이상,서울특별시,초졸이하
7863,ecbef79fbf5341c3a71c59f8c31cd6db,여자,75,부산,중학교,무직,여성,8,70대이상,부산광역시,중졸
7864,80bc61cdf6dd4f83997a3cf487759eba,여자,73,경기,초등학교,건물 청소원,여성,8,70대이상,경기도,초졸이하
7865,eed8d6d6c1cc45a9b73a3a335c70664a,여자,84,경상남,초등학교,무직,여성,8,70대이상,경상남도,초졸이하
7866,939cc7ee59d7495aa913341884dbd2f9,여자,72,인천,중학교,무직,여성,8,70대이상,인천광역시,중졸
7867,dbd2d1fd725f45ca82b41378224c9235,여자,90,충청남,초등학교,무직,여성,8,70대이상,충청남,초졸이하
7868,5cc0bbddeed840d594f4e5f70a895991,여자,86,경상남,초등학교,무직,여성,8,70대이상,경상남도,초졸이하
7869,35ed497a8567485a8f63050b9b20fc5b,여자,75,대전,초등학교,간병인,여성,8,70대이상,대전광역시,초졸이하
7870,c61512ba194b4ed0a3509c83af9e7158,여자,70,경기,고등학교,무직,여성,8,70대이상,경기도,고졸
7871,98fe1a60278349029ed92b30d3f9e305,여자,84,경상남,초등학교,무직,여성,8,70대이상,경상남도,초졸이하
7872,04cbc44e85364429bbc27b19ea546fb8,여자,83,대구,무학,무직,여성,8,70대이상,대구광역시,무학
7873,ad337a123eb64bbe8eff9652c37e0421,여자,86,경상남,무학,무직,여성,8,70대이상,경상남도,무학
7874,7be73632eaf84cd0b561f362974978e3,여자,75,서울,초등학교,무직,여성,8,70대이상,서울특별시,초졸이하
7875,cb452569088146f9b64bbc38f4f73573,여자,81,대구,초등학교,가사 도우미,여성,8,70대이상,대구광역시,초졸이하
7876,9bde1976d85f48d5965e62e0c3e15881,여자,74,경기,2~3년제 전문대학,무직,여성,8,70대이상,경기도,전문대졸
7877,5ca61865fc2442cf9ea579797ff89841,여자,75,부산,초등학교,무직,여성,8,70대이상,부산광역시,초졸이하
7878,d432c0b6b2de4f108de52f702f5a1317,여자,80,인천,초등학교,무직,여성,8,70대이상,인천광역시,초졸이하
7879,9f7e901a1abf417dae89e48d12499dc7,여자,92,경기,초등학교,무직,여성,8,70대이상,경기도,초졸이하
7880,a75eacd55eff450b9b92b76d8f2b7a1f,여자,81,전라남,무학,무직,여성,8,70대이상,전라남,무학
7881,794224f93c2e4b5289720614f17c95ac,여자,77,서울,초등학교,대형 화물차 운전원,여성,8,70대이상,서울특별시,초졸이하
7882,d3a9a313f7d74d79a5e8de7030169681,여자,82,경기,무학,무직,여성,8,70대이상,경기도,무학
7883,f04b96b5891741f4a7ef4095dfc3b2b4,여자,90,부산,초등학교,무직,여성,8,70대이상,부산광역시,초졸이하
7884,f16f1b8704d740318ca25ed08bc61d0d,여자,71,전라남,초등학교,무직,여성,8,70대이상,전라남,초졸이하
7885,b20daeb088b54b95a2080d8d1f02d9b2,여자,71,강원,초등학교,무직,여성,8,70대이상,강원특별자치도,초졸이하
7886,743d9cace02e43a8893ad14537fa45e0,여자,70,서울,고등학교,무직,여성,8,70대이상,서울특별시,고졸
7887,b5339894414f4caa915f2e288b9c4837,여자,75,대구,초등학교,무직,여성,8,70대이상,대구광역시,초졸이하
7888,8ef8334458de49e4a0f63b87e044a114,여자,70,경상북,중학교,무직,여성,8,70대이상,경상북도,중졸
7889,0bc1c8ae037f4513b1e092204efb35b5,여자,73,부산,초등학교,무직,여성,8,70대이상,부산광역시,초졸이하
7890,ab92e301bdb74ae78ad3548f11365e74,여자,70,경상남,중학교,그 외 서비스 관련 단순 종사원,여성,8,70대이상,경상남도,중졸
7891,6d16def3fd744f57aef725247341d914,여자,74,서울,초등학교,무직,여성,8,70대이상,서울특별시,초졸이하
7892,9eb2033a66394c73a9bb95078c10da06,여자,80,경기,초등학교,무직,여성,8,70대이상,경기도,초졸이하
7893,3d23e3d8101e406caa0234985aa86e62,여자,72,경상북,중학교,주방 보조원,여성,8,70대이상,경상북도,중졸
7894,b7d0a1e04bde4c59946fc1d5685125f9,여자,74,경기,고등학교,건물 청소원,여성,8,70대이상,경기도,고졸
7895,88af2ba9e631418eb42a82236f358348,여자,72,부산,중학교,건물 경비원,여성,8,70대이상,부산광역시,중졸
7896,ebd416857ff2441ca663c49f42b84f77,여자,78,서울,초등학교,무직,여성,8,70대이상,서울특별시,초졸이하
7897,5973987ae96644519d9a41a220862d23,여자,77,전북,무학,무직,여성,8,70대이상,전북특별자치도,무학
7898,675bc25c669f44e3a4a564cd42470858,여자,87,전북,무학,무직,여성,8,70대이상,전북특별자치도,무학
7899,b010a3e9dae14adfa715d51e568229fa,여자,71,서울,중학교,무직,여성,8,70대이상,서울특별시,중졸
7900,9a93fe5ac81c491ebfc9be0599be3699,여자,79,전라남,무학,건물 경비원,여성,8,70대이상,전라남,무학
7901,201c2e17f5ac4562bf36b66eea79768c,여자,77,강원,초등학교,가사 도우미,여성,8,70대이상,강원특별자치도,초졸이하
7902,142bdf26d2c04156bf30030c21744742,여자,83,서울,초등학교,무직,여성,8,70대이상,서울특별시,초졸이하
7903,213a072018d54cdeae15790c5a65b8e0,여자,70,경기,초등학교,건물 청소원,여성,8,70대이상,경기도,초졸이하
7904,653ca2ded3ea44469af34ef24a2315b4,여자,87,서울,초등학교,그 외 기능 관련 종사원,여성,8,70대이상,서울특별시,초졸이하
7905,193bf87e4e6248ee9fdc8c0fd23b09e0,여자,74,경기,2~3년제 전문대학,무직,여성,8,70대이상,경기도,전문대졸
7906,770195a7bdb14b3fb8e3facbcb2d06e3,여자,73,서울,초등학교,무직,여성,8,70대이상,서울특별시,초졸이하
7907,4e1d66cd19cd4a55824ced40e9a27056,여자,88,인천,고등학교,무직,여성,8,70대이상,인천광역시,고졸
7908,c7045e445f5e41f9bf9f4238c89ca5d8,여자,82,인천,중학교,무직,여성,8,70대이상,인천광역시,중졸
7909,c996171a95574538ad28d750da3aa237,여자,73,서울,중학교,무직,여성,8,70대이상,서울특별시,중졸
7910,128b6f554fb94ff2adc9407c3c246e50,여자,82,충청북,초등학교,무직,여성,8,70대이상,충청북,초졸이하
7911,95e875d020ca4020a02b879309b9878a,여자,84,전북,무학,무직,여성,8,70대이상,전북특별자치도,무학
7912,c727e9447f764d3da6c6f7cd2e814494,여자,82,경상북,초등학교,무직,여성,8,70대이상,경상북도,초졸이하
7913,42e976e8f64c4d609d9bd78461b2d192,여자,70,경상북,4년제 대학교,무직,여성,8,70대이상,경상북도,대졸
7914,5e6208e66a584447bb230b094728a893,여자,73,충청북,초등학교,무직,여성,8,70대이상,충청북,초졸이하
7915,7f9e04c3ebc84df1acbd7c7f99cf6541,여자,70,경기,중학교,무직,여성,8,70대이상,경기도,중졸
7916,0fddfe62b3874e4db4cabebbdb12e3a4,여자,74,전라남,중학교,국가행정 사무원,여성,8,70대이상,전라남,중졸
7917,742920f05a99462683fd6c81fbbef363,여자,84,전북,무학,무직,여성,8,70대이상,전북특별자치도,무학
7918,53339de064b34425a486ea4831f16ab1,여자,71,인천,초등학교,무직,여성,8,70대이상,인천광역시,초졸이하
7919,7052faf6367b4b418303cd7ede9d6150,여자,77,전라남,초등학교,지방행정 사무원,여성,8,70대이상,전라남,초졸이하
7920,b4ed7eb59ef247a78b74df9d6dbc1b27,여자,73,대전,초등학교,무직,여성,8,70대이상,대전광역시,초졸이하
7921,47aac0edc9bd44f89495f170fbb61f84,여자,74,서울,초등학교,무직,여성,8,70대이상,서울특별시,초졸이하
7922,c8fa28e4139e4d31a2c401de1c8fecee,여자,82,경기,초등학교,무직,여성,8,70대이상,경기도,초졸이하
7923,d5e099af0ba2486cb96c1ad4c9fdb65c,여자,82,서울,초등학교,무직,여성,8,70대이상,서울특별시,초졸이하
7924,6f750493cb4c43d48d01387ced69ac5d,여자,84,서울,중학교,건물 청소원,여성,8,70대이상,서울특별시,중졸
7925,b74b5f17e3634933b79254dad2f8b3f3,여자,76,충청남,초등학교,무직,여성,8,70대이상,충청남,초졸이하
7926,2cd8a55998cf43a6afedb2919cffd78d,여자,84,경상북,무학,무직,여성,8,70대이상,경상북도,무학
7927,be6023a339984006a218840ffba785cf,여자,73,충청북,중학교,수동 포장원,여성,8,70대이상,충청북,중졸
7928,c006c82489314d90896939804fc4565a,여자,88,경기,초등학교,그 외 서비스 관련 단순 종사원,여성,8,70대이상,경기도,초졸이하
7929,6f4b2cf10a9c4c7ab7ca5672fa053952,여자,79,전라남,고등학교,무직,여성,8,70대이상,전라남,고졸
7930,2952f5316dad4627bbb24091dc34c57e,여자,80,서울,초등학교,그 외 서비스 관련 단순 종사원,여성,8,70대이상,서울특별시,초졸이하
7931,362c3e240d7e4fe6b5758da96bb1be8a,여자,80,충청북,무학,무직,여성,8,70대이상,충청북,무학
7932,64f705fb7df64dd78d890c396cad149a,여자,84,강원,무학,무직,여성,8,70대이상,강원특별자치도,무학
7933,6d4f0b1994284351ab9e12a3706d2a79,여자,71,서울,초등학교,무직,여성,8,70대이상,서울특별시,초졸이하
7934,b88c21ea27c3442f94bf47e6c0736710,여자,72,광주,고등학교,무직,여성,8,70대이상,광주광역시,고졸
7935,8417e4d156d74ddca60b4bc508caf66c,여자,87,서울,초등학교,무직,여성,8,70대이상,서울특별시,초졸이하
7936,bdbb722772f34e11b34d9ee1c67f9885,여자,87,세종,무학,무직,여성,8,70대이상,세종특별자치시,무학
7937,52c7268bbb74490ebfbd0d823a50a955,여자,75,전북,무학,건물 청소원,여성,8,70대이상,전북특별자치도,무학
