_idx,uuid,sex,age,province,education_level,occupation,성별,연령대,연령대_라벨,시도,교육수준
0,81ca6d112d904c9190cf10a913c59e57,남자,19,경상남,중학교,무직,남성,2,10대,경상남도,중졸
1,29b0190a8c184cfb8ce5c2090fcfd5bf,남자,19,경기,고등학교,무직,남성,2,10대,경기도,고졸
2,1c792e89c5244967b0678840ab2e649a,남자,19,서울,고등학교,무직,남성,2,10대,서울특별시,고졸
3,864e2783a49d48549cc6942d739bbbc3,남자,19,경기,고등학교,음식 서비스 종사원,남성,2,10대,경기도,고졸
4,0018b6617d77448e9bac1c54cc25d6f0,남자,19,충청북,중학교,무직,남성,2,10대,충청북,중졸
5,09c21a256cdc4fd89186d3de42c36ae0,남자,19,제주,중학교,무직,남성,2,10대,제주특별자치도,중졸
6,02156f30cada4d509ebbcc153c43292f,남자,19,경상남,고등학교,무직,남성,2,10대,경상남도,고졸
7,beeb170168b1499e95a54f17feabdc00,남자,19,경상남,고등학교,무직,남성,2,10대,경상남도,고졸
8,c1073d23217c40b18f4f63ed32573186,남자,19,서울,고등학교,무직,남성,2,10대,서울특별시,고졸
9,2eae50cbacb94f4980824507ef1a5c1c,남자,19,서울,고등학교,무직,남성,2,10대,서울특별시,고졸
10,f06afd4f8cc94f7aa4d079936c03dfb5,남자,19,대전,고등학교,무직,남성,2,10대,대전광역시,고졸
11,3921b76310304f86b406b1df8099fed5,남자,19,경상북,고등학교,무직,남성,2,10대,경상북도,고졸
12,77f72a9d25e7421c8798b67b8bf73b9e,남자,19,서울,중학교,무직,남성,2,10대,서울특별시,중졸
13,6c161e9fbc6e466389461a45253d5c71,남자,19,서울,중학교,무직,남성,2,10대,서울특별시,중졸
14,34203ffef7dc4ce4931605d014223cb4,남자,19,서울,중학교,무직,남성,2,10대,서울특별시,중졸
15,497203b1659c471291aa1c2d7c7a572f,남자,19,전라남,고등학교,무직,남성,2,10대,전라남,고졸
16,c74e4efecfae4759ab638b0400c6004f,남자,19,서울,고등학교,무직,남성,2,10대,서울특별시,고졸
17,6d205e86ee85481999892e1100f2da64,남자,19,경상북,고등학교,무직,남성,2,10대,경상북도,고졸
18,3e5653a20dae4701827478d8267f9787,남자,19,대전,고등학교,무직,남성,2,10대,대전광역시,고졸
19,d06559812ff748f28978034fc8ea53a6,남자,19,경기,고등학교,무직,남성,2,10대,경기도,고졸
20,d6eb071b880b45b1b837bfffd8012f18,남자,19,대전,고등학교,무직,남성,2,10대,대전광역시,고졸
21,7de365e6b1744267a37af29fae5d0749,남자,19,인천,고등학교,화학기계 설치 및 정비원,남성,2,10대,인천광역시,고졸
22,72c9d2f070c74c64b9a311df8893632d,남자,19,경기,고등학교,무직,남성,2,10대,경기도,고졸
23,bbf98c27ca7b4b218c7f7e44dec1f835,남자,19,서울,고등학교,무직,남성,2,10대,서울특별시,고졸
24,369ca5a09a2e40f787f2f82eca74fa9c,남자,19,경기,고등학교,무직,남성,2,10대,경기도,고졸
25,c7298bd181154b8d8d9b37fe0112044f,남자,19,충청북,고등학교,무직,남성,2,10대,충청북,고졸
26,32750eb4448c4a1b9991b058224ac057,남자,19,서울,중학교,무직,남성,2,10대,서울특별시,중졸
27,6136cf58c1d2423b9a84afe88926bdb2,남자,19,대전,고등학교,무직,남성,2,10대,대전광역시,고졸
28,dc5970ccdcd34913bbbcfe9b6520e67e,남자,19,서울,중학교,무직,남성,2,10대,서울특별시,중졸
29,f372edfd492148c1a212509d902394f0,남자,19,서울,고등학교,무직,남성,2,10대,서울특별시,고졸
30,ab08f673f8db4ee2810e2411dba4f8cc,남자,19,경기,중학교,무직,남성,2,10대,경기도,중졸
31,24ef0e66d52a4b338c7266de4e799458,남자,19,경기,고등학교,무직,남성,2,10대,경기도,고졸
32,da64562f27234128ac9ca5633f77459b,남자,19,경기,고등학교,무직,남성,2,10대,경기도,고졸
33,08df1f655979438ab15416047bf6c80c,남자,19,경기,중학교,음식 서비스 종사원,남성,2,10대,경기도,중졸
34,e1d7f297af144293a79a8ed1008e54df,남자,19,부산,고등학교,무직,남성,2,10대,부산광역시,고졸
35,8d6d31643f4e4f479737f05ad10a845a,남자,19,대전,고등학교,무직,남성,2,10대,대전광역시,고졸
36,ffbf1da61a964147be1ebe5889edc9f8,남자,19,울산,고등학교,자동차공학 기술자 및 연구원,남성,2,10대,울산광역시,고졸
37,91f740001c3a4a4aa66fe2f360709aae,남자,19,경기,고등학교,무직,남성,2,10대,경기도,고졸
38,8aaad2c79345431f86eb733017aec61d,남자,19,경기,고등학교,경리 사무원,남성,2,10대,경기도,고졸
39,faf3bd8fb85049d09c1aae6c0c91cf08,남자,19,경기,고등학교,무직,남성,2,10대,경기도,고졸
40,bb916a4965a64f51888c63bfecdbddb8,남자,19,인천,고등학교,무직,남성,2,10대,인천광역시,고졸
41,4062da29a4db48caa661ddd63df2f268,남자,19,경기,중학교,무직,남성,2,10대,경기도,중졸
42,169989a62db9401380f39c893e2ca21d,남자,19,경상북,중학교,무직,남성,2,10대,경상북도,중졸
43,d3bfc600e1274d3bb622241f63269e98,남자,19,경기,고등학교,무직,남성,2,10대,경기도,고졸
44,fc50634ca6914bb990554c815316ee61,남자,19,대구,고등학교,무직,남성,2,10대,대구광역시,고졸
45,1815c50c231b45f1be93d22c866d5bc1,남자,19,경상남,고등학교,무직,남성,2,10대,경상남도,고졸
46,ea18521bd31d4ca09db6913f2ab9926a,남자,19,충청남,고등학교,무직,남성,2,10대,충청남,고졸
47,d8ad7a9f333d46b4aefcd5608ccb4c20,남자,19,부산,고등학교,무직,남성,2,10대,부산광역시,고졸
48,385070c349b44806bfd9df417a0d0dbd,남자,19,경기,고등학교,무직,남성,2,10대,경기도,고졸
49,805c7a46af444b1fa6c8b9a13b6a6016,남자,19,충청북,고등학교,무직,남성,2,10대,충청북,고졸
50,f2a125cae3684e23bfd3ddfec4b7d4aa,남자,19,경기,고등학교,무직,남성,2,10대,경기도,고졸
51,4fd754c1f97c4f1f947728137bc618af,남자,19,광주,고등학교,무직,남성,2,10대,광주광역시,고졸
52,ad04017072c84f55aab7f711e08e7064,남자,19,인천,고등학교,무직,남성,2,10대,인천광역시,고졸
53,72d6deee6e9c4a78af984057feebbafc,남자,19,경기,고등학교,무직,남성,2,10대,경기도,고졸
54,2e2593a50d974737a9893d2e5fcd983e,남자,19,경상북,중학교,무직,남성,2,10대,경상북도,중졸
55,b55b08b886e048f084d39ff42cac0614,남자,19,경기,고등학교,무직,남성,2,10대,경기도,고졸
56,89c25817d6974101a867749a835ad57a,남자,19,서울,중학교,무직,남성,2,10대,서울특별시,중졸
57,6e2ad230f0844e4a865c4e66f1c3affd,남자,19,울산,고등학교,무직,남성,2,10대,울산광역시,고졸
58,21258ba787684321883ab7972cb392e2,남자,19,서울,고등학교,무직,남성,2,10대,서울특별시,고졸
59,cd650cc7173343f7b484d6edb3b9f326,남자,19,경기,중학교,무직,남성,2,10대,경기도,중졸
60,150d89e73fba41c49886549f0d299132,남자,19,충청남,고등학교,무직,남성,2,10대,충청남,고졸
61,9eb62aeaa0d84c168aa3bb95be1700fd,남자,19,울산,고등학교,무직,남성,2,10대,울산광역시,고졸
62,93f004d597364212a6bdd515eee8d251,남자,19,경기,고등학교,무직,남성,2,10대,경기도,고졸
63,545856bf6f6546d8b452b9acce148206,남자,19,서울,고등학교,무직,남성,2,10대,서울특별시,고졸
64,784e09c108a443e991f08dfb274fcda6,남자,19,부산,고등학교,무직,남성,2,10대,부산광역시,고졸
65,fdfaad122bfd4dfeaf5e0ad50a28c04a,남자,19,서울,고등학교,무직,남성,2,10대,서울특별시,고졸
66,1b7e77c8da574ce6a0bc94ed431be01b,남자,19,서울,고등학교,무직,남성,2,10대,서울특별시,고졸
67,25c13dbfda044fa98b70a7a6eee06c6f,남자,19,경기,고등학교,"전직 일식 조리사, 현재 구직중",남성,2,10대,경기도,고졸
68,c91312526c2948079801692e1e0e18d3,남자,19,전북,고등학교,무직,남성,2,10대,전북특별자치도,고졸
69,123ea6f9f0864f0fb19a3f94a004ccbb,남자,19,대구,중학교,무직,남성,2,10대,대구광역시,중졸
70,72e574dd645c4ec5b407dd4027abae2a,남자,19,전라남,고등학교,중식 조리사,남성,2,10대,전라남,고졸
71,32d422c75115445890a27e31d9f578ee,남자,19,인천,고등학교,무직,남성,2,10대,인천광역시,고졸
72,4006e2762f0f48ce99d6fb63c8b60285,남자,19,대전,고등학교,무직,남성,2,10대,대전광역시,고졸
73,d5d5631943304b3cbc7c46488d057d87,남자,19,경기,중학교,노점 및 이동 판매원,남성,2,10대,경기도,중졸
74,4128945a864744a585c828f9d884ee42,남자,19,서울,고등학교,한식 조리사,남성,2,10대,서울특별시,고졸
75,102c1227e21a4b358b3f6e1f9383e4a5,남자,19,부산,고등학교,무직,남성,2,10대,부산광역시,고졸
76,89eb3934b79e49e89b8d2d7e67ab0557,남자,19,경상남,고등학교,무직,남성,2,10대,경상남도,고졸
77,35afc838cfa34fbcba78f0754db91350,남자,19,울산,고등학교,무직,남성,2,10대,울산광역시,고졸
78,6ff3cc89ce144918a2c8f987a11d347f,남자,19,경기,고등학교,무직,남성,2,10대,경기도,고졸
79,e831c675d2f94057ad6e31db60a9a232,남자,19,울산,고등학교,사무 보조원,남성,2,10대,울산광역시,고졸
80,40aeef8df00f418099e2b95d541e4f36,남자,19,경기,고등학교,무직,남성,2,10대,경기도,고졸
81,a662cf7317e044319d79511f251b98e5,남자,19,경기,고등학교,무직,남성,2,10대,경기도,고졸
82,a5424461bf86473096354f4d1e64819e,남자,19,충청남,중학교,무직,남성,2,10대,충청남,중졸
83,df452a9bf6804929925e416c120ee282,남자,19,전북,고등학교,무직,남성,2,10대,전북특별자치도,고졸
84,738ad63428f4494a8aad6070089b4c04,남자,19,경기,고등학교,그 외 배달원,남성,2,10대,경기도,고졸
85,64f8a86003124e7480f89e9a6a3a6af8,남자,19,경상남,고등학교,무직,남성,2,10대,경상남도,고졸
86,781411b2b67c4297961f4334dc025021,남자,19,경상북,고등학교,무직,남성,2,10대,경상북도,고졸
87,6498e8180e3b4511bd973e9a9e0be8b3,남자,19,경기,고등학교,무직,남성,2,10대,경기도,고졸
88,44bcff0abb6c4a68a164f191e75ce54a,남자,19,울산,고등학교,중식 조리사,남성,2,10대,울산광역시,고졸
89,387b7b11e3f641c98f03a43f318c1fb4,남자,19,전북,중학교,주차 관리원,남성,2,10대,전북특별자치도,중졸
90,3a80dc149c1344edaa421fbec08128b4,남자,19,충청북,고등학교,무직,남성,2,10대,충청북,고졸
91,93c26a0172e648dba2ab93050721ee89,남자,19,경기,고등학교,무직,남성,2,10대,경기도,고졸
92,b1e181eb263544c1892303659d3a61e5,남자,19,경기,고등학교,방문 고객 상담원,남성,2,10대,경기도,고졸
93,29154ad4122e48a2aae095f1fac88167,남자,19,경기,고등학교,무직,남성,2,10대,경기도,고졸
94,04844f038e83411494a1cb281cb731cd,남자,19,충청남,고등학교,무직,남성,2,10대,충청남,고졸
95,ba1248a5d52c470e9948e2fdec6a0270,남자,19,전북,고등학교,무직,남성,2,10대,전북특별자치도,고졸
96,9de7e636c433426ca1b2d6f46c654dcf,남자,19,경기,고등학교,무직,남성,2,10대,경기도,고졸
97,3d6c6bf9ffc845cd93e72532c24581ac,남자,19,광주,고등학교,무직,남성,2,10대,광주광역시,고졸
98,126cbff512924b408451ea0133df909f,남자,19,경상북,고등학교,무직,남성,2,10대,경상북도,고졸
99,1d3bf8ba34c443b69a881410e41161be,남자,19,경상남,고등학교,무직,남성,2,10대,경상남도,고졸
100,2f03d428662640c9bf3a2908d4e9d9c1,남자,19,전라남,고등학교,무직,남성,2,10대,전라남,고졸
101,844c2ffc90d746ec80aedd97a88009bb,남자,19,경상남,고등학교,무직,남성,2,10대,경상남도,고졸
102,34881caa64cb4ad69525004bba5ae2b6,남자,19,인천,고등학교,무직,남성,2,10대,인천광역시,고졸
103,6d2cf1d90cfb4c9ab3ecd5832a071753,남자,19,인천,고등학교,무직,남성,2,10대,인천광역시,고졸
104,870e1b75bdb9422da3c902b93bf43757,남자,19,충청북,고등학교,무직,남성,2,10대,충청북,고졸
105,a384c0278eb547a98985da0e0b8e22a1,남자,19,서울,중학교,무직,남성,2,10대,서울특별시,중졸
106,77f35783fe204f9d9e6df8257b25116b,남자,19,경상남,고등학교,무직,남성,2,10대,경상남도,고졸
107,02156f30cada4d509ebbcc153c43292f,남자,19,경상남,고등학교,무직,남성,2,10대,경상남도,고졸
108,09568b482e9a4957b43a7fa276c02d79,남자,19,광주,고등학교,무직,남성,2,10대,광주광역시,고졸
109,e037db1d341e474ead0f8f1389e0741e,남자,19,서울,고등학교,무직,남성,2,10대,서울특별시,고졸
110,935885472c0e49d692040fc2d820047c,남자,19,경기,중학교,무직,남성,2,10대,경기도,중졸
111,cd49b1b8281d434792be3bc6ab0aa8b2,남자,19,충청북,고등학교,무직,남성,2,10대,충청북,고졸
112,f6ffa6a8ccf1487b879e567f1e9fe288,남자,19,울산,고등학교,무직,남성,2,10대,울산광역시,고졸
113,c80b920b81854f0b9ee3baf3f9814b99,남자,19,경상남,고등학교,판금원,남성,2,10대,경상남도,고졸
114,4ca4dace4a87494eac1bcef6734de205,남자,19,경기,고등학교,무직,남성,2,10대,경기도,고졸
115,4039f8b9f4fd486a8a92999e4118fa7e,남자,19,경기,고등학교,무직,남성,2,10대,경기도,고졸
116,d627611586af4e568c1e1f887bc62a8a,남자,19,서울,고등학교,무직,남성,2,10대,서울특별시,고졸
117,ffd8ff63cc7e42ddb09970eacef550b4,남자,19,강원,고등학교,한식 조리사,남성,2,10대,강원특별자치도,고졸
118,0a3ca7c145324be8b9f0cc669885cd84,남자,19,서울,고등학교,무직,남성,2,10대,서울특별시,고졸
119,f7af1fa49efd45729ae10e0a1083187c,남자,19,경상남,고등학교,무직,남성,2,10대,경상남도,고졸
120,5c2cd0425f7f45b89a9c3936fafb7b9b,남자,19,대구,고등학교,무직,남성,2,10대,대구광역시,고졸
121,f90caebc377d40e58c45975a8c626112,남자,19,전북,고등학교,무직,남성,2,10대,전북특별자치도,고졸
122,62cea7fc075e420b848255d26309b65f,남자,19,제주,고등학교,무직,남성,2,10대,제주특별자치도,고졸
123,aa48a4bb1c30419fa2727f1a2add1e8a,남자,19,제주,고등학교,정육가공원,남성,2,10대,제주특별자치도,고졸
124,75e189889c21483fae912aa7bc120b0f,남자,19,경상북,고등학교,무직,남성,2,10대,경상북도,고졸
125,bdc1da1025764d639913fc58f0345108,남자,19,경상남,고등학교,무직,남성,2,10대,경상남도,고졸
126,1734c69ee4a34736bf4ac0916f3740e8,남자,19,충청남,고등학교,무직,남성,2,10대,충청남,고졸
127,62a0c26571aa4e609b18dd73178fb778,남자,19,경기,고등학교,무직,남성,2,10대,경기도,고졸
128,775c99cf9fbd4f12a1d7d56b23b562f8,남자,19,인천,고등학교,무직,남성,2,10대,인천광역시,고졸
129,6a2957e7ad1f40babcfcdbe0e8265829,남자,19,부산,중학교,무직,남성,2,10대,부산광역시,중졸
130,cd484703a98f472791810591667bcb9a,남자,19,경기,고등학교,무직,남성,2,10대,경기도,고졸
131,f882368012b344239ff7e1cd8ee4695f,남자,19,제주,고등학교,무직,남성,2,10대,제주특별자치도,고졸
132,ce66b51a503c488d8a82411149e2c123,남자,19,서울,고등학교,무직,남성,2,10대,서울특별시,고졸
133,99d715d7b58c4ac2bff3dd8eb48a5b99,남자,19,경기,중학교,무직,남성,2,10대,경기도,중졸
134,dc9e709d2cd74a3087c805f58d4c9fd0,남자,19,대구,고등학교,무직,남성,2,10대,대구광역시,고졸
135,cfe704ff2943423eb3af99e66e4e5256,남자,19,인천,고등학교,무직,남성,2,10대,인천광역시,고졸
136,7b01c99160ec4fccb66d8f3d7d9f25f0,남자,19,강원,고등학교,무직,남성,2,10대,강원특별자치도,고졸
137,398f23a2a7c948d3b202a5ef37974b99,남자,19,인천,고등학교,경리 사무원,남성,2,10대,인천광역시,고졸
138,f795fc204c3348cabcc86414863d05eb,남자,19,경기,고등학교,무직,남성,2,10대,경기도,고졸
139,8aef4e648e3547afb4658717406cbadf,남자,19,경상남,고등학교,무직,남성,2,10대,경상남도,고졸
140,4948b2460e01471698355dc98a7e14b3,남자,19,경상북,고등학교,인쇄 관련 기능 종사원,남성,2,10대,경상북도,고졸
141,59370972063f41088dfde3feb46ba2ef,남자,19,경상북,고등학교,무직,남성,2,10대,경상북도,고졸
142,bf4591c274b5487794fba62f3fe65983,남자,19,경상북,고등학교,무직,남성,2,10대,경상북도,고졸
143,f41419da9e3c41ad8114233b997eb43f,남자,19,서울,고등학교,무직,남성,2,10대,서울특별시,고졸
144,1105eb47b4e54ed89290aad86a975b70,남자,19,경상남,고등학교,무직,남성,2,10대,경상남도,고졸
145,a54c39a3d3de44d88d4258bdf0b2884c,남자,19,경기,고등학교,무직,남성,2,10대,경기도,고졸
146,d9d0a328a47a40fea5f027c6ff2326ca,남자,19,울산,고등학교,무직,남성,2,10대,울산광역시,고졸
147,9fe27b41721042dc8278b56dd54c09b5,남자,19,부산,고등학교,무직,남성,2,10대,부산광역시,고졸
148,3f6c1a611bc6406b91181b31302522a5,남자,19,대구,고등학교,무직,남성,2,10대,대구광역시,고졸
149,86b2023d7c3a48a69bcd7680fe1c19e5,남자,19,경기,고등학교,무직,남성,2,10대,경기도,고졸
150,58ec394d162a4323aff4c2777f2df82d,남자,19,인천,고등학교,무직,남성,2,10대,인천광역시,고졸
151,615f0ef8d4634574b428097f54493392,남자,19,서울,고등학교,무직,남성,2,10대,서울특별시,고졸
152,3d71baa1ac4948a9b8538cf5251118e6,남자,19,인천,고등학교,무직,남성,2,10대,인천광역시,고졸
153,f04f6d9885ee41d0afafd6289a9613bc,남자,19,전라남,고등학교,무직,남성,2,10대,전라남,고졸
154,edb545540dca4641984c9b4a2d560a98,남자,19,제주,고등학교,무직,남성,2,10대,제주특별자치도,고졸
155,ce51e6d11dc044ab932c9b89f85b4bf8,남자,19,대구,고등학교,무직,남성,2,10대,대구광역시,고졸
156,2467b2204d264df39ce4d7f299daeb54,남자,19,대구,고등학교,무직,남성,2,10대,대구광역시,고졸
157,3d71baa1ac4948a9b8538cf5251118e6,남자,19,인천,고등학교,무직,남성,2,10대,인천광역시,고졸
158,c366462efcfd4c92891b14b7ae142f15,남자,19,충청북,고등학교,영업 관리 사무원,남성,2,10대,충청북,고졸
159,2ba865e0d9c24dce9036df0ad79fa4ef,남자,19,서울,고등학교,무직,남성,2,10대,서울특별시,고졸
160,75e189889c21483fae912aa7bc120b0f,남자,19,경상북,고등학교,무직,남성,2,10대,경상북도,고졸
161,5ea17189fa004959b1bfaa485b76eb36,남자,19,서울,고등학교,무직,남성,2,10대,서울특별시,고졸
162,35bfa17e5b7d47c6923a3938cea98d80,남자,19,대구,고등학교,무직,남성,2,10대,대구광역시,고졸
163,0b05dff91c454597ad659051cd9a892e,남자,19,대구,중학교,무직,남성,2,10대,대구광역시,중졸
164,153cc6ebf14242f3abb9cd3a11d5d55f,남자,19,서울,중학교,무직,남성,2,10대,서울특별시,중졸
165,72436dcdf77f4de685bdda5bf1232425,남자,19,경상남,중학교,무직,남성,2,10대,경상남도,중졸
166,3c2852ecfb2b472f950193d71b3efd90,남자,19,전북,중학교,무직,남성,2,10대,전북특별자치도,중졸
167,d030a8b6b32846feae35d5116b344077,남자,19,서울,중학교,무직,남성,2,10대,서울특별시,중졸
168,e54ac484deba47c18de7a75678f42b10,남자,19,경상남,고등학교,무직,남성,2,10대,경상남도,고졸
169,279fdbabd4c1423cb890391a5e5ec9b7,남자,19,경기,고등학교,무직,남성,2,10대,경기도,고졸
170,a56f9e0d723d47af9aaf0507bdf426ce,남자,19,대구,고등학교,무직,남성,2,10대,대구광역시,고졸
171,1cca38617dda4840bef173d453991afe,남자,19,경기,중학교,무직,남성,2,10대,경기도,중졸
172,9e34e5e2e2c8441ca6898ce81a4505c0,남자,19,서울,고등학교,무직,남성,2,10대,서울특별시,고졸
173,c709a291c7ce42ecb27cdf69306a1e4b,남자,19,강원,고등학교,무직,남성,2,10대,강원특별자치도,고졸
174,5eb9347cf8e94f119864c988ee36a28f,남자,19,경기,중학교,무직,남성,2,10대,경기도,중졸
175,900d5433b25149a8bfd34ea96ce8ca7c,남자,19,서울,중학교,무직,남성,2,10대,서울특별시,중졸
176,ed832abec4314671bf639284592c5d2d,남자,19,인천,고등학교,무직,남성,2,10대,인천광역시,고졸
177,f2a125cae3684e23bfd3ddfec4b7d4aa,남자,19,경기,고등학교,무직,남성,2,10대,경기도,고졸
178,26b747d0bdb24b708ba7b6c4453a8226,남자,19,충청북,고등학교,무직,남성,2,10대,충청북,고졸
179,64a3e1ef1b0d4a40b0990447c062491f,남자,19,경기,고등학교,무직,남성,2,10대,경기도,고졸
180,af68e6c180284da185b2c8fd91c96607,남자,19,경기,고등학교,무직,남성,2,10대,경기도,고졸
181,b93c38e916984925a1b5423905dc142a,남자,19,부산,고등학교,무직,남성,2,10대,부산광역시,고졸
182,919fa87b18a745d8a17830a28f6914e6,남자,19,부산,고등학교,무직,남성,2,10대,부산광역시,고졸
183,b02723c9799242848941fc7a77f5343f,남자,19,경기,고등학교,무직,남성,2,10대,경기도,고졸
184,809bfefe157541828df1390bc60c0645,남자,19,충청남,고등학교,무직,남성,2,10대,충청남,고졸
185,da0c085215b4453793da979c3b7f4e3f,남자,19,경기,고등학교,무직,남성,2,10대,경기도,고졸
186,1677b5d1bfee4e8a934c4a2f5c6b41e8,남자,19,경기,고등학교,무직,남성,2,10대,경기도,고졸
187,e52a5879d2f14442b9ee4b481f1d7bc4,남자,19,서울,고등학교,무직,남성,2,10대,서울특별시,고졸
188,73bb4532fe334109b745622d5ccaf9a4,남자,19,세종,고등학교,무직,남성,2,10대,세종특별자치시,고졸
189,9108255906fe4f9ab0916e184160d59d,남자,19,경기,중학교,무직,남성,2,10대,경기도,중졸
190,6f70420fddf349c4bc8e6ae4add9aa9e,남자,19,서울,고등학교,무직,남성,2,10대,서울특별시,고졸
191,f7f321506c1e4b088705091d91be9cb8,남자,19,경상남,고등학교,무직,남성,2,10대,경상남도,고졸
192,e672dbf413354c5686310b2916cc919d,남자,19,경상북,고등학교,무직,남성,2,10대,경상북도,고졸
193,cd7927ea171f49fcb35ba50fc86f32cd,남자,19,충청북,고등학교,무직,남성,2,10대,충청북,고졸
194,73b96dc9267146538801489cf2440ead,남자,19,경기,고등학교,무직,남성,2,10대,경기도,고졸
195,ac2efac9a7db4a4daceb2a103cbb87b5,남자,19,경상남,고등학교,무직,남성,2,10대,경상남도,고졸
196,72c9d2f070c74c64b9a311df8893632d,남자,19,경기,고등학교,무직,남성,2,10대,경기도,고졸
197,bc45dee0c9824d13b1e786417f471265,남자,19,경기,중학교,무직,남성,2,10대,경기도,중졸
198,e8fbb8b77ad94cc49f8acaebac70a1da,남자,19,경기,중학교,무직,남성,2,10대,경기도,중졸
199,58882ce282c14390abc3c2ac7da2e05d,남자,19,충청북,중학교,두부 및 유사 제품 기계 조작원,남성,2,10대,충청북,중졸
200,0046347ffc69470a9f7413aca1b83318,남자,19,부산,고등학교,무직,남성,2,10대,부산광역시,고졸
201,f715913ecf00470f9b151e9b88f996f4,남자,19,부산,고등학교,무직,남성,2,10대,부산광역시,고졸
202,89e6a6debc2749faa48f945d9a01f7c1,남자,19,경기,고등학교,무직,남성,2,10대,경기도,고졸
203,58f6bac2b4bb4282b2f2b19b4293841d,남자,19,경상북,고등학교,무직,남성,2,10대,경상북도,고졸
204,b946627c393b4af797ea4b79f3b78542,남자,19,전라남,고등학교,무직,남성,2,10대,전라남,고졸
205,7fa42eae891e41d78eccfb2bcec57536,남자,19,경기,중학교,무직,남성,2,10대,경기도,중졸
206,31c8150065224d40bc276b837e09dc54,남자,19,대전,고등학교,무직,남성,2,10대,대전광역시,고졸
207,36bbea5101854d6592bc67f0491c8020,남자,19,강원,고등학교,무직,남성,2,10대,강원특별자치도,고졸
208,787f6889b5764e0d89731a4f123249ee,남자,19,전북,고등학교,무직,남성,2,10대,전북특별자치도,고졸
209,b9a4f1ea89e940329045ba167c966c89,남자,19,대전,고등학교,무직,남성,2,10대,대전광역시,고졸
210,2030ff4087714c6bbbf6f264a21b7eea,남자,19,인천,고등학교,무직,남성,2,10대,인천광역시,고졸
211,fc25ec2e68254842879d1a45d6fcd673,남자,19,경상남,중학교,무직,남성,2,10대,경상남도,중졸
212,b8f38305da6942b3b87e96bbf0787765,남자,19,경상남,중학교,무직,남성,2,10대,경상남도,중졸
213,b786f57e0d1b4c2da0662bd5eaa58b90,남자,19,서울,고등학교,무직,남성,2,10대,서울특별시,고졸
214,0d0afd7af16f4937b7a48d6ba4dd8623,남자,19,전라남,고등학교,무직,남성,2,10대,전라남,고졸
215,e5d8c04b6a8c450186a7cce4c9ec017e,남자,19,강원,고등학교,무직,남성,2,10대,강원특별자치도,고졸
216,6c424d8be46f4e6191cf58207cbaf220,남자,19,서울,고등학교,무직,남성,2,10대,서울특별시,고졸
217,2cb577fedb294811a244132ab7a7f3cc,남자,19,경기,고등학교,무직,남성,2,10대,경기도,고졸
218,7a61735a47ea433db409b0bacb29d0f7,남자,19,경상남,고등학교,무직,남성,2,10대,경상남도,고졸
219,525ca70935834f1688d6932bd4d58431,남자,19,대구,고등학교,무직,남성,2,10대,대구광역시,고졸
220,b8098d2f2fc045aead996de33526cb43,남자,19,서울,고등학교,무직,남성,2,10대,서울특별시,고졸
221,2e10f66a7a364cd6bc2299a0331d82e2,남자,19,경기,고등학교,무직,남성,2,10대,경기도,고졸
222,83fb3aabeea240ff85b48b7f68f0b275,남자,19,울산,고등학교,무직,남성,2,10대,울산광역시,고졸
223,c9f43f1363f54e3497a49aef9c56c8ca,남자,19,서울,고등학교,무직,남성,2,10대,서울특별시,고졸
224,20281c7420fd4997a4846d0f681979a7,남자,19,서울,고등학교,무직,남성,2,10대,서울특별시,고졸
225,586cc1026ceb4b7fb34edca0ee2725ca,남자,19,부산,고등학교,무직,남성,2,10대,부산광역시,고졸
226,e672dbf413354c5686310b2916cc919d,남자,19,경상북,고등학교,무직,남성,2,10대,경상북도,고졸
227,8b89d4faeb3b4fc2bf12cfdb74732870,남자,19,경기,고등학교,무직,남성,2,10대,경기도,고졸
228,4afb65333b88444097e850ecdf58606c,남자,19,경상남,고등학교,지게차 운전원,남성,2,10대,경상남도,고졸
229,21e7a1c0a3814fb598515e3ec1184067,남자,19,인천,고등학교,주류 서비스 종사원,남성,2,10대,인천광역시,고졸
230,ae4cd78fa85d42339cdd5dcf77d983be,남자,19,부산,고등학교,무직,남성,2,10대,부산광역시,고졸
231,cccbc7bb676a45d184bd1e6f74c2237c,남자,19,인천,중학교,무직,남성,2,10대,인천광역시,중졸
232,c1e65617b3e6491fb6d651f74b42a867,남자,19,경기,고등학교,무직,남성,2,10대,경기도,고졸
233,6b3e047b81b147f0aac3e38c73bf4ea0,남자,19,경기,고등학교,무직,남성,2,10대,경기도,고졸
234,28d5ba12f661483dbd958f197948f7cd,남자,19,서울,고등학교,무직,남성,2,10대,서울특별시,고졸
235,279fc58d7ec54857b10580056a77892e,남자,19,서울,고등학교,"전직 회계 사무원, 현재 구직중",남성,2,10대,서울특별시,고졸
236,acdf58c4d6564c20b8c64baca9aae7d4,남자,19,경기,고등학교,무직,남성,2,10대,경기도,고졸
237,890c5c99a3cb450baceb0ac9a0619639,남자,19,인천,고등학교,무직,남성,2,10대,인천광역시,고졸
238,3161e8ac31474c78abde4b02d65b1dd7,남자,19,경기,고등학교,무직,남성,2,10대,경기도,고졸
239,bacb80b3f30b417faf4ad5c6dc60d349,남자,19,경기,중학교,노점 및 이동 판매원,남성,2,10대,경기도,중졸
240,769c79f48304474fbe55aab33eb67fc8,남자,19,강원,고등학교,무직,남성,2,10대,강원특별자치도,고졸
241,4b02da65e7454dd483d4279b29fa0663,남자,19,경기,고등학교,무직,남성,2,10대,경기도,고졸
242,0d437c06c4ca4c78b2194c0678a6a672,남자,19,경기,고등학교,무직,남성,2,10대,경기도,고졸
243,3f94f4ebe61c445abc4734ef92b86dfe,남자,19,경기,고등학교,사무 보조원,남성,2,10대,경기도,고졸
244,60615ab458ad42748b498088af805741,남자,19,경기,중학교,무직,남성,2,10대,경기도,중졸
245,fd2bc66ac5fb4369b25dac007a769713,남자,19,부산,고등학교,사무 보조원,남성,2,10대,부산광역시,고졸
246,0eb9fa527e4247e9ba1313567a153ce4,남자,19,제주,고등학교,무직,남성,2,10대,제주특별자치도,고졸
247,48fa96e2b2b14872997e6ca164424bbf,남자,19,전북,고등학교,무직,남성,2,10대,전북특별자치도,고졸
248,44bb3ff5fae240669b9cec0936bf08c1,남자,19,경기,고등학교,무직,남성,2,10대,경기도,고졸
249,602f58cd11ea4f78892e35f0394356c8,남자,19,전라남,고등학교,무직,남성,2,10대,전라남,고졸
250,d2359b0f5b5b4ed9b460f1976415b8bd,남자,19,부산,고등학교,무직,남성,2,10대,부산광역시,고졸
251,74710bb7fde34b5082f8b5105ec06418,남자,19,경상남,고등학교,무직,남성,2,10대,경상남도,고졸
252,d184cb5b92084d3dac84c7dc7f72553b,남자,19,경기,고등학교,사무 보조원,남성,2,10대,경기도,고졸
253,459642f0f2ef4b17aeb099ea4b3c8ede,남자,19,경상북,고등학교,무직,남성,2,10대,경상북도,고졸
254,b676f117472947bcb5a446e9ba2f8162,남자,19,인천,고등학교,무직,남성,2,10대,인천광역시,고졸
255,3921b76310304f86b406b1df8099fed5,남자,19,경상북,고등학교,무직,남성,2,10대,경상북도,고졸
256,cc9c415d91b2481db00b8e6e2a3eb166,남자,19,서울,고등학교,무직,남성,2,10대,서울특별시,고졸
257,c9f43f1363f54e3497a49aef9c56c8ca,남자,19,서울,고등학교,무직,남성,2,10대,서울특별시,고졸
258,0417a8eb147347828e974200d838989c,남자,19,울산,고등학교,무직,남성,2,10대,울산광역시,고졸
259,147bfabc774b4882ac8d5b12b1d2fba7,남자,19,서울,중학교,무직,남성,2,10대,서울특별시,중졸
260,66a45a70aa1743a6879c23212529c927,남자,19,경상남,고등학교,무직,남성,2,10대,경상남도,고졸
261,91214e7f63104ed7968a00c8405d3a3c,남자,19,충청남,고등학교,무직,남성,2,10대,충청남,고졸
262,a133af1c19864280b989a99b6368f0b4,남자,19,경기,고등학교,무직,남성,2,10대,경기도,고졸
263,cd693c54a2554f77a884018339f08f08,남자,19,대전,고등학교,무직,남성,2,10대,대전광역시,고졸
264,a86b0fc4b6e54535bb1574d6ec9a1f46,남자,19,세종,고등학교,무직,남성,2,10대,세종특별자치시,고졸
265,f2c7bd1d29ef41448b0f6aa725dc99f9,남자,19,경상북,중학교,무직,남성,2,10대,경상북도,중졸
266,710e5fd04b0048ad8e79756e87fb4795,남자,19,서울,고등학교,무직,남성,2,10대,서울특별시,고졸
267,c072e8b0974944129cca4bec67f6b0ce,남자,19,서울,고등학교,무직,남성,2,10대,서울특별시,고졸
268,41ef1b3fc060423abcc393798e6cbcca,남자,19,대구,고등학교,무직,남성,2,10대,대구광역시,고졸
269,1dbf5c2d65284ce8a95525636f19426a,남자,19,부산,고등학교,무직,남성,2,10대,부산광역시,고졸
270,ed5fd76388a14c249add47319b0ef3c2,남자,19,경상북,고등학교,무직,남성,2,10대,경상북도,고졸
271,14d274f8bb0348d1b9a93d7cb76fa02f,남자,19,부산,고등학교,무직,남성,2,10대,부산광역시,고졸
272,c10058f40435446391219f558308f1b7,남자,19,전북,고등학교,무직,남성,2,10대,전북특별자치도,고졸
273,d26825f942c24ed5814e1727cbab7d67,남자,19,대구,고등학교,무직,남성,2,10대,대구광역시,고졸
274,5ad64a3b70a9453db9e0feea0f694183,남자,19,경상북,고등학교,무직,남성,2,10대,경상북도,고졸
275,d53a09e30ebb472db5ff217bf0383354,남자,19,경기,중학교,무직,남성,2,10대,경기도,중졸
276,8fe1e7a3c0214610acc3c7a7c9052f4a,남자,19,대전,고등학교,무직,남성,2,10대,대전광역시,고졸
277,2b291b12d0fb426c900be9e8cef826e0,남자,19,경기,고등학교,무직,남성,2,10대,경기도,고졸
278,8c8a6161efc94f1d9312e28f3c71e8a3,남자,19,서울,고등학교,무직,남성,2,10대,서울특별시,고졸
279,94a5d722b3884fb997d1f4d4b0229685,남자,19,서울,고등학교,무직,남성,2,10대,서울특별시,고졸
280,000b4bfddf3048ec9a3561dd683f1784,남자,19,경기,고등학교,무직,남성,2,10대,경기도,고졸
281,0cc9f43305c047bdb8d20b67b48c7e10,남자,19,인천,고등학교,무직,남성,2,10대,인천광역시,고졸
282,ad7530f8eb69441d8efc3bc7ad175414,남자,19,서울,고등학교,무직,남성,2,10대,서울특별시,고졸
283,e27a7c72b57f445abea922218b1757d1,남자,19,경상남,고등학교,무직,남성,2,10대,경상남도,고졸
284,68c82a15052e4fd385d3ee6cbd46e887,남자,19,충청북,고등학교,무직,남성,2,10대,충청북,고졸
285,bc1024267a24427e86fb663f485ae030,남자,19,경기,고등학교,무직,남성,2,10대,경기도,고졸
286,a67fb092e9e243f59dc5f64383d34c01,남자,19,세종,중학교,무직,남성,2,10대,세종특별자치시,중졸
287,599c7767034447cf8491dcdf41f3b659,남자,19,제주,고등학교,무직,남성,2,10대,제주특별자치도,고졸
288,118ce62701454566ad83a469a24ba1bb,남자,19,강원,중학교,무직,남성,2,10대,강원특별자치도,중졸
289,6815f05237204d778491b34de48deffa,남자,19,서울,고등학교,무직,남성,2,10대,서울특별시,고졸
290,4b723e7bd4e24f1b8be8c74813bce809,남자,19,경기,중학교,무직,남성,2,10대,경기도,중졸
291,4f2ebdcc539a43919885fb7a5fa2e269,남자,19,대구,중학교,무직,남성,2,10대,대구광역시,중졸
292,b51bfba03cd24b608d4b2a617f6a8d9c,남자,19,서울,고등학교,무직,남성,2,10대,서울특별시,고졸
293,18c1b10ed52c4451935ad6ba60ea3476,남자,19,경상남,고등학교,무직,남성,2,10대,경상남도,고졸
294,fed3cdf0106c4be8b00ebaa479f20297,남자,19,충청남,고등학교,무직,남성,2,10대,충청남,고졸
295,39501897c6ea462a883964d5194b1a42,남자,19,전라남,고등학교,무직,남성,2,10대,전라남,고졸
296,658f0510e1c64bd7bd477c50e02bb9a1,남자,19,서울,고등학교,무직,남성,2,10대,서울특별시,고졸
297,7fa967563f1041e0aae56967ba03ef45,남자,19,부산,중학교,무직,남성,2,10대,부산광역시,중졸
298,f5ccdb1542cf4e0982aa520f2c3872c8,남자,19,전북,고등학교,무직,남성,2,10대,전북특별자치도,고졸
299,c4c83470de5f431eb29d262e808b2d83,남자,19,경상북,고등학교,무직,남성,2,10대,경상북도,고졸
300,3f600da20c684348a63108c2781f830a,남자,19,충청남,고등학교,무직,남성,2,10대,충청남,고졸
301,22a78a908af8433a955f8dfa16ef1035,남자,19,경기,고등학교,무직,남성,2,10대,경기도,고졸
302,5d267096b3f74585a9d2671034483ecf,남자,19,제주,고등학교,무직,남성,2,10대,제주특별자치도,고졸
303,e8660a57ce284c3cb3f7c6301777d618,남자,19,전라남,중학교,"전직 건물 청소원, 현재 구직중",남성,2,10대,전라남,중졸
304,07ab9c810d6044158b886e17de9216d9,남자,19,경기,고등학교,무직,남성,2,10대,경기도,고졸
305,81930cc172014817aa1051dab1693ad9,남자,19,경기,중학교,무직,남성,2,10대,경기도,중졸
306,1ab99cd719034dffaa031c1a1c50b3d3,남자,19,세종,고등학교,무직,남성,2,10대,세종특별자치시,고졸
307,c962f95b633a484fa25b02d1ac1f8584,남자,19,서울,고등학교,무직,남성,2,10대,서울특별시,고졸
308,c787f0b1a69147ddbe2bc35c9f0e4c33,남자,19,경기,고등학교,무직,남성,2,10대,경기도,고졸
309,0d89a82cf5cd4152bc6da24c192c617d,남자,19,울산,중학교,무직,남성,2,10대,울산광역시,중졸
310,a8f571420f05409faabed2c9e56cde3c,남자,19,전북,중학교,바텐더,남성,2,10대,전북특별자치도,중졸
311,1093d4d343f046ed8f3fa2d186d93c35,남자,19,인천,고등학교,무직,남성,2,10대,인천광역시,고졸
312,9ac3702be5e7455f97863e6cfacb905d,남자,19,충청남,고등학교,무직,남성,2,10대,충청남,고졸
313,15d6d23f8d9a401a93f67e4962342697,남자,19,전북,고등학교,무직,남성,2,10대,전북특별자치도,고졸
314,03132ab705e640ababa6d3ef9f1f65d9,남자,19,경기,중학교,무직,남성,2,10대,경기도,중졸
315,3f9469d21c3a49d98b81f5846fd90b5d,남자,19,충청남,고등학교,무직,남성,2,10대,충청남,고졸
316,b5f9c8e33f5f40a28ddeafc5ef9e676f,남자,19,경기,고등학교,무직,남성,2,10대,경기도,고졸
317,262b0b5c366148eaa9e2a2104d67f2b1,남자,19,대전,고등학교,그 외 상점 판매원,남성,2,10대,대전광역시,고졸
318,03ed20f8096641ecb8a5ee010a5d59e9,남자,19,대구,고등학교,무직,남성,2,10대,대구광역시,고졸
319,95b59f229b194fa7a848297addf0dc9d,남자,19,경기,고등학교,무직,남성,2,10대,경기도,고졸
320,44827380888341caaae7181e69af019c,남자,19,경상북,중학교,무직,남성,2,10대,경상북도,중졸
321,e8e45d9d75844db884fcb89ddff54574,남자,19,경기,고등학교,무직,남성,2,10대,경기도,고졸
322,3468c94d20eb4f2aa538d2b265577260,남자,19,충청북,고등학교,무직,남성,2,10대,충청북,고졸
323,a9d07576dc83487d86572edb48c5afee,남자,19,경기,고등학교,무직,남성,2,10대,경기도,고졸
324,057ba28349a7474b8a7c0836564a5194,남자,19,경기,고등학교,무직,남성,2,10대,경기도,고졸
325,d1201000157342a397dcf9ef71e83255,남자,19,경기,고등학교,무직,남성,2,10대,경기도,고졸
326,fcb1f4ae43104bfd8668757937d95b4f,남자,19,경상남,중학교,무직,남성,2,10대,경상남도,중졸
327,8abec5139c374bbdadb4d133cc5d665f,남자,19,경기,고등학교,무직,남성,2,10대,경기도,고졸
328,2bafd7cd601948888f721ba05a083e7d,남자,19,광주,중학교,무직,남성,2,10대,광주광역시,중졸
329,9967b58db5f34284ac4696c22406e788,남자,19,울산,고등학교,무직,남성,2,10대,울산광역시,고졸
330,731d0891ea184c719d1d9ae5d8038b46,남자,19,경기,고등학교,무직,남성,2,10대,경기도,고졸
331,273e9fb92986460489520c029a26958f,남자,19,경기,고등학교,"전직 조명 기구 설치 및 수리원, 현재 구직중",남성,2,10대,경기도,고졸
332,21c8954ecd7344c689367571eab20d4d,남자,19,인천,고등학교,무직,남성,2,10대,인천광역시,고졸
333,05e6b74d44364067bed103e47144cfd7,남자,19,경기,고등학교,무직,남성,2,10대,경기도,고졸
334,c34da5eccfe047aca745994821d1cffb,남자,19,서울,고등학교,무직,남성,2,10대,서울특별시,고졸
335,d24808e9936c477087cd27ab86f2bc7a,남자,19,부산,고등학교,무직,남성,2,10대,부산광역시,고졸
336,0ba2e333a164422da6aa60d53c1ab79f,남자,19,서울,고등학교,무직,남성,2,10대,서울특별시,고졸
337,ab0bf5a3d29049c88e5ee28761b9df07,남자,19,서울,중학교,무직,남성,2,10대,서울특별시,중졸
338,fcf9ca949de34dfbadb1608df70bff47,남자,19,경기,고등학교,무직,남성,2,10대,경기도,고졸
339,c0a4cb56894348e08b646c62b0ac1254,남자,19,부산,고등학교,무직,남성,2,10대,부산광역시,고졸
340,645cf549e0ef4ec8851b99651ca29e83,남자,19,경상북,고등학교,무직,남성,2,10대,경상북도,고졸
341,5169760dd5c64aef9f67393911fb0ba6,남자,19,인천,고등학교,무직,남성,2,10대,인천광역시,고졸
342,4a46f4edbb5a4b92baedd11c116bdad3,남자,19,서울,고등학교,그 외 기능 관련 종사원,남성,2,10대,서울특별시,고졸
343,218361eca40d4c6f91e40f0ef7e77cfa,남자,19,경기,고등학교,무직,남성,2,10대,경기도,고졸
344,65bb14041b804d23a31909dba197fdba,남자,19,경상남,고등학교,그 외 물품 이동 장비 조작원,남성,2,10대,경상남도,고졸
345,f5847edd07064c34afa5549ef66c4526,남자,19,경상남,고등학교,무직,남성,2,10대,경상남도,고졸
346,0cc9f43305c047bdb8d20b67b48c7e10,남자,19,인천,고등학교,무직,남성,2,10대,인천광역시,고졸
347,84b9e7a36f3a487c9895ee306d8029c7,남자,19,전라남,고등학교,무직,남성,2,10대,전라남,고졸
348,9c5a1e79696a4a4eaed89b2a87e91cbe,남자,19,서울,고등학교,무직,남성,2,10대,서울특별시,고졸
349,62befc0faae14bf38b71e7ce91edfcb0,남자,19,부산,고등학교,무직,남성,2,10대,부산광역시,고졸
350,1547662ff5774379bef28e7496c9292a,남자,19,부산,고등학교,무직,남성,2,10대,부산광역시,고졸
351,9c572f28684b4fe4b3fb6288de386c2e,남자,19,제주,고등학교,무직,남성,2,10대,제주특별자치도,고졸
352,da7ae20f0d654a5a8d18636fc3c8ef46,남자,19,경기,고등학교,무직,남성,2,10대,경기도,고졸
353,140bcd8e415c4784b00d94d279ed0a31,남자,19,대구,중학교,무직,남성,2,10대,대구광역시,중졸
354,2078282dac72492ea10cba639632facb,남자,19,경기,고등학교,무직,남성,2,10대,경기도,고졸
355,355a77eb6f1c4ce1ae7772aa625f1c8f,남자,19,경기,중학교,무직,남성,2,10대,경기도,중졸
356,87e5ecb486834c5a9e9ebf9f23fcc8f9,남자,19,전라남,고등학교,무직,남성,2,10대,전라남,고졸
357,da571188a6ad4fd6b7ed47fce8932514,남자,19,경기,고등학교,무직,남성,2,10대,경기도,고졸
358,b7fc0c2b5eb944dca46c1b27c29d1bdc,남자,19,강원,중학교,무직,남성,2,10대,강원특별자치도,중졸
359,f7b75baec06e4716a7d242f8442146b9,남자,19,경기,고등학교,무직,남성,2,10대,경기도,고졸
360,02818d5ec4dd44af9007eaf56cf78900,남자,19,충청남,고등학교,무직,남성,2,10대,충청남,고졸
361,0e97a22bd3954269bf740e9c844b262f,남자,19,인천,고등학교,무직,남성,2,10대,인천광역시,고졸
362,afe5dd33d87b44e582775431d3ec2090,남자,19,울산,고등학교,무직,남성,2,10대,울산광역시,고졸
363,a208c46b69af4f85aef30e040b932825,남자,19,서울,고등학교,무직,남성,2,10대,서울특별시,고졸
364,fc50634ca6914bb990554c815316ee61,남자,19,대구,고등학교,무직,남성,2,10대,대구광역시,고졸
365,f3b16b619e48490a9b9be5d7e96c000c,남자,19,경기,중학교,무직,남성,2,10대,경기도,중졸
366,347089cae03f4419bcc16f2850249ef2,남자,19,서울,고등학교,무직,남성,2,10대,서울특별시,고졸
367,7b01c99160ec4fccb66d8f3d7d9f25f0,남자,19,강원,고등학교,무직,남성,2,10대,강원특별자치도,고졸
368,e1d7f297af144293a79a8ed1008e54df,남자,19,부산,고등학교,무직,남성,2,10대,부산광역시,고졸
369,4a03c1c187ac411fb1f6759046531e2e,남자,19,부산,고등학교,무직,남성,2,10대,부산광역시,고졸
370,b288e08715284ab6a68960855fc628ed,남자,19,경상북,고등학교,무직,남성,2,10대,경상북도,고졸
371,05d67146c23043729f079834c1267cc9,남자,19,대구,고등학교,무직,남성,2,10대,대구광역시,고졸
372,da6d55c1b8914eebaabbda3b3c0fc34b,남자,19,울산,고등학교,무직,남성,2,10대,울산광역시,고졸
373,c601653665874dd5b104843129772c79,남자,19,광주,고등학교,무직,남성,2,10대,광주광역시,고졸
374,647e3276429a40aaab60b6f9c1e3bff0,남자,19,서울,중학교,무직,남성,2,10대,서울특별시,중졸
375,f14e2277a29742c09e0c66d6d48cb028,남자,19,부산,중학교,무직,남성,2,10대,부산광역시,중졸
376,74eb428839464d86b41d3d31015b360b,남자,19,서울,고등학교,무직,남성,2,10대,서울특별시,고졸
377,3a25554b27734b9bb1c472a3a8de9cc6,남자,19,경기,고등학교,"전직 시설 경비원, 현재 구직중",남성,2,10대,경기도,고졸
378,e54ac484deba47c18de7a75678f42b10,남자,19,경상남,고등학교,무직,남성,2,10대,경상남도,고졸
379,b0e1d482c33d4bb8be9c454f22e8fcec,남자,19,경기,고등학교,무직,남성,2,10대,경기도,고졸
380,c5606107adab4ea88334e19c5724eff1,남자,19,경상북,고등학교,무직,남성,2,10대,경상북도,고졸
381,431f8889f5ed4ac0a2e5f65ee864d271,남자,19,서울,고등학교,무직,남성,2,10대,서울특별시,고졸
382,c7e5517620d9480a8b2e6894cdad2b81,남자,19,세종,고등학교,무직,남성,2,10대,세종특별자치시,고졸
383,bacb80b3f30b417faf4ad5c6dc60d349,남자,19,경기,중학교,노점 및 이동 판매원,남성,2,10대,경기도,중졸
384,337c13e2226441ccbeca8f7620dcdd6a,남자,19,경기,중학교,무직,남성,2,10대,경기도,중졸
385,cb7d73eea2cd45a2acac5631111a9b1d,남자,19,부산,중학교,"전직 건설 단순 종사원, 현재 구직중",남성,2,10대,부산광역시,중졸
386,75236b028d0f4b4fb32b31e31aca4306,남자,19,충청북,고등학교,무직,남성,2,10대,충청북,고졸
387,9463aea3a3e542f4a1d7c465857a5419,남자,19,경기,고등학교,무직,남성,2,10대,경기도,고졸
388,16758d51a4d2471f8a7a3754269990d2,남자,19,경기,중학교,무직,남성,2,10대,경기도,중졸
389,9ae62a8ace9741568577b387591aae45,남자,19,경기,중학교,무직,남성,2,10대,경기도,중졸
390,54f412c4d33d44a0b3ff5276cb2c4372,남자,19,서울,고등학교,그 외 기능 관련 종사원,남성,2,10대,서울특별시,고졸
391,35bfa17e5b7d47c6923a3938cea98d80,남자,19,대구,고등학교,무직,남성,2,10대,대구광역시,고졸
392,cf48541f755f4d19b77bdac831729523,남자,19,대구,중학교,"전직 한식 조리사, 현재 구직중",남성,2,10대,대구광역시,중졸
393,fc0afa29e29349de806af6babe8974dd,남자,19,경기,고등학교,무직,남성,2,10대,경기도,고졸
394,6e6f9aca8d124ef6a99de54b2fe7111e,남자,19,경상북,고등학교,무직,남성,2,10대,경상북도,고졸
395,51b6ede733884be28da49aa3250049ca,남자,19,울산,고등학교,무직,남성,2,10대,울산광역시,고졸
396,b42d3dbba8c945439ffe57854813ea9a,남자,19,경기,고등학교,무직,남성,2,10대,경기도,고졸
397,a56f9e0d723d47af9aaf0507bdf426ce,남자,19,대구,고등학교,무직,남성,2,10대,대구광역시,고졸
398,49d6a314a6984dae97edad9541a2f3df,남자,19,경상남,고등학교,무직,남성,2,10대,경상남도,고졸
399,b70a29e43f2e490e8770656446a17cba,남자,19,광주,고등학교,무직,남성,2,10대,광주광역시,고졸
400,6244a13675cc43ba82f977f9c1dc14c3,남자,19,경상북,중학교,무직,남성,2,10대,경상북도,중졸
401,1c0cea9a40574aaf8508a2de3e3e72c9,남자,19,강원,고등학교,무직,남성,2,10대,강원특별자치도,고졸
402,2b5a41ad271e481a9255d3adfb72cca5,남자,19,서울,고등학교,무직,남성,2,10대,서울특별시,고졸
403,31c26a036c7b468c821b12974fab3ba4,남자,19,인천,중학교,무직,남성,2,10대,인천광역시,중졸
404,a96211e9a67b4ba4a1a63859cb3f88f2,남자,19,서울,고등학교,무직,남성,2,10대,서울특별시,고졸
405,094fcf8c2ba34cacaad363739d944bdd,남자,19,인천,고등학교,무직,남성,2,10대,인천광역시,고졸
406,bcac8ce7cccd45fdbc95f4c12583acd1,남자,19,경상남,중학교,무직,남성,2,10대,경상남도,중졸
407,a5510001c29440a2a16a4cb60f5521e0,남자,19,서울,고등학교,음료 서비스 종사원,남성,2,10대,서울특별시,고졸
408,c83ffcfc2145444b9edb140c9901c289,남자,19,강원,고등학교,무직,남성,2,10대,강원특별자치도,고졸
409,5c46edc3754344a88f6cdafb6900e6f8,남자,19,부산,고등학교,무직,남성,2,10대,부산광역시,고졸
410,94b39c090dd74bfa93f68b08b66c6abb,남자,19,경기,고등학교,무직,남성,2,10대,경기도,고졸
411,e7027ae5ed404e509efbfb80f7f7fd6a,남자,19,부산,고등학교,무직,남성,2,10대,부산광역시,고졸
412,c0462b6ead7642928611308954644ff4,남자,19,경기,고등학교,무직,남성,2,10대,경기도,고졸
413,1913a876f5334733aeaccd6abe35e417,남자,19,경기,고등학교,무직,남성,2,10대,경기도,고졸
414,e98dafbd46ed4059bccc60f5e8234c64,남자,19,부산,고등학교,무직,남성,2,10대,부산광역시,고졸
415,58331bf5c17a42c784e2d71e9a028a41,남자,19,부산,고등학교,무직,남성,2,10대,부산광역시,고졸
416,ab1b4a498ce7491188a7069724f6cb82,남자,19,인천,고등학교,무직,남성,2,10대,인천광역시,고졸
417,1da0210761914f4384f2f070b1b48377,남자,19,광주,중학교,무직,남성,2,10대,광주광역시,중졸
418,14d274f8bb0348d1b9a93d7cb76fa02f,남자,19,부산,고등학교,무직,남성,2,10대,부산광역시,고졸
419,778f9f3987ac45f1b985ccc9011fb6d5,남자,19,인천,고등학교,무직,남성,2,10대,인천광역시,고졸
420,2b406d8a282d45d29651c5c5a1e0188f,남자,19,울산,고등학교,무직,남성,2,10대,울산광역시,고졸
421,c22c648139794120bc03506181d066dc,남자,19,서울,중학교,음료 배달원,남성,2,10대,서울특별시,중졸
422,4634e9f62a3e468c8618d93e1e65f218,남자,19,서울,중학교,전화 상담원,남성,2,10대,서울특별시,중졸
423,09e3426492884649aaa0bbcb7b4159dc,남자,19,울산,고등학교,무직,남성,2,10대,울산광역시,고졸
424,34afff8ce70e46038b382b7b157f65a8,남자,19,대구,고등학교,무직,남성,2,10대,대구광역시,고졸
425,7fc66dd6800142b4aebaab7c1d9fd23d,남자,19,서울,중학교,무직,남성,2,10대,서울특별시,중졸
426,6e46f0d9f65a421a9fe59cd57b177e67,남자,19,강원,중학교,무직,남성,2,10대,강원특별자치도,중졸
427,1a41413eead44f379e095eff16b30da7,남자,19,경기,고등학교,무직,남성,2,10대,경기도,고졸
428,e91dee27cc864ab29471637204bff639,남자,19,서울,고등학교,일반 비서,남성,2,10대,서울특별시,고졸
429,0c886fea1f38420887fd83e5eee4c2dc,남자,19,충청남,고등학교,무직,남성,2,10대,충청남,고졸
430,4948b2460e01471698355dc98a7e14b3,남자,19,경상북,고등학교,인쇄 관련 기능 종사원,남성,2,10대,경상북도,고졸
431,87d2cf48836d4a61901ea501d3007db5,남자,19,경상남,고등학교,무직,남성,2,10대,경상남도,고졸
432,678a818bdadd4a949da6beaf484719d4,남자,19,경기,고등학교,무직,남성,2,10대,경기도,고졸
433,c4ea442641964bb984afd408b6e6d84c,남자,19,경기,고등학교,무직,남성,2,10대,경기도,고졸
434,af61c551a7d74f91886dd3dd90513ccd,남자,19,경기,고등학교,무직,남성,2,10대,경기도,고졸
435,6804341403724b859a22284988d5cf92,남자,19,전라남,중학교,무직,남성,2,10대,전라남,중졸
436,fdd119ba33404510b107b6c17080399c,남자,19,경기,고등학교,노점 및 이동 판매원,남성,2,10대,경기도,고졸
437,0a4504a01fb24aeea4081fc866eabe7f,남자,19,대구,고등학교,무직,남성,2,10대,대구광역시,고졸
438,ec2f0d22d14a49ebbc202d4efdb18264,남자,19,인천,고등학교,무직,남성,2,10대,인천광역시,고졸
439,cd9408063c2d4e8799b23e248aa1e72b,남자,19,경상북,고등학교,무직,남성,2,10대,경상북도,고졸
440,ef3dddb863d146afaca901d3889ef0a0,남자,19,서울,고등학교,무직,남성,2,10대,서울특별시,고졸
441,a4270119d95f4dc5a87e2251574b6d8d,남자,19,대구,중학교,무직,남성,2,10대,대구광역시,중졸
442,162c91e5f0b8450c8c9b08a45ee5c981,남자,19,서울,고등학교,무직,남성,2,10대,서울특별시,고졸
443,a2c1fb07e8d845379fe94c42ec417f89,남자,19,인천,고등학교,무직,남성,2,10대,인천광역시,고졸
444,57486188a92b46e4a706eba6c0ecafdd,남자,19,제주,고등학교,무직,남성,2,10대,제주특별자치도,고졸
445,b4b19fec008d46649a06d0770a771355,남자,19,대구,고등학교,무직,남성,2,10대,대구광역시,고졸
446,b477d4f902b64a0ebc3087c13b907c28,남자,19,서울,고등학교,무직,남성,2,10대,서울특별시,고졸
447,45358562425243f9bd3d6c414606334c,남자,19,서울,고등학교,무직,남성,2,10대,서울특별시,고졸
448,0837f781f17a4e9d84f0b2652898c0f7,남자,19,강원,고등학교,무직,남성,2,10대,강원특별자치도,고졸
449,7e121e39ab7d4ffa90631c4142d03453,남자,19,경기,중학교,무직,남성,2,10대,경기도,중졸
450,c10b9418e7c1486ab1ad1021c763ecfa,남자,19,서울,고등학교,무직,남성,2,10대,서울특별시,고졸
451,b4abf90e80204165ba00ed93fc04a9f8,남자,19,인천,고등학교,무직,남성,2,10대,인천광역시,고졸
452,9167d42d8d914126afb75d2b25bdac3c,남자,19,대전,고등학교,경영 기획 사무원,남성,2,10대,대전광역시,고졸
453,e4fa0a5c30544f548676a796f88e58b6,남자,19,경기,중학교,무직,남성,2,10대,경기도,중졸
454,d8ad7a9f333d46b4aefcd5608ccb4c20,남자,19,부산,고등학교,무직,남성,2,10대,부산광역시,고졸
455,8833f7fb359c4d348a98f413370bf202,남자,19,서울,고등학교,무직,남성,2,10대,서울특별시,고졸
456,630118d10752499f9f8e41cbcfde3565,남자,19,경기,초등학교,무직,남성,2,10대,경기도,초졸이하
457,f0a78b8e59914ab7a901bcee6fb64987,남자,19,서울,중학교,건물 경비원,남성,2,10대,서울특별시,중졸
458,8b7ee5f9be80492b8098f07d126205f9,남자,19,부산,고등학교,무직,남성,2,10대,부산광역시,고졸
459,44e49702a86d4e7191c7262c143a75b8,남자,19,경기,고등학교,무직,남성,2,10대,경기도,고졸
460,873184e8907a4b0c92e4d674e83cbf10,남자,19,경기,고등학교,무직,남성,2,10대,경기도,고졸
461,6f9e39fe138a4a518daed19b4ecfe6f9,남자,19,부산,고등학교,무직,남성,2,10대,부산광역시,고졸
462,57bf2537d36546c9be67d268a4c173dd,남자,19,경기,고등학교,무직,남성,2,10대,경기도,고졸
463,fc918323ae174c39956e8106c7c18ab5,남자,19,경기,고등학교,무직,남성,2,10대,경기도,고졸
464,6bed75dcbb70473daf505c9fac93a7d2,남자,19,인천,고등학교,무직,남성,2,10대,인천광역시,고졸
465,8e774d61f74749ae8d9099ebdb9878c9,남자,19,전북,고등학교,무직,남성,2,10대,전북특별자치도,고졸
466,d30ede8393694ae3bf90e445e244e265,남자,19,충청남,고등학교,시설 경비원,남성,2,10대,충청남,고졸
467,39501897c6ea462a883964d5194b1a42,남자,19,전라남,고등학교,무직,남성,2,10대,전라남,고졸
468,2ecbcb495fdf42ed9e064db9aa56a2dd,남자,19,강원,고등학교,무직,남성,2,10대,강원특별자치도,고졸
469,3e1e78dd4d474736af76fc604f7e3fa4,남자,19,울산,고등학교,무직,남성,2,10대,울산광역시,고졸
470,efcee3cbb49640fea9733709ba9ce3fb,남자,19,대전,중학교,무직,남성,2,10대,대전광역시,중졸
471,f4e0653a520d43ada927b8f02c2cf58b,남자,19,서울,고등학교,무직,남성,2,10대,서울특별시,고졸
472,be0c110f1cd74485bae92025e60c8f66,남자,19,울산,고등학교,무직,남성,2,10대,울산광역시,고졸
473,92e8771217344481809d5f55d9244450,남자,19,대전,고등학교,무직,남성,2,10대,대전광역시,고졸
474,2087ecf66cd64f0aa7d75c3775d51504,남자,19,경기,고등학교,무직,남성,2,10대,경기도,고졸
475,ae938e13a38b4e1ab0f6eb44ef6a3737,남자,19,전라남,고등학교,무직,남성,2,10대,전라남,고졸
476,4fb74172c04144149b1840bf2ee5ac46,남자,19,경기,고등학교,무직,남성,2,10대,경기도,고졸
477,0e2e10e5a7524b9e860ef80d85e551b1,남자,19,전라남,중학교,무직,남성,2,10대,전라남,중졸
478,2cc80275f0a94be6b73c7e5a67283dbf,남자,27,대전,2~3년제 전문대학,지방행정 사무원,남성,3,20대,대전광역시,전문대졸
479,e48c4e0fd49c4d62947737a81349b812,남자,29,서울,4년제 대학교,섬유 공정 개발 기술자 및 연구원,남성,3,20대,서울특별시,대졸
480,02e7ae02aa9c4cd990328b65a9144a71,남자,23,충청북,4년제 대학교,자재 관리 사무원,남성,3,20대,충청북,대졸
481,3b7abfba29174535b33242031ba88468,남자,27,전라남,2~3년제 전문대학,경리 사무원,남성,3,20대,전라남,전문대졸
482,fe9e74ca16d645c09e1dd7487c0fb0f4,남자,23,인천,4년제 대학교,무직,남성,3,20대,인천광역시,대졸
483,b43535bc676a405a9fff04f4c047effb,남자,24,경기,4년제 대학교,"전직 건물용 냉동·냉장·공조기 설치 및 정비원, 현재 구직중",남성,3,20대,경기도,대졸
484,e0c7978d87d04a088f8f2c9d539f47e2,남자,27,충청남,4년제 대학교,금융 관리자,남성,3,20대,충청남,대졸
485,09226694aa7b48f0b4d15c32132092ae,남자,29,서울,고등학교,무직,남성,3,20대,서울특별시,고졸
486,3722f5e808844c239832c6caccde0153,남자,20,강원,2~3년제 전문대학,건물 내 전기 설치 및 정비원,남성,3,20대,강원특별자치도,전문대졸
487,74ccdd5aef3d4917837b438a95d5544b,남자,27,서울,4년제 대학교,무직,남성,3,20대,서울특별시,대졸
488,05c488bf0f924852ab1f7a212e70ed1f,남자,28,서울,대학원,"전직 그 외 철도 및 전동차 기관사, 현재 구직중",남성,3,20대,서울특별시,대학원졸
489,63ec783ea53a458593575f3342af2193,남자,24,경상북,중학교,그 외 제조 관련 단순 종사원,남성,3,20대,경상북도,중졸
490,381178688d084f2a934abf4dde9fc10e,남자,25,충청북,2~3년제 전문대학,전화 상담원,남성,3,20대,충청북,전문대졸
491,0471ba36bbe34946b00a6fe2592ad248,남자,26,서울,4년제 대학교,의상 디자이너,남성,3,20대,서울특별시,대졸
492,85adf3836bd44cca825aafb5b929112c,남자,25,서울,4년제 대학교,일반 비서,남성,3,20대,서울특별시,대졸
493,c0a7738bd9d24b98bafa7118b8a1a8b4,남자,29,울산,4년제 대학교,생산관리 사무원,남성,3,20대,울산광역시,대졸
494,3420bd7f2ed54223b0f20c7664b46302,남자,25,경기,4년제 대학교,전기 감리 기술자 및 연구원,남성,3,20대,경기도,대졸
495,28e67f5b0bb6449c9a3c83e529694203,남자,24,세종,4년제 대학교,양식 조리사,남성,3,20대,세종특별자치시,대졸
496,baa4a28a36ea4187822854aa8a39fbf6,남자,24,부산,고등학교,광고 전문가,남성,3,20대,부산광역시,고졸
497,e5e558150ef54d8198c67ba402827e0d,남자,29,서울,4년제 대학교,"전직 교육 및 훈련 사무원, 현재 구직중",남성,3,20대,서울특별시,대졸
498,f199921545754071b749880fb24d6152,남자,21,서울,2~3년제 전문대학,무직,남성,3,20대,서울특별시,전문대졸
499,e0d3a649d7324dc7b18f70ee67cf533d,남자,23,서울,2~3년제 전문대학,검표원,남성,3,20대,서울특별시,전문대졸
500,a671d4ee737b4f2d9ed0db759d15804e,남자,28,경기,고등학교,가스 배관공,남성,3,20대,경기도,고졸
501,da747e3eea9e44ff9200d4a3dce4a735,남자,22,경기,4년제 대학교,무직,남성,3,20대,경기도,대졸
502,0efc26f4c36045e4b20e6f5032dff571,남자,20,경기,2~3년제 전문대학,무직,남성,3,20대,경기도,전문대졸
503,cb56a03e82cf4347bb38f5b5efdac4d8,남자,29,서울,2~3년제 전문대학,전화 상담원,남성,3,20대,서울특별시,전문대졸
504,71c4905c49aa49a8891f2153ccd5a143,남자,24,경기,2~3년제 전문대학,119 구조대원,남성,3,20대,경기도,전문대졸
505,e20d716e3d5c4d60acac2f0e0034480b,남자,25,서울,4년제 대학교,미디어 콘텐츠 창작자,남성,3,20대,서울특별시,대졸
506,0ad4ba4b32d34814b1fc6e30f8b8ec36,남자,26,경기,4년제 대학교,무직,남성,3,20대,경기도,대졸
507,c2b5e306eceb450fa1409f186da971cf,남자,26,충청북,4년제 대학교,바텐더,남성,3,20대,충청북,대졸
508,b00fa30279d14a8b8962b5e5d0cb2b55,남자,29,충청남,4년제 대학교,산업 안전원,남성,3,20대,충청남,대졸
509,d95b654db2b844cfa188a50bf36f442e,남자,23,충청남,고등학교,무직,남성,3,20대,충청남,고졸
510,c588c603d8014e88809aed1aac944754,남자,25,경상남,4년제 대학교,관세행정 사무원,남성,3,20대,경상남도,대졸
511,151f6177beec4645b1c4ab39bf2acdfd,남자,25,부산,4년제 대학교,무직,남성,3,20대,부산광역시,대졸
512,a028382ba61f417ea83f36df0e8764ab,남자,26,경상북,2~3년제 전문대학,지게차 운전원,남성,3,20대,경상북도,전문대졸
513,bd9a4ac30376444cb8ff1aaa8b7afbfd,남자,23,광주,4년제 대학교,무직,남성,3,20대,광주광역시,대졸
514,07a77a4541e84e059d4cc3896925b89e,남자,28,울산,4년제 대학교,섬유 공정 개발 기술자 및 연구원,남성,3,20대,울산광역시,대졸
515,95a2fdb109934b22a08c826030d17f40,남자,22,전라남,4년제 대학교,생산관리 사무원,남성,3,20대,전라남,대졸
516,f9bab7a46563415d8212cf4ce898f643,남자,20,경기,2~3년제 전문대학,그 외 기획 및 마케팅 사무원,남성,3,20대,경기도,전문대졸
517,c21c121acc4e4c49a60a707cb80d5922,남자,24,서울,4년제 대학교,일반 경찰관 및 수사관,남성,3,20대,서울특별시,대졸
518,0e41f49ce262450bb89fc84b8fa66f5f,남자,23,충청남,고등학교,지게차 운전원,남성,3,20대,충청남,고졸
519,e9c27986c2574d96906bae514009017e,남자,27,경기,4년제 대학교,사무 보조원,남성,3,20대,경기도,대졸
520,cf18144f00d44b279b0e02e9fa53bf88,남자,26,경기,고등학교,무직,남성,3,20대,경기도,고졸
521,2cebcfbfae5a42f5b4091f87a5111682,남자,28,충청북,대학원,"전직 그 외 통신공학 기술자 및 연구원, 현재 구직중",남성,3,20대,충청북,대학원졸
522,2564a497e1eb4577963ef31cf139cefb,남자,25,경기,고등학교,날염기 조작원,남성,3,20대,경기도,고졸
523,51ee37dfc1da441288a3582d01b71f51,남자,29,경기,4년제 대학교,관리 비서,남성,3,20대,경기도,대졸
524,a330e8230afc4a43b02e62d4bb19d0a8,남자,25,서울,대학원,그 외 기획 및 마케팅 사무원,남성,3,20대,서울특별시,대학원졸
525,a9f67c0fcb264ca2a19fb1cf0d877a77,남자,29,부산,고등학교,그 외 물품 이동 장비 조작원,남성,3,20대,부산광역시,고졸
526,635c38ddc8504f4b836b9f8795fc6b16,남자,24,대구,2~3년제 전문대학,그 외 물품 이동 장비 조작원,남성,3,20대,대구광역시,전문대졸
527,071e806ab5074cddb8b5abe4117c3d7d,남자,20,충청남,2~3년제 전문대학,영업 관리 사무원,남성,3,20대,충청남,전문대졸
528,3ac7ae0e6353407bbd6eae800b13a1e3,남자,29,대구,고등학교,건물 경비원,남성,3,20대,대구광역시,고졸
529,a78da64ae90f441f97ca86f4315db1e8,남자,21,충청남,고등학교,금형원,남성,3,20대,충청남,고졸
530,58a267e60d6e4f29a2e5c66a900690f2,남자,27,부산,4년제 대학교,무직,남성,3,20대,부산광역시,대졸
531,da9d64abdfe141cd8a974c27d9f326cd,남자,26,경기,4년제 대학교,무직,남성,3,20대,경기도,대졸
532,29326699583c4ab8a4c17bb1e58c8efc,남자,27,부산,고등학교,통신장비 기사,남성,3,20대,부산광역시,고졸
533,77f35277aa3845ee9cc32842df02c4e2,남자,21,서울,2~3년제 전문대학,무직,남성,3,20대,서울특별시,전문대졸
534,e3f29b9f27134106a9e3d24988c16478,남자,25,경기,2~3년제 전문대학,일반 경찰관 및 수사관,남성,3,20대,경기도,전문대졸
535,b2b31271493e4706b57481e11c984957,남자,21,강원,2~3년제 전문대학,그 외 전기·전자기기 설치 및 수리원,남성,3,20대,강원특별자치도,전문대졸
536,9ec9307756664e90ad85dcc6d9972b5a,남자,21,서울,2~3년제 전문대학,경영 기획 사무원,남성,3,20대,서울특별시,전문대졸
537,f4c0c55c91a34eabb732394f842018b3,남자,28,서울,4년제 대학교,사회복지사,남성,3,20대,서울특별시,대졸
538,6b6aad873856467d9b9f5da9cda11c4b,남자,21,인천,2~3년제 전문대학,무직,남성,3,20대,인천광역시,전문대졸
539,d7b989c9739944c8b1a85b089db0f775,남자,24,서울,고등학교,그 외 상품 대여원,남성,3,20대,서울특별시,고졸
540,ca9bd117452941c5aa51657de8b46192,남자,21,경기,고등학교,영업 관련 관리자,남성,3,20대,경기도,고졸
541,4acde2a5f90145a8b711166dccb63f5f,남자,28,경기,2~3년제 전문대학,무직,남성,3,20대,경기도,전문대졸
542,519b749a4d5c4bd48349bf0cff0c6e97,남자,28,전라남,2~3년제 전문대학,유치원 교사,남성,3,20대,전라남,전문대졸
543,479be74773be482ba289dceeecbfa07c,남자,29,경기,고등학교,관광버스 운전원,남성,3,20대,경기도,고졸
544,2a6984d55de3449a8103c6d7c7478b24,남자,27,울산,4년제 대학교,판매 관련 관리자,남성,3,20대,울산광역시,대졸
545,2ad028f85c814dbaae4654a738fdb363,남자,26,경기,4년제 대학교,무직,남성,3,20대,경기도,대졸
546,173917c218e84eaeb020aee0cab761f6,남자,28,전북,고등학교,그 외 자동차 부품 조립원,남성,3,20대,전북특별자치도,고졸
547,edaa8479e2184ba38d58ab269eee0d02,남자,23,경기,고등학교,학습지 방문강사,남성,3,20대,경기도,고졸
548,68aa5d966de0497a8c9d900cfb2ea744,남자,28,대구,2~3년제 전문대학,무직,남성,3,20대,대구광역시,전문대졸
549,dde23758fc954431980c24e222104a05,남자,26,광주,4년제 대학교,무역 사무원,남성,3,20대,광주광역시,대졸
550,e9387c4e822b41c4b1a89caef344521d,남자,25,전북,4년제 대학교,전기 안전 기술자 및 연구원,남성,3,20대,전북특별자치도,대졸
551,b34b08ac21834dca99c84c3142968e5b,남자,26,경상남,고등학교,경·소형 화물차 운전원,남성,3,20대,경상남도,고졸
552,ba2f72494b654114bc50f8c43e0018f8,남자,27,경기,4년제 대학교,무직,남성,3,20대,경기도,대졸
553,bd0829f006ac4ee5a5a56b07ce6723c5,남자,20,경기,2~3년제 전문대학,그 외 일반 영업원,남성,3,20대,경기도,전문대졸
554,9bba6ed342ed431385e166b067f50a2b,남자,29,전북,4년제 대학교,품질 관리 사무원,남성,3,20대,전북특별자치도,대졸
555,0698ebf6dae042e1863d6cf1f3d6cff0,남자,20,경상남,2~3년제 전문대학,무직,남성,3,20대,경상남도,전문대졸
556,e7197917b5bb42609ea38e5507820af9,남자,28,전북,2~3년제 전문대학,그 외 건축 마감 관련 기능 종사원,남성,3,20대,전북특별자치도,전문대졸
557,b265fa1af52a4d86828eeb55121d3135,남자,21,광주,2~3년제 전문대학,해외 영업원,남성,3,20대,광주광역시,전문대졸
558,4ca4c50e731d46e48c19feb516556511,남자,29,경기,4년제 대학교,그 외 기획 및 마케팅 사무원,남성,3,20대,경기도,대졸
559,a1cb657645a54c6794ada159b869396c,남자,27,전라남,4년제 대학교,그 외 화학공학 기술자 및 연구원,남성,3,20대,전라남,대졸
560,da82120eda65406aa3654d6080709309,남자,22,경상남,2~3년제 전문대학,의류 판매원,남성,3,20대,경상남도,전문대졸
561,3a1ac253c8c744be937d1cb8b74266c1,남자,28,경기,4년제 대학교,그 외 컴퓨터 시스템 및 소프트웨어 전문가,남성,3,20대,경기도,대졸
562,ee768e899ad149039bde12dd96a0d9d7,남자,20,서울,2~3년제 전문대학,무직,남성,3,20대,서울특별시,전문대졸
563,978e1a557c384c0c929c3e08687a5cf8,남자,21,대구,2~3년제 전문대학,무직,남성,3,20대,대구광역시,전문대졸
564,c6d87cbbb6cc4a409e10d4838b4ce566,남자,27,경기,4년제 대학교,전화 상담원,남성,3,20대,경기도,대졸
565,6f53e99cf24d45bc9145f3422e1e5e74,남자,22,강원,2~3년제 전문대학,정보 보안 전문가,남성,3,20대,강원특별자치도,전문대졸
566,d4ee002fd9124ab18c987618782ab81d,남자,29,서울,대학원,"전직 회계 사무원, 현재 구직중",남성,3,20대,서울특별시,대학원졸
567,67cf62d4c4cf4b618137d76be9723c48,남자,26,울산,2~3년제 전문대학,선박 정비원,남성,3,20대,울산광역시,전문대졸
568,1e5077ef74324daaa2422fd1bc4c7c60,남자,23,경기,4년제 대학교,"전직 회계 사무원, 현재 구직중",남성,3,20대,경기도,대졸
569,a8ce102d0f9549f18ee0a918a36eea0f,남자,20,대전,2~3년제 전문대학,행사 및 홍보 도우미,남성,3,20대,대전광역시,전문대졸
570,82c535a73f11423eb9c924903a287c1b,남자,27,인천,고등학교,검표원,남성,3,20대,인천광역시,고졸
571,8c9b0c52424c4115924fc7ea64db4176,남자,24,경기,4년제 대학교,국가행정 사무원,남성,3,20대,경기도,대졸
572,1d3685ad0c094d789dde8076b0bdca9e,남자,27,경기,4년제 대학교,무직,남성,3,20대,경기도,대졸
573,660a30e8f4984a93907a747138100ae0,남자,20,경기,2~3년제 전문대학,일반 비서,남성,3,20대,경기도,전문대졸
574,7fc3015b9e4d45709c7d895e4d65b47b,남자,20,부산,고등학교,주입·포장 및 봉함기 조작원,남성,3,20대,부산광역시,고졸
575,4f9722f90e5d418e8fd286ea896ea632,남자,23,서울,4년제 대학교,그 외 판매 및 고객 서비스 관리자,남성,3,20대,서울특별시,대졸
576,37e512ce5d56490eac77a914a2f9d83f,남자,21,경상남,고등학교,무직,남성,3,20대,경상남도,고졸
577,3dd299a2642f45b19162f1f268eb8842,남자,23,경기,4년제 대학교,"전직 산업 안전원, 현재 구직중",남성,3,20대,경기도,대졸
578,5cda655acc45407592fb16ae04a5dfbd,남자,29,경기,대학원,무직,남성,3,20대,경기도,대학원졸
579,13450327fb27493f86d3e22c227f30e5,남자,23,대전,2~3년제 전문대학,"전직 정육가공원, 현재 구직중",남성,3,20대,대전광역시,전문대졸
580,b6f9b42da6594718b8635407c67dab5d,남자,21,경기,2~3년제 전문대학,토목 제도사,남성,3,20대,경기도,전문대졸
581,24e42c63108f48b489991b7f9b588928,남자,25,서울,고등학교,무직,남성,3,20대,서울특별시,고졸
582,288ab49f8a324cc7bf1ffcf618afc86c,남자,29,인천,2~3년제 전문대학,건물 전기 및 전자설비 조작원,남성,3,20대,인천광역시,전문대졸
583,7590ec91035140a29db9883eef697aa0,남자,29,경기,고등학교,건물 경비원,남성,3,20대,경기도,고졸
584,5d0f40faa02a46c6bd0c2c01e5d67f77,남자,29,강원,4년제 대학교,병무행정 사무원,남성,3,20대,강원특별자치도,대졸
585,e831d001d9c64d5db225fd5106f1ecf2,남자,20,전북,2~3년제 전문대학,무직,남성,3,20대,전북특별자치도,전문대졸
586,a845a7bf29044b399ab02ede3fe01cbb,남자,25,서울,4년제 대학교,전시 및 시설 견학 안내원,남성,3,20대,서울특별시,대졸
587,41ca9fe949ad49da853720b5017d909e,남자,27,경기,4년제 대학교,자재 관리 사무원,남성,3,20대,경기도,대졸
588,e94b32d2fcef489a9f8735c51578846b,남자,22,서울,고등학교,경·소형 화물차 운전원,남성,3,20대,서울특별시,고졸
589,0767c6ad753b4d27b5746474e5058633,남자,26,부산,4년제 대학교,사회복지사,남성,3,20대,부산광역시,대졸
590,3a6d0eeb3a494a11882ef3a3aa1cfc6f,남자,29,서울,4년제 대학교,데이터 관리 및 운영자,남성,3,20대,서울특별시,대졸
591,fde659bfbaa74552b0495c0d7de668ca,남자,29,경상남,4년제 대학교,하역 및 적재 관련 단순 종사원,남성,3,20대,경상남도,대졸
592,fd2812d45cfc4dd5bc56d9b973928c99,남자,21,경기,고등학교,무직,남성,3,20대,경기도,고졸
593,3efd17dd56d644b4919ec010e91e4720,남자,28,전라남,고등학교,시설 경비원,남성,3,20대,전라남,고졸
594,bf1de6cd3b374103907d5dc1ea5165f0,남자,25,인천,2~3년제 전문대학,밀링기 조작원,남성,3,20대,인천광역시,전문대졸
595,7d2c4badca1e46eb9c94c9449feea285,남자,23,경기,2~3년제 전문대학,"전직 그 외 상점 판매원, 현재 구직중",남성,3,20대,경기도,전문대졸
596,faf7216b5c5c4e3e909a75bbb80d8090,남자,27,인천,4년제 대학교,일반 비서,남성,3,20대,인천광역시,대졸
597,39e4db8a81b74863af5ba54b97016fae,남자,27,충청남,4년제 대학교,영업 관리 사무원,남성,3,20대,충청남,대졸
598,a8539d948e3e4fbcb69e8bc6eb76e9f1,남자,28,충청남,4년제 대학교,통신장비 기사,남성,3,20대,충청남,대졸
599,6244a6ac78bf48ecbdcda6d3c67a75e5,남자,24,경기,4년제 대학교,사무 보조원,남성,3,20대,경기도,대졸
600,31aaafb91a004bcc959b604b36d222c9,남자,24,광주,4년제 대학교,일식 조리사,남성,3,20대,광주광역시,대졸
601,1c4f960d43be4cc48925dbd7f1d1745b,남자,25,경기,2~3년제 전문대학,무직,남성,3,20대,경기도,전문대졸
602,f5a6bc2f41f0424d84e1e702612a3c77,남자,23,세종,고등학교,특수 경비원,남성,3,20대,세종특별자치시,고졸
603,0eb64fa337e24f17b388745ff5f3fbf2,남자,28,강원,2~3년제 전문대학,무직,남성,3,20대,강원특별자치도,전문대졸
604,fa6776942abf4c17b33a9983a7dc0bbd,남자,28,서울,4년제 대학교,사용자 경험 및 인터페이스 디자이너,남성,3,20대,서울특별시,대졸
605,292be0dd9ef2470283c89d308087d622,남자,26,서울,4년제 대학교,무대 및 세트 디자이너,남성,3,20대,서울특별시,대졸
606,51c6b348158a41c28a8b920260a1f955,남자,29,인천,고등학교,시설 경비원,남성,3,20대,인천광역시,고졸
607,c03ec7dec50c4bcbb8309676e55fb6d3,남자,20,서울,2~3년제 전문대학,미디어 콘텐츠 창작자,남성,3,20대,서울특별시,전문대졸
608,6843222db82641e6a7529214516f6d3b,남자,22,경기,4년제 대학교,관세행정 사무원,남성,3,20대,경기도,대졸
609,0ecaf81991c24d5ab01d38475f1860f6,남자,28,서울,4년제 대학교,일반 비서,남성,3,20대,서울특별시,대졸
610,22252fff8eff40b0971ebc154ef7e92d,남자,29,경상남,4년제 대학교,무직,남성,3,20대,경상남도,대졸
611,450a33c17fc94ff8bf4e4f9f9bee8ff5,남자,27,경기,고등학교,무직,남성,3,20대,경기도,고졸
612,2d002546eb154fa8beb22d9f49f9f2b8,남자,28,경기,2~3년제 전문대학,무직,남성,3,20대,경기도,전문대졸
613,0b1edc1d4b3a44319cc390995f7c165b,남자,24,경기,2~3년제 전문대학,시설 경비원,남성,3,20대,경기도,전문대졸
614,39172dafa57a423e907512d17ad67cd3,남자,24,경기,고등학교,윤전인쇄기 조작원,남성,3,20대,경기도,고졸
615,48fa0b6b82ab45fabbdc76b67053bc59,남자,24,경기,고등학교,건물 경비원,남성,3,20대,경기도,고졸
616,8090012aeb8c4293965814da3c8f9ede,남자,28,경기,4년제 대학교,출판 및 자료편집 사무원,남성,3,20대,경기도,대졸
617,8c0a519d5369418182caaa59f84f4048,남자,24,경상남,중학교,음료 서비스 종사원,남성,3,20대,경상남도,중졸
618,0e349173856246ddaf02197667a8d710,남자,21,강원,2~3년제 전문대학,예약 및 접수 사무원,남성,3,20대,강원특별자치도,전문대졸
619,e15262efbd77452b99f84d271c22a1c4,남자,20,경기,2~3년제 전문대학,일반 비서,남성,3,20대,경기도,전문대졸
620,d8ef00e0ba8b483cb1ca4d292fd555bd,남자,28,충청북,4년제 대학교,경영 기획 사무원,남성,3,20대,충청북,대졸
621,d729375d39744ccb81cdd322b380ff43,남자,27,부산,4년제 대학교,무직,남성,3,20대,부산광역시,대졸
622,fe44c5ddd13c49579ff2d59b27ca5968,남자,29,경기,고등학교,화학물 가열 처리 장치 조작원,남성,3,20대,경기도,고졸
623,f9933e3156fa46069b22f7c59b94368d,남자,23,충청북,4년제 대학교,승용차 및 승합차 운전원,남성,3,20대,충청북,대졸
624,286f9b5b21b14c30b1593940df53a8f3,남자,27,경기,4년제 대학교,해외 영업원,남성,3,20대,경기도,대졸
625,81a5f8cb532d42ca86b27df290ceeda5,남자,23,대전,2~3년제 전문대학,일식 조리사,남성,3,20대,대전광역시,전문대졸
626,fa2aac8c7b044dbcb1d49a447240e332,남자,27,경기,고등학교,무직,남성,3,20대,경기도,고졸
627,6d3d67b8d1164707896c36aa19c11779,남자,29,서울,고등학교,무직,남성,3,20대,서울특별시,고졸
628,b54ee5c668544f129d92aa5960b27e9e,남자,21,제주,2~3년제 전문대학,무직,남성,3,20대,제주특별자치도,전문대졸
629,4b6c19081ad44d349e67fb8cb6eeb7e6,남자,25,전북,2~3년제 전문대학,무직,남성,3,20대,전북특별자치도,전문대졸
630,698df3bc991f4c0e91cdef3e5aca26ac,남자,27,전북,고등학교,상품 기획자,남성,3,20대,전북특별자치도,고졸
631,992cb43852be4761877754c464947491,남자,27,충청북,4년제 대학교,투자 권유 대행인,남성,3,20대,충청북,대졸
632,d0989211a3564f03b0b4d4cbf323abd5,남자,25,서울,2~3년제 전문대학,그 외 목재가공 관련 기계 조작원,남성,3,20대,서울특별시,전문대졸
633,a13f85ffa8d6420c9f69a94518d5a8d0,남자,22,대구,4년제 대학교,사무 보조원,남성,3,20대,대구광역시,대졸
634,c8e54476d8b74280a9fb682e9ad65cd7,남자,26,경기,4년제 대학교,조사 전문가,남성,3,20대,경기도,대졸
635,6d5aceab3e4d48b096fd971360afa682,남자,27,경기,대학원,육군 병사,남성,3,20대,경기도,대학원졸
636,9f12fd45561a459a90b752e618562238,남자,29,경상북,고등학교,그 외 자동차 운전원,남성,3,20대,경상북도,고졸
637,bc5b87482e0c437ebeb8dcbd9d13ca7a,남자,27,대전,4년제 대학교,시설 경비원,남성,3,20대,대전광역시,대졸
638,2f4b878c058e4e088dc74449c58f9862,남자,25,경기,2~3년제 전문대학,사무 보조원,남성,3,20대,경기도,전문대졸
639,38b449c05cde48e1bebe870b82141fa1,남자,21,서울,2~3년제 전문대학,무직,남성,3,20대,서울특별시,전문대졸
640,fe87b713b37b44e887eb4e78fbfbe187,남자,25,전북,4년제 대학교,국가행정 사무원,남성,3,20대,전북특별자치도,대졸
641,4d9cc81bbe054cbbb6c19f8a9a881652,남자,28,경기,고등학교,지게차 운전원,남성,3,20대,경기도,고졸
642,da6398e5fee14395bbed4cb98560eb43,남자,29,대전,4년제 대학교,관세행정 사무원,남성,3,20대,대전광역시,대졸
643,5928f07bf7f34bb1a2dd7ea2c271b0e1,남자,26,제주,4년제 대학교,인사 및 노무 사무원,남성,3,20대,제주특별자치도,대졸
644,a3a68077b59a4c828e73b88d42475648,남자,25,서울,4년제 대학교,무직,남성,3,20대,서울특별시,대졸
645,fdfd50c0d9324d0d898c0dc1cc8a0073,남자,22,서울,4년제 대학교,무직,남성,3,20대,서울특별시,대졸
646,2c77d6073cdc49e481d888f2128b1bb0,남자,27,경상북,4년제 대학교,농약 및 비료 시험원,남성,3,20대,경상북도,대졸
647,b7d769b2f7b7478da6156ee2093b0ccd,남자,28,대구,4년제 대학교,보험 사무원,남성,3,20대,대구광역시,대졸
648,db98f75f50494bcbb484fb6f04600faa,남자,26,부산,4년제 대학교,산업 안전원,남성,3,20대,부산광역시,대졸
649,de2c8e01fee849ca94411b65ab295764,남자,27,경상북,4년제 대학교,영업 관리 사무원,남성,3,20대,경상북도,대졸
650,b1d87a8d200046a0bad52d78b1996151,남자,26,경기,2~3년제 전문대학,무직,남성,3,20대,경기도,전문대졸
651,e80be8f17cf24896b54f5ead17ff9f97,남자,25,경상북,2~3년제 전문대학,경리 사무원,남성,3,20대,경상북도,전문대졸
652,3d3c20ed2d45401ab8382ebe34866697,남자,26,충청남,고등학교,무직,남성,3,20대,충청남,고졸
653,c521563990c445a597912275a39f3f97,남자,23,부산,4년제 대학교,품질 관리 사무원,남성,3,20대,부산광역시,대졸
654,fa34ab72907848a4b68540cd16efed41,남자,27,경기,고등학교,건물 청소원,남성,3,20대,경기도,고졸
655,8f8a476810a14a2ea013b1de9a17fed2,남자,24,서울,2~3년제 전문대학,무직,남성,3,20대,서울특별시,전문대졸
656,a59ed84c61ca4a20a7d5565d3b61965a,남자,25,경기,2~3년제 전문대학,그 외 화학제품 생산기 조작원,남성,3,20대,경기도,전문대졸
657,2decc097aa3b40298bc375c8cc30e1e1,남자,27,서울,4년제 대학교,무직,남성,3,20대,서울특별시,대졸
658,7648e7418b7f42d4a32d95e650558d6c,남자,24,경상남,4년제 대학교,무직,남성,3,20대,경상남도,대졸
659,3637ef66488d441c98770ea4dcaaf707,남자,24,전라남,고등학교,금속 분무기 조작원,남성,3,20대,전라남,고졸
660,45008a1f90b9463aa025c9edc1d96c74,남자,23,강원,4년제 대학교,자재 관리 사무원,남성,3,20대,강원특별자치도,대졸
661,6d437310a39840f5a3422dd81e2ace0a,남자,21,서울,2~3년제 전문대학,무직,남성,3,20대,서울특별시,전문대졸
662,4d1f9d89f385469fbf3e0cad01bb914d,남자,25,대구,대학원,금형공학 기술자 및 연구원,남성,3,20대,대구광역시,대학원졸
663,e588005332d241c0afd74a2c2eb248ff,남자,20,울산,2~3년제 전문대학,가스 용접원,남성,3,20대,울산광역시,전문대졸
664,ebceea282cb244c8ac84d35d7ee8f902,남자,27,서울,2~3년제 전문대학,모바일 애플리케이션 프로그래머,남성,3,20대,서울특별시,전문대졸
665,2702cb4c58d947628e8fb6d99e09e467,남자,27,서울,고등학교,"전직 시설 경비원, 현재 구직중",남성,3,20대,서울특별시,고졸
666,eb94aebd50424a8dbc044524687d1e35,남자,23,경상남,고등학교,무직,남성,3,20대,경상남도,고졸
667,380104b3d85e4ce7a8c1014b88e47bd8,남자,21,경상북,2~3년제 전문대학,산업 안전원,남성,3,20대,경상북도,전문대졸
668,e3d72336c8fb467ca7462b4f9a76408d,남자,25,인천,2~3년제 전문대학,무직,남성,3,20대,인천광역시,전문대졸
669,ef6eccf5645749869b65900a0a7324bb,남자,26,경상남,4년제 대학교,위험 관리원,남성,3,20대,경상남도,대졸
670,085b45df549747c883d97ee6afc06746,남자,27,경기,고등학교,금형원,남성,3,20대,경기도,고졸
671,cb2f8337499c4faeaf54274ff426ce99,남자,26,서울,4년제 대학교,시스템 소프트웨어 설계 및 분석가,남성,3,20대,서울특별시,대졸
672,0da03d515bda4e739106c079d5e5be3c,남자,24,경상북,2~3년제 전문대학,건물 경비원,남성,3,20대,경상북도,전문대졸
673,7a240b968d124283884af868127d98bb,남자,26,인천,4년제 대학교,음식 서비스 종사원,남성,3,20대,인천광역시,대졸
674,e93f610626de4b84b4dfdcf6e7814c20,남자,24,경기,4년제 대학교,무직,남성,3,20대,경기도,대졸
675,ea000059b93b491ca51175e1e955d5ba,남자,26,대전,4년제 대학교,교육 및 훈련 사무원,남성,3,20대,대전광역시,대졸
676,e709e0b81cd34e8197393b8e30c5601e,남자,28,경기,대학원,전화 상담원,남성,3,20대,경기도,대학원졸
677,0a52b2c1cddf42f3a9bae8517c100ab8,남자,25,강원,4년제 대학교,"전직 펌프 장치 조작원, 현재 구직중",남성,3,20대,강원특별자치도,대졸
678,ae134d77102d41a0ad4243e2f7e8b8db,남자,29,경상북,4년제 대학교,농학 연구원,남성,3,20대,경상북도,대졸
679,2a86ee0108dd429e94f5411894301899,남자,22,경기,4년제 대학교,사무 보조원,남성,3,20대,경기도,대졸
680,e31ee552a6f24f259ec49949d994b50e,남자,28,부산,고등학교,무직,남성,3,20대,부산광역시,고졸
681,4ba9e6481d6a441a8675f9635db2cabd,남자,25,경기,2~3년제 전문대학,가스 생산기 조작원,남성,3,20대,경기도,전문대졸
682,8e6dc3d5559249958b7b177e23b893c1,남자,27,대전,대학원,경영 컨설턴트,남성,3,20대,대전광역시,대학원졸
683,05a118f92177434393fdb3fc5819c250,남자,21,부산,고등학교,시설 경비원,남성,3,20대,부산광역시,고졸
684,d226598d7a824be986f706e1547a0a72,남자,27,서울,4년제 대학교,데이터 설계 및 프로그래머,남성,3,20대,서울특별시,대졸
685,628796964ba14d01ad41ffd63808ead3,남자,20,대구,2~3년제 전문대학,시설 경비원,남성,3,20대,대구광역시,전문대졸
686,76da3739aa644e91b2af2c133b80d4b8,남자,27,경기,고등학교,광고 전문가,남성,3,20대,경기도,고졸
687,c3570d9b45434c9b9651b628b7de8dca,남자,22,서울,4년제 대학교,투자신탁 전문가,남성,3,20대,서울특별시,대졸
688,f84151e9c81c45be9190b9027c628ed9,남자,23,경기,4년제 대학교,"전직 염색 개발 공학 기술자 및 연구원, 현재 구직중",남성,3,20대,경기도,대졸
689,3d70bbf671734de690558ab5cd5b46bf,남자,29,충청북,4년제 대학교,플랜트공학 기술자 및 연구원,남성,3,20대,충청북,대졸
690,471cb81047d34c1583d7f86e1f5ec981,남자,28,대구,4년제 대학교,무직,남성,3,20대,대구광역시,대졸
691,63327f3b77ec44e1b999c75ed9ff75ec,남자,26,광주,4년제 대학교,"전직 출판 및 자료편집 사무원, 현재 구직중",남성,3,20대,광주광역시,대졸
692,03e4ac21836149fab8b0b2bd4dd7e8c5,남자,27,울산,4년제 대학교,무직,남성,3,20대,울산광역시,대졸
693,fcfea7ec69614315917d28ed196822eb,남자,26,충청북,대학원,로봇공학 기술자 및 연구원,남성,3,20대,충청북,대학원졸
694,4dd6b8e143d545828cdeb0ead12c227b,남자,25,경기,4년제 대학교,경영 기획 사무원,남성,3,20대,경기도,대졸
695,fe59671ba72948fba74e8b5317ca94d7,남자,23,서울,4년제 대학교,산업 안전원,남성,3,20대,서울특별시,대졸
696,af28954b00a740b7b720252cb1e34472,남자,23,강원,4년제 대학교,전기계측 제어 기술자 및 연구원,남성,3,20대,강원특별자치도,대졸
697,9684ff3ae4454ee899f4b0631f1f3150,남자,28,서울,고등학교,무직,남성,3,20대,서울특별시,고졸
698,2288fb9bd2584066aa40aaedbc325083,남자,23,세종,4년제 대학교,전기 감리 기술자 및 연구원,남성,3,20대,세종특별자치시,대졸
699,525d93f35655460892d66fca9218b893,남자,21,경상남,고등학교,무직,남성,3,20대,경상남도,고졸
700,c2728d534c894862a1ad9e18dbe4cf27,남자,27,강원,고등학교,무직,남성,3,20대,강원특별자치도,고졸
701,768412f084294c53b0d17434f5639995,남자,25,인천,고등학교,영업 관리 사무원,남성,3,20대,인천광역시,고졸
702,1d953883c3d0431a948e8652e2c0038d,남자,21,광주,2~3년제 전문대학,사무 보조원,남성,3,20대,광주광역시,전문대졸
703,89683c4f4de340c38506f98172fb7a3a,남자,20,충청북,2~3년제 전문대학,온라인 쇼핑 판매원,남성,3,20대,충청북,전문대졸
704,d7d4f12e902c4364bac16b324dfbc15b,남자,24,인천,4년제 대학교,단말기 및 통신 서비스 판매원,남성,3,20대,인천광역시,대졸
705,3c7f3922bba442178ef4d8295b4c09da,남자,24,서울,2~3년제 전문대학,무직,남성,3,20대,서울특별시,전문대졸
706,bd75f9939c53499db04ee68e75c96280,남자,24,충청북,4년제 대학교,청소년 지도사,남성,3,20대,충청북,대졸
707,d7bf3611391f49fea7a259f97845b22a,남자,23,경기,대학원,무직,남성,3,20대,경기도,대학원졸
708,7a1e52167d8e4818a223a1679fb848d4,남자,25,경기,고등학교,무직,남성,3,20대,경기도,고졸
709,de24b421e6154f14a4945191760a8a56,남자,27,충청북,4년제 대학교,육군 병사,남성,3,20대,충청북,대졸
710,36f57af90b3f4fb09ebdf5ae6d839465,남자,20,광주,중학교,무직,남성,3,20대,광주광역시,중졸
711,b382fc095cb14f0885bab1b1267c18f2,남자,24,경기,4년제 대학교,회계 사무원,남성,3,20대,경기도,대졸
712,e3d8067a9fa9410c848539490285bbf4,남자,28,경기,고등학교,시설 경비원,남성,3,20대,경기도,고졸
713,510f52859e3549c8808367495f727be9,남자,21,부산,2~3년제 전문대학,무직,남성,3,20대,부산광역시,전문대졸
714,83efa1bd25c64b7d94eac8bb3f29b9c5,남자,22,경기,2~3년제 전문대학,무직,남성,3,20대,경기도,전문대졸
715,1f5dd6f6f7b740089a08d1a4194fd986,남자,26,경기,대학원,무직,남성,3,20대,경기도,대학원졸
716,4e743ffcb60f419795d30dbb562da4ac,남자,21,경상북,2~3년제 전문대학,그 외 기계공학 기술자 및 연구원,남성,3,20대,경상북도,전문대졸
717,eda11a9dc47d4d44bec0ff8aa5185540,남자,29,인천,4년제 대학교,공공행정 사무원,남성,3,20대,인천광역시,대졸
718,e7c5253e7e8f4201832c6f056048d1ac,남자,25,경기,2~3년제 전문대학,"전직 시스템 소프트웨어 설계 및 분석가, 현재 구직중",남성,3,20대,경기도,전문대졸
719,ec22d18028584e2da73ef50a8edfafee,남자,23,서울,4년제 대학교,무직,남성,3,20대,서울특별시,대졸
720,7f405182e342410c96cbecdb59fca134,남자,22,충청남,고등학교,지게차 운전원,남성,3,20대,충청남,고졸
721,0145924034414dd68a59998b73aac9b4,남자,23,인천,2~3년제 전문대학,무직,남성,3,20대,인천광역시,전문대졸
722,f441374e2169497382fe053f31371269,남자,20,대전,2~3년제 전문대학,무직,남성,3,20대,대전광역시,전문대졸
723,59abfd3511b04c659e0cab0a6a971910,남자,20,서울,2~3년제 전문대학,식품 영업원,남성,3,20대,서울특별시,전문대졸
724,8cd40f8ed32449df9ab78950716d839b,남자,24,부산,고등학교,건물 내 전기 설치 및 정비원,남성,3,20대,부산광역시,고졸
725,cecce2f436ea4a0c95454f8c30e57fdd,남자,24,세종,4년제 대학교,산업 안전원,남성,3,20대,세종특별자치시,대졸
726,aa729882f06b4fd1b0ad3a72ec82eb88,남자,23,부산,고등학교,무직,남성,3,20대,부산광역시,고졸
727,1354e1cfd36b4414aeca2dfadf72b733,남자,26,경상북,고등학교,경·소형 화물차 운전원,남성,3,20대,경상북도,고졸
728,fff8fb3edee641ed82ee41ab62f6caf8,남자,29,인천,고등학교,그 외 물품 이동 장비 설치 및 정비원,남성,3,20대,인천광역시,고졸
729,41bf8d44f6454afa9f5e3e5c8987971c,남자,28,서울,대학원,소음 진동 기술자 및 연구원,남성,3,20대,서울특별시,대학원졸
730,54fdab4909c44649ace54a5ab878765f,남자,28,경기,2~3년제 전문대학,보조 연기자,남성,3,20대,경기도,전문대졸
731,1c87154981eb466598ee397d43b5bfea,남자,28,경상남,고등학교,사무 보조원,남성,3,20대,경상남도,고졸
732,7c37369395d64b9585995b483cbe9413,남자,22,경상남,4년제 대학교,경영 기획 사무원,남성,3,20대,경상남도,대졸
733,5a760cfb2263449180048fd39e8a7b28,남자,24,부산,4년제 대학교,무직,남성,3,20대,부산광역시,대졸
734,e6dae478592b4de892481d334a4a751c,남자,26,서울,4년제 대학교,바텐더,남성,3,20대,서울특별시,대졸
735,321808b5b16e4c389256c2fc9cc0a727,남자,28,서울,2~3년제 전문대학,배전반 조작원,남성,3,20대,서울특별시,전문대졸
736,086e7fc1301742799b7431ee9df4f728,남자,27,서울,4년제 대학교,상품 기획자,남성,3,20대,서울특별시,대졸
737,4eaa4a8b17fe4cb69802dfa13116a231,남자,29,전라남,2~3년제 전문대학,경영 기획 사무원,남성,3,20대,전라남,전문대졸
738,ba485dfdaee140f09336f95812bfaf36,남자,25,부산,4년제 대학교,"전직 가스 및 에너지 시험원, 현재 구직중",남성,3,20대,부산광역시,대졸
739,8bec387ed52246a08bd091255a257fc1,남자,21,서울,2~3년제 전문대학,게임 프로그래머,남성,3,20대,서울특별시,전문대졸
740,ebd9bbc88b6649f6a192422ec78d14ed,남자,28,경기,2~3년제 전문대학,이동전화기 수리원,남성,3,20대,경기도,전문대졸
741,8ddaf5c7f19a4247a7d9aca07a9b6b49,남자,26,인천,2~3년제 전문대학,전화 상담원,남성,3,20대,인천광역시,전문대졸
742,6116764b4dbb4fd085523be520a6d8fc,남자,26,경기,2~3년제 전문대학,식품 영업원,남성,3,20대,경기도,전문대졸
743,f84cc37efd1f4638b3ba5b424b0f71d9,남자,26,강원,4년제 대학교,품질 인증 심사 전문가,남성,3,20대,강원특별자치도,대졸
744,f8781010ddb0432482ec7d642cf0cf06,남자,28,경기,4년제 대학교,특허 사무원,남성,3,20대,경기도,대졸
745,f29834348fb549fc9b59850492aef9fb,남자,28,전라남,4년제 대학교,무직,남성,3,20대,전라남,대졸
746,7324cd63d5714fbbaeefa9b03b5eb5a0,남자,25,충청남,고등학교,지게차 운전원,남성,3,20대,충청남,고졸
747,1996055507994a7c9e8641e92e753cce,남자,20,인천,2~3년제 전문대학,무직,남성,3,20대,인천광역시,전문대졸
748,c11d4e13e0e54c7c84abfe622961551d,남자,26,경기,2~3년제 전문대학,무직,남성,3,20대,경기도,전문대졸
749,5b6b1424435d4ef38456470685a21d03,남자,27,경기,2~3년제 전문대학,회계 사무원,남성,3,20대,경기도,전문대졸
750,d32adc27c682426b894a58a4e30d0553,남자,27,경기,4년제 대학교,무직,남성,3,20대,경기도,대졸
751,f4496e0fda3b43abbeb52da81e00862d,남자,24,경기,4년제 대학교,마케팅 전문가,남성,3,20대,경기도,대졸
752,e8249a4e25144fb18b2ef2a188b73611,남자,22,부산,4년제 대학교,무직,남성,3,20대,부산광역시,대졸
753,38f5501a379146429da09acd0cca24d9,남자,28,강원,고등학교,그 외 전기·전자기기 설치 및 수리원,남성,3,20대,강원특별자치도,고졸
754,4d817030e51a4f77b160da12856573c0,남자,29,부산,4년제 대학교,무직,남성,3,20대,부산광역시,대졸
755,eb91127b800443f39ade74858ae6a3ea,남자,21,인천,고등학교,중형 화물차 운전원,남성,3,20대,인천광역시,고졸
756,872bb72b71244ad9b4536b455fb5c9eb,남자,24,서울,4년제 대학교,무직,남성,3,20대,서울특별시,대졸
757,10711fbc9c4e48efb641eea2b38a5bf1,남자,20,충청남,고등학교,일식 조리사,남성,3,20대,충청남,고졸
758,76d1890b6f9a4f1bbe96e8b0628dda5c,남자,27,경기,고등학교,연삭기 및 연마기 조작원,남성,3,20대,경기도,고졸
759,b4fe8ac3f87b4bc7af07def0b33f41b0,남자,25,경기,대학원,산업 안전원,남성,3,20대,경기도,대학원졸
760,68dbaaa6321149aaa3baee4a9ab759f9,남자,27,대구,4년제 대학교,기업 고위 임원,남성,3,20대,대구광역시,대졸
761,e461947d8157438484354a77ca65004e,남자,20,인천,고등학교,무직,남성,3,20대,인천광역시,고졸
762,8fb7bd8a057546b0855f5b68c4f06c1c,남자,26,울산,4년제 대학교,무직,남성,3,20대,울산광역시,대졸
763,7d9190c02a2a405dbdad4ebd6c1f8ded,남자,27,경상남,4년제 대학교,일반 비서,남성,3,20대,경상남도,대졸
764,b6e6921cba2f4338bfe435e980f69177,남자,27,울산,4년제 대학교,공공행정 전문가,남성,3,20대,울산광역시,대졸
765,4edb49d91b754075a0c7ad3502e15c7c,남자,28,전라남,4년제 대학교,회계 사무원,남성,3,20대,전라남,대졸
766,ce78790f2adc4f1a88dae7e17f4f7df7,남자,25,경기,2~3년제 전문대학,무직,남성,3,20대,경기도,전문대졸
767,8e2e129626ef4cc4a7fa42b401dc4667,남자,23,경기,대학원,품질 관리 사무원,남성,3,20대,경기도,대학원졸
768,3b05241843b7442f93de59547787b5c2,남자,21,부산,고등학교,무직,남성,3,20대,부산광역시,고졸
769,3fc8d4a9668a425eb9ff0fffba6d3773,남자,29,인천,고등학교,시설 경비원,남성,3,20대,인천광역시,고졸
770,640f4e97ce9545559a78ac48c7fee10f,남자,22,강원,4년제 대학교,그 외 기능 관련 종사원,남성,3,20대,강원특별자치도,대졸
771,135cd56cb26e4cc78d628546487f8ed7,남자,28,부산,4년제 대학교,"전직 그 외 공업기계 설치 및 정비원, 현재 구직중",남성,3,20대,부산광역시,대졸
772,e38144fa4531424687cb8120deeacca7,남자,21,경기,고등학교,건물 경비원,남성,3,20대,경기도,고졸
773,7c4f0ba153544ba78f3097f25bc31ad3,남자,28,부산,4년제 대학교,인류학 연구원,남성,3,20대,부산광역시,대졸
774,853321c99788469d955d4ec7cae1e62c,남자,26,대구,2~3년제 전문대학,영업 관리 사무원,남성,3,20대,대구광역시,전문대졸
775,6e500beaec8f4a0a98e897a93cc56b50,남자,20,경기,고등학교,바텐더,남성,3,20대,경기도,고졸
776,26ea973742a44c438ca7a350d311ca1e,남자,29,경기,2~3년제 전문대학,하역 및 적재 관련 단순 종사원,남성,3,20대,경기도,전문대졸
777,1a185e985b2943b187e27f224fde6d85,남자,29,강원,4년제 대학교,전자제품 개발 기술자 및 연구원,남성,3,20대,강원특별자치도,대졸
778,7d5c827388ce479b947914d5d65247fb,남자,22,부산,4년제 대학교,무직,남성,3,20대,부산광역시,대졸
779,3ab7f1d81f224238881a404dba9af8fe,남자,25,광주,4년제 대학교,무직,남성,3,20대,광주광역시,대졸
780,a83407a9f8734248ac207f38bcc4650e,남자,22,광주,2~3년제 전문대학,무직,남성,3,20대,광주광역시,전문대졸
781,0f19fcd15d8349139ecdf8cc52a11bb8,남자,29,경기,4년제 대학교,"전직 컴퓨터 하드웨어 기술자 및 연구원, 현재 구직중",남성,3,20대,경기도,대졸
782,767d1d0dfde14115adb9d55a5aae0e83,남자,26,충청남,4년제 대학교,도로운송 사무원,남성,3,20대,충청남,대졸
783,44c8daa49001435db4a3ce01b348e4d0,남자,22,경기,고등학교,대형 화물차 운전원,남성,3,20대,경기도,고졸
784,a7c2e553920b480bab8b2290358d7914,남자,27,서울,4년제 대학교,외국어 교사,남성,3,20대,서울특별시,대졸
785,4b6d0257497a44c98202effa494c5ebf,남자,22,경기,4년제 대학교,무직,남성,3,20대,경기도,대졸
786,67bc9503544a4ce68475b555d7acb76a,남자,26,경기,2~3년제 전문대학,복지시설 생활 지도원,남성,3,20대,경기도,전문대졸
787,6acd2718542144469b36abf07bd4deee,남자,24,경기,2~3년제 전문대학,경리 사무원,남성,3,20대,경기도,전문대졸
788,dfbb556230e74b0a9a9bad8213528300,남자,22,경기,4년제 대학교,무직,남성,3,20대,경기도,대졸
789,152a67ce45f44c66aae6de038a4714af,남자,28,경상남,2~3년제 전문대학,경리 사무원,남성,3,20대,경상남도,전문대졸
790,6962d3fe015f4b1a843a057855c47fd7,남자,24,부산,4년제 대학교,무직,남성,3,20대,부산광역시,대졸
791,fab53383aeb14105ae8a3c0cfe12369b,남자,23,대전,2~3년제 전문대학,"전직 직업상담사, 현재 구직중",남성,3,20대,대전광역시,전문대졸
792,f3e97bad3da24c3586533f74cf95bbd1,남자,24,서울,4년제 대학교,산업 안전원,남성,3,20대,서울특별시,대졸
793,f80c92ffc08d4e69ab2838d37330822b,남자,22,경상북,4년제 대학교,무직,남성,3,20대,경상북도,대졸
794,c4687af5a98a48bfb826ade20455c2e3,남자,26,충청북,고등학교,금속 세척기 조작원,남성,3,20대,충청북,고졸
795,c69bd45c01974f6daa78f931a1d98343,남자,20,경기,2~3년제 전문대학,조경 관련 관리자,남성,3,20대,경기도,전문대졸
796,c3a4789420b0452b94c3420388d98edc,남자,26,충청남,4년제 대학교,자재 관리 사무원,남성,3,20대,충청남,대졸
797,1cede21574b5469baf824bdf8841482f,남자,25,경기,고등학교,택배원,남성,3,20대,경기도,고졸
798,94ee426628a34e03872ee65010774774,남자,24,경기,2~3년제 전문대학,그 외 전기·전자기기 설치 및 수리원,남성,3,20대,경기도,전문대졸
799,efceaef54e944262ba2406d24d48f001,남자,21,전북,2~3년제 전문대학,무직,남성,3,20대,전북특별자치도,전문대졸
800,089d026eb77541ac94854308a4651610,남자,27,경기,고등학교,무직,남성,3,20대,경기도,고졸
801,7e7de3b489f24de8aa8491aa656b3075,남자,21,서울,2~3년제 전문대학,무직,남성,3,20대,서울특별시,전문대졸
802,2bc56d8622b943a7a40e35a099ba8ad5,남자,26,경기,4년제 대학교,"전직 약사, 현재 구직중",남성,3,20대,경기도,대졸
803,ee4439a180bc4b0cae261e699a05078b,남자,26,서울,2~3년제 전문대학,기계 경비원,남성,3,20대,서울특별시,전문대졸
804,2bcba0646067467e9aa746236a65e407,남자,20,부산,2~3년제 전문대학,무직,남성,3,20대,부산광역시,전문대졸
805,f549319356ef41d4aa90ab46907ebe11,남자,27,경기,4년제 대학교,머시닝센터 조작원,남성,3,20대,경기도,대졸
806,3cf6198d01d74d12a94ac4ac63f07f48,남자,29,대전,고등학교,그 외 택배원,남성,3,20대,대전광역시,고졸
807,b8fdfb19ba944ca5905c415185b2c0ab,남자,28,인천,4년제 대학교,무직,남성,3,20대,인천광역시,대졸
808,4b54f5ce893b454aac14960dac7f9dca,남자,26,광주,고등학교,건물 내 전기 설치 및 정비원,남성,3,20대,광주광역시,고졸
809,550eddaaa4d44e51bcba92315ee54cbb,남자,24,인천,2~3년제 전문대학,무직,남성,3,20대,인천광역시,전문대졸
810,18c173902a5a4488ab2308dbfc2910e3,남자,26,경기,2~3년제 전문대학,석제품 가공기 조작원,남성,3,20대,경기도,전문대졸
811,8e4ca669013d4d42bc594e0d77f02158,남자,29,경기,4년제 대학교,일식 조리사,남성,3,20대,경기도,대졸
812,88efd619a27244a7941696fde01b5c4f,남자,21,경상북,2~3년제 전문대학,철도교통 관제사,남성,3,20대,경상북도,전문대졸
813,955f1f2fff634c3cb1440b0701841b1a,남자,25,충청남,4년제 대학교,교육 및 훈련 사무원,남성,3,20대,충청남,대졸
814,584a845056f8458abc9b0f94dee618fb,남자,26,서울,4년제 대학교,무직,남성,3,20대,서울특별시,대졸
815,42780c9549d240028ad9606baa492cca,남자,20,부산,2~3년제 전문대학,컴퓨터 운영 관리자,남성,3,20대,부산광역시,전문대졸
816,d04ca44cdcec4013850005dbacc401af,남자,28,강원,4년제 대학교,관세행정 사무원,남성,3,20대,강원특별자치도,대졸
817,030c3b9c1c3c446481d0c0046f77d92a,남자,27,경기,2~3년제 전문대학,통신장비 기사,남성,3,20대,경기도,전문대졸
818,fb79dfdab3b74f0a99735dfdeda7d4bf,남자,21,경기,고등학교,음식 서비스 종사원,남성,3,20대,경기도,고졸
819,5227cd6bc0574e959479dd11ebd73fa1,남자,27,서울,4년제 대학교,무직,남성,3,20대,서울특별시,대졸
820,2af84a3b099246e597ca19010af2b0a6,남자,20,강원,2~3년제 전문대학,무직,남성,3,20대,강원특별자치도,전문대졸
821,1063b68065cc45d5ad5c8bb9599cc725,남자,28,전북,고등학교,무직,남성,3,20대,전북특별자치도,고졸
822,9060a9ee6dc1421fbeca2663f317c7af,남자,22,전북,4년제 대학교,그 외 일반 영업원,남성,3,20대,전북특별자치도,대졸
823,51d8890f88ee4823893fcb4ed43eb500,남자,27,서울,4년제 대학교,그 외 기획 및 마케팅 사무원,남성,3,20대,서울특별시,대졸
824,a0971d1a914a4f26acd334d28b0a1223,남자,27,경기,고등학교,법무 사무원,남성,3,20대,경기도,고졸
825,c1a8854f3133413ca895929a3dd8edc1,남자,21,강원,2~3년제 전문대학,무직,남성,3,20대,강원특별자치도,전문대졸
826,6371ae8f6fff41a0ae36339a72d132aa,남자,24,경기,4년제 대학교,모바일 애플리케이션 프로그래머,남성,3,20대,경기도,대졸
827,4b0388508dc04df3999ce90c9be9f3b1,남자,26,인천,고등학교,차량 도장기 조작원,남성,3,20대,인천광역시,고졸
828,5d6a9d44fa4a4d18affa14d13134a478,남자,26,서울,4년제 대학교,게임 프로그래머,남성,3,20대,서울특별시,대졸
829,b55e2b848537432fa23e176d08a674be,남자,23,경상북,4년제 대학교,농약 및 비료 시험원,남성,3,20대,경상북도,대졸
830,3bfc74f6b57048a09a4d45499db356fd,남자,28,울산,4년제 대학교,"전직 데이터 설계 및 프로그래머, 현재 구직중",남성,3,20대,울산광역시,대졸
831,b0d5a38f56994af99d2c5ccdc57d57b2,남자,27,서울,4년제 대학교,무직,남성,3,20대,서울특별시,대졸
832,edbe3c98f9bd4614a2db689b22f7fbaa,남자,23,서울,4년제 대학교,그 외 기획 및 마케팅 사무원,남성,3,20대,서울특별시,대졸
833,c4cdc9bb43124fc387e374718a7e6f1d,남자,27,광주,고등학교,철로 보수원,남성,3,20대,광주광역시,고졸
834,f084824dc8ba45ea9bc26b8da7349e04,남자,22,서울,고등학교,목형원,남성,3,20대,서울특별시,고졸
835,a9ca890fa3c24103a4176bd384ffa362,남자,21,전북,2~3년제 전문대학,무직,남성,3,20대,전북특별자치도,전문대졸
836,55c145bca43f4c829f66ef02e1e8deee,남자,25,강원,2~3년제 전문대학,관세행정 사무원,남성,3,20대,강원특별자치도,전문대졸
837,1ea80fcb5e2c419e8e219e073bcda66b,남자,26,경상남,4년제 대학교,무직,남성,3,20대,경상남도,대졸
838,6faeb99236834b98bed0c57da0b56c51,남자,24,서울,4년제 대학교,법무 사무원,남성,3,20대,서울특별시,대졸
839,f8f2662369554991b62b7dac16a10521,남자,22,부산,4년제 대학교,품질 관리 사무원,남성,3,20대,부산광역시,대졸
840,9265c81f3fab487b8df256b04023b5d3,남자,23,전북,2~3년제 전문대학,철도운송 관련 종사원,남성,3,20대,전북특별자치도,전문대졸
841,fd2f94886bc74b9f9de1463125c528c8,남자,20,광주,2~3년제 전문대학,무직,남성,3,20대,광주광역시,전문대졸
842,778609a8e69a4194b164f80fd6abd7df,남자,24,인천,4년제 대학교,과학 교사,남성,3,20대,인천광역시,대졸
843,0487828075714347a6fb33642f90e342,남자,23,대구,4년제 대학교,무직,남성,3,20대,대구광역시,대졸
844,a3cf6420e4be4af79c83f7dacf1a69c0,남자,28,전북,2~3년제 전문대학,무직,남성,3,20대,전북특별자치도,전문대졸
845,2b1a736c57c84751bd223f4446a86bad,남자,21,인천,2~3년제 전문대학,영업 관리 사무원,남성,3,20대,인천광역시,전문대졸
846,0d4ab31bf2644c6580545ab925e602bf,남자,26,경기,2~3년제 전문대학,무직,남성,3,20대,경기도,전문대졸
847,c3e91ad0759a4ac79c5afce197665d6a,남자,25,울산,2~3년제 전문대학,단말기 및 통신 서비스 판매원,남성,3,20대,울산광역시,전문대졸
848,648df136b37940fe869ec1a542887e92,남자,20,경상북,2~3년제 전문대학,무직,남성,3,20대,경상북도,전문대졸
849,b65bb0ea20f1483c91b42ecaf07d2324,남자,27,대전,4년제 대학교,무직,남성,3,20대,대전광역시,대졸
850,4cf9e0e8bf5f4d028dfe174dfd34ae38,남자,20,서울,2~3년제 전문대학,출납 창구 사무원,남성,3,20대,서울특별시,전문대졸
851,254509f6dbb94a31aa738d055866ff50,남자,29,울산,4년제 대학교,생산관리 사무원,남성,3,20대,울산광역시,대졸
852,6fb386cbeb654a01bf7d7ea300d23d95,남자,23,경상남,2~3년제 전문대학,연선기 조작원,남성,3,20대,경상남도,전문대졸
853,a5440ad8e12441c9bd33b3871d7c2495,남자,29,서울,4년제 대학교,"전직 고무·플라스틱 기술자 및 연구원, 현재 구직중",남성,3,20대,서울특별시,대졸
854,b7c6e77fe82a424abb0e71c923e937dc,남자,27,경기,4년제 대학교,사무 보조원,남성,3,20대,경기도,대졸
855,6b7849d778d94c169bce03b2e13cc6bb,남자,25,부산,고등학교,건물 경비원,남성,3,20대,부산광역시,고졸
856,98a383446ffe48d1b6c01edd8983b7dd,남자,27,전북,고등학교,"전직 전기 용접원, 현재 구직중",남성,3,20대,전북특별자치도,고졸
857,d1f04dffb1984bc1bcaf26abf2d531bd,남자,29,서울,4년제 대학교,"전직 건물 내 전기 설치 및 정비원, 현재 구직중",남성,3,20대,서울특별시,대졸
858,ceed88497dba4fafb3de64bd8be4dbdf,남자,21,경기,2~3년제 전문대학,무직,남성,3,20대,경기도,전문대졸
859,076db423b4004ef3adeccc6326d0a9bc,남자,22,서울,4년제 대학교,무직,남성,3,20대,서울특별시,대졸
860,e3319336bec04dc0bdb32b42e18be401,남자,23,경기,고등학교,무직,남성,3,20대,경기도,고졸
861,61a38d5d77a34959aa6240fca01ac647,남자,27,서울,대학원,식품 영업원,남성,3,20대,서울특별시,대학원졸
862,55f3b521a55a4ab98b4bfb08aeec5b71,남자,23,인천,2~3년제 전문대학,산업 안전원,남성,3,20대,인천광역시,전문대졸
863,5415f6e03d1a451b92bfacb7aae4f2c9,남자,28,경상남,고등학교,무직,남성,3,20대,경상남도,고졸
864,e10ff26f937343e2ac30bd94e4141f98,남자,29,울산,4년제 대학교,무직,남성,3,20대,울산광역시,대졸
865,fb9392d8e7f14eb08919255f58646552,남자,29,인천,2~3년제 전문대학,광학기구 수리원,남성,3,20대,인천광역시,전문대졸
866,9f4e52c759ed4cfcafdd07e64e61c8a9,남자,22,경기,4년제 대학교,무직,남성,3,20대,경기도,대졸
867,b5677e2bc8294651849b918bbf7ed57f,남자,26,경기,4년제 대학교,한식 조리사,남성,3,20대,경기도,대졸
868,16c57c6c756644409519275424b27e09,남자,29,경기,4년제 대학교,무직,남성,3,20대,경기도,대졸
869,615c7a166d5c4680ba082389fc537688,남자,28,경상북,고등학교,무직,남성,3,20대,경상북도,고졸
870,d7ad43ca999142f8a507ff12cb4a1a1a,남자,29,경기,고등학교,고무제품 생산기 조작원,남성,3,20대,경기도,고졸
871,3426bbfbcefd44a2bd71e3492afcb9ec,남자,28,광주,4년제 대학교,총무 사무원,남성,3,20대,광주광역시,대졸
872,ba70113f2e4b44cd82b0e5698ba08285,남자,29,서울,고등학교,전기기기 설치 및 정비원,남성,3,20대,서울특별시,고졸
873,3fe03a3513f144a99783c113d39a619f,남자,21,광주,2~3년제 전문대학,청각장애인 특수교육 교사,남성,3,20대,광주광역시,전문대졸
874,3dc56684b390464eb7b355804c3f36c6,남자,24,전라남,4년제 대학교,식품공학 시험원,남성,3,20대,전라남,대졸
875,b4fb4642ec414c75a816e6885e4a9c26,남자,28,대구,4년제 대학교,평론가,남성,3,20대,대구광역시,대졸
876,bed44481256c4117b9863e2645fab42a,남자,29,광주,4년제 대학교,그 외 기획 및 마케팅 사무원,남성,3,20대,광주광역시,대졸
877,3fe6583be8a847b2bd6dd3c3882aaae3,남자,29,인천,4년제 대학교,일반 비서,남성,3,20대,인천광역시,대졸
878,dd8ef9c854c2477d9c2db2bb62178b20,남자,26,경기,4년제 대학교,"전직 생산관리 사무원, 현재 구직중",남성,3,20대,경기도,대졸
879,d7385aebf61e42bf869ecc1f6156cab1,남자,23,경상남,4년제 대학교,치과기공사,남성,3,20대,경상남도,대졸
880,ee9d806a0d6b439b8ee12bddad312092,남자,20,대구,2~3년제 전문대학,그 외 제도사,남성,3,20대,대구광역시,전문대졸
881,522121335ffb4688984946be0561fc1a,남자,25,경기,4년제 대학교,"전직 데이터 분석가, 현재 구직중",남성,3,20대,경기도,대졸
882,d8d75c2232e64bc5b962e04e18966973,남자,27,경기,4년제 대학교,산업 안전원,남성,3,20대,경기도,대졸
883,49151bb160f843419b6e7b0d6642a138,남자,22,부산,4년제 대학교,철도운송 관련 종사원,남성,3,20대,부산광역시,대졸
884,516efdb6a55b489abd7497f50e0de3b4,남자,23,경기,2~3년제 전문대학,지게차 운전원,남성,3,20대,경기도,전문대졸
885,03cb14de31e74dc8a26a33fe88116858,남자,25,서울,고등학교,건물 경비원,남성,3,20대,서울특별시,고졸
886,1d5fae1b79a64190a135920385c5bc02,남자,24,경기,2~3년제 전문대학,무직,남성,3,20대,경기도,전문대졸
887,c1b0f57f1b924bb7a43064a4beb6bb65,남자,20,전북,2~3년제 전문대학,경영 기획 사무원,남성,3,20대,전북특별자치도,전문대졸
888,cebe6a0fb28e46a4944685d125abec52,남자,29,세종,4년제 대학교,품질 관리 사무원,남성,3,20대,세종특별자치시,대졸
889,f952333d5875470191445684bf9f0c42,남자,26,경기,고등학교,자동차 엔진 조립원,남성,3,20대,경기도,고졸
890,f921c16bad4a46efba225bda50bca67c,남자,22,부산,2~3년제 전문대학,무직,남성,3,20대,부산광역시,전문대졸
891,39318eaf825447ffbd1f6a3291efb63a,남자,26,전라남,4년제 대학교,항공운송 사무원,남성,3,20대,전라남,대졸
892,b9b5d008664b487e9972cf4999a4f0e9,남자,26,서울,고등학교,무직,남성,3,20대,서울특별시,고졸
893,f9403147bda840aba96ebb3d2ae3f02e,남자,27,서울,대학원,기업 고위 임원,남성,3,20대,서울특별시,대학원졸
894,97de9eec5ecb4d77b4399d78c22f296a,남자,26,전북,고등학교,무직,남성,3,20대,전북특별자치도,고졸
895,14f98774288b40e38d7217255cd56115,남자,22,서울,4년제 대학교,무직,남성,3,20대,서울특별시,대졸
896,5cf803f79c9f490a905212ee8a532cf5,남자,26,경기,고등학교,시설 경비원,남성,3,20대,경기도,고졸
897,2f5063b8e7c1420983e692c8d427ead3,남자,26,경상남,4년제 대학교,교육 및 훈련 사무원,남성,3,20대,경상남도,대졸
898,159a6a73c0e447a6a2948f8f6bef5d16,남자,26,경기,2~3년제 전문대학,무직,남성,3,20대,경기도,전문대졸
899,53bf707b4a8e4f12bd38321922a85643,남자,21,경기,2~3년제 전문대학,화학제품 생산 관리자,남성,3,20대,경기도,전문대졸
900,808cc44431114d23a91c0d6223b78266,남자,28,경기,4년제 대학교,마케팅 전문가,남성,3,20대,경기도,대졸
901,5094364bc0a544718e93028ac4f3bfc9,남자,23,경기,2~3년제 전문대학,이삿짐 운반원,남성,3,20대,경기도,전문대졸
902,6da7e75431804876bf05dedeafd112ae,남자,28,서울,4년제 대학교,게임 프로그래머,남성,3,20대,서울특별시,대졸
903,f0f0e8c0a5e74a36b4d651733b9797fd,남자,25,부산,2~3년제 전문대학,그 외 기계장비 설치 및 정비원,남성,3,20대,부산광역시,전문대졸
904,7caf2ba3e4b64b9da77ac1f8b9c9a490,남자,20,경기,중학교,그 외 제조 관련 단순 종사원,남성,3,20대,경기도,중졸
905,3958e53633d64b2c917061ffaef4430a,남자,29,부산,2~3년제 전문대학,철도운송 관련 종사원,남성,3,20대,부산광역시,전문대졸
906,48f7aa4f87b940a0b0a98a705fb2d412,남자,25,인천,2~3년제 전문대학,산업 특화 소프트웨어 프로그래머,남성,3,20대,인천광역시,전문대졸
907,37808cd232ec43eba4c17776bf8a4645,남자,27,경상북,4년제 대학교,금형원,남성,3,20대,경상북도,대졸
908,dd32c28550f7450098a91cf5aa333336,남자,24,서울,4년제 대학교,그 외 조리사,남성,3,20대,서울특별시,대졸
909,d2704d1348b54b7682bc91ee0559680c,남자,26,경기,4년제 대학교,"전직 고무·플라스틱 기술자 및 연구원, 현재 구직중",남성,3,20대,경기도,대졸
910,67fb4987542c428c8fb69a95b1e38384,남자,25,경상북,4년제 대학교,무직,남성,3,20대,경상북도,대졸
911,339ec060a40f488998cc6262d7fbd215,남자,21,전라남,고등학교,건물 경비원,남성,3,20대,전라남,고졸
912,4e63f99551b74fa0a4fe88dabe78f60d,남자,21,경기,2~3년제 전문대학,가스·에너지 기술자 및 연구원,남성,3,20대,경기도,전문대졸
913,cd467590d8bb433f85c0a76c44e3ecac,남자,27,경상남,2~3년제 전문대학,무직,남성,3,20대,경상남도,전문대졸
914,758b42f8f6a441128329edd00b896e50,남자,25,광주,4년제 대학교,국가행정 사무원,남성,3,20대,광주광역시,대졸
915,aff4aefa0e464796b08b285391dd81c7,남자,21,부산,2~3년제 전문대학,무직,남성,3,20대,부산광역시,전문대졸
916,b777b2cce4b846ebada8fb49adfe9ae4,남자,22,대구,2~3년제 전문대학,무직,남성,3,20대,대구광역시,전문대졸
917,f9d2a95efd2b48f6b6c2a24303a9ca0c,남자,26,경기,4년제 대학교,경리 사무원,남성,3,20대,경기도,대졸
918,e08eded855604825aeb2d3eaf8a9bec1,남자,27,경기,4년제 대학교,"전직 사무 보조원, 현재 구직중",남성,3,20대,경기도,대졸
919,f69f49c97e324694883f636d846d95a4,남자,29,서울,4년제 대학교,일반 비서,남성,3,20대,서울특별시,대졸
920,eba14198f05b46758150f8f7dc540647,남자,22,대구,2~3년제 전문대학,무직,남성,3,20대,대구광역시,전문대졸
921,b33287166ecf4477b38754201a8c3b30,남자,23,대구,고등학교,승용차 및 승합차 운전원,남성,3,20대,대구광역시,고졸
922,7036b9ada9964da29d638a112e85dba3,남자,28,경기,2~3년제 전문대학,전자공학 시험원,남성,3,20대,경기도,전문대졸
923,11004f11108446f19978f105be27674e,남자,23,경기,4년제 대학교,영업 관련 관리자,남성,3,20대,경기도,대졸
924,8f595eea30ea4c399441324e9d109ee0,남자,21,울산,2~3년제 전문대학,네트워크 시스템 개발자,남성,3,20대,울산광역시,전문대졸
925,1c4b6dd36cea403180951cda80c57c6c,남자,29,서울,4년제 대학교,방송 송출 장비 기사,남성,3,20대,서울특별시,대졸
926,54ddb702139a45fe80503dd25a0c3af2,남자,27,충청남,4년제 대학교,경영 기획 사무원,남성,3,20대,충청남,대졸
927,e1928d17813645d08c106eae1796d9ee,남자,24,서울,고등학교,무직,남성,3,20대,서울특별시,고졸
928,00f122d88b054f34a5d061b6547f6d07,남자,26,서울,4년제 대학교,데이터 관리 및 운영자,남성,3,20대,서울특별시,대졸
929,32ff41cf5f81475d838ac83b3b62bb27,남자,27,경기,4년제 대학교,플랜트공학 기술자 및 연구원,남성,3,20대,경기도,대졸
930,e0aadb9efb0343a8ba1f4cb0c9af0eb4,남자,29,인천,4년제 대학교,무직,남성,3,20대,인천광역시,대졸
931,57aa0ab07609448fa95a7a3035b20b0d,남자,28,광주,2~3년제 전문대학,양식 조리사,남성,3,20대,광주광역시,전문대졸
932,f7d432c168314846992c321a8a05143b,남자,24,충청북,고등학교,육아 도우미,남성,3,20대,충청북,고졸
933,7103ff3a82604366b78af72f92e33a17,남자,21,대구,2~3년제 전문대학,"전직 그 외 전기·전자기기 설치 및 수리원, 현재 구직중",남성,3,20대,대구광역시,전문대졸
934,6ffb3848c6474b29aadd571d3e5004b0,남자,24,경기,고등학교,대형 화물차 운전원,남성,3,20대,경기도,고졸
935,94a8816a67ce401aab9b738efdae107d,남자,27,전라남,4년제 대학교,철도운송 관련 종사원,남성,3,20대,전라남,대졸
936,1779bac6c1c14468934541f5b5e33e4f,남자,28,경기,4년제 대학교,화학기계 설치 및 정비원,남성,3,20대,경기도,대졸
937,ba5a77008fe54949a5f514dfd72ce886,남자,22,대전,4년제 대학교,"전직 회계 사무원, 현재 구직중",남성,3,20대,대전광역시,대졸
938,077c02a711944213a3bcc478d297f4e6,남자,28,서울,고등학교,대형 화물차 운전원,남성,3,20대,서울특별시,고졸
939,4fa5e2b663164944817a2010a6535c87,남자,24,강원,고등학교,그 외 음식 서비스 종사원,남성,3,20대,강원특별자치도,고졸
940,ea3716c79fa84769864716c00b27eea2,남자,23,세종,4년제 대학교,그 외 음식 서비스 종사원,남성,3,20대,세종특별자치시,대졸
941,46ebb85718484ca8957cb3053e08ef5e,남자,26,대전,4년제 대학교,산업 안전원,남성,3,20대,대전광역시,대졸
942,8a38e80bcae24449a2be4a4034af3076,남자,28,경기,4년제 대학교,농업용 기계장비 기술 영업원,남성,3,20대,경기도,대졸
943,6189dac02527479f8539bb48b8be2ccd,남자,20,서울,고등학교,가구 도장기 조작원,남성,3,20대,서울특별시,고졸
944,9275fc37eaf14488b451da70838ac8b4,남자,29,경기,4년제 대학교,무직,남성,3,20대,경기도,대졸
945,086466aa529c419686bb23ea801ca119,남자,22,강원,4년제 대학교,사무 보조원,남성,3,20대,강원특별자치도,대졸
946,8431686174c74f1ea836af8a2ab62c5e,남자,24,경기,고등학교,무직,남성,3,20대,경기도,고졸
947,1ab48415b6444091be5bd3a124119a1f,남자,23,경상북,4년제 대학교,무직,남성,3,20대,경상북도,대졸
948,41650b5fe64e4232b42f6d28c9d48af1,남자,22,전라남,4년제 대학교,전화 상담원,남성,3,20대,전라남,대졸
949,601f63629aa54894909a019ce60fe03a,남자,20,경상남,2~3년제 전문대학,자동 재단기 조작원,남성,3,20대,경상남도,전문대졸
950,29638aa17be147e2961b2731fd32dfac,남자,26,충청남,4년제 대학교,구급 요원,남성,3,20대,충청남,대졸
951,95ddf2db8f4946f2ab7582e828960ebe,남자,23,강원,고등학교,무직,남성,3,20대,강원특별자치도,고졸
952,9ad0b34b68684b86b18d27836bedd89c,남자,26,인천,2~3년제 전문대학,그 외 기획 및 마케팅 사무원,남성,3,20대,인천광역시,전문대졸
953,eb2f14127b34414bbda8bfd463fea50d,남자,27,제주,2~3년제 전문대학,시설 경비원,남성,3,20대,제주특별자치도,전문대졸
954,bdf074403cc9445c82050fe5fdf4cfce,남자,20,경상남,2~3년제 전문대학,무직,남성,3,20대,경상남도,전문대졸
955,f12114a7ca5f4a73b57a1cc92fdf0194,남자,25,서울,4년제 대학교,무직,남성,3,20대,서울특별시,대졸
956,1ad1891448624e56860a43330bba2416,남자,21,경기,2~3년제 전문대학,사무 보조원,남성,3,20대,경기도,전문대졸
957,09f56b620cec44f39233b714f31d4a05,남자,27,충청북,2~3년제 전문대학,전기 용접원,남성,3,20대,충청북,전문대졸
958,b74affae5f0c463d80e23245059eb6e2,남자,26,울산,4년제 대학교,그 외 법률 관련 사무원,남성,3,20대,울산광역시,대졸
959,1031936e53464a5c8274c9636509ab82,남자,25,서울,2~3년제 전문대학,전화 상담원,남성,3,20대,서울특별시,전문대졸
960,9699c60540d2465da817f51e236aaa41,남자,25,부산,고등학교,전기 용접원,남성,3,20대,부산광역시,고졸
961,6004a5c3a6c14dbfbeb19ca5a8860e64,남자,25,경기,2~3년제 전문대학,무직,남성,3,20대,경기도,전문대졸
962,d065107b14fd4d00b964e8aab3573a04,남자,24,경상남,고등학교,냉난방기 관련 설비 조작원,남성,3,20대,경상남도,고졸
963,f07b2a25a4e64767872536d472bb5c99,남자,28,서울,고등학교,지게차 운전원,남성,3,20대,서울특별시,고졸
964,349e997b0faf4119a1cb3b7ac03735e4,남자,22,경기,2~3년제 전문대학,무직,남성,3,20대,경기도,전문대졸
965,0bc78c046c294c09b6c0f90a4574380b,남자,23,경상북,4년제 대학교,경리 사무원,남성,3,20대,경상북도,대졸
966,470833b94a834fd9b09cd37795ddd413,남자,21,서울,2~3년제 전문대학,전화 상담원,남성,3,20대,서울특별시,전문대졸
967,0a144f34a6044362858acf091bac1ab3,남자,27,경기,4년제 대학교,그 외 전기공학 기술자 및 연구원,남성,3,20대,경기도,대졸
968,205bb81524464a3c961713c04254d873,남자,25,경상북,4년제 대학교,일반 비서,남성,3,20대,경상북도,대졸
969,c088949ce4bd4896a8b39c6a17e8d1d9,남자,23,경기,4년제 대학교,그 외 산업 안전 및 위험 관리원,남성,3,20대,경기도,대졸
970,392e20b989ad48569a8ba677e6b0a10a,남자,29,울산,2~3년제 전문대학,"전직 품질 관리 사무원, 현재 구직중",남성,3,20대,울산광역시,전문대졸
971,ab2cb2c2cdc74a699f0d6a9118dd3ebf,남자,26,광주,4년제 대학교,"전직 경영 기획 사무원, 현재 구직중",남성,3,20대,광주광역시,대졸
972,b7774cdf0eab4a65a4951c4dbaea0a9e,남자,22,경기,4년제 대학교,"전직 일반 비서, 현재 구직중",남성,3,20대,경기도,대졸
973,60a0e097aaad43f48a683fad5a9bd7dd,남자,29,서울,4년제 대학교,정보 보안 전문가,남성,3,20대,서울특별시,대졸
974,59bc6937a94845ddb2d38e87e1fa5749,남자,27,인천,2~3년제 전문대학,영업 관리 사무원,남성,3,20대,인천광역시,전문대졸
975,7557a4b78dbd4353aaed6c804c42df32,남자,28,충청남,4년제 대학교,무직,남성,3,20대,충청남,대졸
976,a11c336fe4bf44fc804284a10bed91af,남자,27,경기,2~3년제 전문대학,무직,남성,3,20대,경기도,전문대졸
977,5cdef042113545318d1dc4d2ebd02cdb,남자,25,경기,4년제 대학교,그 외 기능 관련 종사원,남성,3,20대,경기도,대졸
978,a69bb75bfe4b4c71a341caf126e1cdb6,남자,26,인천,2~3년제 전문대학,건물 내 전기 설치 및 정비원,남성,3,20대,인천광역시,전문대졸
979,26531e16799943ba922cb1e00e48a67c,남자,27,경기,4년제 대학교,영업 관리 사무원,남성,3,20대,경기도,대졸
980,72a335849e3d499db35f1b1722359c90,남자,29,서울,4년제 대학교,무직,남성,3,20대,서울특별시,대졸
981,6a2346e4de114ac18aa52d4f815f99b3,남자,29,전라남,4년제 대학교,출판 및 자료편집 사무원,남성,3,20대,전라남,대졸
982,77b677954a134927a7ce2bdaecdcd53e,남자,20,경기,고등학교,무직,남성,3,20대,경기도,고졸
983,00c2eb0268dc4e55bd6a51fbcc9fdda0,남자,25,서울,4년제 대학교,무직,남성,3,20대,서울특별시,대졸
984,344007672b5b4f2489d79d4f2d54bc57,남자,24,전북,4년제 대학교,품질 관리 사무원,남성,3,20대,전북특별자치도,대졸
985,05b882e3ab924fcd87abed1e30799aa3,남자,26,인천,2~3년제 전문대학,그 외 일반 영업원,남성,3,20대,인천광역시,전문대졸
986,bddc3c26702c4ef2a58e509fcb8f561e,남자,23,서울,4년제 대학교,경영 기획 사무원,남성,3,20대,서울특별시,대졸
987,6eab8ab0a89b46c385eb32eb4c8c4089,남자,27,전북,4년제 대학교,온라인 쇼핑 판매원,남성,3,20대,전북특별자치도,대졸
988,3ee72ac23e8f4faf819b77b7ff81520c,남자,26,울산,4년제 대학교,무직,남성,3,20대,울산광역시,대졸
989,84f399cc2f454a7fb56a168e3edd3948,남자,28,경기,4년제 대학교,무직,남성,3,20대,경기도,대졸
990,3c7f18336222406d919d2ab06eae4c93,남자,26,부산,4년제 대학교,환경 영향 평가원,남성,3,20대,부산광역시,대졸
991,c482efe683bd43f793cf3a78957f053c,남자,26,서울,4년제 대학교,토목 관련 관리자,남성,3,20대,서울특별시,대졸
992,6213e8828d6b40418543a17283584e63,남자,29,서울,대학원,무직,남성,3,20대,서울특별시,대학원졸
993,6c9f1edb8f35406d8f4361685f6496ee,남자,22,광주,2~3년제 전문대학,"전직 가전제품 판매원, 현재 구직중",남성,3,20대,광주광역시,전문대졸
994,0208d49ec798445f99c48d502adf466e,남자,21,대구,2~3년제 전문대학,"전직 모바일 애플리케이션 프로그래머, 현재 구직중",남성,3,20대,대구광역시,전문대졸
995,ea2849c4c7524d63a38907b022fd8b78,남자,22,경기,고등학교,승용차 및 승합차 운전원,남성,3,20대,경기도,고졸
996,32becb3aea594ad2816cfff545efc4e7,남자,29,경기,대학원,폐기물 처리 기술자 및 연구원,남성,3,20대,경기도,대학원졸
997,a6ef91c0190c4981acebf8be74d75f51,남자,23,서울,4년제 대학교,무직,남성,3,20대,서울특별시,대졸
998,af74e7db19334f6ab8643da9843ba101,남자,22,경기,4년제 대학교,상품 기획자,남성,3,20대,경기도,대졸
999,bbeefaad43cf4b5a84cc78216d1db948,남자,24,대전,4년제 대학교,무직,남성,3,20대,대전광역시,대졸
1000,202373a555c8421a9dce7e275bd12e89,남자,25,경기,무학,무직,남성,3,20대,경기도,무학
1001,d91312645b1a44489ab66015eb06bc0e,남자,24,충청북,2~3년제 전문대학,무직,남성,3,20대,충청북,전문대졸
1002,e4fffe1d7ac34b89b85440ce63df5816,남자,20,충청북,2~3년제 전문대학,무직,남성,3,20대,충청북,전문대졸
1003,23bdd58ca738491b97312fec61481e9a,남자,29,서울,4년제 대학교,사무 보조원,남성,3,20대,서울특별시,대졸
1004,fd37f6522d37443a978eff206857aaff,남자,22,제주,4년제 대학교,"전직 경영 기획 사무원, 현재 구직중",남성,3,20대,제주특별자치도,대졸
1005,6e3d6a68940a419c92b68f886e01c0f6,남자,22,서울,4년제 대학교,검표원,남성,3,20대,서울특별시,대졸
1006,e4542b971eec4b709cd81c0e292d1e0c,남자,20,경기,고등학교,화학기계 설치 및 정비원,남성,3,20대,경기도,고졸
1007,cecc8420ca2e49b19823ea89357d475f,남자,26,충청북,4년제 대학교,생산관리 사무원,남성,3,20대,충청북,대졸
1008,dd9a846950d94431b7bcbb32a6a8a4fe,남자,26,대전,2~3년제 전문대학,"전직 건물용 냉동·냉장·공조기 설치 및 정비원, 현재 구직중",남성,3,20대,대전광역시,전문대졸
1009,f6de411471d0490aa76cf9f95fdf5f18,남자,25,경상남,4년제 대학교,무직,남성,3,20대,경상남도,대졸
1010,2bdf7675f2004c3a868ed3e8b72e79b8,남자,29,대전,4년제 대학교,기지국 설치 및 수리원,남성,3,20대,대전광역시,대졸
1011,418774ba995a4d9d9bfdba00f52f7b9e,남자,27,경상남,2~3년제 전문대학,제관원,남성,3,20대,경상남도,전문대졸
1012,a839d51b4148423dbed1dc223bbb3f76,남자,21,경기,2~3년제 전문대학,통신장비 기사,남성,3,20대,경기도,전문대졸
1013,be6ce38bf1674b7c984291a8d3ce7d71,남자,28,경기,2~3년제 전문대학,시설 경비원,남성,3,20대,경기도,전문대졸
1014,fbbc21b268be48be9196eb9b35fc2143,남자,23,부산,고등학교,중식 조리사,남성,3,20대,부산광역시,고졸
1015,cab3cb217b444dcfa9dba65c38b8fbc1,남자,27,경기,고등학교,사무 보조원,남성,3,20대,경기도,고졸
1016,ddbc46d5c99144d59334f2bcb56c72de,남자,25,경기,2~3년제 전문대학,무직,남성,3,20대,경기도,전문대졸
1017,0f8e74ed63a947da83274d9b8838745b,남자,21,대전,2~3년제 전문대학,그 외 음식 서비스 종사원,남성,3,20대,대전광역시,전문대졸
1018,d4233697db7d4103b5c66982e793b0d1,남자,22,전라남,고등학교,무직,남성,3,20대,전라남,고졸
1019,f59016daff0a4b9c9058a796b50b6261,남자,22,서울,4년제 대학교,무직,남성,3,20대,서울특별시,대졸
1020,e350d9f77bf34eb1b29ceea6f1ee503f,남자,22,경기,2~3년제 전문대학,무직,남성,3,20대,경기도,전문대졸
1021,f529124cd22a4ce3866efaacee0d67cb,남자,29,인천,4년제 대학교,무역 사무원,남성,3,20대,인천광역시,대졸
1022,0f102cf8159e49d2a3908c7befef731e,남자,28,강원,4년제 대학교,자재 관리 사무원,남성,3,20대,강원특별자치도,대졸
1023,6186907a15f44a4a80c2eba92da9c2aa,남자,20,광주,고등학교,무직,남성,3,20대,광주광역시,고졸
1024,680c4943147f43a4ba92cb92b08ac84d,남자,20,경기,2~3년제 전문대학,품질 관리 사무원,남성,3,20대,경기도,전문대졸
1025,7ab0b578a45d4ac5a934c2693f6848a1,남자,23,경기,4년제 대학교,온라인 쇼핑 판매원,남성,3,20대,경기도,대졸
1026,d6413d3169c643cdb6a1408482441b9a,남자,25,부산,대학원,무직,남성,3,20대,부산광역시,대학원졸
1027,1ed7687bac1f4d339b91fb2503d4b9e3,남자,26,전북,4년제 대학교,해양 경찰관 및 수사관,남성,3,20대,전북특별자치도,대졸
1028,e1567f22abb8454da650534e55ef376c,남자,24,대전,4년제 대학교,범용 소프트웨어 프로그래머,남성,3,20대,대전광역시,대졸
1029,7392125d6f02469a8125129dc6750bb7,남자,20,인천,2~3년제 전문대학,그 외 기계공학 기술자 및 연구원,남성,3,20대,인천광역시,전문대졸
1030,e807d078c7a14f048828832a1dbf897d,남자,26,서울,4년제 대학교,그 외 일반 영업원,남성,3,20대,서울특별시,대졸
1031,ff149eb42cee4c7b9ea7f16f9b9fee30,남자,25,서울,4년제 대학교,생산관리 사무원,남성,3,20대,서울특별시,대졸
1032,4f3e05085cb74c19951bbe31fe13156e,남자,25,경상북,4년제 대학교,컴퓨터 시스템 설계 및 분석가,남성,3,20대,경상북도,대졸
1033,05317ea889f143fcb128728f77bec26e,남자,23,경기,4년제 대학교,"전직 스포츠 감독, 현재 구직중",남성,3,20대,경기도,대졸
1034,514758a92b28424a8bc603248c6ddfa9,남자,20,경상남,2~3년제 전문대학,음료 서비스 종사원,남성,3,20대,경상남도,전문대졸
1035,720271e112f7426d899105ef43abd091,남자,26,부산,4년제 대학교,경리 사무원,남성,3,20대,부산광역시,대졸
1036,209dfd88848f4948bbf53171f22ec091,남자,26,경기,4년제 대학교,시설 경비원,남성,3,20대,경기도,대졸
1037,d9234cf4e866464584dfb49c6c727037,남자,24,서울,고등학교,시계 및 카메라 수리원,남성,3,20대,서울특별시,고졸
1038,44e2c460bcb54ba3a316a438edba1df5,남자,26,경기,고등학교,건물 내 전기 설치 및 정비원,남성,3,20대,경기도,고졸
1039,619e490c34754bd4b18aa92384eda85b,남자,25,경기,4년제 대학교,경영 기획 사무원,남성,3,20대,경기도,대졸
1040,76aeda7c4dc2452b95d49eb0043455fb,남자,29,경상북,2~3년제 전문대학,경리 사무원,남성,3,20대,경상북도,전문대졸
1041,bd29324697684b9da4f97ea1641b703c,남자,21,대구,2~3년제 전문대학,그 외 일반 영업원,남성,3,20대,대구광역시,전문대졸
1042,0b222892407946108556e756d284893e,남자,28,서울,고등학교,무직,남성,3,20대,서울특별시,고졸
1043,38d8533d68454c6587745f4b42d3dffb,남자,29,광주,4년제 대학교,무직,남성,3,20대,광주광역시,대졸
1044,0f6cd32fb58b4b8da11926e9a611fd5c,남자,22,대구,2~3년제 전문대학,무직,남성,3,20대,대구광역시,전문대졸
1045,e09552e0fc78452e87f95cac11a6a9e0,남자,20,울산,고등학교,무직,남성,3,20대,울산광역시,고졸
1046,810e88e16a884467a3c6e10697c5fa5f,남자,21,서울,2~3년제 전문대학,사무 보조원,남성,3,20대,서울특별시,전문대졸
1047,13855e9ce420475da742bd23fff66bdc,남자,29,경기,고등학교,연삭기 및 연마기 조작원,남성,3,20대,경기도,고졸
1048,b7381c88d7c3444da3e1b1a1af8ab169,남자,26,경기,고등학교,유지 제조기 조작원,남성,3,20대,경기도,고졸
1049,db146fa0c88b403dbb557c12e9374db2,남자,28,경기,4년제 대학교,폐기물 처리 기술자 및 연구원,남성,3,20대,경기도,대졸
1050,bfcf3ee6380248eea7ad37981eac3800,남자,21,서울,2~3년제 전문대학,무직,남성,3,20대,서울특별시,전문대졸
1051,531d4e9988774d3baa00b81e8520a89b,남자,20,경상북,2~3년제 전문대학,농업용 기계장비 기술 영업원,남성,3,20대,경상북도,전문대졸
1052,a61a6f3c37ac4dc283203625c4fdb1c5,남자,27,경상남,2~3년제 전문대학,무직,남성,3,20대,경상남도,전문대졸
1053,daa597a98b62423dad0177d055d07b19,남자,26,경기,4년제 대학교,"전직 경영 컨설턴트, 현재 구직중",남성,3,20대,경기도,대졸
1054,2a91c395032a493a9bde1e4ab0b94ef8,남자,28,경기,4년제 대학교,경영 기획 사무원,남성,3,20대,경기도,대졸
1055,efd61620c08f4290816e0d017de7c76d,남자,28,충청북,4년제 대학교,공조기설비 조작원,남성,3,20대,충청북,대졸
1056,185ff68ed2f44212aef8d0cac37f1855,남자,28,인천,4년제 대학교,지방행정 사무원,남성,3,20대,인천광역시,대졸
1057,e68c6d2d2fbc42f68446ce23747f95a4,남자,29,충청남,2~3년제 전문대학,산업용로봇 조작원,남성,3,20대,충청남,전문대졸
1058,a2ed50616f134f949ae37341a14a8a92,남자,21,충청북,2~3년제 전문대학,양식 조리사,남성,3,20대,충청북,전문대졸
1059,c070369f9a5c4f52bf5aa20416b88c66,남자,23,대전,4년제 대학교,자동차 부품 기술 영업원,남성,3,20대,대전광역시,대졸
1060,ef173f9fe0164651b310d0bc330cb5b4,남자,21,울산,고등학교,그 외 물품 이동 장비 조작원,남성,3,20대,울산광역시,고졸
1061,92f31d18c10a4b7d9a4e9652bcf51f64,남자,24,인천,고등학교,경·소형 화물차 운전원,남성,3,20대,인천광역시,고졸
1062,9f5eab5e835540e5be99da18139e7e02,남자,29,서울,4년제 대학교,무직,남성,3,20대,서울특별시,대졸
1063,85e5aeb5904343b6ae90b91c0658996d,남자,21,충청북,고등학교,"전직 건물 경비원, 현재 구직중",남성,3,20대,충청북,고졸
1064,daa9815b43e4437eab999673e64ae9b3,남자,29,강원,4년제 대학교,도시 계획 및 설계가,남성,3,20대,강원특별자치도,대졸
1065,6305b4a00d074f9e8aa269084c603436,남자,27,충청북,4년제 대학교,무직,남성,3,20대,충청북,대졸
1066,0b1a7c0974084c95a90a9e0bb8afd8dc,남자,23,경상남,4년제 대학교,무직,남성,3,20대,경상남도,대졸
1067,f03a7813c0eb4922867c5030823e58ee,남자,27,제주,2~3년제 전문대학,양식 조리사,남성,3,20대,제주특별자치도,전문대졸
1068,8f393742fcb04138b594c14021ec2930,남자,23,서울,4년제 대학교,국가행정 사무원,남성,3,20대,서울특별시,대졸
1069,ed7f8295051e402db71bb26faff5f812,남자,25,서울,2~3년제 전문대학,그 외 소방공학 기술자 및 연구원,남성,3,20대,서울특별시,전문대졸
1070,2d94a6656c1141dbb195d9223e0bcee7,남자,26,경기,고등학교,인쇄 관련 기능 종사원,남성,3,20대,경기도,고졸
1071,58fca953af414ff387c94e9ff19c0498,남자,23,대전,4년제 대학교,통신장비 기사,남성,3,20대,대전광역시,대졸
1072,f6b337e5f6904e1481cd3a69eae0713d,남자,21,서울,2~3년제 전문대학,그 외 제품 디자이너,남성,3,20대,서울특별시,전문대졸
1073,73f46ced6c3442489776f1b362b65d84,남자,23,경기,4년제 대학교,아파트 경비원,남성,3,20대,경기도,대졸
1074,cd129c30876645c7b813326bdaeef968,남자,23,충청북,고등학교,건물 경비원,남성,3,20대,충청북,고졸
1075,888dd316e82648c99d39933b3dcc0c18,남자,23,경상남,2~3년제 전문대학,무직,남성,3,20대,경상남도,전문대졸
1076,58331e5c8daf4d47ad64529ff3e88ac3,남자,24,경기,2~3년제 전문대학,무직,남성,3,20대,경기도,전문대졸
1077,9b538ccffa0744d6ae6b5869ed96c7e2,남자,22,서울,2~3년제 전문대학,염색기 조작원,남성,3,20대,서울특별시,전문대졸
1078,16650a7cf0004a5f97368120b0ad9319,남자,37,전북,고등학교,승용차 및 승합차 운전원,남성,4,30대,전북특별자치도,고졸
1079,8798c7adf3894840ab1cb2d7c51f8dc5,남자,39,광주,2~3년제 전문대학,통신장비 기사,남성,4,30대,광주광역시,전문대졸
1080,8ca583f84d2d44a39e027cd24b48477a,남자,30,경기,고등학교,회계 사무원,남성,4,30대,경기도,고졸
1081,56d67a38117f4fcea0074b2d0d4ade07,남자,30,서울,2~3년제 전문대학,그 외 표백 및 염색 관련 기계 조작원,남성,4,30대,서울특별시,전문대졸
1082,99b91b89245045279cd061ee7596a163,남자,31,부산,4년제 대학교,무직,남성,4,30대,부산광역시,대졸
1083,57b420c4fa9b470c8d20b824c073d134,남자,39,경상북,고등학교,그 외 하역 및 적재 단순 종사원,남성,4,30대,경상북도,고졸
1084,d4d0e15c76024e5da1d61fb91ceefee4,남자,32,경기,대학원,기업 고위 임원,남성,4,30대,경기도,대학원졸
1085,5feb2cdb3ca54bc194e607b5c7e0917f,남자,33,부산,대학원,"전직 그 외 경영 및 진단 전문가, 현재 구직중",남성,4,30대,부산광역시,대학원졸
1086,c1a28f6820914afd9aed0133de84b0d3,남자,30,서울,대학원,공공행정 전문가,남성,4,30대,서울특별시,대학원졸
1087,d4fa475c0f5a45e5a85c4a056ef5b49a,남자,37,대구,중학교,건물 경비원,남성,4,30대,대구광역시,중졸
1088,803eb7ec3616471da508624e475643de,남자,31,서울,4년제 대학교,그 외 제품 디자이너,남성,4,30대,서울특별시,대졸
1089,d2337290761d46d6ba7051b8fd8555be,남자,32,서울,4년제 대학교,정보 시스템 운영자,남성,4,30대,서울특별시,대졸
1090,301db048c2b14850b0ebc64b40f64161,남자,39,광주,4년제 대학교,산업용 기계장비 기술 영업원,남성,4,30대,광주광역시,대졸
1091,d042eed13a6147a596b6ef1082947b84,남자,38,서울,4년제 대학교,사회 교사,남성,4,30대,서울특별시,대졸
1092,e20fdd028a5b446bb8262b9f5dd66f48,남자,32,경상북,고등학교,그 외 화물차 및 특수차 운전원,남성,4,30대,경상북도,고졸
1093,244435d193f14ff1bd1078959d7e2b46,남자,33,서울,4년제 대학교,"전직 기업 고위 임원, 현재 구직중",남성,4,30대,서울특별시,대졸
1094,c09b6d315fa9491f812dc82f50b82855,남자,32,인천,4년제 대학교,건축감리 기술자,남성,4,30대,인천광역시,대졸
1095,e0d01bb1142c41fb85321c30885975b9,남자,35,대구,4년제 대학교,산업 안전원,남성,4,30대,대구광역시,대졸
1096,030a178c44ed4a99b00bf9acfbb00bab,남자,32,전라남,4년제 대학교,해병대 부사관,남성,4,30대,전라남,대졸
1097,f19cab88f9cb44949e700a357add8a72,남자,36,경기,2~3년제 전문대학,이동전화기 수리원,남성,4,30대,경기도,전문대졸
1098,fb489079bf8c414eb5d5f16b025647b5,남자,34,광주,2~3년제 전문대학,무직,남성,4,30대,광주광역시,전문대졸
1099,c7bd98e6caf3458090656dff52f922fd,남자,37,인천,4년제 대학교,산업용 기계장비 기술 영업원,남성,4,30대,인천광역시,대졸
1100,17121bbb83664aaa92716c89d134d5d6,남자,31,경기,2~3년제 전문대학,무직,남성,4,30대,경기도,전문대졸
1101,757cb72daaff4f03af8fdffc900bc838,남자,35,경기,4년제 대학교,경·소형 화물차 운전원,남성,4,30대,경기도,대졸
1102,9db259d65b0b412e80fe06909322cb1e,남자,30,경기,2~3년제 전문대학,자재 관리 사무원,남성,4,30대,경기도,전문대졸
1103,b19079a3d3304f4792171f3bec531ee9,남자,31,광주,4년제 대학교,일반 경찰관 및 수사관,남성,4,30대,광주광역시,대졸
1104,9d9f4d971d0d4a7f84a84d1f75755dfb,남자,39,서울,4년제 대학교,그 외 일반 영업원,남성,4,30대,서울특별시,대졸
1105,0fe246a781044ee9a9674ffaa58c64af,남자,30,충청남,2~3년제 전문대학,무직,남성,4,30대,충청남,전문대졸
1106,ee037a7911ad40189f0de92c8359b5ff,남자,30,서울,4년제 대학교,그 외 교사,남성,4,30대,서울특별시,대졸
1107,96096461ea5249219eeafc31ee1dcf48,남자,38,전북,2~3년제 전문대학,"전직 전화 상담원, 현재 구직중",남성,4,30대,전북특별자치도,전문대졸
1108,18422bf7ad8540ffaf237d8a0494cc7b,남자,34,경상남,4년제 대학교,영업 관리 사무원,남성,4,30대,경상남도,대졸
1109,04fc417960c545a09ed09a20b81408b8,남자,33,세종,4년제 대학교,그 외 조경 관련 기술자,남성,4,30대,세종특별자치시,대졸
1110,76cbb509fbb7424387c2201823a7e072,남자,32,대전,고등학교,그 외 상하수도 처리 장치 조작원,남성,4,30대,대전광역시,고졸
1111,2cf430076c204eafa8a3a994cb7c0716,남자,31,강원,4년제 대학교,예약 및 접수 사무원,남성,4,30대,강원특별자치도,대졸
1112,e79da69fac8b43169946b9050207b771,남자,35,경기,4년제 대학교,화학제품 생산 관리자,남성,4,30대,경기도,대졸
1113,71f080020c504f36bbfc5b057d0d55f5,남자,36,경상남,2~3년제 전문대학,계기 검침원,남성,4,30대,경상남도,전문대졸
1114,467d34b637cd4067a36c4ba0684700f9,남자,34,부산,4년제 대학교,"전직 이벤트 전문가, 현재 구직중",남성,4,30대,부산광역시,대졸
1115,ea52b7e17ab346168bafba5260280d64,남자,34,경기,대학원,경영 기획 사무원,남성,4,30대,경기도,대학원졸
1116,5c9debe9f3c14238868c60c9887fc020,남자,31,대전,대학원,송배전설비 기술자 및 연구원,남성,4,30대,대전광역시,대학원졸
1117,2794b0fd79a14633b6764b9c54482429,남자,33,전라남,4년제 대학교,119 구조대원,남성,4,30대,전라남,대졸
1118,938e1087b5574aa9a696ab0b6e34c272,남자,34,서울,4년제 대학교,무직,남성,4,30대,서울특별시,대졸
1119,d38917f608fc43e3aa5340e4e3270671,남자,30,경기,4년제 대학교,그 외 상점 판매원,남성,4,30대,경기도,대졸
1120,3cf1cd3008f54d17aeb869cdbc503e26,남자,33,서울,4년제 대학교,산업 안전원,남성,4,30대,서울특별시,대졸
1121,29db5924c98e4260bb0840d3d95bed64,남자,36,서울,4년제 대학교,그 외 철도 및 전동차 기관사,남성,4,30대,서울특별시,대졸
1122,c89ce395953548ca911840cb65f25ce4,남자,35,인천,4년제 대학교,공공행정 사무원,남성,4,30대,인천광역시,대졸
1123,c8767e12f3ea4e69833052a2053a03fc,남자,33,서울,고등학교,강구조물 건립원,남성,4,30대,서울특별시,고졸
1124,4d80bf6f13a54de5afee071c41f02061,남자,35,제주,4년제 대학교,지방행정 사무원,남성,4,30대,제주특별자치도,대졸
1125,b52884ada4744a20ae2d9ef17a3704ee,남자,36,서울,2~3년제 전문대학,판매 사무원,남성,4,30대,서울특별시,전문대졸
1126,1b9be84107204bf3ae1995cfc1a3865b,남자,38,경상북,고등학교,그 외 기능 관련 종사원,남성,4,30대,경상북도,고졸
1127,c801d6d68c8c4d838e3c798fbbd2bc8b,남자,39,서울,2~3년제 전문대학,산업 특화 소프트웨어 프로그래머,남성,4,30대,서울특별시,전문대졸
1128,d100cf15e71045b9b9ad49571af1aa67,남자,34,경상남,4년제 대학교,냉난방기 관련 설비 조작원,남성,4,30대,경상남도,대졸
1129,dfa33949fbeb46b7acc82343b2049576,남자,30,경기,2~3년제 전문대학,그 외 일반 영업원,남성,4,30대,경기도,전문대졸
1130,c2af499c43514e8490c3d2fd1a35e198,남자,39,경기,고등학교,비계공,남성,4,30대,경기도,고졸
1131,896d781b61364b35b31630acae76ba0f,남자,32,서울,4년제 대학교,교육 및 훈련 사무원,남성,4,30대,서울특별시,대졸
1132,478e5af44c0d403ab4ab75271bf49794,남자,33,광주,4년제 대학교,폐기물 처리 기술자 및 연구원,남성,4,30대,광주광역시,대졸
1133,4e93e488b9f54030947232f78cf814b0,남자,31,경상북,대학원,금형공학 기술자 및 연구원,남성,4,30대,경상북도,대학원졸
1134,9c3d18ecc15941a9a22086d6a4ca853a,남자,33,경기,2~3년제 전문대학,머시닝센터 조작원,남성,4,30대,경기도,전문대졸
1135,64a4dd2b5ef14b65a4ca9c4b8924c05d,남자,36,경기,4년제 대학교,비료 생산기 조작원,남성,4,30대,경기도,대졸
1136,72c20f59546e443fa08b54a0a2e331d6,남자,36,경기,고등학교,그 외 기계장비 설치 및 정비원,남성,4,30대,경기도,고졸
1137,547dc134da1148c7bd68e42e974cd668,남자,37,서울,4년제 대학교,기업 고위 임원,남성,4,30대,서울특별시,대졸
1138,a91e399e5c92409f927fd3ab8e1243bd,남자,31,전북,4년제 대학교,무직,남성,4,30대,전북특별자치도,대졸
1139,3c0bb29d2df9400ca8817525014981cc,남자,33,강원,고등학교,가죽 및 모피 가공원,남성,4,30대,강원특별자치도,고졸
1140,4d707c81480a4e7faf901624e30b1e4d,남자,35,서울,4년제 대학교,부동산 감정 전문가,남성,4,30대,서울특별시,대졸
1141,80106adcc76b4db4b38181162c4d957a,남자,34,전라남,2~3년제 전문대학,잠수 기능원,남성,4,30대,전라남,전문대졸
1142,fd409e313c234ce0b246e4dc2a0480b2,남자,33,인천,고등학교,무직,남성,4,30대,인천광역시,고졸
1143,70cd3f366e78463b9151bdbe44fcca85,남자,39,경기,4년제 대학교,경영 기획 사무원,남성,4,30대,경기도,대졸
1144,daf1178b4b7148eaaa27344258143aaa,남자,32,울산,4년제 대학교,무직,남성,4,30대,울산광역시,대졸
1145,280616d1678c489db2c83535431dcf4b,남자,32,서울,4년제 대학교,산업 안전원,남성,4,30대,서울특별시,대졸
1146,03589cd6a7274cf4b14b5085f230c95f,남자,38,경기,4년제 대학교,해병대 부사관,남성,4,30대,경기도,대졸
1147,3946c3ec15504d76941285d33858cbcc,남자,30,경기,대학원,전자제품 개발 기술자 및 연구원,남성,4,30대,경기도,대학원졸
1148,2e545eeed2a24879a4b6b4442240152b,남자,37,충청북,고등학교,시설 경비원,남성,4,30대,충청북,고졸
1149,1ff7fb8007924134b264b3ec585751da,남자,31,경기,2~3년제 전문대학,소규모 상점 경영자,남성,4,30대,경기도,전문대졸
1150,55ebed319987407d8945b06a7df07f67,남자,30,경기,고등학교,경·소형 화물차 운전원,남성,4,30대,경기도,고졸
1151,091cce65a5994931bdd0b0428dc535bf,남자,36,경기,4년제 대학교,정보 시스템 운영자,남성,4,30대,경기도,대졸
1152,4e840beb8b2840648d6e40fb8b139c2c,남자,30,전북,4년제 대학교,그 외 기획 및 마케팅 사무원,남성,4,30대,전북특별자치도,대졸
1153,a3342c480a374efaaf00cdca2afda3ea,남자,32,경상남,고등학교,금속 분무기 조작원,남성,4,30대,경상남도,고졸
1154,0d4760b732e84f31940927113aaca9fc,남자,36,서울,4년제 대학교,무직,남성,4,30대,서울특별시,대졸
1155,fee2e0dba1a644d7ba3ffbe81212e2bf,남자,33,경기,4년제 대학교,석유화학 기술자 및 연구원,남성,4,30대,경기도,대졸
1156,8bef47ce534d4d74865865000935cd45,남자,36,경기,4년제 대학교,전화 상담원,남성,4,30대,경기도,대졸
1157,366e6e23df8046ceb7d06a5bc5fdd31e,남자,34,충청북,4년제 대학교,건물 경비원,남성,4,30대,충청북,대졸
1158,8888ac39b71648ef9c981e3ed4c1000c,남자,35,서울,4년제 대학교,무직,남성,4,30대,서울특별시,대졸
1159,09720245362c44f583b7694558349521,남자,34,인천,2~3년제 전문대학,"전직 금속공학 시험원, 현재 구직중",남성,4,30대,인천광역시,전문대졸
1160,84aa3b22c7754a8eb99bcf2053e9ef66,남자,38,부산,2~3년제 전문대학,119 구조대원,남성,4,30대,부산광역시,전문대졸
1161,4457de073e4c46f8a1e3aed4e9ae4f37,남자,30,인천,4년제 대학교,회계사,남성,4,30대,인천광역시,대졸
1162,ba36c5716a4f457db4c6268b069ceabe,남자,34,경상북,4년제 대학교,생산관리 사무원,남성,4,30대,경상북도,대졸
1163,613fe2cec7dc4304912df5651999fe2b,남자,33,경기,대학원,위험 관리원,남성,4,30대,경기도,대학원졸
1164,ddce5beba4444461b95bb8218146e094,남자,35,경상남,4년제 대학교,건물 경비원,남성,4,30대,경상남도,대졸
1165,3c16bbad35c64df8a12db4f112564ed8,남자,38,제주,대학원,산업 안전원,남성,4,30대,제주특별자치도,대학원졸
1166,06b0677fb64c403aaa0ff1291192c8ac,남자,38,인천,4년제 대학교,반도체공학 기술자 및 연구원,남성,4,30대,인천광역시,대졸
1167,008dca8ea13849ad894c3b64873ae912,남자,38,대전,중학교,시설 경비원,남성,4,30대,대전광역시,중졸
1168,a2dac0edd7e148fb8a2e42ff95c72ce5,남자,38,대구,고등학교,행사 및 홍보 도우미,남성,4,30대,대구광역시,고졸
1169,f1254c2abc3249479bab1229ac422910,남자,37,경기,대학원,생물학 시험원,남성,4,30대,경기도,대학원졸
1170,508d9654831d49d5a71af5df338190c1,남자,31,경기,대학원,상품 기획자,남성,4,30대,경기도,대학원졸
1171,4956d4323ba44d95a9dff20fccac2e59,남자,36,경기,4년제 대학교,산업용 기계장비 기술 영업원,남성,4,30대,경기도,대졸
1172,07816099ebf64fa38d01bb72956135b6,남자,38,부산,4년제 대학교,회계사,남성,4,30대,부산광역시,대졸
1173,11ea888ba7dd43f3b761dbc7318c3482,남자,32,인천,2~3년제 전문대학,펄프 제조 장치 조작원,남성,4,30대,인천광역시,전문대졸
1174,3b558e6d652b489cb7b68d3ef2e3026d,남자,34,경기,4년제 대학교,특허 사무원,남성,4,30대,경기도,대졸
1175,86887a8d83b8411eb32c5d83b691f0f6,남자,36,경상남,2~3년제 전문대학,무직,남성,4,30대,경상남도,전문대졸
1176,45f967e7d4604086ab0093a503e5d046,남자,33,울산,4년제 대학교,산업용로봇 조작원,남성,4,30대,울산광역시,대졸
1177,4535c1146fe843a0a6c9f04406d74993,남자,37,경기,4년제 대학교,"전직 정보 통신 컨설턴트, 현재 구직중",남성,4,30대,경기도,대졸
1178,99030161f5fd4de6bfa027ee6bcbea96,남자,30,경기,4년제 대학교,"전직 그 외 전기·전자기기 설치 및 수리원, 현재 구직중",남성,4,30대,경기도,대졸
1179,c2b3a3059b594e9e86e985db4fd7f06e,남자,35,경기,대학원,고속철 기관사,남성,4,30대,경기도,대학원졸
1180,fe1123d5f95242e899092aa843b03ed2,남자,34,대전,4년제 대학교,조사 전문가,남성,4,30대,대전광역시,대졸
1181,9e0d52cb969a43c4a77e986b603fb175,남자,38,전라남,4년제 대학교,기업 고위 임원,남성,4,30대,전라남,대졸
1182,77130af66b0847c9bd4a16870aa17cd4,남자,34,광주,4년제 대학교,생산관리 사무원,남성,4,30대,광주광역시,대졸
1183,2e182a59567146428d45c15af7baf584,남자,34,서울,4년제 대학교,그 외 기획 및 마케팅 사무원,남성,4,30대,서울특별시,대졸
1184,a211da63909947b69a29e9d75f821511,남자,35,경기,2~3년제 전문대학,무직,남성,4,30대,경기도,전문대졸
1185,e050c02195404878a15de0e129b7a529,남자,36,경기,4년제 대학교,무직,남성,4,30대,경기도,대졸
1186,5826f675499541c897e1db68897ad2ac,남자,30,서울,2~3년제 전문대학,그 외 인쇄기 조작원,남성,4,30대,서울특별시,전문대졸
1187,fc807281e3274fb68b7fb241f659c1a1,남자,39,충청남,고등학교,"전직 위성방송 안테나 설치 및 수리원, 현재 구직중",남성,4,30대,충청남,고졸
1188,d5c700fa653c4239976a91b65f0c9d2e,남자,34,충청북,4년제 대학교,식품공학 시험원,남성,4,30대,충청북,대졸
1189,d6c421cd59cc42b1b0579cb14c4e2f09,남자,33,부산,4년제 대학교,무직,남성,4,30대,부산광역시,대졸
1190,0619d927525547479610cbb227c26b9a,남자,34,울산,고등학교,대형 화물차 운전원,남성,4,30대,울산광역시,고졸
1191,088f15cefd144688813a7b48ef57ef99,남자,36,광주,4년제 대학교,생산관리 사무원,남성,4,30대,광주광역시,대졸
1192,eb9fda5677cb49e9804d18ddd3ae6003,남자,38,충청남,2~3년제 전문대학,스포츠 강사 및 트레이너,남성,4,30대,충청남,전문대졸
1193,bb964d2198d34a5aa1bdb76206be5854,남자,34,강원,2~3년제 전문대학,해병대 부사관,남성,4,30대,강원특별자치도,전문대졸
1194,89c9a48415c141d6927542e2852a4d5a,남자,37,충청남,4년제 대학교,발전설비 기술자 및 연구원,남성,4,30대,충청남,대졸
1195,fc2736504913438d8ba24c08678a6ed7,남자,30,경기,4년제 대학교,회계 사무원,남성,4,30대,경기도,대졸
1196,a784a78903ba45d9a22efd709e8c5540,남자,30,경기,4년제 대학교,영업 관련 관리자,남성,4,30대,경기도,대졸
1197,c739611be5cc421fa889620581a2938c,남자,34,경기,초등학교,건물 경비원,남성,4,30대,경기도,초졸이하
1198,fa48b126464c445d8f2fcb6cf9ad8d47,남자,32,광주,고등학교,수동 포장원,남성,4,30대,광주광역시,고졸
1199,2fc2919dce8e40b2bc76c2520283a830,남자,33,경기,2~3년제 전문대학,그 외 일반 영업원,남성,4,30대,경기도,전문대졸
1200,0f830067adb54f9883184522653ae82d,남자,36,대전,4년제 대학교,농업용 기계장비 기술 영업원,남성,4,30대,대전광역시,대졸
1201,b7c9795d89ab4e0787cbfa61821e3568,남자,33,전북,2~3년제 전문대학,그 외 하역 및 적재 단순 종사원,남성,4,30대,전북특별자치도,전문대졸
1202,9a6dbf99cef1417d80f868589cc6f32b,남자,35,경상남,2~3년제 전문대학,자동 조립라인 조작원,남성,4,30대,경상남도,전문대졸
1203,e4fc5452506c4cb89f8479fde170cc28,남자,30,경기,4년제 대학교,기계 제도사,남성,4,30대,경기도,대졸
1204,879f02b458db40a9bc7360ec02439531,남자,38,부산,4년제 대학교,그 외 금속·재료 공학 기술자 및 연구원,남성,4,30대,부산광역시,대졸
1205,8d0e612cdec8433484f5efb7be8a38f6,남자,34,경기,2~3년제 전문대학,육군 장교,남성,4,30대,경기도,전문대졸
1206,8a5823ffbce94fe7999977d03d110663,남자,35,경기,고등학교,시외 및 고속 버스 운전원,남성,4,30대,경기도,고졸
1207,2f1d81814bfb4dafbc47e59f23885448,남자,37,충청남,4년제 대학교,경영 기획 사무원,남성,4,30대,충청남,대졸
1208,6cca4596c63a4fd3a6f4498523921582,남자,35,경기,고등학교,무직,남성,4,30대,경기도,고졸
1209,eee8be9324574486b714e46c7cfc74a3,남자,31,서울,4년제 대학교,철도운송 관련 종사원,남성,4,30대,서울특별시,대졸
1210,16020c930af247848ccb8fc6804d6fc4,남자,39,인천,2~3년제 전문대학,경리 사무원,남성,4,30대,인천광역시,전문대졸
1211,00116e0b94244ad3a969ed9760708646,남자,33,경기,4년제 대학교,경영 컨설턴트,남성,4,30대,경기도,대졸
1212,233806a1de75454a93a6b1863941177f,남자,30,인천,4년제 대학교,자재 관리 사무원,남성,4,30대,인천광역시,대졸
1213,0480bf6b5ca94f93b596ca12a7238986,남자,38,전라남,4년제 대학교,무직,남성,4,30대,전라남,대졸
1214,d9fc3fbead464a34932dab7a8e568d92,남자,34,서울,4년제 대학교,보험 사무원,남성,4,30대,서울특별시,대졸
1215,dd64a68069c84df8a4c4eae9dcc2b0f8,남자,31,광주,고등학교,전기 용접원,남성,4,30대,광주광역시,고졸
1216,9a6c35224f4c468ca66ff6e7b51f57bf,남자,38,충청북,2~3년제 전문대학,산업용로봇 조작원,남성,4,30대,충청북,전문대졸
1217,1d489c93f6ea49d492312276eb607e6b,남자,35,울산,대학원,전자제품 개발 기술자 및 연구원,남성,4,30대,울산광역시,대학원졸
1218,e2569d12bc214d1ca2d8fa5802497fcc,남자,35,경상남,4년제 대학교,금속공학 기술자 및 연구원,남성,4,30대,경상남도,대졸
1219,f7363259d3264b8db7bcaf3cb07f154f,남자,35,충청북,대학원,교통 계획 및 설계가,남성,4,30대,충청북,대학원졸
1220,8603b0f877a54ad2b623851bcb412296,남자,34,경기,고등학교,119 구조대원,남성,4,30대,경기도,고졸
1221,bca5f495d4e64abab6bcaadfac1254e9,남자,33,인천,고등학교,운송장비 청소원,남성,4,30대,인천광역시,고졸
1222,a6e4eefee3864990bab8297de8c2f062,남자,32,경기,4년제 대학교,그 외 물품 이동 장비 설치 및 정비원,남성,4,30대,경기도,대졸
1223,50a627411f4248d18ea27b1034a8b860,남자,30,부산,4년제 대학교,교육 및 훈련 사무원,남성,4,30대,부산광역시,대졸
1224,855544b096f04f47bd6e5956254ee5f3,남자,35,경기,2~3년제 전문대학,그 외 일반 영업원,남성,4,30대,경기도,전문대졸
1225,ba8ba167255344ce9036c5e5773fdde5,남자,38,인천,4년제 대학교,회계 사무원,남성,4,30대,인천광역시,대졸
1226,5e3212c778e64ee3a4cc5c04af5ea069,남자,36,경기,4년제 대학교,철도운송 관련 종사원,남성,4,30대,경기도,대졸
1227,b91dac950fe649109e19d5d39c196bbd,남자,32,경기,2~3년제 전문대학,무직,남성,4,30대,경기도,전문대졸
1228,11756434657549878f3715b808835127,남자,31,경기,대학원,무직,남성,4,30대,경기도,대학원졸
1229,a0b1c900432c42dbaf52ce1786e4534f,남자,36,인천,4년제 대학교,해외 영업원,남성,4,30대,인천광역시,대졸
1230,b206f7b463fc480688b81ce19c6827a3,남자,38,경기,고등학교,그 외 법률 관련 사무원,남성,4,30대,경기도,고졸
1231,772e410f6a2b48129a9be297f322ce4c,남자,38,경기,초등학교,강구조물 건립원,남성,4,30대,경기도,초졸이하
1232,534027d933ae48d09679fc9d910a3243,남자,32,전라남,4년제 대학교,자재 관리 사무원,남성,4,30대,전라남,대졸
1233,18c85722f8ad4169a755cad7aa45767f,남자,30,경기,2~3년제 전문대학,전화 상담원,남성,4,30대,경기도,전문대졸
1234,34011060cd6b4e68b23bee4f456bc56c,남자,33,광주,4년제 대학교,산업 안전원,남성,4,30대,광주광역시,대졸
1235,11412c8c19304b6f82176c2ae5d06d17,남자,38,전라남,고등학교,전기 용접원,남성,4,30대,전라남,고졸
1236,0570a30af24440ba81717f97f0f2312e,남자,31,부산,고등학교,철도운송 관련 종사원,남성,4,30대,부산광역시,고졸
1237,4c901e8eb8aa4041bc313a366c336dc4,남자,38,경기,4년제 대학교,산업기계공학 기술자 및 연구원,남성,4,30대,경기도,대졸
1238,d048cc0e33cb40ce887fd7806a519f56,남자,39,경기,대학원,식품공학 기술자 및 연구원,남성,4,30대,경기도,대학원졸
1239,a6f465c190b94b91b00f1f98ab7ecc34,남자,34,경기,4년제 대학교,그 외 인사 및 노사 관련 전문가,남성,4,30대,경기도,대졸
1240,d40d1aa508814bf8942d73fc1438e8f4,남자,36,광주,4년제 대학교,회계 사무원,남성,4,30대,광주광역시,대졸
1241,b14c0dcad7b041b1abeff71df1ccfbb9,남자,31,전라남,2~3년제 전문대학,회계 사무원,남성,4,30대,전라남,전문대졸
1242,5cb20e8c635a41feabb7b01cc8279ed5,남자,34,서울,대학원,토목 관련 관리자,남성,4,30대,서울특별시,대학원졸
1243,375ca98f212b41d0974c0560b4af4cda,남자,35,경기,4년제 대학교,무직,남성,4,30대,경기도,대졸
1244,515eac1a052e4cb49d6a3980471adfd2,남자,39,대전,고등학교,그 외 일반 영업원,남성,4,30대,대전광역시,고졸
1245,2c83fe051f314dd8bc9bccab095a5648,남자,37,경기,4년제 대학교,게임 그래픽 디자이너,남성,4,30대,경기도,대졸
1246,d3b1dccad91a4a119f3a99b4f353c4a1,남자,33,인천,4년제 대학교,국가행정 사무원,남성,4,30대,인천광역시,대졸
1247,f269f74e16bf4f778533015a26bdff1f,남자,39,서울,4년제 대학교,회계 사무원,남성,4,30대,서울특별시,대졸
1248,79db95b6f1a64d149f60d366ef597d18,남자,36,충청남,4년제 대학교,네트워크 시스템 개발자,남성,4,30대,충청남,대졸
1249,da4461f4520d48cbb145eb7c02d2dbe2,남자,32,서울,고등학교,무직,남성,4,30대,서울특별시,고졸
1250,f75a4fb8322f4e62a717c1c5b9f1b56b,남자,33,경기,4년제 대학교,"전직 금속공학 기술자 및 연구원, 현재 구직중",남성,4,30대,경기도,대졸
1251,810e3bef128a4d8b8cd3c2634edcc687,남자,33,경기,4년제 대학교,영업 관리 사무원,남성,4,30대,경기도,대졸
1252,7b37b7ca80c748a3ada2a3a84dbb66d2,남자,38,서울,4년제 대학교,시스템 소프트웨어 설계 및 분석가,남성,4,30대,서울특별시,대졸
1253,afebc249036f4827b9b210dbe0a34962,남자,30,서울,4년제 대학교,마케팅 전문가,남성,4,30대,서울특별시,대졸
1254,c8a4475ba8ec4910b01ac102357c0cf7,남자,37,충청북,4년제 대학교,생산관리 사무원,남성,4,30대,충청북,대졸
1255,9a54357965534b14a3661a2b2cb921d1,남자,39,경기,4년제 대학교,무직,남성,4,30대,경기도,대졸
1256,7435eef2973f4a1fa44278815362dd68,남자,33,부산,4년제 대학교,시멘트공학 기술자 및 연구원,남성,4,30대,부산광역시,대졸
1257,12e42437cb6d441498bbbd0f1c620da1,남자,38,경기,4년제 대학교,무직,남성,4,30대,경기도,대졸
1258,b963dd6ab63047f3b3d52ad923f9fe22,남자,36,충청남,대학원,플랜트공학 기술자 및 연구원,남성,4,30대,충청남,대학원졸
1259,2f285725636b451b8abd17d273f5d8de,남자,32,강원,4년제 대학교,총무 사무원,남성,4,30대,강원특별자치도,대졸
1260,c26229fba9914323bde9e1604bede9ca,남자,30,서울,대학원,염색 개발 공학 기술자 및 연구원,남성,4,30대,서울특별시,대학원졸
1261,c2d54e172e7e42c6a9786bff786bbaed,남자,36,전라남,4년제 대학교,그 외 건축 관련 기술자,남성,4,30대,전라남,대졸
1262,a19fcc98174f41fbbc3e3f1905976b3a,남자,36,경기,4년제 대학교,그 외 기획 및 마케팅 사무원,남성,4,30대,경기도,대졸
1263,d5f44b29594f44aa95aba973747f38c1,남자,35,경기,4년제 대학교,금형공학 기술자 및 연구원,남성,4,30대,경기도,대졸
1264,e5edbcf2eca74472bfca3d9bb4115623,남자,35,서울,고등학교,가전제품 판매원,남성,4,30대,서울특별시,고졸
1265,1eb0490b853a4e828829daa029fb348b,남자,34,서울,4년제 대학교,건물 경비원,남성,4,30대,서울특별시,대졸
1266,35d81c052f614bd483421c171d927bf5,남자,38,경상북,4년제 대학교,금형원,남성,4,30대,경상북도,대졸
1267,b9d7d50f785f41aa932980a31641be25,남자,32,경기,2~3년제 전문대학,시설 경비원,남성,4,30대,경기도,전문대졸
1268,c3fb18a025ca452cb85fc62d692b7f65,남자,37,인천,고등학교,"전직 온라인 쇼핑 판매원, 현재 구직중",남성,4,30대,인천광역시,고졸
1269,f1f2b3b96a384fbaba6354c8c6ac70ae,남자,37,인천,4년제 대학교,그 외 금속 및 재료 공학 시험원,남성,4,30대,인천광역시,대졸
1270,eb419a5b54af44c28a08ec64059442cd,남자,36,경기,2~3년제 전문대학,하역 및 적재 관련 단순 종사원,남성,4,30대,경기도,전문대졸
1271,ecacaa46446a41deae995c1af5247f6c,남자,39,부산,2~3년제 전문대학,무직,남성,4,30대,부산광역시,전문대졸
1272,c733e76330e74cc8a16ca49e4b8491d9,남자,31,대구,2~3년제 전문대학,우편집배원,남성,4,30대,대구광역시,전문대졸
1273,60bc42d86cdc420a9be79b962907f06b,남자,30,경기,2~3년제 전문대학,교육 및 훈련 사무원,남성,4,30대,경기도,전문대졸
1274,d0ce54be4c4f4dcea066944bd2203c97,남자,36,광주,4년제 대학교,컴퓨터 소프트웨어 개발 관리자,남성,4,30대,광주광역시,대졸
1275,9a32db1c493942449bee12fff00efaad,남자,33,서울,4년제 대학교,일반 비서,남성,4,30대,서울특별시,대졸
1276,97876e1ef3d142f282ca91791d309a49,남자,33,부산,2~3년제 전문대학,지게차 운전원,남성,4,30대,부산광역시,전문대졸
1277,ea31d138b3e84b1aacdac3f2accc475e,남자,35,세종,2~3년제 전문대학,가스 생산기 조작원,남성,4,30대,세종특별자치시,전문대졸
1278,cb12d97ad4ef4f9da021624b8e1ce42b,남자,35,부산,4년제 대학교,통신장비 기사,남성,4,30대,부산광역시,대졸
1279,ab8366460ec1461e97f8813457262b33,남자,37,경기,2~3년제 전문대학,그 외 법률 관련 사무원,남성,4,30대,경기도,전문대졸
1280,de9e3503caf64088a738cfa3cf18dee7,남자,38,충청남,2~3년제 전문대학,경리 사무원,남성,4,30대,충청남,전문대졸
1281,a6dd5bc8f2d04e9c85ec2c9a9c9bb1a3,남자,31,서울,4년제 대학교,무직,남성,4,30대,서울특별시,대졸
1282,92d5d757aea345a7bcc36bda4d12d050,남자,30,경기,중학교,"전직 대형 화물차 운전원, 현재 구직중",남성,4,30대,경기도,중졸
1283,a38a41f1fb32447d82afd728b5ffe864,남자,37,전라남,4년제 대학교,무직,남성,4,30대,전라남,대졸
1284,32f052526c5c45928bf123e246f6bf77,남자,33,경기,고등학교,인쇄 관련 기능 종사원,남성,4,30대,경기도,고졸
1285,ef80fd23953d4d78bd4052669bb9a263,남자,34,부산,4년제 대학교,무직,남성,4,30대,부산광역시,대졸
1286,219600c12d41430db8a8b3af2b70bfad,남자,39,대전,2~3년제 전문대학,그 외 환경미화원 및 재활용품 수거원,남성,4,30대,대전광역시,전문대졸
1287,5f2b898933d14ee3a1dc613e8008a1f5,남자,34,서울,2~3년제 전문대학,조사 전문가,남성,4,30대,서울특별시,전문대졸
1288,26e0b6bd18794b199186ca27ed442c69,남자,31,경기,4년제 대학교,산업 안전원,남성,4,30대,경기도,대졸
1289,315a7131abed4d468257290b3b0ca3c4,남자,38,전라남,고등학교,건물 경비원,남성,4,30대,전라남,고졸
1290,67153a2de47347d59d61ac9e4f23758e,남자,37,전북,4년제 대학교,소방설계 기술자 및 연구원,남성,4,30대,전북특별자치도,대졸
1291,27b3e005b4bd4c3d8d9b39265fbaea29,남자,30,경기,2~3년제 전문대학,전기 용접원,남성,4,30대,경기도,전문대졸
1292,0a96202a614645308b1afa2ca9a1f830,남자,37,서울,대학원,무역 사무원,남성,4,30대,서울특별시,대학원졸
1293,b5f1b0c96cd64fd783ee2ac1c2726a89,남자,32,인천,2~3년제 전문대학,무직,남성,4,30대,인천광역시,전문대졸
1294,24874f1627114651a8820d04200f7e58,남자,32,경기,4년제 대학교,관세행정 사무원,남성,4,30대,경기도,대졸
1295,867e44868e09444a90993a1b646219f1,남자,37,부산,2~3년제 전문대학,자동차 경정비원,남성,4,30대,부산광역시,전문대졸
1296,84d847a9eb1e4cdd82ffd8791e308bb2,남자,31,대구,2~3년제 전문대학,용융 도금기 조작원,남성,4,30대,대구광역시,전문대졸
1297,734b7152da6a4e24aba799252d59d1ab,남자,33,대전,4년제 대학교,게임 프로그래머,남성,4,30대,대전광역시,대졸
1298,17cbdd0144144d5f98c6905d5ea3899e,남자,34,제주,4년제 대학교,농업용 기계장비 기술 영업원,남성,4,30대,제주특별자치도,대졸
1299,c7f43e2082314e169863901d9f6869a7,남자,34,경기,중학교,무직,남성,4,30대,경기도,중졸
1300,576b8ff0afb443d7b26532dc24ae44d9,남자,33,경상남,4년제 대학교,무직,남성,4,30대,경상남도,대졸
1301,54c6c59582c64d47b6d0458f5f45ec35,남자,34,경기,4년제 대학교,경영 기획 사무원,남성,4,30대,경기도,대졸
1302,1b1671cf061448838991c23e2d62d088,남자,36,경상남,4년제 대학교,일식 조리사,남성,4,30대,경상남도,대졸
1303,a4b820488dfe459f825c9a66008869a1,남자,37,전라남,2~3년제 전문대학,소규모 상점 일선 관리 종사원,남성,4,30대,전라남,전문대졸
1304,78d17d9229c64d5c899b5731ae03856a,남자,32,경기,고등학교,외장 목공,남성,4,30대,경기도,고졸
1305,f9a509af05cc4b1daaf6db771e28ab5c,남자,39,경기,4년제 대학교,총무 사무원,남성,4,30대,경기도,대졸
1306,3ba4a853a2e744ec898bb5e501b35ca4,남자,39,경기,대학원,교통안전 연구원,남성,4,30대,경기도,대학원졸
1307,e03ac662b1b34706b14576aaecedf911,남자,30,인천,4년제 대학교,통계 사무원,남성,4,30대,인천광역시,대졸
1308,370cb8b026574dd481a6632dba8fd804,남자,32,서울,4년제 대학교,무직,남성,4,30대,서울특별시,대졸
1309,4803cfccc6564deca86d7c3ad0778061,남자,30,서울,4년제 대학교,관리 비서,남성,4,30대,서울특별시,대졸
1310,c1d1b3bcb24d439da35234929bd36009,남자,34,경기,4년제 대학교,로봇공학 기술자 및 연구원,남성,4,30대,경기도,대졸
1311,2905a84c261d424bb4cfed98de3b3b5b,남자,36,경기,4년제 대학교,무직,남성,4,30대,경기도,대졸
1312,f9182c0b05574036935dcfef0189d849,남자,32,경기,4년제 대학교,그 외 전기·전자기기 설치 및 수리원,남성,4,30대,경기도,대졸
1313,7af3c02d5a184629956f042b657eea9f,남자,32,충청남,2~3년제 전문대학,그 외 일반 영업원,남성,4,30대,충청남,전문대졸
1314,9e9a3b99315a4c3d840ce0bbd5356edb,남자,32,서울,2~3년제 전문대학,식품 영업원,남성,4,30대,서울특별시,전문대졸
1315,b16bb4be735b4beb8f5ad131edce10eb,남자,33,광주,중학교,투자 권유 대행인,남성,4,30대,광주광역시,중졸
1316,c34e522a9beb4d6f8cf2b5e30f581610,남자,30,부산,4년제 대학교,그 외 데이터 및 네트워크 관련 전문가,남성,4,30대,부산광역시,대졸
1317,80aa596f68dc49c09ac8ca5ba2ededb0,남자,30,경기,4년제 대학교,소규모 상점 일선 관리 종사원,남성,4,30대,경기도,대졸
1318,f1899c1c23544c3ca25ee6354263aea0,남자,34,경기,2~3년제 전문대학,그 외 건설·전기 및 생산 관련 관리자,남성,4,30대,경기도,전문대졸
1319,a232b27a0fa6447badcd13bb06a60a9e,남자,31,전라남,4년제 대학교,생산관리 사무원,남성,4,30대,전라남,대졸
1320,8236b7b918ff457fbf6cfd26722fc94e,남자,33,서울,2~3년제 전문대학,용접기 조작원,남성,4,30대,서울특별시,전문대졸
1321,5b62e30f7cab497aa7ef8bab2e248cfe,남자,35,대구,2~3년제 전문대학,무직,남성,4,30대,대구광역시,전문대졸
1322,2ca1981c10f546c6a3a080bf8d47d22f,남자,39,경기,4년제 대학교,소방설계 기술자 및 연구원,남성,4,30대,경기도,대졸
1323,162c91e4fcb0496fbea70afc0d6c52d5,남자,39,경기,4년제 대학교,사무 보조원,남성,4,30대,경기도,대졸
1324,3126c579edd2432c891ab0e3031fa56c,남자,33,인천,4년제 대학교,정보 시스템 운영자,남성,4,30대,인천광역시,대졸
1325,e799d8f69ac843519a1d6fdbcc423316,남자,37,부산,4년제 대학교,마케팅 전문가,남성,4,30대,부산광역시,대졸
1326,7bb6dd9e6b7941ed80228a9f879803f2,남자,30,대구,대학원,경영 기획 사무원,남성,4,30대,대구광역시,대학원졸
1327,f006d8de051e43048790d6e2ed997b78,남자,39,전라남,고등학교,금속 분무기 조작원,남성,4,30대,전라남,고졸
1328,367669cca98043d9b5bc25ebd6845ab3,남자,39,울산,4년제 대학교,기계공학 시험원,남성,4,30대,울산광역시,대졸
1329,ace3a8bc555b4c72a18e143b492cdcc3,남자,30,인천,대학원,기술 감독,남성,4,30대,인천광역시,대학원졸
1330,e81bda50d5114434ac0817cec8721cae,남자,34,경기,4년제 대학교,품질 관리 사무원,남성,4,30대,경기도,대졸
1331,1a0b16f0017f487e9c7aa5894ca98909,남자,33,경기,2~3년제 전문대학,회계 사무원,남성,4,30대,경기도,전문대졸
1332,e22f63cf879a4f2ca1bdcc377be355aa,남자,32,경기,4년제 대학교,펄프 제조 장치 조작원,남성,4,30대,경기도,대졸
1333,5d24491d1fb04d57a99ee93f0e3d80e7,남자,32,경기,고등학교,건설 단순 종사원,남성,4,30대,경기도,고졸
1334,0b7b152c8bc940388ad89613de371268,남자,31,경기,고등학교,전기장비 조립원,남성,4,30대,경기도,고졸
1335,aabb74c4c68b447880e523bf943719c9,남자,32,전라남,고등학교,전동차 기관사,남성,4,30대,전라남,고졸
1336,e1feacb806c14df0b14f538e4f846ff6,남자,31,서울,고등학교,무직,남성,4,30대,서울특별시,고졸
1337,fe058f299a164d28b8b8108eefaeb704,남자,30,서울,대학원,소규모 상점 경영자,남성,4,30대,서울특별시,대학원졸
1338,e8441df0b0544f1993b6835006d1c352,남자,38,대전,4년제 대학교,"전직 회계사, 현재 구직중",남성,4,30대,대전광역시,대졸
1339,5b514df7a1184db4828e1ee18f9f6e5d,남자,35,충청북,2~3년제 전문대학,대형 화물차 운전원,남성,4,30대,충청북,전문대졸
1340,a6016a055ee5402788be97fbfbffc46c,남자,33,경상남,2~3년제 전문대학,품질 관리 사무원,남성,4,30대,경상남도,전문대졸
1341,5a5e1c21062148d08cf9ad50029c7157,남자,34,경기,4년제 대학교,통신기기 기술자 및 연구원,남성,4,30대,경기도,대졸
1342,13a31f00c77d46598ad68288607f2164,남자,31,경기,4년제 대학교,무직,남성,4,30대,경기도,대졸
1343,52746df3c2574576aa41872f449b3b71,남자,36,부산,4년제 대학교,보험 사무원,남성,4,30대,부산광역시,대졸
1344,114f98e1cbcd46ffb7713075b13ed73a,남자,33,경상북,4년제 대학교,통신장비 기사,남성,4,30대,경상북도,대졸
1345,dec37150b2a24c41ad9afb1387582d10,남자,34,경기,고등학교,지게차 운전원,남성,4,30대,경기도,고졸
1346,3439e56740a648fa8fa86311f3427637,남자,39,경기,4년제 대학교,영업 관리 사무원,남성,4,30대,경기도,대졸
1347,46e6ad80eeee437e80dc726f53eae170,남자,31,경상남,2~3년제 전문대학,무직,남성,4,30대,경상남도,전문대졸
1348,68950be4a5894fcf830f9c4041200be0,남자,31,경기,4년제 대학교,약사,남성,4,30대,경기도,대졸
1349,573166dcbdd040db9e1b331fed33638e,남자,38,서울,4년제 대학교,게임 프로그래머,남성,4,30대,서울특별시,대졸
1350,404b53d54cff420880257d211e8c8d66,남자,35,전라남,고등학교,통신장비 설치 및 수리원,남성,4,30대,전라남,고졸
1351,c0ee98b5f2ba46f5a5844c63591f3296,남자,31,경기,4년제 대학교,그 외 법률 관련 사무원,남성,4,30대,경기도,대졸
1352,0229126586ab4dac9c9a0d58b2ad2b89,남자,31,경기,고등학교,사진가,남성,4,30대,경기도,고졸
1353,2601c645bdd94085a4c7ac896b366fa8,남자,39,경상남,4년제 대학교,선장,남성,4,30대,경상남도,대졸
1354,bb40bc61374d41d490c9058de0b61d6c,남자,34,부산,4년제 대학교,온라인 쇼핑 판매원,남성,4,30대,부산광역시,대졸
1355,22ed5af92deb4491817f3c195b13a579,남자,32,인천,대학원,플랜트공학 기술자 및 연구원,남성,4,30대,인천광역시,대학원졸
1356,bf56e7f478a948e2b4bd4cf783296ef1,남자,36,경기,대학원,교육 및 훈련 사무원,남성,4,30대,경기도,대학원졸
1357,93d2a6da3f0f498e8803665f30ff0e67,남자,39,대전,대학원,"전직 경영 기획 사무원, 현재 구직중",남성,4,30대,대전광역시,대학원졸
1358,a746c87923d9433aa3009e9d03f22435,남자,32,인천,4년제 대학교,범용 소프트웨어 프로그래머,남성,4,30대,인천광역시,대졸
1359,3af0cbb2f8e04da8a28c9688589fdce0,남자,31,부산,2~3년제 전문대학,택배원,남성,4,30대,부산광역시,전문대졸
1360,199701e8a7044a19b2cb419dc614a343,남자,34,인천,4년제 대학교,컴퓨터 시스템 설계 및 분석가,남성,4,30대,인천광역시,대졸
1361,01ee3d102164483ba212c66acd164327,남자,32,경상남,고등학교,경리 사무원,남성,4,30대,경상남도,고졸
1362,67242a9a39084d2da0ccf2179aa44f7b,남자,37,경기,고등학교,대출 모집인,남성,4,30대,경기도,고졸
1363,8c08ff832af4437c85597d7c01b40927,남자,37,경기,고등학교,승용차 및 승합차 운전원,남성,4,30대,경기도,고졸
1364,686ff667b29a43b7b735016dc1032087,남자,38,대전,4년제 대학교,"전직 데이터 분석가, 현재 구직중",남성,4,30대,대전광역시,대졸
1365,6ba4b5267bd34ded8a4acab0c681e0c5,남자,34,대구,4년제 대학교,품질 관리 사무원,남성,4,30대,대구광역시,대졸
1366,73f6912934e347649e9a228a43a65fde,남자,34,서울,4년제 대학교,통신망 운영 기술자 및 연구원,남성,4,30대,서울특별시,대졸
1367,ee1e05a27b7b422abe40fa17f862abd3,남자,31,제주,대학원,전기 감리 기술자 및 연구원,남성,4,30대,제주특별자치도,대학원졸
1368,6214bab5e5c745eba1e8703b0d57b2d1,남자,33,울산,4년제 대학교,경영 기획 사무원,남성,4,30대,울산광역시,대졸
1369,497104beca0a4ffdb62b5abd011857ef,남자,31,경기,4년제 대학교,총무 사무원,남성,4,30대,경기도,대졸
1370,6cd625e0f5374ceba0475281fff3e970,남자,31,경기,4년제 대학교,모바일 애플리케이션 프로그래머,남성,4,30대,경기도,대졸
1371,159e4724b15d425c85c5ae71ad94f0ab,남자,30,서울,대학원,소규모 상점 경영자,남성,4,30대,서울특별시,대학원졸
1372,60ee5cf5fbb1403f85708470d6d67103,남자,32,경기,2~3년제 전문대학,경호원,남성,4,30대,경기도,전문대졸
1373,c075d5ba2eae4bd181fc7b30f045e44f,남자,38,경상북,2~3년제 전문대학,우편집배원,남성,4,30대,경상북도,전문대졸
1374,7a1811e067104de88952ae82125cc0ac,남자,34,경기,4년제 대학교,자재 관리 사무원,남성,4,30대,경기도,대졸
1375,fd0174f1f83041e48811fe099b89852c,남자,31,경상북,4년제 대학교,생산관리 사무원,남성,4,30대,경상북도,대졸
1376,d41d644a0570483e902b24cbccafe46b,남자,34,충청남,4년제 대학교,회계 사무원,남성,4,30대,충청남,대졸
1377,21c43fe6261341d68dd250de60903933,남자,39,경상북,2~3년제 전문대학,그 외 금융 사무원,남성,4,30대,경상북도,전문대졸
1378,37e55df1126e4f55a81e802d6a0cc0ec,남자,36,충청남,2~3년제 전문대학,보육교사,남성,4,30대,충청남,전문대졸
1379,1b5db37f98d2491aa64b0b1a4461f814,남자,38,부산,4년제 대학교,경영 컨설턴트,남성,4,30대,부산광역시,대졸
1380,4436f77500c54245b4fdaf9bb4bfa8c1,남자,35,광주,2~3년제 전문대학,정보 시스템 운영자,남성,4,30대,광주광역시,전문대졸
1381,c46a9727ce0b44ffaa09fb83f04e1bca,남자,39,경상북,4년제 대학교,일반 의사,남성,4,30대,경상북도,대졸
1382,5b84243a586443f1ac4087847735a521,남자,31,경상북,고등학교,경·소형 화물차 운전원,남성,4,30대,경상북도,고졸
1383,eeaf508ce32a4ec2adfd63d33bdf9e9d,남자,34,서울,4년제 대학교,무직,남성,4,30대,서울특별시,대졸
1384,9228b40e20f44a04b06d4a587c9bafa6,남자,39,대구,고등학교,일반 경찰관 및 수사관,남성,4,30대,대구광역시,고졸
1385,9bc68d17fdce4831a6937d77f3bc0522,남자,30,경상남,4년제 대학교,일반 비서,남성,4,30대,경상남도,대졸
1386,6e94399b48254b6f825398007b186d45,남자,32,서울,2~3년제 전문대학,소규모 상점 경영자,남성,4,30대,서울특별시,전문대졸
1387,ee287bb7c85140068dadc9fde70436c2,남자,37,서울,대학원,섬유 공정 개발 기술자 및 연구원,남성,4,30대,서울특별시,대학원졸
1388,3eb6998c624f47f888a7a37020f2bede,남자,35,경상남,4년제 대학교,무직,남성,4,30대,경상남도,대졸
1389,4b82fb4fd18842d1a80226589ac16648,남자,30,서울,대학원,교통안전 연구원,남성,4,30대,서울특별시,대학원졸
1390,85a450f5b87f4b2da8de3dc0a2719ea5,남자,36,충청남,2~3년제 전문대학,무직,남성,4,30대,충청남,전문대졸
1391,754ce0a9a2bb47498f3c5ab481e109ca,남자,34,경기,고등학교,지게차 운전원,남성,4,30대,경기도,고졸
1392,4810d45104914ca2b99aaf0a41c1caee,남자,36,경상남,2~3년제 전문대학,가스 용접원,남성,4,30대,경상남도,전문대졸
1393,47085d0f319a40b19f9f0bd97c5d3ee6,남자,31,충청남,고등학교,렌즈 및 프리즘 가공기 조작원,남성,4,30대,충청남,고졸
1394,4b5bd41b9934478bacfd9c32a0cca4ae,남자,36,대전,4년제 대학교,상품 기획자,남성,4,30대,대전광역시,대졸
1395,80850b52f89a4fb4af592a8211ed016c,남자,39,인천,4년제 대학교,무직,남성,4,30대,인천광역시,대졸
1396,bd064b24e68d49beaca06073974163f5,남자,35,경기,4년제 대학교,기업 고위 임원,남성,4,30대,경기도,대졸
1397,8ef4f15693464fd7901241f7043f384f,남자,33,경기,4년제 대학교,유리 관련 기능 종사원,남성,4,30대,경기도,대졸
1398,932dcfef31ae4bf08a7c48df6ae6c814,남자,33,경기,무학,건물 경비원,남성,4,30대,경기도,무학
1399,6918b10c12af4785b7fdaf43bb117b14,남자,35,서울,중학교,검표원,남성,4,30대,서울특별시,중졸
1400,ebad7d2e9baa4de797b64a4abd9d4e45,남자,38,부산,2~3년제 전문대학,무직,남성,4,30대,부산광역시,전문대졸
1401,606cdd8b922e46c39c2cf9cf222b70c3,남자,34,경기,4년제 대학교,일반 경찰관 및 수사관,남성,4,30대,경기도,대졸
1402,5674b9aabb6c44c7b4f7d0cf9cf2f883,남자,32,인천,4년제 대학교,전기제품 개발 기술자 및 연구원,남성,4,30대,인천광역시,대졸
1403,a7066bb766c04ddeac6de5910ab0dbf6,남자,39,경기,4년제 대학교,해군 장교,남성,4,30대,경기도,대졸
1404,5f093a157cc24a56a146e99a120c6102,남자,33,경기,2~3년제 전문대학,미디어 콘텐츠 창작자,남성,4,30대,경기도,전문대졸
1405,8cd658064b4f4bb5a041269af8318e76,남자,37,경기,고등학교,그 외 상점 판매원,남성,4,30대,경기도,고졸
1406,f9520444eb944bb6880fa259ad1ebf8b,남자,38,경상북,4년제 대학교,경영 기획 사무원,남성,4,30대,경상북도,대졸
1407,4da2965ef985432d9f53e67a943ac68a,남자,37,서울,2~3년제 전문대학,법무 사무원,남성,4,30대,서울특별시,전문대졸
1408,598d77164a49474a8cb6740c9a01cadc,남자,36,경기,4년제 대학교,기업 대표이사,남성,4,30대,경기도,대졸
1409,7686a465b9e8437db5b200d802f11cff,남자,34,서울,4년제 대학교,경리 사무원,남성,4,30대,서울특별시,대졸
1410,cc5090b2bc5c4d1f918d40edb3a49bb5,남자,31,전라남,2~3년제 전문대학,건물 내 전기 설치 및 정비원,남성,4,30대,전라남,전문대졸
1411,4f0ca59dcdad415bbd337621bc556109,남자,37,충청남,4년제 대학교,일식 조리사,남성,4,30대,충청남,대졸
1412,65a6d2a557744e1bb67e56815d71ffb4,남자,38,서울,2~3년제 전문대학,품질 관리 사무원,남성,4,30대,서울특별시,전문대졸
1413,1d2a71d3831044a08b377cfca19e3d3f,남자,38,부산,2~3년제 전문대학,웹 운영자,남성,4,30대,부산광역시,전문대졸
1414,8713e4420ae84d47bbe28fbf351b6b77,남자,33,경기,4년제 대학교,사회복지사,남성,4,30대,경기도,대졸
1415,104b219d44f742769d60f196630f2812,남자,36,광주,4년제 대학교,보육교사,남성,4,30대,광주광역시,대졸
1416,c23c7806bfb64b1ca1862a1bec0bda6b,남자,32,강원,4년제 대학교,관세행정 사무원,남성,4,30대,강원특별자치도,대졸
1417,5c2104e201294a668b6a327d23bdf618,남자,39,인천,2~3년제 전문대학,경리 사무원,남성,4,30대,인천광역시,전문대졸
1418,6a265f2967c6485ebf048701092ccb1c,남자,37,대구,4년제 대학교,전동차 기관사,남성,4,30대,대구광역시,대졸
1419,5d28498c6b404605b27bb1f90d5d7b40,남자,30,경상북,4년제 대학교,그 외 전기공학 기술자 및 연구원,남성,4,30대,경상북도,대졸
1420,b0364dc23b0a4ec980a8881b112efd47,남자,36,서울,4년제 대학교,무직,남성,4,30대,서울특별시,대졸
1421,564cff75c2a64997aac82692cf85f8ce,남자,38,경기,4년제 대학교,법무 사무원,남성,4,30대,경기도,대졸
1422,2ec44d122b7d46d9a8b60fb8d67b42cd,남자,38,경기,대학원,네트워크 프로그래머,남성,4,30대,경기도,대학원졸
1423,7ea32a6869674c59b28e926900b530d9,남자,30,경기,4년제 대학교,소방시설 공사 기술자 및 연구원,남성,4,30대,경기도,대졸
1424,5986565c75e34657840baa2ac1963bb3,남자,30,경상남,대학원,건축자재 영업원,남성,4,30대,경상남도,대학원졸
1425,a8119c106cd244b6bc087e68ac68d78a,남자,38,충청남,4년제 대학교,산업 안전원,남성,4,30대,충청남,대졸
1426,37d388749b85464bbad3648bf1042253,남자,35,경기,4년제 대학교,국가행정 사무원,남성,4,30대,경기도,대졸
1427,bae840dbbe374358a15137407787fd2a,남자,32,인천,4년제 대학교,법무사,남성,4,30대,인천광역시,대졸
1428,dfbac61d87fc40fba210caed75b28689,남자,38,경상북,고등학교,육군 부사관,남성,4,30대,경상북도,고졸
1429,85bb50d36682443a80d8db1b9ee0d088,남자,33,서울,2~3년제 전문대학,건물 경비원,남성,4,30대,서울특별시,전문대졸
1430,6e5ec8fa33e0438eba42b88fb66bd6e8,남자,39,전라남,2~3년제 전문대학,자재 관리 사무원,남성,4,30대,전라남,전문대졸
1431,44b453db50d745a5bac59e3075ed7ceb,남자,31,경상남,대학원,무직,남성,4,30대,경상남도,대학원졸
1432,9f8dbd83c0584e0589b51eee841f0e70,남자,30,경기,4년제 대학교,경영 기획 사무원,남성,4,30대,경기도,대졸
1433,daac87c1908e400db49a955727897856,남자,37,전라남,고등학교,시설 경비원,남성,4,30대,전라남,고졸
1434,a8fe198a75674e998ed7f7205a1f36cd,남자,35,경상남,2~3년제 전문대학,전동차 기관사,남성,4,30대,경상남도,전문대졸
1435,262e02329779405d8009a8752853998d,남자,35,서울,4년제 대학교,육군 부사관,남성,4,30대,서울특별시,대졸
1436,d6b8746301914114bc77f2b3345ab60e,남자,30,경기,2~3년제 전문대학,정보 시스템 운영자,남성,4,30대,경기도,전문대졸
1437,e8e62c283b5d4df5a7b5a7c5577ab659,남자,30,강원,4년제 대학교,병무행정 사무원,남성,4,30대,강원특별자치도,대졸
1438,1d161ec5a833400295b63ef8cf76b3b5,남자,32,서울,4년제 대학교,품질 관리 사무원,남성,4,30대,서울특별시,대졸
1439,dffe092bdcc341438bc40af478628e65,남자,39,경기,2~3년제 전문대학,무직,남성,4,30대,경기도,전문대졸
1440,db9db16d77d44063bc65802dad3f6a94,남자,30,울산,고등학교,시설 경비원,남성,4,30대,울산광역시,고졸
1441,051afdaee7d44b40805eec2bc929f832,남자,31,경기,4년제 대학교,무직,남성,4,30대,경기도,대졸
1442,1f27b7c12e784e5a82e47825319cc18d,남자,32,서울,고등학교,그 외 화학물 가공 장치 조작원,남성,4,30대,서울특별시,고졸
1443,1f90f5b54a3c4f6aae38a17f033dc892,남자,31,대구,고등학교,염색기 조작원,남성,4,30대,대구광역시,고졸
1444,8699838917ba43c99f368df794e809a6,남자,30,경기,2~3년제 전문대학,조미료 제분기 조작원,남성,4,30대,경기도,전문대졸
1445,9e5363e9036a41f8908b179b95c8ba1d,남자,39,부산,고등학교,지게차 운전원,남성,4,30대,부산광역시,고졸
1446,915e912d13af4ca1839cd9f3e095b1d3,남자,34,경기,4년제 대학교,컴퓨터 시스템 설계 및 분석가,남성,4,30대,경기도,대졸
1447,ed298705dd0745cd89637d7fe9cf8189,남자,39,인천,2~3년제 전문대학,휠체어 리프트 설치 및 정비원,남성,4,30대,인천광역시,전문대졸
1448,4a8b860a7bf94e04b7922afde0d4395a,남자,38,경기,4년제 대학교,통신장비 기사,남성,4,30대,경기도,대졸
1449,dd6c2c72f5f54052afe103d8db8ba230,남자,33,부산,고등학교,무직,남성,4,30대,부산광역시,고졸
1450,5dba11a6627c4dd690ef22cea42091cd,남자,30,부산,4년제 대학교,비행기 조종사,남성,4,30대,부산광역시,대졸
1451,137bd60e47f24bb4b49dbf1197de3e0f,남자,30,경기,고등학교,소규모 상점 경영자,남성,4,30대,경기도,고졸
1452,a7e2947e74324883bcb6f85c99411930,남자,30,경기,4년제 대학교,산업 안전원,남성,4,30대,경기도,대졸
1453,9b00959a36e44e36b099734faa0e6a0d,남자,33,경상남,4년제 대학교,식품 영업원,남성,4,30대,경상남도,대졸
1454,3547a2ca27bb44d3a36c3ac8e72332d4,남자,33,광주,2~3년제 전문대학,"전직 관세행정 사무원, 현재 구직중",남성,4,30대,광주광역시,전문대졸
1455,ee2af95aa81843089bc5f7ad63067546,남자,32,부산,4년제 대학교,무직,남성,4,30대,부산광역시,대졸
1456,abe9a8c75c7a4f07b7c4b110e72c6693,남자,37,서울,4년제 대학교,무대 및 세트 디자이너,남성,4,30대,서울특별시,대졸
1457,7b614382313546afb2402024935f4b8e,남자,30,경기,2~3년제 전문대학,경리 사무원,남성,4,30대,경기도,전문대졸
1458,52b209a8b84645a48281e175f8b806ad,남자,34,경기,2~3년제 전문대학,그 외 플라스틱제품 생산기 조작원,남성,4,30대,경기도,전문대졸
1459,e9deb033b6824e35ab9e27beee529ee1,남자,35,경기,4년제 대학교,데이터 설계 및 프로그래머,남성,4,30대,경기도,대졸
1460,8a1e16992e214096a9c25548aba76c54,남자,32,서울,2~3년제 전문대학,시설 경비원,남성,4,30대,서울특별시,전문대졸
1461,c036d18de7a944deb5112ca4586023f9,남자,38,인천,2~3년제 전문대학,전기 용접원,남성,4,30대,인천광역시,전문대졸
1462,6c776962cc894bbfa49c9bd3707b45c6,남자,31,경상남,고등학교,판금원,남성,4,30대,경상남도,고졸
1463,2eb7b22b02044c40a214834244f64363,남자,33,서울,4년제 대학교,데이터 관리 및 운영자,남성,4,30대,서울특별시,대졸
1464,2f2ff19d08b643268548d26e4df76231,남자,32,부산,4년제 대학교,커피 조리사,남성,4,30대,부산광역시,대졸
1465,b7a0cea3c5e546e1a3b3b554bc1dcfa1,남자,32,부산,4년제 대학교,경영 컨설턴트,남성,4,30대,부산광역시,대졸
1466,08473b517f744b2aafae72c5b1efc957,남자,32,서울,4년제 대학교,모바일 애플리케이션 프로그래머,남성,4,30대,서울특별시,대졸
1467,89eddd2111074c7b819deefe4253c196,남자,34,서울,2~3년제 전문대학,경영 기획 사무원,남성,4,30대,서울특별시,전문대졸
1468,c7bc53a2f78d4c06a9808b6acefe2086,남자,36,제주,4년제 대학교,농약·비료 기술자 및 연구원,남성,4,30대,제주특별자치도,대졸
1469,868693decb8e4641b8d6156734e1c33c,남자,34,충청북,4년제 대학교,생산관리 사무원,남성,4,30대,충청북,대졸
1470,52398a0440464585a5fd63347e8543ee,남자,31,경기,4년제 대학교,회계 사무원,남성,4,30대,경기도,대졸
1471,e01a788377bb42e1902dce18f016fd76,남자,31,경기,4년제 대학교,광고 전문가,남성,4,30대,경기도,대졸
1472,45f477c61ce34e39b806643719253e08,남자,36,서울,4년제 대학교,회계 사무원,남성,4,30대,서울특별시,대졸
1473,12d56e87e37d430fafe77b7fdf737207,남자,39,충청남,고등학교,지게차 운전원,남성,4,30대,충청남,고졸
1474,0887bb1b8e0d40f9aed96f6fb8979d17,남자,38,경기,2~3년제 전문대학,그 외 금융 사무원,남성,4,30대,경기도,전문대졸
1475,2a1dd4a0cea8486c881d16771862076a,남자,30,광주,2~3년제 전문대학,통신장비 기사,남성,4,30대,광주광역시,전문대졸
1476,8081618ce5724c88af49eccb5ddbd6ec,남자,35,경상남,2~3년제 전문대학,일식 조리사,남성,4,30대,경상남도,전문대졸
1477,15070dd0acd34e61be3cf9876340eefe,남자,34,경기,4년제 대학교,일반 비서,남성,4,30대,경기도,대졸
1478,31c670cc659f45139031c69fa82f1f36,남자,35,경기,4년제 대학교,산업 안전원,남성,4,30대,경기도,대졸
1479,d6bccfdcb3ad4a06bc14929226a84fa6,남자,37,세종,4년제 대학교,경영 컨설턴트,남성,4,30대,세종특별자치시,대졸
1480,8e8c2cb2bd0f4b32aaab0ea675ef4985,남자,31,충청북,4년제 대학교,회계 사무원,남성,4,30대,충청북,대졸
1481,63463012c4e14a5893d17d5c6ef4faa2,남자,34,서울,2~3년제 전문대학,그 외 일반 영업원,남성,4,30대,서울특별시,전문대졸
1482,62a06999ab9f4dc1adb4abb6b8432e03,남자,30,경기,4년제 대학교,무직,남성,4,30대,경기도,대졸
1483,43d9140e3a704d92abc25a79803a33ba,남자,34,부산,2~3년제 전문대학,경영 컨설턴트,남성,4,30대,부산광역시,전문대졸
1484,3c516ac85473424e847050cf9457d8c9,남자,33,경상북,4년제 대학교,산업 안전원,남성,4,30대,경상북도,대졸
1485,1f3e3e542ee44e49bd9b138b01b791cd,남자,33,부산,2~3년제 전문대학,그 외 법률 관련 사무원,남성,4,30대,부산광역시,전문대졸
1486,8ad3ecca0dc24e77b1b13120eb6a60b2,남자,31,경상북,4년제 대학교,일반 비서,남성,4,30대,경상북도,대졸
1487,9ed276332e0849a5b541fa059bb61a97,남자,36,대구,고등학교,그 외 하역 및 적재 단순 종사원,남성,4,30대,대구광역시,고졸
1488,b71149ceb11d49cb9cf2f130da148a7c,남자,39,서울,4년제 대학교,공공행정 사무원,남성,4,30대,서울특별시,대졸
1489,0f4e1eb8ea584c7cb3b8cbe0b75c7363,남자,37,서울,4년제 대학교,회계 사무원,남성,4,30대,서울특별시,대졸
1490,8d10feeb8d374c71a2fd143744a587cf,남자,37,서울,대학원,자동차공학 기술자 및 연구원,남성,4,30대,서울특별시,대학원졸
1491,9528b7c78b594635b2bc52e14cedeec5,남자,34,광주,4년제 대학교,금형원,남성,4,30대,광주광역시,대졸
1492,8728eeb6ca9441a490edea34d257711c,남자,39,부산,4년제 대학교,영업 관리 사무원,남성,4,30대,부산광역시,대졸
1493,a04acff3b80d43d6bd727b3ef5df1f18,남자,36,충청남,2~3년제 전문대학,경리 사무원,남성,4,30대,충청남,전문대졸
1494,115f58ea6d814b019242bc77aaac0c3b,남자,30,서울,4년제 대학교,회계 사무원,남성,4,30대,서울특별시,대졸
1495,d6122c72f2b743e68131f82a62f2f1fe,남자,38,충청남,2~3년제 전문대학,"전직 방송장비 설치 및 수리원, 현재 구직중",남성,4,30대,충청남,전문대졸
1496,90abcefcc3de424983b8f56f300d5c43,남자,39,서울,4년제 대학교,출판물 편집자,남성,4,30대,서울특별시,대졸
1497,1827e81f7de642fb96c15f4a19d23065,남자,30,서울,2~3년제 전문대학,수력발전장치 운전원,남성,4,30대,서울특별시,전문대졸
1498,378bd3c515d249f6b1761f9701cb82c7,남자,30,부산,4년제 대학교,조사 전문가,남성,4,30대,부산광역시,대졸
1499,3166fa51d03e43499f361d453bc0ba53,남자,36,서울,4년제 대학교,경영 기획 사무원,남성,4,30대,서울특별시,대졸
1500,8c81d190bd434d2f8f8dc0fe9f6bc33b,남자,39,경기,대학원,그 외 금속·재료 공학 기술자 및 연구원,남성,4,30대,경기도,대학원졸
1501,308a5c019f1a46f98be981b77a42f945,남자,38,경기,2~3년제 전문대학,예약 및 접수 사무원,남성,4,30대,경기도,전문대졸
1502,114af619695241378838b130bdf52522,남자,39,부산,4년제 대학교,공공행정 전문가,남성,4,30대,부산광역시,대졸
1503,38ee932f1f28480d949289558bd9a919,남자,35,경기,대학원,경영 컨설턴트,남성,4,30대,경기도,대학원졸
1504,232391bd429c4469a17d74a6e520262e,남자,30,광주,4년제 대학교,마케팅 관리자,남성,4,30대,광주광역시,대졸
1505,a67d0958a8ff4b74a80128e49124a149,남자,37,서울,고등학교,승용차 및 승합차 운전원,남성,4,30대,서울특별시,고졸
1506,f1b441b2ee86491d98f432100d850e22,남자,31,전북,고등학교,건물 경비원,남성,4,30대,전북특별자치도,고졸
1507,d907b8e789334209b1689c5adaccc53b,남자,36,충청남,2~3년제 전문대학,그 외 시설 및 특수 경비원,남성,4,30대,충청남,전문대졸
1508,0c715f2d9c024909b650c30f902d07fa,남자,32,전북,4년제 대학교,육군 장교,남성,4,30대,전북특별자치도,대졸
1509,ae526f75bb824b1598ea28aac8a83ec4,남자,30,경기,4년제 대학교,산업 안전원,남성,4,30대,경기도,대졸
1510,ec044acc5d714f1d87f6a2d9a1fde2bd,남자,37,경기,4년제 대학교,경영 기획 사무원,남성,4,30대,경기도,대졸
1511,3210411d8986454e8e466fe8315d7857,남자,35,경기,4년제 대학교,그 외 금융 사무원,남성,4,30대,경기도,대졸
1512,13a298e576954f349177d63af842b811,남자,30,경기,4년제 대학교,투자 권유 대행인,남성,4,30대,경기도,대졸
1513,a014608c31634c778bea62cd7c0605cf,남자,36,경상북,2~3년제 전문대학,119 구조대원,남성,4,30대,경상북도,전문대졸
1514,ff44666323f0413f992b961ee1251b50,남자,37,경기,4년제 대학교,자연과학·수학 및 통계학 시간강사,남성,4,30대,경기도,대졸
1515,124bbd8bf0df44048faa1978c99bf12b,남자,37,서울,고등학교,무직,남성,4,30대,서울특별시,고졸
1516,e91317467c454a14b6472cffb5ad289f,남자,31,서울,4년제 대학교,은행 사무원,남성,4,30대,서울특별시,대졸
1517,ba2f24a630304908a4c8cf1647b6c1cf,남자,32,대전,2~3년제 전문대학,휠체어 리프트 설치 및 정비원,남성,4,30대,대전광역시,전문대졸
1518,7f5d4459dd1946b0b90b44cfa3fa6996,남자,38,경기,2~3년제 전문대학,스포츠 감독,남성,4,30대,경기도,전문대졸
1519,646cf69ed33249b59faaf7a234b87339,남자,37,부산,대학원,그 외 전기공학 기술자 및 연구원,남성,4,30대,부산광역시,대학원졸
1520,34d3a17a669440bfbb3c7efa78c8a5ec,남자,31,경기,4년제 대학교,전화 상담원,남성,4,30대,경기도,대졸
1521,a403f397ff84482da787e40f20145cf1,남자,37,서울,2~3년제 전문대학,이용사,남성,4,30대,서울특별시,전문대졸
1522,7caa43e2b4a0488ab86250ea827732f2,남자,38,경기,고등학교,무직,남성,4,30대,경기도,고졸
1523,0dcb0b0b17dd4b22ba2df9fc8c137fee,남자,38,대구,4년제 대학교,경영 기획 사무원,남성,4,30대,대구광역시,대졸
1524,872a2b622e484597ace92edee2c7bfd7,남자,35,제주,4년제 대학교,영업 관련 관리자,남성,4,30대,제주특별자치도,대졸
1525,16f19266d49c43c2ad0dcc051e9a86f2,남자,33,서울,2~3년제 전문대학,그 외 기계 조작원,남성,4,30대,서울특별시,전문대졸
1526,d7115246c38542248075b07774b706a4,남자,30,광주,4년제 대학교,기업 고위 임원,남성,4,30대,광주광역시,대졸
1527,03e95b2b6e2c46edaa69b1d9443337d4,남자,30,광주,2~3년제 전문대학,"전직 보육교사, 현재 구직중",남성,4,30대,광주광역시,전문대졸
1528,abb467ef56454b9098cb5c3eb7b0dfd3,남자,36,충청남,4년제 대학교,농약·비료 기술자 및 연구원,남성,4,30대,충청남,대졸
1529,078f5282726c4510a59fbb28d6466411,남자,34,부산,4년제 대학교,기업 고위 임원,남성,4,30대,부산광역시,대졸
1530,962c25320ec54e00baf6e99098f4b227,남자,35,경상남,4년제 대학교,관리 비서,남성,4,30대,경상남도,대졸
1531,d905e5d487ce42cbad7feb0ecd426f60,남자,32,부산,4년제 대학교,무직,남성,4,30대,부산광역시,대졸
1532,367790e4d4134cafaaa00184962f6048,남자,35,서울,4년제 대학교,산업 안전원,남성,4,30대,서울특별시,대졸
1533,a74aafaee54a4086ac9c1d3028158fe3,남자,38,대구,2~3년제 전문대학,철도 기관사,남성,4,30대,대구광역시,전문대졸
1534,b317b5627c104aafb29928fd70793625,남자,39,경기,고등학교,무직,남성,4,30대,경기도,고졸
1535,10ce459761534a79b8c9bfca6c20b6a5,남자,33,경상북,4년제 대학교,지방행정 사무원,남성,4,30대,경상북도,대졸
1536,0b97f23924df4b47a6f34ff1e1504f5f,남자,33,광주,고등학교,무직,남성,4,30대,광주광역시,고졸
1537,0c0b1a7bb9bc4abbad86754ea64c1f0f,남자,38,서울,4년제 대학교,범용 소프트웨어 프로그래머,남성,4,30대,서울특별시,대졸
1538,ecbecb0eca434eff89b226f1ce1ca626,남자,39,경기,4년제 대학교,범용 소프트웨어 프로그래머,남성,4,30대,경기도,대졸
1539,26c432aea4364eacbfb2d1ea44b57be2,남자,30,충청남,4년제 대학교,회계 사무원,남성,4,30대,충청남,대졸
1540,20ab35ae571144aeb058db302ac5ae70,남자,36,세종,4년제 대학교,전자제품 개발 기술자 및 연구원,남성,4,30대,세종특별자치시,대졸
1541,5e2b0d04fbbc4ff4b9fee5b8ad7729e4,남자,33,부산,2~3년제 전문대학,화학물 가열 처리 장치 조작원,남성,4,30대,부산광역시,전문대졸
1542,526c99b22fbc4a1f92f0cdd6ed200cd1,남자,33,제주,고등학교,강구조물 건립원,남성,4,30대,제주특별자치도,고졸
1543,fe8a6d73bd324fcfa90a31ef6bb8037f,남자,35,경기,4년제 대학교,예체능 교사,남성,4,30대,경기도,대졸
1544,6b66f9f517214977a3d3dadbdddb8bec,남자,33,인천,4년제 대학교,법무 사무원,남성,4,30대,인천광역시,대졸
1545,f4f1a0c823584f628255c6d8927c905a,남자,31,서울,4년제 대학교,사무 보조원,남성,4,30대,서울특별시,대졸
1546,246ba2a52c5046bea8718d93e012cfde,남자,33,서울,2~3년제 전문대학,데이터 설계 및 프로그래머,남성,4,30대,서울특별시,전문대졸
1547,66917de755c6413c9edef4c3a932f360,남자,31,광주,4년제 대학교,품질 관리 사무원,남성,4,30대,광주광역시,대졸
1548,ba240c820fd64ed1a7fa9568a50bcc0f,남자,36,경기,고등학교,인조석 설치원,남성,4,30대,경기도,고졸
1549,560c1d3880084ac9beae794b979308fd,남자,37,서울,4년제 대학교,무직,남성,4,30대,서울특별시,대졸
1550,aec58508f69e4bbd9ff0b1163f3d2e18,남자,30,전북,고등학교,회계 사무원,남성,4,30대,전북특별자치도,고졸
1551,a96333d4bc2f4efbba2e788961ae68ab,남자,38,서울,2~3년제 전문대학,우편집배원,남성,4,30대,서울특별시,전문대졸
1552,4d3b397675e54ee1b3f94ae5ec46d15b,남자,36,부산,2~3년제 전문대학,전기 용접원,남성,4,30대,부산광역시,전문대졸
1553,c4c13c38766d4e6bbb2908377b0932b5,남자,33,경기,4년제 대학교,재무 관리자,남성,4,30대,경기도,대졸
1554,cee62f3395594518929abf9ecb19052d,남자,34,경기,초등학교,농업 단순 종사원,남성,4,30대,경기도,초졸이하
1555,45459620ed104d86a0549dac05401330,남자,32,서울,4년제 대학교,무직,남성,4,30대,서울특별시,대졸
1556,2e0372ffb19b4c49ab15b3570db75327,남자,34,대구,고등학교,하역 및 적재 관련 단순 종사원,남성,4,30대,대구광역시,고졸
1557,4464bd6fbf714718afe8276bd6550c19,남자,33,경상북,2~3년제 전문대학,그 외 법률 관련 사무원,남성,4,30대,경상북도,전문대졸
1558,f72d345c163b409e989398ecbd1b0c36,남자,32,서울,2~3년제 전문대학,온라인 쇼핑 판매원,남성,4,30대,서울특별시,전문대졸
1559,7a5ada24ca944f77879869600d738b17,남자,39,서울,2~3년제 전문대학,공공행정 전문가,남성,4,30대,서울특별시,전문대졸
1560,5426cab6dbc7488da3ef5125424f837b,남자,31,경기,4년제 대학교,무직,남성,4,30대,경기도,대졸
1561,08497f38760e466991741d74a156c15e,남자,33,경기,고등학교,전기 용접원,남성,4,30대,경기도,고졸
1562,a92a1595bc9543d49dda0166dea05020,남자,31,경기,고등학교,배전반 조작원,남성,4,30대,경기도,고졸
1563,e3ced3ddc277471088fa630b61eaf4f4,남자,35,강원,2~3년제 전문대학,일반 경찰관 및 수사관,남성,4,30대,강원특별자치도,전문대졸
1564,c048f7d7518e4e5a9fc1bf5e19aecf50,남자,32,광주,고등학교,그 외 데이터 및 네트워크 관련 전문가,남성,4,30대,광주광역시,고졸
1565,39821431f1c649f4b582888fd8dcc0a4,남자,33,서울,대학원,건축구조 기술자,남성,4,30대,서울특별시,대학원졸
1566,f0bb835e429c4507a299548e7036d9ba,남자,35,경상북,4년제 대학교,출납 창구 사무원,남성,4,30대,경상북도,대졸
1567,ac9b1e18c3a24f1b92d2ee0fa03e5f29,남자,32,경상남,4년제 대학교,음료 배달원,남성,4,30대,경상남도,대졸
1568,e15ae7fc41414511af020a37da80f135,남자,30,서울,대학원,경영 기획 사무원,남성,4,30대,서울특별시,대학원졸
1569,0b40c6e36f1f444fa029779798486c13,남자,34,강원,4년제 대학교,해외 영업원,남성,4,30대,강원특별자치도,대졸
1570,85b9e13b0ded4eabb54c5dbb77f9fca6,남자,37,경기,2~3년제 전문대학,판금원,남성,4,30대,경기도,전문대졸
1571,5be705b5a39645d8ab0c38617c28259d,남자,39,경상남,4년제 대학교,경영 기획 사무원,남성,4,30대,경상남도,대졸
1572,fd6c03f43715444e8d5c4a5fb4870a6a,남자,34,전라남,2~3년제 전문대학,교육 및 훈련 사무원,남성,4,30대,전라남,전문대졸
1573,b6ba7e61dea24dcb92fa588cf4227aa2,남자,34,부산,4년제 대학교,품질 관리 사무원,남성,4,30대,부산광역시,대졸
1574,31070d19e1e8439aaf9c43fe2b43d541,남자,34,서울,4년제 대학교,경영 컨설턴트,남성,4,30대,서울특별시,대졸
1575,ee5ea96307334bb188a46429e1627801,남자,38,부산,고등학교,그 외 법률 관련 사무원,남성,4,30대,부산광역시,고졸
1576,1deef4a686cb41feb191d26b624a37f4,남자,35,경기,4년제 대학교,기업 대표이사,남성,4,30대,경기도,대졸
1577,10bd11ef293449b78254491f48bfd346,남자,36,전북,고등학교,무직,남성,4,30대,전북특별자치도,고졸
1578,4d1e536accc247dead20761c4fef997c,남자,38,강원,4년제 대학교,섬유 소재 개발 기술자 및 연구원,남성,4,30대,강원특별자치도,대졸
1579,e4b411b723d647deb5bc7334cdbaf903,남자,33,충청남,4년제 대학교,관세행정 사무원,남성,4,30대,충청남,대졸
1580,255f6e15e29b46f1957a61d18f8db881,남자,39,경기,고등학교,승용차 및 승합차 운전원,남성,4,30대,경기도,고졸
1581,3eca9d3f659b4bb29a44e3917193e008,남자,34,서울,2~3년제 전문대학,그 외 철도 및 전동차 기관사,남성,4,30대,서울특별시,전문대졸
1582,5f3ae369b7194405a27f4d01c9760b81,남자,31,서울,2~3년제 전문대학,데이터 설계 및 프로그래머,남성,4,30대,서울특별시,전문대졸
1583,b99d77dbca3b4486a06b299c823a59bb,남자,30,경기,4년제 대학교,영업 관련 관리자,남성,4,30대,경기도,대졸
1584,048ecec224aa44119b8fede5ab65a82b,남자,37,서울,2~3년제 전문대학,경영 컨설턴트,남성,4,30대,서울특별시,전문대졸
1585,2718a597ab6e4b9090febc8b1cd71b15,남자,32,대전,4년제 대학교,공조기설비 조작원,남성,4,30대,대전광역시,대졸
1586,2ee972d1f56b4999a8637833c01e24c5,남자,33,서울,4년제 대학교,무직,남성,4,30대,서울특별시,대졸
1587,f9ccfc5e79e844b5b13cf8deedcd66ec,남자,39,인천,고등학교,그 외 자동차 운전원,남성,4,30대,인천광역시,고졸
1588,7519b5c45e6d4f06abac8c0d7ddd4451,남자,33,전북,4년제 대학교,무직,남성,4,30대,전북특별자치도,대졸
1589,423992b1be7a4c5c91cdcd8c428ee0c5,남자,37,서울,2~3년제 전문대학,수금원,남성,4,30대,서울특별시,전문대졸
1590,3497c8ef41064704845e25bc1d4b68f7,남자,34,전라남,2~3년제 전문대학,"전직 지게차 운전원, 현재 구직중",남성,4,30대,전라남,전문대졸
1591,bbfbbe23035749548a76df9867922275,남자,34,전라남,고등학교,중고차 영업원,남성,4,30대,전라남,고졸
1592,d39a96b933c64f40962849a68683eb61,남자,39,서울,대학원,시설 경비원,남성,4,30대,서울특별시,대학원졸
1593,5dce30a0afe6403892b82d6b708ae690,남자,33,대구,2~3년제 전문대학,냉동 및 냉장기 설비 조작원,남성,4,30대,대구광역시,전문대졸
1594,837f0e46c84d4f76ae6c446ea3431153,남자,38,서울,고등학교,소규모 상점 경영자,남성,4,30대,서울특별시,고졸
1595,7989107e742340db9a3884fb4728473c,남자,39,경기,4년제 대학교,무직,남성,4,30대,경기도,대졸
1596,f9f68d2f374847e8a5f79351b33b75c6,남자,37,부산,4년제 대학교,정보 시스템 운영자,남성,4,30대,부산광역시,대졸
1597,c0742801e2b443d89b113dd34723b5c4,남자,36,경기,4년제 대학교,무직,남성,4,30대,경기도,대졸
1598,a528021b6e4543d4b08c1aef57542f0b,남자,30,경기,4년제 대학교,무직,남성,4,30대,경기도,대졸
1599,04ccb0acb7094af6ae80a1caf87c69d9,남자,35,서울,4년제 대학교,사회복지사,남성,4,30대,서울특별시,대졸
1600,7763a2bd88ec4becaf9e45d70be3c3ad,남자,30,서울,4년제 대학교,온라인 쇼핑 판매원,남성,4,30대,서울특별시,대졸
1601,e4844d2373444c1a97d1be74ba3d2e33,남자,36,경상남,4년제 대학교,영업 관련 관리자,남성,4,30대,경상남도,대졸
1602,985eb26826984cd4b1d4bf9efc96d58f,남자,38,서울,4년제 대학교,단말기 및 통신 서비스 판매원,남성,4,30대,서울특별시,대졸
1603,398ca1ca33cc4ea49c46efcba9eb911b,남자,31,경상북,고등학교,화학물 증류기 및 반응기 조작원,남성,4,30대,경상북도,고졸
1604,50ca2da04927474aa99c68a2fc3f411c,남자,34,경기,4년제 대학교,건물 내 전기 설치 및 정비원,남성,4,30대,경기도,대졸
1605,e348af85a0504752935b5e8c01711842,남자,36,경상북,고등학교,보험 사무원,남성,4,30대,경상북도,고졸
1606,c832b7ab56be473d9dd87fecac26e5fa,남자,37,서울,4년제 대학교,총무 사무원,남성,4,30대,서울특별시,대졸
1607,20816a232b4944ce89090d328a54f790,남자,33,서울,4년제 대학교,통계 사무원,남성,4,30대,서울특별시,대졸
1608,15a72a38a514440b96cbf89759e06287,남자,32,전북,중학교,외장 목공,남성,4,30대,전북특별자치도,중졸
1609,fa19089b738d4af18b1169cce2c5f2a9,남자,35,경상남,2~3년제 전문대학,일식 조리사,남성,4,30대,경상남도,전문대졸
1610,b9390f6c615c427c84401c96466dea24,남자,39,세종,2~3년제 전문대학,정수 처리 장치 조작원,남성,4,30대,세종특별자치시,전문대졸
1611,cf5cb310d03f4804ab3fa1e169294a20,남자,35,인천,2~3년제 전문대학,경리 사무원,남성,4,30대,인천광역시,전문대졸
1612,d926b441ac0143878a4673babfaa826e,남자,37,경기,2~3년제 전문대학,단말기 및 통신 서비스 판매원,남성,4,30대,경기도,전문대졸
1613,587584b1a8cd4dcaac0dd76e12b9605a,남자,32,경기,2~3년제 전문대학,전화 상담원,남성,4,30대,경기도,전문대졸
1614,9475f3176d72490195236a96fa3630d3,남자,39,경기,4년제 대학교,데이터 분석가,남성,4,30대,경기도,대졸
1615,6347faea7fa04cfca4276eb7eb7d8211,남자,30,경기,2~3년제 전문대학,시설 경비원,남성,4,30대,경기도,전문대졸
1616,ef06d795fcbd4b1697464517ec17dd2e,남자,31,서울,2~3년제 전문대학,자재 관리 사무원,남성,4,30대,서울특별시,전문대졸
1617,85a494475b9c44a983eab9e25d7c9a0a,남자,36,서울,4년제 대학교,무직,남성,4,30대,서울특별시,대졸
1618,cb7f041bdead499086e971a2621ab299,남자,38,경기,고등학교,중형 화물차 운전원,남성,4,30대,경기도,고졸
1619,da4376a3cbb046299a3ad27e327ace9a,남자,37,경기,고등학교,무직,남성,4,30대,경기도,고졸
1620,aef8b3963a654f09943eadfb1792b1be,남자,31,충청북,2~3년제 전문대학,그 외 물품 이동 장비 조작원,남성,4,30대,충청북,전문대졸
1621,25af312502644cecac4b429bc2bc10e7,남자,32,경기,4년제 대학교,일반 비서,남성,4,30대,경기도,대졸
1622,0a8a3eb70d8f4386b37da1eeb8a7c2ca,남자,35,경상남,2~3년제 전문대학,법무 사무원,남성,4,30대,경상남도,전문대졸
1623,5950ec45f93241bba462106f23e3b0e3,남자,39,경상북,2~3년제 전문대학,용접기 조작원,남성,4,30대,경상북도,전문대졸
1624,8a837cd212e349fbb0ba1a1d34b86c98,남자,32,경기,4년제 대학교,광고 전문가,남성,4,30대,경기도,대졸
1625,fe421a6db3e447939bbc7c38e9ff73b1,남자,37,울산,4년제 대학교,실업 교사,남성,4,30대,울산광역시,대졸
1626,85590a69e0d74adb98920073c888ef4e,남자,36,경기,고등학교,지게차 운전원,남성,4,30대,경기도,고졸
1627,3ec2bf8e814b439eb705ccfe9f36f35a,남자,36,서울,4년제 대학교,영업 관리 사무원,남성,4,30대,서울특별시,대졸
1628,aa80e75085d04ab18b10414cd770f977,남자,30,대전,4년제 대학교,경영 기획 사무원,남성,4,30대,대전광역시,대졸
1629,0068ffaf3f0341afb0a79e53cbd98b52,남자,39,경상남,2~3년제 전문대학,생산관리 사무원,남성,4,30대,경상남도,전문대졸
1630,e91da02473f4403f9cd83c7c64eb30af,남자,39,울산,4년제 대학교,산업 안전원,남성,4,30대,울산광역시,대졸
1631,8d2ed75bce924592b08cc2c90ff02c0f,남자,32,경기,2~3년제 전문대학,회계 사무원,남성,4,30대,경기도,전문대졸
1632,6b2f7cdf2780415a9864a7d3dd04e6de,남자,30,인천,고등학교,그 외 환경미화원 및 재활용품 수거원,남성,4,30대,인천광역시,고졸
1633,5fe067bb93d04a28856261832455e9cf,남자,30,경기,4년제 대학교,기술 감독,남성,4,30대,경기도,대졸
1634,4fba54293a6247ccbb164d40a760c166,남자,31,강원,고등학교,호송 경비원,남성,4,30대,강원특별자치도,고졸
1635,1084fbb136184293a3cc6309bf36e5e4,남자,33,경기,2~3년제 전문대학,용접기 조작원,남성,4,30대,경기도,전문대졸
1636,58df944c165041daa5a0ef31f21adbe3,남자,31,경기,대학원,조사 전문가,남성,4,30대,경기도,대학원졸
1637,4c649a8f8e3442ee9c2cce980eedca19,남자,39,대전,고등학교,그 외 인쇄기 조작원,남성,4,30대,대전광역시,고졸
1638,b5e56b2ab230453c86204d93842308e1,남자,33,서울,고등학교,원예작물 판매원,남성,4,30대,서울특별시,고졸
1639,80c949c55a4b45aaaf73d2532107678b,남자,33,서울,4년제 대학교,품질 관리 사무원,남성,4,30대,서울특별시,대졸
1640,f82b691a9cb44f90b3d7e21b2641c3c8,남자,37,부산,4년제 대학교,섬유 공정 개발 기술자 및 연구원,남성,4,30대,부산광역시,대졸
1641,6f9582b9556d442f95db9f0005d7db84,남자,39,서울,2~3년제 전문대학,경리 사무원,남성,4,30대,서울특별시,전문대졸
1642,eea76f44be8f4a55bf3c7520531578fb,남자,37,강원,2~3년제 전문대학,출납 창구 사무원,남성,4,30대,강원특별자치도,전문대졸
1643,9cad32b837d74b65953acdd509c18d6b,남자,39,경기,2~3년제 전문대학,관리 비서,남성,4,30대,경기도,전문대졸
1644,1f04c051e43441c78f8fc9a53368855c,남자,36,경기,4년제 대학교,그 외 철도 및 전동차 기관사,남성,4,30대,경기도,대졸
1645,91bde19713b64602a8ec9471ffa9be14,남자,30,서울,4년제 대학교,세무사,남성,4,30대,서울특별시,대졸
1646,7f2f9e3ad1634d3f8ab638cf5ba50df9,남자,38,서울,4년제 대학교,사무 보조원,남성,4,30대,서울특별시,대졸
1647,71ecae4f515a47a69299c99d6d2f839c,남자,35,서울,고등학교,그 외 자동차 운전원,남성,4,30대,서울특별시,고졸
1648,02c0ab223cb74bf388f448019fa27ebe,남자,37,대전,4년제 대학교,산업 특화 소프트웨어 프로그래머,남성,4,30대,대전광역시,대졸
1649,f455165f4a8b444eb5118e840b03a59b,남자,34,서울,4년제 대학교,교육 및 훈련 사무원,남성,4,30대,서울특별시,대졸
1650,3b2bc0394a3f4ee183a312e7f33ea9f1,남자,39,부산,고등학교,철도운송 관련 종사원,남성,4,30대,부산광역시,고졸
1651,a19362d6a3f1417fb5714401498fc388,남자,39,서울,4년제 대학교,무직,남성,4,30대,서울특별시,대졸
1652,904ed59405164c71b876e47e0a80e5ce,남자,30,인천,대학원,냉난방·공조공학 기술자 및 연구원,남성,4,30대,인천광역시,대학원졸
1653,6be0615275664de68816fbda61e9b071,남자,39,경기,4년제 대학교,그 외 기계공학 기술자 및 연구원,남성,4,30대,경기도,대졸
1654,b28682a6b23a40eea46e74156689eb54,남자,39,경기,대학원,품질 관리 사무원,남성,4,30대,경기도,대학원졸
1655,d1488bd622524ac6b581f9a9c0b3ae54,남자,36,서울,4년제 대학교,무직,남성,4,30대,서울특별시,대졸
1656,dec4b13419e74eeea9c47a0e90c9e8de,남자,32,서울,4년제 대학교,출판 및 자료편집 사무원,남성,4,30대,서울특별시,대졸
1657,f47a57bcfc1545d09fc8d3efa737d3e4,남자,39,경기,4년제 대학교,그 외 조경 관련 기술자,남성,4,30대,경기도,대졸
1658,ee264ee7ceac4012af6c29c61d9d3b4b,남자,33,서울,2~3년제 전문대학,냉난방기 관련 설비 조작원,남성,4,30대,서울특별시,전문대졸
1659,b7015fa2fe604fcf85ea66fd47601db1,남자,37,경기,2~3년제 전문대학,그 외 산업 안전 및 위험 관리원,남성,4,30대,경기도,전문대졸
1660,8e7022ad5a26488cbe3d02741e35f87f,남자,31,대구,4년제 대학교,장학관 및 장학사,남성,4,30대,대구광역시,대졸
1661,6fa712727d5d46b0ba9c2f1959ac039c,남자,39,경기,2~3년제 전문대학,환경 검사원,남성,4,30대,경기도,전문대졸
1662,1d6b4e0b5ef244598798ae2f91ffe561,남자,34,경기,2~3년제 전문대학,전시 및 시설 견학 안내원,남성,4,30대,경기도,전문대졸
1663,89a56818b6b64d20a3baffcd62303724,남자,36,경기,4년제 대학교,경리 사무원,남성,4,30대,경기도,대졸
1664,3169879455c548c4ab4c534bf7a91562,남자,38,대전,4년제 대학교,그 외 기계장비 설치 및 정비원,남성,4,30대,대전광역시,대졸
1665,0e800d94eeb2414589b66cbf10a74e69,남자,33,인천,고등학교,무직,남성,4,30대,인천광역시,고졸
1666,907b225505ee426f878cc69399bebbc6,남자,36,경기,4년제 대학교,경리 사무원,남성,4,30대,경기도,대졸
1667,b837e0a52b9c4816b6eb60cc9b8da881,남자,35,서울,4년제 대학교,환경 검사원,남성,4,30대,서울특별시,대졸
1668,6df50da425a042908752786d2dab812d,남자,32,경기,4년제 대학교,정보 보안 전문가,남성,4,30대,경기도,대졸
1669,437b85f7a0c844d3b16d5fcb31553024,남자,32,서울,고등학교,그 외 법률 관련 사무원,남성,4,30대,서울특별시,고졸
1670,0bad738f37904ab0b038def3cd91d6bb,남자,38,경기,4년제 대학교,소규모 상점 일선 관리 종사원,남성,4,30대,경기도,대졸
1671,214b94a35c004e5aa571ac81b44c8cf5,남자,39,서울,4년제 대학교,산업 안전원,남성,4,30대,서울특별시,대졸
1672,58d8a194c0c043f8844dfea8c2366b72,남자,33,대전,4년제 대학교,소규모 상점 경영자,남성,4,30대,대전광역시,대졸
1673,a587053b5af44906983d9a611783184d,남자,35,경기,2~3년제 전문대학,하수 처리 장치 조작원,남성,4,30대,경기도,전문대졸
1674,7ea2a0e7cfe34591b6c1e79d1764fe3b,남자,37,경기,4년제 대학교,상품 기획자,남성,4,30대,경기도,대졸
1675,27d1d4a9436046a3b4e279dda1bd6cf5,남자,32,경기,초등학교,건물 경비원,남성,4,30대,경기도,초졸이하
1676,99bb5f46447e4fb79fb579555a82bbee,남자,35,충청남,대학원,교통 계획 및 설계가,남성,4,30대,충청남,대학원졸
1677,e06869dfba4740acb5efc5027166850b,남자,34,서울,고등학교,영업 관리 사무원,남성,4,30대,서울특별시,고졸
1678,572dd6c7f1184dd9a0c4b59400e4f085,남자,40,전라남,고등학교,사무 보조원,남성,5,40대,전라남,고졸
1679,e69db0d574414a30a6d2bfdf35d79cf9,남자,43,부산,2~3년제 전문대학,무직,남성,5,40대,부산광역시,전문대졸
1680,4dd4b14b4a524be99e03b77e070e6f27,남자,43,대구,고등학교,무직,남성,5,40대,대구광역시,고졸
1681,7941e0e6bac94cc0bf1780ce9ed72e74,남자,45,경기,4년제 대학교,정보 시스템 운영자,남성,5,40대,경기도,대졸
1682,90680299cb6543dfbf43623bc1800230,남자,44,경기,고등학교,그 외 서비스 관련 단순 종사원,남성,5,40대,경기도,고졸
1683,2692d674701b410898f3e66a6f43d024,남자,42,경상남,4년제 대학교,그 외 스포츠 및 레크리에이션 관련 전문가,남성,5,40대,경상남도,대졸
1684,66019c1e027e4c90a7ba9f88bf37d286,남자,48,강원,고등학교,무직,남성,5,40대,강원특별자치도,고졸
1685,3f8784e711564d7fbcc32d4816c52017,남자,48,경상북,2~3년제 전문대학,국가행정 사무원,남성,5,40대,경상북도,전문대졸
1686,ff224047f86c4d0e82b6ccf8ed5605b6,남자,46,광주,대학원,교육 및 훈련 사무원,남성,5,40대,광주광역시,대학원졸
1687,f9c7f42a0c49457bbc64c252eb5e0f15,남자,45,부산,4년제 대학교,조사 전문가,남성,5,40대,부산광역시,대졸
1688,f94a1cd64ed54bb895c70604d027545f,남자,42,전라남,4년제 대학교,농약·비료 기술자 및 연구원,남성,5,40대,전라남,대졸
1689,107391171f1b4b918830976a1d76c202,남자,41,인천,2~3년제 전문대학,그 외 하역 및 적재 단순 종사원,남성,5,40대,인천광역시,전문대졸
1690,a4b982e2cf8d4c3fa198b146286fe38d,남자,41,서울,2~3년제 전문대학,정보 보안 전문가,남성,5,40대,서울특별시,전문대졸
1691,5c46538003ca4f96be97b58bbd36780d,남자,47,서울,고등학교,일식 조리사,남성,5,40대,서울특별시,고졸
1692,816aef6599db41a486b45637c3df67ec,남자,44,부산,4년제 대학교,실업 교사,남성,5,40대,부산광역시,대졸
1693,9dcbbdc7345d487fbc22b11cfd74db12,남자,40,경기,2~3년제 전문대학,프레스기 및 절단기 조작원,남성,5,40대,경기도,전문대졸
1694,9e00c7e4bd404c21bcccfb6aa3f53638,남자,42,인천,고등학교,무직,남성,5,40대,인천광역시,고졸
1695,f612b35562be4e36b1fb45ccf069bd1a,남자,40,충청남,대학원,기업 고위 임원,남성,5,40대,충청남,대학원졸
1696,dd4a3ff11bfe4fd4b4f87a74267982d3,남자,43,부산,2~3년제 전문대학,소방설계 기술자 및 연구원,남성,5,40대,부산광역시,전문대졸
1697,571fe57d2ab247cd855a2a87552eae9d,남자,49,경기,4년제 대학교,로봇공학 기술자 및 연구원,남성,5,40대,경기도,대졸
1698,6cdb1a78b0d9472e86e5cba4acb2c8c0,남자,48,울산,고등학교,건물 경비원,남성,5,40대,울산광역시,고졸
1699,ded9ffdd9d20409cb62f168cd3afe509,남자,44,경기,4년제 대학교,세무사,남성,5,40대,경기도,대졸
1700,1599f27c46094186909ec8e1314a6f7a,남자,42,대전,4년제 대학교,전자계측 제어 기술자 및 연구원,남성,5,40대,대전광역시,대졸
1701,cf8ad910533c4ad696232e6c84df2470,남자,44,경기,4년제 대학교,품질 관리 사무원,남성,5,40대,경기도,대졸
1702,0675082b8359481f997adc6cf9b4af35,남자,43,대전,4년제 대학교,시스템 소프트웨어 설계 및 분석가,남성,5,40대,대전광역시,대졸
1703,76d029ded40a4559b7f5eca2ac1610fa,남자,40,경기,2~3년제 전문대학,통신장비 설치 및 수리원,남성,5,40대,경기도,전문대졸
1704,da258be2910e423d90be7d143edb8957,남자,46,경기,2~3년제 전문대학,노점 및 이동 판매원,남성,5,40대,경기도,전문대졸
1705,04d90e0efa9f4b54898184a8a1af1619,남자,43,경기,2~3년제 전문대학,자동 재단기 조작원,남성,5,40대,경기도,전문대졸
1706,6010b7aff8a547b480c48926b37a7ca8,남자,42,경기,고등학교,건설 단순 종사원,남성,5,40대,경기도,고졸
1707,ef0678883ddc44a78d4b02742c8542d9,남자,40,경상북,2~3년제 전문대학,그 외 일반기계 조립원,남성,5,40대,경상북도,전문대졸
1708,770892e9683046f9bca4598b5ff40290,남자,46,경기,고등학교,그 외 일반 영업원,남성,5,40대,경기도,고졸
1709,e7a0caffaff44ce7b8fa0501d546f6be,남자,42,경상남,고등학교,금속 세척기 조작원,남성,5,40대,경상남도,고졸
1710,6c34042314b94649b06589b2c36d1df0,남자,45,전라남,2~3년제 전문대학,강구조물 건립원,남성,5,40대,전라남,전문대졸
1711,0eb93d9be2b344028633d0ee15878d5f,남자,41,대전,4년제 대학교,음식 배달원,남성,5,40대,대전광역시,대졸
1712,e74537adcf3c415e927e3a68bf49a87d,남자,43,경상남,2~3년제 전문대학,금속제품 생산 관리자,남성,5,40대,경상남도,전문대졸
1713,f09e520acf5b4e6e815c0a38e7a26cc8,남자,49,경상남,고등학교,이용사,남성,5,40대,경상남도,고졸
1714,993a833239f54a6f83a489d79977d451,남자,40,충청남,고등학교,타이어 생산기 조작원,남성,5,40대,충청남,고졸
1715,eaf8b30dd9c64efba2ca187b9e76dc72,남자,44,광주,4년제 대학교,육군 부사관,남성,5,40대,광주광역시,대졸
1716,8a2e1de68f174cab981b765aa5d1cf83,남자,41,전라남,대학원,시스템 소프트웨어 프로그래머,남성,5,40대,전라남,대학원졸
1717,6e7548526c87416dafc0ead81c3f5909,남자,43,경기,2~3년제 전문대학,무직,남성,5,40대,경기도,전문대졸
1718,26b7b9342a544de7b2c294d65b3b2e93,남자,41,경기,고등학교,범용 소프트웨어 프로그래머,남성,5,40대,경기도,고졸
1719,64ddcc2a230c4f2a9d8cb8df0bfbe3a8,남자,41,대구,고등학교,건물 경비원,남성,5,40대,대구광역시,고졸
1720,99994288720e4fe38da0818d656857fd,남자,41,인천,2~3년제 전문대학,무직,남성,5,40대,인천광역시,전문대졸
1721,80e6165de2eb4a54937e9935b80a87c0,남자,42,부산,4년제 대학교,판금원,남성,5,40대,부산광역시,대졸
1722,a73fd74d724d45d988e13ebdb7301689,남자,44,경기,2~3년제 전문대학,건물 청소원,남성,5,40대,경기도,전문대졸
1723,276df256110440eeb072e006ae160e2b,남자,42,경기,4년제 대학교,무직,남성,5,40대,경기도,대졸
1724,412f38deaa984a4b811a6846d3243f33,남자,45,경기,고등학교,시설 경비원,남성,5,40대,경기도,고졸
1725,9b8411cc87d34ce496502605fb8a0b9b,남자,45,서울,2~3년제 전문대학,경리 사무원,남성,5,40대,서울특별시,전문대졸
1726,722f56aeb31441ea90b4309d850d8586,남자,49,전라남,고등학교,자재 관리 사무원,남성,5,40대,전라남,고졸
1727,70984df3101045f8ae150a78dc73afa0,남자,42,충청북,4년제 대학교,품질 관리 사무원,남성,5,40대,충청북,대졸
1728,947de362a1b7474ab951f161ae88e00b,남자,42,경상남,고등학교,건물 내 전기 설치 및 정비원,남성,5,40대,경상남도,고졸
1729,af90e20ad4f3427a9cbd4ba85f762ea2,남자,43,서울,고등학교,관리 비서,남성,5,40대,서울특별시,고졸
1730,80ca0f925be347349a9c271789b1d14b,남자,49,부산,고등학교,철도운송 관련 종사원,남성,5,40대,부산광역시,고졸
1731,3cd6dabb6f774aad90994c97eab2e211,남자,40,서울,고등학교,그 외 법률 관련 사무원,남성,5,40대,서울특별시,고졸
1732,afcd78a6800342e695867fd957cc8a11,남자,45,경기,중학교,시설 경비원,남성,5,40대,경기도,중졸
1733,48d9edd00e2d45728f086076c834e964,남자,47,전북,고등학교,금속절곡기 조작원,남성,5,40대,전북특별자치도,고졸
1734,37fec665b42840e5bf2105039f82dd42,남자,47,경기,고등학교,관광버스 운전원,남성,5,40대,경기도,고졸
1735,421b3aa71ba84b28beed8b95c06674fe,남자,43,경기,4년제 대학교,도로운송 사무원,남성,5,40대,경기도,대졸
1736,e46527a3937e45d097d043a478e401ea,남자,44,경기,대학원,변호사,남성,5,40대,경기도,대학원졸
1737,5953c62b8f1a496f816a15c92d30f4a4,남자,40,강원,중학교,하역 및 적재 관련 단순 종사원,남성,5,40대,강원특별자치도,중졸
1738,947e4d2024704f1e894ef56a8b829409,남자,42,인천,고등학교,금속기계 부품 조립원,남성,5,40대,인천광역시,고졸
1739,f234eb198cbc470a98e1c474c773f6fa,남자,47,전북,고등학교,플라스틱 압출기 조작원,남성,5,40대,전북특별자치도,고졸
1740,8d9ddd66f5094e5e860fc782cb8f9221,남자,49,경기,4년제 대학교,교육 및 훈련 사무원,남성,5,40대,경기도,대졸
1741,163191457e6d4c3a88b870fec6661ef2,남자,49,충청남,고등학교,전화 상담원,남성,5,40대,충청남,고졸
1742,17a36904773848bca0cbe02ca9d637c9,남자,49,경기,2~3년제 전문대학,강구조물 건립원,남성,5,40대,경기도,전문대졸
1743,e1b204d3c544486bb15d5b80a98b2765,남자,48,서울,2~3년제 전문대학,산업용로봇 조작원,남성,5,40대,서울특별시,전문대졸
1744,6dedd9620114443280a338a7c25b7c8d,남자,46,경상북,4년제 대학교,무직,남성,5,40대,경상북도,대졸
1745,2d1f838258f94cd18c751e74b37ea649,남자,41,경기,고등학교,도로운송 사무원,남성,5,40대,경기도,고졸
1746,dae69822f56e4c2c8efae4969da31a37,남자,49,경기,고등학교,무직,남성,5,40대,경기도,고졸
1747,44d19749dfbb4500a1c3c51cef73e19c,남자,44,경기,4년제 대학교,품질 인증 심사 전문가,남성,5,40대,경기도,대졸
1748,081b280425124cb4b0c028ab5233abc4,남자,44,인천,고등학교,컴퓨터 설치 및 수리원,남성,5,40대,인천광역시,고졸
1749,b581e2b96d954236a1398471d084e3b5,남자,44,경기,4년제 대학교,무직,남성,5,40대,경기도,대졸
1750,f676e2ef4b384e63b79ab9465c51275d,남자,45,인천,4년제 대학교,무직,남성,5,40대,인천광역시,대졸
1751,b1562fdf84f045e3896ec4619198197e,남자,41,경상남,4년제 대학교,영업 관련 관리자,남성,5,40대,경상남도,대졸
1752,c6d36fcbdb294676b5f972d8a8807df1,남자,49,경기,4년제 대학교,냉난방·공조공학 기술자 및 연구원,남성,5,40대,경기도,대졸
1753,930cf3415944460d83d7a0707a0d5015,남자,46,경기,4년제 대학교,품질 관리 사무원,남성,5,40대,경기도,대졸
1754,40dff5857973423a804082f26c15c812,남자,48,경기,2~3년제 전문대학,무직,남성,5,40대,경기도,전문대졸
1755,03089de501cd4f4fb2b59a724a613a8b,남자,41,경기,4년제 대학교,아파트 경비원,남성,5,40대,경기도,대졸
1756,b28da12afe18422782f0fc249e2c1474,남자,42,대구,4년제 대학교,전동차 기관사,남성,5,40대,대구광역시,대졸
1757,bd16ec68b8164ba681a25d4f0905aedd,남자,45,경기,고등학교,공군 부사관,남성,5,40대,경기도,고졸
1758,1405b6a41fb0463bbf3c769fc057ab6e,남자,48,서울,대학원,염색 개발 공학 기술자 및 연구원,남성,5,40대,서울특별시,대학원졸
1759,30b727f8415c406f96c17d5204501ddb,남자,48,서울,4년제 대학교,상품 기획자,남성,5,40대,서울특별시,대졸
1760,ba2c88e670884c169785c3652c5fc8b0,남자,46,강원,고등학교,가스 배관공,남성,5,40대,강원특별자치도,고졸
1761,7ee4468c4c124f86b4476a7cbba783dc,남자,49,경상북,4년제 대학교,특허 사무원,남성,5,40대,경상북도,대졸
1762,5a1a00075858446ea6c8dbb12cb1a0fd,남자,49,서울,4년제 대학교,전화 상담원,남성,5,40대,서울특별시,대졸
1763,153abe88073f41fb9cee114e9ffff870,남자,42,경상북,고등학교,그 외 택배원,남성,5,40대,경상북도,고졸
1764,eedce654f4c34d1dbaf5be868c770688,남자,41,서울,2~3년제 전문대학,그 외 일반 영업원,남성,5,40대,서울특별시,전문대졸
1765,45d389a9cb2a414d8f6723dda4ad74d8,남자,43,서울,대학원,"전직 조사 전문가, 현재 구직중",남성,5,40대,서울특별시,대학원졸
1766,f896f38e8213432597ce6e39ca96f28a,남자,40,경기,4년제 대학교,농약·비료 기술자 및 연구원,남성,5,40대,경기도,대졸
1767,f888e49bdec340dab47c01d1c620ceca,남자,48,경기,고등학교,그 외 물품 이동 장비 조작원,남성,5,40대,경기도,고졸
1768,471791baecc646ebb9a145c3197b1bc2,남자,45,강원,고등학교,출판 및 자료편집 사무원,남성,5,40대,강원특별자치도,고졸
1769,aab49f83b095477198adeff63c14c8f3,남자,46,경상남,4년제 대학교,도로운송 사무원,남성,5,40대,경상남도,대졸
1770,203632a05e034f579c507f34ee29a40c,남자,43,경기,4년제 대학교,그 외 공학 관련 기술자 및 시험원,남성,5,40대,경기도,대졸
1771,fb55118359574df3913628ad916d582d,남자,40,경기,대학원,특허 사무원,남성,5,40대,경기도,대학원졸
1772,88dccf46c8f04a43b50135584dcdccba,남자,48,광주,고등학교,대형 화물차 운전원,남성,5,40대,광주광역시,고졸
1773,3308066d4a854224b71472f468063358,남자,43,경기,4년제 대학교,무직,남성,5,40대,경기도,대졸
1774,ec922ad86e67418398da42cc7439a78d,남자,48,울산,고등학교,그 외 일반 영업원,남성,5,40대,울산광역시,고졸
1775,5e221192f434429d804ed3648dd515a2,남자,40,경기,2~3년제 전문대학,"전직 그 외 기능 관련 종사원, 현재 구직중",남성,5,40대,경기도,전문대졸
1776,1540a2c9b5dd4a238818054995f9dce4,남자,43,경상북,4년제 대학교,생산관리 사무원,남성,5,40대,경상북도,대졸
1777,cb1e1e49020b4f12a8b3b08dce441c87,남자,43,강원,4년제 대학교,통신기기 기술자 및 연구원,남성,5,40대,강원특별자치도,대졸
1778,c917e0987f114e8381247614bcbddbcc,남자,40,서울,4년제 대학교,회계 사무원,남성,5,40대,서울특별시,대졸
1779,bbe99a374de4476688f79826ec255c55,남자,46,경기,고등학교,건설 단순 종사원,남성,5,40대,경기도,고졸
1780,826e1c30af6d40169521516e555ce601,남자,40,경기,4년제 대학교,품질 관리 사무원,남성,5,40대,경기도,대졸
1781,ea4719661b6c4277b428144af2841f5a,남자,43,서울,고등학교,시설 경비원,남성,5,40대,서울특별시,고졸
1782,91bb08238520435c9b05a4d0fceabd14,남자,49,경기,대학원,항공기·철도 차량 공학 기술자 및 연구원,남성,5,40대,경기도,대학원졸
1783,21b24e9ea8b94c8391d0367ec2126daf,남자,49,경기,4년제 대학교,자재 관리 사무원,남성,5,40대,경기도,대졸
1784,014bdc7ebcbb4956b225a05d1d0b7b2d,남자,49,경상북,2~3년제 전문대학,강구조물 건립원,남성,5,40대,경상북도,전문대졸
1785,50028429999648cd8b07cbd86e5f2b7e,남자,46,경기,고등학교,사무 보조원,남성,5,40대,경기도,고졸
1786,45ab91ae4a46442492fe474971d30d06,남자,42,강원,2~3년제 전문대학,카지노 딜러,남성,5,40대,강원특별자치도,전문대졸
1787,ee6edc6e2b8f4a3d9c5610e71a5ac2c6,남자,44,전북,2~3년제 전문대학,그 외 상점 판매원,남성,5,40대,전북특별자치도,전문대졸
1788,239b16edfd1e4bcca33206f7128f2038,남자,49,경기,4년제 대학교,음료 서비스 종사원,남성,5,40대,경기도,대졸
1789,3e209ce7118446bc9bc128a460347559,남자,44,서울,4년제 대학교,무직,남성,5,40대,서울특별시,대졸
1790,fe1d12ef683246c79f6755363e737808,남자,42,충청남,4년제 대학교,생산관리 사무원,남성,5,40대,충청남,대졸
1791,0ea4e803f339401881aecb37a95c588d,남자,41,서울,4년제 대학교,시스템 소프트웨어 설계 및 분석가,남성,5,40대,서울특별시,대졸
1792,5e1a6869b356403f853a3f1b09be51b6,남자,46,경기,대학원,"전직 식품학 연구원, 현재 구직중",남성,5,40대,경기도,대학원졸
1793,4b189ee06c8f427cb3a1ecd148825f43,남자,46,인천,4년제 대학교,지게차 운전원,남성,5,40대,인천광역시,대졸
1794,91124ec7b7ff434da0a842409da4407b,남자,48,서울,4년제 대학교,식품 영업원,남성,5,40대,서울특별시,대졸
1795,63385c80874847bd8f5e62e745f7459a,남자,46,인천,4년제 대학교,무직,남성,5,40대,인천광역시,대졸
1796,8c8b01f0323847d49bff783d5a48ca55,남자,46,경기,고등학교,대리 주차원,남성,5,40대,경기도,고졸
1797,d5a8e2248f2746d28478ae6bc83e0f4f,남자,42,서울,대학원,육군 장교,남성,5,40대,서울특별시,대학원졸
1798,9faefbdc83e94aad90957656b324f75c,남자,47,경상남,고등학교,무직,남성,5,40대,경상남도,고졸
1799,c65092514f5a40b1b6168eec7fdd28a2,남자,45,경상남,고등학교,그 외 도장기 조작원,남성,5,40대,경상남도,고졸
1800,d9ec1f36d54a4407a63337c2b7232abf,남자,46,인천,4년제 대학교,금형원,남성,5,40대,인천광역시,대졸
1801,b3f24f354b9e43c2b345fdc81e578f1d,남자,44,서울,4년제 대학교,그 외 응용 소프트웨어 프로그래머,남성,5,40대,서울특별시,대졸
1802,e23378bf3de14b33ac8b1d221bd67a32,남자,40,대구,2~3년제 전문대학,전화 상담원,남성,5,40대,대구광역시,전문대졸
1803,c9f31201ce544fadaa105ef174462003,남자,41,서울,4년제 대학교,무직,남성,5,40대,서울특별시,대졸
1804,bfd4015f284f407cbd3be077a98d80ac,남자,43,충청남,4년제 대학교,소방설계 기술자 및 연구원,남성,5,40대,충청남,대졸
1805,bfc8d01d435a4a3c9ec626afe11a9dbb,남자,46,전북,중학교,시멘트 및 석회 제조 관련 조작원,남성,5,40대,전북특별자치도,중졸
1806,0fafc2f725ff4d30bba038c83fb8f405,남자,43,서울,고등학교,무직,남성,5,40대,서울특별시,고졸
1807,f794465bb7ed478689df4e78814f6867,남자,48,인천,고등학교,석재 부설원,남성,5,40대,인천광역시,고졸
1808,fa80304fa6da491d917b0686b8e62f94,남자,46,부산,2~3년제 전문대학,경리 사무원,남성,5,40대,부산광역시,전문대졸
1809,67edc1de60204ae2b95cfd819ad140a3,남자,42,충청남,2~3년제 전문대학,무직,남성,5,40대,충청남,전문대졸
1810,5a888a2702bd4622b4db0029bb3654f6,남자,44,대전,2~3년제 전문대학,우편집배원,남성,5,40대,대전광역시,전문대졸
1811,7ac305c30d61480dbd74ea9f29a32644,남자,41,경상남,2~3년제 전문대학,경리 사무원,남성,5,40대,경상남도,전문대졸
1812,4057da2cc5494b16a50fefbcc68c12d0,남자,46,경상남,고등학교,연선기 조작원,남성,5,40대,경상남도,고졸
1813,45fa91874cd3458c99690dd71573eaf7,남자,48,서울,대학원,입학 사정관,남성,5,40대,서울특별시,대학원졸
1814,e74518f37b664a78a88a9c37f4e53760,남자,47,경상남,4년제 대학교,농학 연구원,남성,5,40대,경상남도,대졸
1815,b72d76b1c3f54ca895c1c4603fd61620,남자,41,충청남,고등학교,지게차 운전원,남성,5,40대,충청남,고졸
1816,54a373e05b594db58b3cd3de019f91c4,남자,48,경상남,4년제 대학교,그 외 금융 사무원,남성,5,40대,경상남도,대졸
1817,3a354eee0e274bff88888c17be69b1b6,남자,49,경기,4년제 대학교,지방행정 사무원,남성,5,40대,경기도,대졸
1818,636bc0f894df4f01a755bf6852a90f38,남자,41,부산,2~3년제 전문대학,사무 보조원,남성,5,40대,부산광역시,전문대졸
1819,273ebe698ea84e86b71d606aa0b567ee,남자,42,인천,2~3년제 전문대학,무직,남성,5,40대,인천광역시,전문대졸
1820,483d3f6b20824f93884334f1019e24cd,남자,41,서울,고등학교,그 외 하역 및 적재 단순 종사원,남성,5,40대,서울특별시,고졸
1821,01990d744bb049e7b626867d19cc0990,남자,49,전북,고등학교,강구조물 건립원,남성,5,40대,전북특별자치도,고졸
1822,45f68cc8900c495fb71d4e7e74fc1a52,남자,40,경상남,4년제 대학교,사회복지사,남성,5,40대,경상남도,대졸
1823,fddff48065f54fc2b4960b903543e841,남자,43,서울,2~3년제 전문대학,그 외 법률 관련 사무원,남성,5,40대,서울특별시,전문대졸
1824,bcf990ac592b4c398129050650184f52,남자,44,부산,고등학교,무직,남성,5,40대,부산광역시,고졸
1825,a9c43d40a63c49e7acb6ae113becc87d,남자,45,부산,4년제 대학교,철도운송 사무원,남성,5,40대,부산광역시,대졸
1826,b26cd687170341f2ac215403d3a63543,남자,47,서울,4년제 대학교,경영 컨설턴트,남성,5,40대,서울특별시,대졸
1827,aa3e633c01b04aabb7077e67bdac5172,남자,42,경상북,4년제 대학교,인사 및 노무 사무원,남성,5,40대,경상북도,대졸
1828,d83cb8dc571f47539c6ae970079f4d9e,남자,46,경기,2~3년제 전문대학,보험 사무원,남성,5,40대,경기도,전문대졸
1829,61a1a0580ba244e78bcbb2890686f2f8,남자,48,서울,고등학교,사무 보조원,남성,5,40대,서울특별시,고졸
1830,d7f6c525f2074f5f9cf4354dbffb93e2,남자,45,경기,고등학교,금형원,남성,5,40대,경기도,고졸
1831,4f40a13c9e98432ea5edb43eb26d2051,남자,45,울산,4년제 대학교,범용 소프트웨어 프로그래머,남성,5,40대,울산광역시,대졸
1832,515c831a25c342508d6c1d27a7ccf26c,남자,45,서울,고등학교,우편집배원,남성,5,40대,서울특별시,고졸
1833,63eedfb5f6b64745a42d22ee51eb48a2,남자,43,경기,고등학교,가죽 및 모피 가공원,남성,5,40대,경기도,고졸
1834,0e64245c89c84f78b545ee1914e7c523,남자,41,경기,4년제 대학교,회계 사무원,남성,5,40대,경기도,대졸
1835,5b05f54334e740c6b721ccb63effa754,남자,45,강원,4년제 대학교,육군 장교,남성,5,40대,강원특별자치도,대졸
1836,d98ddb8a35cd4334b4a5a15c308b903e,남자,47,부산,고등학교,지게차 운전원,남성,5,40대,부산광역시,고졸
1837,0b6c4ae4a645464d91d0404e0d374c47,남자,49,경기,2~3년제 전문대학,그 외 기계장비 설치 및 정비원,남성,5,40대,경기도,전문대졸
1838,782fa85fad884877b6f44e5feb7d3509,남자,45,경기,2~3년제 전문대학,무직,남성,5,40대,경기도,전문대졸
1839,7b4e83c2d3624585802d411829a4bd93,남자,43,서울,4년제 대학교,데이터 설계 및 프로그래머,남성,5,40대,서울특별시,대졸
1840,9a1223460f3d43fb86db7cc43d31a440,남자,43,서울,4년제 대학교,마케팅 전문가,남성,5,40대,서울특별시,대졸
1841,4b5f045df4af4f809ea877a600e3fc46,남자,49,인천,4년제 대학교,경리 사무원,남성,5,40대,인천광역시,대졸
1842,76b974e5422045ac89875bddbb5c1349,남자,47,강원,고등학교,무직,남성,5,40대,강원특별자치도,고졸
1843,e5c1ab1e712044ab840faf45b513da92,남자,48,충청북,4년제 대학교,정보 보안 전문가,남성,5,40대,충청북,대졸
1844,cec3614e792741f4a206541ab81f5adb,남자,40,부산,2~3년제 전문대학,철도운송 관련 종사원,남성,5,40대,부산광역시,전문대졸
1845,a8d375346fce4295b041400a0b0ee9d2,남자,49,경기,고등학교,그 외 법률 관련 사무원,남성,5,40대,경기도,고졸
1846,006423a5203342b993f951342bf3ad67,남자,46,서울,4년제 대학교,전화 상담원,남성,5,40대,서울특별시,대졸
1847,d4a77eae81664830aee6320df0362d6d,남자,47,서울,2~3년제 전문대학,하역 및 적재 관련 단순 종사원,남성,5,40대,서울특별시,전문대졸
1848,c809d7357f63462bad036228e875336b,남자,47,경기,4년제 대학교,무직,남성,5,40대,경기도,대졸
1849,1ebc4ff645194b7c94e2049951a5e176,남자,40,대전,4년제 대학교,통신기술 기술자 및 연구원,남성,5,40대,대전광역시,대졸
1850,e86cb46e0ba54b33b66aca0c12f48776,남자,41,서울,2~3년제 전문대학,건물 경비원,남성,5,40대,서울특별시,전문대졸
1851,fb983672c58c4795a253bebba89f03ff,남자,40,대전,4년제 대학교,경리 사무원,남성,5,40대,대전광역시,대졸
1852,edff6177956844aa967fcb5ed574f6b0,남자,40,경기,4년제 대학교,냉난방·공조공학 기술자 및 연구원,남성,5,40대,경기도,대졸
1853,5ce424f212dd4c69846f07394558b646,남자,46,충청남,고등학교,"전직 일반 비서, 현재 구직중",남성,5,40대,충청남,고졸
1854,7122d2cce6b946ce837db03297714af6,남자,41,부산,고등학교,그 외 일반 영업원,남성,5,40대,부산광역시,고졸
1855,660a7e6e623f4fc5957e01c6067b743b,남자,48,부산,4년제 대학교,냉난방·공조공학 기술자 및 연구원,남성,5,40대,부산광역시,대졸
1856,e4004781aca94239b15fe1347b66aa99,남자,44,부산,고등학교,그 외 서비스 관련 단순 종사원,남성,5,40대,부산광역시,고졸
1857,72322011829a4f3c8c45fb17e3145e67,남자,48,서울,4년제 대학교,교육 및 훈련 사무원,남성,5,40대,서울특별시,대졸
1858,b2e973fdbdb345c690afbdff0cbeb123,남자,46,대전,4년제 대학교,품질 관리 사무원,남성,5,40대,대전광역시,대졸
1859,ca78411a8e864a1aa9fe2e0ebbbd37ec,남자,46,경기,4년제 대학교,교육 및 훈련 사무원,남성,5,40대,경기도,대졸
1860,c4c754db3e5a412ba4171d315886eb2a,남자,49,강원,4년제 대학교,여행 사무원,남성,5,40대,강원특별자치도,대졸
1861,53ce0ca9a0684096812eddb643f5059d,남자,41,경기,대학원,화학 연구원,남성,5,40대,경기도,대학원졸
1862,b26a839c0dea4b58999ef45414a79ba0,남자,42,인천,4년제 대학교,스포츠 감독,남성,5,40대,인천광역시,대졸
1863,d9e59732a65441429b86070ecdc59709,남자,48,인천,고등학교,콘크리트패널 조립원,남성,5,40대,인천광역시,고졸
1864,fb73302ecc164cfaa67247f031c80935,남자,47,광주,2~3년제 전문대학,석유화학 기술자 및 연구원,남성,5,40대,광주광역시,전문대졸
1865,75d43fe410af4e6bab511a97534942c0,남자,49,경기,고등학교,경·소형 화물차 운전원,남성,5,40대,경기도,고졸
1866,6bb8904e6aa64a9db290151ebc9a55a4,남자,42,경기,고등학교,무직,남성,5,40대,경기도,고졸
1867,72a5f6ed18984bf59bf719d1ccc073f7,남자,45,경기,4년제 대학교,법무사,남성,5,40대,경기도,대졸
1868,9df91ad8afd346c6b705c5881c7651a0,남자,49,서울,4년제 대학교,무직,남성,5,40대,서울특별시,대졸
1869,86794ecd980b45cc8263c29a2f503fde,남자,49,서울,고등학교,자재 관리 사무원,남성,5,40대,서울특별시,고졸
1870,b04969c001504394b20a6c85bf38c065,남자,44,경기,고등학교,무직,남성,5,40대,경기도,고졸
1871,71fc2994d6f644a1bf54c743126125a2,남자,46,대구,고등학교,시민 단체 활동가,남성,5,40대,대구광역시,고졸
1872,01a8210d7ef246b0b6e1db614eedbe18,남자,48,경기,4년제 대학교,그 외 경영 지원 관리자,남성,5,40대,경기도,대졸
1873,095f7235e7cb4ea2868bd1f0281f9357,남자,47,부산,2~3년제 전문대학,식품 영업원,남성,5,40대,부산광역시,전문대졸
1874,9894817ffeae4153a613f6c55373cc39,남자,49,대전,고등학교,그 외 일반 영업원,남성,5,40대,대전광역시,고졸
1875,5164b867c9ce4622b16d227bbd0abff7,남자,46,울산,2~3년제 전문대학,기계공학 시험원,남성,5,40대,울산광역시,전문대졸
1876,5789f35b043742ba8700034c0b13d268,남자,42,경기,4년제 대학교,생산관리 사무원,남성,5,40대,경기도,대졸
1877,677da4098b0c44869d0795709a48ebc1,남자,40,경기,4년제 대학교,자동차공학 기술자 및 연구원,남성,5,40대,경기도,대졸
1878,22099eacc86b46c0be15f85c2bd80775,남자,44,강원,고등학교,컴퓨터 설치 및 수리원,남성,5,40대,강원특별자치도,고졸
1879,5f2394c133324e70bf407861c2b386b6,남자,44,전북,4년제 대학교,컴퓨터 소프트웨어 개발 관리자,남성,5,40대,전북특별자치도,대졸
1880,d9ca221fe44448618b89b835214a226f,남자,47,경기,대학원,무직,남성,5,40대,경기도,대학원졸
1881,36365f16e11448258121a4dc78954acc,남자,42,경기,4년제 대학교,농업용 기계장비 기술 영업원,남성,5,40대,경기도,대졸
1882,ddd8c9121ad349e6a6202a5141f519d9,남자,48,서울,4년제 대학교,그 외 법률 관련 사무원,남성,5,40대,서울특별시,대졸
1883,4cdf1f0024ab4444aaf015dd6dc8d878,남자,41,경기,2~3년제 전문대학,소규모 상점 경영자,남성,5,40대,경기도,전문대졸
1884,8c7c992d2c474186a96bc98318dc1289,남자,44,경기,4년제 대학교,기획 관리자,남성,5,40대,경기도,대졸
1885,8c415de014cb438caacba4d89203f747,남자,42,제주,4년제 대학교,공공행정 사무원,남성,5,40대,제주특별자치도,대졸
1886,77221b29ea4f43788ebc554c7c96d4a2,남자,48,경기,4년제 대학교,산업 안전원,남성,5,40대,경기도,대졸
1887,ea602ec4323245f3ae320bb79a466c34,남자,48,대구,고등학교,무직,남성,5,40대,대구광역시,고졸
1888,55217729501b4fa1bf1391745cb0caf5,남자,45,경기,고등학교,용접기 조작원,남성,5,40대,경기도,고졸
1889,7e81aea24824498bb6fff4362f7e17f0,남자,40,경상북,4년제 대학교,어업 시험원,남성,5,40대,경상북도,대졸
1890,7f3fdef756884fbdacd637720e7f1129,남자,46,부산,대학원,금속공학 기술자 및 연구원,남성,5,40대,부산광역시,대학원졸
1891,814f0859b71f453ebaf0bf6755eb9066,남자,49,서울,4년제 대학교,그 외 금속·재료 공학 기술자 및 연구원,남성,5,40대,서울특별시,대졸
1892,99005689fc1646a0b2dbcc2114ed667a,남자,42,경기,4년제 대학교,증권 사무원,남성,5,40대,경기도,대졸
1893,bf001349b94a46a892a90e751c8ac1b1,남자,47,전북,2~3년제 전문대학,일반 비서,남성,5,40대,전북특별자치도,전문대졸
1894,8f6354f218e2483d82830a17ce34b71b,남자,43,경기,2~3년제 전문대학,"전직 온라인 쇼핑 판매원, 현재 구직중",남성,5,40대,경기도,전문대졸
1895,b609bc46ef89409d9c4925738bd51b9c,남자,42,인천,대학원,그 외 일반 영업원,남성,5,40대,인천광역시,대학원졸
1896,86da694b8ac44bd6905b6e0f4cbf4439,남자,47,경기,고등학교,무직,남성,5,40대,경기도,고졸
1897,5132ad2bab2946ef9f1456004076632e,남자,46,경기,고등학교,경·소형 화물차 운전원,남성,5,40대,경기도,고졸
1898,99cd85aacb45428eb748a5b462978af7,남자,44,강원,2~3년제 전문대학,육군 부사관,남성,5,40대,강원특별자치도,전문대졸
1899,f0707324eff14a05a3da2ff656e52613,남자,43,서울,대학원,무직,남성,5,40대,서울특별시,대학원졸
1900,a2be9d13b28b497a8433a463a16fc388,남자,41,경기,고등학교,특허 사무원,남성,5,40대,경기도,고졸
1901,14068ccbf4f54a51a6305820b3c10a88,남자,40,경상북,고등학교,유리 관련 기능 종사원,남성,5,40대,경상북도,고졸
1902,7b7a9b2141484e3586b7efb03e45cfda,남자,40,경기,고등학교,배전반 조작원,남성,5,40대,경기도,고졸
1903,96d793d08cc74589bf597922fb3f7b38,남자,41,경기,2~3년제 전문대학,인쇄 필름 출력원,남성,5,40대,경기도,전문대졸
1904,3b3b4438e339441884e6384ae67b3ff5,남자,44,인천,고등학교,그 외 자동차 정비원,남성,5,40대,인천광역시,고졸
1905,6f718ffbc9de4bb6841af0eb735f560f,남자,49,충청남,4년제 대학교,철도운송 관련 종사원,남성,5,40대,충청남,대졸
1906,158ad0977bdf46d18979395d64f68519,남자,40,전라남,고등학교,무직,남성,5,40대,전라남,고졸
1907,c7c23d96d165407fab405836d0a5e4d1,남자,42,부산,고등학교,노점 및 이동 판매원,남성,5,40대,부산광역시,고졸
1908,7ab3ec31e7d04fe5bd0e9296c9de179b,남자,40,서울,4년제 대학교,회계 사무원,남성,5,40대,서울특별시,대졸
1909,b44e0c65bfde433f896bed095843bac1,남자,40,부산,4년제 대학교,그 외 일반 영업원,남성,5,40대,부산광역시,대졸
1910,eeb0791bfd89401594c98974b8714cd1,남자,41,울산,고등학교,소규모 상점 경영자,남성,5,40대,울산광역시,고졸
1911,544c78e68f024e8e813617c4de374c73,남자,48,경기,고등학교,생산관리 사무원,남성,5,40대,경기도,고졸
1912,8d209a0dbad342cebbc082a2a8f9867b,남자,49,경기,2~3년제 전문대학,금형원,남성,5,40대,경기도,전문대졸
1913,c8a2a6bca17b4f2ab3cec4a1b840b649,남자,43,대구,4년제 대학교,영업 관리 사무원,남성,5,40대,대구광역시,대졸
1914,15a6926450284e178a6cf688a5fe9777,남자,45,경기,고등학교,그 외 물품 이동 장비 조작원,남성,5,40대,경기도,고졸
1915,267b8712e8ce409daa520c7fcd961751,남자,40,서울,대학원,철도교통 관제사,남성,5,40대,서울특별시,대학원졸
1916,e8aafa79af244e04a542900981b7b89a,남자,47,경상북,2~3년제 전문대학,시설 경비원,남성,5,40대,경상북도,전문대졸
1917,0792d94a8cd046dc8b4479be1c2e8e14,남자,48,인천,중학교,그 외 기능 관련 종사원,남성,5,40대,인천광역시,중졸
1918,d1ffe1a333d448a8af9b6c71698f78fe,남자,47,전라남,4년제 대학교,정보 시스템 운영자,남성,5,40대,전라남,대졸
1919,7b27b60ce62f4cae88c8854b24219924,남자,46,경기,2~3년제 전문대학,그 외 일반 영업원,남성,5,40대,경기도,전문대졸
1920,da9b6822f4014d4ba322e0bbc747ffb2,남자,44,서울,2~3년제 전문대학,식품 영업원,남성,5,40대,서울특별시,전문대졸
1921,e717fe92ecce49119cda7cf22d3058cd,남자,40,서울,4년제 대학교,식품공학 기술자 및 연구원,남성,5,40대,서울특별시,대졸
1922,b142481fe743434f9917072928b31351,남자,44,경기,4년제 대학교,생산관리 사무원,남성,5,40대,경기도,대졸
1923,f90666e6ac28495ba6741635b6e1bdfc,남자,48,부산,2~3년제 전문대학,청소년 지도사,남성,5,40대,부산광역시,전문대졸
1924,a11b401c413541f481adb3dbf07ae2b7,남자,49,제주,4년제 대학교,교육 및 훈련 사무원,남성,5,40대,제주특별자치도,대졸
1925,09eac87b25a949ae806f6d0624378ed5,남자,47,경기,고등학교,음료 배달원,남성,5,40대,경기도,고졸
1926,f5871d2909024474be4c612dbb01770d,남자,49,제주,4년제 대학교,육군 장교,남성,5,40대,제주특별자치도,대졸
1927,f9861ed2646c414cbb1601727bae97dc,남자,47,경기,2~3년제 전문대학,그 외 일반 영업원,남성,5,40대,경기도,전문대졸
1928,960d18bb769a445b826bceb48c1a3658,남자,40,경기,2~3년제 전문대학,사진작가,남성,5,40대,경기도,전문대졸
1929,4db55b0bb57e46159798b2b8e7ff8b56,남자,40,서울,고등학교,식품 영업원,남성,5,40대,서울특별시,고졸
1930,876392bad8b341ed8c02feb02867e980,남자,42,서울,4년제 대학교,해외 영업원,남성,5,40대,서울특별시,대졸
1931,5bab3949e12843829cacef275f145c20,남자,45,대구,고등학교,건물 경비원,남성,5,40대,대구광역시,고졸
1932,f7fcb95c8a1545f5a5d4f913b8d5521f,남자,43,경상남,고등학교,일식 조리사,남성,5,40대,경상남도,고졸
1933,761b3a6deafb46da87c2c1cf59143946,남자,43,인천,고등학교,경·소형 화물차 운전원,남성,5,40대,인천광역시,고졸
1934,98c587febef34d9388e4d250450ac717,남자,46,경기,4년제 대학교,조사 전문가,남성,5,40대,경기도,대졸
1935,c70d3d94e90140dc99eacd5a0027ef25,남자,44,광주,4년제 대학교,관세행정 사무원,남성,5,40대,광주광역시,대졸
1936,2988723e670c4f15bf7af804b2e85b61,남자,45,경기,4년제 대학교,조사 전문가,남성,5,40대,경기도,대졸
1937,d4c29d95097a4297ab3fcf1abce4c24b,남자,49,충청남,4년제 대학교,무직,남성,5,40대,충청남,대졸
1938,69964b94145c48e7b3a830c1bdd9ebe5,남자,40,경기,고등학교,가스 용접원,남성,5,40대,경기도,고졸
1939,0751d1f27ac84b6db11eec5caf123d16,남자,43,전북,4년제 대학교,그 외 중·고등학교 교사,남성,5,40대,전북특별자치도,대졸
1940,dded633a22d2473c8f54eb909fc40c60,남자,40,경상북,고등학교,양식 조리사,남성,5,40대,경상북도,고졸
1941,980e265d64e9491a81c56ab0b0d1b7f2,남자,42,대구,대학원,병무행정 사무원,남성,5,40대,대구광역시,대학원졸
1942,1ab973bab20a4df18320066e3221baca,남자,42,경기,고등학교,경리 사무원,남성,5,40대,경기도,고졸
1943,66f69112e0d24b1e9506a8aea25e51a6,남자,40,경상북,고등학교,강구조물 건립원,남성,5,40대,경상북도,고졸
1944,d59bfcbc4e444f9bb13daab61770220c,남자,42,서울,2~3년제 전문대학,그 외 기획 및 마케팅 사무원,남성,5,40대,서울특별시,전문대졸
1945,f36f3875c41641f3a46ba2dbf55aac9e,남자,40,대구,대학원,통신기기 기술자 및 연구원,남성,5,40대,대구광역시,대학원졸
1946,8f564f9de7774e478026b0241bfe9ac4,남자,43,서울,대학원,시스템 소프트웨어 프로그래머,남성,5,40대,서울특별시,대학원졸
1947,3b7efa9d561842cd8a74bdceceae63a5,남자,49,대전,4년제 대학교,무직,남성,5,40대,대전광역시,대졸
1948,78a786e073d0412eab06309f4408a5f4,남자,41,대전,2~3년제 전문대학,그 외 일반 영업원,남성,5,40대,대전광역시,전문대졸
1949,7ef576d265ef4592981155ca2323a1ca,남자,45,경기,4년제 대학교,회계 사무원,남성,5,40대,경기도,대졸
1950,66b767ef1e1a4b959b29d48b6071e676,남자,43,전북,고등학교,시설 경비원,남성,5,40대,전북특별자치도,고졸
1951,ea1eca9348c145f3842de479251697bf,남자,49,경기,고등학교,분식 조리사,남성,5,40대,경기도,고졸
1952,918b3780830b48fca264bfd085851f7a,남자,46,인천,고등학교,전화 상담원,남성,5,40대,인천광역시,고졸
1953,41670bbd806f4544a14a7401039a1fbd,남자,48,경기,고등학교,회계 사무원,남성,5,40대,경기도,고졸
1954,9016e8532519477e9837d9ac3e14a0ec,남자,40,경기,2~3년제 전문대학,도로운송 사무원,남성,5,40대,경기도,전문대졸
1955,afe42b2baa30464a8b0c8ef45ed82cc4,남자,41,광주,2~3년제 전문대학,시설 경비원,남성,5,40대,광주광역시,전문대졸
1956,faa87897bab0454c9a52c46bf48d6632,남자,43,경상북,4년제 대학교,회계 사무원,남성,5,40대,경상북도,대졸
1957,41303b834a8c4330a2988f8fcc5d15c1,남자,48,경기,고등학교,"전직 경·소형 화물차 운전원, 현재 구직중",남성,5,40대,경기도,고졸
1958,1be6eee8067a42b39263b52df3a2a644,남자,40,경기,2~3년제 전문대학,산업 안전원,남성,5,40대,경기도,전문대졸
1959,9f6b0f6847944d40a5b65668fdf2229f,남자,44,부산,2~3년제 전문대학,데스크 안내원,남성,5,40대,부산광역시,전문대졸
1960,e4a1de1d241146f3b27d1303f2093a01,남자,40,경상북,4년제 대학교,무직,남성,5,40대,경상북도,대졸
1961,ee51e2b1183d41568e78ab0f4f2087fb,남자,47,서울,4년제 대학교,범용 소프트웨어 프로그래머,남성,5,40대,서울특별시,대졸
1962,036847acaa754d149153d1310f8a6271,남자,48,서울,고등학교,강구조물 가공원,남성,5,40대,서울특별시,고졸
1963,5fd068a9bb044c88be12fa3241d3530b,남자,43,경상북,4년제 대학교,교육 및 훈련 사무원,남성,5,40대,경상북도,대졸
1964,63ca655af4a144b69f1f9080c5074162,남자,41,울산,4년제 대학교,공공행정 사무원,남성,5,40대,울산광역시,대졸
1965,7a374ee9b0da4772b837d5a1f2aece75,남자,46,충청북,2~3년제 전문대학,무직,남성,5,40대,충청북,전문대졸
1966,4cd5ab7ed2d64275a200341b34fc4a84,남자,45,전북,중학교,그 외 제조 관련 단순 종사원,남성,5,40대,전북특별자치도,중졸
1967,fcb91eaa9a7a43d296430ab6e959824c,남자,48,부산,2~3년제 전문대학,화학물 증류기 및 반응기 조작원,남성,5,40대,부산광역시,전문대졸
1968,6b08dde117944a63841aef63108c846e,남자,46,서울,4년제 대학교,정보 보안 전문가,남성,5,40대,서울특별시,대졸
1969,0ae026c3e10f4bed9938a3367a1b4207,남자,40,서울,4년제 대학교,관세행정 사무원,남성,5,40대,서울특별시,대졸
1970,a348608d58904a649a9f2375f8a0fa64,남자,41,인천,4년제 대학교,고무·플라스틱 기술자 및 연구원,남성,5,40대,인천광역시,대졸
1971,6073fcb25b724591aef72e875fe32a63,남자,49,서울,대학원,경영 기획 사무원,남성,5,40대,서울특별시,대학원졸
1972,cf0e51ec7a564d329eee061a62196efa,남자,48,경기,고등학교,방송케이블 설치 및 수리원,남성,5,40대,경기도,고졸
1973,77312a1dc436413c9add57bab47c6f3f,남자,44,인천,2~3년제 전문대학,무직,남성,5,40대,인천광역시,전문대졸
1974,2e70c3f64c6e4c9e8a910a4d25b41813,남자,49,경기,고등학교,무직,남성,5,40대,경기도,고졸
1975,d67d9bbcd3e646e88469a685c31b79c3,남자,46,경기,고등학교,무직,남성,5,40대,경기도,고졸
1976,0bfb03fd97824fe08913265c94b74363,남자,43,서울,4년제 대학교,산업 안전원,남성,5,40대,서울특별시,대졸
1977,849c3c12919a4938ab069a42f04167d3,남자,44,경기,4년제 대학교,회계 사무원,남성,5,40대,경기도,대졸
1978,ecdb479f6d794a72a3609e0dd7d54e1b,남자,49,서울,고등학교,그 외 법률 관련 사무원,남성,5,40대,서울특별시,고졸
1979,eab297a0664b47168190c442b09a6462,남자,42,대구,2~3년제 전문대학,도로운송 사무원,남성,5,40대,대구광역시,전문대졸
1980,097512115eb7446b84db590f318b9660,남자,48,경기,4년제 대학교,"전직 관세행정 사무원, 현재 구직중",남성,5,40대,경기도,대졸
1981,0b2b9e05990648d895be52f94c81dc7e,남자,45,경기,고등학교,경·소형 화물차 운전원,남성,5,40대,경기도,고졸
1982,1eaca5bd0a73430ebf8c47c46fe410e4,남자,42,서울,4년제 대학교,한복 제조원,남성,5,40대,서울특별시,대졸
1983,3087d4c3c5ef4ed5badae554dcdc4052,남자,40,대전,고등학교,"전직 건물 경비원, 현재 구직중",남성,5,40대,대전광역시,고졸
1984,1134a28aba634faba7bdd3532b0db42f,남자,45,강원,고등학교,그 외 법률 관련 사무원,남성,5,40대,강원특별자치도,고졸
1985,59066df7821947ee89be1c958b75cafa,남자,41,경기,2~3년제 전문대학,자재 관리 사무원,남성,5,40대,경기도,전문대졸
1986,c0200b80bdee4fc091bd90a6fc9f5a9f,남자,46,경기,고등학교,중형 화물차 운전원,남성,5,40대,경기도,고졸
1987,ee1a5d1bf4644290ae942ea557bb140c,남자,40,서울,4년제 대학교,무직,남성,5,40대,서울특별시,대졸
1988,81ad77f178d741c8b613b75d0e0880ad,남자,48,서울,4년제 대학교,무직,남성,5,40대,서울특별시,대졸
1989,5e0e8cd6fb414f8faf67d842161314f1,남자,47,경기,대학원,통신기기 기술자 및 연구원,남성,5,40대,경기도,대학원졸
1990,de2036522b6845f697138d547f5e38a7,남자,43,경기,고등학교,건물 경비원,남성,5,40대,경기도,고졸
1991,26f15e15df4e468e9f2914b81ddacf40,남자,49,충청남,고등학교,철도운송 사무원,남성,5,40대,충청남,고졸
1992,958358d13839401fa84e480d3c029261,남자,41,울산,4년제 대학교,자동차공학 기술자 및 연구원,남성,5,40대,울산광역시,대졸
1993,677388203ece40929fd6043dd19500cd,남자,48,경기,2~3년제 전문대학,정보 시스템 운영자,남성,5,40대,경기도,전문대졸
1994,0ac0ff7d41274f719347f6ca6bb7495c,남자,44,경기,4년제 대학교,소방설계 기술자 및 연구원,남성,5,40대,경기도,대졸
1995,d1a17b3f5ccd424d93fb322a020d3870,남자,43,광주,2~3년제 전문대학,무직,남성,5,40대,광주광역시,전문대졸
1996,61ffee3600614d97837a4ea2605e0907,남자,44,광주,2~3년제 전문대학,조사 전문가,남성,5,40대,광주광역시,전문대졸
1997,3dd43911f89d40e5b6f5b80bb8c3b239,남자,46,부산,고등학교,119 구조대원,남성,5,40대,부산광역시,고졸
1998,46ddea79c66d4a419be80a52c0198688,남자,47,전라남,2~3년제 전문대학,건물 경비원,남성,5,40대,전라남,전문대졸
1999,4dd8aeced3484a6f9960f22d5e6872a2,남자,45,부산,고등학교,경·소형 화물차 운전원,남성,5,40대,부산광역시,고졸
2000,173708ef0e4c402bacd49cf6a2d58f1d,남자,41,서울,4년제 대학교,영업 관리 사무원,남성,5,40대,서울특별시,대졸
2001,02bc2a588d804f1c8188ebc1aee40d4c,남자,40,서울,2~3년제 전문대학,사무 보조원,남성,5,40대,서울특별시,전문대졸
2002,a934bb9260af4e409ff725417d280591,남자,42,대전,2~3년제 전문대학,회계 사무원,남성,5,40대,대전광역시,전문대졸
2003,70154a4f47aa4523baa9ec92926c9137,남자,49,경상북,4년제 대학교,그 외 환경공학 관련 시험원,남성,5,40대,경상북도,대졸
2004,6242ef42ace64878a8204a06969a647c,남자,41,경기,4년제 대학교,그 외 일반 영업원,남성,5,40대,경기도,대졸
2005,d1d575074e834366875dc4977f31a969,남자,47,인천,고등학교,플랜트 전기 설치원,남성,5,40대,인천광역시,고졸
2006,fc21727b5f61465c96c9fa242dcf7d0c,남자,44,경기,4년제 대학교,조사 전문가,남성,5,40대,경기도,대졸
2007,5b753f1f41f34e7ba105ac36f9f29fe0,남자,47,경상남,고등학교,판금원,남성,5,40대,경상남도,고졸
2008,1acb4ec9d8834899a86cd56ab5c113b6,남자,45,서울,대학원,출판물 편집자,남성,5,40대,서울특별시,대학원졸
2009,01a9424ec04749e89ff14bd683d3670b,남자,47,충청북,고등학교,전화 상담원,남성,5,40대,충청북,고졸
2010,5da21b23e80049f49655a91dab4e6d93,남자,41,경기,4년제 대학교,경영 기획 사무원,남성,5,40대,경기도,대졸
2011,c2b8895f6f17424eb6d71f05e3acc229,남자,40,전라남,4년제 대학교,무직,남성,5,40대,전라남,대졸
2012,9881642db091452a8e6d91ffba496001,남자,44,경기,중학교,건물 경비원,남성,5,40대,경기도,중졸
2013,c9807506505f4418a1baf1dc5e6f58f3,남자,42,경상남,고등학교,그 외 용접원,남성,5,40대,경상남도,고졸
2014,86e9486788f349438e175ba8ca802b3c,남자,42,경상북,2~3년제 전문대학,지게차 운전원,남성,5,40대,경상북도,전문대졸
2015,89d0a26dd9fc405482126b32fd63724f,남자,40,경기,2~3년제 전문대학,크레인 운전원,남성,5,40대,경기도,전문대졸
2016,3cbc1029fdbc47689ae44ba4d9c40047,남자,45,서울,2~3년제 전문대학,철도운송 관련 종사원,남성,5,40대,서울특별시,전문대졸
2017,ab11fd1d668e4031a7d5e4ed6a52af46,남자,47,울산,4년제 대학교,소규모 상점 경영자,남성,5,40대,울산광역시,대졸
2018,1f5028e2fa6940d2ad8a4352a8c15774,남자,49,인천,대학원,"전직 인사 및 노무 사무원, 현재 구직중",남성,5,40대,인천광역시,대학원졸
2019,a8187e7f1dfc4ad58d5c10e6076fc55d,남자,44,경기,4년제 대학교,경영 컨설턴트,남성,5,40대,경기도,대졸
2020,c09e22c755e9423b982dc722fe229265,남자,43,경기,대학원,경영 컨설턴트,남성,5,40대,경기도,대학원졸
2021,7806bece58dd4edc9f1f8a7e52532a36,남자,42,광주,2~3년제 전문대학,보건 위생 검사원,남성,5,40대,광주광역시,전문대졸
2022,162c77cd11ad4536b4dee78d24b2221a,남자,40,부산,4년제 대학교,무직,남성,5,40대,부산광역시,대졸
2023,edc6b790f6d24121962845e9b67c02cc,남자,46,대구,고등학교,시설 경비원,남성,5,40대,대구광역시,고졸
2024,090c380054c84e97a7de7f90e8601277,남자,43,경기,4년제 대학교,플랜트공학 기술자 및 연구원,남성,5,40대,경기도,대졸
2025,fb0149794ffa4b228935a7dcdeaf3c13,남자,41,서울,고등학교,강구조물 건립원,남성,5,40대,서울특별시,고졸
2026,c44b0069d5b0400b811a0c8e97f7e016,남자,49,경기,4년제 대학교,생산관리 사무원,남성,5,40대,경기도,대졸
2027,0ed7e5f16c7b4da1a2c3f2aff9bbe344,남자,43,서울,4년제 대학교,무직,남성,5,40대,서울특별시,대졸
2028,d05659374e1e40f5831233c433fcd3e6,남자,48,서울,고등학교,그 외 조리사,남성,5,40대,서울특별시,고졸
2029,46990f1807e54721abc0a9357bde6ffc,남자,46,경기,4년제 대학교,무직,남성,5,40대,경기도,대졸
2030,82b0305e390542acac54e33a0ffa38f8,남자,49,경기,2~3년제 전문대학,철도운송 관련 종사원,남성,5,40대,경기도,전문대졸
2031,0b22630c320a41bea7546ef3dff155cc,남자,40,대구,고등학교,잠수 기능원,남성,5,40대,대구광역시,고졸
2032,180010d7db284797afe3231dc7c5eaf2,남자,40,울산,고등학교,사무 보조원,남성,5,40대,울산광역시,고졸
2033,83ddccbde9d54fdda8de85cb61a65ecb,남자,42,서울,4년제 대학교,무직,남성,5,40대,서울특별시,대졸
2034,9c731f2062114daa81ed3b131da6ed2b,남자,49,강원,4년제 대학교,농약 및 비료 시험원,남성,5,40대,강원특별자치도,대졸
2035,058a18bb4fd84acb949250adc413dc69,남자,41,인천,2~3년제 전문대학,그 외 운송장비 정비원,남성,5,40대,인천광역시,전문대졸
2036,bbddacecda4948f28b294b9fcd5985f2,남자,47,경기,대학원,영업 관리 사무원,남성,5,40대,경기도,대학원졸
2037,fb45050c9782407da1eedaf1dc68cc75,남자,45,서울,4년제 대학교,식품 영업원,남성,5,40대,서울특별시,대졸
2038,1c643eef15914425bf81f2b4628ce298,남자,46,광주,4년제 대학교,자동차공학 기술자 및 연구원,남성,5,40대,광주광역시,대졸
2039,905d51f60c61407db9372e2d2122ad88,남자,41,경기,고등학교,소규모 상점 경영자,남성,5,40대,경기도,고졸
2040,3d2a652a575a4679be9ca760af7bf1ac,남자,49,대전,2~3년제 전문대학,정보 시스템 운영자,남성,5,40대,대전광역시,전문대졸
2041,725bb0947421434d974b53f1f65b04d5,남자,42,대전,2~3년제 전문대학,해군 장교,남성,5,40대,대전광역시,전문대졸
2042,88e45de423074c3086b2f2e1c98df3b0,남자,41,경기,4년제 대학교,소방시설 공사 기술자 및 연구원,남성,5,40대,경기도,대졸
2043,4c5ab4647a874810ba5ee4d6db73db71,남자,40,경기,2~3년제 전문대학,무직,남성,5,40대,경기도,전문대졸
2044,2ed8f43ebe344c2b999c353fe0f4aab6,남자,49,부산,4년제 대학교,음식료품 판매원,남성,5,40대,부산광역시,대졸
2045,da1c273960284801809633c596da01e5,남자,49,경상남,고등학교,용융 도금기 조작원,남성,5,40대,경상남도,고졸
2046,a510cd14b67944a8a0d28faf94ed242f,남자,48,경상북,4년제 대학교,기계제품 생산 관리자,남성,5,40대,경상북도,대졸
2047,fd379696def246e6a013c9a275a0aff2,남자,45,경기,4년제 대학교,전자제품 개발 기술자 및 연구원,남성,5,40대,경기도,대졸
2048,01be3932814e4f889d5c80747a370195,남자,47,제주,4년제 대학교,토목 관련 관리자,남성,5,40대,제주특별자치도,대졸
2049,ff254af9e4074f089aa31953395be7c9,남자,47,대구,2~3년제 전문대학,통신장비 기사,남성,5,40대,대구광역시,전문대졸
2050,3d98c384f54e4e8095d0c54eaaab87d2,남자,42,경기,무학,하역 및 적재 관련 단순 종사원,남성,5,40대,경기도,무학
2051,b5b61a27646240ca9701e0f54d1c1d24,남자,47,경기,4년제 대학교,무직,남성,5,40대,경기도,대졸
2052,b1095d77336f4676bd25e3ec30ff7cec,남자,48,충청남,4년제 대학교,특허 사무원,남성,5,40대,충청남,대졸
2053,2808a12d14994e1ca5111fa1edcbc331,남자,44,서울,고등학교,인쇄 관련 기능 종사원,남성,5,40대,서울특별시,고졸
2054,8ada0092679940eab8ea77f3a44a7a93,남자,43,서울,2~3년제 전문대학,단말기 및 통신 서비스 판매원,남성,5,40대,서울특별시,전문대졸
2055,ac0848e4986d493b925363c0de5534f5,남자,48,대전,대학원,조선공학 기술자 및 연구원,남성,5,40대,대전광역시,대학원졸
2056,e79b09133d8c49eca4f6cbc345251551,남자,45,강원,4년제 대학교,선장,남성,5,40대,강원특별자치도,대졸
2057,6c14396c9eba4c3d9c652655d8553625,남자,49,충청남,대학원,경영 기획 사무원,남성,5,40대,충청남,대학원졸
2058,2e56c9280d4b46b8b68e2cb50027c125,남자,45,서울,2~3년제 전문대학,119 구조대원,남성,5,40대,서울특별시,전문대졸
2059,e5d5373a6cf745e38eca637a4f183414,남자,47,서울,4년제 대학교,교육 및 훈련 사무원,남성,5,40대,서울특별시,대졸
2060,fb2bc564d42442029e17e8464d8a354b,남자,42,전북,2~3년제 전문대학,중고차 영업원,남성,5,40대,전북특별자치도,전문대졸
2061,27fbce41b5c04cf7a4d7aefa69da0bcd,남자,43,경기,2~3년제 전문대학,산업용로봇 조작원,남성,5,40대,경기도,전문대졸
2062,b29c213875ff4c31ad7e117b9682b40d,남자,41,대전,4년제 대학교,그 외 법률 관련 사무원,남성,5,40대,대전광역시,대졸
2063,2265e417bc0f44f194c4f6df2e2ac0b3,남자,48,전북,고등학교,일식 조리사,남성,5,40대,전북특별자치도,고졸
2064,42c77e9623864035af93839ff183c1d8,남자,46,경기,대학원,자동차 부품 기술 영업원,남성,5,40대,경기도,대학원졸
2065,36d74c0453fd4c5880f82b5ffd9eb4f0,남자,45,충청북,고등학교,지게차 운전원,남성,5,40대,충청북,고졸
2066,a4e26a0cc48943fd8d5b34b431d45e7f,남자,44,대전,2~3년제 전문대학,인사 및 노무 사무원,남성,5,40대,대전광역시,전문대졸
2067,4ba10cb3f37b49088f8f38da6b9ad951,남자,46,대전,고등학교,그 외 물품 이동 장비 조작원,남성,5,40대,대전광역시,고졸
2068,c21341ea730c42ecb45f4aa9a5fdaee5,남자,45,경기,중학교,그 외 환경미화원 및 재활용품 수거원,남성,5,40대,경기도,중졸
2069,386725ee3f8846a385b23012ecbaeb14,남자,43,전라남,대학원,축산 및 수의학 연구원,남성,5,40대,전라남,대학원졸
2070,daa319fb311947139c5cb324c7dd8847,남자,49,경기,고등학교,강구조물 건립원,남성,5,40대,경기도,고졸
2071,fd927bcbf05a4636a76f43aab6112455,남자,43,울산,고등학교,컴퓨터 시스템 설계 및 분석가,남성,5,40대,울산광역시,고졸
2072,a15f1a749c9e45989c59360525fc915e,남자,46,서울,대학원,무직,남성,5,40대,서울특별시,대학원졸
2073,49b4a10b65274210b0fa3473639d7079,남자,41,경상남,고등학교,수동 포장원,남성,5,40대,경상남도,고졸
2074,6bc6696888004454b13373430af3ed6a,남자,43,서울,대학원,석유화학 기술자 및 연구원,남성,5,40대,서울특별시,대학원졸
2075,e44a5759fa2a4a69b5a7c286b2c33133,남자,45,경기,고등학교,무직,남성,5,40대,경기도,고졸
2076,fa1fcfb0017b4b4d8c2fd9fb90935c53,남자,42,인천,2~3년제 전문대학,금형원,남성,5,40대,인천광역시,전문대졸
2077,ffeb3969d6e84d8196cd39b4a666b5c2,남자,46,경상남,2~3년제 전문대학,건물 전기 및 전자설비 조작원,남성,5,40대,경상남도,전문대졸
2078,ae9d60a9a1a946b083a3b1dbff380423,남자,41,부산,2~3년제 전문대학,자동 조립라인 조작원,남성,5,40대,부산광역시,전문대졸
2079,ad51c1f95ebf490383aa7004be563526,남자,45,서울,4년제 대학교,경영 기획 사무원,남성,5,40대,서울특별시,대졸
2080,986930502e10455fa2c6dbcfcf11a211,남자,49,경기,4년제 대학교,119 구조대원,남성,5,40대,경기도,대졸
2081,2a787cace04542c1a9b7c9143c051960,남자,48,충청북,4년제 대학교,플랜트공학 기술자 및 연구원,남성,5,40대,충청북,대졸
2082,89d9c6b9d3aa484186e21b7c3f9ca768,남자,44,충청북,4년제 대학교,산업용로봇 조작원,남성,5,40대,충청북,대졸
2083,788fb4b2a56f4a53bf766d44e3fdcb62,남자,44,서울,고등학교,한식 조리사,남성,5,40대,서울특별시,고졸
2084,782da524cf384dc7ac8d83dfb101e267,남자,45,강원,4년제 대학교,그 외 스포츠 및 레크리에이션 관련 전문가,남성,5,40대,강원특별자치도,대졸
2085,8efa88cc64d247ae9fb9031a077e1c2c,남자,40,경기,2~3년제 전문대학,네트워크 시스템 개발자,남성,5,40대,경기도,전문대졸
2086,bd639c3d7adf47e780a81f710098df17,남자,40,광주,고등학교,금형원,남성,5,40대,광주광역시,고졸
2087,e00f77a0992d4f468d0c665c400d4e60,남자,46,경기,초등학교,건물 청소원,남성,5,40대,경기도,초졸이하
2088,8511d0bbbd094c24930c814ca0570a48,남자,48,제주,4년제 대학교,전기 감리 기술자 및 연구원,남성,5,40대,제주특별자치도,대졸
2089,020bf725184f475d802eb3e35f487e0f,남자,41,충청북,2~3년제 전문대학,회계 사무원,남성,5,40대,충청북,전문대졸
2090,cd1203bc5b5d45ddae7064c878e283c1,남자,49,대구,고등학교,무직,남성,5,40대,대구광역시,고졸
2091,5dbf8aff752545c59967d4e683846df3,남자,46,전라남,고등학교,매장 계산원,남성,5,40대,전라남,고졸
2092,6469805072004d17bfb1d60784a6d4c0,남자,40,서울,4년제 대학교,그 외 철도 및 전동차 기관사,남성,5,40대,서울특별시,대졸
2093,6da4c258c5b444e299434fbc18a02295,남자,46,경상북,중학교,육군 부사관,남성,5,40대,경상북도,중졸
2094,18b57864dada465594c9410dabc15116,남자,43,경상남,4년제 대학교,품질 관리 사무원,남성,5,40대,경상남도,대졸
2095,211705f362c042eba1200e1340478245,남자,48,전북,4년제 대학교,회계사,남성,5,40대,전북특별자치도,대졸
2096,6cd49f94f7834216b711455677430e4e,남자,43,경기,4년제 대학교,데이터 관리 및 운영자,남성,5,40대,경기도,대졸
2097,3293735baac843e0b66344fed454d44d,남자,48,경기,고등학교,위성방송 안테나 설치 및 수리원,남성,5,40대,경기도,고졸
2098,0bf6281be5984467a81129a55708fe95,남자,49,경기,고등학교,그 외 자동차 운전원,남성,5,40대,경기도,고졸
2099,0be5a700abec4514b763beebb9181314,남자,48,경기,대학원,마케팅 전문가,남성,5,40대,경기도,대학원졸
2100,9f1bd3663ee94627a4d0a52ea1f9e4be,남자,48,대전,4년제 대학교,토목 제도사,남성,5,40대,대전광역시,대졸
2101,898c93b753224b3cb98f263f9e1c3e3d,남자,49,대전,고등학교,무직,남성,5,40대,대전광역시,고졸
2102,559330a73ad743daa6f690b66380c5aa,남자,48,경기,대학원,기업 고위 임원,남성,5,40대,경기도,대학원졸
2103,f34f94293a7643f99243059dd43c5489,남자,45,전라남,중학교,그 외 전기·전자기기 설치 및 수리원,남성,5,40대,전라남,중졸
2104,4ab2e29bb2a1472699083f3d557b14aa,남자,42,부산,4년제 대학교,그 외 기계 조작원,남성,5,40대,부산광역시,대졸
2105,fa967859b44449cd8d1af2afe329f0c2,남자,44,대구,4년제 대학교,무직,남성,5,40대,대구광역시,대졸
2106,a346ce73ae6947da87861179ed16d262,남자,47,경기,고등학교,우편집배원,남성,5,40대,경기도,고졸
2107,369017a025d34592b10f6def45968369,남자,49,부산,고등학교,하역 및 적재 관련 단순 종사원,남성,5,40대,부산광역시,고졸
2108,84d17a1895fe45d19c8580f10691f902,남자,44,경기,고등학교,전기 용접원,남성,5,40대,경기도,고졸
2109,e7e36fdf9ea14cb6b123cfd786b89e3c,남자,44,경기,4년제 대학교,교도관,남성,5,40대,경기도,대졸
2110,ff2a6e7f73244afcb962450a9bba751e,남자,42,경기,고등학교,경·소형 화물차 운전원,남성,5,40대,경기도,고졸
2111,acfbcf14ca0c4ed58bc3ecd5a21be859,남자,42,서울,4년제 대학교,투자 권유 대행인,남성,5,40대,서울특별시,대졸
2112,0eba268fc1474158953bdcd7183734f3,남자,45,서울,고등학교,광고 전문가,남성,5,40대,서울특별시,고졸
2113,0e13fcad93574c44a01cd50e27253300,남자,44,서울,대학원,철도운송 사무원,남성,5,40대,서울특별시,대학원졸
2114,009fed5c929747ca9fa065acc4343c69,남자,40,광주,4년제 대학교,사무 보조원,남성,5,40대,광주광역시,대졸
2115,ce9cd4153023430bb95f6abbb1e296ed,남자,44,경기,대학원,일반 의사,남성,5,40대,경기도,대학원졸
2116,329d185fdf7946a2817c8f8893f8a91d,남자,43,경기,2~3년제 전문대학,그 외 일반 영업원,남성,5,40대,경기도,전문대졸
2117,298bd3e5a9af434587ba15467624af54,남자,43,경기,4년제 대학교,발전설비 기술자 및 연구원,남성,5,40대,경기도,대졸
2118,68341b25d7574e9c91310c6c30ae2f28,남자,45,경상북,2~3년제 전문대학,수리 및 정비 관련 관리자,남성,5,40대,경상북도,전문대졸
2119,8fd0506f2e8b457a8950daff16eb688b,남자,44,부산,4년제 대학교,무직,남성,5,40대,부산광역시,대졸
2120,e5e5574b589349a59ad3df15d13a9289,남자,44,서울,4년제 대학교,여행 사무원,남성,5,40대,서울특별시,대졸
2121,570649cde38d45f08a3938573aff405d,남자,43,경기,4년제 대학교,건축감리 기술자,남성,5,40대,경기도,대졸
2122,5683af6ff3184ca087f19d7b667841eb,남자,40,서울,4년제 대학교,마케팅 전문가,남성,5,40대,서울특별시,대졸
2123,3f69895c176f469daad84ce2052a7a3f,남자,45,부산,고등학교,"전직 그 외 제조 관련 단순 종사원, 현재 구직중",남성,5,40대,부산광역시,고졸
2124,a94a91818856484fb6f1ac0b53e040c0,남자,47,충청남,4년제 대학교,공군 장교,남성,5,40대,충청남,대졸
2125,861ea6e2ea3e41bb9b3b49c32983e514,남자,40,경기,4년제 대학교,품질 관리 사무원,남성,5,40대,경기도,대졸
2126,e765b3af7817452d892f3ad63084ea10,남자,44,강원,고등학교,교육 및 훈련 사무원,남성,5,40대,강원특별자치도,고졸
2127,29bccd0fb6b44eb9b9cac01b3c625f20,남자,44,경기,2~3년제 전문대학,승용차 및 승합차 운전원,남성,5,40대,경기도,전문대졸
2128,461e2cba2218436ca54a93237ddcda27,남자,44,제주,2~3년제 전문대학,무직,남성,5,40대,제주특별자치도,전문대졸
2129,8b4bd52059b54aef9a1230f41d413806,남자,49,전라남,2~3년제 전문대학,전기 용접원,남성,5,40대,전라남,전문대졸
2130,306b36ca8aea4130b6f7e792c6c0796d,남자,48,경상남,고등학교,자동차 판금 정비원,남성,5,40대,경상남도,고졸
2131,8bd0570c3f0e46758d3910ce4afb7766,남자,42,충청남,2~3년제 전문대학,도로운송 사무원,남성,5,40대,충청남,전문대졸
2132,f881e7a9b1e84b7d80c3f8a3315b8228,남자,44,경기,4년제 대학교,그 외 법률 관련 사무원,남성,5,40대,경기도,대졸
2133,16b18a874d504b9c84686a9ea642f20b,남자,40,강원,고등학교,무직,남성,5,40대,강원특별자치도,고졸
2134,279fbe49b03147ae9bf4b4b279612a52,남자,47,경기,2~3년제 전문대학,회계 사무원,남성,5,40대,경기도,전문대졸
2135,c8542369f4a34aef9fe89e8fc002cc4c,남자,48,경상북,대학원,기업 고위 임원,남성,5,40대,경상북도,대학원졸
2136,bcf46587146c4e81889f6b6cac624e05,남자,41,대구,2~3년제 전문대학,시설 경비원,남성,5,40대,대구광역시,전문대졸
2137,799c9822e57c46ce9ba4ef6c73d556b3,남자,45,인천,고등학교,하역 및 적재 관련 단순 종사원,남성,5,40대,인천광역시,고졸
2138,81905be66e08472cb8893d40a1de4447,남자,40,충청남,고등학교,교육 및 훈련 사무원,남성,5,40대,충청남,고졸
2139,e3044eab14494db4bc0b701aaf2f4080,남자,43,경기,4년제 대학교,무직,남성,5,40대,경기도,대졸
2140,14b90d588ce048d9a14c8fb7d61ae036,남자,40,부산,고등학교,청원경찰,남성,5,40대,부산광역시,고졸
2141,3cbbe5f34f9647a69ad8af54f9095652,남자,43,충청북,4년제 대학교,철도운송 사무원,남성,5,40대,충청북,대졸
2142,43dd59f251ff481d97cb4b6f9519d232,남자,42,서울,고등학교,건물 경비원,남성,5,40대,서울특별시,고졸
2143,aaf6291879dc446bab7ac6ab0b88e611,남자,46,경기,4년제 대학교,전기 감리 기술자 및 연구원,남성,5,40대,경기도,대졸
2144,afcea4a13e0849729a3cf2a32e4fe7ea,남자,42,인천,고등학교,지게차 운전원,남성,5,40대,인천광역시,고졸
2145,d2a7a1fa64c6442abae3344a020f77b3,남자,43,경기,4년제 대학교,그 외 법률 관련 사무원,남성,5,40대,경기도,대졸
2146,c6408f422af4418fb5f3510aaf0b9295,남자,43,전북,2~3년제 전문대학,소규모 상점 경영자,남성,5,40대,전북특별자치도,전문대졸
2147,1f7578c333f84e86a7af154700a9ef0e,남자,44,제주,고등학교,건물 경비원,남성,5,40대,제주특별자치도,고졸
2148,560684c63b4c4f4eae3bcc2d212cc918,남자,46,강원,4년제 대학교,여행 사무원,남성,5,40대,강원특별자치도,대졸
2149,545b2dcf548d4f2698e87df8a280cb58,남자,40,경기,4년제 대학교,무직,남성,5,40대,경기도,대졸
2150,5720f8de6c9545a28fdaa6bd89c664e1,남자,47,전라남,고등학교,그 외 도장기 조작원,남성,5,40대,전라남,고졸
2151,a4b9ae9a9a4148a6b8455a0d05495c4a,남자,41,대구,2~3년제 전문대학,그 외 산업 전기 설치원,남성,5,40대,대구광역시,전문대졸
2152,bbdcb233c74f4d1c8f66f0cf262a72ba,남자,46,서울,4년제 대학교,"전직 경영 기획 사무원, 현재 구직중",남성,5,40대,서울특별시,대졸
2153,eb1b9748952041bd8eb32ac23c08b671,남자,47,경기,2~3년제 전문대학,시설 경비원,남성,5,40대,경기도,전문대졸
2154,71c50f21d26641fea43cf85e13367cc9,남자,43,서울,4년제 대학교,자재 관리 사무원,남성,5,40대,서울특별시,대졸
2155,f8aa9416bd5b4344bab17c7822d2f6ce,남자,43,경기,4년제 대학교,위험 관리원,남성,5,40대,경기도,대졸
2156,f38d2f3c03c94055b04050c90732076c,남자,43,부산,대학원,경영 기획 사무원,남성,5,40대,부산광역시,대학원졸
2157,8ea61f26db5a489c8ece3e9b5eedd89b,남자,43,경상북,4년제 대학교,건물 경비원,남성,5,40대,경상북도,대졸
2158,234e5f9edf6944f69c8b3c6fd5124404,남자,40,충청남,4년제 대학교,회계 사무원,남성,5,40대,충청남,대졸
2159,872f90af49ee4de88da4c0eb28f78e1e,남자,41,광주,고등학교,무직,남성,5,40대,광주광역시,고졸
2160,7d2863feb23e4e09abae0b8bec304b8b,남자,49,충청남,고등학교,단말기 및 통신 서비스 판매원,남성,5,40대,충청남,고졸
2161,e3cb183c68e64984b879891f2d3f47fe,남자,48,충청북,4년제 대학교,그 외 물품 이동 장비 조작원,남성,5,40대,충청북,대졸
2162,96128cb8d0b44186b15fbfc04bd2b3dc,남자,43,울산,2~3년제 전문대학,조사 전문가,남성,5,40대,울산광역시,전문대졸
2163,ff649e7ad0ea4b9d9836cdd58fb37f85,남자,48,대구,4년제 대학교,조사 전문가,남성,5,40대,대구광역시,대졸
2164,20c0b713e947481791ec40357217d911,남자,48,전북,2~3년제 전문대학,지게차 운전원,남성,5,40대,전북특별자치도,전문대졸
2165,4e774a972b454fdcab03b9ddde3fa978,남자,44,대전,4년제 대학교,경기 기록원,남성,5,40대,대전광역시,대졸
2166,a98f6b1c3cde461bb0c7cb2640f75acc,남자,41,경기,4년제 대학교,경리 사무원,남성,5,40대,경기도,대졸
2167,0b250da3d8be4bef957df5d76448f69b,남자,44,서울,고등학교,그 외 법률 관련 사무원,남성,5,40대,서울특별시,고졸
2168,971ae753ad9247489a952c494375ed7e,남자,45,부산,2~3년제 전문대학,경리 사무원,남성,5,40대,부산광역시,전문대졸
2169,5aa4e7d54fc2412a93dfc9683c01e09b,남자,43,전라남,고등학교,중형 화물차 운전원,남성,5,40대,전라남,고졸
2170,b3f195754bfd4a0dac8fe1354af53974,남자,41,경상남,4년제 대학교,시스템 소프트웨어 설계 및 분석가,남성,5,40대,경상남도,대졸
2171,9b2ce6a82d844d23b7ad57226c75058c,남자,48,서울,고등학교,정보 보안 전문가,남성,5,40대,서울특별시,고졸
2172,b867d7b8f87849cf8fd512a6681e703d,남자,41,대전,중학교,정육가공원,남성,5,40대,대전광역시,중졸
2173,f7c7920551cb423b82557d3d99a17b0c,남자,45,대구,4년제 대학교,품질 관리 사무원,남성,5,40대,대구광역시,대졸
2174,10cb7f922d6745239e6947d497c802f7,남자,43,경상북,대학원,조사 전문가,남성,5,40대,경상북도,대학원졸
2175,010d624da80d4f42a1efe5caf90f145b,남자,43,광주,4년제 대학교,플랜트공학 기술자 및 연구원,남성,5,40대,광주광역시,대졸
2176,d278cec8d8cb4ae4a95743666e8c7382,남자,46,인천,고등학교,그 외 상점 판매원,남성,5,40대,인천광역시,고졸
2177,2f661c73f4d14b159e9dce016f9a06d4,남자,44,경기,2~3년제 전문대학,용접기 조작원,남성,5,40대,경기도,전문대졸
2178,a3a9865d2d4445cc9c0e3aab3496a459,남자,41,부산,고등학교,렌즈 및 프리즘 가공기 조작원,남성,5,40대,부산광역시,고졸
2179,04b1b48bebff4f3f9862a02f11147905,남자,43,충청남,대학원,국가행정 사무원,남성,5,40대,충청남,대학원졸
2180,dc3be4eed997405d9ad7f0dd7d9f6c10,남자,40,서울,고등학교,바텐더,남성,5,40대,서울특별시,고졸
2181,80537bb271a34fbcb52b568e67de5159,남자,43,전북,고등학교,관광버스 운전원,남성,5,40대,전북특별자치도,고졸
2182,2f4f8da48e8c4f31ae28d1491aca9a48,남자,42,경상북,2~3년제 전문대학,산업 안전원,남성,5,40대,경상북도,전문대졸
2183,dae6aa7d8f6e47b2bafe0868ac89b99b,남자,46,경기,고등학교,프레스기 및 절단기 조작원,남성,5,40대,경기도,고졸
2184,5958e8757d9949b9ab7bf993063ab8c9,남자,43,경기,대학원,경영 기획 사무원,남성,5,40대,경기도,대학원졸
2185,0942dc748e1a4294af4363c618884a76,남자,42,경상남,4년제 대학교,전기 안전 기술자 및 연구원,남성,5,40대,경상남도,대졸
2186,d79854290ade45209d233253868efba7,남자,48,서울,4년제 대학교,통신기기 기술자 및 연구원,남성,5,40대,서울특별시,대졸
2187,e6955e9a496f4959be81d84c9073f426,남자,40,서울,2~3년제 전문대학,그 외 물품 이동 장비 조작원,남성,5,40대,서울특별시,전문대졸
2188,197d4638e1644503af0b19d5c71b7e31,남자,40,전라남,4년제 대학교,무직,남성,5,40대,전라남,대졸
2189,b484e22d406e45d6a40a76227dbf6417,남자,48,광주,고등학교,그 외 법률 관련 사무원,남성,5,40대,광주광역시,고졸
2190,72932d276f7445f9bd177bab39d9a568,남자,49,경기,고등학교,무직,남성,5,40대,경기도,고졸
2191,aed335f4b3a84fc4af2f1be964226bef,남자,47,부산,고등학교,하역 및 적재 관련 단순 종사원,남성,5,40대,부산광역시,고졸
2192,7a72b037787e41408d6b8189628ea076,남자,46,인천,4년제 대학교,전기 용접원,남성,5,40대,인천광역시,대졸
2193,1f16f4b4fe584c1a9c59f8f4a7554217,남자,49,경기,대학원,치과 일반 의사,남성,5,40대,경기도,대학원졸
2194,79fd488bbca149308ce76deeeb1be477,남자,44,대전,4년제 대학교,국가행정 사무원,남성,5,40대,대전광역시,대졸
2195,5b2f67bd21974555921336ca0fbe56ce,남자,49,울산,고등학교,용접기 조작원,남성,5,40대,울산광역시,고졸
2196,9b23b0aad2674b28966b965c69ff0bd8,남자,49,서울,2~3년제 전문대학,타일 부착원,남성,5,40대,서울특별시,전문대졸
2197,529ac610089e45d8ba53b69c4da5bd69,남자,42,경기,4년제 대학교,품질 관리 사무원,남성,5,40대,경기도,대졸
2198,84aef4b9bdc848f48a8bd25a09c61354,남자,40,서울,4년제 대학교,무직,남성,5,40대,서울특별시,대졸
2199,0d90ed609a114ea489d060d2f994e63e,남자,40,서울,4년제 대학교,마케팅 관리자,남성,5,40대,서울특별시,대졸
2200,267a7a4bd8a64a868fb7f38e2c39f2ac,남자,48,서울,2~3년제 전문대학,온라인 쇼핑 판매원,남성,5,40대,서울특별시,전문대졸
2201,4e93d10371304c1eb2a053f0ebbcb3f5,남자,41,강원,고등학교,육군 부사관,남성,5,40대,강원특별자치도,고졸
2202,1d2aa6c24d434cad8412fffcd4a97e6d,남자,49,세종,4년제 대학교,자재 관리 사무원,남성,5,40대,세종특별자치시,대졸
2203,bf726376369141d792d1273d602e1d3c,남자,49,전라남,4년제 대학교,산업 안전원,남성,5,40대,전라남,대졸
2204,be59e07f16f047d191a5a4e45d9d2deb,남자,44,경기,4년제 대학교,육군 장교,남성,5,40대,경기도,대졸
2205,bbaa50f23c774e3688cf59e9316fb5e7,남자,49,서울,4년제 대학교,무직,남성,5,40대,서울특별시,대졸
2206,87102ed6457b4cbf9994b093d1db8747,남자,47,강원,4년제 대학교,플랜트공학 기술자 및 연구원,남성,5,40대,강원특별자치도,대졸
2207,a9af5bbb5ac94913b1faa1b2e985a63d,남자,49,경기,2~3년제 전문대학,전기 용접원,남성,5,40대,경기도,전문대졸
2208,a8f5651fa7604741b29910e772b6932f,남자,43,경상남,고등학교,전기 용접원,남성,5,40대,경상남도,고졸
2209,3c3d7db5d953417994483897f9209aa9,남자,41,세종,4년제 대학교,회계사,남성,5,40대,세종특별자치시,대졸
2210,22f3df558b4148119d51f5d9cf996b25,남자,44,인천,고등학교,그 외 기계장비 설치 및 정비원,남성,5,40대,인천광역시,고졸
2211,ee39b9c67d594821ad3eaf11c257ebd0,남자,49,경상북,4년제 대학교,금형공학 기술자 및 연구원,남성,5,40대,경상북도,대졸
2212,034fc6149abb40a7bb170335254a3488,남자,42,충청북,2~3년제 전문대학,제재기 조작원,남성,5,40대,충청북,전문대졸
2213,7170e428a9e0413f9e11124c58229dec,남자,47,경기,초등학교,무직,남성,5,40대,경기도,초졸이하
2214,79d8fbe06b774fc398fa50147dd1620a,남자,44,경기,고등학교,전기 용접원,남성,5,40대,경기도,고졸
2215,34c46849a25f4d20b28ca67fb18fc815,남자,47,경기,4년제 대학교,품질 관리 사무원,남성,5,40대,경기도,대졸
2216,eec4898c87ae43dfbbe007c2af8a5be6,남자,49,경기,2~3년제 전문대학,데이터 설계 및 프로그래머,남성,5,40대,경기도,전문대졸
2217,bdea105735f04a89b1bb11e550cffd79,남자,47,경상남,4년제 대학교,무직,남성,5,40대,경상남도,대졸
2218,30a4108ceb2e4c8c8652f12c5c1b9603,남자,49,울산,고등학교,게임 프로그래머,남성,5,40대,울산광역시,고졸
2219,a28bb321b80a4037859ecc0f8ac6c02f,남자,49,경기,고등학교,"전직 회계 사무원, 현재 구직중",남성,5,40대,경기도,고졸
2220,04374f1fa7bc43b49947a9d37d71d60c,남자,44,경기,2~3년제 전문대학,휠체어 리프트 설치 및 정비원,남성,5,40대,경기도,전문대졸
2221,c561aca57f544a3f86cbb6f8b1f26a2a,남자,40,서울,4년제 대학교,무직,남성,5,40대,서울특별시,대졸
2222,d3438c7d254842a7991423df22a3c41f,남자,46,대전,고등학교,도로포장기 및 롤러 운전원,남성,5,40대,대전광역시,고졸
2223,52057b4a23b64797b19956d26081401f,남자,43,울산,2~3년제 전문대학,자재 관리 사무원,남성,5,40대,울산광역시,전문대졸
2224,184c823eb9db42e9ae8762684c673ea4,남자,46,경기,4년제 대학교,무직,남성,5,40대,경기도,대졸
2225,48678c54f04c4ba9b404a4e831f3c1f1,남자,40,서울,대학원,전기 감리 기술자 및 연구원,남성,5,40대,서울특별시,대학원졸
2226,fa15d9dfddbd49749aaf97f32a0c0c6a,남자,42,서울,2~3년제 전문대학,철도운송 관련 종사원,남성,5,40대,서울특별시,전문대졸
2227,6ac950907284479fbe3f4ea3ad4f1967,남자,47,서울,대학원,식품학 연구원,남성,5,40대,서울특별시,대학원졸
2228,e8ca4c96be054cb89aa842cca1d7544e,남자,42,경기,고등학교,"전직 자동차 조립원, 현재 구직중",남성,5,40대,경기도,고졸
2229,2c665f44c28f43bebb09354f42a2e96c,남자,44,대구,4년제 대학교,금형공학 기술자 및 연구원,남성,5,40대,대구광역시,대졸
2230,3657b191b18644759286b7b54ea363f3,남자,43,경기,고등학교,방문 고객 상담원,남성,5,40대,경기도,고졸
2231,1c82e8b8da254997ab48e23ae79fbaf5,남자,45,인천,고등학교,그 외 법률 관련 사무원,남성,5,40대,인천광역시,고졸
2232,fe5c8dcb270f406bb683313584ae1919,남자,42,세종,4년제 대학교,육군 부사관,남성,5,40대,세종특별자치시,대졸
2233,fa24b53a9f6041fcb588e2ac54b09e20,남자,43,경기,4년제 대학교,경영 기획 사무원,남성,5,40대,경기도,대졸
2234,75aed80266cc4291a779f3a88ca4a912,남자,44,경기,고등학교,우편집배원,남성,5,40대,경기도,고졸
2235,0661bca3fdd74a58b3172b7545c43618,남자,47,경기,대학원,기업 고위 임원,남성,5,40대,경기도,대학원졸
2236,f635cf7c29794ed08f3475e7450d6d9d,남자,49,부산,고등학교,일반 비서,남성,5,40대,부산광역시,고졸
2237,068ac8df899c4773a4db1838f04c14d3,남자,42,경기,고등학교,지게차 운전원,남성,5,40대,경기도,고졸
2238,f8f9fe066b6642349d4104175a8db46c,남자,40,광주,4년제 대학교,범용 소프트웨어 프로그래머,남성,5,40대,광주광역시,대졸
2239,c0e11e1c4a7b405f82d9ad7e20e8c480,남자,48,전라남,2~3년제 전문대학,우편집배원,남성,5,40대,전라남,전문대졸
2240,97484693f61448b1a72ced90ac6e922c,남자,45,충청남,고등학교,도로운송 사무원,남성,5,40대,충청남,고졸
2241,f423f02de0e14d3b91e951510075cf6a,남자,40,경기,2~3년제 전문대학,그 외 법률 관련 사무원,남성,5,40대,경기도,전문대졸
2242,fa3a3f3d6a5046e4a7d2fe878c69b145,남자,48,경기,대학원,그 외 전자공학 기술자 및 연구원,남성,5,40대,경기도,대학원졸
2243,920a920033a94cb791b1a1000903b0ab,남자,44,인천,고등학교,강구조물 건립원,남성,5,40대,인천광역시,고졸
2244,23c60ebaabee4cfbbe68185b34163a79,남자,49,서울,4년제 대학교,전기 감리 기술자 및 연구원,남성,5,40대,서울특별시,대졸
2245,bf7d407de54147238519326f6369cf10,남자,48,경기,대학원,전자계측 제어 기술자 및 연구원,남성,5,40대,경기도,대학원졸
2246,d75ec3979fce4c35a52e2ef9f919f2fc,남자,43,서울,2~3년제 전문대학,전화 상담원,남성,5,40대,서울특별시,전문대졸
2247,eee2487b72c74569869c9891ca62cb9d,남자,42,경기,4년제 대학교,기업 고위 임원,남성,5,40대,경기도,대졸
2248,7fe3797c2d8f4cdbb95ccf9eccb8643c,남자,46,경기,4년제 대학교,그 외 일반 영업원,남성,5,40대,경기도,대졸
2249,61d6897a23634017984d8df7b9656378,남자,41,인천,고등학교,강구조물 건립원,남성,5,40대,인천광역시,고졸
2250,47457e41b2f045fea6b6fd6bbbcc797b,남자,43,대구,고등학교,그 외 시설 및 특수 경비원,남성,5,40대,대구광역시,고졸
2251,50bb71aa47bf41749970b3d6342799ec,남자,49,전북,4년제 대학교,무직,남성,5,40대,전북특별자치도,대졸
2252,365ee41130b54182bb80b3dd6b76db12,남자,48,대구,고등학교,운송장비 청소원,남성,5,40대,대구광역시,고졸
2253,067bbca0948248ce9600b666e7c4d3a4,남자,49,경기,4년제 대학교,산업 안전원,남성,5,40대,경기도,대졸
2254,95824065966747a5a252bef28177426f,남자,46,경기,중학교,그 외 물품 이동 장비 조작원,남성,5,40대,경기도,중졸
2255,0a12cea493564ebe8d13bed75d45c95d,남자,47,대구,중학교,무직,남성,5,40대,대구광역시,중졸
2256,1ec668fe589f4c1e99e033b5eb4d7148,남자,49,서울,4년제 대학교,변리사,남성,5,40대,서울특별시,대졸
2257,b55816a2939842b4b7e51ee9dcdec291,남자,42,경기,4년제 대학교,경영 기획 사무원,남성,5,40대,경기도,대졸
2258,1d6624f818a74f008ed359a6886cfc62,남자,46,경기,4년제 대학교,무직,남성,5,40대,경기도,대졸
2259,8447032995f44901915c69ca153110fc,남자,41,서울,4년제 대학교,교육 및 훈련 사무원,남성,5,40대,서울특별시,대졸
2260,76e3e8f92cea48f58c4b9609b7fedbe9,남자,48,서울,고등학교,경리 사무원,남성,5,40대,서울특별시,고졸
2261,2856e5f535794b72bd8fec5cade15597,남자,46,부산,2~3년제 전문대학,의류 판매원,남성,5,40대,부산광역시,전문대졸
2262,7338e88bb3214fec87ffcfe75c99b340,남자,41,경기,2~3년제 전문대학,특허 사무원,남성,5,40대,경기도,전문대졸
2263,d6636ad14a734ddcbe888ab3820a06f6,남자,40,경기,대학원,"전직 기업 고위 임원, 현재 구직중",남성,5,40대,경기도,대학원졸
2264,595ed66029e944c59c7c41050054deb2,남자,42,경기,4년제 대학교,회계사,남성,5,40대,경기도,대졸
2265,e7390248b66f46d7bc1741eba88e7532,남자,41,서울,4년제 대학교,"전직 그 외 산업 안전 및 위험 관리원, 현재 구직중",남성,5,40대,서울특별시,대졸
2266,f5d69b54b2db4fdcadf0c7654f4e3ff2,남자,49,경기,2~3년제 전문대학,네트워크 프로그래머,남성,5,40대,경기도,전문대졸
2267,1be7e5517e37411fa6ea038aa5e50e1f,남자,42,서울,대학원,기업 인수 및 합병 전문가,남성,5,40대,서울특별시,대학원졸
2268,1d2aa6c24d434cad8412fffcd4a97e6d,남자,49,세종,4년제 대학교,자재 관리 사무원,남성,5,40대,세종특별자치시,대졸
2269,27a4da339a3a4b438ee06ff54ce9fb8c,남자,40,부산,고등학교,승용차 및 승합차 운전원,남성,5,40대,부산광역시,고졸
2270,e12a0fc8bdc247c2b3dd0e6cf874100a,남자,46,경기,2~3년제 전문대학,철도운송 관련 종사원,남성,5,40대,경기도,전문대졸
2271,ba1586ce803249e098e6648abb5e1123,남자,46,경상남,4년제 대학교,경영 컨설턴트,남성,5,40대,경상남도,대졸
2272,a31ff8b55a7c4ff59d98ec8f5fa4471c,남자,46,서울,대학원,섬유 공정 개발 기술자 및 연구원,남성,5,40대,서울특별시,대학원졸
2273,ba22ccb76ebc44bf940acd9bf3ff5d3d,남자,44,서울,4년제 대학교,초등학교 교사,남성,5,40대,서울특별시,대졸
2274,3f6492784d3c40eaa5fd44e371278775,남자,42,전라남,고등학교,건물 청소원,남성,5,40대,전라남,고졸
2275,8c79182d31da4e19af17c9e78530f10b,남자,43,경기,대학원,품질 관리 사무원,남성,5,40대,경기도,대학원졸
2276,868969c54a8f4cce8a025cbad86b5867,남자,46,경상북,대학원,네트워크 시스템 개발자,남성,5,40대,경상북도,대학원졸
2277,56daf0b209f54d3ebdb8a2319e507615,남자,44,강원,4년제 대학교,정보 시스템 운영자,남성,5,40대,강원특별자치도,대졸
2278,519efd5435d4413b822a5b276ce74253,남자,57,서울,고등학교,그 외 고객 상담 사무원,남성,6,50대,서울특별시,고졸
2279,d9583ee5b0e349a699fdf780335da53f,남자,59,경상북,고등학교,경리 사무원,남성,6,50대,경상북도,고졸
2280,6ff140bd1dc24bc4b93944cb42c38c26,남자,52,경기,고등학교,화학기계 설치 및 정비원,남성,6,50대,경기도,고졸
2281,50750f895ffb4849b09c440e61b39300,남자,50,서울,고등학교,그 외 하역 및 적재 단순 종사원,남성,6,50대,서울특별시,고졸
2282,1ed66fa9193544d8802c5a6002e3042d,남자,51,경기,4년제 대학교,회계 사무원,남성,6,50대,경기도,대졸
2283,473630c31e3644dc9318850e7ce50fa7,남자,58,경기,고등학교,시설 경비원,남성,6,50대,경기도,고졸
2284,b1f6b98d744c41bdb6290acbe35fc0c8,남자,59,충청남,2~3년제 전문대학,무직,남성,6,50대,충청남,전문대졸
2285,e33d2b0341994c688a9b67d4b3820970,남자,50,경상북,고등학교,지게차 운전원,남성,6,50대,경상북도,고졸
2286,4cc12fec7364418b9c53569bf8803782,남자,54,경기,4년제 대학교,데이터 설계 및 프로그래머,남성,6,50대,경기도,대졸
2287,ce8f690f47ca451bab633a97f0aae50a,남자,50,인천,4년제 대학교,관세행정 사무원,남성,6,50대,인천광역시,대졸
2288,5365816fd1484dec80a7318d02c5a9d8,남자,53,충청남,4년제 대학교,정치학 연구원,남성,6,50대,충청남,대졸
2289,eabf3dc1a8e648f9bd71f11d754996bc,남자,58,서울,4년제 대학교,철도교통 관제사,남성,6,50대,서울특별시,대졸
2290,47a8ae3595d448b3a7695faac702dac2,남자,53,인천,대학원,경영 컨설턴트,남성,6,50대,인천광역시,대학원졸
2291,134e7cb58e25403ba3b5a3ca86d79ece,남자,55,서울,고등학교,무직,남성,6,50대,서울특별시,고졸
2292,c1b3bc6ba91249a5a8a28597a640ca1f,남자,54,전라남,고등학교,건물 경비원,남성,6,50대,전라남,고졸
2293,4be7fc3f51ca48b9a87502acb6590af3,남자,57,부산,중학교,하역 및 적재 관련 단순 종사원,남성,6,50대,부산광역시,중졸
2294,f349305303a44ffc8bd70d46024620f6,남자,52,광주,고등학교,대출 모집인,남성,6,50대,광주광역시,고졸
2295,cc2a68d323994f22bfa35d4b146b0f36,남자,59,제주,고등학교,한식 조리사,남성,6,50대,제주특별자치도,고졸
2296,d66ade9a49ed4cc383ad4e28d4bc7e1f,남자,59,강원,2~3년제 전문대학,무직,남성,6,50대,강원특별자치도,전문대졸
2297,3543db15bb7049bb9bc2a08b6da2b924,남자,54,서울,2~3년제 전문대학,관리 비서,남성,6,50대,서울특별시,전문대졸
2298,3970aea386074ed79458aa88b4e7a057,남자,50,경기,대학원,무직,남성,6,50대,경기도,대학원졸
2299,e1e10e2aec2b490f8acc9e6fcec0340c,남자,52,경상남,고등학교,판금원,남성,6,50대,경상남도,고졸
2300,6fdd1893395842948f76503624dbeb38,남자,58,전북,2~3년제 전문대학,사무 보조원,남성,6,50대,전북특별자치도,전문대졸
2301,e52c375e99784fc9ae439b99bf30621c,남자,53,경기,고등학교,밀링기 조작원,남성,6,50대,경기도,고졸
2302,c749708e1c554ff5be83ccfe4a484769,남자,58,서울,고등학교,무직,남성,6,50대,서울특별시,고졸
2303,accb8fe2aa61405f9b0eb088e381a117,남자,59,대구,2~3년제 전문대학,반도체공학 기술자 및 연구원,남성,6,50대,대구광역시,전문대졸
2304,0a6a951e19424af4a4f14ddd7cd1664a,남자,57,부산,4년제 대학교,대형 화물차 운전원,남성,6,50대,부산광역시,대졸
2305,56e356854a274b66a63250e69330c91e,남자,59,부산,4년제 대학교,그 외 일반기계 조립원,남성,6,50대,부산광역시,대졸
2306,4390307528c446b28db7f0303154620d,남자,53,울산,4년제 대학교,경·소형 화물차 운전원,남성,6,50대,울산광역시,대졸
2307,b4542d7dfdc94d9598200cb2da1b1954,남자,51,대전,중학교,건설 단순 종사원,남성,6,50대,대전광역시,중졸
2308,c823307f0e4d4c78aeec6a6e5f286fb8,남자,58,서울,초등학교,건물 경비원,남성,6,50대,서울특별시,초졸이하
2309,b8261b3715d24402bc83e51ede3b18de,남자,52,경상남,4년제 대학교,음식료품 판매원,남성,6,50대,경상남도,대졸
2310,a6bb7edd0ff54cd0ab5632e1ab6b7691,남자,57,경기,고등학교,무직,남성,6,50대,경기도,고졸
2311,db56b809630e4b26a6ee1af442911d73,남자,53,경상남,고등학교,그 외 표백 및 염색 관련 기계 조작원,남성,6,50대,경상남도,고졸
2312,c1afb0de9b73434c9eea6eedf54bf0e2,남자,57,경상북,고등학교,상·하수 배관공,남성,6,50대,경상북도,고졸
2313,3a07b4208bcc4ac6af98f01898763106,남자,52,서울,4년제 대학교,시외 및 고속 버스 운전원,남성,6,50대,서울특별시,대졸
2314,1aecd95eccaf4361b5c3e02d9f0adc9d,남자,59,경기,무학,하역 및 적재 관련 단순 종사원,남성,6,50대,경기도,무학
2315,3474f6663dd942c9bb585b4f6a0db8b3,남자,59,경기,4년제 대학교,정보 시스템 운영자,남성,6,50대,경기도,대졸
2316,4b98ae66c93a4b30a110d695102d6f19,남자,50,인천,4년제 대학교,플랜트공학 기술자 및 연구원,남성,6,50대,인천광역시,대졸
2317,1169ba77132d4c9dba31745820ac5a6d,남자,56,경기,4년제 대학교,"전직 전동차 기관사, 현재 구직중",남성,6,50대,경기도,대졸
2318,22d89332037a4cfd871cba21d0e815ac,남자,50,대전,4년제 대학교,소방시설 공사 기술자 및 연구원,남성,6,50대,대전광역시,대졸
2319,c21383f67c0f41c2a6e4ce3eecffdb8b,남자,53,서울,대학원,그 외 제품 디자이너,남성,6,50대,서울특별시,대학원졸
2320,2bc7bc237df9416482ff4d4bf6adb4bc,남자,56,충청북,중학교,석재 절단원,남성,6,50대,충청북,중졸
2321,d3f3f1d7b7b84a1f8287fe3c93e8c4df,남자,55,전라남,고등학교,그 외 철도 및 전동차 기관사,남성,6,50대,전라남,고졸
2322,f3c42bc48c944589a196ff0f9977c104,남자,52,대전,4년제 대학교,그 외 응용 소프트웨어 프로그래머,남성,6,50대,대전광역시,대졸
2323,fa7c2d2c8408498fa29a4c90113d5548,남자,51,충청남,4년제 대학교,그 외 철도 및 전동차 기관사,남성,6,50대,충청남,대졸
2324,c09ffc51c5e74e7396174ac71f1e0f78,남자,57,경기,고등학교,무직,남성,6,50대,경기도,고졸
2325,50d9d348d0ec492aaa53dc7ff7fb22b7,남자,59,서울,대학원,식품학 연구원,남성,6,50대,서울특별시,대학원졸
2326,46286dcb2f13419ab5f35ec9cdbdec7c,남자,57,충청남,중학교,수동 포장원,남성,6,50대,충청남,중졸
2327,34f40ce9c44244df961db58b5563a2e9,남자,57,서울,고등학교,영업 관리 사무원,남성,6,50대,서울특별시,고졸
2328,046d3ca5ec054fab88fc9fa6542aa134,남자,56,서울,중학교,시설 경비원,남성,6,50대,서울특별시,중졸
2329,2e96187bd1dd4f3d84e5d6bb7b295a56,남자,51,경상남,4년제 대학교,가구 판매원,남성,6,50대,경상남도,대졸
2330,1ae7805b4e5f492d8ed259a345adbcbc,남자,57,경상남,2~3년제 전문대학,판금원,남성,6,50대,경상남도,전문대졸
2331,44a912ec3a1342f9b9a8b0406ed467a9,남자,52,경기,고등학교,자재 관리 사무원,남성,6,50대,경기도,고졸
2332,ea13b8f950b84c11bbcf249924bd6217,남자,58,경상남,4년제 대학교,영업 관리 사무원,남성,6,50대,경상남도,대졸
2333,41300be801c8457abb38963361379b45,남자,59,경상북,고등학교,교육 및 훈련 사무원,남성,6,50대,경상북도,고졸
2334,49c3a8fa83124256b6d09ebe15210890,남자,57,대전,대학원,무직,남성,6,50대,대전광역시,대학원졸
2335,6a47375cdc2a443eaa9f4a74dac5d036,남자,55,충청북,4년제 대학교,그 외 제품 생산 관련 관리자,남성,6,50대,충청북,대졸
2336,72630b1244024bee97464067d0b409ed,남자,51,부산,4년제 대학교,119 구조대원,남성,6,50대,부산광역시,대졸
2337,df4b0c5319324ebbbcb12ef8beff7519,남자,52,경기,고등학교,일식 조리사,남성,6,50대,경기도,고졸
2338,c225447f593e456aa745790c5a29c111,남자,56,서울,중학교,그 외 하역 및 적재 단순 종사원,남성,6,50대,서울특별시,중졸
2339,f63020015b0e4103b9c0b0600fcb592c,남자,55,경기,대학원,예술 및 인문학 시간강사,남성,6,50대,경기도,대학원졸
2340,ebcc7f4fb221470c87e57029524c1182,남자,52,경상남,4년제 대학교,영업 관리 사무원,남성,6,50대,경상남도,대졸
2341,43eaae0f26774ffa9c435a58ff04677a,남자,52,전라남,4년제 대학교,영업 관련 관리자,남성,6,50대,전라남,대졸
2342,58ccdf6393d240a1a671d339a7dc6330,남자,55,경상북,4년제 대학교,농업용 기계장비 기술 영업원,남성,6,50대,경상북도,대졸
2343,b6358338843c4638b6c3a3124af34c93,남자,56,경기,4년제 대학교,"전직 소규모 상점 일선 관리 종사원, 현재 구직중",남성,6,50대,경기도,대졸
2344,da98f320441e4983b96c399a7f0da9bb,남자,51,인천,고등학교,무직,남성,6,50대,인천광역시,고졸
2345,c4c7808240564af798aac3f6db4b90d3,남자,56,경기,중학교,하역 및 적재 관련 단순 종사원,남성,6,50대,경기도,중졸
2346,a1ed7ba898e44a7bbea74743ea1ec634,남자,54,광주,고등학교,산업 안전원,남성,6,50대,광주광역시,고졸
2347,17ca844f3bff472a96dc64475b4e89e1,남자,54,서울,4년제 대학교,일반 비서,남성,6,50대,서울특별시,대졸
2348,ab63708bbb824ab591864356c1da0eb7,남자,54,경상남,4년제 대학교,경영 기획 사무원,남성,6,50대,경상남도,대졸
2349,c90fa28133a149fc887a6592477f39e2,남자,50,경기,고등학교,크레인 운전원,남성,6,50대,경기도,고졸
2350,6149d7eb0e864adcaf0a6c4fa3d4ffe8,남자,54,경기,고등학교,이삿짐 운반원,남성,6,50대,경기도,고졸
2351,13e747b58fea482f8f726f18c7d1d31b,남자,57,경기,4년제 대학교,산업 안전원,남성,6,50대,경기도,대졸
2352,e3487701f3814ed18b929c535cc0003c,남자,55,경기,대학원,무직,남성,6,50대,경기도,대학원졸
2353,47524877ff0441c78ca1fbacf704a745,남자,54,경기,2~3년제 전문대학,정보 보안 전문가,남성,6,50대,경기도,전문대졸
2354,0299806293e24aa6933700509b319382,남자,59,경상북,고등학교,건축자재 영업원,남성,6,50대,경상북도,고졸
2355,c67222d1f34f443ead4c25bf5e3bc70e,남자,58,경상북,고등학교,무직,남성,6,50대,경상북도,고졸
2356,e2279949c7bb4795af17c3736ea09b3e,남자,56,전북,고등학교,염색기 조작원,남성,6,50대,전북특별자치도,고졸
2357,1f39f175be1245b88324b4fa15f8c656,남자,50,경기,4년제 대학교,항공운송 관련 관리자,남성,6,50대,경기도,대졸
2358,95e2d5f02186403bb4ce701f692cca49,남자,54,대전,고등학교,건물 경비원,남성,6,50대,대전광역시,고졸
2359,6a51214b93d94f98a2601c2a1d8fc822,남자,59,경기,중학교,무직,남성,6,50대,경기도,중졸
2360,6a3593200dce4505a6314932c0354196,남자,58,서울,고등학교,청원경찰,남성,6,50대,서울특별시,고졸
2361,e89aaad239034ab58db09c125b236f53,남자,53,경상북,고등학교,식품 영업원,남성,6,50대,경상북도,고졸
2362,ed9c6eb2bb244a2f8a76fdd1360adb53,남자,50,경기,고등학교,그 외 철도 및 전동차 기관사,남성,6,50대,경기도,고졸
2363,4dd1d9f605f54de6b4ef767e302fe10f,남자,54,경상북,고등학교,석유화학 기술자 및 연구원,남성,6,50대,경상북도,고졸
2364,808e4f7c974b468599e6cbd763066d6d,남자,56,충청북,고등학교,무직,남성,6,50대,충청북,고졸
2365,7146e57f39004958ad81c7968a279bb4,남자,52,경상남,4년제 대학교,품질 관리 사무원,남성,6,50대,경상남도,대졸
2366,ebac36c722d74f3d9e4153c6714a2ab0,남자,54,서울,4년제 대학교,고속철 기관사,남성,6,50대,서울특별시,대졸
2367,ff2dd896d77540ef953fd48fefbda997,남자,59,경기,4년제 대학교,경영 기획 사무원,남성,6,50대,경기도,대졸
2368,83ba6c00ac63472392a92429cb45595d,남자,58,전북,고등학교,그 외 일반 영업원,남성,6,50대,전북특별자치도,고졸
2369,8acace37426247409760d477c6888e5e,남자,51,경상북,고등학교,가스 용접원,남성,6,50대,경상북도,고졸
2370,d3323e053f164ed59887c2410224c84b,남자,58,인천,고등학교,보안 관제원,남성,6,50대,인천광역시,고졸
2371,5bc39b2bf79d4d4bb00f0a0b92a42ef8,남자,58,서울,고등학교,상표 부착기 조작원,남성,6,50대,서울특별시,고졸
2372,04bbc854e61e41fda065b135066c52d5,남자,52,경기,고등학교,그 외 공업기계 설치 및 정비원,남성,6,50대,경기도,고졸
2373,9001857e39d84ee1b8c1252615dcc12f,남자,54,경기,4년제 대학교,회계 사무원,남성,6,50대,경기도,대졸
2374,72a3d5b55a8845aeb820e78e2eebc73d,남자,52,서울,고등학교,경·소형 화물차 운전원,남성,6,50대,서울특별시,고졸
2375,e5b133abe6154b2699664014bc3be691,남자,59,인천,2~3년제 전문대학,가스 배관공,남성,6,50대,인천광역시,전문대졸
2376,1a948bf3c09d4b2daf650ca2496fd298,남자,53,경기,4년제 대학교,광고 전문가,남성,6,50대,경기도,대졸
2377,d5b91f9715ec4b1d897212a39f2305e1,남자,51,경상남,4년제 대학교,무직,남성,6,50대,경상남도,대졸
2378,b3b4d836c90141b0b4831d0f8d940f22,남자,55,전북,4년제 대학교,동산 감정 전문가,남성,6,50대,전북특별자치도,대졸
2379,acbd1838bde84d93b8bcafc715fe52c6,남자,56,서울,2~3년제 전문대학,데스크 안내원,남성,6,50대,서울특별시,전문대졸
2380,f11b4dcce9dc474aaf14bdb3df116a18,남자,59,전북,고등학교,사무 보조원,남성,6,50대,전북특별자치도,고졸
2381,73474a58625f41689836e8640e3f3c0a,남자,53,경상북,4년제 대학교,생산관리 사무원,남성,6,50대,경상북도,대졸
2382,a74fb0761bf946d1ad875de9594e386d,남자,51,부산,중학교,무직,남성,6,50대,부산광역시,중졸
2383,02ec1f4732e643b0bbb8d80697f2eb95,남자,50,전라남,4년제 대학교,석유화학 기술자 및 연구원,남성,6,50대,전라남,대졸
2384,27519d852c504eca84e170bde4bc2eae,남자,54,경기,고등학교,굴착기·착암기 및 채광기 조작원,남성,6,50대,경기도,고졸
2385,0bd3ebcb6bca4fc480b339cab706e870,남자,54,부산,고등학교,무직,남성,6,50대,부산광역시,고졸
2386,fcfe5455e1914133bbbce3ecfd957cdd,남자,51,경기,4년제 대학교,산업 안전원,남성,6,50대,경기도,대졸
2387,177002abb427438bb49af6e1f75cbf36,남자,59,경상남,2~3년제 전문대학,철도운송 사무원,남성,6,50대,경상남도,전문대졸
2388,9af4b0f1091a488c80542dd7295fb6c3,남자,57,경상남,고등학교,건물 경비원,남성,6,50대,경상남도,고졸
2389,ed182888ed384b59bc5041c33a0ad6f9,남자,57,경상북,고등학교,그 외 택배원,남성,6,50대,경상북도,고졸
2390,ec2459f81a9d4be6985478fa7f4df997,남자,53,인천,4년제 대학교,무직,남성,6,50대,인천광역시,대졸
2391,c0185b19fa2e4b629c68a4e423ddfa03,남자,50,서울,고등학교,시설 경비원,남성,6,50대,서울특별시,고졸
2392,2b9da073b960499084f95dec802480db,남자,59,경상남,4년제 대학교,일반 비서,남성,6,50대,경상남도,대졸
2393,7035209ef8704374a592ae6d50d91a1c,남자,51,세종,고등학교,지게차 운전원,남성,6,50대,세종특별자치시,고졸
2394,a2a5ec4e860a4e68a5a3d2072cdb7256,남자,56,서울,고등학교,무직,남성,6,50대,서울특별시,고졸
2395,4aee60b08d8f4f4f8efb8e0d052f0488,남자,55,경상남,고등학교,회계 사무원,남성,6,50대,경상남도,고졸
2396,be325861591f4bd39a894bbfa7b49959,남자,56,서울,4년제 대학교,한식 조리사,남성,6,50대,서울특별시,대졸
2397,e0f6ebbb73f14af5b85a0cb7a56ed558,남자,52,제주,2~3년제 전문대학,전화 상담원,남성,6,50대,제주특별자치도,전문대졸
2398,51d5a8d26d694f31ba94b292f8e4a0a1,남자,56,경기,고등학교,대형 화물차 운전원,남성,6,50대,경기도,고졸
2399,2097775c0ab543cfb92ba8762207a72f,남자,54,전북,4년제 대학교,농업용 기계장비 기술 영업원,남성,6,50대,전북특별자치도,대졸
2400,0eff021bd33c428f89e7f73ec430a165,남자,55,대구,4년제 대학교,식품 영업원,남성,6,50대,대구광역시,대졸
2401,2497a4c87c7b4f9a857e68172b5eaec0,남자,54,경기,대학원,경영 기획 사무원,남성,6,50대,경기도,대학원졸
2402,1b4b697a762548ef8a73945625b734df,남자,59,부산,2~3년제 전문대학,주차 관리원,남성,6,50대,부산광역시,전문대졸
2403,ae45abca9072417e923cd5ef962f3f40,남자,57,경기,4년제 대학교,산업용로봇 조작원,남성,6,50대,경기도,대졸
2404,61b2ea58dca144e7943a7e9f04db0761,남자,57,경기,대학원,경영 기획 사무원,남성,6,50대,경기도,대학원졸
2405,daf7ed1b1e8744cea1eba392835e8e6b,남자,58,경상남,고등학교,무직,남성,6,50대,경상남도,고졸
2406,51dad716662447318d564cf18c56ddde,남자,59,전북,4년제 대학교,안과 및 이비인후과 전문 의사,남성,6,50대,전북특별자치도,대졸
2407,de8167249cbf45bf8539706f214a0b29,남자,58,경기,2~3년제 전문대학,화학물 여과기 및 분리기 조작원,남성,6,50대,경기도,전문대졸
2408,ac96338df9e54e1faab57b8cbe7d9bc5,남자,58,서울,2~3년제 전문대학,광고 전문가,남성,6,50대,서울특별시,전문대졸
2409,fc0aeda340ff486fbbcb9480cfa0e88f,남자,53,인천,고등학교,보험 사무원,남성,6,50대,인천광역시,고졸
2410,6478b3a93edf4897891eab7b43fe485c,남자,55,경기,고등학교,지게차 운전원,남성,6,50대,경기도,고졸
2411,757e1a7b9f624b21977a0a4181c61cc1,남자,57,충청북,고등학교,철도운송 관련 종사원,남성,6,50대,충청북,고졸
2412,2e16accb6ede4ae48dbef07c6f386a65,남자,52,경상북,고등학교,그 외 제분 및 도정 관련 기계 조작원,남성,6,50대,경상북도,고졸
2413,5a892bb20f92436b910fd4356f19a2c0,남자,57,인천,4년제 대학교,그 외 기능 관련 종사원,남성,6,50대,인천광역시,대졸
2414,b5036ce515694b089937dea807420890,남자,54,경상남,4년제 대학교,무직,남성,6,50대,경상남도,대졸
2415,4aac11938e104a3bb306b3881ae4c3e2,남자,58,경기,고등학교,그 외 자동차 운전원,남성,6,50대,경기도,고졸
2416,cd273b5e5514421f82d31d64d37c8e86,남자,57,경기,대학원,마케팅 전문가,남성,6,50대,경기도,대학원졸
2417,07db253d315e4c76a07fe3cd35167906,남자,54,전라남,고등학교,그 외 기능 관련 종사원,남성,6,50대,전라남,고졸
2418,d5054a37e3d94f2a83f090ef07afc797,남자,58,인천,2~3년제 전문대학,무직,남성,6,50대,인천광역시,전문대졸
2419,f9918b736e3c45628ecf5bebd940cc6f,남자,55,전북,2~3년제 전문대학,철도운송 관련 종사원,남성,6,50대,전북특별자치도,전문대졸
2420,26fd5cc9eef34f3088614f94e076e7a1,남자,50,광주,4년제 대학교,수의사,남성,6,50대,광주광역시,대졸
2421,259c390b79574cb7b9fd2b712b7f5cc4,남자,58,서울,2~3년제 전문대학,무직,남성,6,50대,서울특별시,전문대졸
2422,d6066ef573244cf7868dfa41d68979ff,남자,58,서울,고등학교,감사 사무원,남성,6,50대,서울특별시,고졸
2423,2e9909cefa8b44b3ae1cdbb460697c39,남자,52,경기,고등학교,화학기계 설치 및 정비원,남성,6,50대,경기도,고졸
2424,720f0bb34103448cbd1cd10c0f397b1d,남자,52,경상남,4년제 대학교,무직,남성,6,50대,경상남도,대졸
2425,7f355a855a7d4801bbe2e09c853da288,남자,55,전북,2~3년제 전문대학,그 외 제조 관련 단순 종사원,남성,6,50대,전북특별자치도,전문대졸
2426,3e2947f6f9cc4074beb22f3b835a3914,남자,51,경기,고등학교,농업기계 조립원,남성,6,50대,경기도,고졸
2427,099ccedd782742dbba7f68225cf2a640,남자,55,전북,고등학교,철도운송 관련 종사원,남성,6,50대,전북특별자치도,고졸
2428,eac7153bf22a45f69bdd73d092db1887,남자,57,충청남,중학교,시설 경비원,남성,6,50대,충청남,중졸
2429,c21ce3ead31d4402aeb35e55b6082ee1,남자,52,부산,고등학교,사무 보조원,남성,6,50대,부산광역시,고졸
2430,f57afb6678634ad6b95156ae6579fe86,남자,54,인천,2~3년제 전문대학,전기제어장치 설치 및 정비원,남성,6,50대,인천광역시,전문대졸
2431,08491e861485424ba4e40b10cc07d7d8,남자,55,서울,고등학교,하역 및 적재 관련 단순 종사원,남성,6,50대,서울특별시,고졸
2432,e63fd99d387f44e0a921dbbbe3d447a5,남자,53,경기,대학원,토목 관련 관리자,남성,6,50대,경기도,대학원졸
2433,1a26655b8ebc400bb9c920d18ebc8e68,남자,50,부산,고등학교,식품 영업원,남성,6,50대,부산광역시,고졸
2434,ff01cddcb94c4ae994ce86bf4a0fd7dc,남자,57,경기,대학원,상품 기획자,남성,6,50대,경기도,대학원졸
2435,fe5502dc170d44eeb7914de7a7e87a9e,남자,59,대전,4년제 대학교,기업 고위 임원,남성,6,50대,대전광역시,대졸
2436,b5dc3b50bc4f4718ba5fb0a1cc1d4ffe,남자,54,대구,2~3년제 전문대학,회계 사무원,남성,6,50대,대구광역시,전문대졸
2437,8d737eba866840059da06a264d1025ae,남자,58,인천,고등학교,시외 및 고속 버스 운전원,남성,6,50대,인천광역시,고졸
2438,c34e3c982f7d45ba8a6ef683a9014b81,남자,51,서울,2~3년제 전문대학,전기 용접원,남성,6,50대,서울특별시,전문대졸
2439,9306f6055d584f5ab0682264bbaf5387,남자,51,경상북,고등학교,농업용 기계장비 기술 영업원,남성,6,50대,경상북도,고졸
2440,59600b7e23d6497896d938c5dd8ec653,남자,53,부산,고등학교,금속절곡기 조작원,남성,6,50대,부산광역시,고졸
2441,b538714c23e54fd59beca721cc996d4d,남자,56,울산,중학교,육군 장교,남성,6,50대,울산광역시,중졸
2442,918daf61a47e4d8798a0e572b6dcd267,남자,53,강원,고등학교,무직,남성,6,50대,강원특별자치도,고졸
2443,75eedb08d5c04ffb9ad221befe9a00f8,남자,56,대구,대학원,스포츠 매니저,남성,6,50대,대구광역시,대학원졸
2444,6efd0fb8a67247e4820d8a6c255089c8,남자,53,충청남,4년제 대학교,무직,남성,6,50대,충청남,대졸
2445,3cd7a470ce674310bd1ee170a4bf5d85,남자,56,경기,중학교,주형원,남성,6,50대,경기도,중졸
2446,9564f5b5b1af4f7b8bd9768232bca39d,남자,54,경기,중학교,무직,남성,6,50대,경기도,중졸
2447,877dabb802c5422c838296c67e1e702c,남자,55,경기,4년제 대학교,회계 사무원,남성,6,50대,경기도,대졸
2448,b9d86059e44d4fcb8b1a01b18c5acefe,남자,54,경기,4년제 대학교,교육 및 훈련 사무원,남성,6,50대,경기도,대졸
2449,68a94816f9aa41fe8fa72cad95216a92,남자,51,경상남,고등학교,시설 경비원,남성,6,50대,경상남도,고졸
2450,746bdece9f0e4e9ebecc6a115eccfed0,남자,57,경기,4년제 대학교,경리 사무원,남성,6,50대,경기도,대졸
2451,71240df5999a41ba84d9ed770d24f967,남자,50,경기,대학원,그 외 기능 관련 종사원,남성,6,50대,경기도,대학원졸
2452,9a41cdac8dc44c81bf00c12ffa623013,남자,58,전라남,고등학교,무직,남성,6,50대,전라남,고졸
2453,0f260aae52664821aa89f730442690ac,남자,56,대전,4년제 대학교,경영 컨설턴트,남성,6,50대,대전광역시,대졸
2454,2a245caddeee4ff28429fd7b2fc24814,남자,52,충청남,고등학교,화학물 분쇄기·마쇄기 및 혼합기 조작원,남성,6,50대,충청남,고졸
2455,8b6dbfa10cbf4733b2bd0cdad4bf7a9d,남자,56,부산,4년제 대학교,선장,남성,6,50대,부산광역시,대졸
2456,6dc16a68a8604f93ab0a5d5d5448ff62,남자,54,경상남,고등학교,호송 경비원,남성,6,50대,경상남도,고졸
2457,ac23353de9804555965f25695936e0c9,남자,55,경기,4년제 대학교,무직,남성,6,50대,경기도,대졸
2458,07531a0beb76425d8fe6485dc309b282,남자,53,경기,고등학교,건물 경비원,남성,6,50대,경기도,고졸
2459,9a384c4e5dc94678a2bf778711b7f44a,남자,56,대전,대학원,총무 및 인사 관리자,남성,6,50대,대전광역시,대학원졸
2460,d2af4d471f4a4cbeb736a9e2c88d17b1,남자,50,서울,고등학교,쓰레기 수거원,남성,6,50대,서울특별시,고졸
2461,483163ca2c1f4dde986350f85a1f75e1,남자,55,경기,4년제 대학교,회계 사무원,남성,6,50대,경기도,대졸
2462,c2018b6fb53f4d9483eb4e3543da913a,남자,59,울산,고등학교,가스 용접원,남성,6,50대,울산광역시,고졸
2463,30b097b45d714abd9f4c8b125d585936,남자,59,경기,4년제 대학교,문학작가,남성,6,50대,경기도,대졸
2464,85a782d4bb494a54bf8448e69605a07c,남자,50,경기,고등학교,시스템 소프트웨어 설계 및 분석가,남성,6,50대,경기도,고졸
2465,96f3683f90724929915419aa9298fff9,남자,57,경기,4년제 대학교,그 외 법률 관련 사무원,남성,6,50대,경기도,대졸
2466,26a67b932d95490b8707f4866585d332,남자,54,서울,고등학교,무직,남성,6,50대,서울특별시,고졸
2467,9078b54206754e2092f3e595bbb60ac3,남자,51,경상북,2~3년제 전문대학,공군 부사관,남성,6,50대,경상북도,전문대졸
2468,77d45e0b76d643a2a6350019daf8afa2,남자,51,경기,2~3년제 전문대학,그 외 기능 관련 종사원,남성,6,50대,경기도,전문대졸
2469,bf2a17c4fd6e4a5d8c2c2863409f338e,남자,51,부산,4년제 대학교,전화 상담원,남성,6,50대,부산광역시,대졸
2470,162c85f2c6424a2ca012193ee7e4fb76,남자,52,서울,대학원,무직,남성,6,50대,서울특별시,대학원졸
2471,df4b5cbe84fd4714b5c8dff3e82e8160,남자,52,전북,4년제 대학교,무직,남성,6,50대,전북특별자치도,대졸
2472,e22988d6189142cabc2e2564cd18c689,남자,57,강원,대학원,그 외 일반 영업원,남성,6,50대,강원특별자치도,대학원졸
2473,50c0d37c2db14bb2b8d5b391b08921b0,남자,59,대전,2~3년제 전문대학,"전직 데이터 관리 및 운영자, 현재 구직중",남성,6,50대,대전광역시,전문대졸
2474,98945db498574e28ae1afde72a9a1731,남자,54,강원,고등학교,일반 경찰관 및 수사관,남성,6,50대,강원특별자치도,고졸
2475,ff834ca9147c4cf2b1e2792523817640,남자,53,충청남,고등학교,"전직 건물 경비원, 현재 구직중",남성,6,50대,충청남,고졸
2476,48bcffeb55094b12b0e822f5c6994206,남자,52,강원,고등학교,휠체어 리프트 설치 및 정비원,남성,6,50대,강원특별자치도,고졸
2477,763e8ca5c5c44cf78d0c5c025a61bdc2,남자,59,경기,4년제 대학교,반도체공학 기술자 및 연구원,남성,6,50대,경기도,대졸
2478,43559f31184f47bd81dc332bdc773263,남자,50,경상남,고등학교,가구 판매원,남성,6,50대,경상남도,고졸
2479,32a16221ddbc479dac52b64c3dbc71fa,남자,55,경기,중학교,상·하수 배관공,남성,6,50대,경기도,중졸
2480,8be3c24d43f34497a00de1daca5347c5,남자,50,충청남,4년제 대학교,무대 및 세트 디자이너,남성,6,50대,충청남,대졸
2481,9ba95a0a9f6c4e3fb0c8fdbe92d07bcc,남자,59,전라남,고등학교,건물 경비원,남성,6,50대,전라남,고졸
2482,2e2b098bf1c14729b2a22f89dfaec88f,남자,59,인천,고등학교,무직,남성,6,50대,인천광역시,고졸
2483,7e0a8f7008fb41ff9f41ba74861b79a9,남자,57,대구,고등학교,위성방송 안테나 설치 및 수리원,남성,6,50대,대구광역시,고졸
2484,b68bd7ad14264de59556ff6363e08696,남자,57,경기,2~3년제 전문대학,그 외 상점 판매원,남성,6,50대,경기도,전문대졸
2485,aa346c083ba14e56af534a64f5b62adb,남자,58,서울,중학교,건물 청소원,남성,6,50대,서울특별시,중졸
2486,72919e555a564229bba69cfb0878b4a3,남자,57,경기,고등학교,인쇄판 출력원,남성,6,50대,경기도,고졸
2487,14e9603089d84510a777784e33995877,남자,53,경상북,대학원,무직,남성,6,50대,경상북도,대학원졸
2488,5aa63fb6c4d24403977eeebeaa87a989,남자,59,경기,4년제 대학교,무직,남성,6,50대,경기도,대졸
2489,de33ee76db914f28a01d7c27332d3069,남자,51,경기,4년제 대학교,철도 기관사,남성,6,50대,경기도,대졸
2490,39b040e329894295a4cc91572d697f69,남자,55,충청남,고등학교,무직,남성,6,50대,충청남,고졸
2491,0a691872c12d48dc986a9c1f82601e82,남자,51,경기,중학교,그 외 일반 영업원,남성,6,50대,경기도,중졸
2492,5883456928ab44c2a3236cc15a432ebc,남자,57,경기,중학교,그 외 택배원,남성,6,50대,경기도,중졸
2493,a6868269ce4a49aeaf421aaa7839382e,남자,52,부산,대학원,정보 보안 전문가,남성,6,50대,부산광역시,대학원졸
2494,6f14ee4eb7274251898e0ff5e726a81e,남자,57,서울,고등학교,농수산물 중개인 및 경매사,남성,6,50대,서울특별시,고졸
2495,a28f016e6ae748cb8f5edb2b4e9702e1,남자,53,경상남,고등학교,시설 경비원,남성,6,50대,경상남도,고졸
2496,f45775626b3842abb028771257fa7d36,남자,57,인천,고등학교,가구 조립원,남성,6,50대,인천광역시,고졸
2497,cf804635d573400d9e61f77022a7c181,남자,51,경기,2~3년제 전문대학,경리 사무원,남성,6,50대,경기도,전문대졸
2498,03e1a357747341038e8ba04835291bd0,남자,52,인천,고등학교,수동 포장원,남성,6,50대,인천광역시,고졸
2499,cf511566d5374c96b54c6e7e746e59ef,남자,57,경기,4년제 대학교,경리 사무원,남성,6,50대,경기도,대졸
2500,d719120b39b74884ad7cd1c93ded9df6,남자,50,충청남,대학원,사회복지사,남성,6,50대,충청남,대학원졸
2501,61c28e1ae254407ba14305fb1ee0827d,남자,51,부산,고등학교,그 외 건설 및 채굴기계 운전원,남성,6,50대,부산광역시,고졸
2502,3179ddd00b1044409caad435b32e7f1e,남자,56,경상남,고등학교,그 외 화물차 및 특수차 운전원,남성,6,50대,경상남도,고졸
2503,6e6865e5ecde4270ad14e62c1c5c1d5c,남자,50,울산,고등학교,상·하수 배관공,남성,6,50대,울산광역시,고졸
2504,25f28d2fec044058a5091936471bae6e,남자,54,광주,4년제 대학교,자재 관리 사무원,남성,6,50대,광주광역시,대졸
2505,23cb2a7b04ed4e619b4aa36e4e362fdb,남자,50,대전,대학원,변리사,남성,6,50대,대전광역시,대학원졸
2506,861cf2b7ce214ab68cf3deae997c9581,남자,59,서울,고등학교,특수 경비원,남성,6,50대,서울특별시,고졸
2507,aee053c824a14182a6bdbcf4e52c33b8,남자,59,경기,고등학교,굴착기·착암기 및 채광기 조작원,남성,6,50대,경기도,고졸
2508,6f0d5eef43544b9aae855a2e08f53f42,남자,58,경상남,고등학교,식품 영업원,남성,6,50대,경상남도,고졸
2509,db5e1c5b3718425b8099070c42be1b6a,남자,54,전라남,고등학교,관광버스 운전원,남성,6,50대,전라남,고졸
2510,e145ff52441b42798b6e4b8a006b364c,남자,50,인천,고등학교,그 외 상점 판매원,남성,6,50대,인천광역시,고졸
2511,d897e5f4b5484b4494d58285c3115c3e,남자,55,대구,중학교,소규모 상점 경영자,남성,6,50대,대구광역시,중졸
2512,44a26f37a39d42c59ac942b4f4848565,남자,59,부산,고등학교,금속 열처리로 조작원,남성,6,50대,부산광역시,고졸
2513,70f7dc42b50d427d9012457fd82ebdfd,남자,55,경상북,대학원,기업 고위 임원,남성,6,50대,경상북도,대학원졸
2514,4b24674242bb40f78f5e14a01da43fa9,남자,58,충청북,초등학교,시설 경비원,남성,6,50대,충청북,초졸이하
2515,55aab275706c4ac08073bd44c39f35ed,남자,52,경기,고등학교,무직,남성,6,50대,경기도,고졸
2516,2f867849116743f39ac911ca6f4ecc40,남자,58,경상남,고등학교,무직,남성,6,50대,경상남도,고졸
2517,880a8bc0234e473a9d1259e3156d99ae,남자,58,강원,중학교,시설 경비원,남성,6,50대,강원특별자치도,중졸
2518,7dfd58a8f6d3460ea5cd40a24c48146b,남자,59,경기,중학교,그 외 하역 및 적재 단순 종사원,남성,6,50대,경기도,중졸
2519,d5378a17ad334c138c55445e1380c9df,남자,53,서울,4년제 대학교,경영 기획 사무원,남성,6,50대,서울특별시,대졸
2520,e6b1e641f997478b8fc335784151a553,남자,50,경기,2~3년제 전문대학,국어 교사,남성,6,50대,경기도,전문대졸
2521,f0b00b36d00940049c85b599f0bb7f22,남자,56,경기,4년제 대학교,품질 관리 사무원,남성,6,50대,경기도,대졸
2522,d2f7e242266e4753808b2b3624814399,남자,50,경기,고등학교,건물 청소원,남성,6,50대,경기도,고졸
2523,2ae746fd710540df94767829ebeed507,남자,52,서울,4년제 대학교,영업 관리 사무원,남성,6,50대,서울특별시,대졸
2524,8548b160d94d4edcbb784650dfc69320,남자,57,경기,고등학교,단말기 및 통신 서비스 판매원,남성,6,50대,경기도,고졸
2525,81dfd75f2b0c473f9142ca27ee1f926b,남자,50,경기,고등학교,설탕 제조 관련 기계 조작원,남성,6,50대,경기도,고졸
2526,294a4248de3c487ab3ab973ace76cfbd,남자,59,강원,중학교,무직,남성,6,50대,강원특별자치도,중졸
2527,f754dfe26678473ca3791f403c95ecbe,남자,56,부산,고등학교,그 외 상점 판매원,남성,6,50대,부산광역시,고졸
2528,2ff3dab61a4f4453a2537a9a90fa447c,남자,59,경기,고등학교,고속철 기관사,남성,6,50대,경기도,고졸
2529,a46ef4c96df94f6f91a1bab45ae0fbf8,남자,58,서울,4년제 대학교,플랜트공학 기술자 및 연구원,남성,6,50대,서울특별시,대졸
2530,eca7e18a955b453699b8323f9a51085f,남자,58,전북,고등학교,건물 경비원,남성,6,50대,전북특별자치도,고졸
2531,d454347971cf44799c13f13a75fcd3c4,남자,57,서울,4년제 대학교,철도 기관사,남성,6,50대,서울특별시,대졸
2532,b60623cc97a148d0a52865ace120b9ea,남자,55,경기,고등학교,전화 상담원,남성,6,50대,경기도,고졸
2533,9d4e444d7ed14a2ba43ce249788b691c,남자,56,경기,4년제 대학교,"전직 전기 감리 기술자 및 연구원, 현재 구직중",남성,6,50대,경기도,대졸
2534,402244477e4b4f40b67853c50e627300,남자,52,경기,고등학교,매장 정리원,남성,6,50대,경기도,고졸
2535,4de8cfe68a1e4cb98920db19e16e9b5c,남자,50,서울,4년제 대학교,플랜트공학 기술자 및 연구원,남성,6,50대,서울특별시,대졸
2536,e694770f8c4148cfa6422460e3fb8c57,남자,58,경상남,고등학교,건물 경비원,남성,6,50대,경상남도,고졸
2537,501f4ada9c3046d48f351284dce7c6d4,남자,56,부산,2~3년제 전문대학,수금원,남성,6,50대,부산광역시,전문대졸
2538,c24f700796184be2a80825f428bc5dc7,남자,59,서울,중학교,카펫 및 가발 제조원,남성,6,50대,서울특별시,중졸
2539,142dfe7cc91847d49883139784360d5a,남자,58,경상북,4년제 대학교,무직,남성,6,50대,경상북도,대졸
2540,765e2b522baf4c1baf996d5f40ea19ae,남자,55,인천,고등학교,그 외 화학제품 생산기 조작원,남성,6,50대,인천광역시,고졸
2541,c56c7f83d95d44bdb208d840e576b738,남자,53,전라남,고등학교,가스 배관공,남성,6,50대,전라남,고졸
2542,8a6d8a027ea943be9f49c3d305c59341,남자,59,서울,고등학교,무직,남성,6,50대,서울특별시,고졸
2543,534c74ba94fa48168734efeaddd6d9f4,남자,59,부산,중학교,경·소형 화물차 운전원,남성,6,50대,부산광역시,중졸
2544,1f92f6dfff4343f8b1844c2195f1ed92,남자,50,경기,고등학교,단열공,남성,6,50대,경기도,고졸
2545,f5bf848d536e4dd9a89402c9ac879ced,남자,53,경기,고등학교,그 외 물품 이동 장비 조작원,남성,6,50대,경기도,고졸
2546,005a68ecfff74b5fb0f2cd45060d7fe9,남자,58,서울,고등학교,지게차 운전원,남성,6,50대,서울특별시,고졸
2547,d349745c646b41bcacaa8593e3013e3b,남자,56,부산,고등학교,용접기 조작원,남성,6,50대,부산광역시,고졸
2548,63f57307c4ce450699f8e3a64c2406d0,남자,52,경기,2~3년제 전문대학,무직,남성,6,50대,경기도,전문대졸
2549,cd3aa01c60524878baf5fbcb5fedc247,남자,55,인천,고등학교,건물 경비원,남성,6,50대,인천광역시,고졸
2550,6ff24aa3d41a4a47b6d227729208311e,남자,53,경기,4년제 대학교,선장,남성,6,50대,경기도,대졸
2551,7c82d46519a04fefa13669e8e6ee1345,남자,55,경기,4년제 대학교,그 외 기획 및 마케팅 사무원,남성,6,50대,경기도,대졸
2552,64b9044b7c874cff87185052ddd9255f,남자,53,제주,고등학교,노점 및 이동 판매원,남성,6,50대,제주특별자치도,고졸
2553,4ddbab8ea405470d87fbb998266bf319,남자,54,충청남,4년제 대학교,경리 사무원,남성,6,50대,충청남,대졸
2554,636f134ad660476d8ac756d702efb147,남자,53,서울,4년제 대학교,온라인 쇼핑 판매원,남성,6,50대,서울특별시,대졸
2555,196f48f7296341fcb197246ba9f49182,남자,55,부산,고등학교,철근공,남성,6,50대,부산광역시,고졸
2556,04d69e7815114fb4ad93ba2bd22ae421,남자,54,인천,고등학교,경·소형 화물차 운전원,남성,6,50대,인천광역시,고졸
2557,2d15cc6daf554b798734719de00f9263,남자,53,경상남,2~3년제 전문대학,전기제어장치 설치 및 정비원,남성,6,50대,경상남도,전문대졸
2558,ed463268a6f745639298f50679cc62e2,남자,58,서울,고등학교,무직,남성,6,50대,서울특별시,고졸
2559,9ddc266449284d2bbf2492bc1ccb2243,남자,59,부산,고등학교,그 외 기능 관련 종사원,남성,6,50대,부산광역시,고졸
2560,7f378d190b584c85b56ae333ec3f71e2,남자,57,대구,4년제 대학교,건물 내 전기 설치 및 정비원,남성,6,50대,대구광역시,대졸
2561,63b11b4d06f645a59c9b286a855277fe,남자,57,강원,대학원,무직,남성,6,50대,강원특별자치도,대학원졸
2562,1ae7805b4e5f492d8ed259a345adbcbc,남자,57,경상남,2~3년제 전문대학,판금원,남성,6,50대,경상남도,전문대졸
2563,3fbebf57389348f4981f7894dc14e951,남자,54,경기,고등학교,무직,남성,6,50대,경기도,고졸
2564,cdb63aa7b8384ea3ad8043bd8245f662,남자,54,경기,2~3년제 전문대학,경리 사무원,남성,6,50대,경기도,전문대졸
2565,eace3fbce0f44059a02a5f9a72c6a92b,남자,59,서울,초등학교,노점 및 이동 판매원,남성,6,50대,서울특별시,초졸이하
2566,4d08ef10f8164e4dadf21372b3cb792a,남자,57,서울,2~3년제 전문대학,석재 부설원,남성,6,50대,서울특별시,전문대졸
2567,b53a796bdd144db0835856595e180424,남자,58,부산,2~3년제 전문대학,산업용로봇 조작원,남성,6,50대,부산광역시,전문대졸
2568,56524e884b3b413b8209106b9d9b42dd,남자,54,부산,2~3년제 전문대학,전기 용접원,남성,6,50대,부산광역시,전문대졸
2569,0b3fe3bfc8bb4d148cbf94c62fc201c2,남자,58,경기,4년제 대학교,대형 화물차 운전원,남성,6,50대,경기도,대졸
2570,2e6d33ef109a4f87b76903d6f72791eb,남자,51,경기,중학교,무직,남성,6,50대,경기도,중졸
2571,02d556ffe713495f82d9e8fcbae2f8f8,남자,56,서울,고등학교,철도운송 관련 종사원,남성,6,50대,서울특별시,고졸
2572,85e1dd2fc9574795b4a27166d35ac0be,남자,51,경상남,4년제 대학교,경리 사무원,남성,6,50대,경상남도,대졸
2573,3ae1b6475a934e9a917d6705da52e913,남자,54,울산,고등학교,금형원,남성,6,50대,울산광역시,고졸
2574,bc29be634b0a4cc287b376544456fb6c,남자,57,경기,고등학교,그 외 일반 영업원,남성,6,50대,경기도,고졸
2575,420da5cfb9af4b7d8ee513bd8d7a0780,남자,50,서울,4년제 대학교,위험 관리원,남성,6,50대,서울특별시,대졸
2576,e101074bc2f4410986370b1924a31d34,남자,53,경기,4년제 대학교,산업 안전원,남성,6,50대,경기도,대졸
2577,610b16d9cee54eba85c91c5d67d76797,남자,54,울산,고등학교,전기 용접원,남성,6,50대,울산광역시,고졸
2578,14b7e19259f84993a9cfa9bf7e103699,남자,51,충청남,고등학교,그 외 조리사,남성,6,50대,충청남,고졸
2579,cc621f309784439fba1ef73c4b7243c9,남자,53,대구,고등학교,철도운송 관련 종사원,남성,6,50대,대구광역시,고졸
2580,6be48867fdb84e849c9ed0720b1efa0b,남자,57,서울,4년제 대학교,산업기계공학 기술자 및 연구원,남성,6,50대,서울특별시,대졸
2581,7a56acd683fd415297dff6952ff4b5b8,남자,59,서울,고등학교,무직,남성,6,50대,서울특별시,고졸
2582,4b5dedca7984484a9c15d0ecbecd2740,남자,58,서울,고등학교,식품 영업원,남성,6,50대,서울특별시,고졸
2583,1988ebfd5d4f4815a11014ae104d64f8,남자,57,경기,4년제 대학교,법무 사무원,남성,6,50대,경기도,대졸
2584,7b7fd3597a614e7093721b3a348439f0,남자,56,울산,고등학교,육군 장교,남성,6,50대,울산광역시,고졸
2585,ccc0c6c5035f43448605576adb26e646,남자,54,서울,고등학교,무직,남성,6,50대,서울특별시,고졸
2586,0c5fb89bc2594fae83ff99070dfd8754,남자,59,서울,대학원,경영 기획 사무원,남성,6,50대,서울특별시,대학원졸
2587,aa4b936f23854b389c495cb22edf5d3c,남자,54,부산,중학교,하역 및 적재 관련 단순 종사원,남성,6,50대,부산광역시,중졸
2588,6470179615964245a1ac369b821c74fa,남자,52,경기,2~3년제 전문대학,고속철 기관사,남성,6,50대,경기도,전문대졸
2589,94f6398c65054b3faa4f02623b5f62ee,남자,51,경상남,고등학교,고무제품 조립원,남성,6,50대,경상남도,고졸
2590,e23ea33c761e46798389e82ccf50078c,남자,57,경기,4년제 대학교,시설 경비원,남성,6,50대,경기도,대졸
2591,db9215fdb1604e828e017022eba76184,남자,56,경기,고등학교,무직,남성,6,50대,경기도,고졸
2592,458a99f58732472f8e94063aca021f0d,남자,54,서울,고등학교,잠수 기능원,남성,6,50대,서울특별시,고졸
2593,e5cffc1df20e4c9397c31832b23855b4,남자,51,강원,고등학교,시설 경비원,남성,6,50대,강원특별자치도,고졸
2594,940d31fddf544712b2ec544355e1d6c6,남자,59,경기,고등학교,콘크리트패널 조립원,남성,6,50대,경기도,고졸
2595,0de36845c9264f5fa230df0e770b34da,남자,50,부산,고등학교,무직,남성,6,50대,부산광역시,고졸
2596,5b7c22e4429541a196519a2d3656c757,남자,56,경기,고등학교,승용차 및 승합차 운전원,남성,6,50대,경기도,고졸
2597,3a893f6a88464761b7e6d65279b50f60,남자,55,강원,4년제 대학교,건축시공 기술자,남성,6,50대,강원특별자치도,대졸
2598,5c5fddeac0d8472a856ee982e682fe17,남자,55,서울,고등학교,그 외 법률 관련 사무원,남성,6,50대,서울특별시,고졸
2599,0f0b9c482a0647418bc0311b8d7c737a,남자,57,강원,4년제 대학교,사회복지사,남성,6,50대,강원특별자치도,대졸
2600,0a75be1c3e2846d09a34a0a97eb05fc3,남자,56,서울,대학원,전자 의료기기 개발 기술자 및 연구원,남성,6,50대,서울특별시,대학원졸
2601,a55360da5ff64f46921085a60fad5ab8,남자,52,경기,고등학교,그 외 하역 및 적재 단순 종사원,남성,6,50대,경기도,고졸
2602,b183f96694434392a7b446a471b8d98d,남자,56,광주,초등학교,건물 청소원,남성,6,50대,광주광역시,초졸이하
2603,7c370d0a62334165a7b014ee230918f7,남자,55,서울,4년제 대학교,육군 부사관,남성,6,50대,서울특별시,대졸
2604,e7c9e1e67daa4995973364dd2ad11a9b,남자,54,경상남,고등학교,무직,남성,6,50대,경상남도,고졸
2605,2d95c997045f4b2080f3862595fcb59d,남자,55,부산,고등학교,중식 조리사,남성,6,50대,부산광역시,고졸
2606,f230be5055b34a649b5c1892fae28f56,남자,52,서울,고등학교,그 외 일반 영업원,남성,6,50대,서울특별시,고졸
2607,d4dd40e7e9a64406adda5aed5937e36a,남자,54,경상남,대학원,농약·비료 기술자 및 연구원,남성,6,50대,경상남도,대학원졸
2608,a810abec9a5c480e9cd62731f8cac72e,남자,55,경상남,초등학교,건물 경비원,남성,6,50대,경상남도,초졸이하
2609,79a903c8c18c42579af789a15c6bd70c,남자,55,경상남,2~3년제 전문대학,사무 보조원,남성,6,50대,경상남도,전문대졸
2610,a897f7eef5374b619c7643fb8ed2aa4f,남자,58,서울,대학원,무직,남성,6,50대,서울특별시,대학원졸
2611,0215c9ca17fe43c9b16fd9ec56df4aa0,남자,50,경기,고등학교,경리 사무원,남성,6,50대,경기도,고졸
2612,70afee59bf94434bb3853704b2988d5c,남자,58,경기,대학원,금속공학 기술자 및 연구원,남성,6,50대,경기도,대학원졸
2613,007fbbb21a5340a1bb4c7b545b469ce8,남자,56,경기,고등학교,유통 및 매장 감시원,남성,6,50대,경기도,고졸
2614,47278216baf2417b975d0ed22f023126,남자,52,서울,4년제 대학교,건축 관련 관리자,남성,6,50대,서울특별시,대졸
2615,e6b32ed2a4424ca49dd0c1029db128b8,남자,56,경상남,4년제 대학교,산업 안전원,남성,6,50대,경상남도,대졸
2616,e1454e99b8e44ce9bff55878cfd46c9b,남자,52,인천,고등학교,용접기 조작원,남성,6,50대,인천광역시,고졸
2617,034c0b443f8e44339138c2034673b418,남자,56,경기,4년제 대학교,경리 사무원,남성,6,50대,경기도,대졸
2618,0d6d3598359646bc9e98c53e3a289115,남자,58,경기,고등학교,산업용로봇 조작원,남성,6,50대,경기도,고졸
2619,88da92058a7b40edbc4a3d60111cad72,남자,56,경상남,고등학교,사무 보조원,남성,6,50대,경상남도,고졸
2620,f1ad7d413a6c4e7685fc0b7d98b8f8d7,남자,57,경기,고등학교,강구조물 가공원,남성,6,50대,경기도,고졸
2621,c79c498f7e264d54920523e6a83ca7ec,남자,56,서울,4년제 대학교,측량 및 지리 정보 기술자,남성,6,50대,서울특별시,대졸
2622,85b2b17c97cb4a238639bcb85e856f92,남자,52,경기,2~3년제 전문대학,무직,남성,6,50대,경기도,전문대졸
2623,43c171b1858347b6bdcc841a7bdcaf46,남자,52,강원,고등학교,프레스기 및 절단기 조작원,남성,6,50대,강원특별자치도,고졸
2624,66027ad8d34f4be9bb6b2148ed62adb0,남자,52,경기,4년제 대학교,법무 사무원,남성,6,50대,경기도,대졸
2625,51b737801f02490a8d3a502aa517fe81,남자,54,인천,2~3년제 전문대학,영업 관리 사무원,남성,6,50대,인천광역시,전문대졸
2626,5d713e67d2a04298ad212d725b6faf41,남자,51,울산,2~3년제 전문대학,무직,남성,6,50대,울산광역시,전문대졸
2627,157ef94de521490e891245d4895a6db7,남자,51,충청북,고등학교,그 외 배달원,남성,6,50대,충청북,고졸
2628,f89bdecb786543c7a2b0919087ff9641,남자,59,경기,2~3년제 전문대학,철도 기관사,남성,6,50대,경기도,전문대졸
2629,d118b2b5065f433099283ed561949697,남자,58,부산,4년제 대학교,일반 의사,남성,6,50대,부산광역시,대졸
2630,75bd4958f4de4ce0a9841c695149178c,남자,51,경기,고등학교,범용 소프트웨어 프로그래머,남성,6,50대,경기도,고졸
2631,514e367c99b74b52b5348cc4ac349d0d,남자,54,경기,고등학교,그 외 경호 및 보안 관련 종사원,남성,6,50대,경기도,고졸
2632,cae3469acc0c472293e999a860cc759b,남자,50,대구,고등학교,수동 포장원,남성,6,50대,대구광역시,고졸
2633,da5f3f723f7945ceb84bac3f4f0cf19c,남자,54,충청북,고등학교,염색기 조작원,남성,6,50대,충청북,고졸
2634,dc7de7ae49f74f4294b3d803348f85eb,남자,52,경기,대학원,철도운송 사무원,남성,6,50대,경기도,대학원졸
2635,b62ec810bf6e4a9394cf4177e2f0a4a7,남자,59,경기,고등학교,하역 및 적재 관련 단순 종사원,남성,6,50대,경기도,고졸
2636,674c826c233849aebc44679458a37ff5,남자,57,경상남,2~3년제 전문대학,그 외 전기·전자기기 설치 및 수리원,남성,6,50대,경상남도,전문대졸
2637,9321461d48c04e798e1c2125b49f026c,남자,51,서울,고등학교,새시 조립 및 설치원,남성,6,50대,서울특별시,고졸
2638,a662f55c73fc488ea4c717f3434566cb,남자,57,서울,중학교,하역 및 적재 관련 단순 종사원,남성,6,50대,서울특별시,중졸
2639,d6434621c7f64845b78ca129d3b0b69f,남자,55,경기,중학교,하역 및 적재 관련 단순 종사원,남성,6,50대,경기도,중졸
2640,f515bb15966046aca3b27f7a02a28a49,남자,55,서울,고등학교,무직,남성,6,50대,서울특별시,고졸
2641,ebfc4e370edd4fe18bd27620775539c1,남자,55,부산,4년제 대학교,그 외 금속·재료 공학 기술자 및 연구원,남성,6,50대,부산광역시,대졸
2642,48fc0dd5a59540c089023e8c2f7eeb35,남자,56,대전,4년제 대학교,무직,남성,6,50대,대전광역시,대졸
2643,a9b7bbffa2de4c8493882c69a5098068,남자,50,인천,2~3년제 전문대학,한식 조리사,남성,6,50대,인천광역시,전문대졸
2644,a1ab94d2648a4995a0e14cc3a9b8f5a2,남자,59,경상남,4년제 대학교,음료 배달원,남성,6,50대,경상남도,대졸
2645,c3e06622e4d74655bf5e126a1d1fdc20,남자,57,경기,무학,무직,남성,6,50대,경기도,무학
2646,a84c124790634613b5f38ad5e2f3aa4e,남자,50,경기,고등학교,인터넷케이블 설치 및 수리원,남성,6,50대,경기도,고졸
2647,e9e00eaa82954d298ab5688bbe32048a,남자,57,강원,고등학교,전화 상담원,남성,6,50대,강원특별자치도,고졸
2648,dbf2fb5ae62d4a96801c832aea521319,남자,59,서울,4년제 대학교,식품공학 기술자 및 연구원,남성,6,50대,서울특별시,대졸
2649,32e6cb7534d5418da5b270e3b58b1def,남자,59,울산,4년제 대학교,그 외 금속·재료 공학 기술자 및 연구원,남성,6,50대,울산광역시,대졸
2650,e210c36bb6f0431f896d4d050043be26,남자,58,경기,고등학교,그 외 경호 및 보안 관련 종사원,남성,6,50대,경기도,고졸
2651,be6822a0e5f04efea93536e43033fdb9,남자,53,전라남,고등학교,냉난방기 관련 설비 조작원,남성,6,50대,전라남,고졸
2652,dce1ab43f55b44cf81be5dfcfc086140,남자,59,서울,4년제 대학교,여행 사무원,남성,6,50대,서울특별시,대졸
2653,37e9e42d958e428ca8b70ba3e8ad588a,남자,50,경기,고등학교,시설 경비원,남성,6,50대,경기도,고졸
2654,47b89378b1644b23bd3d6e9f24ed7914,남자,54,대구,4년제 대학교,경영 기획 사무원,남성,6,50대,대구광역시,대졸
2655,01787897959942ed8ba3b38e4da74113,남자,57,경상남,중학교,시설 경비원,남성,6,50대,경상남도,중졸
2656,b6c2991b53704190b13434d4eb3fe653,남자,51,경기,고등학교,그 외 기능 관련 종사원,남성,6,50대,경기도,고졸
2657,ddead6db5d4b4029ba075fadf48f59a2,남자,59,전라남,고등학교,지게차 운전원,남성,6,50대,전라남,고졸
2658,c0650fd7c1d04b2ebf8075bd742cf686,남자,55,부산,고등학교,그 외 물품 이동 장비 조작원,남성,6,50대,부산광역시,고졸
2659,627e150e0ef44ae39066fd81273cead4,남자,55,서울,2~3년제 전문대학,무직,남성,6,50대,서울특별시,전문대졸
2660,df65b205d2f94098a9e122bff4bf57ce,남자,55,광주,고등학교,건물 칸막이 설치원,남성,6,50대,광주광역시,고졸
2661,b54213c8d3634f8e8c371a7e8a2b6b53,남자,57,경기,중학교,하역 및 적재 관련 단순 종사원,남성,6,50대,경기도,중졸
2662,fbf469f8e2034416a89d3e1044762020,남자,53,충청남,고등학교,무직,남성,6,50대,충청남,고졸
2663,efa4d0e196504edc968f7510299c5dfe,남자,56,경기,고등학교,무직,남성,6,50대,경기도,고졸
2664,6297091c8f344110960a35b15d38fbcc,남자,51,경상남,2~3년제 전문대학,그 외 기능 관련 종사원,남성,6,50대,경상남도,전문대졸
2665,67617c65f1034c388dc24db1d4f1eb98,남자,52,경상남,2~3년제 전문대학,음료 서비스 종사원,남성,6,50대,경상남도,전문대졸
2666,36d0bf2be0bd407da5e2fd2a0d9d71cf,남자,53,대전,2~3년제 전문대학,그 외 운송장비 정비원,남성,6,50대,대전광역시,전문대졸
2667,c082da8984d246918a6edb06841b3d07,남자,53,전라남,고등학교,엘리베이터 설치 및 정비원,남성,6,50대,전라남,고졸
2668,b771aff3affd4cd5bcd62eaa72e8f219,남자,53,전라남,고등학교,판매 사무원,남성,6,50대,전라남,고졸
2669,03c97d011b22472d9f7f70eefe64eb0d,남자,54,인천,고등학교,무직,남성,6,50대,인천광역시,고졸
2670,830db73b23ec4e78a9fb33e6dfd84a23,남자,55,인천,고등학교,품질 관리 사무원,남성,6,50대,인천광역시,고졸
2671,b65d4c5f2c2648548eaf8e01f25bcdd9,남자,53,울산,2~3년제 전문대학,판금원,남성,6,50대,울산광역시,전문대졸
2672,2e99cd84f9784662b0b37b241aacbb45,남자,53,경기,고등학교,그 외 배달원,남성,6,50대,경기도,고졸
2673,8fbb66ac0f0e4499a4b6eff094275580,남자,55,경기,4년제 대학교,건축감리 기술자,남성,6,50대,경기도,대졸
2674,480f97c6df99461eb1331752ce24bd59,남자,57,경기,고등학교,무직,남성,6,50대,경기도,고졸
2675,71a53c4d81de4e85b48285d74e9e3be1,남자,58,경기,고등학교,강구조물 가공원,남성,6,50대,경기도,고졸
2676,17e419955e134312ab79bf042f9a7d46,남자,50,경기,4년제 대학교,무직,남성,6,50대,경기도,대졸
2677,ddd5353a10f64d72833cdf98c314b824,남자,52,경기,4년제 대학교,섬유 소재 개발 기술자 및 연구원,남성,6,50대,경기도,대졸
2678,c40707f71252461cbfd48eb38d609bc9,남자,53,충청북,고등학교,그 외 화학제품 생산기 조작원,남성,6,50대,충청북,고졸
2679,67158482608d41ea8ba54113d3c2bf59,남자,59,경상남,2~3년제 전문대학,무직,남성,6,50대,경상남도,전문대졸
2680,aee053c824a14182a6bdbcf4e52c33b8,남자,59,경기,고등학교,굴착기·착암기 및 채광기 조작원,남성,6,50대,경기도,고졸
2681,c65d2d7f0a7c42b8ab85eeaea46ad0e8,남자,58,대구,4년제 대학교,산업 안전원,남성,6,50대,대구광역시,대졸
2682,d9e0f06ffc4f48b99bf11118144953a4,남자,57,경기,고등학교,그 외 버스 운전원,남성,6,50대,경기도,고졸
2683,ca327b36b55f402bad47925efefce8f9,남자,57,서울,고등학교,하역 및 적재 관련 단순 종사원,남성,6,50대,서울특별시,고졸
2684,fae7fcdc4176424c8a0dd30a81cced6e,남자,50,경기,4년제 대학교,무직,남성,6,50대,경기도,대졸
2685,d13c5a8de90f4712b619cd4046fbe2f7,남자,51,부산,고등학교,무직,남성,6,50대,부산광역시,고졸
2686,fa8e6a2fb3264b0da2cbe2c8da91fe07,남자,57,부산,4년제 대학교,기업 고위 임원,남성,6,50대,부산광역시,대졸
2687,678bec9509a14286ba78419e1afcba38,남자,53,충청남,고등학교,잠수 기능원,남성,6,50대,충청남,고졸
2688,89f86f42cc38462887983fa7c80aa712,남자,55,인천,고등학교,건물 경비원,남성,6,50대,인천광역시,고졸
2689,6bdcdd573acd4ad6bd76ab8d7342310b,남자,59,서울,4년제 대학교,철도운송 관련 종사원,남성,6,50대,서울특별시,대졸
2690,c24db0e31bfa4d6e935cfabe549f2af1,남자,50,경기,고등학교,금속 분무기 조작원,남성,6,50대,경기도,고졸
2691,88de995126114be3b74d55b3283441c2,남자,59,광주,4년제 대학교,화학물 증류기 및 반응기 조작원,남성,6,50대,광주광역시,대졸
2692,1cc58a6a28d34491aa87e260a1322a00,남자,50,경상남,고등학교,건설 단순 종사원,남성,6,50대,경상남도,고졸
2693,35805326d1644483a12607e49313e93f,남자,56,제주,2~3년제 전문대학,사무 보조원,남성,6,50대,제주특별자치도,전문대졸
2694,eb6ade5ab8904f9bbc0f9bcd4191754c,남자,55,전북,4년제 대학교,감사 사무원,남성,6,50대,전북특별자치도,대졸
2695,91f8bb04e2424a62b2d5261dafbba508,남자,56,경기,4년제 대학교,경리 사무원,남성,6,50대,경기도,대졸
2696,f09a93f16e7944b68083f794e35ea9b3,남자,57,경상남,2~3년제 전문대학,토목안전 기술자,남성,6,50대,경상남도,전문대졸
2697,d6f4be12171349a0911a2d1c5ec31567,남자,53,경기,고등학교,경리 사무원,남성,6,50대,경기도,고졸
2698,0b193f4449ac4461a1308e1c338ea6cb,남자,53,서울,4년제 대학교,회계 사무원,남성,6,50대,서울특별시,대졸
2699,71a0a4a48c6c4f2ca5cd6bf0017486a7,남자,51,경기,고등학교,그 외 공업기계 설치 및 정비원,남성,6,50대,경기도,고졸
2700,38d77a77fb854539a5a43ac232a9b2f9,남자,53,경기,4년제 대학교,도로운송 사무원,남성,6,50대,경기도,대졸
2701,25752dadd4e3421a859a1896fb2d7a00,남자,54,강원,고등학교,가스 점검원,남성,6,50대,강원특별자치도,고졸
2702,e08ec0b29c5844bf947e1f27aaddd328,남자,51,인천,고등학교,건설 단순 종사원,남성,6,50대,인천광역시,고졸
2703,420b6c9c275b423c93605daff9fb26fe,남자,51,서울,4년제 대학교,무직,남성,6,50대,서울특별시,대졸
2704,62c98047e2b048bda06a6f50b0398f36,남자,53,서울,4년제 대학교,조사 전문가,남성,6,50대,서울특별시,대졸
2705,4de8cfe68a1e4cb98920db19e16e9b5c,남자,50,서울,4년제 대학교,플랜트공학 기술자 및 연구원,남성,6,50대,서울특별시,대졸
2706,d2d524a6161c49478fa4c8f4d0a2d4c4,남자,56,대전,4년제 대학교,공공행정 사무원,남성,6,50대,대전광역시,대졸
2707,8847f4d55dd44220a02e4612a849d784,남자,58,경상남,고등학교,압연기 조작원,남성,6,50대,경상남도,고졸
2708,1df95e2f5f474c3eb15d6b12484d620c,남자,53,울산,고등학교,플랜트 배관공,남성,6,50대,울산광역시,고졸
2709,dc2e6e95714240588c4cf76c03088ef4,남자,52,경기,4년제 대학교,무직,남성,6,50대,경기도,대졸
2710,89bcb7b107e945d3b023c630f548136a,남자,58,울산,고등학교,시설 경비원,남성,6,50대,울산광역시,고졸
2711,38849490fc184997aa36500d9bc93b73,남자,57,서울,고등학교,무직,남성,6,50대,서울특별시,고졸
2712,194cbc703a104cd3afde714ab8a09374,남자,59,전라남,고등학교,지게차 운전원,남성,6,50대,전라남,고졸
2713,e47a952bdae5431da40d627a4e04d048,남자,57,울산,고등학교,콘크리트 믹서 트럭 운전원,남성,6,50대,울산광역시,고졸
2714,318fd20b9d1642179af8c3353e2e5403,남자,55,인천,고등학교,프레스기 및 절단기 조작원,남성,6,50대,인천광역시,고졸
2715,1bf1eae4b0b94c6cad3e771231dc8a8e,남자,50,대구,4년제 대학교,전자제품 개발 기술자 및 연구원,남성,6,50대,대구광역시,대졸
2716,331cc7e7126a4dbb8eb2fe1a5b91a435,남자,50,경상남,고등학교,무직,남성,6,50대,경상남도,고졸
2717,3156c28714f84728aa7fd8bde893da07,남자,56,경상남,2~3년제 전문대학,장례 지도사,남성,6,50대,경상남도,전문대졸
2718,83316dd9dcea44109d28f15be2f72460,남자,50,경기,고등학교,건물용 보일러 설치 및 정비원,남성,6,50대,경기도,고졸
2719,056710935a434452a820d644138387ce,남자,59,강원,대학원,총무 사무원,남성,6,50대,강원특별자치도,대학원졸
2720,dc8e0d9c1f294f9e96a9c3b2d4e20a16,남자,50,충청남,4년제 대학교,교육 및 훈련 사무원,남성,6,50대,충청남,대졸
2721,5bb0a42f0e48470f83ba8e5b4ba7c5ad,남자,57,경기,중학교,무직,남성,6,50대,경기도,중졸
2722,0da340dd34d94e8895b3b8c5462617f8,남자,55,경기,고등학교,소규모 상점 경영자,남성,6,50대,경기도,고졸
2723,4e2e160a2a7e43bbb0d38b80184a77bd,남자,52,서울,4년제 대학교,산업 안전원,남성,6,50대,서울특별시,대졸
2724,862e3aab1e0e42719e1a4292b83899ac,남자,56,경기,고등학교,무직,남성,6,50대,경기도,고졸
2725,982c435eda984a66bd3492ace1206cb5,남자,54,부산,2~3년제 전문대학,사무 보조원,남성,6,50대,부산광역시,전문대졸
2726,0656f8eb9cfa4bb5af28fc704d8ba482,남자,57,서울,고등학교,간판 제작 및 설치원,남성,6,50대,서울특별시,고졸
2727,66b04e5a2a674d34941eb04c61902fe5,남자,51,경기,4년제 대학교,무직,남성,6,50대,경기도,대졸
2728,16803c3278584825a2f471720f2fd917,남자,58,경기,고등학교,그 외 자동차 운전원,남성,6,50대,경기도,고졸
2729,fa9b3ae2260c4bea9ed8ee3bb8df1c8d,남자,59,광주,4년제 대학교,신차 영업원,남성,6,50대,광주광역시,대졸
2730,0911539f121a45be8b7eee3c4264614e,남자,56,대구,중학교,그 외 자동차 운전원,남성,6,50대,대구광역시,중졸
2731,42c13651b057470eb38fa216da5e96f8,남자,54,경상남,고등학교,주차 관리원,남성,6,50대,경상남도,고졸
2732,2f16621c2db14d82ab9a70cf010df1e7,남자,58,경기,중학교,건물 경비원,남성,6,50대,경기도,중졸
2733,438bf50c3ab04aec902e152a57cc8f52,남자,55,서울,고등학교,소규모 상점 경영자,남성,6,50대,서울특별시,고졸
2734,a6e35e50b98a476aafccd1e1fccc6cad,남자,58,강원,4년제 대학교,전기 감리 기술자 및 연구원,남성,6,50대,강원특별자치도,대졸
2735,56f80f2d13ee40c8807a2c5e838ffb82,남자,57,제주,고등학교,그 외 화학제품 생산기 조작원,남성,6,50대,제주특별자치도,고졸
2736,ad4bdecf9b224fffaff5ed9aa19368a4,남자,57,경기,고등학교,육군 장교,남성,6,50대,경기도,고졸
2737,35e167c8447347a8a58abdc75c39cb7b,남자,59,대전,중학교,무직,남성,6,50대,대전광역시,중졸
2738,025a03a062aa4d049087211c7935d480,남자,53,경기,고등학교,무직,남성,6,50대,경기도,고졸
2739,012439c30c804ff59885860c34f7293c,남자,52,부산,고등학교,무직,남성,6,50대,부산광역시,고졸
2740,97733be581fc4a47a8e4a76a28744449,남자,59,경기,고등학교,영업 관리 사무원,남성,6,50대,경기도,고졸
2741,b40c25aebbbe4927a176fcb10ee7bb28,남자,56,서울,중학교,수동 포장원,남성,6,50대,서울특별시,중졸
2742,8cac93476eea4f7cb278a56511b9ca21,남자,55,경상남,고등학교,지게차 운전원,남성,6,50대,경상남도,고졸
2743,be370d91789f4361862cd1c0f5891340,남자,53,경기,4년제 대학교,그 외 법률 관련 사무원,남성,6,50대,경기도,대졸
2744,7f925c47b3894450ac2f3e16517e85f3,남자,52,대전,고등학교,소방시설 공사 기술자 및 연구원,남성,6,50대,대전광역시,고졸
2745,9a89ae4fa02140cda60b3c80b5cbc31d,남자,50,경기,4년제 대학교,통계 사무원,남성,6,50대,경기도,대졸
2746,5cdd5703e42e4b56b8db49f4a01afc29,남자,50,전북,4년제 대학교,시스템 소프트웨어 설계 및 분석가,남성,6,50대,전북특별자치도,대졸
2747,82c7ec32980d49e5853f130b28b70e16,남자,51,인천,고등학교,일식 조리사,남성,6,50대,인천광역시,고졸
2748,54649a2a2e8e4c2da078b9748b9de1fb,남자,58,울산,고등학교,육군 장교,남성,6,50대,울산광역시,고졸
2749,95e777c6919f448da0ca59c76e92e049,남자,54,서울,대학원,해외 영업원,남성,6,50대,서울특별시,대학원졸
2750,ff5872d8994f44bfb496332732a34049,남자,52,서울,고등학교,그 외 데이터 및 네트워크 관련 전문가,남성,6,50대,서울특별시,고졸
2751,cf80a6eaae1b41c38fa90c939b3025d4,남자,58,서울,4년제 대학교,식품공학 기술자 및 연구원,남성,6,50대,서울특별시,대졸
2752,6a51d52eef164db08b01ee8fc6982bae,남자,58,경기,4년제 대학교,일반 비서,남성,6,50대,경기도,대졸
2753,565e1090bc62415088f6aeaf28ad81a3,남자,52,경상남,고등학교,인사 및 노무 사무원,남성,6,50대,경상남도,고졸
2754,f9ce2b0df6a346d8963e839230c6c189,남자,52,경기,고등학교,경영 기획 사무원,남성,6,50대,경기도,고졸
2755,c6b04f4c74f94f628416abb270acd851,남자,56,대구,대학원,무직,남성,6,50대,대구광역시,대학원졸
2756,bef7c91dccc1463691062f94d1140417,남자,52,전북,고등학교,그 외 법률 관련 사무원,남성,6,50대,전북특별자치도,고졸
2757,ee5b7cbe80e9435c9e4fc85e7e7d51b3,남자,51,전북,4년제 대학교,무직,남성,6,50대,전북특별자치도,대졸
2758,996ccf3c54ec4e62880b54dfb25e4964,남자,54,경기,4년제 대학교,치과 전문 의사,남성,6,50대,경기도,대졸
2759,94b7739068f04c1fb652ffb609ebc82c,남자,57,경기,4년제 대학교,영업 관리 사무원,남성,6,50대,경기도,대졸
2760,20a0169ea1cd48c5bbeda5ca4deef9c3,남자,56,서울,4년제 대학교,무직,남성,6,50대,서울특별시,대졸
2761,074243c1e6b34aa5be46ec841ec119f7,남자,50,경상북,고등학교,그 외 상점 판매원,남성,6,50대,경상북도,고졸
2762,c377a67db49145518a0f48c1e8ee8678,남자,58,경기,대학원,온라인 쇼핑 판매원,남성,6,50대,경기도,대학원졸
2763,51472462db8f475aa5a7963582a7a3fd,남자,54,서울,4년제 대학교,단말기 및 통신 서비스 판매원,남성,6,50대,서울특별시,대졸
2764,973c495804134b1db50fd0c339a1f5b6,남자,58,충청남,고등학교,대형 화물차 운전원,남성,6,50대,충청남,고졸
2765,a9f134e79bc34e3ba4f08b04fcc87b7c,남자,52,부산,고등학교,무직,남성,6,50대,부산광역시,고졸
2766,7b1a206af3d34454b11553abce2e3d88,남자,54,경기,고등학교,하역 및 적재 관련 단순 종사원,남성,6,50대,경기도,고졸
2767,2736c79cb3bb4755bf6e27b63d2cd20c,남자,55,전라남,고등학교,하역 및 적재 관련 단순 종사원,남성,6,50대,전라남,고졸
2768,bfb0136f13e840bdaeed033dfa39b0f8,남자,57,전라남,중학교,통계 사무원,남성,6,50대,전라남,중졸
2769,1c18d294952441fb949c544384992897,남자,50,충청북,고등학교,인조석 설치원,남성,6,50대,충청북,고졸
2770,12ea3571389d48c2ac6e669cca54f5c8,남자,58,부산,고등학교,무직,남성,6,50대,부산광역시,고졸
2771,9b3a117e6bc14db8ba5130ea55d78da2,남자,50,서울,4년제 대학교,건물 칸막이 설치원,남성,6,50대,서울특별시,대졸
2772,f79ab095313d4f54b76e90ab2095bedb,남자,56,서울,고등학교,무직,남성,6,50대,서울특별시,고졸
2773,70de9d2e7ca54330b33e069e0bd092e0,남자,53,대전,대학원,축산 및 수의학 연구원,남성,6,50대,대전광역시,대학원졸
2774,536c4ddf4ba7490f83a6befdb3dfe92c,남자,51,경기,고등학교,지게차 운전원,남성,6,50대,경기도,고졸
2775,56a793f329644b0da6531954e25b84e3,남자,52,강원,2~3년제 전문대학,무직,남성,6,50대,강원특별자치도,전문대졸
2776,f3bd7f96ee8144c982c0b68df8365816,남자,54,부산,2~3년제 전문대학,총무 사무원,남성,6,50대,부산광역시,전문대졸
2777,1936da44232542709dcffd00f465c3b1,남자,56,충청남,고등학교,모델,남성,6,50대,충청남,고졸
2778,4e635fe1194e49e28a54e8d8be5c4efa,남자,50,서울,4년제 대학교,자재 관리 사무원,남성,6,50대,서울특별시,대졸
2779,6516570dcec646488d26a3439c532f78,남자,51,서울,2~3년제 전문대학,온라인 쇼핑 판매원,남성,6,50대,서울특별시,전문대졸
2780,625ec9d9838642bc99ef13e37759f634,남자,57,경기,4년제 대학교,조경 관련 관리자,남성,6,50대,경기도,대졸
2781,ed338c57a07d485f81e2e119552550a8,남자,51,경상남,4년제 대학교,변호사,남성,6,50대,경상남도,대졸
2782,539b5effcbbf46a19a7ea61e23a601d5,남자,55,서울,4년제 대학교,전기 관련 관리자,남성,6,50대,서울특별시,대졸
2783,64db109b17974a63aa2bd989be6b7e4e,남자,56,경상남,중학교,건설 단순 종사원,남성,6,50대,경상남도,중졸
2784,f94cf665ce8f453c84bbfd521c771cf5,남자,58,경기,고등학교,정육가공원,남성,6,50대,경기도,고졸
2785,552f8dd749a24e668f48828fab322ea7,남자,54,인천,고등학교,그 외 버스 운전원,남성,6,50대,인천광역시,고졸
2786,4496700632c049dcbdc5e5eef1f3c411,남자,50,충청북,중학교,그 외 제조 관련 단순 종사원,남성,6,50대,충청북,중졸
2787,44a4036566784b068888b9b9e26c5353,남자,50,전북,고등학교,하역 및 적재 관련 단순 종사원,남성,6,50대,전북특별자치도,고졸
2788,291f3bd3b9f54983b5c95f500ab9f090,남자,53,부산,2~3년제 전문대학,무직,남성,6,50대,부산광역시,전문대졸
2789,36695530fd58427fa0244bd3f19c46cb,남자,55,서울,2~3년제 전문대학,크레인 운전원,남성,6,50대,서울특별시,전문대졸
2790,cde777a9c9784ef0906f8864deceb8cc,남자,56,대구,2~3년제 전문대학,강구조물 건립원,남성,6,50대,대구광역시,전문대졸
2791,3539269ff08249c5bc6424965ce3ffcf,남자,50,경기,고등학교,그 외 금속 공작 기계 조작원,남성,6,50대,경기도,고졸
2792,f096fcb17d0140ef8ec255ae1878951e,남자,56,경기,무학,건설 단순 종사원,남성,6,50대,경기도,무학
2793,3675cf7ee0fe4b1191dd86582c489568,남자,56,경기,고등학교,전기 용접원,남성,6,50대,경기도,고졸
2794,10ace83737b04de582517f9021932963,남자,56,대구,무학,건물 경비원,남성,6,50대,대구광역시,무학
2795,1cc1519321a5495db4c06f537e33ccdc,남자,53,광주,4년제 대학교,무직,남성,6,50대,광주광역시,대졸
2796,cb496fbaa4934bbcb4e958fef3de2777,남자,57,충청북,고등학교,그 외 일반 영업원,남성,6,50대,충청북,고졸
2797,1d3052e3ced1414094ae733099a1a74a,남자,51,서울,고등학교,경·소형 화물차 운전원,남성,6,50대,서울특별시,고졸
2798,42dcc98c9db243c7a86544fcb05013d3,남자,56,인천,고등학교,무직,남성,6,50대,인천광역시,고졸
2799,053c585b6cb44a008a98af8d1d402f7e,남자,57,대구,2~3년제 전문대학,무직,남성,6,50대,대구광역시,전문대졸
2800,60fce71473c342d98e33887b35609a82,남자,53,경기,고등학교,영업 관리 사무원,남성,6,50대,경기도,고졸
2801,1c4a7082e4314c689ca12cca98d0e8be,남자,58,경기,대학원,전자제품 개발 기술자 및 연구원,남성,6,50대,경기도,대학원졸
2802,699fb60c01c4472cb2e09c66849000f0,남자,52,충청남,고등학교,시설 경비원,남성,6,50대,충청남,고졸
2803,123f235f654e4710915294f827a3d865,남자,57,경기,초등학교,하역 및 적재 관련 단순 종사원,남성,6,50대,경기도,초졸이하
2804,3d6812aef4d44cccaf194b370fa59b9d,남자,58,경상북,2~3년제 전문대학,교육 및 훈련 사무원,남성,6,50대,경상북도,전문대졸
2805,68d6eba25d0045be87cbb7ff113b0b38,남자,55,충청남,4년제 대학교,일반 비서,남성,6,50대,충청남,대졸
2806,9a4dd0da5b8d4824af42ba4c90ab98ae,남자,55,충청남,고등학교,제관원,남성,6,50대,충청남,고졸
2807,ca48edb95651449c85efcaee548a8376,남자,50,경기,고등학교,건설 단순 종사원,남성,6,50대,경기도,고졸
2808,0211d3a31e8d447096108af876c28006,남자,56,울산,고등학교,관광버스 운전원,남성,6,50대,울산광역시,고졸
2809,91cb1c12d51641dd9fa2ddb0d7893934,남자,51,서울,대학원,상품 기획자,남성,6,50대,서울특별시,대학원졸
2810,0b0d1bce282f44a0b7eb7c0e8b7ed50d,남자,51,충청남,고등학교,그 외 배달원,남성,6,50대,충청남,고졸
2811,f05d04b7c11b46e9bb4c522d0a00c5b8,남자,57,경기,고등학교,무직,남성,6,50대,경기도,고졸
2812,adf436d46905435b9265ff2f8c85e11f,남자,55,경기,4년제 대학교,무직,남성,6,50대,경기도,대졸
2813,9749817ab34748b3b249bdd63220bea6,남자,53,제주,4년제 대학교,무직,남성,6,50대,제주특별자치도,대졸
2814,3fda89f5aa2e45238b5a9c2e24ea2961,남자,55,경상북,2~3년제 전문대학,염색기 조작원,남성,6,50대,경상북도,전문대졸
2815,68aedefc8d1c499e8201383b696e0b25,남자,52,경상남,고등학교,네트워크 시스템 개발자,남성,6,50대,경상남도,고졸
2816,a4cb019a72da4243b4ce313be1e7f75b,남자,55,경기,대학원,예술 및 인문학 교수,남성,6,50대,경기도,대학원졸
2817,07a2505762d949cc8bcb1192de1de902,남자,54,경기,고등학교,휠체어 리프트 설치 및 정비원,남성,6,50대,경기도,고졸
2818,9c0eb9c57a274f5e82fea2c3e19973ec,남자,50,경기,4년제 대학교,"전직 무역 사무원, 현재 구직중",남성,6,50대,경기도,대졸
2819,2ba33dcf361e4fe5a3f37300015bdc78,남자,56,울산,고등학교,전기 용접원,남성,6,50대,울산광역시,고졸
2820,47f571042885432281c9e5c241565730,남자,54,경기,고등학교,외장 목공,남성,6,50대,경기도,고졸
2821,9b31803317bc4a6a9d3727142fff678a,남자,50,충청북,4년제 대학교,경영 기획 사무원,남성,6,50대,충청북,대졸
2822,dc257fc4d7494426b63a5f903674c825,남자,52,전북,고등학교,중형 화물차 운전원,남성,6,50대,전북특별자치도,고졸
2823,04c9cabbe23842afb48c90a811ce3ce4,남자,58,대전,고등학교,대형 화물차 운전원,남성,6,50대,대전광역시,고졸
2824,c73ca40f0a934e42abf30e16055a7eb9,남자,51,경기,고등학교,배전반 조작원,남성,6,50대,경기도,고졸
2825,3caaa0a3cd2c4102b0f5960dcb1fd010,남자,55,경기,고등학교,지게차 운전원,남성,6,50대,경기도,고졸
2826,b415d00cd29a42109d84c463143782b5,남자,56,경상남,고등학교,전기 용접원,남성,6,50대,경상남도,고졸
2827,ae5d83bc72d74d9abf612fdf3fb422f3,남자,59,경기,중학교,건물 경비원,남성,6,50대,경기도,중졸
2828,b540c295614a4499a288442d1af77e25,남자,53,대전,4년제 대학교,경영 기획 사무원,남성,6,50대,대전광역시,대졸
2829,ebbaf93fd3564780afbc1e99233c7036,남자,50,경기,고등학교,가구 도장기 조작원,남성,6,50대,경기도,고졸
2830,0cdd1b79a62b4672864c414fb4e26ec3,남자,52,경상북,4년제 대학교,시멘트공학 시험원,남성,6,50대,경상북도,대졸
2831,03a7cc4ce8894573b4e528da61b18224,남자,57,경기,대학원,기업 대표이사,남성,6,50대,경기도,대학원졸
2832,3c3e9d48c9094404967aec1ce31ba90c,남자,52,경상남,고등학교,무직,남성,6,50대,경상남도,고졸
2833,d23a823a25bc4b31a3381f1d4e847e41,남자,54,경기,고등학교,판금원,남성,6,50대,경기도,고졸
2834,3f4e801ced1a409ea50cf3bc0884e1c4,남자,51,경기,고등학교,중고차 영업원,남성,6,50대,경기도,고졸
2835,c42c70ee96334f129b5f98eb9df1f4bb,남자,56,서울,4년제 대학교,통계 사무원,남성,6,50대,서울특별시,대졸
2836,36df628afc8847f3a81cb77c0b593b32,남자,57,경기,고등학교,판매 사무원,남성,6,50대,경기도,고졸
2837,d31e37e6b18c4002ad454212ff685a53,남자,57,경상남,고등학교,항공운송 사무원,남성,6,50대,경상남도,고졸
2838,e45fe7276f5d4ba1bb376d951ed9cf16,남자,53,경기,고등학교,일반 비서,남성,6,50대,경기도,고졸
2839,f225598d18b04391a5da6d0bc8ff6d05,남자,55,경상남,고등학교,육군 부사관,남성,6,50대,경상남도,고졸
2840,062e9a9a70e248f9a136027b48d11c8f,남자,57,경상북,중학교,그 외 곡물가공 제품 기계 조작원,남성,6,50대,경상북도,중졸
2841,62cd8cbcc9e3450391554574ea49a3cf,남자,50,대구,2~3년제 전문대학,식품 영업원,남성,6,50대,대구광역시,전문대졸
2842,3eb1c1da3b484bb7bbe9adbe0a6470ca,남자,50,전북,고등학교,그 외 하역 및 적재 단순 종사원,남성,6,50대,전북특별자치도,고졸
2843,b9ed13e4fe3141159d6f4ba4a13a0dee,남자,52,경기,고등학교,무직,남성,6,50대,경기도,고졸
2844,6b284a49e4d44055962dd212d338523f,남자,57,전라남,고등학교,시설 경비원,남성,6,50대,전라남,고졸
2845,baa3f4447b074abb8e42f5634d12187e,남자,58,경기,고등학교,건물 경비원,남성,6,50대,경기도,고졸
2846,9587e484ddbf4967b71fea2ef93ccd7e,남자,51,서울,고등학교,소규모 상점 경영자,남성,6,50대,서울특별시,고졸
2847,a78a329ca6564021bb257add58181b66,남자,58,경기,2~3년제 전문대학,건설기계 조립원,남성,6,50대,경기도,전문대졸
2848,48d98e5100bb4f1f987cf27b61f2e957,남자,51,서울,2~3년제 전문대학,무직,남성,6,50대,서울특별시,전문대졸
2849,c12184a051b24c67acc75e43d05ab213,남자,51,광주,고등학교,무직,남성,6,50대,광주광역시,고졸
2850,e5c522384f0f4eb5848efad43cfad2af,남자,58,경기,고등학교,경·소형 화물차 운전원,남성,6,50대,경기도,고졸
2851,827753335a164a16a4c7fac886257ee7,남자,54,경기,2~3년제 전문대학,엘리베이터 설치 및 정비원,남성,6,50대,경기도,전문대졸
2852,9cfa3d5dfbf24357853ab49715e90f89,남자,57,인천,고등학교,중형 화물차 운전원,남성,6,50대,인천광역시,고졸
2853,74e6b56b66454e3c9bae592c1a89f96f,남자,52,경기,대학원,무직,남성,6,50대,경기도,대학원졸
2854,ed30dfb054f24c4da2c60c4194c36e69,남자,54,대구,2~3년제 전문대학,승용차 및 승합차 운전원,남성,6,50대,대구광역시,전문대졸
2855,121e50857a754c008ba7c8085dca44bb,남자,58,경기,고등학교,간호조무사,남성,6,50대,경기도,고졸
2856,8de6d2d473314145a917f4e032edeea0,남자,53,충청북,대학원,변호사,남성,6,50대,충청북,대학원졸
2857,3e3aab26c1e049468cb39d8717bd7eed,남자,58,전라남,고등학교,가스 용접원,남성,6,50대,전라남,고졸
2858,88245fe1aab74b1d9188a971e7b6bfad,남자,50,경기,고등학교,그 외 상점 판매원,남성,6,50대,경기도,고졸
2859,5dd821f873c54a6ca425145533fea9d2,남자,55,광주,초등학교,"전직 그 외 제조 관련 단순 종사원, 현재 구직중",남성,6,50대,광주광역시,초졸이하
2860,e75fb7f2adb94f73bc33ffc1e726d424,남자,58,경상북,고등학교,무직,남성,6,50대,경상북도,고졸
2861,3a7aaa62b9144b66b75bfba2d969b011,남자,59,충청남,고등학교,화학물 가열 처리 장치 조작원,남성,6,50대,충청남,고졸
2862,3adbf58e53e9446ab513a289083e5e3e,남자,58,광주,고등학교,지게차 운전원,남성,6,50대,광주광역시,고졸
2863,7c2757d705c647aa9a26b4de15e64ec6,남자,56,경기,고등학교,무직,남성,6,50대,경기도,고졸
2864,309a88d816484391a144e406a3b18e0a,남자,54,서울,대학원,무직,남성,6,50대,서울특별시,대학원졸
2865,2bcbd914b90e42d5b408d76a87341d3e,남자,58,서울,고등학교,무직,남성,6,50대,서울특별시,고졸
2866,db124834552d44eaaaaa97e9429c4802,남자,58,경기,4년제 대학교,생산관리 사무원,남성,6,50대,경기도,대졸
2867,e60118e03669411c87217b48c1482782,남자,52,경기,초등학교,주차 관리원,남성,6,50대,경기도,초졸이하
2868,078d477eba1d479d90f05db5505a7cb9,남자,53,전북,2~3년제 전문대학,산업 안전원,남성,6,50대,전북특별자치도,전문대졸
2869,df806d5e2551429d966fb6d1dd65ea5f,남자,57,전북,중학교,건설 단순 종사원,남성,6,50대,전북특별자치도,중졸
2870,80a6b077083b4b738e87fb536ae4e193,남자,53,경기,고등학교,철로 설치원,남성,6,50대,경기도,고졸
2871,c41d907bdd1a40e3be174e1a7cfa6565,남자,59,인천,4년제 대학교,품질 관리 사무원,남성,6,50대,인천광역시,대졸
2872,fff1d3ab37e644f7a500e996aff51bd4,남자,54,전라남,고등학교,그 외 법률 관련 사무원,남성,6,50대,전라남,고졸
2873,b9b7d63df6e647468029788585000d38,남자,58,충청남,2~3년제 전문대학,지게차 운전원,남성,6,50대,충청남,전문대졸
2874,064b1bb2892647c78a1c721a4356dc6f,남자,52,충청남,고등학교,하역 및 적재 관련 단순 종사원,남성,6,50대,충청남,고졸
2875,e3c816a460964e0eb54dd8707052867d,남자,52,전라남,고등학교,금속제품 도장기 조작원,남성,6,50대,전라남,고졸
2876,102502ec3ac24c73ac180e0964caebdb,남자,53,경기,4년제 대학교,품질 관리 사무원,남성,6,50대,경기도,대졸
2877,ae63ef74dfb342529c66862dd4d22341,남자,50,전북,고등학교,그 외 시설 및 특수 경비원,남성,6,50대,전북특별자치도,고졸
2878,08f84f6388c842a6b6221400fb5b352d,남자,60,경기,고등학교,무직,남성,7,60대,경기도,고졸
2879,bf3129a69a904480a5b9c6b8bb062c30,남자,68,경상남,초등학교,무직,남성,7,60대,경상남도,초졸이하
2880,427502807b014d31bca3f21d51864dac,남자,62,경기,고등학교,그 외 일반 영업원,남성,7,60대,경기도,고졸
2881,9729f855e6fc42079dcefe180cb6e109,남자,62,전라남,고등학교,지게차 운전원,남성,7,60대,전라남,고졸
2882,5f649c07c6094381829f799a9e7dab31,남자,61,인천,고등학교,크레인 운전원,남성,7,60대,인천광역시,고졸
2883,9bc22f9efa914fd89634fb938229655f,남자,68,강원,고등학교,무직,남성,7,60대,강원특별자치도,고졸
2884,c76ba0c8ef664855bc46f13c3576be46,남자,60,경기,고등학교,음식 서비스 종사원,남성,7,60대,경기도,고졸
2885,d9eec48811d24c60a0cc2206772535b1,남자,66,인천,고등학교,무직,남성,7,60대,인천광역시,고졸
2886,e55e51fe7a0a4bb7a1ff31492fd61280,남자,61,서울,2~3년제 전문대학,산업 안전원,남성,7,60대,서울특별시,전문대졸
2887,b13aad0b9bcf41968326e9205adbdbe0,남자,61,경기,고등학교,시설 경비원,남성,7,60대,경기도,고졸
2888,563993c2c2824304a6d92d90d164b646,남자,64,서울,4년제 대학교,경리 사무원,남성,7,60대,서울특별시,대졸
2889,063b2e88cd3b4499922385f7fdb1b27a,남자,69,부산,고등학교,무직,남성,7,60대,부산광역시,고졸
2890,8c24810c138240b6910c1b8b31f306ec,남자,61,울산,고등학교,보험 심사원,남성,7,60대,울산광역시,고졸
2891,28e2f2e0dfe94e16bdcdc36c71d47291,남자,61,서울,고등학교,방수공,남성,7,60대,서울특별시,고졸
2892,1726f5809a7d447483dcb2016586d870,남자,66,대구,중학교,무직,남성,7,60대,대구광역시,중졸
2893,d97d4fcf2400491384a4b8caaa80d78a,남자,66,인천,4년제 대학교,무직,남성,7,60대,인천광역시,대졸
2894,4897920e16a7469a8eb729d69daef86d,남자,65,대전,중학교,무직,남성,7,60대,대전광역시,중졸
2895,3732e87f17e2462483ef8728ac5faec1,남자,60,서울,대학원,무직,남성,7,60대,서울특별시,대학원졸
2896,5848bb8c9c1f4bb9ac20d49800687fb0,남자,63,서울,4년제 대학교,"전직 그 외 데이터 및 네트워크 관련 전문가, 현재 구직중",남성,7,60대,서울특별시,대졸
2897,b3c944107a394571954bcf243a959677,남자,65,경기,고등학교,경량 철골공,남성,7,60대,경기도,고졸
2898,3c25b1dd202b4adface2ca8b2e8b7033,남자,61,경기,4년제 대학교,무역 사무원,남성,7,60대,경기도,대졸
2899,92d9a6fa1e09436bb65372fd08c5717f,남자,67,부산,중학교,식품 영업원,남성,7,60대,부산광역시,중졸
2900,04333bd25922460c8527900c15d950bf,남자,68,경기,고등학교,강구조물 건립원,남성,7,60대,경기도,고졸
2901,c314b6ae07f947a1b935096749a8d7a1,남자,67,경상남,고등학교,금속 세척기 조작원,남성,7,60대,경상남도,고졸
2902,b9a150a34275427d8cc9148b851d184b,남자,64,경기,중학교,무직,남성,7,60대,경기도,중졸
2903,48c60621acbc4490a53b9bf58a529f2b,남자,67,세종,고등학교,무직,남성,7,60대,세종특별자치시,고졸
2904,54b4677211a646cb8ae97e41ec4fbce8,남자,67,강원,고등학교,무직,남성,7,60대,강원특별자치도,고졸
2905,b0d7d037d1df40efb0bb3c6ed6092f35,남자,68,제주,2~3년제 전문대학,철도운송 관련 종사원,남성,7,60대,제주특별자치도,전문대졸
2906,10b89e98b2f8419cb08032028b6f842e,남자,60,제주,고등학교,기계 경비원,남성,7,60대,제주특별자치도,고졸
2907,6781231a1704472e92ba50c13f70b318,남자,64,경기,4년제 대학교,무직,남성,7,60대,경기도,대졸
2908,8b33f4d74e274326ab0535ee634fa345,남자,67,전라남,고등학교,강구조물 건립원,남성,7,60대,전라남,고졸
2909,588d8bfc67d6408088b12a8a220c25d3,남자,61,충청북,중학교,무직,남성,7,60대,충청북,중졸
2910,4dc67cedbc554cc6b3ae9e247ba88739,남자,61,경상북,4년제 대학교,무직,남성,7,60대,경상북도,대졸
2911,de2ace39640f4108937f2f80f35d2912,남자,61,경기,대학원,"전직 냉난방·공조공학 기술자 및 연구원, 현재 구직중",남성,7,60대,경기도,대학원졸
2912,27a3da975539456bba3f9f117353d758,남자,63,충청남,고등학교,드릴링기 및 보링기 조작원,남성,7,60대,충청남,고졸
2913,d75c89bd72a24b1d8ae415b4e23a9a74,남자,60,서울,고등학교,사무 보조원,남성,7,60대,서울특별시,고졸
2914,9c0e62b7dc304d0ab4551b649c8ba1dc,남자,68,충청북,고등학교,무직,남성,7,60대,충청북,고졸
2915,88f988af29dc4341899d7a9b03f058b1,남자,61,경기,4년제 대학교,무직,남성,7,60대,경기도,대졸
2916,0f88471d832a4acebf056e649e546641,남자,63,서울,고등학교,그 외 서비스 관련 단순 종사원,남성,7,60대,서울특별시,고졸
2917,1111a560a14f4bfa9b9dcbb777267b12,남자,65,서울,고등학교,단열공,남성,7,60대,서울특별시,고졸
2918,eda352b8d8454638a03a3f617e2cea5c,남자,66,경기,초등학교,"전직 육아 도우미, 현재 구직중",남성,7,60대,경기도,초졸이하
2919,2bf0cec1017b4cbcb5c67bdfb40f6f78,남자,61,광주,고등학교,무직,남성,7,60대,광주광역시,고졸
2920,118d3c40612e472b82abc642417575f6,남자,64,전라남,2~3년제 전문대학,무직,남성,7,60대,전라남,전문대졸
2921,df221c58fe0244f1b1b222884f399c0d,남자,66,경기,고등학교,지게차 운전원,남성,7,60대,경기도,고졸
2922,fe7d0f90f2dc453cb8f31eff2ad4cfec,남자,60,강원,고등학교,하역 및 적재 관련 단순 종사원,남성,7,60대,강원특별자치도,고졸
2923,8c10a2daf8434fa195c77524bd0e70b0,남자,65,서울,고등학교,무직,남성,7,60대,서울특별시,고졸
2924,3fa221354f4847078cd47d3e0a49e75a,남자,68,전라남,중학교,금속 세척기 조작원,남성,7,60대,전라남,중졸
2925,e96930ede38f43f8a91b37330e5de39c,남자,63,서울,고등학교,소규모 상점 경영자,남성,7,60대,서울특별시,고졸
2926,7d30140323824e93b3478d298f4ce000,남자,61,서울,4년제 대학교,섬유 및 의복 제품 생산 관리자,남성,7,60대,서울특별시,대졸
2927,930c9823aa834a4bb3bcf55b5198a083,남자,64,전라남,고등학교,무직,남성,7,60대,전라남,고졸
2928,3179bc4edd164ef5a60bcdbe7054cbdf,남자,62,경상북,고등학교,무직,남성,7,60대,경상북도,고졸
2929,38a6b9cee31849f68e387f862b7d4dd2,남자,69,대구,중학교,검표원,남성,7,60대,대구광역시,중졸
2930,77aed6165abe4d26b82e8e4b2743efc7,남자,66,경기,4년제 대학교,무직,남성,7,60대,경기도,대졸
2931,05c42887e31d45e89713be7651d776c7,남자,67,경상남,고등학교,무직,남성,7,60대,경상남도,고졸
2932,e59e97e64af4413f81e3c9a5ef638a0d,남자,68,경기,고등학교,"전직 그 외 기능 관련 종사원, 현재 구직중",남성,7,60대,경기도,고졸
2933,2608782ff2ca424fb49f4797cc40fb7e,남자,69,경상북,초등학교,하역 및 적재 관련 단순 종사원,남성,7,60대,경상북도,초졸이하
2934,c0d547b0f491421085d155436eb73aa5,남자,69,전북,4년제 대학교,무직,남성,7,60대,전북특별자치도,대졸
2935,15c28d26ee43419784040f36723848d0,남자,62,경기,대학원,"전직 그 외 금속·재료 공학 기술자 및 연구원, 현재 구직중",남성,7,60대,경기도,대학원졸
2936,82854d40629e4ceda69a8655068af54b,남자,66,경기,고등학교,무직,남성,7,60대,경기도,고졸
2937,c0f615fb4f8d4381be14b719b97e7255,남자,64,서울,2~3년제 전문대학,무직,남성,7,60대,서울특별시,전문대졸
2938,34f36a0ea8c84804a6de732e46acf67d,남자,64,경기,고등학교,무직,남성,7,60대,경기도,고졸
2939,500f6a2436194ee0ab31bdbc32b6967d,남자,63,인천,4년제 대학교,"전직 철도운송 관련 종사원, 현재 구직중",남성,7,60대,인천광역시,대졸
2940,e09288ef8199417288926c2d369b03cd,남자,62,강원,대학원,무직,남성,7,60대,강원특별자치도,대학원졸
2941,8e2643695c1b4494bd7b1c506db808b3,남자,66,경기,4년제 대학교,그 외 제품 디자이너,남성,7,60대,경기도,대졸
2942,9faea6f585ac4488a35bd167d2f63d3b,남자,68,경상북,고등학교,무직,남성,7,60대,경상북도,고졸
2943,f795a5a8eecd4db3b720ddb508e9d64f,남자,65,경기,중학교,사무 보조원,남성,7,60대,경기도,중졸
2944,a25f39c5881143579d2dcce1c09e0c50,남자,63,전북,고등학교,중식 조리사,남성,7,60대,전북특별자치도,고졸
2945,aece868aee2d49e99f34df7378154709,남자,60,경상남,중학교,노점 및 이동 판매원,남성,7,60대,경상남도,중졸
2946,385412c51fd1496daed56573c406824d,남자,60,경기,4년제 대학교,무직,남성,7,60대,경기도,대졸
2947,6f694fc004cd40468cee8f2023c5435e,남자,63,경상남,4년제 대학교,무직,남성,7,60대,경상남도,대졸
2948,f2b9202875fc43489a2f2bb99e9afa9b,남자,66,전라남,고등학교,건물 청소원,남성,7,60대,전라남,고졸
2949,e8be9dcf9e9346fd8612274e4c3a3a46,남자,65,충청남,고등학교,무직,남성,7,60대,충청남,고졸
2950,6c506b4b8fbf4a45b599cfadacc9cd93,남자,62,경상북,대학원,인사 및 노무 사무원,남성,7,60대,경상북도,대학원졸
2951,8e6b848d4eec4754ac066aacad6f5b02,남자,68,충청남,고등학교,건물 경비원,남성,7,60대,충청남,고졸
2952,d7088f62190d4e9cb8423ece482fe6f6,남자,64,인천,고등학교,사무 보조원,남성,7,60대,인천광역시,고졸
2953,d7cba2b4c41e4ca7a0ec6f212c93fd57,남자,67,경기,초등학교,전통 건물 건축원,남성,7,60대,경기도,초졸이하
2954,2473d6ceabff45fca5bb463608d63fa8,남자,63,대구,고등학교,무직,남성,7,60대,대구광역시,고졸
2955,1dab57c0bff04787939aea3d633ab964,남자,65,경기,4년제 대학교,무직,남성,7,60대,경기도,대졸
2956,6fdc5b59362f46de99862287761d6f6c,남자,60,경기,4년제 대학교,미디어 콘텐츠 창작자,남성,7,60대,경기도,대졸
2957,25e56878a90747babc6a74faa8d61176,남자,66,인천,고등학교,가스 배관공,남성,7,60대,인천광역시,고졸
2958,64502748fdf94637b2b90dc55169fe2b,남자,67,경기,고등학교,크레인 운전원,남성,7,60대,경기도,고졸
2959,1e4aa92c4044454cb8f144485c41aafc,남자,61,경기,대학원,법무사,남성,7,60대,경기도,대학원졸
2960,db8638375a69418f97051c1a5451f4e5,남자,61,경기,대학원,무직,남성,7,60대,경기도,대학원졸
2961,5fe043d4d0dc42579b64e8d7c43f47ad,남자,68,전북,초등학교,운송장비 청소원,남성,7,60대,전북특별자치도,초졸이하
2962,bed0bb5a21a4481e9fa6978e19bf8010,남자,65,경기,고등학교,건물 청소원,남성,7,60대,경기도,고졸
2963,47a1d0ccf62441538a88efc91532a405,남자,61,강원,고등학교,무직,남성,7,60대,강원특별자치도,고졸
2964,0464c78ce9a142ef8b0f0cf1e610cd33,남자,68,경기,고등학교,검표원,남성,7,60대,경기도,고졸
2965,29aa04dd7cb64183a7682c839e065262,남자,66,대구,4년제 대학교,무직,남성,7,60대,대구광역시,대졸
2966,746309067f6a445aa5105d27250f718a,남자,65,경기,중학교,공공행정 사무원,남성,7,60대,경기도,중졸
2967,c6d69eada3384eb0afc7a466da242c4e,남자,67,경기,초등학교,시설 경비원,남성,7,60대,경기도,초졸이하
2968,cac447698ad34309aa0732caf75396f9,남자,67,광주,고등학교,경리 사무원,남성,7,60대,광주광역시,고졸
2969,71e796b3161541a4bfffe6bde14b1b13,남자,66,경기,고등학교,건물 경비원,남성,7,60대,경기도,고졸
2970,4f3bc388ae594814b0e64e2ed48755fc,남자,68,경기,중학교,하역 및 적재 관련 단순 종사원,남성,7,60대,경기도,중졸
2971,ffcd3edd886e4a06b5e2f8bcac44580c,남자,61,부산,고등학교,무직,남성,7,60대,부산광역시,고졸
2972,da777d64dc094b858157c2ba183d6f27,남자,68,서울,고등학교,무직,남성,7,60대,서울특별시,고졸
2973,68766465c6f1430ca02f7d56eecee8ef,남자,60,경상북,2~3년제 전문대학,무직,남성,7,60대,경상북도,전문대졸
2974,01302226b48341bdb8c1c35926ec7338,남자,61,경상북,4년제 대학교,그 외 전자공학 기술자 및 연구원,남성,7,60대,경상북도,대졸
2975,8a486f70e55244bd842ba397d9b98957,남자,63,경상남,고등학교,항공기 조립원,남성,7,60대,경상남도,고졸
2976,fb8795843dc44d63a32f5480a3b796fc,남자,65,경기,중학교,무직,남성,7,60대,경기도,중졸
2977,29af83cd298b4c38a5c98cb223c448bf,남자,62,경기,중학교,하역 및 적재 관련 단순 종사원,남성,7,60대,경기도,중졸
2978,cdfef0c59db24464a2421bd4c69b93cb,남자,64,경기,고등학교,가스 용접원,남성,7,60대,경기도,고졸
2979,5be043b3e08d4d3e9249c2e341b9c37c,남자,64,부산,중학교,무직,남성,7,60대,부산광역시,중졸
2980,14c320799a2a495a8b6942e98a05f379,남자,69,인천,고등학교,매장 정리원,남성,7,60대,인천광역시,고졸
2981,0399a4f52fba43d0b0a03dd0c941e036,남자,66,경기,2~3년제 전문대학,청소년 지도사,남성,7,60대,경기도,전문대졸
2982,fcdb986e9f5d481ab2e81bece916e53c,남자,62,경기,고등학교,전화 상담원,남성,7,60대,경기도,고졸
2983,9472739c42674a86b8a3d53ec87a20dd,남자,61,경기,초등학교,주차 관리원,남성,7,60대,경기도,초졸이하
2984,17e85afde5f64af68210551792d29391,남자,62,서울,고등학교,노점 및 이동 판매원,남성,7,60대,서울특별시,고졸
2985,e180a296376946da99a02893ca8d94bd,남자,69,경기,초등학교,"전직 건설 단순 종사원, 현재 구직중",남성,7,60대,경기도,초졸이하
2986,ffc836244d404876a30e2a170fe6e3ba,남자,64,전라남,중학교,무직,남성,7,60대,전라남,중졸
2987,464b78515d354e7c8b2be4fefb02a7a0,남자,68,서울,중학교,무직,남성,7,60대,서울특별시,중졸
2988,2112daeb1a4d47c6838322062a155456,남자,68,부산,초등학교,건물 경비원,남성,7,60대,부산광역시,초졸이하
2989,9eb4bfc61e34498193ae06af60e00021,남자,63,대구,4년제 대학교,무직,남성,7,60대,대구광역시,대졸
2990,d5c657a24e804b599e9794ac0a5d7bef,남자,68,충청북,2~3년제 전문대학,관세행정 사무원,남성,7,60대,충청북,전문대졸
2991,5b8f778a2b1e473c9db222ebb61e8737,남자,63,대구,중학교,무직,남성,7,60대,대구광역시,중졸
2992,9b210899fdfc496b84a007859df20410,남자,63,서울,2~3년제 전문대학,부동산 컨설턴트,남성,7,60대,서울특별시,전문대졸
2993,bdc18084e94d4b8384797f30b1da5c72,남자,63,충청남,대학원,무직,남성,7,60대,충청남,대학원졸
2994,bece2a944adf4fd6911e17979eb1f375,남자,65,서울,고등학교,무직,남성,7,60대,서울특별시,고졸
2995,17949c2838b143a79e884d7823749e46,남자,67,충청남,고등학교,무직,남성,7,60대,충청남,고졸
2996,f405fe91087a48928e94a6df20916f2b,남자,60,경상남,4년제 대학교,무직,남성,7,60대,경상남도,대졸
2997,a4979117f99a4c108782696e520d5575,남자,65,경기,고등학교,마루 설치원,남성,7,60대,경기도,고졸
2998,16bb319cb11a4743a2f02b20a98e5147,남자,65,부산,중학교,무직,남성,7,60대,부산광역시,중졸
2999,eeb2b8ed7f79402698b53c9369861909,남자,62,제주,고등학교,무직,남성,7,60대,제주특별자치도,고졸
3000,85deaac5a8354af7a4093675cc9d0c6a,남자,64,부산,고등학교,무직,남성,7,60대,부산광역시,고졸
3001,4c8c4e2c61bd46989aeb6c3848fb70a2,남자,63,경상남,고등학교,자재 관리 사무원,남성,7,60대,경상남도,고졸
3002,5b37420e8532425ea64b004de8b1d61e,남자,65,경기,초등학교,음료 배달원,남성,7,60대,경기도,초졸이하
3003,10e75cf363a84fe8918ba931248ceeb2,남자,69,인천,4년제 대학교,조세행정 사무원,남성,7,60대,인천광역시,대졸
3004,9a8bcf8b059c43c9975fd2a59a9f2c38,남자,66,전라남,초등학교,건물 청소원,남성,7,60대,전라남,초졸이하
3005,d96a060fbfb448deb574f6607fd2602e,남자,69,서울,고등학교,그 외 기능 관련 종사원,남성,7,60대,서울특별시,고졸
3006,d47cfadf28984797ae0eb7eb3f5ed9a1,남자,67,인천,고등학교,그 외 물품 이동 장비 조작원,남성,7,60대,인천광역시,고졸
3007,a4ee770e783d41dbbd56b1eadc0c7721,남자,61,경기,중학교,무직,남성,7,60대,경기도,중졸
3008,f5882ead68c84f7cb922bc6e8b71ebcd,남자,60,경기,4년제 대학교,무직,남성,7,60대,경기도,대졸
3009,8a10d7b3b83d479aa4585c964d2c8510,남자,65,경기,고등학교,무직,남성,7,60대,경기도,고졸
3010,b896bcf3ffcf415f8a67ff7db994ee55,남자,62,경상북,고등학교,인조석 설치원,남성,7,60대,경상북도,고졸
3011,436b50796ae64f2abcb9bb896b11aa9e,남자,63,서울,고등학교,무직,남성,7,60대,서울특별시,고졸
3012,de6bc332f99740719bb5d29457a6b453,남자,61,서울,4년제 대학교,조사 전문가,남성,7,60대,서울특별시,대졸
3013,02d4c2e9d3da4b7ea19c73e117cb6a30,남자,61,대전,고등학교,사무 보조원,남성,7,60대,대전광역시,고졸
3014,9bdc6fc615204c6c837233d055ca7a01,남자,61,경기,고등학교,강구조물 건립원,남성,7,60대,경기도,고졸
3015,aeb1ed252cea49b8beceb8395f0fb523,남자,68,부산,초등학교,건설 단순 종사원,남성,7,60대,부산광역시,초졸이하
3016,38c3e59a779b4ba8a87a5da773650818,남자,63,경기,중학교,육군 장교,남성,7,60대,경기도,중졸
3017,d4d2465f655744a0a39c624801779f08,남자,66,경상남,초등학교,그 외 서비스 관련 단순 종사원,남성,7,60대,경상남도,초졸이하
3018,9dafb0a72bea455c9e980baf895ed148,남자,62,제주,중학교,그 외 택배원,남성,7,60대,제주특별자치도,중졸
3019,3ff658cb2fe04a428ef8aa872d3c7f11,남자,63,충청북,고등학교,건물 경비원,남성,7,60대,충청북,고졸
3020,6986856d70f14f6cbd8ea24087ed3ab6,남자,63,경상북,중학교,시설 경비원,남성,7,60대,경상북도,중졸
3021,740c56ba105b43d6ad1b461ec1be575d,남자,61,충청북,4년제 대학교,무직,남성,7,60대,충청북,대졸
3022,cf817f10eac7456f9a6e869697e91410,남자,64,경기,고등학교,"전직 단말기 및 통신 서비스 판매원, 현재 구직중",남성,7,60대,경기도,고졸
3023,f00794a5c58f4982aea29d0e4d155375,남자,62,전라남,고등학교,운송장비 청소원,남성,7,60대,전라남,고졸
3024,fa1028476bc2466897a3d926dcda1701,남자,67,경기,고등학교,무직,남성,7,60대,경기도,고졸
3025,63ab71ad630b4335859db9dcb0022c99,남자,64,전북,중학교,아파트 경비원,남성,7,60대,전북특별자치도,중졸
3026,ca91a65e97f1478da6291391b8c152ca,남자,61,서울,중학교,무직,남성,7,60대,서울특별시,중졸
3027,0c6b286073d045b39eeebc0291cab7c2,남자,69,서울,고등학교,"전직 상·하수 배관공, 현재 구직중",남성,7,60대,서울특별시,고졸
3028,6dfdedada252470fa67df39ccd3e5c6a,남자,67,인천,고등학교,건물 경비원,남성,7,60대,인천광역시,고졸
3029,8d4542c0e904416eb3febbb28a1330b9,남자,62,부산,고등학교,양복 제조원,남성,7,60대,부산광역시,고졸
3030,cd34dd574cf4408cb9e06e73bd07198c,남자,65,경기,고등학교,그 외 물품 이동 장비 조작원,남성,7,60대,경기도,고졸
3031,172f8208f3f64c279bf2b581ddc26864,남자,66,인천,중학교,무직,남성,7,60대,인천광역시,중졸
3032,f3f3442f6de34a23a11558044114d4c7,남자,64,전북,고등학교,무직,남성,7,60대,전북특별자치도,고졸
3033,2b60f5a9baa24479a13efde9f161f46f,남자,60,경기,고등학교,보안 관제원,남성,7,60대,경기도,고졸
3034,e929e1aaea05415a8080e57b574ae02d,남자,67,경기,2~3년제 전문대학,무직,남성,7,60대,경기도,전문대졸
3035,f596ab7cfd12423e8ea2be6990742a81,남자,67,서울,4년제 대학교,무직,남성,7,60대,서울특별시,대졸
3036,027ed9c7cdb849f58ed671ca0fd91ece,남자,67,전라남,고등학교,제관원,남성,7,60대,전라남,고졸
3037,dd4093c56ee14a1bbadfb573b8aff148,남자,63,전북,대학원,무직,남성,7,60대,전북특별자치도,대학원졸
3038,70a0c612b28440ac9b79c9501706f5a8,남자,60,서울,4년제 대학교,일반 의사,남성,7,60대,서울특별시,대졸
3039,7926e631ecbd4e1780160cb1ffafc90d,남자,65,서울,4년제 대학교,무직,남성,7,60대,서울특별시,대졸
3040,82a2e2620104496794da64388d53c031,남자,63,인천,중학교,그 외 건물 관리원,남성,7,60대,인천광역시,중졸
3041,cf1f1212a1464e10bdd6365aa17d5d1a,남자,68,경기,초등학교,건물 경비원,남성,7,60대,경기도,초졸이하
3042,429c08e479ce4c89992d3787c8e8c9bc,남자,63,경기,고등학교,산업 안전원,남성,7,60대,경기도,고졸
3043,4bdcb5e462654e2abdeccafbe70d5e6e,남자,64,경기,고등학교,무직,남성,7,60대,경기도,고졸
3044,57a4725599d74b89aab615d4af3470b0,남자,64,경상남,초등학교,건물 경비원,남성,7,60대,경상남도,초졸이하
3045,2435442d546c4499b5184d686ef53129,남자,62,부산,중학교,무직,남성,7,60대,부산광역시,중졸
3046,1d0121fd0cc045b8976e31b76abba5a2,남자,67,강원,고등학교,무직,남성,7,60대,강원특별자치도,고졸
3047,6356e29064cd49d6aff3d650773c1cf8,남자,66,충청남,고등학교,"전직 건물 경비원, 현재 구직중",남성,7,60대,충청남,고졸
3048,ff917b93986f4cc38e21f1ac1d0f11e1,남자,67,전북,고등학교,무직,남성,7,60대,전북특별자치도,고졸
3049,c5bcd50241ab41829e9aae7aae6135e3,남자,61,전라남,고등학교,건물 경비원,남성,7,60대,전라남,고졸
3050,4a5b0932de2a449592b5a0b7ea1bffba,남자,60,경상북,중학교,무직,남성,7,60대,경상북도,중졸
3051,5dc8fab1f1e14632a99fd72786c9a98b,남자,66,인천,4년제 대학교,무직,남성,7,60대,인천광역시,대졸
3052,b95b751cb9a54c9eb83ec8594a61c65e,남자,62,경기,고등학교,그 외 상점 판매원,남성,7,60대,경기도,고졸
3053,5550b8c5a0004421bba35641b6413373,남자,67,서울,2~3년제 전문대학,무직,남성,7,60대,서울특별시,전문대졸
3054,0200d3c458cf48d4a3248c29574a851d,남자,64,경기,대학원,폐기물 처리 기술자 및 연구원,남성,7,60대,경기도,대학원졸
3055,0d30aec3d76749f59f2141c019320580,남자,69,경기,고등학교,무직,남성,7,60대,경기도,고졸
3056,e3a4f260285042d497c74c2154d24d73,남자,67,서울,대학원,"전직 기업 고위 임원, 현재 구직중",남성,7,60대,서울특별시,대학원졸
3057,f68299f92ac7458bb57ffceb0069c012,남자,60,경상남,중학교,건물 청소원,남성,7,60대,경상남도,중졸
3058,d907078fc1cd44ab82cca9544e405175,남자,69,전북,고등학교,건물 경비원,남성,7,60대,전북특별자치도,고졸
3059,20a7c66d9fb045659a02b6d1a5a29e35,남자,60,서울,고등학교,무직,남성,7,60대,서울특별시,고졸
3060,ff89b08c13a545508f08d88cfbc96f04,남자,65,경기,중학교,무직,남성,7,60대,경기도,중졸
3061,ecbaf11d29de4cd1b9524821753f926a,남자,68,서울,대학원,건축안전 기술자,남성,7,60대,서울특별시,대학원졸
3062,1d0c3cca5f464bf9af9ce39ccb42ed70,남자,61,대전,고등학교,화학물 여과기 및 분리기 조작원,남성,7,60대,대전광역시,고졸
3063,5c0c21d1c0be4ea9af8834e964efce13,남자,64,경기,초등학교,하역 및 적재 관련 단순 종사원,남성,7,60대,경기도,초졸이하
3064,190a191efb2541cdbc90d01e5270b4bf,남자,68,경기,중학교,용접기 조작원,남성,7,60대,경기도,중졸
3065,76b400c9abd74045938b176c426e5315,남자,61,경상북,4년제 대학교,무직,남성,7,60대,경상북도,대졸
3066,ae2efaf337bb4e8b98d099b75c2c4230,남자,69,경기,고등학교,무직,남성,7,60대,경기도,고졸
3067,e29bb5a362a342f68cdbb83ad22c77e7,남자,69,서울,4년제 대학교,무직,남성,7,60대,서울특별시,대졸
3068,132a87d72a354577b2313995b7a2358e,남자,66,대구,고등학교,자동차 엔진 조립원,남성,7,60대,대구광역시,고졸
3069,02630322297c48b589f2af32c08e0d6e,남자,64,충청남,고등학교,무직,남성,7,60대,충청남,고졸
3070,4e978f7e26104646bc50dfdceb8309ac,남자,61,경상북,4년제 대학교,무직,남성,7,60대,경상북도,대졸
3071,bd031e79c84e4d11959dbc0dd0c0bc26,남자,68,서울,4년제 대학교,보육 관련 시설 서비스 종사원,남성,7,60대,서울특별시,대졸
3072,cbce0374be4e4803894d1c61be5706fe,남자,68,강원,초등학교,"전직 그 외 하역 및 적재 단순 종사원, 현재 구직중",남성,7,60대,강원특별자치도,초졸이하
3073,e62403557a6f49619923f07ba8ffaf4d,남자,65,경기,고등학교,음식 서비스 종사원,남성,7,60대,경기도,고졸
3074,c2421d48b9c24b0a92d605266eab51a1,남자,64,경기,중학교,중식 조리사,남성,7,60대,경기도,중졸
3075,4c6e8e4cf4a24b5bbfad7600008acb25,남자,60,전라남,중학교,그 외 건축 마감 관련 기능 종사원,남성,7,60대,전라남,중졸
3076,c0f050817ded40eab1000449c497efc2,남자,68,경기,초등학교,무직,남성,7,60대,경기도,초졸이하
3077,75a9373ef6474568a492c1fff498ca23,남자,61,충청북,2~3년제 전문대학,가스 생산기 조작원,남성,7,60대,충청북,전문대졸
3078,0569d58588fb460696243dca785c3e09,남자,62,전북,중학교,무직,남성,7,60대,전북특별자치도,중졸
3079,99c9411cfd924611ac805d88c10e1933,남자,63,제주,대학원,"전직 화장품·비누제품 기술자 및 연구원, 현재 구직중",남성,7,60대,제주특별자치도,대학원졸
3080,8e8e90d3b1744f9093e05d80bdf9eed2,남자,63,전북,4년제 대학교,"전직 산업 안전원, 현재 구직중",남성,7,60대,전북특별자치도,대졸
3081,97b0631cdd8840a29dc96e1547033b9e,남자,67,경기,고등학교,무직,남성,7,60대,경기도,고졸
3082,beb09ac898f64ea19812048b407fb533,남자,66,경기,4년제 대학교,토목시공 기술자,남성,7,60대,경기도,대졸
3083,613e6f62871f4fe38048cd7d4b226c75,남자,68,경상남,초등학교,하역 및 적재 관련 단순 종사원,남성,7,60대,경상남도,초졸이하
3084,536deff79047479d94e8f30ca94b90ed,남자,60,경상남,고등학교,프레스기 및 절단기 조작원,남성,7,60대,경상남도,고졸
3085,143d488c95cc40d78e0b32c8e7988151,남자,63,경기,고등학교,무직,남성,7,60대,경기도,고졸
3086,4b0af3636ac64b2589f803b1225343b6,남자,66,전라남,2~3년제 전문대학,그 외 시설 및 특수 경비원,남성,7,60대,전라남,전문대졸
3087,ab7c81401a9947cdba18b52aefd05dd5,남자,67,대구,고등학교,강구조물 건립원,남성,7,60대,대구광역시,고졸
3088,f3abb667302a439da704215c5036d744,남자,60,대구,고등학교,잠수 기능원,남성,7,60대,대구광역시,고졸
3089,bfe1b37e9e91405b8699dee177948046,남자,66,경기,고등학교,하역 및 적재 관련 단순 종사원,남성,7,60대,경기도,고졸
3090,5afd0d64a16749ea8b2f497a351d3ce6,남자,66,경기,고등학교,무직,남성,7,60대,경기도,고졸
3091,aeb7c38d8fdc4960af113b13396cd27e,남자,68,경기,초등학교,무직,남성,7,60대,경기도,초졸이하
3092,bdc18be48c784560ba74d5feee258e50,남자,66,전라남,고등학교,무직,남성,7,60대,전라남,고졸
3093,4764334b188d40d2a42c3bf185dd1327,남자,61,경상북,고등학교,무직,남성,7,60대,경상북도,고졸
3094,0de1d0b599364e27bd58d7e49eed1b7f,남자,64,충청북,고등학교,경리 사무원,남성,7,60대,충청북,고졸
3095,e59c339d7a4d47c3b1306c8dab66b8a4,남자,67,경상북,중학교,무직,남성,7,60대,경상북도,중졸
3096,f269b8916b7e4acfbfabd1cdbedb50ee,남자,60,서울,고등학교,전화 상담원,남성,7,60대,서울특별시,고졸
3097,fa625818055f48adbac09b668af19986,남자,65,경기,2~3년제 전문대학,자재 관리 사무원,남성,7,60대,경기도,전문대졸
3098,026ae0bcf519498b9903629d63d8ae2a,남자,63,경기,고등학교,그 외 전기·전자기기 설치 및 수리원,남성,7,60대,경기도,고졸
3099,777427eb3c734697a5e5f49a743861e2,남자,60,전북,고등학교,운송장비 청소원,남성,7,60대,전북특별자치도,고졸
3100,b4d68783bee042139bbb8c95301b112b,남자,60,전북,고등학교,무직,남성,7,60대,전북특별자치도,고졸
3101,8186c3f43afc4e2cb76cc654ed5515a1,남자,69,대구,4년제 대학교,"전직 위험 관리원, 현재 구직중",남성,7,60대,대구광역시,대졸
3102,a6e9700f7a7743c2a92eda50d178bb22,남자,69,경상북,중학교,시설 경비원,남성,7,60대,경상북도,중졸
3103,e60054ca6b124bc09e1b209d030a149f,남자,60,서울,4년제 대학교,해외 영업원,남성,7,60대,서울특별시,대졸
3104,dd01e43fd079420193d5d7e827e34870,남자,62,경기,고등학교,그 외 상하수도 처리 장치 조작원,남성,7,60대,경기도,고졸
3105,0011e8100bff4434a978afc0493ea420,남자,69,충청남,4년제 대학교,회계 사무원,남성,7,60대,충청남,대졸
3106,51d97990351e4b19a5fae3d17673c896,남자,63,경기,2~3년제 전문대학,전화 상담원,남성,7,60대,경기도,전문대졸
3107,340ffefd02fc4e009a5b7de7e6708c09,남자,64,전북,4년제 대학교,경리 사무원,남성,7,60대,전북특별자치도,대졸
3108,9894f0481e074962acb642857f8859b1,남자,61,경기,2~3년제 전문대학,전화 상담원,남성,7,60대,경기도,전문대졸
3109,9c61247a992f47b78576983b4f97bfb0,남자,64,경기,4년제 대학교,"전직 품질 관리 사무원, 현재 구직중",남성,7,60대,경기도,대졸
3110,593bfa2e7c8446d58b76449bc98f5d6f,남자,61,충청남,고등학교,무직,남성,7,60대,충청남,고졸
3111,51fe3d3b294f4f798a7baf9403f10814,남자,69,세종,4년제 대학교,무직,남성,7,60대,세종특별자치시,대졸
3112,22ee0f796cce4f10907be6a104575f02,남자,62,대전,고등학교,그 외 하역 및 적재 단순 종사원,남성,7,60대,대전광역시,고졸
3113,d8437789cde94f7fb51071b3dca8e199,남자,63,경기,4년제 대학교,무직,남성,7,60대,경기도,대졸
3114,f427a34ab3a6461aaea895f4cd0c54b8,남자,63,경기,고등학교,간호조무사,남성,7,60대,경기도,고졸
3115,67e3acd7ab804e808cd96e83c5652107,남자,60,경기,고등학교,항타기 운전원,남성,7,60대,경기도,고졸
3116,da5c1351819a4bc7a8b505e29c1166a9,남자,60,경상남,고등학교,"전직 시설 경비원, 현재 구직중",남성,7,60대,경상남도,고졸
3117,b019033dbd23460cb003686da57cff0e,남자,67,서울,고등학교,무직,남성,7,60대,서울특별시,고졸
3118,691badf2e8dd4de99d3ecb2c9687b788,남자,67,서울,고등학교,"전직 건물 경비원, 현재 구직중",남성,7,60대,서울특별시,고졸
3119,f119e6ac089c4029ba8619b4c1bb7037,남자,66,서울,고등학교,무직,남성,7,60대,서울특별시,고졸
3120,199ae9328d4846f4ace52769e3df6c5b,남자,64,부산,대학원,무직,남성,7,60대,부산광역시,대학원졸
3121,16f04a7f346b40a5b14620a0d7f0ff5a,남자,68,대전,고등학교,"전직 그 외 경호 및 보안 관련 종사원, 현재 구직중",남성,7,60대,대전광역시,고졸
3122,4a47d81ebfa740f189dbeeff7655d649,남자,69,경기,고등학교,무직,남성,7,60대,경기도,고졸
3123,755cf043b62849fca7c0ca5ed3bb6163,남자,65,대구,초등학교,무직,남성,7,60대,대구광역시,초졸이하
3124,4969949bfbc04e6689c446b2f0b109c1,남자,61,서울,고등학교,음식 서비스 종사원,남성,7,60대,서울특별시,고졸
3125,e38e2954929145629771b46de7ede255,남자,62,전라남,중학교,잠수 기능원,남성,7,60대,전라남,중졸
3126,fccf11ed96784d3783f27199fe1f221e,남자,63,강원,고등학교,"전직 매장 정리원, 현재 구직중",남성,7,60대,강원특별자치도,고졸
3127,2b88ab94011444e19c6dcbbe03ef2daa,남자,67,경기,대학원,무직,남성,7,60대,경기도,대학원졸
3128,84326238859b40d19b84426416bfa588,남자,62,경기,고등학교,방문 고객 상담원,남성,7,60대,경기도,고졸
3129,1ff4bf441ba14d60a45fefa344ee0fb3,남자,68,경기,고등학교,전자 부품 제조 기계 조작원,남성,7,60대,경기도,고졸
3130,02abff59d2c842d1a560e5982b6d1a8b,남자,61,서울,고등학교,지게차 운전원,남성,7,60대,서울특별시,고졸
3131,fdce7b89c9a64849917ec4e54985d33e,남자,61,서울,고등학교,무직,남성,7,60대,서울특별시,고졸
3132,dc8aa25ffa8646a988a3c49982d22418,남자,61,부산,4년제 대학교,무직,남성,7,60대,부산광역시,대졸
3133,ee3d3445536a4f2baec05b3966868aed,남자,61,경기,고등학교,무직,남성,7,60대,경기도,고졸
3134,c711eb28206a49bfbf8a7e8de56ea210,남자,62,울산,2~3년제 전문대학,그 외 기계장비 설치 및 정비원,남성,7,60대,울산광역시,전문대졸
3135,2da6c71ba25a4096a847842dba4cf138,남자,63,인천,중학교,무직,남성,7,60대,인천광역시,중졸
3136,103b3e349f40438d9482f1b6e46c1f66,남자,62,서울,4년제 대학교,그 외 건설 관련 기능 종사원,남성,7,60대,서울특별시,대졸
3137,48e4f13939e8470f9e238461e20a225f,남자,63,대구,4년제 대학교,무직,남성,7,60대,대구광역시,대졸
3138,e30f95f3e0854ebc809a4cfcf6a37b93,남자,68,광주,2~3년제 전문대학,무직,남성,7,60대,광주광역시,전문대졸
3139,9d0f5c1ebc774b81863d720a87c0ea07,남자,64,충청남,고등학교,사무 보조원,남성,7,60대,충청남,고졸
3140,7f3252db38bd4ba7b76d3937bed7d2e3,남자,64,대전,고등학교,압출기 조작원,남성,7,60대,대전광역시,고졸
3141,f60a404422e44675a36525b0b2042afe,남자,64,부산,2~3년제 전문대학,대형 화물차 운전원,남성,7,60대,부산광역시,전문대졸
3142,f59f2f3245ea407e94d314df3292055f,남자,63,인천,중학교,무직,남성,7,60대,인천광역시,중졸
3143,d66d8cb5a4f6443da2b9917a84b3c4f0,남자,61,강원,고등학교,쓰레기 수거원,남성,7,60대,강원특별자치도,고졸
3144,58a746e75205426b8e55e1b1eef6ea2b,남자,61,서울,고등학교,건물 경비원,남성,7,60대,서울특별시,고졸
3145,5019e1229f294d148e9a89b7209cd6ae,남자,60,인천,고등학교,무직,남성,7,60대,인천광역시,고졸
3146,644f27016cf643de935991521abcf7a0,남자,60,경기,중학교,무직,남성,7,60대,경기도,중졸
3147,31fe649b333d4c13b6eb7e0e10f45c5e,남자,61,경기,중학교,무직,남성,7,60대,경기도,중졸
3148,7da7e81502f44c8191ae743bb531d435,남자,68,경상남,고등학교,철로 설치원,남성,7,60대,경상남도,고졸
3149,e62c451e5a514a55ac1dd60cdd480d62,남자,68,경상북,고등학교,그 외 환경미화원 및 재활용품 수거원,남성,7,60대,경상북도,고졸
3150,0173f49a02e64e2e8c1f5852bc55a60a,남자,60,경상남,4년제 대학교,경·소형 화물차 운전원,남성,7,60대,경상남도,대졸
3151,039c30342826492389cab67b688688f6,남자,62,경기,고등학교,"전직 건물 경비원, 현재 구직중",남성,7,60대,경기도,고졸
3152,18785a5242714773b32a85d0453bbf74,남자,62,경상남,고등학교,무직,남성,7,60대,경상남도,고졸
3153,28df935a91494c93bbeed4a4558b8a5c,남자,64,경기,중학교,승용차 및 승합차 운전원,남성,7,60대,경기도,중졸
3154,e29f31ccf2d148fba78c5d10ae39830d,남자,61,경상남,중학교,건물 경비원,남성,7,60대,경상남도,중졸
3155,4edf327c5cc14d139ae770626543af1b,남자,63,경기,중학교,그 외 목제품 제조 관련 종사원,남성,7,60대,경기도,중졸
3156,83f04ff1f286478988c6e413d42c52b4,남자,63,인천,4년제 대학교,"전직 인사 및 노무 사무원, 현재 구직중",남성,7,60대,인천광역시,대졸
3157,4d7cb12e30524141bc0a22730871b794,남자,68,제주,대학원,무직,남성,7,60대,제주특별자치도,대학원졸
3158,a884e176801041f5adfe3c94fa923a05,남자,67,경기,대학원,기업 고위 임원,남성,7,60대,경기도,대학원졸
3159,6aee041daa2d41b08bac344c97bc8594,남자,65,경기,고등학교,무직,남성,7,60대,경기도,고졸
3160,f22f908a231242128c3eabd5e0536bf6,남자,69,경기,4년제 대학교,영업 관리 사무원,남성,7,60대,경기도,대졸
3161,332579220db64c4e91cffb4a1b0456fc,남자,60,울산,고등학교,무직,남성,7,60대,울산광역시,고졸
3162,91b7233218594c1aa3456025ed4a1646,남자,62,서울,4년제 대학교,무직,남성,7,60대,서울특별시,대졸
3163,99585b8287394872a3a48859e4c086d8,남자,69,경상북,고등학교,무직,남성,7,60대,경상북도,고졸
3164,352315a26b3c4c208ceedc917f7b54d2,남자,62,인천,초등학교,무직,남성,7,60대,인천광역시,초졸이하
3165,5c83f51fcb0f4e278edc5eab34a12539,남자,65,경상북,초등학교,무직,남성,7,60대,경상북도,초졸이하
3166,42e9c5ad51df48fc80d19b409df561a4,남자,61,전북,2~3년제 전문대학,무직,남성,7,60대,전북특별자치도,전문대졸
3167,ea6f599834f24d96a02a4012236df6fa,남자,61,서울,고등학교,무직,남성,7,60대,서울특별시,고졸
3168,f3e7c32f625047ab85976deb6ebbcdba,남자,64,경기,고등학교,그 외 일반 영업원,남성,7,60대,경기도,고졸
3169,61e18c66fe074ddd9364d82207cd8eb7,남자,69,경기,고등학교,무직,남성,7,60대,경기도,고졸
3170,0baafe0f48be4575bd96de5ba741dc44,남자,60,전라남,고등학교,하역 및 적재 관련 단순 종사원,남성,7,60대,전라남,고졸
3171,a129e970c56548ab888e8eb5bbd86f94,남자,61,대전,고등학교,무직,남성,7,60대,대전광역시,고졸
3172,eab3f22a4fbc415e98ac0ca799750eea,남자,60,경기,고등학교,무직,남성,7,60대,경기도,고졸
3173,75ed8f0a86794e0b90f8953986209d07,남자,60,서울,4년제 대학교,무직,남성,7,60대,서울특별시,대졸
3174,7c747a838e684c6c87a6f1a89eb3f843,남자,66,인천,초등학교,하역 및 적재 관련 단순 종사원,남성,7,60대,인천광역시,초졸이하
3175,adafadab4eb545edb92f4bc215232f93,남자,66,경상북,초등학교,건물 경비원,남성,7,60대,경상북도,초졸이하
3176,09f16c856c0347428b75c335211850ed,남자,64,경기,4년제 대학교,무직,남성,7,60대,경기도,대졸
3177,3be6320d44e942e7bfbcee769b4aae92,남자,61,경상남,4년제 대학교,육군 장교,남성,7,60대,경상남도,대졸
3178,492a15a89ce5412d9562049da5d21afc,남자,63,강원,초등학교,산불 감시원,남성,7,60대,강원특별자치도,초졸이하
3179,b674345923d44a25ac2dcb54d0686a0b,남자,68,인천,고등학교,지게차 운전원,남성,7,60대,인천광역시,고졸
3180,8189d8bde9d14a18b663c951192c55e6,남자,69,경상남,중학교,건설 단순 종사원,남성,7,60대,경상남도,중졸
3181,379edcbff0f74196b7feb0d0f4493205,남자,66,경기,고등학교,음료 서비스 종사원,남성,7,60대,경기도,고졸
3182,b22eda14a864491a842f00e3391987b8,남자,68,부산,고등학교,사진가,남성,7,60대,부산광역시,고졸
3183,568895c7aed34a9ab8eec8fb79d34c74,남자,65,인천,초등학교,건물 청소원,남성,7,60대,인천광역시,초졸이하
3184,2d29d037bd554407b0584a6b05b93dae,남자,67,서울,대학원,무직,남성,7,60대,서울특별시,대학원졸
3185,df51886de51a43a28ea62f04dd3606e2,남자,67,부산,고등학교,양복 제조원,남성,7,60대,부산광역시,고졸
3186,faef42e6af874244bdf5592532a2781f,남자,64,경기,4년제 대학교,무직,남성,7,60대,경기도,대졸
3187,0bc9a6aea1134150ba00a208455c800d,남자,61,강원,4년제 대학교,외국어 교사,남성,7,60대,강원특별자치도,대졸
3188,10d69013913d4b1e9c837d7635cc7727,남자,66,경상북,중학교,전기 용접원,남성,7,60대,경상북도,중졸
3189,af14545a71b0403a92d9d927c9a5e591,남자,65,서울,초등학교,그 외 택배원,남성,7,60대,서울특별시,초졸이하
3190,0aea847ab9ea48e7a8ff6db9fcd754a1,남자,67,경상남,4년제 대학교,무직,남성,7,60대,경상남도,대졸
3191,41c5e5bf94d94e348f1cb4ea013e4c54,남자,65,부산,고등학교,무직,남성,7,60대,부산광역시,고졸
3192,9e7c1e6143af44afa10a9d759a9da9e9,남자,61,부산,고등학교,"전직 화학물 증류기 및 반응기 조작원, 현재 구직중",남성,7,60대,부산광역시,고졸
3193,e49c6f2a4ad148f7b02a249fe0526c0f,남자,64,전북,2~3년제 전문대학,무직,남성,7,60대,전북특별자치도,전문대졸
3194,29878558cfc7415089d56f618870cac9,남자,68,서울,중학교,무직,남성,7,60대,서울특별시,중졸
3195,1e8a71d404b246a88252598f143ca4b7,남자,60,경기,4년제 대학교,무직,남성,7,60대,경기도,대졸
3196,2e7846a2f0f843a1891ee7f4e1162aa2,남자,61,충청남,초등학교,무직,남성,7,60대,충청남,초졸이하
3197,6b8cea4c0ee14360aa62cc21abfc337d,남자,69,충청북,초등학교,무직,남성,7,60대,충청북,초졸이하
3198,44431d3cac6a444c9fc06a158d4eb897,남자,62,경상북,중학교,건물 경비원,남성,7,60대,경상북도,중졸
3199,4e758725400b4c6fae22ba7622fb6e50,남자,60,울산,고등학교,검표원,남성,7,60대,울산광역시,고졸
3200,bc8aedc09f214433be785f08c15b37d9,남자,69,서울,중학교,무직,남성,7,60대,서울특별시,중졸
3201,f03ff0cb1fcb42ee8ead704faff6110e,남자,61,인천,초등학교,무직,남성,7,60대,인천광역시,초졸이하
3202,bc575c5ecd8b4163a2e503dae50ac906,남자,60,경상남,고등학교,무직,남성,7,60대,경상남도,고졸
3203,81e8e2de82fe42b7957dc9b4d7d03a79,남자,62,부산,고등학교,무직,남성,7,60대,부산광역시,고졸
3204,1528861b976346de811a4bbc4f13c906,남자,60,경기,고등학교,산업 안전원,남성,7,60대,경기도,고졸
3205,3e374eced6d043f8a3ef49bce2e7692b,남자,67,대구,중학교,건물 경비원,남성,7,60대,대구광역시,중졸
3206,9815b10257f947f399af513bf566158f,남자,62,서울,고등학교,전화 상담원,남성,7,60대,서울특별시,고졸
3207,b1c45e877fca43f2a42ae67403a34316,남자,67,전라남,고등학교,고속철 기관사,남성,7,60대,전라남,고졸
3208,769fbb6ce6d04a2c9a19d08888c6b0ec,남자,63,울산,중학교,그 외 제조 관련 단순 종사원,남성,7,60대,울산광역시,중졸
3209,949d567f950d4cea92b3048d93379e46,남자,66,강원,4년제 대학교,무직,남성,7,60대,강원특별자치도,대졸
3210,cd588abde00a4fa294f294ff5048855f,남자,61,전라남,고등학교,무직,남성,7,60대,전라남,고졸
3211,fc89b4a9133b490abdae162739d39907,남자,64,대구,초등학교,무직,남성,7,60대,대구광역시,초졸이하
3212,1777b4acacc8487eb890a9fb3342aacb,남자,62,경기,고등학교,총무 사무원,남성,7,60대,경기도,고졸
3213,d4c7bda3464c411b972178abdec83c8f,남자,63,경상북,고등학교,무직,남성,7,60대,경상북도,고졸
3214,506813c303d1443d9163400949bc50c8,남자,64,경기,고등학교,무직,남성,7,60대,경기도,고졸
3215,70f62a32efd94576bb085b54151c6663,남자,69,경상북,중학교,노점 및 이동 판매원,남성,7,60대,경상북도,중졸
3216,af9b4425fdb24e96a9225dc4cafca7f9,남자,67,서울,4년제 대학교,세무사,남성,7,60대,서울특별시,대졸
3217,dd28e773f23340b1aa571a4f542bf1ea,남자,65,충청남,고등학교,무직,남성,7,60대,충청남,고졸
3218,655f347574dc4f43af942f17b0d26b60,남자,64,경기,고등학교,전화 상담원,남성,7,60대,경기도,고졸
3219,793f6975b4214f5486a6f184f7352c2c,남자,65,충청북,대학원,무직,남성,7,60대,충청북,대학원졸
3220,314c39d059ee4f558e3d85551e78d064,남자,64,경상남,2~3년제 전문대학,무직,남성,7,60대,경상남도,전문대졸
3221,f022697535c94b7a8e51e1e36e7e9ca2,남자,63,경상북,고등학교,식품 영업원,남성,7,60대,경상북도,고졸
3222,6ed2621c30d84ed1bfacc3cd84813760,남자,68,경기,대학원,무직,남성,7,60대,경기도,대학원졸
3223,e3234c3478a147ff96c706279530c27c,남자,66,경기,초등학교,건물 청소원,남성,7,60대,경기도,초졸이하
3224,e6a6a91e959340289f104c6d8743cb4b,남자,60,제주,4년제 대학교,자재 관리 사무원,남성,7,60대,제주특별자치도,대졸
3225,6f9a722e2d5946da853bef67776270ed,남자,62,울산,고등학교,무직,남성,7,60대,울산광역시,고졸
3226,1d8a2d4a90b14e928b5b6efa77aeaebf,남자,67,서울,대학원,조사 전문가,남성,7,60대,서울특별시,대학원졸
3227,30c1a174164d485fa447f5f9da8b753a,남자,63,강원,대학원,공공행정 사무원,남성,7,60대,강원특별자치도,대학원졸
3228,e443f9d82b9f4df7be1c4162206b6700,남자,60,인천,4년제 대학교,그 외 택배원,남성,7,60대,인천광역시,대졸
3229,bf6fd5086ebd4027b1102d0d8962c1d8,남자,63,경기,중학교,하역 및 적재 관련 단순 종사원,남성,7,60대,경기도,중졸
3230,04ff17bab3e648018391f59205003ff1,남자,64,충청북,고등학교,건물 경비원,남성,7,60대,충청북,고졸
3231,8d117fa8df114920aba7ba729dac839c,남자,60,부산,2~3년제 전문대학,건물 도장공,남성,7,60대,부산광역시,전문대졸
3232,673d19ab2f364decb8852947d06eb99d,남자,62,경기,고등학교,시설 경비원,남성,7,60대,경기도,고졸
3233,6dc36ad9a902479aa58365e63153f5dd,남자,64,전라남,고등학교,무직,남성,7,60대,전라남,고졸
3234,eb7a287575a44ca1b94601f8cae69a19,남자,64,서울,4년제 대학교,"전직 경영 기획 사무원, 현재 구직중",남성,7,60대,서울특별시,대졸
3235,6fd2ef41fc1e4b2cb66a22cea8b9e184,남자,65,경기,초등학교,청소 관련 관리자,남성,7,60대,경기도,초졸이하
3236,3e2a5fea58254d2cbd240ba20cffc795,남자,68,광주,고등학교,무직,남성,7,60대,광주광역시,고졸
3237,ad4ea022cb9c4bd2a6359f6b2008857d,남자,60,인천,고등학교,그 외 냉동·냉장·공조기 설치 및 정비원,남성,7,60대,인천광역시,고졸
3238,5229679e4e9143aebdc53c1d3d518acc,남자,61,경기,중학교,"전직 건물 경비원, 현재 구직중",남성,7,60대,경기도,중졸
3239,c965fabcb8614fc8af0e05224c857d59,남자,60,광주,고등학교,그 외 운송장비 조립원,남성,7,60대,광주광역시,고졸
3240,4a850d64a86a483194a9333935515e9f,남자,64,경기,초등학교,하역 및 적재 관련 단순 종사원,남성,7,60대,경기도,초졸이하
3241,3196dbe41d6f40dc81b641ef143d0501,남자,69,경상북,중학교,무직,남성,7,60대,경상북도,중졸
3242,8d38064f53a34add8ce4058d11f8fdbb,남자,62,서울,대학원,무직,남성,7,60대,서울특별시,대학원졸
3243,fc16eeca7f5843889bf3d66f51be4edb,남자,62,경상남,고등학교,무직,남성,7,60대,경상남도,고졸
3244,0aa7cddb79d44b0b968b94d4e6989877,남자,62,강원,초등학교,무직,남성,7,60대,강원특별자치도,초졸이하
3245,17883c8d28d946aa87f53d3aa222b675,남자,63,대구,4년제 대학교,무직,남성,7,60대,대구광역시,대졸
3246,a340ab607f50440ba7965360165acb59,남자,63,부산,2~3년제 전문대학,안과 및 이비인후과 전문 의사,남성,7,60대,부산광역시,전문대졸
3247,1aa55163f2f544a2a6ea832333d52655,남자,60,대전,2~3년제 전문대학,건축시공 기술자,남성,7,60대,대전광역시,전문대졸
3248,08595432b45f4e21bab5194a45dc6bce,남자,65,충청북,2~3년제 전문대학,경리 사무원,남성,7,60대,충청북,전문대졸
3249,31f39a995ab54077a11a3875fa94f24f,남자,61,경상남,고등학교,무직,남성,7,60대,경상남도,고졸
3250,324a448a4088427db71e96e7afd7ff55,남자,65,대구,대학원,무직,남성,7,60대,대구광역시,대학원졸
3251,c9767f53004b430e9fa61bfe13458944,남자,62,경상남,초등학교,그 외 제조 관련 단순 종사원,남성,7,60대,경상남도,초졸이하
3252,3ecaaeb7a6664b57a30b716bf5fe80fc,남자,65,광주,고등학교,철도운송 관련 종사원,남성,7,60대,광주광역시,고졸
3253,3a23caad5d6b4045bfedb4569ae43b9f,남자,60,대구,4년제 대학교,무직,남성,7,60대,대구광역시,대졸
3254,28a1b3df72a548489c0beb75b62fb807,남자,61,서울,고등학교,수금원,남성,7,60대,서울특별시,고졸
3255,e96980f17502437f8aa4a05670df8a58,남자,64,부산,고등학교,무직,남성,7,60대,부산광역시,고졸
3256,0800a4f875fa4e3d898c8c846c63210b,남자,62,인천,고등학교,경리 사무원,남성,7,60대,인천광역시,고졸
3257,ef2b9c24e9f74711937b7fa80d15a213,남자,66,제주,4년제 대학교,회계 사무원,남성,7,60대,제주특별자치도,대졸
3258,d1b580a93d864cb485f238696424e603,남자,61,대구,고등학교,무직,남성,7,60대,대구광역시,고졸
3259,9600e8f1771f4ea0a413ed27d9b06250,남자,65,울산,고등학교,하역 및 적재 관련 단순 종사원,남성,7,60대,울산광역시,고졸
3260,f1e3396d84474bc39d542cdda0666183,남자,69,충청북,중학교,방수공,남성,7,60대,충청북,중졸
3261,e5e59fa8f53e4d1f836e7039b04c5060,남자,60,경기,4년제 대학교,관세행정 사무원,남성,7,60대,경기도,대졸
3262,6a3efc3d2b304bb4b5812ad9d3754fb0,남자,63,경기,4년제 대학교,무직,남성,7,60대,경기도,대졸
3263,b6c1b8adffef4f54a26a6f0f0bfc02c3,남자,62,경기,4년제 대학교,무직,남성,7,60대,경기도,대졸
3264,3371bcf1d7f34092a67b0041a90117cc,남자,68,서울,중학교,노점 및 이동 판매원,남성,7,60대,서울특별시,중졸
3265,beb2326a03ea422f82e5a354220f27b1,남자,65,경기,고등학교,경리 사무원,남성,7,60대,경기도,고졸
3266,5172b0ba277543f4bdd0cc106177503b,남자,60,경기,고등학교,그 외 택배원,남성,7,60대,경기도,고졸
3267,4e8f216bb0774a8e94c205761426a242,남자,64,충청북,4년제 대학교,건물 내 전기 설치 및 정비원,남성,7,60대,충청북,대졸
3268,80f00721e94844d9bdafb1a544274e71,남자,61,경기,4년제 대학교,무직,남성,7,60대,경기도,대졸
3269,4c2a3b71e32d4db3b813f32d0dc2f7b9,남자,60,경상북,고등학교,무직,남성,7,60대,경상북도,고졸
3270,386c9f77b2d9403788438e01a3d298c1,남자,63,대구,4년제 대학교,부동산 감정 전문가,남성,7,60대,대구광역시,대졸
3271,a10a68892cc64d9ca1aeb74459623a2e,남자,68,충청북,초등학교,그 외 하역 및 적재 단순 종사원,남성,7,60대,충청북,초졸이하
3272,5a7b55ad4b9d4f6f9ac55316961d9448,남자,69,경상북,초등학교,무직,남성,7,60대,경상북도,초졸이하
3273,581e4bf0a41741f782fa2be3191bce90,남자,64,광주,고등학교,무직,남성,7,60대,광주광역시,고졸
3274,6f94f417dee043459c7268fc6d29b5ea,남자,66,충청남,2~3년제 전문대학,그 외 기계장비 설치 및 정비원,남성,7,60대,충청남,전문대졸
3275,30b4012d85214105a33287071770c3dd,남자,67,강원,중학교,지게차 운전원,남성,7,60대,강원특별자치도,중졸
3276,2ebd85f4228b455e83216419b8c7fae5,남자,67,인천,중학교,경리 사무원,남성,7,60대,인천광역시,중졸
3277,2192803cb1ae42ac856eb6b45d3c1d87,남자,68,경기,대학원,교통 계획 및 설계가,남성,7,60대,경기도,대학원졸
3278,046bd14ede8d4791877b3f30ab5c7ec0,남자,62,대전,고등학교,무직,남성,7,60대,대전광역시,고졸
3279,10a92cc8f6234e4abdac463233e78233,남자,62,부산,고등학교,무직,남성,7,60대,부산광역시,고졸
3280,eb377cbc6ca644a294d93f5bb8eae72e,남자,68,경상북,대학원,교통 계획 및 설계가,남성,7,60대,경상북도,대학원졸
3281,f1ae898d5c1d42ec96484d9d3722169a,남자,62,제주,고등학교,무직,남성,7,60대,제주특별자치도,고졸
3282,674d6c50dbbd426e8ed74ab729db79ba,남자,62,서울,고등학교,무직,남성,7,60대,서울특별시,고졸
3283,c94e5152d3ec4690826dd63ff601adc3,남자,60,울산,4년제 대학교,국가행정 사무원,남성,7,60대,울산광역시,대졸
3284,fb7559a9605d4f6b87f322234023844d,남자,69,대구,초등학교,무직,남성,7,60대,대구광역시,초졸이하
3285,caea2ec5166f428391f585b0c21b4e5e,남자,67,대구,중학교,무직,남성,7,60대,대구광역시,중졸
3286,68434ba98e3e4571af70ca1983f005a0,남자,61,서울,중학교,무직,남성,7,60대,서울특별시,중졸
3287,6cdacf037de04886a764f549ed9c378d,남자,60,대구,2~3년제 전문대학,무직,남성,7,60대,대구광역시,전문대졸
3288,6ae77e47084c47bbb1e8a368bf07abc3,남자,68,전북,고등학교,그 외 상점 판매원,남성,7,60대,전북특별자치도,고졸
3289,cce9c48df42c47c6bdb8c088a4ebb157,남자,60,대전,고등학교,무직,남성,7,60대,대전광역시,고졸
3290,39d1bf7564bb410d9038e23dc43144c8,남자,61,경상북,중학교,무직,남성,7,60대,경상북도,중졸
3291,dc4246757f0648c99cd6a82d91e1be6e,남자,64,전북,대학원,철도교통 관제사,남성,7,60대,전북특별자치도,대학원졸
3292,3e55685a796a427e8f9ed73abbbe5cfe,남자,63,서울,4년제 대학교,"전직 법무 사무원, 현재 구직중",남성,7,60대,서울특별시,대졸
3293,b2396e55c4cc4f1a9b304127b6750006,남자,65,경기,고등학교,육아 도우미,남성,7,60대,경기도,고졸
3294,972f4f344f1e4f63b885bf8b73c171d9,남자,64,광주,4년제 대학교,무직,남성,7,60대,광주광역시,대졸
3295,9578764969934bce9a1338d74e6006ca,남자,62,제주,2~3년제 전문대학,무직,남성,7,60대,제주특별자치도,전문대졸
3296,72af510809f6444b973036fcd0c361b6,남자,60,경기,대학원,기업 고위 임원,남성,7,60대,경기도,대학원졸
3297,afa0cb440ff3461583028d036235f9c1,남자,61,부산,고등학교,사무 보조원,남성,7,60대,부산광역시,고졸
3298,e5d584d1f50e498c848554cffa51d807,남자,61,충청남,고등학교,일식 조리사,남성,7,60대,충청남,고졸
3299,33a762ca62194da983cde9bb287a19f1,남자,64,부산,고등학교,경·소형 화물차 운전원,남성,7,60대,부산광역시,고졸
3300,9755fb4df4bc410d8504eefc7d01f2d9,남자,60,경기,초등학교,무직,남성,7,60대,경기도,초졸이하
3301,a856a3198a91453696f29d85ab097b86,남자,69,제주,2~3년제 전문대학,복지시설 생활 지도원,남성,7,60대,제주특별자치도,전문대졸
3302,68b826c249444b8dacafdcc664270475,남자,66,서울,4년제 대학교,사무 보조원,남성,7,60대,서울특별시,대졸
3303,260d0f4180a24affb1861eb72c283dbb,남자,69,경기,초등학교,건물 경비원,남성,7,60대,경기도,초졸이하
3304,2efc334eb3684307bedfce5c0a591097,남자,62,대전,고등학교,강구조물 건립원,남성,7,60대,대전광역시,고졸
3305,af391e89f73147aab479821309fcb641,남자,66,경기,고등학교,무직,남성,7,60대,경기도,고졸
3306,f4382700cf4341ca8486f360b22192b0,남자,62,전북,대학원,무직,남성,7,60대,전북특별자치도,대학원졸
3307,ad61730605304881a36087d63137e002,남자,68,서울,초등학교,방문 판매원,남성,7,60대,서울특별시,초졸이하
3308,c335285c3ffa44a584008f222c5e6f06,남자,63,경기,2~3년제 전문대학,무직,남성,7,60대,경기도,전문대졸
3309,ac4f89a319cf4a0aa7306803fcf656eb,남자,67,부산,2~3년제 전문대학,점화·발파 및 화약 관리원,남성,7,60대,부산광역시,전문대졸
3310,4a49e1652c7848099b35c4b36a4480c1,남자,64,대구,4년제 대학교,마케팅 전문가,남성,7,60대,대구광역시,대졸
3311,cbf959f95e61459791b90ce4a3bacc74,남자,67,경기,고등학교,무직,남성,7,60대,경기도,고졸
3312,25c2d46813a74e518e511f3923c207ac,남자,63,대전,고등학교,건물용 보일러 설치 및 정비원,남성,7,60대,대전광역시,고졸
3313,b7222df09ed944f68b43e83d1f576d01,남자,64,인천,고등학교,무직,남성,7,60대,인천광역시,고졸
3314,88cec7a5ecd441ceacfa729af5a9780f,남자,67,서울,고등학교,"전직 대형 화물차 운전원, 현재 구직중",남성,7,60대,서울특별시,고졸
3315,a128d0c4b51f4ff7b3de5112e01532f6,남자,64,충청남,2~3년제 전문대학,무직,남성,7,60대,충청남,전문대졸
3316,c3aa1ee98bc54666876de16c38b1758b,남자,69,대전,초등학교,무직,남성,7,60대,대전광역시,초졸이하
3317,9f35e1cdd0254f1ea004ce395dbe8aef,남자,67,부산,중학교,무직,남성,7,60대,부산광역시,중졸
3318,a6f1db23a81843f59c5b3244d7e592c2,남자,67,경기,고등학교,시내버스 운전원,남성,7,60대,경기도,고졸
3319,bb6a64c40f4d419fa086e05b6bd206cd,남자,61,경기,고등학교,건물 내 전기 설치 및 정비원,남성,7,60대,경기도,고졸
3320,82acda837385440b8572d142e80a260d,남자,65,대전,대학원,무직,남성,7,60대,대전광역시,대학원졸
3321,0c154d79ab6a4aa3b8a581e1b4cc0ec1,남자,65,경상남,중학교,무직,남성,7,60대,경상남도,중졸
3322,33bbea686d8446c9ad15868503617028,남자,61,부산,고등학교,무직,남성,7,60대,부산광역시,고졸
3323,86314a35283d44c88750fa3b6ec0c4ac,남자,68,충청남,중학교,무직,남성,7,60대,충청남,중졸
3324,adfb7d23fc694cc4ad437c96d10ac4d7,남자,66,서울,2~3년제 전문대학,무직,남성,7,60대,서울특별시,전문대졸
3325,70e757ae06f1417db15d581f76fbd91d,남자,64,경상북,고등학교,"전직 고속철 기관사, 현재 구직중",남성,7,60대,경상북도,고졸
3326,fa9d48facde34d12b3002889ad202436,남자,64,충청남,중학교,무직,남성,7,60대,충청남,중졸
3327,2b317dbc2d7743df9cd364ddb5a75094,남자,69,경상남,고등학교,그 외 건설·전기 및 생산 관련 관리자,남성,7,60대,경상남도,고졸
3328,64e55655da0a4af48830fc6d7a1ed2e6,남자,65,전북,중학교,무직,남성,7,60대,전북특별자치도,중졸
3329,535f8d1ece0441e3aa827946c399cd6a,남자,63,세종,중학교,건물 경비원,남성,7,60대,세종특별자치시,중졸
3330,cc7dd48a34824aec9144cd953452132d,남자,69,전북,고등학교,무직,남성,7,60대,전북특별자치도,고졸
3331,4c46dd75e03343e6a144e8ba035ce414,남자,61,광주,2~3년제 전문대학,강구조물 건립원,남성,7,60대,광주광역시,전문대졸
3332,77731761f59f41929c3cfc6bd44c915c,남자,64,경상북,고등학교,사무 보조원,남성,7,60대,경상북도,고졸
3333,d34dfd49164a46c8ba0712d743a031fc,남자,63,경상북,2~3년제 전문대학,무직,남성,7,60대,경상북도,전문대졸
3334,68c6291155724d39aa64aebf995091a1,남자,61,부산,고등학교,그 외 서비스 관련 단순 종사원,남성,7,60대,부산광역시,고졸
3335,e7975e139ce1491ab8f878dc76afe430,남자,62,서울,2~3년제 전문대학,경리 사무원,남성,7,60대,서울특별시,전문대졸
3336,38bfa305c52f440c967e1eab1fb30203,남자,69,경상북,중학교,지게차 운전원,남성,7,60대,경상북도,중졸
3337,4458955cfddc49a3a3b42fc78ab6a792,남자,65,전북,대학원,무직,남성,7,60대,전북특별자치도,대학원졸
3338,dfe0a762408d48faa01563d26ce51456,남자,66,경상남,초등학교,이삿짐 운반원,남성,7,60대,경상남도,초졸이하
3339,af7c3998518c405fa4d32b078209ba76,남자,69,경상북,고등학교,그 외 하역 및 적재 단순 종사원,남성,7,60대,경상북도,고졸
3340,c24c95b062ab494ea57a7fb24eb189e7,남자,63,경기,중학교,무직,남성,7,60대,경기도,중졸
3341,15ce59a5280a46cd887d842ab77f82b5,남자,64,대전,고등학교,무직,남성,7,60대,대전광역시,고졸
3342,f3cbc9dddf754c2493ccbb020578f702,남자,68,충청북,중학교,노점 및 이동 판매원,남성,7,60대,충청북,중졸
3343,8d54e01c164e45ab92d1b4061dbfbab9,남자,68,대전,중학교,하역 및 적재 관련 단순 종사원,남성,7,60대,대전광역시,중졸
3344,901d8487f2824976b99b469e569f2256,남자,60,경상북,중학교,무직,남성,7,60대,경상북도,중졸
3345,3a538b52c55145368b6f06d6607e7726,남자,65,경상남,고등학교,무직,남성,7,60대,경상남도,고졸
3346,406d48f09aa9403eb4c613d018343c49,남자,65,인천,초등학교,그 외 건물 관리원,남성,7,60대,인천광역시,초졸이하
3347,3d54b191f1c247aeb8fb4d1d66131856,남자,66,경기,고등학교,무직,남성,7,60대,경기도,고졸
3348,1aace56a57a34740a06f57924fd1eeb7,남자,63,경기,고등학교,무직,남성,7,60대,경기도,고졸
3349,b4bdda61e6114429aa327dee5ca5ea0c,남자,65,경상남,중학교,그 외 하역 및 적재 단순 종사원,남성,7,60대,경상남도,중졸
3350,afd562403d89499a87d7a1db45da93d2,남자,68,강원,고등학교,무직,남성,7,60대,강원특별자치도,고졸
3351,dca5306446cd4671a6726f5af10db6f2,남자,60,서울,고등학교,노점 및 이동 판매원,남성,7,60대,서울특별시,고졸
3352,e2a19c93b0f44986ad85931058b96203,남자,62,경기,중학교,도로운송 사무원,남성,7,60대,경기도,중졸
3353,6952c84260864973b4f6680e2483b299,남자,64,부산,4년제 대학교,산업 안전원,남성,7,60대,부산광역시,대졸
3354,8b2f521793c64e8ba2014b6674dad555,남자,60,경기,4년제 대학교,무직,남성,7,60대,경기도,대졸
3355,cb0a0986549745f9a4f5f228379acd15,남자,64,전북,고등학교,무직,남성,7,60대,전북특별자치도,고졸
3356,ed932c5f9d6844bb94da4f7ce263f054,남자,67,전북,초등학교,시설 경비원,남성,7,60대,전북특별자치도,초졸이하
3357,5bdf48776c894dc3b118fe175e5f076b,남자,69,서울,대학원,무직,남성,7,60대,서울특별시,대학원졸
3358,a22c34c0e3194e3eb8458748520bef24,남자,65,경상남,초등학교,지게차 운전원,남성,7,60대,경상남도,초졸이하
3359,a6e8763761de4c00aaaa4ce85c85b8e0,남자,61,충청북,고등학교,육류가공 기계 조작원,남성,7,60대,충청북,고졸
3360,2a8b4727300f4da981c3d45e841ac189,남자,67,강원,고등학교,무직,남성,7,60대,강원특별자치도,고졸
3361,addff17afb5c49a983fd8d910e9643dc,남자,64,대구,중학교,그 외 하역 및 적재 단순 종사원,남성,7,60대,대구광역시,중졸
3362,6dbe27f99b974fd49234fb37fb852871,남자,68,경기,4년제 대학교,산업 안전원,남성,7,60대,경기도,대졸
3363,a07ee82f730e493abbb464c19caab172,남자,64,서울,고등학교,무직,남성,7,60대,서울특별시,고졸
3364,6b964f8478d943448b6cc24c1b9c360b,남자,68,경기,4년제 대학교,무직,남성,7,60대,경기도,대졸
3365,f0ef1f3a08db4f9895cdbe4d38690c81,남자,60,충청북,4년제 대학교,무직,남성,7,60대,충청북,대졸
3366,adf98de16a0a4c75b97656901fc88155,남자,64,인천,중학교,무직,남성,7,60대,인천광역시,중졸
3367,4fc3206314bd4b9e9fdfdf2c2b51b2c9,남자,61,전라남,초등학교,건물 경비원,남성,7,60대,전라남,초졸이하
3368,0119f6c711a34da986c212c39f8b0e4b,남자,60,경상남,중학교,무직,남성,7,60대,경상남도,중졸
3369,c924cac3f2764cbf90e5e2a28ce449d9,남자,61,경기,대학원,무직,남성,7,60대,경기도,대학원졸
3370,ab9cfb44d9fd4dd487377839ba2d3578,남자,67,서울,고등학교,"전직 산업 안전원, 현재 구직중",남성,7,60대,서울특별시,고졸
3371,e3172ccf3b254a64a76412362265ebb9,남자,69,부산,고등학교,"전직 식품 영업원, 현재 구직중",남성,7,60대,부산광역시,고졸
3372,6b96be029b8143dd90bbab6b80921be3,남자,69,서울,고등학교,무직,남성,7,60대,서울특별시,고졸
3373,ee40b6493f8b407b8973d7032bdcb553,남자,60,경상남,고등학교,그 외 건축 마감 관련 기능 종사원,남성,7,60대,경상남도,고졸
3374,33166e0e180542c79fc88d763ea1fe72,남자,61,대전,중학교,무직,남성,7,60대,대전광역시,중졸
3375,e919e32a2c72490f8cc92aa7165cc696,남자,65,울산,대학원,공학·제조 및 건설 분야 교수,남성,7,60대,울산광역시,대학원졸
3376,a850cd091bad42ca9b1ed3d874fa82f2,남자,61,경기,4년제 대학교,무직,남성,7,60대,경기도,대졸
3377,0f3fcfa373074a368696af9a52c9d675,남자,65,서울,4년제 대학교,무직,남성,7,60대,서울특별시,대졸
3378,fd6d57be95a943b8b8bd38e1f9d08a97,남자,60,전북,4년제 대학교,무직,남성,7,60대,전북특별자치도,대졸
3379,6e0831d3429d4adc85f7cb44bf2f9b5e,남자,60,서울,고등학교,무직,남성,7,60대,서울특별시,고졸
3380,385b07f3ed074ecf87372d85e81862bc,남자,68,경기,중학교,무직,남성,7,60대,경기도,중졸
3381,1c0c614913e14a7bb0b7164321182004,남자,65,울산,고등학교,무직,남성,7,60대,울산광역시,고졸
3382,d676f539921f41fbab1c125f8cb8d60e,남자,65,경상북,4년제 대학교,건물 내 전기 설치 및 정비원,남성,7,60대,경상북도,대졸
3383,33734dfebd134a61a44976f1734b9c69,남자,68,경기,중학교,그 외 기계 조작원,남성,7,60대,경기도,중졸
3384,6825e545adc842f798b5dc926eb0d88c,남자,62,경상남,고등학교,무직,남성,7,60대,경상남도,고졸
3385,34f36a0ea8c84804a6de732e46acf67d,남자,64,경기,고등학교,무직,남성,7,60대,경기도,고졸
3386,4003aa56e6f9419690910a32ac6dcf48,남자,62,서울,고등학교,무직,남성,7,60대,서울특별시,고졸
3387,c6f73f13fd1d4499bcc7650f0b89bbc2,남자,68,경기,중학교,하역 및 적재 관련 단순 종사원,남성,7,60대,경기도,중졸
3388,d5e6447b53f54025a994716a8722749a,남자,60,서울,고등학교,무직,남성,7,60대,서울특별시,고졸
3389,0d40e43124154072826e8898fbf82595,남자,63,경기,고등학교,그 외 물품 이동 장비 조작원,남성,7,60대,경기도,고졸
3390,c6ae3df1cd3d43c48cf470d6399aba0c,남자,68,충청북,고등학교,무직,남성,7,60대,충청북,고졸
3391,97761ee77f89440d954fb072dba62ba1,남자,66,경상북,중학교,무직,남성,7,60대,경상북도,중졸
3392,6a3efc3d2b304bb4b5812ad9d3754fb0,남자,63,경기,4년제 대학교,무직,남성,7,60대,경기도,대졸
3393,5348c3323cd648b0ad7774239d40db8e,남자,65,경기,고등학교,그 외 식품가공 관련 기계 조작원,남성,7,60대,경기도,고졸
3394,f414082ec03b44d6b249c4ea37eeb61f,남자,61,경상남,4년제 대학교,냉난방·공조공학 기술자 및 연구원,남성,7,60대,경상남도,대졸
3395,6efc112d972e4461913a33e7d584290a,남자,63,경기,4년제 대학교,기업 고위 임원,남성,7,60대,경기도,대졸
3396,327ceeea6586406f896526efeaabb82c,남자,61,경상남,고등학교,하역 및 적재 관련 단순 종사원,남성,7,60대,경상남도,고졸
3397,20cf0f753f914d33854d62c9eb4b545a,남자,63,서울,중학교,건물 경비원,남성,7,60대,서울특별시,중졸
3398,86db932f494d465888e6d117f913fd07,남자,67,경기,고등학교,지방행정 사무원,남성,7,60대,경기도,고졸
3399,5ec3ec0f010249db8983707d98251769,남자,62,부산,4년제 대학교,무직,남성,7,60대,부산광역시,대졸
3400,15668485ea1b4d23a3a04140adbdeeb6,남자,60,경기,중학교,염색기 조작원,남성,7,60대,경기도,중졸
3401,a97c0a5e39b04bfd92201cb2da363987,남자,67,부산,초등학교,무직,남성,7,60대,부산광역시,초졸이하
3402,1835dc1cfbf04f5093921eb7e39af0fa,남자,67,서울,고등학교,그 외 바닥재 시공원,남성,7,60대,서울특별시,고졸
3403,8df0e5035fb348a59ab56e261fa11b34,남자,66,경기,고등학교,노점 및 이동 판매원,남성,7,60대,경기도,고졸
3404,4897711833ce4e8492da0fe9549c7ca0,남자,63,부산,고등학교,무직,남성,7,60대,부산광역시,고졸
3405,f4d4a4f69b0c48b187efdc9c96a66d8b,남자,67,인천,중학교,무직,남성,7,60대,인천광역시,중졸
3406,8a59285ed76e43c8b00356ee0ecb3c85,남자,61,경기,중학교,플랜트 전기 설치원,남성,7,60대,경기도,중졸
3407,ce2e9744381941969bdcda35a5a185ef,남자,63,서울,대학원,기업 고위 임원,남성,7,60대,서울특별시,대학원졸
3408,bd24a94690764ef6959bf66c350cfa63,남자,64,충청북,고등학교,판지 라이닝기 조작원,남성,7,60대,충청북,고졸
3409,4d72d9fc7d45468fb7c2e8377633aeae,남자,69,세종,고등학교,유리 관련 기능 종사원,남성,7,60대,세종특별자치시,고졸
3410,4d0ab547936847d8a16e32a504dc0369,남자,69,강원,초등학교,건물 경비원,남성,7,60대,강원특별자치도,초졸이하
3411,269b37f739ec4821bda771fdd485e472,남자,62,경기,4년제 대학교,무직,남성,7,60대,경기도,대졸
3412,a2520fa759f5449ba17246b805f08bde,남자,68,서울,중학교,전기 용접원,남성,7,60대,서울특별시,중졸
3413,13da91d31a204ba4b31d292caf11df5e,남자,68,경기,중학교,건물 경비원,남성,7,60대,경기도,중졸
3414,745758d9b5e84790a9327e8ef77ce84c,남자,67,경상남,4년제 대학교,무직,남성,7,60대,경상남도,대졸
3415,90e318d50584431888823f3a1f1226a9,남자,66,대전,초등학교,무직,남성,7,60대,대전광역시,초졸이하
3416,8f7591c3f6f140e49accbf33b3326b45,남자,62,대구,4년제 대학교,산업 안전원,남성,7,60대,대구광역시,대졸
3417,391c2558576643ff8660da53bd908e8a,남자,60,경기,고등학교,대형 화물차 운전원,남성,7,60대,경기도,고졸
3418,6f563dd3f865417e91a0acff843a3910,남자,62,광주,4년제 대학교,일반 비서,남성,7,60대,광주광역시,대졸
3419,de34cf28f9774a2b82fc2787e3488e37,남자,67,전라남,고등학교,가스 배관공,남성,7,60대,전라남,고졸
3420,33b3e1cf736e462d8b1aef209a111f5d,남자,62,경상남,고등학교,무직,남성,7,60대,경상남도,고졸
3421,79e57d0a8da44cc2b9867ff2b7dcf715,남자,66,서울,4년제 대학교,경영 기획 사무원,남성,7,60대,서울특별시,대졸
3422,29987a72ab2f41f0b354a1cbcc1b08a8,남자,68,서울,2~3년제 전문대학,엘리베이터 설치 및 정비원,남성,7,60대,서울특별시,전문대졸
3423,cea9e8e205bd42b789489dafe431f8e1,남자,66,경상북,고등학교,철로 보수원,남성,7,60대,경상북도,고졸
3424,c18ea9cab30e44a9b998f4e00f9875eb,남자,61,충청남,고등학교,전화 상담원,남성,7,60대,충청남,고졸
3425,c74dc58945854ec0b32f7d23ab8ab3f7,남자,62,경기,고등학교,무직,남성,7,60대,경기도,고졸
3426,7bf92fef7d724a1cb7345f0bf175ae7c,남자,66,충청남,중학교,건설 단순 종사원,남성,7,60대,충청남,중졸
3427,4a969c111c0c46f982cfbf3408088487,남자,64,경상북,중학교,건물 경비원,남성,7,60대,경상북도,중졸
3428,68a01673317d48e885cd70565fb1cb0c,남자,67,경상남,고등학교,무직,남성,7,60대,경상남도,고졸
3429,4df5317f764c41d3841b0823bba995f5,남자,64,서울,고등학교,자동차 엔진 조립원,남성,7,60대,서울특별시,고졸
3430,1f0df5899ad540fd922ff25474eede8f,남자,63,대구,고등학교,무직,남성,7,60대,대구광역시,고졸
3431,6017fdfeaabe45609358b490988a0af0,남자,69,서울,초등학교,"전직 매장 정리원, 현재 구직중",남성,7,60대,서울특별시,초졸이하
3432,8959a759540e48fe903fc195617440c6,남자,61,서울,고등학교,경·소형 화물차 운전원,남성,7,60대,서울특별시,고졸
3433,4c90c60b2486481897bc50a3815fb696,남자,68,경상남,중학교,운송장비 청소원,남성,7,60대,경상남도,중졸
3434,5b5982e1522a4efc9dd040ead88acec1,남자,60,광주,중학교,콘크리트 타설원,남성,7,60대,광주광역시,중졸
3435,3c141bf13b6b4eb0b48d3aefc339657f,남자,67,서울,고등학교,무직,남성,7,60대,서울특별시,고졸
3436,25be305f047a4b0a8f9aff2ffde07e81,남자,60,서울,고등학교,무직,남성,7,60대,서울특별시,고졸
3437,2d5a4cd0abea4213814df6cb1b72875a,남자,64,경기,4년제 대학교,소방설계 기술자 및 연구원,남성,7,60대,경기도,대졸
3438,0dc0353eaacc4b8dba70edb2d820ece1,남자,65,서울,고등학교,전화 상담원,남성,7,60대,서울특별시,고졸
3439,c90f68df4ea14b93845b75e023eeb56c,남자,60,부산,고등학교,그 외 기능 관련 종사원,남성,7,60대,부산광역시,고졸
3440,45e2065e06014898a09df8fc32a883ec,남자,61,경상남,4년제 대학교,상품 기획자,남성,7,60대,경상남도,대졸
3441,f7d6e67f5a91453fb613db844910dda1,남자,60,강원,고등학교,정육가공원,남성,7,60대,강원특별자치도,고졸
3442,63dea9194ffa48739d77d5243868465c,남자,67,경기,고등학교,무직,남성,7,60대,경기도,고졸
3443,a36ee026f52842b7b3188fbea4c2f065,남자,69,충청북,중학교,무직,남성,7,60대,충청북,중졸
3444,48b60b90d0dc4e6c96ef175442d5592b,남자,68,서울,중학교,택배원,남성,7,60대,서울특별시,중졸
3445,1716e0ee87894a8195c3e430a6466efd,남자,60,경상북,중학교,건물 경비원,남성,7,60대,경상북도,중졸
3446,4ac8d4bbd5a249ec8906dd5913e75a8d,남자,61,경상북,고등학교,무직,남성,7,60대,경상북도,고졸
3447,24bcbb46b08b41b5b62294324d38ebf9,남자,63,제주,고등학교,그 외 물품 이동 장비 조작원,남성,7,60대,제주특별자치도,고졸
3448,458cf32a9e1b4aa0be01b38e10a7037b,남자,67,경기,중학교,철로 설치원,남성,7,60대,경기도,중졸
3449,016a0e18d88142c0ac9176ad5f7a0afa,남자,61,전라남,고등학교,가스 배관공,남성,7,60대,전라남,고졸
3450,6c1439ff4e4e40b7a8adeed5eb724939,남자,64,서울,4년제 대학교,무직,남성,7,60대,서울특별시,대졸
3451,eb9b69a2e3724c5f884f79d9d645ee7a,남자,67,서울,초등학교,무직,남성,7,60대,서울특별시,초졸이하
3452,9ae70809c2e34aeab97801ee6954e030,남자,60,대구,중학교,무직,남성,7,60대,대구광역시,중졸
3453,04ff7907278d406783471a99e980efa7,남자,62,인천,2~3년제 전문대학,그 외 전기·전자 부품 및 제품 조립원,남성,7,60대,인천광역시,전문대졸
3454,04c44f31036a447198e1c0ceabc0c9ad,남자,65,서울,고등학교,일식 조리사,남성,7,60대,서울특별시,고졸
3455,45b168e695b844be97cf316a4aab182d,남자,62,전라남,중학교,하역 및 적재 관련 단순 종사원,남성,7,60대,전라남,중졸
3456,1c87ae4b6c2e4be882974d67f4d64de4,남자,63,강원,고등학교,산불 감시원,남성,7,60대,강원특별자치도,고졸
3457,5d9c081a5f184a70b3ac24c267d37198,남자,64,충청북,고등학교,한식 조리사,남성,7,60대,충청북,고졸
3458,c6d8962c77cd48999c597a12f4b16daa,남자,60,울산,고등학교,하역 및 적재 관련 단순 종사원,남성,7,60대,울산광역시,고졸
3459,53de97563400472b8a00129b5b9d4751,남자,68,서울,중학교,무직,남성,7,60대,서울특별시,중졸
3460,b2fc9004246946c8833b225b797df477,남자,69,경기,4년제 대학교,네트워크 시스템 개발자,남성,7,60대,경기도,대졸
3461,942da76ef0104311aff1f74ab483fbd1,남자,64,경기,2~3년제 전문대학,경리 사무원,남성,7,60대,경기도,전문대졸
3462,b7ec9de590c64225b9f2a7da1d1661ed,남자,61,경기,2~3년제 전문대학,자동 재단기 조작원,남성,7,60대,경기도,전문대졸
3463,93692fd1bb3249f8a64261fe3913df0a,남자,69,부산,고등학교,무직,남성,7,60대,부산광역시,고졸
3464,a0652699b8ba4718b4142b36bb387a42,남자,64,부산,중학교,염색기 조작원,남성,7,60대,부산광역시,중졸
3465,1c5c1ca5180c4536ae0ffa50b5fd48b5,남자,68,경기,고등학교,무직,남성,7,60대,경기도,고졸
3466,b34195755fc74acf9ddebcd7987f92f5,남자,64,경기,4년제 대학교,금속공학 기술자 및 연구원,남성,7,60대,경기도,대졸
3467,ae985b0e9eb84d10ad098b982ffa042c,남자,66,경기,초등학교,무직,남성,7,60대,경기도,초졸이하
3468,eca3ea6d69ee4267a226a247788520cd,남자,65,대구,중학교,무직,남성,7,60대,대구광역시,중졸
3469,438c6f6b71c6402bae65fea6466dbc0c,남자,68,부산,중학교,무직,남성,7,60대,부산광역시,중졸
3470,31e9f473eafb414986ecd3ad6a9bc0e6,남자,61,부산,4년제 대학교,플랜트공학 기술자 및 연구원,남성,7,60대,부산광역시,대졸
3471,3866e4742c9f43bc86f1e7070637916b,남자,62,부산,고등학교,무직,남성,7,60대,부산광역시,고졸
3472,0d98734416db4a75a12ba6ab8c661543,남자,64,부산,고등학교,"전직 유리 부착원, 현재 구직중",남성,7,60대,부산광역시,고졸
3473,1114be1ed80d4dfa8b364af96ab4264c,남자,69,경기,4년제 대학교,토목시공 기술자,남성,7,60대,경기도,대졸
3474,ac7f3687a1104feb847710b17a0c6e82,남자,67,경기,4년제 대학교,철도 기관사,남성,7,60대,경기도,대졸
3475,237759590bf1457ca9c3ded8af17dfdf,남자,68,경상북,중학교,무직,남성,7,60대,경상북도,중졸
3476,c310802e34e1435a92bccf8aae9211c6,남자,69,서울,4년제 대학교,보육교사,남성,7,60대,서울특별시,대졸
3477,edb52546b6d14e51b1a0288c3c739256,남자,65,경상북,고등학교,금형원,남성,7,60대,경상북도,고졸
3478,a4e5482f48f64864a54f38a8fd8f25bd,남자,79,전북,무학,그 외 서비스 관련 단순 종사원,남성,8,70대이상,전북특별자치도,무학
3479,f79c09754cb6403f9d85256cb1239fc7,남자,73,충청북,고등학교,부동산 중개사,남성,8,70대이상,충청북,고졸
3480,37b7e1f5aabd456fb0b9b5b7b5e96e90,남자,70,강원,고등학교,교도관,남성,8,70대이상,강원특별자치도,고졸
3481,3d453f67aa1049ee8d79dad683978a7f,남자,79,충청북,초등학교,시설 경비원,남성,8,70대이상,충청북,초졸이하
3482,2524c2ce42094a8a92cb12ae1e49b200,남자,71,충청남,중학교,무직,남성,8,70대이상,충청남,중졸
3483,02bc8a91ab5343e2a2b4713ac7d24815,남자,87,서울,초등학교,건물 경비원,남성,8,70대이상,서울특별시,초졸이하
3484,79c54549312844da9cac1554a569d3c4,남자,71,서울,4년제 대학교,무직,남성,8,70대이상,서울특별시,대졸
3485,f75988e8bcef48cf85603c4876c98205,남자,71,경기,고등학교,"전직 그 외 상점 판매원, 현재 구직중",남성,8,70대이상,경기도,고졸
3486,87005c5e616f43d598200dcb7218ba00,남자,73,충청남,초등학교,무직,남성,8,70대이상,충청남,초졸이하
3487,0f8512cc20784a8ca5c9e8d28e227f80,남자,83,경상남,초등학교,무직,남성,8,70대이상,경상남도,초졸이하
3488,4f1b5a5bbb8144ec82b5ae4b450e004a,남자,79,경상남,2~3년제 전문대학,경리 사무원,남성,8,70대이상,경상남도,전문대졸
3489,5908d6cc12f7474cb71d7ab377e29589,남자,75,경상남,초등학교,무직,남성,8,70대이상,경상남도,초졸이하
3490,e893c3abf084428fad5669a2e21a43ed,남자,80,전라남,초등학교,무직,남성,8,70대이상,전라남,초졸이하
3491,85f6fdefb555466f9b066c240cad3ee7,남자,83,경기,중학교,무직,남성,8,70대이상,경기도,중졸
3492,5236881de7604513a6e4924416fe9160,남자,73,서울,4년제 대학교,무직,남성,8,70대이상,서울특별시,대졸
3493,5c8af9b36dc54c28bc4ec7de60776fe2,남자,85,경기,초등학교,그 외 제조 관련 단순 종사원,남성,8,70대이상,경기도,초졸이하
3494,059614a54f8e489c9b14744cf89ed303,남자,80,광주,초등학교,무직,남성,8,70대이상,광주광역시,초졸이하
3495,de959e3e6f494ea081d4c319d4644b02,남자,78,서울,초등학교,노점 및 이동 판매원,남성,8,70대이상,서울특별시,초졸이하
3496,f8a9b1cba49847859d6e4e7fee51598b,남자,70,서울,고등학교,조명 기구 설치 및 수리원,남성,8,70대이상,서울특별시,고졸
3497,ea950253a4514211b81580d9d45103f5,남자,78,부산,고등학교,그 외 물품 이동 장비 조작원,남성,8,70대이상,부산광역시,고졸
3498,8adb8c4027394351bcc16fe1fd58afc8,남자,72,충청북,중학교,그 외 서비스 관련 단순 종사원,남성,8,70대이상,충청북,중졸
3499,be4f849b686948fdb0b7f3b4a930a7cc,남자,70,충청남,대학원,무직,남성,8,70대이상,충청남,대학원졸
3500,99d78de8f5414c6faccb8da1029e6bfd,남자,73,경기,중학교,무직,남성,8,70대이상,경기도,중졸
3501,cdffd59a7b0542f7ace5bb07ee10b470,남자,72,부산,4년제 대학교,무직,남성,8,70대이상,부산광역시,대졸
3502,03ce026a52ed4d94b9c1d57359069666,남자,70,대구,초등학교,무직,남성,8,70대이상,대구광역시,초졸이하
3503,ac13ed35324942079b4539caeccbc248,남자,81,경기,초등학교,무직,남성,8,70대이상,경기도,초졸이하
3504,d4945463842b47648ab7fa32d30f9d0a,남자,85,경기,무학,무직,남성,8,70대이상,경기도,무학
3505,fff916cfaaad426aba2a3e1e6f71b1a0,남자,87,경기,초등학교,가스 점검원,남성,8,70대이상,경기도,초졸이하
3506,9319494dc5bc427485d4e2b0b96594fa,남자,73,충청남,초등학교,무직,남성,8,70대이상,충청남,초졸이하
3507,563ec43e5e8940fcacb253ccb70dfade,남자,74,부산,4년제 대학교,총무 사무원,남성,8,70대이상,부산광역시,대졸
3508,4c35c07aae704f8bb81328376d3cb87a,남자,72,서울,대학원,경영 컨설턴트,남성,8,70대이상,서울특별시,대학원졸
3509,07559f3fffdd423f9f25e9acd04a2a41,남자,74,경상북,중학교,건물 경비원,남성,8,70대이상,경상북도,중졸
3510,298ce796f4e8417d87bcd734e5ced6c9,남자,82,경상남,초등학교,무직,남성,8,70대이상,경상남도,초졸이하
3511,24059d997d714a2e8acd6225006b40c1,남자,73,경상북,초등학교,무직,남성,8,70대이상,경상북도,초졸이하
3512,0095e34539214f03a886b2cd5f8cd109,남자,70,부산,중학교,무직,남성,8,70대이상,부산광역시,중졸
3513,0b522569069d438ba1b21806a3becdb6,남자,70,부산,4년제 대학교,사무 보조원,남성,8,70대이상,부산광역시,대졸
3514,8fce83afad964f868ada3640e92125fc,남자,78,경기,4년제 대학교,무직,남성,8,70대이상,경기도,대졸
3515,e773d352fd424c45914c1025498f1780,남자,70,강원,초등학교,건물 경비원,남성,8,70대이상,강원특별자치도,초졸이하
3516,18c41797dec24a57971856298abdaaf0,남자,78,경기,중학교,지방행정 사무원,남성,8,70대이상,경기도,중졸
3517,bac2511aa37242989b2e9d123ebbac2f,남자,71,부산,초등학교,콘크리트 타설원,남성,8,70대이상,부산광역시,초졸이하
3518,19a328603b7e4350bca688828f28b75c,남자,77,전라남,중학교,무직,남성,8,70대이상,전라남,중졸
3519,3ac31e9cd84d4a0f8f7ebb5906c38358,남자,74,경기,고등학교,무직,남성,8,70대이상,경기도,고졸
3520,1caca0b09ec241619bf9a5c1053d2ce5,남자,71,전라남,초등학교,그 외 기계 조작원,남성,8,70대이상,전라남,초졸이하
3521,c6c64345693e4248839459ee292515a4,남자,78,강원,고등학교,무직,남성,8,70대이상,강원특별자치도,고졸
3522,671b7b6cbd0743ada6c3ddf24d59ddc8,남자,75,경기,중학교,경·소형 화물차 운전원,남성,8,70대이상,경기도,중졸
3523,2d8dd1c0b64240b988def78b24fcaf4d,남자,79,경상북,고등학교,무직,남성,8,70대이상,경상북도,고졸
3524,c87d7f99277f40af9788df6a8526b243,남자,97,전라남,초등학교,무직,남성,8,70대이상,전라남,초졸이하
3525,fc0f033d0f7341b08ee8090513bba02d,남자,72,경상남,고등학교,무직,남성,8,70대이상,경상남도,고졸
3526,ccc478cf035642ecbca2d6c9bb7eaf21,남자,76,경기,고등학교,시설 경비원,남성,8,70대이상,경기도,고졸
3527,d8f54c876b9e40aca494f68b15fec6a0,남자,82,인천,중학교,무직,남성,8,70대이상,인천광역시,중졸
3528,59bd7fc5838c4aaaa2d9eff5f665d35c,남자,77,경상남,중학교,무직,남성,8,70대이상,경상남도,중졸
3529,e6f29f84fceb44178d0e685bf557b69f,남자,71,서울,무학,무직,남성,8,70대이상,서울특별시,무학
3530,9d43127ef63d4ccca876e7b10fb25028,남자,82,서울,고등학교,무직,남성,8,70대이상,서울특별시,고졸
3531,ede8afc906e5452aaa2d2b7b241eb66e,남자,79,충청북,고등학교,무직,남성,8,70대이상,충청북,고졸
3532,2c47ff01da574b91ae9cd1a148c6aa8e,남자,75,서울,중학교,"전직 단말기 및 통신 서비스 판매원, 현재 구직중",남성,8,70대이상,서울특별시,중졸
3533,aa024809341642719fff12b944631418,남자,91,서울,4년제 대학교,무직,남성,8,70대이상,서울특별시,대졸
3534,dc79a700e28146c29a630f8f9ccec9e6,남자,79,경상북,초등학교,무직,남성,8,70대이상,경상북도,초졸이하
3535,3881ce01b6294904bc71b04d2e6cfacb,남자,80,경기,4년제 대학교,목사,남성,8,70대이상,경기도,대졸
3536,651ac60a70ff498bb7e46431286f2d5a,남자,73,제주,초등학교,그 외 기계 조작원,남성,8,70대이상,제주특별자치도,초졸이하
3537,1dffe476b21c447db884dc2a9e62c95e,남자,76,인천,초등학교,하역 및 적재 관련 단순 종사원,남성,8,70대이상,인천광역시,초졸이하
3538,8fcdd6558aae4b3e9fbdaa940c5a2530,남자,80,충청북,고등학교,무직,남성,8,70대이상,충청북,고졸
3539,69cf0551730c4a0299c7398cc3b4ec5f,남자,81,충청남,초등학교,무직,남성,8,70대이상,충청남,초졸이하
3540,88cbc2934f3744afbe13b6b593e15540,남자,74,대구,중학교,건설 단순 종사원,남성,8,70대이상,대구광역시,중졸
3541,1659603b97de47fbbf81cbc14967b55d,남자,87,부산,초등학교,건물 경비원,남성,8,70대이상,부산광역시,초졸이하
3542,89f35b825ad54409990b01b44c015836,남자,74,경상북,중학교,건물 경비원,남성,8,70대이상,경상북도,중졸
3543,f3095a8469ac4afd8751c73dd3a40dc2,남자,85,대전,초등학교,무직,남성,8,70대이상,대전광역시,초졸이하
3544,a19326f9d2914c2eab589798635e12b6,남자,73,대구,초등학교,건물 경비원,남성,8,70대이상,대구광역시,초졸이하
3545,28327feb6c8d4d9396ac888506b046b0,남자,77,서울,초등학교,무직,남성,8,70대이상,서울특별시,초졸이하
3546,67419c23bc154596ac2eec80e116d15e,남자,75,강원,초등학교,산불 감시원,남성,8,70대이상,강원특별자치도,초졸이하
3547,ac1b00c8bec64773ac032b52a4aae1f5,남자,81,인천,초등학교,무직,남성,8,70대이상,인천광역시,초졸이하
3548,141c167138134faeb5e279fc492de42c,남자,71,전북,초등학교,그 외 택배원,남성,8,70대이상,전북특별자치도,초졸이하
3549,8fdb054c8c934a4c964b3c8681d55da2,남자,83,강원,초등학교,무직,남성,8,70대이상,강원특별자치도,초졸이하
3550,849d078f4cb2462a80024f0d9a373ea1,남자,93,부산,무학,무직,남성,8,70대이상,부산광역시,무학
3551,38810224ebd94f96b5667364ed49f5ae,남자,84,대전,고등학교,부동산 중개사,남성,8,70대이상,대전광역시,고졸
3552,31d24a7a898e4f2caa753103dd6c6b3e,남자,74,충청남,초등학교,무직,남성,8,70대이상,충청남,초졸이하
3553,46cfe62c1dc7430b9646fdb0de8620de,남자,82,서울,무학,그 외 하역 및 적재 단순 종사원,남성,8,70대이상,서울특별시,무학
3554,05b8e1fe4c974b3ebaddc977e8f2e046,남자,82,경상북,초등학교,그 외 제조 관련 단순 종사원,남성,8,70대이상,경상북도,초졸이하
3555,ed3662d59c0443c0911bbfd5eb055a94,남자,80,광주,초등학교,무직,남성,8,70대이상,광주광역시,초졸이하
3556,b8ec4af1ae6140698f91ede260544433,남자,71,경기,고등학교,무직,남성,8,70대이상,경기도,고졸
3557,686e5643aa8740bcbad3b33d88f49c93,남자,73,경기,초등학교,무직,남성,8,70대이상,경기도,초졸이하
3558,4ee0d24a8ca44832b6919dab32fd5a33,남자,77,서울,고등학교,무직,남성,8,70대이상,서울특별시,고졸
3559,cb41af0046d645deb8611567c5270dea,남자,81,인천,초등학교,무직,남성,8,70대이상,인천광역시,초졸이하
3560,85ce378571194039a5667a3982e1202b,남자,74,경상남,초등학교,무직,남성,8,70대이상,경상남도,초졸이하
3561,ccba86e1913c4a3397394259055baf6b,남자,79,경상북,고등학교,무직,남성,8,70대이상,경상북도,고졸
3562,8b945408d6d14a0f8dd18f510af86a54,남자,82,세종,초등학교,무직,남성,8,70대이상,세종특별자치시,초졸이하
3563,fdf26ac8a6d24e60a0b6bebe9d310f55,남자,97,부산,고등학교,무직,남성,8,70대이상,부산광역시,고졸
3564,1d49c4240aa24dcba29b5cac810126cf,남자,83,부산,중학교,무직,남성,8,70대이상,부산광역시,중졸
3565,b778d2d7357645c9b8eefe7ffd285260,남자,70,경상북,초등학교,무직,남성,8,70대이상,경상북도,초졸이하
3566,c836dfc6c9924f06814b2098ed90a8f0,남자,75,대구,4년제 대학교,무직,남성,8,70대이상,대구광역시,대졸
3567,142f5170b78f42cc8290dbca6c7504d4,남자,70,전라남,중학교,노점 및 이동 판매원,남성,8,70대이상,전라남,중졸
3568,3ee362598bd7462f9e70f73ef8e5f714,남자,76,경기,4년제 대학교,무직,남성,8,70대이상,경기도,대졸
3569,69135ca81cb04c708b090c14eac699cf,남자,85,서울,초등학교,무직,남성,8,70대이상,서울특별시,초졸이하
3570,3bc481406b85441e925fe5516a14e70e,남자,82,전북,초등학교,무직,남성,8,70대이상,전북특별자치도,초졸이하
3571,89ffaabf8b044acc9c57987628cb225f,남자,79,강원,대학원,"전직 교통 계획 및 설계가, 현재 구직중",남성,8,70대이상,강원특별자치도,대학원졸
3572,e833ecd831884e7cab9e9b3c25725e5b,남자,85,서울,2~3년제 전문대학,무직,남성,8,70대이상,서울특별시,전문대졸
3573,bd74345495dc4af7897a621d11d81ad7,남자,80,충청북,무학,무직,남성,8,70대이상,충청북,무학
3574,823939a6cc5d49a5a000fea3ae5fa258,남자,90,인천,고등학교,무직,남성,8,70대이상,인천광역시,고졸
3575,55eaeaf93b044b2dbdce626348800e28,남자,72,경상북,4년제 대학교,무직,남성,8,70대이상,경상북도,대졸
3576,a2d24dc58d6446e0b8c03d690e30aa75,남자,84,경기,초등학교,무직,남성,8,70대이상,경기도,초졸이하
3577,0ddcae1f7e9c43aab4b2e87d5acb08a1,남자,79,부산,초등학교,노점 및 이동 판매원,남성,8,70대이상,부산광역시,초졸이하
3578,c17a1a4bbdf741aca99700446e527452,남자,71,서울,4년제 대학교,무직,남성,8,70대이상,서울특별시,대졸
3579,9b181e0be0344ab9879bdf3cdf623c77,남자,77,경상남,고등학교,무직,남성,8,70대이상,경상남도,고졸
3580,23321d6cf2bc4e84a7b05d6567c43da0,남자,74,전라남,초등학교,무직,남성,8,70대이상,전라남,초졸이하
3581,6d12a54999a74083903aa3328bd942ed,남자,73,서울,중학교,건물 청소원,남성,8,70대이상,서울특별시,중졸
3582,8fadfcb0d96e498bb8b181c7bc1f1e79,남자,84,경기,무학,무직,남성,8,70대이상,경기도,무학
3583,6086e125fb2a421585f98fd8bfb072dc,남자,80,부산,중학교,경·소형 화물차 운전원,남성,8,70대이상,부산광역시,중졸
3584,2f3807c3d4dd4d9998cdd2ef44f8df15,남자,83,경기,중학교,한식 조리사,남성,8,70대이상,경기도,중졸
3585,1cc69af56ee04f76a6661c1e91c92c33,남자,72,경기,고등학교,무직,남성,8,70대이상,경기도,고졸
3586,8468e0142f3349d59f434db0b2eefe48,남자,79,부산,4년제 대학교,무직,남성,8,70대이상,부산광역시,대졸
3587,e2343bc341be4adcbffc62b03af32c07,남자,74,서울,고등학교,무직,남성,8,70대이상,서울특별시,고졸
3588,b2f140bde465407b8c3728672201f472,남자,72,전라남,중학교,그 외 물품 이동 장비 조작원,남성,8,70대이상,전라남,중졸
3589,12c88eb9fd9c4023b83e1fb37f7aadbc,남자,79,경상북,초등학교,하역 및 적재 관련 단순 종사원,남성,8,70대이상,경상북도,초졸이하
3590,d0218dbf8221462ca85dd9d5d8db0d94,남자,78,부산,대학원,무직,남성,8,70대이상,부산광역시,대학원졸
3591,bbdfa802cf5841dda1a7e92f3a2ce8c0,남자,86,광주,4년제 대학교,무직,남성,8,70대이상,광주광역시,대졸
3592,eb6c2ad32bd74ee1b15ecf6db4684f43,남자,79,대구,초등학교,카펫 및 가발 제조원,남성,8,70대이상,대구광역시,초졸이하
3593,67d26268488045aba72fd1b20f116581,남자,84,전북,초등학교,무직,남성,8,70대이상,전북특별자치도,초졸이하
3594,96632291aa9d4f19afbd7df210f282a3,남자,73,강원,고등학교,무직,남성,8,70대이상,강원특별자치도,고졸
3595,6cb31f8a59534c49afb81d65cbbd5eea,남자,73,강원,고등학교,무직,남성,8,70대이상,강원특별자치도,고졸
3596,97e6a86354654cf9bee95e7ce0cdda90,남자,77,전북,고등학교,그 외 하역 및 적재 단순 종사원,남성,8,70대이상,전북특별자치도,고졸
3597,f0a084ec353449cdb5f41704f1990f9f,남자,73,인천,중학교,건설 단순 종사원,남성,8,70대이상,인천광역시,중졸
3598,5b601c76d28a4a2cbb6990be55062121,남자,74,경상북,초등학교,무직,남성,8,70대이상,경상북도,초졸이하
3599,df5dd3be5547401680561bfa8291a694,남자,73,서울,4년제 대학교,웹 운영자,남성,8,70대이상,서울특별시,대졸
3600,1d16c9a8d8174655a6690b210059c5e3,남자,79,경기,고등학교,무직,남성,8,70대이상,경기도,고졸
3601,aec99764ab354faa828b02d1339a15fe,남자,71,충청북,초등학교,무직,남성,8,70대이상,충청북,초졸이하
3602,1457d1b7d92746e69bd93dd8a461b52f,남자,79,경상북,중학교,"전직 건물 경비원, 현재 구직중",남성,8,70대이상,경상북도,중졸
3603,6995248403b14d76a3e0c7db2ce7d40f,남자,83,충청남,고등학교,무직,남성,8,70대이상,충청남,고졸
3604,659af125777f4a5a9b9793b880f273d8,남자,77,서울,2~3년제 전문대학,사무 보조원,남성,8,70대이상,서울특별시,전문대졸
3605,66c12a50d1d2406f8abbb99a16351d14,남자,80,부산,초등학교,무직,남성,8,70대이상,부산광역시,초졸이하
3606,688df1aa62c841bba2808beefbedaee6,남자,75,경상남,중학교,건물 경비원,남성,8,70대이상,경상남도,중졸
3607,c90f0b306ea54cb59fbeeac0959e5ae4,남자,71,인천,초등학교,소규모 상점 경영자,남성,8,70대이상,인천광역시,초졸이하
3608,347ba8ea43994831b1f7bb487e9f2b44,남자,78,전북,중학교,무직,남성,8,70대이상,전북특별자치도,중졸
3609,569501594d5c4ba191ccd005ef2d1f2b,남자,83,서울,2~3년제 전문대학,무직,남성,8,70대이상,서울특별시,전문대졸
3610,d9d1acb1b35c48bf8f63335ae3543138,남자,73,경상남,중학교,무직,남성,8,70대이상,경상남도,중졸
3611,8fa48ad2987d45649d79c92e4a27a023,남자,70,부산,고등학교,영상·전자음향기기 설치 및 수리원,남성,8,70대이상,부산광역시,고졸
3612,6d69f3febcc24d6b8c9cde4fdc255a93,남자,73,경기,고등학교,그 외 기능 관련 종사원,남성,8,70대이상,경기도,고졸
3613,f22394d9dbef4cb4887178ef8856eb98,남자,82,전북,초등학교,무직,남성,8,70대이상,전북특별자치도,초졸이하
3614,96879fa560a143e2994e8f135de6be36,남자,85,서울,중학교,무직,남성,8,70대이상,서울특별시,중졸
3615,77380b0530cd4772919041f2f8f0a87f,남자,70,서울,초등학교,건물 경비원,남성,8,70대이상,서울특별시,초졸이하
3616,351391ed57134fd59e93b68799eca712,남자,75,경기,고등학교,무직,남성,8,70대이상,경기도,고졸
3617,4db9e38a775d44908cdf4961411b784a,남자,80,경상북,고등학교,무직,남성,8,70대이상,경상북도,고졸
3618,f99773b98eae42ef9732973e3c6a32b4,남자,84,충청남,초등학교,무직,남성,8,70대이상,충청남,초졸이하
3619,e73ffb0f8d0a46889a5019b3e66bbad2,남자,78,서울,고등학교,부동산 중개사,남성,8,70대이상,서울특별시,고졸
3620,f0b7d601817a4074aa4539841bb1e3b6,남자,70,경상남,고등학교,무직,남성,8,70대이상,경상남도,고졸
3621,f98a54510656495fb832460176f39659,남자,70,서울,초등학교,무직,남성,8,70대이상,서울특별시,초졸이하
3622,09da3795c5044d6eb61634ec10ed7035,남자,84,충청남,중학교,그 외 기능 관련 종사원,남성,8,70대이상,충청남,중졸
3623,f535b9e2000247b780f11b3b16a21430,남자,76,전라남,중학교,무직,남성,8,70대이상,전라남,중졸
3624,4883df960dd84d7e9ada1b9218ce774c,남자,73,광주,고등학교,간호조무사,남성,8,70대이상,광주광역시,고졸
3625,7e400ac0e7484a09b3deede6dca95acf,남자,86,부산,초등학교,무직,남성,8,70대이상,부산광역시,초졸이하
3626,2265342c072147f5a75d90ea50e76e88,남자,79,서울,중학교,노점 및 이동 판매원,남성,8,70대이상,서울특별시,중졸
3627,a39e649430374628b59d7ead35da20c0,남자,76,경상북,초등학교,건물 경비원,남성,8,70대이상,경상북도,초졸이하
3628,0298aa5831f44a698ade5a0aeab46f93,남자,71,경상북,중학교,무직,남성,8,70대이상,경상북도,중졸
3629,c09a3e43c91c4fa994d336961a4fecdf,남자,71,경상남,고등학교,무직,남성,8,70대이상,경상남도,고졸
3630,59eeed3654904346ae43ffc88a41216f,남자,76,서울,초등학교,무직,남성,8,70대이상,서울특별시,초졸이하
3631,78ed9101d2704b23a2fba7902b3d797c,남자,75,충청남,초등학교,무직,남성,8,70대이상,충청남,초졸이하
3632,ec3b9f8445db45648449a1db91fc700a,남자,88,경기,초등학교,그 외 하역 및 적재 단순 종사원,남성,8,70대이상,경기도,초졸이하
3633,f0d69b7fa1ce4e0a9d8ef704d8e928d5,남자,83,경기,4년제 대학교,마케팅 전문가,남성,8,70대이상,경기도,대졸
3634,bc695bdfbe3c496588aa2c909c1d2896,남자,71,경상남,중학교,건설 단순 종사원,남성,8,70대이상,경상남도,중졸
3635,ddbcde63cf5d485dab65474ecdb899c0,남자,72,전라남,중학교,어업 단순 종사원,남성,8,70대이상,전라남,중졸
3636,ba4382195aa74233a550293f6a0b25af,남자,83,서울,고등학교,무직,남성,8,70대이상,서울특별시,고졸
3637,34fc8666842f46f89670594cc78566ea,남자,84,광주,초등학교,무직,남성,8,70대이상,광주광역시,초졸이하
3638,6f1e044d777747b78f539d5480d63140,남자,82,경기,초등학교,무직,남성,8,70대이상,경기도,초졸이하
3639,9392336e13c343c4a2a27ac57a3436f0,남자,78,서울,고등학교,무직,남성,8,70대이상,서울특별시,고졸
3640,9c9646bfecbf4f48873b6de2a4c11ff1,남자,79,대전,중학교,무직,남성,8,70대이상,대전광역시,중졸
3641,edbb30da2b464009bcc5ad5e4c767b52,남자,89,경기,초등학교,무직,남성,8,70대이상,경기도,초졸이하
3642,67d1b391c7594f278d95cbafc4f55b16,남자,72,광주,초등학교,하역 및 적재 관련 단순 종사원,남성,8,70대이상,광주광역시,초졸이하
3643,ae5729ad050b4e3380bf815b8bc21e3e,남자,74,전북,중학교,시설 경비원,남성,8,70대이상,전북특별자치도,중졸
3644,cd76d8a9d96d48fcaa96292203b8c4ca,남자,75,서울,4년제 대학교,품질 관리 사무원,남성,8,70대이상,서울특별시,대졸
3645,d5438582cc454606a9d0aa0ec6009032,남자,71,인천,중학교,시설 경비원,남성,8,70대이상,인천광역시,중졸
3646,c48ee7609a0f4ae484013787697d1f44,남자,73,서울,중학교,무직,남성,8,70대이상,서울특별시,중졸
3647,d5a72625b87b4c6b815959a1ecacdfa6,남자,70,경상남,2~3년제 전문대학,무직,남성,8,70대이상,경상남도,전문대졸
3648,c235c1796edc441f99f0b0acec29b792,남자,88,대구,중학교,무직,남성,8,70대이상,대구광역시,중졸
3649,94d5f73f13bf4fe2821eb2f1c53d16bc,남자,74,충청남,2~3년제 전문대학,무직,남성,8,70대이상,충청남,전문대졸
3650,3530a5bdaa93478a9ed881525c138229,남자,75,부산,초등학교,무직,남성,8,70대이상,부산광역시,초졸이하
3651,c302ba328d574822975505730463f2c7,남자,93,서울,초등학교,무직,남성,8,70대이상,서울특별시,초졸이하
3652,f0af43b7575746758ee6c0edda6da109,남자,75,서울,초등학교,건물 청소원,남성,8,70대이상,서울특별시,초졸이하
3653,6e10bd02ee584f879e62db010cddfeab,남자,91,서울,고등학교,무직,남성,8,70대이상,서울특별시,고졸
3654,951edbce4b3a4024bd0585b01afea8bd,남자,76,경상남,무학,하역 및 적재 관련 단순 종사원,남성,8,70대이상,경상남도,무학
3655,45cabd93ac6b4bd8ae97e17998c60090,남자,70,전라남,중학교,그 외 배달원,남성,8,70대이상,전라남,중졸
3656,7ab61d21836e444796194eabe33c3bdd,남자,77,부산,중학교,그 외 서비스 관련 단순 종사원,남성,8,70대이상,부산광역시,중졸
3657,0b735979ea474dfa937845d1b1ab660f,남자,75,대전,초등학교,노점 및 이동 판매원,남성,8,70대이상,대전광역시,초졸이하
3658,9f51e2bd4af244b6803ba5c34fbfe739,남자,88,경상남,초등학교,무직,남성,8,70대이상,경상남도,초졸이하
3659,51c8775279014a2cbf57604adba41c4b,남자,83,충청북,무학,무직,남성,8,70대이상,충청북,무학
3660,a6b92680c0db44f08f4acb5358ff0b84,남자,89,서울,중학교,무직,남성,8,70대이상,서울특별시,중졸
3661,aaceba3b684e4e4083694bcb3cf24a33,남자,70,부산,고등학교,무직,남성,8,70대이상,부산광역시,고졸
3662,13b29ad6556f4735aa7d78e6bea7b1e4,남자,74,전북,고등학교,그 외 상점 판매원,남성,8,70대이상,전북특별자치도,고졸
3663,38713ac87abb4eeb97f520d6a6a5b4d0,남자,70,부산,중학교,무직,남성,8,70대이상,부산광역시,중졸
3664,b7f741753e7a4ab099a3b635ade918c9,남자,72,경상남,초등학교,무직,남성,8,70대이상,경상남도,초졸이하
3665,e7a9da1570364d3fb2d6d9dc50a315fe,남자,80,울산,고등학교,경·소형 화물차 운전원,남성,8,70대이상,울산광역시,고졸
3666,90a2a0bc913949f7bc478296c0e5a2d7,남자,78,대구,중학교,무직,남성,8,70대이상,대구광역시,중졸
3667,6104728ef5244a99b318aafb93b2db6d,남자,72,경기,중학교,건물 경비원,남성,8,70대이상,경기도,중졸
3668,0ab7f83b8f0244f5823b7b6192a57410,남자,85,경상북,초등학교,무직,남성,8,70대이상,경상북도,초졸이하
3669,ce3c9e06e5cf45288582d146c5d7daf3,남자,76,제주,중학교,건설 단순 종사원,남성,8,70대이상,제주특별자치도,중졸
3670,9bd8509c430d468bb3e1a3267cc52a4a,남자,77,부산,고등학교,위성방송 안테나 설치 및 수리원,남성,8,70대이상,부산광역시,고졸
3671,4915a9db18da4d3b9db87f3a2c5af733,남자,77,경기,고등학교,무직,남성,8,70대이상,경기도,고졸
3672,10353336d38d48f2aa71171baa10770c,남자,74,충청북,초등학교,건물 청소원,남성,8,70대이상,충청북,초졸이하
3673,b298f911d7b3408ca70317e0de331ebc,남자,76,울산,초등학교,노점 및 이동 판매원,남성,8,70대이상,울산광역시,초졸이하
3674,d7601962466347f7a217d1c60a67da27,남자,78,충청남,중학교,시설 경비원,남성,8,70대이상,충청남,중졸
3675,c4de46af2f9045adb94bf2fa4795f099,남자,83,경기,4년제 대학교,무직,남성,8,70대이상,경기도,대졸
3676,6885dba3efd44c4e9fdacf6c7120aed9,남자,80,대구,초등학교,그 외 기능 관련 종사원,남성,8,70대이상,대구광역시,초졸이하
3677,515ef9eed9e040b68b4425b89e8d9086,남자,75,서울,고등학교,무직,남성,8,70대이상,서울특별시,고졸
3678,68759a15d2e946b4bff183370bfbaa98,남자,77,경기,초등학교,무직,남성,8,70대이상,경기도,초졸이하
3679,f59eb4c25fda451aa54426466f393ca9,남자,74,부산,초등학교,무직,남성,8,70대이상,부산광역시,초졸이하
3680,3561e440ee054a8380e472faab593a15,남자,73,경상남,4년제 대학교,그 외 기계공학 기술자 및 연구원,남성,8,70대이상,경상남도,대졸
3681,cb2ba09e5cc445988607c72f9d323695,남자,75,인천,초등학교,건물 경비원,남성,8,70대이상,인천광역시,초졸이하
3682,9fb531af8ec9403daf9befcdaa970b25,남자,79,광주,초등학교,무직,남성,8,70대이상,광주광역시,초졸이하
3683,a6465b6a50ec40feacc902a5a53546bc,남자,76,충청북,4년제 대학교,농약·비료 기술자 및 연구원,남성,8,70대이상,충청북,대졸
3684,ee073860e0284e3995d1a167c4cb51ba,남자,72,경상남,초등학교,주방 보조원,남성,8,70대이상,경상남도,초졸이하
3685,24d1dbd3d9ee46fda0070f2c368d9d38,남자,74,경기,고등학교,아파트 경비원,남성,8,70대이상,경기도,고졸
3686,a65bd6d826f24d268fa6e5401bbfcdb8,남자,86,전라남,무학,무직,남성,8,70대이상,전라남,무학
3687,bbe96a94a2644f0bab721ed9b6ab31c8,남자,72,부산,고등학교,무직,남성,8,70대이상,부산광역시,고졸
3688,3f1e3a6bd0e34da5bb292071e5818d8f,남자,74,경기,4년제 대학교,무직,남성,8,70대이상,경기도,대졸
3689,7a5be1b269da4096b7ba76fb119c8f71,남자,77,대구,초등학교,무직,남성,8,70대이상,대구광역시,초졸이하
3690,e87d95fb0bb74e4099733249770c0cb6,남자,78,부산,4년제 대학교,그 외 상점 판매원,남성,8,70대이상,부산광역시,대졸
3691,4dfbc33672ad4b3a883cb83703c3ff99,남자,73,경기,중학교,그 외 자동차 운전원,남성,8,70대이상,경기도,중졸
3692,9fc1ad1d436a4c7890bfba5110ca2f33,남자,72,경기,고등학교,방문 고객 상담원,남성,8,70대이상,경기도,고졸
3693,56c5e3ab9b3b44fc8f4c176266a330a1,남자,70,전북,초등학교,그 외 서비스 관련 단순 종사원,남성,8,70대이상,전북특별자치도,초졸이하
3694,f22d383eae4a42128c2cc2d7456787c2,남자,83,경기,고등학교,무직,남성,8,70대이상,경기도,고졸
3695,a358eedf1bd9480f82f04c81c94dcd86,남자,73,부산,고등학교,무직,남성,8,70대이상,부산광역시,고졸
3696,7647b0dbbdf544c496f28ebdb67be67a,남자,74,경기,고등학교,온라인 쇼핑 판매원,남성,8,70대이상,경기도,고졸
3697,4475a7a57b21411f9e9367ba487e53f9,남자,78,울산,고등학교,그 외 서비스 관련 단순 종사원,남성,8,70대이상,울산광역시,고졸
3698,bb89086b9f2c4be4afdb9568d0f704eb,남자,71,경상북,중학교,그 외 하역 및 적재 단순 종사원,남성,8,70대이상,경상북도,중졸
3699,3763e426b97a40fdab8b48cc2fff6e8e,남자,87,전라남,중학교,무직,남성,8,70대이상,전라남,중졸
3700,e370c88c7742409fa619e8e07ddfeee9,남자,71,부산,4년제 대학교,무직,남성,8,70대이상,부산광역시,대졸
3701,e9bd08d8e4914a1db43dfb0bce61c586,남자,72,대전,4년제 대학교,무직,남성,8,70대이상,대전광역시,대졸
3702,e45861f7050647d0bef0752ba8938243,남자,83,부산,4년제 대학교,무직,남성,8,70대이상,부산광역시,대졸
3703,a40edc5d65a04ae2a705a44765e7bacf,남자,87,대전,4년제 대학교,무직,남성,8,70대이상,대전광역시,대졸
3704,79e58ce0b22c49e28f62341caccc3a95,남자,73,경기,4년제 대학교,무직,남성,8,70대이상,경기도,대졸
3705,be646822c14842789ed825b006116a6a,남자,85,경기,중학교,무직,남성,8,70대이상,경기도,중졸
3706,fb4bc871f67f4e6ab347f1488ae34801,남자,80,경상남,고등학교,무직,남성,8,70대이상,경상남도,고졸
3707,5b5b282a987d4cc3a91bec31709336db,남자,80,서울,고등학교,시설 경비원,남성,8,70대이상,서울특별시,고졸
3708,b15792a8dff8436d88dabeb067c189d4,남자,78,경상북,중학교,무직,남성,8,70대이상,경상북도,중졸
3709,351391ed57134fd59e93b68799eca712,남자,75,경기,고등학교,무직,남성,8,70대이상,경기도,고졸
3710,6b95b206e0bf45cb83855e7c3f5653ef,남자,71,강원,대학원,무직,남성,8,70대이상,강원특별자치도,대학원졸
3711,c11860ddbde84f39b19074ec37133182,남자,72,서울,초등학교,하역 및 적재 관련 단순 종사원,남성,8,70대이상,서울특별시,초졸이하
3712,be72a7fb43674eae84a0508a6dd96e99,남자,82,경기,중학교,그 외 서비스 관련 단순 종사원,남성,8,70대이상,경기도,중졸
3713,e5192297918f45719e34226a9b4a4c59,남자,70,전라남,무학,건물 경비원,남성,8,70대이상,전라남,무학
3714,e1139937cc7b4ebebb2820f4d038b6a1,남자,84,전북,4년제 대학교,무직,남성,8,70대이상,전북특별자치도,대졸
3715,021b5a264025480dab5b52912c366107,남자,84,울산,초등학교,무직,남성,8,70대이상,울산광역시,초졸이하
3716,c55e0793d81749eab6a72615983b0aba,남자,83,강원,초등학교,무직,남성,8,70대이상,강원특별자치도,초졸이하
3717,93da6fbb903d41e6923661822f70c14d,남자,74,부산,중학교,건물 경비원,남성,8,70대이상,부산광역시,중졸
3718,a8a9f582c30944529d77669cb3ee037f,남자,74,경기,2~3년제 전문대학,전화 상담원,남성,8,70대이상,경기도,전문대졸
3719,01544edfd4014b8eacc5ad23fdde9218,남자,86,서울,초등학교,무직,남성,8,70대이상,서울특별시,초졸이하
3720,e3c314608c4a414aa8a38812d0855580,남자,70,경상남,고등학교,무직,남성,8,70대이상,경상남도,고졸
3721,a4e7af5a67814c53ba8da0de3136f303,남자,72,부산,초등학교,무직,남성,8,70대이상,부산광역시,초졸이하
3722,39813652763d443784f8a2bda4cc9e1f,남자,70,광주,초등학교,건물 경비원,남성,8,70대이상,광주광역시,초졸이하
3723,5447ddecea8c47ef9b57fcd38d90ba9a,남자,74,서울,고등학교,무직,남성,8,70대이상,서울특별시,고졸
3724,d26862d94d2f4afca465780daf1ec8f1,남자,88,경기,중학교,무직,남성,8,70대이상,경기도,중졸
3725,bd453ef2afe248fa8c9318a3a7dc3d4d,남자,73,경상북,고등학교,택시 운전원,남성,8,70대이상,경상북도,고졸
3726,fc91f7c0873e48ca9faa5ee6f3b31d1b,남자,72,부산,대학원,무직,남성,8,70대이상,부산광역시,대학원졸
3727,9262b23d15864c6197db71c895390ad7,남자,93,경상북,고등학교,무직,남성,8,70대이상,경상북도,고졸
3728,e33c821f01ca4689b189c48d284f938b,남자,71,경기,초등학교,무직,남성,8,70대이상,경기도,초졸이하
3729,19714275745047518f3b65817713f282,남자,81,서울,초등학교,무직,남성,8,70대이상,서울특별시,초졸이하
3730,c697330d707b4bb4a0eb8ff2ad9f5423,남자,78,광주,초등학교,무직,남성,8,70대이상,광주광역시,초졸이하
3731,410379780ebb41529b9c224251c2b76d,남자,84,강원,중학교,무직,남성,8,70대이상,강원특별자치도,중졸
3732,68735ee74d3048feb4d3d246d672e104,남자,73,서울,중학교,무직,남성,8,70대이상,서울특별시,중졸
3733,dc1e4e16a8e74de79e35b5b525829be1,남자,77,서울,중학교,무직,남성,8,70대이상,서울특별시,중졸
3734,5e404acdd1c74f049c93bb3af507b0cc,남자,70,경기,중학교,무직,남성,8,70대이상,경기도,중졸
3735,e7b92ace25094e909380570135e882c6,남자,78,서울,초등학교,건물 경비원,남성,8,70대이상,서울특별시,초졸이하
3736,8751c39cea5345cc9f01c8921202b7d4,남자,73,경기,4년제 대학교,화력발전장치 운전원,남성,8,70대이상,경기도,대졸
3737,117958ce35c549c19bc9970b7f36b3ae,남자,74,인천,중학교,건물 청소원,남성,8,70대이상,인천광역시,중졸
3738,25c1b7ea283f484a9d53c598ab5b29d0,남자,85,서울,고등학교,무직,남성,8,70대이상,서울특별시,고졸
3739,62bad62b40904b11ac4e7178b97594df,남자,74,전북,중학교,그 외 서비스 관련 단순 종사원,남성,8,70대이상,전북특별자치도,중졸
3740,d1f9967b933b4f71833ff147b1979385,남자,80,전라남,중학교,그 외 서비스 관련 단순 종사원,남성,8,70대이상,전라남,중졸
3741,2708509a78984d5d906275069d22e57e,남자,72,전라남,고등학교,무직,남성,8,70대이상,전라남,고졸
3742,5384655f1e6644a5a22b61e0da9c8055,남자,74,경기,중학교,무직,남성,8,70대이상,경기도,중졸
3743,e0f380b73a304f5d9bf87d9ab4e0cd4a,남자,74,경기,초등학교,하역 및 적재 관련 단순 종사원,남성,8,70대이상,경기도,초졸이하
3744,319faaf00e224f8995cc4fc7c8a77791,남자,70,경기,고등학교,시설 경비원,남성,8,70대이상,경기도,고졸
3745,00e806c9b351435d833c39c4227f5c63,남자,90,인천,초등학교,무직,남성,8,70대이상,인천광역시,초졸이하
3746,a0ad482c58dc4d388cf685f0082b95a1,남자,81,서울,초등학교,무직,남성,8,70대이상,서울특별시,초졸이하
3747,0fcaa012439849f291d4a1038bd4ad70,남자,76,부산,초등학교,무직,남성,8,70대이상,부산광역시,초졸이하
3748,96c9f206251b4a63babeeeb383d88d9d,남자,76,전라남,중학교,무직,남성,8,70대이상,전라남,중졸
3749,963af38acba241609f16cde113d01dc8,남자,92,충청북,고등학교,무직,남성,8,70대이상,충청북,고졸
3750,c51fe6c54e1a4e0da747b666318596aa,남자,85,서울,초등학교,무직,남성,8,70대이상,서울특별시,초졸이하
3751,39b725b05bf94767a5070738823820c1,남자,85,전북,무학,무직,남성,8,70대이상,전북특별자치도,무학
3752,74c9697ffbb44683990d26137ffcdebe,남자,74,서울,초등학교,무직,남성,8,70대이상,서울특별시,초졸이하
3753,1f16352aaca545fe8c53ac9f7191857c,남자,88,경기,무학,무직,남성,8,70대이상,경기도,무학
3754,0d2305715646481b9d722dd6f8aed0ef,남자,83,경기,초등학교,무직,남성,8,70대이상,경기도,초졸이하
3755,a0c34de2e094490195d7e6e708028ce1,남자,86,서울,초등학교,무직,남성,8,70대이상,서울특별시,초졸이하
3756,4a74c98d978e4918981cb3625dd83495,남자,70,서울,고등학교,연예인 매니저,남성,8,70대이상,서울특별시,고졸
3757,fc457a5d4d5645229847dd339ffdd9d0,남자,77,전라남,초등학교,무직,남성,8,70대이상,전라남,초졸이하
3758,268eccd2f5b843379995da45bcce6f7e,남자,84,경기,중학교,무직,남성,8,70대이상,경기도,중졸
3759,3b874e1d78eb43f995b2e83b63380d36,남자,77,부산,고등학교,무직,남성,8,70대이상,부산광역시,고졸
3760,d1afbcd494484840abcf0ac682aedec3,남자,72,경기,초등학교,무직,남성,8,70대이상,경기도,초졸이하
3761,39ff554542024dfb8aacf0f57970f756,남자,76,경기,고등학교,그 외 택배원,남성,8,70대이상,경기도,고졸
3762,1fca231ac9154c58b6b71a4104bdc8d2,남자,74,강원,중학교,음식료품 판매원,남성,8,70대이상,강원특별자치도,중졸
3763,55fb5007aa92489aae6a208413a1276c,남자,70,서울,대학원,무직,남성,8,70대이상,서울특별시,대학원졸
3764,d592ec544d27449494ea2a075d262803,남자,78,강원,고등학교,건물 경비원,남성,8,70대이상,강원특별자치도,고졸
3765,c77185ebd7014027baf8f38a2d9223ad,남자,77,경상북,초등학교,무직,남성,8,70대이상,경상북도,초졸이하
3766,c0c623582ff444e093a957cb9586f281,남자,79,강원,중학교,무직,남성,8,70대이상,강원특별자치도,중졸
3767,06163ec8b11e4960860dc3db8fae2e19,남자,83,부산,고등학교,무직,남성,8,70대이상,부산광역시,고졸
3768,dfef49d8cd7a411995e6203fd07a83b4,남자,84,충청북,초등학교,무직,남성,8,70대이상,충청북,초졸이하
3769,a8138200d3574af389492ac9d1abe7e7,남자,76,전라남,고등학교,무직,남성,8,70대이상,전라남,고졸
3770,5e840253a0154b23884fbf937f7620c4,남자,73,경기,고등학교,무직,남성,8,70대이상,경기도,고졸
3771,c0a5603a82b74e9f83bdd44abe893046,남자,70,서울,중학교,무직,남성,8,70대이상,서울특별시,중졸
3772,f66881ee5f4845e2ac7d9256644fc3f8,남자,76,충청남,초등학교,그 외 자동차 부품 조립원,남성,8,70대이상,충청남,초졸이하
3773,020c235f2249406ab7f4ef3721792c48,남자,72,충청남,중학교,그 외 서비스 관련 단순 종사원,남성,8,70대이상,충청남,중졸
3774,ecc9941b22c943bab723412ce335c2bd,남자,71,부산,고등학교,무직,남성,8,70대이상,부산광역시,고졸
3775,9da2eff9f4c048dfbd549dc55addc07b,남자,71,부산,중학교,하역 및 적재 관련 단순 종사원,남성,8,70대이상,부산광역시,중졸
3776,afad016c25ee415bb7097ae93f78db83,남자,83,부산,초등학교,무직,남성,8,70대이상,부산광역시,초졸이하
3777,40a517ea266a46569a89412c446968b1,남자,83,대구,초등학교,무직,남성,8,70대이상,대구광역시,초졸이하
3778,f64b7181b05941b291467ab486d58331,남자,76,인천,초등학교,그 외 서비스 관련 단순 종사원,남성,8,70대이상,인천광역시,초졸이하
3779,a2abfcb625fa4b769e0ee184b9458076,남자,71,전북,2~3년제 전문대학,특수 경비원,남성,8,70대이상,전북특별자치도,전문대졸
3780,2c9725ad96be427f89129c165f13e29c,남자,85,충청남,초등학교,무직,남성,8,70대이상,충청남,초졸이하
3781,2bb1527122f14882b9a9a03fea2f13e4,남자,71,경기,4년제 대학교,무직,남성,8,70대이상,경기도,대졸
3782,db32d96ae1b74a7d87b8c1412295e2dc,남자,70,서울,고등학교,바텐더,남성,8,70대이상,서울특별시,고졸
3783,ad52ed9bfbc8466fa4515fc965d34307,남자,79,인천,초등학교,그 외 서비스 관련 단순 종사원,남성,8,70대이상,인천광역시,초졸이하
3784,81baa885fb0149e081a861ed6a27a2cb,남자,73,경기,고등학교,무직,남성,8,70대이상,경기도,고졸
3785,b2df07c184be4797adfe38d68763a42e,남자,76,경상북,초등학교,무직,남성,8,70대이상,경상북도,초졸이하
3786,185a1fbfa996425eadce8aa40c59add8,남자,89,경기,초등학교,무직,남성,8,70대이상,경기도,초졸이하
3787,c9a8f0ab289c4cc5872a298c33f61910,남자,70,경상북,4년제 대학교,위험 관리원,남성,8,70대이상,경상북도,대졸
3788,679635bd9e484117926bfa9f760691a7,남자,78,서울,고등학교,건물 경비원,남성,8,70대이상,서울특별시,고졸
3789,130ec7bb7198455bb47d35df88762565,남자,78,부산,4년제 대학교,노점 및 이동 판매원,남성,8,70대이상,부산광역시,대졸
3790,e1b0e19d51e44801ab5f58a9f1689587,남자,77,부산,초등학교,하역 및 적재 관련 단순 종사원,남성,8,70대이상,부산광역시,초졸이하
3791,ab4d0794417043739ee5b484435e9f12,남자,71,경기,초등학교,지게차 운전원,남성,8,70대이상,경기도,초졸이하
3792,b8cea56db84644478a84a6a239f975c9,남자,73,울산,고등학교,그 외 운송장비 조립원,남성,8,70대이상,울산광역시,고졸
3793,71e75a67dc0f4caaa9d405aee84e8940,남자,75,대전,초등학교,무직,남성,8,70대이상,대전광역시,초졸이하
3794,14713fced3ca482482c36743cbb3991f,남자,76,전북,초등학교,용접기 조작원,남성,8,70대이상,전북특별자치도,초졸이하
3795,0f202d29fb3a46c194b4f0eb936e0398,남자,83,경상남,고등학교,그 외 자동차 운전원,남성,8,70대이상,경상남도,고졸
3796,0ee4387c8da44a49be25d8e3daae5b65,남자,83,경기,고등학교,무직,남성,8,70대이상,경기도,고졸
3797,efdc4869bd244dfa98dac769d5d16ae0,남자,72,충청북,초등학교,건물 경비원,남성,8,70대이상,충청북,초졸이하
3798,8127ae7f2dc24b35b7c7b2d79be52be5,남자,82,서울,중학교,무직,남성,8,70대이상,서울특별시,중졸
3799,d06c5135ba56479badd984511dc63e2a,남자,72,경기,중학교,무직,남성,8,70대이상,경기도,중졸
3800,f1728771f9be45d6aaccab6e2501e0f7,남자,84,충청북,무학,건물 경비원,남성,8,70대이상,충청북,무학
3801,90687d3b396c455b9c0914fa333100f3,남자,81,경상남,초등학교,무직,남성,8,70대이상,경상남도,초졸이하
3802,896f7e5c02e64aaa9c8d0fe8a217106f,남자,74,경상남,고등학교,그 외 금속가공 기계 조작원,남성,8,70대이상,경상남도,고졸
3803,e588d2b642c24466aaca780e8e9dccf9,남자,80,전라남,중학교,무직,남성,8,70대이상,전라남,중졸
3804,4575b07ac8954c5585eb50762aaeab89,남자,81,서울,초등학교,무직,남성,8,70대이상,서울특별시,초졸이하
3805,d4db730fbfb24d918d968312fa9e2d9b,남자,81,대구,대학원,무직,남성,8,70대이상,대구광역시,대학원졸
3806,af73ca974e8d4f0786f269fdcf954d83,남자,70,강원,4년제 대학교,무직,남성,8,70대이상,강원특별자치도,대졸
3807,876b6bafbc734e5095d762d7a99625cc,남자,73,부산,중학교,무직,남성,8,70대이상,부산광역시,중졸
3808,1dd9d608a19a4e9b9ddb6b3038559b22,남자,78,서울,고등학교,그 외 물품 이동 장비 조작원,남성,8,70대이상,서울특별시,고졸
3809,e2d0b7a4ca6b499fb1c0293a00ca6b19,남자,70,경기,초등학교,시설 경비원,남성,8,70대이상,경기도,초졸이하
3810,a945603b5dce4317847712f323583fea,남자,71,대전,중학교,무직,남성,8,70대이상,대전광역시,중졸
3811,a52085446aea4aa0ad026c3ca394d8d3,남자,71,충청남,중학교,하역 및 적재 관련 단순 종사원,남성,8,70대이상,충청남,중졸
3812,f3257bf125854481ab54a82c46a8fac0,남자,84,서울,중학교,무직,남성,8,70대이상,서울특별시,중졸
3813,f62c7afb107b4763bdb37d8a00fc7766,남자,82,대구,고등학교,무직,남성,8,70대이상,대구광역시,고졸
3814,ea546bd11d654892970cc55013b133f3,남자,71,서울,4년제 대학교,"전직 공공행정 전문가, 현재 구직중",남성,8,70대이상,서울특별시,대졸
3815,a8272a21662541d892b2e64025bbbd55,남자,74,부산,2~3년제 전문대학,자동차 섀시 정비원,남성,8,70대이상,부산광역시,전문대졸
3816,25e74646f2e7484ca896490862c9db9e,남자,71,부산,중학교,시설 경비원,남성,8,70대이상,부산광역시,중졸
3817,87fb9d77bc414516a492fcb0c6d88e11,남자,74,경기,고등학교,무직,남성,8,70대이상,경기도,고졸
3818,e901e4acf2c64d1896b75f06c0ad813f,남자,83,전라남,초등학교,무직,남성,8,70대이상,전라남,초졸이하
3819,ff3c5a450777421ea9422e44357db47c,남자,85,경상북,중학교,무직,남성,8,70대이상,경상북도,중졸
3820,76a71aec68014bb8809d14b17391a0e6,남자,73,서울,4년제 대학교,무직,남성,8,70대이상,서울특별시,대졸
3821,b78c0083705445f0898c22dd2e9de922,남자,89,부산,4년제 대학교,무직,남성,8,70대이상,부산광역시,대졸
3822,68d29dcf74054ad8ba54489228c8c8f7,남자,88,경기,초등학교,건물 경비원,남성,8,70대이상,경기도,초졸이하
3823,4a91f9f26af2439384cc76fcc21bc0b1,남자,76,경기,4년제 대학교,마케팅 관리자,남성,8,70대이상,경기도,대졸
3824,d8d36729108041b39b74c15a800242e8,남자,82,강원,초등학교,무직,남성,8,70대이상,강원특별자치도,초졸이하
3825,661017f974444965afe3d7afcb99fec1,남자,73,대전,초등학교,무직,남성,8,70대이상,대전광역시,초졸이하
3826,f295caf17d3c4886a28bc1791639aa56,남자,77,경기,중학교,그 외 상점 판매원,남성,8,70대이상,경기도,중졸
3827,a4aa5605d7444ef5bde5fea68be71a93,남자,73,서울,고등학교,건물 경비원,남성,8,70대이상,서울특별시,고졸
3828,0227e0ca7fd7460fbcb1788cfb8b61a0,남자,83,전라남,무학,무직,남성,8,70대이상,전라남,무학
3829,6ad348a07879430490434abdf8d4a0eb,남자,81,경기,중학교,무직,남성,8,70대이상,경기도,중졸
3830,db8be2c9f156467dbbf6c44770201223,남자,79,경상북,초등학교,무직,남성,8,70대이상,경상북도,초졸이하
3831,6dfe3485e10a48e4a41b99fe096f89d2,남자,87,충청북,무학,무직,남성,8,70대이상,충청북,무학
3832,ac649ae1056041faa88bb085da3a48f6,남자,76,인천,초등학교,무직,남성,8,70대이상,인천광역시,초졸이하
3833,a9eb9ea9ebc34cb4ad9ecd3115f4112d,남자,72,부산,초등학교,건물 청소원,남성,8,70대이상,부산광역시,초졸이하
3834,a1b7d8344193480a80fc834497d17744,남자,79,경기,고등학교,무직,남성,8,70대이상,경기도,고졸
3835,4143da322409453b92385e37028aec1c,남자,79,경기,중학교,무직,남성,8,70대이상,경기도,중졸
3836,e84ff78d2eea40519e550fa79fff0354,남자,70,경상북,4년제 대학교,무직,남성,8,70대이상,경상북도,대졸
3837,bc43a69902ef42348bdf7c0e284526b4,남자,89,서울,4년제 대학교,무직,남성,8,70대이상,서울특별시,대졸
3838,e0da48007d9244c4974df279ae50512f,남자,89,경기,고등학교,보도블록 설치원,남성,8,70대이상,경기도,고졸
3839,c3be7fe159f64ecdbf90f0f53ac4d184,남자,76,서울,초등학교,구두 미화원,남성,8,70대이상,서울특별시,초졸이하
3840,00a40480d9e24b91a7bba1369c07fe4a,남자,77,서울,4년제 대학교,경리 사무원,남성,8,70대이상,서울특별시,대졸
3841,83d64d217cd74930a165bb4b9bc86994,남자,71,부산,고등학교,무직,남성,8,70대이상,부산광역시,고졸
3842,728a0df1933b428f84ebaed23d999cce,남자,74,경기,4년제 대학교,무직,남성,8,70대이상,경기도,대졸
3843,5493b9cf529c4872991cfdce6e0a32c6,남자,91,부산,초등학교,무직,남성,8,70대이상,부산광역시,초졸이하
3844,5881e1de430941a2abb0553b6b902200,남자,82,강원,중학교,무직,남성,8,70대이상,강원특별자치도,중졸
3845,0fdc51a25b0e48188e9836d72ec760a1,남자,74,경기,고등학교,시설 경비원,남성,8,70대이상,경기도,고졸
3846,fcee0ec3aec24bf790a855d49113720e,남자,84,전북,초등학교,하역 및 적재 관련 단순 종사원,남성,8,70대이상,전북특별자치도,초졸이하
3847,a74d325f1dea4ec3a4a65a9914513701,남자,94,경기,4년제 대학교,무직,남성,8,70대이상,경기도,대졸
3848,5057cde5a9e04ce9b74d5c2afb920b90,남자,83,부산,4년제 대학교,냉난방·공조공학 기술자 및 연구원,남성,8,70대이상,부산광역시,대졸
3849,73bdb1404fc7456a8fd214c7308207c8,남자,83,부산,초등학교,건물 경비원,남성,8,70대이상,부산광역시,초졸이하
3850,e786f37094314fbca4d4c77e7a4b81a5,남자,88,경기,고등학교,무직,남성,8,70대이상,경기도,고졸
3851,d2e88d8e074b4c25aab22115ae5c8ab5,남자,88,대전,중학교,시설 경비원,남성,8,70대이상,대전광역시,중졸
3852,0c40f3d4fc6b49dc8a61e4c162f6aac8,남자,87,충청남,무학,무직,남성,8,70대이상,충청남,무학
3853,d95237eea19146558c9615979dc71c89,남자,76,대전,초등학교,하역 및 적재 관련 단순 종사원,남성,8,70대이상,대전광역시,초졸이하
3854,17b17ecdee744fe9b237d73666bd6408,남자,83,경기,4년제 대학교,무직,남성,8,70대이상,경기도,대졸
3855,521c47e76598418382776b00fa4d63f7,남자,74,충청북,4년제 대학교,무직,남성,8,70대이상,충청북,대졸
3856,0061179286da40ae914272215d366fcf,남자,82,충청북,무학,무직,남성,8,70대이상,충청북,무학
3857,166c28824c0943ea8b3e34e8c9b5e12c,남자,73,전라남,초등학교,무직,남성,8,70대이상,전라남,초졸이하
3858,a7f610001e544e0bae60f58ce296c2f2,남자,71,경상북,고등학교,무직,남성,8,70대이상,경상북도,고졸
3859,49c00dfa360e46d1bbc80edef065547e,남자,75,서울,고등학교,건물 경비원,남성,8,70대이상,서울특별시,고졸
3860,17ba5ab8511043388e203c73eb1f1603,남자,78,경기,초등학교,건물 경비원,남성,8,70대이상,경기도,초졸이하
3861,55cc5026a24f46debbd9c6dd56ad0877,남자,77,울산,초등학교,건물 청소원,남성,8,70대이상,울산광역시,초졸이하
3862,1008c4e2f0e845d0991920d43596dc3b,남자,71,경기,초등학교,무직,남성,8,70대이상,경기도,초졸이하
3863,c32d365ebd2744fcaa2e45a04f97c05e,남자,88,서울,무학,무직,남성,8,70대이상,서울특별시,무학
3864,6a4ce582dd174ffd854fa9c5a5ff4d66,남자,73,경상북,고등학교,상담 전문가,남성,8,70대이상,경상북도,고졸
3865,da645d02f3404ff5a597b0af5d79c5b4,남자,80,경기,고등학교,무직,남성,8,70대이상,경기도,고졸
3866,2888e92d4740473eb3abe67fd096fd73,남자,75,전북,중학교,무직,남성,8,70대이상,전북특별자치도,중졸
3867,e50e70598d23419391fbc86978d6b833,남자,90,서울,중학교,무직,남성,8,70대이상,서울특별시,중졸
3868,3ceda70b76ec40bbaaea218bc31dc72c,남자,84,인천,고등학교,기업 대표이사,남성,8,70대이상,인천광역시,고졸
3869,0d4ea43fc9bf4952b390f0b6cd481a9d,남자,76,전라남,초등학교,무직,남성,8,70대이상,전라남,초졸이하
3870,ddcb23abf7d643c08f6a8c857253c2c0,남자,76,서울,4년제 대학교,부동산 감정 전문가,남성,8,70대이상,서울특별시,대졸
3871,dc39538fa74c41df91538d730cbbe228,남자,83,인천,4년제 대학교,무직,남성,8,70대이상,인천광역시,대졸
3872,baa880f48dd34f53a6fd8f1a256297a3,남자,71,전라남,고등학교,무직,남성,8,70대이상,전라남,고졸
3873,9d1a4a3467e446af8bdfa4b7f4c2b1c2,남자,85,전북,초등학교,무직,남성,8,70대이상,전북특별자치도,초졸이하
3874,5dbff1e96feb4b038a36d78164cca370,남자,71,인천,중학교,주방 보조원,남성,8,70대이상,인천광역시,중졸
3875,51fb8c43bff4405081ef6137aee17e25,남자,81,제주,초등학교,무직,남성,8,70대이상,제주특별자치도,초졸이하
3876,75a39b4a618545c68a07d418e4a4f95a,남자,80,서울,고등학교,무직,남성,8,70대이상,서울특별시,고졸
3877,3e440caebea543a9868f94534ab2fdb8,남자,73,서울,고등학교,전화 상담원,남성,8,70대이상,서울특별시,고졸
3878,aed25d5eede040be9b62e37ce9199cc6,남자,84,경기,무학,무직,남성,8,70대이상,경기도,무학
3879,314152ca5ffd4e288b3f47b44f484968,남자,84,충청북,4년제 대학교,무직,남성,8,70대이상,충청북,대졸
3880,9f5a684253ac4483b51939043bca60f3,남자,70,대구,2~3년제 전문대학,무직,남성,8,70대이상,대구광역시,전문대졸
3881,9be8174f7b4c4dc4b2a200f56079b01b,남자,88,충청북,무학,무직,남성,8,70대이상,충청북,무학
3882,152e7932106c4948b24eac6870d05224,남자,80,경기,초등학교,무직,남성,8,70대이상,경기도,초졸이하
3883,f1ee26fdb5c84455ad7da92d57447784,남자,79,충청북,4년제 대학교,무직,남성,8,70대이상,충청북,대졸
3884,96d2ecc5fc03445e889b88ba26a68928,남자,73,서울,고등학교,무직,남성,8,70대이상,서울특별시,고졸
3885,9ab1ba631d8f45b58debdcf8f7a5d9a6,남자,73,인천,4년제 대학교,무직,남성,8,70대이상,인천광역시,대졸
3886,1aaf5d477c42445c9e8d729485e5ecd4,남자,74,인천,고등학교,무직,남성,8,70대이상,인천광역시,고졸
3887,5ee4209b5ecd4e8bbf1e3b76863838e3,남자,73,대전,초등학교,그 외 청소원,남성,8,70대이상,대전광역시,초졸이하
3888,25c4c32c8d3f4689accc9f5801887394,남자,78,경기,초등학교,그 외 서비스 관련 단순 종사원,남성,8,70대이상,경기도,초졸이하
3889,32a4109e79304774aadde54897a1cd31,남자,88,인천,초등학교,무직,남성,8,70대이상,인천광역시,초졸이하
3890,7978319bdb47470497b1bc924774cf64,남자,75,광주,4년제 대학교,무직,남성,8,70대이상,광주광역시,대졸
3891,dfa1ca91852f458da1df36cddbb4f27a,남자,76,서울,무학,무직,남성,8,70대이상,서울특별시,무학
3892,56143bc5f0204ef8acf809ac6200699e,남자,78,서울,고등학교,무직,남성,8,70대이상,서울특별시,고졸
3893,247b5df50c8141dcbdb5fba34dcfad75,남자,81,부산,중학교,무직,남성,8,70대이상,부산광역시,중졸
3894,2fbf438685c743e3a765dae9f727a81c,남자,75,경기,고등학교,시설 경비원,남성,8,70대이상,경기도,고졸
3895,6c4917c9ff894ce7a932bdb4d17b3ff1,남자,80,광주,중학교,무직,남성,8,70대이상,광주광역시,중졸
3896,5d4c5683934a4071b0ab359fd7a9a7d8,남자,74,전북,중학교,무직,남성,8,70대이상,전북특별자치도,중졸
3897,f85f71eca3f343629a8f1a9a176988aa,남자,71,경상북,중학교,건물 청소원,남성,8,70대이상,경상북도,중졸
3898,3a88f434306c4d0cb638eb7feca8f85b,남자,83,경기,4년제 대학교,무직,남성,8,70대이상,경기도,대졸
3899,1bafded087b54e1c96478e0253f3e800,남자,74,강원,중학교,그 외 환경미화원 및 재활용품 수거원,남성,8,70대이상,강원특별자치도,중졸
3900,7e127ec80b844eca8eec0f12a3bdcd2b,남자,70,서울,4년제 대학교,무직,남성,8,70대이상,서울특별시,대졸
3901,799a4e2a688b4064a565edafe51755d8,남자,78,서울,4년제 대학교,무직,남성,8,70대이상,서울특별시,대졸
3902,9fdbe4f469c345e88281bde5a740ea49,남자,74,광주,고등학교,무직,남성,8,70대이상,광주광역시,고졸
3903,cfa1963b83fb45b3b58296fbac7ebb38,남자,80,부산,4년제 대학교,무직,남성,8,70대이상,부산광역시,대졸
3904,9ef66655914744d0866ee173bdb1aa24,남자,84,제주,무학,무직,남성,8,70대이상,제주특별자치도,무학
3905,1a522d5271444466a7abdaed3cabe8f4,남자,72,인천,고등학교,용접기 조작원,남성,8,70대이상,인천광역시,고졸
3906,31f1b10dc917460fa94ac423bff452a3,남자,73,서울,2~3년제 전문대학,무직,남성,8,70대이상,서울특별시,전문대졸
3907,c45d32ba1e7c424b870d3c74f77cd243,남자,71,대구,4년제 대학교,무직,남성,8,70대이상,대구광역시,대졸
3908,adf04f4c5aba432fa75c7fb23e6fee75,남자,74,울산,중학교,시설 경비원,남성,8,70대이상,울산광역시,중졸
3909,7d3441573c2c4d90b29cbb40ecc24417,남자,73,대전,대학원,무직,남성,8,70대이상,대전광역시,대학원졸
3910,b2702ba8163a433d9b08fc062a0a011f,남자,73,광주,초등학교,무직,남성,8,70대이상,광주광역시,초졸이하
3911,3a4478bc700b435bad6cc960ca823d71,남자,78,울산,중학교,무직,남성,8,70대이상,울산광역시,중졸
3912,35a0a215f8f9450f8d5c82033e2add94,남자,70,서울,고등학교,무직,남성,8,70대이상,서울특별시,고졸
3913,f3cd08956add48138c16c02f4cbe5d9a,남자,71,서울,고등학교,무직,남성,8,70대이상,서울특별시,고졸
3914,db95123b99a34496a67c154a19e7bfa6,남자,73,강원,중학교,무직,남성,8,70대이상,강원특별자치도,중졸
3915,4587e264ce5c40059f51ded985cb34a4,남자,87,부산,초등학교,무직,남성,8,70대이상,부산광역시,초졸이하
3916,34858167099c487f9d398b4dfef21ac6,남자,72,서울,고등학교,무직,남성,8,70대이상,서울특별시,고졸
3917,0df77c6c003d423fa123681960c26d4c,남자,84,서울,무학,그 외 택배원,남성,8,70대이상,서울특별시,무학
3918,0973f8d82d134461b8703442311f5070,남자,85,서울,중학교,노점 및 이동 판매원,남성,8,70대이상,서울특별시,중졸
3919,a17f7f9e9ce54eee8e536ed771f606b5,남자,71,대전,4년제 대학교,안과 및 이비인후과 전문 의사,남성,8,70대이상,대전광역시,대졸
3920,1ea8a7b4141644018fdf4b0a5257ef79,남자,82,부산,고등학교,무직,남성,8,70대이상,부산광역시,고졸
3921,abef18cabbcb4f8698cf845dd91bfccb,남자,73,충청북,고등학교,건물 경비원,남성,8,70대이상,충청북,고졸
3922,51061065a4ee4a07917db0c5cf2a28a2,남자,82,서울,초등학교,무직,남성,8,70대이상,서울특별시,초졸이하
3923,23def5dabb9143d3b4a5fe4e79bbdb20,남자,72,경상남,초등학교,무직,남성,8,70대이상,경상남도,초졸이하
3924,5d5f99ab4ca34cf297bf1496ad6039a2,남자,70,충청남,중학교,그 외 판매 관련 단순 종사원,남성,8,70대이상,충청남,중졸
3925,5e0bb900e31f46daa86d1be0f46e9622,남자,76,경상북,초등학교,무직,남성,8,70대이상,경상북도,초졸이하
3926,000269404d114be8b0b14bb622d59571,남자,83,강원,고등학교,무직,남성,8,70대이상,강원특별자치도,고졸
3927,926c04920495428cb671fd03f84eedec,남자,79,경상북,중학교,무직,남성,8,70대이상,경상북도,중졸
3928,7189f8dacbef422a887d5b9996c46eb9,남자,71,인천,중학교,무직,남성,8,70대이상,인천광역시,중졸
3929,422305c2cfdb40fdb7f242994ee4e82c,남자,72,경기,중학교,무직,남성,8,70대이상,경기도,중졸
3930,1e9ee589eebf4aaa84c76bd4633bcf89,남자,70,경기,중학교,무직,남성,8,70대이상,경기도,중졸
3931,e03e18cf1509404480181ec372830225,남자,70,서울,고등학교,문학작가,남성,8,70대이상,서울특별시,고졸
3932,4406bbc88ccc452da82db1f5d54e4186,남자,71,인천,중학교,건물 경비원,남성,8,70대이상,인천광역시,중졸
3933,f6e42792220843b6926c219ac71c5373,남자,82,경상북,고등학교,무직,남성,8,70대이상,경상북도,고졸
3934,4c385770b7564582bba142c6c2053615,남자,75,경기,4년제 대학교,무직,남성,8,70대이상,경기도,대졸
3935,b150f6897c7f4596b052672f2c4871c1,남자,72,경기,고등학교,그 외 건축 마감 관련 기능 종사원,남성,8,70대이상,경기도,고졸
3936,36f8bef8505b4d4eb5300f381113de0f,남자,77,세종,고등학교,총무 사무원,남성,8,70대이상,세종특별자치시,고졸
3937,4df7de0e23dd4c5f8515912170f0a9d0,남자,72,경기,고등학교,단열공,남성,8,70대이상,경기도,고졸
3938,6e98ea73a04b46a5be1ea156a046dedb,남자,83,경기,초등학교,건물 경비원,남성,8,70대이상,경기도,초졸이하
3939,62a4c7523da24281a6a8e3f1ca4de96c,남자,71,부산,대학원,전자제품 개발 기술자 및 연구원,남성,8,70대이상,부산광역시,대학원졸
3940,df80283638d14577b2cabe6367071837,남자,71,서울,4년제 대학교,무직,남성,8,70대이상,서울특별시,대졸
3941,2c03f80d00be45c29421838ee4ea3f68,남자,80,경상북,초등학교,무직,남성,8,70대이상,경상북도,초졸이하
3942,ce30773e7c234d5b8ae644658e0c32ba,남자,73,울산,고등학교,가스 배관공,남성,8,70대이상,울산광역시,고졸
3943,41bce26a27fe48f48f4e5debbb0dcf73,남자,80,경기,4년제 대학교,자재 및 구매 관리자,남성,8,70대이상,경기도,대졸
3944,199cd21295d8485d978119ead9c789d5,남자,75,대전,고등학교,무직,남성,8,70대이상,대전광역시,고졸
3945,d994cb9b85e14cf3b0bd4d10bc101a37,남자,88,서울,초등학교,무직,남성,8,70대이상,서울특별시,초졸이하
3946,762bd5def7d84c35aadb08f7cbfb3d81,남자,73,경기,4년제 대학교,전화 상담원,남성,8,70대이상,경기도,대졸
3947,7272cdca99524e11ab991f9059796ffa,남자,76,경상남,고등학교,무직,남성,8,70대이상,경상남도,고졸
3948,963fccc0d44142be9c7e0738c68c22d3,남자,79,전북,고등학교,무직,남성,8,70대이상,전북특별자치도,고졸
3949,753fa89b4aff42eba34a11dc26196034,남자,74,경기,초등학교,건물 경비원,남성,8,70대이상,경기도,초졸이하
3950,b27c10ecdd9348d493a911dabebf2d49,남자,72,광주,고등학교,무직,남성,8,70대이상,광주광역시,고졸
3951,6c281dfc8cfd49b296109fc04fde19a4,남자,84,인천,대학원,경영 컨설턴트,남성,8,70대이상,인천광역시,대학원졸
3952,803648ba1b3f41bbb4e8b42eb45bcb5e,남자,70,부산,대학원,무직,남성,8,70대이상,부산광역시,대학원졸
3953,bbaf7d10229b434c8226ce0201c9e861,남자,75,경기,중학교,건물 경비원,남성,8,70대이상,경기도,중졸
3954,ef847847c3e440b78a361a2fd1fc1b1f,남자,78,경상북,고등학교,경리 사무원,남성,8,70대이상,경상북도,고졸
3955,3eb3dbd639f844afa0d1eaec0b38ac97,남자,72,인천,초등학교,무직,남성,8,70대이상,인천광역시,초졸이하
3956,a1dd131655584e4580d3dbe01b111bff,남자,83,충청남,무학,무직,남성,8,70대이상,충청남,무학
3957,012b4e38bee944ebae993cf53d1bcd17,남자,79,강원,대학원,경영 기획 사무원,남성,8,70대이상,강원특별자치도,대학원졸
3958,f7265a402fc44b0f9f614f0c0659ec50,남자,74,제주,4년제 대학교,관리 비서,남성,8,70대이상,제주특별자치도,대졸
3959,9a539e5e509648fd800d87e44abbdad0,남자,80,강원,고등학교,무직,남성,8,70대이상,강원특별자치도,고졸
3960,ced35cb1b3a54aedac3ce14a2c838686,남자,78,서울,대학원,전기 감리 기술자 및 연구원,남성,8,70대이상,서울특별시,대학원졸
3961,f57eac33fca74b4ead6050a7348b4f44,남자,81,경기,고등학교,무직,남성,8,70대이상,경기도,고졸
3962,7c1c78091159435cb2a9bccf00960353,남자,80,충청남,중학교,무직,남성,8,70대이상,충청남,중졸
3963,c8fc1e85dc5c4c17a082eb7604f66184,남자,82,강원,고등학교,무직,남성,8,70대이상,강원특별자치도,고졸
3964,906649dc34a94189a0509b00aee96238,남자,72,경상남,고등학교,매장 정리원,남성,8,70대이상,경상남도,고졸
3965,0b91913f51514719a35dc7d9e50d3c55,남자,82,경상북,초등학교,무직,남성,8,70대이상,경상북도,초졸이하
3966,c6e2ecbcf9a741f4a1c8867ce786af4e,남자,76,충청북,초등학교,무직,남성,8,70대이상,충청북,초졸이하
3967,73470996184a47b4bf7f0d34e5a66a3d,남자,80,경기,4년제 대학교,무직,남성,8,70대이상,경기도,대졸
3968,c96a7897fe824879b2ec208c286cdccb,남자,78,서울,4년제 대학교,공공행정 전문가,남성,8,70대이상,서울특별시,대졸
3969,6b12e9770f954394849dc45ab290696c,남자,76,광주,초등학교,무직,남성,8,70대이상,광주광역시,초졸이하
3970,36f8bef8505b4d4eb5300f381113de0f,남자,77,세종,고등학교,총무 사무원,남성,8,70대이상,세종특별자치시,고졸
3971,949bcd1ef0ab40d1a72e542020fa9079,남자,74,대전,중학교,무직,남성,8,70대이상,대전광역시,중졸
3972,162c4d29c03747fa8a8e065c93796c5e,남자,75,경상남,초등학교,무직,남성,8,70대이상,경상남도,초졸이하
3973,b843601dc4674aeb8ddb83805e877105,남자,86,서울,고등학교,무직,남성,8,70대이상,서울특별시,고졸
3974,b7b00a7891b641538a315b19064f431d,남자,73,서울,초등학교,무직,남성,8,70대이상,서울특별시,초졸이하
3975,c84c9336a71b432988a8243365440653,남자,73,전북,초등학교,건물 경비원,남성,8,70대이상,전북특별자치도,초졸이하
3976,734e7840bc414d3d9110dd519e9c3d29,남자,70,인천,중학교,그 외 하역 및 적재 단순 종사원,남성,8,70대이상,인천광역시,중졸
3977,1aee6d02841e4c4bbedf86d1bc76511d,남자,74,경기,고등학교,건물 경비원,남성,8,70대이상,경기도,고졸
3978,ac3b6ecd29d040a5ad38438b43d9baee,남자,74,서울,초등학교,무직,남성,8,70대이상,서울특별시,초졸이하
3979,f518c2f18be54e31af44ca82de71af9c,남자,81,광주,초등학교,무직,남성,8,70대이상,광주광역시,초졸이하
3980,c621a8a6c8cd44d5a810a98e3a0eee52,남자,81,경기,고등학교,무직,남성,8,70대이상,경기도,고졸
3981,f0a52cc546354215be34242708e1c254,남자,82,경기,4년제 대학교,무직,남성,8,70대이상,경기도,대졸
3982,8c1d9e88809d4e07afc70a8f9f1ea77f,남자,78,인천,중학교,무직,남성,8,70대이상,인천광역시,중졸
3983,0a093b5dad2743ec9f31e5a8e1b67c08,남자,72,전라남,무학,무직,남성,8,70대이상,전라남,무학
3984,fec6a5c8af934ea79c7ee0feffc41cb4,남자,94,충청북,무학,무직,남성,8,70대이상,충청북,무학
3985,ac5c698bf7f4458d96be1741225e7898,남자,86,경기,4년제 대학교,무직,남성,8,70대이상,경기도,대졸
3986,d4642d8278f342d79e50c8e8bc4cf85c,남자,76,대구,중학교,무직,남성,8,70대이상,대구광역시,중졸
3987,df898e61adf842fc9f76791de594830f,남자,83,서울,4년제 대학교,무직,남성,8,70대이상,서울특별시,대졸
3988,85f4697b02c14d9ea8095e503578f649,남자,76,인천,초등학교,그 외 하역 및 적재 단순 종사원,남성,8,70대이상,인천광역시,초졸이하
3989,ea02d90d498342a8b09a02121cee73a9,남자,75,경기,초등학교,그 외 서비스 관련 단순 종사원,남성,8,70대이상,경기도,초졸이하
3990,5eca0130e3e2409abce13b0b8ab16007,남자,80,경상남,초등학교,무직,남성,8,70대이상,경상남도,초졸이하
3991,4b67cb0689c645958fb59a28961c4eff,남자,70,경상북,고등학교,건물 경비원,남성,8,70대이상,경상북도,고졸
3992,0aa03f7028964856ac1515ec2c0f2319,남자,73,전라남,고등학교,노점 및 이동 판매원,남성,8,70대이상,전라남,고졸
3993,17b4c8da9e614e9d89924523c0be374c,남자,74,울산,중학교,건물 경비원,남성,8,70대이상,울산광역시,중졸
3994,475e9be4bb7442d4a6b72cd42661526d,남자,88,대구,무학,무직,남성,8,70대이상,대구광역시,무학
3995,d79a843172694a638612e2b84dbda10f,남자,73,충청남,중학교,산불 감시원,남성,8,70대이상,충청남,중졸
3996,7f0d5d31871641b3ac60757d5ec20a9f,남자,72,부산,4년제 대학교,무직,남성,8,70대이상,부산광역시,대졸
3997,1291572ffce84dbcac613d84a6e5c164,남자,85,부산,중학교,무직,남성,8,70대이상,부산광역시,중졸
3998,0f11a27fb35c40fdbc3947be0105d1ef,남자,72,충청남,중학교,시설 경비원,남성,8,70대이상,충청남,중졸
3999,c8309137a8354e63a631ab1c9350cad7,남자,75,서울,고등학교,무직,남성,8,70대이상,서울특별시,고졸
4000,5c7cfd3a06a149a3a08ace72faec5297,남자,77,경기,고등학교,용접기 조작원,남성,8,70대이상,경기도,고졸
4001,ebade469cade4380bf140e31a0f5f70d,남자,76,경기,초등학교,무직,남성,8,70대이상,경기도,초졸이하
4002,18c9f74851fc4445b510cb35153982ca,남자,73,서울,고등학교,노점 및 이동 판매원,남성,8,70대이상,서울특별시,고졸
4003,b72baadfed4349d6be42b1f468b9060a,남자,83,부산,4년제 대학교,무직,남성,8,70대이상,부산광역시,대졸
4004,2a872f1e2be1484da5f2af023a04502f,남자,76,경기,중학교,무직,남성,8,70대이상,경기도,중졸
4005,7a62f4dd299d48e680688fdec8f71e28,남자,76,경기,초등학교,무직,남성,8,70대이상,경기도,초졸이하
4006,d34b8a642dec43e4b13f4330af408f37,남자,81,서울,4년제 대학교,무직,남성,8,70대이상,서울특별시,대졸
4007,c34ea2820c4a4ad584afe21612575f3f,남자,70,부산,중학교,무직,남성,8,70대이상,부산광역시,중졸
4008,455812d19b3a4b01acf90586dd98ce39,남자,87,서울,초등학교,그 외 택배원,남성,8,70대이상,서울특별시,초졸이하
4009,641f75061e214a3a92bd740108e11031,남자,83,강원,4년제 대학교,무직,남성,8,70대이상,강원특별자치도,대졸
4010,472993c1b837418bbfe2e29e4254cd74,남자,80,부산,고등학교,무직,남성,8,70대이상,부산광역시,고졸
4011,87b210ca231b418a8d88fcf912bf40ee,남자,74,강원,4년제 대학교,무직,남성,8,70대이상,강원특별자치도,대졸
4012,d7cfde61e7a1442fa78cd8c394bfbabd,남자,79,광주,고등학교,지게차 운전원,남성,8,70대이상,광주광역시,고졸
4013,01a6513b436a48abbeacedad18703461,남자,84,경상북,고등학교,시설 경비원,남성,8,70대이상,경상북도,고졸
4014,2de0b0cd185144399df99aa28521a3c6,남자,71,경상남,중학교,무직,남성,8,70대이상,경상남도,중졸
4015,5189a76bebe447f6bde0ae2559ad4302,남자,71,충청남,초등학교,무직,남성,8,70대이상,충청남,초졸이하
4016,d420531abcde4dfb845fd4b0d07cc2c1,남자,77,부산,초등학교,무직,남성,8,70대이상,부산광역시,초졸이하
4017,7b8a6ba62f0f49f9ab4645c4177305e8,남자,75,전북,초등학교,그 외 제조 관련 단순 종사원,남성,8,70대이상,전북특별자치도,초졸이하
4018,07e1dbdfe7f84769ba7589231496002f,남자,74,서울,고등학교,무직,남성,8,70대이상,서울특별시,고졸
4019,66dc04107c0748da83f991cb7078b414,남자,76,서울,4년제 대학교,부동산 감정 전문가,남성,8,70대이상,서울특별시,대졸
4020,5bf30d1727264eb6bd751653b116457a,남자,73,서울,고등학교,"전직 노점 및 이동 판매원, 현재 구직중",남성,8,70대이상,서울특별시,고졸
4021,08d87bc304c147859cf7c65c2a4dd3f8,남자,74,대구,대학원,무직,남성,8,70대이상,대구광역시,대학원졸
4022,6585dc0f5b764644a6dab40bfde06398,남자,72,경상북,중학교,무직,남성,8,70대이상,경상북도,중졸
4023,cee0038146284f6abb8bd14f7cc39da2,남자,80,경상북,초등학교,건물 경비원,남성,8,70대이상,경상북도,초졸이하
4024,ff20adc3632e4f1dbf509cc27f3e8177,남자,84,경기,초등학교,무직,남성,8,70대이상,경기도,초졸이하
4025,220af523e8234c5280b5ff8791174ea1,남자,70,서울,4년제 대학교,국가행정 사무원,남성,8,70대이상,서울특별시,대졸
4026,ffa93c957d224456891bd9a7e24a8924,남자,79,경기,고등학교,건물 경비원,남성,8,70대이상,경기도,고졸
4027,9b3aa389ed8f4c43b4b1b567a3957ffd,남자,84,경기,중학교,그 외 바닥재 시공원,남성,8,70대이상,경기도,중졸
4028,37c60892f9964cbbbe1c95079cc6f982,남자,77,전북,초등학교,무직,남성,8,70대이상,전북특별자치도,초졸이하
4029,2842299025de412dbd07d8ff8e843039,남자,83,충청남,초등학교,무직,남성,8,70대이상,충청남,초졸이하
4030,1012dd917b514818b3eae823dd96e25a,남자,88,서울,중학교,무직,남성,8,70대이상,서울특별시,중졸
4031,8cec37acdad34390b998af20f37e31dd,남자,80,경상북,고등학교,무직,남성,8,70대이상,경상북도,고졸
4032,3628629ae62a4fa696f0d1285f6e29aa,남자,74,경기,고등학교,그 외 물품 이동 장비 조작원,남성,8,70대이상,경기도,고졸
4033,a36ff7532baf4161885a5e4894f0b63c,남자,77,전라남,초등학교,그 외 하역 및 적재 단순 종사원,남성,8,70대이상,전라남,초졸이하
4034,fe7fb439d4684d5ea9372ebd539dd3cc,남자,70,인천,초등학교,무직,남성,8,70대이상,인천광역시,초졸이하
4035,e436310835574cf19f8c87fd82eb25d0,남자,75,강원,무학,하역 및 적재 관련 단순 종사원,남성,8,70대이상,강원특별자치도,무학
4036,02a8369c0c694ef4940ca04933fc2968,남자,84,서울,초등학교,무직,남성,8,70대이상,서울특별시,초졸이하
4037,9009a55e5ca04ffcb9a4139cff012ac2,남자,72,서울,4년제 대학교,무직,남성,8,70대이상,서울특별시,대졸
4038,a2d8c51252c640e0ad646c9b05968159,남자,70,경상남,초등학교,하역 및 적재 관련 단순 종사원,남성,8,70대이상,경상남도,초졸이하
4039,63565c713a4a4f408a3b7a3f794ae65b,남자,71,경상남,고등학교,무직,남성,8,70대이상,경상남도,고졸
4040,fca59288fce44cefb3d61724db1bb371,남자,82,충청북,4년제 대학교,무직,남성,8,70대이상,충청북,대졸
4041,640df150420d43aba8e8a31d3b71d717,남자,73,전라남,초등학교,하역 및 적재 관련 단순 종사원,남성,8,70대이상,전라남,초졸이하
4042,852bf1fa06a240d4875aa007a0faa3c6,남자,73,전북,4년제 대학교,무직,남성,8,70대이상,전북특별자치도,대졸
4043,64c15947b93c4c989a3c4a54a2992b5f,남자,88,서울,고등학교,경·소형 화물차 운전원,남성,8,70대이상,서울특별시,고졸
4044,c413fccb3e634d23b0dc36c92444c2be,남자,70,서울,고등학교,무직,남성,8,70대이상,서울특별시,고졸
4045,9d197bc15f274f478627a77673af5e80,남자,71,경기,고등학교,무직,남성,8,70대이상,경기도,고졸
4046,e89e043325ce42f48a8377fb4399cf00,남자,78,경기,고등학교,이삿짐 운반원,남성,8,70대이상,경기도,고졸
4047,3756482e76124f1e9ffe9026c6aa98ba,남자,75,경기,고등학교,그 외 자동차 운전원,남성,8,70대이상,경기도,고졸
4048,909951e77be64a8a91169e752021c421,남자,77,충청북,무학,그 외 서비스 관련 단순 종사원,남성,8,70대이상,충청북,무학
4049,5491878570a34edf97db1f5e6f40ea76,남자,75,경기,초등학교,구두 미화원,남성,8,70대이상,경기도,초졸이하
4050,13c0bcafd925466cba600f9b9dba7464,남자,83,전라남,4년제 대학교,무직,남성,8,70대이상,전라남,대졸
4051,3b6a5e4894114e51838df8f40f648869,남자,91,경상북,초등학교,무직,남성,8,70대이상,경상북도,초졸이하
4052,20348ea773f640b9ac27df415543d893,남자,79,부산,4년제 대학교,무직,남성,8,70대이상,부산광역시,대졸
4053,b477a31fd2ea40dd8dccc9e7923ee030,남자,80,서울,초등학교,무직,남성,8,70대이상,서울특별시,초졸이하
4054,763cb7da81794ef0902e9fbea518409e,남자,80,경상북,무학,무직,남성,8,70대이상,경상북도,무학
4055,fd1578f2c94d459193b5aac2b98bc071,남자,78,대구,4년제 대학교,무직,남성,8,70대이상,대구광역시,대졸
4056,65712376db214201a36afe1cd499c57c,남자,88,충청북,초등학교,무직,남성,8,70대이상,충청북,초졸이하
4057,70aec4889e094019b4b414446da43b92,남자,74,경기,중학교,시설 경비원,남성,8,70대이상,경기도,중졸
4058,6266454c39cc44f385b419afe378ddd5,남자,79,전북,무학,건물 청소원,남성,8,70대이상,전북특별자치도,무학
4059,523070dc3f9142e3912b7d12c0020434,남자,78,경기,고등학교,무직,남성,8,70대이상,경기도,고졸
4060,e5718a2e14be4a8589f52366a3086a85,남자,79,경기,중학교,무직,남성,8,70대이상,경기도,중졸
4061,9f1dd1e61b634d0d876d06cb53691a1f,남자,73,서울,중학교,그 외 기계 조작원,남성,8,70대이상,서울특별시,중졸
4062,905e13d4b46e44a5b679b92b44a56ebf,남자,76,서울,4년제 대학교,무직,남성,8,70대이상,서울특별시,대졸
4063,f7fc1ecfb02a4432988043642a38ff52,남자,90,경기,4년제 대학교,무직,남성,8,70대이상,경기도,대졸
4064,dd04110d718b4ec6b7dc55fef11fd201,남자,86,부산,고등학교,무직,남성,8,70대이상,부산광역시,고졸
4065,fb8f4888db574a22bc6b37501245a085,남자,71,경기,고등학교,형틀 목공,남성,8,70대이상,경기도,고졸
4066,2a08dab0d68d46fa89f1952bab6762ac,남자,77,경기,초등학교,무직,남성,8,70대이상,경기도,초졸이하
4067,86eed9280af046fd853f5361ddb87f10,남자,72,전라남,중학교,무직,남성,8,70대이상,전라남,중졸
4068,73cc0ad612294c81af6b1f64514c9726,남자,70,전라남,2~3년제 전문대학,산업 안전원,남성,8,70대이상,전라남,전문대졸
4069,53c55f00fe784994b216db8869de6e2b,남자,78,경기,고등학교,경비 관련 관리자,남성,8,70대이상,경기도,고졸
4070,2f167d52293f4d6281970e3e3f352e1c,남자,73,광주,대학원,무직,남성,8,70대이상,광주광역시,대학원졸
4071,8aaea0cb08014983a08463277bf9205f,남자,78,전북,초등학교,무직,남성,8,70대이상,전북특별자치도,초졸이하
4072,97951a30cc31477089ab4636e47aa974,남자,85,경기,4년제 대학교,그 외 전기공학 기술자 및 연구원,남성,8,70대이상,경기도,대졸
4073,899591d888b34217bffc7f227d42a612,남자,79,강원,고등학교,무직,남성,8,70대이상,강원특별자치도,고졸
4074,886011458cf3492b834c33af47e4ba8c,남자,73,경기,중학교,건물 해체원,남성,8,70대이상,경기도,중졸
4075,bb3fe9f0265f4d01ae871d1329d1522f,남자,79,경상북,초등학교,무직,남성,8,70대이상,경상북도,초졸이하
4076,25871261f63b4ec1bae0dba3b1ede382,남자,75,대전,중학교,건물 경비원,남성,8,70대이상,대전광역시,중졸
4077,7ceaa34303814c19835a45e7259b2fcd,남자,74,경기,4년제 대학교,관리 비서,남성,8,70대이상,경기도,대졸
4078,8c913c29d67b4d8d8104ce5ea7c1d8f5,여자,19,인천,고등학교,무직,여성,2,10대,인천광역시,고졸
4079,3fc470230682480bbcb4d1f77a2c46e1,여자,19,대구,고등학교,무직,여성,2,10대,대구광역시,고졸
4080,066eae8b9bd5420fa43954408ec78b17,여자,19,서울,고등학교,무직,여성,2,10대,서울특별시,고졸
4081,e5881dd87996449f8fb8b2256c1986da,여자,19,서울,고등학교,무직,여성,2,10대,서울특별시,고졸
4082,b64e83d9fa3247edb5627a7012c4e9cd,여자,19,충청남,고등학교,무직,여성,2,10대,충청남,고졸
4083,4af1c1f36ce1492c9345956d9f7e544c,여자,19,서울,고등학교,무직,여성,2,10대,서울특별시,고졸
4084,146dde2b0e47438187776903cd640bd0,여자,19,경기,고등학교,무직,여성,2,10대,경기도,고졸
4085,c200d3071d40449e88bd9d43cbd6587a,여자,19,경상북,고등학교,무직,여성,2,10대,경상북도,고졸
4086,04895c8dc18e4ee693d801c90a16640d,여자,19,전라남,중학교,무직,여성,2,10대,전라남,중졸
4087,6470dc04b4c14ff8be059fb7f357b27f,여자,19,경기,고등학교,무직,여성,2,10대,경기도,고졸
4088,e89f7207ab41494d9249e7a1b455e71b,여자,19,전북,고등학교,무직,여성,2,10대,전북특별자치도,고졸
4089,91019daf49004c46b52834ef1b619733,여자,19,경기,고등학교,무직,여성,2,10대,경기도,고졸
4090,e8e9edd69e82438db8247db4f916292f,여자,19,광주,고등학교,무직,여성,2,10대,광주광역시,고졸
4091,f9efe45dddd04ba7af5976fcd1fa7664,여자,19,충청북,무학,무직,여성,2,10대,충청북,무학
4092,8606cee05bcd4c6ebab8fc4a0a48d46f,여자,19,경상남,고등학교,무직,여성,2,10대,경상남도,고졸
4093,30173b117ff34591a8e171df409f4fc7,여자,19,경기,고등학교,무직,여성,2,10대,경기도,고졸
4094,7091a32e70e3442995781ff26bbbff8d,여자,19,광주,고등학교,무직,여성,2,10대,광주광역시,고졸
4095,1b5913ea15b745c2a279770a58e32d9d,여자,19,경기,고등학교,경리 사무원,여성,2,10대,경기도,고졸
4096,4710067c78ce4af68a98e2cd2d2f7dfc,여자,19,서울,중학교,무직,여성,2,10대,서울특별시,중졸
4097,0122ab655c964d3da594aeb49934a268,여자,19,광주,고등학교,무직,여성,2,10대,광주광역시,고졸
4098,e42dfe8ded9e4500b11c056130688e4e,여자,19,경기,고등학교,무직,여성,2,10대,경기도,고졸
4099,12b4732b3b39476cb30adcf6cbe24647,여자,19,경기,고등학교,무직,여성,2,10대,경기도,고졸
4100,779f5b03a685425d978531e5408ed7a0,여자,19,전북,고등학교,무직,여성,2,10대,전북특별자치도,고졸
4101,7d4f3c3a0ed44a039267534a503744b7,여자,19,서울,고등학교,무직,여성,2,10대,서울특별시,고졸
4102,e2057e185ff34304be7485969bcce5de,여자,19,서울,고등학교,경영 컨설턴트,여성,2,10대,서울특별시,고졸
4103,b3e348be28264ac39fd14c343549de54,여자,19,부산,고등학교,무직,여성,2,10대,부산광역시,고졸
4104,d3a807753bd549ff88748de073874009,여자,19,서울,고등학교,무직,여성,2,10대,서울특별시,고졸
4105,f9f432abec364203a5792f74e00c1183,여자,19,충청북,고등학교,무직,여성,2,10대,충청북,고졸
4106,bb23fb5abcf14916a437837ffea26aa1,여자,19,경기,고등학교,무직,여성,2,10대,경기도,고졸
4107,9e637d6efa8d4e6996b381eb747dcc85,여자,19,경상북,고등학교,무직,여성,2,10대,경상북도,고졸
4108,90fdc11f76d5443ba1edd763b7bfd2b2,여자,19,울산,중학교,무직,여성,2,10대,울산광역시,중졸
4109,8a8aa7d4a360413698bc496deec27032,여자,19,광주,중학교,무직,여성,2,10대,광주광역시,중졸
4110,fb44c4cf8f89430c9d75644ab1ab4e0d,여자,19,서울,고등학교,무직,여성,2,10대,서울특별시,고졸
4111,d1279c073b62416994aadbe49be85547,여자,19,경기,고등학교,무직,여성,2,10대,경기도,고졸
4112,95cc421890be420abb00486cfa97f93d,여자,19,전북,고등학교,무직,여성,2,10대,전북특별자치도,고졸
4113,ef1164afec2c4d429a97b81b849ed022,여자,19,부산,고등학교,무직,여성,2,10대,부산광역시,고졸
4114,2ba0ce151fcf4aca88bc22ac2ade7f64,여자,19,인천,고등학교,무직,여성,2,10대,인천광역시,고졸
4115,877879cafd524d07aae2abd54fe425ff,여자,19,전북,중학교,무직,여성,2,10대,전북특별자치도,중졸
4116,b4d11aa61a65463f94e40ce1e4370fb3,여자,19,서울,고등학교,무직,여성,2,10대,서울특별시,고졸
4117,a41157a29be7474ea7b8c0bfa0e5b17d,여자,19,경상북,고등학교,무직,여성,2,10대,경상북도,고졸
4118,3231a1c0efce4d5d933cdee529835f3b,여자,19,광주,고등학교,무직,여성,2,10대,광주광역시,고졸
4119,c27b9dcdb78f4006bd965aea7cf4ed83,여자,19,인천,고등학교,무직,여성,2,10대,인천광역시,고졸
4120,237a077aa92d4a6fa4a488635b9c856d,여자,19,경상남,중학교,무직,여성,2,10대,경상남도,중졸
4121,941feca1265f47aebc54cd9f34dd34f4,여자,19,강원,고등학교,무직,여성,2,10대,강원특별자치도,고졸
4122,f27be23cd1a74a888726e3c7d9d55f73,여자,19,경기,고등학교,무직,여성,2,10대,경기도,고졸
4123,771ec5a3bc0642c88ac2f0639a9aafbd,여자,19,제주,고등학교,무직,여성,2,10대,제주특별자치도,고졸
4124,59fd320332f04394b714f023bf1eb20f,여자,19,대전,고등학교,무직,여성,2,10대,대전광역시,고졸
4125,4413b70ee19d4bdb9dafba0f49dd16bb,여자,19,경상북,고등학교,무직,여성,2,10대,경상북도,고졸
4126,efbd7017ab0a480a8a90edf351181d20,여자,19,전북,고등학교,무직,여성,2,10대,전북특별자치도,고졸
4127,82b6201b306841268e3957b17cc5b4af,여자,19,경기,고등학교,무직,여성,2,10대,경기도,고졸
4128,e6b27803f2574319b79261f6910b33be,여자,19,경상북,고등학교,"전직 그 외 자동차 운전원, 현재 구직중",여성,2,10대,경상북도,고졸
4129,bdd2b1b1050f4e97b2d01296a893530d,여자,19,울산,고등학교,무직,여성,2,10대,울산광역시,고졸
4130,066181ed5d68482eb88a09a82399417f,여자,19,경기,고등학교,무직,여성,2,10대,경기도,고졸
4131,f6d2f636a9a54e9e803376bbab6f84b8,여자,19,경기,고등학교,무직,여성,2,10대,경기도,고졸
4132,f63d4a8289874bdf8da330ae94d9d73d,여자,19,경기,고등학교,무직,여성,2,10대,경기도,고졸
4133,ae64883db98e4ef99206f5d22471eda0,여자,19,세종,고등학교,무직,여성,2,10대,세종특별자치시,고졸
4134,1ed4c025b19e4faaa8ab520d96a37e6c,여자,19,서울,고등학교,무직,여성,2,10대,서울특별시,고졸
4135,32dc630e2eab48c981ba5c8a2e8daac2,여자,19,울산,고등학교,무직,여성,2,10대,울산광역시,고졸
4136,0259fbc651d64843910aea1b437a88f3,여자,19,대구,고등학교,경리 사무원,여성,2,10대,대구광역시,고졸
4137,b12c382b8f2c4fe2a222a833eb35ec7b,여자,19,강원,고등학교,무직,여성,2,10대,강원특별자치도,고졸
4138,ffeb328d2a174e8d80074c19c1628379,여자,19,인천,고등학교,무직,여성,2,10대,인천광역시,고졸
4139,fb93dcef6fb04b56811aedc48784d50c,여자,19,전라남,고등학교,무직,여성,2,10대,전라남,고졸
4140,52de0e7ad79547e29c712030d777901c,여자,19,서울,고등학교,무직,여성,2,10대,서울특별시,고졸
4141,86ce656686794e5b8bbccd03fe48db6f,여자,19,대전,고등학교,무직,여성,2,10대,대전광역시,고졸
4142,c29d234e308d4838b85b57e2a3d1b51a,여자,19,서울,고등학교,무직,여성,2,10대,서울특별시,고졸
4143,979e4e5a145c45548f2f8bef67f39213,여자,19,경기,고등학교,무직,여성,2,10대,경기도,고졸
4144,888c7d509ab446f389bf9cb385b3446c,여자,19,충청남,고등학교,무직,여성,2,10대,충청남,고졸
4145,a4f2ef8cffce40b9a3e6dc8947516003,여자,19,서울,고등학교,무직,여성,2,10대,서울특별시,고졸
4146,97fc5b37a4c04a1d9e5bc37065ea6f43,여자,19,충청북,고등학교,한식 조리사,여성,2,10대,충청북,고졸
4147,ed41236a020c42888b7135b027571c04,여자,19,경기,중학교,무직,여성,2,10대,경기도,중졸
4148,86099315b28049ad83e9485406813e29,여자,19,서울,고등학교,무직,여성,2,10대,서울특별시,고졸
4149,c03bb69d333849e0a0cfa6e72490a505,여자,19,광주,중학교,무직,여성,2,10대,광주광역시,중졸
4150,a105708f39874bb3b32c2f264c3eed49,여자,19,대전,고등학교,무직,여성,2,10대,대전광역시,고졸
4151,036002ee008e4834bd65c46e154cd735,여자,19,경기,고등학교,무직,여성,2,10대,경기도,고졸
4152,518bdea7c89b4855b63db005c8f37f9d,여자,19,서울,고등학교,무직,여성,2,10대,서울특별시,고졸
4153,87f48fee863f4c06be5caaabe3f67e19,여자,19,서울,고등학교,무직,여성,2,10대,서울특별시,고졸
4154,22245c8e3a2a474e9c4f788719b67cb0,여자,19,인천,중학교,무직,여성,2,10대,인천광역시,중졸
4155,38c1174e11f1482ba6387ab4ad64571f,여자,19,전북,고등학교,보육 관련 시설 서비스 종사원,여성,2,10대,전북특별자치도,고졸
4156,f41e9addd48d4cb19999c508c21fc9e0,여자,19,경기,고등학교,무직,여성,2,10대,경기도,고졸
4157,64f47b13d33b4e4ca843eaec487539e5,여자,19,서울,중학교,무직,여성,2,10대,서울특별시,중졸
4158,6a40f244488545fd9d9576c9560d8e24,여자,19,대전,중학교,무직,여성,2,10대,대전광역시,중졸
4159,89a12eba648547af8a8eaad205f04697,여자,19,경기,고등학교,무직,여성,2,10대,경기도,고졸
4160,49f702eb40bd4ff18ae8200785ea7123,여자,19,전라남,고등학교,무직,여성,2,10대,전라남,고졸
4161,5fdddcd2fa1548669b0bf809e3c845aa,여자,19,서울,고등학교,무직,여성,2,10대,서울특별시,고졸
4162,7cde9e2922dc4e4298f553cc64c4f38c,여자,19,강원,고등학교,무직,여성,2,10대,강원특별자치도,고졸
4163,6d235c7d183f498fbe83c85b024c2f56,여자,19,경기,고등학교,무직,여성,2,10대,경기도,고졸
4164,d1b3169c983f4db7909485faccbf4650,여자,19,서울,고등학교,무직,여성,2,10대,서울특별시,고졸
4165,db3a6416628a4cb29dee4db4b470e8b4,여자,19,경기,고등학교,무직,여성,2,10대,경기도,고졸
4166,594f93f8614a4a0cb22fa642b81de28d,여자,19,경기,중학교,무직,여성,2,10대,경기도,중졸
4167,c1ef2c6b26144792ac5b88ab9895e1f0,여자,19,서울,고등학교,무직,여성,2,10대,서울특별시,고졸
4168,fdb3f5a89ef347e99907c289bce8fefc,여자,19,서울,중학교,무직,여성,2,10대,서울특별시,중졸
4169,2107c6fff9824bcfbdc7e99b4fdff2aa,여자,19,경기,고등학교,무직,여성,2,10대,경기도,고졸
4170,f6634d44abe046bea2d017ab53f742ac,여자,19,경기,고등학교,무직,여성,2,10대,경기도,고졸
4171,c277743c44cc49b289c74023889749de,여자,19,경기,고등학교,무직,여성,2,10대,경기도,고졸
4172,2e44d1ad58d241489b0103216a79b338,여자,19,대구,고등학교,"전직 양식 조리사, 현재 구직중",여성,2,10대,대구광역시,고졸
4173,f2d96364b7fc4c2c94a80a3799c43d00,여자,19,경기,중학교,무직,여성,2,10대,경기도,중졸
4174,27fc595cc6a5416d821d14fd32745591,여자,19,서울,고등학교,무직,여성,2,10대,서울특별시,고졸
4175,299371767e6646e6a9b4f019ffb6e1c0,여자,19,충청남,고등학교,무직,여성,2,10대,충청남,고졸
4176,e2cdee7043c4455daf33cc9c757abf3a,여자,19,경기,무학,무직,여성,2,10대,경기도,무학
4177,70ff443fa3be41d2a472417fd7fd387f,여자,19,제주,고등학교,무직,여성,2,10대,제주특별자치도,고졸
4178,83fbd6cbcce348198cbd87ef6ab41111,여자,19,부산,고등학교,무직,여성,2,10대,부산광역시,고졸
4179,7c1509718ed248c0a5dcc858f3dd5060,여자,19,인천,고등학교,무직,여성,2,10대,인천광역시,고졸
4180,3b0fbed67f504b5c9f769ff533464bf4,여자,19,서울,고등학교,"전직 한식 조리사, 현재 구직중",여성,2,10대,서울특별시,고졸
4181,436ac39d76d647a29603169b5dbb9aa5,여자,19,경기,고등학교,무직,여성,2,10대,경기도,고졸
4182,63ec1bb09847490cada991d3cc1efd1a,여자,19,경기,고등학교,무직,여성,2,10대,경기도,고졸
4183,f5e7aeeb54594d098a06f5b568c3b2e3,여자,19,대전,고등학교,무직,여성,2,10대,대전광역시,고졸
4184,28e9f29ea9d7433ba0e4789952fc4d28,여자,19,경기,고등학교,무직,여성,2,10대,경기도,고졸
4185,40886afe99664bd5bf50b015bc797c60,여자,19,경기,고등학교,무직,여성,2,10대,경기도,고졸
4186,63deffa8c01248ae93fd66a1c968d4d0,여자,19,경기,고등학교,무직,여성,2,10대,경기도,고졸
4187,14a8ec0ea7ee4c70a8f1ed717c23a370,여자,19,광주,고등학교,무직,여성,2,10대,광주광역시,고졸
4188,6a9d234050e9481284bb88a3f99d196c,여자,19,서울,고등학교,무직,여성,2,10대,서울특별시,고졸
4189,7a381e608aa947ba95a2b377e1af2743,여자,19,경기,고등학교,무직,여성,2,10대,경기도,고졸
4190,85b66f3340064b3b88bdce141aa4dbdf,여자,19,전라남,고등학교,무직,여성,2,10대,전라남,고졸
4191,77e63eede1d94568a993d7973d2854bb,여자,19,인천,고등학교,무직,여성,2,10대,인천광역시,고졸
4192,10628b8d9c1d455fbfb9148cf85b0626,여자,19,광주,중학교,무직,여성,2,10대,광주광역시,중졸
4193,aaab910f3952437aa2163f0635cf3998,여자,19,서울,고등학교,무직,여성,2,10대,서울특별시,고졸
4194,4b6a168b28194127b17ab6be61f96fd9,여자,19,충청남,중학교,무직,여성,2,10대,충청남,중졸
4195,448add27264c4be69302aec5e8f56c96,여자,19,경기,중학교,무직,여성,2,10대,경기도,중졸
4196,e6f72e6c5db34b14a975eaaba8588d90,여자,19,경기,고등학교,한식 조리사,여성,2,10대,경기도,고졸
4197,6cc249526fc74dd59ebcc499f3069924,여자,19,충청남,고등학교,무직,여성,2,10대,충청남,고졸
4198,cff0883294ff494a9ba3319b2edbc1f0,여자,19,대구,고등학교,무직,여성,2,10대,대구광역시,고졸
4199,7717bb614a8c4f30b33408bed220204a,여자,19,경기,중학교,무직,여성,2,10대,경기도,중졸
4200,a3e8c868acd1446e9e004485ce2a261f,여자,19,충청남,고등학교,무직,여성,2,10대,충청남,고졸
4201,43f89a129b1f465095ae708e00fa1dbb,여자,19,부산,중학교,무직,여성,2,10대,부산광역시,중졸
4202,38c1174e11f1482ba6387ab4ad64571f,여자,19,전북,고등학교,보육 관련 시설 서비스 종사원,여성,2,10대,전북특별자치도,고졸
4203,5f7dd01a90ca45599898de3364c683c8,여자,19,경기,고등학교,무직,여성,2,10대,경기도,고졸
4204,6d30cdc9d9ec4b2ab6532fa886dc3f44,여자,19,경기,고등학교,무직,여성,2,10대,경기도,고졸
4205,55e32cb6e1b7491586c927ae5db400e3,여자,19,서울,고등학교,무직,여성,2,10대,서울특별시,고졸
4206,a00c672ac9774bacba90fadf321ba0df,여자,19,부산,고등학교,무직,여성,2,10대,부산광역시,고졸
4207,19b812da338b4078a0b2c8427d69ef69,여자,19,인천,고등학교,무직,여성,2,10대,인천광역시,고졸
4208,1af7293ad5ec4db7a855353475a532a3,여자,19,충청남,고등학교,무직,여성,2,10대,충청남,고졸
4209,70013aa9a9e24c01b7d0b0800d01cadd,여자,19,전북,고등학교,무직,여성,2,10대,전북특별자치도,고졸
4210,ff0819f23af34816b3ba552eb43b0c46,여자,19,경기,고등학교,무직,여성,2,10대,경기도,고졸
4211,e4f8b7f2b91f49f5b7527034f7403d54,여자,19,경기,고등학교,무직,여성,2,10대,경기도,고졸
4212,a665f18e41dd4eebb6fbac98a997ef3a,여자,19,전라남,고등학교,무직,여성,2,10대,전라남,고졸
4213,fb4c1c6d38e944b78cd740f721d40724,여자,19,경상남,고등학교,무직,여성,2,10대,경상남도,고졸
4214,5d68eb6508464f08a9699dfde60dad22,여자,19,경기,고등학교,무직,여성,2,10대,경기도,고졸
4215,d0409f3366e7407c9141772335061b00,여자,19,서울,고등학교,무직,여성,2,10대,서울특별시,고졸
4216,da70fdb0dcf8442dbb4ad4f07cff6a6d,여자,19,광주,고등학교,무직,여성,2,10대,광주광역시,고졸
4217,ed41236a020c42888b7135b027571c04,여자,19,경기,중학교,무직,여성,2,10대,경기도,중졸
4218,2bbf663ac7e042f7a3181399f38cf233,여자,19,경기,고등학교,무직,여성,2,10대,경기도,고졸
4219,dad2b522943d46d694b411178516fa53,여자,19,인천,고등학교,무직,여성,2,10대,인천광역시,고졸
4220,185742bb0de84d3ea0227cee86f72872,여자,19,경상남,고등학교,무직,여성,2,10대,경상남도,고졸
4221,7de2b5a2c521453cbc6db59d32f1801e,여자,19,경기,고등학교,무직,여성,2,10대,경기도,고졸
4222,1daae92718e9498e93030564ff040e5e,여자,19,경기,고등학교,무직,여성,2,10대,경기도,고졸
4223,233efef8912b46128b6eaf37c28fc744,여자,19,경상북,고등학교,무직,여성,2,10대,경상북도,고졸
4224,b3dcb646739e43ecb9b837a050f4a080,여자,19,경상북,고등학교,무직,여성,2,10대,경상북도,고졸
4225,00475a80d04640639f176298b9bb51c8,여자,19,경상남,고등학교,무직,여성,2,10대,경상남도,고졸
4226,3aa228ba9c02440bba4852c0091ba173,여자,19,경기,고등학교,무직,여성,2,10대,경기도,고졸
4227,9f0f13ed13ff4ff19b59590e6f779bd0,여자,19,서울,고등학교,무직,여성,2,10대,서울특별시,고졸
4228,b712d07565294dfa9dc8c9849aa08c22,여자,19,경기,고등학교,무직,여성,2,10대,경기도,고졸
4229,c19993886a2c48dcb4ebd142ad3c3e9a,여자,19,광주,고등학교,무직,여성,2,10대,광주광역시,고졸
4230,f922a8664e4a446fad746e08cb19c5dc,여자,19,경상남,고등학교,무직,여성,2,10대,경상남도,고졸
4231,30c72d4a68ce4eeeaf213bca82426799,여자,19,서울,고등학교,무직,여성,2,10대,서울특별시,고졸
4232,e76ba77800124f10a970a1388f470756,여자,19,경기,고등학교,무직,여성,2,10대,경기도,고졸
4233,7b44b89392b040afba4f1a54877df03c,여자,19,대구,중학교,무직,여성,2,10대,대구광역시,중졸
4234,ab1c508c87ae487e81422cd911caa51e,여자,19,부산,고등학교,무직,여성,2,10대,부산광역시,고졸
4235,ffea0f8370ec4d62ab257537c7a3667d,여자,19,경기,고등학교,무직,여성,2,10대,경기도,고졸
4236,90486d67b68b466dbe98d7db0a5ff7ed,여자,19,경기,중학교,무직,여성,2,10대,경기도,중졸
4237,94a0cf0816cc463bba0b33b4ed33b8f9,여자,19,경기,고등학교,무직,여성,2,10대,경기도,고졸
4238,987023a059324bd78f8346dc8bf4e0cf,여자,19,경기,무학,무직,여성,2,10대,경기도,무학
4239,86ce656686794e5b8bbccd03fe48db6f,여자,19,대전,고등학교,무직,여성,2,10대,대전광역시,고졸
4240,db60c8f9ccd847d1984096d1a145d1ca,여자,19,서울,중학교,무직,여성,2,10대,서울특별시,중졸
4241,0d8d3edd3a3e4fedbe6c24aa126471ab,여자,19,충청남,고등학교,무직,여성,2,10대,충청남,고졸
4242,5cfb55d1b4e14f7b9538ca994e07560d,여자,19,경상남,고등학교,무직,여성,2,10대,경상남도,고졸
4243,fb51fb1ed5564b2097535438a674dd3a,여자,19,경기,중학교,무직,여성,2,10대,경기도,중졸
4244,be2429d87dfe4f3a92baf647ce52f1e3,여자,19,대전,중학교,무직,여성,2,10대,대전광역시,중졸
4245,433bcd3a5b874daca4cf19ddeaf77d7c,여자,19,대구,고등학교,무직,여성,2,10대,대구광역시,고졸
4246,1d725c0064bd41699de834deceb2846e,여자,19,경기,고등학교,무직,여성,2,10대,경기도,고졸
4247,30b324a31b134a30aebb818ee1a90fcf,여자,19,대전,중학교,무직,여성,2,10대,대전광역시,중졸
4248,056b47f960624d54bc8c646b229c4cce,여자,19,경상남,고등학교,매장 정리원,여성,2,10대,경상남도,고졸
4249,144e82264c264d4683b34d5c7359efd3,여자,19,충청북,고등학교,무직,여성,2,10대,충청북,고졸
4250,a38b2a08361b4be1b299196cf39a36cd,여자,19,경기,고등학교,무직,여성,2,10대,경기도,고졸
4251,a8ca939517c04ce8aa07b81e9a27756d,여자,19,인천,고등학교,무직,여성,2,10대,인천광역시,고졸
4252,9f597d40539245f088d1184437349eb8,여자,19,경상북,고등학교,무직,여성,2,10대,경상북도,고졸
4253,3a47dc8275474cbe99f936ec7dd0fa0e,여자,19,경기,고등학교,무직,여성,2,10대,경기도,고졸
4254,2c107ecdf525441d9384aae63d94e01d,여자,19,경기,고등학교,무직,여성,2,10대,경기도,고졸
4255,fcea033c4ad84e5eb4590fb0f7713217,여자,19,인천,중학교,무직,여성,2,10대,인천광역시,중졸
4256,0e8304c75042485baa0dab1748d49866,여자,19,대구,고등학교,무직,여성,2,10대,대구광역시,고졸
4257,02f639e8c96a445faf0744a2cae36e12,여자,19,경기,고등학교,무직,여성,2,10대,경기도,고졸
4258,dd31f5b1848442bd8b860a334ebd8708,여자,19,광주,고등학교,무직,여성,2,10대,광주광역시,고졸
4259,a8681c3440f448c4a0a9f700e6140ded,여자,19,대구,고등학교,그 외 상점 판매원,여성,2,10대,대구광역시,고졸
4260,69ac41cc378542999d0e935c55588a29,여자,19,서울,고등학교,무직,여성,2,10대,서울특별시,고졸
4261,5211d9f950a44795a07c1e608df22a38,여자,19,경기,중학교,무직,여성,2,10대,경기도,중졸
4262,d6b036dda3a44b909dec35897fdcdc74,여자,19,경기,고등학교,무직,여성,2,10대,경기도,고졸
4263,3df6b0a0b809471a8c85236e22ae3182,여자,19,서울,고등학교,무직,여성,2,10대,서울특별시,고졸
4264,10e07cf82fad46138234f4ac23bfcdcc,여자,19,충청남,중학교,무직,여성,2,10대,충청남,중졸
4265,230701159395481da2929c572be80d1d,여자,19,부산,고등학교,무직,여성,2,10대,부산광역시,고졸
4266,0215616efac34b968cd41781a9c0a811,여자,19,전북,고등학교,무직,여성,2,10대,전북특별자치도,고졸
4267,cfb1eef8e36a491496b23a9c21c4f08c,여자,19,경기,고등학교,무직,여성,2,10대,경기도,고졸
4268,61876b7fba0d4e3193d3ff78d63096b9,여자,19,대구,고등학교,무직,여성,2,10대,대구광역시,고졸
4269,ff60f92e06014651be722b2eeba6036c,여자,19,경기,고등학교,무직,여성,2,10대,경기도,고졸
4270,a492be6e7377411d9932477095cdb2f4,여자,19,서울,고등학교,무직,여성,2,10대,서울특별시,고졸
4271,a36215505d3141b4ab03ce329b0650ed,여자,19,경기,고등학교,무직,여성,2,10대,경기도,고졸
4272,1c9272c4e34f433ebe5322d4e629786e,여자,19,충청북,고등학교,무직,여성,2,10대,충청북,고졸
4273,f4e2befa1d334c8e845491586016b383,여자,19,경상남,중학교,무직,여성,2,10대,경상남도,중졸
4274,d2c44646088a4a80864742da1e1d495f,여자,19,대전,고등학교,무직,여성,2,10대,대전광역시,고졸
4275,c4520327710048f8be806a4670cbfb1b,여자,19,부산,고등학교,무직,여성,2,10대,부산광역시,고졸
4276,c997c1d761d5425db350dc354ee9c35f,여자,19,세종,중학교,무직,여성,2,10대,세종특별자치시,중졸
4277,c0c38403e48943f78fe6b844c46f5f9b,여자,19,인천,고등학교,하역 및 적재 관련 단순 종사원,여성,2,10대,인천광역시,고졸
4278,d122bdb053b74a8b9d390723cbb7239e,여자,19,경기,고등학교,무직,여성,2,10대,경기도,고졸
4279,f6183029250d4a9f94047b9a60a0f5fc,여자,19,경상남,고등학교,무직,여성,2,10대,경상남도,고졸
4280,d9c773cbafc144ef818b0e1be9759e51,여자,19,경기,고등학교,무직,여성,2,10대,경기도,고졸
4281,a15c39f3cad24cb0bd92111e1723a843,여자,19,대전,고등학교,무직,여성,2,10대,대전광역시,고졸
4282,ad3f9b6bc740438cb5c7cb29723e4594,여자,19,경상남,중학교,무직,여성,2,10대,경상남도,중졸
4283,d601c5dc7925414fb7ca5792c5ad6a09,여자,19,경기,고등학교,무직,여성,2,10대,경기도,고졸
4284,7a8b9d5d15a04999ae4bd3f0e93aa852,여자,19,제주,중학교,무직,여성,2,10대,제주특별자치도,중졸
4285,69cfdb01d5234291a89aedfe45973012,여자,19,경상남,고등학교,무직,여성,2,10대,경상남도,고졸
4286,eadcfe5c3eb04e4692a49f7e18538556,여자,19,경상북,고등학교,무직,여성,2,10대,경상북도,고졸
4287,160f01f794dc481c9931a28837886c02,여자,19,충청남,중학교,무직,여성,2,10대,충청남,중졸
4288,5cc77c7a7a6344f2b0ee310be5f21a21,여자,19,광주,고등학교,무직,여성,2,10대,광주광역시,고졸
4289,517831af3b244ada81cb075e1e7f32fe,여자,19,경상남,고등학교,무직,여성,2,10대,경상남도,고졸
4290,15c16b19f1b44c63a1cb675e7b66bb71,여자,19,제주,고등학교,무직,여성,2,10대,제주특별자치도,고졸
4291,13fea973afeb4bfe9c5b26498f51c8a7,여자,19,서울,고등학교,무직,여성,2,10대,서울특별시,고졸
4292,288e5549cb074ade84bf39e00b32fc9c,여자,19,경기,고등학교,무직,여성,2,10대,경기도,고졸
4293,db60c8f9ccd847d1984096d1a145d1ca,여자,19,서울,중학교,무직,여성,2,10대,서울특별시,중졸
4294,fcadbc6ff4584a1cb34584e57ac5aecd,여자,19,경기,중학교,무직,여성,2,10대,경기도,중졸
4295,dfc1429149004bf6a2103c7ebf01c234,여자,19,충청남,고등학교,무직,여성,2,10대,충청남,고졸
4296,4d2ca84c7d2f445b941acd59b18f7b09,여자,19,광주,고등학교,무직,여성,2,10대,광주광역시,고졸
4297,601f20da0511410a96d7408a2a2cebee,여자,19,경기,고등학교,무직,여성,2,10대,경기도,고졸
4298,84f7be344cd3429f8d4fcde1f6c47143,여자,19,울산,고등학교,무직,여성,2,10대,울산광역시,고졸
4299,ab4001c4d600456da960bc8e9a8af665,여자,19,인천,고등학교,무직,여성,2,10대,인천광역시,고졸
4300,77d38c264d2e41958044d75266de544a,여자,19,서울,고등학교,무직,여성,2,10대,서울특별시,고졸
4301,994719e9abe04558a2a5c3811c74a1eb,여자,19,충청남,고등학교,"전직 지게차 운전원, 현재 구직중",여성,2,10대,충청남,고졸
4302,53b71567244c467ca4a26df242099eb5,여자,19,대구,고등학교,무직,여성,2,10대,대구광역시,고졸
4303,3108401cccc84e44822629927197bfc8,여자,19,경상북,고등학교,무직,여성,2,10대,경상북도,고졸
4304,822a4d8ecb714843b9cee4653cf2dbed,여자,19,경기,고등학교,무직,여성,2,10대,경기도,고졸
4305,2cc924c075ba4b5189bbed8cf1b59fb8,여자,19,충청남,고등학교,무직,여성,2,10대,충청남,고졸
4306,fa8da80d2dfe4b8098e4ce1f04284fb8,여자,19,대구,고등학교,무직,여성,2,10대,대구광역시,고졸
4307,5a28325f207b4048aafbbbf08d1cdf27,여자,19,경상북,고등학교,무직,여성,2,10대,경상북도,고졸
4308,89d3bc915e774c7a80943db6f8d212d9,여자,19,부산,고등학교,무직,여성,2,10대,부산광역시,고졸
4309,0122ab655c964d3da594aeb49934a268,여자,19,광주,고등학교,무직,여성,2,10대,광주광역시,고졸
4310,9071775d77ed49518c5b966f3065ac59,여자,19,대구,고등학교,무직,여성,2,10대,대구광역시,고졸
4311,7003b96e33c54f04a20ef86949225841,여자,19,인천,고등학교,무직,여성,2,10대,인천광역시,고졸
4312,cb9eef1c186749589c250f91654f3b44,여자,19,전라남,고등학교,무직,여성,2,10대,전라남,고졸
4313,f0ad63b2c62a44bda2c252a6c3f3bbc5,여자,19,경기,고등학교,무직,여성,2,10대,경기도,고졸
4314,13f8add75ed647ecbf2e546c724239df,여자,19,세종,중학교,무직,여성,2,10대,세종특별자치시,중졸
4315,c4a00c013d5d4390af302322b7cd4200,여자,19,충청남,고등학교,무직,여성,2,10대,충청남,고졸
4316,e9baa9c09ba44c768231cc26aeb64d76,여자,19,전북,고등학교,무직,여성,2,10대,전북특별자치도,고졸
4317,191a6b41ae474b269d6fb183a3c00695,여자,19,서울,고등학교,무직,여성,2,10대,서울특별시,고졸
4318,cb027f98439b4e029752bd82b930ae65,여자,19,경상남,고등학교,무직,여성,2,10대,경상남도,고졸
4319,4fa296835f6e411d90503680105af978,여자,19,서울,고등학교,무직,여성,2,10대,서울특별시,고졸
4320,1bf42ab58f084c5ea644970e1a82a2eb,여자,19,경기,고등학교,무직,여성,2,10대,경기도,고졸
4321,18ddb3906df048c1930a7f2a5e1d56be,여자,19,경기,고등학교,무직,여성,2,10대,경기도,고졸
4322,1be2c798971a4ab8aac4fff1b83aef42,여자,19,전북,고등학교,무직,여성,2,10대,전북특별자치도,고졸
4323,7d60985cd032443a85544d7258f3f1e3,여자,19,대구,중학교,무직,여성,2,10대,대구광역시,중졸
4324,7fa075edbae245389fcf7134623933b6,여자,19,경기,고등학교,무직,여성,2,10대,경기도,고졸
4325,c83562bef5ea4209bca92f0709f38ea5,여자,19,전라남,고등학교,무직,여성,2,10대,전라남,고졸
4326,e8668e578c114291b2256170542f81bd,여자,19,강원,고등학교,무직,여성,2,10대,강원특별자치도,고졸
4327,ed2d3617398f4f2b9f59323ad6890536,여자,19,대구,고등학교,무직,여성,2,10대,대구광역시,고졸
4328,7686807cf6354cf99dad047ad0b60961,여자,19,서울,고등학교,무직,여성,2,10대,서울특별시,고졸
4329,2ed277b0419942799db556f5a59ec8e5,여자,19,경기,중학교,무직,여성,2,10대,경기도,중졸
4330,0a33f94856bb4e44b7316b6b2ff2028e,여자,19,서울,고등학교,무직,여성,2,10대,서울특별시,고졸
4331,39348d38ae234223b902ebbd9c000853,여자,19,전북,고등학교,무직,여성,2,10대,전북특별자치도,고졸
4332,c708fec65f9d4479a9d58e370d755139,여자,19,경상남,중학교,무직,여성,2,10대,경상남도,중졸
4333,2529899204954a4fa5bbccc33cd5352f,여자,19,경기,고등학교,무직,여성,2,10대,경기도,고졸
4334,4042c9db7bdc44ec81609227428dc94b,여자,19,인천,고등학교,무직,여성,2,10대,인천광역시,고졸
4335,fb6864c73a3346f38301c63265970139,여자,19,부산,중학교,무직,여성,2,10대,부산광역시,중졸
4336,e3888d031dbf495694bcd14b7623fb83,여자,19,제주,고등학교,무직,여성,2,10대,제주특별자치도,고졸
4337,32bce24b56e3451c9883b4a501e48e83,여자,19,부산,고등학교,무직,여성,2,10대,부산광역시,고졸
4338,e052961f74b642cfb5292ab5707e58dd,여자,19,경기,고등학교,무직,여성,2,10대,경기도,고졸
4339,d619be48fb84479ea729a1d445f33bb0,여자,19,경기,고등학교,무직,여성,2,10대,경기도,고졸
4340,cc50b755e9df4c4880587847371661aa,여자,19,서울,고등학교,건물 내 전기 설치 및 정비원,여성,2,10대,서울특별시,고졸
4341,6a47c8cafdfe498aaaf546bbe7d3f20f,여자,19,충청남,고등학교,무직,여성,2,10대,충청남,고졸
4342,7f28aae159bd4d7ea94083f82fa725c7,여자,19,서울,고등학교,무직,여성,2,10대,서울특별시,고졸
4343,a7ec037e37174afa8155effab721e9dd,여자,19,광주,고등학교,무직,여성,2,10대,광주광역시,고졸
4344,49f16f8c2737469a972917da50c77c22,여자,19,울산,고등학교,무직,여성,2,10대,울산광역시,고졸
4345,13e2b58710fe47418239d644cdb7ff85,여자,19,경기,고등학교,무직,여성,2,10대,경기도,고졸
4346,e9b5a66ecbda4bf6a7d6bcf690308649,여자,19,경기,고등학교,무직,여성,2,10대,경기도,고졸
4347,3caed22ce317461c97dc5556394f949d,여자,19,경기,고등학교,무직,여성,2,10대,경기도,고졸
4348,5cde6c9818944b16b77f86c8c9f1a4b3,여자,19,경기,고등학교,무직,여성,2,10대,경기도,고졸
4349,712696c278204749946b2f0c478c2acf,여자,19,경기,고등학교,무직,여성,2,10대,경기도,고졸
4350,d3896c269803495598303d4730770739,여자,19,경기,고등학교,무직,여성,2,10대,경기도,고졸
4351,f94a70e93b13419faa9dd42c22ced243,여자,19,경상북,고등학교,무직,여성,2,10대,경상북도,고졸
4352,bdbb255d05844ffa9a617fd00fac0a9c,여자,19,서울,고등학교,무직,여성,2,10대,서울특별시,고졸
4353,691562a0779a45ab93239cd7484c11f9,여자,19,부산,고등학교,무직,여성,2,10대,부산광역시,고졸
4354,0e5497d599254269819f58c175da6361,여자,19,경상북,고등학교,무직,여성,2,10대,경상북도,고졸
4355,ac34605650e046ea98a7e857684889b6,여자,19,대구,고등학교,"전직 그 외 조리사, 현재 구직중",여성,2,10대,대구광역시,고졸
4356,89adf011377a497b9d98e2cfe8530b02,여자,19,부산,고등학교,무직,여성,2,10대,부산광역시,고졸
4357,1e0b899a2172475794530e397a6b6a19,여자,19,경기,고등학교,무직,여성,2,10대,경기도,고졸
4358,5d7f8564fa5b46388ce3dae9622d094f,여자,19,서울,고등학교,무직,여성,2,10대,서울특별시,고졸
4359,10c7949e4f804678bd6eda00cb9d617f,여자,19,경기,고등학교,무직,여성,2,10대,경기도,고졸
4360,fd8a8b11800740ba8db28ea589f97f35,여자,19,인천,고등학교,무직,여성,2,10대,인천광역시,고졸
4361,4bc6cbae91a34ccb925932b4ce4e48fe,여자,19,대전,고등학교,무직,여성,2,10대,대전광역시,고졸
4362,e1c5d0cf2c1f4c4e9cd8e825e1caa681,여자,19,경기,고등학교,무직,여성,2,10대,경기도,고졸
4363,864996f70b9e43348e8594369cd6070a,여자,19,경기,고등학교,무직,여성,2,10대,경기도,고졸
4364,6812743a8f844dffb945e2cb5cdc3a00,여자,19,전라남,고등학교,무직,여성,2,10대,전라남,고졸
4365,9af34fed344c44b0a6da25ef0d3e8f6f,여자,19,울산,중학교,무직,여성,2,10대,울산광역시,중졸
4366,4862ec94b5ad47ba8f2c36e038088ca5,여자,19,대구,중학교,무직,여성,2,10대,대구광역시,중졸
4367,0609b06fbe9e46209b515b3296ac3762,여자,19,대구,고등학교,무직,여성,2,10대,대구광역시,고졸
4368,2510e685275d45bb9ec26ade770b6a5f,여자,19,대구,고등학교,무직,여성,2,10대,대구광역시,고졸
4369,3d6a9a8aa18c4f1cbe1a8124fa820aec,여자,19,경기,고등학교,무직,여성,2,10대,경기도,고졸
4370,a81dcc6df4d741a6aecf61207f287e3a,여자,19,인천,고등학교,무직,여성,2,10대,인천광역시,고졸
4371,3cee8cc137a344078fe0f8ab8164c57c,여자,19,충청남,고등학교,무직,여성,2,10대,충청남,고졸
4372,73f4f418e6ef4b1f95b12c7e7f38f0bd,여자,19,부산,고등학교,무직,여성,2,10대,부산광역시,고졸
4373,b1be3fe6dc764d30968a3d1951a5d337,여자,19,전북,고등학교,무직,여성,2,10대,전북특별자치도,고졸
4374,69929b34c61f4cb29519b13c3674b554,여자,19,광주,고등학교,무직,여성,2,10대,광주광역시,고졸
4375,f68a1d76c58e4fd1a2bbfbd93d78e6ed,여자,19,충청남,고등학교,무직,여성,2,10대,충청남,고졸
4376,03944053d0954e6db6faf953107dcecc,여자,19,경기,고등학교,무직,여성,2,10대,경기도,고졸
4377,1ddbd20d616644c4bd93b91fd2516f9e,여자,19,경기,고등학교,무직,여성,2,10대,경기도,고졸
4378,ed2ec28046df41bfad01e3a9dea24c33,여자,19,인천,고등학교,무직,여성,2,10대,인천광역시,고졸
4379,1daae92718e9498e93030564ff040e5e,여자,19,경기,고등학교,무직,여성,2,10대,경기도,고졸
4380,0363749b63bf4a938fe03ecf97b10184,여자,19,서울,고등학교,무직,여성,2,10대,서울특별시,고졸
4381,eec275272eee466892cd9c65f8536fd8,여자,19,경기,고등학교,무직,여성,2,10대,경기도,고졸
4382,f87ad1ce4c3c4b36bf250d3eb6ea1aac,여자,19,경상남,고등학교,"전직 그 외 조리사, 현재 구직중",여성,2,10대,경상남도,고졸
4383,4bfbeeda3b21438e88bb9b4afb9014e4,여자,19,경기,고등학교,무직,여성,2,10대,경기도,고졸
4384,1028196658a341e1aecdf200b1c3b071,여자,19,전북,고등학교,무직,여성,2,10대,전북특별자치도,고졸
4385,c309d7d0a3f24b7aa1f46dad67e29eb3,여자,19,서울,고등학교,무직,여성,2,10대,서울특별시,고졸
4386,26c58b32f710485083f9288c07ede62f,여자,19,경기,고등학교,무직,여성,2,10대,경기도,고졸
4387,5fc1248087b740caa66c167304e90c9d,여자,19,경기,고등학교,무직,여성,2,10대,경기도,고졸
4388,e3208806533147058fb337f1ea46de00,여자,19,경상남,고등학교,무직,여성,2,10대,경상남도,고졸
4389,68c24ed29a5641dfbd6a84ae95f25d5a,여자,19,전라남,고등학교,무직,여성,2,10대,전라남,고졸
4390,5229ea7e312c4242b6a3752907ed160f,여자,19,충청북,고등학교,무직,여성,2,10대,충청북,고졸
4391,dc49a21a3d774d40979f073c9d9e85e9,여자,19,인천,고등학교,무직,여성,2,10대,인천광역시,고졸
4392,6b2aa15fba9047e699806ee262e79941,여자,19,충청남,고등학교,무직,여성,2,10대,충청남,고졸
4393,a18522b3450647c28c153fdd2b2ad532,여자,19,서울,중학교,무직,여성,2,10대,서울특별시,중졸
4394,f23aa6321a9a4fd9944be180ad25b553,여자,19,경기,중학교,무직,여성,2,10대,경기도,중졸
4395,822a4d8ecb714843b9cee4653cf2dbed,여자,19,경기,고등학교,무직,여성,2,10대,경기도,고졸
4396,114f1424bbd544e288d050109a7b7051,여자,19,경기,고등학교,무직,여성,2,10대,경기도,고졸
4397,e44d1c0d73944f28be7a408f1d6b9c4e,여자,19,경상남,고등학교,무직,여성,2,10대,경상남도,고졸
4398,fe298037825d4bc59b08690afb0abcd1,여자,19,강원,고등학교,무직,여성,2,10대,강원특별자치도,고졸
4399,0e8304c75042485baa0dab1748d49866,여자,19,대구,고등학교,무직,여성,2,10대,대구광역시,고졸
4400,79e35c89fcaf4bedba590cab494776a3,여자,19,전북,고등학교,무직,여성,2,10대,전북특별자치도,고졸
4401,3e3ef8bdeb0b4424937443928f87c9f5,여자,19,경상북,고등학교,무직,여성,2,10대,경상북도,고졸
4402,bc20e2b7f9fa4d6e816c849945872621,여자,19,전라남,고등학교,무직,여성,2,10대,전라남,고졸
4403,fcb0d6d032f7422bb0d3361269099b55,여자,19,충청북,고등학교,무직,여성,2,10대,충청북,고졸
4404,38810a5e7f1e4cc1a8a1e946d0f55978,여자,19,경기,중학교,무직,여성,2,10대,경기도,중졸
4405,5e8a1dabc230418f93bacd31d381cc8d,여자,19,서울,고등학교,무직,여성,2,10대,서울특별시,고졸
4406,90fa403961524fdbb689eb430c540140,여자,19,경기,고등학교,무직,여성,2,10대,경기도,고졸
4407,5c7ecf0366fb4dd296b242fac879ed2d,여자,19,강원,고등학교,무직,여성,2,10대,강원특별자치도,고졸
4408,fd4b255af26546a7863644aed9fb4e3d,여자,19,경기,고등학교,무직,여성,2,10대,경기도,고졸
4409,d9176b6e6b2043468c9ac8fb9318a7d5,여자,19,광주,고등학교,무직,여성,2,10대,광주광역시,고졸
4410,bed6b05436fb41669307a606d930ee59,여자,19,경상남,고등학교,무직,여성,2,10대,경상남도,고졸
4411,f2fc6403b7f1439abdb4a95dcb62ac26,여자,19,대구,고등학교,무직,여성,2,10대,대구광역시,고졸
4412,7a36e273cff14fb49dd819c2c6c684b3,여자,19,경기,고등학교,무직,여성,2,10대,경기도,고졸
4413,6210ca2f213a477ba9227733db62e842,여자,19,서울,고등학교,무직,여성,2,10대,서울특별시,고졸
4414,124cabb90aec4759b7c18f0015765746,여자,19,경기,고등학교,무직,여성,2,10대,경기도,고졸
4415,9a4c2678976d4e3b9bac00154d6ee602,여자,19,부산,고등학교,무직,여성,2,10대,부산광역시,고졸
4416,34f19f06264c4c96bbb6f2d343df4afe,여자,19,경기,고등학교,무직,여성,2,10대,경기도,고졸
4417,c1268b48b3ca451ebb628a8d8f634d70,여자,19,인천,고등학교,무직,여성,2,10대,인천광역시,고졸
4418,7d8819407e374974920af74d65a2b67d,여자,19,충청남,고등학교,무직,여성,2,10대,충청남,고졸
4419,2ddd1133f63e418e8fc655ea25de085f,여자,19,경상북,고등학교,음식 서비스 종사원,여성,2,10대,경상북도,고졸
4420,99bbf06c41e549e2aca73010441363bc,여자,19,전북,고등학교,무직,여성,2,10대,전북특별자치도,고졸
4421,732391a1d9024c0f96d9ce8babcd195c,여자,19,광주,고등학교,무직,여성,2,10대,광주광역시,고졸
4422,059ef077bad94639a02329d5c536e58a,여자,19,서울,고등학교,무직,여성,2,10대,서울특별시,고졸
4423,778ceefb609b465ca02e2ec3baf19fa1,여자,19,서울,고등학교,무직,여성,2,10대,서울특별시,고졸
4424,2d042e31207542b7b77ea2094b20ecd7,여자,19,대구,고등학교,음식 서비스 종사원,여성,2,10대,대구광역시,고졸
4425,1faaa709821741e3a98757870bfef6f3,여자,19,충청남,고등학교,무직,여성,2,10대,충청남,고졸
4426,31d95d86e59f42b2b97a67c51d4aa65e,여자,19,부산,고등학교,무직,여성,2,10대,부산광역시,고졸
4427,39d5a0c856f548079293dcc8312b49b0,여자,19,전라남,고등학교,무직,여성,2,10대,전라남,고졸
4428,f704fb884f4f45b5be5e50bbf6dfba59,여자,19,경기,고등학교,하역 및 적재 관련 단순 종사원,여성,2,10대,경기도,고졸
4429,34e412d8c12f44c98dda7664946fe987,여자,19,충청북,고등학교,무직,여성,2,10대,충청북,고졸
4430,2f439dafa288466fa962a4c1c4ef4008,여자,19,광주,고등학교,무직,여성,2,10대,광주광역시,고졸
4431,91019daf49004c46b52834ef1b619733,여자,19,경기,고등학교,무직,여성,2,10대,경기도,고졸
4432,2ba06d6a317f4dbd8b851ab03b46694e,여자,19,부산,고등학교,무직,여성,2,10대,부산광역시,고졸
4433,11f2869b0b05407ba2190342f7fe82fa,여자,19,경기,고등학교,무직,여성,2,10대,경기도,고졸
4434,cb49ddb66df342b2bf443058f62c5550,여자,19,서울,중학교,무직,여성,2,10대,서울특별시,중졸
4435,1816e5361c1a4478aec3d879bb7b2ca6,여자,19,부산,고등학교,무직,여성,2,10대,부산광역시,고졸
4436,c3f4da53c8d94bc6accadd76361bb707,여자,19,서울,고등학교,무직,여성,2,10대,서울특별시,고졸
4437,0f4f0b71f62f42e6b6de08c15037259c,여자,19,전라남,고등학교,무직,여성,2,10대,전라남,고졸
4438,ef0d918429f54b7384439593f07061df,여자,19,경기,고등학교,무직,여성,2,10대,경기도,고졸
4439,e53b7da92e574810a36d07a7ddceb3e5,여자,19,부산,고등학교,무직,여성,2,10대,부산광역시,고졸
4440,e7a314424b1149d7b8a33389b003d26a,여자,19,경기,고등학교,무직,여성,2,10대,경기도,고졸
4441,eb6e9b7ca0bc4c1e8653a9ca56302c2b,여자,19,경기,중학교,무직,여성,2,10대,경기도,중졸
4442,2861a56093e24077a5876da5877f0c17,여자,19,광주,고등학교,무직,여성,2,10대,광주광역시,고졸
4443,b8e25058e27b409b9f05857446170ba8,여자,19,충청남,고등학교,무직,여성,2,10대,충청남,고졸
4444,f4f108d8eb344d28bf26be95f16472fa,여자,19,서울,고등학교,무직,여성,2,10대,서울특별시,고졸
4445,5a16951c4e97445b9910704d42f8b21e,여자,19,경기,고등학교,무직,여성,2,10대,경기도,고졸
4446,bc952622a45d4f0580aab56f9c6d82bf,여자,19,전북,고등학교,무직,여성,2,10대,전북특별자치도,고졸
4447,2c5c398be83f4833ac1bb10f9f0f7207,여자,19,경기,고등학교,무직,여성,2,10대,경기도,고졸
4448,523c3f8bcd8f49c48868601ba6de54d3,여자,19,경기,고등학교,무직,여성,2,10대,경기도,고졸
4449,fa98d69cd2884cc58d4d642a65e49016,여자,19,광주,고등학교,무직,여성,2,10대,광주광역시,고졸
4450,135436aab5124b63ab42651f8a6686d0,여자,19,경기,고등학교,무직,여성,2,10대,경기도,고졸
4451,261365116339449dadad13c221c7a0d3,여자,19,대전,고등학교,무직,여성,2,10대,대전광역시,고졸
4452,3088f77824df4c9ebd97edf93ec09ecd,여자,19,서울,고등학교,무직,여성,2,10대,서울특별시,고졸
4453,3840ab4d6c5544488520a17b88787f00,여자,19,인천,고등학교,무직,여성,2,10대,인천광역시,고졸
4454,11ede2e296054509b8585c7539226a17,여자,19,광주,고등학교,경리 사무원,여성,2,10대,광주광역시,고졸
4455,dee8c448dc2844088db36ad489d82fde,여자,19,경기,고등학교,무직,여성,2,10대,경기도,고졸
4456,a492be6e7377411d9932477095cdb2f4,여자,19,서울,고등학교,무직,여성,2,10대,서울특별시,고졸
4457,0b697903a2c1458ba1b2edef3b3d1435,여자,19,경기,고등학교,무직,여성,2,10대,경기도,고졸
4458,d40eb29286bd46829561a2602e6135b3,여자,19,서울,고등학교,무직,여성,2,10대,서울특별시,고졸
4459,aa1f12b1dafe40528da1aa0a1078cd9a,여자,19,충청남,고등학교,무직,여성,2,10대,충청남,고졸
4460,b8e25058e27b409b9f05857446170ba8,여자,19,충청남,고등학교,무직,여성,2,10대,충청남,고졸
4461,4dd1389a1a3547a697aa42609e7d8399,여자,19,대구,고등학교,무직,여성,2,10대,대구광역시,고졸
4462,a1ea2447e282429f94effe1396954c77,여자,19,경기,고등학교,무직,여성,2,10대,경기도,고졸
4463,9406ef1dd2104e0c9063f3482fd9109b,여자,19,서울,중학교,음식 서비스 종사원,여성,2,10대,서울특별시,중졸
4464,d5b2dbe09ad14d4593ffa4673e9616ba,여자,19,경상남,고등학교,무직,여성,2,10대,경상남도,고졸
4465,c083f6be5e944fe6811eaf26fb487f3f,여자,19,경기,고등학교,경리 사무원,여성,2,10대,경기도,고졸
4466,83b0802901fb4d6eb343cb729e2d070c,여자,19,울산,고등학교,무직,여성,2,10대,울산광역시,고졸
4467,31e4f5882ee74cd4b30c02d6322c262c,여자,19,경기,고등학교,무직,여성,2,10대,경기도,고졸
4468,a644db7eea5645c6b795562cfc6d64e9,여자,19,전북,고등학교,무직,여성,2,10대,전북특별자치도,고졸
4469,3376e52d089d4a46a0b4bb965ec45e95,여자,19,강원,고등학교,무직,여성,2,10대,강원특별자치도,고졸
4470,be33586748af43008f71768efc76900b,여자,19,경기,고등학교,무직,여성,2,10대,경기도,고졸
4471,45d7750154974bc4926168d8117796bf,여자,19,대전,고등학교,무직,여성,2,10대,대전광역시,고졸
4472,09680b25acce4194a19e5c5a026f3bb8,여자,19,대구,고등학교,무직,여성,2,10대,대구광역시,고졸
4473,52de0e7ad79547e29c712030d777901c,여자,19,서울,고등학교,무직,여성,2,10대,서울특별시,고졸
4474,53b71567244c467ca4a26df242099eb5,여자,19,대구,고등학교,무직,여성,2,10대,대구광역시,고졸
4475,5d4994d9522148aba1c0c3d0a96b336f,여자,19,경상남,고등학교,무직,여성,2,10대,경상남도,고졸
4476,b78350b0d4084c29bca98623cf15ca01,여자,19,부산,고등학교,무직,여성,2,10대,부산광역시,고졸
4477,7b6a3be7e7c745359909a9d049a11073,여자,19,경상북,고등학교,무직,여성,2,10대,경상북도,고졸
4478,b23991c66a7f4dacb1cc2a3085e085eb,여자,19,인천,고등학교,무직,여성,2,10대,인천광역시,고졸
4479,5fd4fa46d261474184a6e148dd02b1f9,여자,19,인천,고등학교,무직,여성,2,10대,인천광역시,고졸
4480,a35832f0426f4cd6bebca5d361323c32,여자,19,경상북,고등학교,무직,여성,2,10대,경상북도,고졸
4481,a65f1683d3614151969651ca056cf4f8,여자,19,전북,고등학교,무직,여성,2,10대,전북특별자치도,고졸
4482,5361623243424f51b78fb3e2b0b8bacd,여자,19,경상남,고등학교,무직,여성,2,10대,경상남도,고졸
4483,f0f0572fc56a4f5f867484747da8e97f,여자,19,충청북,중학교,무직,여성,2,10대,충청북,중졸
4484,8e7d5c1c834947feb2125601b81a244c,여자,19,경기,고등학교,무직,여성,2,10대,경기도,고졸
4485,6853dd11f07848a2b93ff0438581227e,여자,19,경상북,고등학교,무직,여성,2,10대,경상북도,고졸
4486,5107617f02fe4b1dba40b3481b945e79,여자,19,서울,고등학교,무직,여성,2,10대,서울특별시,고졸
4487,484d7c5479dc4e6fac55000f94f8e24f,여자,19,충청북,고등학교,무직,여성,2,10대,충청북,고졸
4488,bd36c6e5667a418db3e1ca438582de31,여자,19,서울,고등학교,무직,여성,2,10대,서울특별시,고졸
4489,44253a0bdf834ac0a7eadfbff842323d,여자,19,경기,고등학교,무직,여성,2,10대,경기도,고졸
4490,e0e5300343b34824815864461b301cc7,여자,19,경기,고등학교,무직,여성,2,10대,경기도,고졸
4491,5cfb55d1b4e14f7b9538ca994e07560d,여자,19,경상남,고등학교,무직,여성,2,10대,경상남도,고졸
4492,11ede2e296054509b8585c7539226a17,여자,19,광주,고등학교,경리 사무원,여성,2,10대,광주광역시,고졸
4493,75c98ff1e5ff4a338af43d38dbb5379b,여자,19,서울,고등학교,무직,여성,2,10대,서울특별시,고졸
4494,2f439dafa288466fa962a4c1c4ef4008,여자,19,광주,고등학교,무직,여성,2,10대,광주광역시,고졸
4495,1da98bffd61c4b308300d610ac9593f3,여자,19,경상남,고등학교,무직,여성,2,10대,경상남도,고졸
4496,e08ad4d6f6de445d93bfee137fd25c15,여자,19,경기,고등학교,일식 조리사,여성,2,10대,경기도,고졸
4497,4bc6cbae91a34ccb925932b4ce4e48fe,여자,19,대전,고등학교,무직,여성,2,10대,대전광역시,고졸
4498,b6f8bcc833e64c2498949337dfb67fce,여자,19,경기,고등학교,무직,여성,2,10대,경기도,고졸
4499,a492be6e7377411d9932477095cdb2f4,여자,19,서울,고등학교,무직,여성,2,10대,서울특별시,고졸
4500,6596348723424b97835aca3ce04a0e48,여자,19,경기,고등학교,무직,여성,2,10대,경기도,고졸
4501,90b1ee286d784814852abf8dc6ca5d0d,여자,19,서울,고등학교,무직,여성,2,10대,서울특별시,고졸
4502,e262551dbb7c43beaaf1a5059f6ec60d,여자,19,경기,고등학교,무직,여성,2,10대,경기도,고졸
4503,f49ff60226784719bfeb1b31553d7947,여자,19,대전,고등학교,무직,여성,2,10대,대전광역시,고졸
4504,0199f818de224802971f2f4ccdc47ee4,여자,19,광주,고등학교,무직,여성,2,10대,광주광역시,고졸
4505,3d429b753d6b41de837ba15d52444506,여자,19,광주,고등학교,무직,여성,2,10대,광주광역시,고졸
4506,5d245ce59e034440bf48cb7deff3cde7,여자,19,충청남,고등학교,무직,여성,2,10대,충청남,고졸
4507,bda10d2384f7412fa5b72560e9355c23,여자,19,대구,고등학교,무직,여성,2,10대,대구광역시,고졸
4508,28eae6b492b74dec86f4f3fb88cee1fb,여자,19,경기,고등학교,무직,여성,2,10대,경기도,고졸
4509,5d309f257e3b4f0ca5ac1a3a7f25ce7c,여자,19,강원,고등학교,무직,여성,2,10대,강원특별자치도,고졸
4510,cacd015b6171427499994688f1fdba20,여자,19,경기,중학교,무직,여성,2,10대,경기도,중졸
4511,00475a80d04640639f176298b9bb51c8,여자,19,경상남,고등학교,무직,여성,2,10대,경상남도,고졸
4512,418c52f296394021929414f1a381a82d,여자,19,부산,고등학교,무직,여성,2,10대,부산광역시,고졸
4513,95f77657d04b4be8beda7f2e9ae379a4,여자,19,대전,고등학교,무직,여성,2,10대,대전광역시,고졸
4514,2bd0590fb2e7428f95e81254e956992f,여자,19,경기,고등학교,무직,여성,2,10대,경기도,고졸
4515,a3e8c868acd1446e9e004485ce2a261f,여자,19,충청남,고등학교,무직,여성,2,10대,충청남,고졸
4516,03d8ff5a891a42759d1b36348ed9ca1d,여자,19,경상북,고등학교,무직,여성,2,10대,경상북도,고졸
4517,aeddac0d93cf480daa396e96fe91d314,여자,19,서울,고등학교,무직,여성,2,10대,서울특별시,고졸
4518,4017834d75b1423aac147d5912f5d38e,여자,19,경기,고등학교,무직,여성,2,10대,경기도,고졸
4519,bdbb255d05844ffa9a617fd00fac0a9c,여자,19,서울,고등학교,무직,여성,2,10대,서울특별시,고졸
4520,a2fe024eee204daca6bbb4f2291899a4,여자,19,인천,고등학교,무직,여성,2,10대,인천광역시,고졸
4521,5c57a99762c740368b87981bc846d1c4,여자,19,전라남,고등학교,무직,여성,2,10대,전라남,고졸
4522,3796b82d53834fdaaa5b2b61d6b2baad,여자,19,경상남,고등학교,무직,여성,2,10대,경상남도,고졸
4523,2c107ecdf525441d9384aae63d94e01d,여자,19,경기,고등학교,무직,여성,2,10대,경기도,고졸
4524,289ac597d377464c907f24cc08f937a6,여자,19,인천,고등학교,"전직 인사 및 노무 사무원, 현재 구직중",여성,2,10대,인천광역시,고졸
4525,4ef245b3a84c4ec99a6ee65715cd0ab6,여자,19,서울,고등학교,무직,여성,2,10대,서울특별시,고졸
4526,cc713efb21394f72bf69b320d8f5e782,여자,19,경기,고등학교,무직,여성,2,10대,경기도,고졸
4527,08053719d493482699ef3fe35dbd0fc2,여자,19,충청남,고등학교,무직,여성,2,10대,충청남,고졸
4528,fe7248858cad4a6a9d30866bb5cd3522,여자,19,강원,고등학교,무직,여성,2,10대,강원특별자치도,고졸
4529,b665aed931bd49ef90ef6e56701477a8,여자,19,충청남,고등학교,무직,여성,2,10대,충청남,고졸
4530,fa44a542abda4638b70ee286e481fd9c,여자,19,전라남,고등학교,무직,여성,2,10대,전라남,고졸
4531,6470dc04b4c14ff8be059fb7f357b27f,여자,19,경기,고등학교,무직,여성,2,10대,경기도,고졸
4532,8b207ba0dc9e4c048be2aaade77a8100,여자,19,경상북,고등학교,무직,여성,2,10대,경상북도,고졸
4533,e8783ad545be4b1792c87ef6278985bd,여자,19,울산,고등학교,무직,여성,2,10대,울산광역시,고졸
4534,5df9efe0697744b5843a9da3e58a73a7,여자,19,경기,고등학교,무직,여성,2,10대,경기도,고졸
4535,5d68eb6508464f08a9699dfde60dad22,여자,19,경기,고등학교,무직,여성,2,10대,경기도,고졸
4536,bd36c6e5667a418db3e1ca438582de31,여자,19,서울,고등학교,무직,여성,2,10대,서울특별시,고졸
4537,36810211e7e14604aa8566d3c6912922,여자,19,서울,고등학교,무직,여성,2,10대,서울특별시,고졸
4538,5cb0bcbc420c4f51bda65657262812a3,여자,19,부산,고등학교,무직,여성,2,10대,부산광역시,고졸
4539,27c831b7233b43d1bb7b666b39648555,여자,19,경기,고등학교,무직,여성,2,10대,경기도,고졸
4540,d7894a55dc914ac896ecc9f9d6db2b87,여자,19,부산,고등학교,무직,여성,2,10대,부산광역시,고졸
4541,613ace18d00242d2832b803d80f5b0cd,여자,19,서울,고등학교,무직,여성,2,10대,서울특별시,고졸
4542,a20d6079711f4a1ca5049df65de59a8d,여자,19,경기,고등학교,무직,여성,2,10대,경기도,고졸
4543,13e2b58710fe47418239d644cdb7ff85,여자,19,경기,고등학교,무직,여성,2,10대,경기도,고졸
4544,ae20e78dba8e46fbbdd7b0e85bd037bb,여자,19,전북,고등학교,무직,여성,2,10대,전북특별자치도,고졸
4545,f2fc6403b7f1439abdb4a95dcb62ac26,여자,19,대구,고등학교,무직,여성,2,10대,대구광역시,고졸
4546,d3896c269803495598303d4730770739,여자,19,경기,고등학교,무직,여성,2,10대,경기도,고졸
4547,66165fbadf0a4d84bca7d9ef69be716c,여자,19,전북,고등학교,무직,여성,2,10대,전북특별자치도,고졸
4548,88c2c874fc0d4d468cfa63d46c91b723,여자,19,경기,고등학교,무직,여성,2,10대,경기도,고졸
4549,1ebb8b6869a14e98b3754811c481e2c4,여자,19,경기,고등학교,무직,여성,2,10대,경기도,고졸
4550,9e3ec0a51947430b8f7f38bece97429c,여자,19,울산,중학교,무직,여성,2,10대,울산광역시,중졸
4551,233efef8912b46128b6eaf37c28fc744,여자,19,경상북,고등학교,무직,여성,2,10대,경상북도,고졸
4552,1f4eb8e606a14c5791c3ff5702332e8a,여자,19,충청북,고등학교,무직,여성,2,10대,충청북,고졸
4553,f8336a605a264e7f9fef02e4ff00ad63,여자,19,경상남,고등학교,무직,여성,2,10대,경상남도,고졸
4554,dc8ec67a11d4452099052d4e256d75d9,여자,19,강원,고등학교,무직,여성,2,10대,강원특별자치도,고졸
4555,4ca8e19e45454b61996aac218cb75981,여자,19,세종,고등학교,무직,여성,2,10대,세종특별자치시,고졸
4556,011f75717a0c48b38c38f8d9c1a86613,여자,19,충청북,고등학교,무직,여성,2,10대,충청북,고졸
4557,31a16bfa337d4eadbf39d3443dedb5a8,여자,19,경상북,고등학교,무직,여성,2,10대,경상북도,고졸
4558,a7efd76083ca4dc6968c405d5cb2005c,여자,19,경상남,고등학교,무직,여성,2,10대,경상남도,고졸
4559,8c13f2790037444c870859fb6ac16f7a,여자,19,경상남,고등학교,무직,여성,2,10대,경상남도,고졸
4560,0d53376cb0754afa926a9e57251e7e6b,여자,19,경상남,고등학교,무직,여성,2,10대,경상남도,고졸
4561,c5f20b54046242c78db0f9c4b7dd9330,여자,19,서울,고등학교,무직,여성,2,10대,서울특별시,고졸
4562,91d1e393f33645c688ccbf354e2bf4a4,여자,19,서울,중학교,무직,여성,2,10대,서울특별시,중졸
4563,29d2c2dea43546abaf6b7e0846919a70,여자,19,서울,고등학교,무직,여성,2,10대,서울특별시,고졸
4564,8af857e90c1842e4a1aa76d780575da5,여자,19,인천,고등학교,무직,여성,2,10대,인천광역시,고졸
4565,27b0c2904abc42d58cd7c92172f1f8ae,여자,19,경기,고등학교,무직,여성,2,10대,경기도,고졸
4566,b40ce2f2ce074c278d84787754964e62,여자,19,충청북,중학교,무직,여성,2,10대,충청북,중졸
4567,a14c73dc37c04e9080599cbdf47d7795,여자,19,제주,고등학교,한식 조리사,여성,2,10대,제주특별자치도,고졸
4568,86f69fbb5c37498b9fdc71237daf2563,여자,28,대전,4년제 대학교,무직,여성,3,20대,대전광역시,대졸
4569,e6feaac818344a85aabcd18825ee6dbf,여자,24,충청북,4년제 대학교,무직,여성,3,20대,충청북,대졸
4570,8f301b7c1dcc487bac1b94a8a0160b5b,여자,26,경기,대학원,무직,여성,3,20대,경기도,대학원졸
4571,ae4b3c3c10ab4c5c89b5aa5028b9abb7,여자,22,경기,2~3년제 전문대학,무직,여성,3,20대,경기도,전문대졸
4572,c0d9ff3e1b624aa1b381aab476ae1385,여자,28,경기,2~3년제 전문대학,식품 영업원,여성,3,20대,경기도,전문대졸
4573,60193f4f459246eda8658e259021bf2c,여자,26,경기,4년제 대학교,무직,여성,3,20대,경기도,대졸
4574,b1c061bc67ba40e1bab09c9dcb293107,여자,24,강원,4년제 대학교,무직,여성,3,20대,강원특별자치도,대졸
4575,04701d5b139a4c26be735f923cbc5dcc,여자,23,경기,2~3년제 전문대학,무직,여성,3,20대,경기도,전문대졸
4576,2342ae8130b04405864c54ddc21ee59d,여자,20,대구,2~3년제 전문대학,무직,여성,3,20대,대구광역시,전문대졸
4577,1f00f7e9efee4dcb878cfcfd1de849ca,여자,28,인천,4년제 대학교,일반 간호사,여성,3,20대,인천광역시,대졸
4578,7acca9998bbd47b4a4fd8effcd5ed33e,여자,21,경기,2~3년제 전문대학,그 외 일반 영업원,여성,3,20대,경기도,전문대졸
4579,e69f1de56e794db8a98394d832a29ead,여자,27,서울,4년제 대학교,그 외 일반 영업원,여성,3,20대,서울특별시,대졸
4580,7f03e1d90691421a9f61871b13c432df,여자,28,세종,고등학교,무직,여성,3,20대,세종특별자치시,고졸
4581,e14b950bf0c94755851627a58275a51e,여자,29,광주,2~3년제 전문대학,무직,여성,3,20대,광주광역시,전문대졸
4582,6c95d243f9b643ce865961356b2b55e7,여자,23,경기,4년제 대학교,무직,여성,3,20대,경기도,대졸
4583,5864f2d8205b4477888d928e346c70fa,여자,20,서울,2~3년제 전문대학,온라인 쇼핑 판매원,여성,3,20대,서울특별시,전문대졸
4584,0d12cafeb69c42c998bd950b8585571d,여자,24,서울,대학원,경영 컨설턴트,여성,3,20대,서울특별시,대학원졸
4585,328a7b2045db44049c14c9bcb548954d,여자,27,경기,고등학교,의류 판매원,여성,3,20대,경기도,고졸
4586,179547c92de24458a56ee72e22fb19ff,여자,21,경기,2~3년제 전문대학,보험 사무원,여성,3,20대,경기도,전문대졸
4587,5a5135b69e6c42689039ea0baae43d77,여자,23,강원,4년제 대학교,무직,여성,3,20대,강원특별자치도,대졸
4588,af778c9485934029b950a23996777ca7,여자,28,전북,4년제 대학교,일반 비서,여성,3,20대,전북특별자치도,대졸
4589,c2d85a79c32c4462a565331a961ed212,여자,23,경상북,4년제 대학교,음식 서비스 종사원,여성,3,20대,경상북도,대졸
4590,3740c4b0d32e44f69935dc314c3ff928,여자,25,경상북,4년제 대학교,무직,여성,3,20대,경상북도,대졸
4591,3528c5cbe74c4ad5bc20c556da2b1835,여자,24,대전,4년제 대학교,마케팅 전문가,여성,3,20대,대전광역시,대졸
4592,c4479975246a4cc3bfe76be22b1adc5b,여자,27,경기,4년제 대학교,무직,여성,3,20대,경기도,대졸
4593,92140dbf32df4173992501a9edbbb1da,여자,22,서울,2~3년제 전문대학,"전직 상·하수 배관공, 현재 구직중",여성,3,20대,서울특별시,전문대졸
4594,122d0a750fed41df850d6da4c3805c88,여자,24,서울,고등학교,무직,여성,3,20대,서울특별시,고졸
4595,c221c5b0dd8742b69f01205e1adaff2a,여자,23,경기,중학교,그 외 서비스 관련 단순 종사원,여성,3,20대,경기도,중졸
4596,47c0f48e3e14459aae4a3dc8f922c851,여자,22,서울,4년제 대학교,경리 사무원,여성,3,20대,서울특별시,대졸
4597,d94560eabf87404bb4cb0a519e93cac1,여자,26,서울,대학원,무직,여성,3,20대,서울특별시,대학원졸
4598,de5051bd74ec4373a19d7edda0e645b2,여자,29,서울,4년제 대학교,공공행정 전문가,여성,3,20대,서울특별시,대졸
4599,6164d14f9ca14c1f84259dcb1d5251f9,여자,20,서울,2~3년제 전문대학,재무 관리자,여성,3,20대,서울특별시,전문대졸
4600,7ed734662db04ae298f9468361d40334,여자,23,경상남,2~3년제 전문대학,그 외 스포츠 및 레크리에이션 관련 전문가,여성,3,20대,경상남도,전문대졸
4601,080fdb4962244604ac13c5f8b8ad6804,여자,23,충청남,고등학교,무직,여성,3,20대,충청남,고졸
4602,b7d89408a57d4f17965b81ce805375a2,여자,27,울산,4년제 대학교,무직,여성,3,20대,울산광역시,대졸
4603,5377e2854321456a88c824a3389a60eb,여자,27,경기,초등학교,건물 청소원,여성,3,20대,경기도,초졸이하
4604,735dc2aa08224b4ab954ad24c6fb8455,여자,27,전라남,2~3년제 전문대학,일반 비서,여성,3,20대,전라남,전문대졸
4605,c34bdcbff2574e4d8b9dac202a748c90,여자,21,강원,2~3년제 전문대학,"전직 보육교사, 현재 구직중",여성,3,20대,강원특별자치도,전문대졸
4606,8d46513ac1944e06a5c82a0e83e76ed7,여자,25,서울,4년제 대학교,무직,여성,3,20대,서울특별시,대졸
4607,3b63e3fbbb1349faa4ceb49e6aa8108c,여자,23,인천,4년제 대학교,무직,여성,3,20대,인천광역시,대졸
4608,63458d2ab05e4dea87d1f13a96a41181,여자,22,울산,4년제 대학교,무직,여성,3,20대,울산광역시,대졸
4609,974a7adfcecb4ca1a7465be0208e4f84,여자,22,경기,고등학교,무직,여성,3,20대,경기도,고졸
4610,e12d28240f9b42c0af82d9a5966a61a5,여자,20,인천,2~3년제 전문대학,한식 조리사,여성,3,20대,인천광역시,전문대졸
4611,7bb177b1c7c844ca9fdcb84f372b6f61,여자,21,서울,고등학교,일반 비서,여성,3,20대,서울특별시,고졸
4612,d9ea4c3785d34df78949157a9a3891c9,여자,24,서울,4년제 대학교,무직,여성,3,20대,서울특별시,대졸
4613,95589525db724970b9a636f958534a27,여자,27,경상남,4년제 대학교,기업 고위 임원,여성,3,20대,경상남도,대졸
4614,d557fd0a9526419eb3d1db8f0e05f9d2,여자,26,부산,대학원,무직,여성,3,20대,부산광역시,대학원졸
4615,d174df92e5a74a8fa9182c148f54caf8,여자,26,경기,2~3년제 전문대학,회계 사무원,여성,3,20대,경기도,전문대졸
4616,fdff7078bbaa422a9975e6d790fe8ecc,여자,26,부산,2~3년제 전문대학,사무 보조원,여성,3,20대,부산광역시,전문대졸
4617,26d821daa0b84a4d83041a425982e978,여자,23,경상남,4년제 대학교,무직,여성,3,20대,경상남도,대졸
4618,923cb1fdd3b54c2590aec353ca4601c3,여자,22,서울,2~3년제 전문대학,음료 서비스 종사원,여성,3,20대,서울특별시,전문대졸
4619,59506013b67e4d8288bf87301aecca68,여자,25,대구,4년제 대학교,무직,여성,3,20대,대구광역시,대졸
4620,a364caee7c9046deae60ca5ce180b3e6,여자,20,충청북,2~3년제 전문대학,경·소형 화물차 운전원,여성,3,20대,충청북,전문대졸
4621,2c91a2a1fe3e458d96133cd435f8f8f9,여자,24,울산,고등학교,무직,여성,3,20대,울산광역시,고졸
4622,05c4f024adc24c74a44bc12c919c4724,여자,28,인천,고등학교,주방 보조원,여성,3,20대,인천광역시,고졸
4623,a8105be199a84398b8058ae9f207ea92,여자,26,경기,2~3년제 전문대학,사무 보조원,여성,3,20대,경기도,전문대졸
4624,2b7a598cc19744699bb0ae7062bcdb62,여자,21,서울,2~3년제 전문대학,사무 보조원,여성,3,20대,서울특별시,전문대졸
4625,f1e1e3a3c93347078d9b4c5c51423c92,여자,23,서울,대학원,국가행정 사무원,여성,3,20대,서울특별시,대학원졸
4626,09664a1cb4cd4520983cec6dc69c58cc,여자,25,경상남,4년제 대학교,무직,여성,3,20대,경상남도,대졸
4627,2988c5d79c394cf4a3c9cdc6d15cfdfc,여자,28,강원,2~3년제 전문대학,무직,여성,3,20대,강원특별자치도,전문대졸
4628,94620d5f2a37421d989815816e222e28,여자,28,경기,4년제 대학교,무직,여성,3,20대,경기도,대졸
4629,e28c7fd206794f14923ee81fe85f0b16,여자,22,전라남,2~3년제 전문대학,"전직 그 외 기능 관련 종사원, 현재 구직중",여성,3,20대,전라남,전문대졸
4630,b0011488f16d42a3b940af7298869438,여자,26,서울,4년제 대학교,한식 조리사,여성,3,20대,서울특별시,대졸
4631,aac78d8dfbd04f07a1b3500f707d1ffe,여자,21,전북,2~3년제 전문대학,그 외 의복 제조 관련 기능 종사원,여성,3,20대,전북특별자치도,전문대졸
4632,00a2b5bfe96c4a0fbc646db7753cd390,여자,27,부산,4년제 대학교,광고 전문가,여성,3,20대,부산광역시,대졸
4633,48e245a64a674c53a92e04b0ede4210a,여자,26,인천,4년제 대학교,무직,여성,3,20대,인천광역시,대졸
4634,c890de6399074ee3a87a03493f254045,여자,23,서울,4년제 대학교,음식 서비스 종사원,여성,3,20대,서울특별시,대졸
4635,5ab1e813740e4444a626dd3f03b8395b,여자,29,경기,고등학교,온라인 쇼핑 판매원,여성,3,20대,경기도,고졸
4636,e808e39e889240888e23f8254dd7c342,여자,24,서울,2~3년제 전문대학,그 외 조리사,여성,3,20대,서울특별시,전문대졸
4637,4a8d90f3d218467098353c3d26db7b6b,여자,23,인천,2~3년제 전문대학,무직,여성,3,20대,인천광역시,전문대졸
4638,1bdfd0af06d547c7b5aa3e7871e9952a,여자,22,서울,2~3년제 전문대학,무직,여성,3,20대,서울특별시,전문대졸
4639,8ae55f187eee44f28e3c00cf4bf1b2e6,여자,21,제주,2~3년제 전문대학,사진가,여성,3,20대,제주특별자치도,전문대졸
4640,58f956efbfd4429a828382226419405a,여자,27,서울,고등학교,무직,여성,3,20대,서울특별시,고졸
4641,0ed51bf3e0464391924826816cd77eaf,여자,23,제주,고등학교,한식 조리사,여성,3,20대,제주특별자치도,고졸
4642,fabe7194f73d4a72a9174b5a14fe010d,여자,25,경상남,고등학교,무직,여성,3,20대,경상남도,고졸
4643,cbf73add9fac4d329617003ba88c182c,여자,26,서울,고등학교,그 외 음식 서비스 종사원,여성,3,20대,서울특별시,고졸
4644,51adb5c30d6842218a32a77f16a77cce,여자,25,경기,2~3년제 전문대학,지방행정 사무원,여성,3,20대,경기도,전문대졸
4645,2fecbb26dbbd4c0da40f04c4fe5ae768,여자,23,광주,4년제 대학교,무직,여성,3,20대,광주광역시,대졸
4646,e2f007858ece48c7a976d42eee6caa4c,여자,24,충청남,4년제 대학교,무직,여성,3,20대,충청남,대졸
4647,4f0f4ae6f7784e6e9a55f1643a48ee3b,여자,27,경기,4년제 대학교,무직,여성,3,20대,경기도,대졸
4648,6c6613b8b65e468e9457db9946dab3f3,여자,29,서울,4년제 대학교,마케팅 전문가,여성,3,20대,서울특별시,대졸
4649,ec6da8210c0d418b9d0ce01c0e3f5fa7,여자,22,경기,4년제 대학교,무직,여성,3,20대,경기도,대졸
4650,58016f04afe8470baf118d2332324b5c,여자,24,경상남,4년제 대학교,무직,여성,3,20대,경상남도,대졸
4651,2d1677efa2cb4bf09ed110976148e9c1,여자,21,서울,2~3년제 전문대학,음료 서비스 종사원,여성,3,20대,서울특별시,전문대졸
4652,63da839dfe2f43268ea352bcedcd4bc4,여자,28,경기,4년제 대학교,무직,여성,3,20대,경기도,대졸
4653,ad39ee777746485c9637c278ea82687e,여자,21,경기,2~3년제 전문대학,마케팅 전문가,여성,3,20대,경기도,전문대졸
4654,925c2528fd2b456a937f1eb88c64f12c,여자,23,경상북,4년제 대학교,무직,여성,3,20대,경상북도,대졸
4655,33477340724d47329376e3ce40a25222,여자,25,부산,4년제 대학교,유치원 교사,여성,3,20대,부산광역시,대졸
4656,a4cf3a7f75b1471b863a9716177666b0,여자,20,서울,2~3년제 전문대학,무직,여성,3,20대,서울특별시,전문대졸
4657,4a3c5d9791964e278bdb74c713f341ce,여자,28,경기,무학,시설 경비원,여성,3,20대,경기도,무학
4658,81caf0abf5c74972a52b077013dba4e7,여자,28,서울,고등학교,무직,여성,3,20대,서울특별시,고졸
4659,c94fdcfe1bba45d3b2a1ed12ee28d4dc,여자,21,광주,2~3년제 전문대학,무직,여성,3,20대,광주광역시,전문대졸
4660,d5ad83037f0f42189a2a8592fa13d627,여자,20,서울,2~3년제 전문대학,무직,여성,3,20대,서울특별시,전문대졸
4661,77047ebc701946c9bbb3c91663e4524c,여자,29,경상북,4년제 대학교,무직,여성,3,20대,경상북도,대졸
4662,b57ea2a0187b4dd5a17eb4163cd45d65,여자,23,경기,고등학교,무직,여성,3,20대,경기도,고졸
4663,ccb91e804b684aa5a5bd15f70ca57432,여자,25,인천,고등학교,"전직 그 외 돌봄 및 보건 서비스 종사원, 현재 구직중",여성,3,20대,인천광역시,고졸
4664,fc2f933bb865437aa24049b1d66c1fa5,여자,21,경기,2~3년제 전문대학,유치원 교사,여성,3,20대,경기도,전문대졸
4665,05a58ce19a4640628814d839843fc482,여자,29,부산,고등학교,무직,여성,3,20대,부산광역시,고졸
4666,b8cb17f4cbfb468b90fa3d394636ef02,여자,20,경기,2~3년제 전문대학,무직,여성,3,20대,경기도,전문대졸
4667,20b1b6e548064498ba65dbd307e2e42e,여자,29,서울,4년제 대학교,무직,여성,3,20대,서울특별시,대졸
4668,951d0aec4a8b43e8ba34cdcbeb21ae4f,여자,20,대전,고등학교,무직,여성,3,20대,대전광역시,고졸
4669,433da4a4bfc9476ba927d516dfbde96a,여자,26,서울,4년제 대학교,방송 및 시나리오 작가,여성,3,20대,서울특별시,대졸
4670,6c26c920c21140de9dd58dd17f523990,여자,25,경기,2~3년제 전문대학,그 외 법률 관련 사무원,여성,3,20대,경기도,전문대졸
4671,8631490fa9f14f33a0266f329287ac9b,여자,21,경기,2~3년제 전문대학,무직,여성,3,20대,경기도,전문대졸
4672,aafa2ef855e246f1ac87896c50ef700b,여자,20,강원,2~3년제 전문대학,"전직 보육교사, 현재 구직중",여성,3,20대,강원특별자치도,전문대졸
4673,7f3f297ef921461f98fec51c323cdf4f,여자,27,경기,4년제 대학교,일반 비서,여성,3,20대,경기도,대졸
4674,06722117c68c445386c4c038b1f61eb0,여자,24,경기,2~3년제 전문대학,무직,여성,3,20대,경기도,전문대졸
4675,de5175cbaefd4064a1725b4c7948958e,여자,25,서울,4년제 대학교,그 외 기획 및 마케팅 사무원,여성,3,20대,서울특별시,대졸
4676,a1507f0af32e4870b656e80777e5cd26,여자,24,서울,4년제 대학교,"전직 상품 기획자, 현재 구직중",여성,3,20대,서울특별시,대졸
4677,2f61051cf2074c919c2b81d3149a00a4,여자,20,인천,2~3년제 전문대학,무직,여성,3,20대,인천광역시,전문대졸
4678,e322323107474ecfb49cd8f53edafed1,여자,27,제주,4년제 대학교,무직,여성,3,20대,제주특별자치도,대졸
4679,ca9b57925c734abcba7a24e6a6dea13b,여자,26,부산,4년제 대학교,전화 상담원,여성,3,20대,부산광역시,대졸
4680,b8ecae96fafa4805965fac947137a529,여자,21,부산,2~3년제 전문대학,국가행정 사무원,여성,3,20대,부산광역시,전문대졸
4681,11d358a956984e769a4354d66d0169ec,여자,28,경상남,2~3년제 전문대학,재무 관리자,여성,3,20대,경상남도,전문대졸
4682,7c9be847b1ff402fad2765b942b895f5,여자,29,부산,4년제 대학교,그 외 전기공학 기술자 및 연구원,여성,3,20대,부산광역시,대졸
4683,f028f1436cc34cc3b0edcc6559a17317,여자,29,서울,4년제 대학교,무직,여성,3,20대,서울특별시,대졸
4684,c19b615a9ebc418eb649d997846c09c5,여자,21,광주,2~3년제 전문대학,무직,여성,3,20대,광주광역시,전문대졸
4685,f7d450462a87480da8db229ee2f9dee3,여자,21,경기,2~3년제 전문대학,조세행정 사무원,여성,3,20대,경기도,전문대졸
4686,6d3135c0aa6d4c17a056b6caf39ba0ad,여자,26,서울,4년제 대학교,무직,여성,3,20대,서울특별시,대졸
4687,6c774a9412124f12a21646bfb700f97f,여자,23,서울,4년제 대학교,무직,여성,3,20대,서울특별시,대졸
4688,15615527da06452f9a19492040f3dc99,여자,22,경기,고등학교,무직,여성,3,20대,경기도,고졸
4689,d3ec5a89f7544cf59eb5fffa60d0900c,여자,20,대전,2~3년제 전문대학,한식 조리사,여성,3,20대,대전광역시,전문대졸
4690,d76bbfcb312b46108bd0d9ee43a23e8a,여자,26,경기,4년제 대학교,관리 비서,여성,3,20대,경기도,대졸
4691,53682c9c8e694c13811411912dac5756,여자,26,대구,2~3년제 전문대학,무직,여성,3,20대,대구광역시,전문대졸
4692,006a6a498a4147aca208c058b1ea0672,여자,27,대구,4년제 대학교,유치원 교사,여성,3,20대,대구광역시,대졸
4693,d5f9e2778bd4407d9e78ba13ba568c03,여자,28,대전,4년제 대학교,무직,여성,3,20대,대전광역시,대졸
4694,fd3b844da9134eeabd9aaa9adf887d92,여자,24,부산,2~3년제 전문대학,무직,여성,3,20대,부산광역시,전문대졸
4695,bda207035e79424e9edcf9f9dd381482,여자,25,광주,4년제 대학교,무직,여성,3,20대,광주광역시,대졸
4696,30974b51c410432c989289638151a871,여자,21,경기,2~3년제 전문대학,무직,여성,3,20대,경기도,전문대졸
4697,3c4de30ce31d4a298d8ebd462f2f3d69,여자,27,서울,고등학교,"전직 그 외 자동차 운전원, 현재 구직중",여성,3,20대,서울특별시,고졸
4698,2477b85a058243a3baf752a1cfd9e289,여자,25,경상남,4년제 대학교,무직,여성,3,20대,경상남도,대졸
4699,d4627da106d54bda9436f89a355c2da4,여자,20,서울,고등학교,그 외 조리사,여성,3,20대,서울특별시,고졸
4700,16e0dfaa09814266b8876b3ed12a56fc,여자,28,부산,4년제 대학교,회계 사무원,여성,3,20대,부산광역시,대졸
4701,9cda019d84ac4a90abb4c860b9840df2,여자,23,서울,고등학교,시설 경비원,여성,3,20대,서울특별시,고졸
4702,44b6ba3e79b54931a7c30bafba93de7a,여자,24,전북,4년제 대학교,치과위생사,여성,3,20대,전북특별자치도,대졸
4703,80a82ef06594441db7c3b0999f2c1b27,여자,22,경기,고등학교,무직,여성,3,20대,경기도,고졸
4704,fb473826bea24cb2b0c79b59f3bf7bd3,여자,28,서울,4년제 대학교,무직,여성,3,20대,서울특별시,대졸
4705,47f8bca3741d4b5883abdc3059b153b6,여자,23,경기,4년제 대학교,무직,여성,3,20대,경기도,대졸
4706,4f365f7dc8de43329225b33dba0281d8,여자,23,서울,4년제 대학교,무직,여성,3,20대,서울특별시,대졸
4707,8a50535781924ee7a88115a741acc350,여자,24,대구,2~3년제 전문대학,무직,여성,3,20대,대구광역시,전문대졸
4708,3cd20936099d43b9812bdc50d4aab7a6,여자,26,서울,4년제 대학교,공공행정 사무원,여성,3,20대,서울특별시,대졸
4709,7005bda7672f400693eaddea94db32dc,여자,27,경상북,고등학교,웹 프로그래머,여성,3,20대,경상북도,고졸
4710,0d7d8479aecf48dcab0033e5f431165b,여자,26,부산,고등학교,교육 및 훈련 사무원,여성,3,20대,부산광역시,고졸
4711,8548361a80934705919f16b01a63a04e,여자,24,경상남,4년제 대학교,전화 상담원,여성,3,20대,경상남도,대졸
4712,f8e071b2500c44c4ad880113200fa359,여자,23,경기,4년제 대학교,무직,여성,3,20대,경기도,대졸
4713,12054c8139f04e2f9f06dc76e3518630,여자,25,서울,4년제 대학교,보육교사,여성,3,20대,서울특별시,대졸
4714,5ba82f2b0fe347069bf528023956ef83,여자,21,경기,2~3년제 전문대학,무직,여성,3,20대,경기도,전문대졸
4715,05f87cdefd624e4c9972eaeec495ceb3,여자,28,경기,4년제 대학교,마케팅 전문가,여성,3,20대,경기도,대졸
4716,9eb4382fccab4a9cb408a7ebd72ba850,여자,24,경기,2~3년제 전문대학,판매 관련 관리자,여성,3,20대,경기도,전문대졸
4717,41abbb40ec99411eb5a3e8cb52110a97,여자,20,대전,2~3년제 전문대학,무직,여성,3,20대,대전광역시,전문대졸
4718,36076f08a9fa46c39e4d947c1e3ee611,여자,24,경기,2~3년제 전문대학,무직,여성,3,20대,경기도,전문대졸
4719,e5c79c1c66d446a08a4934c925b8327d,여자,26,서울,4년제 대학교,건축 제도사,여성,3,20대,서울특별시,대졸
4720,cafb88d263214a2fbf716fd81927975d,여자,26,경기,2~3년제 전문대학,"전직 해양 경찰관 및 수사관, 현재 구직중",여성,3,20대,경기도,전문대졸
4721,0e588a180adf475faeea3ea1b7958136,여자,26,경기,2~3년제 전문대학,그 외 생명과학 시험원,여성,3,20대,경기도,전문대졸
4722,17597a25aba44bf98d497c1cfcdffaa7,여자,22,서울,고등학교,음료 서비스 종사원,여성,3,20대,서울특별시,고졸
4723,bdaf922eebc342059a8b86e6e7d433a4,여자,24,광주,4년제 대학교,이벤트 전문가,여성,3,20대,광주광역시,대졸
4724,85d0988a528a43c4b5d485220fbf7832,여자,29,인천,4년제 대학교,무직,여성,3,20대,인천광역시,대졸
4725,8ab524c125214add943eee3a97caf27a,여자,21,경기,2~3년제 전문대학,의무 기록사,여성,3,20대,경기도,전문대졸
4726,b44eb74d7bfa407bba531b7fdc20f86b,여자,21,대전,2~3년제 전문대학,"전직 해외 영업원, 현재 구직중",여성,3,20대,대전광역시,전문대졸
4727,e319ffade1074091b267fea99c3c534a,여자,22,경기,2~3년제 전문대학,한식 조리사,여성,3,20대,경기도,전문대졸
4728,92ffaa54c38242beb56047798544d258,여자,29,서울,4년제 대학교,무직,여성,3,20대,서울특별시,대졸
4729,6f66e1e87a9f4dc086911ed03d9541a2,여자,25,대구,4년제 대학교,무직,여성,3,20대,대구광역시,대졸
4730,2eadf173437f4e7c8d9978577b0f5515,여자,28,서울,4년제 대학교,무직,여성,3,20대,서울특별시,대졸
4731,d6b7128e2d0e4521b0de112b7485898e,여자,27,대구,4년제 대학교,입학 사정관,여성,3,20대,대구광역시,대졸
4732,b5e875b3166c44739210f1e3906bf01e,여자,21,부산,2~3년제 전문대학,무직,여성,3,20대,부산광역시,전문대졸
4733,dfe12ec48c664f0e9798577e99020d52,여자,25,경기,2~3년제 전문대학,무직,여성,3,20대,경기도,전문대졸
4734,b40b557ad27343cb98b55af1e2f462a0,여자,27,인천,2~3년제 전문대학,그 외 기능 관련 종사원,여성,3,20대,인천광역시,전문대졸
4735,fc7e2bd7882e4113b90ededed9d320aa,여자,28,서울,고등학교,전화 상담원,여성,3,20대,서울특별시,고졸
4736,fec9cc2e8d7b4278a6150a4baa68ffe6,여자,29,인천,4년제 대학교,무직,여성,3,20대,인천광역시,대졸
4737,6d260566102647aeaed0da551ce5650f,여자,26,경상북,2~3년제 전문대학,건물 내 전기 설치 및 정비원,여성,3,20대,경상북도,전문대졸
4738,f1e651c614a2421aa3375d830ebd2828,여자,26,서울,4년제 대학교,무직,여성,3,20대,서울특별시,대졸
4739,97bc9edabce74c8582d5ba0886392aa8,여자,20,경기,2~3년제 전문대학,무직,여성,3,20대,경기도,전문대졸
4740,b541061e1066408baed81a12fe405912,여자,28,전라남,4년제 대학교,일반 비서,여성,3,20대,전라남,대졸
4741,ae864eeeb69b402ea4286b2a28c10b40,여자,28,인천,4년제 대학교,상품 기획자,여성,3,20대,인천광역시,대졸
4742,c6a8ae8f5b084badaf1b70c87d69fafa,여자,28,경기,4년제 대학교,소년원 학교 교사,여성,3,20대,경기도,대졸
4743,ec7fbcb00691474dafefe1d1243c118c,여자,23,인천,고등학교,간호조무사,여성,3,20대,인천광역시,고졸
4744,cca5b1567e4c413d82f75d9815ea7f17,여자,25,서울,2~3년제 전문대학,무직,여성,3,20대,서울특별시,전문대졸
4745,07dd018d3fb24aa093bef3d9af8fe1ee,여자,27,부산,4년제 대학교,경영 컨설턴트,여성,3,20대,부산광역시,대졸
4746,ffd3305f39f94c658dd84d7119f59af6,여자,25,서울,고등학교,관세행정 사무원,여성,3,20대,서울특별시,고졸
4747,6a2bd03400534475baa935df262bfb43,여자,26,서울,2~3년제 전문대학,관리 비서,여성,3,20대,서울특별시,전문대졸
4748,c7550f1bfc4c4e8fb2b2f1109ef1da35,여자,29,경기,4년제 대학교,그 외 제품 디자이너,여성,3,20대,경기도,대졸
4749,c59ad6cf360049d3833f26399af2053d,여자,25,경기,4년제 대학교,무직,여성,3,20대,경기도,대졸
4750,f2bc1488133a482db9eeb2dffc499304,여자,27,경기,고등학교,무직,여성,3,20대,경기도,고졸
4751,5ba09e5f5bd84b688aa8dfebec7869c1,여자,27,경기,4년제 대학교,무직,여성,3,20대,경기도,대졸
4752,3c6a678dd4fe460bb773ea6cf8b5de0a,여자,21,서울,2~3년제 전문대학,"전직 일반 간호사, 현재 구직중",여성,3,20대,서울특별시,전문대졸
4753,eec9732f67cf4cbcafa405bfe962414c,여자,26,강원,2~3년제 전문대학,무직,여성,3,20대,강원특별자치도,전문대졸
4754,3e7fad82a68648a3923f49a153e883d5,여자,28,경기,4년제 대학교,의료과학 시험원,여성,3,20대,경기도,대졸
4755,fe7663e9ed48462f8d4a4ec4238a4369,여자,29,서울,4년제 대학교,"전직 마케팅 관리자, 현재 구직중",여성,3,20대,서울특별시,대졸
4756,18d1f426ebc446748bf56cf018e42893,여자,20,충청남,고등학교,무직,여성,3,20대,충청남,고졸
4757,b83be603d3bb48f8b59492dce82c4444,여자,22,부산,4년제 대학교,무직,여성,3,20대,부산광역시,대졸
4758,c9c22542ec71443486e911ac415b52ce,여자,25,인천,2~3년제 전문대학,무직,여성,3,20대,인천광역시,전문대졸
4759,ec065d25c5f74df6bb286c24fffd7e8a,여자,28,대전,고등학교,무직,여성,3,20대,대전광역시,고졸
4760,fbfa7611796747698c7ea3936956497f,여자,27,서울,4년제 대학교,보험 사무원,여성,3,20대,서울특별시,대졸
4761,bd1fd1aca15648ed9975a8622b6e981b,여자,20,서울,2~3년제 전문대학,양식 조리사,여성,3,20대,서울특별시,전문대졸
4762,3b880a0c605a4098a49f754a69f21bc5,여자,28,강원,2~3년제 전문대학,무직,여성,3,20대,강원특별자치도,전문대졸
4763,4b494c4f12b64fea88216bd6b5d43a29,여자,20,충청북,2~3년제 전문대학,관세행정 사무원,여성,3,20대,충청북,전문대졸
4764,28cef5d82461443fa4e2271345cabedb,여자,21,서울,2~3년제 전문대학,그 외 숙박시설 서비스원,여성,3,20대,서울특별시,전문대졸
4765,024518eab50f4e86b4414fb2720598a6,여자,21,강원,2~3년제 전문대학,보육교사,여성,3,20대,강원특별자치도,전문대졸
4766,1838c122fcb14290989af36a3d0d0644,여자,27,전북,고등학교,가사 도우미,여성,3,20대,전북특별자치도,고졸
4767,a4c06092e0714f9bacc11a595962b032,여자,28,경기,4년제 대학교,웨딩플래너,여성,3,20대,경기도,대졸
4768,87cc1671d64947ce8fd9d441ed92895d,여자,28,서울,4년제 대학교,무직,여성,3,20대,서울특별시,대졸
4769,57f140f78a1e4d109f3f6f6a0ea6ec0f,여자,21,인천,2~3년제 전문대학,무직,여성,3,20대,인천광역시,전문대졸
4770,97868aaa25ac44c697d59c265271e08a,여자,20,서울,2~3년제 전문대학,일반 비서,여성,3,20대,서울특별시,전문대졸
4771,48d17c1db9b3478da7c8f7512e346190,여자,23,경기,2~3년제 전문대학,한식 조리사,여성,3,20대,경기도,전문대졸
4772,058c3da520b64f68a0c65f7c8945f09b,여자,26,부산,4년제 대학교,그 외 음식 서비스 종사원,여성,3,20대,부산광역시,대졸
4773,caa950b584514184b905821554bae4d0,여자,21,대구,2~3년제 전문대학,무직,여성,3,20대,대구광역시,전문대졸
4774,b46cf55d3dd94cad8f81121ad4fc0eee,여자,29,경상남,2~3년제 전문대학,그 외 전기·전자기기 설치 및 수리원,여성,3,20대,경상남도,전문대졸
4775,b3d09a448bc4417ea74a1e86aab75d64,여자,21,충청남,고등학교,무직,여성,3,20대,충청남,고졸
4776,3a9abc7fe387452a910817436ae0b292,여자,28,경기,대학원,치과 일반 의사,여성,3,20대,경기도,대학원졸
4777,c2621fa648554b72a0de3b75a74ff298,여자,26,경기,대학원,무직,여성,3,20대,경기도,대학원졸
4778,ac453475803c4092b95674b5f34bd481,여자,24,서울,2~3년제 전문대학,그 외 상점 판매원,여성,3,20대,서울특별시,전문대졸
4779,41dd0c46d7ea4bf0a6ce72dfd8873717,여자,29,경기,4년제 대학교,주방장,여성,3,20대,경기도,대졸
4780,845e66dce256449092649ca2723de829,여자,23,대구,4년제 대학교,경리 사무원,여성,3,20대,대구광역시,대졸
4781,4854ecc58c0f47fe81dcac3a6d393ba3,여자,29,전북,4년제 대학교,무직,여성,3,20대,전북특별자치도,대졸
4782,e25600227d1e45cf8ec765d92da6d0d7,여자,21,경상북,2~3년제 전문대학,무직,여성,3,20대,경상북도,전문대졸
4783,893b9af553354125a41498c956742ec0,여자,22,경기,4년제 대학교,유치원 교사,여성,3,20대,경기도,대졸
4784,894617c69392467e8abf4f98ee354d8a,여자,22,경기,4년제 대학교,무직,여성,3,20대,경기도,대졸
4785,c88bac735ec54d948d94d400677ceb14,여자,23,인천,4년제 대학교,"전직 보육교사, 현재 구직중",여성,3,20대,인천광역시,대졸
4786,015c02c11745419db60d65598fa560a7,여자,28,경기,4년제 대학교,보육교사,여성,3,20대,경기도,대졸
4787,4ac1f5facf27414891d7b65a05a0c4cb,여자,24,경상북,4년제 대학교,일반 비서,여성,3,20대,경상북도,대졸
4788,599de9a836c747a884d0301455813271,여자,20,경기,2~3년제 전문대학,무직,여성,3,20대,경기도,전문대졸
4789,a4fbd7aa19da486689d93379afadab2e,여자,25,경기,4년제 대학교,무직,여성,3,20대,경기도,대졸
4790,937770a2ce814ff2aa2d2bc97fb4ab8c,여자,28,서울,고등학교,무직,여성,3,20대,서울특별시,고졸
4791,bc84a62afc0a4f23ba34e371e9caa3f1,여자,29,서울,대학원,조세행정 사무원,여성,3,20대,서울특별시,대학원졸
4792,d341b1a902aa4c609df8ad0f8f5e8ba9,여자,24,대구,2~3년제 전문대학,학습지 방문강사,여성,3,20대,대구광역시,전문대졸
4793,80356b6b5f1340b59003fac6c6d3a98d,여자,22,경기,4년제 대학교,무직,여성,3,20대,경기도,대졸
4794,8b93b8029eef48d59571ec73c76d4ce7,여자,23,전라남,고등학교,무직,여성,3,20대,전라남,고졸
4795,5eae9c4cba814934ba9e2a2617333234,여자,29,경상북,4년제 대학교,무직,여성,3,20대,경상북도,대졸
4796,cc7614e469a940219529be07b5306147,여자,26,서울,대학원,무직,여성,3,20대,서울특별시,대학원졸
4797,6edf08bc65964adba89d2c63c87b45e5,여자,25,전북,2~3년제 전문대학,사무 보조원,여성,3,20대,전북특별자치도,전문대졸
4798,622045c52e8c489091dcaa8eb2884113,여자,20,부산,2~3년제 전문대학,그 외 숙박시설 서비스원,여성,3,20대,부산광역시,전문대졸
4799,ddd6402602ae48a59cc7aa5c034182fc,여자,22,서울,고등학교,조세행정 사무원,여성,3,20대,서울특별시,고졸
4800,e4cdf42adb5e4611a9cc02e1bc7d2c81,여자,25,대전,4년제 대학교,"전직 관세행정 사무원, 현재 구직중",여성,3,20대,대전광역시,대졸
4801,e1ef6f5a52ff43fd86135a89579accc0,여자,25,서울,4년제 대학교,무직,여성,3,20대,서울특별시,대졸
4802,8ffeec2eb9824521aee62e95e5bbc4ac,여자,29,인천,고등학교,사무 보조원,여성,3,20대,인천광역시,고졸
4803,ceff2516507d4db19f52d1486933b083,여자,20,경기,고등학교,무직,여성,3,20대,경기도,고졸
4804,bc61d884059d4e0d95f79c2dd09e8ed6,여자,26,경기,2~3년제 전문대학,국가행정 사무원,여성,3,20대,경기도,전문대졸
4805,f046305a470b423cb9e4b5e10726a8ba,여자,24,서울,4년제 대학교,화학물 여과기 및 분리기 조작원,여성,3,20대,서울특별시,대졸
4806,bfbe32aafb844d75badf313ed4e1420b,여자,29,인천,4년제 대학교,회계 사무원,여성,3,20대,인천광역시,대졸
4807,7efd59a842784824a9ff606effda2ca1,여자,20,경상북,2~3년제 전문대학,일반 비서,여성,3,20대,경상북도,전문대졸
4808,82aaa8839c354155aafdfea64a1937e4,여자,23,대전,2~3년제 전문대학,무직,여성,3,20대,대전광역시,전문대졸
4809,dd78ec35cb854a589ffa5ef15c026eec,여자,29,경기,2~3년제 전문대학,무직,여성,3,20대,경기도,전문대졸
4810,897dc7a0ce8d46faa767f217fbf4ec38,여자,22,서울,4년제 대학교,"전직 그 외 상점 판매원, 현재 구직중",여성,3,20대,서울특별시,대졸
4811,c3fb4b336f0d4d9790e3d4291604bc84,여자,23,서울,4년제 대학교,무직,여성,3,20대,서울특별시,대졸
4812,3179db1114564bba91b05f11ff40da8c,여자,26,인천,4년제 대학교,전화 상담원,여성,3,20대,인천광역시,대졸
4813,0d32ffe079104fab942846b2bfe0e6db,여자,29,인천,4년제 대학교,전화 상담원,여성,3,20대,인천광역시,대졸
4814,c200b7b0ee104e7ea7cb0907adc53ad1,여자,29,서울,2~3년제 전문대학,건물 내 전기 설치 및 정비원,여성,3,20대,서울특별시,전문대졸
4815,4a939bb02ab94f5cac8d6041e360c7c1,여자,24,서울,4년제 대학교,보육교사,여성,3,20대,서울특별시,대졸
4816,f35ac0149817490bada78eec9e1f1554,여자,24,경기,고등학교,"전직 주방 보조원, 현재 구직중",여성,3,20대,경기도,고졸
4817,e42c8f83fa63480ea7df35e1dd6a08ba,여자,20,서울,2~3년제 전문대학,음식 서비스 종사원,여성,3,20대,서울특별시,전문대졸
4818,81b00550c28c45d7bc0b1c536dbf0d59,여자,28,경기,2~3년제 전문대학,무직,여성,3,20대,경기도,전문대졸
4819,c94dc22b4a4e4c018422b996d9ed88d3,여자,20,서울,2~3년제 전문대학,"전직 보육교사, 현재 구직중",여성,3,20대,서울특별시,전문대졸
4820,9541e53a31a5463f8ae5ca42ac0e3b2d,여자,23,경기,4년제 대학교,한식 조리사,여성,3,20대,경기도,대졸
4821,2dce74a8089d447eb2a87c76898cb820,여자,21,서울,고등학교,노인 및 장애인 돌봄 서비스 종사원,여성,3,20대,서울특별시,고졸
4822,62d3841f8af94821bb30236d9c6eb150,여자,27,부산,4년제 대학교,정보 시스템 운영자,여성,3,20대,부산광역시,대졸
4823,9e95190ce60e44d3800beeb2544cb74f,여자,29,서울,4년제 대학교,일반 비서,여성,3,20대,서울특별시,대졸
4824,4fb57c82fb3c46af8458904ddd6d8eb2,여자,27,경기,4년제 대학교,무직,여성,3,20대,경기도,대졸
4825,a78f44aca2604539953d300dd8366190,여자,24,전북,2~3년제 전문대학,경리 사무원,여성,3,20대,전북특별자치도,전문대졸
4826,75ed2ffaa6484f629ed93719ead767e8,여자,23,인천,4년제 대학교,무직,여성,3,20대,인천광역시,대졸
4827,e8954e62ccbf4d9295698350fca2d66b,여자,27,서울,4년제 대학교,광고 및 홍보 관리자,여성,3,20대,서울특별시,대졸
4828,c84559b28d094b879760ef5f19bf98d6,여자,29,서울,2~3년제 전문대학,회계 사무원,여성,3,20대,서울특별시,전문대졸
4829,02beb39f50aa4390a3683325384a2f83,여자,27,경기,무학,무직,여성,3,20대,경기도,무학
4830,f222e12bb61b4de7842e28276f89c319,여자,22,경기,고등학교,무직,여성,3,20대,경기도,고졸
4831,005cf5bd85204727b0f243f25c020a78,여자,20,대전,2~3년제 전문대학,무직,여성,3,20대,대전광역시,전문대졸
4832,e3908544582d46a2a96beabf85e741bd,여자,21,경기,2~3년제 전문대학,무직,여성,3,20대,경기도,전문대졸
4833,46b81a8a776a4e7fb50197410126f840,여자,24,서울,고등학교,건물 청소원,여성,3,20대,서울특별시,고졸
4834,2c38971b63e4455badfb4d694468c128,여자,26,경기,4년제 대학교,시스템 소프트웨어 프로그래머,여성,3,20대,경기도,대졸
4835,db46be6bb6cd4fbc917222f153ad2211,여자,21,대구,2~3년제 전문대학,무직,여성,3,20대,대구광역시,전문대졸
4836,6c623d8eb9214ab79a5acbf759d3918f,여자,24,전북,4년제 대학교,무직,여성,3,20대,전북특별자치도,대졸
4837,db3ed19cf06c4df4aef4d3d806107208,여자,28,서울,고등학교,무직,여성,3,20대,서울특별시,고졸
4838,0f80d6276489420daeef05dfd8fc3d8a,여자,26,부산,4년제 대학교,무직,여성,3,20대,부산광역시,대졸
4839,4158d5c3f4ea4b56b9ed07ecbe770e12,여자,29,서울,4년제 대학교,무직,여성,3,20대,서울특별시,대졸
4840,815d8888c0754ba099952c9ab2344ff1,여자,27,서울,4년제 대학교,유치원 교사,여성,3,20대,서울특별시,대졸
4841,2ac2215b50cf40fe9067a136cabf19d0,여자,23,충청남,4년제 대학교,학습지 방문강사,여성,3,20대,충청남,대졸
4842,e24e7b56d9d7480cbae7c67eda9e7893,여자,23,경기,4년제 대학교,유치원 교사,여성,3,20대,경기도,대졸
4843,0a799bdad9564eb49e5f3e27ce87cb06,여자,25,경기,2~3년제 전문대학,토목 제도사,여성,3,20대,경기도,전문대졸
4844,f1e8889982ad4f7b9fcf0b6037e96cdd,여자,27,서울,4년제 대학교,무직,여성,3,20대,서울특별시,대졸
4845,57ff60b60f1b4ba886c896df4a10fd32,여자,29,서울,4년제 대학교,무직,여성,3,20대,서울특별시,대졸
4846,2f3623d230c64b20b2bf088eeaf717d2,여자,27,대구,2~3년제 전문대학,무직,여성,3,20대,대구광역시,전문대졸
4847,d59b4efc232a41c6b716ce71ab50e52d,여자,25,서울,2~3년제 전문대학,무직,여성,3,20대,서울특별시,전문대졸
4848,ed84570aa9fd4f459066a4cf3d9547eb,여자,20,대구,2~3년제 전문대학,사회복지사,여성,3,20대,대구광역시,전문대졸
4849,7bc10182763e4f8c8512a39f6aaf3d83,여자,22,서울,4년제 대학교,광고 및 홍보 사무원,여성,3,20대,서울특별시,대졸
4850,52f0373ae43c40e2889df7a74bf69b1f,여자,26,경상남,4년제 대학교,보육 관련 시설 서비스 종사원,여성,3,20대,경상남도,대졸
4851,501b32de32814404bfec618fffc88c38,여자,26,인천,고등학교,무직,여성,3,20대,인천광역시,고졸
4852,7bb106fbd06c4c3d942b38ebe8149a41,여자,28,서울,4년제 대학교,무직,여성,3,20대,서울특별시,대졸
4853,00df48558c894cd8a67a901fda439f6b,여자,25,서울,4년제 대학교,무직,여성,3,20대,서울특별시,대졸
4854,f52cd741c27d40279b054bb57ad8834b,여자,21,경기,2~3년제 전문대학,무직,여성,3,20대,경기도,전문대졸
4855,685a6e8177e748efa00ed7216338de06,여자,22,경기,2~3년제 전문대학,무직,여성,3,20대,경기도,전문대졸
4856,6e6f4449d7c64c7485da3b98ce839de3,여자,27,경상남,고등학교,간호조무사,여성,3,20대,경상남도,고졸
4857,9563b2f1ef374a1f9321b6926e3ecd0a,여자,29,부산,4년제 대학교,사회복지사,여성,3,20대,부산광역시,대졸
4858,7f486d6967594e35bc147a5685601386,여자,25,부산,4년제 대학교,무직,여성,3,20대,부산광역시,대졸
4859,83ba6368df694d6b8f7469b1bc5472aa,여자,29,울산,고등학교,무직,여성,3,20대,울산광역시,고졸
4860,44eb0447eda348189249250aaed97c0d,여자,28,경기,4년제 대학교,일반 간호사,여성,3,20대,경기도,대졸
4861,e251a288c2134ca59c015e2e37898c25,여자,29,서울,4년제 대학교,무직,여성,3,20대,서울특별시,대졸
4862,6475d809671f452b8580a276337adea7,여자,21,인천,2~3년제 전문대학,도시 계획 및 설계가,여성,3,20대,인천광역시,전문대졸
4863,fe58fb2e1d284caf9ac357f9927d1a2b,여자,29,경기,4년제 대학교,공군 부사관,여성,3,20대,경기도,대졸
4864,3f2565c4710745178dab373a25450b3d,여자,23,서울,2~3년제 전문대학,무직,여성,3,20대,서울특별시,전문대졸
4865,1fa8819b83e64eeb8485f5bb5ed57682,여자,28,대구,4년제 대학교,무직,여성,3,20대,대구광역시,대졸
4866,368cd7032a4042bf9d02017c3fe4726b,여자,26,서울,2~3년제 전문대학,무직,여성,3,20대,서울특별시,전문대졸
4867,8dfd068ff3a14355bf8c3c2c7084a895,여자,23,서울,4년제 대학교,일반 비서,여성,3,20대,서울특별시,대졸
4868,6bea20c93f034f0680760c1920eb231b,여자,23,서울,2~3년제 전문대학,무직,여성,3,20대,서울특별시,전문대졸
4869,750ded95b91d481995a7442a7b8170d7,여자,22,부산,4년제 대학교,무직,여성,3,20대,부산광역시,대졸
4870,5ec094aa628e42d5870a41bcb206d16b,여자,24,강원,고등학교,학습지 방문강사,여성,3,20대,강원특별자치도,고졸
4871,656d5797d9c541f2b71d0f9d0f4fc095,여자,29,서울,4년제 대학교,소규모 상점 경영자,여성,3,20대,서울특별시,대졸
4872,9af97204b81743d69a7c108eef0a59a6,여자,28,경기,4년제 대학교,무직,여성,3,20대,경기도,대졸
4873,c4ea0977db46479ea61d3ae609e6e829,여자,29,서울,고등학교,날염기 조작원,여성,3,20대,서울특별시,고졸
4874,4090d845d64b4caabf699873d538842d,여자,25,인천,고등학교,무직,여성,3,20대,인천광역시,고졸
4875,a008558ef7d740d4b861501734a969b8,여자,21,광주,2~3년제 전문대학,무직,여성,3,20대,광주광역시,전문대졸
4876,7c9be847b1ff402fad2765b942b895f5,여자,29,부산,4년제 대학교,그 외 전기공학 기술자 및 연구원,여성,3,20대,부산광역시,대졸
4877,2df35a02b3264640b60c149efa25fa45,여자,22,경기,4년제 대학교,무직,여성,3,20대,경기도,대졸
4878,d1c702e419584697ab6df1d332f2d82b,여자,22,강원,4년제 대학교,무직,여성,3,20대,강원특별자치도,대졸
4879,8b8bbfad4b4f4b8ca52b60cc6743c1ff,여자,21,경기,고등학교,무직,여성,3,20대,경기도,고졸
4880,983c9c35e68c4fd097755a023dcd9f7c,여자,28,강원,고등학교,무직,여성,3,20대,강원특별자치도,고졸
4881,c1048156e4dc497ea4c85b7195b30de5,여자,21,충청남,2~3년제 전문대학,사무 보조원,여성,3,20대,충청남,전문대졸
4882,063fc351c6dd4804bea78f35bfa41c02,여자,29,서울,4년제 대학교,마케팅 전문가,여성,3,20대,서울특별시,대졸
4883,cc0f2ce11e3e4772b40791a73e9cbf1f,여자,20,인천,2~3년제 전문대학,한식 조리사,여성,3,20대,인천광역시,전문대졸
4884,a0fc88e23a85439e8932baa90722077b,여자,26,서울,2~3년제 전문대학,온라인 쇼핑 판매원,여성,3,20대,서울특별시,전문대졸
4885,453de3e7808d4112a16c1e85736efe15,여자,20,대전,2~3년제 전문대학,관리 비서,여성,3,20대,대전광역시,전문대졸
4886,973bbe18c222428489528869dc302233,여자,23,서울,4년제 대학교,음식 서비스 종사원,여성,3,20대,서울특별시,대졸
4887,60350a8717e54bbfa72f8bff816ebe9b,여자,21,부산,고등학교,노점 및 이동 판매원,여성,3,20대,부산광역시,고졸
4888,e0c55b6aab9f49a89ec21a653b90c05d,여자,28,경상북,4년제 대학교,산업 안전원,여성,3,20대,경상북도,대졸
4889,3e0ac4a857e148599d97051e110b5faa,여자,20,충청남,2~3년제 전문대학,무직,여성,3,20대,충청남,전문대졸
4890,f0f4281eb99f47b99178b0be1e9775a9,여자,21,경기,2~3년제 전문대학,일식 조리사,여성,3,20대,경기도,전문대졸
4891,c70e33af4f914fc09ab874e76b6a8361,여자,20,경상남,2~3년제 전문대학,조세행정 사무원,여성,3,20대,경상남도,전문대졸
4892,b10c04a11344408eb0c820a2c32cd79b,여자,29,경기,2~3년제 전문대학,보육교사,여성,3,20대,경기도,전문대졸
4893,10147fc62d114f09a2e334c2f8e61963,여자,20,세종,2~3년제 전문대학,학습지 방문강사,여성,3,20대,세종특별자치시,전문대졸
4894,dd343595e2e840a690236e5a5da4c921,여자,21,충청남,2~3년제 전문대학,음료 서비스 종사원,여성,3,20대,충청남,전문대졸
4895,b14e0b8a3fe1400eaa33ea8e2a88e911,여자,26,서울,대학원,무직,여성,3,20대,서울특별시,대학원졸
4896,c2a1e0910f1a42e8b5ea8232d9450847,여자,21,광주,2~3년제 전문대학,국가행정 사무원,여성,3,20대,광주광역시,전문대졸
4897,5eae9c4cba814934ba9e2a2617333234,여자,29,경상북,4년제 대학교,무직,여성,3,20대,경상북도,대졸
4898,9aac210077f548af938ac34db9e40f3c,여자,25,경상남,4년제 대학교,경영 기획 사무원,여성,3,20대,경상남도,대졸
4899,859f42d41f174f018aa0b2a825ac0678,여자,26,부산,4년제 대학교,무직,여성,3,20대,부산광역시,대졸
4900,e91f07ddaaf74f46aeb76c7a08e4694b,여자,23,충청북,2~3년제 전문대학,무직,여성,3,20대,충청북,전문대졸
4901,34b2f5eba2344e0789512fad670cda97,여자,25,서울,4년제 대학교,일반 비서,여성,3,20대,서울특별시,대졸
4902,eb5e8feadaf14d42b51254a6420d4412,여자,24,경기,고등학교,보육 관련 시설 서비스 종사원,여성,3,20대,경기도,고졸
4903,a47d3461c06a4356b6991ac99b1be5a2,여자,29,경기,2~3년제 전문대학,무직,여성,3,20대,경기도,전문대졸
4904,381d1da61fe74067bcac3f3dc623fa46,여자,23,대구,4년제 대학교,음료 서비스 종사원,여성,3,20대,대구광역시,대졸
4905,0b0e755ef6434884a8532821bb14d39d,여자,28,충청남,고등학교,무직,여성,3,20대,충청남,고졸
4906,3966318ee7b64d438aabb331be81abb3,여자,26,대구,2~3년제 전문대학,그 외 조리사,여성,3,20대,대구광역시,전문대졸
4907,31016b1b8e0544088bf189ced95b717c,여자,28,경기,4년제 대학교,무직,여성,3,20대,경기도,대졸
4908,3af08809f6114a72892d49660cf8e20c,여자,23,서울,4년제 대학교,무직,여성,3,20대,서울특별시,대졸
4909,aba259281377466a9574bf5ccc568e67,여자,23,충청남,고등학교,무직,여성,3,20대,충청남,고졸
4910,75fecc6a914e492db5c3c7af5970fdc4,여자,28,경기,4년제 대학교,무직,여성,3,20대,경기도,대졸
4911,db3ba7a0201f4482b4b56afd024da6a9,여자,29,경상남,고등학교,주방 보조원,여성,3,20대,경상남도,고졸
4912,4a3243a900ab45c08d4acf0e63c3ac98,여자,23,서울,4년제 대학교,국가행정 사무원,여성,3,20대,서울특별시,대졸
4913,b8c5c73822a34335b89ef7daf3f21933,여자,25,경상북,대학원,마케팅 전문가,여성,3,20대,경상북도,대학원졸
4914,0ffd8608bed14d268fbf0ae6e15651d3,여자,20,서울,2~3년제 전문대학,무직,여성,3,20대,서울특별시,전문대졸
4915,57c3b4233ceb4fc98bdf375e50618eaa,여자,24,경기,4년제 대학교,마케팅 전문가,여성,3,20대,경기도,대졸
4916,e005283ba07f40148cdf3823ce088d85,여자,22,경상남,2~3년제 전문대학,무직,여성,3,20대,경상남도,전문대졸
4917,f4cf09bc480b4d00a17d1dd5def9fb67,여자,22,경기,4년제 대학교,무직,여성,3,20대,경기도,대졸
4918,eddd3587227a4613a6a8284375e991fd,여자,24,대구,2~3년제 전문대학,무직,여성,3,20대,대구광역시,전문대졸
4919,532d79a08ce345bcb213210ffb64f15a,여자,25,서울,4년제 대학교,데이터 분석가,여성,3,20대,서울특별시,대졸
4920,891a78b0d0464e7cba9d7af16da153e7,여자,28,경기,고등학교,그 외 상점 판매원,여성,3,20대,경기도,고졸
4921,b5513aa65a914bb2b2709fda71974e5c,여자,24,부산,2~3년제 전문대학,무직,여성,3,20대,부산광역시,전문대졸
4922,4081d896ce7f4722bb76bc0153795398,여자,27,충청남,고등학교,그 외 판매 관련 단순 종사원,여성,3,20대,충청남,고졸
4923,c8d8f917d471460ea26c3f8726393b02,여자,21,경상남,2~3년제 전문대학,그 외 배관공,여성,3,20대,경상남도,전문대졸
4924,be1734743a9e4288b5bb9760cc07e65f,여자,20,서울,고등학교,무직,여성,3,20대,서울특별시,고졸
4925,8f796852876c436f94d7797811117788,여자,22,경기,4년제 대학교,사회복지사,여성,3,20대,경기도,대졸
4926,0124000b26d6407588c486235934e866,여자,23,서울,4년제 대학교,무직,여성,3,20대,서울특별시,대졸
4927,d326173425f64fb1824764daf176c9ed,여자,22,대구,2~3년제 전문대학,"전직 금형원, 현재 구직중",여성,3,20대,대구광역시,전문대졸
4928,528d917ee4d849feadaa0a43d934844e,여자,26,경기,4년제 대학교,온라인 쇼핑 판매원,여성,3,20대,경기도,대졸
4929,1295f3c171f84d5d8beebe2efdbf3d31,여자,27,인천,4년제 대학교,무직,여성,3,20대,인천광역시,대졸
4930,c9222ef26d2e4f5d8655903d5a825321,여자,26,충청북,4년제 대학교,그 외 특수교육 교사,여성,3,20대,충청북,대졸
4931,6b12a33d77e346d88246d16f179b9478,여자,24,경상남,4년제 대학교,무직,여성,3,20대,경상남도,대졸
4932,f4657df78ba643ada8be9b3e7a4747d1,여자,26,울산,4년제 대학교,금속공학 기술자 및 연구원,여성,3,20대,울산광역시,대졸
4933,3194924c92464f22b1791c5442ad0c98,여자,22,충청북,4년제 대학교,사무 보조원,여성,3,20대,충청북,대졸
4934,199e47fce99143b18715946bd436d752,여자,26,강원,고등학교,무직,여성,3,20대,강원특별자치도,고졸
4935,79b13c064e6b47c390cb7298e970f206,여자,23,대전,2~3년제 전문대학,무직,여성,3,20대,대전광역시,전문대졸
4936,d911d07559b4488b8ef58b14d1d33165,여자,22,충청북,2~3년제 전문대학,보육교사,여성,3,20대,충청북,전문대졸
4937,f3b1c7c3bd054904872077cef3aecbbd,여자,21,경기,2~3년제 전문대학,농수산물 중개인 및 경매사,여성,3,20대,경기도,전문대졸
4938,5c8eadd8c699413bb28d918114a0a2b1,여자,27,경기,2~3년제 전문대학,무직,여성,3,20대,경기도,전문대졸
4939,27c796abf06f40daa7dbe82634b60d96,여자,27,서울,4년제 대학교,출판 및 자료편집 사무원,여성,3,20대,서울특별시,대졸
4940,f3238f414b4e406095fd726e1ae55009,여자,21,경기,2~3년제 전문대학,경리 사무원,여성,3,20대,경기도,전문대졸
4941,0eb1890771874ff0928683be5c6a2709,여자,21,전라남,2~3년제 전문대학,무직,여성,3,20대,전라남,전문대졸
4942,63b5920077404c2db5f1ada79edd5808,여자,26,서울,4년제 대학교,치과위생사,여성,3,20대,서울특별시,대졸
4943,74d34c791182444495b45c0ab0389bba,여자,26,경기,4년제 대학교,무직,여성,3,20대,경기도,대졸
4944,e7302ee0989b43d2af3501e99f98d510,여자,29,서울,고등학교,경영 기획 사무원,여성,3,20대,서울특별시,고졸
4945,903f02d7fc5d4bfcb891d4512f8093f5,여자,28,전북,4년제 대학교,지방행정 사무원,여성,3,20대,전북특별자치도,대졸
4946,786637cafaf3468eb0ff8aace51942f3,여자,26,경상북,2~3년제 전문대학,무직,여성,3,20대,경상북도,전문대졸
4947,568378297c1549b08fd4a721c680f43a,여자,23,경기,고등학교,음식 서비스 종사원,여성,3,20대,경기도,고졸
4948,6729fcffce694c998342d35a79a13e0a,여자,24,대구,대학원,무직,여성,3,20대,대구광역시,대학원졸
4949,2c9fbd1c2deb490fb5e8c89bfdc8c4a0,여자,27,경기,4년제 대학교,무직,여성,3,20대,경기도,대졸
4950,989a15c1b71f46aa807117d548212cee,여자,23,충청북,2~3년제 전문대학,무직,여성,3,20대,충청북,전문대졸
4951,2240a8d557f74e44ac3e10c9a7cfa4f5,여자,22,부산,4년제 대학교,무직,여성,3,20대,부산광역시,대졸
4952,18738f12ab56430eb6cc83c184c25575,여자,20,대전,2~3년제 전문대학,무직,여성,3,20대,대전광역시,전문대졸
4953,ca39a6f299e64b02a9064e525e9580b6,여자,20,경기,2~3년제 전문대학,무직,여성,3,20대,경기도,전문대졸
4954,9127358733fc4458a01afe767d552bb7,여자,27,경상남,4년제 대학교,일반 비서,여성,3,20대,경상남도,대졸
4955,1e71166af93c4d9291739f326aba399e,여자,22,강원,고등학교,농업 단순 종사원,여성,3,20대,강원특별자치도,고졸
4956,978b15a1b0964f668f38830b1cd6f163,여자,28,경기,4년제 대학교,"전직 일반 비서, 현재 구직중",여성,3,20대,경기도,대졸
4957,1f6f080ee61948aa9585a2ef7203d7fe,여자,24,경기,고등학교,무직,여성,3,20대,경기도,고졸
4958,159d4bf791c145a8b44d350c654d1ba7,여자,28,서울,고등학교,주방 보조원,여성,3,20대,서울특별시,고졸
4959,051a65e661774f78a9fd6915195fe648,여자,23,서울,4년제 대학교,무직,여성,3,20대,서울특별시,대졸
4960,3b6a7f889e1b4a049e02ded2ef70610c,여자,27,경기,4년제 대학교,무직,여성,3,20대,경기도,대졸
4961,ee960d218ffa4b1e912c6459b53fcf24,여자,23,광주,4년제 대학교,관리 비서,여성,3,20대,광주광역시,대졸
4962,57cb57f2a94f4f29a451c56741cbdb22,여자,24,서울,4년제 대학교,일반 간호사,여성,3,20대,서울특별시,대졸
4963,ba825a3e685a4b3ba43fb5b8b5301fe2,여자,27,경기,4년제 대학교,일반 비서,여성,3,20대,경기도,대졸
4964,a79b72f7c8b445aa8f91f6c0cd68afc3,여자,29,부산,고등학교,무직,여성,3,20대,부산광역시,고졸
4965,e7ed0478155645a694177a5645d14c80,여자,20,경기,2~3년제 전문대학,화장품 판매원,여성,3,20대,경기도,전문대졸
4966,f334f2b8a0d74c95973ec6e949e61d46,여자,20,경상북,2~3년제 전문대학,무직,여성,3,20대,경상북도,전문대졸
4967,944207de1a384d97b28f3eb5945eca0f,여자,23,충청북,2~3년제 전문대학,무직,여성,3,20대,충청북,전문대졸
4968,61ce31c802cf4a7b9688a9757e8cb426,여자,23,부산,2~3년제 전문대학,무직,여성,3,20대,부산광역시,전문대졸
4969,ad40931b8baa447e8c9dd7762088c3d4,여자,28,경상남,고등학교,그 외 하역 및 적재 단순 종사원,여성,3,20대,경상남도,고졸
4970,476dc7ef68434dd79a2360a67c7f36e6,여자,25,경기,4년제 대학교,무직,여성,3,20대,경기도,대졸
4971,b036f3d5dc0c473295bf4edc8f45cb36,여자,28,경기,4년제 대학교,건설기계공학 기술자 및 연구원,여성,3,20대,경기도,대졸
4972,cb8d5544fd8d493196768665558be090,여자,26,대구,2~3년제 전문대학,소방관,여성,3,20대,대구광역시,전문대졸
4973,73b1384d65e94b4dab767695a9287172,여자,26,경기,고등학교,그 외 데이터 및 네트워크 관련 전문가,여성,3,20대,경기도,고졸
4974,861db6db786f4b4a900eff9ecdde9be1,여자,20,경기,2~3년제 전문대학,무직,여성,3,20대,경기도,전문대졸
4975,d28b0aeadc9c40468091c7eaa42f3c90,여자,21,인천,2~3년제 전문대학,일반 비서,여성,3,20대,인천광역시,전문대졸
4976,2340ba5d06984755a63dd398eeba579f,여자,21,서울,2~3년제 전문대학,무직,여성,3,20대,서울특별시,전문대졸
4977,e610a364747f4f9fa3f5b72366fe1fac,여자,28,서울,2~3년제 전문대학,무직,여성,3,20대,서울특별시,전문대졸
4978,a05381b0d5f240ac8acc1cf8d9f5fd6c,여자,20,강원,2~3년제 전문대학,일반 경찰관 및 수사관,여성,3,20대,강원특별자치도,전문대졸
4979,54c78af120e24ea482af8bf64b6ad9b9,여자,26,서울,대학원,"전직 국가행정 사무원, 현재 구직중",여성,3,20대,서울특별시,대학원졸
4980,3da5d44796c74896a40c3db6cfef70ba,여자,21,서울,2~3년제 전문대학,무직,여성,3,20대,서울특별시,전문대졸
4981,b00b3d68218049fcaf665baadfc45370,여자,25,경기,대학원,무직,여성,3,20대,경기도,대학원졸
4982,76142efcf71d46e8ae70844d5f4fd046,여자,25,서울,2~3년제 전문대학,무직,여성,3,20대,서울특별시,전문대졸
4983,24d5d4bfb2324e5fab7d3afccb9e9107,여자,24,경기,4년제 대학교,무직,여성,3,20대,경기도,대졸
4984,fcabd59efd1c41c1bc678dbb1daebcd3,여자,25,서울,4년제 대학교,무직,여성,3,20대,서울특별시,대졸
4985,148a82fafaba4bed9b4aec134b697721,여자,28,경기,4년제 대학교,보육교사,여성,3,20대,경기도,대졸
4986,6efcdb9485ba4b1bb9b69ae6c5c6c083,여자,23,광주,2~3년제 전문대학,무직,여성,3,20대,광주광역시,전문대졸
4987,68754005a3da4bc68cc7c01a4c1f0118,여자,21,경기,2~3년제 전문대학,무직,여성,3,20대,경기도,전문대졸
4988,1a0eebc9944e4f1a9493dbb71ac121b1,여자,27,경기,4년제 대학교,무직,여성,3,20대,경기도,대졸
4989,5c9faa064a824c48a6cea3edd1ce99d2,여자,22,서울,4년제 대학교,입학 사정관,여성,3,20대,서울특별시,대졸
4990,3c42ef5d0f3242e58de84a08efb12a7d,여자,26,경기,2~3년제 전문대학,무직,여성,3,20대,경기도,전문대졸
4991,772742a898ec40999d44a3868cfb9193,여자,21,서울,2~3년제 전문대학,무직,여성,3,20대,서울특별시,전문대졸
4992,21e931eefc8848f0ba5bd756115148c9,여자,27,충청북,고등학교,범용 소프트웨어 프로그래머,여성,3,20대,충청북,고졸
4993,91645577c85545fca181d2ce6d782b19,여자,25,서울,2~3년제 전문대학,상품 기획자,여성,3,20대,서울특별시,전문대졸
4994,fdf252e3477a43ce9eb740a42254ea6d,여자,21,대구,고등학교,무직,여성,3,20대,대구광역시,고졸
4995,c7b98cee26744e22ac2a5b93fc224802,여자,28,부산,4년제 대학교,온라인 쇼핑 판매원,여성,3,20대,부산광역시,대졸
4996,efa27e71f5e24f3bb2d3de02cfa58970,여자,26,인천,대학원,전문 간호사,여성,3,20대,인천광역시,대학원졸
4997,b13373c5ff6a435998d4191c38dfcb4c,여자,28,서울,4년제 대학교,공연·영화 및 음반 기획자,여성,3,20대,서울특별시,대졸
4998,92377c87465f4db0a66e214b6d333d7e,여자,28,경기,4년제 대학교,무직,여성,3,20대,경기도,대졸
4999,2f45dd5ba42d433ca3473d659664cccd,여자,26,대구,4년제 대학교,"전직 상품 기획자, 현재 구직중",여성,3,20대,대구광역시,대졸
5000,c4165a116ba84e1ab96319f88ba41a7e,여자,28,경기,2~3년제 전문대학,무직,여성,3,20대,경기도,전문대졸
5001,30eb0dfe074f4b609c95b1c15f5ec7eb,여자,28,서울,4년제 대학교,국가행정 사무원,여성,3,20대,서울특별시,대졸
5002,bc60808513b340a88a2fc0913527b18a,여자,23,인천,4년제 대학교,무직,여성,3,20대,인천광역시,대졸
5003,7760ed3367fb47a992da02341ccd580e,여자,20,인천,2~3년제 전문대학,보육교사,여성,3,20대,인천광역시,전문대졸
5004,3213a808fe0a4520ab2c15a415325258,여자,26,인천,4년제 대학교,관리 비서,여성,3,20대,인천광역시,대졸
5005,8491a15c215e4ef3bb25305e42dce0a7,여자,27,경상남,4년제 대학교,전기공학 시험원,여성,3,20대,경상남도,대졸
5006,f6fec2f3f0b64904bd2015123cd061ce,여자,27,서울,4년제 대학교,무직,여성,3,20대,서울특별시,대졸
5007,789fd3bfbf4e46c3ad761c3c21151f68,여자,27,경기,2~3년제 전문대학,무직,여성,3,20대,경기도,전문대졸
5008,05df012012754d16bc35c758d44ae1b7,여자,24,경기,4년제 대학교,바텐더,여성,3,20대,경기도,대졸
5009,febc4fae6d6940dc98355efc89241419,여자,27,경기,4년제 대학교,경리 사무원,여성,3,20대,경기도,대졸
5010,5dff3efde69043f494da661dabd89550,여자,23,대전,고등학교,수동 포장원,여성,3,20대,대전광역시,고졸
5011,fae1fcc5b4d34bc5814b0209052f482d,여자,24,부산,2~3년제 전문대학,무직,여성,3,20대,부산광역시,전문대졸
5012,d06b7d81cd2e4f299726f6a8e6a86705,여자,21,대전,고등학교,한식 조리사,여성,3,20대,대전광역시,고졸
5013,013a1d215c6340cfac98a97e310e9e4c,여자,25,대전,4년제 대학교,인사 및 노무 사무원,여성,3,20대,대전광역시,대졸
5014,542f22724882417797db910f250b16d1,여자,22,대전,2~3년제 전문대학,무직,여성,3,20대,대전광역시,전문대졸
5015,8a51bdc8e63e4bddb9f64e196afe8588,여자,28,대전,고등학교,간호조무사,여성,3,20대,대전광역시,고졸
5016,fda434a6ca58472783b6077c8790eb0b,여자,24,강원,4년제 대학교,냉난방·공조공학 기술자 및 연구원,여성,3,20대,강원특별자치도,대졸
5017,fda4f9eaa68d4ee8afba0890f44d2dd5,여자,24,경기,4년제 대학교,회계 사무원,여성,3,20대,경기도,대졸
5018,4c73162eceb443e9891d90a9c086fc5d,여자,21,서울,2~3년제 전문대학,행사 및 홍보 도우미,여성,3,20대,서울특별시,전문대졸
5019,3106b65799e240b9acee8d67066a8d82,여자,29,충청남,4년제 대학교,경리 사무원,여성,3,20대,충청남,대졸
5020,6c89e2d87a904c87966016f1933fd877,여자,22,서울,4년제 대학교,학습지 방문강사,여성,3,20대,서울특별시,대졸
5021,841f3ab579ed431a883eb3ed10a1b482,여자,22,충청남,4년제 대학교,그 외 음식 서비스 종사원,여성,3,20대,충청남,대졸
5022,410beea6749a44889fac88cedd79b109,여자,27,서울,4년제 대학교,무직,여성,3,20대,서울특별시,대졸
5023,4c397d78bbb3493a818901aeaaacf79f,여자,29,서울,4년제 대학교,무직,여성,3,20대,서울특별시,대졸
5024,46b422b983934b9889f219e3dc78a40a,여자,29,대구,대학원,"전직 보육교사, 현재 구직중",여성,3,20대,대구광역시,대학원졸
5025,227f6707ba6641e1b94eaeaa55900759,여자,25,부산,2~3년제 전문대학,가스 용접원,여성,3,20대,부산광역시,전문대졸
5026,91a8906a7d9949398ad765f9fe55e588,여자,23,경기,4년제 대학교,그 외 제품 디자이너,여성,3,20대,경기도,대졸
5027,40a264452f2d4a538e4b46a0cbee6bea,여자,25,경기,2~3년제 전문대학,무직,여성,3,20대,경기도,전문대졸
5028,a081352a02c440babd6950ad9f3a5135,여자,22,경기,2~3년제 전문대학,전화 상담원,여성,3,20대,경기도,전문대졸
5029,8bf03d32adba4b80bb8b4a1bc5aa67e5,여자,27,울산,4년제 대학교,상담 전문가,여성,3,20대,울산광역시,대졸
5030,018eb9e865bb4dcc8fab6ec5e4e390ed,여자,24,경기,2~3년제 전문대학,일반 비서,여성,3,20대,경기도,전문대졸
5031,670fc6f45dd34352a6945d06873129d6,여자,23,대구,4년제 대학교,마케팅 전문가,여성,3,20대,대구광역시,대졸
5032,d94d78af53a94108854ccc431fd48822,여자,27,인천,2~3년제 전문대학,일반 비서,여성,3,20대,인천광역시,전문대졸
5033,3c3ecb7bc5654cb98c5ea4d2fe6e735b,여자,28,경기,2~3년제 전문대학,무직,여성,3,20대,경기도,전문대졸
5034,e4ea37f6d8324b36b5f8f1540e8a423b,여자,28,경기,4년제 대학교,경리 사무원,여성,3,20대,경기도,대졸
5035,03e4efede0d9437186a3fefcf572169b,여자,21,광주,2~3년제 전문대학,유치원 교사,여성,3,20대,광주광역시,전문대졸
5036,a6d392d105954b2f9d55f4ebe2bc6d3d,여자,24,충청북,2~3년제 전문대학,보육교사,여성,3,20대,충청북,전문대졸
5037,c28ecf60f7bb4a90bb9286e70dee08bf,여자,26,경기,대학원,생물학 시험원,여성,3,20대,경기도,대학원졸
5038,0cd722f0c2a241899dac8b7e7636beea,여자,27,서울,4년제 대학교,마케팅 전문가,여성,3,20대,서울특별시,대졸
5039,c16f7b7713c8474caf93da98ad916141,여자,22,서울,4년제 대학교,교육 및 훈련 사무원,여성,3,20대,서울특별시,대졸
5040,9efb1816b8cf443a880b186d8e516859,여자,27,서울,4년제 대학교,소규모 상점 일선 관리 종사원,여성,3,20대,서울특별시,대졸
5041,929e9b517d554f0db4510460d0edf08f,여자,25,경기,4년제 대학교,무직,여성,3,20대,경기도,대졸
5042,597a4259d02a488e98c7e6c9cd60a145,여자,27,경상남,2~3년제 전문대학,경리 사무원,여성,3,20대,경상남도,전문대졸
5043,1570ee85ab104f469a0af1b18fe27f3e,여자,25,경상남,4년제 대학교,무직,여성,3,20대,경상남도,대졸
5044,3494f8023e27444b87761f42d77c47b6,여자,22,경기,2~3년제 전문대학,온라인 쇼핑 판매원,여성,3,20대,경기도,전문대졸
5045,e4098340af244b4eb5421db960019643,여자,26,부산,4년제 대학교,수질 환경 시험원,여성,3,20대,부산광역시,대졸
5046,0d34a06aef524cd98263ce7639e95ea7,여자,27,경기,4년제 대학교,무직,여성,3,20대,경기도,대졸
5047,ae68de3fc6d444dc9521694fc6255443,여자,23,전라남,4년제 대학교,무직,여성,3,20대,전라남,대졸
5048,f19016c469a748098cc8cf6d2c56d668,여자,25,서울,고등학교,건물 청소원,여성,3,20대,서울특별시,고졸
5049,41a4875013c54e42984ae28c658552e5,여자,26,인천,대학원,일반 경찰관 및 수사관,여성,3,20대,인천광역시,대학원졸
5050,920b93dadc5843feaa443f287d065012,여자,21,경기,2~3년제 전문대학,무직,여성,3,20대,경기도,전문대졸
5051,a9c66923d7ab4e8c887b1c8eff225df9,여자,21,경기,2~3년제 전문대학,무직,여성,3,20대,경기도,전문대졸
5052,838e20d512e34252ba997ee981f1a032,여자,26,서울,4년제 대학교,무직,여성,3,20대,서울특별시,대졸
5053,e3bc70a6439b431f82f27e74381d351a,여자,29,충청북,4년제 대학교,무직,여성,3,20대,충청북,대졸
5054,a2af6f624c074d9190026435fc4a3822,여자,20,경상남,2~3년제 전문대학,무직,여성,3,20대,경상남도,전문대졸
5055,73e4d5c920d8487f8e1303c3afce4c62,여자,28,부산,4년제 대학교,무직,여성,3,20대,부산광역시,대졸
5056,81311b62834f4b7482066963fbbabd28,여자,21,서울,2~3년제 전문대학,일반 비서,여성,3,20대,서울특별시,전문대졸
5057,0c216e32cfaf4646af931309123411dc,여자,23,경기,4년제 대학교,보육교사,여성,3,20대,경기도,대졸
5058,c7f6f26808254ebeb4be704571eabf8f,여자,23,서울,4년제 대학교,총무 사무원,여성,3,20대,서울특별시,대졸
5059,0db50e3337464dd78d5d4abacea5f2c4,여자,28,경기,고등학교,무직,여성,3,20대,경기도,고졸
5060,49418a42385f408b86c729c9179693d8,여자,26,부산,4년제 대학교,"전직 인사 컨설턴트, 현재 구직중",여성,3,20대,부산광역시,대졸
5061,a791e1aa2b51428f8a35b997733a6ad3,여자,29,부산,4년제 대학교,무직,여성,3,20대,부산광역시,대졸
5062,85aa095c95fc473c8700ddc812727eeb,여자,29,서울,4년제 대학교,상품 기획자,여성,3,20대,서울특별시,대졸
5063,2b63e79c48b24db6a2bfc5f3b58103fe,여자,26,서울,4년제 대학교,관리 비서,여성,3,20대,서울특별시,대졸
5064,8b9a20a334214dbabdef4b3aae36791d,여자,23,인천,4년제 대학교,일반 비서,여성,3,20대,인천광역시,대졸
5065,12d182770fcd4b7087652d91bddac76f,여자,28,경기,4년제 대학교,"전직 네트워크 시스템 개발자, 현재 구직중",여성,3,20대,경기도,대졸
5066,9420b46c997d400bb91baf0fd169445f,여자,23,부산,2~3년제 전문대학,무직,여성,3,20대,부산광역시,전문대졸
5067,580627fcc4314f248af1c2bfe236eba5,여자,24,세종,4년제 대학교,산업 안전원,여성,3,20대,세종특별자치시,대졸
5068,fdbc0a3da50c447cb411da553bc047f0,여자,20,서울,고등학교,그 외 물품 이동 장비 조작원,여성,3,20대,서울특별시,고졸
5069,0413e636dd964b0fb4288a236c6f35aa,여자,27,인천,4년제 대학교,무직,여성,3,20대,인천광역시,대졸
5070,8e8c70544aeb4590943dd9197fbd2060,여자,23,경기,2~3년제 전문대학,무직,여성,3,20대,경기도,전문대졸
5071,e385cc42d4714b949eff99d0c313094d,여자,26,강원,4년제 대학교,무직,여성,3,20대,강원특별자치도,대졸
5072,e63c2d387a034e8988a88efd65bc7e49,여자,22,서울,2~3년제 전문대학,무직,여성,3,20대,서울특별시,전문대졸
5073,f0c5043d8cd8423198331c57f1a9ed0c,여자,28,경기,4년제 대학교,무직,여성,3,20대,경기도,대졸
5074,87aa37850c68403ab7b303c0843fadb8,여자,28,서울,고등학교,무직,여성,3,20대,서울특별시,고졸
5075,6b89b931d947410e978dd62d7d3202c5,여자,27,서울,4년제 대학교,무직,여성,3,20대,서울특별시,대졸
5076,bc5cdd5c9d864db6b11b8972d949e77a,여자,22,서울,4년제 대학교,무직,여성,3,20대,서울특별시,대졸
5077,be1242db78584478994356a058571d47,여자,28,서울,2~3년제 전문대학,무직,여성,3,20대,서울특별시,전문대졸
5078,7ec14460311849ac9751e90f54b43dde,여자,28,서울,4년제 대학교,마케팅 전문가,여성,3,20대,서울특별시,대졸
5079,e513a1f8516144bb983b62349f0d4b81,여자,26,서울,4년제 대학교,전화 상담원,여성,3,20대,서울특별시,대졸
5080,5b204ea3f7f94509bf9455024eed17f9,여자,29,경기,4년제 대학교,무직,여성,3,20대,경기도,대졸
5081,ea7da459524c4cd4ae74aada39d7f385,여자,25,서울,고등학교,온라인 쇼핑 판매원,여성,3,20대,서울특별시,고졸
5082,4281411e06ce49c1b56d2883fdd9e936,여자,28,경기,4년제 대학교,무직,여성,3,20대,경기도,대졸
5083,14483aeddf9744b8ba4cb17ca7d96d28,여자,23,경상북,2~3년제 전문대학,밀링기 조작원,여성,3,20대,경상북도,전문대졸
5084,b30bb064b22a4dc199a3f77e64483ea0,여자,28,서울,고등학교,무직,여성,3,20대,서울특별시,고졸
5085,17eca9094d274e678451641534e5e7f4,여자,26,경기,4년제 대학교,간호조무사,여성,3,20대,경기도,대졸
5086,f0f9397120ef44cfbdfba0c98299e2c2,여자,24,서울,4년제 대학교,일반 비서,여성,3,20대,서울특별시,대졸
5087,6736fc0582cd4378916c026d73267b0b,여자,27,부산,4년제 대학교,유치원 교사,여성,3,20대,부산광역시,대졸
5088,0fb84171b1494201bc66ead8ea276742,여자,25,경기,2~3년제 전문대학,건물 내 전기 설치 및 정비원,여성,3,20대,경기도,전문대졸
5089,fe57ca2d235d400ca4e52b20d5e5ab38,여자,20,인천,2~3년제 전문대학,무직,여성,3,20대,인천광역시,전문대졸
5090,ed6a9c1780e94f6e8053d89e103dee83,여자,23,부산,4년제 대학교,무직,여성,3,20대,부산광역시,대졸
5091,b78f748a704e4d8d8ff59ac4b6d4603a,여자,20,서울,2~3년제 전문대학,그 외 음식 서비스 종사원,여성,3,20대,서울특별시,전문대졸
5092,530123403cc3467baec455043dbbd165,여자,27,부산,2~3년제 전문대학,무직,여성,3,20대,부산광역시,전문대졸
5093,d52a3c525a7d4ec8aa91f84cf0d6a22a,여자,27,충청남,4년제 대학교,관리 비서,여성,3,20대,충청남,대졸
5094,2087b13c237144f39866fa88ccd16f15,여자,22,광주,4년제 대학교,무직,여성,3,20대,광주광역시,대졸
5095,bde5f094b375496188630a9466fe8c5e,여자,25,서울,고등학교,데스크 안내원,여성,3,20대,서울특별시,고졸
5096,6da5c0d8a1fd47568c5c78bcc80bfae3,여자,23,경기,4년제 대학교,무직,여성,3,20대,경기도,대졸
5097,4c4ce650a5ac4ff883c22ee5546ced43,여자,25,서울,4년제 대학교,회계 사무원,여성,3,20대,서울특별시,대졸
5098,5bbb9f668aac47cbb7e9ff5e9fdf317f,여자,21,경기,2~3년제 전문대학,영업 관련 관리자,여성,3,20대,경기도,전문대졸
5099,80361ec1b7094e13aa06f0b01aa15bec,여자,27,충청남,고등학교,무직,여성,3,20대,충청남,고졸
5100,be069d25cedb42d6b82ec99a8172cc8d,여자,29,경기,2~3년제 전문대학,범용 소프트웨어 프로그래머,여성,3,20대,경기도,전문대졸
5101,293d511f16204f128e7c27a3babfad78,여자,28,인천,2~3년제 전문대학,무직,여성,3,20대,인천광역시,전문대졸
5102,fe7195f14ddd43f1b95a684604a34060,여자,22,경기,4년제 대학교,"전직 일반 비서, 현재 구직중",여성,3,20대,경기도,대졸
5103,7568f0308dbe44e9a668f1120f94d89e,여자,21,부산,2~3년제 전문대학,무직,여성,3,20대,부산광역시,전문대졸
5104,ce098fc95aad4fdb900f01485399c91e,여자,23,경기,2~3년제 전문대학,그 외 상점 판매원,여성,3,20대,경기도,전문대졸
5105,0bd4301a39e0466ab761c45bcc009c4a,여자,28,경기,2~3년제 전문대학,그 외 일반 영업원,여성,3,20대,경기도,전문대졸
5106,7d8167024fa84b8aa83edf6c152d4aa9,여자,27,대전,2~3년제 전문대학,음식 서비스 종사원,여성,3,20대,대전광역시,전문대졸
5107,d2b55674c39b4e6b9d088e0092cffbc0,여자,25,대구,2~3년제 전문대학,무직,여성,3,20대,대구광역시,전문대졸
5108,b3f4a0090ded47cc895478847211615a,여자,24,경기,4년제 대학교,일반 비서,여성,3,20대,경기도,대졸
5109,c014eb5dae28438c8a8b9a2bd276eea8,여자,22,부산,4년제 대학교,무직,여성,3,20대,부산광역시,대졸
5110,5b5a264b55284ad88467a4331bdcec74,여자,20,충청남,고등학교,매장 정리원,여성,3,20대,충청남,고졸
5111,7a3763fadaa4404387dcae2eaff25fa9,여자,25,경기,4년제 대학교,무직,여성,3,20대,경기도,대졸
5112,4aec51428bbe43909dda6405b12dd8ed,여자,29,경기,4년제 대학교,그 외 일반 영업원,여성,3,20대,경기도,대졸
5113,8d6cf47c6d824013820c154115da109a,여자,21,대전,2~3년제 전문대학,관세행정 사무원,여성,3,20대,대전광역시,전문대졸
5114,2df712cc6e024e66b7f5f7016dc19a69,여자,29,서울,대학원,그 외 특수교육 교사,여성,3,20대,서울특별시,대학원졸
5115,e88b36053ffb4f0da8efa583e83c38e2,여자,22,서울,4년제 대학교,하역 및 적재 관련 단순 종사원,여성,3,20대,서울특별시,대졸
5116,1e638cfa24554983bc526afda53696e2,여자,26,경상북,고등학교,편직기 조작원,여성,3,20대,경상북도,고졸
5117,69e2e64eb9124f45a6d32fe398e1b9c8,여자,25,경기,4년제 대학교,지방행정 사무원,여성,3,20대,경기도,대졸
5118,f8285e2ac2f946d39856725688464fae,여자,28,제주,2~3년제 전문대학,무직,여성,3,20대,제주특별자치도,전문대졸
5119,59b5bb929dd14e0e8e3a77865e3caa34,여자,20,서울,중학교,건물 청소원,여성,3,20대,서울특별시,중졸
5120,8a998f2c505b4a43bb89090a36fef39b,여자,29,경기,4년제 대학교,음료 서비스 종사원,여성,3,20대,경기도,대졸
5121,dc81c9a65896494391881077cb8a80e7,여자,26,충청북,고등학교,무직,여성,3,20대,충청북,고졸
5122,b970f1fc02d54bed9d53b3a346048a91,여자,23,경기,고등학교,무직,여성,3,20대,경기도,고졸
5123,3a082d3b685847b9a7aba4e89ceba3a4,여자,23,서울,2~3년제 전문대학,일반 비서,여성,3,20대,서울특별시,전문대졸
5124,03c75b0b0d3d415eaf61dd9a9f444c17,여자,28,서울,4년제 대학교,무직,여성,3,20대,서울특별시,대졸
5125,c83523ab77954e78a9b804163e1b5c36,여자,20,울산,2~3년제 전문대학,"전직 사무 보조원, 현재 구직중",여성,3,20대,울산광역시,전문대졸
5126,90e937bb720f497f9d2ac606a557dfe7,여자,27,서울,4년제 대학교,영업 관련 관리자,여성,3,20대,서울특별시,대졸
5127,bf6a09b6c3b8478fa58c6c58d43bac6c,여자,25,경기,4년제 대학교,전화 상담원,여성,3,20대,경기도,대졸
5128,de71669d61644255bfd681d038c2f824,여자,22,서울,고등학교,무직,여성,3,20대,서울특별시,고졸
5129,1f687c6a27554dc18a9b0ec1ec56815d,여자,28,충청남,고등학교,무직,여성,3,20대,충청남,고졸
5130,de15039577a343a08a6e745bf73c80eb,여자,22,경기,4년제 대학교,무직,여성,3,20대,경기도,대졸
5131,f68c3808a3024c7b8cf0b3258f481d69,여자,24,경상북,4년제 대학교,농약·비료 기술자 및 연구원,여성,3,20대,경상북도,대졸
5132,02e43dd028544c43a7087111cb029a8e,여자,22,전라남,2~3년제 전문대학,그 외 피부 및 체형 관리 종사원,여성,3,20대,전라남,전문대졸
5133,024256da74204e669a69b4f0222e6bf3,여자,21,충청남,2~3년제 전문대학,무직,여성,3,20대,충청남,전문대졸
5134,e5627600b8a14d659c79c894879ec0c2,여자,22,부산,2~3년제 전문대학,그 외 경호 및 보안 관련 종사원,여성,3,20대,부산광역시,전문대졸
5135,449ac18752df4769ba9216b71a9451a3,여자,23,경상남,고등학교,사무 보조원,여성,3,20대,경상남도,고졸
5136,c26454b690b54d4ca993d8d454e96c48,여자,23,부산,4년제 대학교,무직,여성,3,20대,부산광역시,대졸
5137,dbdd9a93e9d94e9995822eb6f3f7dc7c,여자,28,서울,2~3년제 전문대학,무직,여성,3,20대,서울특별시,전문대졸
5138,398bbfb526ab4b518dc3eac574356cb5,여자,28,부산,고등학교,한식 조리사,여성,3,20대,부산광역시,고졸
5139,d7e49da11d1a430ea15cc541c2d16de7,여자,22,서울,4년제 대학교,무직,여성,3,20대,서울특별시,대졸
5140,b3ff29c06f5144eca249e47b6008554d,여자,21,서울,2~3년제 전문대학,그 외 기계공학 기술자 및 연구원,여성,3,20대,서울특별시,전문대졸
5141,3b2a9d99d55541e6891115c06c3b5ce4,여자,21,광주,2~3년제 전문대학,무직,여성,3,20대,광주광역시,전문대졸
5142,2c7ae92afa0e4829a517c1898120a0c1,여자,29,부산,4년제 대학교,무직,여성,3,20대,부산광역시,대졸
5143,47e7dd72bc72401bbbedcb7207063203,여자,23,경상북,4년제 대학교,전화 상담원,여성,3,20대,경상북도,대졸
5144,5649e7a4435746adbf31f661196ae4a1,여자,25,경상북,4년제 대학교,무직,여성,3,20대,경상북도,대졸
5145,6a42ab7b10bc4b379192bdd878e696ab,여자,22,경기,고등학교,이동전화기 수리원,여성,3,20대,경기도,고졸
5146,29b914b9770d4b55be99cb28baed8a77,여자,23,서울,4년제 대학교,경리 사무원,여성,3,20대,서울특별시,대졸
5147,bc6959d12c4f42f5b518dabd937a3319,여자,25,서울,4년제 대학교,무직,여성,3,20대,서울특별시,대졸
5148,dce4ea1782464bbdb6207f05b769eaaa,여자,22,서울,4년제 대학교,관리 비서,여성,3,20대,서울특별시,대졸
5149,42346ae365dc4522a28c9edb5e96d591,여자,23,경기,2~3년제 전문대학,무직,여성,3,20대,경기도,전문대졸
5150,c5bd1646b7444472aeac0e6c9d356130,여자,25,서울,2~3년제 전문대학,유치원 교사,여성,3,20대,서울특별시,전문대졸
5151,f46269167fab41e6b1dfe805848095a4,여자,20,경기,2~3년제 전문대학,무직,여성,3,20대,경기도,전문대졸
5152,0dafeaa72a674a9eb4a8f31424c07bb0,여자,27,광주,4년제 대학교,무직,여성,3,20대,광주광역시,대졸
5153,842a4ced798c488695aa002a7a273821,여자,28,서울,4년제 대학교,"전직 언어재활사, 현재 구직중",여성,3,20대,서울특별시,대졸
5154,f8003d5319614f818dc9c0952b95375a,여자,26,경기,고등학교,무직,여성,3,20대,경기도,고졸
5155,ff40d0c4e142456694b4fde63a1d5eea,여자,28,인천,고등학교,그 외 법률 관련 사무원,여성,3,20대,인천광역시,고졸
5156,ff6b85a40c5649a082c1b17a45dc7e7e,여자,28,전북,4년제 대학교,영업 관리 사무원,여성,3,20대,전북특별자치도,대졸
5157,158508bb68cd4ac68f2abd2725bcc12d,여자,27,경기,4년제 대학교,통역가,여성,3,20대,경기도,대졸
5158,43a484d564674296b0cb1adf3a4168f2,여자,25,서울,4년제 대학교,일반 비서,여성,3,20대,서울특별시,대졸
5159,03db054a653140ed9ad2c592008a0757,여자,27,경기,2~3년제 전문대학,예약 및 접수 사무원,여성,3,20대,경기도,전문대졸
5160,8fa539a7c04c4d7d954fc2d30b722265,여자,27,인천,4년제 대학교,상품 기획자,여성,3,20대,인천광역시,대졸
5161,5b37ae59214c4148bd259c8ddcfbb564,여자,22,서울,2~3년제 전문대학,주방 보조원,여성,3,20대,서울특별시,전문대졸
5162,faf50a90eb244cf2b93cdb144a0c1675,여자,25,경상북,4년제 대학교,무직,여성,3,20대,경상북도,대졸
5163,6f0c990297574b3181d2b848fd59f035,여자,23,인천,2~3년제 전문대학,무직,여성,3,20대,인천광역시,전문대졸
5164,13f8dc322bb54c688211dc2c3b6ba01c,여자,20,경기,2~3년제 전문대학,음료 서비스 종사원,여성,3,20대,경기도,전문대졸
5165,6a63a473140047e2a1cda8ec88073ac2,여자,21,울산,2~3년제 전문대학,치과위생사,여성,3,20대,울산광역시,전문대졸
5166,0828c8441cb84f7983dfa51ae5498acd,여자,21,경기,2~3년제 전문대학,사무 보조원,여성,3,20대,경기도,전문대졸
5167,8cdea38980ee4834a4b867ffa550a977,여자,28,경기,4년제 대학교,무직,여성,3,20대,경기도,대졸
5168,7ed095b01d874315b3e6e0ae8fca6dcc,여자,34,충청북,대학원,그 외 환경공학 기술자 및 연구원,여성,4,30대,충청북,대학원졸
5169,2ca1ab004fc749098fd5f08269b96a8f,여자,38,경기,대학원,유치원 교사,여성,4,30대,경기도,대학원졸
5170,85f2224aa0fc44aeadd0624124c52cc5,여자,37,경기,4년제 대학교,일반 비서,여성,4,30대,경기도,대졸
5171,1cce849f63ba49088d24974f49563545,여자,35,서울,4년제 대학교,회계 사무원,여성,4,30대,서울특별시,대졸
5172,8e91a46de58e411ba18fb3d074ca1817,여자,39,부산,4년제 대학교,무직,여성,4,30대,부산광역시,대졸
5173,154e8a9080f844e79c9f8ca7e2d60b5f,여자,31,인천,2~3년제 전문대학,일반 비서,여성,4,30대,인천광역시,전문대졸
5174,a4ed1080419346c885eb57032bec532b,여자,31,서울,4년제 대학교,학습지 방문강사,여성,4,30대,서울특별시,대졸
5175,b7ed88a95d2043d7a2ffc4af22ee3abf,여자,32,경기,중학교,주방 보조원,여성,4,30대,경기도,중졸
5176,27ea600e8f3846b08d7d272b92018d6c,여자,32,대구,4년제 대학교,마케팅 전문가,여성,4,30대,대구광역시,대졸
5177,e3594382e375479192f2dc000c14d83f,여자,39,서울,2~3년제 전문대학,한식 조리사,여성,4,30대,서울특별시,전문대졸
5178,018004dff0424785ad04708a87330265,여자,34,서울,2~3년제 전문대학,무직,여성,4,30대,서울특별시,전문대졸
5179,7e74718c83ec41479260ac39dd33d02b,여자,39,경기,2~3년제 전문대학,화장품 판매원,여성,4,30대,경기도,전문대졸
5180,a5570a1f69424bdca924e844038dd81e,여자,33,서울,대학원,음료 서비스 종사원,여성,4,30대,서울특별시,대학원졸
5181,5306b613fc14442296aa6109fa643458,여자,34,서울,2~3년제 전문대학,특허 사무원,여성,4,30대,서울특별시,전문대졸
5182,83437d4f2f9844c5b6d02910a8886b70,여자,37,충청남,대학원,상담 전문가,여성,4,30대,충청남,대학원졸
5183,f64dfe81ce174619be01844cfbff5be5,여자,36,전라남,고등학교,일식 조리사,여성,4,30대,전라남,고졸
5184,2c5c0b6dbfde411da9f7c2bca966d59e,여자,30,대전,고등학교,건물 청소원,여성,4,30대,대전광역시,고졸
5185,61c9fa7964a54e95b0a0254ea658fd3d,여자,34,대구,2~3년제 전문대학,호송 경비원,여성,4,30대,대구광역시,전문대졸
5186,58fc4af4efc74a2eb7279fbbd620d505,여자,36,전라남,4년제 대학교,농약 및 비료 시험원,여성,4,30대,전라남,대졸
5187,95b76c5216cb414e9651f3dc8c80949e,여자,35,광주,고등학교,무직,여성,4,30대,광주광역시,고졸
5188,fd0db9259c3b472b83dbef76eae93ac7,여자,30,경상북,4년제 대학교,수의사,여성,4,30대,경상북도,대졸
5189,c8661d8f25234447aebb1b6657cead0e,여자,39,서울,2~3년제 전문대학,디지털인쇄기 조작원,여성,4,30대,서울특별시,전문대졸
5190,81a26d707cd04c458ee03e5941e06597,여자,35,서울,4년제 대학교,마케팅 전문가,여성,4,30대,서울특별시,대졸
5191,526560cf8ee5478dbb24ba2558a6df20,여자,30,경기,4년제 대학교,커피 조리사,여성,4,30대,경기도,대졸
5192,310004f292bb488e80e6849147d2a2a4,여자,39,경기,2~3년제 전문대학,경리 사무원,여성,4,30대,경기도,전문대졸
5193,aba2cce5987e4cdd85dde34c205d49e9,여자,30,경기,4년제 대학교,국가행정 사무원,여성,4,30대,경기도,대졸
5194,6ffdd7ac2a6c4278a4612f98b8ba1285,여자,39,서울,대학원,전화 상담원,여성,4,30대,서울특별시,대학원졸
5195,8274128802c64b76b4b4863a467d7e52,여자,36,경기,대학원,시각장애인 특수교육 교사,여성,4,30대,경기도,대학원졸
5196,37b253dd6e394c589371ebbe35d51d3e,여자,30,서울,4년제 대학교,사무 보조원,여성,4,30대,서울특별시,대졸
5197,96cfcfa4767b421ab27c14e7528a4492,여자,33,서울,대학원,사회 교사,여성,4,30대,서울특별시,대학원졸
5198,ed54146c61934b7faaeb18d11dc3e0ee,여자,38,충청남,2~3년제 전문대학,사무 보조원,여성,4,30대,충청남,전문대졸
5199,989587fe77e54a2e9c7c3bd4f2ed8f1b,여자,38,경기,대학원,식품학 연구원,여성,4,30대,경기도,대학원졸
5200,c124c493dd2a40889ad98dee8490c3a4,여자,31,경기,2~3년제 전문대학,위험 관리원,여성,4,30대,경기도,전문대졸
5201,b436e1b26d0948c38599ea7abb4d63a0,여자,31,울산,대학원,무직,여성,4,30대,울산광역시,대학원졸
5202,754d715e7c9d45faa86204525e30bcca,여자,35,부산,4년제 대학교,무직,여성,4,30대,부산광역시,대졸
5203,980781f253ec43e384e6c6df3fb58969,여자,33,경상북,4년제 대학교,국가행정 사무원,여성,4,30대,경상북도,대졸
5204,9267c2ed4c3f477a98df9c9780a87a16,여자,35,서울,2~3년제 전문대학,소규모 상점 경영자,여성,4,30대,서울특별시,전문대졸
5205,d9163bb3dc8e44f59c2f2039f07e9403,여자,30,대전,2~3년제 전문대학,유치원 교사,여성,4,30대,대전광역시,전문대졸
5206,b4ad96dc3a104c6d93e2dcf6266dfac5,여자,31,서울,4년제 대학교,"전직 보육교사, 현재 구직중",여성,4,30대,서울특별시,대졸
5207,65c1f512d0cf4171b73f720f7e16290c,여자,37,경기,4년제 대학교,기업 고위 임원,여성,4,30대,경기도,대졸
5208,d1a12e9d0e1841b58fe047e6ef32a3b8,여자,35,울산,2~3년제 전문대학,무직,여성,4,30대,울산광역시,전문대졸
5209,6190913dd5474e259cec7fcf936b2875,여자,31,울산,4년제 대학교,일반 비서,여성,4,30대,울산광역시,대졸
5210,15cedb16a57144e5ae2b030cc2576a1f,여자,37,경기,고등학교,웹 운영자,여성,4,30대,경기도,고졸
5211,b989bd030b824becac4eb1e52d29c254,여자,33,서울,고등학교,편직기 조작원,여성,4,30대,서울특별시,고졸
5212,74723c4badbc4ad986d6b4c408ebf5ad,여자,31,경기,4년제 대학교,그 외 철도 및 전동차 기관사,여성,4,30대,경기도,대졸
5213,fa09f414c9c248d0ab11f95e0c63b650,여자,37,경기,고등학교,무직,여성,4,30대,경기도,고졸
5214,2114c14cc0494bf4891d3dc407a99099,여자,36,경기,대학원,무직,여성,4,30대,경기도,대학원졸
5215,7db1d183b696403b8edaac108f6501e7,여자,34,충청북,4년제 대학교,무직,여성,4,30대,충청북,대졸
5216,9956117f41044bd6a461ca21581965f8,여자,39,경기,초등학교,시설 경비원,여성,4,30대,경기도,초졸이하
5217,01c7e6dcc5bd4dc2aa73658a2fa80e50,여자,38,부산,2~3년제 전문대학,경리 사무원,여성,4,30대,부산광역시,전문대졸
5218,62f7c10961264b3da826866f11d87e70,여자,39,전북,대학원,교육 연구관 및 교육 연구사,여성,4,30대,전북특별자치도,대학원졸
5219,c2a68c042c374024ac15d6f674408ae9,여자,39,강원,고등학교,교육 및 훈련 사무원,여성,4,30대,강원특별자치도,고졸
5220,29c885047a4d4ed9972b0d31369d9a96,여자,37,인천,4년제 대학교,음식 서비스 종사원,여성,4,30대,인천광역시,대졸
5221,18da5de5a616456686a47d6818d58777,여자,32,경상북,2~3년제 전문대학,무직,여성,4,30대,경상북도,전문대졸
5222,ba1262afb9274453ab2c186c2e8dae68,여자,34,세종,4년제 대학교,무직,여성,4,30대,세종특별자치시,대졸
5223,2ccf74b21afd4ee9ab207498beb93aba,여자,37,서울,4년제 대학교,음식 서비스 종사원,여성,4,30대,서울특별시,대졸
5224,13b1a3cbbd8f4c76ae067c9468837439,여자,30,서울,대학원,소규모 상점 경영자,여성,4,30대,서울특별시,대학원졸
5225,24761083e5eb42069e3d989ba441d712,여자,35,서울,4년제 대학교,정보 시스템 운영자,여성,4,30대,서울특별시,대졸
5226,048659f9e1164e5eaece12415c694194,여자,35,울산,고등학교,음식 서비스 종사원,여성,4,30대,울산광역시,고졸
5227,0dde2cbaff8a404baca2aa65bd13d8da,여자,37,제주,2~3년제 전문대학,그 외 데이터 및 네트워크 관련 전문가,여성,4,30대,제주특별자치도,전문대졸
5228,f451d5f377474a9789755648813bed3d,여자,35,경상남,2~3년제 전문대학,음식 배달원,여성,4,30대,경상남도,전문대졸
5229,359cdc371b654ed7ac5bba87d170e563,여자,38,경기,4년제 대학교,유치원 교사,여성,4,30대,경기도,대졸
5230,64c61de6550647be8aac85fd1a8f1f57,여자,31,서울,4년제 대학교,회계사,여성,4,30대,서울특별시,대졸
5231,19ead03d9f524b0987d058638908e975,여자,36,서울,2~3년제 전문대학,무직,여성,4,30대,서울특별시,전문대졸
5232,1bef388bbfe541899362ec3a0d2b5d5c,여자,30,충청남,4년제 대학교,그 외 석유 및 천연가스 제조 관련 제어 장치 조작원,여성,4,30대,충청남,대졸
5233,f86b6724b0ae4d59888a182adf5fb8a2,여자,38,인천,고등학교,가전제품 설치 및 수리원,여성,4,30대,인천광역시,고졸
5234,5a002f462a0c4e93ba508f31514c421f,여자,39,전북,4년제 대학교,무직,여성,4,30대,전북특별자치도,대졸
5235,802432016e5a4a69a1dba9d2881af2f4,여자,36,전라남,4년제 대학교,상품 기획자,여성,4,30대,전라남,대졸
5236,32cc07bd09de4123b334a6f699b2da2f,여자,30,서울,4년제 대학교,일반 비서,여성,4,30대,서울특별시,대졸
5237,c2e64e2f9cda4103b6113740989d581f,여자,30,경기,4년제 대학교,무직,여성,4,30대,경기도,대졸
5238,3f0ca7e862e24fb29c3f9319d49eb614,여자,39,경기,2~3년제 전문대학,경리 사무원,여성,4,30대,경기도,전문대졸
5239,3658739fd0d14e37b0c90026ea8a2844,여자,39,서울,대학원,사무 보조원,여성,4,30대,서울특별시,대학원졸
5240,528f0481c961489a8d74d146019fce08,여자,31,전라남,4년제 대학교,무직,여성,4,30대,전라남,대졸
5241,056820f9b6b44b11a765f03b36dfa0de,여자,32,서울,4년제 대학교,광고 전문가,여성,4,30대,서울특별시,대졸
5242,541b0a2812b34f3ca2529503765b116a,여자,30,전라남,4년제 대학교,마케팅 전문가,여성,4,30대,전라남,대졸
5243,390ed3ca70f9415f8f4638b663e7f8b6,여자,36,경상북,고등학교,주방 보조원,여성,4,30대,경상북도,고졸
5244,7b3eee1550154d5c8d529fc05aa15d2a,여자,37,충청북,4년제 대학교,관세행정 사무원,여성,4,30대,충청북,대졸
5245,3ba2fabe6d2648e8b48bcbe0dd68b61b,여자,37,서울,4년제 대학교,광고 전문가,여성,4,30대,서울특별시,대졸
5246,1341c25b65fa4266a8fa8eab91d2d8ba,여자,34,대구,2~3년제 전문대학,치과위생사,여성,4,30대,대구광역시,전문대졸
5247,d5a5a0345c9442678e84af9f94ae580b,여자,30,대구,2~3년제 전문대학,보험 사무원,여성,4,30대,대구광역시,전문대졸
5248,fba82965411344ad8a9ddebe0b729e0c,여자,37,서울,2~3년제 전문대학,하역 및 적재 관련 단순 종사원,여성,4,30대,서울특별시,전문대졸
5249,b1ec01cbc6b548bca9e580bfaafbd510,여자,30,경상북,2~3년제 전문대학,법무 사무원,여성,4,30대,경상북도,전문대졸
5250,36a2b8fc52924a38be8552efd3b424d3,여자,39,경기,4년제 대학교,총무 사무원,여성,4,30대,경기도,대졸
5251,eca92050d044418f800d809c72c5ff63,여자,35,부산,2~3년제 전문대학,구급 요원,여성,4,30대,부산광역시,전문대졸
5252,bc60a60bf7144002b8e29cf0b0a53a28,여자,39,서울,4년제 대학교,관리 비서,여성,4,30대,서울특별시,대졸
5253,541320fe336c4e5687bb4c66eaca6dbb,여자,36,경기,2~3년제 전문대학,철도운송 관련 종사원,여성,4,30대,경기도,전문대졸
5254,7fa4902b81274e538528dd70bd2a667f,여자,38,부산,4년제 대학교,교육 및 훈련 사무원,여성,4,30대,부산광역시,대졸
5255,84bbc46c2df0402c9204fb382d8c839b,여자,34,전북,4년제 대학교,무직,여성,4,30대,전북특별자치도,대졸
5256,8bc35688dad34b8aa7b1d74bf4d0609e,여자,35,경기,2~3년제 전문대학,보육 관련 시설 서비스 종사원,여성,4,30대,경기도,전문대졸
5257,af5162e4c9f24714a451b80157d4e86e,여자,35,강원,4년제 대학교,그 외 조리사,여성,4,30대,강원특별자치도,대졸
5258,7dd98963f31d4a689c6c9e2636963548,여자,38,충청남,고등학교,보육 관련 시설 서비스 종사원,여성,4,30대,충청남,고졸
5259,9a2b141f8cef4a108e30be9b185a96dc,여자,30,서울,4년제 대학교,조사 전문가,여성,4,30대,서울특별시,대졸
5260,af09b6a2400a4d9c840e64b8f67c02c9,여자,31,울산,4년제 대학교,무직,여성,4,30대,울산광역시,대졸
5261,e89e770ee2f7488d8af89f9adb5bff88,여자,39,대전,4년제 대학교,법무 사무원,여성,4,30대,대전광역시,대졸
5262,efdb178c508742d7946b91be0c1d5cf5,여자,32,경상남,4년제 대학교,무직,여성,4,30대,경상남도,대졸
5263,8a4cfbc3d23b4c4ea1a9c0572a4da632,여자,31,부산,4년제 대학교,무직,여성,4,30대,부산광역시,대졸
5264,3e8aad80bbda4f9cbd48ebdf46c2cc18,여자,38,전라남,고등학교,무직,여성,4,30대,전라남,고졸
5265,671c1ba77f31459bacb9448f2604bb5f,여자,35,충청남,대학원,식품공학 시험원,여성,4,30대,충청남,대학원졸
5266,11f60eb19cd24b02ba85cdc2d578a0a5,여자,38,경기,대학원,재무 관리자,여성,4,30대,경기도,대학원졸
5267,9a5015fb77d24f57a4d679562a164f4c,여자,30,대구,대학원,무직,여성,4,30대,대구광역시,대학원졸
5268,cd33437f05ce44fe9e5bef59ad8127d7,여자,33,경상남,4년제 대학교,그 외 생명과학 시험원,여성,4,30대,경상남도,대졸
5269,3a24095c7df14abaab6ffb8730366d77,여자,37,서울,2~3년제 전문대학,무직,여성,4,30대,서울특별시,전문대졸
5270,bc202437e5024e0fafef48e02d1643f0,여자,38,서울,4년제 대학교,기업 고위 임원,여성,4,30대,서울특별시,대졸
5271,12ad9f9373324050b5114c07837e40e8,여자,30,충청남,고등학교,노인 및 장애인 돌봄 서비스 종사원,여성,4,30대,충청남,고졸
5272,2242fbdc0aaf4805a7ca215a2a30f2a1,여자,35,경기,대학원,데이터 분석가,여성,4,30대,경기도,대학원졸
5273,ba26f3e8238b4603ba139184ffaf10f5,여자,38,경기,고등학교,시설 경비원,여성,4,30대,경기도,고졸
5274,e8fdefdd52de47519293140fa7f7b328,여자,33,경기,4년제 대학교,국가행정 사무원,여성,4,30대,경기도,대졸
5275,decd42c630aa4bd89c4d5fba5839de86,여자,35,부산,대학원,무직,여성,4,30대,부산광역시,대학원졸
5276,cbbc433467ea4fd38efd05af51b9b308,여자,36,서울,고등학교,"전직 노인 및 장애인 돌봄 서비스 종사원, 현재 구직중",여성,4,30대,서울특별시,고졸
5277,e76fe297463d4fc5a3ae02b637932bee,여자,36,경기,초등학교,무직,여성,4,30대,경기도,초졸이하
5278,68aff539d76649918f779478fbd9596b,여자,39,경기,고등학교,대형 화물차 운전원,여성,4,30대,경기도,고졸
5279,b91bd0d099c7420690cea79a0a50330c,여자,31,경기,4년제 대학교,무직,여성,4,30대,경기도,대졸
5280,20449b5671b14ec1a85ef4ca3801d4b5,여자,37,인천,대학원,투자 및 증권 분석가,여성,4,30대,인천광역시,대학원졸
5281,fe2ee11026b748caa1625b51f5174f88,여자,34,충청북,고등학교,"전직 전자 부품 제조 기계 조작원, 현재 구직중",여성,4,30대,충청북,고졸
5282,4d83c9de9771416e836c27ff6eaa213e,여자,36,광주,고등학교,사무 보조원,여성,4,30대,광주광역시,고졸
5283,93efef7d2aea4d2c90acb0667889c76e,여자,31,경상북,2~3년제 전문대학,"전직 드라이클리닝기 조작원, 현재 구직중",여성,4,30대,경상북도,전문대졸
5284,78b220d0de4f4d0eb21d8ec66c66434a,여자,35,서울,4년제 대학교,그 외 일반 영업원,여성,4,30대,서울특별시,대졸
5285,b8633a226c79416dbf5e0fea2da2651e,여자,32,경기,4년제 대학교,무직,여성,4,30대,경기도,대졸
5286,ad8f141a6d9a4753b49ecb9644bf1e12,여자,33,대구,대학원,경영 컨설턴트,여성,4,30대,대구광역시,대학원졸
5287,33d7a92d316f47d1b523aa2e26408b19,여자,34,대구,4년제 대학교,특허 사무원,여성,4,30대,대구광역시,대졸
5288,78c3ccae6f9540e4b2961e323f7e4a05,여자,31,경기,4년제 대학교,국가행정 사무원,여성,4,30대,경기도,대졸
5289,d694d8459d7d4251ad7775fd284fa6f5,여자,34,서울,2~3년제 전문대학,양식 조리사,여성,4,30대,서울특별시,전문대졸
5290,6cc832e5b7234343831a3e5a46e7dc4a,여자,38,부산,4년제 대학교,그 외 일반 영업원,여성,4,30대,부산광역시,대졸
5291,09121e493156482991b1d32ceea1b0cf,여자,33,전북,4년제 대학교,데이터 분석가,여성,4,30대,전북특별자치도,대졸
5292,5c769658502b4888aa2d69b002f50a1e,여자,38,강원,2~3년제 전문대학,유치원 교사,여성,4,30대,강원특별자치도,전문대졸
5293,3239c3a1d9894085a57ce2f1c41e20e4,여자,31,경기,4년제 대학교,교육 및 훈련 사무원,여성,4,30대,경기도,대졸
5294,1c235a30b2b74ff0b6bde8adc124d758,여자,39,경상북,고등학교,무직,여성,4,30대,경상북도,고졸
5295,09ef9fd4c5d144d289ced0f509e55055,여자,37,경상북,고등학교,한식 조리사,여성,4,30대,경상북도,고졸
5296,7d6634cbb82d4360a2ae2bc748931c0d,여자,30,대전,4년제 대학교,소규모 상점 경영자,여성,4,30대,대전광역시,대졸
5297,19bd06c88de64039b18b88ad1f91e52b,여자,37,인천,2~3년제 전문대학,고속철 기관사,여성,4,30대,인천광역시,전문대졸
5298,b38b6af1e5784fc2b29cff0024f5260b,여자,37,경기,2~3년제 전문대학,유치원 교사,여성,4,30대,경기도,전문대졸
5299,2d150b70af9f446882235828d494b44d,여자,33,경기,4년제 대학교,관리 비서,여성,4,30대,경기도,대졸
5300,ea726ed4cc1d44d08bf432b51ddb8094,여자,33,부산,고등학교,한식 조리사,여성,4,30대,부산광역시,고졸
5301,3bdc5f1efca84b74b0bde7070a820303,여자,38,경상남,4년제 대학교,무직,여성,4,30대,경상남도,대졸
5302,dda365e5dc884184804ba2a400c57906,여자,36,경기,4년제 대학교,식품 영업원,여성,4,30대,경기도,대졸
5303,83eaec3733024a6cb6015b9e74e648e9,여자,31,경상남,고등학교,전기 용접원,여성,4,30대,경상남도,고졸
5304,192c2a07bd7c4fd78dee87f3598e0f0f,여자,32,서울,2~3년제 전문대학,무직,여성,4,30대,서울특별시,전문대졸
5305,26484f16ea7b44a3891aa8228ba9103a,여자,33,경상남,대학원,소규모 상점 일선 관리 종사원,여성,4,30대,경상남도,대학원졸
5306,5ccc457a2f254d48baa508703aa0833c,여자,37,부산,4년제 대학교,관리 비서,여성,4,30대,부산광역시,대졸
5307,1f9f63c5f5c64079ad8d35fceee105fa,여자,30,서울,대학원,무직,여성,4,30대,서울특별시,대학원졸
5308,2c8b9dcafa674d3ba5ce946f06afcbb5,여자,33,서울,4년제 대학교,제빵사 및 제과원,여성,4,30대,서울특별시,대졸
5309,8b36d8a02a434e76b269beb70beac4fe,여자,31,부산,고등학교,자동 재봉설비 조작원,여성,4,30대,부산광역시,고졸
5310,25f74e65df5344679c9e65f9acfaa914,여자,31,경기,2~3년제 전문대학,그 외 건설용 기계 정비원,여성,4,30대,경기도,전문대졸
5311,720dbb398eb1430188e07fcf4c0ac86b,여자,37,경기,2~3년제 전문대학,신발 및 액세서리 판매원,여성,4,30대,경기도,전문대졸
5312,099c80df2228478d934f54feae957722,여자,33,경기,2~3년제 전문대학,데이터 분석가,여성,4,30대,경기도,전문대졸
5313,76eec8cb248c48bdb8966b320452ef6e,여자,33,서울,4년제 대학교,무직,여성,4,30대,서울특별시,대졸
5314,c1f9f3331f59462ab5f48eb8425613be,여자,35,서울,2~3년제 전문대학,무직,여성,4,30대,서울특별시,전문대졸
5315,ac0ce568ad694d338f6d02fb18b8914a,여자,39,경기,대학원,무직,여성,4,30대,경기도,대학원졸
5316,58aee6534ac64e8f99e3bb4969dd3639,여자,34,경기,4년제 대학교,회계 사무원,여성,4,30대,경기도,대졸
5317,20c07862e73f4178b462f4840748a086,여자,34,세종,2~3년제 전문대학,무직,여성,4,30대,세종특별자치시,전문대졸
5318,105f38b7f98b4bc98fab3a26ffb4e117,여자,36,인천,고등학교,사무 보조원,여성,4,30대,인천광역시,고졸
5319,301cfa10291c4dc487745f96ccfdf4b7,여자,31,서울,4년제 대학교,온라인 쇼핑 판매원,여성,4,30대,서울특별시,대졸
5320,2252ce7ebbeb4a4aab6cd7c9e97aeb7c,여자,36,경기,대학원,마케팅 전문가,여성,4,30대,경기도,대학원졸
5321,a3df1d7d18d742a99138aec6a03d8da5,여자,31,충청남,2~3년제 전문대학,일식 조리사,여성,4,30대,충청남,전문대졸
5322,f02c03d190604075b194f917284bdef5,여자,30,서울,4년제 대학교,일반 비서,여성,4,30대,서울특별시,대졸
5323,30517228cccd4625a0e14acb245f1c3b,여자,34,서울,4년제 대학교,일반 비서,여성,4,30대,서울특별시,대졸
5324,6403b0af3d1d49fcb0ead4cd5f7160cd,여자,37,전라남,2~3년제 전문대학,무직,여성,4,30대,전라남,전문대졸
5325,bb6b62320b5641639b7ca3e91f71ba1e,여자,36,경기,4년제 대학교,그 외 화학제품 생산기 조작원,여성,4,30대,경기도,대졸
5326,82b1f97b7aa54e0298dcb1b2159ca9dc,여자,39,경기,고등학교,지게차 정비원,여성,4,30대,경기도,고졸
5327,7340971c2523495f8d442a9c062cd0e7,여자,31,경기,고등학교,토목 제도사,여성,4,30대,경기도,고졸
5328,ba9b2908eabe4efb9a831338dede030d,여자,38,서울,2~3년제 전문대학,화학 시험원,여성,4,30대,서울특별시,전문대졸
5329,ebc605d42823498b941479188228fbdf,여자,31,경기,고등학교,가사 도우미,여성,4,30대,경기도,고졸
5330,190262631db943f2b12a95c3f34040f8,여자,31,서울,4년제 대학교,소방 관리자,여성,4,30대,서울특별시,대졸
5331,179ab714f5cb4cdaa32e1375b06da5c8,여자,37,경기,4년제 대학교,무직,여성,4,30대,경기도,대졸
5332,732c55e49a5049cfabf7d149712e3bc3,여자,37,서울,4년제 대학교,영업 관리 사무원,여성,4,30대,서울특별시,대졸
5333,1c8c44dce3044faea5ab831a693d5d23,여자,34,서울,고등학교,그 외 의복 제조 관련 기능 종사원,여성,4,30대,서울특별시,고졸
5334,cb80d9ff81a34a86a25d833a2cdfb56f,여자,30,전라남,2~3년제 전문대학,"전직 통신장비 기사, 현재 구직중",여성,4,30대,전라남,전문대졸
5335,d00663a4a1e646e5b18f19ea2013dd90,여자,33,부산,2~3년제 전문대학,무직,여성,4,30대,부산광역시,전문대졸
5336,74c216f34b6e43efb3eb45cf0a255d0b,여자,32,서울,2~3년제 전문대학,전화 상담원,여성,4,30대,서울특별시,전문대졸
5337,32a8f65916c246eca7ac699609923da8,여자,34,경기,4년제 대학교,자동 조립라인 조작원,여성,4,30대,경기도,대졸
5338,5c5692aae84b450b964ceae29fd12b2c,여자,37,경기,2~3년제 전문대학,제빵사 및 제과원,여성,4,30대,경기도,전문대졸
5339,1a5b1827ec3945f094a20211139c0a05,여자,30,경기,초등학교,마케팅 전문가,여성,4,30대,경기도,초졸이하
5340,7cac8444ec2b4677984a71363de34624,여자,32,경상남,4년제 대학교,무직,여성,4,30대,경상남도,대졸
5341,5b938b6baf2c4a6c8cea3f7eed575884,여자,36,경기,2~3년제 전문대학,특허 사무원,여성,4,30대,경기도,전문대졸
5342,2213a0f376bc44f39cab5a267468c7cc,여자,38,경기,4년제 대학교,상품 기획자,여성,4,30대,경기도,대졸
5343,9bfb9cf101e64841a341872710e8543e,여자,39,서울,4년제 대학교,미디어 콘텐츠 창작자,여성,4,30대,서울특별시,대졸
5344,e90d20b041d3498896e01ad68e918771,여자,31,경기,4년제 대학교,"전직 바텐더, 현재 구직중",여성,4,30대,경기도,대졸
5345,cf12cb723fdf4043814c51a18fc91081,여자,32,서울,4년제 대학교,일반 비서,여성,4,30대,서울특별시,대졸
5346,c964e32dbc554e349dc8fa8676f3e1e2,여자,33,충청남,4년제 대학교,일식 조리사,여성,4,30대,충청남,대졸
5347,6510b78cccb9410d99855dd581bdbda9,여자,30,서울,대학원,일반 비서,여성,4,30대,서울특별시,대학원졸
5348,4f0fe377e5664a76b22d629742a843e0,여자,35,경기,2~3년제 전문대학,금속공학 기술자 및 연구원,여성,4,30대,경기도,전문대졸
5349,1d78f57ad6904a42ac781f6da32602bc,여자,33,인천,4년제 대학교,"전직 보육교사, 현재 구직중",여성,4,30대,인천광역시,대졸
5350,891c2c2bdcb949b7965caadeb9778fa3,여자,39,경기,고등학교,건물 청소원,여성,4,30대,경기도,고졸
5351,4488815464ec4ace824587968c11a999,여자,37,서울,2~3년제 전문대학,"전직 그 외 공업기계 설치 및 정비원, 현재 구직중",여성,4,30대,서울특별시,전문대졸
5352,bbc91425c2864976b1f38e8fb22a3dc3,여자,30,전라남,2~3년제 전문대학,치과위생사,여성,4,30대,전라남,전문대졸
5353,e3d3c70fb9704c81b88cef6ef160e50c,여자,39,인천,4년제 대학교,데이터 분석가,여성,4,30대,인천광역시,대졸
5354,64608ebaeaf84fbfa46c4928a8b7e5c4,여자,31,경기,4년제 대학교,무직,여성,4,30대,경기도,대졸
5355,4ce30654453240aaba71425b11a91e7f,여자,39,서울,고등학교,건물 청소원,여성,4,30대,서울특별시,고졸
5356,8284c4d1a74547c28aa2757e1b141d97,여자,35,경기,2~3년제 전문대학,한식 조리사,여성,4,30대,경기도,전문대졸
5357,3d417044e03546819c396579706415e0,여자,35,부산,4년제 대학교,무직,여성,4,30대,부산광역시,대졸
5358,395deeca283d4dea8173c8f52ad442e3,여자,34,경기,4년제 대학교,일반 비서,여성,4,30대,경기도,대졸
5359,21f782b4cd5748e585e225cb2b614193,여자,37,서울,4년제 대학교,광고 전문가,여성,4,30대,서울특별시,대졸
5360,087287f60d5b406e8faccf1469c3ce49,여자,33,서울,고등학교,건물 경비원,여성,4,30대,서울특별시,고졸
5361,e9e1e8a66a344aae970fe8d6021a0a1e,여자,32,서울,4년제 대학교,웨딩플래너,여성,4,30대,서울특별시,대졸
5362,6dc54b32d0854670b05d1b9e5ea538f5,여자,34,충청남,2~3년제 전문대학,의무 기록사,여성,4,30대,충청남,전문대졸
5363,6938b1cd88824877beff529d6bd8ba78,여자,38,서울,4년제 대학교,무직,여성,4,30대,서울특별시,대졸
5364,90b464eed41b48ecb3df078f15c65520,여자,32,충청북,2~3년제 전문대학,무직,여성,4,30대,충청북,전문대졸
5365,04910de6b46849e59d51c45470bd755c,여자,36,서울,대학원,모바일 애플리케이션 프로그래머,여성,4,30대,서울특별시,대학원졸
5366,9fe1b21fb2b149cb955e9048175dd2e3,여자,39,강원,2~3년제 전문대학,"전직 음료 서비스 종사원, 현재 구직중",여성,4,30대,강원특별자치도,전문대졸
5367,d18bf734caa64ee7a4046a83916d45df,여자,32,울산,4년제 대학교,산업 안전원,여성,4,30대,울산광역시,대졸
5368,064a8fd9600a4b368f0355200b078e79,여자,31,대전,고등학교,무직,여성,4,30대,대전광역시,고졸
5369,33cce913f68143c2a1dc094d61814dfc,여자,34,대구,고등학교,밑반찬 제조 종사원,여성,4,30대,대구광역시,고졸
5370,d84daaf6b2c945c08a0582f099c19d48,여자,35,경기,4년제 대학교,무직,여성,4,30대,경기도,대졸
5371,309f37d2919e43dc8a117993d299afea,여자,35,경기,중학교,텔레마케터,여성,4,30대,경기도,중졸
5372,a83df52559754970acca1cb8392c8bf4,여자,35,인천,2~3년제 전문대학,무직,여성,4,30대,인천광역시,전문대졸
5373,8b9b1cb1c448430fb06a4d4b47190ae6,여자,37,인천,고등학교,데이터 관리 및 운영자,여성,4,30대,인천광역시,고졸
5374,017136bea5174602ba363ab7d948c1f1,여자,32,서울,4년제 대학교,무직,여성,4,30대,서울특별시,대졸
5375,835226719c7747309a80a0631b17769a,여자,30,경기,2~3년제 전문대학,무직,여성,4,30대,경기도,전문대졸
5376,679e7e5867624462b0cbcdcc891ee3a6,여자,39,전북,4년제 대학교,마케팅 전문가,여성,4,30대,전북특별자치도,대졸
5377,3906d77e13fb4b69b65cad0035ec1ec1,여자,34,전북,4년제 대학교,무직,여성,4,30대,전북특별자치도,대졸
5378,30869833bb1542428d1e0a9e54fac6e7,여자,30,대구,4년제 대학교,전자제품 개발 기술자 및 연구원,여성,4,30대,대구광역시,대졸
5379,5a4abf17b30a40ae8d48f102bcb536ed,여자,39,부산,고등학교,무직,여성,4,30대,부산광역시,고졸
5380,64cd170ceca4408d8aac2d04a21559cf,여자,38,서울,4년제 대학교,경리 사무원,여성,4,30대,서울특별시,대졸
5381,2ee39938e3284a978581239b5b6cb377,여자,30,경기,4년제 대학교,일반 비서,여성,4,30대,경기도,대졸
5382,ac347f0ef86f450fb2ac286d903784b2,여자,32,경기,고등학교,건물 전기 및 전자설비 조작원,여성,4,30대,경기도,고졸
5383,a6fe5bebeccd428f8fe886c31f8f18c1,여자,36,서울,고등학교,사무 보조원,여성,4,30대,서울특별시,고졸
5384,93c56ed151d04d8aa2783210f7e1b1cc,여자,38,경기,대학원,무직,여성,4,30대,경기도,대학원졸
5385,01a9268e00ae4d8f910b041b2098c1a9,여자,37,서울,2~3년제 전문대학,무직,여성,4,30대,서울특별시,전문대졸
5386,163426bc25e4481cb0161f556a320bbe,여자,37,경기,2~3년제 전문대학,무직,여성,4,30대,경기도,전문대졸
5387,c7d4c97632c146cea93bb2cb0c195821,여자,35,경기,2~3년제 전문대학,전화 상담원,여성,4,30대,경기도,전문대졸
5388,71077f87a22c44668634b1a6152f7762,여자,35,서울,4년제 대학교,무직,여성,4,30대,서울특별시,대졸
5389,6fc80e21429b4ae2a9bc91846aba0a31,여자,31,경기,초등학교,제품 단순 선별원,여성,4,30대,경기도,초졸이하
5390,53b33683ec0846e9b22a20f79ab109cc,여자,34,울산,대학원,전자제품 개발 기술자 및 연구원,여성,4,30대,울산광역시,대학원졸
5391,3f8e5fe5d8c34f93ba7db569dda493c1,여자,30,서울,4년제 대학교,경리 사무원,여성,4,30대,서울특별시,대졸
5392,92caccb59a4a4f849f81bc0159e9247b,여자,38,서울,4년제 대학교,치과위생사,여성,4,30대,서울특별시,대졸
5393,aa7e13f0f58949f0bf74a2148aab2009,여자,39,광주,2~3년제 전문대학,건물 청소원,여성,4,30대,광주광역시,전문대졸
5394,347953b84cc542d99764c432efcf99a6,여자,30,대전,고등학교,사무 보조원,여성,4,30대,대전광역시,고졸
5395,ce0768df49d345d2980aea404a44505b,여자,30,부산,고등학교,매장 정리원,여성,4,30대,부산광역시,고졸
5396,c02132729a674c9aab692332560a3c9e,여자,31,경기,4년제 대학교,국가행정 사무원,여성,4,30대,경기도,대졸
5397,38490a4f1d6b4bd2b7e23a6888c1bba9,여자,30,인천,2~3년제 전문대학,경리 사무원,여성,4,30대,인천광역시,전문대졸
5398,32b5667fe3f9424b99d4c37882cb79c3,여자,37,경기,중학교,그 외 판매 관련 단순 종사원,여성,4,30대,경기도,중졸
5399,eba62d14a71b4cef96c657d5a30cadd7,여자,34,전북,4년제 대학교,부동산 컨설턴트,여성,4,30대,전북특별자치도,대졸
5400,981d1f4d24c44aefa23e2ae493ad3e9f,여자,33,경기,대학원,무직,여성,4,30대,경기도,대학원졸
5401,41bbd1111b8740dc9ed9a7320107628a,여자,34,인천,4년제 대학교,일반 비서,여성,4,30대,인천광역시,대졸
5402,b4de6d5aa05646e6ab793f4bb6d77d1d,여자,38,강원,고등학교,건물 청소원,여성,4,30대,강원특별자치도,고졸
5403,aaddbc5a91f046c2bc85c21e35521d3f,여자,34,부산,2~3년제 전문대학,학습지 방문강사,여성,4,30대,부산광역시,전문대졸
5404,073a9d9c850a4c36b39ec98d8a982f45,여자,35,대구,2~3년제 전문대학,유치원 교사,여성,4,30대,대구광역시,전문대졸
5405,fd235ef39849431d8f6e21518db627a8,여자,39,부산,고등학교,금형원,여성,4,30대,부산광역시,고졸
5406,b98469e4d2504632bbf03c43117e41fa,여자,33,인천,4년제 대학교,웹 프로그래머,여성,4,30대,인천광역시,대졸
5407,8c7dc17f561a4a98a9408abc8da5da3a,여자,34,전라남,4년제 대학교,농약·비료 기술자 및 연구원,여성,4,30대,전라남,대졸
5408,bdd8e618baa84b92a1d85b2fac2568d8,여자,34,충청남,4년제 대학교,위험 관리원,여성,4,30대,충청남,대졸
5409,5a856483a0c94c0ba96376b80305440f,여자,39,대구,2~3년제 전문대학,학습지 방문강사,여성,4,30대,대구광역시,전문대졸
5410,2ebaceacfd424624af9f761fd8ddcab3,여자,39,경기,4년제 대학교,일반 한의사,여성,4,30대,경기도,대졸
5411,c16af319f7744ea6a3a20a473cb6d8ae,여자,39,경기,4년제 대학교,상담 전문가,여성,4,30대,경기도,대졸
5412,86aa7c719c3d4280a9c8f73302702d4e,여자,38,서울,대학원,조사 전문가,여성,4,30대,서울특별시,대학원졸
5413,db7aec09965f4aa9a79444e5e318be56,여자,39,경기,중학교,무직,여성,4,30대,경기도,중졸
5414,9dab50eb3f0c4d88a5a097d56f3bb442,여자,30,서울,고등학교,건물 청소원,여성,4,30대,서울특별시,고졸
5415,e80aa5495efa4840ab6fe63ff0368522,여자,35,충청북,2~3년제 전문대학,컴퓨터 설치 및 수리원,여성,4,30대,충청북,전문대졸
5416,5b1c368ea5da4dda8fc3873e5527cf26,여자,32,서울,4년제 대학교,식품 영업원,여성,4,30대,서울특별시,대졸
5417,016edd4278af4557bb91d29e0bd5e986,여자,34,광주,4년제 대학교,관리 비서,여성,4,30대,광주광역시,대졸
5418,193acf8fce794a63972dd3c44b4abe66,여자,36,경기,2~3년제 전문대학,건물 청소원,여성,4,30대,경기도,전문대졸
5419,2be0ea2b1c4f44aeaeca0fbfe886f583,여자,38,경기,대학원,데이터 분석가,여성,4,30대,경기도,대학원졸
5420,2720e1558dfc49e2a8b4e2dbf4fb80a8,여자,33,경기,4년제 대학교,무직,여성,4,30대,경기도,대졸
5421,e2ae2bd646be445aac7eedfe0d34f27e,여자,30,인천,대학원,유치원 교사,여성,4,30대,인천광역시,대학원졸
5422,c30478ed21eb4fea830132ab06c70bfa,여자,31,경기,고등학교,그 외 표백 및 염색 관련 기계 조작원,여성,4,30대,경기도,고졸
5423,2152d3344eda442d89aaa69f37446dfe,여자,31,인천,2~3년제 전문대학,무직,여성,4,30대,인천광역시,전문대졸
5424,53971f762ee64fd780c07579290dc1e1,여자,33,서울,고등학교,무직,여성,4,30대,서울특별시,고졸
5425,02cf064575cd474e9692b267fbc1b672,여자,32,경기,2~3년제 전문대학,금속기계 부품 조립원,여성,4,30대,경기도,전문대졸
5426,0fbb74f2197142a4b4278971d5450db5,여자,31,경기,고등학교,학습지 방문강사,여성,4,30대,경기도,고졸
5427,ed026fce04bb43ab9c076bae3c37429d,여자,30,경기,2~3년제 전문대학,무직,여성,4,30대,경기도,전문대졸
5428,4f1039a4a1a542f6922a43b63436c919,여자,39,서울,4년제 대학교,광고 전문가,여성,4,30대,서울특별시,대졸
5429,0fee948e8808479bb243e749309ffe11,여자,34,대구,4년제 대학교,유치원 교사,여성,4,30대,대구광역시,대졸
5430,c7399233170d4e198d00a2f6baa08d86,여자,33,서울,2~3년제 전문대학,그 외 전기·전자기기 설치 및 수리원,여성,4,30대,서울특별시,전문대졸
5431,937cba1f5cd24de2913b7ddf899b6a44,여자,31,인천,4년제 대학교,가구 디자이너,여성,4,30대,인천광역시,대졸
5432,3e1adab77534431b95fd1798da133261,여자,36,세종,2~3년제 전문대학,유치원 교사,여성,4,30대,세종특별자치시,전문대졸
5433,ad8bcce9730a47a0ad8be1cf7ab818e3,여자,31,경상북,4년제 대학교,경리 사무원,여성,4,30대,경상북도,대졸
5434,b319627fe531426eb9f900fa059e123f,여자,38,전북,4년제 대학교,회계 사무원,여성,4,30대,전북특별자치도,대졸
5435,0975acd6f5e54a3081d457f83bdc0111,여자,30,전라남,4년제 대학교,일반 비서,여성,4,30대,전라남,대졸
5436,e2a07591c10d42359c80da6cc1fef620,여자,30,강원,고등학교,일반 비서,여성,4,30대,강원특별자치도,고졸
5437,5e7aed84eba94beaa8a1b1c03f0477cc,여자,34,경기,대학원,마케팅 전문가,여성,4,30대,경기도,대학원졸
5438,11d1bf18b86f46c796699bfc48c69659,여자,34,부산,고등학교,마케팅 전문가,여성,4,30대,부산광역시,고졸
5439,29006d2acc7649d3a8389684fe36d9ad,여자,31,경기,대학원,그 외 기능 관련 종사원,여성,4,30대,경기도,대학원졸
5440,b2d9e18c56834741b1e587ded5120107,여자,31,인천,고등학교,우편집배원,여성,4,30대,인천광역시,고졸
5441,27199be7475c4d2287719aeecd4e6bd5,여자,32,서울,2~3년제 전문대학,소방관,여성,4,30대,서울특별시,전문대졸
5442,16671242599b4d62983ebddd22795b69,여자,37,경기,고등학교,음식 서비스 종사원,여성,4,30대,경기도,고졸
5443,cbccbecc13c447b7aded98e1f4634b54,여자,33,경상남,고등학교,일반 비서,여성,4,30대,경상남도,고졸
5444,ea28e6dc630c4273b2833b5bf60e1739,여자,39,부산,4년제 대학교,공공행정 사무원,여성,4,30대,부산광역시,대졸
5445,835512a37027408c811b1f7919cf2910,여자,37,경기,중학교,건물 청소원,여성,4,30대,경기도,중졸
5446,230636fe3c744562b728da540db87069,여자,38,서울,2~3년제 전문대학,식품공학 시험원,여성,4,30대,서울특별시,전문대졸
5447,76ce884b5daf4392b2683f60d17443c0,여자,39,경기,4년제 대학교,교육 및 훈련 사무원,여성,4,30대,경기도,대졸
5448,9dea2b2795484e119c95ca79c9eb95a0,여자,34,서울,4년제 대학교,회계 사무원,여성,4,30대,서울특별시,대졸
5449,addd7d74ded04f1ebbf87e02841faddc,여자,30,인천,2~3년제 전문대학,무직,여성,4,30대,인천광역시,전문대졸
5450,fc92de95679044a5b285468987cd971e,여자,37,경기,대학원,마케팅 전문가,여성,4,30대,경기도,대학원졸
5451,bdced5ff1b6d46dc9a94828b00754ba4,여자,34,경상남,2~3년제 전문대학,무직,여성,4,30대,경상남도,전문대졸
5452,a51a0c8decec456c8db944e29bc78b88,여자,32,경상북,4년제 대학교,마케팅 관리자,여성,4,30대,경상북도,대졸
5453,ffae27e09cf6483c8ce2e124a1e39dfc,여자,30,서울,2~3년제 전문대학,정보 시스템 운영자,여성,4,30대,서울특별시,전문대졸
5454,37c30e8491514dd78e895da4d343b756,여자,34,경상남,4년제 대학교,유치원 교사,여성,4,30대,경상남도,대졸
5455,d6d5b71847ad463e8a4fcfceb160c74e,여자,38,경기,4년제 대학교,전화 상담원,여성,4,30대,경기도,대졸
5456,0a3a3d80912f457a916ab064bf14847c,여자,36,인천,4년제 대학교,"전직 마케팅 전문가, 현재 구직중",여성,4,30대,인천광역시,대졸
5457,46b1133475574733aedd7276351cd776,여자,32,경기,2~3년제 전문대학,무직,여성,4,30대,경기도,전문대졸
5458,dfced3038448467e8f8ee162df5a10d6,여자,30,경기,2~3년제 전문대학,방송 송출 장비 기사,여성,4,30대,경기도,전문대졸
5459,a10ad1da0d9d43c38ae2e15e306f39e0,여자,30,경기,4년제 대학교,여행 사무원,여성,4,30대,경기도,대졸
5460,b9a8dff9d8ab46c490315d1ce1bd4625,여자,30,경기,2~3년제 전문대학,사무 보조원,여성,4,30대,경기도,전문대졸
5461,47cc7eefe4c442c2b8b5989bfa04708d,여자,30,서울,2~3년제 전문대학,보육교사,여성,4,30대,서울특별시,전문대졸
5462,8c121c606749494da286c47d75f8b895,여자,39,경상남,대학원,무직,여성,4,30대,경상남도,대학원졸
5463,c1da9e3ac6b744e99f8f58ec7150e7f8,여자,30,서울,4년제 대학교,일반 간호사,여성,4,30대,서울특별시,대졸
5464,18989485f2d44ed9883456088366d74c,여자,33,경상남,2~3년제 전문대학,화장품 판매원,여성,4,30대,경상남도,전문대졸
5465,3cb402ae9d9c451e9c525cc760462704,여자,30,경기,4년제 대학교,입학 사정관,여성,4,30대,경기도,대졸
5466,fb6f3e2c2c0e4e2ab7774e0e57fa71f5,여자,30,광주,2~3년제 전문대학,무직,여성,4,30대,광주광역시,전문대졸
5467,3705cd11933849f4a4aa70033d463a1e,여자,33,경기,고등학교,한식 조리사,여성,4,30대,경기도,고졸
5468,90a997261e444ef8887aea4538780afa,여자,37,부산,4년제 대학교,무직,여성,4,30대,부산광역시,대졸
5469,83abaea157c34d9c85a7fe9a359282dc,여자,34,서울,4년제 대학교,영업 관련 관리자,여성,4,30대,서울특별시,대졸
5470,0bea937d53d448dc9d97b254c63208fd,여자,32,인천,4년제 대학교,경리 사무원,여성,4,30대,인천광역시,대졸
5471,db9412cb61c1441781bcf0902f253b11,여자,38,제주,2~3년제 전문대학,회계 사무원,여성,4,30대,제주특별자치도,전문대졸
5472,0ae1d25960b94763b775f39749830f3c,여자,38,경기,4년제 대학교,그 외 특수교육 교사,여성,4,30대,경기도,대졸
5473,108976a1f8274ff8a97c005d187ff77f,여자,30,전북,4년제 대학교,총무 및 인사 관리자,여성,4,30대,전북특별자치도,대졸
5474,73f3d0b6910247598b97257bfcc5b41a,여자,36,인천,2~3년제 전문대학,조세행정 사무원,여성,4,30대,인천광역시,전문대졸
5475,74ae3b3b761a4f9ca09b06bc227927e3,여자,34,인천,2~3년제 전문대학,전화 상담원,여성,4,30대,인천광역시,전문대졸
5476,23fac00cd690457d9e04193295798823,여자,38,경기,4년제 대학교,무직,여성,4,30대,경기도,대졸
5477,f52697b8994e45f4baa67a2c28851245,여자,37,충청남,고등학교,메이크업 아티스트,여성,4,30대,충청남,고졸
5478,647e041619f74edaa140dc47cf0925be,여자,39,경기,고등학교,사무 보조원,여성,4,30대,경기도,고졸
5479,e7596424a53c43d58cb1ea040581d979,여자,31,서울,4년제 대학교,일식 조리사,여성,4,30대,서울특별시,대졸
5480,0fc60a90776d4fbca42cb5a4e76d205c,여자,38,대전,4년제 대학교,일반 비서,여성,4,30대,대전광역시,대졸
5481,ad2843985ba447cfb6caa97799b066d4,여자,33,경상남,2~3년제 전문대학,"전직 경리 사무원, 현재 구직중",여성,4,30대,경상남도,전문대졸
5482,425f5e56eef34b6db96a98db476e2896,여자,30,서울,대학원,무직,여성,4,30대,서울특별시,대학원졸
5483,437e9dcc622e4fa88a04a62dab3dfa37,여자,32,서울,4년제 대학교,회계 사무원,여성,4,30대,서울특별시,대졸
5484,0e91663673844c1eb832b18086afbd77,여자,38,서울,2~3년제 전문대학,사무 보조원,여성,4,30대,서울특별시,전문대졸
5485,33cc281954554f51b6a9f0399a129a53,여자,39,충청남,고등학교,출판 및 자료편집 사무원,여성,4,30대,충청남,고졸
5486,6b495a2d9bd54665a6647f4aebbcb1f4,여자,39,충청북,고등학교,음료 서비스 종사원,여성,4,30대,충청북,고졸
5487,b12e2dff16a54fafa27e1e33dd3b5f41,여자,38,서울,2~3년제 전문대학,식품 영업원,여성,4,30대,서울특별시,전문대졸
5488,6d391b11965c439ba4fd71c712bf3c1e,여자,31,인천,고등학교,하역 및 적재 관련 단순 종사원,여성,4,30대,인천광역시,고졸
5489,bcd2d6e09c644cb285755c5f26d29237,여자,39,대구,대학원,무직,여성,4,30대,대구광역시,대학원졸
5490,5e82f0b6b04d499194e237b33b521966,여자,32,경상북,2~3년제 전문대학,한식 조리사,여성,4,30대,경상북도,전문대졸
5491,34cfc6d529764220b69a180d65ceed59,여자,31,서울,4년제 대학교,도시 계획 및 설계가,여성,4,30대,서울특별시,대졸
5492,ec7830563ebb4c49b6450b748169699a,여자,37,경기,4년제 대학교,식품 영업원,여성,4,30대,경기도,대졸
5493,f29fb049d3d74f649f67ec008559fff7,여자,36,서울,고등학교,무직,여성,4,30대,서울특별시,고졸
5494,8ab66e77d4934c9e94873855093f7c7c,여자,37,서울,4년제 대학교,데이터 분석가,여성,4,30대,서울특별시,대졸
5495,cf12cb723fdf4043814c51a18fc91081,여자,32,서울,4년제 대학교,일반 비서,여성,4,30대,서울특별시,대졸
5496,cf9d6e24fe3e4b8ea066a53c273a61f1,여자,30,충청남,중학교,건물 청소원,여성,4,30대,충청남,중졸
5497,1cbe63ad07c2454d9353363844b33c08,여자,30,대구,4년제 대학교,무직,여성,4,30대,대구광역시,대졸
5498,fc4d7a18f77747008ace2d33e306db29,여자,39,제주,고등학교,그 외 법률 관련 사무원,여성,4,30대,제주특별자치도,고졸
5499,1a338213ee344ae4b53411b066eae6ae,여자,33,경기,고등학교,그 외 플라스틱제품 생산기 조작원,여성,4,30대,경기도,고졸
5500,085fc5ef48da4d8eab95b2dd815bb14c,여자,32,부산,대학원,무직,여성,4,30대,부산광역시,대학원졸
5501,0d1a7b50f9c8454ab2beee4a47336a4f,여자,39,서울,2~3년제 전문대학,사무 보조원,여성,4,30대,서울특별시,전문대졸
5502,80c2dba395e943f9be14e16c9438d304,여자,32,경상남,4년제 대학교,회계 사무원,여성,4,30대,경상남도,대졸
5503,934c9f753ea0471682ce17ed05924e52,여자,36,세종,4년제 대학교,조세행정 사무원,여성,4,30대,세종특별자치시,대졸
5504,5fb784f1c85a4b0997cce3dc43c4bc32,여자,35,서울,고등학교,그 외 일반 영업원,여성,4,30대,서울특별시,고졸
5505,bbdaf92a57804e989dc2a21132c521a4,여자,32,경기,2~3년제 전문대학,제빵사 및 제과원,여성,4,30대,경기도,전문대졸
5506,ccc360608dc1487a8fd790e1b0b7e95a,여자,31,경기,대학원,무직,여성,4,30대,경기도,대학원졸
5507,bfb982f3294946ec82f18e54ba628cda,여자,30,서울,고등학교,무직,여성,4,30대,서울특별시,고졸
5508,0b908be51e0d4fb8a69232fddcc2dffa,여자,30,경기,고등학교,노점 및 이동 판매원,여성,4,30대,경기도,고졸
5509,246c4934c67b47119cd4ab1d611dbf8d,여자,39,경기,고등학교,시장 및 여론 조사 관리자,여성,4,30대,경기도,고졸
5510,f823b654bccd4108b5a2a486370af52c,여자,33,부산,4년제 대학교,무직,여성,4,30대,부산광역시,대졸
5511,8a160045ea484e5598b936d4446b30a0,여자,38,경기,고등학교,무직,여성,4,30대,경기도,고졸
5512,411a6a511b8b4af79c1bbcbe2b1f214d,여자,32,광주,4년제 대학교,일반 비서,여성,4,30대,광주광역시,대졸
5513,c4e9600c540c429ea51279cb983e6697,여자,33,경상남,4년제 대학교,사무 보조원,여성,4,30대,경상남도,대졸
5514,39130d9a62264498b25b9d0c30d0ec6d,여자,34,서울,4년제 대학교,치과위생사,여성,4,30대,서울특별시,대졸
5515,f883094ffd004de3ae141828b58a7c65,여자,34,대전,고등학교,무직,여성,4,30대,대전광역시,고졸
5516,8f2b4b2621294185a3346bccebe1784e,여자,37,충청남,고등학교,가정용 전기 및 전자제품 조립원,여성,4,30대,충청남,고졸
5517,26f203b5d7dd4cd3afe34d8d3ff29c02,여자,39,서울,4년제 대학교,특허 사무원,여성,4,30대,서울특별시,대졸
5518,1ae67e9fbb4b48028b1560fe263f4878,여자,30,부산,4년제 대학교,무직,여성,4,30대,부산광역시,대졸
5519,84822e7d588c4d458431ba89dee90b66,여자,34,부산,4년제 대학교,토목 관련 관리자,여성,4,30대,부산광역시,대졸
5520,7a55ddeec05240138dc2ca9f92034c9c,여자,39,경기,고등학교,웹 기획자,여성,4,30대,경기도,고졸
5521,4a957e42ceb04063bed1836efa5e8b05,여자,38,전라남,2~3년제 전문대학,마케팅 전문가,여성,4,30대,전라남,전문대졸
5522,237112ebfb534342ba60d7f69680c05f,여자,33,서울,4년제 대학교,웹 운영자,여성,4,30대,서울특별시,대졸
5523,86d6da76b3104439b5be24db9b13364f,여자,32,서울,대학원,그 외 고객 상담 사무원,여성,4,30대,서울특별시,대학원졸
5524,9d5aec9c3cf64b26b38cc2ff4e0bafc8,여자,38,경상북,2~3년제 전문대학,한식 조리사,여성,4,30대,경상북도,전문대졸
5525,25e09108efc24bd1938c3c1a48e0dba4,여자,30,광주,고등학교,일반 비서,여성,4,30대,광주광역시,고졸
5526,79379636dd3d4145aec8d777781d2090,여자,35,서울,4년제 대학교,그 외 음식 서비스 종사원,여성,4,30대,서울특별시,대졸
5527,6dcf678de6304916b1c3bce2e7c1ca50,여자,30,제주,2~3년제 전문대학,그 외 음식 서비스 종사원,여성,4,30대,제주특별자치도,전문대졸
5528,2a992d5b4f8146bfb47839c65c300468,여자,30,충청북,4년제 대학교,일반 비서,여성,4,30대,충청북,대졸
5529,ff153970cddf4084954f5a4da486ae84,여자,33,경기,4년제 대학교,유치원 교사,여성,4,30대,경기도,대졸
5530,18653004aaf74128a088dc81520c9e1c,여자,31,울산,2~3년제 전문대학,무직,여성,4,30대,울산광역시,전문대졸
5531,8d7bce32bf0e47bf8fc71226b030a050,여자,38,세종,2~3년제 전문대학,공공 기관 임원,여성,4,30대,세종특별자치시,전문대졸
5532,85d06d942cb247638e39f2004db8c416,여자,37,경기,대학원,무직,여성,4,30대,경기도,대학원졸
5533,a9fe5532581c4a09ac2ea6db2913f7ac,여자,34,경상남,2~3년제 전문대학,무직,여성,4,30대,경상남도,전문대졸
5534,885fe8d53bd0408084eb4a82213699bc,여자,36,경상남,4년제 대학교,무직,여성,4,30대,경상남도,대졸
5535,cdb242921094470fb41aa5f1cfd983bf,여자,34,경기,4년제 대학교,색채 전문가,여성,4,30대,경기도,대졸
5536,b24d2f478a534ce6b633b9e623dc21b0,여자,31,경기,4년제 대학교,경리 사무원,여성,4,30대,경기도,대졸
5537,0010bbc97f644ea38eb0681a38d8c85e,여자,37,충청북,고등학교,무직,여성,4,30대,충청북,고졸
5538,e96672599105471eb91cf5ab3eca36d7,여자,38,경기,2~3년제 전문대학,119 구조대원,여성,4,30대,경기도,전문대졸
5539,63b1698ebe8a42069b683f76d5b221de,여자,32,경상남,2~3년제 전문대학,바텐더,여성,4,30대,경상남도,전문대졸
5540,07632d4fd64e4da59d29f36883754e2b,여자,34,경기,2~3년제 전문대학,무직,여성,4,30대,경기도,전문대졸
5541,ce0eb32d687c430ea35b27cd20f529ea,여자,37,경상남,4년제 대학교,무직,여성,4,30대,경상남도,대졸
5542,33c0d62092e14dd284aca89a7159938d,여자,37,강원,2~3년제 전문대학,무직,여성,4,30대,강원특별자치도,전문대졸
5543,39115276b235439cb49d3f1fe9f76c35,여자,31,경기,4년제 대학교,한식 조리사,여성,4,30대,경기도,대졸
5544,1605e902bd6b4d5c912ac3075f3ffa55,여자,30,서울,대학원,정보 보안 전문가,여성,4,30대,서울특별시,대학원졸
5545,86151a0eaf6c4dc996e29ec6e1f7c7f1,여자,30,충청북,4년제 대학교,일반 비서,여성,4,30대,충청북,대졸
5546,79212266ac2549a68eac5385e656442b,여자,37,경기,고등학교,건물 청소원,여성,4,30대,경기도,고졸
5547,546ceac953794bf684fa220648e3762b,여자,39,경상남,고등학교,상표 부착기 조작원,여성,4,30대,경상남도,고졸
5548,5a3b2e4f00104455af6c142b8fa2db2a,여자,38,경기,4년제 대학교,무직,여성,4,30대,경기도,대졸
5549,638f4ca21edf44e7b40f5f69c43fdffb,여자,31,경상남,고등학교,무직,여성,4,30대,경상남도,고졸
5550,85ae1565baa44bef8139611a80e335e9,여자,34,서울,2~3년제 전문대학,무직,여성,4,30대,서울특별시,전문대졸
5551,d590201760c445878480eb691c34effa,여자,32,경상남,2~3년제 전문대학,경리 사무원,여성,4,30대,경상남도,전문대졸
5552,fe60f80096fe4872be2d27bf43b1835f,여자,38,경기,2~3년제 전문대학,그 외 상점 판매원,여성,4,30대,경기도,전문대졸
5553,1590325dd3664f3685c822f372fd3a41,여자,31,경기,4년제 대학교,그 외 법률 관련 사무원,여성,4,30대,경기도,대졸
5554,978e52b829304bed851f3ea4db4f29a2,여자,30,울산,4년제 대학교,실업 교사,여성,4,30대,울산광역시,대졸
5555,80455de159be4e8c923dd2724c9d791e,여자,38,경기,고등학교,주방 보조원,여성,4,30대,경기도,고졸
5556,b473a4a26c6d45808e372f875d87233e,여자,31,서울,4년제 대학교,총무 사무원,여성,4,30대,서울특별시,대졸
5557,7bc532e72ebf4298a89bb5218a9ae322,여자,35,서울,2~3년제 전문대학,지방행정 사무원,여성,4,30대,서울특별시,전문대졸
5558,e73bfd28383e449bac4f1af031a7e7a5,여자,37,경상남,4년제 대학교,한식 조리사,여성,4,30대,경상남도,대졸
5559,ae9794ce0d22445ebf1ecc863c5d69ad,여자,34,인천,4년제 대학교,법무 사무원,여성,4,30대,인천광역시,대졸
5560,9c571ea351974af8adeb65706f387900,여자,36,경기,2~3년제 전문대학,전화 상담원,여성,4,30대,경기도,전문대졸
5561,3ffebd08d20c46fb83e6770816a1c5b1,여자,35,서울,4년제 대학교,영업 관련 관리자,여성,4,30대,서울특별시,대졸
5562,cd988034dd7f451bbf4597c30d83855e,여자,36,서울,고등학교,한식 조리사,여성,4,30대,서울특별시,고졸
5563,a2532b7312eb4a3e8fb50cdab4360469,여자,39,경기,대학원,음식 배달원,여성,4,30대,경기도,대학원졸
5564,3ddfc6a806804901b6497fc0dd7226a8,여자,31,경기,4년제 대학교,문학작가,여성,4,30대,경기도,대졸
5565,0b80c5dfff574bdca16e89ce8e5daf22,여자,38,서울,2~3년제 전문대학,교육 및 훈련 사무원,여성,4,30대,서울특별시,전문대졸
5566,a55957872bd44e8cb5fa83cb177d2a5b,여자,37,부산,2~3년제 전문대학,전화 상담원,여성,4,30대,부산광역시,전문대졸
5567,a11c13f5e3fd4b149f5630553064bcc1,여자,37,충청북,4년제 대학교,상담 전문가,여성,4,30대,충청북,대졸
5568,eae97545467c4ec9b587005b7bf31318,여자,33,서울,4년제 대학교,전문 간호사,여성,4,30대,서울특별시,대졸
5569,6268e28133264808b03026fdaeede4c5,여자,34,경기,4년제 대학교,일반 비서,여성,4,30대,경기도,대졸
5570,ab2fbb81758c4eec9be805195db8ae47,여자,31,경기,고등학교,경리 사무원,여성,4,30대,경기도,고졸
5571,5572b275835e4d4386a5029d682fec7e,여자,33,경기,고등학교,위생용 종이제품 제조기 조작원,여성,4,30대,경기도,고졸
5572,f580bc87502c480e89c224f3a5d272f3,여자,35,경상북,고등학교,그 외 의복 제조 관련 기능 종사원,여성,4,30대,경상북도,고졸
5573,f009f47fb890429080257c37d4e4c07a,여자,31,광주,4년제 대학교,품질 인증 심사 전문가,여성,4,30대,광주광역시,대졸
5574,1586bd10663a4244bce9a75d63575d57,여자,34,부산,4년제 대학교,범용 소프트웨어 프로그래머,여성,4,30대,부산광역시,대졸
5575,0708e4d4dca04295ace21486f14905f2,여자,32,강원,2~3년제 전문대학,공공행정 사무원,여성,4,30대,강원특별자치도,전문대졸
5576,7d6461817fd74f59b87f2eaa430faf32,여자,30,서울,2~3년제 전문대학,자재 관리 사무원,여성,4,30대,서울특별시,전문대졸
5577,d2f2922cbea848d5ade8b5f41f24bb38,여자,35,부산,대학원,상품 기획자,여성,4,30대,부산광역시,대학원졸
5578,7cf7be3289944e629e62570becc18825,여자,38,서울,2~3년제 전문대학,무직,여성,4,30대,서울특별시,전문대졸
5579,d1cb18129e7c4249a3c6db5b9553eecf,여자,38,인천,2~3년제 전문대학,평론가,여성,4,30대,인천광역시,전문대졸
5580,d5768c8309734e8b8f14a9936a413072,여자,36,서울,2~3년제 전문대학,무직,여성,4,30대,서울특별시,전문대졸
5581,7bd8bcf4b17247de9b3a552348f41d56,여자,39,서울,4년제 대학교,무직,여성,4,30대,서울특별시,대졸
5582,c6685793f51b4cea9ccd01b01532a573,여자,35,서울,고등학교,사무 보조원,여성,4,30대,서울특별시,고졸
5583,e61ad6f10984472386862716720d2c8d,여자,37,강원,2~3년제 전문대학,간호조무사,여성,4,30대,강원특별자치도,전문대졸
5584,60ad5021a0ec4399aff1e9e9d0483a88,여자,36,서울,2~3년제 전문대학,식품 영업원,여성,4,30대,서울특별시,전문대졸
5585,60a38674e3824170add31531110fbee0,여자,38,서울,4년제 대학교,무직,여성,4,30대,서울특별시,대졸
5586,677ae4d44f7747bab285279899c3c294,여자,30,대전,4년제 대학교,보육교사,여성,4,30대,대전광역시,대졸
5587,925bdd5389d04c0f917fdc60c7282665,여자,37,경상남,4년제 대학교,유치원 교사,여성,4,30대,경상남도,대졸
5588,b2d9e18c56834741b1e587ded5120107,여자,31,인천,고등학교,우편집배원,여성,4,30대,인천광역시,고졸
5589,fe654db5ab794bad91a2ff2304564632,여자,31,대전,대학원,"전직 식품 영업원, 현재 구직중",여성,4,30대,대전광역시,대학원졸
5590,b7f259b15d7b4b45bef3fbf0edcc4706,여자,31,경상남,2~3년제 전문대학,무직,여성,4,30대,경상남도,전문대졸
5591,19379061df3b41ca99b6311523cfdd14,여자,36,인천,대학원,교육 및 훈련 사무원,여성,4,30대,인천광역시,대학원졸
5592,5cca49b1f4494abaa35096c11b5f1aa7,여자,36,서울,4년제 대학교,총무 사무원,여성,4,30대,서울특별시,대졸
5593,34df9f5c8271436ca67400d1e33644b1,여자,36,경상북,2~3년제 전문대학,그 외 일반 영업원,여성,4,30대,경상북도,전문대졸
5594,dad215a088154df283f5784479ef6b48,여자,35,울산,4년제 대학교,보험 사무원,여성,4,30대,울산광역시,대졸
5595,18174dc8d78e4cd08d8a84e952adf0ba,여자,35,서울,고등학교,일반 비서,여성,4,30대,서울특별시,고졸
5596,7593c8ca6883449ab30238fc8934650f,여자,39,경기,4년제 대학교,수의사,여성,4,30대,경기도,대졸
5597,5751be3ab8b44da3a271dd1cfa69e2d9,여자,32,경기,고등학교,무직,여성,4,30대,경기도,고졸
5598,6fe85ef6edf748e581bd8032f31344e2,여자,33,경기,4년제 대학교,귀금속 세공원,여성,4,30대,경기도,대졸
5599,5615442708034b29bb59c678f2acb20d,여자,38,경기,고등학교,주방 보조원,여성,4,30대,경기도,고졸
5600,ef1f7463533842fa82c3d30f9036c487,여자,32,전라남,4년제 대학교,식품 영업원,여성,4,30대,전라남,대졸
5601,ddb464ba80c346f1a75028a0058d0bda,여자,32,인천,4년제 대학교,마케팅 전문가,여성,4,30대,인천광역시,대졸
5602,d1ab10ef1593439684a063872290a4a6,여자,33,광주,2~3년제 전문대학,무직,여성,4,30대,광주광역시,전문대졸
5603,f15c63f5897744edb7d05106dafd1922,여자,37,경기,4년제 대학교,범용 소프트웨어 프로그래머,여성,4,30대,경기도,대졸
5604,3b078054e8f845c1adfe9dac9006f6bc,여자,32,경기,2~3년제 전문대학,사무 보조원,여성,4,30대,경기도,전문대졸
5605,91f6ba74a1dc42f7be689b5b271fd655,여자,31,경기,4년제 대학교,초등학교 교사,여성,4,30대,경기도,대졸
5606,83a3b8410d374e7283265b4e5b72e85c,여자,39,대전,고등학교,금속코팅·광택 및 래미네이팅기 조작원,여성,4,30대,대전광역시,고졸
5607,01d729862f6449f2a43470c52057a0c7,여자,30,경상남,4년제 대학교,유치원 교사,여성,4,30대,경상남도,대졸
5608,7da4a2926fa3402b85c9fb6c103ac5a3,여자,31,인천,2~3년제 전문대학,그 외 자연과학 시험원,여성,4,30대,인천광역시,전문대졸
5609,5df3e4aa8ce247d89ba96b7e76ce2831,여자,35,부산,고등학교,무직,여성,4,30대,부산광역시,고졸
5610,54d74d0e8e904ccfb2759b63b5971898,여자,30,경기,2~3년제 전문대학,청원경찰,여성,4,30대,경기도,전문대졸
5611,51c0aa19fed8412e89aa5f1d36797a78,여자,32,전북,고등학교,음식 서비스 종사원,여성,4,30대,전북특별자치도,고졸
5612,12eb5c4f64914e1590005121b7bb8fa0,여자,34,경기,2~3년제 전문대학,무직,여성,4,30대,경기도,전문대졸
5613,adcc5d5ae9ab4f86916737ccb251665b,여자,30,대구,4년제 대학교,무직,여성,4,30대,대구광역시,대졸
5614,80667d02752c4d54996112801c86f462,여자,30,부산,2~3년제 전문대학,그 외 전기공학 기술자 및 연구원,여성,4,30대,부산광역시,전문대졸
5615,65a616bedb3b4ad78d7ee113762d0e33,여자,32,서울,고등학교,그 외 법률 관련 사무원,여성,4,30대,서울특별시,고졸
5616,66ddd1b24e96471d9396c3e4eeb9f0a2,여자,31,경기,고등학교,노점 및 이동 판매원,여성,4,30대,경기도,고졸
5617,17753bbedcbb43d59cb13389054f4bc6,여자,30,강원,2~3년제 전문대학,무직,여성,4,30대,강원특별자치도,전문대졸
5618,489104d4224b4097a0832dd11b6a165d,여자,34,충청북,고등학교,무직,여성,4,30대,충청북,고졸
5619,e3f81a2c3ce64702a0d60e7e0243badc,여자,32,경기,4년제 대학교,무직,여성,4,30대,경기도,대졸
5620,6b139ff04d82412bbcedb29f83e9b449,여자,38,경기,고등학교,보험 설계사,여성,4,30대,경기도,고졸
5621,d474035c49674fb7b8949daf25ae4f94,여자,35,경기,4년제 대학교,무직,여성,4,30대,경기도,대졸
5622,2867f0830a6449f78cc02769e9150ab4,여자,38,전라남,2~3년제 전문대학,한식 조리사,여성,4,30대,전라남,전문대졸
5623,ced9a0893eda4b9e91f335f420e4ffb6,여자,38,경상남,4년제 대학교,수질 환경 시험원,여성,4,30대,경상남도,대졸
5624,fd7c2d2bffda4ddb90009d237b5a9841,여자,39,대구,4년제 대학교,무직,여성,4,30대,대구광역시,대졸
5625,f756fa80b0354e4ebbd1d761fd066fa8,여자,35,서울,2~3년제 전문대학,건물 청소원,여성,4,30대,서울특별시,전문대졸
5626,8cc82259c8b6405bbdb30f1e43b08b4e,여자,37,경상남,2~3년제 전문대학,무직,여성,4,30대,경상남도,전문대졸
5627,742a58a7b1a8403996bad1c6d4f48dc9,여자,37,인천,고등학교,건물 경비원,여성,4,30대,인천광역시,고졸
5628,c51cb0ec855242c498f0def4909a1ede,여자,35,경상북,고등학교,무직,여성,4,30대,경상북도,고졸
5629,8e9520b58660460d8bafdb8e109c5a0e,여자,35,경상북,2~3년제 전문대학,경리 사무원,여성,4,30대,경상북도,전문대졸
5630,ea9272d527e9430284e6ecdc0dcf9101,여자,35,충청북,고등학교,지게차 운전원,여성,4,30대,충청북,고졸
5631,245bbf94278340328c30aa1c0c00b53c,여자,34,부산,2~3년제 전문대학,사무 보조원,여성,4,30대,부산광역시,전문대졸
5632,870d80b4dc4b40b5a670b43bd744e559,여자,39,부산,2~3년제 전문대학,보육교사,여성,4,30대,부산광역시,전문대졸
5633,bf7837758f8b4e1598d0c963ec59761e,여자,35,인천,4년제 대학교,보육교사,여성,4,30대,인천광역시,대졸
5634,d2668059b1e2444db8202a1b9df6960d,여자,39,경상남,고등학교,음식 서비스 종사원,여성,4,30대,경상남도,고졸
5635,0bdab894baa34e2bbbc5d14d4401a3ec,여자,31,서울,2~3년제 전문대학,"전직 공연·영화 및 음반 기획자, 현재 구직중",여성,4,30대,서울특별시,전문대졸
5636,efa594e3ace14de6a5e2e3dc9a834004,여자,35,충청남,4년제 대학교,시설 경비원,여성,4,30대,충청남,대졸
5637,a7ed516cdfeb416c92530811f6e217d0,여자,32,경기,4년제 대학교,경리 사무원,여성,4,30대,경기도,대졸
5638,70e13de8251646f5a2906b5563765329,여자,39,경기,대학원,산업 특화 소프트웨어 프로그래머,여성,4,30대,경기도,대학원졸
5639,c3d7292b35c04a93983585cc91e12be6,여자,37,인천,고등학교,그 외 상점 판매원,여성,4,30대,인천광역시,고졸
5640,7f4323dd775c4f0e9ac29b852e5f3702,여자,30,서울,고등학교,방송 송출 장비 기사,여성,4,30대,서울특별시,고졸
5641,1b10fad0461b46fe90fc33db4037b307,여자,37,경기,4년제 대학교,투자 및 증권 분석가,여성,4,30대,경기도,대졸
5642,c5dbb4fe39d24a70886512d186397bc9,여자,30,울산,2~3년제 전문대학,무직,여성,4,30대,울산광역시,전문대졸
5643,14868083dd5e457dbcabe48623a1e8f7,여자,37,전북,4년제 대학교,무직,여성,4,30대,전북특별자치도,대졸
5644,cf9bb3fb6ed34629b8b7a1d494d0d30b,여자,30,서울,대학원,시각장애인 특수교육 교사,여성,4,30대,서울특별시,대학원졸
5645,2f680f7624e742df9e8f9693b473af7f,여자,30,대전,4년제 대학교,무직,여성,4,30대,대전광역시,대졸
5646,6f481988cb8b431ea49ff23e57ba5c87,여자,34,경기,4년제 대학교,한식 조리사,여성,4,30대,경기도,대졸
5647,357de83d2bba4891a73fec733c935142,여자,38,인천,대학원,무직,여성,4,30대,인천광역시,대학원졸
5648,a6a706689ca5469285e4b8faf610075a,여자,35,경기,4년제 대학교,그 외 숙박시설 서비스원,여성,4,30대,경기도,대졸
5649,0a3bea019e9f4fec958e7c5b681dc350,여자,32,경기,4년제 대학교,경리 사무원,여성,4,30대,경기도,대졸
5650,d01654953589443db0ec0f2aeb6ff2d4,여자,34,경기,대학원,전문 간호사,여성,4,30대,경기도,대학원졸
5651,0d0b9d08802146d7852ee2e5d35eed4a,여자,34,전라남,고등학교,무직,여성,4,30대,전라남,고졸
5652,349914ce46764b2da0c42468ef010dee,여자,39,서울,4년제 대학교,임상심리사,여성,4,30대,서울특별시,대졸
5653,57eb7fa1bb5144dfb643cecee14f325a,여자,33,경상남,고등학교,경리 사무원,여성,4,30대,경상남도,고졸
5654,46c008ebb73d4766ac8ffaef809b61b2,여자,33,전북,4년제 대학교,무직,여성,4,30대,전북특별자치도,대졸
5655,750447b081574194aa37996dbdd884f6,여자,37,경기,4년제 대학교,금융 관리자,여성,4,30대,경기도,대졸
5656,c98e35b46708458196ac4dbef70627eb,여자,37,서울,대학원,데이터 분석가,여성,4,30대,서울특별시,대학원졸
5657,45a3414eb4eb4ff59cbed9b646a7e498,여자,39,경상남,고등학교,무직,여성,4,30대,경상남도,고졸
5658,8b9b1cb1c448430fb06a4d4b47190ae6,여자,37,인천,고등학교,데이터 관리 및 운영자,여성,4,30대,인천광역시,고졸
5659,4e38dc29c7c14f07bbf7abd8e801cc6f,여자,37,대구,2~3년제 전문대학,네트워크 시스템 개발자,여성,4,30대,대구광역시,전문대졸
5660,14c8190df41d4ad8aa545a543ba817c6,여자,39,대전,2~3년제 전문대학,자연과학·수학 및 통계학 교수,여성,4,30대,대전광역시,전문대졸
5661,6bc1a3b0c0dd493fa4660397a0c43a57,여자,37,서울,4년제 대학교,국가행정 사무원,여성,4,30대,서울특별시,대졸
5662,5777f62ba16046a8893475ee08025986,여자,36,경상북,4년제 대학교,경·소형 화물차 운전원,여성,4,30대,경상북도,대졸
5663,46b0eb8209354e9da54ea9e3b93d6f27,여자,32,경기,2~3년제 전문대학,바텐더,여성,4,30대,경기도,전문대졸
5664,5f2a6cea39ea4915b423804b4d78cbba,여자,32,경상북,2~3년제 전문대학,음료 서비스 종사원,여성,4,30대,경상북도,전문대졸
5665,dad18f60988a4c7bb3eb5bdf40a9c5a9,여자,31,경기,고등학교,건물 청소원,여성,4,30대,경기도,고졸
5666,877cadf40ee24e46b0a4b561e76120ff,여자,31,경기,2~3년제 전문대학,무직,여성,4,30대,경기도,전문대졸
5667,1ce6cced8e434691b160cc825f6528f3,여자,34,서울,2~3년제 전문대학,전화 상담원,여성,4,30대,서울특별시,전문대졸
5668,6c1d1fba02284cd78d0d4cc4d0374086,여자,39,경상북,4년제 대학교,마케팅 관리자,여성,4,30대,경상북도,대졸
5669,1472269eb1fa4bb48de078f968e3dab4,여자,39,전북,고등학교,시설 경비원,여성,4,30대,전북특별자치도,고졸
5670,aaf836f271ed4ddf8e891416c7fa8989,여자,32,인천,2~3년제 전문대학,단말기 및 통신 서비스 판매원,여성,4,30대,인천광역시,전문대졸
5671,b8e3e9ce11a44fe68968ff2dbac4db4f,여자,31,울산,2~3년제 전문대학,온라인 쇼핑 판매원,여성,4,30대,울산광역시,전문대졸
5672,c3838afba8b84812992a479470569952,여자,38,경기,4년제 대학교,일반 비서,여성,4,30대,경기도,대졸
5673,ccaba7aa3b674b2680dfc1a7effe7b96,여자,31,울산,대학원,무직,여성,4,30대,울산광역시,대학원졸
5674,da95c6ea80514c8cb0f242c1b1569bae,여자,31,대전,고등학교,단말기 및 통신 서비스 판매원,여성,4,30대,대전광역시,고졸
5675,3840c716c8994a4699a477fecb551cb7,여자,30,경기,4년제 대학교,유치원 교사,여성,4,30대,경기도,대졸
5676,e307130f8c124760b3355082df7f5357,여자,38,서울,4년제 대학교,학습지 방문강사,여성,4,30대,서울특별시,대졸
5677,c07ca358e5544903a706ba708d1a3edf,여자,34,서울,4년제 대학교,무직,여성,4,30대,서울특별시,대졸
5678,e8a3cecfdec94411bd1592fa0d30bba7,여자,39,경상남,대학원,기업 고위 임원,여성,4,30대,경상남도,대학원졸
5679,7268dead8173431b8dbbe8fb674c958e,여자,31,경기,4년제 대학교,"전직 그 외 음료 조리사, 현재 구직중",여성,4,30대,경기도,대졸
5680,e0d706da477b47bfa184bb295972daf3,여자,35,경기,4년제 대학교,회계 사무원,여성,4,30대,경기도,대졸
5681,64ef7b9425be4dce8b410cdd6bf7bc61,여자,37,경상남,4년제 대학교,무직,여성,4,30대,경상남도,대졸
5682,faf364b8fe50474082f9982ad0b921bc,여자,35,대전,2~3년제 전문대학,냉난방기 관련 설비 조작원,여성,4,30대,대전광역시,전문대졸
5683,adc1e5e20a4b48ad8be571ee95f578b9,여자,32,경기,2~3년제 전문대학,마루 설치원,여성,4,30대,경기도,전문대졸
5684,f0d0bec608794684a6de84ceec612dee,여자,31,전북,4년제 대학교,출납 창구 사무원,여성,4,30대,전북특별자치도,대졸
5685,81aee9cfed974848ba4884ddb9fbb67c,여자,34,서울,대학원,무직,여성,4,30대,서울특별시,대학원졸
5686,e27097b88bd44825b7bc79ee4cd9ddd4,여자,31,경기,4년제 대학교,식품 영업원,여성,4,30대,경기도,대졸
5687,3d2ef470b86c475ab028e48a185a58ad,여자,39,충청남,고등학교,화학물 증류기 및 반응기 조작원,여성,4,30대,충청남,고졸
5688,e72b1fed8fba44998d56ad1b89ee20c7,여자,39,부산,4년제 대학교,위험 관리원,여성,4,30대,부산광역시,대졸
5689,cba3a046c3ac4850aafca951c0f9c2ef,여자,36,경기,4년제 대학교,무직,여성,4,30대,경기도,대졸
5690,7bddab880a4f4892bd94fe391eb3541c,여자,37,강원,고등학교,무직,여성,4,30대,강원특별자치도,고졸
5691,9c41bf8df7ea49cfa278787ce5a5544d,여자,32,경기,4년제 대학교,경리 사무원,여성,4,30대,경기도,대졸
5692,b214b2e980ba407ea24d5c524ebd8599,여자,38,광주,고등학교,그 외 돌봄 및 보건 서비스 종사원,여성,4,30대,광주광역시,고졸
5693,c5889e2415254b949c04537bbe7fc230,여자,37,전라남,2~3년제 전문대학,사무 보조원,여성,4,30대,전라남,전문대졸
5694,e3ac0d3a198f4f00bd4ed9383870f7d7,여자,31,경기,4년제 대학교,사무 보조원,여성,4,30대,경기도,대졸
5695,9d0fd7eb65a24c7aa5069105e05cc54e,여자,31,경기,2~3년제 전문대학,경리 사무원,여성,4,30대,경기도,전문대졸
5696,7ececc07348143b797d99e00c5590b8f,여자,37,경기,2~3년제 전문대학,건물 청소원,여성,4,30대,경기도,전문대졸
5697,8ebcc49a10874399a32534ff1de04759,여자,30,서울,4년제 대학교,의류 판매원,여성,4,30대,서울특별시,대졸
5698,9579bb98d24241e3ba03c02a8966f90d,여자,36,서울,2~3년제 전문대학,건강식품 가공기 조작원,여성,4,30대,서울특별시,전문대졸
5699,cfa201691a0b49b2a06a1a8b0201edf1,여자,35,충청남,고등학교,가사 도우미,여성,4,30대,충청남,고졸
5700,4e417cf79d0d4d438d6cab7de623a426,여자,30,충청남,고등학교,일반 비서,여성,4,30대,충청남,고졸
5701,194ababc26774c198e88cc04e27cb26b,여자,35,서울,2~3년제 전문대학,전화 상담원,여성,4,30대,서울특별시,전문대졸
5702,ecf473119da04a03b63d0ce44f516c7e,여자,35,서울,2~3년제 전문대학,경리 사무원,여성,4,30대,서울특별시,전문대졸
5703,f26d234621314589959df82ceaa4e6d0,여자,34,인천,4년제 대학교,무직,여성,4,30대,인천광역시,대졸
5704,c5247471ac6f467981184dc44833a8fe,여자,39,인천,2~3년제 전문대학,경리 사무원,여성,4,30대,인천광역시,전문대졸
5705,06254ba1f66f4ed5b54fb0e23c9c9e14,여자,33,경기,4년제 대학교,조사 전문가,여성,4,30대,경기도,대졸
5706,7126ccfa56094b07bbd17f51bd90c5d1,여자,33,부산,2~3년제 전문대학,무직,여성,4,30대,부산광역시,전문대졸
5707,00fe679fdae44b38acd0330d15dac98d,여자,36,서울,2~3년제 전문대학,건물 청소원,여성,4,30대,서울특별시,전문대졸
5708,c6f8684bb98e4382bdccfdf7962a6bfd,여자,38,전북,고등학교,주방 보조원,여성,4,30대,전북특별자치도,고졸
5709,cb904bfd9d7749b8af5d4ecafc1eb941,여자,39,서울,4년제 대학교,무직,여성,4,30대,서울특별시,대졸
5710,9f8540b4da674d91b92c460c8c30c205,여자,32,서울,4년제 대학교,보육교사,여성,4,30대,서울특별시,대졸
5711,99790082574e4a7a9517b23206f3e3fc,여자,38,충청남,대학원,무직,여성,4,30대,충청남,대학원졸
5712,fce6bed1f4ee4c67a6d949cc0b30b0c3,여자,35,경상남,고등학교,무직,여성,4,30대,경상남도,고졸
5713,217b023d79804ce8a2489303c7ca52a0,여자,34,경기,고등학교,일반 비서,여성,4,30대,경기도,고졸
5714,91ddcf89e3d042d2ae58ab7cc6392ab9,여자,36,부산,대학원,무직,여성,4,30대,부산광역시,대학원졸
5715,d32e0332ce144eb995fe2dca08bc2686,여자,30,충청남,2~3년제 전문대학,경리 사무원,여성,4,30대,충청남,전문대졸
5716,2a47e6cbe3a843dea09c6b45fc1b7c13,여자,31,경기,4년제 대학교,무직,여성,4,30대,경기도,대졸
5717,3da0b5f5305e422cbaf41b1d40e3f8aa,여자,38,경기,4년제 대학교,정보 시스템 운영자,여성,4,30대,경기도,대졸
5718,253289d66c5c4b33812a7ce6571a4f71,여자,36,경기,중학교,그 외 일반 영업원,여성,4,30대,경기도,중졸
5719,4578a687632844518e1b879c8546081e,여자,33,경기,4년제 대학교,기업 고위 임원,여성,4,30대,경기도,대졸
5720,ad4955cec564419ead5701da7caecdbc,여자,34,서울,2~3년제 전문대학,광고 디자이너,여성,4,30대,서울특별시,전문대졸
5721,f65423ba4ebf48b2bda491447db95e48,여자,30,경상남,고등학교,건물 청소원,여성,4,30대,경상남도,고졸
5722,51a50e286ea34b9bbf70704bcf9abc7e,여자,35,서울,4년제 대학교,범용 소프트웨어 프로그래머,여성,4,30대,서울특별시,대졸
5723,252213f2b3eb4b959ea0b8c7a4f37adb,여자,33,인천,4년제 대학교,통신기술 기술자 및 연구원,여성,4,30대,인천광역시,대졸
5724,a0fd4dc450124bce8eafcec76df08de6,여자,34,울산,2~3년제 전문대학,그 외 조리사,여성,4,30대,울산광역시,전문대졸
5725,16020bd08bb84f86bb1afe38be40e078,여자,38,제주,2~3년제 전문대학,사회복지사,여성,4,30대,제주특별자치도,전문대졸
5726,de8dc47848484f6fa53548b558729b58,여자,36,대전,4년제 대학교,인사 및 노무 사무원,여성,4,30대,대전광역시,대졸
5727,6e822fd5e6f141c9a7f5f174ba3e0849,여자,39,경기,4년제 대학교,인사 및 노무 사무원,여성,4,30대,경기도,대졸
5728,5fc84a54df7f4f2187c27f5359458099,여자,31,서울,4년제 대학교,품질 인증 심사 전문가,여성,4,30대,서울특별시,대졸
5729,22e589e4b23d444ab291508ff1aa9622,여자,33,경기,2~3년제 전문대학,경리 사무원,여성,4,30대,경기도,전문대졸
5730,8fe08bc9b2694ea58bad659f648007fe,여자,32,전라남,4년제 대학교,교육 및 훈련 사무원,여성,4,30대,전라남,대졸
5731,20b2f40f2bd34642a5675189df6ca935,여자,32,충청북,2~3년제 전문대학,전자제품 제조 기계 조작원,여성,4,30대,충청북,전문대졸
5732,3ec9d0afe91c4413a9921965575bae9e,여자,33,서울,고등학교,건물 경비원,여성,4,30대,서울특별시,고졸
5733,74c49b2817324967adebf68f35d11c38,여자,33,대전,4년제 대학교,승용차 및 승합차 운전원,여성,4,30대,대전광역시,대졸
5734,daafa4eb9f60412f9908d9437ccba882,여자,33,서울,2~3년제 전문대학,무직,여성,4,30대,서울특별시,전문대졸
5735,85b8cde316334c40b494b6ebf3a69438,여자,31,세종,2~3년제 전문대학,무직,여성,4,30대,세종특별자치시,전문대졸
5736,2df63c6b78c84081851561e19cb45f96,여자,32,경상남,4년제 대학교,무직,여성,4,30대,경상남도,대졸
5737,28bc8844d0b74694bc84d72d9b7468a4,여자,30,제주,2~3년제 전문대학,호텔 서비스원,여성,4,30대,제주특별자치도,전문대졸
5738,bdfa87ade1714ab5a492f18014b80213,여자,38,경상남,고등학교,전화 상담원,여성,4,30대,경상남도,고졸
5739,ab02ff59dd004637b1b0d05d9b0f5397,여자,39,경기,4년제 대학교,컴퓨터 시스템 감리 전문가,여성,4,30대,경기도,대졸
5740,884f689d48734f90b783558407b044d6,여자,39,인천,4년제 대학교,무직,여성,4,30대,인천광역시,대졸
5741,0450e42c062c40188129c30e1dcdb513,여자,33,서울,2~3년제 전문대학,일반 비서,여성,4,30대,서울특별시,전문대졸
5742,870d80b4dc4b40b5a670b43bd744e559,여자,39,부산,2~3년제 전문대학,보육교사,여성,4,30대,부산광역시,전문대졸
5743,5a35f1daef1d444383fb235d72620fba,여자,33,서울,4년제 대학교,일반 비서,여성,4,30대,서울특별시,대졸
5744,f7066104974a4dd3af82d2594694d91e,여자,32,경기,4년제 대학교,마케팅 전문가,여성,4,30대,경기도,대졸
5745,dd16027bcfca4ef3a89838823f88e273,여자,38,경상남,4년제 대학교,무직,여성,4,30대,경상남도,대졸
5746,6e3ec8a1d2c344e7b4604e6a6522f735,여자,37,서울,2~3년제 전문대학,무직,여성,4,30대,서울특별시,전문대졸
5747,3be9206b6dff42a290d218c02247f36e,여자,34,대전,대학원,소규모 상점 경영자,여성,4,30대,대전광역시,대학원졸
5748,93c524d23b0847c1afa184ebd1b586e5,여자,33,경상남,2~3년제 전문대학,무직,여성,4,30대,경상남도,전문대졸
5749,8ed100925c6b4544b2c4abf7ed0802fa,여자,37,서울,4년제 대학교,유치원 교사,여성,4,30대,서울특별시,대졸
5750,c416cd7340654f3bbf89b7b6a5a4ff4e,여자,38,인천,2~3년제 전문대학,무직,여성,4,30대,인천광역시,전문대졸
5751,66d614e5940c4a95b6d749d477ef82e3,여자,32,경기,대학원,식품학 연구원,여성,4,30대,경기도,대학원졸
5752,b4a0a30421b8419cb6f9b510d0d23da5,여자,33,서울,4년제 대학교,경영 컨설턴트,여성,4,30대,서울특별시,대졸
5753,ed70d03730904122a9a5635057141583,여자,31,부산,4년제 대학교,경영 기획 사무원,여성,4,30대,부산광역시,대졸
5754,0bea937d53d448dc9d97b254c63208fd,여자,32,인천,4년제 대학교,경리 사무원,여성,4,30대,인천광역시,대졸
5755,6d84dfab16c74cbb8a741b7c20365508,여자,38,서울,대학원,교육 및 훈련 사무원,여성,4,30대,서울특별시,대학원졸
5756,7fa3781b55824b53a9dab096f6a5c882,여자,32,인천,2~3년제 전문대학,화장품 판매원,여성,4,30대,인천광역시,전문대졸
5757,49fccf9fc7b445c5a6e998449fa8387d,여자,33,경기,고등학교,"전직 금속 세척기 조작원, 현재 구직중",여성,4,30대,경기도,고졸
5758,40cc533f944b402198c146ade830f647,여자,33,충청남,4년제 대학교,전화 상담원,여성,4,30대,충청남,대졸
5759,732818477e714ed6b441617ea5f138e0,여자,37,울산,중학교,건물 청소원,여성,4,30대,울산광역시,중졸
5760,0b4fe2c81ef74f4690d0d36fa3272f26,여자,30,경기,2~3년제 전문대학,밑반찬 제조 종사원,여성,4,30대,경기도,전문대졸
5761,f3a1b7d0681c4eac9ad46dd6a5c0dcf0,여자,33,서울,대학원,기업 고위 임원,여성,4,30대,서울특별시,대학원졸
5762,4de9517aff4b408088e6e1aa9ff7eba2,여자,37,서울,대학원,사무 보조원,여성,4,30대,서울특별시,대학원졸
5763,e43efb4733e34e279e00e6b2fcb84dfb,여자,33,서울,대학원,상품 기획자,여성,4,30대,서울특별시,대학원졸
5764,87b322b47e8249f0acbe7b42f90092ae,여자,35,경상남,고등학교,무직,여성,4,30대,경상남도,고졸
5765,521ead5fa64641d894cf5ac8e0e87259,여자,38,경기,4년제 대학교,마케팅 전문가,여성,4,30대,경기도,대졸
5766,9434a2af12574ba7bc47c5b2c2edd8c3,여자,39,경기,4년제 대학교,외국어 교사,여성,4,30대,경기도,대졸
5767,80da345b7b6b41d4af79ab3db2ff813a,여자,38,서울,4년제 대학교,무직,여성,4,30대,서울특별시,대졸
5768,d88484cfcf7645d794798db771df8a98,여자,46,경기,2~3년제 전문대학,경리 사무원,여성,5,40대,경기도,전문대졸
5769,0fb1f0e0198a4c43a8e198767db1f475,여자,44,대전,고등학교,무직,여성,5,40대,대전광역시,고졸
5770,3f3bbcf22b9c4c47b3a4f28f0038cc4e,여자,43,경기,4년제 대학교,전기 감리 기술자 및 연구원,여성,5,40대,경기도,대졸
5771,73bcadad0b1d471786a7108f1205c4ef,여자,47,경기,고등학교,경리 사무원,여성,5,40대,경기도,고졸
5772,8d5e4c964e584b40b59f96635cf829ea,여자,45,대전,고등학교,무직,여성,5,40대,대전광역시,고졸
5773,249a1ab2130c4c9ca43ad38bf2d7985a,여자,42,인천,고등학교,그 외 일반 영업원,여성,5,40대,인천광역시,고졸
5774,9128c370e11b441fb4dbcb13035c9514,여자,42,인천,4년제 대학교,경리 사무원,여성,5,40대,인천광역시,대졸
5775,f2b25639d15b4e02bf14d685700aa80a,여자,46,충청남,고등학교,무직,여성,5,40대,충청남,고졸
5776,48198317f8e34c59a1699c9bbfa188d5,여자,42,경상남,2~3년제 전문대학,웹 프로그래머,여성,5,40대,경상남도,전문대졸
5777,b6c752729f654e87a7f3f81bc33c828e,여자,49,세종,2~3년제 전문대학,체인점 모집 및 관리 영업원,여성,5,40대,세종특별자치시,전문대졸
5778,0bd1e5d7df50425a84fe6357cb6c6533,여자,48,경기,고등학교,일반 비서,여성,5,40대,경기도,고졸
5779,1533c0999b064947a693cf726357fa78,여자,44,세종,2~3년제 전문대학,무직,여성,5,40대,세종특별자치시,전문대졸
5780,38083f5b549d44c2b4a10a9cddbef91f,여자,48,경기,고등학교,한식 조리사,여성,5,40대,경기도,고졸
5781,c3440f208d374b939653873685621948,여자,41,경기,2~3년제 전문대학,사무 보조원,여성,5,40대,경기도,전문대졸
5782,f4985edad43b41639a1152963ca4bd61,여자,47,경기,4년제 대학교,그 외 금속·재료 공학 기술자 및 연구원,여성,5,40대,경기도,대졸
5783,a18d30ecf9744b14a569cc64daf8c3cb,여자,41,충청북,대학원,요업·세라믹공학 기술자 및 연구원,여성,5,40대,충청북,대학원졸
5784,5eec664ffbd34c51937614ddd97c808e,여자,49,대전,고등학교,시내버스 운전원,여성,5,40대,대전광역시,고졸
5785,9599a2a7b0244c78a2bb99d3b27c98fa,여자,44,경기,고등학교,그 외 기능 관련 종사원,여성,5,40대,경기도,고졸
5786,e4923dc496ae4d25ad07e5cac8fe36d5,여자,43,서울,4년제 대학교,데이터 분석가,여성,5,40대,서울특별시,대졸
5787,8b3b5f30d8b944c3954a8c6294a61273,여자,40,경기,2~3년제 전문대학,상담 전문가,여성,5,40대,경기도,전문대졸
5788,a51cceb6f68f4575bdc4d70c1d5e43fc,여자,40,서울,고등학교,무직,여성,5,40대,서울특별시,고졸
5789,4661f612de6842c4b3d15800d33d2e71,여자,41,경상북,2~3년제 전문대학,데이터 관리 및 운영자,여성,5,40대,경상북도,전문대졸
5790,640962f057394798a94a78064574ffa4,여자,49,인천,중학교,시설 경비원,여성,5,40대,인천광역시,중졸
5791,f9db0ee20cdb4b79b32bdf40f0807ef2,여자,40,부산,2~3년제 전문대학,무직,여성,5,40대,부산광역시,전문대졸
5792,e9b2bf47f2e64d29b0d1dca06426c6ee,여자,49,충청북,고등학교,주방 보조원,여성,5,40대,충청북,고졸
5793,2caaf9b9fb3548c9b653a98c59136afa,여자,42,서울,고등학교,무직,여성,5,40대,서울특별시,고졸
5794,bd4dced6930d4bb69b5ba119e806195c,여자,42,경상북,고등학교,무직,여성,5,40대,경상북도,고졸
5795,93aeb3b74b4d403496cd284f115dc339,여자,41,경기,2~3년제 전문대학,화장품 판매원,여성,5,40대,경기도,전문대졸
5796,490d908203154204b09c86c396610cd2,여자,47,경기,4년제 대학교,사무 보조원,여성,5,40대,경기도,대졸
5797,eca8a72fa383457f968991d208c9f3c6,여자,48,서울,대학원,데이터 분석가,여성,5,40대,서울특별시,대학원졸
5798,d0f45b8660ff4f3eb7ef4d103178f3ae,여자,45,경기,2~3년제 전문대학,범용 소프트웨어 프로그래머,여성,5,40대,경기도,전문대졸
5799,9d30e778b8724fa993e4b7cbef9a9cd0,여자,43,전라남,대학원,육군 부사관,여성,5,40대,전라남,대학원졸
5800,5f8ecdfc92544fe48ef68a16524c5bc2,여자,41,서울,대학원,무직,여성,5,40대,서울특별시,대학원졸
5801,7af78d8f827b4cbca1cc2fc517136fb1,여자,41,인천,2~3년제 전문대학,무직,여성,5,40대,인천광역시,전문대졸
5802,b407a1653c0d4789ad60581d3e237f59,여자,47,광주,고등학교,무직,여성,5,40대,광주광역시,고졸
5803,4ffb84e98b7f4d0eb47e28f711e92b84,여자,40,경상남,2~3년제 전문대학,일반 간호사,여성,5,40대,경상남도,전문대졸
5804,01e272f757cc49ada40f459a93407bd7,여자,46,부산,4년제 대학교,수동 포장원,여성,5,40대,부산광역시,대졸
5805,93fd52c88e3040a8b2aa56faf0755c40,여자,43,경기,대학원,기업 고위 임원,여성,5,40대,경기도,대학원졸
5806,ddc142fd18984deab048420373b1bc08,여자,42,서울,2~3년제 전문대학,무직,여성,5,40대,서울특별시,전문대졸
5807,e58b74e291c642d79b4941bb40fd6cd1,여자,49,대전,2~3년제 전문대학,일반 비서,여성,5,40대,대전광역시,전문대졸
5808,b3445950347848c198354a46a540c136,여자,48,서울,4년제 대학교,무직,여성,5,40대,서울특별시,대졸
5809,67f9343a7bae461db3ce42e67d0f96cd,여자,40,인천,4년제 대학교,투자 및 증권 분석가,여성,5,40대,인천광역시,대졸
5810,090d9cbc594148db9db94b527f2d48a3,여자,40,경기,4년제 대학교,경리 사무원,여성,5,40대,경기도,대졸
5811,8c9b2847195946fd8b52a5ded09bbc28,여자,45,경기,고등학교,통계 사무원,여성,5,40대,경기도,고졸
5812,12354212208d404d9a2acc42a42a4ca0,여자,49,인천,고등학교,건물 경비원,여성,5,40대,인천광역시,고졸
5813,704935b3119f4008b01a71d18276150b,여자,42,경기,고등학교,산후조리 종사원,여성,5,40대,경기도,고졸
5814,c92b5cc6b7d1410c9d1588083794422c,여자,46,경상북,고등학교,시설 경비원,여성,5,40대,경상북도,고졸
5815,18d15a648c794d79bf5388a438439663,여자,46,충청북,대학원,무직,여성,5,40대,충청북,대학원졸
5816,795839543775424a8508984859f04a03,여자,41,전북,4년제 대학교,국가행정 사무원,여성,5,40대,전북특별자치도,대졸
5817,92e3ce7e9fae43a9b6f83a1415620b2b,여자,43,경기,2~3년제 전문대학,무직,여성,5,40대,경기도,전문대졸
5818,f611854c87c449b2bc5aed22263e96b3,여자,41,부산,2~3년제 전문대학,교육 및 훈련 사무원,여성,5,40대,부산광역시,전문대졸
5819,c413863f5edd40fbbc66f6aed6ca1212,여자,40,서울,2~3년제 전문대학,기업 고위 임원,여성,5,40대,서울특별시,전문대졸
5820,5cf1db6e85bf40aa8b32771122c1ded5,여자,47,경기,고등학교,노점 및 이동 판매원,여성,5,40대,경기도,고졸
5821,e2ad2537f0c74ecc9f68ace318ef5244,여자,41,인천,4년제 대학교,화학 시험원,여성,5,40대,인천광역시,대졸
5822,4b7a3bfef87c4a178bb8b2eb4debca0b,여자,44,서울,2~3년제 전문대학,계기 검침원,여성,5,40대,서울특별시,전문대졸
5823,18b9b2d418334cbf9746d5d09419868a,여자,42,경기,4년제 대학교,무직,여성,5,40대,경기도,대졸
5824,6d07976a0dc24a81b8b5b514392e4bbd,여자,44,인천,4년제 대학교,미용사,여성,5,40대,인천광역시,대졸
5825,c2417201802e4048b3e591fecbd69399,여자,46,경기,4년제 대학교,기업 고위 임원,여성,5,40대,경기도,대졸
5826,78c63991ea6c4753a19c95b9686bead4,여자,45,충청북,고등학교,무직,여성,5,40대,충청북,고졸
5827,1d4ae9600b6b4ff792517095bb79a955,여자,46,경상남,고등학교,주방 보조원,여성,5,40대,경상남도,고졸
5828,a200a8a1be7c4f1aa9b4c80891f4f4e9,여자,44,경기,2~3년제 전문대학,그 외 판매 관련 단순 종사원,여성,5,40대,경기도,전문대졸
5829,2203b6d342b54219991b3949ccf620f6,여자,46,서울,고등학교,무직,여성,5,40대,서울특별시,고졸
5830,cefd861eef534fd5929b9d586d8a64b8,여자,47,경기,2~3년제 전문대학,무직,여성,5,40대,경기도,전문대졸
5831,5542f0f19cd64031ba4344859e3e7854,여자,41,경기,고등학교,무직,여성,5,40대,경기도,고졸
5832,6603af9bf3aa412eabbbb255517ffd24,여자,45,전라남,2~3년제 전문대학,상담 전문가,여성,5,40대,전라남,전문대졸
5833,08e65981a66b43aa9380347bf9bf8feb,여자,43,강원,2~3년제 전문대학,육군 장교,여성,5,40대,강원특별자치도,전문대졸
5834,b08c901193da49a2a9b5e793233ec88b,여자,40,경상남,2~3년제 전문대학,일반 간호사,여성,5,40대,경상남도,전문대졸
5835,a9c03d4769c04fc09e03e63a76012418,여자,40,인천,2~3년제 전문대학,여행 사무원,여성,5,40대,인천광역시,전문대졸
5836,f6f86b1abb3d4caa8c3910d495bf88b7,여자,45,제주,고등학교,웨딩플래너,여성,5,40대,제주특별자치도,고졸
5837,b50b6ab82bc440a995011adaa1d0c197,여자,49,인천,고등학교,무직,여성,5,40대,인천광역시,고졸
5838,877b18bf6f934d3f9f606b135f2f9fef,여자,48,대구,고등학교,판금원,여성,5,40대,대구광역시,고졸
5839,a545e28a901d47228ef32d6c4e6b17e5,여자,44,전북,2~3년제 전문대학,요양 보호사,여성,5,40대,전북특별자치도,전문대졸
5840,30a19c68b4924836bf1e7ffc1308a25c,여자,47,서울,4년제 대학교,무직,여성,5,40대,서울특별시,대졸
5841,523e181f9f4b45ce8bc6d072b9abf493,여자,41,경기,2~3년제 전문대학,보육 관련 시설 서비스 종사원,여성,5,40대,경기도,전문대졸
5842,a9f41874e18041da8f93e7e727052ec9,여자,47,부산,2~3년제 전문대학,그 외 기획 및 마케팅 사무원,여성,5,40대,부산광역시,전문대졸
5843,1c75c2f4ac9f412a8eea19a8e622f9ef,여자,41,부산,고등학교,무직,여성,5,40대,부산광역시,고졸
5844,6e1249b6e70842f3ae2ca9f5d01f6136,여자,41,경기,2~3년제 전문대학,무직,여성,5,40대,경기도,전문대졸
5845,f05d27b247734b6abc2be85bb3fc0a54,여자,41,충청남,2~3년제 전문대학,무직,여성,5,40대,충청남,전문대졸
5846,40509fb140ee432e9c8e8454a500ea74,여자,43,인천,4년제 대학교,총무 및 인사 관리자,여성,5,40대,인천광역시,대졸
5847,673e885805d84608ae2cd2686f21e50b,여자,47,서울,4년제 대학교,무직,여성,5,40대,서울특별시,대졸
5848,e5b1516677174f45918862072d56de2d,여자,48,경기,2~3년제 전문대학,프레스기 및 절단기 조작원,여성,5,40대,경기도,전문대졸
5849,2c76e6f041764fd286601a733cb0024d,여자,41,전라남,4년제 대학교,무직,여성,5,40대,전라남,대졸
5850,d1ab0176fa0d44c6aed6ddbb956565a4,여자,43,대구,4년제 대학교,무직,여성,5,40대,대구광역시,대졸
5851,0f31044cc74345368673d7f2ba38aa85,여자,46,경기,중학교,주방 보조원,여성,5,40대,경기도,중졸
5852,f90cc898715d4c1c8b193dd9a56bc093,여자,42,전라남,2~3년제 전문대학,신발 및 액세서리 판매원,여성,5,40대,전라남,전문대졸
5853,bdf60c27b5cd437c98d7a7222f1784dc,여자,40,경기,고등학교,웹 운영자,여성,5,40대,경기도,고졸
5854,f93113820a584cf2bd87ce3249f264f5,여자,42,울산,2~3년제 전문대학,범용 소프트웨어 프로그래머,여성,5,40대,울산광역시,전문대졸
5855,62ad755f641b4f91943532dd5ace100a,여자,40,대구,고등학교,노래방 서비스원,여성,5,40대,대구광역시,고졸
5856,9b5059221aaf4f589c09bf2457df5813,여자,49,경기,고등학교,그 외 바닥재 시공원,여성,5,40대,경기도,고졸
5857,368f0a6193134f49935e550764d6821c,여자,47,인천,고등학교,수금원,여성,5,40대,인천광역시,고졸
5858,96d665dd68244829919c2f95f9732bb8,여자,45,전라남,고등학교,무직,여성,5,40대,전라남,고졸
5859,e40eb68a2d0842cf9d5f34f954654c0d,여자,41,경기,4년제 대학교,경리 사무원,여성,5,40대,경기도,대졸
5860,b3f78ec041294d0a9dcdd74ef0e9ed0d,여자,44,서울,4년제 대학교,외국어 교사,여성,5,40대,서울특별시,대졸
5861,65a6472dd5734f99a222eca2e4c51a1c,여자,49,경기,4년제 대학교,교육 및 훈련 사무원,여성,5,40대,경기도,대졸
5862,91adaec5ff2948838ae3bc61305333b0,여자,44,경기,고등학교,하역 및 적재 관련 단순 종사원,여성,5,40대,경기도,고졸
5863,fa9782574e76486e9e9d65b924858125,여자,48,서울,2~3년제 전문대학,무직,여성,5,40대,서울특별시,전문대졸
5864,e98a2f77f0b348b3b720af410cf726c8,여자,41,서울,4년제 대학교,회계 사무원,여성,5,40대,서울특별시,대졸
5865,30f1fd8b457948cf8ea4174d0ff00c42,여자,40,경상남,고등학교,하역 및 적재 관련 단순 종사원,여성,5,40대,경상남도,고졸
5866,36a15e3a4dcf4570a8860ffaa0df159c,여자,48,경상북,4년제 대학교,온라인 쇼핑 판매원,여성,5,40대,경상북도,대졸
5867,d9d094944db341979493221bf61a041f,여자,42,경기,2~3년제 전문대학,출납 창구 사무원,여성,5,40대,경기도,전문대졸
5868,f8e159f4c44c4ca09a0418acd950f514,여자,43,경기,4년제 대학교,산업 안전원,여성,5,40대,경기도,대졸
5869,edda1f4100c04e25b8dcbd163e8cc2e0,여자,45,경기,2~3년제 전문대학,무직,여성,5,40대,경기도,전문대졸
5870,35ac493c95d8428c9ec349cf8b2d886d,여자,49,경기,고등학교,하역 및 적재 관련 단순 종사원,여성,5,40대,경기도,고졸
5871,19346a5a4cd54ed9b075ddc5ccc31d86,여자,46,부산,2~3년제 전문대학,범용 소프트웨어 프로그래머,여성,5,40대,부산광역시,전문대졸
5872,5837259ea069469191b48f33f4a3caa5,여자,43,경상남,고등학교,그 외 돌봄 및 보건 서비스 종사원,여성,5,40대,경상남도,고졸
5873,1706eaed9860405a83b54f841c66819f,여자,40,경기,4년제 대학교,무직,여성,5,40대,경기도,대졸
5874,4f8e8d9a283d4909b38e4bc9b6a15e54,여자,49,인천,고등학교,사무용 전자기기 설치 및 수리원,여성,5,40대,인천광역시,고졸
5875,9ae1163f62b4449087b6f442b8ec96ed,여자,46,경상남,4년제 대학교,무직,여성,5,40대,경상남도,대졸
5876,37cb335e47c84d5d89f9f7635204857d,여자,45,전라남,고등학교,음식 서비스 종사원,여성,5,40대,전라남,고졸
5877,e512a6fa896f45a38180a789249483de,여자,42,경기,고등학교,인쇄 관련 기능 종사원,여성,5,40대,경기도,고졸
5878,6f0259cfad8b4dd888c5b72e77236dc3,여자,45,전북,고등학교,건물 청소원,여성,5,40대,전북특별자치도,고졸
5879,7773e419cca641fb8fb22ecea6ef1895,여자,49,대전,대학원,광고 디자이너,여성,5,40대,대전광역시,대학원졸
5880,31a89ea37bce4934b6b3af921df3b5cf,여자,45,인천,고등학교,목형원,여성,5,40대,인천광역시,고졸
5881,2af9356b35374ce084d3afdf2a9b4590,여자,46,부산,고등학교,전화 상담원,여성,5,40대,부산광역시,고졸
5882,e69bae5e9e20440eb2241dd77e2571cb,여자,40,대구,2~3년제 전문대학,한식 조리사,여성,5,40대,대구광역시,전문대졸
5883,8411974e74ff4208bf6af7cf2473a8c2,여자,47,경기,고등학교,지게차 운전원,여성,5,40대,경기도,고졸
5884,ae12c2fc15374954a852ea6d2109a37d,여자,49,서울,대학원,데이터 분석가,여성,5,40대,서울특별시,대학원졸
5885,6e4387be8aec438ca63bbe63355f1659,여자,46,울산,고등학교,그 외 산업 전기 설치원,여성,5,40대,울산광역시,고졸
5886,4b22706fbe7949d7b054bb0dc7577ecb,여자,41,경기,고등학교,주입·포장 및 봉함기 조작원,여성,5,40대,경기도,고졸
5887,57c1cee09e0d47b8b3a88d333e8c0415,여자,41,경기,고등학교,한식 조리사,여성,5,40대,경기도,고졸
5888,e1811721bbd3416a95482e26289d3e4f,여자,44,서울,4년제 대학교,무직,여성,5,40대,서울특별시,대졸
5889,1d03a86b4242433a8e7e78e50ea26283,여자,44,인천,4년제 대학교,무직,여성,5,40대,인천광역시,대졸
5890,c0aa11ec9a6e4971ad00550cf94bdc63,여자,43,경기,4년제 대학교,법무사,여성,5,40대,경기도,대졸
5891,de73efc520474de18a9daa08eb6308aa,여자,45,경기,2~3년제 전문대학,국가행정 사무원,여성,5,40대,경기도,전문대졸
5892,2b7c1c4b08864ed48f53e5063edeeb97,여자,45,경기,2~3년제 전문대학,일반 비서,여성,5,40대,경기도,전문대졸
5893,aac467f15dd64605b0520c5f8856bda2,여자,45,경기,고등학교,주방 보조원,여성,5,40대,경기도,고졸
5894,4c47712d234e4de8aba5140938e257a8,여자,43,경상북,2~3년제 전문대학,커피 조리사,여성,5,40대,경상북도,전문대졸
5895,56b62153b25947f68b55ea08f2e9a1e4,여자,45,강원,고등학교,무직,여성,5,40대,강원특별자치도,고졸
5896,04a2a84ac39b464491489686d69ed5de,여자,46,충청남,4년제 대학교,일반 비서,여성,5,40대,충청남,대졸
5897,d268c9b18d3b48839d5244d711255794,여자,41,경기,고등학교,플랜트 전기 설치원,여성,5,40대,경기도,고졸
5898,d6efa5ea3a384fb2b3381fb3d46249f5,여자,47,서울,대학원,무직,여성,5,40대,서울특별시,대학원졸
5899,4f2183902c1e40aebf1fb01a54422273,여자,41,세종,2~3년제 전문대학,타일 부착원,여성,5,40대,세종특별자치시,전문대졸
5900,e674fea3b1db4b70869ca5617d29c29c,여자,48,인천,고등학교,그 외 건설 관련 기능 종사원,여성,5,40대,인천광역시,고졸
5901,0407bdaace7b47e4a03851fdbd4efc5e,여자,49,부산,4년제 대학교,일반 간호사,여성,5,40대,부산광역시,대졸
5902,2079b83c10fe4f16bc80548658eea686,여자,41,충청남,2~3년제 전문대학,무직,여성,5,40대,충청남,전문대졸
5903,c991aac541ab4727a8067fcf827b8b6c,여자,44,충청남,대학원,마케팅 전문가,여성,5,40대,충청남,대학원졸
5904,db4173ce4f52413eb27a8937823b5285,여자,46,경기,중학교,요양 보호사,여성,5,40대,경기도,중졸
5905,2e67b929aff14860b34027a5114ade2b,여자,49,제주,고등학교,"전직 건물 청소원, 현재 구직중",여성,5,40대,제주특별자치도,고졸
5906,5d965403bd4949b198c794a800a4e1ba,여자,45,경기,고등학교,컴퓨터 설치 및 수리원,여성,5,40대,경기도,고졸
5907,d2d7c413220848f58089cbf958b5e018,여자,43,경기,2~3년제 전문대학,컴퓨터 시스템 설계 및 분석가,여성,5,40대,경기도,전문대졸
5908,83c721b5d59f46b7b371678bb4f2ad10,여자,49,전라남,고등학교,화장품 판매원,여성,5,40대,전라남,고졸
5909,411b7d59cf7b4aa5b8a9fc4630de2cd9,여자,47,서울,4년제 대학교,회계 사무원,여성,5,40대,서울특별시,대졸
5910,45f82ee55dac4f42802e8d14e9edf4d4,여자,41,경상남,고등학교,무직,여성,5,40대,경상남도,고졸
5911,e5b88f783c0d48d6a53ddb48ea2ff4b5,여자,44,경상남,고등학교,한식 조리사,여성,5,40대,경상남도,고졸
5912,bc25ffd9b52f457b933b2fff18254d27,여자,45,경기,4년제 대학교,관리 비서,여성,5,40대,경기도,대졸
5913,d8bb0601cc624b1daa6f4402f687f5ad,여자,46,경기,4년제 대학교,무직,여성,5,40대,경기도,대졸
5914,3464070d75c44f41a94dc4839ac9f061,여자,46,경기,2~3년제 전문대학,산후조리 종사원,여성,5,40대,경기도,전문대졸
5915,0b6272c235b74d5a9ff97e080f96fe8b,여자,40,서울,4년제 대학교,일반 비서,여성,5,40대,서울특별시,대졸
5916,8a548a4bd5c3408399c1fbc35f1c870e,여자,49,부산,대학원,무직,여성,5,40대,부산광역시,대학원졸
5917,af54d9b5b3df41b593efd3705b54adab,여자,44,경기,고등학교,무직,여성,5,40대,경기도,고졸
5918,ee7455b82f1047639a1b15e9687d8341,여자,42,경상남,고등학교,주방 보조원,여성,5,40대,경상남도,고졸
5919,81aec2c9a8ca4a73b89afd7d303271ff,여자,42,부산,2~3년제 전문대학,출납 창구 사무원,여성,5,40대,부산광역시,전문대졸
5920,93a54a08c9e543ea90ec798793d64e2c,여자,47,경기,고등학교,인쇄 필름 출력원,여성,5,40대,경기도,고졸
5921,10df04b9d2324b109c0a2e6b997e3053,여자,40,경기,4년제 대학교,사무 보조원,여성,5,40대,경기도,대졸
5922,d1a2e3e95fd649398c87340c857bb8f9,여자,49,경기,4년제 대학교,전화 상담원,여성,5,40대,경기도,대졸
5923,1777350cce8c4d608f911948a9ce8ef1,여자,42,경기,무학,무직,여성,5,40대,경기도,무학
5924,dc1a13787b664b4796d85b0f6288a772,여자,47,경기,고등학교,주방 보조원,여성,5,40대,경기도,고졸
5925,16190148a6d84e6999bc5f9a5633a6de,여자,42,경상남,고등학교,출납 창구 사무원,여성,5,40대,경상남도,고졸
5926,3c41c96b8a3d4f52a0b93200bfec8597,여자,46,경상북,4년제 대학교,경리 사무원,여성,5,40대,경상북도,대졸
5927,f238102860c64e2cb69e50e7d4b2fcfe,여자,40,인천,4년제 대학교,웨딩플래너,여성,5,40대,인천광역시,대졸
5928,11916bd8bdd3404c8ba0eabd7600696c,여자,44,서울,2~3년제 전문대학,무직,여성,5,40대,서울특별시,전문대졸
5929,024033fabf3a4e839580970b50f07362,여자,42,서울,고등학교,신발 및 액세서리 판매원,여성,5,40대,서울특별시,고졸
5930,2ae6a83123b54f9292afd0caaacff23b,여자,47,대전,고등학교,무직,여성,5,40대,대전광역시,고졸
5931,965751501d2b4a94bc0ed597c8680eea,여자,41,충청남,2~3년제 전문대학,무직,여성,5,40대,충청남,전문대졸
5932,254de44b761546ee8a20b4f71c1e1fd2,여자,46,충청북,4년제 대학교,단말기 및 통신 서비스 판매원,여성,5,40대,충청북,대졸
5933,af1a5552880641f79f9f67372dbf5a12,여자,45,경상남,4년제 대학교,무직,여성,5,40대,경상남도,대졸
5934,0790db8ff9a744789e00aef9874f504d,여자,49,전북,고등학교,무직,여성,5,40대,전북특별자치도,고졸
5935,6843dffe73484fe29bfe2359c8679d25,여자,44,부산,고등학교,외국어 교사,여성,5,40대,부산광역시,고졸
5936,5234c598901643359d5853838d87faef,여자,44,경기,고등학교,가구 수리원,여성,5,40대,경기도,고졸
5937,f05610ac97ed4a408fa7294d09b7e906,여자,41,충청남,2~3년제 전문대학,무직,여성,5,40대,충청남,전문대졸
5938,742428f8b55e4e7ca254163aab58aef3,여자,49,경상북,고등학교,밑반찬 제조 종사원,여성,5,40대,경상북도,고졸
5939,7b0ba7fcef8f4f44950a65386d9752f3,여자,48,경기,중학교,"전직 총무 사무원, 현재 구직중",여성,5,40대,경기도,중졸
5940,52df37c4857740c29e77f60f4e27f01f,여자,49,서울,4년제 대학교,보육교사,여성,5,40대,서울특별시,대졸
5941,75285f36e87c440bafc3318f2d02ba1c,여자,49,경기,고등학교,그 외 서비스 관련 단순 종사원,여성,5,40대,경기도,고졸
5942,ffd9a65777804b5faf409caa20df735b,여자,40,부산,4년제 대학교,그 외 중·고등학교 교사,여성,5,40대,부산광역시,대졸
5943,390a929be65b43938ebd02c24b92283a,여자,44,인천,고등학교,무직,여성,5,40대,인천광역시,고졸
5944,51abdc9e79084b19ae0bc0342693efe4,여자,48,충청남,고등학교,요양 보호사,여성,5,40대,충청남,고졸
5945,3e163140802243598407073ccec60867,여자,47,인천,고등학교,무직,여성,5,40대,인천광역시,고졸
5946,924fd6c944ae4527a3e4ca71ca2d71f6,여자,48,경기,2~3년제 전문대학,일반 비서,여성,5,40대,경기도,전문대졸
5947,e60436ddd5214d3ead0bbd1b481b4136,여자,41,경기,2~3년제 전문대학,사무 보조원,여성,5,40대,경기도,전문대졸
5948,2c2c9dff8e2448e697348a89e2fd4ac0,여자,41,경기,대학원,무직,여성,5,40대,경기도,대학원졸
5949,9b0c99c598ab4346804dc1bdbb5c252f,여자,44,서울,4년제 대학교,무직,여성,5,40대,서울특별시,대졸
5950,6cfa05328a0a4a1babdbba6497a75d65,여자,42,대구,고등학교,음식 서비스 종사원,여성,5,40대,대구광역시,고졸
5951,b1c3f07e81e64dab8a1bf764e9e24d9f,여자,43,강원,4년제 대학교,조세행정 사무원,여성,5,40대,강원특별자치도,대졸
5952,704935b3119f4008b01a71d18276150b,여자,42,경기,고등학교,산후조리 종사원,여성,5,40대,경기도,고졸
5953,12148708d048461990ecad6013864143,여자,42,전북,고등학교,무직,여성,5,40대,전북특별자치도,고졸
5954,0a9b5cfdedb345458b1de0cf98a2a031,여자,40,부산,고등학교,무직,여성,5,40대,부산광역시,고졸
5955,8905c44567be4120802057633f545818,여자,43,경기,대학원,수의사,여성,5,40대,경기도,대학원졸
5956,d081aa5783c540c59f796183dbd63732,여자,40,경상남,고등학교,정보 시스템 운영자,여성,5,40대,경상남도,고졸
5957,9706e27dad9643b5ac5612be82ddfd20,여자,47,경상남,고등학교,무직,여성,5,40대,경상남도,고졸
5958,a72ef085e50648a68f04fa0dda4ad77f,여자,40,충청북,4년제 대학교,일반영양사,여성,5,40대,충청북,대졸
5959,365fcb9471bc4a14995a75942cedda4c,여자,42,충청남,대학원,보육교사,여성,5,40대,충청남,대학원졸
5960,55e61706e370461394085224827b1f4d,여자,44,인천,고등학교,전화 상담원,여성,5,40대,인천광역시,고졸
5961,7206da0d3fe04408b2550325a5cefa4b,여자,42,서울,2~3년제 전문대학,무직,여성,5,40대,서울특별시,전문대졸
5962,5dd95bd7352d4b00aedc4bdf519b2627,여자,41,전라남,4년제 대학교,공공행정 사무원,여성,5,40대,전라남,대졸
5963,a47859f35be749498d2e10495d315c09,여자,44,경기,중학교,노인 및 장애인 돌봄 서비스 종사원,여성,5,40대,경기도,중졸
5964,0b0e93a0904248b1a6e6b2e7c7036df4,여자,48,충청남,고등학교,건물 청소원,여성,5,40대,충청남,고졸
5965,045c18382c6844b1b7439294265d9696,여자,40,서울,대학원,경리 사무원,여성,5,40대,서울특별시,대학원졸
5966,4bacc58b09024a97aa007859496bf05f,여자,45,전북,2~3년제 전문대학,무직,여성,5,40대,전북특별자치도,전문대졸
5967,015f75543d5647658795f9d20d3fa826,여자,43,서울,4년제 대학교,그 외 기획 및 마케팅 사무원,여성,5,40대,서울특별시,대졸
5968,461d1fe444124a60ab669a4a5c4749dc,여자,41,경상남,4년제 대학교,철도운송 관련 종사원,여성,5,40대,경상남도,대졸
5969,9cb782acd48d46b799389445100e4e58,여자,45,경상남,고등학교,사무용 전자기기 설치 및 수리원,여성,5,40대,경상남도,고졸
5970,c1d92421bcb94e41b4e030e6ee223407,여자,40,충청남,4년제 대학교,전자제품 개발 기술자 및 연구원,여성,5,40대,충청남,대졸
5971,b387f460f9124a1c8026be1315320847,여자,46,서울,4년제 대학교,온라인 쇼핑 판매원,여성,5,40대,서울특별시,대졸
5972,e903801d955941a8a456a7143313f3cf,여자,48,경기,대학원,상품 기획자,여성,5,40대,경기도,대학원졸
5973,8630d109831b41e688b977b3fc95c0f2,여자,42,서울,고등학교,노점 및 이동 판매원,여성,5,40대,서울특별시,고졸
5974,8539381670c048d3856c16b5773cf740,여자,41,경기,4년제 대학교,사무 보조원,여성,5,40대,경기도,대졸
5975,5eb1a65965184c96b43905f366b77a4e,여자,42,경기,중학교,무직,여성,5,40대,경기도,중졸
5976,6a8e82a045274920903394d51d965287,여자,49,대전,2~3년제 전문대학,무직,여성,5,40대,대전광역시,전문대졸
5977,8c4b7aca2dd048938e0fada5895114af,여자,45,인천,고등학교,무직,여성,5,40대,인천광역시,고졸
5978,1d1b3306fe534784893f4b2da0c8000f,여자,44,경기,2~3년제 전문대학,냉난방기 관련 설비 조작원,여성,5,40대,경기도,전문대졸
5979,aa894a528c47495785aca88e6fcfdd60,여자,42,경기,고등학교,골프장 캐디,여성,5,40대,경기도,고졸
5980,df3d059c992449e5884ae7c57b1a183e,여자,47,전북,4년제 대학교,그 외 상품 중개인 및 경매사,여성,5,40대,전북특별자치도,대졸
5981,9e145de9e59f430c9cd72b92e2d7d054,여자,48,강원,대학원,데이터 분석가,여성,5,40대,강원특별자치도,대학원졸
5982,b3c246a26a3340faa688205e5d7a84dc,여자,46,경상북,2~3년제 전문대학,일반 경찰관 및 수사관,여성,5,40대,경상북도,전문대졸
5983,e584840829bf42fbac531c703983b52c,여자,49,경기,고등학교,경리 사무원,여성,5,40대,경기도,고졸
5984,0890917a9b244153a195b753f058e832,여자,43,서울,2~3년제 전문대학,무직,여성,5,40대,서울특별시,전문대졸
5985,7f3f85740d2e442ab44aee60e44cf1a3,여자,46,서울,2~3년제 전문대학,무직,여성,5,40대,서울특별시,전문대졸
5986,0181820fe07849d5b8b5014a9dc8ceba,여자,40,서울,2~3년제 전문대학,주방 보조원,여성,5,40대,서울특별시,전문대졸
5987,3543ddfef279496785ffcd910ae9959c,여자,40,경상남,고등학교,무직,여성,5,40대,경상남도,고졸
5988,46a6efe5e3a1441b9f0539b59faa2070,여자,46,전북,4년제 대학교,무직,여성,5,40대,전북특별자치도,대졸
5989,99e759658254434fa38a7afaa6d8de14,여자,47,부산,고등학교,금속 세척기 조작원,여성,5,40대,부산광역시,고졸
5990,a4ba69a6bfcd494c8d5d57480a0f865e,여자,40,경상북,4년제 대학교,화장품 판매원,여성,5,40대,경상북도,대졸
5991,3b64a6a5f3b74439bfaf17c8b55376b5,여자,44,전북,고등학교,간호조무사,여성,5,40대,전북특별자치도,고졸
5992,3fcf5e92f9164803be9f30d083db4ec2,여자,48,서울,고등학교,커피 조리사,여성,5,40대,서울특별시,고졸
5993,5cceb423cf664bef8447a5d83a6fbc15,여자,49,대전,고등학교,주차 안내원,여성,5,40대,대전광역시,고졸
5994,a96e21d7837340b49386babe573a089f,여자,46,서울,4년제 대학교,의상 디자이너,여성,5,40대,서울특별시,대졸
5995,917a4b8dd4c54648ad18c542677c4975,여자,48,경기,4년제 대학교,무직,여성,5,40대,경기도,대졸
5996,b4bdb628b591486e86928a824e3d9893,여자,48,경상남,고등학교,조사 전문가,여성,5,40대,경상남도,고졸
5997,2873b99d450242ffadfd2e22874755cc,여자,46,서울,2~3년제 전문대학,경리 사무원,여성,5,40대,서울특별시,전문대졸
5998,af35f9ebc9ca4e24bb54f93158a75e3e,여자,45,인천,4년제 대학교,상담 전문가,여성,5,40대,인천광역시,대졸
5999,2e99f06bdf1f4f9c98bcb00a666f2c59,여자,45,경기,고등학교,건물 청소원,여성,5,40대,경기도,고졸
6000,3de069f73f304dac82ff5fde20be4ac5,여자,47,경기,대학원,마케팅 전문가,여성,5,40대,경기도,대학원졸
6001,7dbcc5c190194e1097930c72fb7eeb81,여자,49,대구,2~3년제 전문대학,무직,여성,5,40대,대구광역시,전문대졸
6002,c87e3b549dbc4d0fa7fa577ed800255e,여자,47,서울,2~3년제 전문대학,무직,여성,5,40대,서울특별시,전문대졸
6003,8fe245f0904148b9bd1eaa237f903e46,여자,49,경기,2~3년제 전문대학,그 외 전기·전자기기 설치 및 수리원,여성,5,40대,경기도,전문대졸
6004,95cb1a2894634d7497383929b61d7586,여자,44,충청남,고등학교,무직,여성,5,40대,충청남,고졸
6005,55c56b46c69846dcb0f403b945ed230e,여자,41,경기,중학교,무직,여성,5,40대,경기도,중졸
6006,543dbcc99dd7488083b7d9d590fa1867,여자,47,경기,4년제 대학교,무직,여성,5,40대,경기도,대졸
6007,6160681376034ee69812c8160008df2e,여자,46,인천,4년제 대학교,무직,여성,5,40대,인천광역시,대졸
6008,534ff7fc0d9841fca42d1f6718334aa5,여자,41,강원,4년제 대학교,공공행정 사무원,여성,5,40대,강원특별자치도,대졸
6009,2abd474494924fda93444a2b97add62d,여자,46,경기,고등학교,매장 정리원,여성,5,40대,경기도,고졸
6010,352e8a61961047a3b5158b344725dcc6,여자,43,서울,4년제 대학교,유치원 교사,여성,5,40대,서울특별시,대졸
6011,47ba69406dfa4422878714d394f33d01,여자,45,경상북,2~3년제 전문대학,음료 서비스 종사원,여성,5,40대,경상북도,전문대졸
6012,1f1d6f77a5e3451db16cbc3374263402,여자,44,서울,2~3년제 전문대학,그 외 일반 영업원,여성,5,40대,서울특별시,전문대졸
6013,fee44a114b06491694569eb8dd774aa3,여자,44,경기,대학원,법무 사무원,여성,5,40대,경기도,대학원졸
6014,6f510d93ed794c0399ca61e980965cca,여자,47,경상북,2~3년제 전문대학,과학 교사,여성,5,40대,경상북도,전문대졸
6015,4ee627f6718247ada02e02e9cb25c332,여자,47,경기,중학교,무직,여성,5,40대,경기도,중졸
6016,0db6fb71ab15458f9d1c722bebd2f4e7,여자,47,경상남,2~3년제 전문대학,지방행정 사무원,여성,5,40대,경상남도,전문대졸
6017,d2c4bf7ec6f2461390286bd893bde98d,여자,41,경상북,4년제 대학교,일반 간호사,여성,5,40대,경상북도,대졸
6018,0959b3dee2aa491295e2f5651cd54831,여자,42,세종,4년제 대학교,공조기설비 조작원,여성,5,40대,세종특별자치시,대졸
6019,976720f2f8244b0497194c8d7fd66dd7,여자,41,경기,2~3년제 전문대학,웹 운영자,여성,5,40대,경기도,전문대졸
6020,85c592fce16c494a8c0dcb76780dfaed,여자,46,서울,고등학교,조사 전문가,여성,5,40대,서울특별시,고졸
6021,593faefafd5640558ee091fc612f27d2,여자,44,경기,2~3년제 전문대학,미용사,여성,5,40대,경기도,전문대졸
6022,ede617ca253d4c2b9cb15384102b502c,여자,43,경상북,2~3년제 전문대학,무직,여성,5,40대,경상북도,전문대졸
6023,a8ce253393a840c89bfce193a5ccd141,여자,46,대구,4년제 대학교,무직,여성,5,40대,대구광역시,대졸
6024,0fd08d3048ac4aaeb2af74bbab25b49c,여자,42,서울,대학원,무직,여성,5,40대,서울특별시,대학원졸
6025,ab994af7f3154cdd95a09930a1bd6e22,여자,46,경기,4년제 대학교,재무 관리자,여성,5,40대,경기도,대졸
6026,480bac3585e24a5c9d81bc70225b054b,여자,46,경기,4년제 대학교,그 외 일반 영업원,여성,5,40대,경기도,대졸
6027,9f1560109f5b4e358cb941fedeb2f3f0,여자,47,서울,4년제 대학교,웹 기획자,여성,5,40대,서울특별시,대졸
6028,0fe3fb9b5ca9456aafd33193af04438f,여자,43,경기,2~3년제 전문대학,무직,여성,5,40대,경기도,전문대졸
6029,045c18382c6844b1b7439294265d9696,여자,40,서울,대학원,경리 사무원,여성,5,40대,서울특별시,대학원졸
6030,aedc32495b6846179bf856a5912c198b,여자,48,경기,고등학교,전산 자료 입력원,여성,5,40대,경기도,고졸
6031,9c93b05f19b9493eb36ead3871eb3555,여자,43,서울,고등학교,무직,여성,5,40대,서울특별시,고졸
6032,0067116d7d614c6ca98c897ff3ae5f27,여자,44,경상남,2~3년제 전문대학,기계제품 생산 관리자,여성,5,40대,경상남도,전문대졸
6033,611b0fda04ee44f2b576e09c1661a99c,여자,46,대구,4년제 대학교,경리 사무원,여성,5,40대,대구광역시,대졸
6034,3916a9c3402640ad919821a41ce5958e,여자,49,경기,고등학교,우편집배원,여성,5,40대,경기도,고졸
6035,5ee8b5d1d9364729b81c6c3209d09916,여자,40,부산,4년제 대학교,회계사,여성,5,40대,부산광역시,대졸
6036,91de27b2d4e949d191c5aec6b9731b4a,여자,49,대전,4년제 대학교,유치원 교사,여성,5,40대,대전광역시,대졸
6037,dc747fa0219c462aa8bf204bdd7754e0,여자,42,서울,2~3년제 전문대학,상품 기획자,여성,5,40대,서울특별시,전문대졸
6038,1e8bb3dbd88d4cae92ac088ee143de67,여자,49,인천,고등학교,한식 조리사,여성,5,40대,인천광역시,고졸
6039,94f84e2f4c64427fb92ab56af26e0d72,여자,44,서울,대학원,법무 사무원,여성,5,40대,서울특별시,대학원졸
6040,cdf0931b299443b09339a14f9bda7ca1,여자,43,경기,2~3년제 전문대학,목형원,여성,5,40대,경기도,전문대졸
6041,535dc6ee53a24b46bf24e1662b8a9708,여자,40,경상남,고등학교,무직,여성,5,40대,경상남도,고졸
6042,d212c544e7454bb58fa3ecd5df463192,여자,41,서울,대학원,회계 사무원,여성,5,40대,서울특별시,대학원졸
6043,7d80e9c2b1e1463abf2f606ae13b9aed,여자,40,경기,4년제 대학교,식품 영업원,여성,5,40대,경기도,대졸
6044,6fe85f7a306643248d980b378a3e8efa,여자,45,부산,대학원,그 외 화학공학 기술자 및 연구원,여성,5,40대,부산광역시,대학원졸
6045,a83279d6937e42969bc52a08691cedf7,여자,44,세종,4년제 대학교,경영 기획 사무원,여성,5,40대,세종특별자치시,대졸
6046,65adbfa991ad4706bb821a6642ec69f5,여자,41,경기,4년제 대학교,관리 비서,여성,5,40대,경기도,대졸
6047,7342e0ea86394dd3908529361018e56d,여자,45,전라남,고등학교,간병인,여성,5,40대,전라남,고졸
6048,98310e5c1d674c04bf86bd07dcd9b203,여자,49,충청남,4년제 대학교,경리 사무원,여성,5,40대,충청남,대졸
6049,c818a1c6c26348a3b7dddf50a9aa5bb1,여자,43,경기,2~3년제 전문대학,무직,여성,5,40대,경기도,전문대졸
6050,3c4b3ef463b9463fac702d2664f3c634,여자,44,충청북,4년제 대학교,경리 사무원,여성,5,40대,충청북,대졸
6051,d109bc4f6a9f4239b394a078c7798269,여자,41,강원,고등학교,사무 보조원,여성,5,40대,강원특별자치도,고졸
6052,d8a8ff9e17bd47fb9b1716cb488fc442,여자,47,경기,2~3년제 전문대학,그 외 기능 관련 종사원,여성,5,40대,경기도,전문대졸
6053,7d60828f60ba4877b36940de472ef52e,여자,44,인천,4년제 대학교,그 외 기능 관련 종사원,여성,5,40대,인천광역시,대졸
6054,31361a104d334878919256c5518100b4,여자,46,서울,고등학교,그 외 서비스 관련 단순 종사원,여성,5,40대,서울특별시,고졸
6055,bd2ac33763174902b554c32b78fa3e6a,여자,48,서울,대학원,무직,여성,5,40대,서울특별시,대학원졸
6056,74e2ed49bcd648179e146dd7d798b3c6,여자,41,전라남,고등학교,연선기 조작원,여성,5,40대,전라남,고졸
6057,fe9557fc83ce447a82bdef9e34668b39,여자,48,서울,중학교,무직,여성,5,40대,서울특별시,중졸
6058,d9010bb4a84f429984e68bd39ce46fae,여자,44,서울,4년제 대학교,공공행정 전문가,여성,5,40대,서울특별시,대졸
6059,a659032ef6a54a72b12d95e14e996576,여자,45,서울,고등학교,경리 사무원,여성,5,40대,서울특별시,고졸
6060,b732ad4abbc64f8dbf6df8347cfe1a69,여자,40,경기,2~3년제 전문대학,출판 및 자료편집 사무원,여성,5,40대,경기도,전문대졸
6061,c35e3044b0c14c5abe91ab9f8f36107b,여자,47,충청남,고등학교,주방 보조원,여성,5,40대,충청남,고졸
6062,e14db5408ce84ee4b06415f72dd45c54,여자,40,경기,고등학교,한식 조리사,여성,5,40대,경기도,고졸
6063,fcf53ba1399844239de4c41b59345ba6,여자,48,인천,고등학교,건물 청소원,여성,5,40대,인천광역시,고졸
6064,94b7f01122ab435daa424b52d8cae436,여자,45,충청남,고등학교,"전직 음식 서비스 종사원, 현재 구직중",여성,5,40대,충청남,고졸
6065,890d94313d184263af07c59aafb06ef2,여자,47,강원,고등학교,음식료품 판매원,여성,5,40대,강원특별자치도,고졸
6066,f6c3a648b48d4241b522f1989a4c1d05,여자,48,강원,2~3년제 전문대학,조세행정 사무원,여성,5,40대,강원특별자치도,전문대졸
6067,4aed8e86c9e7405183a4cfceca68fe14,여자,43,경상남,고등학교,무직,여성,5,40대,경상남도,고졸
6068,307da40bd0284de39aa2a9f346ce8e85,여자,47,경기,2~3년제 전문대학,가정용 전기 및 전자제품 조립원,여성,5,40대,경기도,전문대졸
6069,18cffd719510450fb1795664e32304cc,여자,44,경기,고등학교,그 외 물품 이동 장비 조작원,여성,5,40대,경기도,고졸
6070,b4b8c7fffc9546f58da77377ff88a5cd,여자,44,경기,4년제 대학교,산업 안전원,여성,5,40대,경기도,대졸
6071,943636e560c5438db05fd0e6b987570e,여자,46,충청남,4년제 대학교,관세행정 사무원,여성,5,40대,충청남,대졸
6072,c144038ffca04594bb8f8b1c34960400,여자,44,울산,고등학교,무직,여성,5,40대,울산광역시,고졸
6073,2b32d16698144fa193c5475ba036eb0d,여자,48,광주,2~3년제 전문대학,무직,여성,5,40대,광주광역시,전문대졸
6074,3e441a48a2df4197a7e47e480d3e9a88,여자,41,경상북,4년제 대학교,경리 사무원,여성,5,40대,경상북도,대졸
6075,b96479a314804975bc82297ea9f2da7a,여자,49,경기,4년제 대학교,교육 및 훈련 사무원,여성,5,40대,경기도,대졸
6076,3c1837adf46b453580a9c2e15479e9f4,여자,47,광주,4년제 대학교,그 외 판매 및 고객 서비스 관리자,여성,5,40대,광주광역시,대졸
6077,36992fbd3e0a41949cb2ca1b10221979,여자,45,인천,고등학교,일반 비서,여성,5,40대,인천광역시,고졸
6078,b1e8dcab80534e40b5491f9d4f2d4308,여자,46,경상북,4년제 대학교,해외 영업원,여성,5,40대,경상북도,대졸
6079,65d5b83ab7514c5b9849e8b7c0ca6aec,여자,44,경기,4년제 대학교,전기제품 개발 기술자 및 연구원,여성,5,40대,경기도,대졸
6080,a3d9f74da9b444ffb70011e490bc31ea,여자,46,서울,대학원,전문 간호사,여성,5,40대,서울특별시,대학원졸
6081,c58e21b08d7e4d7090c8f842a90f0e9d,여자,46,경기,대학원,변호사,여성,5,40대,경기도,대학원졸
6082,5a3ad7c7ba2b4f60984e29e1c2d14b95,여자,45,부산,대학원,그 외 제품 디자이너,여성,5,40대,부산광역시,대학원졸
6083,4f57edc2d5034d7688c6e5d6f82c0e10,여자,44,광주,4년제 대학교,상담 전문가,여성,5,40대,광주광역시,대졸
6084,c09ae5aea5764e8398b7b167cf55d416,여자,49,경상남,중학교,무직,여성,5,40대,경상남도,중졸
6085,5227c4f02f1c42ee935d7edbad312a14,여자,46,경기,4년제 대학교,여행 사무원,여성,5,40대,경기도,대졸
6086,64573391614142f9bee730bdbd5a92b3,여자,49,경기,4년제 대학교,마케팅 관리자,여성,5,40대,경기도,대졸
6087,3434b8ba7b724c8096ef394a0bc99d3f,여자,41,충청남,고등학교,유원시설 및 테마파크 서비스원,여성,5,40대,충청남,고졸
6088,c0d41e2fb0244cd8be8b3257f11e94d6,여자,48,인천,대학원,출판 및 자료편집 사무원,여성,5,40대,인천광역시,대학원졸
6089,db9bdbde38e145cabd93e7a90eb67e5d,여자,47,경상남,고등학교,건물 내 전기 설치 및 정비원,여성,5,40대,경상남도,고졸
6090,ff69239ef4e74933a9f3a9d533eae25a,여자,40,서울,4년제 대학교,공공행정 사무원,여성,5,40대,서울특별시,대졸
6091,d8ea778ad8c54cebb15b07067340c3df,여자,47,부산,고등학교,공공행정 사무원,여성,5,40대,부산광역시,고졸
6092,9f209f617f21483ca45ebeccb126903f,여자,49,서울,고등학교,무직,여성,5,40대,서울특별시,고졸
6093,bfd15af979294cf19d2296a8267ffb1a,여자,43,충청남,4년제 대학교,그 외 법률 관련 사무원,여성,5,40대,충청남,대졸
6094,1177f48cbf1c4d618e984b5026f9854a,여자,46,광주,2~3년제 전문대학,계기 검침원,여성,5,40대,광주광역시,전문대졸
6095,fedca4b9279846a184accd0f2c7f2548,여자,40,경상남,2~3년제 전문대학,상품 기획자,여성,5,40대,경상남도,전문대졸
6096,1f1869cb313c492081e1669888712a08,여자,43,경상남,4년제 대학교,"전직 경리 사무원, 현재 구직중",여성,5,40대,경상남도,대졸
6097,cfb6c44135744447b683aa19d0e8e857,여자,49,경기,2~3년제 전문대학,무직,여성,5,40대,경기도,전문대졸
6098,a88f568f0cb34d138b2ae359c26ef3df,여자,49,강원,2~3년제 전문대학,무직,여성,5,40대,강원특별자치도,전문대졸
6099,284f93126c09433b8a8b822143ff3aa3,여자,49,경기,4년제 대학교,화장품 판매원,여성,5,40대,경기도,대졸
6100,ca1c28991ea944d9868914c3e8f512d0,여자,40,서울,2~3년제 전문대학,수동 포장원,여성,5,40대,서울특별시,전문대졸
6101,74beae26008d435488251ae533e8220a,여자,40,전북,4년제 대학교,마케팅 전문가,여성,5,40대,전북특별자치도,대졸
6102,bb535013d71a4b63b4bf32d726d99e82,여자,48,경기,고등학교,건물 경비원,여성,5,40대,경기도,고졸
6103,431b28fb097c44cda414b2a4c754aca5,여자,47,인천,고등학교,무직,여성,5,40대,인천광역시,고졸
6104,fe2033c35e754a7e9987e580188f0266,여자,47,경기,중학교,건물 청소원,여성,5,40대,경기도,중졸
6105,a6f7f67c80c04b90bdc0687113595115,여자,47,경상남,2~3년제 전문대학,정보 시스템 운영자,여성,5,40대,경상남도,전문대졸
6106,804b8da38f5c4e86991a9d3b413aec5a,여자,42,경상남,고등학교,건물 청소원,여성,5,40대,경상남도,고졸
6107,c777cbe35cff44f9bfa97e2c947574db,여자,49,경상북,고등학교,시내버스 운전원,여성,5,40대,경상북도,고졸
6108,d6be6da7810d42be93a32c82edc103ca,여자,41,경기,고등학교,무직,여성,5,40대,경기도,고졸
6109,25c4627ab6de4154a9a2e8cf88488a64,여자,46,대전,고등학교,상품 기획자,여성,5,40대,대전광역시,고졸
6110,221b91b01c4f4625b0a9130ae698c70d,여자,41,부산,4년제 대학교,액세서리 디자이너,여성,5,40대,부산광역시,대졸
6111,e71a2f6b8cd7407bbc9a636652f147d0,여자,46,세종,대학원,마케팅 전문가,여성,5,40대,세종특별자치시,대학원졸
6112,a3b96fff60134bc0be2d72ce3f50a670,여자,41,부산,대학원,정보 통신기술 분야 교수,여성,5,40대,부산광역시,대학원졸
6113,87c41351245247acb5746e21f4e12ad8,여자,44,서울,2~3년제 전문대학,음식 서비스 종사원,여성,5,40대,서울특별시,전문대졸
6114,328e22e970d6495c81d9579720cdc4fa,여자,44,대구,2~3년제 전문대학,무직,여성,5,40대,대구광역시,전문대졸
6115,1cf5341cc74d4b829c3220a27cf4a883,여자,40,경기,2~3년제 전문대학,그 외 공학 관련 기술자 및 시험원,여성,5,40대,경기도,전문대졸
6116,c3b435abc9354acfa2a95dc929b33e5c,여자,48,인천,4년제 대학교,교육 및 훈련 사무원,여성,5,40대,인천광역시,대졸
6117,daabde7c56454eae87d04931e1333e32,여자,42,서울,4년제 대학교,무직,여성,5,40대,서울특별시,대졸
6118,67a5c50c17854264a3c5f02f326274c8,여자,45,경기,고등학교,무직,여성,5,40대,경기도,고졸
6119,c07f3407592f4393b72ca7b175d5e8c5,여자,42,경기,고등학교,승용차 및 승합차 운전원,여성,5,40대,경기도,고졸
6120,89d333a80bb84a1a9808687ac88d9c2a,여자,48,경기,4년제 대학교,영업 관련 관리자,여성,5,40대,경기도,대졸
6121,64b783718ead4088a3b0dbb7ebf76060,여자,43,부산,4년제 대학교,광고 전문가,여성,5,40대,부산광역시,대졸
6122,07e35f87e9f541a79c5d10679b81dde8,여자,48,부산,2~3년제 전문대학,그 외 상점 판매원,여성,5,40대,부산광역시,전문대졸
6123,78ce457e0a4d4548ac362a25cf06b3bf,여자,41,경기,4년제 대학교,무직,여성,5,40대,경기도,대졸
6124,3b27825da215439991bc3bc33c6550b0,여자,45,충청남,고등학교,건물 청소원,여성,5,40대,충청남,고졸
6125,5cd3c1d8fb114824a748a6efaaf36f12,여자,40,서울,2~3년제 전문대학,무직,여성,5,40대,서울특별시,전문대졸
6126,c33456bfd0604116a655cd4bd3da3c3a,여자,49,서울,고등학교,그 외 일반 영업원,여성,5,40대,서울특별시,고졸
6127,85b8bc12cf97482b885b1eea9d496d29,여자,42,강원,고등학교,무직,여성,5,40대,강원특별자치도,고졸
6128,7ef2fb9d02c14e7e8bb5eab5f2c12865,여자,42,부산,2~3년제 전문대학,공공행정 사무원,여성,5,40대,부산광역시,전문대졸
6129,40be8a3979484d7a9a15bdcdd4b57de7,여자,47,경기,고등학교,온라인 쇼핑 판매원,여성,5,40대,경기도,고졸
6130,e2d61bc2a1d04b2eb13124a975e0fb73,여자,46,경상남,2~3년제 전문대학,그 외 의복 제조 관련 기능 종사원,여성,5,40대,경상남도,전문대졸
6131,555c7b2c8b234f9d88e507f0e425a712,여자,44,경기,4년제 대학교,무직,여성,5,40대,경기도,대졸
6132,83473f5982e548319d843ba60f819681,여자,44,경기,4년제 대학교,반도체공학 기술자 및 연구원,여성,5,40대,경기도,대졸
6133,faaef6a558824f8187dfe653179035f7,여자,43,제주,고등학교,교육 및 훈련 사무원,여성,5,40대,제주특별자치도,고졸
6134,1e9d316b587841b19f26b752998aad14,여자,49,부산,고등학교,무직,여성,5,40대,부산광역시,고졸
6135,cd7bac0e7def418fa763564328040df8,여자,44,서울,4년제 대학교,무직,여성,5,40대,서울특별시,대졸
6136,5b575a5a85964100903a27570f379d5a,여자,45,광주,4년제 대학교,무직,여성,5,40대,광주광역시,대졸
6137,721e015aedc44faaa22559fd75822d49,여자,40,경기,4년제 대학교,음료 서비스 종사원,여성,5,40대,경기도,대졸
6138,c99f9d95ccf44c4ab57cfcd6c650b7f7,여자,43,서울,4년제 대학교,가전제품 설치 및 수리원,여성,5,40대,서울특별시,대졸
6139,076745cd4bf94f90bdad7c7347992fcc,여자,41,인천,2~3년제 전문대학,일반 경찰관 및 수사관,여성,5,40대,인천광역시,전문대졸
6140,2a2066dea86642d392e3e99e7a5370ab,여자,48,경기,고등학교,국가행정 사무원,여성,5,40대,경기도,고졸
6141,02972ce51e554b0d8b24118a6f3f1897,여자,46,경기,고등학교,무직,여성,5,40대,경기도,고졸
6142,64f03e39cc1f4aff821f9df476c0d162,여자,44,서울,고등학교,단말기 및 통신 서비스 판매원,여성,5,40대,서울특별시,고졸
6143,cb4d14400c584a7598061ade0bd4b21d,여자,47,광주,4년제 대학교,그 외 환경공학 기술자 및 연구원,여성,5,40대,광주광역시,대졸
6144,f5aab4d28f494b3ba5f58484035d1221,여자,48,대구,4년제 대학교,그 외 전기·전자기기 설치 및 수리원,여성,5,40대,대구광역시,대졸
6145,9a78064441364af0a777caca4866a09f,여자,48,인천,4년제 대학교,광고 전문가,여성,5,40대,인천광역시,대졸
6146,860eaea1aef54f74a6e99299818ea6ee,여자,41,전북,4년제 대학교,금형원,여성,5,40대,전북특별자치도,대졸
6147,16aac026adb74a87ae98ad04342b3752,여자,42,경기,2~3년제 전문대학,소규모 상점 경영자,여성,5,40대,경기도,전문대졸
6148,c6477cc6a80845ba9482cfbb8e5efa10,여자,45,경기,2~3년제 전문대학,화장품 판매원,여성,5,40대,경기도,전문대졸
6149,50d70de6096546e98db59fb1cdd4fcff,여자,42,경상남,대학원,무직,여성,5,40대,경상남도,대학원졸
6150,a347756499e14f1589f560e5938337df,여자,41,경기,대학원,전자 및 통신장비 기술 영업원,여성,5,40대,경기도,대학원졸
6151,7f477ff44030489293a8b0a7fdf7aa2d,여자,48,강원,4년제 대학교,초등학교 교사,여성,5,40대,강원특별자치도,대졸
6152,971cb8a6bcc84f3d922fa48b78e6892f,여자,44,경기,2~3년제 전문대학,철도교통 관제사,여성,5,40대,경기도,전문대졸
6153,14cb79b1165f432d87ed4fb07e3fa440,여자,42,경기,4년제 대학교,"전직 관세행정 사무원, 현재 구직중",여성,5,40대,경기도,대졸
6154,0fcfcdf26bb0430bbff8aca59f476a8b,여자,41,강원,4년제 대학교,교육 및 훈련 사무원,여성,5,40대,강원특별자치도,대졸
6155,8a8145eca91c46c99fd253f7126b5999,여자,43,전라남,고등학교,그 외 돌봄 및 보건 서비스 종사원,여성,5,40대,전라남,고졸
6156,e85fd9a44f4641bf8ea337ec65da0213,여자,46,경기,4년제 대학교,무직,여성,5,40대,경기도,대졸
6157,ef9f1865983a4d8c820ba0f7ff813176,여자,45,경기,고등학교,그 외 조리사,여성,5,40대,경기도,고졸
6158,032a892b24cc41d09f812c0f4612d73d,여자,49,경기,4년제 대학교,치과위생사,여성,5,40대,경기도,대졸
6159,f59e762e51d9428caab712d0b6a8645e,여자,43,광주,4년제 대학교,무직,여성,5,40대,광주광역시,대졸
6160,9c5557014f8b4417a9de16762e855b6b,여자,40,인천,2~3년제 전문대학,방사선사,여성,5,40대,인천광역시,전문대졸
6161,341610b7cbae4e079bd13b2511fd1f54,여자,42,경기,고등학교,시내버스 운전원,여성,5,40대,경기도,고졸
6162,c919bcd85ba94645b6c9787d79289ef4,여자,44,서울,고등학교,하역 및 적재 관련 단순 종사원,여성,5,40대,서울특별시,고졸
6163,4d6da2c73623498fbb988501cbea05ef,여자,46,경기,4년제 대학교,투자 권유 대행인,여성,5,40대,경기도,대졸
6164,c725bb4fa30c45fc934efc75eae58dd2,여자,48,경기,4년제 대학교,회계 사무원,여성,5,40대,경기도,대졸
6165,2bbe8300b08646fabd49a5a407485bd4,여자,42,경기,4년제 대학교,무직,여성,5,40대,경기도,대졸
6166,ff2ea4bc39f94361aa5abd63bd2f961d,여자,44,경상남,4년제 대학교,웹 운영자,여성,5,40대,경상남도,대졸
6167,a43c20d42c8842c6ab82a493eb3ffdd5,여자,49,경기,4년제 대학교,공공행정 사무원,여성,5,40대,경기도,대졸
6168,00e5a95977984c8aa1690155e42a9ec9,여자,49,서울,고등학교,그 외 고객 상담 사무원,여성,5,40대,서울특별시,고졸
6169,bb2d9a492e9e495fad25cec9101f2440,여자,42,서울,고등학교,무직,여성,5,40대,서울특별시,고졸
6170,ee7455b82f1047639a1b15e9687d8341,여자,42,경상남,고등학교,주방 보조원,여성,5,40대,경상남도,고졸
6171,30e9ff3f690c4e98999695eec9299b61,여자,43,경기,고등학교,그 외 기능 관련 종사원,여성,5,40대,경기도,고졸
6172,df7f7e38c1464d1ea459997f8a6491ce,여자,44,서울,고등학교,사회 교사,여성,5,40대,서울특별시,고졸
6173,e75dc79ccb724944a3a19fdbfb0a0e90,여자,42,강원,4년제 대학교,정부행정 전문가,여성,5,40대,강원특별자치도,대졸
6174,13a652750a7745c4857fb2890cc30c33,여자,45,경상북,고등학교,음료 서비스 종사원,여성,5,40대,경상북도,고졸
6175,2025c224798e4c81a4c465f330d6c771,여자,40,서울,2~3년제 전문대학,경리 사무원,여성,5,40대,서울특별시,전문대졸
6176,c85754959d9c496db020e5eaa857949d,여자,41,세종,고등학교,가스 점검원,여성,5,40대,세종특별자치시,고졸
6177,47ce217fef744f14873c196ebad8284f,여자,40,서울,대학원,그 외 도시 및 교통 관련 전문가,여성,5,40대,서울특별시,대학원졸
6178,c2ce10f99dd74f7bb93a44f17d6dc94c,여자,45,울산,고등학교,요양 보호사,여성,5,40대,울산광역시,고졸
6179,e890593282a24f8980e61f232073c25f,여자,40,인천,4년제 대학교,무직,여성,5,40대,인천광역시,대졸
6180,b980063a86ec480f9cb6e2548b1ac216,여자,47,경기,대학원,마케팅 전문가,여성,5,40대,경기도,대학원졸
6181,ed501cfbe9f7448cbcd0fd04978aa25e,여자,42,경기,대학원,농약·비료 기술자 및 연구원,여성,5,40대,경기도,대학원졸
6182,1ab415dfae514a19995de6f6dff39773,여자,41,경기,고등학교,그 외 공업기계 설치 및 정비원,여성,5,40대,경기도,고졸
6183,025ee0afbff64bca9db7def7789cbfcf,여자,44,강원,4년제 대학교,소규모 상점 일선 관리 종사원,여성,5,40대,강원특별자치도,대졸
6184,7e71fd03d5ab4d9bbea890bd711122d4,여자,43,대구,2~3년제 전문대학,무직,여성,5,40대,대구광역시,전문대졸
6185,e37148a3fbe24279abaa7e659148429a,여자,42,경상남,2~3년제 전문대학,통계 사무원,여성,5,40대,경상남도,전문대졸
6186,6bb15bbeb5dd418b85b9ef390e31d2e5,여자,46,서울,고등학교,한식 조리사,여성,5,40대,서울특별시,고졸
6187,419f311b1fa647d6849ab07679fa92c3,여자,47,대구,4년제 대학교,치과위생사,여성,5,40대,대구광역시,대졸
6188,344f17a62e7f43b7af77eb04e85d515c,여자,47,대구,고등학교,주방 보조원,여성,5,40대,대구광역시,고졸
6189,86d0333cc46142a3ab4d789d5b1f3617,여자,40,부산,4년제 대학교,상담 전문가,여성,5,40대,부산광역시,대졸
6190,430d6504a32544c48df5f8c30937fba1,여자,46,경기,2~3년제 전문대학,공공행정 사무원,여성,5,40대,경기도,전문대졸
6191,f8758fe436ad4f99961d15d4d4539f30,여자,41,서울,2~3년제 전문대학,그 외 법률 관련 사무원,여성,5,40대,서울특별시,전문대졸
6192,ef76868e618843a5b9ebdefdd2b6fd38,여자,49,인천,고등학교,양장 제조원,여성,5,40대,인천광역시,고졸
6193,44f82b21502549d3beb30d69f5a22a74,여자,44,경기,고등학교,건물 청소원,여성,5,40대,경기도,고졸
6194,bc5e9bb37abc4e69bf1053a4310e0cd4,여자,46,경기,고등학교,건물 청소원,여성,5,40대,경기도,고졸
6195,ac700765d8a947b4a579fc6dd4911311,여자,42,경기,2~3년제 전문대학,회계 사무원,여성,5,40대,경기도,전문대졸
6196,01604ba90c6f4efbba3a65fbca7d2433,여자,44,경기,4년제 대학교,교육 및 훈련 사무원,여성,5,40대,경기도,대졸
6197,6cfd638da223426f85ab6e15cf50a1e4,여자,42,경기,4년제 대학교,그 외 상점 판매원,여성,5,40대,경기도,대졸
6198,4e3400fc29924f8d844029e3e7eb9bc9,여자,45,서울,2~3년제 전문대학,전화 상담원,여성,5,40대,서울특별시,전문대졸
6199,05d34255748642cf8d05133bc79fc136,여자,40,대구,고등학교,육군 부사관,여성,5,40대,대구광역시,고졸
6200,e0a8290e08034cf39cc3bece3e4d2755,여자,49,울산,2~3년제 전문대학,한식 조리사,여성,5,40대,울산광역시,전문대졸
6201,bd96c841693b4cdf85a24d396d272add,여자,45,부산,4년제 대학교,일반 한의사,여성,5,40대,부산광역시,대졸
6202,d37c13a1e5614cf2be9070f6f59a9642,여자,43,경상남,고등학교,밑반찬 제조 종사원,여성,5,40대,경상남도,고졸
6203,48fd51a9701142aab2b505d64398ecef,여자,42,서울,대학원,체육 및 그 외 분야 교수,여성,5,40대,서울특별시,대학원졸
6204,c922b01d0b264657b715ee46c1dc5fe9,여자,41,대전,2~3년제 전문대학,그 외 기능 관련 종사원,여성,5,40대,대전광역시,전문대졸
6205,db8a18e3cf4c4050a0b55b2b9b928447,여자,49,부산,4년제 대학교,보육교사,여성,5,40대,부산광역시,대졸
6206,93cbb8329622402c98f1a7637cc7c605,여자,40,경상남,2~3년제 전문대학,머시닝센터 조작원,여성,5,40대,경상남도,전문대졸
6207,128f23cc3ef742fb85801398089f326e,여자,43,서울,고등학교,전화 상담원,여성,5,40대,서울특별시,고졸
6208,20e90c45ddb8439989efa540ba0bf234,여자,47,서울,4년제 대학교,무직,여성,5,40대,서울특별시,대졸
6209,940e28ba23904500aad2a67298cfc8e9,여자,40,충청남,2~3년제 전문대학,화장품 판매원,여성,5,40대,충청남,전문대졸
6210,9a9e2f16411443f89b17e88172868d25,여자,46,전라남,고등학교,무직,여성,5,40대,전라남,고졸
6211,a00d9f47c52e44e69ed6572c6b9af6da,여자,41,서울,고등학교,그 외 상점 판매원,여성,5,40대,서울특별시,고졸
6212,eb5c5757f27740598d18495615c3aa3e,여자,49,서울,4년제 대학교,무직,여성,5,40대,서울특별시,대졸
6213,7c939ddbe8ff4133a7d92fc183d92e78,여자,47,경기,2~3년제 전문대학,예체능 교사,여성,5,40대,경기도,전문대졸
6214,e879b7c1716044728e9e170ee882e582,여자,42,경상북,고등학교,지방행정 사무원,여성,5,40대,경상북도,고졸
6215,1febbd49d1d445298a3d88c1743f7649,여자,42,전라남,4년제 대학교,조사 전문가,여성,5,40대,전라남,대졸
6216,51a412d160524a5a90b4a7f418fab506,여자,47,대전,2~3년제 전문대학,고속철 기관사,여성,5,40대,대전광역시,전문대졸
6217,d087354f48ee46d3b09fc2d123b70eac,여자,44,인천,4년제 대학교,지방행정 사무원,여성,5,40대,인천광역시,대졸
6218,bcd3205d016243b0837deabf7bc13f0c,여자,40,경상북,2~3년제 전문대학,소규모 상점 경영자,여성,5,40대,경상북도,전문대졸
6219,45130e7857fb477d94bf2a86551139b5,여자,45,전라남,대학원,무직,여성,5,40대,전라남,대학원졸
6220,73d753148e5f477ebd30f9abad8c3f57,여자,49,서울,대학원,범용 소프트웨어 프로그래머,여성,5,40대,서울특별시,대학원졸
6221,61471b9fd2d348309f9818964f035726,여자,41,경기,고등학교,그 외 기능 관련 종사원,여성,5,40대,경기도,고졸
6222,0ee0b62dde854ed19a13db697a8d5c00,여자,43,경상남,2~3년제 전문대학,유치원 교사,여성,5,40대,경상남도,전문대졸
6223,4bed5eb4d1cb4255a7d96909a32c556b,여자,41,경기,2~3년제 전문대학,무직,여성,5,40대,경기도,전문대졸
6224,492d22e4547249babefb6e4fa37e6d9e,여자,49,부산,중학교,건물 청소원,여성,5,40대,부산광역시,중졸
6225,e43be11b63914ecabba6922725becb4c,여자,45,전라남,고등학교,무직,여성,5,40대,전라남,고졸
6226,261f8a23d4034c81af475d5157fc471d,여자,44,경상남,2~3년제 전문대학,데이터 분석가,여성,5,40대,경상남도,전문대졸
6227,6be9977a8cf54597b6979fad01051684,여자,43,광주,4년제 대학교,마케팅 전문가,여성,5,40대,광주광역시,대졸
6228,160e5d2ff8fd4ba9aeace5de37f74cb5,여자,46,경기,대학원,보육교사,여성,5,40대,경기도,대학원졸
6229,c6f18774afdf42f8a5d92f38546b8de1,여자,45,경기,중학교,그 외 제분 및 도정 관련 기계 조작원,여성,5,40대,경기도,중졸
6230,1216e248940d4372812dafd53d9870d9,여자,49,서울,4년제 대학교,그 외 기계공학 기술자 및 연구원,여성,5,40대,서울특별시,대졸
6231,d3a69672dc2048989789b623d136b6a3,여자,41,인천,2~3년제 전문대학,정보 시스템 운영자,여성,5,40대,인천광역시,전문대졸
6232,6effc34c36f141f184d6abd3d0187fb7,여자,43,경기,고등학교,무직,여성,5,40대,경기도,고졸
6233,bf3cbd1ac0e341acab816e36e39116e8,여자,47,대전,고등학교,주차 관리원,여성,5,40대,대전광역시,고졸
6234,41c8d45df9f04c499515333b1462084c,여자,45,경기,4년제 대학교,무직,여성,5,40대,경기도,대졸
6235,775b84f537ee4e58a8d3799cb5a0cfee,여자,46,경상남,고등학교,회계 사무원,여성,5,40대,경상남도,고졸
6236,1f5d42992e5e406081c6eb5456797ad4,여자,45,강원,고등학교,음식 서비스 종사원,여성,5,40대,강원특별자치도,고졸
6237,860074a830e24c3a8b378253c315da3b,여자,46,부산,4년제 대학교,사무 보조원,여성,5,40대,부산광역시,대졸
6238,361fc26f1c49423087b9bddccaa4d61e,여자,48,경상북,대학원,교통 계획 및 설계가,여성,5,40대,경상북도,대학원졸
6239,5a31e4b01e8b455f818408e2c495052e,여자,48,서울,고등학교,"전직 그 외 돌봄 및 보건 서비스 종사원, 현재 구직중",여성,5,40대,서울특별시,고졸
6240,9c5d8df872554bb2aa260dd2b83e7365,여자,46,경상남,2~3년제 전문대학,사무 보조원,여성,5,40대,경상남도,전문대졸
6241,987ad63f36c34af7993c0e05f28e5abb,여자,43,서울,4년제 대학교,무직,여성,5,40대,서울특별시,대졸
6242,788aaffbe4f3426fb5b42ea9c7175684,여자,49,경상북,4년제 대학교,무직,여성,5,40대,경상북도,대졸
6243,df77d07fe1dc4bc5959f3e2ba63fcb7c,여자,46,울산,2~3년제 전문대학,출납 창구 사무원,여성,5,40대,울산광역시,전문대졸
6244,9d0906e0c5da436392865770e3348428,여자,44,부산,고등학교,무직,여성,5,40대,부산광역시,고졸
6245,ac8871f4a6534334906a0bb1ecb768a4,여자,48,경기,고등학교,무직,여성,5,40대,경기도,고졸
6246,47dd104034f04eb2aa3f38e9fe515c87,여자,45,경기,고등학교,지게차 운전원,여성,5,40대,경기도,고졸
6247,90b6a09d71ca4628acea966f563d3a0b,여자,44,경기,2~3년제 전문대학,금형원,여성,5,40대,경기도,전문대졸
6248,65831a46751e49d2ba4c6996836bef2c,여자,43,대구,4년제 대학교,치과 일반 의사,여성,5,40대,대구광역시,대졸
6249,275b42ee90434808a54bf68549c54fe0,여자,40,경기,고등학교,무직,여성,5,40대,경기도,고졸
6250,c1a596fe9fe049b2848face948d71f19,여자,45,전라남,고등학교,건물 청소원,여성,5,40대,전라남,고졸
6251,6b9b0ed4354c4d94a59c05bfa6b6ca9b,여자,48,충청남,고등학교,건축 제도사,여성,5,40대,충청남,고졸
6252,226bcacef39b4ee78b2b42567dc9e17f,여자,41,경기,중학교,골프장 캐디,여성,5,40대,경기도,중졸
6253,e439f4729f5d45bf89d13f31e39a9d6e,여자,46,부산,고등학교,무직,여성,5,40대,부산광역시,고졸
6254,99c1401429cc4378b61841ef88e9065c,여자,48,서울,4년제 대학교,일반 비서,여성,5,40대,서울특별시,대졸
6255,5750aa3f9e01440e9220b720f3acb0e9,여자,47,부산,2~3년제 전문대학,무직,여성,5,40대,부산광역시,전문대졸
6256,bb1749114af34d7e8fd879a51cc0905f,여자,47,서울,고등학교,건물 청소원,여성,5,40대,서울특별시,고졸
6257,85b494984850494e9ee823f9a12a515c,여자,45,울산,2~3년제 전문대학,관리 비서,여성,5,40대,울산광역시,전문대졸
6258,edbfba6b49ba40d5a92a77cb651fbab6,여자,44,충청북,4년제 대학교,무직,여성,5,40대,충청북,대졸
6259,a18f04b2faf44ce1a93fb09327425273,여자,49,전북,고등학교,경리 사무원,여성,5,40대,전북특별자치도,고졸
6260,a9d8e50a78ae419599653bd2e0946f1e,여자,43,경기,2~3년제 전문대학,일반 비서,여성,5,40대,경기도,전문대졸
6261,18fac4f2df4243428529f8cab3c19757,여자,45,서울,고등학교,한식 조리사,여성,5,40대,서울특별시,고졸
6262,453e2cfad07d4b9fa28ffd121797a588,여자,49,경기,4년제 대학교,바텐더,여성,5,40대,경기도,대졸
6263,fa4e883aa79c43e0855f5c4c42779985,여자,41,경기,4년제 대학교,위험 관리원,여성,5,40대,경기도,대졸
6264,47c6b8f2b4294eccb5fbe24794f77a7a,여자,45,경상북,2~3년제 전문대학,상담 전문가,여성,5,40대,경상북도,전문대졸
6265,f93c5ad7162f46b5835700ae71867499,여자,44,전북,고등학교,수학 교사,여성,5,40대,전북특별자치도,고졸
6266,3c675833ba4a45f388ba3095f31c7e7f,여자,49,경상남,고등학교,그 외 상점 판매원,여성,5,40대,경상남도,고졸
6267,d143c6765e5440208fc7e0168f70c7c7,여자,44,서울,고등학교,무직,여성,5,40대,서울특별시,고졸
6268,d702b56c19774a0fb38ab203d6944814,여자,49,부산,2~3년제 전문대학,일반 비서,여성,5,40대,부산광역시,전문대졸
6269,2b2b510c68094a689fbf059ff7d949a0,여자,46,경기,고등학교,"전직 건물 내 전기 설치 및 정비원, 현재 구직중",여성,5,40대,경기도,고졸
6270,e30b8dd364cf430680178d47e8f0285a,여자,47,서울,4년제 대학교,무직,여성,5,40대,서울특별시,대졸
6271,10bff631af35423ca9b16c04c49c1127,여자,41,대구,4년제 대학교,시멘트공학 기술자 및 연구원,여성,5,40대,대구광역시,대졸
6272,d4cbda4110964cb6b88f62f042ab47ec,여자,49,전북,고등학교,사무 보조원,여성,5,40대,전북특별자치도,고졸
6273,3ae8906856c5477d85210729cea9bc7d,여자,44,인천,고등학교,사무 보조원,여성,5,40대,인천광역시,고졸
6274,fac6647dbd254696b8b103b5119b85cd,여자,41,대구,고등학교,무직,여성,5,40대,대구광역시,고졸
6275,715a7c9fe7894a719b92cea5fee95af4,여자,45,경기,고등학교,사무 보조원,여성,5,40대,경기도,고졸
6276,11d8f5854c434619ba0ef7cd7c04d7b3,여자,49,경상남,고등학교,"전직 신발 및 액세서리 판매원, 현재 구직중",여성,5,40대,경상남도,고졸
6277,445030ce21c94bd19723ed35544fee3b,여자,45,서울,고등학교,떡 제조원,여성,5,40대,서울특별시,고졸
6278,06437b9954c14d68a410ffe534f10474,여자,41,경기,2~3년제 전문대학,관리 비서,여성,5,40대,경기도,전문대졸
6279,b8b8282397d64b1bafbaae77543989f4,여자,49,경기,고등학교,무직,여성,5,40대,경기도,고졸
6280,c3d8c22c6a0549869669271414f31104,여자,48,경기,4년제 대학교,온라인 쇼핑 판매원,여성,5,40대,경기도,대졸
6281,a21a1a280ba24ab38eba43457abd1855,여자,43,광주,2~3년제 전문대학,데이터 설계 및 프로그래머,여성,5,40대,광주광역시,전문대졸
6282,78435e4c7a864104a1edb7734a4638b2,여자,49,부산,4년제 대학교,사무 보조원,여성,5,40대,부산광역시,대졸
6283,1b0e0c75d92a4712bd0016039a553988,여자,42,서울,4년제 대학교,무직,여성,5,40대,서울특별시,대졸
6284,f1fa5965384845928705cdc156d7ab20,여자,44,충청북,2~3년제 전문대학,교육 및 훈련 사무원,여성,5,40대,충청북,전문대졸
6285,6f44231b6cce443e96fcf5ddcb604649,여자,41,경기,고등학교,유치원 교사,여성,5,40대,경기도,고졸
6286,306fc32c98644d038319cf51ba2c9a85,여자,40,서울,4년제 대학교,매장 정리원,여성,5,40대,서울특별시,대졸
6287,80eef1c5e33d47b2846efbcfbac356c9,여자,43,경기,대학원,대학 행정조교,여성,5,40대,경기도,대학원졸
6288,8a5aab23f22c4b2b82fb44c4ef3a8b85,여자,42,충청북,대학원,경영 기획 사무원,여성,5,40대,충청북,대학원졸
6289,13ab36f5d79c4282849d036f969f26ce,여자,43,광주,4년제 대학교,데이터 설계 및 프로그래머,여성,5,40대,광주광역시,대졸
6290,0d22863977fd40e1b5b331cfc2489b1e,여자,40,서울,2~3년제 전문대학,유치원 교사,여성,5,40대,서울특별시,전문대졸
6291,19b3269fbebb49b48ac16266329362b0,여자,41,경기,2~3년제 전문대학,데이터 설계 및 프로그래머,여성,5,40대,경기도,전문대졸
6292,97c3fdb3e15b43ddada6d22d205d85d9,여자,43,경기,고등학교,한식 조리사,여성,5,40대,경기도,고졸
6293,f8bec4b373c6429b9b0649d5c611d06f,여자,47,제주,4년제 대학교,무직,여성,5,40대,제주특별자치도,대졸
6294,fe960928a273423ab169fcad1f70b659,여자,41,경기,4년제 대학교,무직,여성,5,40대,경기도,대졸
6295,2e204e28c0344c008d8b8314236b21e5,여자,47,울산,고등학교,건설 단순 종사원,여성,5,40대,울산광역시,고졸
6296,f586d21fe01f4d2b857e2d71295f6001,여자,48,서울,4년제 대학교,제빵사 및 제과원,여성,5,40대,서울특별시,대졸
6297,880d515b9b764bdeb1a5d99852412c3b,여자,49,서울,4년제 대학교,무직,여성,5,40대,서울특별시,대졸
6298,2e10b17712374ffdb87731c2f7052d2f,여자,47,충청북,고등학교,석재 부설원,여성,5,40대,충청북,고졸
6299,50aa55de51b44a0da7fd42d1761c00f6,여자,49,경기,2~3년제 전문대학,그 외 법률 관련 사무원,여성,5,40대,경기도,전문대졸
6300,bdd2df4218bb4534973c9e00ed438d94,여자,41,인천,고등학교,무직,여성,5,40대,인천광역시,고졸
6301,c0f7fc2667d243f3abc4ab854491554c,여자,45,경기,2~3년제 전문대학,무직,여성,5,40대,경기도,전문대졸
6302,3f400a9f8d934eb78514060a92422ae2,여자,41,경기,2~3년제 전문대학,금형원,여성,5,40대,경기도,전문대졸
6303,6ac6c03aa93b4c518d277e708233acea,여자,40,경기,4년제 대학교,기업 고위 임원,여성,5,40대,경기도,대졸
6304,12134442b68246e0ade5ac0948caf122,여자,40,전북,4년제 대학교,무직,여성,5,40대,전북특별자치도,대졸
6305,130e4fa6548a45229d322d574f1c4515,여자,49,광주,4년제 대학교,국가행정 사무원,여성,5,40대,광주광역시,대졸
6306,498a26bf86844324b812d19dc38b0a3a,여자,46,강원,2~3년제 전문대학,무직,여성,5,40대,강원특별자치도,전문대졸
6307,c1e760ac4d13421d90dcba13110cbc10,여자,40,서울,4년제 대학교,해외 영업원,여성,5,40대,서울특별시,대졸
6308,7a262370090c499d8a50f34a425da031,여자,49,경기,고등학교,화학기계 설치 및 정비원,여성,5,40대,경기도,고졸
6309,a743f505c3784a45ba042f59a654c7cb,여자,41,경기,고등학교,통신장비 기사,여성,5,40대,경기도,고졸
6310,517f5c7c6229490e9655fa60072ea591,여자,43,경기,4년제 대학교,일반 비서,여성,5,40대,경기도,대졸
6311,5f00e8da290845d9a67f527d6f636853,여자,45,경상북,4년제 대학교,무직,여성,5,40대,경상북도,대졸
6312,05c0047a8df24749b18e635c8b26a4e3,여자,42,부산,대학원,무직,여성,5,40대,부산광역시,대학원졸
6313,695d3649c3c34db8bcf997ff79be951f,여자,43,경기,고등학교,무직,여성,5,40대,경기도,고졸
6314,d52deb6a42da404d9489160333a52380,여자,41,부산,고등학교,매장 계산원,여성,5,40대,부산광역시,고졸
6315,4edcc502936a438d89acbdbcb4ab0d42,여자,44,경기,4년제 대학교,무직,여성,5,40대,경기도,대졸
6316,8da8a5eca4c94f5aaab15a8e2e28bc56,여자,49,경기,고등학교,노인 및 장애인 돌봄 서비스 종사원,여성,5,40대,경기도,고졸
6317,43d593eabc7341cabbcfecdbc970c218,여자,49,충청남,4년제 대학교,의무 기록사,여성,5,40대,충청남,대졸
6318,f14388edb2a442ce90af9e18d3ecf199,여자,46,경상북,고등학교,바텐더,여성,5,40대,경상북도,고졸
6319,b5617fc0cde942c08089b8b5d30d7dbf,여자,46,충청북,고등학교,담배 제조 관련 기계 조작원,여성,5,40대,충청북,고졸
6320,324f9673784645c4af367e5cba209cfc,여자,45,충청남,고등학교,무직,여성,5,40대,충청남,고졸
6321,82d4373dee7b47d59b540c594648531b,여자,45,서울,고등학교,주방 보조원,여성,5,40대,서울특별시,고졸
6322,4de17ee1c5e9477fa70c9ce6deeb02b8,여자,49,인천,고등학교,무직,여성,5,40대,인천광역시,고졸
6323,1796bad348c647c29133a3b59367f884,여자,49,충청남,대학원,무직,여성,5,40대,충청남,대학원졸
6324,eb45e9f1ef324dc49e7a89673cc13771,여자,43,경기,고등학교,무직,여성,5,40대,경기도,고졸
6325,1efc0cd986e44c8e998a372e46eb23cd,여자,42,서울,4년제 대학교,마케팅 전문가,여성,5,40대,서울특별시,대졸
6326,b319dd429b8244afa897b5ec3ce10c43,여자,45,경기,고등학교,무직,여성,5,40대,경기도,고졸
6327,1eaceaa12fc24b1793d744e00da8ec35,여자,48,경기,고등학교,그 외 화학물 가공 장치 조작원,여성,5,40대,경기도,고졸
6328,bdbf591419fa49baa84c29451f4e344a,여자,41,인천,4년제 대학교,무직,여성,5,40대,인천광역시,대졸
6329,f0338874ffca407f98c96c4dbba4dd9f,여자,42,대전,고등학교,플라스틱 압출기 조작원,여성,5,40대,대전광역시,고졸
6330,4a9e2c90324c41abac5841ecde46d6fd,여자,49,경상북,고등학교,그 외 건설 관련 기능 종사원,여성,5,40대,경상북도,고졸
6331,31275a249ad744c482b58eca88dd6adf,여자,48,충청북,고등학교,금형원,여성,5,40대,충청북,고졸
6332,5276e89dd7af4dccbda13bc15740d732,여자,44,대구,4년제 대학교,그 외 중·고등학교 교사,여성,5,40대,대구광역시,대졸
6333,4a23407e82a84238be4271d14eaee33c,여자,47,대구,고등학교,무직,여성,5,40대,대구광역시,고졸
6334,87e980df55514875bab2eaeb4dae6db2,여자,41,경기,2~3년제 전문대학,하역 및 적재 관련 단순 종사원,여성,5,40대,경기도,전문대졸
6335,2c12e338a02d42e0a2dcad684b16ade6,여자,46,경상북,고등학교,주방 보조원,여성,5,40대,경상북도,고졸
6336,a3caa5250c094e2e8728133008c4f7d5,여자,43,경기,2~3년제 전문대학,지게차 운전원,여성,5,40대,경기도,전문대졸
6337,fc83b4ca7e4d4e48aeeba3ccba6ab65a,여자,42,충청남,고등학교,그 외 법률 관련 사무원,여성,5,40대,충청남,고졸
6338,a91f5e4b2c40433283ee778d940053b0,여자,45,경상남,2~3년제 전문대학,전시 및 시설 견학 안내원,여성,5,40대,경상남도,전문대졸
6339,8054aec8920f4d91be70fc262d139dd8,여자,40,경상남,대학원,영업 관리 사무원,여성,5,40대,경상남도,대학원졸
6340,72845ead8db24c9fa24552c99d3d7a25,여자,41,경상남,2~3년제 전문대학,경리 사무원,여성,5,40대,경상남도,전문대졸
6341,eef77f9dd693489f9aeedff3ac1aa05f,여자,46,서울,4년제 대학교,지방행정 사무원,여성,5,40대,서울특별시,대졸
6342,b2d9a1915c1443d098bb8eb26a9b19a3,여자,46,경기,4년제 대학교,그 외 법률 관련 사무원,여성,5,40대,경기도,대졸
6343,5e8ee49a173e4226a49a2e59b8146969,여자,49,경상북,4년제 대학교,장학관 및 장학사,여성,5,40대,경상북도,대졸
6344,37685012b5fc4334a60827524a2ab128,여자,41,부산,4년제 대학교,공공행정 사무원,여성,5,40대,부산광역시,대졸
6345,06ff65251c6143569b10b769c1224df6,여자,44,충청남,고등학교,출판 및 자료편집 사무원,여성,5,40대,충청남,고졸
6346,0ee3fce5b88f451f952fcf3604d77c2e,여자,43,서울,고등학교,마케팅 전문가,여성,5,40대,서울특별시,고졸
6347,241b89898c1e499b8ddd1932c7878e47,여자,49,대구,2~3년제 전문대학,자연과학·수학 및 통계학 교수,여성,5,40대,대구광역시,전문대졸
6348,b509bdc853dd43a1a3c1737809db0069,여자,44,서울,2~3년제 전문대학,그 외 피부 및 체형 관리 종사원,여성,5,40대,서울특별시,전문대졸
6349,16a9cf93669e4ac98af4348b3fcb4ee5,여자,45,대전,고등학교,그 외 상점 판매원,여성,5,40대,대전광역시,고졸
6350,e77add3b7aea4be1ab85d748f2026a23,여자,44,경기,고등학교,무직,여성,5,40대,경기도,고졸
6351,69ac31c0d73a4aa795eac3fda699effc,여자,42,대구,4년제 대학교,영업 관리 사무원,여성,5,40대,대구광역시,대졸
6352,b1f6cf1fac0849d885cb1dc05ed080c4,여자,41,경기,2~3년제 전문대학,무직,여성,5,40대,경기도,전문대졸
6353,72ca74b4b7fb45c098f62b629d098cbc,여자,44,강원,고등학교,무직,여성,5,40대,강원특별자치도,고졸
6354,d82bc0b6f51c4515aecc13de9f8db027,여자,43,경기,4년제 대학교,무직,여성,5,40대,경기도,대졸
6355,0dc9e8e2bc6341deb4120b443222930f,여자,48,경상남,4년제 대학교,일반영양사,여성,5,40대,경상남도,대졸
6356,21b700fb4e4a41d1bd792dc0cfb0f6dc,여자,48,서울,4년제 대학교,교육 및 훈련 사무원,여성,5,40대,서울특별시,대졸
6357,b97bfee962384004babb5696fe659444,여자,41,서울,고등학교,무직,여성,5,40대,서울특별시,고졸
6358,31b0604187244e98917d3ce8bc5f64d2,여자,46,서울,4년제 대학교,모바일 애플리케이션 프로그래머,여성,5,40대,서울특별시,대졸
6359,5b9a9de2ffc74db0affed0ae2cf80211,여자,44,경기,4년제 대학교,보육교사,여성,5,40대,경기도,대졸
6360,1956a7e421904f2db8de5dd8ed35c860,여자,46,경상남,4년제 대학교,무직,여성,5,40대,경상남도,대졸
6361,150119929e8b4337bc0941c1ab8af7cb,여자,49,부산,4년제 대학교,무직,여성,5,40대,부산광역시,대졸
6362,c0688178537c4ee3a945c98032a65051,여자,40,경기,2~3년제 전문대학,호송 경비원,여성,5,40대,경기도,전문대졸
6363,601f8276b9e5459594de2b0360640acc,여자,42,충청북,고등학교,데이터 분석가,여성,5,40대,충청북,고졸
6364,df3f215446e543279dd9db7ab5fbe65c,여자,47,경기,4년제 대학교,광고 전문가,여성,5,40대,경기도,대졸
6365,4b218ea3bf554fe9970ded8086b27bcc,여자,49,부산,고등학교,무직,여성,5,40대,부산광역시,고졸
6366,d43da74e2c3a44b8a41dce2fdab2123f,여자,46,경기,고등학교,음식료품 판매원,여성,5,40대,경기도,고졸
6367,9e89bdfd2b024e1da0fc3d283910065f,여자,43,서울,4년제 대학교,한복 제조원,여성,5,40대,서울특별시,대졸
6368,a7b3c34040ad4cf395ff5dfbe4069cae,여자,58,광주,고등학교,무직,여성,6,50대,광주광역시,고졸
6369,7bb84b45d649428ba6690cbf55f03c99,여자,58,충청북,중학교,상표 부착기 조작원,여성,6,50대,충청북,중졸
6370,ae20ad2dba1c45a0af255d48dc634959,여자,50,충청남,고등학교,건물 청소원,여성,6,50대,충청남,고졸
6371,07ffae89cebc49698a622548c0f4dbc9,여자,51,인천,고등학교,경리 사무원,여성,6,50대,인천광역시,고졸
6372,bbb11d8f16e64de68caf064d9eb44233,여자,53,전라남,4년제 대학교,의류 판매원,여성,6,50대,전라남,대졸
6373,e8d32d30686f401d949c2aa3971c7b3f,여자,57,강원,2~3년제 전문대학,경리 사무원,여성,6,50대,강원특별자치도,전문대졸
6374,ebf319370e964d718c851ef00944fe6e,여자,55,울산,4년제 대학교,무직,여성,6,50대,울산광역시,대졸
6375,bccb67ca03bf4a0a91defc0ffe07f2f0,여자,51,전라남,중학교,건물 청소원,여성,6,50대,전라남,중졸
6376,1419b510522d4875a8e542108c8110f3,여자,55,전북,고등학교,그 외 기능 관련 종사원,여성,6,50대,전북특별자치도,고졸
6377,80105c8597e44dd48f363b36b3e47af2,여자,59,부산,고등학교,그 외 기능 관련 종사원,여성,6,50대,부산광역시,고졸
6378,c36b423a868947d59b4632f09e95975f,여자,52,서울,고등학교,철도운송 관련 종사원,여성,6,50대,서울특별시,고졸
6379,092550588f1a4396a71ffc17752382d6,여자,52,경기,고등학교,무직,여성,6,50대,경기도,고졸
6380,f8e6a8a80778470bb398f3c365ddc630,여자,57,경상남,2~3년제 전문대학,그 외 상점 판매원,여성,6,50대,경상남도,전문대졸
6381,676578a97b72401497780523bbdf9739,여자,55,강원,2~3년제 전문대학,건물 청소원,여성,6,50대,강원특별자치도,전문대졸
6382,80e47286455e4aeeb26f1b69246a6211,여자,58,부산,4년제 대학교,무직,여성,6,50대,부산광역시,대졸
6383,2cf455d055c048b392a17ecce554f202,여자,54,서울,고등학교,그 외 경호 및 보안 관련 종사원,여성,6,50대,서울특별시,고졸
6384,d6fea822ebd7428197e06dbb38217acb,여자,58,경상북,중학교,건물 경비원,여성,6,50대,경상북도,중졸
6385,657be3471a5f4af3a5abddc92da01cd5,여자,53,경기,4년제 대학교,학습지 방문강사,여성,6,50대,경기도,대졸
6386,23ae8aa3b8cc442992598ca0550e82fc,여자,58,서울,4년제 대학교,보육교사,여성,6,50대,서울특별시,대졸
6387,7d5a6fa242b348c19ce0b01a6ee5842e,여자,55,충청남,4년제 대학교,마케팅 관리자,여성,6,50대,충청남,대졸
6388,0d7153387d8e45e48a054bc5cd799549,여자,55,경기,고등학교,한식 조리사,여성,6,50대,경기도,고졸
6389,fc90c71cd44c45478c218aaf36663cd0,여자,55,서울,고등학교,노인 및 장애인 돌봄 서비스 종사원,여성,6,50대,서울특별시,고졸
6390,b6fdf1adce2f4c37bb64e6fc02b0c9f6,여자,59,경기,고등학교,건물 청소원,여성,6,50대,경기도,고졸
6391,fde1294cbf4d499497a042f59ca4400b,여자,55,부산,고등학교,무직,여성,6,50대,부산광역시,고졸
6392,77a81c3c459344a7a0ec363a354e1723,여자,53,충청남,고등학교,경리 사무원,여성,6,50대,충청남,고졸
6393,0acabebeddd94660948d435f33eb4fa8,여자,54,광주,4년제 대학교,경영 기획 사무원,여성,6,50대,광주광역시,대졸
6394,d7b14affc08143b0bf6ea22e5976f7ab,여자,50,대전,대학원,성악가,여성,6,50대,대전광역시,대학원졸
6395,a149139b05f34950b66081dd890bd31c,여자,59,서울,고등학교,사무 보조원,여성,6,50대,서울특별시,고졸
6396,071c570f92de420198d19442f179d4d1,여자,59,경기,고등학교,무직,여성,6,50대,경기도,고졸
6397,27e35412deaa4369ac1c2f8979a0c349,여자,59,전라남,고등학교,지게차 운전원,여성,6,50대,전라남,고졸
6398,6bad6e1e119241d185db3885d26d79c7,여자,57,전북,2~3년제 전문대학,무직,여성,6,50대,전북특별자치도,전문대졸
6399,04d90943eabe48a893fbc856c052a224,여자,51,전북,고등학교,119 구조대원,여성,6,50대,전북특별자치도,고졸
6400,0c62e7cc29a44a6796b69ff26e966e50,여자,58,서울,고등학교,시설 경비원,여성,6,50대,서울특별시,고졸
6401,003ef71083bc4ee8b044f0c9a4cbca22,여자,52,서울,2~3년제 전문대학,사회복지사,여성,6,50대,서울특별시,전문대졸
6402,fb59c9c1d92241ffa1a4e79d0a2bf145,여자,54,전라남,4년제 대학교,일식 조리사,여성,6,50대,전라남,대졸
6403,a242473733834e259f88cf1c0b48a051,여자,51,서울,고등학교,무직,여성,6,50대,서울특별시,고졸
6404,b89bdec60a0f4a22b2a5e3c7e32aeb1f,여자,50,울산,고등학교,시내버스 운전원,여성,6,50대,울산광역시,고졸
6405,0de0f6d571b34085876ebb9f34f44fc7,여자,58,경기,고등학교,무직,여성,6,50대,경기도,고졸
6406,6d7028027fc84c7786366b667cb6a76a,여자,50,경기,고등학교,무직,여성,6,50대,경기도,고졸
6407,ee3b6485105e40f298eb97bd6149ed41,여자,57,경기,고등학교,무직,여성,6,50대,경기도,고졸
6408,783a1f16e70c46e6bc9758b6ec2f3aef,여자,58,충청북,고등학교,자동 조립라인 조작원,여성,6,50대,충청북,고졸
6409,c830c8d685d042f1b5dd0b10be39dacc,여자,51,충청북,2~3년제 전문대학,사무 보조원,여성,6,50대,충청북,전문대졸
6410,210a45629f45485d921febc9920ef171,여자,58,인천,고등학교,제빵사 및 제과원,여성,6,50대,인천광역시,고졸
6411,3b5cb271a7f54a05ab579f7b3c43847c,여자,50,경상북,고등학교,조세행정 사무원,여성,6,50대,경상북도,고졸
6412,fb8252861eb64b61ada7832569963331,여자,58,서울,4년제 대학교,무직,여성,6,50대,서울특별시,대졸
6413,766aba1d7d8440f7a3f4ddc15d9527b0,여자,53,경기,4년제 대학교,정보 시스템 운영자,여성,6,50대,경기도,대졸
6414,25b307d1b0744a589951fcb591a8f346,여자,55,강원,4년제 대학교,전화 상담원,여성,6,50대,강원특별자치도,대졸
6415,282fc2292ade4ec5be5617b33eac6652,여자,55,충청북,중학교,금속 세척기 조작원,여성,6,50대,충청북,중졸
6416,d56e4136556448cc8e5fd66262c341fe,여자,51,경기,고등학교,텔레마케터,여성,6,50대,경기도,고졸
6417,1da440c16e0d4ef5a776763f7258cf8e,여자,52,서울,고등학교,상표 부착기 조작원,여성,6,50대,서울특별시,고졸
6418,fd9e968b842b4e6cba34ccd5480d8d55,여자,57,강원,중학교,무직,여성,6,50대,강원특별자치도,중졸
6419,4656bedab5fb43f19e592fa5383072e0,여자,57,서울,고등학교,그 외 서비스 관련 단순 종사원,여성,6,50대,서울특별시,고졸
6420,749eba14cde849ce97c7e82cf4d8fc28,여자,59,전라남,고등학교,무직,여성,6,50대,전라남,고졸
6421,c263aa4cff754c4e855d6e71a27588fa,여자,50,전라남,2~3년제 전문대학,승용차 및 승합차 운전원,여성,6,50대,전라남,전문대졸
6422,a769f64890c8488da08f108a244a55e5,여자,57,강원,고등학교,무직,여성,6,50대,강원특별자치도,고졸
6423,97a49506ac0442ac9a28d55414d172f6,여자,52,부산,2~3년제 전문대학,일반 비서,여성,6,50대,부산광역시,전문대졸
6424,c7411dbccc40422ba0631a0fa26739b9,여자,59,경기,고등학교,무직,여성,6,50대,경기도,고졸
6425,43bece2b2f3a4e5faf3172970df168b3,여자,57,인천,고등학교,무직,여성,6,50대,인천광역시,고졸
6426,9ecf876e94574cbda6f4cfd15cd4666b,여자,51,경상남,고등학교,무직,여성,6,50대,경상남도,고졸
6427,0e8d672dac5443fdafa67ec2af0b617f,여자,52,경상남,고등학교,건물 청소원,여성,6,50대,경상남도,고졸
6428,8cf5b5f4afcf456b89d3bba0b2946a37,여자,59,서울,중학교,그 외 기능 관련 종사원,여성,6,50대,서울특별시,중졸
6429,f036482366dc4514ae28601b35260a94,여자,57,경기,2~3년제 전문대학,무직,여성,6,50대,경기도,전문대졸
6430,28ed700450e243fea16514d255fd935e,여자,55,충청북,고등학교,천일염 생산 종사원,여성,6,50대,충청북,고졸
6431,407fd442564a4bca917e969ffedef143,여자,55,경기,고등학교,그 외 돌봄 및 보건 서비스 종사원,여성,6,50대,경기도,고졸
6432,bd30aaf119944f2796c10598cefc82c5,여자,57,경기,2~3년제 전문대학,건물 청소원,여성,6,50대,경기도,전문대졸
6433,12ae2f49bb624db6b83116225729b75d,여자,57,광주,고등학교,무직,여성,6,50대,광주광역시,고졸
6434,490f66ff4fd74dfea4ad667f1e977820,여자,50,경상남,중학교,건물 경비원,여성,6,50대,경상남도,중졸
6435,3c4ddb54a9024568902e7c4064baf1bb,여자,58,경기,고등학교,과수작물 재배원,여성,6,50대,경기도,고졸
6436,06131f837bb54701b8376207ffe52f49,여자,55,부산,고등학교,그 외 상점 판매원,여성,6,50대,부산광역시,고졸
6437,96b4651130f9473ca7d277de43db26e0,여자,53,경기,고등학교,그 외 피부 및 체형 관리 종사원,여성,6,50대,경기도,고졸
6438,d70da5af64f4444896c0803713ea61e4,여자,56,경상북,중학교,하역 및 적재 관련 단순 종사원,여성,6,50대,경상북도,중졸
6439,0b1d1913fa7d48b09db6e5847e057162,여자,58,경기,고등학교,금형원,여성,6,50대,경기도,고졸
6440,1f70d27196544fefa3df590bb22a880e,여자,53,서울,4년제 대학교,무직,여성,6,50대,서울특별시,대졸
6441,7a0b337cd8624f868d9db0396cbe2326,여자,52,인천,4년제 대학교,무직,여성,6,50대,인천광역시,대졸
6442,b7ae35ee32e34bc49cf60dea35a7ece5,여자,55,대구,중학교,주방 보조원,여성,6,50대,대구광역시,중졸
6443,760434a7862a4c9d973a00e23ffb3ca6,여자,51,서울,고등학교,시내버스 운전원,여성,6,50대,서울특별시,고졸
6444,42d3200418064fd6883379c4f6f1f5ad,여자,59,대구,고등학교,무직,여성,6,50대,대구광역시,고졸
6445,015aa63e0b184cc6b3497fe11114b562,여자,58,서울,고등학교,그 외 일반 영업원,여성,6,50대,서울특별시,고졸
6446,8cfecd80acc24de9b513eaa7709c6ee7,여자,55,세종,고등학교,그 외 상점 판매원,여성,6,50대,세종특별자치시,고졸
6447,b88255b3140c4bdb86316d7c3345e8f7,여자,50,전북,고등학교,인조석 설치원,여성,6,50대,전북특별자치도,고졸
6448,0475df2a170741b4ad0f0394f3b51523,여자,52,울산,4년제 대학교,기업 고위 임원,여성,6,50대,울산광역시,대졸
6449,7fc7b5d12a824728aea9e57fcbcbd7ed,여자,58,경상남,중학교,무직,여성,6,50대,경상남도,중졸
6450,15310d6815df4be3ab4086aa06b7a806,여자,53,경상북,고등학교,냉난방기 관련 설비 조작원,여성,6,50대,경상북도,고졸
6451,13f72b92d8324e36a61f51efab597302,여자,56,서울,고등학교,무직,여성,6,50대,서울특별시,고졸
6452,b23ca90d5d2048f0919dccdbc97834fc,여자,53,대전,고등학교,그 외 의복 제조 관련 기능 종사원,여성,6,50대,대전광역시,고졸
6453,abc552a01d114fa1b75ecd9650d5b81d,여자,50,인천,2~3년제 전문대학,무직,여성,6,50대,인천광역시,전문대졸
6454,d73c036bc5124780a24424cc7e4bbee8,여자,56,경상북,초등학교,건물 청소원,여성,6,50대,경상북도,초졸이하
6455,979082c3abc74eff9e56bd80ef35f0c4,여자,53,경상남,고등학교,한식 조리사,여성,6,50대,경상남도,고졸
6456,7956608e82d64c3f86e4a90dd92d42c0,여자,52,경기,고등학교,무직,여성,6,50대,경기도,고졸
6457,de9edf8f01984904ab0bb613f56c7600,여자,59,서울,고등학교,주방 보조원,여성,6,50대,서울특별시,고졸
6458,c0d0271e4b78454db18c0da784299c70,여자,51,경상북,2~3년제 전문대학,주방 보조원,여성,6,50대,경상북도,전문대졸
6459,2467a0529be84aa8aeeb7ce8b351930c,여자,56,경기,고등학교,냉난방기 관련 설비 조작원,여성,6,50대,경기도,고졸
6460,93b13a914d53468782b99cd32dac4868,여자,59,서울,고등학교,경리 사무원,여성,6,50대,서울특별시,고졸
6461,c398d1171f2c4827b83b10a428511f5b,여자,58,서울,초등학교,건물 청소원,여성,6,50대,서울특별시,초졸이하
6462,e45a56f19c9847c0acfe75b63a318bfb,여자,58,인천,고등학교,무직,여성,6,50대,인천광역시,고졸
6463,0ac172a1d1a7481d811a6923557a17ca,여자,54,경기,고등학교,서적·문구 및 음반 판매원,여성,6,50대,경기도,고졸
6464,368020ac834a4c45908652ca71905c31,여자,56,울산,고등학교,전화 상담원,여성,6,50대,울산광역시,고졸
6465,83d066f474814130855131b5ecf5958b,여자,58,서울,대학원,조사 전문가,여성,6,50대,서울특별시,대학원졸
6466,32d5f4bd31eb4ddf8a17312a371bb176,여자,57,인천,중학교,건물 청소원,여성,6,50대,인천광역시,중졸
6467,56e4f7e81f4b4af69a6149013e8148bd,여자,54,부산,고등학교,무직,여성,6,50대,부산광역시,고졸
6468,85c145acb51e4988b9993cd05bff41d1,여자,53,전라남,2~3년제 전문대학,데이터 분석가,여성,6,50대,전라남,전문대졸
6469,3e40bc7d53264e6597b94f71f6db00f3,여자,50,인천,대학원,치과 일반 의사,여성,6,50대,인천광역시,대학원졸
6470,c4fc4796cdda43179d16400a6fb1f792,여자,58,경기,대학원,보육교사,여성,6,50대,경기도,대학원졸
6471,7f71a029936940eaad30cf6b779df532,여자,59,대전,고등학교,지방행정 사무원,여성,6,50대,대전광역시,고졸
6472,be721e701451479d87f33b737a88eb78,여자,51,충청남,고등학교,음식 서비스 종사원,여성,6,50대,충청남,고졸
6473,d95eaedc0566454fa255124cdf259a0c,여자,52,경기,고등학교,매장 정리원,여성,6,50대,경기도,고졸
6474,ec55778013234651858e02efcd00ad55,여자,53,경기,고등학교,무직,여성,6,50대,경기도,고졸
6475,84361c4c649d49c794f4264bbbe06054,여자,58,부산,4년제 대학교,무직,여성,6,50대,부산광역시,대졸
6476,e12e271bd41c4275b3615914710d220f,여자,53,경기,고등학교,온라인 쇼핑 판매원,여성,6,50대,경기도,고졸
6477,9995c7d25d8b4acab82babb83064ba28,여자,59,인천,고등학교,그 외 서비스 관련 단순 종사원,여성,6,50대,인천광역시,고졸
6478,b71aa6e9cc7a454a9fcad17645ec962b,여자,53,경상남,고등학교,그 외 일반 영업원,여성,6,50대,경상남도,고졸
6479,391f13777db64a1cbfb763043350538e,여자,50,경기,고등학교,주방 보조원,여성,6,50대,경기도,고졸
6480,c08a31ef63c7443d9ddf0bc25582f250,여자,54,서울,고등학교,무직,여성,6,50대,서울특별시,고졸
6481,6a1ea52c3c154683ac7f97de7cca4663,여자,52,서울,고등학교,한식 조리사,여성,6,50대,서울특별시,고졸
6482,942640d29fb9434a9e77cd5f12ea4746,여자,57,서울,고등학교,경리 사무원,여성,6,50대,서울특별시,고졸
6483,692c1847089d4e02ab8639540a5521b6,여자,54,경기,4년제 대학교,무직,여성,6,50대,경기도,대졸
6484,db1dcab011de4371ab1d361e5ffd969e,여자,50,부산,4년제 대학교,보육교사,여성,6,50대,부산광역시,대졸
6485,5017dd7f712543c6a99178943d1ed028,여자,52,대전,고등학교,한식 조리사,여성,6,50대,대전광역시,고졸
6486,584c5f50458e4ad7805182bd0259ca69,여자,57,전라남,중학교,건물 청소원,여성,6,50대,전라남,중졸
6487,d5d407c96d02454db4a1bb5d9496aab1,여자,51,경기,고등학교,무직,여성,6,50대,경기도,고졸
6488,d89b8195a84048c0b54331832077eb16,여자,54,부산,2~3년제 전문대학,무직,여성,6,50대,부산광역시,전문대졸
6489,f9a4aba660de4abf807aa3b61e75ca8b,여자,53,제주,고등학교,냉난방기 관련 설비 조작원,여성,6,50대,제주특별자치도,고졸
6490,dd1b896d178149b5a15d43d078a7a705,여자,55,울산,중학교,무직,여성,6,50대,울산광역시,중졸
6491,5695154cd6024009954dfc470696cb97,여자,59,인천,고등학교,음식 서비스 종사원,여성,6,50대,인천광역시,고졸
6492,959aec6d2a454828ade1f456033604ac,여자,56,경기,고등학교,경리 사무원,여성,6,50대,경기도,고졸
6493,d5799018dcde4884b90d5651e379c4d2,여자,58,경기,중학교,무직,여성,6,50대,경기도,중졸
6494,011e2848c8af4b3d9813c5fa30f2d07a,여자,51,충청북,고등학교,금속 세척기 조작원,여성,6,50대,충청북,고졸
6495,2fe293a957654e539386c04e5b12a12e,여자,58,경기,고등학교,음료 서비스 종사원,여성,6,50대,경기도,고졸
6496,760c5c9e216149bca3c2d1ef4d08a97f,여자,56,경기,중학교,무직,여성,6,50대,경기도,중졸
6497,f1d7fd616d4a466ea8aa42d362fdebbe,여자,53,경상북,2~3년제 전문대학,유치원 교사,여성,6,50대,경상북도,전문대졸
6498,b0bd7da0c0f54491ab50e3556d155eac,여자,57,경기,고등학교,손톱 관리사,여성,6,50대,경기도,고졸
6499,fdc8ceb5768b49e19a27ec5ec7fad5d0,여자,53,서울,고등학교,일반 비서,여성,6,50대,서울특별시,고졸
6500,f14ec70136cb47218234f4ef03d685b4,여자,52,경기,2~3년제 전문대학,무직,여성,6,50대,경기도,전문대졸
6501,f4f06eab38db44998f037090c07677af,여자,51,경기,고등학교,전화 상담원,여성,6,50대,경기도,고졸
6502,f774356d2236448898cc394eb17277a3,여자,59,경상남,4년제 대학교,해병대 장교,여성,6,50대,경상남도,대졸
6503,5953bf179fdc4e979a3558f1703f069d,여자,52,경기,고등학교,냉난방기 관련 설비 조작원,여성,6,50대,경기도,고졸
6504,4586543c8283457588f2f4c0b3b28d69,여자,57,제주,중학교,시설 경비원,여성,6,50대,제주특별자치도,중졸
6505,f2c0c19eca91449283444366d7116586,여자,52,서울,고등학교,학습지 방문강사,여성,6,50대,서울특별시,고졸
6506,b5aefd34c2bb452e9eaa892f6acff2a6,여자,55,경상남,중학교,무직,여성,6,50대,경상남도,중졸
6507,168a8ee83cea4893a4f68948c29994c1,여자,51,서울,고등학교,국가행정 사무원,여성,6,50대,서울특별시,고졸
6508,b8a6bdd8416645f5a4bbeadc69a7c315,여자,52,대전,고등학교,전화 상담원,여성,6,50대,대전광역시,고졸
6509,ec09148df9ac492e8cffb9192da34477,여자,51,충청남,고등학교,무직,여성,6,50대,충청남,고졸
6510,ab8f8a38abe54c87bf583423ba914d9c,여자,58,강원,중학교,건물 경비원,여성,6,50대,강원특별자치도,중졸
6511,f9e5cce379c34128ba772d1614990e07,여자,51,울산,고등학교,무직,여성,6,50대,울산광역시,고졸
6512,804b0f5f3b8e4a839b93499fa3a2e654,여자,57,인천,4년제 대학교,의상 디자이너,여성,6,50대,인천광역시,대졸
6513,96845c2b9dd1478fb360fe253265c50f,여자,54,경기,고등학교,학습지 방문강사,여성,6,50대,경기도,고졸
6514,f94ff8edcdf24a5ba0312ee095132361,여자,56,경기,고등학교,무직,여성,6,50대,경기도,고졸
6515,768e81855a4742809259927305e90721,여자,53,서울,4년제 대학교,무직,여성,6,50대,서울특별시,대졸
6516,6251f2fe93cc470c9879565420d2594f,여자,56,경기,고등학교,음식 서비스 종사원,여성,6,50대,경기도,고졸
6517,21fb221a56f04ca4a3bd56e6fe6755ef,여자,56,서울,고등학교,지게차 운전원,여성,6,50대,서울특별시,고졸
6518,0523b8374c8d41d9b793c787728ec4c4,여자,52,경기,고등학교,무직,여성,6,50대,경기도,고졸
6519,bda5860349c2480fb79a76740a631d4e,여자,53,전북,고등학교,주방 보조원,여성,6,50대,전북특별자치도,고졸
6520,aa2d8b1d8c9e4dc2bf7ed9b9bdcc1747,여자,51,경기,2~3년제 전문대학,화장품 판매원,여성,6,50대,경기도,전문대졸
6521,9bec34c456974af58602fe0efd261c62,여자,58,충청남,4년제 대학교,무직,여성,6,50대,충청남,대졸
6522,2f83eb5edd0247d79139661c1e836e38,여자,56,서울,고등학교,하역 및 적재 관련 단순 종사원,여성,6,50대,서울특별시,고졸
6523,9e2dfe2e31574722b553717fc43487a7,여자,50,서울,4년제 대학교,사무 보조원,여성,6,50대,서울특별시,대졸
6524,e9fc97147e624098b4f2b69a1e9879f2,여자,54,대전,2~3년제 전문대학,한식 조리사,여성,6,50대,대전광역시,전문대졸
6525,831138819a634a02b21ad392b19c3818,여자,52,경기,2~3년제 전문대학,무직,여성,6,50대,경기도,전문대졸
6526,389661f6cd6d4bae9cd3a08fa6b367c4,여자,55,경상북,중학교,매장 정리원,여성,6,50대,경상북도,중졸
6527,9bddb534f298446b89e3902507265ff3,여자,53,전북,고등학교,출판 및 자료편집 사무원,여성,6,50대,전북특별자치도,고졸
6528,2c84851544d44f42bbf688380c959e6b,여자,55,서울,대학원,무직,여성,6,50대,서울특별시,대학원졸
6529,c6e2d8e11fa1492784b1c3cfa640875b,여자,59,서울,고등학교,그 외 조리사,여성,6,50대,서울특별시,고졸
6530,6c6b73d9437742768e360071af169005,여자,54,대구,고등학교,무직,여성,6,50대,대구광역시,고졸
6531,5fb25807329d41b9a6069058ed0f0b4b,여자,51,경기,고등학교,마케팅 전문가,여성,6,50대,경기도,고졸
6532,ddae3308e85348e9876f1726d6729122,여자,52,경기,4년제 대학교,통계 사무원,여성,6,50대,경기도,대졸
6533,ee766a25ca1b47f0a77a8d5568f59284,여자,51,서울,고등학교,교육 및 훈련 사무원,여성,6,50대,서울특별시,고졸
6534,ca2c2ff47073418ba73e76d1a5a63eec,여자,58,서울,고등학교,무직,여성,6,50대,서울특별시,고졸
6535,a4667551125e4cb79be728bfe3aa5e6e,여자,57,경상북,고등학교,기계 경비원,여성,6,50대,경상북도,고졸
6536,0c4e390ae9324fb886dd6a56ea3b4e20,여자,50,경기,고등학교,119 구조대원,여성,6,50대,경기도,고졸
6537,0e120783f5b446f2a8b862f82306f655,여자,54,울산,고등학교,무직,여성,6,50대,울산광역시,고졸
6538,fed855bda15e4291a1c016928b838ed0,여자,52,대구,고등학교,출판 및 자료편집 사무원,여성,6,50대,대구광역시,고졸
6539,1e536f1fbba246558c13cb479d999521,여자,56,서울,4년제 대학교,식품 영업원,여성,6,50대,서울특별시,대졸
6540,186978a4804a4723ad1d01acd8a646af,여자,51,충청북,4년제 대학교,상담 전문가,여성,6,50대,충청북,대졸
6541,25ef8466db47411b9b2eace1a6df3cc7,여자,54,서울,고등학교,사무용 전자기기 설치 및 수리원,여성,6,50대,서울특별시,고졸
6542,a7dc733571cc4f04b1226b52aa7f7107,여자,53,충청남,고등학교,시내버스 운전원,여성,6,50대,충청남,고졸
6543,a1bb21abea154afb8d1861a91c72a5c8,여자,51,경기,4년제 대학교,회계 사무원,여성,6,50대,경기도,대졸
6544,103af1b1dae143b89c4e995194b5a113,여자,53,서울,4년제 대학교,미디어 콘텐츠 창작자,여성,6,50대,서울특별시,대졸
6545,c4fb0e3c349b4fe18fc4545b7c7b3284,여자,57,충청북,2~3년제 전문대학,무직,여성,6,50대,충청북,전문대졸
6546,a1bb21abea154afb8d1861a91c72a5c8,여자,51,경기,4년제 대학교,회계 사무원,여성,6,50대,경기도,대졸
6547,b807db897ba848dc913ff90b687d3879,여자,58,경기,고등학교,요양 보호사,여성,6,50대,경기도,고졸
6548,525fd0d6ebed460d9fdc031228dc7a23,여자,55,서울,중학교,무직,여성,6,50대,서울특별시,중졸
6549,cd95b1ff0fe8420582c6b46267cb4363,여자,56,울산,중학교,노인 및 장애인 돌봄 서비스 종사원,여성,6,50대,울산광역시,중졸
6550,42989dc9e1af4395ac4996ce6431636d,여자,53,서울,2~3년제 전문대학,무직,여성,6,50대,서울특별시,전문대졸
6551,6a137ed6cf794914ba3dc2df23314ed5,여자,57,경상남,고등학교,지방행정 사무원,여성,6,50대,경상남도,고졸
6552,dc59089d40c442498895c1320e8abe51,여자,57,경기,고등학교,농수산물 중개인 및 경매사,여성,6,50대,경기도,고졸
6553,82871373100a43ebae8c1a97d8921fe0,여자,50,경상남,중학교,산후조리 종사원,여성,6,50대,경상남도,중졸
6554,c46f3830389d4eb2a0347768870894ac,여자,52,전북,대학원,온라인 쇼핑 판매원,여성,6,50대,전북특별자치도,대학원졸
6555,f74b30d5a8ed4c44b229cd4b003dd0ec,여자,53,대전,고등학교,시외 및 고속 버스 운전원,여성,6,50대,대전광역시,고졸
6556,a763bbc8c47f44b69988b2e1a519e04b,여자,50,경기,4년제 대학교,경리 사무원,여성,6,50대,경기도,대졸
6557,50e1d1caa7d149a983259a286459524e,여자,54,세종,고등학교,음식 서비스 종사원,여성,6,50대,세종특별자치시,고졸
6558,b88659cc8c864f2db32f3fb918501656,여자,50,인천,고등학교,통신장비 기사,여성,6,50대,인천광역시,고졸
6559,2425cfc24ec1495380be43ab2e0c36eb,여자,52,경기,2~3년제 전문대학,밀링기 조작원,여성,6,50대,경기도,전문대졸
6560,f7502c5c35bd463e903be6d7a20b8633,여자,58,서울,4년제 대학교,무직,여성,6,50대,서울특별시,대졸
6561,052ac7b5a3034d1fae9315620d2c16c2,여자,57,대구,고등학교,음식 서비스 종사원,여성,6,50대,대구광역시,고졸
6562,2a6d0ef02a0e46f8896b0cde069c0160,여자,53,서울,2~3년제 전문대학,무직,여성,6,50대,서울특별시,전문대졸
6563,8e0592c690934b0b95928a1e78aecdc7,여자,58,서울,고등학교,무직,여성,6,50대,서울특별시,고졸
6564,1726b6e389414540bfe0a2d99d3a84ce,여자,57,부산,2~3년제 전문대학,무직,여성,6,50대,부산광역시,전문대졸
6565,ff6cd72a75af4c248a5c64c911145a75,여자,58,충청북,4년제 대학교,그 외 중·고등학교 교사,여성,6,50대,충청북,대졸
6566,73a650c930964b0099e0d54b25c12c29,여자,56,경상북,4년제 대학교,일반 한의사,여성,6,50대,경상북도,대졸
6567,1d6d2b73616f414fa5ad3c7549f08ce9,여자,51,경기,고등학교,그 외 상점 판매원,여성,6,50대,경기도,고졸
6568,485be7624ad3484796527670e7046a63,여자,57,경기,고등학교,학습지 방문강사,여성,6,50대,경기도,고졸
6569,01f3b914068045aa8020ebcb7debfbb8,여자,53,광주,고등학교,요양 보호사,여성,6,50대,광주광역시,고졸
6570,a778680bf10345cebd0ec07897921115,여자,53,경기,고등학교,경리 사무원,여성,6,50대,경기도,고졸
6571,d5914acd9ca14ad7983cd64564706468,여자,59,경기,고등학교,한식 조리사,여성,6,50대,경기도,고졸
6572,7f62a5dd27454a3d9eb798b6514c5afe,여자,57,인천,중학교,무직,여성,6,50대,인천광역시,중졸
6573,1d4f689a0e6a405398056a5d3994877a,여자,50,충청남,중학교,노인 및 장애인 돌봄 서비스 종사원,여성,6,50대,충청남,중졸
6574,068137e972914f52949e7689c4e6aa44,여자,50,강원,2~3년제 전문대학,보육교사,여성,6,50대,강원특별자치도,전문대졸
6575,9314590aa5e14ab294e23b2b159d8eb8,여자,50,경상남,고등학교,압출기 조작원,여성,6,50대,경상남도,고졸
6576,e2712dc7669c4745ad0ff35145fe3dbb,여자,53,서울,4년제 대학교,무직,여성,6,50대,서울특별시,대졸
6577,eaceb4cc54724beda7ff98799bd07dfd,여자,56,제주,고등학교,텔레마케터,여성,6,50대,제주특별자치도,고졸
6578,a9c455ada50f4cd48e11512f035fd8a9,여자,54,경기,고등학교,노인 및 장애인 돌봄 서비스 종사원,여성,6,50대,경기도,고졸
6579,9c38dbe063ea4528aef1062ea0af80b6,여자,53,전라남,중학교,검표원,여성,6,50대,전라남,중졸
6580,580b12e90cf54ea89f4407977319bb10,여자,58,경기,초등학교,건물 경비원,여성,6,50대,경기도,초졸이하
6581,9f16ecab3e1548e2b57384037ef962f3,여자,59,광주,고등학교,경영 컨설턴트,여성,6,50대,광주광역시,고졸
6582,d2ab2818224a47948bf7c910bf56924c,여자,51,경기,고등학교,밑반찬 제조 종사원,여성,6,50대,경기도,고졸
6583,2914c5c3246d44969552ae1f7430c04f,여자,53,경상북,4년제 대학교,교육 및 훈련 사무원,여성,6,50대,경상북도,대졸
6584,68f8baed1a174f3b99de021883263574,여자,53,경기,고등학교,경리 사무원,여성,6,50대,경기도,고졸
6585,5c530e44e98d403eb45a834b7d70fc9e,여자,57,경상남,고등학교,그 외 사회복지 관련 종사원,여성,6,50대,경상남도,고졸
6586,73bd59b3ea314872b35baa5f7b89181e,여자,51,경기,고등학교,회계 사무원,여성,6,50대,경기도,고졸
6587,90a105871e7449808e632acddd4ef243,여자,55,경기,고등학교,음식 서비스 종사원,여성,6,50대,경기도,고졸
6588,e82a2ce8ea434fef945c773bc34ca626,여자,52,강원,2~3년제 전문대학,관리 비서,여성,6,50대,강원특별자치도,전문대졸
6589,b5ca8bd19eff4bb4abbdad89c7120bc2,여자,54,경기,고등학교,무직,여성,6,50대,경기도,고졸
6590,d21fccc9d9ba41df97bcb22f41f1c331,여자,50,대구,2~3년제 전문대학,유치원 교사,여성,6,50대,대구광역시,전문대졸
6591,9ca2d11265e144a0b49d454d69a6a2ba,여자,58,충청남,고등학교,무직,여성,6,50대,충청남,고졸
6592,2dcaa82d37a94345aa3273e6d5feb54b,여자,55,광주,고등학교,무직,여성,6,50대,광주광역시,고졸
6593,823cc70b046d4b529ed08ae7365009ae,여자,51,대전,고등학교,유리 관련 기능 종사원,여성,6,50대,대전광역시,고졸
6594,5a59f529bd004646b39bb7ef6acb3fa9,여자,54,경기,4년제 대학교,그 외 기능 관련 종사원,여성,6,50대,경기도,대졸
6595,5815862b4de041e89fb77eb190725242,여자,53,부산,고등학교,출납 창구 사무원,여성,6,50대,부산광역시,고졸
6596,9459152b6b2d48ae86ada49e8f11537b,여자,55,경기,고등학교,무직,여성,6,50대,경기도,고졸
6597,8a6b6488957744d3bf405da41825dd00,여자,54,서울,4년제 대학교,경리 사무원,여성,6,50대,서울특별시,대졸
6598,7734b8ecaf4f4f5a93e5ee6e1314e858,여자,59,울산,2~3년제 전문대학,무직,여성,6,50대,울산광역시,전문대졸
6599,cd3e0043fb7b4a3eb062e2148acf5f88,여자,53,제주,고등학교,그 외 의복 제조 관련 기능 종사원,여성,6,50대,제주특별자치도,고졸
6600,580a94a409fc4608aa5833b7abb423a8,여자,58,경기,고등학교,무직,여성,6,50대,경기도,고졸
6601,8b0c6dfef86e4d94a994f00ebd7d96d5,여자,53,서울,4년제 대학교,무직,여성,6,50대,서울특별시,대졸
6602,69ce06689625412786f2eac878716e17,여자,52,전라남,대학원,금속공학 기술자 및 연구원,여성,6,50대,전라남,대학원졸
6603,b350b03e34c1462bbd2defd66e33d7f9,여자,50,경기,고등학교,자동 재봉설비 조작원,여성,6,50대,경기도,고졸
6604,b5964dce6a8a46deb5518e89ea0ba3fc,여자,55,경상남,고등학교,자동 조립라인 조작원,여성,6,50대,경상남도,고졸
6605,4b4b8c1bff0f460f8df06b892a5d3965,여자,56,인천,초등학교,수동 포장원,여성,6,50대,인천광역시,초졸이하
6606,97609e2bc29e4e299e074282ffdd0c37,여자,50,충청북,고등학교,무직,여성,6,50대,충청북,고졸
6607,9c65ec90b39346c79bf908f747860632,여자,50,경기,고등학교,가죽 및 모피 가공원,여성,6,50대,경기도,고졸
6608,93d09e5262864e6ba6ea2d4a3140d320,여자,54,경상남,고등학교,자동 재봉설비 조작원,여성,6,50대,경상남도,고졸
6609,1f531e3dee2b4adf98e032875cad3a02,여자,58,경기,고등학교,무직,여성,6,50대,경기도,고졸
6610,699b4aeb43f64249bfd4cb3f0caf7c83,여자,58,서울,고등학교,가죽 및 모피 가공원,여성,6,50대,서울특별시,고졸
6611,bd79e6ab08064a08b163a413b24c57ed,여자,58,충청북,4년제 대학교,해외 영업원,여성,6,50대,충청북,대졸
6612,0438806417b84e7099475140e8244c52,여자,55,인천,고등학교,무직,여성,6,50대,인천광역시,고졸
6613,afc8e711132e452192c44c73ec786ae5,여자,52,경기,대학원,조사 전문가,여성,6,50대,경기도,대학원졸
6614,77fb4869423b48e78255cca6fd4c9dcd,여자,52,인천,2~3년제 전문대학,보육교사,여성,6,50대,인천광역시,전문대졸
6615,004a4f22d69141f895f48616dfa9ffa6,여자,53,경상북,대학원,무직,여성,6,50대,경상북도,대학원졸
6616,007cd49c9d8647d498ec10098de6820b,여자,50,경기,고등학교,무직,여성,6,50대,경기도,고졸
6617,b50a9153ada5450c8e410cfc429ef5f0,여자,56,광주,대학원,석유화학 기술자 및 연구원,여성,6,50대,광주광역시,대학원졸
6618,6a2d0a717f684e7d94ce52cbbda6b1e2,여자,54,울산,4년제 대학교,무직,여성,6,50대,울산광역시,대졸
6619,47557e752b374f4f8983fb2daec66630,여자,54,서울,고등학교,건물 청소원,여성,6,50대,서울특별시,고졸
6620,785b80066ef644bab21aa5ffa4f37da5,여자,50,부산,4년제 대학교,일반 비서,여성,6,50대,부산광역시,대졸
6621,131ebad0763646a3a7fe7f950cb136fb,여자,58,서울,중학교,편직기 조작원,여성,6,50대,서울특별시,중졸
6622,ad7ccc75ea214a76adfd6b879a2ff79a,여자,59,경기,무학,무직,여성,6,50대,경기도,무학
6623,882cf4447a5a4945b762b3016e9f1828,여자,55,경기,고등학교,무직,여성,6,50대,경기도,고졸
6624,586761b2a9134b38a8fec9cd963b030c,여자,50,전라남,대학원,전화 상담원,여성,6,50대,전라남,대학원졸
6625,036e38d315154a47a7cdb42a3ff5bcdd,여자,56,서울,초등학교,소규모 상점 경영자,여성,6,50대,서울특별시,초졸이하
6626,0349ee3ad7cc4968bf07ac29102d510b,여자,55,경기,고등학교,무직,여성,6,50대,경기도,고졸
6627,7395038243fa409585a305f1acb89df9,여자,58,경기,고등학교,사무 보조원,여성,6,50대,경기도,고졸
6628,745ed52639bc4a27bb9555eb4b4464cc,여자,56,서울,4년제 대학교,그 외 법률 관련 사무원,여성,6,50대,서울특별시,대졸
6629,11c0248a53454afc92299da91bef235c,여자,50,대구,4년제 대학교,상품 기획자,여성,6,50대,대구광역시,대졸
6630,160839eed4a7470d98ca8c1f55d78968,여자,59,서울,고등학교,보육 관련 시설 서비스 종사원,여성,6,50대,서울특별시,고졸
6631,a469daee9358475ba48e1381cb774b3a,여자,58,부산,고등학교,무직,여성,6,50대,부산광역시,고졸
6632,aaf52f4deae242b5a4983921c34c4a59,여자,54,대구,고등학교,무직,여성,6,50대,대구광역시,고졸
6633,e8f0db6211fe4fe093ebe52ed4d3a593,여자,51,충청북,고등학교,무직,여성,6,50대,충청북,고졸
6634,8fb71937a4cd4d64b056f5c9eae92ee1,여자,54,경기,고등학교,주방 보조원,여성,6,50대,경기도,고졸
6635,0c2734089c394f4998545a659b9133dd,여자,54,경상북,고등학교,제품 단순 선별원,여성,6,50대,경상북도,고졸
6636,27fb62b17a9543f28f584f97f99c1b56,여자,57,경기,고등학교,무직,여성,6,50대,경기도,고졸
6637,abc3860bb1df4f189ed109cbd300d299,여자,56,경기,초등학교,육군 장교,여성,6,50대,경기도,초졸이하
6638,420479bccd26492388d81bae4c8d84da,여자,58,서울,4년제 대학교,그 외 일반 영업원,여성,6,50대,서울특별시,대졸
6639,b55809e3560d4030abc18ef1272ee083,여자,51,충청남,고등학교,육군 부사관,여성,6,50대,충청남,고졸
6640,30a9bba649214666abfedbb63abcaf13,여자,52,서울,4년제 대학교,사무 보조원,여성,6,50대,서울특별시,대졸
6641,e3c6dd9d86044124b059dbbf278ab14c,여자,56,경상북,중학교,무직,여성,6,50대,경상북도,중졸
6642,b8564c5f337440dda15abd03cfca2260,여자,54,경기,고등학교,무직,여성,6,50대,경기도,고졸
6643,79286f55a9704f6eaaa6b77782c4df5c,여자,58,전북,고등학교,그 외 판매 관련 단순 종사원,여성,6,50대,전북특별자치도,고졸
6644,98cbf1d5d000410aaf0b824241999a32,여자,55,경기,고등학교,무직,여성,6,50대,경기도,고졸
6645,b6fd1bd7303a47e184d4dcac80e909dd,여자,50,울산,고등학교,무직,여성,6,50대,울산광역시,고졸
6646,eabc6c7bd071404987ee68ab6023f7bb,여자,56,전북,고등학교,주방 보조원,여성,6,50대,전북특별자치도,고졸
6647,2ddbfbd928554126b1e541554787aace,여자,58,경기,고등학교,그 외 일반기계 조립원,여성,6,50대,경기도,고졸
6648,d328e0eb08af4369b0a1d166c4d3473b,여자,58,서울,고등학교,무직,여성,6,50대,서울특별시,고졸
6649,cc715c2dc223457f854b39fa9948e28f,여자,54,서울,고등학교,승용차 및 승합차 운전원,여성,6,50대,서울특별시,고졸
6650,b146a2ea5e6b40ba936232ea74ad908c,여자,59,부산,2~3년제 전문대학,보육교사,여성,6,50대,부산광역시,전문대졸
6651,441d6869dfcf47db8a905834187e4aac,여자,52,경기,고등학교,도자기제품 생산기 조작원,여성,6,50대,경기도,고졸
6652,0276c61b723c4cfabb4e906638213e4f,여자,54,대전,고등학교,무직,여성,6,50대,대전광역시,고졸
6653,e42544b6717d418988c8eaa2d4aa00d9,여자,56,경상남,중학교,건물 청소원,여성,6,50대,경상남도,중졸
6654,a161c9d370894dd4af3a650ea847ce85,여자,59,서울,고등학교,건물 청소원,여성,6,50대,서울특별시,고졸
6655,71ce49d53b8e4c1bb134f3e101ce35be,여자,55,부산,4년제 대학교,전문 간호사,여성,6,50대,부산광역시,대졸
6656,a686cb5d341643ba971ad6ee556f0265,여자,56,경기,고등학교,무직,여성,6,50대,경기도,고졸
6657,c873c4651b444252885eabeea206a05f,여자,54,서울,4년제 대학교,회계 사무원,여성,6,50대,서울특별시,대졸
6658,b8a22f4633af4309b9fed7f5f76b90ec,여자,50,충청남,고등학교,하역 및 적재 관련 단순 종사원,여성,6,50대,충청남,고졸
6659,5ac6a83cceb046418ef44bff06e7b29a,여자,59,서울,고등학교,간호조무사,여성,6,50대,서울특별시,고졸
6660,8368f74329204fcdbe86760fb9c0d276,여자,50,충청북,4년제 대학교,대학 행정조교,여성,6,50대,충청북,대졸
6661,ca17c750b36746988b1ed545b7474d45,여자,56,전북,고등학교,전화 상담원,여성,6,50대,전북특별자치도,고졸
6662,5203a52bc77a4700b98d89fff07efea1,여자,56,울산,고등학교,주방 보조원,여성,6,50대,울산광역시,고졸
6663,cc7d58b0a6654e849b0c047b1dda3ad0,여자,58,대구,4년제 대학교,양식 조리사,여성,6,50대,대구광역시,대졸
6664,ec2784c240484331bd8741985fb21cb5,여자,54,경기,2~3년제 전문대학,단말기 및 통신 서비스 판매원,여성,6,50대,경기도,전문대졸
6665,ca68804cbc5542a2a50a6468955d4e43,여자,53,울산,고등학교,무직,여성,6,50대,울산광역시,고졸
6666,49634155ffcd42fabef1a3ae9a19631e,여자,52,부산,중학교,건물 청소원,여성,6,50대,부산광역시,중졸
6667,9f55cd50a6704575bde947ef27cc7d00,여자,56,서울,4년제 대학교,무직,여성,6,50대,서울특별시,대졸
6668,9677570604624ee6949e0034d88812f2,여자,58,광주,고등학교,건물 청소원,여성,6,50대,광주광역시,고졸
6669,33ae230528334d98ba6f8492e0237ca0,여자,57,부산,고등학교,소규모 상점 경영자,여성,6,50대,부산광역시,고졸
6670,46b10ca052554beb848594d1b931026c,여자,50,대구,고등학교,플랜트 배관공,여성,6,50대,대구광역시,고졸
6671,98c52255d9d34b7f9b530e0025e80494,여자,59,경기,2~3년제 전문대학,무직,여성,6,50대,경기도,전문대졸
6672,c7e8002c0d5b4904ad8dec0b9de763dd,여자,54,경기,중학교,무직,여성,6,50대,경기도,중졸
6673,48dce6bc77e6445bb31dc64185394dd9,여자,51,충청북,고등학교,한식 조리사,여성,6,50대,충청북,고졸
6674,96eb54404cf74193a76c4e66938fea36,여자,58,경기,고등학교,매장 계산원,여성,6,50대,경기도,고졸
6675,c045b78cfccc4c0d89e5e65b590becae,여자,52,대전,고등학교,경리 사무원,여성,6,50대,대전광역시,고졸
6676,4ff9a629ee174608bd99da1e828cb469,여자,52,경기,4년제 대학교,기업 고위 임원,여성,6,50대,경기도,대졸
6677,7074e204fa9c4f7190dab2a31625866f,여자,59,경기,고등학교,냉난방기 관련 설비 조작원,여성,6,50대,경기도,고졸
6678,891935c432b54b7ca24d04e0edaf138f,여자,57,서울,고등학교,그 외 기능 관련 종사원,여성,6,50대,서울특별시,고졸
6679,94a688ddaa1e4a4b97e66f0d691cb224,여자,54,경기,대학원,소규모 상점 경영자,여성,6,50대,경기도,대학원졸
6680,ce042867bcf8495fb4e271c2ac9c12e0,여자,54,경기,고등학교,시설 경비원,여성,6,50대,경기도,고졸
6681,d656e7854d5a489198155d6a07e2c536,여자,50,서울,4년제 대학교,통계 사무원,여성,6,50대,서울특별시,대졸
6682,02859866bb07453386a0ba8ff158b5dc,여자,54,부산,중학교,무직,여성,6,50대,부산광역시,중졸
6683,7d95b9e7ea8043679f22f620ce8fff04,여자,53,서울,2~3년제 전문대학,무직,여성,6,50대,서울특별시,전문대졸
6684,3e85c5bd2b674a14a21c97ac609f812b,여자,58,경상북,고등학교,국가행정 사무원,여성,6,50대,경상북도,고졸
6685,7f00d40a657a40e69d8437fc37c979a4,여자,53,대전,4년제 대학교,작업치료사,여성,6,50대,대전광역시,대졸
6686,98c5289927d34ca2a20c92b473e864e8,여자,58,경기,고등학교,그 외 경호 및 보안 관련 종사원,여성,6,50대,경기도,고졸
6687,1c15d27e9b354dcabfd3233cc0f5bec3,여자,57,경기,고등학교,무직,여성,6,50대,경기도,고졸
6688,0c5058daade5430e8b278e8564b54743,여자,57,경기,중학교,건물 청소원,여성,6,50대,경기도,중졸
6689,083da7ed57744837abe92a62b2b2abf0,여자,58,전라남,고등학교,그 외 서비스 관련 단순 종사원,여성,6,50대,전라남,고졸
6690,61beea7c0f2c4b1abc9be1f9486ffd99,여자,56,대구,중학교,염색기 조작원,여성,6,50대,대구광역시,중졸
6691,0006e12aab9249a3ba1623f8b9553f48,여자,59,서울,고등학교,의류 판매원,여성,6,50대,서울특별시,고졸
6692,0eaecfd94ed74a9482deb5c139a4c86d,여자,54,경기,고등학교,무직,여성,6,50대,경기도,고졸
6693,d904eb437c3d4960957a2fa1c25a3a08,여자,56,서울,4년제 대학교,사무 보조원,여성,6,50대,서울특별시,대졸
6694,2aebe5508d924c4c81fff8500d98f401,여자,59,경상북,고등학교,공공행정 사무원,여성,6,50대,경상북도,고졸
6695,c5311a4a661a49eeb8c709907a030d27,여자,52,서울,고등학교,그 외 기능 관련 종사원,여성,6,50대,서울특별시,고졸
6696,7620d9102c934cfdaab8ae67234ce9f4,여자,59,경기,중학교,건물 청소원,여성,6,50대,경기도,중졸
6697,6c0bda1b86d3426396ff0761a4a8f93b,여자,52,경기,2~3년제 전문대학,무직,여성,6,50대,경기도,전문대졸
6698,3b42e7aa70a746aa952faf23ee00ddc5,여자,53,인천,고등학교,금형원,여성,6,50대,인천광역시,고졸
6699,822b6739aee44196a7c73449c8e1c1cd,여자,59,제주,중학교,시설 경비원,여성,6,50대,제주특별자치도,중졸
6700,c145f375a3d54d42ad7f690e82923efb,여자,52,경상남,고등학교,"전직 경리 사무원, 현재 구직중",여성,6,50대,경상남도,고졸
6701,7941fb88a31a4a708a09206cd53e8b0f,여자,57,인천,중학교,보육 관련 시설 서비스 종사원,여성,6,50대,인천광역시,중졸
6702,2842b8575a944dfb8f10126baf5b2d23,여자,53,전라남,고등학교,요양 보호사,여성,6,50대,전라남,고졸
6703,d94c60d2e94847308937553984c4454d,여자,54,서울,대학원,전화 상담원,여성,6,50대,서울특별시,대학원졸
6704,dde113a5f2b54b12bc3bd14364ce465c,여자,56,서울,고등학교,"전직 간호조무사, 현재 구직중",여성,6,50대,서울특별시,고졸
6705,26f009c69ff14d648ca6f8e696e5afce,여자,56,경기,중학교,그 외 서비스 관련 단순 종사원,여성,6,50대,경기도,중졸
6706,1b9bc8f72b48468db0205f0fccac81c9,여자,57,경기,고등학교,주방 보조원,여성,6,50대,경기도,고졸
6707,2b0ef37970124e81a8c59fe4d8708758,여자,54,서울,고등학교,사무 보조원,여성,6,50대,서울특별시,고졸
6708,02c7258a17a44a11b7b10632ad89bdec,여자,57,서울,4년제 대학교,총무 및 인사 관리자,여성,6,50대,서울특별시,대졸
6709,9e2ed3a9d6b14420913e432a85870bc6,여자,59,경기,고등학교,음식료품 판매원,여성,6,50대,경기도,고졸
6710,1dd8bdce544d4a6f8845a782ab9f4536,여자,59,충청남,4년제 대학교,그 외 일반 영업원,여성,6,50대,충청남,대졸
6711,c4aba7e5023940978a8b59276e8b93cf,여자,56,경기,중학교,무직,여성,6,50대,경기도,중졸
6712,430543188d904cd3ae024f60d4ce1f37,여자,54,전라남,고등학교,노점 및 이동 판매원,여성,6,50대,전라남,고졸
6713,90af9e3aeb1d4ae880375ca5d3a6fa0e,여자,52,충청북,고등학교,무직,여성,6,50대,충청북,고졸
6714,ece3ce4c1f35417d931f0bfad546144d,여자,59,경상남,고등학교,설탕 제조 관련 기계 조작원,여성,6,50대,경상남도,고졸
6715,e267b71b6ea74c2caa27ddebf382eb95,여자,56,부산,고등학교,그 외 상점 판매원,여성,6,50대,부산광역시,고졸
6716,2f04ce7054fd4d62a99a7ac05394f110,여자,54,경기,4년제 대학교,외환 딜러,여성,6,50대,경기도,대졸
6717,2aace36cc2f04474a29143f4614b4898,여자,54,부산,4년제 대학교,한식 조리사,여성,6,50대,부산광역시,대졸
6718,913169dc8fce445796038f2beed16fdd,여자,51,경상남,고등학교,무직,여성,6,50대,경상남도,고졸
6719,f15567361e24444984a9ec809af8f825,여자,58,경기,2~3년제 전문대학,무직,여성,6,50대,경기도,전문대졸
6720,bd1ce277e7d04218b0ee4106d04b80bd,여자,54,부산,대학원,무직,여성,6,50대,부산광역시,대학원졸
6721,f0e8a2e7a1be4dd491a38667674406d6,여자,56,경상남,4년제 대학교,일반 비서,여성,6,50대,경상남도,대졸
6722,f2e258f06ef7401e865eb9083d682ab2,여자,57,서울,고등학교,보험 중개인,여성,6,50대,서울특별시,고졸
6723,9725d0b7e75a4224b33b3b07ea07be20,여자,53,경기,고등학교,조경원,여성,6,50대,경기도,고졸
6724,d75d8a9a7b084ce3896632807e31c04d,여자,53,전북,4년제 대학교,공공행정 사무원,여성,6,50대,전북특별자치도,대졸
6725,45fff5cc31af4f129a2676193d0c0093,여자,58,충청남,중학교,온라인 쇼핑 판매원,여성,6,50대,충청남,중졸
6726,9677ffdeb86a459da0e28d9ec6288afd,여자,56,충청북,고등학교,건물 경비원,여성,6,50대,충청북,고졸
6727,a58b9d0a965f4f839839a308973fe36f,여자,52,인천,중학교,하역 및 적재 관련 단순 종사원,여성,6,50대,인천광역시,중졸
6728,0e163c864a7547d2bb1886b467a28bdf,여자,58,경기,무학,무직,여성,6,50대,경기도,무학
6729,2486788540e546439c9a0b28460111ed,여자,53,강원,2~3년제 전문대학,시설 경비원,여성,6,50대,강원특별자치도,전문대졸
6730,00194e0e7c934618a70a9bb5718930cf,여자,56,부산,고등학교,시설 경비원,여성,6,50대,부산광역시,고졸
6731,a7a0784c210a468eabc14855e8a1a3e7,여자,57,경상남,고등학교,무직,여성,6,50대,경상남도,고졸
6732,af68d1aa9b64452b886a2f51ebf1646f,여자,53,대구,고등학교,그 외 돌봄 및 보건 서비스 종사원,여성,6,50대,대구광역시,고졸
6733,c63d793838754a72bbafecc940e5f2d4,여자,59,대구,고등학교,한식 조리사,여성,6,50대,대구광역시,고졸
6734,b6db25e842204f6ba320b9ed2b0070f3,여자,54,울산,고등학교,무직,여성,6,50대,울산광역시,고졸
6735,187ae41813904a708235c4df2af7987f,여자,58,대전,고등학교,무직,여성,6,50대,대전광역시,고졸
6736,f01dde93ba6c4caab7fdb4ddc3b426db,여자,54,경기,고등학교,프레스기 및 절단기 조작원,여성,6,50대,경기도,고졸
6737,6e5af9d860c24d92a44ba90067f9083f,여자,55,경기,고등학교,무직,여성,6,50대,경기도,고졸
6738,ec8743ba1cb640168c26148c73a5c4d3,여자,59,충청북,고등학교,무직,여성,6,50대,충청북,고졸
6739,c10eaeeaa85d45f683bfc10c087e8b3d,여자,53,서울,중학교,무직,여성,6,50대,서울특별시,중졸
6740,4bc2c65f4b9e4a1192963cd4e4ddb680,여자,55,경기,고등학교,염색기 조작원,여성,6,50대,경기도,고졸
6741,5e5f3d14670a4d6095fce9210cfb2fc1,여자,51,서울,고등학교,무직,여성,6,50대,서울특별시,고졸
6742,fe3b2ab8c60445d8978792645fa6eac7,여자,52,경기,고등학교,건물 청소원,여성,6,50대,경기도,고졸
6743,ff0fac06eaa943d68360758e1728b8d8,여자,52,경기,중학교,그 외 기계 조작원,여성,6,50대,경기도,중졸
6744,ba72ed3d2d7141489f863ced93001942,여자,59,대구,고등학교,무직,여성,6,50대,대구광역시,고졸
6745,76fb1a8e228f42abb3f4c44e032ddfd9,여자,50,경기,4년제 대학교,회계 사무원,여성,6,50대,경기도,대졸
6746,7ce0e8894c23497da1ef1e75f05cf4fd,여자,53,경기,고등학교,무직,여성,6,50대,경기도,고졸
6747,a5b28f6c33804d89914b8949cb42f4ef,여자,58,경기,2~3년제 전문대학,그 외 일반 영업원,여성,6,50대,경기도,전문대졸
6748,5c2ae8c5915e4a308e698eb945754eee,여자,58,경상북,고등학교,무직,여성,6,50대,경상북도,고졸
6749,e030e8c3c48c42b2aaf881704ecc955c,여자,58,대구,고등학교,전화 상담원,여성,6,50대,대구광역시,고졸
6750,f2fb23992831470bbbc6ce5bae4bb562,여자,51,서울,2~3년제 전문대학,웹 프로그래머,여성,6,50대,서울특별시,전문대졸
6751,f37cd26fd1b5425ebb0ce52701f14792,여자,57,충청남,고등학교,무직,여성,6,50대,충청남,고졸
6752,5a3883d362f444ffb86d360070d7a0e1,여자,59,서울,고등학교,우편집배원,여성,6,50대,서울특별시,고졸
6753,d4b045c2059f45b08a1fe32da974eccf,여자,58,경기,고등학교,소규모 상점 경영자,여성,6,50대,경기도,고졸
6754,455fb11c20ac48c8a399f85d86d234ff,여자,54,경기,고등학교,그 외 상점 판매원,여성,6,50대,경기도,고졸
6755,98926827b7be428aa079d780d69ecdbc,여자,58,서울,4년제 대학교,시스템 소프트웨어 프로그래머,여성,6,50대,서울특별시,대졸
6756,ea5efeaca0f84098940c2190800ce7de,여자,51,경기,2~3년제 전문대학,전기 용접원,여성,6,50대,경기도,전문대졸
6757,fdaffdd384524f49a7f3c46f9ee98cbf,여자,51,경상남,4년제 대학교,무직,여성,6,50대,경상남도,대졸
6758,a7e41393d0ef4e06888b1eb428d7b242,여자,58,부산,2~3년제 전문대학,제빵사 및 제과원,여성,6,50대,부산광역시,전문대졸
6759,f4c1293ee10c4837bb993344a5f35834,여자,54,경기,4년제 대학교,행사 및 홍보 도우미,여성,6,50대,경기도,대졸
6760,1283a7ab4b1e4b02bf2cc4abe9cf049c,여자,56,경상북,고등학교,금형원,여성,6,50대,경상북도,고졸
6761,1e54b06165e246dab67b96d9248820e2,여자,52,충청남,중학교,무직,여성,6,50대,충청남,중졸
6762,50e778b8697644d2b54d779f9186f0a7,여자,59,경상북,초등학교,시설 경비원,여성,6,50대,경상북도,초졸이하
6763,65278fc42944403db99a77a5a6b3e75f,여자,53,경기,4년제 대학교,신차 영업원,여성,6,50대,경기도,대졸
6764,84a466bbd1314c97a2fb909fc0c770eb,여자,50,대전,고등학교,통계 사무원,여성,6,50대,대전광역시,고졸
6765,229acde3a1204b12a2704e2c41ed7fd0,여자,57,경기,초등학교,노점 및 이동 판매원,여성,6,50대,경기도,초졸이하
6766,15aa44025acf4236a0f461cad4972a1d,여자,57,부산,고등학교,"전직 육아 도우미, 현재 구직중",여성,6,50대,부산광역시,고졸
6767,1aaf3109ec514989bb9a997331e450db,여자,56,부산,고등학교,그 외 미용 관련 서비스 종사원,여성,6,50대,부산광역시,고졸
6768,69e0c43f3e96461cb8e312a10dd833f0,여자,58,경상남,고등학교,그 외 전기·전자기기 설치 및 수리원,여성,6,50대,경상남도,고졸
6769,1be4e101d5c241ab8cdf1725df3e5b40,여자,55,경기,고등학교,학습지 방문강사,여성,6,50대,경기도,고졸
6770,a7b5ba8fc8b7491185e74e9f38a09d59,여자,59,부산,4년제 대학교,온라인 쇼핑 판매원,여성,6,50대,부산광역시,대졸
6771,800bd16fe7844b848726adcedb3ff4c1,여자,54,경기,고등학교,인조석 설치원,여성,6,50대,경기도,고졸
6772,b6f2c4e4b7734fe5be22d5ec2f8ae9cf,여자,51,충청남,고등학교,보육 관련 시설 서비스 종사원,여성,6,50대,충청남,고졸
6773,6efb9cbc332a43a4b77cfbacfecf12db,여자,56,충청북,4년제 대학교,사무 보조원,여성,6,50대,충청북,대졸
6774,a8b609b1903f4acbbe0e36daa04b3f25,여자,56,서울,고등학교,무직,여성,6,50대,서울특별시,고졸
6775,59f2d10ad86f47fa9f0c1ec7968018bf,여자,58,서울,고등학교,요리 연구가,여성,6,50대,서울특별시,고졸
6776,f5dc1e757ac14fa69818959251181fc7,여자,54,광주,2~3년제 전문대학,무직,여성,6,50대,광주광역시,전문대졸
6777,fb1659e63742455cbba654c0aa072827,여자,54,부산,4년제 대학교,육군 장교,여성,6,50대,부산광역시,대졸
6778,1a71f3473d994522805482de4f31cf70,여자,58,부산,중학교,무직,여성,6,50대,부산광역시,중졸
6779,777fe86ebf1a4b578d4a9705321a9578,여자,58,경기,중학교,그 외 제분 및 도정 관련 기계 조작원,여성,6,50대,경기도,중졸
6780,ba7500ac1583456c8d9d9d48953d8093,여자,55,대구,고등학교,텔레마케터,여성,6,50대,대구광역시,고졸
6781,681ec534860f4fe1a4d048c1f663b4a9,여자,55,인천,4년제 대학교,무직,여성,6,50대,인천광역시,대졸
6782,bca21e9f49604ed89fbd0374855cccb3,여자,59,인천,고등학교,건물 칸막이 설치원,여성,6,50대,인천광역시,고졸
6783,6636329419e740f18b36a5500ed56d65,여자,50,경기,고등학교,한식 조리사,여성,6,50대,경기도,고졸
6784,a7a8f8cfa54a47e98bb8b167e8c47166,여자,57,경상남,고등학교,보육 관련 시설 서비스 종사원,여성,6,50대,경상남도,고졸
6785,ff73f6321d804939b1cf7080d1ef67b9,여자,55,광주,중학교,건물 청소원,여성,6,50대,광주광역시,중졸
6786,dfdf94b2672a4aedac98dd1cc361d2db,여자,51,충청남,고등학교,한식 조리사,여성,6,50대,충청남,고졸
6787,27cb265d17324bd7aff2ed0395014718,여자,56,광주,고등학교,양식 조리사,여성,6,50대,광주광역시,고졸
6788,164dc015981a47249ae18d6578926caa,여자,54,서울,고등학교,무직,여성,6,50대,서울특별시,고졸
6789,db4fa2a30fc541789de135b2f0ba33a7,여자,58,서울,고등학교,농수산물 중개인 및 경매사,여성,6,50대,서울특별시,고졸
6790,0e9b6e843a5a4e9195a6af1db12fecab,여자,54,충청북,고등학교,무직,여성,6,50대,충청북,고졸
6791,94c618c5e63b40f1a4e6d6cf3d41ebcc,여자,54,서울,중학교,건물 청소원,여성,6,50대,서울특별시,중졸
6792,5ae78bb7b7e941d0823adf2e56f2b054,여자,54,부산,고등학교,경리 사무원,여성,6,50대,부산광역시,고졸
6793,e4aec93277634f43b70eba16d11c9f31,여자,55,전라남,고등학교,필름 생산기 조작원,여성,6,50대,전라남,고졸
6794,0c839dd3520542b6a2cd4e3fb775c36a,여자,57,경기,4년제 대학교,무직,여성,6,50대,경기도,대졸
6795,f7c99b87ff344995ba2d9bee7139b2fd,여자,52,전라남,고등학교,경리 사무원,여성,6,50대,전라남,고졸
6796,f8ef9a264b354990bdb5d8f9a496c03b,여자,55,충청북,중학교,경리 사무원,여성,6,50대,충청북,중졸
6797,0f1d0ae793e44a54918be79251171627,여자,51,부산,4년제 대학교,일반 비서,여성,6,50대,부산광역시,대졸
6798,95680e0b60274b7abb55ac22388d28e4,여자,54,인천,4년제 대학교,자동차 경정비원,여성,6,50대,인천광역시,대졸
6799,d3aa80c41af242ce818ecf64841c3b32,여자,52,경상남,고등학교,무직,여성,6,50대,경상남도,고졸
6800,6845d1430263482cbc4d10c072bc6580,여자,55,서울,고등학교,소규모 상점 경영자,여성,6,50대,서울특별시,고졸
6801,9634b33ed6ad45078d39e78e82663b6d,여자,58,서울,고등학교,전화 상담원,여성,6,50대,서울특별시,고졸
6802,9eea6c3b63fc47b88b0549bd09b4bbb4,여자,50,경기,대학원,무직,여성,6,50대,경기도,대학원졸
6803,465a7b13858c48969d1b4cebc7ea7a93,여자,57,경기,고등학교,철도운송 관련 종사원,여성,6,50대,경기도,고졸
6804,48ee57e9f5114b068d1f3281f2cbf8be,여자,50,부산,4년제 대학교,일반 의사,여성,6,50대,부산광역시,대졸
6805,e8480e2a627d4e29a9626bd1d8df1b5f,여자,57,광주,중학교,건물 청소원,여성,6,50대,광주광역시,중졸
6806,ccd412d3ad654ca0ab979291c6bfc426,여자,59,인천,중학교,커피 조리사,여성,6,50대,인천광역시,중졸
6807,8f56ce0cb0f643d0a092f41077751249,여자,56,인천,중학교,주방 보조원,여성,6,50대,인천광역시,중졸
6808,4ca7c46deddf4619badd2eec6606bc7d,여자,50,서울,2~3년제 전문대학,사무 보조원,여성,6,50대,서울특별시,전문대졸
6809,7f3108eb9a544b599f176949c5ce2f58,여자,50,경기,중학교,무직,여성,6,50대,경기도,중졸
6810,1af8d9a440484086bca8a9be988002d1,여자,54,경기,4년제 대학교,교육 및 훈련 사무원,여성,6,50대,경기도,대졸
6811,48cd6e10e8f24460b9a6b015b0361795,여자,54,경기,2~3년제 전문대학,치과위생사,여성,6,50대,경기도,전문대졸
6812,fba4c3e577e74f0187890a1cdb01d055,여자,52,서울,중학교,무직,여성,6,50대,서울특별시,중졸
6813,1ad83c1521254a1a816507a6029551a8,여자,53,경기,고등학교,사회 교사,여성,6,50대,경기도,고졸
6814,4387ef0009d74308b5c7bb63ed8cdb5a,여자,51,전북,중학교,건물 청소원,여성,6,50대,전북특별자치도,중졸
6815,9402f3ab20514326bf4df6a8a0c51d5b,여자,51,경기,2~3년제 전문대학,경리 사무원,여성,6,50대,경기도,전문대졸
6816,77585533f98e40be8a30e84e9be3aec5,여자,58,경기,고등학교,무직,여성,6,50대,경기도,고졸
6817,61273905b1df486aa12a6c8af2e7870b,여자,59,서울,고등학교,전기 용접원,여성,6,50대,서울특별시,고졸
6818,01085fb16bc34ad1972623efa0bc4ec6,여자,58,대구,4년제 대학교,그 외 전자공학 기술자 및 연구원,여성,6,50대,대구광역시,대졸
6819,d9f46f2fc9b44d65a1c8447ef7603961,여자,53,경상북,2~3년제 전문대학,무직,여성,6,50대,경상북도,전문대졸
6820,be5fb9a21f12438889167593f0f30389,여자,59,경기,4년제 대학교,마케팅 전문가,여성,6,50대,경기도,대졸
6821,72933464d52c4366b476c0a89bf29dcb,여자,58,경기,고등학교,건물 청소원,여성,6,50대,경기도,고졸
6822,0351249ff6e6444cac7914d4bc32638e,여자,53,울산,고등학교,타일 부착원,여성,6,50대,울산광역시,고졸
6823,b8790c11d3234594b29f151d6467b68b,여자,54,전라남,2~3년제 전문대학,"전직 보육교사, 현재 구직중",여성,6,50대,전라남,전문대졸
6824,4abf9fbbbf0d404d90b763cde8e52dad,여자,59,경기,고등학교,무직,여성,6,50대,경기도,고졸
6825,20550fb90a7746c187a869e6a07f04ca,여자,57,경기,대학원,데이터 분석가,여성,6,50대,경기도,대학원졸
6826,5e7baf98eef24e5db34ec86b78030d40,여자,53,광주,고등학교,무직,여성,6,50대,광주광역시,고졸
6827,ac074dea94334266931ace5c9ea0fdbc,여자,56,경기,2~3년제 전문대학,건물 청소원,여성,6,50대,경기도,전문대졸
6828,fc1fe5a513f2478898ebba3d653b9240,여자,55,경기,고등학교,무직,여성,6,50대,경기도,고졸
6829,1747404d1f0745c580d36e7d50bd32e6,여자,54,전라남,고등학교,원예작물 판매원,여성,6,50대,전라남,고졸
6830,4536872e526d4bc2a67ba0a0b3aa4602,여자,51,경기,4년제 대학교,학습지 방문강사,여성,6,50대,경기도,대졸
6831,ddc355609021447a9fa8c524a1f58b46,여자,51,경기,4년제 대학교,데이터 분석가,여성,6,50대,경기도,대졸
6832,a6ecb1cfdec047f38bcfd353f8cd9e00,여자,55,서울,고등학교,그 외 돌봄 및 보건 서비스 종사원,여성,6,50대,서울특별시,고졸
6833,a86a8665a01a426894494626d61a1721,여자,55,서울,고등학교,건물 전기 및 전자설비 조작원,여성,6,50대,서울특별시,고졸
6834,f72893ebc6fb402abfc0aedf8c71b3bc,여자,59,경상북,중학교,주차 안내원,여성,6,50대,경상북도,중졸
6835,595f86cc0a8f416d98b75294d121d35c,여자,50,경기,고등학교,그 외 조리사,여성,6,50대,경기도,고졸
6836,627da10b906c4915b28c778e051d9d48,여자,53,경기,고등학교,무직,여성,6,50대,경기도,고졸
6837,e184581178af4ac9a1f0dafaf5557ce6,여자,58,서울,고등학교,무직,여성,6,50대,서울특별시,고졸
6838,37a7595c80d94166ac3739764c74ecd7,여자,54,서울,고등학교,일식 조리사,여성,6,50대,서울특별시,고졸
6839,3d3b5b91cc3d4516ad7b123114624582,여자,59,인천,고등학교,무직,여성,6,50대,인천광역시,고졸
6840,bec49f0d369542d69627fca04d97aab7,여자,59,경기,2~3년제 전문대학,사무 보조원,여성,6,50대,경기도,전문대졸
6841,8f7a81676a224ba096b423fc67395691,여자,59,경기,고등학교,그 외 돌봄 및 보건 서비스 종사원,여성,6,50대,경기도,고졸
6842,407d7b53393d4c61b6c0ed85e3c23837,여자,50,경기,4년제 대학교,그 외 일반 영업원,여성,6,50대,경기도,대졸
6843,9e2dfe2e31574722b553717fc43487a7,여자,50,서울,4년제 대학교,사무 보조원,여성,6,50대,서울특별시,대졸
6844,91ef4e9f423644df8a6c5ec6fdef7c6b,여자,53,인천,고등학교,출판 및 자료편집 사무원,여성,6,50대,인천광역시,고졸
6845,a6fb889409e843b5a09cda7dafbfa9c4,여자,59,경기,고등학교,주방 보조원,여성,6,50대,경기도,고졸
6846,fc56ff8bfaba4cc88507ddd15b0035a2,여자,56,경기,고등학교,그 외 화학제품 생산기 조작원,여성,6,50대,경기도,고졸
6847,1b987be8aed44466b9b543c7af90489d,여자,57,경기,고등학교,승용차 및 승합차 운전원,여성,6,50대,경기도,고졸
6848,f26bdd7d628942b7a18ef55ead936309,여자,57,대구,4년제 대학교,그 외 기능 관련 종사원,여성,6,50대,대구광역시,대졸
6849,3ca414aef09048a49e75e75aa813a1b2,여자,56,서울,초등학교,"전직 건물 청소원, 현재 구직중",여성,6,50대,서울특별시,초졸이하
6850,64c3c3d59a754d70892739fc2143a331,여자,59,서울,4년제 대학교,금융 관리자,여성,6,50대,서울특별시,대졸
6851,37967ea6c890446f961416cc3531ab68,여자,50,경기,고등학교,회계 사무원,여성,6,50대,경기도,고졸
6852,b98ec45c485d41d9b532fd6b0caada3a,여자,50,대구,고등학교,무직,여성,6,50대,대구광역시,고졸
6853,1767935db3b64f33851dd1678bfe6a95,여자,50,부산,고등학교,무직,여성,6,50대,부산광역시,고졸
6854,dc6ea6942bd04941a49ea2ddadafa82e,여자,58,경기,대학원,무직,여성,6,50대,경기도,대학원졸
6855,7537379e4b384f1c85361b29eaca2dd2,여자,59,부산,중학교,건물 청소원,여성,6,50대,부산광역시,중졸
6856,8e9629699bec49e189c96993b894b82c,여자,53,대구,고등학교,무직,여성,6,50대,대구광역시,고졸
6857,a24a35917d624b9cbee511b4afbc1fcf,여자,52,서울,고등학교,무직,여성,6,50대,서울특별시,고졸
6858,5180f5bf26a4471fb01cbb0dcc05953a,여자,58,경기,4년제 대학교,무직,여성,6,50대,경기도,대졸
6859,1cd0468a7f5e404bb9d7e3fb3fcdd0a4,여자,58,울산,중학교,승용차 및 승합차 운전원,여성,6,50대,울산광역시,중졸
6860,2d991bb7ff484552bf5d7b987a53392f,여자,54,경상남,4년제 대학교,지방행정 사무원,여성,6,50대,경상남도,대졸
6861,25b0805f374d447cb323f6c87a8bda7a,여자,57,울산,고등학교,금속 세척기 조작원,여성,6,50대,울산광역시,고졸
6862,a693ac3f73a7489b8e4de135107d15b9,여자,58,경상북,고등학교,화장품 판매원,여성,6,50대,경상북도,고졸
6863,3f7173e625484c75b6cd280552f60f0d,여자,57,서울,고등학교,무직,여성,6,50대,서울특별시,고졸
6864,66875c3f3f32450bbb5744f1daec6bbf,여자,51,경상남,4년제 대학교,무직,여성,6,50대,경상남도,대졸
6865,02fc34c2c2da4ca5b1eb0c3febdde20b,여자,52,부산,2~3년제 전문대학,무직,여성,6,50대,부산광역시,전문대졸
6866,8b2c2b8e58ad4f2098c97e733ef3b69c,여자,58,경기,4년제 대학교,시스템 소프트웨어 설계 및 분석가,여성,6,50대,경기도,대졸
6867,507f1d1ff283414b885397b844719ff2,여자,53,경기,고등학교,음료 서비스 종사원,여성,6,50대,경기도,고졸
6868,7e111546988341e1952169504152bf9d,여자,59,경기,고등학교,그 외 미용 관련 서비스 종사원,여성,6,50대,경기도,고졸
6869,3e34423a3f454d18ad83a1b473a88fd8,여자,58,경기,고등학교,학습지 방문강사,여성,6,50대,경기도,고졸
6870,c5293ea16d0b4193a236dedcf771e8cd,여자,51,경상북,고등학교,한식 조리사,여성,6,50대,경상북도,고졸
6871,dea75b864d664b1bb21aaae6591f0c3c,여자,58,경기,2~3년제 전문대학,보육 관련 시설 서비스 종사원,여성,6,50대,경기도,전문대졸
6872,40728730cff0413b930c72fefe2ef2ac,여자,55,경기,고등학교,노인 및 장애인 돌봄 서비스 종사원,여성,6,50대,경기도,고졸
6873,86803a314ae54f4c8ca6adcfaa41952a,여자,55,경기,4년제 대학교,일반 간호사,여성,6,50대,경기도,대졸
6874,7738aa4fc5e3476580b60943da742288,여자,55,경기,고등학교,유리 관련 기능 종사원,여성,6,50대,경기도,고졸
6875,9b9b992800f7456eb7723d5c4ed1b4a3,여자,50,광주,고등학교,보육 관련 시설 서비스 종사원,여성,6,50대,광주광역시,고졸
6876,039c9d83dff54f4d8e637d19be00606c,여자,55,경기,고등학교,그 외 상점 판매원,여성,6,50대,경기도,고졸
6877,c3a56b39f83849ab99e8477ee7bd005e,여자,56,부산,고등학교,무직,여성,6,50대,부산광역시,고졸
6878,c201a77d2e494144b0d5f11b36bdbcad,여자,52,울산,4년제 대학교,경영 컨설턴트,여성,6,50대,울산광역시,대졸
6879,173e92b30dfb4ce4a42eba7ed253b00d,여자,58,전라남,4년제 대학교,무직,여성,6,50대,전라남,대졸
6880,0e9b9f8fb61e4c8baab8fe2f52a0e9bb,여자,58,인천,중학교,주방 보조원,여성,6,50대,인천광역시,중졸
6881,3a1af3e0efb54cd9a9b52c7fba4ac0df,여자,58,경기,고등학교,무직,여성,6,50대,경기도,고졸
6882,8d323f0c2b894b58b082e2ae96563481,여자,58,경상남,고등학교,커피 조리사,여성,6,50대,경상남도,고졸
6883,3f3470de09b74826b313e27443915350,여자,56,전북,4년제 대학교,공공행정 사무원,여성,6,50대,전북특별자치도,대졸
6884,94f5cc4a4b774dbba051ea13f85487e0,여자,50,전라남,4년제 대학교,공공행정 사무원,여성,6,50대,전라남,대졸
6885,1d90996ed1994b90a0bfddc96785305c,여자,54,광주,2~3년제 전문대학,무직,여성,6,50대,광주광역시,전문대졸
6886,4db4aec8876a4f27b1f099bde8f7c134,여자,51,경기,고등학교,경리 사무원,여성,6,50대,경기도,고졸
6887,2f5de42236ab4e42bc7adf7bad2544b7,여자,51,경상남,고등학교,그 외 돌봄 및 보건 서비스 종사원,여성,6,50대,경상남도,고졸
6888,6f012a1025524d0d859d8e5935f34ca2,여자,56,전북,초등학교,건물 청소원,여성,6,50대,전북특별자치도,초졸이하
6889,b57c6aacd6fc4d71841b88230a25fd1e,여자,52,전라남,고등학교,운송장비 청소원,여성,6,50대,전라남,고졸
6890,57c6af8ee7cd4b7a9fe2c9fdeaaf81ac,여자,59,충청북,대학원,무직,여성,6,50대,충청북,대학원졸
6891,368119af750f45f1b0fd5b3c43d1054d,여자,54,경기,고등학교,공공행정 사무원,여성,6,50대,경기도,고졸
6892,f15e42acc6bb4f87a444fff43be5dc1b,여자,56,경기,대학원,안과 및 이비인후과 전문 의사,여성,6,50대,경기도,대학원졸
6893,42f1dbce95a449f0a71dbef9c51f4146,여자,50,대구,4년제 대학교,일반 비서,여성,6,50대,대구광역시,대졸
6894,3ea95c3324cb45c390fecc195f381c64,여자,52,대구,고등학교,텔레마케터,여성,6,50대,대구광역시,고졸
6895,69b50d511bb14ea8bc6b8d70e163c81b,여자,56,경기,2~3년제 전문대학,무직,여성,6,50대,경기도,전문대졸
6896,a21374fd99854c2fad27aceb96b696a8,여자,55,경기,4년제 대학교,컴퓨터 운영 관리자,여성,6,50대,경기도,대졸
6897,6eb7e8bc00d047939c12271d4b042994,여자,50,충청북,4년제 대학교,경리 사무원,여성,6,50대,충청북,대졸
6898,dda14b5387ac403983e4c4cc12256d7a,여자,57,경기,고등학교,무직,여성,6,50대,경기도,고졸
6899,b19444cc4ca24e7fbb26b839c19f243e,여자,58,전북,고등학교,무직,여성,6,50대,전북특별자치도,고졸
6900,6377e367b11d46f68e4a94645aaaefe9,여자,57,경기,고등학교,주방 보조원,여성,6,50대,경기도,고졸
6901,274d174f466347f085f65e3f956a0627,여자,57,부산,4년제 대학교,무직,여성,6,50대,부산광역시,대졸
6902,5bb436644bc8477595b508a5b8bf7962,여자,55,서울,중학교,음식료품 판매원,여성,6,50대,서울특별시,중졸
6903,a0a9e5faa10949b5a175995dd9af0377,여자,55,대구,중학교,그 외 상점 판매원,여성,6,50대,대구광역시,중졸
6904,ec0e8c60a2c646b68064bada651e6d75,여자,58,광주,고등학교,그 외 배달원,여성,6,50대,광주광역시,고졸
6905,7df3b2320f434667815b1afbf6b338ad,여자,57,제주,고등학교,텔레마케터,여성,6,50대,제주특별자치도,고졸
6906,d0fb5200c12d4d50a8c30214ff29e43a,여자,55,경기,고등학교,회계 사무원,여성,6,50대,경기도,고졸
6907,ef94e2ab19624120b64274f534fa42fa,여자,50,경기,2~3년제 전문대학,무직,여성,6,50대,경기도,전문대졸
6908,16103cbcaf594df79be7feddb928cb9c,여자,51,서울,고등학교,무직,여성,6,50대,서울특별시,고졸
6909,25c32ffa89b74dc682592b26185ddb48,여자,51,경상남,고등학교,한식 조리사,여성,6,50대,경상남도,고졸
6910,53f0d39dfacc44e1b2014a12304b1a36,여자,51,경상남,대학원,변호사,여성,6,50대,경상남도,대학원졸
6911,decde240cdf34ab2a9d09b37b8581c34,여자,56,경상북,고등학교,그 외 조리사,여성,6,50대,경상북도,고졸
6912,82f7fcbd3f914476a70471af47497fc1,여자,52,전북,4년제 대학교,소규모 상점 경영자,여성,6,50대,전북특별자치도,대졸
6913,d17cd03b49b74d289018dc9af579b023,여자,59,경기,중학교,무직,여성,6,50대,경기도,중졸
6914,605238078bfb408299ceb30f4ab942ef,여자,51,경상남,고등학교,조경원,여성,6,50대,경상남도,고졸
6915,f15c5778def340a7aa5d223cb023399c,여자,59,경기,4년제 대학교,식품학 연구원,여성,6,50대,경기도,대졸
6916,7469574d4823416c92992abf91425dd4,여자,51,경기,고등학교,무직,여성,6,50대,경기도,고졸
6917,6698285c0265484981f238a4d6939f9e,여자,58,경상북,고등학교,교사 교육 보조원,여성,6,50대,경상북도,고졸
6918,7a6fe6a7c3244e078b789d623d4b74d1,여자,52,대구,고등학교,무직,여성,6,50대,대구광역시,고졸
6919,0383c387c1fc408aaef8aae2869b3590,여자,54,경상북,고등학교,건물 경비원,여성,6,50대,경상북도,고졸
6920,c5c2d1411d2d491ba4831813820791b4,여자,54,경기,대학원,변호사,여성,6,50대,경기도,대학원졸
6921,0979035e7b334573a20d9b129e23fc7e,여자,52,충청남,고등학교,그 외 법률 관련 사무원,여성,6,50대,충청남,고졸
6922,0a7745d3f5774daf99b1d8243206dbdc,여자,51,인천,고등학교,무직,여성,6,50대,인천광역시,고졸
6923,6439f6cce65e41758bb5554e2069a285,여자,53,대구,4년제 대학교,공공행정 사무원,여성,6,50대,대구광역시,대졸
6924,6195c8a96c7a40babce8b5a39b903a73,여자,53,대전,중학교,가스 점검원,여성,6,50대,대전광역시,중졸
6925,ae0910b344ef4ba690a0b1e3cf0d5756,여자,55,경상남,4년제 대학교,무직,여성,6,50대,경상남도,대졸
6926,1f5c2887990c4b6791f2374c73192175,여자,55,인천,고등학교,자동차 차체 부품 조립원,여성,6,50대,인천광역시,고졸
6927,50983d5148dc43bfb1e2c7bd94cb9a75,여자,52,경상남,고등학교,철도운송 관련 종사원,여성,6,50대,경상남도,고졸
6928,52baf07656e24cb9990d191c11902fdf,여자,55,경상남,고등학교,한식 조리사,여성,6,50대,경상남도,고졸
6929,7656f638435c41e494e8d01cb0af2c3e,여자,52,서울,4년제 대학교,입학 사정관,여성,6,50대,서울특별시,대졸
6930,ec93026693124646a62a1ee6209bc4a6,여자,51,대전,고등학교,텔레마케터,여성,6,50대,대전광역시,고졸
6931,b0e1f697973e48c7bd1f5bc2ab1faadf,여자,58,광주,중학교,그 외 산업 전기 설치원,여성,6,50대,광주광역시,중졸
6932,6255e36bc8624310af235507f3f23fce,여자,50,부산,고등학교,소규모 상점 경영자,여성,6,50대,부산광역시,고졸
6933,e385505957004e108142db29646f399a,여자,57,대구,2~3년제 전문대학,무직,여성,6,50대,대구광역시,전문대졸
6934,dccd8975f9074010a0b5907a1a8115f6,여자,54,경기,고등학교,노점 및 이동 판매원,여성,6,50대,경기도,고졸
6935,21e41db6687d4fd2a584ba97f0615016,여자,53,대전,고등학교,용접기 조작원,여성,6,50대,대전광역시,고졸
6936,640b6352ea1b4e6d94b8f131e438b3cb,여자,53,대전,4년제 대학교,무직,여성,6,50대,대전광역시,대졸
6937,764c460922e64b77881659d6e520d09e,여자,54,서울,4년제 대학교,전산 자료 입력원,여성,6,50대,서울특별시,대졸
6938,ea11bccb434a4d95bd6461e1a2f6446c,여자,57,인천,고등학교,한식 조리사,여성,6,50대,인천광역시,고졸
6939,f69d6fac61b34e17b1f348820d874172,여자,55,경기,중학교,사무 보조원,여성,6,50대,경기도,중졸
6940,93adaa102e274160b2f3a638dab13bc4,여자,59,경상남,4년제 대학교,무직,여성,6,50대,경상남도,대졸
6941,1c2d274954314da9ba84a4aedb1f0cb7,여자,55,경기,고등학교,간병인,여성,6,50대,경기도,고졸
6942,69b0f0cece794b4988c872103d3db5eb,여자,59,울산,고등학교,무직,여성,6,50대,울산광역시,고졸
6943,c1f89cecb8724dab8b2b8050d3bfedfc,여자,57,서울,고등학교,주방 보조원,여성,6,50대,서울특별시,고졸
6944,05f8872ae6a44f34a55b77b7506177a3,여자,52,경상남,고등학교,무직,여성,6,50대,경상남도,고졸
6945,7fe4af46610a4006b796d3eb2c80905f,여자,55,경기,고등학교,그 외 전기·전자 부품 및 제품 조립원,여성,6,50대,경기도,고졸
6946,479f1f0347d44ae7a6e34409f7660830,여자,50,경상남,고등학교,무직,여성,6,50대,경상남도,고졸
6947,6411c697ee664adaa37d3d86f0272fe1,여자,55,경상남,고등학교,경리 사무원,여성,6,50대,경상남도,고졸
6948,a64ecef462f14b0bb5fe7b0f6da710af,여자,57,경기,고등학교,한식 조리사,여성,6,50대,경기도,고졸
6949,27f664c7065542e7b9c324892b671ef5,여자,50,충청북,고등학교,가사 도우미,여성,6,50대,충청북,고졸
6950,2ed51e65bade40e88975036eeeae0960,여자,54,서울,고등학교,대여 제품 방문 점검원,여성,6,50대,서울특별시,고졸
6951,50febc02ab6f4ab5a980a66998143810,여자,51,경기,고등학교,전화 상담원,여성,6,50대,경기도,고졸
6952,83c85500a70e4d019c31fc5a7a1792cc,여자,59,전북,고등학교,무직,여성,6,50대,전북특별자치도,고졸
6953,a89727557e7e40108c6ba0025df42d55,여자,59,전라남,고등학교,제품 단순 선별원,여성,6,50대,전라남,고졸
6954,a72b4287b246479eb3e93660a6229fe6,여자,56,광주,중학교,음식 서비스 종사원,여성,6,50대,광주광역시,중졸
6955,c46b24fd944d46a5aef3885f1608e483,여자,51,경기,고등학교,무직,여성,6,50대,경기도,고졸
6956,0b790b87c6b0475da9b505a10cd03709,여자,55,충청남,고등학교,가사 도우미,여성,6,50대,충청남,고졸
6957,35f4b6a62f9c420e9da38854b18b38d8,여자,58,서울,고등학교,무직,여성,6,50대,서울특별시,고졸
6958,c38e1dc836af480d97a2629421f47b22,여자,52,부산,중학교,무직,여성,6,50대,부산광역시,중졸
6959,b60a5c9434964e8e9c966eddfaeaaa1a,여자,55,경기,중학교,무직,여성,6,50대,경기도,중졸
6960,e542d379b846408893441213a8ebc5d6,여자,55,강원,고등학교,영업 관련 관리자,여성,6,50대,강원특별자치도,고졸
6961,8b85f2871f164752a9da67f3c4cad8db,여자,54,광주,2~3년제 전문대학,텔레마케터,여성,6,50대,광주광역시,전문대졸
6962,25a854220a324ce8a055854c549fafac,여자,57,경기,고등학교,통계 사무원,여성,6,50대,경기도,고졸
6963,f119e1589cbc4812b08fd0b93221794b,여자,55,인천,고등학교,무직,여성,6,50대,인천광역시,고졸
6964,d9e0a6203ba344a9adec270f9d7f04b7,여자,50,대전,4년제 대학교,한식 조리사,여성,6,50대,대전광역시,대졸
6965,557e507124cd41d781c46707346cc258,여자,56,서울,4년제 대학교,유치원 교사,여성,6,50대,서울특별시,대졸
6966,f0da1b3b76e540b59a8aa4d3492ade7b,여자,53,경상남,고등학교,무직,여성,6,50대,경상남도,고졸
6967,11b9004bcee84b1489aba9591a7cc2f1,여자,58,대전,고등학교,교도관,여성,6,50대,대전광역시,고졸
6968,68b60fa184a849c1b4470adb332a8dd7,여자,65,서울,4년제 대학교,무직,여성,7,60대,서울특별시,대졸
6969,b353fdf609484876a78652781850aa78,여자,62,경상북,초등학교,무직,여성,7,60대,경상북도,초졸이하
6970,fb875b86ac9b4f598968d822d3cbbe6c,여자,64,인천,고등학교,무직,여성,7,60대,인천광역시,고졸
6971,74b6d67bee004764ae9718172f9467c3,여자,60,강원,중학교,무직,여성,7,60대,강원특별자치도,중졸
6972,afafd000c4a34167a9b13dc1e257e2c7,여자,60,서울,중학교,소규모 상점 경영자,여성,7,60대,서울특별시,중졸
6973,dde903b970f74684812c9bed90b1aad7,여자,65,부산,고등학교,무직,여성,7,60대,부산광역시,고졸
6974,12a6ee1375894b1c930be456fa7de46a,여자,66,경기,초등학교,무직,여성,7,60대,경기도,초졸이하
6975,5c584eb8158d468982b509b30c60ca50,여자,62,경상남,고등학교,무직,여성,7,60대,경상남도,고졸
6976,d4fb5fd0689f409bade47fa6b4ba6d6f,여자,68,서울,고등학교,무직,여성,7,60대,서울특별시,고졸
6977,225a4f63079b4d769e15c31ab9f55149,여자,64,인천,고등학교,무직,여성,7,60대,인천광역시,고졸
6978,070008339d424465a703851c933b8344,여자,61,경기,고등학교,무직,여성,7,60대,경기도,고졸
6979,7596abc4061d490c9d6170703863edd2,여자,62,대전,고등학교,건물 청소원,여성,7,60대,대전광역시,고졸
6980,4e9b00f265b44801a1ddc9a5cb119816,여자,69,부산,고등학교,무직,여성,7,60대,부산광역시,고졸
6981,b2dfa662c9a145adb21d50cf13dfd88f,여자,64,경상북,고등학교,무직,여성,7,60대,경상북도,고졸
6982,6eb5095519e543c89c358b5ca84ec0e6,여자,62,경기,고등학교,무직,여성,7,60대,경기도,고졸
6983,fcc6fade5501491a89b942edaf943701,여자,64,경기,고등학교,무직,여성,7,60대,경기도,고졸
6984,73102635d09d412bacde134cf1b85f05,여자,60,경상북,중학교,그 외 제조 관련 단순 종사원,여성,7,60대,경상북도,중졸
6985,595cfdf141824fb9b93cf3cebc183ca9,여자,62,경기,고등학교,무직,여성,7,60대,경기도,고졸
6986,1611f5308a0b4fe68b49b6d23649bb41,여자,67,경기,2~3년제 전문대학,주방 보조원,여성,7,60대,경기도,전문대졸
6987,3aa2ea0d53f0412eaad3686c3bd51f69,여자,61,경기,고등학교,"전직 건물 청소원, 현재 구직중",여성,7,60대,경기도,고졸
6988,536a7467ee084353a4d789b49256370a,여자,60,서울,고등학교,음식 서비스 종사원,여성,7,60대,서울특별시,고졸
6989,29d0eba6a0fc4a0586235494a116fbba,여자,64,대전,중학교,무직,여성,7,60대,대전광역시,중졸
6990,b7ae0ce1bb22443fa1280d948bccbc77,여자,66,충청남,중학교,하역 및 적재 관련 단순 종사원,여성,7,60대,충청남,중졸
6991,eadcf793f64e4a0cb4ca1bfedd3055e1,여자,63,전라남,고등학교,무직,여성,7,60대,전라남,고졸
6992,50df26e9d3644edeab16131c7aea06d8,여자,62,충청북,4년제 대학교,무직,여성,7,60대,충청북,대졸
6993,4ccdfecf41974ab9bd7c04268f252a62,여자,68,강원,고등학교,주방 보조원,여성,7,60대,강원특별자치도,고졸
6994,9c1fc3b7f7044ef681259dc3b7a0539a,여자,65,전라남,고등학교,지게차 운전원,여성,7,60대,전라남,고졸
6995,10f3bb09783f4e948ca6d017e9cae958,여자,60,인천,초등학교,무직,여성,7,60대,인천광역시,초졸이하
6996,30ceebdd55624f8a9bb3da273695f11b,여자,66,경상남,중학교,무직,여성,7,60대,경상남도,중졸
6997,7b7aa5150ff644198a00abb268fb7a56,여자,62,부산,2~3년제 전문대학,그 외 경호 및 보안 관련 종사원,여성,7,60대,부산광역시,전문대졸
6998,3191decd46464bf0bf7e37a1ffcfc042,여자,67,경상남,초등학교,무직,여성,7,60대,경상남도,초졸이하
6999,01c1c762ca8043acbc9a1005f33eff8e,여자,68,울산,중학교,주방 보조원,여성,7,60대,울산광역시,중졸
7000,aa24f2bd97ce40a594ddcc65345d4ef1,여자,66,대구,고등학교,노인 및 장애인 돌봄 서비스 종사원,여성,7,60대,대구광역시,고졸
7001,87f058c1f0ed474bb3a56d6b07203971,여자,60,인천,고등학교,그 외 물품 이동 장비 조작원,여성,7,60대,인천광역시,고졸
7002,11e2ec2c15fe49949d15001d4817d787,여자,60,충청남,고등학교,"전직 보육 관련 시설 서비스 종사원, 현재 구직중",여성,7,60대,충청남,고졸
7003,d6c66f24d6804469b78a71ab4a48fd7c,여자,66,부산,고등학교,무직,여성,7,60대,부산광역시,고졸
7004,77108079578147dcb44ebb8913a4df4e,여자,64,경기,고등학교,건물 경비원,여성,7,60대,경기도,고졸
7005,a06dc90565f5438e8af7997d4bb7d6b6,여자,62,경상북,중학교,무직,여성,7,60대,경상북도,중졸
7006,395f0946786246f08fd7ce6649c15d90,여자,66,울산,초등학교,무직,여성,7,60대,울산광역시,초졸이하
7007,4aeca5e8853e489c8b2e34067b223f16,여자,63,경상남,중학교,무직,여성,7,60대,경상남도,중졸
7008,c3dfb1111f4b41789ae2b60bbe5cf3c1,여자,61,인천,4년제 대학교,그 외 스포츠 및 레크리에이션 관련 전문가,여성,7,60대,인천광역시,대졸
7009,a66556997be14a3799c9bac174067747,여자,60,경기,중학교,무직,여성,7,60대,경기도,중졸
7010,107bf04eeadb40f3a3d055af7d327ea8,여자,63,서울,고등학교,무직,여성,7,60대,서울특별시,고졸
7011,cadba680fedf4b66b4e343c0d6624cbc,여자,66,강원,고등학교,"전직 주방 보조원, 현재 구직중",여성,7,60대,강원특별자치도,고졸
7012,11bea86092564d58811df530df8c3820,여자,61,인천,중학교,무직,여성,7,60대,인천광역시,중졸
7013,e0adc3bb3b7e44b09e7de6c8e9619405,여자,62,부산,고등학교,무직,여성,7,60대,부산광역시,고졸
7014,9d74cc93b4744435a514ad0ea9154680,여자,62,서울,초등학교,건물 청소원,여성,7,60대,서울특별시,초졸이하
7015,ac1261be44214bbebd52d44d9d69875f,여자,63,울산,고등학교,건물 청소원,여성,7,60대,울산광역시,고졸
7016,e08d6a9f38e64a4696f97ec2e27ca289,여자,69,인천,4년제 대학교,무직,여성,7,60대,인천광역시,대졸
7017,5427177e20a849c6941ac2de63d12401,여자,67,경기,중학교,무직,여성,7,60대,경기도,중졸
7018,5829682de69946b9a65bdf27adc8961e,여자,69,서울,중학교,무직,여성,7,60대,서울특별시,중졸
7019,ef0433dc1007473399fbe3edc7afbf82,여자,67,경기,초등학교,무직,여성,7,60대,경기도,초졸이하
7020,c60f99607a5544cca33912f60a933625,여자,66,경기,고등학교,상담 전문가,여성,7,60대,경기도,고졸
7021,6753c4328c1d48bebb100c5ef93e855e,여자,61,경기,중학교,무직,여성,7,60대,경기도,중졸
7022,c2d077f48330456aa9679df409caccc2,여자,69,경상남,중학교,무직,여성,7,60대,경상남도,중졸
7023,44e20cd7dec24953887217e10ee9a9e8,여자,60,부산,고등학교,무직,여성,7,60대,부산광역시,고졸
7024,e16efccf2424420eaf03fd863d70ffad,여자,68,대구,초등학교,무직,여성,7,60대,대구광역시,초졸이하
7025,1a0df1d437574a0fb068244a2fabfabd,여자,69,부산,고등학교,편직기 조작원,여성,7,60대,부산광역시,고졸
7026,8348acd6dc5a4a098372db30bb320e72,여자,60,충청북,고등학교,무직,여성,7,60대,충청북,고졸
7027,ed11554affc64cbbbd247183b3922615,여자,68,강원,초등학교,무직,여성,7,60대,강원특별자치도,초졸이하
7028,1cb1fef54a6b4d34993bb6fca2b814fa,여자,69,서울,고등학교,무직,여성,7,60대,서울특별시,고졸
7029,c3c076321ce1414083400ffddd083d51,여자,61,부산,고등학교,무직,여성,7,60대,부산광역시,고졸
7030,f4104533bf9f4009abb164e5511b03ff,여자,67,경상남,4년제 대학교,"전직 온라인 쇼핑 판매원, 현재 구직중",여성,7,60대,경상남도,대졸
7031,94595f06b54a42d292730baf7de1403f,여자,64,경기,2~3년제 전문대학,무직,여성,7,60대,경기도,전문대졸
7032,403fcba48d8644b78e8f19ec5d21fb72,여자,63,경기,2~3년제 전문대학,간호조무사,여성,7,60대,경기도,전문대졸
7033,bef0f01553f6438b9ede7b846c747409,여자,63,충청북,고등학교,시내버스 운전원,여성,7,60대,충청북,고졸
7034,c924a4e27c8340879d69c71cbe260f57,여자,68,서울,중학교,하역 및 적재 관련 단순 종사원,여성,7,60대,서울특별시,중졸
7035,4eaf70f8bba24358aef65aa9c5baa75f,여자,68,경기,중학교,무직,여성,7,60대,경기도,중졸
7036,bc2ee117beca4577b8a0362c97208e39,여자,69,전라남,초등학교,건물 청소원,여성,7,60대,전라남,초졸이하
7037,4a045d0c707d465fbed3ef978f2f41e9,여자,69,서울,고등학교,그 외 서비스 관련 단순 종사원,여성,7,60대,서울특별시,고졸
7038,d84921d87b37433ea293f1107ecc7c59,여자,68,서울,고등학교,승용차 및 승합차 운전원,여성,7,60대,서울특별시,고졸
7039,bb5e25dba7f84f21ad92e8e7cfdeeb5b,여자,69,충청북,초등학교,노점 및 이동 판매원,여성,7,60대,충청북,초졸이하
7040,6b2c4aff55e94336a31effb05b71036f,여자,60,경상북,4년제 대학교,경리 사무원,여성,7,60대,경상북도,대졸
7041,92a6e285b2a642aa832a7c1558e891ec,여자,60,충청남,중학교,무직,여성,7,60대,충청남,중졸
7042,7c7d8055ce5f4459af10665bb802d979,여자,66,서울,고등학교,무직,여성,7,60대,서울특별시,고졸
7043,220cd9cce2214bb78c5efc48246ea9de,여자,61,서울,고등학교,무직,여성,7,60대,서울특별시,고졸
7044,6d5ff6de24254455bf2075c7623104a8,여자,63,세종,고등학교,무직,여성,7,60대,세종특별자치시,고졸
7045,4977a35831254012901f6f75346c84bb,여자,60,전라남,초등학교,하역 및 적재 관련 단순 종사원,여성,7,60대,전라남,초졸이하
7046,91070824f25b4a39a1654fe33ae16d8e,여자,62,충청북,2~3년제 전문대학,무직,여성,7,60대,충청북,전문대졸
7047,75a94412683d4047b41e3953fa3634f3,여자,65,경기,초등학교,하역 및 적재 관련 단순 종사원,여성,7,60대,경기도,초졸이하
7048,4d9094ca7946454cbf69e95eee787bfc,여자,64,강원,초등학교,무직,여성,7,60대,강원특별자치도,초졸이하
7049,19a29b90391a467a9cd2bbdf2891ab9a,여자,61,경기,고등학교,그 외 직물·신발 관련 기계 조작원 및 조립원,여성,7,60대,경기도,고졸
7050,29cc370124614886b09c0e043bb3da6c,여자,61,대전,고등학교,무직,여성,7,60대,대전광역시,고졸
7051,bafda3f492844db7828b91f9b91a1055,여자,68,인천,중학교,건물 청소원,여성,7,60대,인천광역시,중졸
7052,bc7070ff7ea14c95a931589b90a5192b,여자,61,전북,고등학교,무직,여성,7,60대,전북특별자치도,고졸
7053,c7c1da01de534013a0f0d86dfc8e2704,여자,68,인천,고등학교,무직,여성,7,60대,인천광역시,고졸
7054,c26f41b365084423b0c2262defb29cb7,여자,69,경상북,고등학교,무직,여성,7,60대,경상북도,고졸
7055,c1ca39d0fe5a486199e469e249ca7053,여자,69,경상남,고등학교,금속 세척기 조작원,여성,7,60대,경상남도,고졸
7056,c5baddf3fd1c45e1bd897276dc4f50cd,여자,65,경상북,고등학교,무직,여성,7,60대,경상북도,고졸
7057,175e27edef3347c8af48ea289a1a5758,여자,67,서울,중학교,시설 경비원,여성,7,60대,서울특별시,중졸
7058,c7bdcddddf4d43d4b0b92c1cb9b37cac,여자,60,서울,중학교,무직,여성,7,60대,서울특별시,중졸
7059,55023f21320b44819483f040803f1225,여자,60,경기,고등학교,가사 도우미,여성,7,60대,경기도,고졸
7060,c5bdba32e6204bf09e925447263977ec,여자,63,경기,2~3년제 전문대학,무직,여성,7,60대,경기도,전문대졸
7061,3a6d4b81d3b74d9b8e3225a90539313b,여자,68,경기,초등학교,한식 조리사,여성,7,60대,경기도,초졸이하
7062,8865e1fc1696463b91336bfa40f08494,여자,66,전북,고등학교,무직,여성,7,60대,전북특별자치도,고졸
7063,8336ef14b6fb4152afa9e259abfa6690,여자,66,서울,중학교,무직,여성,7,60대,서울특별시,중졸
7064,8fcdb28dae1a4e968381baf966fd498e,여자,61,서울,고등학교,무직,여성,7,60대,서울특별시,고졸
7065,aa0db237c2224396af1316bb7ccaba36,여자,60,서울,고등학교,경리 사무원,여성,7,60대,서울특별시,고졸
7066,e61216b69cdf4c9397aba5162ee5ae9a,여자,62,부산,대학원,영업 관련 관리자,여성,7,60대,부산광역시,대학원졸
7067,f75ce03f85f6473a93c84f07ef541bf1,여자,67,경기,초등학교,노점 및 이동 판매원,여성,7,60대,경기도,초졸이하
7068,11fbbfd76b174235ad4e0b57618cd03e,여자,66,경상남,중학교,한식 조리사,여성,7,60대,경상남도,중졸
7069,c36dd8163f9e40ed84dc322d536a7730,여자,62,경상북,중학교,무직,여성,7,60대,경상북도,중졸
7070,7b2412bb86ce4efca8cbb21e095e41e9,여자,66,서울,고등학교,무직,여성,7,60대,서울특별시,고졸
7071,7ad9149d510c456d9e04cf40439f9d1c,여자,65,경기,무학,무직,여성,7,60대,경기도,무학
7072,d09efd6a7ac3465fa29b9db0b77159b9,여자,67,부산,초등학교,무직,여성,7,60대,부산광역시,초졸이하
7073,9277af928d4b49209d1bfe99971ac3a8,여자,68,경기,중학교,그 외 서비스 관련 단순 종사원,여성,7,60대,경기도,중졸
7074,5ec0f21a5ab64173b60f17094461a464,여자,64,부산,고등학교,무직,여성,7,60대,부산광역시,고졸
7075,1666a24a5a364142a99a9f64f247c72c,여자,65,경기,초등학교,무직,여성,7,60대,경기도,초졸이하
7076,f8b452479fd3473a9e8f74c25012b31c,여자,68,강원,고등학교,무직,여성,7,60대,강원특별자치도,고졸
7077,4d2efad8e71249cbbf78e95f1c76fe07,여자,64,대구,중학교,무직,여성,7,60대,대구광역시,중졸
7078,6bf4d6523a4d456d87d773e09af560f1,여자,64,인천,중학교,무직,여성,7,60대,인천광역시,중졸
7079,143d9dfd19ec4685a03477171e728f5d,여자,64,대구,중학교,건물 청소원,여성,7,60대,대구광역시,중졸
7080,feae749ed91d4894ac77f7ae0022643f,여자,61,서울,고등학교,무직,여성,7,60대,서울특별시,고졸
7081,0860a52b7ff442f39ce5002192819f1e,여자,61,경기,중학교,무직,여성,7,60대,경기도,중졸
7082,0e7ddfaf7d9f4ca3b9c3d667494c7f92,여자,62,충청남,고등학교,무직,여성,7,60대,충청남,고졸
7083,18bf2160f2ae46aca33114f77d418a9a,여자,63,제주,고등학교,그 외 상점 판매원,여성,7,60대,제주특별자치도,고졸
7084,4d092f050a734a86999bc3839e6e871c,여자,67,경상남,중학교,무직,여성,7,60대,경상남도,중졸
7085,34db50dd710242fdbb3a943e719e000e,여자,62,대전,초등학교,건물 경비원,여성,7,60대,대전광역시,초졸이하
7086,c6d505f85d4c4554892736ae1d105792,여자,64,충청북,중학교,국가행정 사무원,여성,7,60대,충청북,중졸
7087,1434ed849a474747a22268aa8884ce21,여자,63,서울,고등학교,여행 사무원,여성,7,60대,서울특별시,고졸
7088,eba6bc3e223e4357909ca96b4238855c,여자,63,경기,고등학교,무직,여성,7,60대,경기도,고졸
7089,7596effe4366415b970f9cf17c09ee95,여자,62,부산,고등학교,그 외 돌봄 및 보건 서비스 종사원,여성,7,60대,부산광역시,고졸
7090,e2499f9a82274b70965a67e20fb2dfdf,여자,61,부산,고등학교,무직,여성,7,60대,부산광역시,고졸
7091,39cde42b08e3448a82cc6772083682a4,여자,64,경기,고등학교,경·소형 화물차 운전원,여성,7,60대,경기도,고졸
7092,00dc7bc52a074ef59a355556e1454ca6,여자,65,전북,초등학교,무직,여성,7,60대,전북특별자치도,초졸이하
7093,b4a286b83cd740159ea44fa10edf2d36,여자,63,경기,중학교,무직,여성,7,60대,경기도,중졸
7094,42910edb9bb64cc58910052c937fcd0a,여자,67,경기,중학교,무직,여성,7,60대,경기도,중졸
7095,60613d2a11cf44928d8bf26f9045ee92,여자,63,경기,초등학교,무직,여성,7,60대,경기도,초졸이하
7096,b7044e6875a441da810f583b2b4a0718,여자,65,경기,고등학교,무직,여성,7,60대,경기도,고졸
7097,fe3e1b0478a5431c81aa4809335b589c,여자,60,경기,대학원,무직,여성,7,60대,경기도,대학원졸
7098,8653363ca1bc4049be6c73c4676e48b9,여자,61,경기,초등학교,무직,여성,7,60대,경기도,초졸이하
7099,baa77c986efb4b6c9a3f76b603d9fb5b,여자,63,서울,중학교,무직,여성,7,60대,서울특별시,중졸
7100,f2b11f4585be4a30b13779d5a1481695,여자,63,경상북,초등학교,건물 청소원,여성,7,60대,경상북도,초졸이하
7101,c78024bb18b6422b863a35677f37979b,여자,65,경상남,중학교,무직,여성,7,60대,경상남도,중졸
7102,a204ae4922bc4cbda6ec3a20b1d8b586,여자,60,경기,고등학교,무직,여성,7,60대,경기도,고졸
7103,f690ad2a14c342f9aa7976ca1f3c4e47,여자,65,강원,중학교,무직,여성,7,60대,강원특별자치도,중졸
7104,8d0289d398524b86be095b38cb23ae18,여자,67,경상북,초등학교,무직,여성,7,60대,경상북도,초졸이하
7105,3ae8d72d7a2741228be0d36d87739eb5,여자,62,경기,4년제 대학교,무직,여성,7,60대,경기도,대졸
7106,6ecda7a7c93f454d905261b91e8b5fd8,여자,67,경기,고등학교,무직,여성,7,60대,경기도,고졸
7107,af9fa4d9d6164f1eb95809e3ace0dedb,여자,65,서울,초등학교,"전직 데스크 안내원, 현재 구직중",여성,7,60대,서울특별시,초졸이하
7108,a892e3ee06c34e1d95f862221cd200b5,여자,60,전라남,고등학교,무직,여성,7,60대,전라남,고졸
7109,12e93c98482a46e4b4ee46176240141c,여자,64,서울,고등학교,무직,여성,7,60대,서울특별시,고졸
7110,2931111711bd4ede89de144a2b573d5f,여자,65,경상남,중학교,무직,여성,7,60대,경상남도,중졸
7111,d72297460c5d41c09bd1859d3b4629a6,여자,62,서울,고등학교,무직,여성,7,60대,서울특별시,고졸
7112,745767565c4f47db926d3dd42ae3e681,여자,62,서울,4년제 대학교,사서,여성,7,60대,서울특별시,대졸
7113,cde2d67501da49f0b4b5cf1e5348bac7,여자,60,울산,고등학교,무직,여성,7,60대,울산광역시,고졸
7114,4719f9bd90184bb5aa2639ea36a1967d,여자,69,경기,중학교,무직,여성,7,60대,경기도,중졸
7115,d12d5f185ce24d4a8a5e02990c85b7c5,여자,66,부산,초등학교,무직,여성,7,60대,부산광역시,초졸이하
7116,5b1ee995f9e94c328ed7f8a33db81224,여자,67,광주,4년제 대학교,무직,여성,7,60대,광주광역시,대졸
7117,30426b1d27994a348d38b4d1867e037c,여자,62,광주,고등학교,무직,여성,7,60대,광주광역시,고졸
7118,a1f1766e15d54cc99dbcc99bbf72bbbe,여자,66,강원,초등학교,무직,여성,7,60대,강원특별자치도,초졸이하
7119,6c1d93a2b7534d518532b45e5b6c1eb5,여자,63,경상남,고등학교,무직,여성,7,60대,경상남도,고졸
7120,f4a6cee15fa14d60b3c207ec09146e10,여자,69,서울,초등학교,무직,여성,7,60대,서울특별시,초졸이하
7121,557b5124b105453095002f595f1b79b9,여자,61,경기,2~3년제 전문대학,무직,여성,7,60대,경기도,전문대졸
7122,cd58d47fc0df472db81078cd5d6e846b,여자,61,광주,고등학교,무직,여성,7,60대,광주광역시,고졸
7123,5a5d4ea789ea4a84b30f392cf25f181e,여자,61,경기,중학교,주방 보조원,여성,7,60대,경기도,중졸
7124,966959dc474b4be08cb580e5e4586082,여자,62,광주,고등학교,무직,여성,7,60대,광주광역시,고졸
7125,48e9a88818ab4c798d0a8393cd659256,여자,60,부산,고등학교,경·소형 화물차 운전원,여성,7,60대,부산광역시,고졸
7126,938a678926b84d2c94fa5b603aa272b5,여자,64,서울,4년제 대학교,일반 한의사,여성,7,60대,서울특별시,대졸
7127,96175aab26164a388679d864a0a714d1,여자,62,전라남,2~3년제 전문대학,"전직 경리 사무원, 현재 구직중",여성,7,60대,전라남,전문대졸
7128,9d70ae6c34454130b3dfc2d82fa9d122,여자,61,서울,4년제 대학교,무직,여성,7,60대,서울특별시,대졸
7129,e5759124ec0d403e8399e51be5a16e2d,여자,64,전라남,중학교,무직,여성,7,60대,전라남,중졸
7130,ddbb76c3d6a94a5585bbbdcab988706b,여자,66,강원,중학교,무직,여성,7,60대,강원특별자치도,중졸
7131,c8b17d87003d43508bcee80f65f37fb1,여자,69,경기,대학원,무직,여성,7,60대,경기도,대학원졸
7132,700f8cf1555b478ca24d351477a6bd64,여자,65,충청남,초등학교,무직,여성,7,60대,충청남,초졸이하
7133,b442f6f5d91443e495be91dc8d413db6,여자,64,경상남,고등학교,무직,여성,7,60대,경상남도,고졸
7134,57ab8b46a1264df18a88256ed443bf3a,여자,63,경기,4년제 대학교,무직,여성,7,60대,경기도,대졸
7135,566d88913d3e4c9095393b685bbfa8f3,여자,66,인천,대학원,경영 기획 사무원,여성,7,60대,인천광역시,대학원졸
7136,b43cacc4db4446c0a267b9a042028275,여자,69,경기,고등학교,무직,여성,7,60대,경기도,고졸
7137,af1b82f4d3a143319d30abaa68d1548e,여자,69,경상북,고등학교,음식 서비스 종사원,여성,7,60대,경상북도,고졸
7138,39f1ea9f2d6f4b9080967a6a7278bd18,여자,62,경기,2~3년제 전문대학,그 외 일반 영업원,여성,7,60대,경기도,전문대졸
7139,53cd9876472240b4b4502a068d376dfa,여자,62,경기,중학교,매장 정리원,여성,7,60대,경기도,중졸
7140,fea58423d7d7476d9548c64af54433b3,여자,63,경기,중학교,음식 서비스 종사원,여성,7,60대,경기도,중졸
7141,cfa54a4ee0d44a5f8111e7ab2105a0e8,여자,61,충청북,4년제 대학교,보육 관련 시설 서비스 종사원,여성,7,60대,충청북,대졸
7142,681fbe1fe9d74da993100d2a3c20b100,여자,66,서울,4년제 대학교,무직,여성,7,60대,서울특별시,대졸
7143,1ca5fb9dce7c410094d61a0c1c983d58,여자,68,충청북,고등학교,무직,여성,7,60대,충청북,고졸
7144,d78904285bf04b13b0f6e44243ed4abc,여자,64,경상북,2~3년제 전문대학,무직,여성,7,60대,경상북도,전문대졸
7145,24ab0b8e5d1347cf81303d172991da25,여자,62,경기,고등학교,무직,여성,7,60대,경기도,고졸
7146,9f6d103a34cc45e59c5c122e767253ed,여자,63,충청북,중학교,그 외 돌봄 및 보건 서비스 종사원,여성,7,60대,충청북,중졸
7147,cf738696ac4742448a84bbe55c25282a,여자,68,전북,초등학교,무직,여성,7,60대,전북특별자치도,초졸이하
7148,dbf6c85525bf41fc956ae3e11b9ad779,여자,68,경기,고등학교,무직,여성,7,60대,경기도,고졸
7149,16b4872d02af4b448eba4fc7f818103c,여자,69,경상남,중학교,금속기계 부품 조립원,여성,7,60대,경상남도,중졸
7150,44db3f77d68440f48c64e218055ca128,여자,64,광주,초등학교,무직,여성,7,60대,광주광역시,초졸이하
7151,322ac59252324eef9783d2e7775533c9,여자,60,충청남,중학교,무직,여성,7,60대,충청남,중졸
7152,db3eff4d854c47958c373b9da7b5e60a,여자,63,강원,고등학교,무직,여성,7,60대,강원특별자치도,고졸
7153,dee47c21149f4b2b88219c79f309254c,여자,64,경기,2~3년제 전문대학,무직,여성,7,60대,경기도,전문대졸
7154,89b5d561ec3a4060b669c524b3b15367,여자,65,서울,초등학교,무직,여성,7,60대,서울특별시,초졸이하
7155,3671c2812679403b8713ee745191535d,여자,61,경기,고등학교,그 외 조리사,여성,7,60대,경기도,고졸
7156,cf06c5e54ae04635b593f3ec4eccc423,여자,63,광주,고등학교,그 외 돌봄 및 보건 서비스 종사원,여성,7,60대,광주광역시,고졸
7157,05c7436b5e8941e082d00b1fcdd6dce9,여자,62,경상북,고등학교,무직,여성,7,60대,경상북도,고졸
7158,4d97fcec754f47e0aff3c9430714df35,여자,65,경기,고등학교,음식 서비스 종사원,여성,7,60대,경기도,고졸
7159,06f299536c3c4f5d87f60ec63cb63dc2,여자,64,충청남,고등학교,무직,여성,7,60대,충청남,고졸
7160,42c4dfe7c8bf467e89f2f3b008c29756,여자,67,강원,중학교,무직,여성,7,60대,강원특별자치도,중졸
7161,a6e7ab45fb334017814fef7cd0f6fedb,여자,69,경상북,4년제 대학교,무직,여성,7,60대,경상북도,대졸
7162,7ebc032eaa4c4a2fb9f993a2bd7803c4,여자,60,충청북,고등학교,경·소형 화물차 운전원,여성,7,60대,충청북,고졸
7163,c8b23fbbaea5493c9e35b84dda3c20d8,여자,60,충청북,고등학교,무직,여성,7,60대,충청북,고졸
7164,ccd851c606f748efa7a40fd8995d3448,여자,63,경기,고등학교,"전직 전자제품 제조 기계 조작원, 현재 구직중",여성,7,60대,경기도,고졸
7165,8ee62fcf11a641fea40d1b90849c1f05,여자,63,인천,대학원,상품 기획자,여성,7,60대,인천광역시,대학원졸
7166,73b96692a59b4f80b10ed4d9390512e6,여자,65,인천,중학교,노점 및 이동 판매원,여성,7,60대,인천광역시,중졸
7167,c6884c93e53d41fd835f64bd3e15b93e,여자,66,경기,4년제 대학교,치료사 보조원,여성,7,60대,경기도,대졸
7168,dd8ed088a2a449809d88bcfa171a642b,여자,68,경상남,초등학교,무직,여성,7,60대,경상남도,초졸이하
7169,7a8c42bf3cd04e3594bb8a06d74baa6d,여자,62,대구,고등학교,무직,여성,7,60대,대구광역시,고졸
7170,e1e76a37392e4f76bd8dbf7c6b29f798,여자,63,경상북,4년제 대학교,무직,여성,7,60대,경상북도,대졸
7171,4e8d329a368a452b8d06a09a838938fb,여자,60,대구,2~3년제 전문대학,무직,여성,7,60대,대구광역시,전문대졸
7172,c4de3c1100284660ab644d5f78b2fc7c,여자,60,경상남,중학교,무직,여성,7,60대,경상남도,중졸
7173,73d05db946574e63a6e7970b0b172941,여자,62,서울,고등학교,"전직 주방 보조원, 현재 구직중",여성,7,60대,서울특별시,고졸
7174,28ded9d5441245b8ad2e6185efe908fa,여자,61,부산,고등학교,그 외 서비스 관련 단순 종사원,여성,7,60대,부산광역시,고졸
7175,c0f0e93912924f648a8220cc1569ed35,여자,62,충청남,고등학교,무직,여성,7,60대,충청남,고졸
7176,e20f2e1f0f8040c9b92ffa0a75d674ad,여자,66,강원,초등학교,무직,여성,7,60대,강원특별자치도,초졸이하
7177,75f3fdbeaff34e75b9ed66cfa6c86908,여자,66,경기,중학교,한식 조리사,여성,7,60대,경기도,중졸
7178,b8c9093c6b6f4bc3b75656b2075a8d69,여자,69,충청남,고등학교,무직,여성,7,60대,충청남,고졸
7179,1a92da52e7ac4318bb9c92d16aa7591f,여자,66,경상북,고등학교,일반 비서,여성,7,60대,경상북도,고졸
7180,766d10e2e47f40b0a446847abdfe861c,여자,67,경기,고등학교,무직,여성,7,60대,경기도,고졸
7181,15b27afa62ad419ebc1596c08696ec9e,여자,64,강원,고등학교,무직,여성,7,60대,강원특별자치도,고졸
7182,41dfcf3502b247c5992d944ee08424bf,여자,69,울산,초등학교,무직,여성,7,60대,울산광역시,초졸이하
7183,8bcabb77ec484bf7aad61627473c9dc2,여자,62,부산,고등학교,무직,여성,7,60대,부산광역시,고졸
7184,dcb4ef500d6b442b89e87384578af308,여자,67,전북,초등학교,무직,여성,7,60대,전북특별자치도,초졸이하
7185,5bcecc835aa345caa1a965ffe226990e,여자,64,울산,중학교,무직,여성,7,60대,울산광역시,중졸
7186,3450e972c776461fa04a8ea689b8c1ed,여자,61,대구,4년제 대학교,무직,여성,7,60대,대구광역시,대졸
7187,4e00191643f84632a4b4842cccd6f23f,여자,61,충청북,고등학교,무직,여성,7,60대,충청북,고졸
7188,89bfd1d28e6a4f09bca0577dd8871ab2,여자,63,대전,중학교,그 외 택배원,여성,7,60대,대전광역시,중졸
7189,9b3817888b0948609b5997f2c4cfb492,여자,60,인천,고등학교,무직,여성,7,60대,인천광역시,고졸
7190,ee7a79744e1f4a408f15bbbae0f5b93c,여자,66,서울,고등학교,무직,여성,7,60대,서울특별시,고졸
7191,2f1951effb5e4d48beb1ef773688527f,여자,62,서울,고등학교,무직,여성,7,60대,서울특별시,고졸
7192,c0e4f01e04594f40bd22ad433197304a,여자,62,서울,고등학교,무직,여성,7,60대,서울특별시,고졸
7193,685ce8e2d203486dbec6a573512deee3,여자,68,경기,고등학교,음식 서비스 종사원,여성,7,60대,경기도,고졸
7194,2393f985c4054b8e9785e1078956ff4c,여자,67,경상남,중학교,건물 청소원,여성,7,60대,경상남도,중졸
7195,fef0f8e14b9c46c1941b307dbe92ca4c,여자,64,서울,고등학교,무직,여성,7,60대,서울특별시,고졸
7196,ffd36e14b66247eaa09650f93acf1a10,여자,64,부산,중학교,무직,여성,7,60대,부산광역시,중졸
7197,2c80a9b2d3d84f1190f6e0cde1cf7d2d,여자,64,경기,고등학교,무직,여성,7,60대,경기도,고졸
7198,799bbd031c634182990634a7a73f1ba6,여자,60,광주,고등학교,무직,여성,7,60대,광주광역시,고졸
7199,520f59df8b384720b1a63068a3167b85,여자,62,강원,고등학교,무직,여성,7,60대,강원특별자치도,고졸
7200,1bc03c5003fc41ccbe34ab4949851dc5,여자,68,강원,초등학교,무직,여성,7,60대,강원특별자치도,초졸이하
7201,eecc141d8d0b438ba4bf1ecaac407fdf,여자,67,경기,중학교,하역 및 적재 관련 단순 종사원,여성,7,60대,경기도,중졸
7202,31a32a9d36bc494ca7948c87982864f9,여자,64,충청남,중학교,무직,여성,7,60대,충청남,중졸
7203,d72980e9f06148b5ae89c4ce7d3eb615,여자,68,경기,고등학교,무직,여성,7,60대,경기도,고졸
7204,bd4830cb2f944d1d811b1c896833604d,여자,66,경상남,고등학교,무직,여성,7,60대,경상남도,고졸
7205,4b1da9bc20d247c1a69f67e975c6d852,여자,63,경기,고등학교,무직,여성,7,60대,경기도,고졸
7206,e9abd489fbe7460fa9ffedea35b14589,여자,64,인천,초등학교,무직,여성,7,60대,인천광역시,초졸이하
7207,42b51bf0b839426fac1df47a170bc6ae,여자,64,서울,대학원,무직,여성,7,60대,서울특별시,대학원졸
7208,8918e55bebd54ce88195564af513a5e2,여자,67,강원,고등학교,무직,여성,7,60대,강원특별자치도,고졸
7209,7eb1e670ed434272866a6757e60ea15c,여자,68,전북,고등학교,부동산 중개사,여성,7,60대,전북특별자치도,고졸
7210,b23521ab221c4661a247d326bef8fb57,여자,64,경상남,고등학교,그 외 운송장비 조립원,여성,7,60대,경상남도,고졸
7211,181296d76757432681ad47e0fc74ae7f,여자,60,경기,중학교,그 외 상점 판매원,여성,7,60대,경기도,중졸
7212,3aefed48937044cabb6b843c10f3bec8,여자,63,대구,고등학교,그 외 음료 조리사,여성,7,60대,대구광역시,고졸
7213,1c836863b4584cab9774e805fe7ba878,여자,68,대구,중학교,무직,여성,7,60대,대구광역시,중졸
7214,7de5c7a8309341ed8fc4f475022f3857,여자,69,충청남,고등학교,무직,여성,7,60대,충청남,고졸
7215,891f770e45384d31b19c2ca849c73ffe,여자,67,서울,중학교,무직,여성,7,60대,서울특별시,중졸
7216,e117a44885414004a627c9e141103612,여자,68,서울,초등학교,무직,여성,7,60대,서울특별시,초졸이하
7217,5837a332e0dd4d0f900986d04a8ad37e,여자,67,경상북,중학교,무직,여성,7,60대,경상북도,중졸
7218,f93d39eee62f4a6cac8a571e2ae19c67,여자,61,경기,고등학교,무직,여성,7,60대,경기도,고졸
7219,4590793c7ac042c4a88ea73d37308b05,여자,66,경상북,고등학교,무직,여성,7,60대,경상북도,고졸
7220,8cb51e275add43c881677e9bb57832d2,여자,61,경기,고등학교,무직,여성,7,60대,경기도,고졸
7221,e498ebece5824430a6ca78de61fe9223,여자,64,제주,고등학교,무직,여성,7,60대,제주특별자치도,고졸
7222,148f07a7b67448ecacf74e07969f9f95,여자,68,경기,초등학교,무직,여성,7,60대,경기도,초졸이하
7223,c0bcfbfc75054c929288402c16c1a4b1,여자,67,서울,고등학교,전화 상담원,여성,7,60대,서울특별시,고졸
7224,ced8ae0e8c4647bcb851f5e7b473d8b0,여자,62,경기,2~3년제 전문대학,무직,여성,7,60대,경기도,전문대졸
7225,c9ea0e6717e6434ebe99bf33fccc15cf,여자,64,충청남,중학교,시계 및 카메라 수리원,여성,7,60대,충청남,중졸
7226,b66493380eaf4f9580f517bc604fa444,여자,65,경기,고등학교,무직,여성,7,60대,경기도,고졸
7227,a16f9bb64e23493a82af8368cddf07a4,여자,65,인천,중학교,주차 관리원,여성,7,60대,인천광역시,중졸
7228,469a381b5dbc43a59f3baa1412701b13,여자,65,충청북,초등학교,무직,여성,7,60대,충청북,초졸이하
7229,233557d58fe14a7abe3e7d62ee0b6641,여자,65,경기,중학교,무직,여성,7,60대,경기도,중졸
7230,d8f3673e77c24f64b229e43be4d16e59,여자,66,인천,고등학교,수리 및 정비 관련 관리자,여성,7,60대,인천광역시,고졸
7231,1bf61e4ebbb24e619e34b3c26fb2af5d,여자,61,충청남,고등학교,무직,여성,7,60대,충청남,고졸
7232,00cdb8dc4f974145a913455b59a498e7,여자,66,인천,고등학교,무직,여성,7,60대,인천광역시,고졸
7233,eeea174abd144afeb759f264232281fe,여자,62,서울,대학원,무직,여성,7,60대,서울특별시,대학원졸
7234,e33adf40afef4c47bc1b31afd5d8f9ba,여자,66,전라남,초등학교,건물 청소원,여성,7,60대,전라남,초졸이하
7235,d07f8f4311224e79af72d306cfa5d2fc,여자,67,인천,고등학교,무직,여성,7,60대,인천광역시,고졸
7236,e0dd60b93f204132bad6654072747488,여자,66,경기,고등학교,무직,여성,7,60대,경기도,고졸
7237,f9a02da1baa7498292565f905f5da1d8,여자,63,경기,고등학교,무직,여성,7,60대,경기도,고졸
7238,c6419ec967b14e64a3fded2a02a0e554,여자,61,제주,고등학교,무직,여성,7,60대,제주특별자치도,고졸
7239,534005cc037a44b2918f20cb689ff794,여자,60,경기,고등학교,무직,여성,7,60대,경기도,고졸
7240,0bd8181a56ff4223a3a4e045eed2d51f,여자,62,서울,4년제 대학교,무직,여성,7,60대,서울특별시,대졸
7241,796f4e8c0e3f44838d6a3d5c8eac2042,여자,61,서울,초등학교,무직,여성,7,60대,서울특별시,초졸이하
7242,0efb8f37226043b797435ae9860ef44f,여자,62,제주,고등학교,"전직 건물 경비원, 현재 구직중",여성,7,60대,제주특별자치도,고졸
7243,6e264c1e722345aea3ea044b2403eca1,여자,62,강원,중학교,무직,여성,7,60대,강원특별자치도,중졸
7244,fdb69efa27d645b0921fe9da41545f3d,여자,62,충청남,고등학교,건물 경비원,여성,7,60대,충청남,고졸
7245,f399aec92e2f40a69bb6c6462fef439a,여자,67,경기,초등학교,무직,여성,7,60대,경기도,초졸이하
7246,56d6cb5f382c43e4abb6f1cae917ac7f,여자,67,경상남,고등학교,무직,여성,7,60대,경상남도,고졸
7247,c729aa282ff5428a92af1be9ebd2678e,여자,63,경상남,고등학교,그 외 돌봄 및 보건 서비스 종사원,여성,7,60대,경상남도,고졸
7248,947bb2e6ef764b55aba80b373b1c1376,여자,69,서울,4년제 대학교,무직,여성,7,60대,서울특별시,대졸
7249,f1b9c3fdf1f541b1bb048e66347d2210,여자,62,서울,고등학교,"전직 시설 경비원, 현재 구직중",여성,7,60대,서울특별시,고졸
7250,802617962d5d4dfb9ae9a8b56fdff22b,여자,66,경기,중학교,그 외 음식 서비스 종사원,여성,7,60대,경기도,중졸
7251,884c3275b47e47aca4644e06052657bb,여자,69,부산,고등학교,무직,여성,7,60대,부산광역시,고졸
7252,d9e6834d5cde482b8d481fa10cb5b952,여자,62,서울,고등학교,간호조무사,여성,7,60대,서울특별시,고졸
7253,2fa5d57f492446128d0f941680d08fe6,여자,63,경상북,중학교,주방 보조원,여성,7,60대,경상북도,중졸
7254,f8128d79b7194e6c827097f460b04f1f,여자,61,서울,중학교,무직,여성,7,60대,서울특별시,중졸
7255,a31bd51f66d246ed9427d3ff11cb9a27,여자,67,대전,초등학교,하역 및 적재 관련 단순 종사원,여성,7,60대,대전광역시,초졸이하
7256,1f748d01e1a34c3daa004038ff151cc8,여자,67,서울,4년제 대학교,국가행정 사무원,여성,7,60대,서울특별시,대졸
7257,534c71d5f27d4b4eb9b85af9faf2d052,여자,64,경기,대학원,경영 컨설턴트,여성,7,60대,경기도,대학원졸
7258,0deaf98210b1487bb6c1dcb4d5bb43e5,여자,69,전라남,고등학교,그 외 판매 관련 단순 종사원,여성,7,60대,전라남,고졸
7259,dfe45a6077974458ab46dfdbd3256eeb,여자,60,강원,고등학교,건물 청소원,여성,7,60대,강원특별자치도,고졸
7260,62202e9c597748cd9bfcb0f44ec1b080,여자,62,경기,중학교,무직,여성,7,60대,경기도,중졸
7261,2d65d09001cc480d87b801b210605f49,여자,64,경상북,중학교,주방 보조원,여성,7,60대,경상북도,중졸
7262,e576c54d70e84e81ad198d3f427e1c33,여자,64,서울,중학교,건물 청소원,여성,7,60대,서울특별시,중졸
7263,e80c6929c08846e4bc63ed16743f1f57,여자,64,경상남,고등학교,건물 청소원,여성,7,60대,경상남도,고졸
7264,f044cc4270654f3cb8d5cb9623d7e813,여자,60,서울,중학교,무직,여성,7,60대,서울특별시,중졸
7265,33de8e07394f41a4922a78cdf59c5f50,여자,66,경상남,중학교,무직,여성,7,60대,경상남도,중졸
7266,9912f46035db435a97c27459bbe7fe13,여자,68,서울,고등학교,중식 조리사,여성,7,60대,서울특별시,고졸
7267,6062581fb678455c8288c456b75f62dc,여자,61,대구,고등학교,국어 교사,여성,7,60대,대구광역시,고졸
7268,92fd9ead87634dd48dffc5652ce19c83,여자,67,울산,고등학교,승용차 및 승합차 운전원,여성,7,60대,울산광역시,고졸
7269,cc67f2af8e8d4f6cbe64d57b4fc90583,여자,62,서울,고등학교,무직,여성,7,60대,서울특별시,고졸
7270,fd3058da56c343ab98602ea2dcab5984,여자,62,전라남,고등학교,무직,여성,7,60대,전라남,고졸
7271,09e139aebf434730a8659956d9f81d06,여자,60,경기,고등학교,주방 보조원,여성,7,60대,경기도,고졸
7272,41eda0911f5b4d448b4efba9aa97bbce,여자,64,서울,고등학교,무직,여성,7,60대,서울특별시,고졸
7273,927829433fa046e8b82841a40a7f01d6,여자,68,경상남,초등학교,무직,여성,7,60대,경상남도,초졸이하
7274,f5afb95ed1db445788edc506d6d6588c,여자,68,전북,고등학교,무직,여성,7,60대,전북특별자치도,고졸
7275,c45044197ae04aa7a6582f87f62ea56a,여자,60,경기,고등학교,무직,여성,7,60대,경기도,고졸
7276,4c88e1facbdb4986a5855a1f94df6504,여자,69,경상북,초등학교,건물 청소원,여성,7,60대,경상북도,초졸이하
7277,dbd33b0fbd8f4f10b4bb604520af1fec,여자,67,경기,중학교,임업 단순 종사원,여성,7,60대,경기도,중졸
7278,83b6191c05bb4f2d90c6617ab3fca5ec,여자,60,경기,고등학교,무직,여성,7,60대,경기도,고졸
7279,d16877aef6cf4270892cae25947361c7,여자,63,광주,초등학교,건물 청소원,여성,7,60대,광주광역시,초졸이하
7280,1c5817938f904ee8a5c4b16e6499811c,여자,65,전북,고등학교,무직,여성,7,60대,전북특별자치도,고졸
7281,d970044614934cdbace9efce76fc275b,여자,69,부산,중학교,건설 단순 종사원,여성,7,60대,부산광역시,중졸
7282,7dc8bf2aaca24832bcf510377ee64956,여자,68,울산,고등학교,무직,여성,7,60대,울산광역시,고졸
7283,d95633d697914d8dad290d71e3995508,여자,60,전북,2~3년제 전문대학,무직,여성,7,60대,전북특별자치도,전문대졸
7284,d7a6ad22ea074ca6995e0ef7fec6b1b9,여자,64,인천,초등학교,그 외 서비스 관련 단순 종사원,여성,7,60대,인천광역시,초졸이하
7285,7576a5bbca794ef99b5615502ac065e5,여자,63,경기,고등학교,무직,여성,7,60대,경기도,고졸
7286,8439aa17bf4248b5a6ed46c4b2f4c357,여자,64,부산,초등학교,무직,여성,7,60대,부산광역시,초졸이하
7287,8831d2ce6f804c30a7a9a38db51fcc28,여자,64,경상남,중학교,무직,여성,7,60대,경상남도,중졸
7288,9a296b1899e84052bbbf88f6f5da7be2,여자,63,경기,고등학교,무직,여성,7,60대,경기도,고졸
7289,d2e8fc04294841b5abf67c4b4d74e274,여자,66,서울,고등학교,무직,여성,7,60대,서울특별시,고졸
7290,2098e9a372ed4e5ca0bf75cc6aa780c8,여자,67,강원,2~3년제 전문대학,무직,여성,7,60대,강원특별자치도,전문대졸
7291,c63e670a3c9d4ed8a030223314a5257b,여자,63,세종,4년제 대학교,보육교사,여성,7,60대,세종특별자치시,대졸
7292,53168c57e14c45398c1ee089c23ffe51,여자,61,부산,고등학교,무직,여성,7,60대,부산광역시,고졸
7293,aa6396bdfce14080acc67de927dda104,여자,62,서울,고등학교,무직,여성,7,60대,서울특별시,고졸
7294,3577f52fff104e46a4543b92d2770baa,여자,68,충청남,중학교,그 외 자동차 운전원,여성,7,60대,충청남,중졸
7295,e2907bfc75b5481eaa0f0d375d23d535,여자,60,경상남,고등학교,무직,여성,7,60대,경상남도,고졸
7296,b386ea9b12ff4e6baf454082b679ac72,여자,63,서울,중학교,전화 상담원,여성,7,60대,서울특별시,중졸
7297,73757a153a534767b6f282e9babc5df3,여자,61,부산,고등학교,무직,여성,7,60대,부산광역시,고졸
7298,c57b39691c694885bcb564ec28bd7e84,여자,61,경기,초등학교,무직,여성,7,60대,경기도,초졸이하
7299,530063ccdca040dca676dee63489801c,여자,68,서울,초등학교,매장 정리원,여성,7,60대,서울특별시,초졸이하
7300,90d2868c54da44238d23e1a498dbe914,여자,69,경기,중학교,무직,여성,7,60대,경기도,중졸
7301,4c5f9403d9e7466a8d0ab675b36e633d,여자,60,경기,대학원,보육교사,여성,7,60대,경기도,대학원졸
7302,3096d064bf6c4cdbb7437439c49379cf,여자,64,서울,초등학교,무직,여성,7,60대,서울특별시,초졸이하
7303,b528e1e62965457ab3a0c3a82a3c95eb,여자,61,경기,초등학교,음식 배달원,여성,7,60대,경기도,초졸이하
7304,fdb7a7b334854dc29af63da630a790ab,여자,64,경기,고등학교,부동산 중개사,여성,7,60대,경기도,고졸
7305,99708a3e57f941a88c81c5bc7a41c94c,여자,68,제주,중학교,주방 보조원,여성,7,60대,제주특별자치도,중졸
7306,97fb219897d24f36b0eb3c108b870400,여자,66,부산,초등학교,주차 관리원,여성,7,60대,부산광역시,초졸이하
7307,4a3b95b572c5433bb847d851e8816a62,여자,61,경상남,중학교,육아 도우미,여성,7,60대,경상남도,중졸
7308,31ac0b77233c4e909c77e4fe4095a84e,여자,60,충청남,고등학교,무직,여성,7,60대,충청남,고졸
7309,ca3bafa15ab94fc8a1cf3a99f6b5fafc,여자,64,서울,고등학교,노인 및 장애인 돌봄 서비스 종사원,여성,7,60대,서울특별시,고졸
7310,717ba6d8d5a6424a85c557a12c8be7d7,여자,68,경기,초등학교,무직,여성,7,60대,경기도,초졸이하
7311,803d26f7f79348888a7b5c997e7f555b,여자,60,충청북,4년제 대학교,무직,여성,7,60대,충청북,대졸
7312,b0ab5c8883d048658b4fa966e0bd0483,여자,61,광주,고등학교,무직,여성,7,60대,광주광역시,고졸
7313,b50a452f516f489189e71b814515a24e,여자,60,대구,고등학교,무직,여성,7,60대,대구광역시,고졸
7314,56c348c4571c4e60a154c18c18828293,여자,63,강원,고등학교,무직,여성,7,60대,강원특별자치도,고졸
7315,987b7c03b39e485f8c6374a783877b91,여자,69,경상남,고등학교,무직,여성,7,60대,경상남도,고졸
7316,84f1c9a1369b4371864f592136430caa,여자,67,서울,중학교,무직,여성,7,60대,서울특별시,중졸
7317,bae6eb89db8c45b8a8d6b3a0feee827d,여자,63,경상남,고등학교,무직,여성,7,60대,경상남도,고졸
7318,9880408f1a15473ebd1717a11e143ca6,여자,65,충청북,무학,그 외 청소원,여성,7,60대,충청북,무학
7319,a7246cde7a2d43df8a782b4cd087fb40,여자,67,부산,대학원,경영 컨설턴트,여성,7,60대,부산광역시,대학원졸
7320,81d11fa2ce174a5098aeb0fb0571b184,여자,67,전라남,초등학교,무직,여성,7,60대,전라남,초졸이하
7321,2bb125e44202426e868e2501bf379c71,여자,68,서울,고등학교,무직,여성,7,60대,서울특별시,고졸
7322,202425acad5242428f5797259493581a,여자,60,서울,2~3년제 전문대학,무직,여성,7,60대,서울특별시,전문대졸
7323,be0c38678fdd4e3bbf9f9c366d83a96e,여자,66,경기,초등학교,그 외 서비스 관련 단순 종사원,여성,7,60대,경기도,초졸이하
7324,8de3c174cd854514ae9ea907a3555229,여자,69,경기,고등학교,매장 정리원,여성,7,60대,경기도,고졸
7325,e62a4e1544404cce92eda8fbbdd750d3,여자,61,서울,중학교,무직,여성,7,60대,서울특별시,중졸
7326,da866a99baaf461189ed783bf92ae348,여자,65,강원,고등학교,경리 사무원,여성,7,60대,강원특별자치도,고졸
7327,72b3566292ce45669c00fcda65352eb5,여자,63,경기,중학교,무직,여성,7,60대,경기도,중졸
7328,04d5e6dd6f054eb196b391a4f7f1844b,여자,63,인천,고등학교,무직,여성,7,60대,인천광역시,고졸
7329,660b230273b04e30baa363e12cac7bae,여자,67,인천,고등학교,무직,여성,7,60대,인천광역시,고졸
7330,6943d400fa244e69aba4f27b465bd477,여자,64,제주,고등학교,온라인 쇼핑 판매원,여성,7,60대,제주특별자치도,고졸
7331,9a6f379d80f94c8f9aac5e8c75864839,여자,63,부산,고등학교,경리 사무원,여성,7,60대,부산광역시,고졸
7332,f7a69b0c8d3f410fa977488797a43523,여자,68,충청북,고등학교,무직,여성,7,60대,충청북,고졸
7333,5aec4e70f3214824ab38cc9ee328e48a,여자,63,경기,초등학교,무직,여성,7,60대,경기도,초졸이하
7334,a227a228abc947b8bddfd91d50d236f7,여자,64,경기,4년제 대학교,무직,여성,7,60대,경기도,대졸
7335,4a070d9e46eb470791f174d8f204bff0,여자,68,대전,중학교,무직,여성,7,60대,대전광역시,중졸
7336,b411c34868dc4f3c80d11d8cbe13d8fe,여자,63,경기,고등학교,무직,여성,7,60대,경기도,고졸
7337,6eb3235165d94e43a847b403e3fc695b,여자,66,서울,고등학교,무직,여성,7,60대,서울특별시,고졸
7338,596024a729224de4bd8bc8397cef78eb,여자,62,서울,고등학교,무직,여성,7,60대,서울특별시,고졸
7339,2dd75f9d5d03425da21de60648c61060,여자,68,경상북,고등학교,도배공,여성,7,60대,경상북도,고졸
7340,381a0bc4835c47b1a58738fb1670893c,여자,68,대구,고등학교,무직,여성,7,60대,대구광역시,고졸
7341,2f4c948de7124337afb9dc32430c8a87,여자,69,대구,중학교,무직,여성,7,60대,대구광역시,중졸
7342,07e591ddebc24dfe90b19080d9235e6b,여자,65,충청북,고등학교,무직,여성,7,60대,충청북,고졸
7343,9a1f4d00b05f43479a40dafcde2d54a0,여자,63,경상북,2~3년제 전문대학,무직,여성,7,60대,경상북도,전문대졸
7344,bf240f9b5cf941d48d1dba05e96dd43f,여자,64,부산,4년제 대학교,바텐더,여성,7,60대,부산광역시,대졸
7345,2a3ccf68602a4eb8889b8034c42aae30,여자,69,경기,4년제 대학교,무직,여성,7,60대,경기도,대졸
7346,8377196c0f2a49a78df1779d4f094aa8,여자,68,울산,초등학교,건물 청소원,여성,7,60대,울산광역시,초졸이하
7347,65646a79b117404886a7d8968a1e862e,여자,62,경기,중학교,건물 청소원,여성,7,60대,경기도,중졸
7348,ea244149f3e94fda9460fb3f832dfcbb,여자,67,전북,고등학교,무직,여성,7,60대,전북특별자치도,고졸
7349,a4616c88d16d4e448c32e3a3a5cd6c09,여자,64,경상남,중학교,개인 생활 서비스 종사원,여성,7,60대,경상남도,중졸
7350,660d25069bce4271998e859f5412ba93,여자,68,부산,초등학교,무직,여성,7,60대,부산광역시,초졸이하
7351,e4b9685990254138a8383749d70a9a03,여자,62,서울,4년제 대학교,무직,여성,7,60대,서울특별시,대졸
7352,4eec4d1f1f2d48eb99695ef3125267bd,여자,63,경기,고등학교,무직,여성,7,60대,경기도,고졸
7353,37b9236b180a470ba14cd1b235d34489,여자,60,충청남,고등학교,무직,여성,7,60대,충청남,고졸
7354,6fa469d68b7d4298b4d6e67ae1396ee0,여자,66,인천,고등학교,보육교사,여성,7,60대,인천광역시,고졸
7355,a5eec644723e4ffb888c24592a8a95d1,여자,64,경기,고등학교,무직,여성,7,60대,경기도,고졸
7356,b70cf7404678418ebab303c850752f5b,여자,68,경기,중학교,무직,여성,7,60대,경기도,중졸
7357,9dad397c9331437eadb6f539c571323e,여자,63,경기,고등학교,무직,여성,7,60대,경기도,고졸
7358,3577515c22d84a89ae4cf9de301745f9,여자,60,경상남,중학교,무직,여성,7,60대,경상남도,중졸
7359,60efcbbf822e44b39f807978bd154328,여자,63,경상남,고등학교,무직,여성,7,60대,경상남도,고졸
7360,b6601d56ff164d78b31a99bb30bac25e,여자,66,부산,고등학교,무직,여성,7,60대,부산광역시,고졸
7361,9976ef20bcd746cf83beab042913c2c8,여자,66,경상남,중학교,무직,여성,7,60대,경상남도,중졸
7362,090e342fc0d846ebb2b264639b9dbd48,여자,60,서울,중학교,건물 청소원,여성,7,60대,서울특별시,중졸
7363,7f04838a95f44c38969693c98870871e,여자,69,경기,고등학교,경리 사무원,여성,7,60대,경기도,고졸
7364,4f7c90a3e6f44f9c8c8cf5b39706305d,여자,61,경상북,고등학교,무직,여성,7,60대,경상북도,고졸
7365,a545d5bd975e441fa56a045c5f801719,여자,60,대구,고등학교,무직,여성,7,60대,대구광역시,고졸
7366,cfc3f8a7326d453f869dba87df2954fd,여자,68,전라남,초등학교,무직,여성,7,60대,전라남,초졸이하
7367,7528f47519674650afa89ca55d2ff587,여자,66,부산,중학교,무직,여성,7,60대,부산광역시,중졸
7368,5d64b3fd07034fa9a21ad142603d2b44,여자,69,전북,고등학교,무직,여성,7,60대,전북특별자치도,고졸
7369,8826aec396b54c44acbb099d0bc1b5b6,여자,65,울산,초등학교,무직,여성,7,60대,울산광역시,초졸이하
7370,1346585fa45747908be0a159c072a1e1,여자,66,서울,4년제 대학교,온라인 쇼핑 판매원,여성,7,60대,서울특별시,대졸
7371,2c1ab11166304eebb4ed3783234270eb,여자,60,서울,2~3년제 전문대학,무직,여성,7,60대,서울특별시,전문대졸
7372,c2d29e9daa3e49d2961370a0104fbd34,여자,64,서울,고등학교,무직,여성,7,60대,서울특별시,고졸
7373,00b129edf5e74c49921c310fe4d45221,여자,65,제주,고등학교,무직,여성,7,60대,제주특별자치도,고졸
7374,f67a281c338941939722a0e49a4b720a,여자,69,강원,고등학교,건물 경비원,여성,7,60대,강원특별자치도,고졸
7375,c823452ace3449f0a249c03c26f5c1c9,여자,63,경기,고등학교,무직,여성,7,60대,경기도,고졸
7376,e13ef34e0f714451a31325ffbb024827,여자,69,광주,초등학교,무직,여성,7,60대,광주광역시,초졸이하
7377,6021010f01f04e4982750750450b706d,여자,66,경기,초등학교,그 외 서비스 관련 단순 종사원,여성,7,60대,경기도,초졸이하
7378,5fb0a649c5a44c86a2f4d4ceed98c949,여자,60,경기,고등학교,간병인,여성,7,60대,경기도,고졸
7379,f00b7dc55ad7495ba6964f279273cb99,여자,64,강원,고등학교,무직,여성,7,60대,강원특별자치도,고졸
7380,2fcb15e38de24ee89f1a027898158198,여자,62,인천,4년제 대학교,무직,여성,7,60대,인천광역시,대졸
7381,449f4aec67e54982857559f975f6736e,여자,66,경기,중학교,건물 청소원,여성,7,60대,경기도,중졸
7382,eb478b8e4a3145d38560a92a8a332263,여자,63,강원,중학교,농업 단순 종사원,여성,7,60대,강원특별자치도,중졸
7383,848e8914585443e2be7cba906688fa4f,여자,66,경기,4년제 대학교,무직,여성,7,60대,경기도,대졸
7384,172104657d5e42daa2b8fce65de91cff,여자,69,부산,중학교,무직,여성,7,60대,부산광역시,중졸
7385,36757d9f5c4a4fc08c064b58c6b4ed4d,여자,66,경기,고등학교,무직,여성,7,60대,경기도,고졸
7386,0860842f6c814968b1277d7826310ea2,여자,63,서울,고등학교,노점 및 이동 판매원,여성,7,60대,서울특별시,고졸
7387,8b73150d7b564c90b263d4c7d4d3f361,여자,64,전북,중학교,무직,여성,7,60대,전북특별자치도,중졸
7388,749d0606890543e5bb5b2d51217e70e4,여자,63,경상남,중학교,무직,여성,7,60대,경상남도,중졸
7389,c49bacac5c4b4fd9b8d2beea62312cf2,여자,68,서울,초등학교,하역 및 적재 관련 단순 종사원,여성,7,60대,서울특별시,초졸이하
7390,b0dba0786cbc4a5a90838d70cc9a56ee,여자,64,전라남,중학교,무직,여성,7,60대,전라남,중졸
7391,75717d0fbaa348e8a0b239be6d43baaf,여자,60,충청북,중학교,건물 경비원,여성,7,60대,충청북,중졸
7392,38e87748a57b47ff8af700fa38964d14,여자,65,경기,무학,"전직 농업 단순 종사원, 현재 구직중",여성,7,60대,경기도,무학
7393,95a06674df75443298390d57382b9f76,여자,62,전라남,중학교,주방 보조원,여성,7,60대,전라남,중졸
7394,4d0729b307954720942b94d131d19a52,여자,66,경기,고등학교,자동 재단기 조작원,여성,7,60대,경기도,고졸
7395,82fb4fbddc354c3e8198718b9c8d4620,여자,63,서울,고등학교,시설 경비원,여성,7,60대,서울특별시,고졸
7396,ebbaed74611b419d80fda21e61ed2448,여자,63,경상남,중학교,건물 청소원,여성,7,60대,경상남도,중졸
7397,080ee68f427d4d1abf88395b83b30a70,여자,65,경기,4년제 대학교,무직,여성,7,60대,경기도,대졸
7398,1fc82c34b05c4cb6a3adb4a9ca8560db,여자,69,충청북,중학교,무직,여성,7,60대,충청북,중졸
7399,a6907f66fc9c4a1aa97cdba2cd8e374d,여자,63,전라남,고등학교,무직,여성,7,60대,전라남,고졸
7400,efa30acdc9b644ee8e776d73aa2b63b5,여자,67,경기,고등학교,무직,여성,7,60대,경기도,고졸
7401,a529b97c12094077bc38c36efd29a34b,여자,69,광주,초등학교,무직,여성,7,60대,광주광역시,초졸이하
7402,36d81f2ca31e4fe58c29e8dedd494baf,여자,68,강원,초등학교,무직,여성,7,60대,강원특별자치도,초졸이하
7403,e5a1565230034f42afca04eaab281f1f,여자,66,경기,4년제 대학교,무직,여성,7,60대,경기도,대졸
7404,7e9287456795485ca029b221488008ed,여자,67,경기,초등학교,무직,여성,7,60대,경기도,초졸이하
7405,0c399a18e8c9438cafefe2f9cc6b26c0,여자,60,대전,초등학교,건물 청소원,여성,7,60대,대전광역시,초졸이하
7406,b969e99450bb4bec87ce825ba09313bd,여자,61,서울,고등학교,무직,여성,7,60대,서울특별시,고졸
7407,9a43a564569f42249ff81d1b115258e0,여자,62,경기,고등학교,무직,여성,7,60대,경기도,고졸
7408,3ebf98be2d5a4f93aeb260fc843faa16,여자,61,경상북,고등학교,무직,여성,7,60대,경상북도,고졸
7409,f502b34e8b594826accae6a5c1419187,여자,65,대구,중학교,무직,여성,7,60대,대구광역시,중졸
7410,0a31e6bbbc184f8b8e461d807dd74938,여자,60,부산,초등학교,무직,여성,7,60대,부산광역시,초졸이하
7411,068e1f2621964d129c2d8dd66b150223,여자,60,서울,고등학교,"전직 그 외 일반 영업원, 현재 구직중",여성,7,60대,서울특별시,고졸
7412,6f9ad19c208e481391d859fbdc9b250a,여자,62,대구,고등학교,무직,여성,7,60대,대구광역시,고졸
7413,3c44fcf0f8e14ca78fd095a962f93e72,여자,67,경상북,중학교,음식 서비스 종사원,여성,7,60대,경상북도,중졸
7414,7827c3cc520e4a78ae3a02e3d4b1d181,여자,67,경기,초등학교,노인 및 장애인 돌봄 서비스 종사원,여성,7,60대,경기도,초졸이하
7415,ee8121c1fe994c3fae795856a17759fc,여자,66,인천,2~3년제 전문대학,무직,여성,7,60대,인천광역시,전문대졸
7416,942db789bd6b4d71b1290b14bde2aa85,여자,69,경기,고등학교,산후조리 종사원,여성,7,60대,경기도,고졸
7417,3de8b6a0ea894bff803b1bcd4a403647,여자,63,경기,고등학교,무직,여성,7,60대,경기도,고졸
7418,83c6c3e7a5e94a55befd609d8a5aab90,여자,68,서울,고등학교,무직,여성,7,60대,서울특별시,고졸
7419,8b225aaadbfb40ef9ed962fd05c07a82,여자,68,경기,고등학교,무직,여성,7,60대,경기도,고졸
7420,4aee5815a5274ee4be64b76b584c1842,여자,63,전북,중학교,수동 포장원,여성,7,60대,전북특별자치도,중졸
7421,9a904f9a1d5644f5bb787cdfc07c40b5,여자,64,경기,고등학교,무직,여성,7,60대,경기도,고졸
7422,37cf071a704f49b59d13f4fedcc4b8ed,여자,65,경기,초등학교,무직,여성,7,60대,경기도,초졸이하
7423,54e20e4fed594a0db0311f2bf2c79a82,여자,63,경기,중학교,무직,여성,7,60대,경기도,중졸
7424,1a753316c41442a9b66f530f98b12ce9,여자,67,서울,4년제 대학교,무직,여성,7,60대,서울특별시,대졸
7425,d9b934ffe52845dab51670203622cfe5,여자,60,울산,고등학교,무직,여성,7,60대,울산광역시,고졸
7426,78becb32219542289d35252b4ff4bc76,여자,62,충청남,중학교,무직,여성,7,60대,충청남,중졸
7427,20f240d2c8d94256bf2cd0a4d3f428ae,여자,63,경기,고등학교,그 외 돌봄 및 보건 서비스 종사원,여성,7,60대,경기도,고졸
7428,9ca2dbb28f4b479688223c63226dca6c,여자,64,강원,중학교,무직,여성,7,60대,강원특별자치도,중졸
7429,db40844c49594c108070ac687d868a3e,여자,65,경기,고등학교,무직,여성,7,60대,경기도,고졸
7430,4b3eb876024448d6a00bddb311bd4a4b,여자,67,전라남,초등학교,무직,여성,7,60대,전라남,초졸이하
7431,52a6b89a45384a9a8254e2645309a3d8,여자,62,경상남,고등학교,무직,여성,7,60대,경상남도,고졸
7432,f70289df8ff2444c8cda0ca00c941ce1,여자,65,서울,고등학교,농업 단순 종사원,여성,7,60대,서울특별시,고졸
7433,b9978425fefa45a1b68b73f7b6483e4f,여자,69,충청남,중학교,무직,여성,7,60대,충청남,중졸
7434,464d0d5c7cee4cc79e712e561c06e4db,여자,61,경기,중학교,무직,여성,7,60대,경기도,중졸
7435,fd4c39692efb4081a5d81b89b711bdd2,여자,69,서울,고등학교,손톱 관리사,여성,7,60대,서울특별시,고졸
7436,d61f483ce77e47fabd09c8fc8f7ef6b1,여자,69,충청북,고등학교,전화 상담원,여성,7,60대,충청북,고졸
7437,512d7465081c478da3d4dd1e409cb575,여자,66,서울,중학교,그 외 서비스 관련 단순 종사원,여성,7,60대,서울특별시,중졸
7438,1d5e037c558f44c4891e1c9e51ae5441,여자,67,서울,고등학교,경·소형 화물차 운전원,여성,7,60대,서울특별시,고졸
7439,5f5ed33a78d24b648813396e4ddb3cb8,여자,61,경기,고등학교,무직,여성,7,60대,경기도,고졸
7440,275e3b3ccefc4dad86720cb13408f89d,여자,64,경기,2~3년제 전문대학,"전직 보육교사, 현재 구직중",여성,7,60대,경기도,전문대졸
7441,0efc7c2604134351b9f8d19cfab22919,여자,68,서울,초등학교,"전직 건물 청소원, 현재 구직중",여성,7,60대,서울특별시,초졸이하
7442,f34fe2df5bc740c18c16a81ce29f927f,여자,63,전라남,고등학교,무직,여성,7,60대,전라남,고졸
7443,db7fed1ff7dd45a79230fd88d31e8afa,여자,67,강원,2~3년제 전문대학,그 외 건축 마감 관련 기능 종사원,여성,7,60대,강원특별자치도,전문대졸
7444,bf576d6cc238492f8e48e14206e91a42,여자,63,대전,고등학교,무직,여성,7,60대,대전광역시,고졸
7445,a346a673ba394c78ae60fb875977dcc6,여자,64,충청북,중학교,무직,여성,7,60대,충청북,중졸
7446,53de4eae7e16439d863f19c5f639e890,여자,66,경상남,고등학교,무직,여성,7,60대,경상남도,고졸
7447,ee14376f7f004b08a0a2cd803c85047a,여자,65,세종,중학교,무직,여성,7,60대,세종특별자치시,중졸
7448,8c068fb680524d299f1647bc7641b8c5,여자,69,강원,고등학교,무직,여성,7,60대,강원특별자치도,고졸
7449,ba19f6f1e0104f70b0f222401b63b8d1,여자,69,울산,초등학교,무직,여성,7,60대,울산광역시,초졸이하
7450,4100e5baa58a42ad9afa255c73b5b032,여자,61,인천,고등학교,무직,여성,7,60대,인천광역시,고졸
7451,1e57ee1784bd46218fdbdeb77f386c8d,여자,65,부산,중학교,무직,여성,7,60대,부산광역시,중졸
7452,41b78d27629d4927a0ad2810455262a3,여자,67,경기,중학교,무직,여성,7,60대,경기도,중졸
7453,0790cb5745d04019b9418ed8bab56551,여자,66,서울,고등학교,무직,여성,7,60대,서울특별시,고졸
7454,b59a5214da6d4f64bde2566ec31fc1b2,여자,69,충청북,고등학교,간호조무사,여성,7,60대,충청북,고졸
7455,aaef22038a784b5a807a06352394c618,여자,64,서울,초등학교,무직,여성,7,60대,서울특별시,초졸이하
7456,97027dd3db06422391750246c68764ac,여자,69,부산,고등학교,무직,여성,7,60대,부산광역시,고졸
7457,d35d277e6e4a4b849ffca0f56103662c,여자,60,경기,중학교,무직,여성,7,60대,경기도,중졸
7458,cdba8b71056046e6ad7c5ad9c3657bed,여자,63,경기,고등학교,그 외 택배원,여성,7,60대,경기도,고졸
7459,4eb7483328d941ccaee470df17a55e6c,여자,67,경상남,고등학교,경리 사무원,여성,7,60대,경상남도,고졸
7460,72c2488813a3403db236b80396da114f,여자,64,경기,4년제 대학교,무직,여성,7,60대,경기도,대졸
7461,9765a960364043469804dff38d437eb1,여자,64,서울,고등학교,경리 사무원,여성,7,60대,서울특별시,고졸
7462,1588d682dc4e42dfb5c0e66cc282a5e9,여자,63,서울,4년제 대학교,데이터 설계 및 프로그래머,여성,7,60대,서울특별시,대졸
7463,08d48910f73c4d66bf24cb69aa83c8c7,여자,69,경상남,고등학교,그 외 돌봄 및 보건 서비스 종사원,여성,7,60대,경상남도,고졸
7464,1ce5f2895ba047799dfa2cbe06c0709b,여자,60,강원,고등학교,국가행정 사무원,여성,7,60대,강원특별자치도,고졸
7465,1a90fdfaa84843a49854d31931d7a54d,여자,61,서울,중학교,무직,여성,7,60대,서울특별시,중졸
7466,f245bae869774d06986c9da72337287f,여자,63,대전,고등학교,한식 조리사,여성,7,60대,대전광역시,고졸
7467,0697fc33b0eb4ce7848bae1ef8ee35ee,여자,65,서울,중학교,무직,여성,7,60대,서울특별시,중졸
7468,7c54a884998c42929ecaacbc63d247a7,여자,62,광주,고등학교,이삿짐 운반원,여성,7,60대,광주광역시,고졸
7469,dbed6535d81545a180d8bb2674cbd834,여자,69,전북,4년제 대학교,무직,여성,7,60대,전북특별자치도,대졸
7470,004c94796de048a3b90c3c2856318669,여자,63,전북,4년제 대학교,그 외 상점 판매원,여성,7,60대,전북특별자치도,대졸
7471,7b3e509e10584ccf93379d393716acb1,여자,63,부산,대학원,무직,여성,7,60대,부산광역시,대학원졸
7472,cb154f344bec4d1dad7d39a6881494fc,여자,67,대구,중학교,음식 서비스 종사원,여성,7,60대,대구광역시,중졸
7473,0201e38c28d84bb1a70fcc48fe586849,여자,66,경상북,중학교,음식 서비스 종사원,여성,7,60대,경상북도,중졸
7474,2f234d8df2cd4c5caf5c7263adaa3296,여자,67,부산,중학교,건물 청소원,여성,7,60대,부산광역시,중졸
7475,a1fa3e314b6447028c3654969255a3c2,여자,65,서울,4년제 대학교,무직,여성,7,60대,서울특별시,대졸
7476,e1a361b90ddd49188c1640f1a6364b43,여자,64,경상남,고등학교,무직,여성,7,60대,경상남도,고졸
7477,c2c04ee576694e9682c0188d78d8bbc8,여자,63,서울,중학교,그 외 하역 및 적재 단순 종사원,여성,7,60대,서울특별시,중졸
7478,bb6389ca83354a4e8db97d43ce61115d,여자,61,경기,고등학교,무직,여성,7,60대,경기도,고졸
7479,32dc12320ed049d8a29ae15772f7346a,여자,61,부산,초등학교,그 외 상점 판매원,여성,7,60대,부산광역시,초졸이하
7480,920d8651f2184f31b237d61ae857a125,여자,63,대구,고등학교,무직,여성,7,60대,대구광역시,고졸
7481,e51d91bcc5ee4ef698789f2b49cdc2f2,여자,60,서울,중학교,주방 보조원,여성,7,60대,서울특별시,중졸
7482,776badfe50f34a65a5a709bd20ce2ebe,여자,67,경기,4년제 대학교,무직,여성,7,60대,경기도,대졸
7483,ded22af6d6e0494b959e5422223178e4,여자,64,울산,고등학교,무직,여성,7,60대,울산광역시,고졸
7484,01b627244284460fb543ad233792d087,여자,65,경상북,초등학교,"전직 하역 및 적재 관련 단순 종사원, 현재 구직중",여성,7,60대,경상북도,초졸이하
7485,bc285518d7f04410929e717b6017bbf5,여자,60,광주,고등학교,한식 조리사,여성,7,60대,광주광역시,고졸
7486,21c9d43ae81644c28b479ecb9571c1a5,여자,69,전라남,중학교,무직,여성,7,60대,전라남,중졸
7487,027cf1ec24d84fb7bac61563736644df,여자,62,전북,고등학교,가사 도우미,여성,7,60대,전북특별자치도,고졸
7488,fa041f57bc2e40209cdaf5416e9638fa,여자,60,부산,고등학교,무직,여성,7,60대,부산광역시,고졸
7489,072eb2680ec746c78717bf3390b528bb,여자,69,충청북,고등학교,무직,여성,7,60대,충청북,고졸
7490,53e5325c0a7d43d68b595a9a0de95ffc,여자,69,강원,고등학교,"전직 건물 청소원, 현재 구직중",여성,7,60대,강원특별자치도,고졸
7491,2a4ee29dcb1c400f8241f646263a3f70,여자,63,경상남,고등학교,무직,여성,7,60대,경상남도,고졸
7492,06022e59b13847e6aeb68b1e930ab0dd,여자,63,대구,고등학교,가사 도우미,여성,7,60대,대구광역시,고졸
7493,7ef2d5263d29422fa39b4d26bc1b8a90,여자,65,인천,중학교,"전직 건물 청소원, 현재 구직중",여성,7,60대,인천광역시,중졸
7494,05fca5fba8904ce194667de0f89918a1,여자,62,부산,고등학교,무직,여성,7,60대,부산광역시,고졸
7495,4b5c57c8aebf4f45973a19bd047deda8,여자,65,경기,초등학교,무직,여성,7,60대,경기도,초졸이하
7496,241b92415c4c4c00a11ba0f451d7ec11,여자,66,전라남,고등학교,무직,여성,7,60대,전라남,고졸
7497,2d197d84594d41858e9cbbb076461fce,여자,66,서울,고등학교,무직,여성,7,60대,서울특별시,고졸
7498,963c48d51a604b939ed866a066d662d8,여자,68,부산,중학교,그 외 기계 조작원,여성,7,60대,부산광역시,중졸
7499,4ec23d39e15e4fd68a9382f6691b7238,여자,64,경기,고등학교,무직,여성,7,60대,경기도,고졸
7500,753c828a27d04121a1218474b7d3287d,여자,60,서울,고등학교,무직,여성,7,60대,서울특별시,고졸
7501,9981a0c4bde0449b87e69b2fd0f30b13,여자,60,전라남,고등학교,산후조리 종사원,여성,7,60대,전라남,고졸
7502,255f46e60de2490a91254bd040f07f7d,여자,68,경상남,초등학교,무직,여성,7,60대,경상남도,초졸이하
7503,9f9a3d602f6b465eb3847a6754e3b188,여자,64,대구,4년제 대학교,무직,여성,7,60대,대구광역시,대졸
7504,36920f1ef6ee43b4802efec2cf1a53e4,여자,68,경기,고등학교,사무 보조원,여성,7,60대,경기도,고졸
7505,324999facb8a4d30bb0913014e77cefa,여자,65,경기,대학원,무직,여성,7,60대,경기도,대학원졸
7506,c0f193c814db4094bdab538589ea6f8b,여자,60,경기,중학교,무직,여성,7,60대,경기도,중졸
7507,07a7e8cb9e42404cb8bdeb70d4be2219,여자,66,경기,고등학교,무직,여성,7,60대,경기도,고졸
7508,9551d000a5e54b7983b05fac0990a9e9,여자,62,경기,4년제 대학교,무직,여성,7,60대,경기도,대졸
7509,f59a69109be54f7dbf5cc16ea92f2e65,여자,61,대구,고등학교,무직,여성,7,60대,대구광역시,고졸
7510,04c21081584242e38024ee3365421ade,여자,66,전라남,초등학교,무직,여성,7,60대,전라남,초졸이하
7511,a8cf94fd8d9d45dd9c7ad37403ff265c,여자,63,전라남,고등학교,무직,여성,7,60대,전라남,고졸
7512,700d3f591b8c47658b9c6dc02a9a1710,여자,60,경기,중학교,무직,여성,7,60대,경기도,중졸
7513,00dab6a1460a4c8c89ab2c31d42c083a,여자,62,강원,고등학교,무직,여성,7,60대,강원특별자치도,고졸
7514,fdf4fc71711d4ba8bc705be8f63c2faf,여자,68,경기,초등학교,간병인,여성,7,60대,경기도,초졸이하
7515,1417ea91b24b47aa845cf0d58de9c990,여자,69,서울,대학원,무직,여성,7,60대,서울특별시,대학원졸
7516,21c0e404497f44a4be20881a4bb4466c,여자,66,경기,중학교,건물 청소원,여성,7,60대,경기도,중졸
7517,0a332338c6b146598e8151365c11901b,여자,69,서울,고등학교,인쇄 필름 출력원,여성,7,60대,서울특별시,고졸
7518,f6ed51b8130246cc84d790c1f7e2df4d,여자,65,서울,중학교,그 외 서비스 관련 단순 종사원,여성,7,60대,서울특별시,중졸
7519,a64373ff73944f53993a9133bce223c4,여자,68,대구,중학교,주방 보조원,여성,7,60대,대구광역시,중졸
7520,d81ff029842a4e7da660253f0690cea2,여자,60,경상남,중학교,무직,여성,7,60대,경상남도,중졸
7521,0f941f76f1d54f2ebe746d8d6db5d71e,여자,60,서울,고등학교,그 외 상품 중개인 및 경매사,여성,7,60대,서울특별시,고졸
7522,14824e9b54d94a758266d1a088edd957,여자,65,경기,중학교,무직,여성,7,60대,경기도,중졸
7523,723b070ed0394ee49509079ed5ed4d6c,여자,63,경상북,고등학교,무직,여성,7,60대,경상북도,고졸
7524,ca4495404b1a4447a7eef4333356a5dd,여자,69,서울,초등학교,무직,여성,7,60대,서울특별시,초졸이하
7525,8ffa1deb4ad740e6b0c7958680841b76,여자,68,부산,고등학교,판지 라이닝기 조작원,여성,7,60대,부산광역시,고졸
7526,50467b412b174c9d90be67ddfd6370ee,여자,64,부산,중학교,무직,여성,7,60대,부산광역시,중졸
7527,350bb58168a44983bdd00329a69bcc37,여자,69,경기,고등학교,무직,여성,7,60대,경기도,고졸
7528,9195046c604c44758e9f4e597a7d4b77,여자,68,대전,고등학교,그 외 돌봄 및 보건 서비스 종사원,여성,7,60대,대전광역시,고졸
7529,2ae18cc771c446f3bbcf9a335a13e691,여자,67,경상남,고등학교,무직,여성,7,60대,경상남도,고졸
7530,cbe6fe8d9c224daebdaa6689bda59b36,여자,67,서울,고등학교,무직,여성,7,60대,서울특별시,고졸
7531,7ad541c82dd3426e9ed0c403a8409e45,여자,61,경상북,고등학교,지게차 운전원,여성,7,60대,경상북도,고졸
7532,da6acd41e4db4bd596ab8ad077d06045,여자,60,광주,고등학교,건물 청소원,여성,7,60대,광주광역시,고졸
7533,9e94a347edad4651b3dd30461fe7fa31,여자,68,광주,중학교,무직,여성,7,60대,광주광역시,중졸
7534,43de494682e540a0bff072569d827d76,여자,68,경상북,고등학교,"전직 그 외 자동차 운전원, 현재 구직중",여성,7,60대,경상북도,고졸
7535,8e1b36ec2bf74bbb9692b1fc302adf3b,여자,65,대전,초등학교,시설 경비원,여성,7,60대,대전광역시,초졸이하
7536,f9778ed9b7a146fbbaa6ee806e82bf1d,여자,61,대구,고등학교,무직,여성,7,60대,대구광역시,고졸
7537,3602c5ced3454f07822c36c94690a76d,여자,66,제주,초등학교,무직,여성,7,60대,제주특별자치도,초졸이하
7538,927daff82f15435585956e03ec72db49,여자,62,부산,초등학교,무직,여성,7,60대,부산광역시,초졸이하
7539,cd877c4491f54d6591e1250c26455428,여자,64,전라남,고등학교,무직,여성,7,60대,전라남,고졸
7540,b1b2fe7b41094caa9055a13894ea2690,여자,68,경기,4년제 대학교,무직,여성,7,60대,경기도,대졸
7541,e8e49ff3be9e46bdbda04c52d33b2c4c,여자,64,경기,무학,무직,여성,7,60대,경기도,무학
7542,f38fcabc2bc6483ebcac60aa0c30d826,여자,66,경상북,고등학교,무직,여성,7,60대,경상북도,고졸
7543,6a6cf80a88ad46e3bd79ac8dd06e4c05,여자,60,충청북,중학교,무직,여성,7,60대,충청북,중졸
7544,5d74a66389bb43339e936122dfa29831,여자,66,경상남,중학교,무직,여성,7,60대,경상남도,중졸
7545,a44bbe2cb7c84268a1f7711778794bcb,여자,65,부산,고등학교,무직,여성,7,60대,부산광역시,고졸
7546,dbbf49468d734c8cacae436d4cb5890f,여자,69,대전,초등학교,무직,여성,7,60대,대전광역시,초졸이하
7547,900d215ec3364a9293bafb23e5afffac,여자,68,광주,고등학교,무직,여성,7,60대,광주광역시,고졸
7548,45e30dddc3a64b1e90a8056c51e3e489,여자,69,대전,고등학교,무직,여성,7,60대,대전광역시,고졸
7549,4e7b3644c6bd4f87aa260f368188f0fc,여자,68,경기,초등학교,무직,여성,7,60대,경기도,초졸이하
7550,0135dc4b39384299a67bbd03b6cbc963,여자,61,전북,대학원,무직,여성,7,60대,전북특별자치도,대학원졸
7551,021ad3bd6e0248dfac57bb219a16c6fd,여자,60,전북,중학교,무직,여성,7,60대,전북특별자치도,중졸
7552,033f6fef9a7c480395961b7298d07751,여자,61,경상북,고등학교,무직,여성,7,60대,경상북도,고졸
7553,f8ac162f379348feb75db4e84a379702,여자,64,경상남,고등학교,음식 서비스 종사원,여성,7,60대,경상남도,고졸
7554,2ed1e7da26784509b8baf924de64fec7,여자,63,충청북,중학교,시설 경비원,여성,7,60대,충청북,중졸
7555,faf397b3512046abb8f418731de788b3,여자,60,대전,중학교,음식 서비스 종사원,여성,7,60대,대전광역시,중졸
7556,5dfd65c88e1a4654a3932533eedd48a5,여자,61,부산,고등학교,무직,여성,7,60대,부산광역시,고졸
7557,1d7d736e05024202a696dedff2e15ae1,여자,64,경상북,고등학교,직업상담사,여성,7,60대,경상북도,고졸
7558,252c2b41027643cc802f6247d11d506b,여자,60,제주,중학교,무직,여성,7,60대,제주특별자치도,중졸
7559,a6881ab8bdfa4cd0b8d8cb90e408e99e,여자,64,경기,중학교,건물 청소원,여성,7,60대,경기도,중졸
7560,655cffe89a924f36aea9042aae81159c,여자,65,경기,중학교,무직,여성,7,60대,경기도,중졸
7561,77b2f0be5a6c439b82144b4aac10877e,여자,63,경기,고등학교,청원경찰,여성,7,60대,경기도,고졸
7562,aa0742ca7c32489ab9d193f79f00d383,여자,61,경기,중학교,무직,여성,7,60대,경기도,중졸
7563,d3e321f0e2b64cb1ad73e357d0616033,여자,66,서울,중학교,치료사 보조원,여성,7,60대,서울특별시,중졸
7564,e00ff28615e9411e86a48dfaaf3dba5e,여자,63,경상북,고등학교,무직,여성,7,60대,경상북도,고졸
7565,15773d61e5da4d82afce469874564755,여자,66,인천,2~3년제 전문대학,무직,여성,7,60대,인천광역시,전문대졸
7566,53e75ff1315a4e7bb6177af192faecb3,여자,63,경기,4년제 대학교,무직,여성,7,60대,경기도,대졸
7567,710dea030c2449d3a1739f4daba55332,여자,69,인천,고등학교,건물 경비원,여성,7,60대,인천광역시,고졸
7568,c8dc82bde22b4e5fb52624004c728a2d,여자,88,인천,초등학교,무직,여성,8,70대이상,인천광역시,초졸이하
7569,117be947edfe478a970c72533372751b,여자,89,경기,초등학교,무직,여성,8,70대이상,경기도,초졸이하
7570,b3369b48f4754217ae001af6cbf1bd54,여자,76,부산,무학,무직,여성,8,70대이상,부산광역시,무학
7571,fa4fb86dd18148ad8807590d8d67c7ec,여자,85,충청남,무학,무직,여성,8,70대이상,충청남,무학
7572,8fd82144c7a54b5f858700d5cc17972a,여자,71,경상북,초등학교,무직,여성,8,70대이상,경상북도,초졸이하
7573,b4bc4cc564394129a3e7c4c72e2e65b8,여자,82,경기,초등학교,무직,여성,8,70대이상,경기도,초졸이하
7574,db14e310a99c48c98ea776d7dbff4e0a,여자,80,경기,고등학교,무직,여성,8,70대이상,경기도,고졸
7575,3daa476234c9481fa53af85b95ab071c,여자,75,경기,초등학교,무직,여성,8,70대이상,경기도,초졸이하
7576,1ac989b60f3b44e4bab097ed48bd1d5b,여자,89,전북,무학,무직,여성,8,70대이상,전북특별자치도,무학
7577,793c2871602d422e8e6eaeada772939d,여자,81,서울,고등학교,무직,여성,8,70대이상,서울특별시,고졸
7578,6b0550f9902a4dba86c8afe9f57da58e,여자,87,경기,중학교,무직,여성,8,70대이상,경기도,중졸
7579,52a5f97c10b14abd81fbad8ec44665f0,여자,94,부산,무학,무직,여성,8,70대이상,부산광역시,무학
7580,a3721d71aa03437ab5969e7c6db50023,여자,82,광주,무학,무직,여성,8,70대이상,광주광역시,무학
7581,21ca988c6dc545c9a0b0b920ba177ead,여자,76,세종,무학,무직,여성,8,70대이상,세종특별자치시,무학
7582,8072ddab090446e293afc1102b479cfb,여자,87,충청북,중학교,무직,여성,8,70대이상,충청북,중졸
7583,02cacdfe4aab4488b09450e09d954d35,여자,89,경기,초등학교,무직,여성,8,70대이상,경기도,초졸이하
7584,91f11d34c41d42c2aafa758a6e1536b8,여자,88,대구,초등학교,무직,여성,8,70대이상,대구광역시,초졸이하
7585,1d0126598e4446c8ba2180269edb6403,여자,88,강원,무학,무직,여성,8,70대이상,강원특별자치도,무학
7586,1a929e16ffa245868f5416ee1f7362b7,여자,78,부산,초등학교,무직,여성,8,70대이상,부산광역시,초졸이하
7587,02c91bfe83b9473a8c08232d8af22d05,여자,79,충청남,무학,무직,여성,8,70대이상,충청남,무학
7588,5264f03a4d8344aaa3d77a1afc19bd8e,여자,71,경상남,무학,건물 청소원,여성,8,70대이상,경상남도,무학
7589,1647c9731b19464e8485f261dfb885b3,여자,88,서울,중학교,무직,여성,8,70대이상,서울특별시,중졸
7590,0c5f905e293641fea559a56f3f915139,여자,72,경기,초등학교,건물 청소원,여성,8,70대이상,경기도,초졸이하
7591,f197c53380d34207a3aa968bd5c9b536,여자,74,서울,초등학교,무직,여성,8,70대이상,서울특별시,초졸이하
7592,308b1c2094d54ac3afe637df9dff8575,여자,72,전라남,고등학교,간병인,여성,8,70대이상,전라남,고졸
7593,98906fd598b04d7286c2d69d0fa8f814,여자,70,경기,중학교,무직,여성,8,70대이상,경기도,중졸
7594,b1442b4e959a49b1aecdcfe8a5aab603,여자,99,경기,무학,무직,여성,8,70대이상,경기도,무학
7595,7e8dc4deb62c458db1f22d0a1a1d9eaf,여자,72,경기,초등학교,무직,여성,8,70대이상,경기도,초졸이하
7596,f5f07c2813ca45a4be175504d47dc90b,여자,72,대구,초등학교,건물 청소원,여성,8,70대이상,대구광역시,초졸이하
7597,7f55374fcb82407c87c0ae64f322d872,여자,83,충청남,초등학교,무직,여성,8,70대이상,충청남,초졸이하
7598,3eab09d8a9d24266b5c6cfb549293733,여자,75,경기,대학원,무직,여성,8,70대이상,경기도,대학원졸
7599,aacea4e676284421b2f5056807e776bd,여자,81,충청북,중학교,건물 청소원,여성,8,70대이상,충청북,중졸
7600,f9b49fe77e2c40368ba65e891032df16,여자,79,광주,초등학교,무직,여성,8,70대이상,광주광역시,초졸이하
7601,b7b6bf554fdd4be7b54825aa007ed6d4,여자,87,전라남,무학,무직,여성,8,70대이상,전라남,무학
7602,b8aefb5c7f0a4f17b76bed8f4bbba424,여자,77,경상북,무학,건물 경비원,여성,8,70대이상,경상북도,무학
7603,0bf49e955eb9432cadaeb813ebce9469,여자,71,경기,무학,무직,여성,8,70대이상,경기도,무학
7604,735c6b9be1f04c40b44a715653ab0ad3,여자,71,충청북,2~3년제 전문대학,무직,여성,8,70대이상,충청북,전문대졸
7605,1831994447c2428883c11bec1b2a2bc1,여자,79,부산,초등학교,무직,여성,8,70대이상,부산광역시,초졸이하
7606,23157e62e3bc41888c79f548e27d246f,여자,80,광주,4년제 대학교,무직,여성,8,70대이상,광주광역시,대졸
7607,c3a445059dbf4389b68791699739a752,여자,80,세종,무학,무직,여성,8,70대이상,세종특별자치시,무학
7608,20020297043c41b2837f7aafdaebe364,여자,74,대구,초등학교,건설 단순 종사원,여성,8,70대이상,대구광역시,초졸이하
7609,b994ca0012ba40f88e37bed4abf38cd3,여자,72,경상북,초등학교,무직,여성,8,70대이상,경상북도,초졸이하
7610,7e2f862c506f41d1b98a7e36cafdb106,여자,83,강원,중학교,무직,여성,8,70대이상,강원특별자치도,중졸
7611,7ab09d58630f4c658baa84d953146edb,여자,84,경상남,초등학교,무직,여성,8,70대이상,경상남도,초졸이하
7612,b19936311aea4b73b707d01d215e50c3,여자,74,경상북,고등학교,무직,여성,8,70대이상,경상북도,고졸
7613,f909a2b4d69e44c7afbcf4bf7b04452d,여자,74,인천,4년제 대학교,건물 경비원,여성,8,70대이상,인천광역시,대졸
7614,f98cd9cfdd364aa6b0f3fa37fa35306b,여자,73,서울,중학교,그 외 기능 관련 종사원,여성,8,70대이상,서울특별시,중졸
7615,a024de251efc4fd391530c7a27a9ab53,여자,79,서울,중학교,무직,여성,8,70대이상,서울특별시,중졸
7616,f62485bb01f44ae19c72ace6dc54610b,여자,77,경상남,초등학교,무직,여성,8,70대이상,경상남도,초졸이하
7617,2220877648634f248331eb4c13691362,여자,77,서울,초등학교,무직,여성,8,70대이상,서울특별시,초졸이하
7618,938b798094684fa9bd765f50f2a1eae3,여자,83,서울,초등학교,무직,여성,8,70대이상,서울특별시,초졸이하
7619,2b7a1eb34da94da8b9dadaf63f2c6bde,여자,76,대구,초등학교,무직,여성,8,70대이상,대구광역시,초졸이하
7620,d7c9f92f2bd54669b4bb026c6393a722,여자,72,충청남,초등학교,무직,여성,8,70대이상,충청남,초졸이하
7621,00a67a8b38014e88992e826c3091d603,여자,84,경상남,중학교,무직,여성,8,70대이상,경상남도,중졸
7622,df0d8054afde45639940dc2622ad9eb5,여자,75,충청남,초등학교,무직,여성,8,70대이상,충청남,초졸이하
7623,4d1096a48d7841eba56014c44afc799b,여자,85,충청남,무학,무직,여성,8,70대이상,충청남,무학
7624,9b619b8913b9457b93d8f8dc73ffd06f,여자,78,서울,4년제 대학교,무직,여성,8,70대이상,서울특별시,대졸
7625,d5efddb728b044af8acf40bba885417c,여자,72,제주,고등학교,무직,여성,8,70대이상,제주특별자치도,고졸
7626,95e74c7fc36e4b6b955b628c05f3fa99,여자,80,경상남,초등학교,무직,여성,8,70대이상,경상남도,초졸이하
7627,c2da372bb87047f38d030f1f90f5dc7f,여자,81,충청북,무학,무직,여성,8,70대이상,충청북,무학
7628,13f4a91a32b74ab4829263e4cb28a839,여자,72,울산,중학교,무직,여성,8,70대이상,울산광역시,중졸
7629,426f001f79734b15b4697143fb71cb18,여자,73,경상북,초등학교,무직,여성,8,70대이상,경상북도,초졸이하
7630,46a248fc76ed4d34b7283bb01266f950,여자,73,전라남,초등학교,무직,여성,8,70대이상,전라남,초졸이하
7631,ba9900745fad4c20b4bc20126eb1b97d,여자,78,경상북,초등학교,무직,여성,8,70대이상,경상북도,초졸이하
7632,5815f45b224f40e6809b912c1a5baca7,여자,76,경상남,고등학교,무직,여성,8,70대이상,경상남도,고졸
7633,20196ed440974158a16eca8dc438f7ae,여자,77,대전,무학,무직,여성,8,70대이상,대전광역시,무학
7634,4b6126f10ff746b1a35f6d173393d089,여자,76,경기,초등학교,무직,여성,8,70대이상,경기도,초졸이하
7635,6183d3fada4f43649afe265fbf0eb496,여자,76,인천,4년제 대학교,무직,여성,8,70대이상,인천광역시,대졸
7636,708740ff27c44c6797a29b3984c53edd,여자,86,경기,초등학교,무직,여성,8,70대이상,경기도,초졸이하
7637,c270c9bae5834e71a864c57c5df3ce0c,여자,78,부산,무학,무직,여성,8,70대이상,부산광역시,무학
7638,aeca36f165104f6699a05cd6f09ba3e4,여자,78,강원,초등학교,무직,여성,8,70대이상,강원특별자치도,초졸이하
7639,09c4cf8f76f64e298c14552ffcffc667,여자,71,서울,2~3년제 전문대학,무직,여성,8,70대이상,서울특별시,전문대졸
7640,8ab344eb92ae412ca2767faf9aafe6ff,여자,95,대구,초등학교,무직,여성,8,70대이상,대구광역시,초졸이하
7641,da3badb18c8242ecbd15d7c216171b4d,여자,70,서울,초등학교,그 외 서비스 관련 단순 종사원,여성,8,70대이상,서울특별시,초졸이하
7642,0a2db3d1a3d94da3909f19b27223f020,여자,75,경기,초등학교,무직,여성,8,70대이상,경기도,초졸이하
7643,a73f83baa8fe40e08aeebb975dd85689,여자,73,충청북,초등학교,무직,여성,8,70대이상,충청북,초졸이하
7644,daf875cecce84c32a37a8e57a70b1fda,여자,76,충청남,무학,농업 단순 종사원,여성,8,70대이상,충청남,무학
7645,1068decaaa9f41e69d8f1f664745f609,여자,92,대전,초등학교,무직,여성,8,70대이상,대전광역시,초졸이하
7646,fbc1debfbf6745cab8098eac5039e133,여자,78,대구,무학,무직,여성,8,70대이상,대구광역시,무학
7647,4c9087a270c5429783bf10d0b1f75f85,여자,80,서울,무학,무직,여성,8,70대이상,서울특별시,무학
7648,ca003eaffd424a549c7af29805e18655,여자,82,전북,무학,무직,여성,8,70대이상,전북특별자치도,무학
7649,68958c95f0d14e3a801e3af4f58e1331,여자,88,경기,초등학교,무직,여성,8,70대이상,경기도,초졸이하
7650,9950741037614f66ba83b77c8251aa07,여자,73,울산,고등학교,무직,여성,8,70대이상,울산광역시,고졸
7651,a889901a9bb5407b94802658dbceb95d,여자,79,경상남,중학교,그 외 하역 및 적재 단순 종사원,여성,8,70대이상,경상남도,중졸
7652,924ba7d938d043679391b984f0781d4d,여자,80,경기,무학,무직,여성,8,70대이상,경기도,무학
7653,2f0b17f76910407eb4ce6941a9fa969a,여자,81,광주,초등학교,무직,여성,8,70대이상,광주광역시,초졸이하
7654,66e62e86a7af4950973186dc88a9223d,여자,80,부산,초등학교,무직,여성,8,70대이상,부산광역시,초졸이하
7655,5fec383cc9cc41d98ab4fa99411bbaba,여자,82,인천,초등학교,무직,여성,8,70대이상,인천광역시,초졸이하
7656,ce3db6a3a77e476eba35e78d1c6dd689,여자,75,경기,중학교,무직,여성,8,70대이상,경기도,중졸
7657,1e01bad14cc94543a272fa3c1446067f,여자,79,충청남,무학,무직,여성,8,70대이상,충청남,무학
7658,67ac167b881d4449ab5b5f01f9605216,여자,87,대구,초등학교,무직,여성,8,70대이상,대구광역시,초졸이하
7659,1fe8046d0edb45b09e7ba76404ee18d0,여자,99,경상북,무학,무직,여성,8,70대이상,경상북도,무학
7660,c6ffc6d4e5be4f87bb0f1acebe566871,여자,72,인천,중학교,무직,여성,8,70대이상,인천광역시,중졸
7661,095662d3aa754d8f9aef4410635afc4c,여자,77,충청북,중학교,주방 보조원,여성,8,70대이상,충청북,중졸
7662,57e0560aa4ff4622819856259c30b79e,여자,89,경기,대학원,무직,여성,8,70대이상,경기도,대학원졸
7663,1f5656db995a4262887f0a34bbf7b148,여자,91,부산,무학,무직,여성,8,70대이상,부산광역시,무학
7664,4288d81922e14e59970fc7876ac0910e,여자,70,대구,초등학교,주차 관리원,여성,8,70대이상,대구광역시,초졸이하
7665,9b12e7bbaf3d4a97b43bb1818f5e3d47,여자,75,경기,중학교,무직,여성,8,70대이상,경기도,중졸
7666,576a0ddd68ff44a18b79d0c7f78d76ea,여자,82,서울,초등학교,무직,여성,8,70대이상,서울특별시,초졸이하
7667,b2ba886404cc4674af4bb4f383f579fe,여자,87,인천,고등학교,무직,여성,8,70대이상,인천광역시,고졸
7668,3d6f018c827d46779e4b25f299c471ea,여자,84,강원,초등학교,무직,여성,8,70대이상,강원특별자치도,초졸이하
7669,5f0b9239b5f349bab3617e0840d1f134,여자,84,서울,초등학교,무직,여성,8,70대이상,서울특별시,초졸이하
7670,db412dc731c84f7ebf5b06e9ab8cb4a1,여자,85,대전,초등학교,무직,여성,8,70대이상,대전광역시,초졸이하
7671,983e24904a67488c853c666d36c3959d,여자,81,경상북,무학,무직,여성,8,70대이상,경상북도,무학
7672,851c2c458f5b41e2ba33eb5f28c1ac66,여자,91,경기,무학,무직,여성,8,70대이상,경기도,무학
7673,8efc391301fa4b48a872c305fafe7954,여자,77,서울,초등학교,주방 보조원,여성,8,70대이상,서울특별시,초졸이하
7674,bde8c039ef084da78a96387af66fe7aa,여자,90,경상남,초등학교,무직,여성,8,70대이상,경상남도,초졸이하
7675,80d0eb3f42e440c096d01f8bbffcbfae,여자,70,부산,고등학교,무직,여성,8,70대이상,부산광역시,고졸
7676,2435c9adcc484baa87ea942c8f579be2,여자,74,경상남,고등학교,무직,여성,8,70대이상,경상남도,고졸
7677,c26ec6f6e2cf4cb3bbf63c0401918219,여자,70,경기,초등학교,무직,여성,8,70대이상,경기도,초졸이하
7678,7101d5fca0c64ad98d62d6cffd330fdf,여자,89,부산,초등학교,무직,여성,8,70대이상,부산광역시,초졸이하
7679,fbb68889b34e4eaeb42c0d39dfe38d52,여자,71,경기,고등학교,노인 및 장애인 돌봄 서비스 종사원,여성,8,70대이상,경기도,고졸
7680,993ed0aba449440a95955c8583f01a33,여자,85,서울,초등학교,무직,여성,8,70대이상,서울특별시,초졸이하
7681,e4b8d8a947304239ba708293a6cf2929,여자,88,경기,초등학교,무직,여성,8,70대이상,경기도,초졸이하
7682,05949b238c50401bb361d5e423638c8f,여자,84,강원,초등학교,무직,여성,8,70대이상,강원특별자치도,초졸이하
7683,f7197a0c155541c09aa261868ce79d3f,여자,82,경상북,무학,무직,여성,8,70대이상,경상북도,무학
7684,bc3f18b30ede449a946889c3d12179ad,여자,87,경상남,중학교,무직,여성,8,70대이상,경상남도,중졸
7685,0fd7e0a02daf490999725ef39c7e6dc3,여자,72,경기,2~3년제 전문대학,무직,여성,8,70대이상,경기도,전문대졸
7686,be64ad12c06a46208fced4f619a2ca8e,여자,84,경기,4년제 대학교,무직,여성,8,70대이상,경기도,대졸
7687,ed7bca333e2440a1a65baabcb929f1dd,여자,71,광주,고등학교,그 외 서비스 관련 단순 종사원,여성,8,70대이상,광주광역시,고졸
7688,c41c278ab03d4d3183779f23f4de4d8f,여자,73,부산,초등학교,건물 청소원,여성,8,70대이상,부산광역시,초졸이하
7689,7560306182014b49a2bab456d17571d8,여자,74,경기,중학교,주방 보조원,여성,8,70대이상,경기도,중졸
7690,643aa41274824d528034b8099b74440e,여자,75,경상남,초등학교,그 외 음식 서비스 종사원,여성,8,70대이상,경상남도,초졸이하
7691,1ef4342f00e04cad9bfe99a3f0b36528,여자,78,부산,초등학교,음식 서비스 종사원,여성,8,70대이상,부산광역시,초졸이하
7692,e0fcf5a2313e4bd39b8ed217457ab516,여자,83,경상남,초등학교,무직,여성,8,70대이상,경상남도,초졸이하
7693,549bbccdec704eefa4c7d5df9d94e8d3,여자,76,서울,2~3년제 전문대학,그 외 상점 판매원,여성,8,70대이상,서울특별시,전문대졸
7694,b02379de27314b0695bd8c3b21899d85,여자,80,경기,초등학교,무직,여성,8,70대이상,경기도,초졸이하
7695,856942e5f1074dcb82c5eb4b54da1fa4,여자,76,충청남,초등학교,무직,여성,8,70대이상,충청남,초졸이하
7696,3304aa8fdf8546e3b8e89d3395b19b22,여자,75,경상남,고등학교,무직,여성,8,70대이상,경상남도,고졸
7697,672caabd7745469e91e95314abb427b5,여자,79,부산,초등학교,건물 청소원,여성,8,70대이상,부산광역시,초졸이하
7698,1f8524089062442b8ab19e95342f979d,여자,71,대구,고등학교,노인 및 장애인 돌봄 서비스 종사원,여성,8,70대이상,대구광역시,고졸
7699,7561f73fd217474a8987a458ea10c781,여자,70,부산,중학교,무직,여성,8,70대이상,부산광역시,중졸
7700,8b996b1875eb45ba991640693094c77c,여자,75,경상남,무학,무직,여성,8,70대이상,경상남도,무학
7701,3c05dad0912a459f96ab9b67417be398,여자,86,제주,초등학교,노점 및 이동 판매원,여성,8,70대이상,제주특별자치도,초졸이하
7702,60db618c36fa4ccda01a0fb38d027993,여자,81,대구,초등학교,음식 서비스 종사원,여성,8,70대이상,대구광역시,초졸이하
7703,f0ab30a67c294bcdaa7119153473e83d,여자,93,전라남,초등학교,무직,여성,8,70대이상,전라남,초졸이하
7704,a32bee7455514d65973cae4fb37780b9,여자,73,경기,고등학교,무직,여성,8,70대이상,경기도,고졸
7705,b34ec9a776b2465dba98e84601c68777,여자,87,대구,초등학교,무직,여성,8,70대이상,대구광역시,초졸이하
7706,182011f2cb194164833ff774defb7a1b,여자,79,서울,초등학교,건물 청소원,여성,8,70대이상,서울특별시,초졸이하
7707,c9c5da5ca75d44d29d9f8007b7574465,여자,84,서울,무학,무직,여성,8,70대이상,서울특별시,무학
7708,c00fbc1860474a44a8dc9c584446ef3f,여자,90,충청북,초등학교,무직,여성,8,70대이상,충청북,초졸이하
7709,b6e8508d7e3e4f56a409ffbbd961fa47,여자,77,서울,초등학교,음식 서비스 종사원,여성,8,70대이상,서울특별시,초졸이하
7710,62fd59db9f2647e0aa6d8c02b08ac2e0,여자,79,대구,무학,무직,여성,8,70대이상,대구광역시,무학
7711,1a4fdb71484d4e0f82a43c5fe463e8c4,여자,75,서울,초등학교,요양 보호사,여성,8,70대이상,서울특별시,초졸이하
7712,ce745e5bd009464f89e836125e851af1,여자,77,경기,고등학교,무직,여성,8,70대이상,경기도,고졸
7713,0d1780d62b854924a05b23b5d24b11e1,여자,70,서울,고등학교,무직,여성,8,70대이상,서울특별시,고졸
7714,5b1c72d6da9949d8884c170eb31566fe,여자,74,경상북,초등학교,국가행정 사무원,여성,8,70대이상,경상북도,초졸이하
7715,ebcdab66b5634ef799587cda4ec96d14,여자,71,부산,초등학교,무직,여성,8,70대이상,부산광역시,초졸이하
7716,4c22a84c60274e7884061e7e0ba4ec81,여자,77,서울,무학,무직,여성,8,70대이상,서울특별시,무학
7717,a76f012b04e049fa8c09cf87d706dc8e,여자,86,경상북,초등학교,무직,여성,8,70대이상,경상북도,초졸이하
7718,0b8b4d6c9eb14804a72e35961cc6dd60,여자,71,경기,초등학교,무직,여성,8,70대이상,경기도,초졸이하
7719,224b86c49db24c2a82c9c9c4aa0a1b24,여자,74,서울,고등학교,건물 청소원,여성,8,70대이상,서울특별시,고졸
7720,268ad1ac56d74290974a3aef2cdc9b6e,여자,70,경기,고등학교,무직,여성,8,70대이상,경기도,고졸
7721,3ebb1c6b77a24157b7d24e274e89f445,여자,72,강원,초등학교,무직,여성,8,70대이상,강원특별자치도,초졸이하
7722,23f15cb6804d48908a2f366fb09718f3,여자,76,경기,무학,무직,여성,8,70대이상,경기도,무학
7723,253df9ce3b4347a69da62b5ca0e8464b,여자,87,경기,무학,무직,여성,8,70대이상,경기도,무학
7724,a89c2ae6235646d0bd865ffdcadcc246,여자,80,경상북,무학,건물 청소원,여성,8,70대이상,경상북도,무학
7725,b071fe1e0fdf43ac95a82a87577c3432,여자,72,인천,무학,무직,여성,8,70대이상,인천광역시,무학
7726,7ffb322a916c44ee91fb2b9d54560c91,여자,82,서울,초등학교,그 외 서비스 관련 단순 종사원,여성,8,70대이상,서울특별시,초졸이하
7727,0a88570a80db4d7790d63e597a544975,여자,77,서울,초등학교,무직,여성,8,70대이상,서울특별시,초졸이하
7728,ef1a83f5cb1b4cd29455a847641e3d84,여자,79,경상북,중학교,무직,여성,8,70대이상,경상북도,중졸
7729,abf20aa22d9f4661902e6d1c3bec5814,여자,76,인천,2~3년제 전문대학,무직,여성,8,70대이상,인천광역시,전문대졸
7730,74c074a31de347cfaac3997551027b85,여자,90,경상남,초등학교,무직,여성,8,70대이상,경상남도,초졸이하
7731,7f54672e1e1e48819b6e5e282af590c6,여자,90,전라남,초등학교,무직,여성,8,70대이상,전라남,초졸이하
7732,2d337eb256a44ac4889eb0c940583bcc,여자,78,충청북,초등학교,무직,여성,8,70대이상,충청북,초졸이하
7733,cb6f18cc7e764e729e82341c25fda33f,여자,88,경상북,초등학교,무직,여성,8,70대이상,경상북도,초졸이하
7734,3065fd232f4a40d1a5791358e35399e8,여자,83,대구,중학교,무직,여성,8,70대이상,대구광역시,중졸
7735,5808bf672e6d42cdacf71b746ea36eb8,여자,87,충청남,초등학교,무직,여성,8,70대이상,충청남,초졸이하
7736,3e39b27ea92a4463ac72212c2f900d08,여자,80,인천,무학,무직,여성,8,70대이상,인천광역시,무학
7737,37e768c68be040a0959d0ef1dff350aa,여자,94,경기,무학,무직,여성,8,70대이상,경기도,무학
7738,696144a0d72348d191d4d1d05cc4fa37,여자,73,경기,초등학교,무직,여성,8,70대이상,경기도,초졸이하
7739,108b8ba18a6f41798279c48c38550a8c,여자,74,강원,초등학교,무직,여성,8,70대이상,강원특별자치도,초졸이하
7740,38edcdea6a284d048cf3e6834953bdca,여자,81,광주,무학,무직,여성,8,70대이상,광주광역시,무학
7741,d647f49479d7464d8d25b44070ce389a,여자,72,서울,초등학교,무직,여성,8,70대이상,서울특별시,초졸이하
7742,3abab5a55c024392a788a780ed949bd5,여자,77,대구,초등학교,무직,여성,8,70대이상,대구광역시,초졸이하
7743,19145bcf026f4f4fb78ca517d97e01b5,여자,79,경상남,초등학교,그 외 서비스 관련 단순 종사원,여성,8,70대이상,경상남도,초졸이하
7744,eb57ba43f1c6493a9a5b4dcc6f835332,여자,81,서울,무학,무직,여성,8,70대이상,서울특별시,무학
7745,1dd5c4d9f3544fdeb1e1f81051dc48f3,여자,84,충청남,중학교,무직,여성,8,70대이상,충청남,중졸
7746,3064c38ddfe645759e5854fbcb092087,여자,74,부산,초등학교,무직,여성,8,70대이상,부산광역시,초졸이하
7747,246da373dd5741a7bc2b804e6f3f1f1c,여자,78,전북,초등학교,무직,여성,8,70대이상,전북특별자치도,초졸이하
7748,753f691ad69444aebc81540df2ef612e,여자,88,광주,무학,무직,여성,8,70대이상,광주광역시,무학
7749,a196689728fb476c867bdbd9fd0112bb,여자,93,전북,무학,무직,여성,8,70대이상,전북특별자치도,무학
7750,793f101a347e4db9b5c8fb8f60c5d051,여자,86,경기,무학,무직,여성,8,70대이상,경기도,무학
7751,60239f72a1bf4a659473780eb084a553,여자,83,경기,고등학교,그 외 조리사,여성,8,70대이상,경기도,고졸
7752,9973f9dfd8954bf392c56b36f3f18779,여자,78,경기,초등학교,건물 청소원,여성,8,70대이상,경기도,초졸이하
7753,66933e3c059747fdbac514dc0c72157d,여자,87,경기,4년제 대학교,무직,여성,8,70대이상,경기도,대졸
7754,b5db257c0e3f451dac19c18f5914e58e,여자,89,제주,무학,무직,여성,8,70대이상,제주특별자치도,무학
7755,3145c9c082534bddba3fcf264f113f1d,여자,84,충청북,중학교,무직,여성,8,70대이상,충청북,중졸
7756,c368edbe028748d79747a79f50782624,여자,77,경기,중학교,무직,여성,8,70대이상,경기도,중졸
7757,6f89889e5dab45d18356b5226b51af4b,여자,88,경기,고등학교,무직,여성,8,70대이상,경기도,고졸
7758,e441d8fe43b34cbe8a2f64d42aedf3e2,여자,83,충청남,무학,무직,여성,8,70대이상,충청남,무학
7759,b0fbf29e31af4e0abbe59589ba259edc,여자,94,전북,무학,무직,여성,8,70대이상,전북특별자치도,무학
7760,6a8851ecf051409c8c86fe16f8e0b2e9,여자,87,서울,초등학교,하역 및 적재 관련 단순 종사원,여성,8,70대이상,서울특별시,초졸이하
7761,3a8742a441224a238f925fd43c3b502e,여자,82,인천,초등학교,무직,여성,8,70대이상,인천광역시,초졸이하
7762,f3949e62fc114feaa0e7ae5ee5f26149,여자,78,인천,초등학교,건물 청소원,여성,8,70대이상,인천광역시,초졸이하
7763,9eef3b418bdc44dbb83bfaca0e250753,여자,82,인천,고등학교,건물 청소원,여성,8,70대이상,인천광역시,고졸
7764,3c78f66ff25c49b4be4dd210d921facb,여자,74,강원,고등학교,무직,여성,8,70대이상,강원특별자치도,고졸
7765,89f60f206f584471acc081f290a16f8f,여자,79,경상남,중학교,무직,여성,8,70대이상,경상남도,중졸
7766,ebf4e82d04064427916172c09e3cb11a,여자,87,경기,초등학교,무직,여성,8,70대이상,경기도,초졸이하
7767,c35794c93fb34d8480db5b61ccfb5b47,여자,76,서울,중학교,무직,여성,8,70대이상,서울특별시,중졸
7768,6b59ddb282124b6885dd1756328646d7,여자,89,경기,초등학교,그 외 상품 중개인 및 경매사,여성,8,70대이상,경기도,초졸이하
7769,d1abfcb6c10f47bdacfd1a6cbf3939e7,여자,70,경기,고등학교,무직,여성,8,70대이상,경기도,고졸
7770,bd404e96754e4b9d8e12bb09eee59ef6,여자,75,충청남,초등학교,무직,여성,8,70대이상,충청남,초졸이하
7771,c250dbe61d3945edb99c5d2f854ea1b6,여자,74,경기,초등학교,밑반찬 제조 종사원,여성,8,70대이상,경기도,초졸이하
7772,9c306d5c4c9a46918d00db1172de2c11,여자,80,경기,고등학교,무직,여성,8,70대이상,경기도,고졸
7773,a443b615088f4d679eb4e75c0efa0b12,여자,78,충청남,초등학교,그 외 서비스 관련 단순 종사원,여성,8,70대이상,충청남,초졸이하
7774,11e6764e0f2d40ca84d25c6308ccd6af,여자,75,부산,초등학교,무직,여성,8,70대이상,부산광역시,초졸이하
7775,d859d575c52b46778d9270d32818552c,여자,78,전북,초등학교,무직,여성,8,70대이상,전북특별자치도,초졸이하
7776,f62da2edac86430985f8a403f3d001b6,여자,88,서울,초등학교,건물 청소원,여성,8,70대이상,서울특별시,초졸이하
7777,5750d35beeee41d3971c710e091e8e55,여자,70,서울,고등학교,무직,여성,8,70대이상,서울특별시,고졸
7778,2419c72371af4f1498daac13a445bbf8,여자,94,제주,무학,무직,여성,8,70대이상,제주특별자치도,무학
7779,c78ddfe46235434783811a4f32c4b364,여자,93,충청남,초등학교,무직,여성,8,70대이상,충청남,초졸이하
7780,4a9c017e7bda49228e5c826bf1082230,여자,79,경기,중학교,무직,여성,8,70대이상,경기도,중졸
7781,f2b6068f3f554c848184a947fb19c7ea,여자,96,부산,무학,무직,여성,8,70대이상,부산광역시,무학
7782,1407dcfc2a644bdeb19cf47f58ff463b,여자,85,경기,무학,무직,여성,8,70대이상,경기도,무학
7783,a16525310f4242a987c7c6f836d65a7a,여자,82,서울,중학교,무직,여성,8,70대이상,서울특별시,중졸
7784,e242d323f2e54b4abb8902d9b4e327dc,여자,72,전북,초등학교,건물 청소원,여성,8,70대이상,전북특별자치도,초졸이하
7785,98ad93032bc34f0e983b78440e8d996b,여자,81,강원,무학,무직,여성,8,70대이상,강원특별자치도,무학
7786,e08bee53c65c43c197b137ae1db65240,여자,76,부산,중학교,무직,여성,8,70대이상,부산광역시,중졸
7787,75c7c2464bb74f21a3c8ae72d275bf70,여자,77,경기,고등학교,무직,여성,8,70대이상,경기도,고졸
7788,b96d9c35b2d4426e86dac732fe247ae7,여자,92,서울,무학,무직,여성,8,70대이상,서울특별시,무학
7789,d3c03bd33b5e48e2851ce379c74cf1a2,여자,87,경상북,무학,무직,여성,8,70대이상,경상북도,무학
7790,49025a85635748a79764cb3787e29b4c,여자,94,경기,중학교,무직,여성,8,70대이상,경기도,중졸
7791,7d7b575f9a8345ebbe9daf340d50fba1,여자,71,경기,고등학교,무직,여성,8,70대이상,경기도,고졸
7792,fa1b406f205a42e0a506f2bfa088f929,여자,78,서울,무학,시설 경비원,여성,8,70대이상,서울특별시,무학
7793,d1317859b21b4464a9361e673a2d0dc7,여자,83,경기,초등학교,무직,여성,8,70대이상,경기도,초졸이하
7794,5cbc912915d94eb2b1c37e50189f62d9,여자,71,경상남,고등학교,무직,여성,8,70대이상,경상남도,고졸
7795,3adc103ada504027b8b2cc2182fe706e,여자,89,부산,초등학교,무직,여성,8,70대이상,부산광역시,초졸이하
7796,143ab6ecd97245829d766b238ea262e4,여자,84,서울,초등학교,무직,여성,8,70대이상,서울특별시,초졸이하
7797,5cb7a3ea6e5849dfa13c6c8d8bbea159,여자,71,전북,중학교,무직,여성,8,70대이상,전북특별자치도,중졸
7798,5c64fd75834142ebb4b19d09865f8a89,여자,74,충청남,초등학교,무직,여성,8,70대이상,충청남,초졸이하
7799,1d361b6d1e534936bbf4c50aad052ed9,여자,89,부산,무학,무직,여성,8,70대이상,부산광역시,무학
7800,d2a1c13ba716413487908ac5aaaa21e5,여자,79,서울,중학교,건물 청소원,여성,8,70대이상,서울특별시,중졸
7801,aa110a1736004508907ab4067243acdc,여자,72,강원,고등학교,건물 청소원,여성,8,70대이상,강원특별자치도,고졸
7802,c97f898edf2d4884bdcb36a76c9310f1,여자,79,대전,무학,무직,여성,8,70대이상,대전광역시,무학
7803,1db4fb4a75b94323b4cb992f297db4d7,여자,78,충청남,초등학교,무직,여성,8,70대이상,충청남,초졸이하
7804,d7e627b5fce5420c89de28df34ee55dc,여자,84,서울,초등학교,무직,여성,8,70대이상,서울특별시,초졸이하
7805,889774730d834fd1bc1e41458ed08d58,여자,92,인천,무학,무직,여성,8,70대이상,인천광역시,무학
7806,3945c0ab7d714e27803b413b80e13f72,여자,83,경상남,무학,무직,여성,8,70대이상,경상남도,무학
7807,987c4e484c66490381249172c1e695e7,여자,70,경상남,고등학교,무직,여성,8,70대이상,경상남도,고졸
7808,f8119a6f517b4316a7a4ba4eb4810380,여자,78,충청북,4년제 대학교,유치원 교사,여성,8,70대이상,충청북,대졸
7809,04be4241da8c452eaebe7b8859a80a40,여자,92,경기,초등학교,무직,여성,8,70대이상,경기도,초졸이하
7810,76148039da7847798e5065246aa1dc8d,여자,75,충청북,초등학교,무직,여성,8,70대이상,충청북,초졸이하
7811,b54b094de8fa46d89ce11c893093f1ba,여자,85,전라남,무학,무직,여성,8,70대이상,전라남,무학
7812,5b09f1b8477749dd8406c70b69be2a21,여자,76,충청남,초등학교,농업 단순 종사원,여성,8,70대이상,충청남,초졸이하
7813,56067a47f2e946cc81c6d6678cd0119f,여자,73,강원,초등학교,무직,여성,8,70대이상,강원특별자치도,초졸이하
7814,2c2a8776ea6c4e76aacaa65bda8d2a85,여자,76,전라남,초등학교,무직,여성,8,70대이상,전라남,초졸이하
7815,7cdcd6117bb54a95a858d606fa8964b7,여자,77,경상북,중학교,보험 설계사,여성,8,70대이상,경상북도,중졸
7816,45c7602adcd24fb5a7979be50cc00c47,여자,90,서울,초등학교,무직,여성,8,70대이상,서울특별시,초졸이하
7817,8eb105b33d4f458e95e80eb4bb2c3021,여자,89,인천,초등학교,무직,여성,8,70대이상,인천광역시,초졸이하
7818,1f5ce48b90bc4940a828b44e02713d18,여자,86,경기,무학,주방 보조원,여성,8,70대이상,경기도,무학
7819,1c8f8a95288941158bf5d420c9b63a0f,여자,82,서울,무학,무직,여성,8,70대이상,서울특별시,무학
7820,61b8365bb4b241efbc58b9b8ed81080a,여자,76,대구,고등학교,무직,여성,8,70대이상,대구광역시,고졸
7821,d9e90e741f9c4d33b1d2b7451967c0e7,여자,72,서울,중학교,무직,여성,8,70대이상,서울특별시,중졸
7822,4fe742c6ca134c668b962e7a9650436b,여자,80,경상남,초등학교,무직,여성,8,70대이상,경상남도,초졸이하
7823,affadb322de14098a7070b41f54e7435,여자,80,서울,무학,건물 청소원,여성,8,70대이상,서울특별시,무학
7824,5f868d6a9e0147658b26b39083fb91c5,여자,83,경상북,초등학교,무직,여성,8,70대이상,경상북도,초졸이하
7825,8f3f151b92d1402da1a81a1d89facbae,여자,76,전라남,무학,무직,여성,8,70대이상,전라남,무학
7826,7c2f1888403b4cbf9d586d1a4e4aa591,여자,84,경상남,초등학교,무직,여성,8,70대이상,경상남도,초졸이하
7827,be2286353d9648ccba9f6046c94b2b4c,여자,70,충청남,초등학교,무직,여성,8,70대이상,충청남,초졸이하
7828,94bcd3509cfd4a7ea9d3e8c6d891b1a7,여자,75,충청남,무학,무직,여성,8,70대이상,충청남,무학
7829,7841a1217fac435daf20bf13dfab8285,여자,72,전북,4년제 대학교,무직,여성,8,70대이상,전북특별자치도,대졸
7830,4f6dd507ebf440b196c88274b8a2fe64,여자,70,경기,중학교,무직,여성,8,70대이상,경기도,중졸
7831,5f6a24052ae042feb818f44874010f33,여자,79,대구,초등학교,무직,여성,8,70대이상,대구광역시,초졸이하
7832,743b3e31f4934102be8123da59ff897d,여자,77,경기,고등학교,무직,여성,8,70대이상,경기도,고졸
7833,d8857c1af8f5408ab6ceab378b853037,여자,87,충청남,무학,무직,여성,8,70대이상,충청남,무학
7834,3a304001380347a4a8d58f3999070e18,여자,74,경기,초등학교,무직,여성,8,70대이상,경기도,초졸이하
7835,a553b2c6f2b545438a8dcadf8cda45ba,여자,72,울산,4년제 대학교,무직,여성,8,70대이상,울산광역시,대졸
7836,f66628ac77384d3d95e7ad5642c21cca,여자,75,서울,고등학교,공공행정 사무원,여성,8,70대이상,서울특별시,고졸
7837,32456c0876e14b788f7613404ec13935,여자,76,서울,무학,건물 청소원,여성,8,70대이상,서울특별시,무학
7838,8093f06661c040389b6a2f339a2a7920,여자,82,전북,무학,무직,여성,8,70대이상,전북특별자치도,무학
7839,63cde26805ea4823bd48822631c5a308,여자,79,인천,초등학교,무직,여성,8,70대이상,인천광역시,초졸이하
7840,7599866adc80495eac4174e947eb19e7,여자,78,경기,고등학교,무직,여성,8,70대이상,경기도,고졸
7841,917c1d28d56d44ebbcfc85d674b50e89,여자,70,경기,고등학교,간호조무사,여성,8,70대이상,경기도,고졸
7842,7b97207b340349278a9396b46c6a4b9b,여자,76,대구,2~3년제 전문대학,무직,여성,8,70대이상,대구광역시,전문대졸
7843,e244287af57c4e8595410356658c1db7,여자,81,경상남,초등학교,무직,여성,8,70대이상,경상남도,초졸이하
7844,2fbe56fd3a86410bbab6ab610c30ab27,여자,84,강원,무학,무직,여성,8,70대이상,강원특별자치도,무학
7845,bb22af63c250438d9da789be9def0a28,여자,80,경상남,무학,무직,여성,8,70대이상,경상남도,무학
7846,2d8927da579c4caf883086b9830a3628,여자,85,광주,무학,무직,여성,8,70대이상,광주광역시,무학
7847,d389b03a5ca74e7093be3a0afce6fe6b,여자,79,경기,무학,무직,여성,8,70대이상,경기도,무학
7848,907b0048a10941ea8838fa21ae3f420e,여자,73,서울,고등학교,무직,여성,8,70대이상,서울특별시,고졸
7849,a89f014b195245e4b802cfb925605063,여자,74,충청북,중학교,그 외 바닥재 시공원,여성,8,70대이상,충청북,중졸
7850,c5cd2729ca5d490b9e75b94d7e4cefd5,여자,85,서울,중학교,무직,여성,8,70대이상,서울특별시,중졸
7851,7cc5d5903c2c468195df1bd0ab0fd8ac,여자,83,경기,무학,무직,여성,8,70대이상,경기도,무학
7852,2b2831e2a49e48009f668b979513c556,여자,74,경상북,초등학교,무직,여성,8,70대이상,경상북도,초졸이하
7853,5e16d70061c54de3b3f8503261d7f75c,여자,89,경기,초등학교,무직,여성,8,70대이상,경기도,초졸이하
7854,abada92815c444e7bc64e017072070a2,여자,74,경기,중학교,무직,여성,8,70대이상,경기도,중졸
7855,84b8ff0f208143ae8eb16859da16e31b,여자,82,인천,초등학교,무직,여성,8,70대이상,인천광역시,초졸이하
7856,909d363e3de24a4393adc6bd8a7a09c2,여자,87,경상북,무학,건물 청소원,여성,8,70대이상,경상북도,무학
7857,92a47dc51caf4f47956fdd1feb19cd81,여자,85,강원,무학,무직,여성,8,70대이상,강원특별자치도,무학
7858,e2058b053b0c4cfdaa90484e24d006bb,여자,89,전북,무학,무직,여성,8,70대이상,전북특별자치도,무학
7859,e3761ad7520345799d54e1bd7cdaf619,여자,79,부산,초등학교,무직,여성,8,70대이상,부산광역시,초졸이하
7860,820868454de44da284f49171a735caab,여자,89,충청북,무학,무직,여성,8,70대이상,충청북,무학
7861,05716869d8b34dee928ed03e4db2a50d,여자,91,경기,무학,무직,여성,8,70대이상,경기도,무학
7862,f18bd11549a948769c2dcc5944893f24,여자,86,경상북,무학,무직,여성,8,70대이상,경상북도,무학
7863,188daa3c11c945adb031b3b347439df8,여자,87,경기,초등학교,무직,여성,8,70대이상,경기도,초졸이하
7864,49768748f9f141909f09a38304db3fc8,여자,76,서울,중학교,무직,여성,8,70대이상,서울특별시,중졸
7865,5b781cbddb0b4b53bca11a741b3bfce2,여자,82,서울,초등학교,무직,여성,8,70대이상,서울특별시,초졸이하
7866,0e9c2f6409514d2dbec77746bf79fde3,여자,74,대구,중학교,주방 보조원,여성,8,70대이상,대구광역시,중졸
7867,d8503330956f4e2bbe70d97f21695771,여자,87,서울,무학,무직,여성,8,70대이상,서울특별시,무학
7868,6d0be671aa9742c7bd606d58b9ecfc13,여자,78,전라남,초등학교,무직,여성,8,70대이상,전라남,초졸이하
7869,d6d4751305fa4a31a18e2710035ca516,여자,73,충청남,초등학교,무직,여성,8,70대이상,충청남,초졸이하
7870,b323a8c82e7a4f669e93e8f35c609560,여자,71,경기,중학교,무직,여성,8,70대이상,경기도,중졸
7871,839d5f78f0b141569ba6ba63938df65f,여자,78,서울,초등학교,무직,여성,8,70대이상,서울특별시,초졸이하
7872,91053b24b23d4e888d18bfc1982a511d,여자,80,부산,무학,무직,여성,8,70대이상,부산광역시,무학
7873,a108bd200ee347cd88fd61c0dbca5ffd,여자,75,전북,초등학교,지방행정 사무원,여성,8,70대이상,전북특별자치도,초졸이하
7874,a2d1d4bece344ae097c9369362d69571,여자,80,전라남,초등학교,건물 청소원,여성,8,70대이상,전라남,초졸이하
7875,a74732b52ff246e197dcc19f6d4abe2e,여자,79,경상북,무학,무직,여성,8,70대이상,경상북도,무학
7876,5fca69a326744a8a83df244bfc6fde8d,여자,74,인천,중학교,그 외 서비스 관련 단순 종사원,여성,8,70대이상,인천광역시,중졸
7877,dee14da63c8c4794812f9703392dc628,여자,81,부산,무학,무직,여성,8,70대이상,부산광역시,무학
7878,105d419031b74c7eb0f5eea376778c80,여자,82,강원,초등학교,무직,여성,8,70대이상,강원특별자치도,초졸이하
7879,0d5e1c626b4a483d98b583ab0ed0c635,여자,89,강원,무학,무직,여성,8,70대이상,강원특별자치도,무학
7880,2935094961b34258b708bdbb80fd5ce9,여자,77,서울,초등학교,무직,여성,8,70대이상,서울특별시,초졸이하
7881,4b87f1993a4f4b12a6fcdfa3e4675af5,여자,76,경상남,고등학교,가사 도우미,여성,8,70대이상,경상남도,고졸
7882,4045462494a7466389320fef9545f2fc,여자,75,전북,초등학교,무직,여성,8,70대이상,전북특별자치도,초졸이하
7883,5af0bfa3c52244bc8b4db21ab93f3095,여자,80,서울,초등학교,무직,여성,8,70대이상,서울특별시,초졸이하
7884,970e4eb0fef84f18b835afe3287347a1,여자,92,경상북,초등학교,무직,여성,8,70대이상,경상북도,초졸이하
7885,ee1a4b8cb392490086717f859c563245,여자,74,충청북,초등학교,무직,여성,8,70대이상,충청북,초졸이하
7886,270579eec0e24ac3b534b82ca8c8136f,여자,72,경기,초등학교,무직,여성,8,70대이상,경기도,초졸이하
7887,30cfccd53e3c418599152ef44a2cd63b,여자,88,경상남,무학,무직,여성,8,70대이상,경상남도,무학
7888,31a583cc050f41adab4cad7302a73f81,여자,87,전북,무학,무직,여성,8,70대이상,전북특별자치도,무학
7889,fed50881fdc14b62b6a1d3fae43a0aec,여자,77,서울,초등학교,무직,여성,8,70대이상,서울특별시,초졸이하
7890,ecbef79fbf5341c3a71c59f8c31cd6db,여자,75,부산,중학교,무직,여성,8,70대이상,부산광역시,중졸
7891,80bc61cdf6dd4f83997a3cf487759eba,여자,73,경기,초등학교,건물 청소원,여성,8,70대이상,경기도,초졸이하
7892,eed8d6d6c1cc45a9b73a3a335c70664a,여자,84,경상남,초등학교,무직,여성,8,70대이상,경상남도,초졸이하
7893,939cc7ee59d7495aa913341884dbd2f9,여자,72,인천,중학교,무직,여성,8,70대이상,인천광역시,중졸
7894,dbd2d1fd725f45ca82b41378224c9235,여자,90,충청남,초등학교,무직,여성,8,70대이상,충청남,초졸이하
7895,5cc0bbddeed840d594f4e5f70a895991,여자,86,경상남,초등학교,무직,여성,8,70대이상,경상남도,초졸이하
7896,35ed497a8567485a8f63050b9b20fc5b,여자,75,대전,초등학교,간병인,여성,8,70대이상,대전광역시,초졸이하
7897,c61512ba194b4ed0a3509c83af9e7158,여자,70,경기,고등학교,무직,여성,8,70대이상,경기도,고졸
7898,98fe1a60278349029ed92b30d3f9e305,여자,84,경상남,초등학교,무직,여성,8,70대이상,경상남도,초졸이하
7899,04cbc44e85364429bbc27b19ea546fb8,여자,83,대구,무학,무직,여성,8,70대이상,대구광역시,무학
7900,ad337a123eb64bbe8eff9652c37e0421,여자,86,경상남,무학,무직,여성,8,70대이상,경상남도,무학
7901,7be73632eaf84cd0b561f362974978e3,여자,75,서울,초등학교,무직,여성,8,70대이상,서울특별시,초졸이하
7902,cb452569088146f9b64bbc38f4f73573,여자,81,대구,초등학교,가사 도우미,여성,8,70대이상,대구광역시,초졸이하
7903,9bde1976d85f48d5965e62e0c3e15881,여자,74,경기,2~3년제 전문대학,무직,여성,8,70대이상,경기도,전문대졸
7904,5ca61865fc2442cf9ea579797ff89841,여자,75,부산,초등학교,무직,여성,8,70대이상,부산광역시,초졸이하
7905,d432c0b6b2de4f108de52f702f5a1317,여자,80,인천,초등학교,무직,여성,8,70대이상,인천광역시,초졸이하
7906,9f7e901a1abf417dae89e48d12499dc7,여자,92,경기,초등학교,무직,여성,8,70대이상,경기도,초졸이하
7907,a75eacd55eff450b9b92b76d8f2b7a1f,여자,81,전라남,무학,무직,여성,8,70대이상,전라남,무학
7908,794224f93c2e4b5289720614f17c95ac,여자,77,서울,초등학교,대형 화물차 운전원,여성,8,70대이상,서울특별시,초졸이하
7909,d3a9a313f7d74d79a5e8de7030169681,여자,82,경기,무학,무직,여성,8,70대이상,경기도,무학
7910,f04b96b5891741f4a7ef4095dfc3b2b4,여자,90,부산,초등학교,무직,여성,8,70대이상,부산광역시,초졸이하
7911,f16f1b8704d740318ca25ed08bc61d0d,여자,71,전라남,초등학교,무직,여성,8,70대이상,전라남,초졸이하
7912,b20daeb088b54b95a2080d8d1f02d9b2,여자,71,강원,초등학교,무직,여성,8,70대이상,강원특별자치도,초졸이하
7913,743d9cace02e43a8893ad14537fa45e0,여자,70,서울,고등학교,무직,여성,8,70대이상,서울특별시,고졸
7914,b5339894414f4caa915f2e288b9c4837,여자,75,대구,초등학교,무직,여성,8,70대이상,대구광역시,초졸이하
7915,8ef8334458de49e4a0f63b87e044a114,여자,70,경상북,중학교,무직,여성,8,70대이상,경상북도,중졸
7916,0bc1c8ae037f4513b1e092204efb35b5,여자,73,부산,초등학교,무직,여성,8,70대이상,부산광역시,초졸이하
7917,ab92e301bdb74ae78ad3548f11365e74,여자,70,경상남,중학교,그 외 서비스 관련 단순 종사원,여성,8,70대이상,경상남도,중졸
7918,6d16def3fd744f57aef725247341d914,여자,74,서울,초등학교,무직,여성,8,70대이상,서울특별시,초졸이하
7919,9eb2033a66394c73a9bb95078c10da06,여자,80,경기,초등학교,무직,여성,8,70대이상,경기도,초졸이하
7920,3d23e3d8101e406caa0234985aa86e62,여자,72,경상북,중학교,주방 보조원,여성,8,70대이상,경상북도,중졸
7921,b7d0a1e04bde4c59946fc1d5685125f9,여자,74,경기,고등학교,건물 청소원,여성,8,70대이상,경기도,고졸
7922,88af2ba9e631418eb42a82236f358348,여자,72,부산,중학교,건물 경비원,여성,8,70대이상,부산광역시,중졸
7923,ebd416857ff2441ca663c49f42b84f77,여자,78,서울,초등학교,무직,여성,8,70대이상,서울특별시,초졸이하
7924,5973987ae96644519d9a41a220862d23,여자,77,전북,무학,무직,여성,8,70대이상,전북특별자치도,무학
7925,675bc25c669f44e3a4a564cd42470858,여자,87,전북,무학,무직,여성,8,70대이상,전북특별자치도,무학
7926,b010a3e9dae14adfa715d51e568229fa,여자,71,서울,중학교,무직,여성,8,70대이상,서울특별시,중졸
7927,9a93fe5ac81c491ebfc9be0599be3699,여자,79,전라남,무학,건물 경비원,여성,8,70대이상,전라남,무학
7928,201c2e17f5ac4562bf36b66eea79768c,여자,77,강원,초등학교,가사 도우미,여성,8,70대이상,강원특별자치도,초졸이하
7929,142bdf26d2c04156bf30030c21744742,여자,83,서울,초등학교,무직,여성,8,70대이상,서울특별시,초졸이하
7930,213a072018d54cdeae15790c5a65b8e0,여자,70,경기,초등학교,건물 청소원,여성,8,70대이상,경기도,초졸이하
7931,653ca2ded3ea44469af34ef24a2315b4,여자,87,서울,초등학교,그 외 기능 관련 종사원,여성,8,70대이상,서울특별시,초졸이하
7932,193bf87e4e6248ee9fdc8c0fd23b09e0,여자,74,경기,2~3년제 전문대학,무직,여성,8,70대이상,경기도,전문대졸
7933,770195a7bdb14b3fb8e3facbcb2d06e3,여자,73,서울,초등학교,무직,여성,8,70대이상,서울특별시,초졸이하
7934,4e1d66cd19cd4a55824ced40e9a27056,여자,88,인천,고등학교,무직,여성,8,70대이상,인천광역시,고졸
7935,c7045e445f5e41f9bf9f4238c89ca5d8,여자,82,인천,중학교,무직,여성,8,70대이상,인천광역시,중졸
7936,c996171a95574538ad28d750da3aa237,여자,73,서울,중학교,무직,여성,8,70대이상,서울특별시,중졸
7937,128b6f554fb94ff2adc9407c3c246e50,여자,82,충청북,초등학교,무직,여성,8,70대이상,충청북,초졸이하
7938,95e875d020ca4020a02b879309b9878a,여자,84,전북,무학,무직,여성,8,70대이상,전북특별자치도,무학
7939,c727e9447f764d3da6c6f7cd2e814494,여자,82,경상북,초등학교,무직,여성,8,70대이상,경상북도,초졸이하
7940,42e976e8f64c4d609d9bd78461b2d192,여자,70,경상북,4년제 대학교,무직,여성,8,70대이상,경상북도,대졸
7941,5e6208e66a584447bb230b094728a893,여자,73,충청북,초등학교,무직,여성,8,70대이상,충청북,초졸이하
7942,7f9e04c3ebc84df1acbd7c7f99cf6541,여자,70,경기,중학교,무직,여성,8,70대이상,경기도,중졸
7943,0fddfe62b3874e4db4cabebbdb12e3a4,여자,74,전라남,중학교,국가행정 사무원,여성,8,70대이상,전라남,중졸
7944,742920f05a99462683fd6c81fbbef363,여자,84,전북,무학,무직,여성,8,70대이상,전북특별자치도,무학
7945,53339de064b34425a486ea4831f16ab1,여자,71,인천,초등학교,무직,여성,8,70대이상,인천광역시,초졸이하
7946,7052faf6367b4b418303cd7ede9d6150,여자,77,전라남,초등학교,지방행정 사무원,여성,8,70대이상,전라남,초졸이하
7947,b4ed7eb59ef247a78b74df9d6dbc1b27,여자,73,대전,초등학교,무직,여성,8,70대이상,대전광역시,초졸이하
7948,47aac0edc9bd44f89495f170fbb61f84,여자,74,서울,초등학교,무직,여성,8,70대이상,서울특별시,초졸이하
7949,c8fa28e4139e4d31a2c401de1c8fecee,여자,82,경기,초등학교,무직,여성,8,70대이상,경기도,초졸이하
7950,d5e099af0ba2486cb96c1ad4c9fdb65c,여자,82,서울,초등학교,무직,여성,8,70대이상,서울특별시,초졸이하
7951,6f750493cb4c43d48d01387ced69ac5d,여자,84,서울,중학교,건물 청소원,여성,8,70대이상,서울특별시,중졸
7952,b74b5f17e3634933b79254dad2f8b3f3,여자,76,충청남,초등학교,무직,여성,8,70대이상,충청남,초졸이하
7953,2cd8a55998cf43a6afedb2919cffd78d,여자,84,경상북,무학,무직,여성,8,70대이상,경상북도,무학
7954,be6023a339984006a218840ffba785cf,여자,73,충청북,중학교,수동 포장원,여성,8,70대이상,충청북,중졸
7955,c006c82489314d90896939804fc4565a,여자,88,경기,초등학교,그 외 서비스 관련 단순 종사원,여성,8,70대이상,경기도,초졸이하
7956,6f4b2cf10a9c4c7ab7ca5672fa053952,여자,79,전라남,고등학교,무직,여성,8,70대이상,전라남,고졸
7957,2952f5316dad4627bbb24091dc34c57e,여자,80,서울,초등학교,그 외 서비스 관련 단순 종사원,여성,8,70대이상,서울특별시,초졸이하
7958,362c3e240d7e4fe6b5758da96bb1be8a,여자,80,충청북,무학,무직,여성,8,70대이상,충청북,무학
7959,64f705fb7df64dd78d890c396cad149a,여자,84,강원,무학,무직,여성,8,70대이상,강원특별자치도,무학
7960,6d4f0b1994284351ab9e12a3706d2a79,여자,71,서울,초등학교,무직,여성,8,70대이상,서울특별시,초졸이하
7961,b88c21ea27c3442f94bf47e6c0736710,여자,72,광주,고등학교,무직,여성,8,70대이상,광주광역시,고졸
7962,8417e4d156d74ddca60b4bc508caf66c,여자,87,서울,초등학교,무직,여성,8,70대이상,서울특별시,초졸이하
7963,bdbb722772f34e11b34d9ee1c67f9885,여자,87,세종,무학,무직,여성,8,70대이상,세종특별자치시,무학
7964,52c7268bbb74490ebfbd0d823a50a955,여자,75,전북,무학,건물 청소원,여성,8,70대이상,전북특별자치도,무학
7965,82ec7019d8a3497b9c7e1bb5136608a2,여자,77,경상북,초등학교,무직,여성,8,70대이상,경상북도,초졸이하
7966,b1f7e78587eb44da83a00e27107ee4f7,여자,70,경기,초등학교,무직,여성,8,70대이상,경기도,초졸이하
7967,e78537dff1e3447fa5ca7341aaa8df0f,여자,73,광주,고등학교,무직,여성,8,70대이상,광주광역시,고졸
7968,35d976d263094e4bbb752d1ec6a36298,여자,85,경기,고등학교,무직,여성,8,70대이상,경기도,고졸
7969,38696737052a474fb7d879cfde7e6d96,여자,88,충청남,초등학교,무직,여성,8,70대이상,충청남,초졸이하
7970,ddd77ebba8214269aa1d77ce5edb1afb,여자,82,경기,초등학교,무직,여성,8,70대이상,경기도,초졸이하
7971,de7808b28c564b4b853db70be48e8cae,여자,70,전북,고등학교,무직,여성,8,70대이상,전북특별자치도,고졸
7972,77333ac9ff424873b4d3369d2d3d6156,여자,70,경기,중학교,무직,여성,8,70대이상,경기도,중졸
7973,d36edefece174235aa09b5dd3725e5b7,여자,70,충청북,고등학교,무직,여성,8,70대이상,충청북,고졸
7974,e2ccca0a2b08473090efda6014483c35,여자,91,전라남,무학,무직,여성,8,70대이상,전라남,무학
7975,f58dd574dd7d44b8ac1eac9461489fa4,여자,79,서울,중학교,무직,여성,8,70대이상,서울특별시,중졸
7976,4126dbe8b8a6402bbf7f3c89d7726593,여자,94,경기,무학,무직,여성,8,70대이상,경기도,무학
7977,60a093fc490c4f74870698f1b45d30af,여자,72,인천,초등학교,무직,여성,8,70대이상,인천광역시,초졸이하
7978,a3f8c2f3dd7e4370a13f6a189671159c,여자,83,광주,고등학교,무직,여성,8,70대이상,광주광역시,고졸
7979,8d84aaa8eb0b476db024e9ef44dfc0d9,여자,80,경상남,초등학교,무직,여성,8,70대이상,경상남도,초졸이하
7980,77856afb91114aea91c2f91bdb177a5a,여자,73,경기,초등학교,무직,여성,8,70대이상,경기도,초졸이하
7981,2c2a8776ea6c4e76aacaa65bda8d2a85,여자,76,전라남,초등학교,무직,여성,8,70대이상,전라남,초졸이하
7982,978b86e6e4334a3b8d85b7aa11dc9622,여자,70,경기,초등학교,무직,여성,8,70대이상,경기도,초졸이하
7983,69bfb5e874014c1f849079f0f8784872,여자,72,서울,4년제 대학교,무직,여성,8,70대이상,서울특별시,대졸
7984,fb9a4a02d71e4e6e8e034e3e07b7b471,여자,74,광주,초등학교,무직,여성,8,70대이상,광주광역시,초졸이하
7985,9245364f0dd84aecbd6a2e5b3333038b,여자,74,서울,4년제 대학교,"전직 경리 사무원, 현재 구직중",여성,8,70대이상,서울특별시,대졸
7986,7e26a118337943d5ae742bf38b6deb58,여자,96,경기,초등학교,무직,여성,8,70대이상,경기도,초졸이하
7987,2af77dc7ae7d4460b21a139457860ff1,여자,87,대구,무학,무직,여성,8,70대이상,대구광역시,무학
7988,d97dd066220e41a0946276c0d4af5f9f,여자,75,부산,초등학교,그 외 서비스 관련 단순 종사원,여성,8,70대이상,부산광역시,초졸이하
7989,8a741766dcef416cb9d9dff5c5d91aa6,여자,73,경기,중학교,가사 도우미,여성,8,70대이상,경기도,중졸
7990,5fb66a97ca324c74b31453ba34d7f7ed,여자,79,서울,중학교,무직,여성,8,70대이상,서울특별시,중졸
7991,bc1430963cfe44f9bfe2160a05a41803,여자,77,서울,중학교,무직,여성,8,70대이상,서울특별시,중졸
7992,8461bce1a8cb42c68d51b99e59f396d9,여자,94,세종,초등학교,무직,여성,8,70대이상,세종특별자치시,초졸이하
7993,ca654316e64947668def04c2edb9fdd0,여자,78,충청남,고등학교,무직,여성,8,70대이상,충청남,고졸
7994,98b598984b004b308da073441085cb72,여자,87,서울,고등학교,무직,여성,8,70대이상,서울특별시,고졸
7995,fe6d692338c94d929f475cd5b2864e56,여자,73,전북,무학,시설 경비원,여성,8,70대이상,전북특별자치도,무학
7996,c3b5d232a5b245408d5a31057351f9cd,여자,81,경기,초등학교,무직,여성,8,70대이상,경기도,초졸이하
7997,6ea7e394e9cf48b8b53a57a883a90949,여자,86,인천,무학,무직,여성,8,70대이상,인천광역시,무학
7998,3829e472a44549c5bb278a683a77f67b,여자,92,경기,무학,무직,여성,8,70대이상,경기도,무학
7999,f5c89465de4640e88e39e6de3a007eb2,여자,76,대구,중학교,무직,여성,8,70대이상,대구광역시,중졸
8000,75f5a752736f48d98854ddf26e3d71ef,여자,74,서울,초등학교,한식 조리사,여성,8,70대이상,서울특별시,초졸이하
8001,cfbd329ca43644e888b9589d8707a135,여자,74,경기,초등학교,무직,여성,8,70대이상,경기도,초졸이하
8002,2828db516d674539b39491c689f701e4,여자,78,경기,초등학교,그 외 서비스 관련 단순 종사원,여성,8,70대이상,경기도,초졸이하
8003,4eabc3336c7841d796cd0081825f7f53,여자,83,부산,초등학교,무직,여성,8,70대이상,부산광역시,초졸이하
8004,66a3eb7f354f41ccbb3fe15136738cfc,여자,73,서울,2~3년제 전문대학,무직,여성,8,70대이상,서울특별시,전문대졸
8005,31c20246bffb44e78a2412bebfa66b69,여자,71,경기,초등학교,음식 서비스 종사원,여성,8,70대이상,경기도,초졸이하
8006,32245d72beca43f49e412483b06a447c,여자,79,전라남,초등학교,건물 경비원,여성,8,70대이상,전라남,초졸이하
8007,8b54c77b04374f8a835790ec365020b3,여자,75,경기,초등학교,무직,여성,8,70대이상,경기도,초졸이하
8008,7e3cfe4f3cdc4b4ea19d085844ab594e,여자,80,충청남,초등학교,무직,여성,8,70대이상,충청남,초졸이하
8009,3bd65e99916348f695e28f663be6c75e,여자,78,부산,초등학교,무직,여성,8,70대이상,부산광역시,초졸이하
8010,63f53433236c4860888c58056ee1ee96,여자,73,경상남,중학교,무직,여성,8,70대이상,경상남도,중졸
8011,f479f97ed4bf446887cd641f0ca2c7c1,여자,72,경기,초등학교,무직,여성,8,70대이상,경기도,초졸이하
8012,db25535aebcb43dcb9704cfb1c50ced2,여자,71,인천,초등학교,건물 청소원,여성,8,70대이상,인천광역시,초졸이하
8013,23c9ec6ca4d147ef8bf6ed67d051d5a7,여자,72,경상북,초등학교,무직,여성,8,70대이상,경상북도,초졸이하
8014,bfd2095dd856487086e3f13ab019c27c,여자,82,충청남,초등학교,무직,여성,8,70대이상,충청남,초졸이하
8015,9c59e463b4024395968fcc7dc9c49386,여자,82,충청남,초등학교,무직,여성,8,70대이상,충청남,초졸이하
8016,a645a59b9ddb409892097937c071e976,여자,84,경기,무학,무직,여성,8,70대이상,경기도,무학
8017,e7a1144a9fe846958e959ea0d3c3aef0,여자,74,경기,중학교,무직,여성,8,70대이상,경기도,중졸
8018,0fb29abc98a2493fa8b0574f3291b434,여자,74,경상북,중학교,무직,여성,8,70대이상,경상북도,중졸
8019,ed9be4624d9b4d9cb959e4797d94746a,여자,76,경기,초등학교,무직,여성,8,70대이상,경기도,초졸이하
8020,632da0b31ce146e9a2b529a02f9ec97a,여자,78,대전,무학,무직,여성,8,70대이상,대전광역시,무학
8021,0fc3cc2506c8476b9d63a2e047e2cde8,여자,73,경상남,중학교,무직,여성,8,70대이상,경상남도,중졸
8022,982e566b03e5408693bf283a9c7f902e,여자,79,서울,4년제 대학교,무직,여성,8,70대이상,서울특별시,대졸
8023,e4c8ffc084d44b10afe375190a85d50a,여자,86,경기,초등학교,무직,여성,8,70대이상,경기도,초졸이하
8024,95de6c8bc894432b9e34e18ad095792b,여자,92,대구,초등학교,무직,여성,8,70대이상,대구광역시,초졸이하
8025,5a36868625df4ca29af9b8debfb68e88,여자,72,전북,초등학교,무직,여성,8,70대이상,전북특별자치도,초졸이하
8026,f0e95db31e5740f092a3086c77da2461,여자,85,경상북,초등학교,무직,여성,8,70대이상,경상북도,초졸이하
8027,6b8ca764e1ed4e9ba5b332fc989ec0be,여자,84,대구,초등학교,무직,여성,8,70대이상,대구광역시,초졸이하
8028,0d421a08a27a4b09b3b50ebb823326df,여자,88,경기,무학,무직,여성,8,70대이상,경기도,무학
8029,66f4ddd31dee43d0841d455e771654a6,여자,80,부산,무학,무직,여성,8,70대이상,부산광역시,무학
8030,22ca473488fb42a8aadf044b1b959595,여자,81,경기,중학교,무직,여성,8,70대이상,경기도,중졸
8031,7880aea512db40bcb06f4666aa5400cd,여자,71,인천,초등학교,무직,여성,8,70대이상,인천광역시,초졸이하
8032,f3219997d6d84236b9695d4f2694c866,여자,78,서울,초등학교,무직,여성,8,70대이상,서울특별시,초졸이하
8033,543fdeca1073443cb0e78a64e7a0db9b,여자,73,경기,고등학교,무직,여성,8,70대이상,경기도,고졸
8034,4f2422cc1f9042809368909fee700a81,여자,73,부산,고등학교,무직,여성,8,70대이상,부산광역시,고졸
8035,be7c7dfed8b04b1f829a9ca05e1be043,여자,82,경상남,초등학교,무직,여성,8,70대이상,경상남도,초졸이하
8036,88c6c8cf9e4444eea30d5887cff7280b,여자,73,경기,초등학교,무직,여성,8,70대이상,경기도,초졸이하
8037,418f270b0d924f779f6da3ad2f41d40f,여자,77,서울,초등학교,무직,여성,8,70대이상,서울특별시,초졸이하
8038,c64bd717bb0c447e8915fbec0d956cb6,여자,71,광주,4년제 대학교,무직,여성,8,70대이상,광주광역시,대졸
8039,ebba8e1c6dda438bb44a6138a1e62185,여자,70,서울,고등학교,무직,여성,8,70대이상,서울특별시,고졸
8040,9299c8b3c240449b973d3da592f531d4,여자,82,경상남,중학교,무직,여성,8,70대이상,경상남도,중졸
8041,8b31daea9cab43cf9cf9b1b0a1c60234,여자,83,경상남,초등학교,무직,여성,8,70대이상,경상남도,초졸이하
8042,5f7136050be24bf4af249b04c56c3f93,여자,71,경기,고등학교,무직,여성,8,70대이상,경기도,고졸
8043,50ab2a4fc6ce49d19638ef1e5795899c,여자,83,충청남,초등학교,무직,여성,8,70대이상,충청남,초졸이하
8044,fc445fdae84a4d149abf15bbaba5ddc4,여자,74,경기,대학원,무직,여성,8,70대이상,경기도,대학원졸
8045,d64daf100cd74348a5dc9a6842c08077,여자,74,서울,초등학교,건물 청소원,여성,8,70대이상,서울특별시,초졸이하
8046,65d2f5e5fc6a4d419334b2770defc3f5,여자,79,제주,초등학교,무직,여성,8,70대이상,제주특별자치도,초졸이하
8047,8b564d7b8bb84274a71a3af816269216,여자,78,서울,초등학교,무직,여성,8,70대이상,서울특별시,초졸이하
8048,d7c8638a9d454fae911b6f2476765671,여자,76,경기,무학,무직,여성,8,70대이상,경기도,무학
8049,3e0bff40bc1d4c32b1d85ebc5061b1d5,여자,70,경상북,초등학교,무직,여성,8,70대이상,경상북도,초졸이하
8050,c15bd87bab2349c283947c3fd6034983,여자,75,대전,무학,무직,여성,8,70대이상,대전광역시,무학
8051,94d84dd3cea04abe935c9dcb41672224,여자,77,인천,무학,무직,여성,8,70대이상,인천광역시,무학
8052,ce0d8cb8996148b98371fba5ba992ca6,여자,70,서울,고등학교,그 외 서비스 관련 단순 종사원,여성,8,70대이상,서울특별시,고졸
8053,b87d7af33ad448ecb317bedf80da0af1,여자,73,충청남,초등학교,무직,여성,8,70대이상,충청남,초졸이하
8054,255d4cd5875c4671a66c3c751c737bd5,여자,74,전북,초등학교,무직,여성,8,70대이상,전북특별자치도,초졸이하
8055,9acc184ce07743ca97c7ead739f73ac8,여자,82,전라남,무학,무직,여성,8,70대이상,전라남,무학
8056,abe6ef95ebb041f1b91a68766d1c0d59,여자,85,부산,초등학교,무직,여성,8,70대이상,부산광역시,초졸이하
8057,56a12c96b45445ebb7eee11b8192c862,여자,79,강원,초등학교,산불 감시원,여성,8,70대이상,강원특별자치도,초졸이하
8058,9c7f87c75dd944cb9dd3731a6ca5fac6,여자,77,대구,초등학교,건물 청소원,여성,8,70대이상,대구광역시,초졸이하
8059,13b7cceae3694f70b51d3f0a915738ad,여자,76,서울,초등학교,무직,여성,8,70대이상,서울특별시,초졸이하
8060,ea937fe47a0d41f59c045a11858d3f88,여자,74,인천,중학교,무직,여성,8,70대이상,인천광역시,중졸
8061,5d4742f45f584f938387b7caab60034e,여자,89,경기,무학,무직,여성,8,70대이상,경기도,무학
8062,cfb9fee40276491b96e636027f8bba52,여자,70,경기,초등학교,무직,여성,8,70대이상,경기도,초졸이하
8063,5470168f0d53462391c57562c5251489,여자,83,부산,초등학교,무직,여성,8,70대이상,부산광역시,초졸이하
8064,e3056c8823a44097aa3210284021dc79,여자,75,전북,고등학교,국가행정 사무원,여성,8,70대이상,전북특별자치도,고졸
8065,e2489d98700742acbd9058936b7cd494,여자,89,서울,초등학교,무직,여성,8,70대이상,서울특별시,초졸이하
8066,3542ea0858a64c778532154caf956fc5,여자,74,대전,고등학교,무직,여성,8,70대이상,대전광역시,고졸
8067,c5a96a46059042d6b55d24b463f302d8,여자,74,경기,중학교,무직,여성,8,70대이상,경기도,중졸
8068,f8473a66b5eb4777986b8efabd947ece,여자,94,제주,무학,무직,여성,8,70대이상,제주특별자치도,무학
8069,f58273fec6654d4dbf6775b04cda7cd5,여자,78,경기,4년제 대학교,무직,여성,8,70대이상,경기도,대졸
8070,10eb657d318c4d6185ca832057d66865,여자,79,경기,무학,무직,여성,8,70대이상,경기도,무학
8071,dcc9d7bc9ae04327907453377cf36ff4,여자,82,경기,중학교,무직,여성,8,70대이상,경기도,중졸
8072,d25dca822b144fc5b1272a09906528d0,여자,75,경기,2~3년제 전문대학,전화 상담원,여성,8,70대이상,경기도,전문대졸
8073,ba268a9960b5410a84c3bd31ac86be35,여자,75,전라남,무학,마케팅 전문가,여성,8,70대이상,전라남,무학
8074,a4bada68fda849468ed0a67251d0e180,여자,89,경기,초등학교,무직,여성,8,70대이상,경기도,초졸이하
8075,2a5bfaa13fbe49fcb2ec1ad3488b998a,여자,71,서울,초등학교,그 외 서비스 관련 단순 종사원,여성,8,70대이상,서울특별시,초졸이하
8076,9daac82c44b94f639fd70a42391b6e97,여자,89,전라남,초등학교,무직,여성,8,70대이상,전라남,초졸이하
8077,c9c6fdab0fa44d30af9939e5413e5298,여자,70,경기,2~3년제 전문대학,무직,여성,8,70대이상,경기도,전문대졸
8078,c546a43cce6247fabbbe03b2e90bb7d1,여자,77,경기,초등학교,무직,여성,8,70대이상,경기도,초졸이하
8079,804ef987c7f04e428bd34c12b187dc9c,여자,84,세종,중학교,무직,여성,8,70대이상,세종특별자치시,중졸
8080,c8c48515e77e4708989eabd9f7e19537,여자,92,광주,초등학교,무직,여성,8,70대이상,광주광역시,초졸이하
8081,d6fd4709ce804226bdc71addc5d266b6,여자,79,전라남,초등학교,무직,여성,8,70대이상,전라남,초졸이하
8082,618e35feb8f0403e9f00abf58a550ef9,여자,97,경상남,초등학교,무직,여성,8,70대이상,경상남도,초졸이하
8083,6796bcf0f7b741188561345850ab8c92,여자,70,광주,중학교,무직,여성,8,70대이상,광주광역시,중졸
8084,ca6783920643486eae203f51cd027ad1,여자,76,경기,고등학교,건물 청소원,여성,8,70대이상,경기도,고졸
8085,d9287ab1b44c4bb6aead931e50bcf43c,여자,76,경기,고등학교,무직,여성,8,70대이상,경기도,고졸
8086,657d9a45b77e42c193049fbac3ca2f48,여자,88,충청북,중학교,무직,여성,8,70대이상,충청북,중졸
8087,d37ae3dd355b4646ad899b1142782993,여자,86,인천,무학,시설 경비원,여성,8,70대이상,인천광역시,무학
8088,f84a15d606f841a69cf54ac1e7e24124,여자,83,경기,초등학교,무직,여성,8,70대이상,경기도,초졸이하
8089,5b7fcd23b6644cb3a203823ce65d9c70,여자,75,경기,고등학교,수동 포장원,여성,8,70대이상,경기도,고졸
8090,7000db73b9d24b52bcd24dbfe5a00ab2,여자,71,부산,중학교,무직,여성,8,70대이상,부산광역시,중졸
8091,572baff9e39b467bbd0df5cc0d1968af,여자,86,인천,무학,무직,여성,8,70대이상,인천광역시,무학
8092,1d649b05198645b7a9ad08071d9dab77,여자,80,대전,무학,무직,여성,8,70대이상,대전광역시,무학
8093,841de418f9844b5d9e8de3ca5e8d47d2,여자,71,충청남,초등학교,무직,여성,8,70대이상,충청남,초졸이하
8094,15b458dca241476abf7b2205e447d72c,여자,81,제주,무학,무직,여성,8,70대이상,제주특별자치도,무학
8095,aaab1b8716a04b9a8272bd660d163208,여자,85,서울,무학,무직,여성,8,70대이상,서울특별시,무학
8096,a9425358543e450c84fdde6f40a51920,여자,74,서울,초등학교,무직,여성,8,70대이상,서울특별시,초졸이하
8097,58abff1d9a9c4badaaa1c018ea874ef3,여자,74,경기,초등학교,무직,여성,8,70대이상,경기도,초졸이하
8098,97d3d9624e544439a36d7fa4ef0d06c8,여자,89,서울,초등학교,무직,여성,8,70대이상,서울특별시,초졸이하
8099,04569a9c57ca4951be241f3fb96b7b1d,여자,78,경기,고등학교,건물 청소원,여성,8,70대이상,경기도,고졸
8100,477d0b201cdf424695cad476831411af,여자,72,충청남,초등학교,건물 청소원,여성,8,70대이상,충청남,초졸이하
8101,3f446c8269334c2bbc04bf0324d3ba79,여자,71,경상북,고등학교,무직,여성,8,70대이상,경상북도,고졸
8102,5dcb138280b549b1b9c4a94b8a685bf1,여자,81,경기,초등학교,무직,여성,8,70대이상,경기도,초졸이하
8103,d4b3996cf2794fe9b99ad49665d68fbb,여자,76,경상북,초등학교,그 외 목재가공 관련 기계 조작원,여성,8,70대이상,경상북도,초졸이하
8104,1812463d29f545c4812afdf9580e5123,여자,78,경상북,초등학교,무직,여성,8,70대이상,경상북도,초졸이하
8105,be7c7dfed8b04b1f829a9ca05e1be043,여자,82,경상남,초등학교,무직,여성,8,70대이상,경상남도,초졸이하
8106,a59a4d195e5a47349a8db2e67c61d81c,여자,72,경기,고등학교,무직,여성,8,70대이상,경기도,고졸
8107,cff4fb08c12e4da5b42ad66a75b8957c,여자,74,전북,초등학교,"전직 그 외 음식 서비스 종사원, 현재 구직중",여성,8,70대이상,전북특별자치도,초졸이하
8108,232651a3c2c24a3a8132d64a8c40db81,여자,74,경상남,초등학교,무직,여성,8,70대이상,경상남도,초졸이하
8109,569bb66cd5514b1cbe3ef98e723680c1,여자,86,대전,무학,무직,여성,8,70대이상,대전광역시,무학
8110,795404a577be447eb6f11d9615ad9382,여자,86,경상북,초등학교,무직,여성,8,70대이상,경상북도,초졸이하
8111,17e521d7802148aaba66e61415af1ba8,여자,76,서울,초등학교,무직,여성,8,70대이상,서울특별시,초졸이하
8112,41cf3d8fdfe04065b88cf2757108864a,여자,73,충청북,초등학교,무직,여성,8,70대이상,충청북,초졸이하
8113,c71113cd550449489cde7be861c135a5,여자,83,서울,초등학교,무직,여성,8,70대이상,서울특별시,초졸이하
8114,5545842328bc4628b5e8ac21171fc7f5,여자,71,경기,초등학교,그 외 기계 조작원,여성,8,70대이상,경기도,초졸이하
8115,57609bbd64b84619913d1c11aa309f8a,여자,71,경상남,고등학교,무직,여성,8,70대이상,경상남도,고졸
8116,144c1b818b0147c5b85929d9ff061eae,여자,73,서울,무학,무직,여성,8,70대이상,서울특별시,무학
8117,325f19399956445c97e18bd44679e942,여자,83,충청남,초등학교,무직,여성,8,70대이상,충청남,초졸이하
8118,ed18e25bf35f4afebda949d38dc5aea4,여자,82,경상남,무학,무직,여성,8,70대이상,경상남도,무학
8119,45de776e7aca46aebe86897101d15c4a,여자,70,부산,중학교,무직,여성,8,70대이상,부산광역시,중졸
8120,d7bf2e8f5e564558a17919ca9b8c82f8,여자,92,인천,무학,무직,여성,8,70대이상,인천광역시,무학
8121,59f176e753f34d8982a012ffbbb5cb33,여자,70,경기,초등학교,"전직 건물 청소원, 현재 구직중",여성,8,70대이상,경기도,초졸이하
8122,ec7b340e482e4f8c8339c693e9a5a3a1,여자,77,서울,초등학교,하역 및 적재 관련 단순 종사원,여성,8,70대이상,서울특별시,초졸이하
8123,8eac80176886447a93c4a93e548fe2de,여자,75,광주,중학교,무직,여성,8,70대이상,광주광역시,중졸
8124,7ee4d21deb70494bbee5ea6931a052e4,여자,75,경상남,무학,무직,여성,8,70대이상,경상남도,무학
8125,0549cf526be649a9814abfa2f217bd83,여자,76,대구,고등학교,전화 상담원,여성,8,70대이상,대구광역시,고졸
8126,18f8417337394d479652fecc72afb51f,여자,85,인천,초등학교,무직,여성,8,70대이상,인천광역시,초졸이하
8127,9b6803a40e0a428d8df3702d94d732d3,여자,88,경상남,무학,무직,여성,8,70대이상,경상남도,무학
8128,00814576fd654c428c061372975ddefe,여자,79,경기,무학,무직,여성,8,70대이상,경기도,무학
8129,57f086c0e45248f1adc5edbd8bc92286,여자,76,충청남,고등학교,건물 청소원,여성,8,70대이상,충청남,고졸
8130,0170ffbf2a7f489f8eed0323e420c721,여자,76,서울,중학교,배전반 조작원,여성,8,70대이상,서울특별시,중졸
8131,291fe12495de4ef1b5e840e8e9faf741,여자,77,경기,초등학교,무직,여성,8,70대이상,경기도,초졸이하
8132,51502e305fe94cdb92fb126ced92a658,여자,74,경상북,초등학교,무직,여성,8,70대이상,경상북도,초졸이하
8133,034f08dc3e5e4482beab1f3f488f0b13,여자,89,경상남,중학교,무직,여성,8,70대이상,경상남도,중졸
8134,3e28821981ff4d0a9623004539767a9e,여자,75,서울,초등학교,그 외 서비스 관련 단순 종사원,여성,8,70대이상,서울특별시,초졸이하
8135,7bb53b800ac34dcb87e7afc7813b9034,여자,82,경기,중학교,무직,여성,8,70대이상,경기도,중졸
8136,4778bb328dea4f0c8e981c5d97209ecb,여자,86,서울,초등학교,무직,여성,8,70대이상,서울특별시,초졸이하
8137,799252fdc87b4a568c5a17dfc2653852,여자,71,경상북,중학교,건물 청소원,여성,8,70대이상,경상북도,중졸
8138,dc8af010c12b4445b11390e161a712a8,여자,78,인천,중학교,무직,여성,8,70대이상,인천광역시,중졸
8139,c3016d7015014dfc9102ffb8d1dfe027,여자,79,제주,초등학교,건물 청소원,여성,8,70대이상,제주특별자치도,초졸이하
8140,1f8967cfedcd4e479d191e79f3575d00,여자,75,충청남,초등학교,무직,여성,8,70대이상,충청남,초졸이하
8141,9c7d16f70f8a4ba0bc174cb99876074e,여자,78,경기,무학,건물 청소원,여성,8,70대이상,경기도,무학
8142,b95b2e6ee13c4da49f29176111666e4d,여자,94,대전,무학,무직,여성,8,70대이상,대전광역시,무학
8143,11adcb057d8a4b9cb8d545d4e73c950a,여자,80,경기,고등학교,떡 제조원,여성,8,70대이상,경기도,고졸
8144,4ef74077074646e690dfac64a6bf0606,여자,85,전북,초등학교,무직,여성,8,70대이상,전북특별자치도,초졸이하
8145,74abd50841244156bbd82dfa0e0f1117,여자,74,경기,초등학교,무직,여성,8,70대이상,경기도,초졸이하
8146,90a0a155965a4b3fa44983e886570513,여자,72,서울,초등학교,방역원,여성,8,70대이상,서울특별시,초졸이하
8147,20168a5ef1e14dd482b2efe05bd58cb6,여자,81,인천,초등학교,무직,여성,8,70대이상,인천광역시,초졸이하
8148,59d439d6a14549c2a874e4622ce08ee8,여자,76,전북,중학교,무직,여성,8,70대이상,전북특별자치도,중졸
8149,b2e058d1682a4ef4a2e4924da061b275,여자,80,경상남,중학교,무직,여성,8,70대이상,경상남도,중졸
8150,72dfad15c5934c958656833628f04d9f,여자,80,경기,초등학교,무직,여성,8,70대이상,경기도,초졸이하
8151,011d75c1ef334334add33c94bca78e7c,여자,70,경기,무학,무직,여성,8,70대이상,경기도,무학
8152,6cc8ae5e19194eb4bfcafd92ec9e16ae,여자,70,서울,고등학교,무직,여성,8,70대이상,서울특별시,고졸
8153,a1045d21a3a8405da7588ff5f5386097,여자,76,울산,초등학교,무직,여성,8,70대이상,울산광역시,초졸이하
8154,0af8ad5db1be40ca8ed51951c3285e48,여자,71,경기,초등학교,무직,여성,8,70대이상,경기도,초졸이하
8155,7aaf75e177e14ba6ac085ff773bdd649,여자,88,부산,초등학교,무직,여성,8,70대이상,부산광역시,초졸이하
8156,65f64883f6e749b08f38e6a27964f475,여자,83,대전,무학,시설 경비원,여성,8,70대이상,대전광역시,무학
8157,e7b4d0654a8142c0a300bbddbdb16b5f,여자,84,경기,무학,무직,여성,8,70대이상,경기도,무학
8158,8099dd0e520743fa9d9133a22248b5ca,여자,84,서울,무학,무직,여성,8,70대이상,서울특별시,무학
8159,17fb8a2d2c934850ae2220f71784f256,여자,71,경상북,초등학교,무직,여성,8,70대이상,경상북도,초졸이하
8160,328083d76f084cf6833cb73680dbd434,여자,88,경기,초등학교,무직,여성,8,70대이상,경기도,초졸이하
8161,fd462c38a4d14c91be19eac4e145ef3e,여자,86,경상북,무학,하역 및 적재 관련 단순 종사원,여성,8,70대이상,경상북도,무학
8162,36874d986b834ed49f6f8eff9a345c63,여자,72,경상남,4년제 대학교,무직,여성,8,70대이상,경상남도,대졸
8163,d72231499bc64dc0b6ac4f970f9fd925,여자,70,경상남,4년제 대학교,무직,여성,8,70대이상,경상남도,대졸
8164,012a8fe7789444909c6cad1fceb40321,여자,90,광주,무학,무직,여성,8,70대이상,광주광역시,무학
8165,e922bd1c93de480b813a8b27eaf181b1,여자,88,서울,무학,무직,여성,8,70대이상,서울특별시,무학
8166,37ea725d1c1244b0a7885c8d28ee70ae,여자,82,경상북,무학,무직,여성,8,70대이상,경상북도,무학
8167,fdec7fcbef254897b03d5dde2543aa60,여자,78,서울,무학,무직,여성,8,70대이상,서울특별시,무학
