p__d31001,p__d31002,p__d31003,p__d31005,p__d31007,p__m01001,p__m01002,p__m01003,p__m01004,p__m01005,p__m01006,p__m01007,p__m01008,p__m01009,p__m01010,p__m01011,p__m01012,p__m01013,p__m01014,p__m01015,p__m01016,p__m01017,p__m01018,p__m01019,p__m01020,p__m01021,p__m01022,p__m01023,p__m01024,p__d26001,p__d26075,p__d26092,p__d11001,p__d22001,p__d28001,p__d29001,_idx,_model,_wave,성별,연령대
3,1,1.0,2.0,2.0,3,3,4,2,5,4,4,4,3,3,3,4,2,3,4,3,4,4,4,4,3,4,4,4,1,1,1,1,1,1,2,0,gemini,2024,남성,2
3,1,1.0,2.0,2.0,3,3,4,3,5,4,4,4,3,3,3,4,3,3,4,3,4,4,4,4,3,3,4,3,1,1,1,1,1,1,1,1,gemini,2024,남성,2
3,1,1.0,2.0,2.0,2,3,3,2,4,4,4,3,3,2,3,3,2,3,3,2,4,4,4,4,3,4,4,4,1,1,1,1,1,1,1,2,gemini,2024,남성,2
3,1,1.0,2.0,2.0,3,3,3,2,4,4,4,3,3,3,3,3,2,3,3,3,4,4,4,4,3,3,3,3,1,1,1,1,1,1,1,3,gemini,2024,남성,2
3,1,1.0,2.0,2.0,3,4,4,3,5,4,4,4,3,3,3,4,2,3,3,3,4,4,4,4,3,4,4,4,1,1,1,1,1,1,1,4,gemini,2024,남성,2
3,1,1.0,2.0,2.0,2,3,3,2,4,4,4,4,3,2,3,3,2,3,3,3,4,4,4,4,3,4,3,4,1,1,1,1,1,1,1,5,gemini,2024,남성,2
3,1,1.0,2.0,2.0,2,3,3,2,4,4,4,3,3,2,3,3,2,3,3,3,4,4,4,4,3,4,3,4,1,1,1,1,1,1,1,6,gemini,2024,남성,2
3,1,1.0,2.0,2.0,3,3,4,3,5,4,5,4,3,3,3,4,2,3,4,3,4,4,4,4,3,4,4,4,1,1,1,1,1,1,1,7,gemini,2024,남성,2
3,1,1.0,2.0,2.0,3,3,4,3,5,4,5,4,3,3,3,4,2,3,4,3,4,4,4,4,3,4,4,4,1,1,1,1,1,1,2,8,gemini,2024,남성,2
3,1,1.0,2.0,2.0,2,3,3,2,4,4,4,4,3,3,3,3,2,3,3,2,4,4,4,4,3,3,3,4,1,1,1,1,1,1,2,9,gemini,2024,남성,2
3,1,1.0,2.0,2.0,2,3,3,2,4,4,4,4,3,3,3,3,2,3,3,3,4,4,4,4,3,3,3,3,1,1,1,1,1,1,1,10,gemini,2024,남성,2
3,1,1.0,2.0,2.0,2,3,3,2,4,4,4,3,3,3,3,3,2,3,3,3,4,4,4,4,3,4,3,4,1,1,1,1,1,1,2,11,gemini,2024,남성,2
3,1,1.0,2.0,2.0,3,3,4,2,5,4,5,4,3,3,3,4,2,3,4,3,4,4,4,4,3,4,4,4,1,1,1,1,1,1,2,12,gemini,2024,남성,2
3,1,1.0,2.0,2.0,3,3,4,2,5,4,4,4,3,3,3,4,2,3,3,3,4,4,5,4,3,4,4,4,1,1,1,1,1,1,2,13,gemini,2024,남성,2
3,1,1.0,2.0,2.0,2,3,3,3,4,4,4,4,3,3,3,4,2,3,3,3,4,4,4,4,3,3,3,3,1,1,1,1,1,1,1,14,gemini,2024,남성,2
3,1,1.0,2.0,2.0,3,3,4,3,4,4,4,4,3,3,3,4,2,3,3,3,4,4,4,4,3,4,4,4,1,1,1,1,1,1,2,15,gemini,2024,남성,2
3,1,1.0,2.0,2.0,3,3,4,2,4,4,4,4,3,3,3,4,2,3,3,3,4,4,4,4,3,4,4,4,1,1,1,1,1,1,2,16,gemini,2024,남성,2
3,1,1.0,2.0,2.0,3,3,4,3,5,4,4,4,3,3,3,4,2,3,3,3,4,4,4,4,3,3,4,4,1,1,1,1,1,1,1,17,gemini,2024,남성,2
3,1,1.0,2.0,2.0,3,3,4,3,5,4,4,4,3,3,3,4,2,3,4,3,4,4,4,4,3,4,3,4,1,1,1,1,1,1,1,18,gemini,2024,남성,2
3,1,1.0,2.0,2.0,2,3,4,3,5,4,4,4,3,2,3,3,2,3,3,3,4,4,4,4,3,4,4,4,1,1,1,1,1,1,1,19,gemini,2024,남성,2
3,1,1.0,2.0,2.0,3,3,4,2,5,4,4,4,3,3,3,4,2,3,4,3,4,4,4,4,3,4,3,4,1,1,1,1,1,1,2,20,gemini,2024,남성,2
3,1,1.0,2.0,2.0,3,3,4,3,5,4,4,4,3,3,3,4,2,3,3,3,4,4,4,4,3,4,4,4,1,1,1,1,1,1,2,21,gemini,2024,남성,2
3,1,1.0,2.0,2.0,2,3,3,2,4,4,4,3,3,2,3,3,2,3,3,2,4,4,4,4,3,3,4,4,1,1,1,1,1,1,2,22,gemini,2024,남성,2
3,1,1.0,2.0,2.0,2,3,3,2,4,4,4,4,3,2,3,3,2,3,3,3,4,4,4,4,3,3,3,4,1,1,1,1,1,1,2,23,gemini,2024,남성,2
3,1,1.0,2.0,2.0,2,3,3,2,5,4,5,4,3,2,3,3,2,3,3,2,4,4,4,4,3,4,4,4,1,1,1,1,1,1,1,24,gemini,2024,남성,2
3,1,1.0,2.0,2.0,2,3,3,2,4,4,4,4,3,3,3,3,2,3,3,3,4,4,4,4,3,3,4,4,1,1,1,1,1,1,1,25,gemini,2024,남성,2
3,1,1.0,2.0,2.0,2,3,3,2,4,4,4,3,3,2,3,3,2,3,3,2,4,4,4,4,3,4,4,3,1,1,1,1,1,1,2,26,gemini,2024,남성,2
3,1,1.0,2.0,2.0,3,3,4,3,5,4,5,4,3,3,3,4,2,3,4,3,4,4,4,4,3,4,4,4,1,1,1,1,1,1,2,27,gemini,2024,남성,2
3,1,1.0,2.0,2.0,2,3,4,3,5,4,5,4,3,3,3,4,2,3,4,3,4,4,5,4,3,4,4,4,1,1,1,1,1,1,2,28,gemini,2024,남성,2
3,1,1.0,2.0,2.0,3,3,4,3,4,4,4,4,3,3,3,4,2,3,3,3,4,4,4,4,3,4,3,4,1,1,1,1,1,1,1,29,gemini,2024,남성,2
3,1,1.0,2.0,2.0,2,3,3,2,4,4,4,3,3,2,3,3,2,3,3,2,4,4,4,4,3,4,4,4,1,1,1,1,1,1,2,30,gemini,2024,남성,2
3,1,1.0,2.0,2.0,2,3,4,2,4,4,4,4,3,2,3,3,2,3,3,3,4,4,4,4,3,4,4,4,1,1,1,1,1,1,2,31,gemini,2024,남성,2
3,1,1.0,2.0,2.0,2,3,3,2,4,4,4,3,3,2,3,3,2,3,3,2,4,4,4,4,3,3,4,4,1,1,1,1,1,1,2,32,gemini,2024,남성,2
3,1,1.0,2.0,2.0,3,3,4,3,4,4,4,4,3,3,3,4,2,3,3,3,4,4,4,4,3,3,4,4,1,1,1,1,1,1,1,33,gemini,2024,남성,2
3,1,1.0,2.0,2.0,2,3,3,2,4,4,4,3,3,3,3,3,2,3,3,3,4,4,4,4,3,4,4,4,1,1,1,1,1,1,1,34,gemini,2024,남성,2
3,1,1.0,2.0,2.0,2,3,3,2,4,4,4,3,3,2,2,3,2,3,3,2,4,4,4,4,3,4,4,4,1,1,1,1,1,1,2,35,gemini,2024,남성,2
3,1,1.0,2.0,2.0,3,3,3,2,4,4,4,3,4,4,4,4,2,3,3,3,4,4,4,5,3,3,4,4,1,1,1,1,1,1,1,36,gemini,2024,남성,2
3,1,1.0,2.0,2.0,3,3,4,3,5,4,4,4,3,3,3,4,2,3,4,3,4,4,4,4,3,4,4,4,1,1,1,1,1,1,1,37,gemini,2024,남성,2
3,1,1.0,2.0,2.0,2,3,3,2,4,4,4,4,3,2,3,3,2,3,3,2,4,4,4,4,3,3,4,4,1,1,1,1,1,1,1,38,gemini,2024,남성,2
3,1,1.0,2.0,2.0,3,3,4,3,4,4,4,4,3,2,3,3,2,3,3,3,4,4,4,4,3,4,4,4,1,1,1,1,1,1,1,39,gemini,2024,남성,2
3,1,1.0,2.0,2.0,3,3,4,3,5,4,5,4,3,3,3,4,2,3,3,3,4,4,5,5,3,4,4,4,1,1,1,1,1,1,1,40,gemini,2024,남성,2
3,1,1.0,2.0,2.0,3,3,4,3,5,4,4,4,3,3,3,4,2,3,3,3,4,4,4,4,3,4,4,4,1,1,1,1,1,1,2,41,gemini,2024,남성,2
3,1,1.0,2.0,2.0,2,3,3,2,4,4,4,3,3,2,3,3,2,3,3,2,4,4,4,4,3,4,3,4,1,1,1,1,1,1,2,42,gemini,2024,남성,2
3,1,1.0,2.0,2.0,2,3,3,2,4,4,4,3,3,2,3,3,2,3,3,2,4,4,4,4,3,4,4,4,1,1,1,1,1,1,2,43,gemini,2024,남성,2
3,1,1.0,2.0,2.0,3,3,4,3,4,4,4,3,3,3,3,3,2,3,3,3,4,4,4,4,3,4,4,4,1,1,1,1,1,1,1,44,gemini,2024,남성,2
3,1,1.0,2.0,2.0,3,3,3,2,4,4,4,4,3,3,3,4,2,3,3,3,4,4,4,4,3,3,4,4,1,1,1,1,1,1,1,45,gemini,2024,남성,2
3,1,1.0,2.0,2.0,2,3,3,3,4,4,4,4,3,3,3,3,2,3,3,3,4,4,4,4,3,3,4,4,1,1,1,1,1,1,1,46,gemini,2024,남성,2
3,1,1.0,2.0,2.0,3,4,4,3,4,4,4,4,3,3,3,4,2,3,3,3,4,4,4,4,3,3,4,4,1,1,1,1,1,1,1,47,gemini,2024,남성,2
3,1,1.0,2.0,2.0,3,3,4,2,5,4,4,4,3,3,3,4,2,3,3,3,4,4,4,4,3,4,4,4,1,1,1,1,1,1,2,48,gemini,2024,남성,2
3,1,1.0,2.0,2.0,3,3,3,3,4,4,4,4,4,3,4,3,2,3,3,3,4,4,4,4,3,3,4,4,1,1,1,1,1,1,1,49,gemini,2024,남성,2
3,1,1.0,2.0,2.0,2,3,3,2,4,4,4,3,3,2,3,3,2,3,3,2,4,4,4,4,3,3,3,4,1,1,1,1,1,1,2,50,gemini,2024,남성,2
3,1,1.0,2.0,2.0,3,3,4,3,5,4,4,4,3,3,3,4,2,3,4,3,4,4,4,4,3,4,4,4,1,1,1,1,1,1,2,51,gemini,2024,남성,2
3,1,1.0,2.0,2.0,3,3,4,2,4,4,4,4,3,2,3,3,2,3,3,3,4,4,4,4,3,3,3,4,1,1,1,1,1,1,1,52,gemini,2024,남성,2
3,1,1.0,2.0,2.0,3,3,4,2,5,4,5,4,3,3,3,4,2,3,4,3,4,4,4,4,3,4,4,4,1,1,1,1,1,1,1,53,gemini,2024,남성,2
3,1,1.0,2.0,2.0,3,3,4,2,4,4,4,4,3,3,3,3,2,3,3,3,4,4,4,4,3,4,4,4,1,1,1,1,1,1,1,54,gemini,2024,남성,2
3,1,1.0,2.0,2.0,3,3,3,2,4,4,4,4,3,3,4,3,2,3,3,2,4,4,4,5,3,4,4,4,1,1,1,1,1,1,1,55,gemini,2024,남성,2
3,1,1.0,2.0,2.0,3,3,4,2,4,4,4,4,3,3,3,3,2,3,3,3,4,4,4,4,3,3,4,4,1,1,1,1,1,1,2,56,gemini,2024,남성,2
3,1,1.0,2.0,2.0,3,3,4,3,5,4,4,4,3,3,3,4,2,3,4,3,4,4,4,4,3,4,4,4,1,1,1,1,1,1,2,57,gemini,2024,남성,2
3,1,1.0,2.0,2.0,3,3,4,3,4,4,4,4,3,3,3,3,2,3,3,3,4,4,4,4,3,4,4,4,1,1,1,1,1,1,1,58,gemini,2024,남성,2
3,1,1.0,2.0,2.0,2,3,4,3,4,4,4,4,3,2,3,3,2,3,3,3,4,4,4,4,3,4,4,4,1,1,1,1,1,1,1,59,gemini,2024,남성,2
3,1,1.0,2.0,2.0,3,3,4,3,4,4,5,4,3,3,3,4,2,3,3,3,4,4,4,4,3,4,4,4,1,1,1,1,1,1,2,60,gemini,2024,남성,2
3,1,1.0,2.0,2.0,3,3,4,3,4,4,4,3,3,3,3,3,2,3,3,3,4,4,4,4,3,3,3,4,1,1,1,1,1,1,2,61,gemini,2024,남성,2
3,1,1.0,2.0,2.0,3,3,4,3,4,4,4,4,3,3,3,3,2,3,3,3,4,4,4,4,3,4,4,4,1,1,1,1,1,1,2,62,gemini,2024,남성,2
3,1,1.0,2.0,2.0,2,3,3,2,4,4,4,4,3,2,3,3,2,3,3,3,4,4,4,4,3,4,4,4,1,1,1,1,1,1,1,63,gemini,2024,남성,2
3,1,1.0,2.0,2.0,3,3,4,3,5,4,5,4,3,3,3,4,2,3,4,3,4,4,4,4,3,4,4,4,1,1,1,1,1,1,2,64,gemini,2024,남성,2
3,1,1.0,2.0,2.0,3,3,3,3,4,4,4,3,3,3,2,3,2,3,3,2,4,4,4,4,2,3,3,3,1,1,1,1,1,1,1,65,gemini,2024,남성,2
3,1,1.0,2.0,2.0,2,3,3,2,4,4,4,3,3,2,3,3,2,3,3,3,4,4,4,4,3,4,4,4,1,1,1,1,1,1,2,66,gemini,2024,남성,2
3,1,1.0,2.0,2.0,3,3,4,3,4,4,4,3,3,3,3,3,2,3,3,3,4,4,4,4,3,4,4,4,1,1,1,1,1,1,1,67,gemini,2024,남성,2
3,1,1.0,2.0,2.0,2,3,3,2,4,4,4,3,3,2,3,3,2,3,3,2,4,4,4,4,3,4,4,4,1,1,1,1,1,1,1,68,gemini,2024,남성,2
3,1,1.0,2.0,2.0,3,3,4,2,4,4,4,4,3,3,3,4,2,3,3,3,4,4,4,4,3,3,4,4,1,1,1,1,1,1,1,69,gemini,2024,남성,2
3,1,1.0,2.0,2.0,3,4,4,3,5,4,5,4,3,3,3,4,2,3,4,3,4,4,4,4,3,4,4,4,1,1,1,1,1,1,2,70,gemini,2024,남성,2
3,1,1.0,2.0,2.0,3,3,3,2,4,4,4,4,4,3,4,4,2,3,3,3,4,4,4,4,3,3,4,4,1,1,1,1,1,1,1,71,gemini,2024,남성,2
3,1,1.0,2.0,2.0,3,3,3,2,4,4,4,3,3,3,3,3,2,3,3,2,4,4,4,4,3,4,3,3,1,1,1,1,1,1,1,72,gemini,2024,남성,2
3,1,1.0,2.0,2.0,3,3,4,2,4,4,5,4,3,3,3,4,2,3,3,3,4,4,4,4,3,3,3,4,1,1,1,1,1,1,1,73,gemini,2024,남성,2
3,1,1.0,2.0,2.0,2,3,3,2,4,4,4,4,4,3,4,3,2,3,3,3,4,4,4,5,3,4,4,4,1,1,1,1,1,1,1,74,gemini,2024,남성,2
3,1,1.0,2.0,2.0,3,3,4,2,4,4,4,4,3,3,3,3,2,3,3,3,4,4,4,4,3,3,3,4,1,1,1,1,1,1,1,75,gemini,2024,남성,2
3,1,1.0,2.0,2.0,3,3,4,3,4,4,4,4,3,3,3,3,2,3,3,3,4,4,4,4,3,4,4,4,1,1,1,1,1,1,1,76,gemini,2024,남성,2
3,1,1.0,2.0,2.0,2,3,3,2,4,4,4,3,3,2,3,3,2,3,3,2,4,4,4,4,3,3,3,4,1,1,1,1,1,1,1,77,gemini,2024,남성,2
3,1,1.0,2.0,2.0,2,3,3,2,4,4,4,3,3,2,3,3,2,3,3,2,4,4,4,4,3,4,4,4,1,1,1,1,1,1,2,78,gemini,2024,남성,2
3,1,1.0,2.0,2.0,2,3,3,2,4,4,4,4,3,3,3,3,2,3,3,3,4,4,4,4,3,3,4,4,1,1,1,1,1,1,1,79,gemini,2024,남성,2
3,1,1.0,2.0,2.0,3,3,4,3,4,4,4,4,3,2,3,3,2,3,3,3,4,4,4,4,3,4,3,4,1,1,1,1,1,1,1,80,gemini,2024,남성,2
3,1,1.0,2.0,2.0,2,3,3,2,5,4,4,4,3,3,3,4,2,3,3,3,4,4,4,4,3,4,4,4,1,1,1,1,1,1,1,81,gemini,2024,남성,2
3,1,1.0,2.0,2.0,3,3,4,3,5,4,5,4,3,2,3,3,2,3,3,3,4,4,5,4,3,4,4,4,1,1,1,1,1,1,2,82,gemini,2024,남성,2
3,1,1.0,2.0,2.0,3,3,4,3,5,4,5,4,3,3,3,4,2,3,4,3,4,4,4,4,3,4,4,4,1,1,1,1,1,1,2,83,gemini,2024,남성,2
3,1,1.0,2.0,2.0,3,3,4,3,5,4,4,4,3,3,3,4,2,3,3,3,4,4,4,4,3,4,4,4,1,1,1,1,1,1,2,84,gemini,2024,남성,2
3,1,1.0,2.0,2.0,2,3,3,2,4,4,4,3,3,2,3,3,2,3,3,2,4,4,4,4,3,3,4,4,1,1,1,1,1,1,1,85,gemini,2024,남성,2
3,1,1.0,2.0,2.0,3,3,4,3,5,4,4,4,3,2,3,3,2,3,3,3,4,4,4,4,3,4,4,4,1,1,1,1,1,1,2,86,gemini,2024,남성,2
3,1,1.0,2.0,2.0,2,3,3,2,4,4,4,4,3,2,3,3,2,3,3,3,4,4,4,4,3,4,4,4,1,1,1,1,1,1,1,87,gemini,2024,남성,2
3,1,1.0,2.0,2.0,2,3,3,2,4,4,4,3,3,2,3,3,2,3,3,2,4,4,4,4,3,4,4,4,1,1,1,1,1,1,2,88,gemini,2024,남성,2
3,1,1.0,2.0,2.0,2,3,4,3,5,4,4,4,3,2,3,3,2,3,3,2,4,4,4,4,3,4,4,4,1,1,1,1,1,1,1,89,gemini,2024,남성,2
3,1,1.0,2.0,2.0,3,3,4,3,5,4,5,4,3,3,3,4,2,4,4,3,4,4,4,4,3,4,3,4,1,1,1,1,1,1,1,90,gemini,2024,남성,2
3,1,1.0,2.0,2.0,2,3,3,2,4,4,4,4,3,3,3,3,2,3,3,3,4,4,4,4,3,4,3,3,1,1,1,1,1,1,1,91,gemini,2024,남성,2
3,1,1.0,2.0,2.0,3,3,4,3,5,4,4,4,3,3,3,4,2,3,4,3,4,4,4,4,3,4,4,4,1,1,1,1,1,1,2,92,gemini,2024,남성,2
3,1,1.0,2.0,2.0,2,2,3,2,4,4,4,3,3,3,3,3,2,3,3,2,4,4,4,4,3,3,4,4,1,1,1,1,1,1,1,93,gemini,2024,남성,2
3,1,1.0,2.0,2.0,2,3,3,2,4,4,4,3,3,2,3,3,2,3,3,3,4,4,4,4,3,4,4,4,1,1,1,1,1,1,2,94,gemini,2024,남성,2
3,1,1.0,2.0,2.0,3,3,4,3,4,4,4,4,3,3,3,3,2,3,3,3,4,4,4,4,3,3,3,4,1,1,1,1,1,1,1,95,gemini,2024,남성,2
3,1,1.0,2.0,2.0,2,3,3,2,4,4,4,3,3,2,3,3,2,3,3,2,4,4,4,4,3,4,4,4,1,1,1,1,1,1,2,96,gemini,2024,남성,2
3,1,1.0,2.0,2.0,3,3,4,2,5,4,5,4,3,2,3,3,2,3,3,2,4,4,5,4,3,4,4,4,1,1,1,1,1,1,1,97,gemini,2024,남성,2
3,1,1.0,2.0,2.0,3,3,4,3,5,4,4,4,3,2,3,3,2,3,4,3,4,4,4,4,3,4,4,4,1,1,1,1,1,1,2,98,gemini,2024,남성,2
3,1,1.0,2.0,2.0,3,3,4,2,5,4,5,4,3,3,3,4,2,3,4,3,4,4,4,4,3,4,4,4,1,1,1,1,1,1,1,99,gemini,2024,남성,2
3,1,1.0,2.0,2.0,3,3,3,3,4,4,4,4,3,3,3,3,2,3,3,3,4,4,4,4,3,3,4,4,1,1,1,1,1,1,1,100,gemini,2024,남성,2
3,1,1.0,2.0,2.0,3,3,4,3,5,4,5,4,3,3,3,4,2,3,4,3,4,4,4,4,3,4,4,4,1,1,1,1,1,1,2,101,gemini,2024,남성,2
3,1,1.0,2.0,2.0,3,3,4,3,5,4,4,4,3,3,3,4,2,3,3,3,4,4,4,4,3,4,4,4,1,1,1,1,1,1,1,102,gemini,2024,남성,2
3,1,1.0,2.0,2.0,2,3,3,2,5,4,4,4,3,3,3,4,2,3,3,3,4,4,4,4,3,3,4,4,1,1,1,1,1,1,1,103,gemini,2024,남성,2
3,1,1.0,2.0,2.0,3,3,4,2,4,4,4,4,3,3,3,4,2,3,3,3,4,4,4,4,3,3,4,4,1,1,1,1,1,1,2,104,gemini,2024,남성,2
3,1,1.0,2.0,2.0,2,3,3,2,4,4,4,3,3,2,3,3,2,3,3,2,4,4,4,4,3,4,4,4,1,1,1,1,1,1,1,105,gemini,2024,남성,2
3,1,1.0,2.0,2.0,2,3,3,2,4,4,4,4,3,3,3,3,2,3,3,3,4,4,4,4,3,4,4,4,1,1,1,1,1,1,1,106,gemini,2024,남성,2
3,1,1.0,2.0,2.0,2,3,3,2,4,4,4,4,3,3,3,4,2,3,3,3,4,4,4,4,3,3,3,4,1,1,1,1,1,1,1,107,gemini,2024,남성,2
3,1,1.0,2.0,2.0,3,3,4,3,5,4,4,4,3,3,3,4,2,3,3,3,4,4,4,4,3,4,3,4,1,1,1,1,1,1,1,108,gemini,2024,남성,2
3,1,1.0,2.0,2.0,2,3,3,2,4,4,4,3,3,2,3,3,2,3,3,2,4,4,4,4,3,4,4,4,1,1,1,1,1,1,1,109,gemini,2024,남성,2
3,1,1.0,2.0,2.0,3,3,4,2,5,4,4,4,3,3,3,4,2,3,3,3,4,4,4,4,3,4,4,4,1,1,1,1,1,1,1,110,gemini,2024,남성,2
3,1,1.0,2.0,2.0,3,3,4,3,5,4,5,4,3,3,3,4,2,3,4,3,4,4,4,4,3,4,4,4,1,1,1,1,1,1,2,111,gemini,2024,남성,2
3,1,1.0,2.0,2.0,2,3,3,2,4,4,4,4,3,3,3,3,2,3,3,2,4,4,4,4,3,4,4,4,1,1,1,1,1,1,1,112,gemini,2024,남성,2
3,1,1.0,2.0,2.0,3,3,4,2,5,4,5,4,3,3,3,4,2,3,4,3,4,4,4,4,3,4,4,4,1,1,1,1,1,1,1,113,gemini,2024,남성,2
3,1,1.0,2.0,2.0,3,3,4,2,4,4,4,3,3,3,3,4,2,3,3,3,4,4,4,4,3,4,3,4,1,1,1,1,1,1,2,114,gemini,2024,남성,2
3,1,1.0,2.0,2.0,3,3,4,2,4,4,4,3,3,3,3,4,2,3,3,3,4,4,4,4,3,3,4,4,1,1,1,1,1,1,1,115,gemini,2024,남성,2
3,1,1.0,2.0,2.0,2,3,3,2,5,4,4,4,3,3,3,4,2,3,3,3,4,4,4,4,3,3,4,4,1,1,1,1,1,1,1,116,gemini,2024,남성,2
3,1,1.0,2.0,2.0,3,3,3,2,4,4,4,4,3,3,3,4,2,3,3,3,4,4,4,4,3,3,3,4,1,1,1,1,1,1,1,117,gemini,2024,남성,2
3,1,1.0,2.0,2.0,3,3,4,3,4,4,4,4,3,3,3,3,2,3,3,3,4,4,4,4,3,4,4,4,1,1,1,1,1,1,1,118,gemini,2024,남성,2
3,1,1.0,2.0,2.0,3,3,4,2,5,4,4,4,3,3,3,4,2,3,4,3,4,4,4,4,3,4,4,4,1,1,1,1,1,1,2,119,gemini,2024,남성,2
3,1,1.0,2.0,2.0,3,3,4,3,4,4,4,4,3,3,3,3,2,3,3,3,4,4,4,4,3,4,4,4,1,1,1,1,1,1,2,120,gemini,2024,남성,2
3,1,1.0,2.0,2.0,3,3,4,3,5,4,4,4,3,3,3,4,2,3,4,3,4,4,4,4,3,4,4,4,1,1,1,1,1,1,1,121,gemini,2024,남성,2
3,1,1.0,2.0,2.0,2,3,3,2,4,4,4,4,3,2,3,3,2,3,3,3,4,4,4,4,3,4,4,4,1,1,1,1,1,1,2,122,gemini,2024,남성,2
3,1,1.0,2.0,2.0,3,3,4,3,5,4,4,4,3,3,3,4,2,3,3,3,4,4,5,4,3,4,4,4,1,1,1,1,1,1,2,123,gemini,2024,남성,2
3,1,1.0,2.0,2.0,3,3,4,3,5,4,4,4,3,3,3,4,2,3,3,3,4,4,4,4,3,4,4,4,1,1,1,1,1,1,2,124,gemini,2024,남성,2
3,1,1.0,2.0,2.0,2,3,3,2,4,4,4,3,3,2,3,3,2,3,3,3,4,4,4,4,3,4,4,4,1,1,1,1,1,1,1,125,gemini,2024,남성,2
3,1,1.0,2.0,2.0,3,3,4,3,5,4,4,4,3,3,3,4,2,3,3,3,4,4,4,4,3,4,4,4,1,1,1,1,1,1,1,126,gemini,2024,남성,2
3,1,1.0,2.0,2.0,2,3,3,2,5,4,5,4,3,3,3,4,2,3,4,3,4,4,5,5,3,4,3,4,1,1,1,1,1,1,1,127,gemini,2024,남성,2
3,1,1.0,2.0,2.0,3,3,4,3,4,4,4,4,3,3,3,3,2,3,3,3,4,4,4,4,3,4,4,4,1,1,1,1,1,1,1,128,gemini,2024,남성,2
3,1,1.0,2.0,2.0,3,3,3,3,4,4,4,4,3,3,3,4,2,3,3,3,4,4,4,4,3,4,4,4,1,1,1,1,1,1,1,129,gemini,2024,남성,2
3,1,1.0,2.0,2.0,2,3,3,2,4,4,4,3,3,2,3,3,2,3,3,2,4,4,4,4,3,3,3,4,1,1,1,1,1,1,1,130,gemini,2024,남성,2
3,1,1.0,2.0,2.0,2,3,3,2,4,4,4,4,3,3,3,4,2,3,3,3,4,4,4,4,3,4,4,4,1,1,1,1,1,1,1,131,gemini,2024,남성,2
3,1,1.0,2.0,2.0,2,3,3,2,4,4,4,3,3,2,3,3,2,3,3,2,4,4,4,4,3,4,4,4,1,1,1,1,1,1,2,132,gemini,2024,남성,2
3,1,1.0,2.0,2.0,3,3,4,3,5,4,5,4,3,3,3,4,2,3,3,3,4,4,5,5,3,4,3,4,1,1,1,1,1,1,2,133,gemini,2024,남성,2
3,1,1.0,2.0,2.0,2,3,3,2,4,4,4,3,3,2,3,3,2,3,3,2,4,4,4,4,3,4,4,4,1,1,1,1,1,1,2,134,gemini,2024,남성,2
3,1,1.0,2.0,2.0,2,3,3,2,4,4,4,3,3,3,3,3,2,3,3,2,4,4,4,4,3,3,3,4,1,1,1,1,1,1,2,135,gemini,2024,남성,2
3,1,1.0,2.0,2.0,2,3,3,2,4,4,4,3,3,3,3,4,2,3,3,2,4,4,4,4,3,3,3,4,1,1,1,1,1,1,2,136,gemini,2024,남성,2
3,1,1.0,2.0,2.0,2,3,3,2,5,4,5,4,3,3,3,3,2,3,3,2,4,4,5,5,3,3,4,4,1,1,1,1,1,1,1,137,gemini,2024,남성,2
3,1,1.0,2.0,2.0,2,3,3,2,4,4,4,4,3,2,3,3,2,3,3,3,4,4,4,4,3,4,4,4,1,1,1,1,1,1,1,138,gemini,2024,남성,2
3,1,1.0,2.0,2.0,3,3,4,2,4,4,4,3,3,2,3,3,2,3,3,2,4,4,4,4,3,4,3,4,1,1,1,1,1,1,1,139,gemini,2024,남성,2
3,1,1.0,2.0,2.0,3,3,4,3,5,4,4,4,3,3,3,4,2,3,3,3,4,4,4,4,3,4,4,4,1,1,1,1,1,1,2,140,gemini,2024,남성,2
3,1,1.0,2.0,2.0,2,3,3,2,4,4,4,3,3,2,2,3,2,3,3,3,4,4,4,4,3,3,4,4,1,1,1,1,1,1,1,141,gemini,2024,남성,2
3,1,1.0,2.0,2.0,3,3,4,2,4,4,5,4,3,3,3,4,2,3,3,3,4,4,4,4,3,4,4,4,1,1,1,1,1,1,2,142,gemini,2024,남성,2
3,1,1.0,2.0,2.0,2,3,4,3,5,4,4,4,3,2,3,3,2,3,3,3,4,4,4,4,3,4,4,4,1,1,1,1,1,1,2,143,gemini,2024,남성,2
3,1,1.0,2.0,2.0,3,3,4,2,4,4,4,4,3,3,3,3,2,3,3,3,4,4,4,4,3,4,4,4,1,1,1,1,1,1,2,144,gemini,2024,남성,2
3,1,1.0,2.0,2.0,2,3,3,2,4,4,4,3,3,2,3,3,2,3,3,3,4,4,4,4,3,4,4,4,1,1,1,1,1,1,1,145,gemini,2024,남성,2
3,1,1.0,2.0,2.0,3,3,4,3,5,4,5,4,3,3,3,4,2,3,3,3,4,4,4,4,3,4,4,4,1,1,1,1,1,1,2,146,gemini,2024,남성,2
3,1,1.0,2.0,2.0,2,3,4,3,4,4,4,3,3,3,3,3,2,3,3,3,4,4,4,4,3,3,4,4,1,1,1,1,1,1,2,147,gemini,2024,남성,2
3,1,1.0,2.0,2.0,3,3,3,2,5,4,5,4,3,4,3,4,2,3,3,3,4,4,5,5,3,4,4,3,1,1,1,1,1,1,1,148,gemini,2024,남성,2
3,1,1.0,2.0,2.0,2,3,3,2,4,4,4,3,3,3,3,3,2,3,3,2,4,4,4,4,3,3,4,4,1,1,1,1,1,1,2,149,gemini,2024,남성,2
3,1,1.0,2.0,2.0,3,3,3,3,4,4,5,4,3,3,3,4,2,3,3,3,4,4,5,5,3,4,4,4,1,1,1,1,1,1,1,150,gemini,2024,남성,2
3,1,1.0,2.0,2.0,3,3,4,3,5,4,4,4,3,3,3,4,2,3,3,3,4,4,4,4,3,4,4,4,1,1,1,1,1,1,1,151,gemini,2024,남성,2
3,1,1.0,2.0,2.0,3,3,4,3,5,4,4,4,3,3,3,4,2,3,4,3,4,4,4,4,3,4,4,4,1,1,1,1,1,1,2,152,gemini,2024,남성,2
3,1,1.0,2.0,2.0,2,3,3,2,4,4,4,3,3,3,3,3,2,3,3,2,4,4,4,4,3,3,4,4,1,1,1,1,1,1,1,153,gemini,2024,남성,2
3,1,1.0,2.0,2.0,3,4,4,3,5,4,5,4,3,3,3,4,2,3,4,3,4,4,5,4,3,4,4,4,1,1,1,1,1,1,1,154,gemini,2024,남성,2
3,1,1.0,2.0,2.0,3,3,4,3,5,4,5,4,3,3,3,4,2,3,4,3,4,4,4,4,3,4,3,4,1,1,1,1,1,1,1,155,gemini,2024,남성,2
3,1,1.0,2.0,2.0,3,3,4,3,4,4,4,3,3,3,3,3,2,3,3,3,4,4,4,4,3,4,3,4,1,1,1,1,1,1,1,156,gemini,2024,남성,2
3,1,1.0,2.0,2.0,3,3,3,2,5,4,4,4,3,3,3,3,2,3,3,3,4,4,4,4,3,4,4,4,1,1,1,1,1,1,2,157,gemini,2024,남성,2
3,1,1.0,2.0,2.0,3,3,4,3,4,4,4,4,3,3,3,3,2,3,3,3,4,4,4,4,3,4,4,4,1,1,1,1,1,1,1,158,gemini,2024,남성,2
3,1,1.0,2.0,2.0,2,3,4,3,4,4,4,3,3,2,3,3,2,3,3,3,4,4,4,4,3,4,4,4,1,1,1,1,1,1,1,159,gemini,2024,남성,2
3,1,1.0,2.0,2.0,3,3,3,3,4,4,4,4,4,3,3,3,2,3,3,3,4,4,4,4,3,3,4,4,1,1,1,1,1,1,1,160,gemini,2024,남성,2
3,1,1.0,2.0,2.0,2,3,3,2,4,4,4,3,3,2,2,3,2,3,3,3,4,4,4,4,3,4,4,4,1,1,1,1,1,1,2,161,gemini,2024,남성,2
3,1,1.0,2.0,2.0,3,3,3,3,4,4,4,4,4,3,4,4,2,3,3,3,4,4,4,4,3,4,4,4,1,1,1,1,1,1,1,162,gemini,2024,남성,2
3,1,1.0,2.0,2.0,3,3,4,3,5,4,4,4,3,3,3,4,2,3,3,3,4,4,5,4,3,4,4,4,1,1,1,1,1,1,1,163,gemini,2024,남성,2
3,1,1.0,2.0,2.0,2,3,3,2,4,4,4,3,3,2,3,3,2,3,3,2,4,4,4,4,3,4,4,4,1,1,1,1,1,1,2,164,gemini,2024,남성,2
3,1,1.0,2.0,2.0,2,3,3,3,4,4,4,4,3,3,3,4,2,3,3,3,4,4,4,4,3,4,3,3,1,1,1,1,1,1,1,165,gemini,2024,남성,2
3,1,1.0,2.0,2.0,2,3,3,2,5,4,4,4,3,2,3,3,2,3,3,2,4,4,4,4,3,3,4,4,1,1,1,1,1,1,1,166,gemini,2024,남성,2
3,1,1.0,2.0,2.0,3,3,3,2,4,4,4,4,3,3,3,3,2,3,3,3,4,4,4,4,3,4,3,3,1,1,1,1,1,1,1,167,gemini,2024,남성,2
3,1,1.0,2.0,2.0,2,3,3,2,4,4,4,3,3,2,3,3,2,3,3,2,4,4,4,4,3,4,4,4,1,1,1,1,1,1,1,168,gemini,2024,남성,2
3,1,1.0,2.0,2.0,2,3,4,3,5,4,4,4,3,2,3,3,2,3,3,3,4,4,4,4,3,4,4,4,1,1,1,1,1,1,1,169,gemini,2024,남성,2
3,1,1.0,2.0,2.0,2,3,3,2,4,4,5,4,3,2,3,3,2,3,3,2,4,4,4,4,3,4,4,4,1,1,1,1,1,1,2,170,gemini,2024,남성,2
3,1,1.0,2.0,2.0,2,3,4,3,5,4,4,4,3,3,3,3,2,3,3,3,4,4,4,4,3,4,4,4,1,1,1,1,1,1,1,171,gemini,2024,남성,2
3,1,1.0,2.0,2.0,2,3,3,2,4,4,4,3,4,3,3,4,2,3,3,2,4,4,5,5,3,4,3,4,1,1,1,1,1,1,1,172,gemini,2024,남성,2
3,1,1.0,2.0,2.0,2,3,3,2,4,4,4,3,3,2,3,3,2,3,3,2,4,4,4,4,3,4,3,4,1,1,1,1,1,1,2,173,gemini,2024,남성,2
3,1,1.0,2.0,2.0,3,3,4,3,5,4,5,4,3,3,3,4,2,3,4,3,4,4,4,4,3,4,4,4,1,1,1,1,1,1,2,174,gemini,2024,남성,2
3,1,1.0,2.0,2.0,3,3,3,3,4,4,4,4,4,3,3,4,2,3,3,3,4,4,4,4,3,3,4,4,1,1,1,1,1,1,1,175,gemini,2024,남성,2
3,1,1.0,2.0,2.0,2,3,3,2,4,4,4,3,3,3,3,3,2,3,3,2,4,4,4,4,3,4,3,3,1,1,1,1,1,1,1,176,gemini,2024,남성,2
3,1,1.0,2.0,2.0,3,3,4,3,5,4,4,4,3,3,3,4,2,3,4,3,4,4,4,4,3,4,4,4,1,1,1,1,1,1,1,177,gemini,2024,남성,2
3,1,1.0,2.0,2.0,3,3,4,3,4,4,4,4,3,3,3,3,2,3,3,3,4,4,4,4,3,3,4,4,1,1,1,1,1,1,1,178,gemini,2024,남성,2
3,1,1.0,2.0,2.0,2,3,3,2,4,4,4,4,3,3,3,4,2,3,3,3,4,4,4,4,3,3,3,3,1,1,1,1,1,1,1,179,gemini,2024,남성,2
3,1,1.0,2.0,2.0,2,3,3,2,4,4,5,4,3,3,3,3,2,3,3,2,4,4,4,4,3,3,4,3,1,1,1,1,1,1,1,180,gemini,2024,남성,2
3,1,1.0,2.0,2.0,3,3,3,2,4,4,4,4,3,3,3,3,2,3,3,3,4,4,4,4,3,3,4,4,1,1,1,1,1,1,1,181,gemini,2024,남성,2
3,1,1.0,2.0,2.0,3,3,4,3,4,4,4,4,3,3,3,4,2,3,3,3,4,4,4,4,3,4,4,4,1,1,1,1,1,1,1,182,gemini,2024,남성,2
3,1,1.0,2.0,2.0,3,3,3,3,4,4,4,4,3,3,3,3,2,3,3,2,4,4,4,4,3,3,4,4,1,1,1,1,1,1,1,183,gemini,2024,남성,2
3,1,1.0,2.0,2.0,3,3,4,3,5,4,5,4,3,3,3,4,2,3,3,3,4,4,4,4,3,3,3,4,1,1,1,1,1,1,1,184,gemini,2024,남성,2
3,1,1.0,2.0,2.0,3,3,3,3,4,4,4,4,4,3,3,3,2,3,3,3,4,4,4,4,3,3,4,4,1,1,1,1,1,1,1,185,gemini,2024,남성,2
3,1,1.0,2.0,2.0,3,3,4,3,4,4,4,3,3,2,3,3,2,3,3,3,4,4,4,4,3,4,4,4,1,1,1,1,1,1,1,186,gemini,2024,남성,2
3,1,1.0,2.0,2.0,3,3,4,3,4,4,4,4,3,3,3,4,2,3,3,3,4,4,4,4,3,3,3,4,1,1,1,1,1,1,1,187,gemini,2024,남성,2
3,1,1.0,2.0,2.0,2,3,4,3,5,4,4,4,3,3,3,4,2,3,4,3,4,4,4,4,3,4,4,4,1,1,1,1,1,1,2,188,gemini,2024,남성,2
3,1,1.0,2.0,2.0,2,3,3,2,4,4,4,4,3,2,3,3,2,3,3,3,4,4,4,4,3,3,3,4,1,1,1,1,1,1,1,189,gemini,2024,남성,2
3,1,1.0,2.0,2.0,2,3,3,2,4,4,4,3,3,2,3,3,2,3,3,2,4,4,4,4,3,4,4,4,1,1,1,1,1,1,1,190,gemini,2024,남성,2
3,1,1.0,2.0,2.0,3,3,4,3,5,4,5,4,3,3,3,4,2,3,4,3,4,4,4,4,3,4,4,4,1,1,1,1,1,1,2,191,gemini,2024,남성,2
3,1,1.0,2.0,2.0,3,3,4,2,5,4,5,4,3,3,3,4,2,3,4,3,4,4,4,4,3,4,4,4,1,1,1,1,1,1,1,192,gemini,2024,남성,2
3,1,1.0,2.0,2.0,2,3,3,2,4,4,4,4,3,3,3,4,2,3,3,3,4,4,4,4,3,3,3,3,1,1,1,1,1,1,1,193,gemini,2024,남성,2
3,1,1.0,2.0,2.0,3,3,4,3,4,4,4,4,3,3,3,3,2,3,3,3,4,4,4,4,3,4,4,4,1,1,1,1,1,1,2,194,gemini,2024,남성,2
3,1,1.0,2.0,2.0,3,3,4,3,5,4,5,4,3,3,3,4,2,3,4,3,4,4,4,4,3,4,4,4,1,1,1,1,1,1,2,195,gemini,2024,남성,2
3,1,1.0,2.0,2.0,2,3,4,3,5,4,5,4,3,2,3,3,2,3,3,3,4,4,4,4,3,3,4,4,1,1,1,1,1,1,1,196,gemini,2024,남성,2
3,1,1.0,2.0,2.0,2,3,3,2,4,4,4,3,3,3,3,3,2,3,3,2,4,4,4,4,3,3,3,3,1,1,1,1,1,1,1,197,gemini,2024,남성,2
3,1,1.0,2.0,2.0,3,3,4,2,4,4,4,4,3,2,3,3,2,3,3,3,4,4,4,4,3,3,3,4,1,1,1,1,1,1,1,198,gemini,2024,남성,2
3,1,1.0,2.0,2.0,3,3,3,2,4,4,4,3,3,3,3,4,2,3,3,3,4,4,4,4,3,3,4,4,1,1,1,1,1,1,1,199,gemini,2024,남성,2
3,1,1.0,2.0,2.0,2,3,3,2,4,4,4,3,3,2,3,3,2,3,3,2,4,4,4,4,3,3,4,4,1,1,1,1,1,1,2,200,gemini,2024,남성,2
3,1,1.0,2.0,2.0,3,3,4,3,5,4,4,4,3,3,3,3,2,3,4,3,4,4,4,4,3,4,3,4,1,1,1,1,1,1,2,201,gemini,2024,남성,2
3,1,1.0,2.0,2.0,2,3,3,2,4,4,4,3,3,3,3,3,2,3,3,3,4,4,4,4,3,4,4,4,1,1,1,1,1,1,1,202,gemini,2024,남성,2
3,1,1.0,2.0,2.0,3,3,4,2,5,4,5,4,3,3,3,4,2,3,3,3,4,4,5,5,3,4,4,4,1,1,1,1,1,1,2,203,gemini,2024,남성,2
3,1,1.0,2.0,2.0,3,3,3,2,4,4,4,4,3,3,3,4,2,3,3,3,4,4,4,4,3,4,4,4,1,1,1,1,1,1,1,204,gemini,2024,남성,2
3,1,1.0,2.0,2.0,3,4,4,3,5,4,4,4,3,3,3,4,2,3,3,3,4,4,4,4,3,4,4,4,1,1,1,1,1,1,1,205,gemini,2024,남성,2
3,1,1.0,2.0,2.0,2,3,4,3,5,4,4,4,3,3,3,4,2,3,3,3,4,4,4,4,3,4,3,4,1,1,1,1,1,1,1,206,gemini,2024,남성,2
3,1,1.0,2.0,2.0,2,3,3,2,4,4,4,3,3,2,3,3,2,3,3,2,4,4,4,4,3,3,4,4,1,1,1,1,1,1,2,207,gemini,2024,남성,2
3,1,1.0,2.0,2.0,3,4,4,3,5,4,5,4,3,3,3,4,2,3,4,3,4,4,5,5,3,4,4,4,1,1,1,1,1,1,1,208,gemini,2024,남성,2
3,1,1.0,2.0,2.0,2,3,3,2,4,4,4,3,3,2,3,3,2,3,3,2,4,4,4,4,3,3,4,4,1,1,1,1,1,1,2,209,gemini,2024,남성,2
3,1,1.0,2.0,2.0,2,3,4,3,4,4,4,3,3,2,3,3,2,3,3,3,4,4,4,4,3,4,4,4,1,1,1,1,1,1,2,210,gemini,2024,남성,2
3,1,1.0,2.0,2.0,3,3,4,3,4,4,4,4,3,3,3,4,2,3,3,3,4,4,4,4,3,4,4,4,1,1,1,1,1,1,1,211,gemini,2024,남성,2
3,1,1.0,2.0,2.0,3,3,4,2,5,4,4,4,3,3,3,4,2,3,3,3,4,4,4,4,3,4,3,4,1,1,1,1,1,1,1,212,gemini,2024,남성,2
3,1,1.0,2.0,2.0,3,3,4,3,5,4,4,4,3,3,3,4,2,3,4,3,4,4,4,4,3,3,3,4,1,1,1,1,1,1,1,213,gemini,2024,남성,2
3,1,1.0,2.0,2.0,3,3,4,2,5,4,4,4,3,2,3,3,2,3,3,2,4,4,5,4,3,3,4,4,1,1,1,1,1,1,1,214,gemini,2024,남성,2
3,1,1.0,2.0,2.0,3,3,4,3,5,4,4,4,3,2,3,3,2,3,3,3,4,4,4,4,3,4,4,4,1,1,1,1,1,1,2,215,gemini,2024,남성,2
3,1,1.0,2.0,2.0,2,3,3,2,5,4,5,4,3,3,3,4,2,3,3,3,4,4,4,4,3,3,4,3,1,1,1,1,1,1,1,216,gemini,2024,남성,2
3,1,1.0,2.0,2.0,2,3,3,2,4,4,4,3,3,2,3,3,2,3,3,2,4,4,4,4,3,3,3,4,1,1,1,1,1,1,2,217,gemini,2024,남성,2
3,1,1.0,2.0,2.0,2,3,4,2,4,4,4,4,3,3,3,3,2,3,3,3,4,4,4,4,3,3,3,4,1,1,1,1,1,1,1,218,gemini,2024,남성,2
3,1,1.0,2.0,2.0,3,4,4,3,5,4,4,4,3,3,3,4,2,3,3,3,4,4,4,4,3,4,3,4,1,1,1,1,1,1,1,219,gemini,2024,남성,2
3,1,1.0,2.0,2.0,2,3,3,2,4,4,4,3,3,3,3,4,2,3,3,3,4,4,4,4,3,3,3,4,1,1,1,1,1,1,1,220,gemini,2024,남성,2
3,1,1.0,2.0,2.0,3,3,4,2,4,4,4,3,3,3,3,3,2,3,3,3,4,4,4,4,3,4,4,4,1,1,1,1,1,1,1,221,gemini,2024,남성,2
3,1,1.0,2.0,2.0,3,3,4,3,5,4,4,4,3,3,3,4,2,3,3,3,4,4,4,4,3,4,4,4,1,1,1,1,1,1,2,222,gemini,2024,남성,2
3,1,1.0,2.0,2.0,2,3,3,2,4,4,4,4,3,2,3,3,2,3,3,3,4,4,4,4,3,3,3,3,1,1,1,1,1,1,1,223,gemini,2024,남성,2
3,1,1.0,2.0,2.0,2,2,3,2,4,4,4,4,3,3,3,3,2,3,3,2,4,4,4,4,3,3,4,4,1,1,1,1,1,1,1,224,gemini,2024,남성,2
3,1,1.0,2.0,2.0,2,3,4,3,4,4,4,3,3,2,3,3,2,3,3,3,4,4,4,4,3,4,4,4,1,1,1,1,1,1,2,225,gemini,2024,남성,2
3,1,1.0,2.0,2.0,2,3,3,2,4,4,4,3,3,2,3,3,2,3,3,2,4,4,4,4,3,3,4,4,1,1,1,1,1,1,2,226,gemini,2024,남성,2
3,1,1.0,2.0,2.0,2,3,3,2,4,4,4,3,3,2,3,3,2,3,3,3,4,4,4,4,3,4,3,4,1,1,1,1,1,1,2,227,gemini,2024,남성,2
3,1,1.0,2.0,2.0,2,3,3,2,4,4,4,4,4,3,3,3,2,3,3,3,4,4,4,4,3,4,4,4,1,1,1,1,1,1,1,228,gemini,2024,남성,2
3,1,1.0,2.0,2.0,3,3,4,2,5,4,5,4,3,2,3,3,2,3,3,3,4,4,4,4,3,4,4,4,1,1,1,1,1,1,1,229,gemini,2024,남성,2
3,1,1.0,2.0,2.0,3,3,4,2,4,4,4,3,3,3,3,4,2,3,3,3,4,4,4,4,3,4,4,4,1,1,1,1,1,1,2,230,gemini,2024,남성,2
3,1,1.0,2.0,2.0,3,3,4,2,4,4,4,4,3,3,3,3,2,3,3,3,4,4,4,4,3,4,4,4,1,1,1,1,1,1,2,231,gemini,2024,남성,2
3,1,1.0,2.0,2.0,2,3,3,2,4,4,4,3,3,2,3,3,2,3,3,2,4,4,4,4,3,3,4,4,1,1,1,1,1,1,2,232,gemini,2024,남성,2
3,1,1.0,2.0,2.0,2,3,3,2,4,4,4,3,3,3,3,3,2,3,3,3,4,4,4,4,3,4,4,4,1,1,1,1,1,1,2,233,gemini,2024,남성,2
3,1,1.0,2.0,2.0,2,3,3,2,4,4,4,3,3,2,3,3,2,3,3,2,4,4,4,4,3,4,4,4,1,1,1,1,1,1,2,234,gemini,2024,남성,2
3,1,1.0,2.0,2.0,2,3,3,2,4,4,4,3,3,2,3,3,2,3,3,2,4,4,4,4,3,3,3,4,1,1,1,1,1,1,2,235,gemini,2024,남성,2
3,1,1.0,2.0,2.0,2,3,3,2,4,4,4,3,3,2,3,3,2,3,3,2,4,4,4,4,3,4,4,4,1,1,1,1,1,1,2,236,gemini,2024,남성,2
3,1,1.0,2.0,2.0,2,3,3,2,4,4,5,4,3,3,3,4,2,3,3,2,4,4,5,5,3,4,3,4,1,1,1,1,1,1,1,237,gemini,2024,남성,2
3,1,1.0,2.0,2.0,2,3,3,2,4,4,4,3,3,2,3,3,2,3,3,2,4,4,4,4,3,4,4,4,1,1,1,1,1,1,1,238,gemini,2024,남성,2
3,1,1.0,2.0,2.0,3,4,4,3,5,4,4,4,3,3,3,4,2,3,3,3,4,4,4,4,3,4,4,4,1,1,1,1,1,1,1,239,gemini,2024,남성,2
3,1,1.0,2.0,2.0,2,3,3,2,4,4,4,4,3,3,3,3,2,3,3,3,4,4,4,4,3,3,3,4,1,1,1,1,1,1,1,240,gemini,2024,남성,2
3,1,1.0,2.0,2.0,3,3,4,3,5,4,5,4,3,2,3,3,2,3,4,3,4,4,4,4,3,4,4,4,1,1,1,1,1,1,2,241,gemini,2024,남성,2
3,1,1.0,2.0,2.0,3,3,3,2,4,4,4,4,3,3,3,3,2,3,3,3,4,4,4,4,3,3,4,4,1,1,1,1,1,1,1,242,gemini,2024,남성,2
3,1,1.0,2.0,2.0,3,3,3,2,4,4,4,4,3,3,3,3,2,3,3,2,4,4,4,4,3,3,4,4,1,1,1,1,1,1,1,243,gemini,2024,남성,2
3,1,1.0,2.0,2.0,3,3,4,2,5,4,5,4,3,3,3,4,2,3,3,3,4,4,5,4,3,4,4,4,1,1,1,1,1,1,2,244,gemini,2024,남성,2
3,1,1.0,2.0,2.0,2,3,2,2,4,4,4,3,3,3,3,3,2,3,3,2,4,4,4,4,3,3,4,4,1,1,1,1,1,1,1,245,gemini,2024,남성,2
3,1,1.0,2.0,2.0,2,3,3,3,4,4,4,4,3,3,3,3,2,3,3,3,4,4,4,4,3,3,4,3,1,1,1,1,1,1,1,246,gemini,2024,남성,2
3,1,1.0,2.0,2.0,3,3,4,3,5,4,4,4,3,3,3,4,2,3,3,3,4,4,5,4,3,4,4,4,1,1,1,1,1,1,1,247,gemini,2024,남성,2
3,1,1.0,2.0,2.0,2,3,3,2,4,4,4,3,3,2,3,3,2,3,3,2,4,4,4,4,3,4,3,3,1,1,1,1,1,1,1,248,gemini,2024,남성,2
3,1,1.0,2.0,2.0,2,3,4,2,4,4,4,3,3,2,3,3,2,3,3,3,4,4,4,4,3,4,4,4,1,1,1,1,1,1,2,249,gemini,2024,남성,2
3,1,1.0,2.0,2.0,2,3,3,2,4,4,4,3,3,2,3,3,2,3,3,3,4,4,4,4,3,4,4,4,1,1,1,1,1,1,1,250,gemini,2024,남성,2
3,1,1.0,2.0,2.0,3,3,3,3,4,4,4,4,3,3,3,4,2,3,3,3,4,4,4,4,3,3,3,3,1,1,1,1,1,1,1,251,gemini,2024,남성,2
3,1,1.0,2.0,2.0,3,3,4,3,5,4,5,4,3,3,3,4,2,3,4,3,4,4,4,4,3,4,4,4,1,1,1,1,1,1,2,252,gemini,2024,남성,2
3,1,1.0,2.0,2.0,2,3,4,2,5,4,5,4,3,2,3,4,2,3,3,3,4,4,5,4,3,4,4,4,1,1,1,1,1,1,1,253,gemini,2024,남성,2
3,1,1.0,2.0,2.0,2,3,4,3,5,4,5,4,3,3,3,4,2,3,3,3,4,4,4,4,3,4,4,4,1,1,1,1,1,1,1,254,gemini,2024,남성,2
3,1,1.0,2.0,2.0,2,3,3,2,4,4,4,4,3,3,3,3,2,3,3,3,4,4,4,4,3,3,4,4,1,1,1,1,1,1,1,255,gemini,2024,남성,2
3,1,1.0,2.0,2.0,2,3,3,2,4,4,4,3,3,2,3,3,2,3,3,2,4,4,4,4,3,4,3,4,1,1,1,1,1,1,1,256,gemini,2024,남성,2
3,1,1.0,2.0,2.0,2,3,3,2,4,4,4,3,3,2,3,3,2,3,3,2,4,4,4,4,3,4,4,4,1,1,1,1,1,1,1,257,gemini,2024,남성,2
3,1,1.0,2.0,2.0,3,3,4,2,5,4,4,4,3,2,3,3,2,3,3,2,4,4,4,4,3,4,3,4,1,1,1,1,1,1,1,258,gemini,2024,남성,2
3,1,1.0,2.0,2.0,2,3,3,2,4,4,4,3,3,2,3,3,2,3,3,3,4,4,4,4,3,4,4,4,1,1,1,1,1,1,2,259,gemini,2024,남성,2
3,1,1.0,2.0,2.0,2,3,3,2,4,4,4,3,3,3,3,4,2,3,3,3,4,4,4,4,3,4,4,4,1,1,1,1,1,1,1,260,gemini,2024,남성,2
3,1,1.0,2.0,2.0,3,3,4,3,5,4,5,4,3,3,3,4,2,3,4,3,4,4,4,4,3,4,4,4,1,1,1,1,1,1,1,261,gemini,2024,남성,2
3,1,1.0,2.0,2.0,3,4,4,3,5,4,5,4,3,3,3,4,2,3,3,3,4,4,4,4,3,3,4,4,1,1,1,1,1,1,2,262,gemini,2024,남성,2
3,1,1.0,2.0,2.0,3,3,3,3,4,4,4,4,4,3,4,4,2,3,3,3,4,4,4,5,3,3,3,4,1,1,1,1,1,1,1,263,gemini,2024,남성,2
3,1,1.0,2.0,2.0,2,3,3,2,4,4,4,4,3,3,3,3,2,3,3,3,4,4,4,4,3,3,4,4,1,1,1,1,1,1,1,264,gemini,2024,남성,2
3,1,1.0,2.0,2.0,3,3,4,2,4,4,4,4,3,2,3,3,2,3,3,3,4,4,4,4,3,4,4,4,1,1,1,1,1,1,2,265,gemini,2024,남성,2
3,1,1.0,2.0,2.0,3,3,4,2,4,4,4,4,3,3,3,3,2,3,3,3,4,4,4,4,3,3,3,4,1,1,1,1,1,1,1,266,gemini,2024,남성,2
3,1,1.0,2.0,2.0,3,3,4,3,5,4,4,4,3,3,3,4,2,3,3,3,4,4,4,4,3,3,4,4,1,1,1,1,1,1,1,267,gemini,2024,남성,2
3,1,1.0,2.0,2.0,2,3,4,3,4,4,4,3,3,2,3,3,2,3,3,3,4,4,4,4,3,4,4,4,1,1,1,1,1,1,2,268,gemini,2024,남성,2
3,1,1.0,2.0,2.0,3,4,4,3,5,4,4,4,3,2,3,3,2,3,4,3,4,4,4,4,3,4,4,4,1,1,1,1,1,1,2,269,gemini,2024,남성,2
3,1,1.0,2.0,2.0,2,2,2,2,4,4,4,4,3,3,3,3,2,3,3,2,4,4,4,4,3,3,3,4,1,1,1,1,1,1,1,270,gemini,2024,남성,2
3,1,1.0,2.0,2.0,3,3,4,3,5,4,5,4,3,3,3,4,2,3,4,3,4,4,4,4,3,4,4,4,1,1,1,1,1,1,2,271,gemini,2024,남성,2
3,1,1.0,2.0,2.0,3,3,4,3,4,4,4,4,3,3,3,4,2,3,3,3,4,4,4,4,3,4,4,4,1,1,1,1,1,1,1,272,gemini,2024,남성,2
3,1,1.0,2.0,2.0,2,3,4,3,5,4,4,4,3,2,3,3,2,3,3,3,4,4,4,4,3,4,4,4,1,1,1,1,1,1,2,273,gemini,2024,남성,2
3,1,1.0,2.0,2.0,2,3,3,2,4,4,4,3,3,2,3,3,2,3,3,2,4,4,4,4,3,3,4,4,1,1,1,1,1,1,2,274,gemini,2024,남성,2
3,1,1.0,2.0,2.0,3,3,4,3,5,4,4,4,3,3,3,4,2,3,3,3,4,4,4,4,3,4,4,4,1,1,1,1,1,1,1,275,gemini,2024,남성,2
3,1,1.0,2.0,2.0,3,3,4,3,5,4,5,4,3,3,3,4,2,3,4,3,4,4,5,5,3,4,3,4,1,1,1,1,1,1,1,276,gemini,2024,남성,2
3,1,1.0,2.0,2.0,3,3,4,2,5,4,4,4,3,3,3,4,2,3,3,3,4,4,4,4,3,4,4,4,1,1,1,1,1,1,2,277,gemini,2024,남성,2
3,1,1.0,2.0,2.0,2,3,3,2,4,4,4,4,3,3,3,3,2,3,3,3,4,4,4,4,3,3,4,3,1,1,1,1,1,1,1,278,gemini,2024,남성,2
3,1,1.0,2.0,2.0,3,3,4,3,4,4,4,4,3,2,3,3,2,3,3,3,4,4,4,4,3,4,4,4,1,1,1,1,1,1,2,279,gemini,2024,남성,2
3,1,1.0,2.0,2.0,3,4,4,3,5,4,4,4,3,3,3,4,2,3,3,3,4,4,4,4,3,3,4,4,1,1,1,1,1,1,2,280,gemini,2024,남성,2
3,1,1.0,2.0,2.0,2,2,3,2,4,4,4,4,3,3,3,3,2,3,3,2,4,4,4,4,3,4,4,4,1,1,1,1,1,1,1,281,gemini,2024,남성,2
3,1,1.0,2.0,2.0,2,3,4,3,4,4,4,3,3,2,3,3,2,3,3,3,4,4,4,4,3,4,4,4,1,1,1,1,1,1,2,282,gemini,2024,남성,2
3,1,1.0,2.0,2.0,2,3,4,2,5,4,5,4,3,2,3,3,2,3,3,3,4,4,4,4,3,4,4,4,1,1,1,1,1,1,2,283,gemini,2024,남성,2
3,1,1.0,2.0,2.0,3,3,4,3,5,4,4,4,3,3,3,4,2,3,4,3,4,4,4,4,3,4,4,4,1,1,1,1,1,1,2,284,gemini,2024,남성,2
3,1,1.0,2.0,2.0,3,3,3,2,4,4,4,4,3,3,3,3,2,3,3,3,4,4,4,4,3,3,3,3,1,1,1,1,1,1,1,285,gemini,2024,남성,2
3,1,1.0,2.0,2.0,2,3,3,2,4,4,4,3,3,2,3,3,2,3,3,3,4,4,4,4,3,4,4,4,1,1,1,1,1,1,1,286,gemini,2024,남성,2
3,1,1.0,2.0,2.0,2,3,3,2,4,4,4,3,3,2,3,3,2,3,3,2,4,4,4,4,3,4,4,4,1,1,1,1,1,1,1,287,gemini,2024,남성,2
3,1,1.0,2.0,2.0,2,3,3,2,4,4,4,3,3,2,3,3,2,3,3,2,4,4,4,4,3,3,4,4,1,1,1,1,1,1,1,288,gemini,2024,남성,2
3,1,1.0,2.0,2.0,2,3,3,2,4,4,4,4,3,3,3,3,2,3,3,3,4,4,4,4,3,4,3,4,1,1,1,1,1,1,1,289,gemini,2024,남성,2
3,1,1.0,2.0,2.0,2,3,4,3,4,4,4,3,3,2,3,3,2,3,3,3,4,4,4,4,3,4,4,4,1,1,1,1,1,1,1,290,gemini,2024,남성,2
3,1,1.0,2.0,2.0,2,3,3,2,4,4,4,3,3,2,3,3,2,3,3,2,4,4,4,4,3,4,4,4,1,1,1,1,1,1,1,291,gemini,2024,남성,2
3,1,1.0,2.0,2.0,3,3,4,3,5,4,4,4,3,3,3,4,2,3,3,3,4,4,5,4,3,4,4,4,1,1,1,1,1,1,1,292,gemini,2024,남성,2
3,1,1.0,2.0,2.0,2,3,3,2,4,4,4,3,3,2,3,3,2,3,3,2,4,4,4,4,3,4,4,4,1,1,1,1,1,1,1,293,gemini,2024,남성,2
3,1,1.0,2.0,2.0,3,3,4,3,4,4,5,4,3,3,3,4,2,3,3,3,4,4,4,4,3,3,3,4,1,1,1,1,1,1,1,294,gemini,2024,남성,2
3,1,1.0,2.0,2.0,3,3,4,3,5,4,4,4,3,3,3,4,2,3,4,3,4,4,4,4,3,4,4,4,1,1,1,1,1,1,2,295,gemini,2024,남성,2
3,1,1.0,2.0,2.0,2,3,3,2,4,4,4,3,3,2,3,3,2,3,3,2,4,4,4,4,3,4,3,4,1,1,1,1,1,1,2,296,gemini,2024,남성,2
3,1,1.0,2.0,2.0,2,3,3,2,4,4,4,3,3,2,3,3,2,3,3,2,4,4,4,4,3,4,4,4,1,1,1,1,1,1,1,297,gemini,2024,남성,2
3,1,1.0,2.0,2.0,2,3,4,2,5,4,5,4,3,3,3,4,2,3,3,3,4,4,4,4,3,4,4,4,1,1,1,1,1,1,1,298,gemini,2024,남성,2
3,1,1.0,2.0,2.0,2,3,3,2,4,4,4,3,3,2,3,3,2,3,3,2,4,4,4,4,3,4,4,4,1,1,1,1,1,1,2,299,gemini,2024,남성,2
3,1,1.0,2.0,2.0,2,3,4,2,4,4,5,4,3,3,3,3,2,3,3,2,4,4,4,4,3,4,4,4,1,1,1,1,1,1,2,300,gemini,2024,남성,2
3,1,1.0,2.0,2.0,3,3,4,3,5,4,4,4,3,3,3,4,2,3,3,3,4,4,4,4,3,4,4,4,1,1,1,1,1,1,1,301,gemini,2024,남성,2
3,1,1.0,2.0,2.0,3,3,4,2,4,4,4,3,3,3,3,3,2,3,3,3,4,4,4,4,3,4,4,4,1,1,1,1,1,1,1,302,gemini,2024,남성,2
3,1,1.0,2.0,2.0,2,3,3,2,4,4,4,3,3,3,3,3,2,3,3,3,4,4,4,4,3,4,4,4,1,1,1,1,1,1,2,303,gemini,2024,남성,2
3,1,1.0,2.0,2.0,3,3,3,2,4,4,4,4,3,3,3,3,2,3,3,3,4,4,4,4,3,3,4,4,1,1,1,1,1,1,1,304,gemini,2024,남성,2
3,1,1.0,2.0,2.0,3,3,4,2,4,4,4,4,3,2,3,3,2,3,3,3,4,4,4,4,3,4,3,4,1,1,1,1,1,1,1,305,gemini,2024,남성,2
3,1,1.0,2.0,2.0,2,3,3,2,4,4,4,4,3,2,3,3,2,3,3,3,4,4,4,4,3,4,4,4,1,1,1,1,1,1,1,306,gemini,2024,남성,2
3,1,1.0,2.0,2.0,3,3,4,3,5,4,4,4,3,3,3,4,2,3,3,3,4,4,4,4,3,4,4,4,1,1,1,1,1,1,1,307,gemini,2024,남성,2
3,1,1.0,2.0,2.0,2,3,3,2,4,4,4,3,3,3,3,3,2,3,3,3,4,4,4,4,3,4,3,4,1,1,1,1,1,1,2,308,gemini,2024,남성,2
3,1,1.0,2.0,2.0,3,3,4,2,5,4,5,4,3,2,3,3,2,3,3,3,4,4,5,5,3,4,4,4,1,1,1,1,1,1,1,309,gemini,2024,남성,2
3,1,1.0,2.0,2.0,3,3,4,2,4,4,4,4,3,3,3,4,2,3,3,3,4,4,4,4,3,4,3,4,1,1,1,1,1,1,2,310,gemini,2024,남성,2
3,1,1.0,2.0,2.0,3,4,4,3,4,4,4,4,3,3,3,4,2,4,3,3,4,4,4,4,3,3,4,4,1,1,1,1,1,1,1,311,gemini,2024,남성,2
3,1,1.0,2.0,2.0,3,3,4,3,5,4,4,4,3,3,3,4,2,3,3,3,4,4,4,4,3,3,4,3,1,1,1,1,1,1,1,312,gemini,2024,남성,2
3,1,1.0,2.0,2.0,2,3,3,2,5,4,4,4,3,3,3,4,2,3,3,3,4,4,4,4,3,4,3,4,1,1,1,1,1,1,2,313,gemini,2024,남성,2
3,1,1.0,2.0,2.0,2,3,4,3,5,4,4,4,3,3,3,4,2,3,3,3,4,4,4,4,3,4,3,4,1,1,1,1,1,1,1,314,gemini,2024,남성,2
3,1,1.0,2.0,2.0,2,3,3,2,4,4,4,3,3,3,3,3,2,3,3,2,4,4,4,4,3,3,3,4,1,1,1,1,1,1,1,315,gemini,2024,남성,2
3,1,1.0,2.0,2.0,3,3,4,3,4,4,4,4,3,3,3,3,2,3,3,3,4,4,4,4,3,4,4,4,1,1,1,1,1,1,2,316,gemini,2024,남성,2
3,1,1.0,2.0,2.0,2,3,3,2,4,4,4,3,3,2,3,3,2,3,3,3,4,4,4,4,3,4,4,4,1,1,1,1,1,1,1,317,gemini,2024,남성,2
3,1,1.0,2.0,2.0,3,3,4,2,4,4,4,3,3,2,3,3,2,3,3,3,4,4,4,4,3,3,4,4,1,1,1,1,1,1,2,318,gemini,2024,남성,2
3,1,1.0,2.0,2.0,2,3,3,2,4,4,4,3,3,3,3,4,2,3,3,3,4,4,4,4,3,3,3,4,1,1,1,1,1,1,1,319,gemini,2024,남성,2
3,1,1.0,2.0,2.0,3,3,4,3,5,4,4,4,3,3,3,4,2,3,3,3,4,4,4,4,3,4,4,4,1,1,1,1,1,1,2,320,gemini,2024,남성,2
3,1,1.0,2.0,2.0,2,2,3,2,4,4,4,4,3,3,3,3,2,3,3,3,4,4,4,4,3,3,4,4,1,1,1,1,1,1,1,321,gemini,2024,남성,2
3,1,1.0,2.0,2.0,3,3,4,3,4,4,4,4,3,3,3,4,2,3,3,3,4,4,4,4,3,4,3,4,1,1,1,1,1,1,2,322,gemini,2024,남성,2
3,1,1.0,2.0,2.0,2,3,4,3,4,4,4,3,3,2,3,3,2,3,3,3,4,4,4,4,3,4,4,4,1,1,1,1,1,1,2,323,gemini,2024,남성,2
3,1,1.0,2.0,2.0,3,3,4,2,5,4,5,4,3,3,3,4,2,3,4,3,4,4,4,4,3,4,4,4,1,1,1,1,1,1,2,324,gemini,2024,남성,2
3,1,1.0,2.0,2.0,3,3,4,3,4,4,4,4,3,3,3,3,2,3,3,3,4,4,4,4,3,4,4,4,1,1,1,1,1,1,1,325,gemini,2024,남성,2
3,1,1.0,2.0,2.0,3,3,4,3,5,4,4,4,3,3,3,4,2,3,3,3,4,4,4,4,3,4,4,4,1,1,1,1,1,1,2,326,gemini,2024,남성,2
3,1,1.0,2.0,2.0,2,3,3,2,4,4,4,3,3,2,3,3,2,3,3,2,4,4,4,4,3,4,4,4,1,1,1,1,1,1,1,327,gemini,2024,남성,2
3,1,1.0,2.0,2.0,3,3,4,2,4,4,5,4,3,3,3,4,2,3,3,3,4,4,4,4,3,3,3,4,1,1,1,1,1,1,2,328,gemini,2024,남성,2
3,1,1.0,2.0,2.0,2,3,3,2,5,4,5,4,3,2,3,3,2,3,3,2,4,4,4,4,3,4,4,4,1,1,1,1,1,1,2,329,gemini,2024,남성,2
3,1,1.0,2.0,2.0,3,3,4,3,5,4,5,4,3,3,3,4,2,3,4,3,4,4,4,4,3,4,4,4,1,1,1,1,1,1,2,330,gemini,2024,남성,2
3,1,1.0,2.0,2.0,3,3,4,2,5,4,5,4,3,3,3,4,2,3,4,3,4,4,4,4,3,4,4,4,1,1,1,1,1,1,1,331,gemini,2024,남성,2
3,1,1.0,2.0,2.0,2,3,4,3,5,4,4,4,3,2,3,3,2,3,3,3,4,4,4,4,3,3,4,4,1,1,1,1,1,1,1,332,gemini,2024,남성,2
3,1,1.0,2.0,2.0,2,3,3,2,4,4,4,4,3,3,3,3,2,3,3,3,4,4,4,4,3,4,4,4,1,1,1,1,1,1,1,333,gemini,2024,남성,2
3,1,1.0,2.0,2.0,3,3,3,3,4,4,4,4,4,3,3,3,2,3,3,3,4,4,4,4,3,3,4,4,1,1,1,1,1,1,1,334,gemini,2024,남성,2
3,1,1.0,2.0,2.0,3,4,4,3,5,4,5,4,3,2,3,3,2,3,3,3,4,4,4,4,3,3,4,4,1,1,1,1,1,1,2,335,gemini,2024,남성,2
3,1,1.0,2.0,2.0,2,3,4,2,5,4,4,4,3,3,3,4,2,3,3,3,4,4,4,4,3,4,4,4,1,1,1,1,1,1,2,336,gemini,2024,남성,2
3,1,1.0,2.0,2.0,3,3,4,3,5,4,4,4,3,3,3,4,2,3,4,3,4,4,4,4,3,4,4,4,1,1,1,1,1,1,1,337,gemini,2024,남성,2
3,1,1.0,2.0,2.0,3,3,4,3,4,4,4,4,3,2,3,3,2,3,3,3,4,4,4,4,3,4,4,4,1,1,1,1,1,1,1,338,gemini,2024,남성,2
3,1,1.0,2.0,2.0,2,3,4,2,5,4,5,4,3,3,3,4,2,3,3,3,4,4,4,4,3,4,4,4,1,1,1,1,1,1,2,339,gemini,2024,남성,2
3,1,1.0,2.0,2.0,2,3,3,2,4,4,4,3,3,3,3,3,2,3,3,3,4,4,4,4,3,4,3,4,1,1,1,1,1,1,2,340,gemini,2024,남성,2
3,1,1.0,2.0,2.0,2,3,4,3,5,4,4,4,3,2,3,3,2,3,3,3,4,4,4,4,3,4,4,4,1,1,1,1,1,1,1,341,gemini,2024,남성,2
3,1,1.0,2.0,2.0,2,3,3,2,5,4,4,4,3,2,3,3,2,3,3,2,4,4,4,4,3,3,4,4,1,1,1,1,1,1,1,342,gemini,2024,남성,2
3,1,1.0,2.0,2.0,3,3,4,2,5,4,5,4,3,3,3,4,2,3,3,3,4,4,5,4,3,4,4,4,1,1,1,1,1,1,2,343,gemini,2024,남성,2
3,1,1.0,2.0,2.0,3,3,4,3,5,4,4,4,3,2,3,3,2,3,3,3,4,4,4,4,3,4,3,4,1,1,1,1,1,1,2,344,gemini,2024,남성,2
3,1,1.0,2.0,2.0,3,3,4,3,4,4,4,4,3,3,3,4,2,3,3,3,4,4,4,4,3,4,4,4,1,1,1,1,1,1,2,345,gemini,2024,남성,2
3,1,1.0,2.0,2.0,2,3,3,2,4,4,4,3,3,2,3,3,2,3,3,3,4,4,4,4,3,4,4,4,1,1,1,1,1,1,1,346,gemini,2024,남성,2
3,1,1.0,2.0,2.0,2,3,3,2,5,4,4,4,3,3,3,3,2,3,3,3,4,4,4,4,3,3,4,4,1,1,1,1,1,1,1,347,gemini,2024,남성,2
3,1,1.0,2.0,2.0,3,3,4,3,5,4,4,4,3,3,3,4,2,3,3,3,4,4,4,4,3,4,4,4,1,1,1,1,1,1,2,348,gemini,2024,남성,2
3,1,1.0,2.0,2.0,3,3,4,2,4,4,4,4,3,3,3,4,2,3,3,3,4,4,4,4,3,3,4,4,1,1,1,1,1,1,2,349,gemini,2024,남성,2
3,1,1.0,2.0,2.0,3,3,4,2,4,4,4,4,3,3,3,3,2,3,3,3,4,4,4,4,3,4,4,4,1,1,1,1,1,1,2,350,gemini,2024,남성,2
3,1,1.0,2.0,2.0,2,3,3,2,4,4,4,4,3,3,3,3,2,3,3,3,4,4,4,4,3,3,4,4,1,1,1,1,1,1,1,351,gemini,2024,남성,2
3,1,1.0,2.0,2.0,3,3,4,3,4,4,4,3,3,2,3,3,2,3,3,3,4,4,4,4,3,4,4,4,1,1,1,1,1,1,2,352,gemini,2024,남성,2
3,1,1.0,2.0,2.0,3,3,3,2,4,4,4,4,3,3,3,4,2,3,3,3,4,4,4,4,3,4,3,3,1,1,1,1,1,1,1,353,gemini,2024,남성,2
3,1,1.0,2.0,2.0,2,3,4,2,4,4,4,3,3,3,3,4,2,3,3,3,4,4,4,4,3,3,4,4,1,1,1,1,1,1,1,354,gemini,2024,남성,2
3,1,1.0,2.0,2.0,2,3,3,2,4,4,4,4,3,3,3,4,2,3,3,3,4,4,4,4,3,3,4,3,1,1,1,1,1,1,1,355,gemini,2024,남성,2
3,1,1.0,2.0,2.0,2,3,3,2,4,4,4,3,3,2,3,3,2,3,3,3,4,4,4,4,3,4,4,4,1,1,1,1,1,1,1,356,gemini,2024,남성,2
3,1,1.0,2.0,2.0,3,3,4,3,4,4,5,4,3,3,3,4,2,3,3,3,4,4,4,4,3,3,3,3,1,1,1,1,1,1,1,357,gemini,2024,남성,2
3,1,1.0,2.0,2.0,3,3,4,3,5,4,5,4,3,3,3,4,2,3,4,3,4,4,4,4,3,4,4,4,1,1,1,1,1,1,2,358,gemini,2024,남성,2
3,1,1.0,2.0,2.0,2,2,2,2,4,4,4,3,3,3,3,3,2,3,3,2,4,4,4,5,3,3,4,4,1,1,1,1,1,1,1,359,gemini,2024,남성,2
3,1,1.0,2.0,2.0,2,3,4,3,5,4,5,4,3,2,3,3,2,3,4,3,4,4,4,4,3,4,4,4,1,1,1,1,1,1,2,360,gemini,2024,남성,2
3,1,1.0,2.0,2.0,2,3,3,2,4,4,4,3,3,2,3,3,2,3,3,2,4,4,4,4,3,3,4,4,1,1,1,1,1,1,1,361,gemini,2024,남성,2
3,1,1.0,2.0,2.0,2,3,4,3,4,4,5,4,3,3,3,4,2,3,3,3,4,4,4,4,3,4,4,4,1,1,1,1,1,1,1,362,gemini,2024,남성,2
3,1,1.0,2.0,2.0,3,3,4,2,4,4,4,3,3,3,3,3,2,3,3,3,4,4,4,4,3,4,3,4,1,1,1,1,1,1,2,363,gemini,2024,남성,2
3,1,1.0,2.0,2.0,2,3,3,2,4,4,4,4,3,3,3,3,2,3,3,3,4,4,4,4,3,3,4,4,1,1,1,1,1,1,1,364,gemini,2024,남성,2
3,1,1.0,2.0,2.0,3,3,3,2,4,4,4,4,4,3,3,3,2,3,3,2,4,4,4,4,3,3,3,4,1,1,1,1,1,1,1,365,gemini,2024,남성,2
3,1,1.0,2.0,2.0,2,3,3,2,4,4,4,3,3,2,3,3,2,3,3,3,4,4,4,4,3,4,3,4,1,1,1,1,1,1,2,366,gemini,2024,남성,2
3,1,1.0,2.0,2.0,2,3,3,2,4,4,4,3,3,2,3,3,2,3,3,2,4,4,4,4,3,3,4,4,1,1,1,1,1,1,2,367,gemini,2024,남성,2
3,1,1.0,2.0,2.0,3,3,4,3,5,4,4,4,3,3,3,3,2,3,4,3,4,4,4,4,3,4,4,4,1,1,1,1,1,1,2,368,gemini,2024,남성,2
3,1,1.0,2.0,2.0,3,3,4,3,5,4,4,4,3,3,3,4,2,3,3,3,4,4,4,4,3,4,4,4,1,1,1,1,1,1,1,369,gemini,2024,남성,2
3,1,1.0,2.0,2.0,2,3,3,2,4,4,4,4,4,3,4,3,2,3,3,2,4,4,4,5,3,4,4,4,1,1,1,1,1,1,1,370,gemini,2024,남성,2
3,1,1.0,2.0,2.0,3,3,4,2,4,4,4,4,3,3,3,4,2,3,3,3,4,4,4,4,3,3,4,4,1,1,1,1,1,1,1,371,gemini,2024,남성,2
3,1,1.0,2.0,2.0,3,3,3,3,4,4,4,4,3,3,3,4,2,3,3,2,4,4,5,5,3,4,3,4,1,1,1,1,1,1,1,372,gemini,2024,남성,2
3,1,1.0,2.0,2.0,3,4,4,3,5,4,4,4,3,3,3,4,2,3,3,3,4,4,4,4,3,3,4,4,1,1,1,1,1,1,2,373,gemini,2024,남성,2
3,1,1.0,2.0,2.0,3,3,4,2,4,4,4,4,3,3,3,4,2,3,3,3,4,4,4,4,3,3,3,4,1,1,1,1,1,1,1,374,gemini,2024,남성,2
3,1,1.0,2.0,2.0,2,3,3,2,4,4,4,3,3,2,3,3,2,3,3,2,4,4,4,4,3,4,4,4,1,1,1,1,1,1,1,375,gemini,2024,남성,2
3,1,1.0,2.0,2.0,2,3,3,2,4,4,4,3,3,2,3,3,2,3,3,2,4,4,4,4,3,3,4,4,1,1,1,1,1,1,2,376,gemini,2024,남성,2
3,1,1.0,2.0,2.0,3,3,4,3,5,4,4,4,3,3,3,4,2,3,4,3,4,4,4,4,3,4,3,4,1,1,1,1,1,1,1,377,gemini,2024,남성,2
3,1,1.0,2.0,2.0,2,3,3,2,4,4,4,3,4,3,3,3,2,3,3,2,4,4,4,4,3,3,4,4,1,1,1,1,1,1,1,378,gemini,2024,남성,2
3,1,1.0,2.0,2.0,3,3,4,2,5,4,5,4,3,3,3,4,2,3,3,3,4,4,5,5,3,3,4,4,1,1,1,1,1,1,1,379,gemini,2024,남성,2
3,1,1.0,2.0,2.0,3,4,4,3,4,4,5,4,3,3,3,4,2,3,3,3,4,4,4,4,3,4,4,4,1,1,1,1,1,1,1,380,gemini,2024,남성,2
3,1,1.0,2.0,2.0,2,3,3,2,4,4,4,3,3,2,3,3,2,3,3,3,4,4,4,4,3,4,4,4,1,1,1,1,1,1,1,381,gemini,2024,남성,2
3,1,1.0,2.0,2.0,3,3,3,4,4,4,5,4,3,3,4,4,3,3,3,3,4,4,4,5,3,4,4,3,1,1,1,1,1,1,1,382,gemini,2024,남성,2
3,1,1.0,2.0,2.0,3,3,3,2,4,4,4,4,3,3,3,3,2,3,3,3,4,4,4,4,3,4,4,4,1,1,1,1,1,1,1,383,gemini,2024,남성,2
3,1,1.0,2.0,2.0,2,3,3,3,4,4,5,4,3,3,3,3,2,3,3,3,4,4,4,4,3,3,3,3,1,1,1,1,1,1,1,384,gemini,2024,남성,2
3,1,1.0,2.0,2.0,3,3,4,2,5,4,5,4,3,3,3,4,2,3,4,3,4,4,4,4,3,4,4,4,1,1,1,1,1,1,2,385,gemini,2024,남성,2
3,1,1.0,2.0,2.0,3,3,4,3,5,4,4,4,3,3,3,4,2,3,4,3,4,4,4,4,3,4,4,4,1,1,1,1,1,1,1,386,gemini,2024,남성,2
3,1,1.0,2.0,2.0,3,3,4,2,4,4,4,4,3,3,3,3,2,3,3,3,4,4,4,4,3,4,4,4,1,1,1,1,1,1,2,387,gemini,2024,남성,2
3,1,1.0,2.0,2.0,2,3,3,2,4,4,4,3,3,2,3,3,2,3,3,2,4,4,4,4,3,4,4,4,1,1,1,1,1,1,1,388,gemini,2024,남성,2
3,1,1.0,2.0,2.0,2,3,3,2,4,4,4,3,3,2,3,3,2,3,3,2,4,4,4,4,3,3,4,4,1,1,1,1,1,1,1,389,gemini,2024,남성,2
3,1,1.0,2.0,2.0,2,3,3,2,4,4,4,3,3,2,3,3,2,3,3,3,4,4,4,4,3,4,4,4,1,1,1,1,1,1,1,390,gemini,2024,남성,2
3,1,1.0,2.0,2.0,2,3,2,2,4,4,5,4,3,3,3,3,2,3,3,2,4,4,4,4,2,3,3,3,1,1,1,1,1,1,1,391,gemini,2024,남성,2
3,1,1.0,2.0,2.0,3,3,4,3,5,4,5,4,3,3,3,4,2,3,4,3,4,4,4,4,3,4,4,4,1,1,1,1,1,1,2,392,gemini,2024,남성,2
3,1,1.0,2.0,2.0,2,3,3,2,4,4,4,3,3,3,3,3,2,3,3,3,4,4,4,4,3,4,4,4,1,1,1,1,1,1,1,393,gemini,2024,남성,2
3,1,1.0,2.0,2.0,2,3,4,3,5,4,4,4,3,3,3,4,2,3,3,3,4,4,4,4,3,4,4,4,1,1,1,1,1,1,1,394,gemini,2024,남성,2
3,1,1.0,2.0,2.0,2,3,3,2,4,4,4,3,3,2,3,3,2,3,3,2,4,4,4,4,3,3,3,4,1,1,1,1,1,1,1,395,gemini,2024,남성,2
3,1,1.0,2.0,2.0,2,3,3,2,4,4,4,4,3,3,3,3,2,3,3,3,4,4,4,4,3,4,4,4,1,1,1,1,1,1,1,396,gemini,2024,남성,2
3,1,1.0,2.0,2.0,3,3,3,2,4,4,4,4,3,3,3,3,2,3,3,3,4,4,4,4,3,3,4,4,1,1,1,1,1,1,1,397,gemini,2024,남성,2
3,1,1.0,2.0,2.0,2,3,3,2,4,4,4,3,3,2,3,3,2,3,3,2,4,4,4,4,3,4,3,4,1,1,1,1,1,1,2,398,gemini,2024,남성,2
3,1,1.0,2.0,2.0,3,3,3,2,4,4,4,3,3,3,3,3,2,3,3,2,4,4,4,4,3,3,3,3,1,1,1,1,1,1,1,399,gemini,2024,남성,2
3,1,1.0,2.0,2.0,3,3,4,3,4,4,5,4,3,3,3,3,2,3,3,3,4,4,4,4,3,4,4,4,1,1,1,1,1,1,1,400,gemini,2024,남성,2
3,1,1.0,2.0,2.0,2,3,4,3,4,4,4,3,3,2,3,3,2,3,3,3,4,4,4,4,3,4,3,4,1,1,1,1,1,1,1,401,gemini,2024,남성,2
3,1,1.0,2.0,2.0,2,3,3,2,4,4,4,3,3,3,3,3,2,3,3,3,4,4,4,4,3,4,4,4,1,1,1,1,1,1,1,402,gemini,2024,남성,2
3,1,1.0,2.0,2.0,3,3,4,3,5,4,5,4,3,3,3,4,2,3,3,3,4,4,4,4,3,4,3,4,1,1,1,1,1,1,1,403,gemini,2024,남성,2
3,1,1.0,2.0,2.0,3,3,4,3,4,4,4,4,3,3,3,3,2,3,3,3,4,4,4,4,3,4,4,4,1,1,1,1,1,1,2,404,gemini,2024,남성,2
3,1,1.0,2.0,2.0,3,3,4,3,4,4,4,4,3,3,3,3,2,3,3,3,4,4,4,4,3,3,4,4,1,1,1,1,1,1,1,405,gemini,2024,남성,2
3,1,1.0,2.0,2.0,3,3,4,3,4,4,4,4,3,3,3,3,2,3,3,3,4,4,4,4,3,4,3,4,1,1,1,1,1,1,2,406,gemini,2024,남성,2
3,1,1.0,2.0,2.0,3,3,3,3,4,4,4,4,3,3,3,3,2,3,3,3,4,4,4,4,3,4,3,3,1,1,1,1,1,1,1,407,gemini,2024,남성,2
3,1,1.0,2.0,2.0,2,2,3,2,4,4,4,4,3,3,3,3,2,3,3,2,4,4,4,4,3,4,4,4,1,1,1,1,1,1,1,408,gemini,2024,남성,2
3,1,1.0,2.0,2.0,2,3,3,2,4,4,4,3,3,3,3,3,2,3,3,3,4,4,4,4,3,3,4,3,1,1,1,1,1,1,2,409,gemini,2024,남성,2
3,1,1.0,2.0,2.0,3,3,4,3,5,4,4,4,3,3,3,4,2,3,3,3,4,4,4,4,3,4,4,4,1,1,1,1,1,1,2,410,gemini,2024,남성,2
3,1,1.0,2.0,2.0,2,3,3,2,4,4,4,3,3,2,2,3,2,3,3,3,4,4,4,4,3,4,4,4,1,1,1,1,1,1,2,411,gemini,2024,남성,2
3,1,1.0,2.0,2.0,2,3,3,3,4,4,4,4,3,3,3,3,2,3,3,3,4,4,5,5,3,4,4,4,1,1,1,1,1,1,1,412,gemini,2024,남성,2
3,1,1.0,2.0,2.0,2,3,3,2,5,4,5,4,3,4,3,4,2,3,4,3,5,4,5,5,3,4,3,4,1,1,1,1,1,1,1,413,gemini,2024,남성,2
3,1,1.0,2.0,2.0,2,3,3,2,4,4,4,4,3,3,3,4,2,3,3,3,4,4,4,4,3,3,4,3,1,1,1,1,1,1,1,414,gemini,2024,남성,2
3,1,1.0,2.0,2.0,2,3,3,2,4,4,4,4,3,3,3,3,2,3,3,3,4,4,4,4,3,3,4,3,1,1,1,1,1,1,1,415,gemini,2024,남성,2
3,1,1.0,2.0,2.0,2,2,3,2,4,4,4,4,3,3,3,3,2,3,3,3,4,4,4,4,3,4,4,4,1,1,1,1,1,1,1,416,gemini,2024,남성,2
3,1,1.0,2.0,2.0,3,3,4,3,5,4,4,4,3,3,3,4,2,3,3,3,4,4,4,4,3,4,4,4,1,1,1,1,1,1,1,417,gemini,2024,남성,2
3,1,1.0,2.0,2.0,2,3,3,2,4,4,4,3,3,2,3,3,2,3,3,2,4,4,4,4,3,4,3,4,1,1,1,1,1,1,1,418,gemini,2024,남성,2
3,1,1.0,2.0,2.0,2,3,3,2,4,4,4,4,3,2,3,3,2,3,3,3,4,4,4,4,3,3,4,4,1,1,1,1,1,1,1,419,gemini,2024,남성,2
3,1,1.0,2.0,2.0,3,3,4,3,5,4,4,4,3,3,3,4,2,3,3,3,4,4,4,4,3,4,4,4,1,1,1,1,1,1,1,420,gemini,2024,남성,2
3,1,1.0,2.0,2.0,3,4,4,3,5,4,4,4,3,3,3,4,2,3,3,3,4,4,4,4,3,4,4,4,1,1,1,1,1,1,1,421,gemini,2024,남성,2
3,1,1.0,2.0,2.0,2,3,3,2,4,4,4,3,3,3,3,3,2,3,3,3,4,4,4,4,3,4,4,4,1,1,1,1,1,1,1,422,gemini,2024,남성,2
3,1,1.0,2.0,2.0,2,3,3,2,4,4,4,4,3,3,3,3,2,3,3,3,4,4,4,4,3,3,3,4,1,1,1,1,1,1,1,423,gemini,2024,남성,2
3,1,1.0,2.0,2.0,3,3,4,3,5,4,4,4,3,3,3,4,2,3,3,3,4,4,4,4,3,4,3,4,1,1,1,1,1,1,2,424,gemini,2024,남성,2
3,1,1.0,2.0,2.0,2,3,3,2,4,4,4,3,3,2,3,3,2,3,3,3,4,4,4,4,3,4,4,4,1,1,1,1,1,1,1,425,gemini,2024,남성,2
3,1,1.0,2.0,2.0,2,3,3,2,4,4,4,4,4,3,3,3,2,3,3,2,4,4,4,4,3,3,4,4,1,1,1,1,1,1,1,426,gemini,2024,남성,2
3,1,1.0,2.0,2.0,2,3,3,2,4,4,4,4,3,3,3,4,2,3,3,3,4,4,4,4,3,3,4,3,1,1,1,1,1,1,1,427,gemini,2024,남성,2
3,1,1.0,2.0,2.0,3,3,4,3,5,4,4,4,3,3,3,4,2,3,3,3,4,4,4,4,3,4,4,4,1,1,1,1,1,1,1,428,gemini,2024,남성,2
3,1,1.0,2.0,2.0,3,3,4,3,5,4,4,4,3,3,3,4,2,3,4,3,4,4,4,4,3,4,4,4,1,1,1,1,1,1,2,429,gemini,2024,남성,2
3,1,1.0,2.0,2.0,2,3,3,2,4,4,4,3,3,2,3,3,2,3,3,2,4,4,4,4,3,4,4,4,1,1,1,1,1,1,1,430,gemini,2024,남성,2
3,1,1.0,2.0,2.0,3,3,4,3,5,4,5,4,3,3,3,4,2,3,4,3,4,4,4,4,3,4,4,4,1,1,1,1,1,1,2,431,gemini,2024,남성,2
3,1,1.0,2.0,2.0,3,3,4,3,5,4,4,4,3,3,3,3,2,3,4,3,4,4,4,4,3,4,4,4,1,1,1,1,1,1,1,432,gemini,2024,남성,2
3,1,1.0,2.0,2.0,3,3,4,3,4,4,4,4,3,3,3,3,2,3,3,3,4,4,4,4,3,4,4,4,1,1,1,1,1,1,1,433,gemini,2024,남성,2
3,1,1.0,2.0,2.0,2,3,3,2,4,4,4,3,3,2,3,3,2,3,3,2,4,4,4,4,3,4,4,4,1,1,1,1,1,1,1,434,gemini,2024,남성,2
3,1,1.0,2.0,2.0,2,3,3,2,4,4,4,3,3,2,3,3,2,3,3,3,4,4,4,4,3,4,4,4,1,1,1,1,1,1,1,435,gemini,2024,남성,2
3,1,1.0,2.0,2.0,2,3,3,2,4,4,4,3,3,3,3,4,2,3,3,3,4,4,4,4,3,3,4,4,1,1,1,1,1,1,1,436,gemini,2024,남성,2
3,1,1.0,2.0,2.0,3,3,4,3,4,4,5,4,3,3,3,4,2,3,3,3,4,4,4,4,3,3,3,4,1,1,1,1,1,1,2,437,gemini,2024,남성,2
3,1,1.0,2.0,2.0,3,3,4,3,5,4,4,4,3,3,3,4,2,3,4,3,4,4,4,4,3,4,3,4,1,1,1,1,1,1,2,438,gemini,2024,남성,2
3,1,1.0,2.0,2.0,2,3,4,3,4,4,4,3,3,2,3,3,2,3,3,3,4,4,4,4,3,4,4,4,1,1,1,1,1,1,1,439,gemini,2024,남성,2
3,1,1.0,2.0,2.0,3,3,4,3,5,4,5,4,3,2,3,3,2,3,3,3,4,4,5,5,3,4,4,4,1,1,1,1,1,1,1,440,gemini,2024,남성,2
3,1,1.0,2.0,2.0,3,3,4,3,4,4,4,4,3,3,3,3,2,3,3,3,4,4,4,4,3,4,4,4,1,1,1,1,1,1,2,441,gemini,2024,남성,2
3,1,1.0,2.0,2.0,2,3,3,2,4,4,4,3,3,3,3,3,2,3,3,3,4,4,4,4,3,4,4,4,1,1,1,1,1,1,2,442,gemini,2024,남성,2
3,1,1.0,2.0,2.0,2,3,4,2,4,4,4,3,3,2,3,3,2,3,3,3,4,4,4,4,3,4,4,4,1,1,1,1,1,1,2,443,gemini,2024,남성,2
3,1,1.0,2.0,2.0,3,3,4,3,4,4,4,4,3,3,3,3,2,3,3,3,4,4,4,4,3,4,4,4,1,1,1,1,1,1,2,444,gemini,2024,남성,2
3,1,1.0,2.0,2.0,3,3,4,3,4,4,4,4,3,2,3,3,2,3,3,3,4,4,4,4,3,4,4,4,1,1,1,1,1,1,1,445,gemini,2024,남성,2
3,1,1.0,2.0,2.0,2,3,3,2,4,4,4,3,3,2,3,3,2,3,3,2,4,4,4,4,3,4,4,4,1,1,1,1,1,1,1,446,gemini,2024,남성,2
3,1,1.0,2.0,2.0,2,3,3,2,4,4,4,4,3,2,3,3,2,3,3,3,4,4,4,4,3,3,4,4,1,1,1,1,1,1,1,447,gemini,2024,남성,2
3,1,1.0,2.0,2.0,2,3,3,2,4,4,4,4,3,3,3,3,2,3,3,3,4,4,4,4,3,3,4,4,1,1,1,1,1,1,1,448,gemini,2024,남성,2
3,1,1.0,2.0,2.0,3,3,4,2,4,4,5,4,3,3,3,4,2,3,3,3,4,4,4,4,3,4,4,4,1,1,1,1,1,1,2,449,gemini,2024,남성,2
3,1,1.0,2.0,2.0,3,3,4,3,5,4,4,4,3,3,3,4,2,3,3,3,4,4,4,4,3,4,4,4,1,1,1,1,1,1,2,450,gemini,2024,남성,2
3,1,1.0,2.0,2.0,3,3,4,3,5,4,4,4,3,3,3,3,2,3,4,3,4,4,4,4,3,4,4,4,1,1,1,1,1,1,2,451,gemini,2024,남성,2
3,1,1.0,2.0,2.0,2,3,4,2,5,4,5,4,3,2,3,3,2,3,3,3,4,4,5,5,3,4,4,4,1,1,1,1,1,1,2,452,gemini,2024,남성,2
3,1,1.0,2.0,2.0,3,3,4,3,5,4,4,4,3,3,3,4,2,3,4,3,4,4,4,4,3,4,4,4,1,1,1,1,1,1,1,453,gemini,2024,남성,2
3,1,1.0,2.0,2.0,2,3,3,2,4,4,4,3,3,3,3,3,2,3,3,3,4,4,4,4,3,4,4,4,1,1,1,1,1,1,1,454,gemini,2024,남성,2
3,1,1.0,2.0,2.0,3,3,3,2,4,4,4,4,4,3,3,3,2,3,3,3,4,4,4,4,3,3,4,4,1,1,1,1,1,1,1,455,gemini,2024,남성,2
3,1,1.0,2.0,2.0,3,3,4,3,5,4,4,4,3,3,3,4,2,3,3,3,4,4,4,4,3,4,3,4,1,1,1,1,1,1,2,456,gemini,2024,남성,2
3,1,1.0,2.0,2.0,3,3,4,3,4,4,4,4,3,3,3,3,2,3,3,3,4,4,4,4,3,4,4,4,1,1,1,1,1,1,1,457,gemini,2024,남성,2
3,1,1.0,2.0,2.0,2,2,3,2,4,4,4,4,3,3,3,3,2,3,3,2,4,4,4,4,3,3,3,3,1,1,1,1,1,1,1,458,gemini,2024,남성,2
3,1,1.0,2.0,2.0,3,4,4,3,5,4,5,4,3,3,3,4,2,3,3,3,4,4,4,4,3,4,4,4,1,1,1,1,1,1,1,459,gemini,2024,남성,2
3,1,1.0,2.0,2.0,2,3,3,2,4,4,4,3,3,2,3,3,2,3,3,3,4,4,4,4,3,4,3,4,1,1,1,1,1,1,2,460,gemini,2024,남성,2
3,1,1.0,2.0,2.0,3,3,4,3,5,4,4,4,3,3,3,4,2,3,4,3,4,4,4,4,3,4,4,4,1,1,1,1,1,1,2,461,gemini,2024,남성,2
3,1,1.0,2.0,2.0,3,3,4,3,5,4,4,4,3,3,3,4,2,3,3,3,4,4,4,4,3,4,4,4,1,1,1,1,1,1,2,462,gemini,2024,남성,2
3,1,1.0,2.0,2.0,3,3,4,2,5,4,5,4,3,3,3,4,2,3,3,3,4,4,5,4,3,4,4,4,1,1,1,1,1,1,2,463,gemini,2024,남성,2
3,1,1.0,2.0,2.0,2,2,2,2,4,4,4,4,3,3,3,3,2,3,3,2,4,4,4,4,3,3,4,4,1,1,1,1,1,1,1,464,gemini,2024,남성,2
3,1,1.0,2.0,2.0,3,3,4,3,4,4,4,4,3,3,3,4,2,3,3,3,4,4,4,4,3,4,4,4,1,1,1,1,1,1,1,465,gemini,2024,남성,2
3,1,1.0,2.0,2.0,2,3,3,2,4,4,4,3,3,2,3,3,2,3,3,2,4,4,4,4,3,4,4,4,1,1,1,1,1,1,1,466,gemini,2024,남성,2
3,1,1.0,2.0,2.0,2,3,3,2,4,4,4,3,3,2,3,3,2,3,3,2,4,4,4,4,3,4,4,4,1,1,1,1,1,1,1,467,gemini,2024,남성,2
3,1,1.0,2.0,2.0,3,3,4,2,4,4,4,4,3,3,3,4,2,3,3,3,4,4,4,4,3,3,4,4,1,1,1,1,1,1,2,468,gemini,2024,남성,2
3,1,1.0,2.0,2.0,2,3,3,2,4,4,4,3,3,2,3,3,2,3,3,2,4,4,4,4,3,3,3,4,1,1,1,1,1,1,1,469,gemini,2024,남성,2
3,1,1.0,2.0,2.0,3,3,4,2,4,4,4,4,3,3,3,3,2,3,3,3,4,4,4,4,3,3,4,4,1,1,1,1,1,1,1,470,gemini,2024,남성,2
3,1,1.0,2.0,2.0,3,3,4,2,4,4,4,4,3,3,3,4,2,3,3,3,4,4,4,4,3,4,4,4,1,1,1,1,1,1,1,471,gemini,2024,남성,2
3,1,1.0,2.0,2.0,3,3,4,2,4,4,4,4,3,3,3,4,2,3,3,3,4,4,4,4,3,4,4,4,1,1,1,1,1,1,2,472,gemini,2024,남성,2
3,1,1.0,2.0,2.0,3,3,4,3,4,4,4,4,3,3,3,3,2,3,3,3,4,4,4,4,3,4,4,4,1,1,1,1,1,1,1,473,gemini,2024,남성,2
3,1,1.0,2.0,2.0,2,3,3,2,4,4,5,4,3,3,3,3,2,3,3,2,4,4,5,5,3,4,4,4,1,1,1,1,1,1,1,474,gemini,2024,남성,2
3,1,1.0,2.0,2.0,3,3,3,2,4,4,4,4,3,3,3,3,2,3,3,3,4,4,4,4,3,3,4,4,1,1,1,1,1,1,1,475,gemini,2024,남성,2
3,1,1.0,2.0,2.0,3,4,4,3,5,4,5,4,3,3,3,4,2,3,3,3,4,4,4,4,3,4,4,4,1,1,1,1,1,1,1,476,gemini,2024,남성,2
3,1,1.0,2.0,2.0,3,4,4,3,5,4,5,4,3,3,3,4,2,3,3,3,4,4,4,4,3,4,4,4,1,1,1,1,1,1,1,477,gemini,2024,남성,2
3,1,1.0,2.0,2.0,3,4,4,3,4,4,4,4,3,3,3,3,2,3,3,3,4,4,4,4,3,3,3,4,1,1,1,1,1,2,1,478,gemini,2024,남성,3
3,1,1.0,2.0,2.0,3,4,4,4,4,4,4,4,3,3,3,3,2,3,3,3,4,4,4,4,3,3,3,4,1,1,1,1,1,2,1,479,gemini,2024,남성,3
3,1,1.0,2.0,2.0,2,3,4,3,4,4,4,4,3,3,3,3,2,3,3,3,4,4,4,4,3,3,3,4,1,1,1,1,1,2,1,480,gemini,2024,남성,3
3,1,1.0,2.0,2.0,3,4,4,3,4,4,4,4,3,3,3,3,2,3,3,3,4,4,4,4,3,3,3,4,1,1,1,1,1,2,1,481,gemini,2024,남성,3
3,1,1.0,2.0,2.0,3,4,4,4,4,4,4,4,3,3,3,3,2,3,3,3,4,4,4,4,3,4,3,4,1,1,1,1,1,2,1,482,gemini,2024,남성,3
3,1,1.0,2.0,2.0,3,4,4,4,4,4,4,4,3,3,3,3,2,3,3,3,4,4,4,4,3,4,3,4,1,1,1,1,1,2,1,483,gemini,2024,남성,3
3,1,1.0,2.0,2.0,3,4,4,4,4,4,4,4,3,3,3,3,2,3,3,3,4,4,4,4,3,4,3,4,1,1,1,1,1,2,1,484,gemini,2024,남성,3
3,1,1.0,2.0,2.0,3,4,4,4,4,4,4,4,3,3,3,3,2,3,3,3,4,4,4,4,3,3,3,4,1,1,1,1,1,2,1,485,gemini,2024,남성,3
3,1,1.0,2.0,2.0,3,4,4,4,4,4,4,4,3,2,3,3,2,3,3,3,4,4,4,4,3,3,3,4,1,1,1,1,1,2,1,486,gemini,2024,남성,3
3,1,1.0,2.0,2.0,3,4,4,3,4,4,4,3,3,3,3,3,2,3,3,3,4,4,4,4,3,4,3,4,1,1,1,1,1,2,1,487,gemini,2024,남성,3
3,1,1.0,2.0,2.0,3,4,4,4,4,4,4,4,3,3,3,3,2,3,3,3,4,4,4,4,3,4,3,4,1,1,1,1,1,2,1,488,gemini,2024,남성,3
3,1,1.0,2.0,2.0,3,4,4,3,4,4,4,4,3,3,3,3,2,3,3,3,4,4,4,4,3,3,3,4,1,1,1,1,1,2,1,489,gemini,2024,남성,3
3,1,1.0,2.0,2.0,3,4,4,3,4,4,4,4,3,3,3,3,2,3,3,3,4,4,4,4,3,4,3,4,1,1,1,1,1,2,1,490,gemini,2024,남성,3
3,1,1.0,2.0,2.0,3,4,4,4,4,4,4,4,3,3,3,3,2,3,3,3,4,4,4,4,3,4,3,4,1,1,1,1,1,2,1,491,gemini,2024,남성,3
3,1,1.0,4.0,2.0,3,4,4,3,4,4,4,4,3,3,3,3,2,3,3,3,4,4,4,4,3,4,3,4,1,1,1,1,1,2,1,492,gemini,2024,남성,3
3,1,1.0,4.0,2.0,2,3,3,3,4,4,4,4,3,2,2,3,2,3,3,3,4,4,4,4,3,4,4,4,1,1,1,1,1,1,1,493,gemini,2024,남성,3
3,1,1.0,2.0,2.0,3,3,4,3,4,4,4,4,3,3,3,3,2,3,3,3,4,4,4,4,3,4,3,4,1,1,1,1,1,2,1,494,gemini,2024,남성,3
3,1,1.0,2.0,2.0,2,3,4,3,4,4,4,4,3,3,3,3,2,3,3,3,4,4,4,4,3,3,3,4,1,1,1,1,1,2,1,495,gemini,2024,남성,3
3,1,1.0,2.0,2.0,3,4,4,3,4,4,4,4,3,3,3,3,2,3,3,3,4,4,4,4,3,3,3,4,1,1,1,1,1,2,1,496,gemini,2024,남성,3
3,1,1.0,2.0,2.0,3,4,4,4,5,4,4,4,3,3,3,3,2,4,3,3,5,5,4,4,3,4,4,4,1,1,1,1,1,2,1,497,gemini,2024,남성,3
3,1,1.0,2.0,2.0,3,4,4,4,4,4,4,4,3,3,3,3,2,3,3,3,4,4,4,4,3,4,3,4,1,1,1,1,1,2,1,498,gemini,2024,남성,3
3,1,1.0,2.0,2.0,3,4,4,3,4,4,4,4,3,3,3,3,2,3,3,3,4,4,4,4,3,3,3,4,1,1,1,1,1,2,1,499,gemini,2024,남성,3
3,1,1.0,2.0,2.0,2,3,3,3,4,4,4,4,3,2,2,3,2,3,3,3,4,4,4,4,3,4,3,4,1,1,1,1,1,2,1,500,gemini,2024,남성,3
3,1,1.0,2.0,2.0,3,4,4,3,4,4,4,4,3,3,3,3,2,3,3,3,4,4,4,4,3,4,3,4,1,1,1,1,1,2,1,501,gemini,2024,남성,3
3,1,1.0,2.0,2.0,3,3,4,3,4,4,4,4,3,3,3,3,2,3,3,3,4,4,4,4,3,3,3,4,1,1,1,1,1,2,1,502,gemini,2024,남성,3
3,1,1.0,2.0,2.0,2,3,4,3,4,4,4,4,3,2,3,3,2,3,3,3,4,4,4,4,3,4,3,4,1,1,1,1,1,2,1,503,gemini,2024,남성,3
3,1,1.0,2.0,2.0,3,4,4,4,4,4,4,4,3,3,3,3,2,3,3,3,4,4,4,4,3,4,3,4,1,1,1,1,1,2,1,504,gemini,2024,남성,3
3,1,1.0,2.0,2.0,3,4,4,4,5,4,4,4,3,3,3,3,2,3,3,3,4,4,4,4,3,4,4,4,1,1,1,1,1,2,1,505,gemini,2024,남성,3
3,1,1.0,2.0,2.0,3,4,4,3,4,4,4,4,3,3,3,3,2,3,3,3,4,4,4,4,3,3,3,4,1,1,1,1,1,2,1,506,gemini,2024,남성,3
3,1,1.0,2.0,2.0,3,4,4,3,4,4,4,4,3,3,3,3,2,3,3,3,4,4,4,4,3,3,3,4,1,1,1,1,1,2,1,507,gemini,2024,남성,3
3,1,1.0,2.0,2.0,3,4,4,4,4,4,4,4,3,3,3,3,2,3,3,3,4,4,4,4,3,4,3,4,1,1,1,1,1,2,1,508,gemini,2024,남성,3
3,1,1.0,2.0,2.0,3,4,4,3,5,4,4,4,3,3,3,3,2,3,3,3,4,4,4,4,3,3,3,4,1,1,1,1,1,2,1,509,gemini,2024,남성,3
3,1,1.0,2.0,2.0,3,4,4,4,4,4,4,4,3,3,3,3,2,3,3,3,4,4,4,4,3,3,3,4,1,1,1,1,1,2,1,510,gemini,2024,남성,3
3,1,1.0,2.0,2.0,3,4,4,4,4,4,4,4,3,3,3,3,2,3,3,3,4,4,4,4,3,4,3,4,1,1,1,1,1,2,1,511,gemini,2024,남성,3
3,1,1.0,2.0,2.0,3,3,4,3,4,4,4,4,3,3,3,3,2,3,3,3,4,4,4,4,3,3,3,4,1,1,1,1,1,2,1,512,gemini,2024,남성,3
3,1,1.0,2.0,2.0,3,4,4,4,4,4,4,4,3,3,3,3,2,3,3,3,4,4,4,4,3,3,3,4,1,1,1,1,1,2,1,513,gemini,2024,남성,3
3,1,1.0,2.0,2.0,3,4,4,3,4,4,4,4,3,3,3,3,2,3,3,3,4,4,4,4,3,3,3,4,1,1,1,1,1,2,1,514,gemini,2024,남성,3
3,1,1.0,2.0,2.0,3,4,4,4,5,4,4,4,3,3,3,3,2,3,4,3,4,4,4,4,3,4,3,4,1,1,1,1,1,2,1,515,gemini,2024,남성,3
3,1,1.0,2.0,2.0,3,4,4,4,4,4,4,4,3,3,3,3,2,4,3,3,4,4,4,4,3,4,3,4,1,1,1,1,1,1,1,516,gemini,2024,남성,3
3,1,1.0,2.0,2.0,2,3,4,3,4,4,4,4,3,3,3,3,2,3,3,3,4,4,4,4,3,3,3,4,1,1,1,1,1,2,1,517,gemini,2024,남성,3
3,1,1.0,2.0,2.0,3,4,4,4,4,4,4,4,3,3,3,3,2,3,3,3,4,4,4,4,3,4,3,4,1,1,1,1,1,2,1,518,gemini,2024,남성,3
3,1,1.0,2.0,2.0,3,4,4,3,4,4,4,4,3,3,3,3,2,3,3,3,4,4,4,4,3,3,3,4,1,1,1,1,1,2,1,519,gemini,2024,남성,3
3,1,1.0,2.0,2.0,3,4,4,4,4,4,4,4,3,3,3,3,2,3,3,3,4,4,4,4,3,3,3,4,1,1,1,1,1,2,1,520,gemini,2024,남성,3
3,1,1.0,2.0,2.0,3,4,4,4,4,4,4,4,3,3,3,3,2,3,3,3,4,4,4,4,3,3,3,4,1,1,1,1,1,2,1,521,gemini,2024,남성,3
3,1,1.0,2.0,2.0,2,3,3,3,4,4,4,4,3,2,2,3,2,3,3,3,4,4,4,4,3,4,3,4,1,1,1,1,1,2,1,522,gemini,2024,남성,3
3,1,1.0,2.0,2.0,3,4,4,3,4,4,4,4,3,3,3,3,2,3,3,3,4,4,4,4,3,4,3,4,1,1,1,1,1,2,1,523,gemini,2024,남성,3
4,1,1.0,2.0,2.0,3,4,4,3,5,4,5,4,3,3,3,3,2,4,4,3,5,5,4,4,3,4,3,4,1,1,1,1,1,2,1,524,gemini,2024,남성,3
3,1,1.0,4.0,2.0,2,3,4,3,4,4,4,4,3,2,3,3,2,3,3,3,4,4,4,4,3,4,3,4,1,1,1,1,1,2,1,525,gemini,2024,남성,3
3,1,1.0,2.0,2.0,2,3,4,3,4,4,4,4,3,3,3,3,2,3,3,3,4,4,4,4,3,4,3,4,1,1,1,1,1,2,1,526,gemini,2024,남성,3
3,1,1.0,2.0,2.0,3,4,4,3,4,4,4,4,3,3,3,3,2,3,3,3,4,4,4,4,3,4,3,4,1,1,1,1,1,2,1,527,gemini,2024,남성,3
3,1,1.0,2.0,2.0,3,4,4,4,4,4,4,4,3,3,3,3,2,3,3,3,4,4,4,4,3,3,3,4,1,1,1,1,1,2,1,528,gemini,2024,남성,3
4,1,1.0,2.0,2.0,3,3,4,3,4,4,4,4,3,3,3,3,2,3,4,3,4,4,4,4,3,3,4,4,1,1,1,1,1,2,1,529,gemini,2024,남성,3
3,1,1.0,2.0,2.0,3,4,4,4,4,4,4,4,3,2,3,3,2,3,3,3,4,4,4,4,3,3,3,4,1,1,1,1,1,2,1,530,gemini,2024,남성,3
3,1,1.0,4.0,2.0,3,3,4,3,4,4,4,4,3,3,3,3,2,3,3,3,4,4,4,4,3,4,3,4,1,1,1,1,1,2,1,531,gemini,2024,남성,3
3,1,1.0,2.0,2.0,3,4,4,4,4,4,4,4,3,3,3,3,2,3,3,3,4,4,4,4,3,3,3,4,1,1,1,1,1,2,1,532,gemini,2024,남성,3
3,1,1.0,2.0,2.0,3,4,4,3,4,4,4,4,3,3,3,3,2,3,3,3,4,4,4,4,3,3,3,4,1,1,1,1,1,2,1,533,gemini,2024,남성,3
3,1,1.0,2.0,2.0,3,3,4,4,4,4,4,4,3,3,3,3,2,3,3,3,4,4,4,4,3,3,3,4,1,1,1,1,1,2,1,534,gemini,2024,남성,3
3,1,1.0,2.0,2.0,3,4,4,3,4,4,4,4,3,3,3,3,2,3,3,3,4,4,4,4,3,3,3,4,1,1,1,1,1,2,1,535,gemini,2024,남성,3
3,1,1.0,2.0,2.0,3,4,4,3,4,4,4,4,3,3,3,3,2,3,3,3,4,4,4,4,3,3,3,4,1,1,1,1,1,2,1,536,gemini,2024,남성,3
3,1,1.0,2.0,2.0,3,4,4,4,4,4,4,4,3,3,3,3,2,4,3,3,4,4,4,4,3,4,3,4,1,1,1,1,1,2,1,537,gemini,2024,남성,3
3,1,1.0,2.0,2.0,2,3,3,3,4,4,4,4,3,2,2,3,2,3,3,3,4,4,4,4,3,3,3,4,1,1,1,1,1,2,1,538,gemini,2024,남성,3
3,1,1.0,2.0,2.0,3,4,4,3,4,4,4,4,3,3,3,3,2,3,3,3,4,4,4,4,3,4,3,4,1,1,1,1,1,2,1,539,gemini,2024,남성,3
3,1,1.0,2.0,2.0,3,4,4,4,4,4,4,4,3,3,3,3,2,3,3,3,4,4,4,4,3,4,3,4,1,1,1,1,1,2,1,540,gemini,2024,남성,3
3,1,1.0,2.0,2.0,2,3,3,3,4,4,4,4,3,2,2,3,2,3,3,3,4,4,4,4,3,4,3,4,1,1,1,1,1,2,1,541,gemini,2024,남성,3
3,1,1.0,2.0,2.0,3,4,4,3,4,4,4,4,3,3,3,3,2,3,3,3,4,4,4,4,3,4,3,4,1,1,1,1,1,2,1,542,gemini,2024,남성,3
3,1,1.0,2.0,2.0,3,4,4,3,4,4,4,4,3,3,3,3,2,3,3,3,4,4,4,4,3,3,3,4,1,1,1,1,1,2,1,543,gemini,2024,남성,3
3,1,1.0,2.0,2.0,2,3,4,3,4,4,4,4,3,3,3,3,2,3,3,3,4,4,4,4,3,4,3,4,1,1,1,1,1,2,1,544,gemini,2024,남성,3
3,1,1.0,4.0,2.0,3,4,4,3,4,4,4,4,3,3,3,3,2,3,3,3,4,4,4,4,3,4,3,4,1,1,1,1,1,2,1,545,gemini,2024,남성,3
3,1,1.0,2.0,2.0,3,4,4,4,4,4,4,4,3,3,3,3,2,4,3,3,4,4,4,4,3,3,3,4,1,1,1,1,1,2,1,546,gemini,2024,남성,3
3,1,1.0,2.0,2.0,3,4,4,3,4,4,4,4,3,3,3,3,2,3,3,3,4,4,4,4,3,3,3,4,1,1,1,1,1,2,1,547,gemini,2024,남성,3
3,1,1.0,4.0,2.0,3,4,4,3,4,4,4,4,3,3,3,3,2,3,3,3,4,4,4,4,3,4,3,4,1,1,1,1,1,2,1,548,gemini,2024,남성,3
3,1,1.0,2.0,2.0,3,4,4,4,4,4,4,4,3,3,3,3,2,3,3,3,4,4,4,4,3,4,4,4,1,1,1,1,1,2,1,549,gemini,2024,남성,3
3,1,1.0,2.0,2.0,2,3,3,3,4,4,4,4,3,2,3,3,2,3,3,3,4,4,4,4,3,4,3,4,1,1,1,1,1,2,1,550,gemini,2024,남성,3
3,1,1.0,4.0,2.0,3,4,4,3,4,4,4,4,3,3,3,3,2,3,3,3,4,4,4,4,3,4,3,4,1,1,1,1,1,2,1,551,gemini,2024,남성,3
3,1,1.0,2.0,2.0,3,4,4,3,4,4,4,4,3,3,3,3,2,3,3,3,4,4,4,4,3,3,3,4,1,1,1,1,1,2,1,552,gemini,2024,남성,3
3,1,1.0,2.0,2.0,3,4,4,4,4,4,4,4,3,3,3,3,2,3,3,3,4,4,4,4,3,4,3,4,1,1,1,1,1,2,1,553,gemini,2024,남성,3
3,1,1.0,2.0,2.0,3,3,4,3,4,4,4,4,3,3,3,3,2,3,3,3,4,4,4,4,3,3,4,4,1,1,1,1,1,1,1,554,gemini,2024,남성,3
3,1,1.0,2.0,2.0,2,3,3,3,4,4,4,4,3,2,2,3,2,3,3,3,4,4,4,4,3,4,3,4,1,1,1,1,1,2,1,555,gemini,2024,남성,3
3,1,1.0,2.0,2.0,3,4,4,4,5,4,4,4,3,3,3,3,2,3,4,3,4,4,4,4,3,4,3,4,1,1,1,1,1,2,1,556,gemini,2024,남성,3
3,1,1.0,2.0,2.0,3,4,4,3,4,4,4,4,3,3,3,3,2,3,3,3,4,4,4,4,3,3,3,4,1,1,1,1,1,2,1,557,gemini,2024,남성,3
3,1,1.0,2.0,2.0,2,3,4,3,4,4,4,4,3,2,2,3,2,4,3,3,4,4,4,4,3,4,3,4,1,1,1,1,1,2,1,558,gemini,2024,남성,3
3,1,1.0,2.0,2.0,3,4,4,3,4,4,4,4,3,3,3,3,2,3,3,3,4,4,4,4,3,3,3,4,1,1,1,1,1,2,1,559,gemini,2024,남성,3
3,1,1.0,2.0,2.0,3,4,4,4,4,4,4,4,3,3,3,3,2,3,3,3,4,4,4,4,3,4,3,4,1,1,1,1,1,2,1,560,gemini,2024,남성,3
3,1,1.0,2.0,2.0,3,4,4,3,4,4,4,4,3,3,3,3,2,3,3,3,4,4,4,4,3,3,3,4,1,1,1,1,1,2,1,561,gemini,2024,남성,3
3,1,1.0,2.0,2.0,3,3,4,3,4,4,4,4,3,3,3,3,2,3,3,3,4,4,4,4,3,3,3,4,1,1,1,1,1,2,1,562,gemini,2024,남성,3
3,1,1.0,4.0,2.0,3,4,4,3,4,4,4,4,3,2,3,3,2,3,3,3,4,4,4,4,3,4,3,4,1,1,1,1,1,2,1,563,gemini,2024,남성,3
3,1,1.0,2.0,2.0,3,4,4,3,4,4,4,4,3,3,3,3,2,3,3,3,4,4,4,4,3,4,3,4,1,1,1,1,1,2,1,564,gemini,2024,남성,3
3,1,1.0,2.0,2.0,3,4,4,4,4,4,4,4,3,3,3,3,2,3,3,3,4,4,4,4,3,3,3,4,1,1,1,1,1,2,1,565,gemini,2024,남성,3
3,1,1.0,2.0,2.0,3,4,4,3,4,4,4,4,3,3,3,3,2,3,3,3,4,4,4,4,3,3,3,4,1,1,1,1,1,2,1,566,gemini,2024,남성,3
3,1,1.0,2.0,2.0,3,4,4,4,4,4,4,4,3,3,3,3,2,3,3,3,4,4,4,4,3,3,3,4,1,1,1,1,1,2,1,567,gemini,2024,남성,3
3,1,1.0,2.0,2.0,3,4,4,3,4,4,4,4,3,3,3,3,2,3,3,3,4,4,4,4,3,3,3,4,1,1,1,1,1,2,1,568,gemini,2024,남성,3
3,1,1.0,2.0,2.0,3,4,4,4,5,4,5,4,3,3,3,3,2,3,3,3,4,4,4,4,3,3,3,4,1,1,1,1,1,2,1,569,gemini,2024,남성,3
3,1,1.0,2.0,2.0,3,4,4,3,4,4,4,4,3,3,3,3,3,4,4,3,5,5,4,4,3,4,3,4,1,1,1,1,1,1,1,570,gemini,2024,남성,3
3,1,1.0,2.0,2.0,3,4,4,4,5,4,4,4,3,3,3,3,2,3,3,3,4,4,4,4,3,3,3,4,1,1,1,1,1,2,1,571,gemini,2024,남성,3
3,1,1.0,2.0,2.0,3,3,4,3,4,4,4,4,3,3,3,3,2,3,3,3,4,4,4,4,3,4,3,4,1,1,1,1,1,2,1,572,gemini,2024,남성,3
3,1,1.0,2.0,2.0,3,4,4,3,4,4,4,4,3,2,3,3,2,3,3,3,4,4,4,4,3,3,3,4,1,1,1,1,1,2,1,573,gemini,2024,남성,3
3,1,1.0,2.0,2.0,3,4,4,3,4,4,4,4,3,3,3,3,2,3,3,3,4,4,4,4,3,3,3,4,1,1,1,1,1,2,1,574,gemini,2024,남성,3
3,1,1.0,2.0,2.0,3,4,4,4,5,4,4,4,3,3,3,3,2,3,4,3,4,4,4,4,3,3,3,4,1,1,1,1,1,2,1,575,gemini,2024,남성,3
3,1,1.0,2.0,2.0,3,4,4,3,4,4,4,4,3,3,3,3,2,3,3,3,4,4,4,4,3,4,3,4,1,1,1,1,1,2,1,576,gemini,2024,남성,3
3,1,1.0,4.0,2.0,3,4,4,3,4,4,4,4,3,3,3,3,2,3,3,3,4,4,4,4,3,4,3,4,1,1,1,1,1,2,1,577,gemini,2024,남성,3
3,1,1.0,2.0,2.0,3,4,4,3,4,4,4,4,3,2,3,3,2,3,3,3,4,4,4,4,3,4,3,4,1,1,1,1,1,2,1,578,gemini,2024,남성,3
3,1,1.0,2.0,2.0,2,3,4,3,4,4,4,4,3,3,3,3,2,3,3,3,4,4,4,4,3,3,3,4,1,1,1,1,1,2,1,579,gemini,2024,남성,3
3,1,1.0,2.0,2.0,3,4,4,4,5,4,4,4,3,3,3,3,2,3,3,3,4,4,4,4,3,3,3,4,1,1,1,1,1,2,1,580,gemini,2024,남성,3
3,1,1.0,2.0,2.0,3,4,4,3,4,4,4,4,3,3,3,3,2,3,3,3,4,4,4,4,3,3,3,4,1,1,1,1,1,2,1,581,gemini,2024,남성,3
3,1,1.0,2.0,2.0,3,4,4,3,4,4,4,4,3,3,3,3,2,3,3,3,4,4,4,4,3,3,3,4,1,1,1,1,1,2,1,582,gemini,2024,남성,3
3,1,1.0,4.0,2.0,3,4,4,3,4,4,4,4,3,3,3,3,2,3,3,3,4,4,4,4,3,4,3,4,1,1,1,1,1,2,1,583,gemini,2024,남성,3
3,1,1.0,2.0,2.0,3,4,4,4,4,4,4,4,3,3,3,3,2,3,3,3,4,4,4,4,3,3,3,4,1,1,1,1,1,2,1,584,gemini,2024,남성,3
3,1,1.0,2.0,2.0,3,4,4,3,4,4,4,4,3,3,3,3,2,3,3,3,4,4,4,4,3,3,3,4,1,1,1,1,1,2,1,585,gemini,2024,남성,3
3,1,1.0,2.0,2.0,3,4,4,4,4,4,4,4,3,3,3,3,2,3,3,3,4,4,4,4,3,3,3,4,1,1,1,1,1,2,1,586,gemini,2024,남성,3
3,1,1.0,2.0,2.0,3,4,4,3,4,4,4,4,3,3,3,3,2,3,3,3,4,4,4,4,3,3,3,4,1,1,1,1,1,2,1,587,gemini,2024,남성,3
3,1,1.0,2.0,2.0,3,4,4,4,4,4,4,4,3,3,3,3,2,3,3,3,4,4,4,4,3,3,3,4,1,1,1,1,1,2,1,588,gemini,2024,남성,3
3,1,1.0,4.0,2.0,2,3,3,3,4,4,4,4,3,2,2,3,2,3,3,3,4,4,4,4,3,4,3,4,1,1,1,1,1,2,1,589,gemini,2024,남성,3
3,1,1.0,2.0,2.0,3,4,4,3,4,4,4,4,3,3,3,3,2,3,3,3,4,4,4,4,3,4,3,4,1,1,1,1,1,2,1,590,gemini,2024,남성,3
3,1,1.0,2.0,2.0,3,4,4,3,4,4,4,4,3,3,3,3,2,3,3,3,4,4,4,4,3,3,3,4,1,1,1,1,1,2,1,591,gemini,2024,남성,3
3,1,1.0,2.0,2.0,3,4,4,3,4,4,4,4,3,3,3,3,2,3,3,3,4,4,4,4,3,4,3,4,1,1,1,1,1,2,1,592,gemini,2024,남성,3
3,1,1.0,4.0,2.0,2,3,4,3,4,3,4,3,3,2,2,3,2,3,3,3,4,4,4,4,3,3,3,4,1,1,1,1,1,2,1,593,gemini,2024,남성,3
3,1,1.0,2.0,2.0,3,3,4,3,4,4,4,4,3,2,3,3,2,4,3,3,4,4,4,4,3,3,3,4,1,1,1,1,1,2,1,594,gemini,2024,남성,3
3,1,1.0,2.0,2.0,2,3,4,3,4,4,4,4,3,2,2,3,2,3,3,3,4,4,4,4,3,3,3,4,1,1,1,1,1,2,1,595,gemini,2024,남성,3
3,1,1.0,2.0,2.0,3,3,4,3,4,4,4,4,3,3,3,3,2,3,3,3,4,4,4,4,3,3,3,4,1,1,1,1,1,2,1,596,gemini,2024,남성,3
3,1,1.0,2.0,2.0,3,4,4,4,4,4,4,4,3,3,3,3,2,3,3,3,4,4,4,4,3,3,3,4,1,1,1,1,1,2,1,597,gemini,2024,남성,3
3,1,1.0,2.0,2.0,3,4,4,4,4,4,4,4,3,3,3,3,2,3,3,3,4,4,4,4,3,3,3,4,1,1,1,1,1,2,1,598,gemini,2024,남성,3
3,1,1.0,2.0,2.0,3,4,4,4,4,4,4,4,3,3,3,3,2,3,3,3,4,4,4,4,3,4,3,4,1,1,1,1,1,2,1,599,gemini,2024,남성,3
3,1,1.0,2.0,2.0,3,4,4,4,4,4,4,4,3,3,3,3,2,3,3,3,4,4,4,4,3,3,3,4,1,1,1,1,1,2,1,600,gemini,2024,남성,3
3,1,1.0,2.0,2.0,2,3,3,3,4,4,4,4,3,2,2,3,2,3,3,3,4,4,4,4,3,4,4,4,1,1,1,1,1,2,1,601,gemini,2024,남성,3
3,1,1.0,2.0,2.0,3,4,4,3,4,4,4,4,3,3,3,3,2,3,3,3,4,4,4,4,3,4,3,4,1,1,1,1,1,2,1,602,gemini,2024,남성,3
3,1,1.0,2.0,2.0,3,4,4,3,4,4,4,4,3,3,3,3,2,3,3,3,4,4,4,4,3,4,3,4,1,1,1,1,1,2,1,603,gemini,2024,남성,3
3,1,1.0,2.0,2.0,3,4,4,3,4,4,4,4,3,3,3,3,2,3,3,3,4,4,4,4,3,3,3,4,1,1,1,1,1,2,1,604,gemini,2024,남성,3
3,1,1.0,2.0,2.0,2,3,3,3,4,4,4,4,3,2,2,3,2,3,3,3,4,4,4,4,3,4,3,4,1,1,1,1,1,2,1,605,gemini,2024,남성,3
3,1,1.0,2.0,2.0,2,3,4,3,4,4,4,4,3,2,3,3,2,3,3,3,4,4,4,4,3,3,3,4,1,1,1,1,1,2,1,606,gemini,2024,남성,3
3,1,1.0,2.0,2.0,3,4,4,3,4,4,4,4,3,3,3,3,2,3,3,3,4,4,4,4,3,3,3,4,1,1,1,1,1,2,1,607,gemini,2024,남성,3
3,1,1.0,2.0,2.0,3,4,4,3,4,4,4,4,3,3,3,3,2,3,3,3,4,4,4,4,3,4,3,4,1,1,1,1,1,2,1,608,gemini,2024,남성,3
3,1,1.0,2.0,2.0,2,3,3,3,4,4,4,4,3,2,3,3,2,3,3,3,4,4,4,4,3,3,3,4,1,1,1,1,1,2,1,609,gemini,2024,남성,3
3,1,1.0,2.0,2.0,3,4,4,4,4,4,4,4,3,3,3,3,2,3,3,3,4,4,4,4,3,3,3,4,1,1,1,1,1,2,1,610,gemini,2024,남성,3
3,1,1.0,2.0,2.0,3,4,4,4,5,4,4,4,3,3,3,3,2,3,3,3,4,4,4,4,3,3,3,4,1,1,1,1,1,2,1,611,gemini,2024,남성,3
3,1,1.0,2.0,2.0,3,4,4,3,4,4,4,4,3,3,3,3,2,3,3,3,4,4,4,4,3,3,3,4,1,1,1,1,1,2,1,612,gemini,2024,남성,3
3,1,1.0,2.0,2.0,3,4,4,4,4,4,4,4,3,3,3,3,2,3,3,3,4,4,4,4,3,4,3,4,1,1,1,1,1,2,1,613,gemini,2024,남성,3
3,1,1.0,2.0,2.0,3,3,4,3,4,4,4,4,3,2,3,3,2,3,3,3,4,4,4,4,3,3,3,4,1,1,1,1,1,2,1,614,gemini,2024,남성,3
3,1,1.0,2.0,2.0,3,4,4,3,4,4,4,4,3,2,3,3,2,3,3,3,4,4,4,4,3,4,3,4,1,1,1,1,1,2,1,615,gemini,2024,남성,3
3,1,1.0,2.0,2.0,2,3,3,3,4,4,4,4,3,2,2,3,2,3,3,3,4,4,4,4,3,4,3,4,1,1,1,1,1,2,1,616,gemini,2024,남성,3
3,1,1.0,2.0,2.0,3,3,4,3,4,4,4,4,3,3,3,3,2,3,3,3,4,4,4,4,3,4,3,4,1,1,1,1,1,2,1,617,gemini,2024,남성,3
3,1,1.0,2.0,2.0,2,3,4,3,4,4,4,3,3,2,2,3,2,3,3,3,4,4,4,4,3,3,3,4,1,1,1,1,1,2,1,618,gemini,2024,남성,3
3,1,1.0,2.0,2.0,3,4,4,3,4,4,4,4,3,3,3,3,2,3,3,3,4,4,4,4,3,4,3,4,1,1,1,1,1,2,1,619,gemini,2024,남성,3
3,1,1.0,2.0,2.0,2,3,4,3,4,4,4,4,3,2,2,3,2,3,3,3,4,4,4,4,3,4,3,4,1,1,1,1,1,2,1,620,gemini,2024,남성,3
3,1,1.0,2.0,2.0,3,4,4,3,4,4,4,4,3,3,3,3,2,3,3,3,4,4,4,4,3,3,3,4,1,1,1,1,1,2,1,621,gemini,2024,남성,3
3,1,1.0,4.0,2.0,2,3,3,3,4,4,4,4,3,3,3,3,2,3,3,3,4,4,4,4,3,3,3,4,1,1,1,1,1,2,1,622,gemini,2024,남성,3
3,1,1.0,2.0,2.0,2,3,3,3,4,4,4,4,3,3,3,3,2,3,3,3,4,4,4,4,3,3,3,4,1,1,1,1,1,2,1,623,gemini,2024,남성,3
3,1,1.0,2.0,2.0,3,4,4,3,4,4,4,4,3,3,3,3,2,4,3,3,4,4,4,4,3,3,3,4,1,1,1,1,1,2,1,624,gemini,2024,남성,3
3,1,1.0,4.0,2.0,3,4,4,4,4,4,4,4,3,3,3,3,2,3,3,3,4,4,4,4,3,4,3,4,1,1,1,1,1,2,1,625,gemini,2024,남성,3
3,1,1.0,2.0,2.0,3,3,4,3,4,4,4,4,3,2,2,3,2,3,3,3,4,4,4,4,3,3,3,4,1,1,1,1,1,2,1,626,gemini,2024,남성,3
3,1,1.0,2.0,2.0,3,4,4,4,5,4,4,4,3,3,3,3,2,3,3,3,4,4,4,4,3,3,3,4,1,1,1,1,1,2,1,627,gemini,2024,남성,3
3,1,1.0,2.0,2.0,3,3,4,4,4,4,4,4,3,3,3,3,2,3,3,3,4,4,4,4,3,3,3,4,1,1,1,1,1,2,1,628,gemini,2024,남성,3
3,1,1.0,2.0,2.0,3,4,4,3,4,4,4,4,3,2,3,3,2,3,3,3,4,4,4,4,3,3,3,4,1,1,1,1,1,1,1,629,gemini,2024,남성,3
3,1,1.0,2.0,2.0,3,4,4,3,4,4,4,4,3,3,3,3,2,3,3,3,4,4,4,4,3,3,3,4,1,1,1,1,1,2,1,630,gemini,2024,남성,3
3,1,1.0,2.0,2.0,3,4,4,3,4,4,4,4,3,3,3,3,2,3,3,3,4,4,4,4,3,4,3,4,1,1,1,1,1,2,1,631,gemini,2024,남성,3
3,1,1.0,2.0,2.0,3,4,4,4,4,4,4,4,3,3,3,3,2,3,3,3,4,4,4,4,3,4,3,4,1,1,1,1,1,2,1,632,gemini,2024,남성,3
3,1,1.0,2.0,2.0,2,3,4,3,4,4,4,4,3,2,2,3,2,3,3,3,4,4,4,4,3,4,3,4,1,1,1,1,1,2,1,633,gemini,2024,남성,3
3,1,1.0,2.0,2.0,3,4,4,3,4,4,4,4,3,2,3,3,2,4,3,3,4,4,4,4,3,4,3,4,1,1,1,1,1,2,1,634,gemini,2024,남성,3
3,1,1.0,4.0,2.0,3,3,4,3,4,4,4,4,3,3,3,3,2,3,3,3,4,4,4,4,3,4,3,4,1,1,1,1,1,2,1,635,gemini,2024,남성,3
3,1,1.0,2.0,2.0,3,4,4,4,4,4,4,4,3,3,3,3,2,3,3,3,4,4,4,4,3,3,3,4,1,1,1,1,1,2,1,636,gemini,2024,남성,3
3,1,1.0,2.0,2.0,3,4,4,3,4,4,4,4,3,2,3,3,2,3,3,3,4,4,4,4,3,4,3,4,1,1,1,1,1,2,1,637,gemini,2024,남성,3
3,1,1.0,2.0,2.0,3,3,4,3,4,4,4,4,3,3,3,3,2,3,3,3,4,4,4,4,3,3,3,4,1,1,1,1,1,2,1,638,gemini,2024,남성,3
3,1,1.0,2.0,2.0,3,4,4,3,4,4,4,4,3,3,3,3,2,3,3,3,4,4,4,4,3,4,3,4,1,1,1,1,1,2,1,639,gemini,2024,남성,3
3,1,1.0,2.0,2.0,3,3,4,3,4,4,4,4,3,3,3,3,2,3,3,3,4,4,4,4,3,4,3,4,1,1,1,1,1,2,1,640,gemini,2024,남성,3
3,1,1.0,2.0,2.0,2,3,3,3,4,4,4,4,3,2,3,3,2,3,3,3,4,4,4,4,3,4,3,4,1,1,1,1,1,2,1,641,gemini,2024,남성,3
3,1,1.0,2.0,2.0,3,4,4,4,4,4,4,4,3,3,3,3,2,3,3,3,4,4,4,4,3,4,3,4,1,1,1,1,1,2,1,642,gemini,2024,남성,3
3,1,1.0,2.0,2.0,3,4,4,3,4,4,4,4,3,3,3,3,2,3,3,3,4,4,4,4,3,3,3,4,1,1,1,1,1,2,1,643,gemini,2024,남성,3
3,1,1.0,2.0,2.0,3,4,4,3,5,4,4,4,3,2,3,3,2,3,3,3,4,4,4,4,3,3,3,4,1,1,1,1,1,2,1,644,gemini,2024,남성,3
3,1,1.0,4.0,2.0,3,4,4,3,4,4,4,4,3,3,3,3,2,3,3,3,4,4,4,4,3,4,3,4,1,1,1,1,1,2,1,645,gemini,2024,남성,3
3,1,1.0,2.0,2.0,3,4,4,3,5,4,4,4,3,3,3,3,2,4,3,3,4,4,4,4,3,4,4,4,1,1,1,1,1,2,1,646,gemini,2024,남성,3
3,1,1.0,4.0,2.0,2,3,3,3,4,4,4,4,3,2,2,3,2,3,3,3,4,4,4,4,3,4,3,4,1,1,1,1,1,2,1,647,gemini,2024,남성,3
3,1,1.0,2.0,2.0,3,4,4,3,4,4,4,4,3,3,3,3,2,3,3,3,4,4,4,4,3,4,3,4,1,1,1,1,1,2,1,648,gemini,2024,남성,3
3,1,1.0,2.0,2.0,3,4,4,3,4,4,4,4,3,3,3,3,2,3,3,3,4,4,4,4,3,3,3,4,1,1,1,1,1,2,1,649,gemini,2024,남성,3
3,1,1.0,2.0,2.0,3,4,4,4,4,4,4,4,3,3,3,3,2,3,3,3,4,4,4,4,3,3,3,4,1,1,1,1,1,2,1,650,gemini,2024,남성,3
3,1,1.0,2.0,2.0,3,4,4,3,4,4,4,4,3,3,3,3,2,3,3,3,4,4,4,4,3,3,3,4,1,1,1,1,1,2,1,651,gemini,2024,남성,3
3,1,1.0,2.0,2.0,3,4,4,4,4,4,4,4,3,3,3,3,2,3,3,3,4,4,4,4,3,4,3,4,1,1,1,1,1,2,1,652,gemini,2024,남성,3
3,1,1.0,2.0,2.0,3,4,4,3,4,4,4,4,3,3,3,3,2,3,3,3,4,4,4,4,3,3,3,4,1,1,1,1,1,2,1,653,gemini,2024,남성,3
3,1,1.0,2.0,2.0,3,4,4,3,4,4,4,4,3,3,3,3,2,3,3,3,4,4,4,4,3,3,3,4,1,1,1,1,1,2,1,654,gemini,2024,남성,3
3,1,1.0,2.0,2.0,3,4,4,4,4,4,4,4,3,3,3,3,2,3,3,3,4,4,4,4,3,3,3,4,1,1,1,1,1,2,1,655,gemini,2024,남성,3
3,1,1.0,2.0,2.0,3,4,4,4,4,4,4,4,3,3,3,3,2,3,3,3,4,4,4,4,3,4,3,4,1,1,1,1,1,2,1,656,gemini,2024,남성,3
3,1,1.0,2.0,2.0,3,4,4,3,4,4,4,4,3,3,3,3,2,3,3,3,4,4,4,4,3,3,3,4,1,1,1,1,1,2,1,657,gemini,2024,남성,3
3,1,1.0,2.0,2.0,3,4,4,3,4,4,4,4,3,2,3,3,2,3,3,3,4,4,4,4,3,3,3,4,1,1,1,1,1,2,1,658,gemini,2024,남성,3
3,1,1.0,2.0,2.0,3,4,4,3,4,4,4,4,3,2,3,3,2,3,3,3,4,4,4,4,3,4,3,4,1,1,1,1,1,2,1,659,gemini,2024,남성,3
3,1,1.0,4.0,2.0,3,4,4,3,4,4,4,4,3,3,3,3,2,3,3,3,4,4,4,4,3,4,3,4,1,1,1,1,1,2,1,660,gemini,2024,남성,3
3,1,1.0,2.0,2.0,3,4,4,3,4,4,4,4,3,3,3,3,2,4,3,3,4,4,4,4,3,4,3,4,1,1,1,1,1,2,1,661,gemini,2024,남성,3
3,1,1.0,2.0,2.0,3,4,4,3,4,4,4,4,3,3,3,3,2,3,3,3,4,4,4,4,3,4,3,4,1,1,1,1,1,2,1,662,gemini,2024,남성,3
3,1,1.0,2.0,2.0,3,4,4,4,4,4,4,4,3,3,3,3,2,3,3,3,4,4,4,4,3,3,3,4,1,1,1,1,1,2,1,663,gemini,2024,남성,3
3,1,1.0,2.0,2.0,3,4,4,4,4,4,4,4,3,3,3,3,2,3,3,3,4,4,4,4,3,4,3,4,1,1,1,1,1,2,1,664,gemini,2024,남성,3
3,1,1.0,2.0,2.0,2,4,4,3,4,4,4,4,3,2,3,3,2,3,3,3,4,4,4,4,3,3,3,4,1,1,1,1,1,2,1,665,gemini,2024,남성,3
3,1,1.0,2.0,2.0,3,4,4,3,4,4,4,4,3,3,3,3,2,3,3,3,4,4,4,4,3,3,3,4,1,1,1,1,1,2,1,666,gemini,2024,남성,3
3,1,1.0,2.0,2.0,3,4,4,3,4,4,4,4,3,3,3,3,2,3,3,3,4,4,4,4,3,4,3,4,1,1,1,1,1,2,1,667,gemini,2024,남성,3
3,1,1.0,2.0,2.0,3,4,4,4,4,4,4,4,3,3,3,3,2,3,3,3,4,4,4,4,3,3,3,4,1,1,1,1,1,2,1,668,gemini,2024,남성,3
3,1,1.0,2.0,2.0,3,4,4,3,4,4,4,4,3,3,3,3,2,3,3,3,4,4,4,4,3,4,3,4,1,1,1,1,1,2,1,669,gemini,2024,남성,3
3,1,1.0,2.0,2.0,3,4,4,3,4,4,4,4,3,3,3,3,2,3,3,3,4,4,4,4,3,4,3,4,1,1,1,1,1,2,1,670,gemini,2024,남성,3
3,1,1.0,2.0,2.0,3,4,4,4,4,4,4,4,3,3,3,3,2,3,3,3,4,4,4,4,3,4,3,4,1,1,1,1,1,2,1,671,gemini,2024,남성,3
3,1,1.0,2.0,2.0,3,4,4,3,4,4,4,4,3,3,3,3,2,3,3,3,4,4,4,4,3,3,3,4,1,1,1,1,1,2,1,672,gemini,2024,남성,3
3,1,1.0,2.0,2.0,2,3,3,3,4,4,4,4,3,2,2,3,2,3,3,3,4,4,4,4,3,4,3,4,1,1,1,1,1,2,1,673,gemini,2024,남성,3
3,1,1.0,2.0,2.0,3,4,4,3,4,4,4,4,3,3,3,3,2,3,3,3,4,4,4,4,3,4,3,4,1,1,1,1,1,2,1,674,gemini,2024,남성,3
3,1,1.0,2.0,2.0,3,4,4,3,4,4,4,4,3,3,3,3,2,3,3,3,4,4,4,4,3,3,3,4,1,1,1,1,1,2,1,675,gemini,2024,남성,3
3,1,1.0,2.0,2.0,3,4,4,3,4,4,4,4,3,2,3,3,2,3,3,3,4,4,4,4,3,3,3,4,1,1,1,1,1,2,1,676,gemini,2024,남성,3
3,1,1.0,4.0,2.0,3,3,4,3,4,4,4,4,3,3,3,3,2,3,3,3,4,4,4,4,3,4,3,4,1,1,1,1,1,2,1,677,gemini,2024,남성,3
3,1,1.0,2.0,2.0,3,4,4,4,5,4,4,4,3,3,3,3,2,4,4,3,4,4,4,4,3,4,3,4,1,1,1,1,1,2,1,678,gemini,2024,남성,3
3,1,1.0,2.0,2.0,2,3,3,3,4,4,4,4,3,2,2,3,2,3,3,3,4,4,4,4,3,3,3,4,1,1,1,1,1,2,1,679,gemini,2024,남성,3
3,1,1.0,2.0,2.0,3,4,4,3,4,4,4,4,3,2,3,3,2,3,3,3,4,4,4,4,3,3,3,4,1,1,1,1,1,2,1,680,gemini,2024,남성,3
3,1,1.0,2.0,2.0,3,4,4,3,4,4,4,4,3,3,3,3,2,3,3,3,4,4,4,4,3,3,3,4,1,1,1,1,1,2,1,681,gemini,2024,남성,3
3,1,1.0,4.0,2.0,3,4,4,3,4,4,4,4,3,3,3,3,2,3,3,3,4,4,4,4,3,4,3,4,1,1,1,1,1,2,1,682,gemini,2024,남성,3
3,1,1.0,2.0,2.0,2,3,4,3,4,4,4,4,3,2,3,3,2,3,3,3,4,4,4,4,3,4,3,4,1,1,1,1,1,2,1,683,gemini,2024,남성,3
3,1,1.0,2.0,2.0,3,4,4,4,4,4,4,4,3,3,3,3,2,3,3,3,4,4,4,4,3,4,3,4,1,1,1,1,1,2,1,684,gemini,2024,남성,3
3,1,1.0,2.0,2.0,3,4,4,4,4,4,4,4,3,2,3,3,2,3,3,3,4,4,4,4,3,3,3,4,1,1,1,1,1,2,1,685,gemini,2024,남성,3
3,1,1.0,2.0,2.0,3,4,4,4,4,4,4,4,3,3,3,3,2,3,3,3,4,4,4,4,3,3,3,4,1,1,1,1,1,2,1,686,gemini,2024,남성,3
3,1,1.0,2.0,2.0,3,4,4,3,4,4,4,4,3,3,3,3,2,3,3,3,4,4,4,4,3,3,3,4,1,1,1,1,1,2,1,687,gemini,2024,남성,3
3,1,1.0,2.0,2.0,2,3,3,3,4,4,4,4,3,2,2,2,2,3,3,3,4,4,4,4,3,4,4,4,1,1,1,1,1,2,1,688,gemini,2024,남성,3
3,1,1.0,2.0,2.0,3,4,4,3,4,4,4,4,3,3,3,3,2,3,3,3,4,4,4,4,3,3,3,4,1,1,1,1,1,2,1,689,gemini,2024,남성,3
3,1,1.0,2.0,2.0,3,4,4,3,4,4,4,4,3,3,3,3,2,3,3,3,4,4,4,4,3,3,3,4,1,1,1,1,1,2,1,690,gemini,2024,남성,3
3,1,1.0,2.0,2.0,2,3,4,3,4,4,4,4,3,2,3,3,2,3,3,3,4,4,4,4,3,3,3,4,1,1,1,1,1,2,1,691,gemini,2024,남성,3
3,1,1.0,2.0,2.0,3,4,4,3,4,4,4,4,3,3,3,3,2,3,3,3,4,4,4,4,3,4,3,4,1,1,1,1,1,2,1,692,gemini,2024,남성,3
3,1,1.0,2.0,2.0,2,3,4,3,4,4,4,4,3,2,2,3,2,3,3,3,4,4,4,4,3,3,3,4,1,1,1,1,1,2,1,693,gemini,2024,남성,3
3,1,1.0,4.0,2.0,3,4,4,3,4,4,4,4,3,2,3,3,2,3,3,3,4,4,4,4,3,4,3,4,1,1,1,1,1,2,1,694,gemini,2024,남성,3
3,1,1.0,2.0,2.0,3,4,4,3,4,4,4,4,3,3,3,3,2,3,3,3,4,4,4,4,3,3,3,4,1,1,1,1,1,2,1,695,gemini,2024,남성,3
3,1,1.0,4.0,2.0,3,4,4,3,4,4,4,4,3,3,3,3,2,3,3,3,4,4,4,4,3,4,3,4,1,1,1,1,1,2,1,696,gemini,2024,남성,3
3,1,1.0,2.0,2.0,3,4,4,4,4,4,4,4,3,3,3,3,2,3,3,3,4,4,4,4,3,3,3,4,1,1,1,1,1,2,1,697,gemini,2024,남성,3
3,1,1.0,2.0,2.0,3,4,4,3,4,4,4,4,3,2,3,3,2,3,3,3,4,4,4,4,3,3,3,4,1,1,1,1,1,2,1,698,gemini,2024,남성,3
3,1,1.0,2.0,2.0,3,4,4,4,4,4,4,4,3,3,3,3,2,3,3,3,4,4,4,4,3,3,3,4,1,1,1,1,1,2,1,699,gemini,2024,남성,3
3,1,1.0,2.0,2.0,3,4,4,3,4,4,4,4,3,3,3,3,2,3,3,3,4,4,4,4,3,3,3,4,1,1,1,1,1,2,1,700,gemini,2024,남성,3
3,1,1.0,2.0,2.0,3,4,4,3,4,4,4,4,3,3,3,3,2,3,3,3,4,4,4,4,3,4,3,4,1,1,1,1,1,2,1,701,gemini,2024,남성,3
3,1,1.0,2.0,2.0,2,3,3,3,4,4,4,4,3,2,3,2,2,3,3,3,4,4,4,4,3,3,3,4,1,1,1,1,1,2,1,702,gemini,2024,남성,3
3,1,1.0,2.0,2.0,2,3,3,3,4,4,4,3,2,2,2,3,2,3,3,3,4,4,4,4,3,3,3,4,1,1,1,1,1,2,1,703,gemini,2024,남성,3
3,1,1.0,2.0,2.0,3,4,4,4,4,4,4,4,3,3,3,3,2,3,3,3,4,4,4,4,3,3,3,4,1,1,1,1,1,2,1,704,gemini,2024,남성,3
3,1,1.0,2.0,2.0,3,4,4,3,4,4,4,4,3,3,3,3,2,3,3,3,4,4,4,4,3,3,3,4,1,1,1,1,1,2,1,705,gemini,2024,남성,3
3,1,1.0,2.0,2.0,3,4,4,4,5,4,4,4,3,3,3,3,2,4,4,3,5,5,5,5,3,4,4,4,1,1,1,1,1,1,1,706,gemini,2024,남성,3
3,1,1.0,4.0,2.0,3,4,4,3,4,4,4,4,3,3,3,3,2,3,3,3,4,4,4,4,3,4,3,4,1,1,1,1,1,2,1,707,gemini,2024,남성,3
3,1,1.0,2.0,2.0,2,3,3,3,4,4,4,4,3,3,3,3,2,3,3,3,4,4,4,4,3,3,3,4,1,1,1,1,1,2,1,708,gemini,2024,남성,3
3,1,1.0,2.0,2.0,3,4,4,4,5,4,5,4,3,3,3,3,2,3,3,3,4,4,4,4,3,3,3,4,1,1,1,1,1,2,1,709,gemini,2024,남성,3
3,1,1.0,4.0,2.0,3,4,4,3,4,4,4,4,3,3,3,3,2,3,3,3,4,4,4,4,3,3,3,4,1,1,1,1,1,2,1,710,gemini,2024,남성,3
3,1,1.0,2.0,2.0,3,4,4,3,4,4,4,4,3,2,2,3,2,3,3,3,4,4,4,4,3,3,3,4,1,1,1,1,1,2,1,711,gemini,2024,남성,3
3,1,1.0,2.0,2.0,3,4,4,3,4,4,4,4,3,3,3,3,2,3,3,3,4,4,4,4,3,4,3,4,1,1,1,1,1,2,1,712,gemini,2024,남성,3
3,1,1.0,2.0,2.0,3,4,4,4,4,4,4,4,3,3,3,3,2,3,3,3,4,4,4,4,3,3,3,4,1,1,1,1,1,2,1,713,gemini,2024,남성,3
3,1,1.0,2.0,2.0,3,4,4,3,4,4,4,4,3,2,3,3,2,3,3,3,4,4,4,4,3,3,3,4,1,1,1,1,1,2,1,714,gemini,2024,남성,3
3,1,1.0,2.0,2.0,3,4,4,4,4,4,4,4,3,3,3,3,2,3,3,3,4,4,4,4,3,3,3,4,1,1,1,1,1,2,1,715,gemini,2024,남성,3
3,1,1.0,2.0,2.0,3,4,4,4,4,4,4,4,3,3,3,3,2,3,3,3,4,4,4,4,3,4,3,4,1,1,1,1,1,2,1,716,gemini,2024,남성,3
3,1,1.0,2.0,2.0,3,4,4,4,4,4,4,4,3,3,3,3,2,3,3,3,4,4,4,4,3,4,3,4,1,1,1,1,1,2,1,717,gemini,2024,남성,3
3,1,1.0,4.0,2.0,3,4,4,4,4,4,4,4,3,3,3,3,2,3,3,3,4,4,4,4,3,4,3,4,1,1,1,1,1,2,1,718,gemini,2024,남성,3
3,1,1.0,2.0,2.0,3,4,4,3,4,4,4,4,3,3,3,3,2,3,3,3,4,4,4,4,3,3,3,4,1,1,1,1,1,2,1,719,gemini,2024,남성,3
3,1,1.0,2.0,2.0,2,3,3,3,4,4,4,4,3,3,3,3,2,3,3,3,4,4,4,4,3,3,3,4,1,1,1,1,1,2,1,720,gemini,2024,남성,3
3,1,1.0,2.0,2.0,3,4,4,4,4,4,4,4,3,3,3,3,2,3,3,3,4,4,4,4,3,3,3,4,1,1,1,1,1,2,1,721,gemini,2024,남성,3
3,1,1.0,2.0,2.0,3,4,4,3,4,4,4,4,3,3,3,3,2,3,3,3,4,4,4,4,3,3,3,4,1,1,1,1,1,2,1,722,gemini,2024,남성,3
3,1,1.0,2.0,2.0,3,4,4,4,5,4,4,4,3,3,3,3,2,3,3,3,4,4,4,4,3,3,3,4,1,1,1,1,1,2,1,723,gemini,2024,남성,3
3,1,1.0,2.0,2.0,3,4,4,4,4,4,4,4,3,3,3,3,2,3,3,3,4,4,4,4,3,4,3,4,1,1,1,1,1,2,1,724,gemini,2024,남성,3
3,1,1.0,2.0,2.0,3,4,4,4,4,4,4,4,3,3,3,3,2,3,3,3,4,4,4,4,3,3,3,4,1,1,1,1,1,2,1,725,gemini,2024,남성,3
3,1,1.0,2.0,2.0,3,4,4,4,4,4,4,4,3,3,3,3,2,3,3,3,4,4,4,4,3,4,3,4,1,1,1,1,1,2,1,726,gemini,2024,남성,3
3,1,1.0,2.0,2.0,2,3,4,3,4,4,4,4,3,2,3,3,2,3,3,3,4,4,4,4,3,3,3,4,1,1,1,1,1,2,1,727,gemini,2024,남성,3
3,1,1.0,2.0,2.0,3,4,4,4,5,4,4,4,3,3,3,3,2,3,3,3,4,4,4,4,3,3,3,4,1,1,1,1,1,2,1,728,gemini,2024,남성,3
4,1,1.0,2.0,2.0,3,4,4,4,4,4,4,4,3,3,3,3,2,4,4,3,5,5,4,4,3,4,3,4,1,1,1,1,1,1,1,729,gemini,2024,남성,3
3,1,1.0,2.0,2.0,3,4,4,4,4,4,4,4,3,3,3,3,2,3,3,3,4,4,4,4,3,4,3,4,1,1,1,1,1,2,1,730,gemini,2024,남성,3
3,1,1.0,2.0,2.0,3,4,4,4,4,4,4,4,3,3,3,3,2,3,3,3,4,4,4,4,3,3,3,4,1,1,1,1,1,2,1,731,gemini,2024,남성,3
3,1,1.0,2.0,2.0,2,3,3,3,4,4,4,4,3,2,3,3,2,3,3,3,4,4,4,4,3,3,3,4,1,1,1,1,1,2,1,732,gemini,2024,남성,3
3,1,1.0,2.0,2.0,2,3,4,3,4,4,4,4,3,3,3,3,2,3,3,3,4,4,4,4,3,3,3,4,1,1,1,1,1,2,1,733,gemini,2024,남성,3
3,1,1.0,4.0,2.0,3,4,4,4,4,4,4,4,3,3,3,3,2,3,3,3,4,4,4,4,3,4,3,4,1,1,1,1,1,2,1,734,gemini,2024,남성,3
3,1,1.0,2.0,2.0,3,4,4,4,5,4,4,4,3,3,3,3,2,3,3,3,4,4,4,4,3,3,3,4,1,1,1,1,1,2,1,735,gemini,2024,남성,3
3,1,1.0,4.0,2.0,3,4,4,4,4,4,4,4,3,3,3,3,2,3,3,3,4,4,4,4,3,4,3,4,1,1,1,1,1,2,1,736,gemini,2024,남성,3
3,1,1.0,2.0,2.0,3,4,4,4,4,4,4,4,3,3,3,3,2,3,3,3,4,4,4,4,3,3,3,4,1,1,1,1,1,2,1,737,gemini,2024,남성,3
3,1,1.0,2.0,2.0,3,4,4,3,4,4,4,4,3,3,3,3,2,3,3,3,4,4,4,4,3,3,3,4,1,1,1,1,1,2,1,738,gemini,2024,남성,3
3,1,1.0,2.0,2.0,3,4,4,4,4,4,4,4,3,3,3,3,2,3,3,3,4,4,4,4,3,4,3,4,1,1,1,1,1,2,1,739,gemini,2024,남성,3
3,1,1.0,2.0,2.0,3,4,4,4,5,4,4,4,3,3,3,3,2,3,3,3,4,4,4,4,3,4,3,4,1,1,1,1,1,2,1,740,gemini,2024,남성,3
3,1,1.0,2.0,2.0,3,4,4,4,4,4,4,4,3,3,3,3,2,3,3,3,4,4,4,4,3,3,3,4,1,1,1,1,1,2,1,741,gemini,2024,남성,3
3,1,1.0,2.0,2.0,3,4,4,3,4,4,4,4,3,3,3,3,2,3,3,3,4,4,4,4,3,3,3,4,1,1,1,1,1,2,1,742,gemini,2024,남성,3
3,1,1.0,4.0,2.0,3,4,4,4,4,4,4,4,3,3,3,3,2,3,3,3,4,4,4,4,3,4,3,4,1,1,1,1,1,2,1,743,gemini,2024,남성,3
3,1,1.0,4.0,2.0,3,4,4,3,4,4,4,4,3,3,3,3,2,3,3,3,4,4,4,4,3,4,3,4,1,1,1,1,1,2,1,744,gemini,2024,남성,3
3,1,1.0,2.0,2.0,3,4,4,3,4,4,4,4,3,3,3,3,2,3,3,3,4,4,4,4,3,3,3,4,1,1,1,1,1,2,1,745,gemini,2024,남성,3
3,1,1.0,2.0,2.0,3,4,4,4,5,4,4,4,3,3,3,3,2,3,4,3,4,4,4,4,3,4,3,4,1,1,1,1,1,2,1,746,gemini,2024,남성,3
3,1,1.0,2.0,2.0,3,4,4,3,4,4,4,4,3,3,3,3,2,3,3,3,4,4,4,4,3,4,3,4,1,1,1,1,1,2,1,747,gemini,2024,남성,3
3,1,1.0,2.0,2.0,3,4,4,3,4,4,4,4,3,3,3,3,2,3,3,3,4,4,4,4,3,3,3,4,1,1,1,1,1,2,1,748,gemini,2024,남성,3
3,1,1.0,2.0,2.0,3,4,4,4,4,4,4,4,3,3,3,3,2,3,3,3,4,4,4,4,3,3,3,4,1,1,1,1,1,2,1,749,gemini,2024,남성,3
3,1,1.0,2.0,2.0,3,3,4,3,4,4,4,4,3,2,3,3,2,3,3,3,4,4,4,4,3,4,3,4,1,1,1,1,1,2,1,750,gemini,2024,남성,3
3,1,1.0,4.0,2.0,3,4,4,4,4,4,4,4,3,3,3,3,2,3,3,3,4,4,4,4,3,4,3,4,1,1,1,1,1,2,1,751,gemini,2024,남성,3
3,1,1.0,4.0,2.0,3,4,4,4,4,4,4,4,3,3,3,3,2,3,3,3,4,4,4,4,3,4,3,4,1,1,1,1,1,2,1,752,gemini,2024,남성,3
3,1,1.0,2.0,2.0,3,4,4,4,4,4,4,4,3,3,3,3,2,3,3,3,4,4,4,4,3,3,3,4,1,1,1,1,1,1,1,753,gemini,2024,남성,3
3,1,1.0,2.0,2.0,3,4,4,3,4,4,4,4,3,3,3,3,2,3,3,3,4,4,4,4,3,3,3,4,1,1,1,1,1,2,1,754,gemini,2024,남성,3
3,1,1.0,2.0,2.0,3,4,4,3,4,4,4,4,3,3,3,3,2,3,3,3,4,4,4,4,3,4,3,4,1,1,1,1,1,2,1,755,gemini,2024,남성,3
3,1,1.0,4.0,2.0,3,3,4,3,4,4,4,4,3,3,3,3,2,3,3,3,4,4,4,4,3,4,3,4,1,1,1,1,1,2,1,756,gemini,2024,남성,3
3,1,1.0,2.0,2.0,3,4,4,3,4,4,4,4,3,3,3,3,2,3,3,3,4,4,4,4,3,4,3,4,1,1,1,1,1,2,1,757,gemini,2024,남성,3
3,1,1.0,2.0,2.0,3,4,4,3,4,4,4,4,3,3,3,3,2,3,3,3,4,4,4,4,3,3,3,4,1,1,1,1,1,2,1,758,gemini,2024,남성,3
3,1,1.0,2.0,2.0,3,4,4,3,4,4,4,4,3,3,3,3,2,3,3,3,4,4,4,4,3,4,3,4,1,1,1,1,1,2,1,759,gemini,2024,남성,3
3,1,1.0,2.0,2.0,3,4,4,3,4,4,4,4,3,3,3,3,2,3,3,3,4,4,4,4,3,4,3,4,1,1,1,1,1,2,1,760,gemini,2024,남성,3
3,1,1.0,2.0,2.0,3,4,4,3,4,4,4,4,3,3,3,3,2,3,3,3,4,4,4,4,3,3,3,4,1,1,1,1,1,2,1,761,gemini,2024,남성,3
3,1,1.0,2.0,2.0,3,4,4,3,4,4,4,4,3,3,3,3,2,3,3,3,4,4,4,4,3,4,3,4,1,1,1,1,1,2,1,762,gemini,2024,남성,3
3,1,1.0,2.0,2.0,3,4,4,4,4,4,4,4,3,3,3,3,2,3,3,3,4,4,4,4,3,3,3,4,1,1,1,1,1,2,1,763,gemini,2024,남성,3
3,1,1.0,2.0,2.0,3,4,4,3,4,4,4,4,3,3,3,3,2,3,3,3,4,4,4,4,3,3,3,4,1,1,1,1,1,1,1,764,gemini,2024,남성,3
3,1,1.0,2.0,2.0,3,4,4,4,4,4,4,4,3,3,3,3,2,3,3,3,4,4,4,4,3,4,3,4,1,1,1,1,1,2,1,765,gemini,2024,남성,3
3,1,1.0,4.0,2.0,3,4,4,3,4,4,4,4,3,3,3,3,2,3,3,3,4,4,4,4,3,4,3,4,1,1,1,1,1,2,1,766,gemini,2024,남성,3
3,1,1.0,2.0,2.0,3,4,4,3,5,4,4,4,3,3,3,3,2,3,4,3,4,4,4,4,3,3,3,4,1,1,1,1,1,2,1,767,gemini,2024,남성,3
3,1,1.0,2.0,2.0,2,3,3,3,4,4,4,4,3,2,2,3,2,3,3,3,4,4,4,4,3,4,3,4,1,1,1,1,1,2,1,768,gemini,2024,남성,3
3,1,1.0,2.0,2.0,2,3,4,3,4,4,4,4,3,2,3,3,2,3,3,3,4,4,4,4,3,3,3,4,1,1,1,1,1,2,1,769,gemini,2024,남성,3
3,1,1.0,2.0,2.0,3,4,4,3,4,4,4,4,3,3,3,3,2,3,3,3,4,4,4,4,3,4,3,4,1,1,1,1,1,2,1,770,gemini,2024,남성,3
3,1,1.0,2.0,2.0,3,4,4,3,4,4,4,4,3,3,3,3,2,3,3,3,4,4,4,4,3,4,3,4,1,1,1,1,1,2,1,771,gemini,2024,남성,3
3,1,1.0,4.0,2.0,2,3,3,3,4,4,4,3,3,2,2,2,2,3,3,3,4,4,4,4,3,3,3,4,1,1,1,1,1,2,1,772,gemini,2024,남성,3
3,1,1.0,2.0,2.0,3,4,4,4,4,4,4,4,3,3,3,3,2,3,3,3,4,4,4,4,3,4,3,4,1,1,1,1,1,2,1,773,gemini,2024,남성,3
3,1,1.0,2.0,2.0,3,4,4,3,4,4,4,4,3,3,3,3,2,3,3,3,4,4,4,4,3,3,3,4,1,1,1,1,1,2,1,774,gemini,2024,남성,3
3,1,1.0,2.0,2.0,3,4,4,3,4,4,4,4,3,3,3,3,2,3,3,3,4,4,4,4,3,4,3,4,1,1,1,1,1,2,1,775,gemini,2024,남성,3
3,1,1.0,2.0,2.0,3,4,4,3,4,4,4,4,3,3,3,3,2,3,3,3,4,4,4,4,3,4,3,4,1,1,1,1,1,2,1,776,gemini,2024,남성,3
3,1,1.0,2.0,2.0,2,3,4,3,4,4,4,3,2,2,2,3,2,3,3,3,4,4,4,4,3,3,3,4,1,1,1,1,1,2,1,777,gemini,2024,남성,3
3,1,1.0,2.0,2.0,3,4,4,4,4,4,4,4,3,3,3,3,2,3,3,3,4,4,4,4,3,4,3,4,1,1,1,1,1,2,1,778,gemini,2024,남성,3
3,1,1.0,2.0,2.0,3,4,4,3,4,4,4,4,3,3,3,3,2,3,3,3,4,4,4,4,3,3,3,4,1,1,1,1,1,2,1,779,gemini,2024,남성,3
3,1,1.0,2.0,2.0,3,3,4,3,4,4,4,4,3,3,3,3,2,3,3,3,4,4,4,4,3,3,3,4,1,1,1,1,1,2,1,780,gemini,2024,남성,3
3,1,1.0,2.0,2.0,3,4,4,3,4,4,4,4,3,3,3,3,2,3,3,3,4,4,4,4,3,3,3,4,1,1,1,1,1,2,1,781,gemini,2024,남성,3
3,1,1.0,2.0,2.0,3,4,4,4,4,4,4,4,3,3,3,3,2,3,3,3,4,4,4,4,3,3,3,4,1,1,1,1,1,2,1,782,gemini,2024,남성,3
3,1,1.0,2.0,2.0,3,4,4,4,4,4,4,4,3,3,3,3,2,3,3,3,4,4,4,4,3,3,3,4,1,1,1,1,1,2,1,783,gemini,2024,남성,3
3,1,1.0,2.0,2.0,2,3,3,3,4,4,4,4,3,2,2,3,2,3,3,3,4,4,4,4,3,3,3,4,1,1,1,1,1,2,1,784,gemini,2024,남성,3
3,1,1.0,2.0,2.0,3,4,4,4,4,4,4,4,3,3,3,3,2,3,3,3,4,4,4,4,3,3,3,4,1,1,1,1,1,2,1,785,gemini,2024,남성,3
3,1,1.0,2.0,2.0,3,4,4,3,5,4,4,4,3,3,3,3,2,3,3,3,4,4,4,4,3,4,3,4,1,1,1,1,1,2,1,786,gemini,2024,남성,3
3,1,1.0,2.0,2.0,3,4,4,4,4,4,4,4,3,3,3,3,2,3,3,3,4,4,4,4,3,3,3,4,1,1,1,1,1,2,1,787,gemini,2024,남성,3
3,1,1.0,2.0,2.0,3,4,4,3,4,4,4,4,3,2,3,3,2,3,3,3,4,4,4,4,3,4,3,4,1,1,1,1,1,2,1,788,gemini,2024,남성,3
3,1,1.0,2.0,2.0,3,4,4,4,5,4,4,4,3,3,3,3,2,4,4,3,5,5,5,4,3,4,4,4,1,1,1,1,1,2,1,789,gemini,2024,남성,3
3,1,1.0,2.0,2.0,3,4,4,3,4,4,4,4,3,3,3,3,2,3,3,3,4,4,4,4,3,4,3,4,1,1,1,1,1,2,1,790,gemini,2024,남성,3
3,1,1.0,2.0,2.0,2,3,3,3,4,4,4,4,3,2,2,3,2,3,3,3,4,4,4,4,3,3,3,4,1,1,1,1,1,2,1,791,gemini,2024,남성,3
3,1,1.0,2.0,2.0,3,4,4,3,4,4,4,4,3,3,3,3,2,3,3,3,4,4,4,4,3,3,3,4,1,1,1,1,1,2,1,792,gemini,2024,남성,3
3,1,1.0,2.0,2.0,3,3,4,3,4,4,4,4,3,3,3,3,2,3,3,3,4,4,4,4,3,4,3,4,1,1,1,1,1,2,1,793,gemini,2024,남성,3
3,1,1.0,2.0,2.0,3,4,4,3,4,4,4,4,3,2,3,3,2,3,3,3,4,4,4,4,3,3,3,4,1,1,1,1,1,2,1,794,gemini,2024,남성,3
3,1,1.0,2.0,2.0,3,4,4,3,4,4,4,4,3,3,3,3,2,3,3,3,4,4,4,4,3,3,3,4,1,1,1,1,1,2,1,795,gemini,2024,남성,3
3,1,1.0,2.0,2.0,3,4,4,3,4,4,4,4,3,3,3,3,2,3,3,3,4,4,4,4,3,3,3,4,1,1,1,1,1,2,1,796,gemini,2024,남성,3
3,1,1.0,2.0,2.0,3,4,4,4,4,4,4,4,3,3,3,3,2,3,3,3,4,4,4,4,3,3,3,4,1,1,1,1,1,2,1,797,gemini,2024,남성,3
3,1,1.0,2.0,2.0,3,4,4,3,4,4,4,4,3,3,3,3,2,3,3,3,4,4,4,4,3,3,3,4,1,1,1,1,1,2,1,798,gemini,2024,남성,3
3,1,1.0,2.0,2.0,3,4,4,3,4,4,4,4,3,3,3,3,2,3,3,3,4,4,4,4,3,3,3,4,1,1,1,1,1,2,1,799,gemini,2024,남성,3
3,1,1.0,2.0,2.0,3,4,4,3,4,4,4,4,3,3,3,3,2,3,3,3,4,4,4,4,3,3,3,4,1,1,1,1,1,2,1,800,gemini,2024,남성,3
3,1,1.0,2.0,2.0,3,4,4,3,4,4,4,4,3,3,3,3,2,3,3,3,4,4,4,4,3,3,3,4,1,1,1,1,1,2,1,801,gemini,2024,남성,3
3,1,1.0,2.0,2.0,3,4,4,3,4,4,4,4,3,3,3,3,2,3,3,3,4,4,4,4,3,3,3,4,1,1,1,1,1,2,1,802,gemini,2024,남성,3
3,1,1.0,2.0,2.0,3,4,4,3,4,4,4,4,3,3,3,3,2,3,3,3,4,4,4,4,3,3,3,4,1,1,1,1,1,2,1,803,gemini,2024,남성,3
3,1,1.0,4.0,2.0,3,4,4,3,4,4,4,4,3,3,3,3,2,3,3,3,4,4,4,4,3,4,3,4,1,1,1,1,1,2,1,804,gemini,2024,남성,3
3,1,1.0,2.0,2.0,3,4,4,3,4,4,4,4,3,3,3,3,2,3,3,3,4,4,4,4,3,3,3,4,1,1,1,1,1,2,1,805,gemini,2024,남성,3
3,1,1.0,2.0,2.0,2,3,3,3,4,4,4,4,3,2,2,3,2,3,3,3,4,4,4,4,3,3,3,4,1,1,1,1,1,2,1,806,gemini,2024,남성,3
3,1,1.0,2.0,2.0,3,4,4,4,4,4,4,4,3,2,3,3,2,4,3,3,4,4,4,4,3,4,3,4,1,1,1,1,1,2,1,807,gemini,2024,남성,3
3,1,1.0,2.0,2.0,3,4,4,3,4,4,4,4,3,3,3,3,2,3,3,3,4,4,4,4,3,3,3,4,1,1,1,1,1,2,1,808,gemini,2024,남성,3
3,1,1.0,2.0,2.0,2,3,4,3,4,4,4,4,3,2,2,3,2,3,3,3,4,4,4,4,3,3,3,4,1,1,1,1,1,2,1,809,gemini,2024,남성,3
3,1,1.0,2.0,2.0,3,4,4,4,4,4,4,4,3,3,3,3,2,3,3,3,4,4,4,4,3,3,3,4,1,1,1,1,1,2,1,810,gemini,2024,남성,3
3,1,1.0,2.0,2.0,3,4,4,4,4,4,4,4,3,3,3,3,2,4,3,3,4,4,4,4,3,4,4,4,1,1,1,1,1,2,1,811,gemini,2024,남성,3
3,1,1.0,2.0,2.0,3,4,4,3,4,4,4,4,3,3,3,3,2,3,3,3,4,4,4,4,3,3,3,4,1,1,1,1,1,2,1,812,gemini,2024,남성,3
3,1,1.0,2.0,2.0,3,4,4,4,4,4,4,4,3,3,3,3,2,3,3,3,4,4,4,4,3,4,3,4,1,1,1,1,1,2,1,813,gemini,2024,남성,3
3,1,1.0,2.0,2.0,3,4,4,4,5,4,4,4,3,3,3,3,2,3,4,3,4,4,4,4,3,3,3,4,1,1,1,1,1,2,1,814,gemini,2024,남성,3
3,1,1.0,2.0,2.0,3,4,4,4,5,4,4,4,3,3,3,3,2,4,3,3,5,5,4,4,3,4,4,4,1,1,1,1,1,2,1,815,gemini,2024,남성,3
3,1,1.0,2.0,2.0,3,4,4,3,5,4,4,4,3,3,3,3,2,3,3,3,4,4,4,4,3,3,3,4,1,1,1,1,1,2,1,816,gemini,2024,남성,3
3,1,1.0,4.0,2.0,3,4,4,3,4,4,4,4,3,2,3,3,2,3,3,3,4,4,4,4,3,4,3,4,1,1,1,1,1,2,1,817,gemini,2024,남성,3
3,1,1.0,2.0,2.0,3,4,4,3,4,4,4,4,3,3,3,3,2,3,3,3,4,4,4,4,3,3,3,4,1,1,1,1,1,2,1,818,gemini,2024,남성,3
3,1,1.0,2.0,2.0,3,3,4,3,4,4,4,4,3,3,3,3,2,3,3,3,4,4,4,4,3,3,3,4,1,1,1,1,1,2,1,819,gemini,2024,남성,3
3,1,1.0,2.0,2.0,3,4,4,4,4,4,4,4,3,3,3,3,2,3,3,3,4,4,4,4,3,4,3,4,1,1,1,1,1,2,1,820,gemini,2024,남성,3
3,1,1.0,2.0,2.0,3,4,4,3,4,4,4,4,3,3,3,3,2,3,3,3,4,4,4,4,3,4,3,4,1,1,1,1,1,2,1,821,gemini,2024,남성,3
3,1,1.0,2.0,2.0,3,4,4,4,4,4,4,4,3,3,3,3,2,3,3,3,4,4,4,4,3,4,3,4,1,1,1,1,1,2,1,822,gemini,2024,남성,3
3,1,1.0,2.0,2.0,3,4,4,3,4,4,4,4,3,2,3,3,2,3,3,3,4,4,4,4,3,3,3,4,1,1,1,1,1,2,1,823,gemini,2024,남성,3
3,1,1.0,2.0,2.0,2,3,3,3,4,4,4,3,3,2,2,3,2,3,3,3,4,4,4,4,3,3,3,4,1,1,1,1,1,2,1,824,gemini,2024,남성,3
3,1,1.0,2.0,2.0,3,4,4,4,4,4,4,4,3,3,3,3,2,3,3,3,4,4,4,4,3,3,3,4,1,1,1,1,1,1,1,825,gemini,2024,남성,3
3,1,1.0,2.0,2.0,2,3,3,3,4,4,4,4,3,2,3,3,2,3,3,3,4,4,4,4,3,4,3,4,1,1,1,1,1,2,1,826,gemini,2024,남성,3
3,1,1.0,2.0,2.0,2,3,3,3,4,4,4,4,3,3,3,3,2,3,3,3,4,4,4,4,3,3,3,4,1,1,1,1,1,2,1,827,gemini,2024,남성,3
3,1,1.0,2.0,2.0,3,4,4,3,4,4,4,4,3,3,3,3,2,3,3,3,4,4,4,4,3,4,3,4,1,1,1,1,1,2,1,828,gemini,2024,남성,3
3,1,1.0,2.0,2.0,2,3,4,3,4,4,4,4,3,3,3,3,2,3,3,3,4,4,4,4,3,3,3,4,1,1,1,1,1,2,1,829,gemini,2024,남성,3
3,1,1.0,2.0,2.0,3,4,4,3,4,4,4,4,3,2,3,3,2,3,3,3,4,4,4,4,3,3,3,4,1,1,1,1,1,2,1,830,gemini,2024,남성,3
3,1,1.0,2.0,2.0,3,4,4,3,4,4,4,4,3,2,3,3,2,3,3,3,4,4,4,4,3,4,3,4,1,1,1,1,1,2,1,831,gemini,2024,남성,3
3,1,1.0,2.0,2.0,3,4,4,3,4,4,4,4,3,3,3,3,2,3,3,3,4,4,4,4,3,3,3,4,1,1,1,1,1,2,1,832,gemini,2024,남성,3
3,1,1.0,2.0,2.0,3,4,4,4,4,4,4,4,3,2,3,3,2,3,3,3,4,4,4,4,3,3,3,4,1,1,1,1,1,2,1,833,gemini,2024,남성,3
3,1,1.0,4.0,2.0,3,4,4,4,5,4,4,4,3,3,3,3,2,3,4,3,4,4,4,4,3,3,3,4,1,1,1,1,1,2,1,834,gemini,2024,남성,3
3,1,1.0,2.0,2.0,3,4,4,3,4,4,4,4,3,3,3,3,2,3,3,3,4,4,4,4,3,3,3,4,1,1,1,1,1,2,1,835,gemini,2024,남성,3
3,1,1.0,2.0,2.0,3,4,4,4,4,4,4,4,3,3,3,3,2,3,3,3,4,4,4,4,3,4,3,4,1,1,1,1,1,2,1,836,gemini,2024,남성,3
3,1,1.0,2.0,2.0,3,4,4,4,5,4,4,4,3,3,3,3,2,3,3,3,4,4,4,4,3,3,3,4,1,1,1,1,1,2,1,837,gemini,2024,남성,3
3,1,1.0,2.0,2.0,3,4,4,4,4,4,4,4,3,3,3,3,2,3,3,3,4,4,4,4,3,3,3,4,1,1,1,1,1,2,1,838,gemini,2024,남성,3
3,1,1.0,2.0,2.0,3,4,4,4,4,4,4,4,3,3,3,3,2,3,3,3,4,4,4,4,3,3,3,4,1,1,1,1,1,2,1,839,gemini,2024,남성,3
3,1,1.0,2.0,2.0,3,4,4,3,4,4,4,4,3,3,3,3,2,3,3,3,4,4,4,4,3,3,3,4,1,1,1,1,1,2,1,840,gemini,2024,남성,3
4,1,1.0,2.0,2.0,3,4,4,4,5,4,4,4,3,3,3,3,2,4,4,3,5,5,4,4,3,4,4,4,1,1,1,1,1,1,1,841,gemini,2024,남성,3
3,1,1.0,2.0,2.0,3,4,4,3,4,4,4,4,3,3,3,3,2,4,3,3,4,4,4,4,3,4,4,4,1,1,1,1,1,2,1,842,gemini,2024,남성,3
3,1,1.0,2.0,2.0,2,3,3,3,4,4,4,4,3,2,3,3,2,3,3,3,4,4,4,4,3,3,3,4,1,1,1,1,1,2,1,843,gemini,2024,남성,3
3,1,1.0,2.0,2.0,3,4,4,4,4,4,4,4,3,3,3,3,2,3,3,3,4,4,4,4,3,4,3,4,1,1,1,1,1,2,1,844,gemini,2024,남성,3
3,1,1.0,2.0,2.0,3,4,4,3,4,4,4,4,3,3,3,3,2,3,3,3,4,4,4,4,3,3,3,4,1,1,1,1,1,2,1,845,gemini,2024,남성,3
3,1,1.0,2.0,2.0,3,4,4,3,4,4,4,4,3,3,3,3,2,3,3,3,4,4,4,4,3,3,3,4,1,1,1,1,1,2,1,846,gemini,2024,남성,3
3,1,1.0,4.0,2.0,3,4,4,4,4,4,4,4,3,3,3,3,2,3,3,3,4,4,4,4,3,4,3,4,1,1,1,1,1,2,1,847,gemini,2024,남성,3
3,1,1.0,2.0,2.0,2,3,3,3,4,4,4,4,3,2,3,3,2,3,3,3,4,4,4,4,3,4,3,4,1,1,1,1,1,2,1,848,gemini,2024,남성,3
3,1,1.0,2.0,2.0,3,4,4,3,4,4,4,4,3,3,3,3,2,3,3,3,4,4,4,4,3,3,3,4,1,1,1,1,1,2,1,849,gemini,2024,남성,3
3,1,1.0,4.0,2.0,3,4,4,3,4,4,4,4,3,3,3,3,2,3,3,3,4,4,4,4,3,4,3,4,1,1,1,1,1,2,1,850,gemini,2024,남성,3
3,1,1.0,2.0,2.0,3,4,4,4,4,4,4,4,3,3,3,3,2,3,3,3,4,4,4,4,3,4,3,4,1,1,1,1,1,2,1,851,gemini,2024,남성,3
3,1,1.0,4.0,2.0,3,4,4,4,4,4,4,4,3,3,3,3,2,3,3,3,4,4,4,4,3,4,3,4,1,1,1,1,1,2,1,852,gemini,2024,남성,3
4,1,1.0,2.0,2.0,3,4,4,3,5,4,4,4,3,3,3,3,2,3,3,3,4,4,4,4,3,4,3,4,1,1,1,1,1,2,1,853,gemini,2024,남성,3
3,1,1.0,2.0,2.0,3,4,4,3,4,4,4,4,3,3,3,3,2,3,3,3,4,4,4,4,3,4,3,4,1,1,1,1,1,2,1,854,gemini,2024,남성,3
3,1,1.0,2.0,2.0,3,4,4,3,4,4,4,4,3,2,3,3,2,3,3,3,4,4,4,4,3,4,3,4,1,1,1,1,1,2,1,855,gemini,2024,남성,3
3,1,1.0,2.0,2.0,3,4,4,4,4,4,4,4,3,3,3,3,2,3,3,3,4,4,4,4,3,3,3,4,1,1,1,1,1,2,1,856,gemini,2024,남성,3
3,1,1.0,2.0,2.0,2,3,4,3,4,4,4,4,3,3,3,3,2,3,3,3,4,4,4,4,3,3,3,4,1,1,1,1,1,2,1,857,gemini,2024,남성,3
3,1,1.0,2.0,2.0,3,4,4,3,4,4,4,4,3,3,3,3,2,3,3,3,4,4,4,4,3,4,3,4,1,1,1,1,1,2,1,858,gemini,2024,남성,3
3,1,1.0,2.0,2.0,3,4,4,3,4,4,4,4,3,3,3,3,2,3,3,3,4,4,4,4,3,3,3,4,1,1,1,1,1,2,1,859,gemini,2024,남성,3
3,1,1.0,2.0,2.0,2,3,3,3,4,4,4,4,3,2,2,2,2,3,3,3,4,4,4,4,3,3,3,4,1,1,1,1,1,2,1,860,gemini,2024,남성,3
3,1,1.0,4.0,2.0,3,4,4,4,4,4,4,4,3,3,3,3,2,3,3,3,4,4,4,4,3,4,3,4,1,1,1,1,1,2,1,861,gemini,2024,남성,3
3,1,1.0,2.0,2.0,3,4,4,3,4,4,4,4,3,3,3,3,2,3,3,3,4,4,4,4,3,3,3,4,1,1,1,1,1,2,1,862,gemini,2024,남성,3
3,1,1.0,2.0,2.0,3,4,4,3,4,4,4,4,3,3,3,3,2,3,3,3,4,4,4,4,3,4,3,4,1,1,1,1,1,2,1,863,gemini,2024,남성,3
3,1,1.0,2.0,2.0,3,4,4,3,4,4,4,4,3,3,3,3,2,3,3,3,4,4,4,4,3,4,3,4,1,1,1,1,1,2,1,864,gemini,2024,남성,3
3,1,1.0,2.0,2.0,3,4,4,3,4,4,4,4,3,2,3,3,2,3,3,3,4,4,4,4,3,3,3,4,1,1,1,1,1,2,1,865,gemini,2024,남성,3
3,1,1.0,2.0,2.0,2,3,4,3,4,4,4,4,3,2,3,3,2,3,3,3,4,4,4,4,3,3,3,4,1,1,1,1,1,2,1,866,gemini,2024,남성,3
3,1,1.0,2.0,2.0,3,4,4,3,4,4,4,4,3,3,3,3,2,3,3,3,4,4,4,4,3,3,3,4,1,1,1,1,1,2,1,867,gemini,2024,남성,3
3,1,1.0,2.0,2.0,3,4,4,3,4,4,4,4,3,3,3,3,2,3,3,3,4,4,4,4,3,4,3,4,1,1,1,1,1,2,1,868,gemini,2024,남성,3
3,1,1.0,2.0,2.0,3,4,4,3,4,4,4,4,3,3,3,3,2,3,3,3,4,4,4,4,3,4,3,4,1,1,1,1,1,2,1,869,gemini,2024,남성,3
3,1,1.0,2.0,2.0,3,4,4,3,4,4,4,4,3,3,3,3,2,3,3,3,4,4,4,4,3,4,3,4,1,1,1,1,1,2,1,870,gemini,2024,남성,3
3,1,1.0,2.0,2.0,3,4,4,3,4,4,4,4,3,3,3,3,2,3,3,3,4,4,4,4,3,3,3,4,1,1,1,1,1,2,1,871,gemini,2024,남성,3
3,1,1.0,2.0,2.0,3,3,4,3,4,4,4,4,3,2,3,3,2,3,3,3,4,4,4,4,3,3,3,4,1,1,1,1,1,2,1,872,gemini,2024,남성,3
3,1,1.0,2.0,2.0,3,4,4,4,5,4,4,4,3,3,3,3,2,3,3,3,4,4,4,4,3,3,3,4,1,1,1,1,1,2,1,873,gemini,2024,남성,3
3,1,1.0,2.0,2.0,2,3,4,3,4,4,4,4,3,2,2,2,2,3,3,3,4,4,4,4,3,4,3,4,1,1,1,1,1,2,1,874,gemini,2024,남성,3
3,1,1.0,2.0,2.0,3,4,4,4,4,4,4,4,3,3,3,3,2,3,3,3,4,4,4,4,3,3,3,4,1,1,1,1,1,2,1,875,gemini,2024,남성,3
3,1,1.0,2.0,2.0,3,4,4,4,4,4,4,4,3,3,3,3,2,3,3,3,4,4,4,4,3,4,3,4,1,1,1,1,1,2,1,876,gemini,2024,남성,3
3,1,1.0,2.0,2.0,3,4,4,4,4,4,4,4,3,3,3,3,2,3,3,3,4,4,4,4,3,3,3,4,1,1,1,1,1,2,1,877,gemini,2024,남성,3
3,1,1.0,2.0,2.0,3,4,4,4,4,4,4,4,3,3,3,3,2,3,3,3,4,4,4,4,3,3,3,4,1,1,1,1,1,2,1,878,gemini,2024,남성,3
4,1,1.0,2.0,2.0,3,4,4,3,4,4,4,4,3,3,3,3,2,3,4,3,4,4,4,4,3,4,3,4,1,1,1,1,1,2,1,879,gemini,2024,남성,3
3,1,1.0,2.0,2.0,3,4,4,4,4,4,4,4,3,3,3,3,2,3,3,3,4,4,4,4,3,3,3,4,1,1,1,1,1,2,1,880,gemini,2024,남성,3
3,1,1.0,2.0,2.0,3,4,4,3,4,4,4,4,3,3,3,3,2,3,3,3,4,4,4,4,3,3,3,4,1,1,1,1,1,2,1,881,gemini,2024,남성,3
3,1,1.0,2.0,2.0,3,4,4,4,4,4,4,4,3,3,3,3,2,3,3,3,4,4,4,4,3,4,3,4,1,1,1,1,1,2,1,882,gemini,2024,남성,3
3,1,1.0,2.0,2.0,3,4,4,3,4,4,4,4,3,3,3,3,2,3,3,3,4,4,4,4,3,4,3,4,1,1,1,1,1,2,1,883,gemini,2024,남성,3
3,1,1.0,2.0,2.0,3,4,4,3,4,4,4,4,3,3,3,3,2,3,3,3,4,4,4,4,3,3,3,4,1,1,1,1,1,2,1,884,gemini,2024,남성,3
3,1,1.0,2.0,2.0,3,4,4,4,4,4,4,4,3,3,3,3,2,3,3,3,4,4,4,4,3,3,3,4,1,1,1,1,1,1,1,885,gemini,2024,남성,3
3,1,1.0,2.0,2.0,3,4,4,3,4,4,4,4,3,3,3,3,2,3,3,3,4,4,4,4,3,3,3,4,1,1,1,1,1,2,1,886,gemini,2024,남성,3
3,1,1.0,2.0,2.0,2,3,3,3,4,4,4,4,3,2,2,3,2,3,3,3,4,4,4,4,3,4,3,4,1,1,1,1,1,2,1,887,gemini,2024,남성,3
3,1,1.0,2.0,2.0,3,4,4,3,4,4,4,4,3,3,3,3,2,3,3,3,4,4,4,4,3,4,3,4,1,1,1,1,1,2,1,888,gemini,2024,남성,3
3,1,1.0,2.0,2.0,2,3,4,3,4,4,4,4,3,3,3,3,2,3,3,3,4,4,4,4,3,3,3,4,1,1,1,1,1,2,1,889,gemini,2024,남성,3
3,1,1.0,2.0,2.0,3,4,4,3,4,4,4,4,3,3,3,3,2,3,3,3,4,4,4,4,3,3,3,4,1,1,1,1,1,2,1,890,gemini,2024,남성,3
3,1,1.0,2.0,2.0,3,4,4,3,4,4,4,4,3,3,3,3,2,3,3,3,4,4,4,4,3,3,3,4,1,1,1,1,1,2,1,891,gemini,2024,남성,3
3,1,1.0,2.0,2.0,3,4,4,4,4,4,4,4,3,3,3,3,2,3,3,3,4,4,4,4,3,3,3,4,1,1,1,1,1,2,1,892,gemini,2024,남성,3
3,1,1.0,2.0,2.0,3,4,4,4,5,4,4,4,3,3,3,3,2,4,4,3,4,4,4,4,3,4,3,4,1,1,1,1,1,2,1,893,gemini,2024,남성,3
3,1,1.0,2.0,2.0,3,3,4,3,4,4,4,4,3,3,3,3,2,3,3,3,4,4,4,4,3,3,3,4,1,1,1,1,1,2,1,894,gemini,2024,남성,3
3,1,1.0,2.0,2.0,3,4,4,3,4,4,4,4,3,3,3,3,2,3,3,3,4,4,4,4,3,3,3,4,1,1,1,1,1,2,1,895,gemini,2024,남성,3
3,1,1.0,4.0,2.0,3,4,4,3,4,4,4,4,3,3,3,3,2,3,3,3,4,4,4,4,3,4,3,4,1,1,1,1,1,2,1,896,gemini,2024,남성,3
3,1,1.0,4.0,2.0,3,4,4,3,4,4,4,4,3,2,3,3,2,3,3,3,4,4,4,4,3,4,3,4,1,1,1,1,1,2,1,897,gemini,2024,남성,3
3,1,1.0,2.0,2.0,3,3,4,3,4,4,4,4,3,3,3,3,2,3,3,3,4,4,4,4,3,3,3,4,1,1,1,1,1,2,1,898,gemini,2024,남성,3
3,1,1.0,2.0,2.0,3,4,4,4,4,4,4,4,3,3,3,3,2,3,3,3,4,4,4,4,3,3,3,4,1,1,1,1,1,2,1,899,gemini,2024,남성,3
3,1,1.0,2.0,2.0,2,3,3,3,4,4,4,4,3,2,2,3,2,3,3,3,4,4,4,4,3,3,3,4,1,1,1,1,1,2,1,900,gemini,2024,남성,3
3,1,1.0,2.0,2.0,2,3,4,3,4,4,4,4,3,2,3,3,2,3,3,3,4,4,4,4,3,4,3,4,1,1,1,1,1,2,1,901,gemini,2024,남성,3
3,1,1.0,2.0,2.0,3,4,4,4,4,4,4,4,3,3,3,3,2,3,3,3,4,4,4,4,3,4,3,4,1,1,1,1,1,2,1,902,gemini,2024,남성,3
3,1,1.0,2.0,2.0,3,3,4,3,4,4,4,4,3,3,3,3,2,3,3,3,4,4,4,4,3,4,3,4,1,1,1,1,1,2,1,903,gemini,2024,남성,3
3,1,1.0,2.0,2.0,3,4,4,4,4,4,4,4,3,3,3,3,2,3,3,3,4,4,4,4,3,3,3,4,1,1,1,1,1,2,1,904,gemini,2024,남성,3
3,1,1.0,2.0,2.0,3,4,4,4,4,4,4,4,3,3,3,3,2,3,3,3,4,4,4,4,3,4,3,4,1,1,1,1,1,2,1,905,gemini,2024,남성,3
3,1,1.0,4.0,2.0,3,4,4,3,4,4,4,4,3,3,3,3,2,3,3,3,4,4,4,4,3,4,3,4,1,1,1,1,1,2,1,906,gemini,2024,남성,3
3,1,1.0,2.0,2.0,3,4,4,4,4,4,4,4,3,3,3,3,2,3,3,3,4,4,4,4,3,4,3,4,1,1,1,1,1,2,1,907,gemini,2024,남성,3
3,1,1.0,2.0,2.0,3,4,4,4,4,4,4,4,3,3,3,3,2,3,3,3,4,4,4,4,3,3,3,4,1,1,1,1,1,2,1,908,gemini,2024,남성,3
3,1,1.0,2.0,2.0,3,3,4,3,4,4,4,4,3,3,3,3,2,3,3,3,4,4,4,4,3,3,3,4,1,1,1,1,1,2,1,909,gemini,2024,남성,3
3,1,1.0,2.0,2.0,3,4,4,3,4,4,4,4,3,3,3,3,2,3,3,3,4,4,4,4,3,4,3,4,1,1,1,1,1,2,1,910,gemini,2024,남성,3
3,1,1.0,2.0,2.0,3,4,4,3,4,4,4,4,3,3,3,3,2,3,3,3,4,4,4,4,3,3,3,4,1,1,1,1,1,1,1,911,gemini,2024,남성,3
3,1,1.0,2.0,2.0,3,4,4,4,4,4,4,4,3,3,3,3,2,3,3,3,4,4,4,4,3,3,3,4,1,1,1,1,1,2,1,912,gemini,2024,남성,3
3,1,1.0,4.0,2.0,3,4,4,4,4,4,4,4,3,3,3,3,2,3,3,3,4,4,4,4,3,4,3,4,1,1,1,1,1,2,1,913,gemini,2024,남성,3
3,1,1.0,2.0,2.0,3,3,4,3,4,4,4,4,3,2,3,3,2,3,3,3,4,4,4,4,3,3,3,4,1,1,1,1,1,2,1,914,gemini,2024,남성,3
3,1,1.0,2.0,2.0,2,3,3,3,4,4,4,4,3,2,3,3,2,3,3,3,4,4,4,4,3,3,3,4,1,1,1,1,1,2,1,915,gemini,2024,남성,3
3,1,1.0,2.0,2.0,2,3,3,3,4,4,4,4,3,3,3,3,2,3,3,3,4,4,4,4,3,3,3,4,1,1,1,1,1,2,1,916,gemini,2024,남성,3
3,1,1.0,2.0,2.0,3,4,4,4,5,4,4,4,3,3,3,3,2,3,4,3,4,4,4,4,3,4,3,4,1,1,1,1,1,2,1,917,gemini,2024,남성,3
3,1,1.0,2.0,2.0,3,4,4,3,4,4,4,4,3,3,3,3,2,3,3,3,4,4,4,4,3,3,3,4,1,1,1,1,1,2,1,918,gemini,2024,남성,3
3,1,1.0,2.0,2.0,3,4,4,3,4,4,4,4,3,3,3,3,2,3,3,3,4,4,4,4,3,3,3,4,1,1,1,1,1,2,1,919,gemini,2024,남성,3
3,1,1.0,2.0,2.0,3,4,4,3,4,4,4,4,3,3,3,3,2,3,3,3,4,4,4,4,3,3,3,4,1,1,1,1,1,2,1,920,gemini,2024,남성,3
3,1,1.0,2.0,2.0,3,4,4,4,4,4,4,4,3,3,3,3,2,3,3,3,4,4,4,4,3,3,3,4,1,1,1,1,1,2,1,921,gemini,2024,남성,3
3,1,1.0,2.0,2.0,3,3,4,3,4,4,4,4,3,3,3,3,2,3,3,3,4,4,4,4,3,3,3,4,1,1,1,1,1,2,1,922,gemini,2024,남성,3
3,1,1.0,2.0,2.0,3,4,4,3,4,4,4,4,3,3,3,3,2,3,3,3,4,4,4,4,3,4,3,4,1,1,1,1,1,2,1,923,gemini,2024,남성,3
3,1,1.0,2.0,2.0,3,4,4,3,4,4,4,4,3,3,3,3,2,3,3,3,4,4,4,4,3,3,3,4,1,1,1,1,1,2,1,924,gemini,2024,남성,3
3,1,1.0,2.0,2.0,3,4,4,4,4,4,4,4,3,2,3,3,2,4,3,3,4,4,4,4,3,4,3,4,1,1,1,1,1,2,1,925,gemini,2024,남성,3
3,1,1.0,2.0,2.0,3,4,4,3,4,4,4,4,3,3,3,3,2,3,3,3,4,4,4,4,3,4,3,4,1,1,1,1,1,2,1,926,gemini,2024,남성,3
3,1,1.0,4.0,2.0,3,4,4,3,4,4,4,4,3,3,3,3,2,3,3,3,4,4,4,4,3,4,3,4,1,1,1,1,1,2,1,927,gemini,2024,남성,3
3,1,1.0,2.0,2.0,3,4,4,4,4,4,4,4,3,3,3,3,2,3,3,3,4,4,4,4,3,3,3,4,1,1,1,1,1,2,1,928,gemini,2024,남성,3
3,1,1.0,2.0,2.0,3,4,4,4,4,4,4,4,3,3,3,3,2,3,3,3,4,4,4,4,3,3,3,4,1,1,1,1,1,2,1,929,gemini,2024,남성,3
3,1,1.0,2.0,2.0,3,4,4,4,5,4,4,4,3,3,3,3,2,4,4,3,4,4,4,4,3,3,3,4,1,1,1,1,1,2,1,930,gemini,2024,남성,3
3,1,1.0,2.0,2.0,3,4,4,4,4,4,4,4,3,3,3,3,2,3,3,3,4,4,4,4,3,3,3,4,1,1,1,1,1,2,1,931,gemini,2024,남성,3
3,1,1.0,2.0,2.0,3,4,4,3,4,4,4,4,3,2,3,3,2,3,3,3,4,4,4,4,3,3,3,4,1,1,1,1,1,2,1,932,gemini,2024,남성,3
3,1,1.0,2.0,2.0,3,4,4,4,4,4,4,4,3,3,3,3,2,3,3,3,4,4,4,4,3,3,3,4,1,1,1,1,1,2,1,933,gemini,2024,남성,3
3,1,1.0,2.0,2.0,3,4,4,3,4,4,4,4,3,3,3,3,2,3,3,3,4,4,4,4,3,4,3,4,1,1,1,1,1,2,1,934,gemini,2024,남성,3
3,1,1.0,2.0,2.0,3,4,4,4,4,4,4,4,3,3,3,3,2,3,3,3,4,4,4,4,3,4,3,4,1,1,1,1,1,2,1,935,gemini,2024,남성,3
3,1,1.0,2.0,2.0,3,4,4,3,4,4,4,4,3,2,3,3,2,3,3,3,4,4,4,4,3,3,3,4,1,1,1,1,1,2,1,936,gemini,2024,남성,3
3,1,1.0,2.0,2.0,3,3,4,3,4,4,4,4,3,3,3,3,2,3,3,3,4,4,4,4,3,3,3,4,1,1,1,1,1,2,1,937,gemini,2024,남성,3
3,1,1.0,2.0,2.0,3,4,4,3,4,4,4,4,3,3,3,3,2,3,3,3,4,4,4,4,3,3,3,4,1,1,1,1,1,2,1,938,gemini,2024,남성,3
3,1,1.0,2.0,2.0,3,4,4,4,5,4,4,4,3,3,3,3,2,3,3,3,4,4,4,4,3,4,3,4,1,1,1,1,1,2,1,939,gemini,2024,남성,3
3,1,1.0,2.0,2.0,3,4,4,3,4,4,4,4,3,3,3,3,2,3,3,3,4,4,4,4,3,3,3,4,1,1,1,1,1,2,1,940,gemini,2024,남성,3
3,1,1.0,2.0,2.0,3,4,4,4,4,4,4,4,3,3,3,3,2,3,3,3,4,4,4,4,3,4,3,4,1,1,1,1,1,2,1,941,gemini,2024,남성,3
3,1,1.0,2.0,2.0,2,3,3,3,4,4,4,4,3,3,3,3,2,3,3,3,4,4,4,4,3,3,3,4,1,1,1,1,1,2,1,942,gemini,2024,남성,3
3,1,1.0,4.0,2.0,2,3,4,3,4,4,4,4,3,2,3,3,2,3,3,3,4,4,4,4,3,4,3,4,1,1,1,1,1,2,1,943,gemini,2024,남성,3
3,1,1.0,2.0,2.0,3,4,4,4,4,4,4,4,3,3,3,3,2,3,3,3,4,4,4,4,3,4,3,4,1,1,1,1,1,2,1,944,gemini,2024,남성,3
3,1,1.0,2.0,2.0,3,4,4,4,4,4,4,4,3,3,3,3,2,3,3,3,4,4,4,4,3,3,3,4,1,1,1,1,1,2,1,945,gemini,2024,남성,3
3,1,1.0,2.0,2.0,3,3,4,3,4,4,4,4,3,3,3,3,2,3,3,3,4,4,4,4,3,3,3,4,1,1,1,1,1,2,1,946,gemini,2024,남성,3
3,1,1.0,2.0,2.0,3,4,4,3,4,4,4,4,3,3,3,3,2,3,3,3,4,4,4,4,3,4,3,4,1,1,1,1,1,2,1,947,gemini,2024,남성,3
3,1,1.0,2.0,2.0,3,4,4,4,4,4,4,4,3,3,3,3,2,3,3,3,4,4,4,4,3,3,3,4,1,1,1,1,1,2,1,948,gemini,2024,남성,3
3,1,1.0,2.0,2.0,2,3,3,3,4,4,4,4,3,2,3,3,2,3,3,3,4,4,4,4,3,3,3,4,1,1,1,1,1,2,1,949,gemini,2024,남성,3
3,1,1.0,2.0,2.0,3,4,4,3,4,4,4,4,3,3,3,3,2,3,3,3,4,4,4,4,3,3,3,4,1,1,1,1,1,2,1,950,gemini,2024,남성,3
3,1,1.0,2.0,2.0,2,3,3,3,4,4,4,4,3,2,3,3,2,3,3,3,4,4,4,4,3,3,3,4,1,1,1,1,1,2,1,951,gemini,2024,남성,3
3,1,1.0,2.0,2.0,3,3,4,3,4,4,4,4,3,2,3,3,2,3,3,3,4,4,4,4,3,3,3,4,1,1,1,1,1,2,1,952,gemini,2024,남성,3
3,1,1.0,2.0,2.0,3,4,4,3,4,4,4,4,3,3,3,3,2,3,3,3,4,4,4,4,3,3,3,4,1,1,1,1,1,2,1,953,gemini,2024,남성,3
3,1,1.0,2.0,2.0,3,4,4,3,4,4,4,4,3,3,3,3,2,3,3,3,4,4,4,4,3,3,3,4,1,1,1,1,1,2,1,954,gemini,2024,남성,3
3,1,1.0,2.0,2.0,2,3,3,3,4,4,4,4,3,2,2,3,2,3,3,3,4,4,4,4,3,3,3,4,1,1,1,1,1,2,1,955,gemini,2024,남성,3
3,1,1.0,2.0,2.0,3,4,4,3,4,4,4,4,3,3,3,3,2,3,3,3,4,4,4,4,3,3,3,4,1,1,1,1,1,2,1,956,gemini,2024,남성,3
3,1,1.0,2.0,2.0,2,3,3,3,4,4,4,4,3,2,2,3,2,3,3,3,4,4,4,4,3,3,3,4,1,1,1,1,1,2,1,957,gemini,2024,남성,3
3,1,1.0,4.0,2.0,3,4,4,4,4,4,4,4,3,3,3,3,2,3,3,3,4,4,4,4,3,4,3,4,1,1,1,1,1,2,1,958,gemini,2024,남성,3
3,1,1.0,4.0,2.0,2,3,3,3,4,4,4,4,3,2,2,3,2,3,3,3,4,4,4,4,3,3,3,4,1,1,1,1,1,2,1,959,gemini,2024,남성,3
3,1,1.0,2.0,2.0,2,3,4,3,4,4,4,4,3,2,3,3,2,3,3,3,4,4,4,4,3,3,3,4,1,1,1,1,1,2,1,960,gemini,2024,남성,3
3,1,1.0,2.0,2.0,3,4,4,3,4,4,4,4,3,3,3,3,2,3,3,3,4,4,4,4,3,3,3,4,1,1,1,1,1,2,1,961,gemini,2024,남성,3
3,1,1.0,2.0,2.0,3,4,4,3,4,4,4,4,3,3,3,3,2,3,3,3,4,4,4,4,3,3,3,4,1,1,1,1,1,2,1,962,gemini,2024,남성,3
3,1,1.0,2.0,2.0,3,4,4,3,4,4,4,4,3,3,3,3,2,3,3,3,4,4,4,4,3,3,3,4,1,1,1,1,1,2,1,963,gemini,2024,남성,3
3,1,1.0,2.0,2.0,3,4,4,3,4,4,4,4,3,3,3,3,2,3,3,3,4,4,4,4,3,3,3,4,1,1,1,1,1,2,1,964,gemini,2024,남성,3
3,1,1.0,2.0,2.0,3,4,4,4,4,4,4,4,3,3,3,3,2,3,3,3,4,4,4,4,3,3,3,4,1,1,1,1,1,2,1,965,gemini,2024,남성,3
3,1,1.0,2.0,2.0,3,4,4,3,4,4,4,4,3,3,3,3,2,3,3,3,4,4,4,4,3,3,3,4,1,1,1,1,1,2,1,966,gemini,2024,남성,3
3,1,1.0,2.0,2.0,3,4,4,3,4,4,4,4,3,3,3,3,2,3,3,3,4,4,4,4,3,3,3,4,1,1,1,1,1,2,1,967,gemini,2024,남성,3
3,1,1.0,2.0,2.0,3,4,4,3,4,4,4,4,3,3,3,3,2,3,3,3,4,4,4,4,3,3,3,4,1,1,1,1,1,2,1,968,gemini,2024,남성,3
3,1,1.0,2.0,2.0,3,4,4,4,4,4,4,4,3,3,3,3,2,4,3,3,4,4,4,4,3,4,3,4,1,1,1,1,1,2,1,969,gemini,2024,남성,3
3,1,1.0,2.0,2.0,3,4,4,3,4,4,4,4,3,3,3,3,2,3,3,3,4,4,4,4,3,3,3,4,1,1,1,1,1,1,1,970,gemini,2024,남성,3
3,1,1.0,2.0,2.0,3,4,4,4,4,4,4,4,3,3,3,3,2,3,3,3,4,4,4,4,3,3,3,4,1,1,1,1,1,2,1,971,gemini,2024,남성,3
3,1,1.0,2.0,2.0,3,4,4,3,5,4,4,4,3,3,3,3,2,3,3,3,4,4,4,4,3,4,3,4,1,1,1,1,1,2,1,972,gemini,2024,남성,3
3,1,1.0,2.0,2.0,3,4,4,4,4,4,4,4,3,3,3,3,2,3,3,3,4,4,4,4,3,3,3,4,1,1,1,1,1,2,1,973,gemini,2024,남성,3
3,1,1.0,2.0,2.0,2,3,4,3,4,4,4,4,3,2,2,3,2,3,3,3,4,4,4,4,3,4,3,4,1,1,1,1,1,2,1,974,gemini,2024,남성,3
3,1,1.0,2.0,2.0,3,4,4,3,4,4,4,4,3,3,3,3,2,3,3,3,4,4,4,4,3,4,3,4,1,1,1,1,1,2,1,975,gemini,2024,남성,3
3,1,1.0,2.0,2.0,3,4,4,3,4,4,4,4,3,3,3,3,2,3,3,3,4,4,4,4,3,4,3,4,1,1,1,1,1,2,1,976,gemini,2024,남성,3
3,1,1.0,2.0,2.0,3,4,4,3,4,4,4,4,3,3,3,3,2,3,3,3,4,4,4,4,3,3,3,4,1,1,1,1,1,2,1,977,gemini,2024,남성,3
3,1,1.0,2.0,2.0,3,4,4,4,4,4,4,4,3,3,3,3,2,3,3,3,4,4,4,4,3,3,3,4,1,1,1,1,1,2,1,978,gemini,2024,남성,3
3,1,1.0,2.0,2.0,3,4,4,3,4,4,4,4,3,3,3,3,2,3,3,3,4,4,4,4,3,3,3,4,1,1,1,1,1,2,1,979,gemini,2024,남성,3
3,1,1.0,2.0,2.0,3,4,4,3,4,4,4,4,3,3,3,3,2,3,3,3,4,4,4,4,3,4,3,4,1,1,1,1,1,2,1,980,gemini,2024,남성,3
3,1,1.0,2.0,2.0,3,4,4,3,4,4,4,4,3,2,3,3,2,3,3,3,4,4,4,4,3,4,3,4,1,1,1,1,1,2,1,981,gemini,2024,남성,3
3,1,1.0,2.0,2.0,3,4,4,3,4,4,4,4,3,3,3,3,2,3,3,3,4,4,4,4,3,4,3,4,1,1,1,1,1,2,1,982,gemini,2024,남성,3
3,1,1.0,2.0,2.0,3,4,4,4,4,4,4,4,3,3,3,3,2,3,3,3,4,4,4,4,3,4,3,4,1,1,1,1,1,2,1,983,gemini,2024,남성,3
3,1,1.0,2.0,2.0,2,3,3,3,4,4,4,4,3,2,3,3,2,3,3,3,4,4,4,4,3,3,3,4,1,1,1,1,1,1,1,984,gemini,2024,남성,3
3,1,1.0,2.0,2.0,3,4,4,3,4,4,4,4,3,3,3,3,2,3,3,3,4,4,4,4,3,3,3,4,1,1,1,1,1,2,1,985,gemini,2024,남성,3
3,1,1.0,2.0,2.0,3,4,4,3,4,4,4,4,3,3,3,3,2,3,3,3,4,4,4,4,3,3,3,4,1,1,1,1,1,2,1,986,gemini,2024,남성,3
3,1,1.0,2.0,2.0,2,3,3,3,4,4,4,4,3,2,2,3,2,3,3,3,4,4,4,4,3,3,3,4,1,1,1,1,1,2,1,987,gemini,2024,남성,3
3,1,1.0,2.0,2.0,3,4,4,4,4,4,4,4,3,3,3,3,2,3,3,3,4,4,4,4,3,3,3,4,1,1,1,1,1,2,1,988,gemini,2024,남성,3
3,1,1.0,2.0,2.0,3,4,4,3,4,4,4,4,3,3,3,3,2,3,3,3,4,4,4,4,3,3,3,4,1,1,1,1,1,2,1,989,gemini,2024,남성,3
3,1,1.0,2.0,2.0,3,4,4,4,4,4,4,4,3,3,3,3,2,3,3,3,4,4,4,4,3,4,3,4,1,1,1,1,1,2,1,990,gemini,2024,남성,3
3,1,1.0,2.0,2.0,3,4,4,4,4,4,4,4,3,3,3,3,2,3,3,3,4,4,4,4,3,3,3,4,1,1,1,1,1,2,1,991,gemini,2024,남성,3
3,1,1.0,2.0,2.0,2,3,3,3,4,4,4,4,3,3,3,3,2,3,3,3,4,4,4,4,3,3,3,4,1,1,1,1,1,2,1,992,gemini,2024,남성,3
3,1,1.0,2.0,2.0,3,4,4,3,5,4,4,4,3,3,3,3,2,3,4,3,4,4,4,4,3,3,3,4,1,1,1,1,1,2,1,993,gemini,2024,남성,3
3,1,1.0,2.0,2.0,3,4,4,3,4,4,4,4,3,3,3,3,2,3,3,3,4,4,4,4,3,3,3,4,1,1,1,1,1,2,1,994,gemini,2024,남성,3
3,1,1.0,2.0,2.0,2,3,3,3,4,4,4,4,3,2,2,3,2,3,3,3,4,4,4,4,3,3,3,4,1,1,1,1,1,2,1,995,gemini,2024,남성,3
3,1,1.0,2.0,2.0,3,4,4,3,4,4,4,4,3,3,3,3,2,3,3,3,4,4,4,4,3,3,3,4,1,1,1,1,1,2,1,996,gemini,2024,남성,3
3,1,1.0,2.0,2.0,3,4,4,3,4,4,4,4,3,3,3,3,2,3,3,3,4,4,4,4,3,3,3,4,1,1,1,1,1,2,1,997,gemini,2024,남성,3
3,1,1.0,2.0,2.0,3,4,4,3,4,4,4,4,3,3,3,3,2,3,3,3,4,4,4,4,3,3,3,4,1,1,1,1,1,1,1,998,gemini,2024,남성,3
3,1,1.0,2.0,2.0,3,4,4,3,4,4,4,4,3,3,3,3,2,3,3,3,4,4,4,4,3,4,3,4,1,1,1,1,1,2,1,999,gemini,2024,남성,3
3,1,1.0,2.0,2.0,2,3,3,3,4,4,4,4,3,2,2,3,2,3,3,3,4,4,4,4,3,3,3,4,1,1,1,1,1,2,1,1000,gemini,2024,남성,3
3,1,1.0,2.0,2.0,3,4,4,4,5,4,4,4,3,3,3,3,2,3,3,3,4,4,4,4,3,3,3,4,1,1,1,1,1,2,1,1001,gemini,2024,남성,3
3,1,1.0,2.0,2.0,3,4,4,3,4,4,4,4,3,3,3,3,2,3,3,3,4,4,4,4,3,3,3,4,1,1,1,1,1,2,1,1002,gemini,2024,남성,3
3,1,1.0,4.0,2.0,2,3,3,3,4,4,4,4,3,2,2,3,2,3,3,3,4,4,4,4,3,4,3,4,1,1,1,1,1,2,1,1003,gemini,2024,남성,3
3,1,1.0,4.0,2.0,3,4,4,4,4,4,4,4,3,3,3,3,2,3,3,3,4,4,4,4,3,4,3,4,1,1,1,1,1,2,1,1004,gemini,2024,남성,3
3,1,1.0,4.0,2.0,3,4,4,3,4,4,4,4,3,2,3,3,2,3,3,3,4,4,4,4,3,4,3,4,1,1,1,1,1,2,1,1005,gemini,2024,남성,3
3,1,1.0,2.0,2.0,3,4,4,4,4,4,4,4,3,3,3,3,2,3,3,3,4,4,4,4,3,4,3,4,1,1,1,1,1,2,1,1006,gemini,2024,남성,3
3,1,1.0,2.0,2.0,3,4,4,4,4,4,4,3,3,3,3,3,2,3,3,3,4,4,4,4,3,4,3,4,1,1,1,1,1,2,1,1007,gemini,2024,남성,3
3,1,1.0,2.0,2.0,3,4,4,3,4,4,4,4,3,2,3,3,2,3,3,3,4,4,4,4,3,3,3,4,1,1,1,1,1,2,1,1008,gemini,2024,남성,3
3,1,1.0,2.0,2.0,3,4,4,3,4,4,4,4,3,3,3,3,2,3,3,3,4,4,4,4,3,3,3,4,1,1,1,1,1,2,1,1009,gemini,2024,남성,3
3,1,1.0,2.0,2.0,3,4,4,3,4,4,4,4,3,3,3,3,2,3,3,3,4,4,4,4,3,3,3,4,1,1,1,1,1,2,1,1010,gemini,2024,남성,3
3,1,1.0,2.0,2.0,3,4,4,3,4,4,4,4,3,2,3,3,2,4,3,3,4,4,4,4,3,4,3,4,1,1,1,1,1,2,1,1011,gemini,2024,남성,3
3,1,1.0,2.0,2.0,3,4,4,3,4,4,4,4,3,3,3,3,2,3,3,3,4,4,4,4,3,3,3,4,1,1,1,1,1,2,1,1012,gemini,2024,남성,3
3,1,1.0,2.0,2.0,3,4,4,3,4,4,4,4,3,3,3,3,2,3,3,3,4,4,4,4,3,3,3,4,1,1,1,1,1,2,1,1013,gemini,2024,남성,3
3,1,1.0,2.0,2.0,3,4,4,4,4,4,4,4,3,3,3,3,2,3,3,3,4,4,4,4,3,3,3,4,1,1,1,1,1,2,1,1014,gemini,2024,남성,3
3,1,1.0,2.0,2.0,3,4,4,3,4,4,4,4,3,3,3,3,2,3,3,3,4,4,4,4,3,3,3,4,1,1,1,1,1,2,1,1015,gemini,2024,남성,3
3,1,1.0,4.0,2.0,3,4,4,4,4,4,4,4,3,3,3,3,2,3,3,3,4,4,4,4,3,4,3,4,1,1,1,1,1,2,1,1016,gemini,2024,남성,3
3,1,1.0,2.0,2.0,3,4,4,3,4,4,4,4,3,3,3,3,2,3,3,3,4,4,4,4,3,3,3,4,1,1,1,1,1,2,1,1017,gemini,2024,남성,3
3,1,1.0,2.0,2.0,3,4,4,3,4,4,4,4,3,3,3,3,2,4,4,3,4,4,4,4,3,4,3,4,1,1,1,1,1,2,1,1018,gemini,2024,남성,3
3,1,1.0,2.0,2.0,3,4,4,4,4,4,4,4,3,3,3,3,2,3,3,3,4,4,4,4,3,3,3,4,1,1,1,1,1,2,1,1019,gemini,2024,남성,3
3,1,1.0,2.0,2.0,3,4,4,3,4,4,4,4,3,3,3,3,2,3,3,3,4,4,4,4,3,4,3,4,1,1,1,1,1,2,1,1020,gemini,2024,남성,3
3,1,1.0,2.0,2.0,2,3,3,3,4,4,4,3,2,2,2,2,2,3,3,3,4,4,4,4,3,3,3,4,1,1,1,1,1,2,1,1021,gemini,2024,남성,3
3,1,1.0,2.0,2.0,3,4,4,4,4,4,4,4,3,3,3,3,2,3,3,3,4,4,4,4,3,4,3,4,1,1,1,1,1,2,1,1022,gemini,2024,남성,3
3,1,1.0,2.0,2.0,3,4,4,4,5,4,4,4,3,3,3,3,2,3,3,3,4,4,4,4,3,3,3,4,1,1,1,1,1,2,1,1023,gemini,2024,남성,3
3,1,1.0,2.0,2.0,3,4,4,3,4,4,4,4,3,3,3,3,2,3,3,3,4,4,4,4,3,4,3,4,1,1,1,1,1,2,1,1024,gemini,2024,남성,3
3,1,1.0,2.0,2.0,3,4,4,4,4,4,4,4,3,3,3,3,2,3,3,3,4,4,4,4,3,3,3,4,1,1,1,1,1,2,1,1025,gemini,2024,남성,3
3,1,1.0,2.0,2.0,3,4,4,4,4,4,4,4,3,3,3,3,2,3,3,3,4,4,4,4,3,3,3,4,1,1,1,1,1,2,1,1026,gemini,2024,남성,3
3,1,1.0,2.0,2.0,3,4,4,3,4,4,4,4,3,3,3,3,2,3,3,3,4,4,4,4,3,4,3,4,1,1,1,1,1,2,1,1027,gemini,2024,남성,3
3,1,1.0,2.0,2.0,3,4,4,3,4,4,4,4,3,3,3,3,2,3,3,3,4,4,4,4,3,4,3,4,1,1,1,1,1,2,1,1028,gemini,2024,남성,3
3,1,1.0,2.0,2.0,3,4,4,3,4,4,4,4,3,3,3,3,2,3,3,3,4,4,4,4,3,4,3,4,1,1,1,1,1,2,1,1029,gemini,2024,남성,3
3,1,1.0,2.0,2.0,3,3,4,3,4,4,4,4,3,3,3,3,2,3,3,3,4,4,4,4,3,4,3,4,1,1,1,1,1,2,1,1030,gemini,2024,남성,3
3,1,1.0,2.0,2.0,3,4,4,3,4,4,4,4,3,3,3,3,2,3,3,3,4,4,4,4,3,3,3,4,1,1,1,1,1,2,1,1031,gemini,2024,남성,3
3,1,1.0,2.0,2.0,3,4,4,4,4,4,4,4,3,3,3,3,2,3,3,3,4,4,4,4,3,3,3,4,1,1,1,1,1,2,1,1032,gemini,2024,남성,3
3,1,1.0,2.0,2.0,3,4,4,3,4,4,4,4,3,2,3,3,2,3,3,3,4,4,4,4,3,4,3,4,1,1,1,1,1,2,1,1033,gemini,2024,남성,3
3,1,1.0,2.0,2.0,3,4,4,4,4,4,4,4,3,3,3,3,2,3,3,3,4,4,4,4,3,3,3,4,1,1,1,1,1,2,1,1034,gemini,2024,남성,3
3,1,1.0,2.0,2.0,3,4,4,4,4,4,4,4,3,3,3,3,2,3,3,3,4,4,4,4,3,4,3,4,1,1,1,1,1,2,1,1035,gemini,2024,남성,3
3,1,1.0,2.0,2.0,3,4,4,4,5,4,4,4,3,3,3,3,2,3,3,3,4,4,4,4,3,4,3,4,1,1,1,1,1,2,1,1036,gemini,2024,남성,3
3,1,1.0,2.0,2.0,3,4,4,4,5,4,5,4,3,3,3,3,2,3,3,3,5,5,4,4,3,4,4,4,1,1,1,1,1,2,1,1037,gemini,2024,남성,3
3,1,1.0,2.0,2.0,3,4,4,4,4,4,4,4,3,3,3,3,2,3,3,3,4,4,4,4,3,4,3,4,1,1,1,1,1,2,1,1038,gemini,2024,남성,3
3,1,1.0,4.0,2.0,3,4,4,4,4,4,4,4,3,3,3,3,2,3,3,3,4,4,4,4,3,4,3,4,1,1,1,1,1,2,1,1039,gemini,2024,남성,3
3,1,1.0,2.0,2.0,3,4,4,4,4,4,4,4,3,3,3,3,2,3,3,3,4,4,4,4,3,3,3,4,1,1,1,1,1,2,1,1040,gemini,2024,남성,3
3,1,1.0,2.0,2.0,3,4,4,3,4,4,4,4,3,3,3,3,2,4,3,3,4,4,4,4,3,4,4,4,1,1,1,1,1,2,1,1041,gemini,2024,남성,3
3,1,1.0,2.0,2.0,3,4,4,4,4,4,4,4,3,3,3,3,2,3,3,3,4,4,4,4,3,3,3,4,1,1,1,1,1,2,1,1042,gemini,2024,남성,3
3,1,1.0,4.0,2.0,3,4,4,3,4,4,4,4,3,2,3,3,2,3,3,3,4,4,4,4,3,4,3,4,1,1,1,1,1,2,1,1043,gemini,2024,남성,3
3,1,1.0,2.0,2.0,3,4,4,3,4,4,4,4,3,2,3,3,2,3,3,3,4,4,4,4,3,3,3,4,1,1,1,1,1,2,1,1044,gemini,2024,남성,3
3,1,1.0,4.0,2.0,2,3,4,3,4,4,4,4,3,3,3,3,2,3,3,3,4,4,4,4,3,4,3,4,1,1,1,1,1,2,1,1045,gemini,2024,남성,3
3,1,1.0,2.0,2.0,3,4,4,3,4,4,4,4,3,3,3,3,2,3,3,3,4,4,4,4,3,3,3,4,1,1,1,1,1,2,1,1046,gemini,2024,남성,3
3,1,1.0,4.0,2.0,3,4,4,3,4,4,4,4,3,3,3,3,2,3,3,3,4,4,4,4,3,4,3,4,1,1,1,1,1,2,1,1047,gemini,2024,남성,3
3,1,1.0,2.0,2.0,3,4,4,4,4,4,4,4,3,3,3,3,2,3,3,3,4,4,4,4,3,4,3,4,1,1,1,1,1,2,1,1048,gemini,2024,남성,3
3,1,1.0,2.0,2.0,2,3,4,3,4,4,4,4,3,3,3,3,2,3,3,3,4,4,4,4,3,4,3,4,1,1,1,1,1,2,1,1049,gemini,2024,남성,3
3,1,1.0,2.0,2.0,3,4,4,4,4,4,4,4,3,3,3,3,2,3,3,3,4,4,4,4,3,4,3,4,1,1,1,1,1,2,1,1050,gemini,2024,남성,3
3,1,1.0,2.0,2.0,3,4,4,3,4,4,4,4,3,3,3,3,2,3,3,3,4,4,4,4,3,4,3,4,1,1,1,1,1,2,1,1051,gemini,2024,남성,3
3,1,1.0,2.0,2.0,3,3,4,3,4,4,4,4,3,3,3,3,2,3,3,3,4,4,4,4,3,3,3,4,1,1,1,1,1,2,1,1052,gemini,2024,남성,3
3,1,1.0,2.0,2.0,2,3,3,3,4,4,4,4,3,2,3,3,2,3,3,3,4,4,4,4,3,4,3,4,1,1,1,1,1,1,1,1053,gemini,2024,남성,3
3,1,1.0,2.0,2.0,3,4,4,3,4,4,4,4,3,2,3,3,2,3,3,3,4,4,4,4,3,4,3,4,1,1,1,1,1,2,1,1054,gemini,2024,남성,3
3,1,1.0,2.0,2.0,2,3,3,3,4,4,4,4,3,2,2,2,2,3,3,3,4,4,4,4,3,3,3,4,1,1,1,1,1,2,1,1055,gemini,2024,남성,3
3,1,1.0,2.0,2.0,3,4,4,4,4,4,4,4,3,3,3,3,2,3,3,3,4,4,4,4,3,4,3,4,1,1,1,1,1,2,1,1056,gemini,2024,남성,3
3,1,1.0,2.0,2.0,3,4,4,3,5,4,4,4,3,3,3,3,2,3,3,3,4,4,4,4,3,3,3,4,1,1,1,1,1,2,1,1057,gemini,2024,남성,3
3,1,1.0,2.0,2.0,2,3,3,3,4,4,4,3,3,2,2,3,2,3,3,3,4,4,4,4,3,3,3,4,1,1,1,1,1,2,1,1058,gemini,2024,남성,3
3,1,1.0,2.0,2.0,2,3,3,3,4,4,4,4,3,2,3,3,2,4,3,3,4,4,4,4,3,4,3,4,1,1,1,1,1,2,1,1059,gemini,2024,남성,3
3,1,1.0,2.0,2.0,3,4,4,3,4,4,4,4,3,3,3,3,2,3,3,3,4,4,4,4,3,4,3,4,1,1,1,1,1,2,1,1060,gemini,2024,남성,3
3,1,1.0,2.0,2.0,2,3,3,3,4,4,4,3,3,2,2,3,2,3,3,3,4,4,4,4,3,3,3,4,1,1,1,1,1,2,1,1061,gemini,2024,남성,3
3,1,1.0,2.0,2.0,2,3,3,3,4,4,4,4,3,2,3,3,2,3,3,3,4,4,4,4,3,4,3,4,1,1,1,1,1,2,1,1062,gemini,2024,남성,3
3,1,1.0,2.0,2.0,3,4,4,4,4,4,4,4,3,3,3,3,2,3,3,3,4,4,4,4,3,4,3,4,1,1,1,1,1,2,1,1063,gemini,2024,남성,3
3,1,1.0,2.0,2.0,3,4,4,3,4,4,4,4,3,3,3,3,2,3,3,3,4,4,4,4,3,3,3,4,1,1,1,1,1,2,1,1064,gemini,2024,남성,3
3,1,1.0,2.0,2.0,2,3,3,3,4,4,4,4,3,2,2,3,2,3,3,3,4,4,4,4,3,4,3,4,1,1,1,1,1,2,1,1065,gemini,2024,남성,3
3,1,1.0,2.0,2.0,3,4,4,3,4,4,4,4,3,3,3,3,2,3,3,3,4,4,4,4,3,3,3,4,1,1,1,1,1,2,1,1066,gemini,2024,남성,3
3,1,1.0,2.0,2.0,2,3,3,3,4,4,4,4,3,2,2,3,2,3,3,3,4,4,4,4,3,4,3,4,1,1,1,1,1,2,1,1067,gemini,2024,남성,3
3,1,1.0,2.0,2.0,3,4,4,4,4,4,4,4,3,3,3,3,2,3,3,3,4,4,4,4,3,3,3,4,1,1,1,1,1,2,1,1068,gemini,2024,남성,3
3,1,1.0,2.0,2.0,3,4,4,4,5,4,4,4,3,3,3,3,2,4,4,3,4,4,4,4,3,4,3,4,1,1,1,1,1,2,1,1069,gemini,2024,남성,3
3,1,1.0,2.0,2.0,3,4,4,3,4,4,4,4,3,3,3,3,2,3,3,3,4,4,4,4,3,4,3,4,1,1,1,1,1,2,1,1070,gemini,2024,남성,3
3,1,1.0,2.0,2.0,3,4,4,4,4,4,4,4,3,3,3,3,2,3,3,3,4,4,4,4,3,3,3,4,1,1,1,1,1,2,1,1071,gemini,2024,남성,3
3,1,1.0,2.0,2.0,3,4,4,4,5,4,4,4,3,3,3,3,2,3,3,3,4,4,4,4,3,3,3,4,1,1,1,1,1,2,1,1072,gemini,2024,남성,3
3,1,1.0,2.0,2.0,3,4,4,3,4,4,4,4,3,3,3,3,2,3,3,3,4,4,4,4,3,3,3,4,1,1,1,1,1,2,1,1073,gemini,2024,남성,3
3,1,1.0,2.0,2.0,3,4,4,3,4,4,4,4,3,3,3,3,2,3,3,3,4,4,4,4,3,4,3,4,1,1,1,1,1,2,1,1074,gemini,2024,남성,3
3,1,1.0,2.0,2.0,3,3,4,3,4,4,4,4,3,3,3,3,2,3,3,3,4,4,4,4,3,3,3,4,1,1,1,1,1,2,1,1075,gemini,2024,남성,3
3,1,1.0,2.0,2.0,3,4,4,3,4,4,4,4,3,3,3,3,2,3,3,3,4,4,4,4,3,4,3,4,1,1,1,1,1,2,1,1076,gemini,2024,남성,3
3,1,1.0,2.0,2.0,2,3,4,3,4,4,4,3,3,3,3,3,2,3,3,3,4,4,4,4,3,4,3,4,1,1,1,1,1,2,1,1077,gemini,2024,남성,3
3,1,1.0,1.0,1.0,3,4,4,4,4,3,4,4,3,3,3,3,2,3,3,3,4,4,4,4,3,4,3,4,1,1,1,1,1,2,1,1078,gemini,2024,남성,4
3,1,1.0,1.0,2.0,3,4,4,4,4,3,4,4,3,2,2,3,2,3,3,3,4,4,4,4,3,3,3,4,1,1,1,1,1,2,1,1079,gemini,2024,남성,4
3,1,1.0,1.0,1.0,3,4,4,4,4,3,4,4,3,2,2,3,2,3,3,3,4,4,4,4,3,4,3,4,1,1,1,1,1,2,1,1080,gemini,2024,남성,4
3,1,1.0,1.0,2.0,3,4,4,4,4,4,4,4,3,3,3,3,2,3,3,3,4,4,4,4,3,4,3,4,1,1,1,1,1,2,1,1081,gemini,2024,남성,4
3,1,1.0,1.0,1.0,3,4,4,4,4,4,4,4,3,3,3,3,2,3,3,3,4,4,4,4,3,4,3,4,1,1,1,1,1,2,1,1082,gemini,2024,남성,4
3,1,1.0,1.0,2.0,3,4,4,4,4,4,4,4,3,2,3,3,2,4,3,3,4,4,4,4,3,4,3,4,1,1,1,1,1,2,1,1083,gemini,2024,남성,4
3,1,1.0,1.0,2.0,3,4,4,4,4,3,4,4,3,3,3,3,2,3,3,3,4,4,4,4,3,4,3,4,1,1,1,1,1,2,1,1084,gemini,2024,남성,4
3,1,1.0,1.0,2.0,3,4,4,4,4,3,4,3,2,2,2,3,2,3,3,3,4,4,4,4,3,4,3,4,1,1,1,1,1,2,1,1085,gemini,2024,남성,4
3,1,1.0,1.0,1.0,3,4,4,4,4,3,4,3,2,2,2,2,2,3,3,3,4,4,4,4,3,3,3,4,1,1,1,1,1,2,1,1086,gemini,2024,남성,4
3,1,1.0,1.0,1.0,3,4,4,4,4,3,4,4,3,2,3,3,2,3,3,3,4,4,4,4,3,4,3,4,1,1,1,1,1,2,1,1087,gemini,2024,남성,4
3,1,1.0,1.0,2.0,3,4,4,4,4,3,4,4,3,3,3,3,2,3,3,3,4,4,4,4,3,4,3,4,1,1,1,1,1,2,1,1088,gemini,2024,남성,4
3,1,1.0,1.0,2.0,3,4,4,4,4,4,4,4,3,3,3,3,2,3,3,3,4,4,4,4,3,4,3,4,1,1,1,1,1,2,1,1089,gemini,2024,남성,4
3,1,1.0,1.0,2.0,3,4,4,4,4,3,4,4,3,2,3,3,2,4,3,3,4,4,4,4,3,4,3,4,1,1,1,1,1,2,1,1090,gemini,2024,남성,4
3,1,1.0,1.0,1.0,3,4,4,4,4,3,4,4,3,3,3,3,2,3,3,3,4,4,4,4,3,4,3,4,1,1,1,1,1,2,1,1091,gemini,2024,남성,4
3,1,1.0,1.0,1.0,3,4,4,4,4,3,4,3,2,2,2,3,2,3,3,3,4,4,4,4,3,4,3,4,1,1,1,1,1,2,1,1092,gemini,2024,남성,4
3,1,1.0,1.0,2.0,3,4,4,4,4,4,4,4,3,3,3,3,2,3,4,3,4,4,4,4,3,4,3,4,1,1,1,1,1,2,1,1093,gemini,2024,남성,4
3,1,1.0,1.0,2.0,3,4,4,4,4,4,4,4,3,3,3,3,2,3,3,3,4,4,4,4,3,4,3,4,1,1,1,1,1,2,1,1094,gemini,2024,남성,4
3,1,1.0,1.0,1.0,3,4,4,4,4,3,4,4,3,3,3,3,2,3,3,3,4,4,4,4,3,4,3,4,1,1,1,1,1,2,1,1095,gemini,2024,남성,4
3,1,1.0,1.0,2.0,3,4,4,4,4,3,4,4,3,2,3,3,2,4,3,3,4,4,4,4,3,4,3,4,1,1,1,1,1,2,1,1096,gemini,2024,남성,4
3,1,1.0,1.0,1.0,3,4,4,4,4,3,4,4,3,3,3,3,2,3,3,3,4,4,4,4,3,4,3,4,1,1,1,1,1,2,1,1097,gemini,2024,남성,4
3,1,1.0,1.0,1.0,3,4,4,4,4,4,4,4,3,3,3,3,2,3,3,3,4,4,4,4,3,4,4,4,1,1,1,1,1,2,1,1098,gemini,2024,남성,4
3,1,1.0,1.0,2.0,3,4,4,4,4,4,4,4,3,3,3,3,2,3,3,3,4,4,4,4,3,4,3,4,1,1,1,1,1,2,1,1099,gemini,2024,남성,4
3,1,1.0,1.0,2.0,3,4,4,4,4,4,4,4,3,2,3,3,2,3,3,3,4,4,4,4,3,4,3,4,1,1,1,1,1,2,1,1100,gemini,2024,남성,4
3,1,1.0,1.0,2.0,3,4,4,4,4,3,4,4,3,3,3,3,2,3,3,3,4,4,4,4,3,4,4,4,1,1,1,1,1,2,1,1101,gemini,2024,남성,4
3,1,1.0,1.0,1.0,3,4,4,4,4,3,4,3,2,2,2,3,2,3,3,3,4,4,4,4,3,4,3,4,1,1,1,1,1,2,1,1102,gemini,2024,남성,4
3,1,1.0,1.0,1.0,3,4,4,4,4,3,4,4,3,3,3,3,2,3,3,3,4,4,4,4,3,4,3,4,1,1,1,1,1,2,1,1103,gemini,2024,남성,4
3,1,1.0,1.0,1.0,3,4,4,4,4,3,4,4,3,3,3,3,2,4,4,3,4,4,4,4,3,4,3,4,1,1,1,1,1,2,1,1104,gemini,2024,남성,4
3,1,1.0,1.0,1.0,3,4,4,4,4,4,4,4,3,2,3,3,2,3,3,3,4,4,4,4,3,4,3,4,1,1,1,1,1,2,1,1105,gemini,2024,남성,4
3,1,1.0,1.0,1.0,3,4,4,4,4,3,4,3,2,2,2,3,2,3,3,3,4,4,4,4,3,4,3,4,1,1,1,1,1,2,1,1106,gemini,2024,남성,4
3,1,1.0,1.0,2.0,3,4,4,4,4,4,4,4,3,3,3,3,2,3,3,3,4,4,4,4,3,4,3,4,1,1,1,1,1,2,1,1107,gemini,2024,남성,4
3,1,1.0,1.0,2.0,3,4,4,4,4,3,4,4,3,2,3,3,2,4,4,3,4,4,4,4,3,4,3,4,1,1,1,1,1,2,1,1108,gemini,2024,남성,4
3,1,1.0,1.0,2.0,3,4,4,4,4,3,4,4,3,3,3,3,2,3,3,3,4,4,4,4,3,4,3,4,1,1,1,1,1,1,1,1109,gemini,2024,남성,4
3,1,1.0,1.0,2.0,3,4,4,4,4,3,4,4,3,2,3,3,2,3,3,3,4,4,4,4,3,4,3,4,1,1,1,1,1,2,1,1110,gemini,2024,남성,4
3,1,1.0,1.0,1.0,2,4,4,4,4,3,4,4,2,2,2,3,2,4,3,3,4,4,4,4,3,4,3,4,1,1,1,1,1,2,1,1111,gemini,2024,남성,4
3,1,1.0,1.0,2.0,3,4,4,4,4,3,4,4,2,2,2,3,2,3,3,3,4,4,4,4,3,4,3,4,1,1,1,1,1,2,1,1112,gemini,2024,남성,4
3,1,1.0,1.0,1.0,3,4,4,4,4,3,4,4,3,3,3,3,2,3,4,3,4,4,4,4,3,4,3,4,1,1,1,1,1,2,1,1113,gemini,2024,남성,4
3,1,1.0,1.0,2.0,3,4,4,4,4,4,4,4,3,3,3,3,2,3,3,3,4,4,4,4,3,4,3,4,1,1,1,1,1,2,1,1114,gemini,2024,남성,4
3,1,1.0,1.0,1.0,3,4,4,4,4,3,4,4,3,2,2,3,2,3,3,3,4,4,4,4,3,4,3,4,1,1,1,1,1,2,1,1115,gemini,2024,남성,4
3,1,1.0,1.0,2.0,3,4,4,4,4,4,4,4,3,2,3,3,2,3,3,3,4,4,4,4,3,4,3,4,1,1,1,1,1,2,1,1116,gemini,2024,남성,4
3,1,1.0,1.0,1.0,3,4,4,4,4,4,4,4,3,3,3,3,2,3,3,3,4,4,4,4,3,4,3,4,1,1,1,1,1,2,1,1117,gemini,2024,남성,4
3,1,1.0,1.0,1.0,3,4,4,4,4,3,4,4,3,3,3,3,2,3,3,3,4,4,4,4,3,4,3,4,1,1,1,1,1,2,1,1118,gemini,2024,남성,4
3,1,1.0,1.0,1.0,3,4,4,4,4,4,4,4,3,3,3,3,2,3,3,3,4,4,4,4,3,4,3,4,1,1,1,1,1,2,1,1119,gemini,2024,남성,4
3,1,1.0,1.0,1.0,3,4,4,4,4,3,4,4,2,2,2,3,2,3,3,3,4,4,4,4,3,4,3,4,1,1,1,1,1,2,1,1120,gemini,2024,남성,4
3,1,1.0,1.0,2.0,3,4,4,4,4,3,4,4,3,2,3,3,2,3,3,3,4,4,4,4,3,4,3,4,1,1,1,1,1,2,1,1121,gemini,2024,남성,4
3,1,1.0,1.0,1.0,3,4,4,4,4,3,4,4,3,3,3,3,2,3,3,3,4,4,4,4,3,4,3,4,1,1,1,1,1,2,1,1122,gemini,2024,남성,4
3,1,1.0,1.0,2.0,3,4,4,4,4,4,4,4,3,3,3,3,2,3,3,3,4,4,4,4,3,4,3,4,1,1,1,1,1,2,1,1123,gemini,2024,남성,4
3,1,1.0,1.0,1.0,3,4,4,4,4,4,4,4,3,3,3,3,2,3,4,3,4,4,4,4,3,4,3,4,1,1,1,1,1,2,1,1124,gemini,2024,남성,4
3,1,1.0,1.0,1.0,3,4,4,4,4,3,4,4,3,3,3,3,2,3,3,3,4,4,4,4,3,4,3,4,1,1,1,1,1,2,1,1125,gemini,2024,남성,4
3,1,1.0,1.0,2.0,3,4,4,4,4,3,4,4,3,3,3,3,2,3,3,3,4,4,4,4,3,4,3,4,1,1,1,1,1,2,1,1126,gemini,2024,남성,4
3,1,1.0,1.0,1.0,3,4,4,4,4,3,4,4,3,3,3,3,2,3,3,3,4,4,4,4,3,4,3,4,1,1,1,1,1,2,1,1127,gemini,2024,남성,4
3,1,1.0,1.0,2.0,3,4,4,4,4,4,4,4,3,3,3,3,2,3,3,3,4,4,4,4,3,4,3,4,1,1,1,1,1,2,1,1128,gemini,2024,남성,4
3,1,1.0,1.0,1.0,3,4,4,4,4,4,4,4,3,3,3,3,2,3,3,3,4,4,4,4,3,4,3,4,1,1,1,1,1,2,1,1129,gemini,2024,남성,4
3,1,1.0,1.0,1.0,3,4,4,4,4,3,4,4,3,3,3,3,2,3,4,3,4,4,4,4,3,4,3,4,1,1,1,1,1,2,1,1130,gemini,2024,남성,4
3,1,1.0,1.0,1.0,3,4,4,4,4,4,4,4,3,2,3,3,2,4,4,3,4,4,4,4,3,4,4,4,1,1,1,1,1,2,1,1131,gemini,2024,남성,4
3,1,1.0,1.0,1.0,3,4,4,4,4,3,4,4,3,3,3,3,2,3,4,3,4,4,4,4,3,4,3,4,1,1,1,1,1,2,1,1132,gemini,2024,남성,4
3,1,1.0,1.0,2.0,3,4,4,4,4,4,4,3,2,2,2,2,2,3,3,3,4,4,4,4,3,3,3,4,1,1,1,1,1,2,1,1133,gemini,2024,남성,4
3,1,1.0,1.0,1.0,3,4,4,4,4,3,4,4,3,3,3,3,2,3,3,3,4,4,4,4,3,4,3,4,1,1,1,1,1,2,1,1134,gemini,2024,남성,4
3,1,1.0,1.0,2.0,3,4,4,4,4,3,4,4,3,2,3,3,2,3,3,3,4,4,4,4,3,4,3,4,1,1,1,1,1,2,1,1135,gemini,2024,남성,4
3,1,1.0,1.0,1.0,3,4,4,4,4,3,4,4,3,3,3,3,2,3,3,3,4,4,4,4,3,4,3,4,1,1,1,1,1,2,1,1136,gemini,2024,남성,4
3,1,1.0,1.0,1.0,3,4,4,4,4,3,4,4,3,3,3,3,2,3,3,3,4,4,4,4,3,4,3,4,1,1,1,1,1,2,1,1137,gemini,2024,남성,4
3,1,1.0,1.0,2.0,3,4,4,4,4,3,4,4,3,2,3,3,2,3,3,3,4,4,4,4,3,4,3,4,1,1,1,1,1,2,1,1138,gemini,2024,남성,4
3,1,1.0,1.0,1.0,3,4,4,4,4,4,4,4,3,3,3,3,2,3,3,3,4,4,4,4,3,4,4,4,1,1,1,1,1,2,1,1139,gemini,2024,남성,4
3,1,1.0,1.0,1.0,3,4,4,4,4,4,4,4,3,3,3,3,3,4,4,3,4,4,4,4,3,4,3,4,1,1,1,1,1,2,1,1140,gemini,2024,남성,4
3,1,1.0,1.0,1.0,3,4,4,4,4,3,4,3,2,2,2,3,2,4,3,3,4,4,4,4,3,3,3,4,1,1,1,1,1,2,1,1141,gemini,2024,남성,4
3,1,1.0,1.0,1.0,3,4,4,4,4,3,4,3,2,2,2,3,2,3,3,3,4,4,4,4,3,4,3,4,1,1,1,1,1,2,1,1142,gemini,2024,남성,4
3,1,1.0,1.0,2.0,3,4,4,4,4,4,4,4,3,3,3,3,2,3,3,3,4,4,4,4,3,4,3,4,1,1,1,1,1,2,1,1143,gemini,2024,남성,4
3,1,1.0,1.0,2.0,3,4,4,4,4,3,4,4,3,3,3,3,2,3,3,3,4,4,4,4,3,4,3,4,1,1,1,1,1,2,1,1144,gemini,2024,남성,4
3,1,1.0,1.0,1.0,3,4,4,4,4,3,4,4,2,2,2,3,2,3,3,3,4,4,4,4,3,4,3,4,1,1,1,1,1,2,1,1145,gemini,2024,남성,4
3,1,1.0,1.0,2.0,3,4,4,4,4,3,4,4,3,3,3,3,2,3,3,3,4,4,4,4,3,4,3,4,1,1,1,1,1,2,1,1146,gemini,2024,남성,4
3,1,1.0,1.0,1.0,3,4,4,4,4,3,4,4,3,2,2,3,2,3,3,3,4,4,4,4,3,4,3,4,1,1,1,1,1,2,1,1147,gemini,2024,남성,4
3,1,1.0,1.0,1.0,3,4,4,4,4,3,4,4,3,3,3,3,2,3,3,3,4,4,4,4,3,4,3,4,1,1,1,1,1,2,1,1148,gemini,2024,남성,4
3,1,1.0,1.0,2.0,3,4,4,4,4,4,4,4,3,3,3,3,2,3,3,3,4,4,4,4,3,4,4,4,1,1,1,1,1,2,1,1149,gemini,2024,남성,4
3,1,1.0,1.0,1.0,3,4,4,4,4,3,4,4,3,3,3,3,2,3,3,3,4,4,4,4,3,4,3,4,1,1,1,1,1,2,1,1150,gemini,2024,남성,4
3,1,1.0,1.0,2.0,3,4,4,4,4,3,4,4,3,3,3,3,2,3,3,3,4,4,4,4,3,4,3,4,1,1,1,1,1,2,1,1151,gemini,2024,남성,4
3,1,1.0,1.0,2.0,3,4,4,4,4,4,4,4,3,3,3,3,2,3,3,3,4,4,4,4,3,4,3,4,1,1,1,1,1,2,1,1152,gemini,2024,남성,4
3,1,1.0,1.0,2.0,3,4,4,4,4,3,4,4,3,2,2,3,2,3,3,3,4,4,4,4,3,4,3,4,1,1,1,1,1,2,1,1153,gemini,2024,남성,4
3,1,1.0,1.0,1.0,3,4,4,4,4,3,4,4,3,3,3,3,2,3,3,3,4,4,4,4,3,4,3,4,1,1,1,1,1,2,1,1154,gemini,2024,남성,4
3,1,1.0,1.0,1.0,3,4,4,4,4,4,4,4,3,2,3,3,2,4,4,3,4,4,4,4,3,4,3,4,1,1,1,1,1,2,1,1155,gemini,2024,남성,4
3,1,1.0,1.0,1.0,3,4,4,4,4,3,4,4,3,3,3,3,2,4,4,3,4,4,4,4,3,4,3,4,1,1,1,1,1,2,1,1156,gemini,2024,남성,4
3,1,1.0,1.0,1.0,3,4,4,4,4,3,4,4,3,3,3,3,2,3,3,3,4,4,4,4,3,4,3,4,1,1,1,1,1,2,1,1157,gemini,2024,남성,4
3,1,1.0,1.0,1.0,3,4,4,4,4,3,4,4,3,2,2,3,2,3,4,3,4,4,4,4,3,4,3,4,1,1,1,1,1,2,1,1158,gemini,2024,남성,4
3,1,1.0,1.0,2.0,3,4,4,4,4,4,4,4,3,3,3,3,2,3,3,3,4,4,4,4,3,4,3,4,1,1,1,1,1,2,1,1159,gemini,2024,남성,4
3,1,1.0,1.0,1.0,3,4,4,4,4,3,4,4,2,2,2,3,2,3,3,3,4,4,4,4,3,4,3,4,1,1,1,1,1,2,1,1160,gemini,2024,남성,4
3,1,1.0,1.0,1.0,3,4,4,4,4,3,4,4,3,3,3,3,2,3,3,3,4,4,4,4,3,4,3,4,1,1,1,1,1,2,1,1161,gemini,2024,남성,4
3,1,1.0,1.0,1.0,3,4,4,4,4,3,4,4,3,3,3,3,2,3,3,3,4,4,4,4,3,4,3,4,1,1,1,1,1,2,1,1162,gemini,2024,남성,4
3,1,1.0,1.0,2.0,3,4,4,4,4,4,4,4,3,2,3,3,2,4,4,3,4,4,4,4,3,4,3,4,1,1,1,1,1,2,1,1163,gemini,2024,남성,4
3,1,1.0,1.0,2.0,3,4,4,4,4,3,4,4,3,3,3,3,2,3,3,3,4,4,4,4,3,4,3,4,1,1,1,1,1,2,1,1164,gemini,2024,남성,4
3,1,1.0,1.0,1.0,3,4,4,4,4,3,4,3,2,2,2,3,2,3,3,3,4,4,4,4,3,4,3,4,1,1,1,1,1,2,1,1165,gemini,2024,남성,4
3,1,1.0,1.0,2.0,3,4,4,4,4,4,4,4,3,2,3,3,2,4,3,3,4,4,4,4,3,4,3,4,1,1,1,1,1,2,1,1166,gemini,2024,남성,4
3,1,1.0,1.0,2.0,3,4,4,4,4,3,4,4,3,2,3,3,2,3,3,3,4,4,4,4,3,4,3,4,1,1,1,1,1,2,1,1167,gemini,2024,남성,4
3,1,1.0,1.0,2.0,3,4,4,4,4,3,4,4,3,2,2,3,2,3,3,3,4,4,4,4,3,3,3,4,1,1,1,1,1,2,1,1168,gemini,2024,남성,4
3,1,1.0,1.0,2.0,3,4,4,4,4,4,4,4,3,3,3,3,2,3,3,3,4,4,4,4,3,4,3,4,1,1,1,1,1,2,1,1169,gemini,2024,남성,4
3,1,1.0,1.0,1.0,3,4,4,4,4,3,4,4,3,3,3,3,2,4,4,3,4,4,4,4,3,4,3,4,1,1,1,1,1,2,1,1170,gemini,2024,남성,4
3,1,1.0,1.0,1.0,3,4,4,4,4,4,4,4,3,3,3,3,2,3,4,3,4,4,4,4,3,4,3,4,1,1,1,1,1,2,1,1171,gemini,2024,남성,4
3,1,1.0,1.0,1.0,3,4,4,4,4,3,4,4,3,3,3,3,2,3,3,3,4,4,4,4,3,4,3,4,1,1,1,1,1,2,1,1172,gemini,2024,남성,4
3,1,1.0,1.0,1.0,3,4,4,4,4,3,4,4,3,3,3,3,2,3,3,3,4,4,4,4,3,4,3,4,1,1,1,1,1,2,1,1173,gemini,2024,남성,4
3,1,1.0,1.0,2.0,3,4,4,4,4,3,4,3,2,2,2,3,2,3,3,3,4,4,4,4,3,4,3,4,1,1,1,1,1,2,1,1174,gemini,2024,남성,4
3,1,1.0,1.0,2.0,3,4,4,4,4,3,4,4,3,2,3,3,2,3,3,3,4,4,4,4,3,4,3,4,1,1,1,1,1,2,1,1175,gemini,2024,남성,4
3,1,1.0,1.0,1.0,3,4,4,4,4,3,4,4,3,3,3,3,2,3,3,3,4,4,4,4,3,4,3,4,1,1,1,1,1,2,1,1176,gemini,2024,남성,4
3,1,1.0,1.0,2.0,3,4,4,4,4,4,4,4,3,3,3,3,2,3,3,3,4,4,4,4,3,4,4,4,1,1,1,1,1,2,1,1177,gemini,2024,남성,4
3,1,1.0,1.0,2.0,3,4,4,4,4,3,4,4,3,2,3,3,2,3,3,3,4,4,4,4,3,4,3,4,1,1,1,1,1,2,1,1178,gemini,2024,남성,4
3,1,1.0,1.0,1.0,3,4,4,4,4,3,4,4,3,3,3,3,2,3,3,3,4,4,4,4,3,4,3,4,1,1,1,1,1,2,1,1179,gemini,2024,남성,4
3,1,1.0,1.0,2.0,3,4,4,4,4,4,4,4,3,3,3,3,2,3,3,3,4,4,4,4,3,4,3,4,1,1,1,1,1,2,1,1180,gemini,2024,남성,4
3,1,1.0,1.0,1.0,3,4,4,4,4,3,4,3,2,2,2,3,2,3,3,3,4,4,4,4,3,4,3,4,1,1,1,1,1,2,1,1181,gemini,2024,남성,4
3,1,1.0,1.0,2.0,3,4,4,4,4,3,4,4,3,2,3,3,2,3,3,3,4,4,4,4,3,4,3,4,1,1,1,1,1,2,1,1182,gemini,2024,남성,4
3,1,1.0,1.0,2.0,3,4,4,4,4,4,4,4,3,2,3,3,2,3,3,3,4,4,4,4,3,4,3,4,1,1,1,1,1,2,1,1183,gemini,2024,남성,4
3,1,1.0,1.0,1.0,3,4,4,4,4,3,4,3,2,2,2,3,2,3,3,3,4,4,4,4,3,4,3,4,1,1,1,1,1,2,1,1184,gemini,2024,남성,4
3,1,1.0,1.0,1.0,3,4,4,4,4,3,4,4,2,2,2,3,2,3,3,3,4,4,4,4,3,4,3,4,1,1,1,1,1,2,1,1185,gemini,2024,남성,4
3,1,1.0,1.0,1.0,3,4,4,4,4,3,4,4,3,3,3,3,2,3,4,3,4,4,4,4,3,4,3,4,1,1,1,1,1,2,1,1186,gemini,2024,남성,4
3,1,1.0,1.0,1.0,3,4,4,4,4,4,4,4,3,3,3,3,2,3,3,3,4,4,4,4,3,4,3,4,1,1,1,1,1,2,1,1187,gemini,2024,남성,4
3,1,1.0,1.0,1.0,3,4,4,4,4,3,4,3,2,2,2,3,2,3,3,3,4,4,4,4,3,4,3,4,1,1,1,1,1,2,1,1188,gemini,2024,남성,4
3,1,1.0,1.0,1.0,3,4,4,4,4,3,4,4,3,3,3,3,2,3,3,3,4,4,4,4,3,4,3,4,1,1,1,1,1,2,1,1189,gemini,2024,남성,4
3,1,1.0,1.0,1.0,3,4,4,4,4,3,4,4,3,2,2,3,2,3,3,3,4,4,4,4,3,4,3,4,1,1,1,1,1,2,1,1190,gemini,2024,남성,4
3,1,1.0,1.0,1.0,3,4,4,4,4,3,4,3,2,3,3,3,2,3,3,3,4,4,4,4,3,4,3,4,1,1,1,1,1,2,1,1191,gemini,2024,남성,4
3,1,1.0,1.0,2.0,3,4,4,4,4,3,4,4,3,3,3,3,2,3,3,3,4,4,4,4,3,4,3,4,1,1,1,1,1,2,1,1192,gemini,2024,남성,4
3,1,1.0,1.0,2.0,3,4,4,4,4,4,4,4,3,2,3,3,2,4,3,3,4,4,4,4,3,4,3,4,1,1,1,1,1,2,1,1193,gemini,2024,남성,4
3,1,1.0,1.0,2.0,3,4,4,4,4,3,4,4,3,2,3,3,2,3,3,3,4,4,4,4,3,4,3,4,1,1,1,1,1,2,1,1194,gemini,2024,남성,4
3,1,1.0,1.0,1.0,3,4,4,4,4,4,4,4,3,3,3,3,2,3,4,3,4,4,4,4,3,4,3,4,1,1,1,1,1,2,1,1195,gemini,2024,남성,4
3,1,1.0,1.0,1.0,3,4,4,4,4,3,4,4,3,2,2,3,2,3,3,3,4,4,4,4,3,4,3,4,1,1,1,1,1,2,1,1196,gemini,2024,남성,4
3,1,1.0,1.0,1.0,3,4,4,4,4,4,4,4,3,2,3,3,2,4,3,3,4,4,4,4,3,4,3,4,1,1,1,1,1,2,1,1197,gemini,2024,남성,4
3,1,1.0,1.0,2.0,3,4,4,4,4,3,4,4,3,3,3,3,2,3,3,3,4,4,4,4,3,4,3,4,1,1,1,1,1,2,1,1198,gemini,2024,남성,4
3,1,1.0,1.0,2.0,3,4,4,4,4,4,4,4,3,2,3,3,2,3,3,3,4,4,4,4,3,4,3,4,1,1,1,1,1,2,1,1199,gemini,2024,남성,4
3,1,1.0,1.0,1.0,3,4,4,4,4,3,4,3,2,2,2,3,2,3,3,3,4,4,4,4,3,4,3,4,1,1,1,1,1,2,1,1200,gemini,2024,남성,4
3,1,1.0,1.0,2.0,3,4,4,4,4,3,4,4,3,2,3,3,2,3,3,3,4,4,4,4,3,4,3,4,1,1,1,1,1,2,1,1201,gemini,2024,남성,4
3,1,1.0,1.0,1.0,3,4,4,4,4,3,4,4,3,3,3,3,2,3,3,3,4,4,4,4,3,4,3,4,1,1,1,1,1,2,1,1202,gemini,2024,남성,4
3,1,1.0,1.0,1.0,3,4,4,4,4,3,4,4,3,3,3,3,2,3,3,3,4,4,4,4,3,4,3,4,1,1,1,1,1,2,1,1203,gemini,2024,남성,4
3,1,1.0,1.0,1.0,3,4,4,4,4,4,4,4,3,3,3,3,2,3,3,3,4,4,4,4,3,4,3,4,1,1,1,1,1,2,1,1204,gemini,2024,남성,4
3,1,1.0,1.0,2.0,3,4,4,4,4,3,4,4,3,2,3,3,2,3,3,3,4,4,4,4,3,4,3,4,1,1,1,1,1,2,1,1205,gemini,2024,남성,4
3,1,1.0,1.0,2.0,3,4,4,4,4,3,4,4,3,2,3,3,2,3,3,3,4,4,4,4,3,4,3,4,1,1,1,1,1,2,1,1206,gemini,2024,남성,4
3,1,1.0,1.0,1.0,3,4,4,4,4,3,4,3,2,2,2,3,2,3,3,3,4,4,4,4,3,4,3,4,1,1,1,1,1,2,1,1207,gemini,2024,남성,4
3,1,1.0,1.0,1.0,3,4,4,4,4,3,4,4,3,3,3,3,2,3,3,3,4,4,4,4,3,4,3,4,1,1,1,1,1,2,1,1208,gemini,2024,남성,4
3,1,1.0,1.0,2.0,3,4,4,4,4,4,4,4,3,3,3,3,2,4,4,3,4,4,4,4,3,4,3,4,1,1,1,1,1,2,1,1209,gemini,2024,남성,4
3,1,1.0,1.0,2.0,3,4,4,4,4,4,4,4,3,3,3,3,2,3,3,3,4,4,4,4,3,4,3,4,1,1,1,1,1,2,1,1210,gemini,2024,남성,4
3,1,1.0,1.0,1.0,3,4,4,4,4,3,4,4,2,3,3,3,2,3,3,3,4,4,4,4,3,4,3,4,1,1,1,1,1,2,1,1211,gemini,2024,남성,4
3,1,1.0,1.0,2.0,3,4,4,4,4,3,4,4,3,2,3,3,2,3,3,3,4,4,4,4,3,4,3,4,1,1,1,1,1,2,1,1212,gemini,2024,남성,4
3,1,1.0,1.0,1.0,3,4,4,4,4,3,4,4,3,2,2,3,2,3,3,3,4,4,4,4,3,4,3,4,1,1,1,1,1,2,1,1213,gemini,2024,남성,4
3,1,1.0,1.0,1.0,3,4,4,4,4,3,4,3,2,2,2,3,2,3,3,3,4,4,4,4,3,4,3,4,1,1,1,1,1,2,1,1214,gemini,2024,남성,4
3,1,1.0,1.0,2.0,3,4,4,4,4,4,4,4,3,2,3,3,2,4,3,3,4,4,4,4,3,4,3,4,1,1,1,1,1,2,1,1215,gemini,2024,남성,4
3,1,1.0,1.0,2.0,3,4,4,4,4,4,4,4,3,3,3,3,2,3,3,3,4,4,4,4,3,4,3,4,1,1,1,1,1,2,1,1216,gemini,2024,남성,4
3,1,1.0,1.0,2.0,3,4,4,4,4,3,4,4,2,2,2,3,2,3,3,3,4,4,4,4,3,4,3,4,1,1,1,1,1,2,1,1217,gemini,2024,남성,4
3,1,1.0,1.0,1.0,3,4,4,4,4,3,4,3,2,2,2,3,2,3,3,3,4,4,4,4,3,4,3,4,1,1,1,1,1,2,1,1218,gemini,2024,남성,4
3,1,1.0,1.0,2.0,3,4,4,4,4,3,4,4,3,3,3,3,2,3,3,3,4,4,4,4,3,4,3,4,1,1,1,1,1,2,1,1219,gemini,2024,남성,4
3,1,1.0,1.0,1.0,3,4,4,4,4,3,4,4,3,2,2,3,2,3,3,3,4,4,4,4,3,4,3,4,1,1,1,1,1,2,1,1220,gemini,2024,남성,4
3,1,1.0,1.0,2.0,3,4,4,4,4,3,4,4,2,2,2,3,2,4,3,3,4,4,4,4,3,4,3,4,1,1,1,1,1,2,1,1221,gemini,2024,남성,4
3,1,1.0,1.0,1.0,3,4,4,4,4,3,4,4,3,3,3,3,2,3,3,3,4,4,4,4,3,4,3,4,1,1,1,1,1,2,1,1222,gemini,2024,남성,4
3,1,1.0,1.0,2.0,3,4,4,4,4,3,4,4,3,3,3,3,2,3,3,3,4,4,4,4,3,4,3,4,1,1,1,1,1,2,1,1223,gemini,2024,남성,4
3,1,1.0,1.0,2.0,3,4,4,4,4,4,4,4,3,3,3,3,2,3,3,3,4,4,4,4,3,4,3,4,1,1,1,1,1,2,1,1224,gemini,2024,남성,4
3,1,1.0,1.0,1.0,3,4,4,4,4,3,4,4,3,2,2,3,2,3,3,3,4,4,4,4,3,4,3,4,1,1,1,1,1,2,1,1225,gemini,2024,남성,4
3,1,1.0,1.0,2.0,3,4,4,4,4,4,4,4,3,3,3,3,2,3,3,3,4,4,4,4,3,4,3,4,1,1,1,1,1,2,1,1226,gemini,2024,남성,4
3,1,1.0,1.0,2.0,3,4,4,4,4,3,4,4,3,2,2,3,2,3,3,3,4,4,4,4,3,4,3,4,1,1,1,1,1,2,1,1227,gemini,2024,남성,4
3,1,1.0,1.0,2.0,3,4,4,4,4,4,4,4,3,3,3,3,2,3,3,3,4,4,4,4,3,4,3,4,1,1,1,1,1,2,1,1228,gemini,2024,남성,4
3,1,1.0,1.0,1.0,3,4,4,4,4,3,4,3,2,2,2,2,2,3,3,3,4,4,4,4,3,4,3,4,1,1,1,1,1,2,1,1229,gemini,2024,남성,4
3,1,1.0,1.0,2.0,3,4,4,4,4,3,4,4,3,2,3,3,2,3,3,3,4,4,4,4,3,4,3,4,1,1,1,1,1,2,1,1230,gemini,2024,남성,4
3,1,1.0,1.0,2.0,3,4,4,4,4,3,4,4,3,3,3,3,2,3,3,3,4,4,4,4,3,4,3,4,1,1,1,1,1,2,1,1231,gemini,2024,남성,4
3,1,1.0,1.0,2.0,3,4,4,4,4,3,4,4,3,2,2,3,2,3,3,3,4,4,4,4,3,3,3,4,1,1,1,1,1,2,1,1232,gemini,2024,남성,4
3,1,1.0,1.0,1.0,3,4,4,4,4,3,4,4,3,3,3,3,2,3,3,3,4,4,4,4,3,4,3,4,1,1,1,1,1,2,1,1233,gemini,2024,남성,4
3,1,1.0,1.0,2.0,3,4,4,4,4,3,4,4,3,2,3,3,2,3,3,3,4,4,4,4,3,4,3,4,1,1,1,1,1,2,1,1234,gemini,2024,남성,4
3,1,1.0,1.0,2.0,3,4,4,4,4,3,4,4,3,2,3,3,2,4,3,3,4,4,4,4,3,4,3,4,1,1,1,1,1,2,1,1235,gemini,2024,남성,4
3,1,1.0,1.0,2.0,3,4,4,4,4,3,4,4,2,2,3,3,2,3,3,3,4,4,4,4,3,4,3,4,1,1,1,1,1,2,1,1236,gemini,2024,남성,4
3,1,1.0,1.0,2.0,3,4,4,4,4,3,4,4,3,2,2,3,2,3,3,3,4,4,4,4,3,4,3,4,1,1,1,1,1,2,1,1237,gemini,2024,남성,4
3,1,1.0,1.0,1.0,3,4,4,4,4,3,4,4,3,3,3,3,2,3,3,3,4,4,4,4,3,4,3,4,1,1,1,1,1,2,1,1238,gemini,2024,남성,4
3,1,1.0,1.0,2.0,3,4,4,4,4,3,4,4,3,3,3,3,2,3,3,3,4,4,4,4,3,4,3,4,1,1,1,1,1,2,1,1239,gemini,2024,남성,4
3,1,1.0,1.0,1.0,3,4,4,4,4,3,4,3,2,2,2,3,2,3,3,3,4,4,4,4,3,4,3,4,1,1,1,1,1,2,1,1240,gemini,2024,남성,4
3,1,1.0,1.0,2.0,3,4,4,4,4,3,4,4,3,3,3,3,2,3,3,3,4,4,4,4,3,4,3,4,1,1,1,1,1,2,1,1241,gemini,2024,남성,4
3,1,1.0,1.0,1.0,3,4,4,4,4,3,4,3,2,2,2,3,2,3,3,3,4,4,4,4,3,4,3,4,1,1,1,1,1,2,1,1242,gemini,2024,남성,4
3,1,1.0,1.0,2.0,3,4,4,4,4,3,4,4,3,2,2,3,2,3,3,3,4,4,4,4,3,4,3,4,1,1,1,1,1,2,1,1243,gemini,2024,남성,4
3,1,1.0,1.0,1.0,3,4,4,4,4,3,4,4,2,2,2,3,2,4,3,3,4,4,4,4,3,4,3,4,1,1,1,1,1,2,1,1244,gemini,2024,남성,4
3,1,1.0,1.0,2.0,3,4,4,4,4,4,4,4,3,3,3,3,2,3,3,3,4,4,4,4,3,4,3,4,1,1,1,1,1,2,1,1245,gemini,2024,남성,4
3,1,1.0,1.0,1.0,3,4,4,4,4,3,4,3,2,2,2,3,2,3,3,3,4,4,4,4,3,4,3,4,1,1,1,1,1,2,1,1246,gemini,2024,남성,4
3,1,1.0,1.0,1.0,3,4,4,4,4,4,4,4,3,3,3,3,2,3,4,3,4,4,4,4,3,4,3,4,1,1,1,1,1,2,1,1247,gemini,2024,남성,4
3,1,1.0,1.0,2.0,3,4,4,4,4,3,4,4,3,3,3,3,2,3,3,3,4,4,4,4,3,4,3,4,1,1,1,1,1,2,1,1248,gemini,2024,남성,4
3,1,1.0,1.0,2.0,3,4,4,4,4,3,4,4,3,2,2,3,2,3,3,3,4,4,4,4,3,3,3,4,1,1,1,1,1,2,1,1249,gemini,2024,남성,4
3,1,1.0,1.0,2.0,3,4,4,4,4,3,4,4,3,3,3,3,2,3,3,3,4,4,4,4,3,4,3,4,1,1,1,1,1,2,1,1250,gemini,2024,남성,4
3,1,1.0,1.0,2.0,3,4,4,4,4,4,4,4,3,3,3,3,2,3,3,3,4,4,4,4,3,4,3,4,1,1,1,1,1,2,1,1251,gemini,2024,남성,4
3,1,1.0,1.0,2.0,3,4,4,4,4,3,4,4,3,2,2,3,2,3,3,3,4,4,4,4,3,3,3,4,1,1,1,1,1,2,1,1252,gemini,2024,남성,4
3,1,1.0,1.0,1.0,3,4,4,4,4,3,4,3,2,2,2,3,2,3,3,3,4,4,4,4,3,4,3,4,1,1,1,1,1,2,1,1253,gemini,2024,남성,4
3,1,1.0,1.0,2.0,3,4,4,4,4,4,4,4,3,2,3,3,2,3,3,3,4,4,4,4,3,4,4,4,1,1,1,1,1,2,1,1254,gemini,2024,남성,4
3,1,1.0,1.0,1.0,3,4,4,4,4,4,4,4,3,3,3,3,2,3,3,3,4,4,4,4,3,4,3,4,1,1,1,1,1,2,1,1255,gemini,2024,남성,4
3,1,1.0,1.0,2.0,3,4,4,4,4,4,4,4,3,3,3,3,2,3,3,3,4,4,4,4,3,4,4,4,1,1,1,1,1,2,1,1256,gemini,2024,남성,4
3,1,1.0,1.0,1.0,3,4,4,4,4,3,4,4,2,3,2,3,2,3,3,3,4,4,4,4,3,4,3,4,1,1,1,1,1,2,1,1257,gemini,2024,남성,4
3,1,1.0,1.0,2.0,3,4,4,4,4,3,4,4,3,2,3,3,2,3,3,3,4,4,4,4,3,4,3,4,1,1,1,1,1,2,1,1258,gemini,2024,남성,4
3,1,1.0,1.0,1.0,3,4,4,4,4,3,4,4,2,2,2,3,2,3,3,3,4,4,4,4,3,4,3,4,1,1,1,1,1,2,1,1259,gemini,2024,남성,4
3,1,1.0,1.0,1.0,3,4,4,4,4,3,4,4,3,3,3,3,2,3,3,3,4,4,4,4,3,4,3,4,1,1,1,1,1,2,1,1260,gemini,2024,남성,4
3,1,1.0,1.0,1.0,3,4,4,4,4,3,4,4,3,3,3,3,2,3,3,3,4,4,4,4,3,4,3,4,1,1,1,1,1,2,1,1261,gemini,2024,남성,4
3,1,1.0,1.0,2.0,3,4,4,4,4,3,4,4,3,3,3,3,2,3,3,3,4,4,4,4,3,4,3,4,1,1,1,1,1,2,1,1262,gemini,2024,남성,4
3,1,1.0,1.0,2.0,3,4,4,4,4,4,4,4,3,3,3,3,2,3,3,3,4,4,4,4,3,4,3,4,1,1,1,1,1,2,1,1263,gemini,2024,남성,4
3,1,1.0,1.0,1.0,3,4,4,4,4,4,4,4,3,3,3,3,2,4,4,3,4,4,4,4,3,4,3,4,1,1,1,1,1,2,1,1264,gemini,2024,남성,4
3,1,1.0,1.0,1.0,3,4,4,4,4,3,4,4,3,3,3,3,2,3,3,3,4,4,4,4,3,4,3,4,1,1,1,1,1,2,1,1265,gemini,2024,남성,4
3,1,1.0,1.0,2.0,3,4,4,4,4,3,4,4,3,3,3,3,2,3,3,3,4,4,4,4,3,4,3,4,1,1,1,1,1,2,1,1266,gemini,2024,남성,4
3,1,1.0,1.0,1.0,3,4,4,4,4,3,4,4,3,2,2,3,2,3,3,3,4,4,4,4,3,4,3,4,1,1,1,1,1,2,1,1267,gemini,2024,남성,4
3,1,1.0,1.0,2.0,3,4,4,4,4,4,4,4,3,3,3,3,2,3,3,3,4,4,4,4,3,4,3,4,1,1,1,1,1,2,1,1268,gemini,2024,남성,4
3,1,1.0,1.0,1.0,3,4,4,4,4,3,4,4,2,2,3,3,2,3,3,3,4,4,4,4,3,4,3,4,1,1,1,1,1,2,1,1269,gemini,2024,남성,4
3,1,1.0,1.0,1.0,3,4,4,4,4,4,4,4,3,3,3,3,2,3,3,3,4,4,4,4,3,4,4,4,1,1,1,1,1,2,1,1270,gemini,2024,남성,4
3,1,1.0,1.0,1.0,3,4,4,4,4,4,4,4,3,3,3,3,2,3,3,3,4,4,4,4,3,4,3,4,1,1,1,1,1,2,1,1271,gemini,2024,남성,4
3,1,1.0,1.0,1.0,3,4,4,4,4,3,4,4,3,3,3,3,2,3,3,3,4,4,4,4,3,4,3,4,1,1,1,1,1,2,1,1272,gemini,2024,남성,4
3,1,1.0,1.0,1.0,3,4,4,4,4,3,4,4,3,3,3,3,2,3,3,3,4,4,4,4,3,4,3,4,1,1,1,1,1,2,1,1273,gemini,2024,남성,4
3,1,1.0,1.0,2.0,3,4,4,4,4,4,4,4,3,3,3,3,2,3,3,3,4,4,4,4,3,4,3,4,1,1,1,1,1,2,1,1274,gemini,2024,남성,4
3,1,1.0,1.0,2.0,3,4,4,4,4,3,4,4,3,2,2,3,2,3,3,3,4,4,4,4,3,3,3,4,1,1,1,1,1,2,1,1275,gemini,2024,남성,4
3,1,1.0,1.0,1.0,3,4,4,4,4,3,4,4,2,2,2,3,2,3,3,3,4,4,4,4,3,4,3,4,1,1,1,1,1,2,1,1276,gemini,2024,남성,4
3,1,1.0,1.0,1.0,3,4,4,4,4,4,4,4,3,3,3,3,2,3,3,3,4,4,4,4,3,4,4,4,1,1,1,1,1,2,1,1277,gemini,2024,남성,4
3,1,1.0,1.0,2.0,3,4,4,4,4,3,4,4,3,3,3,3,2,3,3,3,4,4,4,4,3,4,3,4,1,1,1,1,1,2,1,1278,gemini,2024,남성,4
3,1,1.0,1.0,1.0,3,4,4,4,4,3,4,4,3,2,3,3,2,4,4,3,4,4,4,4,3,4,3,4,1,1,1,1,1,2,1,1279,gemini,2024,남성,4
3,1,1.0,1.0,2.0,3,4,4,4,4,4,4,4,3,3,3,3,2,3,3,3,4,4,4,4,3,4,3,4,1,1,1,1,1,2,1,1280,gemini,2024,남성,4
3,1,1.0,1.0,2.0,3,4,4,4,4,4,4,4,3,3,3,3,2,3,3,3,4,4,4,4,3,4,3,4,1,1,1,1,1,2,1,1281,gemini,2024,남성,4
3,1,1.0,1.0,2.0,3,4,4,4,4,4,4,4,3,3,3,3,2,3,3,3,4,4,4,4,3,4,3,4,1,1,1,1,1,2,1,1282,gemini,2024,남성,4
3,1,1.0,1.0,2.0,3,4,4,4,4,3,4,4,3,3,3,3,2,3,3,3,4,4,4,4,3,4,3,4,1,1,1,1,1,2,1,1283,gemini,2024,남성,4
3,1,1.0,1.0,2.0,3,4,4,4,4,4,4,4,3,3,3,3,2,3,3,3,4,4,4,4,3,4,4,4,1,1,1,1,1,2,1,1284,gemini,2024,남성,4
3,1,1.0,1.0,2.0,3,4,4,4,4,3,4,4,3,2,3,3,2,3,3,3,4,4,4,4,3,4,3,4,1,1,1,1,1,2,1,1285,gemini,2024,남성,4
3,1,1.0,1.0,1.0,3,4,4,4,4,3,4,4,3,3,3,3,2,4,4,3,4,4,4,4,3,4,3,4,1,1,1,1,1,2,1,1286,gemini,2024,남성,4
3,1,1.0,1.0,1.0,3,4,4,4,4,3,4,4,3,3,3,3,2,3,3,3,4,4,4,4,3,4,3,4,1,1,1,1,1,2,1,1287,gemini,2024,남성,4
3,1,1.0,1.0,1.0,3,4,4,4,4,3,4,4,2,2,2,3,2,3,3,3,4,4,4,4,3,4,3,4,1,1,1,1,1,2,1,1288,gemini,2024,남성,4
3,1,1.0,1.0,2.0,3,4,4,4,4,4,4,4,3,3,3,3,2,3,3,3,4,4,4,4,3,4,3,4,1,1,1,1,1,2,1,1289,gemini,2024,남성,4
3,1,1.0,1.0,1.0,3,4,4,4,4,3,4,4,3,3,3,3,2,3,3,3,4,4,4,4,3,4,3,4,1,1,1,1,1,2,1,1290,gemini,2024,남성,4
3,1,1.0,1.0,1.0,3,4,4,4,4,3,4,4,3,3,3,3,2,3,3,3,4,4,4,4,3,4,3,4,1,1,1,1,1,2,1,1291,gemini,2024,남성,4
3,1,1.0,1.0,2.0,3,4,4,4,4,4,4,4,3,2,3,3,2,3,4,3,4,4,4,4,3,4,3,4,1,1,1,1,1,2,1,1292,gemini,2024,남성,4
3,1,1.0,1.0,1.0,3,4,4,4,4,3,4,3,3,3,3,3,2,3,3,3,4,4,4,4,3,4,3,4,1,1,1,1,1,2,1,1293,gemini,2024,남성,4
3,1,1.0,1.0,1.0,3,4,4,4,4,3,4,4,3,3,3,3,2,3,3,3,4,4,4,4,3,4,3,4,1,1,1,1,1,2,1,1294,gemini,2024,남성,4
3,1,1.0,1.0,1.0,3,4,4,4,4,3,4,4,3,3,3,3,2,3,3,3,4,4,4,4,3,4,3,4,1,1,1,1,1,2,1,1295,gemini,2024,남성,4
3,1,1.0,1.0,1.0,3,4,4,4,4,4,4,4,3,3,3,3,2,3,3,3,4,4,4,4,3,4,4,4,1,1,1,1,1,2,1,1296,gemini,2024,남성,4
3,1,1.0,1.0,2.0,3,4,4,4,4,3,4,4,3,2,3,3,2,4,3,3,4,4,4,4,3,4,3,4,1,1,1,1,1,2,1,1297,gemini,2024,남성,4
3,1,1.0,1.0,2.0,3,4,4,4,4,3,4,4,3,2,3,3,2,3,3,3,4,4,4,4,3,4,3,4,1,1,1,1,1,2,1,1298,gemini,2024,남성,4
3,1,1.0,1.0,1.0,3,4,4,4,4,4,4,4,3,3,3,3,2,3,3,3,4,4,4,4,3,4,3,4,1,1,1,1,1,2,1,1299,gemini,2024,남성,4
3,1,1.0,1.0,1.0,3,4,4,4,4,3,4,4,3,3,3,3,2,3,3,3,4,4,4,4,3,4,3,4,1,1,1,1,1,2,1,1300,gemini,2024,남성,4
3,1,1.0,1.0,2.0,3,4,4,4,4,3,4,4,3,2,3,3,2,3,3,3,4,4,4,4,3,4,3,4,1,1,1,1,1,2,1,1301,gemini,2024,남성,4
3,1,1.0,1.0,1.0,3,4,4,4,4,3,4,4,3,2,2,3,2,3,3,3,4,4,4,4,3,4,3,4,1,1,1,1,1,2,1,1302,gemini,2024,남성,4
3,1,1.0,1.0,1.0,3,4,4,4,4,4,4,4,3,3,3,3,2,3,3,3,4,4,4,4,3,4,4,4,1,1,1,1,1,2,1,1303,gemini,2024,남성,4
3,1,1.0,1.0,1.0,3,4,4,4,4,3,4,4,3,3,3,3,2,3,3,3,4,4,4,4,3,4,3,4,1,1,1,1,1,2,1,1304,gemini,2024,남성,4
3,1,1.0,1.0,1.0,3,4,4,4,4,3,4,4,3,3,3,3,2,3,3,3,4,4,4,4,3,4,3,4,1,1,1,1,1,2,1,1305,gemini,2024,남성,4
3,1,1.0,1.0,1.0,3,4,4,4,4,3,4,4,3,3,3,3,2,3,3,3,4,4,4,4,3,4,3,4,1,1,1,1,1,2,1,1306,gemini,2024,남성,4
3,1,1.0,1.0,2.0,3,4,4,4,4,3,4,4,3,2,2,3,2,4,3,3,4,4,4,4,3,4,3,4,1,1,1,1,1,2,1,1307,gemini,2024,남성,4
3,1,1.0,1.0,1.0,3,4,4,4,4,3,4,4,3,3,3,3,2,3,3,3,4,4,4,4,3,4,3,4,1,1,1,1,1,2,1,1308,gemini,2024,남성,4
3,1,1.0,1.0,2.0,3,4,4,4,4,3,4,4,3,2,3,3,2,3,3,3,4,4,4,4,3,4,3,4,1,1,1,1,1,2,1,1309,gemini,2024,남성,4
3,1,1.0,1.0,2.0,3,4,4,4,4,4,4,4,3,3,3,3,2,3,3,3,4,4,4,4,3,4,3,4,1,1,1,1,1,2,1,1310,gemini,2024,남성,4
3,1,1.0,1.0,2.0,3,4,4,4,4,3,4,4,3,3,3,3,2,3,3,3,4,4,4,4,3,4,3,4,1,1,1,1,1,2,1,1311,gemini,2024,남성,4
3,1,1.0,1.0,2.0,3,4,4,4,4,4,4,4,3,2,3,3,2,4,3,3,4,4,4,4,3,4,3,4,1,1,1,1,1,2,1,1312,gemini,2024,남성,4
3,1,1.0,1.0,1.0,3,4,4,4,4,3,4,4,3,2,2,3,2,3,4,3,4,4,4,4,3,4,3,4,1,1,1,1,1,2,1,1313,gemini,2024,남성,4
3,1,1.0,1.0,2.0,3,4,4,4,4,3,4,3,2,2,2,3,2,3,3,3,4,4,4,4,3,4,3,4,1,1,1,1,1,2,1,1314,gemini,2024,남성,4
3,1,1.0,1.0,2.0,3,4,4,4,4,3,4,4,2,2,2,3,2,4,3,3,4,4,4,4,3,4,3,4,1,1,1,1,1,2,1,1315,gemini,2024,남성,4
3,1,1.0,1.0,1.0,3,4,4,4,4,3,4,4,3,3,3,3,2,3,3,3,4,4,4,4,3,4,3,4,1,1,1,1,1,2,1,1316,gemini,2024,남성,4
3,1,1.0,1.0,2.0,3,4,4,4,4,4,4,4,3,3,3,3,2,3,3,3,4,4,4,4,3,4,3,4,1,1,1,1,1,2,1,1317,gemini,2024,남성,4
3,1,1.0,1.0,1.0,3,4,4,4,4,3,4,4,3,3,3,3,2,3,3,3,4,4,4,4,3,4,3,4,1,1,1,1,1,2,1,1318,gemini,2024,남성,4
3,1,1.0,1.0,2.0,3,4,4,4,4,4,4,4,3,3,3,3,2,3,3,3,4,4,4,4,3,4,3,4,1,1,1,1,1,2,1,1319,gemini,2024,남성,4
3,1,1.0,1.0,2.0,3,4,4,4,4,3,4,4,3,2,3,3,2,3,3,3,4,4,4,4,3,4,3,4,1,1,1,1,1,2,1,1320,gemini,2024,남성,4
3,1,1.0,1.0,1.0,3,4,4,4,4,3,4,3,2,2,2,3,2,3,3,3,4,4,4,4,3,4,3,4,1,1,1,1,1,2,1,1321,gemini,2024,남성,4
3,1,1.0,1.0,2.0,3,4,4,4,4,3,4,4,3,3,3,3,2,3,3,3,4,4,4,4,3,4,3,4,1,1,1,1,1,2,1,1322,gemini,2024,남성,4
3,1,1.0,1.0,2.0,3,4,4,4,4,4,4,4,3,2,3,3,2,4,3,3,4,4,4,4,3,4,3,4,1,1,1,1,1,2,1,1323,gemini,2024,남성,4
3,1,1.0,1.0,1.0,3,4,4,4,4,4,4,4,3,3,3,3,2,3,3,3,4,4,4,4,3,4,3,4,1,1,1,1,1,2,1,1324,gemini,2024,남성,4
3,1,1.0,1.0,2.0,3,4,4,4,4,3,4,4,3,3,3,3,2,4,3,3,4,4,4,4,3,4,3,4,1,1,1,1,1,2,1,1325,gemini,2024,남성,4
3,1,1.0,1.0,1.0,3,4,4,4,4,3,4,4,3,3,3,3,2,3,3,3,4,4,4,4,3,4,3,4,1,1,1,1,1,2,1,1326,gemini,2024,남성,4
3,1,1.0,1.0,1.0,3,4,4,4,4,4,4,4,3,3,3,3,2,3,3,3,4,4,4,4,3,4,3,4,1,1,1,1,1,2,1,1327,gemini,2024,남성,4
3,1,1.0,1.0,2.0,3,4,4,4,4,3,4,4,3,3,3,3,2,3,3,3,4,4,4,4,3,4,3,4,1,1,1,1,1,2,1,1328,gemini,2024,남성,4
3,1,1.0,1.0,1.0,3,4,4,4,4,3,4,4,3,2,2,3,2,3,3,3,4,4,4,4,3,4,3,4,1,1,1,1,1,2,1,1329,gemini,2024,남성,4
3,1,1.0,1.0,2.0,3,4,4,4,4,3,4,4,3,2,3,3,2,3,3,3,4,4,4,4,3,4,3,4,1,1,1,1,1,2,1,1330,gemini,2024,남성,4
3,1,1.0,1.0,2.0,3,4,4,4,4,4,4,4,3,3,3,3,2,3,3,3,4,4,4,4,3,4,3,4,1,1,1,1,1,2,1,1331,gemini,2024,남성,4
3,1,1.0,1.0,2.0,3,4,4,4,4,4,4,4,3,3,3,3,2,3,3,3,4,4,4,4,3,4,3,4,1,1,1,1,1,2,1,1332,gemini,2024,남성,4
3,1,1.0,1.0,2.0,3,4,4,4,4,3,4,4,3,3,3,3,2,3,3,3,4,4,4,4,3,4,3,4,1,1,1,1,1,2,1,1333,gemini,2024,남성,4
3,1,1.0,1.0,1.0,3,4,4,4,4,4,4,4,3,3,3,3,2,3,3,3,4,4,4,4,3,4,3,4,1,1,1,1,1,2,1,1334,gemini,2024,남성,4
3,1,1.0,1.0,1.0,3,4,4,4,4,3,4,4,3,2,2,3,2,3,3,3,4,4,4,4,3,4,3,4,1,1,1,1,1,2,1,1335,gemini,2024,남성,4
3,1,1.0,1.0,2.0,3,4,4,4,4,4,4,4,3,3,3,3,2,3,3,3,4,4,4,4,3,4,3,4,1,1,1,1,1,2,1,1336,gemini,2024,남성,4
3,1,1.0,1.0,1.0,3,4,4,4,4,3,4,4,3,3,3,3,2,3,3,3,4,4,4,4,3,4,3,4,1,1,1,1,1,2,1,1337,gemini,2024,남성,4
3,1,1.0,1.0,1.0,3,4,4,4,4,3,4,4,3,3,3,3,2,3,3,3,4,4,4,4,3,4,3,4,1,1,1,1,1,2,1,1338,gemini,2024,남성,4
3,1,1.0,1.0,1.0,3,4,4,4,4,4,4,4,3,3,3,3,2,3,3,3,4,4,4,4,3,4,3,4,1,1,1,1,1,2,1,1339,gemini,2024,남성,4
3,1,1.0,1.0,2.0,3,4,4,4,4,3,4,4,3,3,3,3,2,3,4,3,4,4,4,4,3,4,3,4,1,1,1,1,1,2,1,1340,gemini,2024,남성,4
3,1,1.0,1.0,1.0,3,4,4,4,4,3,4,4,3,3,3,3,2,3,3,3,4,4,4,4,3,4,3,4,1,1,1,1,1,2,1,1341,gemini,2024,남성,4
3,1,1.0,1.0,2.0,3,4,4,4,4,4,4,4,3,3,3,3,2,3,3,3,4,4,4,4,3,4,3,4,1,1,1,1,1,2,1,1342,gemini,2024,남성,4
3,1,1.0,1.0,2.0,3,4,4,4,4,3,4,4,3,2,2,3,2,3,3,3,4,4,4,4,3,4,3,4,1,1,1,1,1,2,1,1343,gemini,2024,남성,4
3,1,1.0,1.0,2.0,3,4,4,4,4,3,4,4,3,3,3,3,2,3,3,3,4,4,4,4,3,4,3,4,1,1,1,1,1,2,1,1344,gemini,2024,남성,4
3,1,1.0,1.0,2.0,3,4,4,4,4,4,4,4,3,3,3,3,2,3,3,3,4,4,4,4,3,4,3,4,1,1,1,1,1,2,1,1345,gemini,2024,남성,4
3,1,1.0,1.0,1.0,3,4,4,4,4,3,4,4,3,3,3,3,2,3,3,3,4,4,4,4,3,4,3,4,1,1,1,1,1,2,1,1346,gemini,2024,남성,4
3,1,1.0,1.0,1.0,3,4,4,4,4,3,4,4,3,3,3,3,2,4,3,3,4,4,4,4,3,4,3,4,1,1,1,1,1,2,1,1347,gemini,2024,남성,4
3,1,1.0,1.0,1.0,3,4,4,4,4,3,4,4,3,3,3,3,2,3,3,3,4,4,4,4,3,4,3,4,1,1,1,1,1,2,1,1348,gemini,2024,남성,4
3,1,1.0,1.0,2.0,3,4,4,4,4,3,4,4,3,3,3,3,2,3,3,3,4,4,4,4,3,4,3,4,1,1,1,1,1,2,1,1349,gemini,2024,남성,4
3,1,1.0,1.0,1.0,3,4,4,4,4,3,4,4,3,3,3,3,2,3,3,3,4,4,4,4,3,4,3,4,1,1,1,1,1,2,1,1350,gemini,2024,남성,4
3,1,1.0,1.0,1.0,3,4,4,4,4,3,4,4,3,3,3,3,2,3,3,3,4,4,4,4,3,4,3,4,1,1,1,1,1,2,1,1351,gemini,2024,남성,4
3,1,1.0,1.0,1.0,3,4,4,4,4,3,4,4,3,3,3,3,2,3,3,3,4,4,4,4,3,4,3,4,1,1,1,1,1,2,1,1352,gemini,2024,남성,4
3,1,1.0,1.0,1.0,3,4,4,4,4,4,4,4,3,3,3,3,2,3,3,3,4,4,4,4,3,4,3,4,1,1,1,1,1,2,1,1353,gemini,2024,남성,4
3,1,1.0,1.0,2.0,3,4,4,4,4,4,4,4,3,3,3,3,2,3,3,3,4,4,4,4,3,4,3,4,1,1,1,1,1,2,1,1354,gemini,2024,남성,4
3,1,1.0,1.0,1.0,3,4,4,4,4,4,4,4,3,3,3,3,2,3,3,3,4,4,4,4,3,4,3,4,1,1,1,1,1,2,1,1355,gemini,2024,남성,4
3,1,1.0,1.0,1.0,3,4,4,4,4,3,4,4,3,3,3,3,2,3,3,3,4,4,4,4,3,4,3,4,1,1,1,1,1,2,1,1356,gemini,2024,남성,4
3,1,1.0,1.0,1.0,3,4,4,4,4,3,4,4,3,3,3,3,2,3,3,3,4,4,4,4,3,4,3,4,1,1,1,1,1,2,1,1357,gemini,2024,남성,4
3,1,1.0,1.0,2.0,3,4,4,4,4,4,4,4,3,3,3,3,2,3,3,3,4,4,4,4,3,4,3,4,1,1,1,1,1,2,1,1358,gemini,2024,남성,4
3,1,1.0,1.0,2.0,3,4,4,4,4,3,4,4,3,2,2,3,2,3,3,3,4,4,4,4,3,3,3,4,1,1,1,1,1,2,1,1359,gemini,2024,남성,4
3,1,1.0,1.0,2.0,3,4,4,4,4,4,4,4,3,3,3,3,2,3,3,3,4,4,4,4,3,4,3,4,1,1,1,1,1,2,1,1360,gemini,2024,남성,4
3,1,1.0,1.0,1.0,3,4,4,4,4,3,4,4,3,3,3,3,2,3,3,3,4,4,4,4,3,4,3,4,1,1,1,1,1,2,1,1361,gemini,2024,남성,4
3,1,1.0,1.0,1.0,3,4,4,4,4,3,4,4,3,2,2,3,2,3,3,3,4,4,4,4,3,3,3,4,1,1,1,1,1,2,1,1362,gemini,2024,남성,4
3,1,1.0,1.0,2.0,3,4,4,4,4,4,4,4,3,3,3,3,2,3,3,3,4,4,4,4,3,4,3,4,1,1,1,1,1,2,1,1363,gemini,2024,남성,4
3,1,1.0,1.0,1.0,3,4,4,4,4,3,4,4,3,3,3,3,2,3,3,3,4,4,4,4,3,4,3,4,1,1,1,1,1,2,1,1364,gemini,2024,남성,4
3,1,1.0,1.0,1.0,3,4,4,4,4,4,4,4,3,3,3,3,2,3,3,3,4,4,4,4,3,4,3,4,1,1,1,1,1,2,1,1365,gemini,2024,남성,4
3,1,1.0,1.0,1.0,3,4,4,4,4,3,4,3,2,2,2,3,2,3,3,3,4,4,4,4,3,4,3,4,1,1,1,1,1,2,1,1366,gemini,2024,남성,4
3,1,1.0,1.0,1.0,3,4,4,4,4,3,4,3,2,2,2,3,2,3,3,3,4,4,4,4,3,4,3,4,1,1,1,1,1,2,1,1367,gemini,2024,남성,4
3,1,1.0,1.0,1.0,3,4,4,4,4,3,4,4,3,3,3,3,2,3,3,3,4,4,4,4,3,4,3,4,1,1,1,1,1,2,1,1368,gemini,2024,남성,4
3,1,1.0,1.0,1.0,3,4,4,4,4,3,4,3,2,3,3,3,2,3,3,3,4,4,4,4,3,4,3,4,1,1,1,1,1,2,1,1369,gemini,2024,남성,4
3,1,1.0,1.0,2.0,3,4,4,4,4,4,4,4,3,3,3,3,2,3,3,3,4,4,4,4,3,4,3,4,1,1,1,1,1,2,1,1370,gemini,2024,남성,4
3,1,1.0,1.0,1.0,3,4,4,4,4,4,4,4,3,3,3,3,2,3,3,3,4,4,4,4,3,4,3,4,1,1,1,1,1,2,1,1371,gemini,2024,남성,4
3,1,1.0,1.0,1.0,3,4,4,4,4,3,4,4,3,3,3,3,2,3,3,3,4,4,4,4,3,4,3,4,1,1,1,1,1,2,1,1372,gemini,2024,남성,4
3,1,1.0,1.0,1.0,3,4,4,4,4,3,4,4,3,3,3,3,2,3,4,3,4,4,4,4,3,4,3,4,1,1,1,1,1,2,1,1373,gemini,2024,남성,4
3,1,1.0,1.0,1.0,3,4,4,4,4,3,4,3,2,2,2,3,2,3,3,3,4,4,4,4,3,4,3,4,1,1,1,1,1,2,1,1374,gemini,2024,남성,4
3,1,1.0,1.0,1.0,3,4,4,4,4,3,4,4,3,3,3,3,2,3,3,3,4,4,4,4,3,4,3,4,1,1,1,1,1,2,1,1375,gemini,2024,남성,4
3,1,1.0,1.0,1.0,3,4,4,4,4,4,4,4,3,2,3,3,2,3,3,3,4,4,4,4,3,4,3,4,1,1,1,1,1,2,1,1376,gemini,2024,남성,4
3,1,1.0,1.0,1.0,3,4,4,4,4,3,4,4,3,3,3,3,2,3,3,3,4,4,4,4,3,4,3,4,1,1,1,1,1,2,1,1377,gemini,2024,남성,4
3,1,1.0,1.0,1.0,3,4,4,4,4,3,4,4,3,2,2,3,2,3,3,3,4,4,4,4,3,4,3,4,1,1,1,1,1,2,1,1378,gemini,2024,남성,4
3,1,1.0,1.0,1.0,3,4,4,4,4,3,4,4,3,2,3,3,2,3,3,3,4,4,4,4,3,4,3,4,1,1,1,1,1,2,1,1379,gemini,2024,남성,4
3,1,1.0,1.0,2.0,3,4,4,4,4,3,4,4,3,3,3,3,2,3,3,3,4,4,4,4,3,4,3,4,1,1,1,1,1,2,1,1380,gemini,2024,남성,4
3,1,1.0,1.0,1.0,3,4,4,4,4,4,4,4,3,3,3,3,2,3,3,3,4,4,4,4,3,4,4,4,1,1,1,1,1,2,1,1381,gemini,2024,남성,4
3,1,1.0,1.0,1.0,3,4,4,4,4,4,4,4,3,3,3,3,2,3,3,3,4,4,4,4,3,4,3,4,1,1,1,1,1,2,1,1382,gemini,2024,남성,4
3,1,1.0,1.0,1.0,3,4,4,4,4,3,4,4,2,2,2,3,2,3,3,3,4,4,4,4,3,4,3,4,1,1,1,1,1,2,1,1383,gemini,2024,남성,4
3,1,1.0,1.0,2.0,3,4,4,4,4,4,4,4,3,2,3,3,2,4,3,3,4,4,4,4,3,4,3,4,1,1,1,1,1,2,1,1384,gemini,2024,남성,4
3,1,1.0,1.0,1.0,3,4,4,4,4,4,4,4,2,2,2,3,2,3,3,3,4,4,4,4,3,4,3,4,1,1,1,1,1,2,1,1385,gemini,2024,남성,4
3,1,1.0,1.0,2.0,3,4,4,4,4,4,4,4,3,3,3,3,2,3,3,3,4,4,4,4,3,4,3,4,1,1,1,1,1,2,1,1386,gemini,2024,남성,4
3,1,1.0,1.0,1.0,3,4,4,4,4,3,4,4,2,2,2,3,2,3,3,3,4,4,4,4,3,4,3,4,1,1,1,1,1,2,1,1387,gemini,2024,남성,4
3,1,1.0,1.0,2.0,3,4,4,4,4,3,4,4,3,2,3,3,2,4,3,3,4,4,4,4,3,4,3,4,1,1,1,1,1,2,1,1388,gemini,2024,남성,4
3,1,1.0,1.0,1.0,3,4,4,4,4,3,4,4,3,2,2,3,2,3,3,3,4,4,4,4,3,4,3,4,1,1,1,1,1,2,1,1389,gemini,2024,남성,4
3,1,1.0,1.0,1.0,3,4,4,4,4,3,4,4,3,3,3,3,2,3,3,3,4,4,4,4,3,4,3,4,1,1,1,1,1,2,1,1390,gemini,2024,남성,4
3,1,1.0,1.0,2.0,3,4,4,4,4,3,4,4,3,2,3,3,2,3,3,3,4,4,4,4,3,4,3,4,1,1,1,1,1,2,1,1391,gemini,2024,남성,4
3,1,1.0,1.0,1.0,3,4,4,4,4,3,4,4,3,3,3,3,2,3,3,3,4,4,4,4,3,4,3,4,1,1,1,1,1,2,1,1392,gemini,2024,남성,4
3,1,1.0,1.0,1.0,3,4,4,4,4,3,4,4,3,3,3,3,2,3,3,3,4,4,4,4,3,4,3,4,1,1,1,1,1,2,1,1393,gemini,2024,남성,4
3,1,1.0,1.0,1.0,3,4,4,4,4,3,4,4,3,3,3,3,2,3,3,3,4,4,4,4,3,4,3,4,1,1,1,1,1,2,1,1394,gemini,2024,남성,4
3,1,1.0,1.0,2.0,3,4,4,4,4,3,4,4,3,3,3,3,2,3,3,3,4,4,4,4,3,4,3,4,1,1,1,1,1,2,1,1395,gemini,2024,남성,4
3,1,1.0,1.0,1.0,3,4,4,4,4,3,4,3,3,3,3,3,2,3,3,3,4,4,4,4,3,4,3,4,1,1,1,1,1,2,1,1396,gemini,2024,남성,4
3,1,1.0,1.0,2.0,3,4,4,4,4,3,4,4,3,2,2,3,2,3,3,3,4,4,4,4,3,4,3,4,1,1,1,1,1,2,1,1397,gemini,2024,남성,4
3,1,1.0,1.0,2.0,3,4,4,4,4,3,4,4,3,2,3,3,2,3,3,3,4,4,4,4,3,4,3,4,1,1,1,1,1,2,1,1398,gemini,2024,남성,4
3,1,1.0,1.0,1.0,3,4,4,4,4,3,4,3,2,2,2,3,2,3,3,3,4,4,4,4,3,4,3,4,1,1,1,1,1,2,1,1399,gemini,2024,남성,4
3,1,1.0,1.0,1.0,3,4,4,4,4,3,4,4,3,2,3,3,2,4,4,3,4,4,4,4,3,4,3,4,1,1,1,1,1,2,1,1400,gemini,2024,남성,4
3,1,1.0,1.0,2.0,3,4,4,4,4,3,4,4,3,3,3,3,2,3,3,3,4,4,4,4,3,4,3,4,1,1,1,1,1,2,1,1401,gemini,2024,남성,4
3,1,1.0,1.0,1.0,3,4,4,4,4,3,4,4,3,3,3,3,2,3,3,3,4,4,4,4,3,4,3,4,1,1,1,1,1,2,1,1402,gemini,2024,남성,4
3,1,1.0,1.0,1.0,3,4,4,4,4,3,4,3,2,2,2,3,2,3,3,3,4,4,4,4,3,4,3,4,1,1,1,1,1,2,1,1403,gemini,2024,남성,4
3,1,1.0,1.0,1.0,3,4,4,4,4,3,4,4,3,3,3,3,2,3,3,3,4,4,4,4,3,4,3,4,1,1,1,1,1,2,1,1404,gemini,2024,남성,4
3,1,1.0,1.0,1.0,3,4,4,4,4,3,4,3,2,2,2,3,2,3,3,3,4,4,4,4,3,4,3,4,1,1,1,1,1,2,1,1405,gemini,2024,남성,4
3,1,1.0,1.0,1.0,3,4,4,4,4,4,4,4,3,3,3,3,2,3,3,3,4,4,4,4,3,4,3,4,1,1,1,1,1,2,1,1406,gemini,2024,남성,4
3,1,1.0,1.0,2.0,3,4,4,4,4,4,4,4,3,3,3,3,2,3,3,3,4,4,4,4,3,4,3,4,1,1,1,1,1,2,1,1407,gemini,2024,남성,4
3,1,1.0,1.0,2.0,2,3,3,3,4,3,4,4,2,2,2,2,2,3,3,3,4,4,4,4,3,3,3,4,1,1,1,1,1,2,1,1408,gemini,2024,남성,4
3,1,1.0,1.0,1.0,3,4,4,4,4,4,4,4,3,2,3,3,2,4,4,3,4,4,4,4,3,4,3,4,1,1,1,1,1,2,1,1409,gemini,2024,남성,4
3,1,1.0,1.0,2.0,3,4,4,4,4,3,4,4,3,3,3,3,2,3,3,3,4,4,4,4,3,4,3,4,1,1,1,1,1,2,1,1410,gemini,2024,남성,4
3,1,1.0,1.0,1.0,3,4,4,4,4,4,4,4,3,3,3,3,2,3,3,3,4,4,4,4,3,4,4,4,1,1,1,1,1,2,1,1411,gemini,2024,남성,4
3,1,1.0,1.0,1.0,3,4,4,4,4,3,4,4,3,2,2,3,2,3,3,3,4,4,4,4,3,4,3,4,1,1,1,1,1,2,1,1412,gemini,2024,남성,4
3,1,1.0,1.0,2.0,3,4,4,4,4,3,4,4,3,2,3,3,2,3,3,3,4,4,4,4,3,4,3,4,1,1,1,1,1,2,1,1413,gemini,2024,남성,4
3,1,1.0,1.0,1.0,3,4,4,4,4,3,4,4,3,3,3,3,2,3,3,3,4,4,4,4,3,4,3,4,1,1,1,1,1,2,1,1414,gemini,2024,남성,4
3,1,1.0,1.0,1.0,3,4,4,4,4,3,4,4,2,2,2,3,2,3,3,3,4,4,4,4,3,4,3,4,1,1,1,1,1,2,1,1415,gemini,2024,남성,4
3,1,1.0,1.0,2.0,3,4,4,4,4,3,4,4,3,2,3,3,2,3,3,3,4,4,4,4,3,4,3,4,1,1,1,1,1,2,1,1416,gemini,2024,남성,4
3,1,1.0,1.0,1.0,3,4,4,4,4,4,4,4,3,3,3,3,2,3,3,3,4,4,4,4,3,4,3,4,1,1,1,1,1,2,1,1417,gemini,2024,남성,4
3,1,1.0,1.0,2.0,3,4,4,4,4,3,4,4,3,2,3,3,2,3,3,3,4,4,4,4,3,4,3,4,1,1,1,1,1,2,1,1418,gemini,2024,남성,4
3,1,1.0,1.0,1.0,3,4,4,4,4,3,4,3,2,2,2,3,2,3,3,3,4,4,4,4,3,4,3,4,1,1,1,1,1,2,1,1419,gemini,2024,남성,4
3,1,1.0,1.0,1.0,3,4,4,4,4,3,4,4,3,3,3,3,2,3,3,3,4,4,4,4,3,4,3,4,1,1,1,1,1,2,1,1420,gemini,2024,남성,4
3,1,1.0,1.0,1.0,3,4,4,4,4,3,4,4,3,2,2,3,2,3,3,3,4,4,4,4,3,4,3,4,1,1,1,1,1,2,1,1421,gemini,2024,남성,4
3,1,1.0,1.0,2.0,3,4,4,4,4,3,4,4,3,2,3,3,2,3,3,3,4,4,4,4,3,4,3,4,1,1,1,1,1,2,1,1422,gemini,2024,남성,4
3,1,1.0,1.0,1.0,3,4,4,4,4,3,4,4,3,2,2,3,2,3,3,3,4,4,4,4,3,4,3,4,1,1,1,1,1,2,1,1423,gemini,2024,남성,4
3,1,1.0,1.0,1.0,3,4,4,4,4,3,4,4,3,3,3,3,2,3,3,3,4,4,4,4,3,4,3,4,1,1,1,1,1,2,1,1424,gemini,2024,남성,4
3,1,1.0,1.0,1.0,3,4,4,4,4,3,4,3,2,2,2,3,2,3,3,3,4,4,4,4,3,4,3,4,1,1,1,1,1,2,1,1425,gemini,2024,남성,4
3,1,1.0,1.0,1.0,3,4,4,4,4,3,4,3,2,2,2,3,2,3,3,3,4,4,4,4,3,4,3,4,1,1,1,1,1,2,1,1426,gemini,2024,남성,4
3,1,1.0,1.0,2.0,3,4,4,4,4,4,4,4,3,3,3,3,2,3,3,3,4,4,4,4,3,4,3,4,1,1,1,1,1,2,1,1427,gemini,2024,남성,4
3,1,1.0,1.0,2.0,3,4,4,4,4,3,4,4,3,3,3,3,2,3,3,3,4,4,4,4,3,4,3,4,1,1,1,1,1,2,1,1428,gemini,2024,남성,4
3,1,1.0,1.0,1.0,3,4,4,4,4,3,4,4,2,2,2,3,2,3,3,3,4,4,4,4,3,3,3,4,1,1,1,1,1,2,1,1429,gemini,2024,남성,4
3,1,1.0,1.0,1.0,3,4,4,4,4,3,4,3,2,2,2,3,2,3,3,3,4,4,4,4,3,4,3,4,1,1,1,1,1,2,1,1430,gemini,2024,남성,4
3,1,1.0,1.0,1.0,3,4,4,4,4,3,4,4,3,3,3,3,2,3,3,3,4,4,4,4,3,4,3,4,1,1,1,1,1,2,1,1431,gemini,2024,남성,4
3,1,1.0,1.0,2.0,3,4,4,4,4,3,4,3,2,2,2,3,2,3,3,3,4,4,4,4,3,3,3,4,1,1,1,1,1,2,1,1432,gemini,2024,남성,4
3,1,1.0,1.0,1.0,3,4,4,4,4,3,4,4,3,2,2,3,2,3,3,3,4,4,4,4,3,4,3,4,1,1,1,1,1,2,1,1433,gemini,2024,남성,4
3,1,1.0,1.0,2.0,3,4,4,4,4,3,4,4,2,2,2,3,2,3,3,3,4,4,4,4,3,4,3,4,1,1,1,1,1,2,1,1434,gemini,2024,남성,4
3,1,1.0,1.0,1.0,3,4,4,4,4,3,4,4,3,3,3,3,2,3,4,3,4,4,4,4,3,4,3,4,1,1,1,1,1,2,1,1435,gemini,2024,남성,4
3,1,1.0,1.0,1.0,3,4,4,4,4,3,4,4,3,3,3,3,2,3,3,3,4,4,4,4,3,4,3,4,1,1,1,1,1,2,1,1436,gemini,2024,남성,4
3,1,1.0,1.0,2.0,3,4,4,4,4,3,4,4,3,2,3,3,2,3,3,3,4,4,4,4,3,4,3,4,1,1,1,1,1,2,1,1437,gemini,2024,남성,4
3,1,1.0,1.0,1.0,3,4,4,4,4,4,4,4,3,3,3,3,2,4,3,3,4,4,4,4,3,4,3,4,1,1,1,1,1,2,1,1438,gemini,2024,남성,4
3,1,1.0,1.0,2.0,3,4,4,4,4,3,4,4,3,3,3,3,2,3,3,3,4,4,4,4,3,4,3,4,1,1,1,1,1,2,1,1439,gemini,2024,남성,4
3,1,1.0,1.0,1.0,3,4,4,4,4,4,4,4,3,3,3,3,2,3,3,3,4,4,4,4,3,4,4,4,1,1,1,1,1,2,1,1440,gemini,2024,남성,4
3,1,1.0,1.0,1.0,3,4,4,4,4,3,4,4,3,3,3,3,2,3,3,3,4,4,4,4,3,4,3,4,1,1,1,1,1,2,1,1441,gemini,2024,남성,4
3,1,1.0,1.0,1.0,3,4,4,4,4,3,4,4,3,3,3,3,2,3,3,3,4,4,4,4,3,4,3,4,1,1,1,1,1,2,1,1442,gemini,2024,남성,4
3,1,1.0,1.0,1.0,3,4,4,4,4,4,4,4,3,3,3,3,2,3,4,3,4,4,4,4,3,4,3,4,1,1,1,1,1,2,1,1443,gemini,2024,남성,4
3,1,1.0,1.0,2.0,3,4,4,4,4,3,4,4,3,2,3,3,2,3,3,3,4,4,4,4,3,4,3,4,1,1,1,1,1,2,1,1444,gemini,2024,남성,4
3,1,1.0,1.0,1.0,3,4,4,4,4,3,4,4,3,3,3,3,2,3,3,3,4,4,4,4,3,4,3,4,1,1,1,1,1,2,1,1445,gemini,2024,남성,4
3,1,1.0,1.0,1.0,3,4,4,4,4,3,4,4,3,3,3,3,2,3,4,3,4,4,4,4,3,4,3,4,1,1,1,1,1,2,1,1446,gemini,2024,남성,4
3,1,1.0,1.0,2.0,3,4,4,4,4,3,4,4,3,2,3,3,2,3,3,3,4,4,4,4,3,4,3,4,1,1,1,1,1,2,1,1447,gemini,2024,남성,4
3,1,1.0,1.0,2.0,3,4,4,4,4,3,4,4,3,3,3,3,2,3,3,3,4,4,4,4,3,4,3,4,1,1,1,1,1,2,1,1448,gemini,2024,남성,4
3,1,1.0,1.0,2.0,3,4,4,4,4,3,4,4,2,2,2,3,2,3,3,3,4,4,4,4,3,4,3,4,1,1,1,1,1,2,1,1449,gemini,2024,남성,4
3,1,1.0,1.0,2.0,3,4,4,4,4,3,4,4,3,2,2,3,2,3,3,3,4,4,4,4,3,3,3,4,1,1,1,1,1,2,1,1450,gemini,2024,남성,4
3,1,1.0,1.0,1.0,3,4,4,4,4,3,4,3,2,2,2,3,2,3,3,3,4,4,4,4,3,4,3,4,1,1,1,1,1,2,1,1451,gemini,2024,남성,4
3,1,1.0,1.0,2.0,3,4,4,4,4,3,4,4,3,2,2,3,2,4,3,3,4,4,4,4,3,4,3,4,1,1,1,1,1,2,1,1452,gemini,2024,남성,4
3,1,1.0,1.0,2.0,3,4,4,4,4,3,4,4,3,2,3,3,2,3,3,3,4,4,4,4,3,4,3,4,1,1,1,1,1,2,1,1453,gemini,2024,남성,4
3,1,1.0,1.0,2.0,3,4,4,4,4,3,4,4,2,2,2,3,2,3,3,3,4,4,4,4,3,4,3,4,1,1,1,1,1,2,1,1454,gemini,2024,남성,4
3,1,1.0,1.0,2.0,3,4,4,4,4,3,4,4,3,2,3,3,2,3,3,3,4,4,4,4,3,4,3,4,1,1,1,1,1,2,1,1455,gemini,2024,남성,4
3,1,1.0,1.0,1.0,3,4,4,4,4,3,4,4,2,2,2,3,2,3,3,3,4,4,4,4,3,4,3,4,1,1,1,1,1,2,1,1456,gemini,2024,남성,4
3,1,1.0,1.0,1.0,3,4,4,4,4,3,4,4,2,2,2,3,2,3,3,3,4,4,4,4,3,4,3,4,1,1,1,1,1,2,1,1457,gemini,2024,남성,4
3,1,1.0,1.0,1.0,3,4,4,4,4,3,4,4,3,3,3,3,2,3,3,3,4,4,4,4,3,4,3,4,1,1,1,1,1,2,1,1458,gemini,2024,남성,4
3,1,1.0,1.0,2.0,3,4,4,4,4,4,4,4,3,3,3,3,2,3,3,3,4,4,4,4,3,4,3,4,1,1,1,1,1,2,1,1459,gemini,2024,남성,4
3,1,1.0,1.0,2.0,3,4,4,4,4,3,4,4,3,2,2,3,2,3,3,3,4,4,4,4,3,4,3,4,1,1,1,1,1,2,1,1460,gemini,2024,남성,4
3,1,1.0,1.0,2.0,3,4,4,4,4,4,4,4,3,2,3,3,2,4,3,3,4,4,4,4,3,4,3,4,1,1,1,1,1,2,1,1461,gemini,2024,남성,4
3,1,1.0,1.0,1.0,3,4,4,4,4,3,4,4,3,3,3,3,2,3,3,3,4,4,4,4,3,4,3,4,1,1,1,1,1,2,1,1462,gemini,2024,남성,4
3,1,1.0,1.0,1.0,3,4,4,4,4,3,4,4,3,3,3,3,2,3,3,3,4,4,4,4,3,4,3,4,1,1,1,1,1,2,1,1463,gemini,2024,남성,4
3,1,1.0,1.0,2.0,3,4,4,4,4,4,4,4,3,3,3,3,2,3,3,3,4,4,4,4,3,4,3,4,1,1,1,1,1,2,1,1464,gemini,2024,남성,4
3,1,1.0,1.0,1.0,3,4,4,4,4,3,4,4,3,3,3,3,2,3,3,3,4,4,4,4,3,4,3,4,1,1,1,1,1,2,1,1465,gemini,2024,남성,4
3,1,1.0,1.0,1.0,3,4,4,4,4,3,4,3,2,2,2,3,2,3,3,3,4,4,4,4,3,4,3,4,1,1,1,1,1,2,1,1466,gemini,2024,남성,4
3,1,1.0,1.0,1.0,3,4,4,4,4,3,4,4,3,3,3,3,2,3,3,3,4,4,4,4,3,4,3,4,1,1,1,1,1,2,1,1467,gemini,2024,남성,4
3,1,1.0,1.0,1.0,3,4,4,4,4,3,4,4,3,3,3,3,2,3,3,3,4,4,4,4,3,4,3,4,1,1,1,1,1,2,1,1468,gemini,2024,남성,4
3,1,1.0,1.0,1.0,3,4,4,4,4,4,4,4,3,2,3,3,2,4,3,3,4,4,4,4,3,4,3,4,1,1,1,1,1,2,1,1469,gemini,2024,남성,4
3,1,1.0,1.0,1.0,3,4,4,4,4,3,4,4,2,3,2,3,2,3,3,3,4,4,4,4,3,4,3,4,1,1,1,1,1,2,1,1470,gemini,2024,남성,4
3,1,1.0,1.0,1.0,3,4,4,4,4,3,4,4,2,2,2,3,2,4,3,3,4,4,4,4,3,4,3,4,1,1,1,1,1,2,1,1471,gemini,2024,남성,4
3,1,1.0,1.0,1.0,3,4,4,4,4,4,4,4,3,3,3,3,2,3,3,3,4,4,4,4,3,4,4,4,1,1,1,1,1,2,1,1472,gemini,2024,남성,4
3,1,1.0,1.0,1.0,3,4,4,4,4,3,4,4,3,3,3,3,2,3,3,3,4,4,4,4,3,4,3,4,1,1,1,1,1,2,1,1473,gemini,2024,남성,4
3,1,1.0,1.0,1.0,3,4,4,4,4,3,4,4,3,3,3,3,2,3,3,3,4,4,4,4,3,4,3,4,1,1,1,1,1,2,1,1474,gemini,2024,남성,4
3,1,1.0,1.0,1.0,3,4,4,4,4,4,4,4,3,3,3,3,2,3,3,3,4,4,4,4,3,4,4,4,1,1,1,1,1,2,1,1475,gemini,2024,남성,4
3,1,1.0,1.0,1.0,3,4,4,4,4,4,4,4,3,3,3,3,2,3,3,3,4,4,4,4,3,4,3,4,1,1,1,1,1,2,1,1476,gemini,2024,남성,4
3,1,1.0,1.0,1.0,3,4,4,4,4,3,4,4,3,2,2,3,2,3,3,3,4,4,4,4,3,4,3,4,1,1,1,1,1,2,1,1477,gemini,2024,남성,4
3,1,1.0,1.0,2.0,3,4,4,4,4,3,4,4,2,2,2,3,2,3,3,3,4,4,4,4,3,4,3,4,1,1,1,1,1,2,1,1478,gemini,2024,남성,4
3,1,1.0,1.0,2.0,3,4,4,4,4,3,4,4,3,2,2,3,2,3,3,3,4,4,4,4,3,4,3,4,1,1,1,1,1,2,1,1479,gemini,2024,남성,4
3,1,1.0,1.0,1.0,3,4,4,4,4,3,4,3,2,2,2,3,2,3,3,3,4,4,4,4,3,4,3,4,1,1,1,1,1,2,1,1480,gemini,2024,남성,4
3,1,1.0,1.0,2.0,2,4,4,4,4,3,4,4,2,2,2,3,2,3,3,3,4,4,4,4,3,4,3,4,1,1,1,1,1,2,1,1481,gemini,2024,남성,4
3,1,1.0,1.0,1.0,3,4,4,4,4,3,4,4,3,2,2,3,2,3,3,3,4,4,4,4,3,4,3,4,1,1,1,1,1,2,1,1482,gemini,2024,남성,4
3,1,1.0,1.0,1.0,3,4,4,4,4,3,4,4,3,2,2,3,2,3,4,3,4,4,4,4,3,4,3,4,1,1,1,1,1,2,1,1483,gemini,2024,남성,4
3,1,1.0,1.0,1.0,3,4,4,4,4,3,4,4,3,3,3,3,2,3,3,3,4,4,4,4,3,4,3,4,1,1,1,1,1,2,1,1484,gemini,2024,남성,4
3,1,1.0,1.0,1.0,3,4,4,4,4,3,4,4,3,2,3,3,2,4,4,3,4,4,4,4,3,4,3,4,1,1,1,1,1,2,1,1485,gemini,2024,남성,4
3,1,1.0,1.0,1.0,3,4,4,4,4,3,4,3,2,2,2,3,2,3,3,3,4,4,4,4,3,4,3,4,1,1,1,1,1,2,1,1486,gemini,2024,남성,4
3,1,1.0,1.0,2.0,3,4,4,4,4,3,4,4,2,2,2,3,2,3,3,3,4,4,4,4,3,4,3,4,1,1,1,1,1,2,1,1487,gemini,2024,남성,4
3,1,1.0,1.0,2.0,3,4,4,4,4,4,4,4,3,3,3,3,2,3,3,3,4,4,4,4,3,4,3,4,1,1,1,1,1,2,1,1488,gemini,2024,남성,4
3,1,1.0,1.0,2.0,3,4,4,4,4,3,4,4,3,2,2,3,2,3,3,3,4,4,4,4,3,4,3,4,1,1,1,1,1,2,1,1489,gemini,2024,남성,4
3,1,1.0,1.0,1.0,3,4,4,4,4,3,4,4,3,3,3,3,2,3,3,3,4,4,4,4,3,4,3,4,1,1,1,1,1,2,1,1490,gemini,2024,남성,4
3,1,1.0,1.0,1.0,3,4,4,4,4,3,4,4,3,3,3,3,2,3,3,3,4,4,4,4,3,4,3,4,1,1,1,1,1,2,1,1491,gemini,2024,남성,4
3,1,1.0,1.0,1.0,3,4,4,4,4,3,4,4,3,3,3,3,2,3,3,3,4,4,4,4,3,4,3,4,1,1,1,1,1,2,1,1492,gemini,2024,남성,4
3,1,1.0,1.0,1.0,3,4,4,4,4,3,4,4,3,2,2,3,2,4,4,3,4,4,4,4,3,4,3,4,1,1,1,1,1,2,1,1493,gemini,2024,남성,4
3,1,1.0,1.0,1.0,3,4,4,4,4,3,4,3,2,2,2,3,2,3,3,3,4,4,4,4,3,4,3,4,1,1,1,1,1,2,1,1494,gemini,2024,남성,4
3,1,1.0,1.0,2.0,3,4,4,4,4,3,4,4,3,3,3,3,2,3,3,3,4,4,4,4,3,4,3,4,1,1,1,1,1,2,1,1495,gemini,2024,남성,4
3,1,1.0,1.0,1.0,3,4,4,4,4,3,4,4,3,3,3,3,2,3,3,3,4,4,4,4,3,4,3,4,1,1,1,1,1,2,1,1496,gemini,2024,남성,4
3,1,1.0,1.0,2.0,3,4,4,4,4,3,4,4,2,2,2,2,2,3,3,3,4,4,4,4,3,3,3,4,1,1,1,1,1,2,1,1497,gemini,2024,남성,4
3,1,1.0,1.0,2.0,3,4,4,4,4,3,4,4,3,2,3,3,2,3,3,3,4,4,4,4,3,4,3,4,1,1,1,1,1,2,1,1498,gemini,2024,남성,4
3,1,1.0,1.0,2.0,3,4,4,4,4,4,4,4,3,2,3,3,2,3,3,3,4,4,4,4,3,4,3,4,1,1,1,1,1,2,1,1499,gemini,2024,남성,4
3,1,1.0,1.0,2.0,3,4,4,4,4,3,4,4,3,2,3,3,2,3,3,3,4,4,4,4,3,4,3,4,1,1,1,1,1,2,1,1500,gemini,2024,남성,4
3,1,1.0,1.0,1.0,3,4,4,4,4,3,4,4,3,3,3,3,2,3,3,3,4,4,4,4,3,4,3,4,1,1,1,1,1,2,1,1501,gemini,2024,남성,4
3,1,1.0,1.0,2.0,3,4,4,4,4,3,4,4,3,3,3,3,2,3,3,3,4,4,4,4,3,4,3,4,1,1,1,1,1,2,1,1502,gemini,2024,남성,4
3,1,1.0,1.0,1.0,3,4,4,4,4,3,4,4,2,2,2,3,2,3,3,3,4,4,4,4,3,4,3,4,1,1,1,1,1,2,1,1503,gemini,2024,남성,4
3,1,1.0,1.0,1.0,3,4,4,4,4,3,4,4,3,3,3,3,2,3,3,3,4,4,4,4,3,4,3,4,1,1,1,1,1,2,1,1504,gemini,2024,남성,4
3,1,1.0,1.0,2.0,3,4,4,4,4,4,4,4,3,3,3,3,2,3,3,3,4,4,4,4,3,4,3,4,1,1,1,1,1,2,1,1505,gemini,2024,남성,4
3,1,1.0,1.0,1.0,3,4,4,4,4,3,4,4,3,3,3,3,2,3,3,3,4,4,4,4,3,4,3,4,1,1,1,1,1,2,1,1506,gemini,2024,남성,4
3,1,1.0,1.0,2.0,3,4,4,4,4,4,4,4,3,3,3,3,2,3,3,3,4,4,4,4,3,4,3,4,1,1,1,1,1,2,1,1507,gemini,2024,남성,4
3,1,1.0,1.0,2.0,3,4,4,4,4,3,4,4,3,2,2,3,2,3,3,3,4,4,4,4,3,4,3,4,1,1,1,1,1,2,1,1508,gemini,2024,남성,4
3,1,1.0,1.0,2.0,3,4,4,4,4,3,4,4,3,3,3,3,2,3,3,3,4,4,4,4,3,4,3,4,1,1,1,1,1,2,1,1509,gemini,2024,남성,4
3,1,1.0,1.0,1.0,3,4,4,4,4,3,4,3,3,3,3,3,2,3,3,3,4,4,4,4,3,4,3,4,1,1,1,1,1,2,1,1510,gemini,2024,남성,4
3,1,1.0,1.0,2.0,3,4,4,4,4,4,4,4,3,3,3,3,2,3,3,3,4,4,4,4,3,4,3,4,1,1,1,1,1,2,1,1511,gemini,2024,남성,4
3,1,1.0,1.0,1.0,3,4,4,4,4,4,4,4,3,3,3,3,2,3,4,3,4,4,4,4,3,4,3,4,1,1,1,1,1,2,1,1512,gemini,2024,남성,4
3,1,1.0,1.0,2.0,3,4,4,4,4,3,4,4,2,2,2,3,2,3,3,3,4,4,4,4,3,4,3,4,1,1,1,1,1,2,1,1513,gemini,2024,남성,4
3,1,1.0,1.0,1.0,3,4,4,4,4,3,4,3,3,3,3,3,2,3,3,3,4,4,4,4,3,4,3,4,1,1,1,1,1,2,1,1514,gemini,2024,남성,4
3,1,1.0,1.0,1.0,3,4,4,4,4,3,4,4,3,3,3,3,2,3,4,3,4,4,4,4,3,4,3,4,1,1,1,1,1,2,1,1515,gemini,2024,남성,4
3,1,1.0,1.0,1.0,3,4,4,4,4,3,4,4,3,2,2,3,2,3,3,3,4,4,4,4,3,4,3,4,1,1,1,1,1,1,1,1516,gemini,2024,남성,4
3,1,1.0,1.0,1.0,3,4,4,4,4,3,4,4,3,2,2,3,2,4,3,3,4,4,4,4,3,4,3,4,1,1,1,1,1,2,1,1517,gemini,2024,남성,4
3,1,1.0,1.0,2.0,3,4,4,4,4,3,4,4,2,2,2,3,2,3,3,3,4,4,4,4,3,4,3,4,1,1,1,1,1,2,1,1518,gemini,2024,남성,4
3,1,1.0,1.0,1.0,3,4,4,4,4,3,4,4,3,2,3,3,2,4,4,3,4,4,4,4,3,4,3,4,1,1,1,1,1,2,1,1519,gemini,2024,남성,4
3,1,1.0,1.0,1.0,3,4,4,4,4,4,4,4,3,3,3,3,2,3,3,3,4,4,4,4,3,4,3,4,1,1,1,1,1,2,1,1520,gemini,2024,남성,4
3,1,1.0,1.0,2.0,3,4,4,4,4,3,4,4,3,2,2,3,2,3,3,3,4,4,4,4,3,4,3,4,1,1,1,1,1,2,1,1521,gemini,2024,남성,4
3,1,1.0,1.0,2.0,2,4,4,4,4,3,4,4,2,2,2,2,2,3,3,3,4,4,4,4,3,4,3,4,1,1,1,1,1,2,1,1522,gemini,2024,남성,4
3,1,1.0,1.0,2.0,3,4,4,4,4,3,4,4,3,3,3,3,2,3,3,3,4,4,4,4,3,4,3,4,1,1,1,1,1,2,1,1523,gemini,2024,남성,4
3,1,1.0,1.0,1.0,3,4,4,4,4,3,4,3,2,2,2,3,2,3,3,3,4,4,4,4,3,4,3,4,1,1,1,1,1,2,1,1524,gemini,2024,남성,4
3,1,1.0,1.0,1.0,3,4,4,4,4,3,4,4,3,3,3,3,2,3,3,3,4,4,4,4,3,4,3,4,1,1,1,1,1,2,1,1525,gemini,2024,남성,4
3,1,1.0,1.0,2.0,3,4,4,4,4,3,4,4,3,2,3,3,2,3,3,3,4,4,4,4,3,4,3,4,1,1,1,1,1,2,1,1526,gemini,2024,남성,4
3,1,1.0,1.0,2.0,3,4,4,4,4,3,4,4,3,3,3,3,2,3,3,3,4,4,4,4,3,4,3,4,1,1,1,1,1,2,1,1527,gemini,2024,남성,4
3,1,1.0,1.0,1.0,3,4,4,4,4,3,4,4,2,2,2,3,2,3,3,3,4,4,4,4,3,4,3,4,1,1,1,1,1,2,1,1528,gemini,2024,남성,4
3,1,1.0,1.0,2.0,3,4,4,4,4,4,4,4,3,3,3,3,2,3,4,3,4,4,4,4,3,4,3,4,1,1,1,1,1,2,1,1529,gemini,2024,남성,4
3,1,1.0,1.0,1.0,3,4,4,4,4,3,4,3,2,2,2,3,2,3,3,3,4,4,4,4,3,4,3,4,1,1,1,1,1,2,1,1530,gemini,2024,남성,4
3,1,1.0,1.0,1.0,3,4,4,4,4,3,4,3,2,2,2,3,2,3,3,3,4,4,4,4,3,4,3,4,1,1,1,1,1,2,1,1531,gemini,2024,남성,4
3,1,1.0,1.0,2.0,3,4,4,4,4,3,4,3,2,2,2,3,2,3,3,3,4,4,4,4,3,4,3,4,1,1,1,1,1,2,1,1532,gemini,2024,남성,4
3,1,1.0,1.0,1.0,3,4,4,4,4,4,4,4,3,3,3,3,2,3,4,3,4,4,4,4,3,4,3,4,1,1,1,1,1,2,1,1533,gemini,2024,남성,4
3,1,1.0,1.0,2.0,3,4,4,4,4,3,4,4,3,2,2,3,2,4,3,3,4,4,4,4,3,3,3,4,1,1,1,1,1,2,1,1534,gemini,2024,남성,4
3,1,1.0,1.0,1.0,3,4,4,4,4,3,4,4,3,3,3,3,2,3,3,3,4,4,4,4,3,4,3,4,1,1,1,1,1,2,1,1535,gemini,2024,남성,4
3,1,1.0,1.0,1.0,3,4,4,4,4,3,4,4,3,3,3,3,2,3,3,3,4,4,4,4,3,4,3,4,1,1,1,1,1,2,1,1536,gemini,2024,남성,4
3,1,1.0,1.0,1.0,3,4,4,4,4,3,4,4,3,3,3,3,2,3,3,3,4,4,4,4,3,4,3,4,1,1,1,1,1,2,1,1537,gemini,2024,남성,4
3,1,1.0,1.0,1.0,3,4,4,4,4,4,4,4,3,3,3,3,2,3,3,3,4,4,4,4,3,4,3,4,1,1,1,1,1,2,1,1538,gemini,2024,남성,4
3,1,1.0,1.0,1.0,3,4,4,4,4,4,4,4,3,3,3,3,2,3,3,3,4,4,4,4,3,4,3,4,1,1,1,1,1,2,1,1539,gemini,2024,남성,4
3,1,1.0,1.0,2.0,3,4,4,4,4,4,4,4,3,3,3,3,2,3,3,3,4,4,4,4,3,4,3,4,1,1,1,1,1,2,1,1540,gemini,2024,남성,4
3,1,1.0,1.0,2.0,3,4,4,4,4,3,4,4,3,3,3,3,2,3,3,3,4,4,4,4,3,4,3,4,1,1,1,1,1,2,1,1541,gemini,2024,남성,4
3,1,1.0,1.0,1.0,3,4,4,4,4,3,4,4,3,3,3,3,2,3,3,3,4,4,4,4,3,4,3,4,1,1,1,1,1,2,1,1542,gemini,2024,남성,4
3,1,1.0,1.0,1.0,3,4,4,4,4,3,4,4,3,3,3,3,2,3,3,3,4,4,4,4,3,4,3,4,1,1,1,1,1,2,1,1543,gemini,2024,남성,4
3,1,1.0,1.0,1.0,3,4,4,4,4,3,4,4,3,2,2,3,2,3,3,3,4,4,4,4,3,4,3,4,1,1,1,1,1,2,1,1544,gemini,2024,남성,4
3,1,1.0,1.0,1.0,3,4,4,4,4,3,4,4,3,3,3,3,2,3,3,3,4,4,4,4,3,4,3,4,1,1,1,1,1,2,1,1545,gemini,2024,남성,4
3,1,1.0,1.0,1.0,3,4,4,4,4,3,4,4,3,2,3,3,2,3,3,3,4,4,4,4,3,4,3,4,1,1,1,1,1,2,1,1546,gemini,2024,남성,4
3,1,1.0,1.0,2.0,3,4,4,4,4,3,4,4,3,3,3,3,2,3,3,3,4,4,4,4,3,4,3,4,1,1,1,1,1,2,1,1547,gemini,2024,남성,4
3,1,1.0,1.0,1.0,3,4,4,4,4,4,4,4,3,3,3,3,2,3,3,3,4,4,4,4,3,4,3,4,1,1,1,1,1,2,1,1548,gemini,2024,남성,4
3,1,1.0,1.0,2.0,3,4,4,4,4,4,4,4,3,3,3,3,2,3,3,3,4,4,4,4,3,4,3,4,1,1,1,1,1,2,1,1549,gemini,2024,남성,4
3,1,1.0,1.0,2.0,3,4,4,4,4,4,4,4,3,3,3,3,2,3,3,3,4,4,4,4,3,4,3,4,1,1,1,1,1,2,1,1550,gemini,2024,남성,4
3,1,1.0,1.0,2.0,3,4,4,4,4,3,4,4,3,2,2,3,2,3,3,3,4,4,4,4,3,4,3,4,1,1,1,1,1,2,1,1551,gemini,2024,남성,4
3,1,1.0,1.0,1.0,3,4,4,4,4,3,4,3,2,2,2,3,2,3,3,3,4,4,4,4,3,4,3,4,1,1,1,1,1,2,1,1552,gemini,2024,남성,4
3,1,1.0,1.0,2.0,3,4,4,4,4,4,4,4,3,3,3,3,2,3,3,3,4,4,4,4,3,4,3,4,1,1,1,1,1,2,1,1553,gemini,2024,남성,4
3,1,1.0,1.0,1.0,3,4,4,4,4,3,4,4,2,2,2,3,2,3,3,3,4,4,4,4,3,4,3,4,1,1,1,1,1,2,1,1554,gemini,2024,남성,4
3,1,1.0,1.0,1.0,3,4,4,4,4,3,4,3,2,2,2,3,2,3,3,3,4,4,4,4,3,4,3,4,1,1,1,1,1,2,1,1555,gemini,2024,남성,4
3,1,1.0,1.0,2.0,3,4,4,4,4,3,4,4,3,3,3,3,2,3,3,3,4,4,4,4,3,4,3,4,1,1,1,1,1,2,1,1556,gemini,2024,남성,4
3,1,1.0,1.0,2.0,3,4,4,4,4,4,4,4,3,3,3,3,2,3,3,3,4,4,4,4,3,4,3,4,1,1,1,1,1,2,1,1557,gemini,2024,남성,4
3,1,1.0,1.0,1.0,3,4,4,4,4,4,4,4,3,3,3,3,2,3,4,3,4,4,4,4,3,4,3,4,1,1,1,1,1,2,1,1558,gemini,2024,남성,4
3,1,1.0,1.0,2.0,3,4,4,4,4,3,4,4,3,3,3,3,2,3,3,3,4,4,4,4,3,4,3,4,1,1,1,1,1,2,1,1559,gemini,2024,남성,4
3,1,1.0,1.0,1.0,3,4,4,4,4,3,4,4,3,3,3,3,2,3,3,3,4,4,4,4,3,4,3,4,1,1,1,1,1,2,1,1560,gemini,2024,남성,4
3,1,1.0,1.0,1.0,3,4,4,4,4,3,4,3,2,2,2,3,2,3,3,3,4,4,4,4,3,4,3,4,1,1,1,1,1,2,1,1561,gemini,2024,남성,4
3,1,1.0,1.0,1.0,3,4,4,4,4,3,4,4,3,3,3,3,2,3,3,3,4,4,4,4,3,4,3,4,1,1,1,1,1,2,1,1562,gemini,2024,남성,4
3,1,1.0,1.0,2.0,3,4,4,4,4,3,4,4,3,2,3,3,2,3,3,3,4,4,4,4,3,4,3,4,1,1,1,1,1,2,1,1563,gemini,2024,남성,4
3,1,1.0,1.0,1.0,3,4,4,4,4,3,4,4,3,3,3,3,2,3,3,3,4,4,4,4,3,4,3,4,1,1,1,1,1,2,1,1564,gemini,2024,남성,4
3,1,1.0,1.0,2.0,3,4,4,4,4,4,4,4,3,3,3,3,2,3,3,3,4,4,4,4,3,4,4,4,1,1,1,1,1,2,1,1565,gemini,2024,남성,4
3,1,1.0,1.0,1.0,3,4,4,4,4,3,4,4,2,2,2,3,2,3,3,3,4,4,4,4,3,4,3,4,1,1,1,1,1,2,1,1566,gemini,2024,남성,4
3,1,1.0,1.0,2.0,3,4,4,4,4,3,4,4,3,2,2,3,2,4,3,3,4,4,4,4,3,4,3,4,1,1,1,1,1,2,1,1567,gemini,2024,남성,4
3,1,1.0,1.0,2.0,3,4,4,4,4,3,4,4,3,2,3,3,2,3,3,3,4,4,4,4,3,4,3,4,1,1,1,1,1,2,1,1568,gemini,2024,남성,4
3,1,1.0,1.0,2.0,3,4,4,4,4,3,4,4,3,3,3,3,2,3,3,3,4,4,4,4,3,4,3,4,1,1,1,1,1,2,1,1569,gemini,2024,남성,4
3,1,1.0,1.0,2.0,3,4,4,4,4,4,4,4,3,2,3,3,2,4,4,3,4,4,4,4,3,4,3,4,1,1,1,1,1,2,1,1570,gemini,2024,남성,4
3,1,1.0,1.0,2.0,3,4,4,4,4,3,4,3,3,3,3,3,2,3,3,3,4,4,4,4,3,4,3,4,1,1,1,1,1,2,1,1571,gemini,2024,남성,4
3,1,1.0,1.0,1.0,3,4,4,4,4,3,4,4,3,3,3,3,2,3,3,3,4,4,4,4,3,4,3,4,1,1,1,1,1,2,1,1572,gemini,2024,남성,4
3,1,1.0,1.0,1.0,3,4,4,4,4,3,4,4,3,2,2,3,2,4,3,3,4,4,4,4,3,4,3,4,1,1,1,1,1,2,1,1573,gemini,2024,남성,4
3,1,1.0,1.0,1.0,3,4,4,4,4,3,4,4,3,3,3,3,2,3,3,3,4,4,4,4,3,4,4,4,1,1,1,1,1,2,1,1574,gemini,2024,남성,4
3,1,1.0,1.0,1.0,3,4,4,4,4,3,4,4,3,3,3,3,2,3,3,3,4,4,4,4,3,4,3,4,1,1,1,1,1,2,1,1575,gemini,2024,남성,4
3,1,1.0,1.0,1.0,3,4,4,4,4,3,4,4,3,3,3,3,2,3,3,3,4,4,4,4,3,4,3,4,1,1,1,1,1,2,1,1576,gemini,2024,남성,4
3,1,1.0,1.0,2.0,3,4,4,4,4,3,4,4,3,2,3,3,2,3,3,3,4,4,4,4,3,4,3,4,1,1,1,1,1,2,1,1577,gemini,2024,남성,4
3,1,1.0,1.0,2.0,3,4,4,4,4,3,4,4,3,2,3,3,2,3,3,3,4,4,4,4,3,4,3,4,1,1,1,1,1,2,1,1578,gemini,2024,남성,4
3,1,1.0,1.0,1.0,3,4,4,4,4,3,4,4,3,2,2,3,2,3,3,3,4,4,4,4,3,4,3,4,1,1,1,1,1,2,1,1579,gemini,2024,남성,4
3,1,1.0,1.0,2.0,3,4,4,4,4,3,4,4,3,2,2,3,2,4,3,3,4,4,4,4,3,4,3,4,1,1,1,1,1,2,1,1580,gemini,2024,남성,4
3,1,1.0,1.0,1.0,3,4,4,4,4,3,4,4,3,3,3,3,2,3,3,3,4,4,4,4,3,4,3,4,1,1,1,1,1,2,1,1581,gemini,2024,남성,4
3,1,1.0,1.0,2.0,3,4,4,4,4,3,4,4,3,3,3,3,2,3,3,3,4,4,4,4,3,4,3,4,1,1,1,1,1,2,1,1582,gemini,2024,남성,4
3,1,1.0,1.0,1.0,3,4,4,4,4,3,4,4,3,3,3,3,2,3,3,3,4,4,4,4,3,4,3,4,1,1,1,1,1,2,1,1583,gemini,2024,남성,4
3,1,1.0,1.0,2.0,3,4,4,4,4,3,4,4,2,2,2,2,2,3,3,3,4,4,4,4,3,3,3,4,1,1,1,1,1,2,1,1584,gemini,2024,남성,4
3,1,1.0,1.0,2.0,3,4,4,4,4,4,4,4,2,2,2,3,2,3,3,3,4,4,4,4,3,4,3,4,1,1,1,1,1,2,1,1585,gemini,2024,남성,4
3,1,1.0,1.0,1.0,3,4,4,4,4,4,4,4,3,3,3,3,3,4,4,3,4,4,4,4,3,4,3,4,1,1,1,1,1,2,1,1586,gemini,2024,남성,4
3,1,1.0,1.0,2.0,3,4,4,4,4,3,4,4,3,3,3,3,2,3,3,3,4,4,4,4,3,4,3,4,1,1,1,1,1,2,1,1587,gemini,2024,남성,4
3,1,1.0,1.0,2.0,3,4,4,4,4,4,4,4,3,3,3,3,2,3,3,3,4,4,4,4,3,4,3,4,1,1,1,1,1,2,1,1588,gemini,2024,남성,4
3,1,1.0,1.0,2.0,3,4,4,4,4,3,4,4,3,2,3,3,2,4,3,3,4,4,4,4,3,4,3,4,1,1,1,1,1,2,1,1589,gemini,2024,남성,4
3,1,1.0,1.0,2.0,3,4,4,4,4,4,4,4,3,3,3,3,2,3,3,3,4,4,4,4,3,4,3,4,1,1,1,1,1,2,1,1590,gemini,2024,남성,4
3,1,1.0,1.0,2.0,3,4,4,4,4,3,4,4,3,2,3,3,2,3,3,3,4,4,4,4,3,4,3,4,1,1,1,1,1,2,1,1591,gemini,2024,남성,4
3,1,1.0,1.0,2.0,3,4,4,4,4,3,4,4,2,2,2,3,2,3,3,3,4,4,4,4,3,4,3,4,1,1,1,1,1,2,1,1592,gemini,2024,남성,4
3,1,1.0,1.0,1.0,3,4,4,4,4,3,4,4,3,2,2,3,2,3,3,3,4,4,4,4,3,4,3,4,1,1,1,1,1,1,1,1593,gemini,2024,남성,4
3,1,1.0,1.0,2.0,3,4,4,4,4,3,4,4,3,2,2,3,2,3,3,3,4,4,4,4,3,4,3,4,1,1,1,1,1,2,1,1594,gemini,2024,남성,4
3,1,1.0,1.0,2.0,3,4,4,4,4,4,4,4,3,3,3,3,2,3,3,3,4,4,4,4,3,4,3,4,1,1,1,1,1,2,1,1595,gemini,2024,남성,4
3,1,1.0,1.0,1.0,3,4,4,4,4,3,4,4,3,3,3,3,2,3,3,3,4,4,4,4,3,4,3,4,1,1,1,1,1,2,1,1596,gemini,2024,남성,4
3,1,1.0,1.0,2.0,3,4,4,4,4,3,4,4,3,3,3,3,2,3,3,3,4,4,4,4,3,4,3,4,1,1,1,1,1,2,1,1597,gemini,2024,남성,4
3,1,1.0,1.0,2.0,3,4,4,4,4,4,4,4,3,3,3,3,2,3,3,3,4,4,4,4,3,4,3,4,1,1,1,1,1,2,1,1598,gemini,2024,남성,4
3,1,1.0,1.0,1.0,3,4,4,4,4,4,4,4,3,3,3,3,2,3,3,3,4,4,4,4,3,4,3,4,1,1,1,1,1,2,1,1599,gemini,2024,남성,4
3,1,1.0,1.0,1.0,3,4,4,4,4,3,4,4,3,3,3,3,2,3,3,3,4,4,4,4,3,4,3,4,1,1,1,1,1,2,1,1600,gemini,2024,남성,4
3,1,1.0,1.0,1.0,3,4,4,4,4,3,4,4,2,2,2,3,2,3,3,3,4,4,4,4,3,4,3,4,1,1,1,1,1,2,1,1601,gemini,2024,남성,4
3,1,1.0,1.0,1.0,3,4,4,4,4,3,4,4,3,3,3,3,2,3,3,3,4,4,4,4,3,4,3,4,1,1,1,1,1,2,1,1602,gemini,2024,남성,4
3,1,1.0,1.0,2.0,3,4,4,4,4,3,4,3,2,2,2,3,2,3,3,3,4,4,4,4,3,4,3,4,1,1,1,1,1,2,1,1603,gemini,2024,남성,4
3,1,1.0,1.0,2.0,3,4,4,4,4,3,4,4,3,2,3,3,2,3,3,3,4,4,4,4,3,4,3,4,1,1,1,1,1,2,1,1604,gemini,2024,남성,4
3,1,1.0,1.0,1.0,3,4,4,4,4,3,4,3,2,2,2,2,2,3,3,3,4,4,4,4,3,4,3,4,1,1,1,1,1,2,1,1605,gemini,2024,남성,4
3,1,1.0,1.0,1.0,3,4,4,4,4,3,4,4,3,2,3,3,2,4,3,3,4,4,4,4,3,4,3,4,1,1,1,1,1,2,1,1606,gemini,2024,남성,4
3,1,1.0,1.0,1.0,3,4,4,4,4,3,4,4,2,2,2,3,2,3,3,3,4,4,4,4,3,4,3,4,1,1,1,1,1,2,1,1607,gemini,2024,남성,4
3,1,1.0,1.0,1.0,3,4,4,4,4,3,4,4,3,3,3,3,2,3,3,3,4,4,4,4,3,4,3,4,1,1,1,1,1,2,1,1608,gemini,2024,남성,4
3,1,1.0,1.0,2.0,3,4,4,4,4,4,4,4,3,3,3,3,2,3,4,3,4,4,4,4,3,4,3,4,1,1,1,1,1,2,1,1609,gemini,2024,남성,4
3,1,1.0,1.0,1.0,3,4,4,4,4,3,4,4,3,3,3,3,2,3,3,3,4,4,4,4,3,4,3,4,1,1,1,1,1,2,1,1610,gemini,2024,남성,4
3,1,1.0,1.0,2.0,3,4,4,4,4,4,4,4,3,3,3,3,2,3,3,3,4,4,4,4,3,4,3,4,1,1,1,1,1,2,1,1611,gemini,2024,남성,4
3,1,1.0,1.0,2.0,3,4,4,4,4,3,4,4,3,2,3,3,2,4,3,3,4,4,4,4,3,4,3,4,1,1,1,1,1,2,1,1612,gemini,2024,남성,4
3,1,1.0,1.0,1.0,3,4,4,4,4,3,4,3,3,3,3,3,2,3,3,3,4,4,4,4,3,4,3,4,1,1,1,1,1,2,1,1613,gemini,2024,남성,4
3,1,1.0,1.0,1.0,3,4,4,4,4,3,4,3,3,3,3,3,2,3,3,3,4,4,4,4,3,4,4,4,1,1,1,1,1,2,1,1614,gemini,2024,남성,4
3,1,1.0,1.0,1.0,3,4,4,4,4,3,4,4,3,3,3,3,2,3,3,3,4,4,4,4,3,4,3,4,1,1,1,1,1,2,1,1615,gemini,2024,남성,4
3,1,1.0,1.0,1.0,3,4,4,4,4,3,4,4,3,3,3,3,2,3,3,3,4,4,4,4,3,4,3,4,1,1,1,1,1,2,1,1616,gemini,2024,남성,4
3,1,1.0,1.0,2.0,3,4,4,4,4,4,4,4,3,3,3,3,2,3,3,3,4,4,4,4,3,4,3,4,1,1,1,1,1,2,1,1617,gemini,2024,남성,4
3,1,1.0,1.0,1.0,3,4,4,4,4,3,4,4,3,3,3,3,2,3,3,3,4,4,4,4,3,4,3,4,1,1,1,1,1,2,1,1618,gemini,2024,남성,4
3,1,1.0,1.0,1.0,3,4,4,4,4,3,4,4,3,2,2,3,2,3,3,3,4,4,4,4,3,4,3,4,1,1,1,1,1,2,1,1619,gemini,2024,남성,4
3,1,1.0,1.0,1.0,3,4,4,4,4,3,4,4,3,2,2,3,2,4,4,3,4,4,4,4,3,4,3,4,1,1,1,1,1,2,1,1620,gemini,2024,남성,4
3,1,1.0,1.0,2.0,3,4,4,4,4,3,4,4,3,2,2,3,2,3,3,3,4,4,4,4,3,3,3,4,1,1,1,1,1,2,1,1621,gemini,2024,남성,4
3,1,1.0,1.0,2.0,3,4,4,4,4,4,4,4,3,3,3,3,2,3,3,3,4,4,4,4,3,4,3,4,1,1,1,1,1,2,1,1622,gemini,2024,남성,4
3,1,1.0,1.0,2.0,3,4,4,4,4,4,4,4,3,3,3,3,2,3,3,3,4,4,4,4,3,4,4,4,1,1,1,1,1,2,1,1623,gemini,2024,남성,4
3,1,1.0,1.0,2.0,3,4,4,4,4,4,4,4,3,3,3,3,2,3,3,3,4,4,4,4,3,4,3,4,1,1,1,1,1,2,1,1624,gemini,2024,남성,4
3,1,1.0,1.0,1.0,3,4,4,4,4,3,4,3,2,2,2,3,2,3,3,3,4,4,4,4,3,4,3,4,1,1,1,1,1,2,1,1625,gemini,2024,남성,4
3,1,1.0,1.0,1.0,3,4,4,4,4,3,4,4,3,3,3,3,2,3,3,3,4,4,4,4,3,4,3,4,1,1,1,1,1,2,1,1626,gemini,2024,남성,4
3,1,1.0,1.0,2.0,3,4,4,4,4,4,4,4,3,3,3,3,2,3,3,3,4,4,4,4,3,4,3,4,1,1,1,1,1,2,1,1627,gemini,2024,남성,4
3,1,1.0,1.0,2.0,3,4,4,4,4,3,4,4,2,2,2,3,2,4,3,3,4,4,4,4,3,4,3,4,1,1,1,1,1,1,1,1628,gemini,2024,남성,4
3,1,1.0,1.0,2.0,3,4,4,4,4,3,4,4,3,2,3,3,2,4,3,3,4,4,4,4,3,4,3,4,1,1,1,1,1,2,1,1629,gemini,2024,남성,4
3,1,1.0,1.0,2.0,3,4,4,4,4,3,4,4,3,2,3,3,2,3,3,3,4,4,4,4,3,4,3,4,1,1,1,1,1,2,1,1630,gemini,2024,남성,4
3,1,1.0,1.0,2.0,3,4,4,4,4,3,4,4,3,2,2,3,2,3,3,3,4,4,4,4,3,4,3,4,1,1,1,1,1,2,1,1631,gemini,2024,남성,4
3,1,1.0,1.0,2.0,3,4,4,4,4,3,4,4,3,2,3,3,2,3,3,3,4,4,4,4,3,4,3,4,1,1,1,1,1,2,1,1632,gemini,2024,남성,4
3,1,1.0,1.0,1.0,3,4,4,4,4,3,4,4,3,3,3,3,2,3,3,3,4,4,4,4,3,4,3,4,1,1,1,1,1,2,1,1633,gemini,2024,남성,4
3,1,1.0,1.0,1.0,3,4,4,4,4,3,4,3,2,2,2,3,2,3,3,3,4,4,4,4,3,4,3,4,1,1,1,1,1,2,1,1634,gemini,2024,남성,4
3,1,1.0,1.0,1.0,3,4,4,4,4,4,4,4,3,3,3,3,2,3,3,3,4,4,4,4,3,4,4,4,1,1,1,1,1,2,1,1635,gemini,2024,남성,4
3,1,1.0,1.0,2.0,3,4,4,4,4,4,4,4,3,3,3,3,2,3,3,3,4,4,4,4,3,4,3,4,1,1,1,1,1,2,1,1636,gemini,2024,남성,4
3,1,1.0,1.0,2.0,3,4,4,4,4,3,4,4,2,2,2,3,2,3,3,3,4,4,4,4,3,4,3,4,1,1,1,1,1,2,1,1637,gemini,2024,남성,4
3,1,1.0,1.0,1.0,3,4,4,4,4,3,4,4,3,3,3,3,2,3,3,3,4,4,4,4,3,4,3,4,1,1,1,1,1,2,1,1638,gemini,2024,남성,4
3,1,1.0,1.0,1.0,3,4,4,4,4,3,4,4,3,3,3,3,2,3,3,3,4,4,4,4,3,4,3,4,1,1,1,1,1,2,1,1639,gemini,2024,남성,4
3,1,1.0,1.0,1.0,3,4,4,4,4,4,4,4,3,3,3,3,2,3,3,3,4,4,4,4,3,4,3,4,1,1,1,1,1,2,1,1640,gemini,2024,남성,4
3,1,1.0,1.0,2.0,3,4,4,4,4,3,4,4,3,2,2,3,2,4,3,3,4,4,4,4,3,4,3,4,1,1,1,1,1,2,1,1641,gemini,2024,남성,4
3,1,1.0,1.0,2.0,3,4,4,4,4,3,4,4,3,3,3,3,2,3,3,3,4,4,4,4,3,4,3,4,1,1,1,1,1,2,1,1642,gemini,2024,남성,4
3,1,1.0,1.0,2.0,3,4,4,4,4,3,4,4,3,2,3,3,2,3,3,3,4,4,4,4,3,4,3,4,1,1,1,1,1,2,1,1643,gemini,2024,남성,4
3,1,1.0,1.0,1.0,3,4,4,4,4,3,4,4,3,3,3,3,2,3,3,3,4,4,4,4,3,4,3,4,1,1,1,1,1,2,1,1644,gemini,2024,남성,4
3,1,1.0,1.0,1.0,3,4,4,4,4,3,4,4,3,3,3,3,2,3,3,3,4,4,4,4,3,4,3,4,1,1,1,1,1,2,1,1645,gemini,2024,남성,4
3,1,1.0,1.0,1.0,3,4,4,4,4,3,4,4,2,2,3,3,2,3,3,3,4,4,4,4,3,4,3,4,1,1,1,1,1,2,1,1646,gemini,2024,남성,4
3,1,1.0,1.0,2.0,3,4,4,4,4,4,4,4,3,2,3,3,2,4,3,3,4,4,4,4,3,4,3,4,1,1,1,1,1,2,1,1647,gemini,2024,남성,4
3,1,1.0,1.0,1.0,3,4,4,4,4,3,4,4,3,3,3,3,2,3,3,3,4,4,4,4,3,4,3,4,1,1,1,1,1,2,1,1648,gemini,2024,남성,4
3,1,1.0,1.0,2.0,3,4,4,4,4,4,4,4,3,3,3,3,2,3,3,3,4,4,4,4,3,4,3,4,1,1,1,1,1,2,1,1649,gemini,2024,남성,4
3,1,1.0,1.0,2.0,3,4,4,4,4,3,4,4,3,2,2,3,2,3,3,3,4,4,4,4,3,3,3,4,1,1,1,1,1,2,1,1650,gemini,2024,남성,4
3,1,1.0,1.0,2.0,3,4,4,4,4,4,4,4,3,3,3,3,2,4,3,3,4,4,4,4,3,4,3,4,1,1,1,1,1,2,1,1651,gemini,2024,남성,4
3,1,1.0,1.0,2.0,3,4,4,4,4,3,4,4,3,3,3,3,2,3,3,3,4,4,4,4,3,4,3,4,1,1,1,1,1,2,1,1652,gemini,2024,남성,4
3,1,1.0,1.0,1.0,3,4,4,4,4,3,4,4,3,3,3,3,2,3,3,3,4,4,4,4,3,4,3,4,1,1,1,1,1,2,1,1653,gemini,2024,남성,4
3,1,1.0,1.0,2.0,3,4,4,4,4,3,4,4,3,3,3,3,2,3,3,3,4,4,4,4,3,4,3,4,1,1,1,1,1,2,1,1654,gemini,2024,남성,4
3,1,1.0,1.0,1.0,3,4,4,4,4,3,4,4,3,3,3,3,2,3,3,3,4,4,4,4,3,4,3,4,1,1,1,1,1,2,1,1655,gemini,2024,남성,4
3,1,1.0,1.0,1.0,3,4,4,4,4,3,4,3,2,3,2,3,2,4,3,3,4,4,4,4,3,4,3,4,1,1,1,1,1,2,1,1656,gemini,2024,남성,4
3,1,1.0,1.0,1.0,3,4,4,4,4,3,4,3,2,2,2,3,2,3,3,3,4,4,4,4,3,4,3,4,1,1,1,1,1,2,1,1657,gemini,2024,남성,4
3,1,1.0,1.0,2.0,3,4,4,4,4,4,4,4,3,3,3,3,2,3,3,3,4,4,4,4,3,4,3,4,1,1,1,1,1,2,1,1658,gemini,2024,남성,4
3,1,1.0,1.0,2.0,3,4,4,4,4,4,4,4,3,3,3,3,2,3,3,3,4,4,4,4,3,4,3,4,1,1,1,1,1,2,1,1659,gemini,2024,남성,4
3,1,1.0,1.0,1.0,3,4,4,4,4,3,4,4,3,3,3,3,2,3,3,3,4,4,4,4,3,4,3,4,1,1,1,1,1,2,1,1660,gemini,2024,남성,4
3,1,1.0,1.0,1.0,3,4,4,4,4,3,4,4,3,3,3,3,2,3,3,3,4,4,4,4,3,4,3,4,1,1,1,1,1,2,1,1661,gemini,2024,남성,4
3,1,1.0,1.0,1.0,3,4,4,4,4,3,4,4,3,2,2,3,2,3,3,3,4,4,4,4,3,4,3,4,1,1,1,1,1,2,1,1662,gemini,2024,남성,4
3,1,1.0,1.0,2.0,3,4,4,4,4,4,4,4,3,2,3,3,2,3,3,3,4,4,4,4,3,4,3,4,1,1,1,1,1,2,1,1663,gemini,2024,남성,4
3,1,1.0,1.0,1.0,3,4,4,4,4,3,4,3,2,2,2,3,2,3,3,3,4,4,4,4,3,4,3,4,1,1,1,1,1,2,1,1664,gemini,2024,남성,4
3,1,1.0,1.0,2.0,3,4,4,4,4,3,4,4,3,2,3,3,2,3,3,3,4,4,4,4,3,4,3,4,1,1,1,1,1,2,1,1665,gemini,2024,남성,4
3,1,1.0,1.0,1.0,3,4,4,4,4,3,4,4,3,2,2,3,2,3,3,3,4,4,4,4,3,4,3,4,1,1,1,1,1,2,1,1666,gemini,2024,남성,4
3,1,1.0,1.0,1.0,3,4,4,4,4,3,4,4,2,2,3,3,2,3,4,3,4,4,4,4,3,4,3,4,1,1,1,1,1,2,1,1667,gemini,2024,남성,4
3,1,1.0,1.0,1.0,3,4,4,4,4,3,4,4,3,2,3,3,2,4,4,3,4,4,4,4,3,4,3,4,1,1,1,1,1,2,1,1668,gemini,2024,남성,4
3,1,1.0,1.0,2.0,3,4,4,4,4,3,4,4,3,2,2,3,2,3,3,3,4,4,4,4,3,4,3,4,1,1,1,1,1,2,1,1669,gemini,2024,남성,4
3,1,1.0,1.0,1.0,3,4,4,4,4,4,4,4,3,3,3,3,2,3,3,3,4,4,4,4,3,4,4,4,1,1,1,1,1,2,1,1670,gemini,2024,남성,4
3,1,1.0,1.0,1.0,3,4,4,4,4,4,4,4,3,3,3,3,2,3,4,3,4,4,4,4,3,4,3,4,1,1,1,1,1,2,1,1671,gemini,2024,남성,4
3,1,1.0,1.0,2.0,3,4,4,4,4,4,4,4,3,3,3,3,2,3,3,3,4,4,4,4,3,4,3,4,1,1,1,1,1,2,1,1672,gemini,2024,남성,4
3,1,1.0,1.0,2.0,3,4,4,4,4,3,4,4,2,2,2,2,2,3,3,3,4,4,4,4,3,3,3,4,1,1,1,1,1,2,1,1673,gemini,2024,남성,4
3,1,1.0,1.0,1.0,3,4,4,4,4,3,4,4,3,3,3,3,2,3,3,3,4,4,4,4,3,4,3,4,1,1,1,1,1,2,1,1674,gemini,2024,남성,4
3,1,1.0,1.0,2.0,3,4,4,4,4,3,4,4,3,3,3,3,2,3,3,3,4,4,4,4,3,4,3,4,1,1,1,1,1,2,1,1675,gemini,2024,남성,4
3,1,1.0,1.0,1.0,3,4,4,4,4,3,4,4,3,3,3,3,2,3,3,3,4,4,4,4,3,4,3,4,1,1,1,1,1,2,1,1676,gemini,2024,남성,4
3,1,1.0,1.0,1.0,3,4,4,4,4,3,4,4,3,3,3,3,2,3,4,3,4,4,4,4,3,4,3,4,1,1,1,1,1,2,1,1677,gemini,2024,남성,4
3,1,1.0,1.0,2.0,2,3,3,3,4,3,4,3,2,2,2,2,2,3,3,3,4,4,4,4,3,3,3,4,1,1,1,1,1,2,1,1678,gemini,2024,남성,5
3,1,1.0,1.0,2.0,2,4,4,4,4,3,4,4,2,2,2,2,2,3,3,3,4,4,4,4,3,4,3,4,1,1,1,1,1,2,1,1679,gemini,2024,남성,5
3,1,1.0,1.0,2.0,2,3,3,3,4,3,4,3,2,2,2,2,2,3,3,3,4,4,4,4,3,3,3,4,1,1,1,1,1,2,1,1680,gemini,2024,남성,5
3,1,1.0,1.0,2.0,2,3,3,4,4,3,4,3,2,2,2,2,2,3,3,3,4,4,4,4,3,4,3,4,1,1,1,1,1,2,1,1681,gemini,2024,남성,5
3,1,1.0,1.0,2.0,2,3,3,4,4,3,4,3,2,2,2,2,2,3,3,3,4,4,4,4,3,3,3,4,1,1,1,1,1,2,1,1682,gemini,2024,남성,5
3,1,1.0,1.0,2.0,2,3,4,4,4,3,4,3,2,2,2,2,2,3,3,3,4,4,4,4,3,4,3,4,1,1,1,1,1,2,1,1683,gemini,2024,남성,5
3,1,1.0,1.0,2.0,2,3,3,4,4,3,4,3,2,2,2,2,2,3,3,3,4,4,4,4,3,4,3,4,1,1,1,1,1,2,1,1684,gemini,2024,남성,5
3,1,1.0,1.0,2.0,3,4,4,4,4,3,4,3,2,2,2,2,2,3,3,3,4,4,4,4,3,4,3,4,1,1,1,1,1,2,1,1685,gemini,2024,남성,5
3,1,1.0,1.0,2.0,2,3,3,3,4,3,4,3,2,2,2,2,2,3,3,3,4,4,3,3,3,3,3,3,1,1,1,1,1,2,1,1686,gemini,2024,남성,5
3,1,1.0,1.0,2.0,2,4,4,4,4,3,4,3,2,2,2,2,2,3,3,3,4,4,4,4,3,3,3,4,1,1,1,1,1,2,1,1687,gemini,2024,남성,5
3,1,1.0,1.0,2.0,2,3,3,3,4,3,4,3,2,2,2,2,2,3,3,3,4,4,4,4,3,4,3,4,1,1,1,1,1,2,1,1688,gemini,2024,남성,5
3,1,1.0,1.0,2.0,2,3,4,4,4,3,4,3,2,2,2,2,2,3,3,3,4,4,4,4,3,3,3,4,1,1,1,1,1,2,1,1689,gemini,2024,남성,5
3,1,1.0,1.0,2.0,2,3,3,3,4,3,4,3,2,2,2,2,2,3,3,3,4,4,4,4,3,3,3,4,1,1,1,1,1,2,1,1690,gemini,2024,남성,5
3,1,1.0,1.0,2.0,2,4,4,4,4,3,4,4,2,2,2,2,2,3,3,3,4,4,4,4,3,3,3,4,1,1,1,1,1,2,1,1691,gemini,2024,남성,5
3,1,1.0,1.0,2.0,2,3,3,3,4,3,4,4,2,2,2,2,2,3,3,3,4,4,4,4,3,4,3,4,1,1,1,1,1,2,1,1692,gemini,2024,남성,5
3,1,1.0,1.0,2.0,2,4,4,4,4,3,4,4,2,2,2,2,2,3,3,3,4,4,4,4,3,3,3,4,1,1,1,1,1,2,1,1693,gemini,2024,남성,5
3,1,1.0,1.0,2.0,2,3,3,4,4,3,4,3,2,2,2,2,2,3,3,3,4,4,4,4,3,4,3,4,1,1,1,1,1,2,1,1694,gemini,2024,남성,5
3,1,1.0,1.0,2.0,2,3,3,3,4,3,4,4,2,2,2,2,2,3,3,3,4,4,4,4,3,3,3,4,1,1,1,1,1,2,1,1695,gemini,2024,남성,5
3,1,1.0,1.0,2.0,2,3,3,3,4,3,4,3,2,2,2,2,2,3,3,3,4,4,4,4,3,3,3,4,1,1,1,1,1,2,1,1696,gemini,2024,남성,5
3,1,1.0,1.0,2.0,2,3,3,4,4,3,4,3,2,2,2,2,2,3,3,3,4,4,4,4,3,3,3,4,1,1,1,1,1,2,1,1697,gemini,2024,남성,5
3,1,1.0,1.0,2.0,2,3,3,3,4,3,4,3,2,2,2,2,2,3,3,3,4,4,4,4,3,4,3,4,1,1,1,1,1,2,1,1698,gemini,2024,남성,5
3,1,1.0,1.0,2.0,2,3,3,3,4,3,4,4,2,2,2,2,2,3,3,3,4,4,4,4,3,3,3,4,1,1,1,1,1,2,1,1699,gemini,2024,남성,5
3,1,1.0,1.0,2.0,2,3,3,3,4,3,4,3,2,2,2,2,2,3,3,3,4,4,4,4,3,3,3,4,1,1,1,1,1,2,1,1700,gemini,2024,남성,5
3,1,1.0,1.0,2.0,2,3,3,3,4,3,4,3,2,2,2,2,2,3,3,3,4,4,4,4,3,3,3,4,1,1,1,1,1,2,1,1701,gemini,2024,남성,5
3,1,1.0,1.0,2.0,2,4,4,4,4,3,4,3,2,2,2,2,2,3,3,3,4,4,4,4,3,4,3,4,1,1,1,1,1,2,1,1702,gemini,2024,남성,5
3,1,1.0,1.0,2.0,2,3,3,3,4,3,4,3,2,2,2,2,2,3,3,3,4,4,4,4,3,4,3,4,1,1,1,1,1,2,1,1703,gemini,2024,남성,5
3,1,1.0,1.0,2.0,2,3,3,4,4,3,4,3,2,2,2,2,2,3,3,3,4,4,4,4,3,3,3,4,1,1,1,1,1,2,1,1704,gemini,2024,남성,5
3,1,1.0,1.0,2.0,2,4,4,4,4,3,4,3,2,2,2,2,2,3,3,3,4,4,4,4,3,3,3,4,1,1,1,1,1,2,1,1705,gemini,2024,남성,5
3,1,1.0,1.0,2.0,2,4,3,4,4,3,4,4,2,2,2,2,2,3,3,3,4,4,4,4,3,3,3,4,1,1,1,1,1,2,1,1706,gemini,2024,남성,5
3,1,1.0,1.0,2.0,3,4,4,4,4,3,4,3,2,2,2,2,2,3,3,3,4,4,4,4,3,3,3,4,1,1,1,1,1,2,1,1707,gemini,2024,남성,5
3,1,1.0,1.0,2.0,2,4,3,4,4,3,4,3,2,2,2,2,2,3,3,3,4,4,4,4,3,3,3,4,1,1,1,1,1,2,1,1708,gemini,2024,남성,5
3,1,1.0,1.0,2.0,2,3,4,4,4,3,4,4,2,2,2,2,2,3,3,3,4,4,4,4,3,4,3,4,1,1,1,1,1,2,1,1709,gemini,2024,남성,5
3,1,1.0,1.0,2.0,2,3,3,3,4,3,4,4,2,2,2,2,2,3,3,3,4,4,4,4,3,3,3,4,1,1,1,1,1,2,1,1710,gemini,2024,남성,5
3,1,1.0,1.0,2.0,2,3,4,4,4,3,4,4,2,2,2,2,2,3,3,3,4,4,4,4,3,3,3,4,1,1,1,1,1,2,1,1711,gemini,2024,남성,5
3,1,1.0,1.0,2.0,2,3,3,4,4,3,4,3,2,2,2,2,2,3,3,3,4,4,4,4,3,4,3,4,1,1,1,1,1,2,1,1712,gemini,2024,남성,5
3,1,1.0,1.0,2.0,2,3,3,3,4,3,4,4,2,2,2,2,2,3,3,3,4,4,4,4,3,3,3,4,1,1,1,1,1,2,1,1713,gemini,2024,남성,5
3,1,1.0,1.0,2.0,2,4,4,4,4,3,4,3,2,2,2,2,2,3,3,3,4,4,4,4,3,3,3,4,1,1,1,1,1,2,1,1714,gemini,2024,남성,5
3,1,1.0,1.0,2.0,2,3,3,4,4,3,4,3,2,2,2,2,2,3,3,3,4,4,4,4,3,3,3,4,1,1,1,1,1,2,1,1715,gemini,2024,남성,5
3,1,1.0,1.0,2.0,3,4,4,4,4,3,4,3,2,2,2,2,2,3,3,3,4,4,4,4,3,3,3,4,1,1,1,1,1,2,1,1716,gemini,2024,남성,5
3,1,1.0,1.0,2.0,2,3,4,4,4,3,4,4,2,2,2,2,2,3,3,3,4,4,4,4,3,3,3,4,1,1,1,1,1,2,1,1717,gemini,2024,남성,5
3,1,1.0,1.0,2.0,2,3,4,4,4,3,4,3,2,2,2,3,2,3,3,3,4,4,4,4,3,4,3,4,1,1,1,1,1,2,1,1718,gemini,2024,남성,5
3,1,1.0,1.0,2.0,2,4,3,4,4,3,4,3,2,2,2,2,2,3,3,3,4,4,4,4,3,3,3,4,1,1,1,1,1,2,1,1719,gemini,2024,남성,5
3,1,1.0,1.0,2.0,2,4,4,4,4,3,4,4,2,2,2,2,2,3,3,3,4,4,4,4,3,3,3,4,1,1,1,1,1,2,1,1720,gemini,2024,남성,5
3,1,1.0,1.0,2.0,2,3,3,4,4,3,4,3,2,2,2,2,2,3,3,3,4,4,4,4,3,3,3,4,1,1,1,1,1,2,1,1721,gemini,2024,남성,5
3,1,1.0,1.0,2.0,2,3,3,4,4,3,4,3,2,2,2,2,2,3,3,3,4,4,4,4,3,3,3,4,1,1,1,1,1,2,1,1722,gemini,2024,남성,5
3,1,1.0,1.0,2.0,2,4,4,4,4,3,4,4,2,2,2,2,2,3,3,3,4,4,4,4,3,3,3,4,1,1,1,1,1,2,1,1723,gemini,2024,남성,5
3,1,1.0,1.0,2.0,2,3,3,4,4,3,4,3,2,2,2,2,2,3,3,3,4,4,4,4,3,3,3,4,1,1,1,1,1,2,1,1724,gemini,2024,남성,5
3,1,1.0,1.0,2.0,2,3,3,3,4,3,4,3,2,2,2,2,2,3,3,3,4,4,4,4,3,3,3,4,1,1,1,1,1,2,1,1725,gemini,2024,남성,5
3,1,1.0,1.0,2.0,2,3,3,3,4,3,4,3,2,2,2,2,2,3,3,3,4,4,4,4,3,3,3,4,1,1,1,1,1,2,1,1726,gemini,2024,남성,5
3,1,1.0,1.0,2.0,2,3,4,4,4,3,4,3,2,2,2,2,2,3,3,3,4,4,4,4,3,4,3,4,1,1,1,1,1,2,1,1727,gemini,2024,남성,5
3,1,1.0,1.0,2.0,3,4,4,4,4,3,4,3,2,2,2,2,2,3,3,3,4,4,4,4,3,4,3,4,1,1,1,1,1,2,1,1728,gemini,2024,남성,5
3,1,1.0,1.0,2.0,2,3,3,3,4,3,4,3,2,2,2,2,2,3,3,3,4,4,4,4,3,3,3,4,1,1,1,1,1,2,1,1729,gemini,2024,남성,5
3,1,1.0,1.0,2.0,2,4,3,4,4,3,4,3,2,2,2,2,2,3,3,3,4,4,4,4,3,3,3,4,1,1,1,1,1,2,1,1730,gemini,2024,남성,5
3,1,1.0,1.0,2.0,2,3,3,4,4,3,4,3,2,2,2,2,2,3,3,3,4,4,4,4,3,3,3,4,1,1,1,1,1,2,1,1731,gemini,2024,남성,5
3,1,1.0,1.0,2.0,2,4,4,4,4,3,4,3,2,2,2,2,2,3,3,3,4,4,4,4,3,3,3,4,1,1,1,1,1,2,1,1732,gemini,2024,남성,5
3,1,1.0,1.0,2.0,2,4,3,4,4,3,4,3,2,2,2,2,2,3,3,3,4,4,4,4,3,4,3,4,1,1,1,1,1,2,1,1733,gemini,2024,남성,5
3,1,1.0,1.0,2.0,2,3,4,4,4,3,4,4,2,2,2,2,2,3,3,3,4,4,4,4,3,3,3,4,1,1,1,1,1,2,1,1734,gemini,2024,남성,5
3,1,1.0,1.0,2.0,2,3,3,4,4,3,4,3,2,2,2,2,2,3,3,3,4,4,4,4,3,3,3,4,1,1,1,1,1,2,1,1735,gemini,2024,남성,5
3,1,1.0,1.0,2.0,2,3,3,3,4,3,4,3,2,2,2,2,2,3,3,3,4,4,4,4,3,3,3,4,1,1,1,1,1,2,1,1736,gemini,2024,남성,5
3,1,1.0,1.0,2.0,2,3,3,3,4,3,4,4,2,2,2,2,2,3,3,3,4,4,4,4,3,4,3,4,1,1,1,1,1,2,1,1737,gemini,2024,남성,5
3,1,1.0,1.0,2.0,2,3,3,3,4,3,4,3,2,2,2,2,2,3,3,3,4,4,4,4,3,3,3,4,1,1,1,1,1,2,1,1738,gemini,2024,남성,5
3,1,1.0,1.0,2.0,2,3,4,4,4,3,4,4,2,2,2,2,2,3,3,3,4,4,4,4,3,3,3,4,1,1,1,1,1,2,1,1739,gemini,2024,남성,5
3,1,1.0,1.0,2.0,2,3,3,3,4,3,4,3,2,2,2,2,2,3,3,3,4,4,4,4,3,3,3,4,1,1,1,1,1,2,1,1740,gemini,2024,남성,5
3,1,1.0,1.0,2.0,2,3,4,3,4,3,4,3,2,2,2,2,2,3,3,3,4,4,3,3,3,3,3,4,1,1,1,1,1,2,1,1741,gemini,2024,남성,5
3,1,1.0,1.0,2.0,2,3,4,3,4,3,4,3,2,2,2,2,2,3,3,3,4,4,3,4,3,3,3,4,1,1,1,1,1,2,1,1742,gemini,2024,남성,5
3,1,1.0,1.0,2.0,2,4,3,4,4,3,4,4,2,2,2,2,2,3,3,3,4,4,4,4,3,3,3,4,1,1,1,1,1,2,1,1743,gemini,2024,남성,5
3,1,1.0,1.0,2.0,2,3,4,4,4,3,4,3,2,2,2,2,2,3,3,3,4,4,4,4,3,3,3,4,1,1,1,1,1,2,1,1744,gemini,2024,남성,5
3,1,1.0,1.0,2.0,2,3,3,4,4,3,4,3,2,2,2,2,2,3,3,3,4,4,4,4,3,4,3,4,1,1,1,1,1,2,1,1745,gemini,2024,남성,5
3,1,1.0,1.0,2.0,2,3,4,3,4,3,4,3,2,2,2,2,2,3,3,3,4,4,4,4,3,3,3,4,1,1,1,1,1,2,1,1746,gemini,2024,남성,5
3,1,1.0,1.0,2.0,2,3,3,3,4,3,4,3,2,2,2,2,2,3,3,3,4,4,4,4,3,4,3,4,1,1,1,1,1,2,1,1747,gemini,2024,남성,5
3,1,1.0,1.0,2.0,2,3,3,3,4,3,4,3,2,2,2,2,2,3,3,3,4,4,4,4,3,4,3,4,1,1,1,1,1,2,1,1748,gemini,2024,남성,5
3,1,1.0,1.0,2.0,2,3,4,4,4,3,4,3,2,2,2,2,2,3,3,3,4,4,4,4,3,3,3,4,1,1,1,1,1,2,1,1749,gemini,2024,남성,5
3,1,1.0,1.0,2.0,2,3,3,4,4,3,4,3,2,2,2,2,2,3,3,3,4,4,4,4,3,3,3,4,1,1,1,1,1,2,1,1750,gemini,2024,남성,5
3,1,1.0,1.0,2.0,2,4,4,4,4,3,4,3,2,2,2,2,2,3,3,3,4,4,4,4,3,3,3,4,1,1,1,1,1,2,1,1751,gemini,2024,남성,5
3,1,1.0,1.0,2.0,2,3,3,4,4,3,4,3,2,2,2,2,2,3,3,3,4,4,4,4,3,3,3,4,1,1,1,1,1,2,1,1752,gemini,2024,남성,5
3,1,1.0,1.0,2.0,2,4,4,4,4,3,4,4,2,2,2,2,2,3,3,3,4,4,4,4,3,3,3,4,1,1,1,1,1,2,1,1753,gemini,2024,남성,5
3,1,1.0,1.0,2.0,3,4,4,4,4,3,4,4,2,2,2,2,2,3,3,3,4,4,4,4,3,4,3,4,1,1,1,1,1,2,1,1754,gemini,2024,남성,5
3,1,1.0,1.0,2.0,2,3,3,3,4,3,4,3,2,2,2,2,2,3,3,3,4,4,3,3,3,3,3,3,1,1,1,1,1,2,1,1755,gemini,2024,남성,5
3,1,1.0,1.0,2.0,2,3,3,3,4,3,4,3,2,2,2,2,2,3,3,3,4,4,4,4,3,3,3,4,1,1,1,1,1,2,1,1756,gemini,2024,남성,5
3,1,1.0,1.0,2.0,2,3,4,4,4,3,4,4,2,2,2,2,2,3,3,3,4,4,4,4,3,3,3,4,1,1,1,1,1,2,1,1757,gemini,2024,남성,5
3,1,1.0,1.0,2.0,2,4,4,4,4,3,4,3,2,2,2,2,2,3,3,3,4,4,4,4,3,3,3,4,1,1,1,1,1,2,1,1758,gemini,2024,남성,5
3,1,1.0,1.0,2.0,3,4,4,4,4,3,4,3,2,2,2,2,2,3,3,3,4,4,4,4,3,3,3,4,1,1,1,1,1,2,1,1759,gemini,2024,남성,5
3,1,1.0,1.0,2.0,2,3,3,3,4,3,4,3,2,2,2,2,2,3,3,3,4,4,4,4,3,3,3,4,1,1,1,1,1,2,1,1760,gemini,2024,남성,5
3,1,1.0,1.0,2.0,2,3,4,4,4,3,4,3,2,2,2,3,2,3,3,3,4,4,4,4,3,3,3,4,1,1,1,1,1,2,1,1761,gemini,2024,남성,5
3,1,1.0,1.0,2.0,2,3,3,4,4,3,4,3,2,2,2,2,2,3,3,3,4,4,4,4,3,3,3,4,1,1,1,1,1,2,1,1762,gemini,2024,남성,5
3,1,1.0,1.0,2.0,2,3,3,3,4,3,4,4,2,2,2,2,2,3,3,3,4,4,4,4,3,3,3,4,1,1,1,1,1,2,1,1763,gemini,2024,남성,5
3,1,1.0,1.0,2.0,2,4,3,4,4,3,4,3,2,2,2,2,2,3,3,3,4,4,4,4,3,3,3,4,1,1,1,1,1,2,1,1764,gemini,2024,남성,5
3,1,1.0,1.0,2.0,2,4,4,4,4,3,4,3,2,2,2,2,2,3,3,3,4,4,4,4,3,3,3,4,1,1,1,1,1,2,1,1765,gemini,2024,남성,5
3,1,1.0,1.0,2.0,2,3,3,3,4,3,4,3,2,2,2,2,2,3,3,3,4,4,4,4,3,3,3,4,1,1,1,1,1,2,1,1766,gemini,2024,남성,5
3,1,1.0,1.0,2.0,2,3,4,4,4,3,4,3,2,2,2,2,2,3,3,3,4,4,4,4,3,4,3,4,1,1,1,1,1,2,1,1767,gemini,2024,남성,5
3,1,1.0,1.0,2.0,2,3,4,4,4,3,4,3,2,2,2,2,2,3,3,3,4,4,4,4,3,4,3,4,1,1,1,1,1,2,1,1768,gemini,2024,남성,5
3,1,1.0,1.0,2.0,2,4,4,4,4,3,4,3,2,2,2,2,2,3,3,3,4,4,4,4,3,3,3,4,1,1,1,1,1,2,1,1769,gemini,2024,남성,5
3,1,1.0,1.0,2.0,2,3,3,3,4,3,4,3,2,2,2,2,2,3,3,3,4,4,4,4,3,3,3,4,1,1,1,1,1,2,1,1770,gemini,2024,남성,5
3,1,1.0,1.0,2.0,2,3,4,4,4,3,4,3,2,2,2,2,2,3,3,3,4,4,3,4,3,4,3,4,1,1,1,1,1,2,1,1771,gemini,2024,남성,5
3,1,1.0,1.0,2.0,2,3,3,4,4,3,4,3,2,2,2,2,2,3,3,3,4,4,4,4,3,4,3,4,1,1,1,1,1,2,1,1772,gemini,2024,남성,5
3,1,1.0,1.0,2.0,2,4,3,4,4,3,4,4,2,2,2,2,2,3,3,3,4,4,4,4,3,3,3,4,1,1,1,1,1,2,1,1773,gemini,2024,남성,5
3,1,1.0,1.0,2.0,2,3,4,4,4,3,4,3,2,2,2,2,2,3,3,3,4,4,4,4,3,4,3,4,1,1,1,1,1,2,1,1774,gemini,2024,남성,5
3,1,1.0,1.0,2.0,2,3,3,4,4,3,4,3,2,2,2,2,2,3,3,3,4,4,4,4,3,3,3,4,1,1,1,1,1,2,1,1775,gemini,2024,남성,5
3,1,1.0,1.0,2.0,2,3,3,3,4,3,4,4,2,2,2,2,2,3,3,3,4,4,4,4,3,3,3,4,1,1,1,1,1,2,1,1776,gemini,2024,남성,5
3,1,1.0,1.0,2.0,2,4,4,4,4,3,3,3,2,2,2,2,2,3,3,3,4,4,4,4,3,3,3,4,1,1,1,1,1,2,1,1777,gemini,2024,남성,5
3,1,1.0,1.0,2.0,2,4,4,4,4,3,4,4,2,2,2,2,2,3,3,3,4,4,4,4,3,3,3,4,1,1,1,1,1,2,1,1778,gemini,2024,남성,5
3,1,1.0,1.0,2.0,3,4,4,4,4,3,4,3,2,2,2,2,2,3,3,3,4,4,4,4,3,4,3,4,1,1,1,1,1,2,1,1779,gemini,2024,남성,5
3,1,1.0,1.0,2.0,2,4,3,4,4,3,4,3,2,2,2,2,2,3,3,3,4,4,4,4,3,3,3,4,1,1,1,1,1,2,1,1780,gemini,2024,남성,5
3,1,1.0,1.0,2.0,2,4,4,4,4,3,4,3,2,2,2,2,2,3,3,3,4,4,4,4,3,3,3,4,1,1,1,1,1,2,1,1781,gemini,2024,남성,5
3,1,1.0,1.0,2.0,2,3,3,3,4,3,4,3,2,2,2,2,2,3,3,3,4,4,4,4,3,3,3,4,1,1,1,1,1,2,1,1782,gemini,2024,남성,5
3,1,1.0,1.0,2.0,2,3,3,3,4,3,4,3,2,2,2,2,2,3,3,3,4,4,4,4,3,3,3,4,1,1,1,1,1,2,1,1783,gemini,2024,남성,5
3,1,1.0,1.0,2.0,2,4,4,4,4,3,4,3,2,2,2,2,2,3,3,3,4,4,4,4,3,3,3,4,1,1,1,1,1,2,1,1784,gemini,2024,남성,5
3,1,1.0,1.0,2.0,2,4,4,4,4,3,4,4,2,2,2,2,2,3,3,3,4,4,4,4,3,4,3,4,1,1,1,1,1,2,1,1785,gemini,2024,남성,5
3,1,1.0,1.0,2.0,2,3,3,3,4,3,4,3,2,2,2,2,2,3,3,3,4,4,4,4,3,3,3,4,1,1,1,1,1,2,1,1786,gemini,2024,남성,5
3,1,1.0,1.0,2.0,2,3,3,4,4,3,4,3,2,2,2,2,2,3,3,3,4,4,4,4,3,3,3,4,1,1,1,1,1,2,1,1787,gemini,2024,남성,5
3,1,1.0,1.0,2.0,2,3,4,4,4,3,4,4,2,2,2,2,2,3,3,3,4,4,4,4,3,3,3,4,1,1,1,1,1,2,1,1788,gemini,2024,남성,5
3,1,1.0,1.0,2.0,2,4,4,4,4,3,4,4,2,2,2,2,2,3,3,3,4,4,4,4,3,3,3,4,1,1,1,1,1,2,1,1789,gemini,2024,남성,5
3,1,1.0,1.0,2.0,2,3,3,3,4,3,4,3,2,2,2,2,2,3,3,3,4,4,4,4,3,4,3,4,1,1,1,1,1,2,1,1790,gemini,2024,남성,5
3,1,1.0,1.0,2.0,2,4,4,4,4,3,4,4,2,2,2,2,2,3,3,3,4,4,4,4,3,3,3,4,1,1,1,1,1,2,1,1791,gemini,2024,남성,5
3,1,1.0,1.0,2.0,2,3,3,4,4,3,4,3,2,2,2,2,2,3,3,3,4,4,4,4,3,3,3,4,1,1,2,1,1,2,1,1792,gemini,2024,남성,5
3,1,1.0,1.0,2.0,2,3,3,4,4,3,4,3,2,2,2,2,2,3,3,3,4,4,4,4,3,3,3,4,1,1,1,1,1,2,1,1793,gemini,2024,남성,5
3,1,1.0,1.0,2.0,2,3,4,4,4,3,4,3,2,2,2,2,2,3,3,3,4,4,4,4,3,4,3,4,1,1,1,1,1,2,1,1794,gemini,2024,남성,5
3,1,1.0,1.0,2.0,2,3,4,4,4,3,4,3,2,2,2,2,2,3,3,3,4,4,4,4,3,3,3,4,1,1,1,1,1,2,1,1795,gemini,2024,남성,5
3,1,1.0,1.0,2.0,2,3,3,3,4,3,4,3,2,2,2,2,2,3,3,3,4,4,4,4,3,3,3,4,1,1,1,1,1,2,1,1796,gemini,2024,남성,5
3,1,1.0,1.0,2.0,2,3,3,4,4,3,4,3,2,2,2,2,2,3,3,3,4,4,4,4,3,4,3,4,1,1,1,1,1,2,1,1797,gemini,2024,남성,5
3,1,1.0,1.0,2.0,2,3,3,3,4,3,4,3,2,2,2,2,2,3,3,3,4,4,4,4,3,3,3,4,1,1,1,1,1,2,1,1798,gemini,2024,남성,5
3,1,1.0,1.0,2.0,2,3,3,4,4,3,4,3,2,2,2,2,2,3,3,3,4,4,4,4,3,3,3,4,1,1,1,1,1,2,1,1799,gemini,2024,남성,5
3,1,1.0,1.0,2.0,2,3,4,3,4,3,4,3,2,2,2,2,2,3,3,3,4,4,3,3,3,4,3,3,1,1,1,1,1,2,1,1800,gemini,2024,남성,5
3,1,1.0,1.0,2.0,2,4,4,4,4,3,4,3,2,2,2,2,2,3,3,3,4,4,4,4,3,3,3,4,1,1,1,1,1,2,1,1801,gemini,2024,남성,5
3,1,1.0,1.0,2.0,2,4,4,4,4,3,4,3,2,2,2,2,2,3,3,3,4,4,4,4,3,3,3,4,1,1,1,1,1,2,1,1802,gemini,2024,남성,5
3,1,1.0,1.0,2.0,2,3,3,4,4,3,4,3,2,2,2,2,2,3,3,3,4,4,4,4,3,4,3,4,1,1,1,1,1,2,1,1803,gemini,2024,남성,5
3,1,1.0,1.0,2.0,2,4,4,4,4,3,4,3,2,2,2,2,2,3,3,3,4,4,4,4,3,3,3,4,1,1,1,1,1,2,1,1804,gemini,2024,남성,5
3,1,1.0,1.0,2.0,2,3,3,3,4,3,4,3,2,2,2,2,2,3,3,3,4,4,4,4,3,3,3,4,1,1,1,1,1,2,1,1805,gemini,2024,남성,5
3,1,1.0,1.0,2.0,2,4,3,4,4,3,4,3,2,2,2,2,2,3,3,3,4,4,4,4,3,3,3,4,1,1,1,1,1,2,1,1806,gemini,2024,남성,5
3,1,1.0,1.0,2.0,3,4,4,4,4,3,4,4,2,2,2,2,2,3,3,3,4,4,4,4,3,4,3,4,1,1,1,1,1,2,1,1807,gemini,2024,남성,5
3,1,1.0,1.0,2.0,2,4,3,4,4,3,4,3,2,2,2,2,2,3,3,3,4,4,4,4,3,3,3,4,1,1,1,1,1,2,1,1808,gemini,2024,남성,5
3,1,1.0,1.0,2.0,2,3,4,4,4,3,4,4,2,2,2,2,2,3,3,3,4,4,4,4,3,3,3,4,1,1,1,1,1,2,1,1809,gemini,2024,남성,5
3,1,1.0,1.0,2.0,2,4,4,4,4,3,4,3,2,2,2,2,2,3,3,3,4,4,4,4,3,3,3,4,1,1,1,1,1,2,1,1810,gemini,2024,남성,5
3,1,1.0,1.0,2.0,2,3,3,4,4,3,4,3,2,2,2,2,2,3,3,3,4,4,4,4,3,4,3,4,1,1,1,1,1,2,1,1811,gemini,2024,남성,5
3,1,1.0,1.0,2.0,2,4,4,4,4,3,4,3,2,2,2,2,2,3,3,3,4,4,4,4,3,4,3,4,1,1,1,1,1,2,1,1812,gemini,2024,남성,5
3,1,1.0,1.0,2.0,2,3,3,3,4,3,4,3,2,2,2,2,2,3,3,3,4,4,4,4,3,3,3,4,1,1,1,1,1,2,1,1813,gemini,2024,남성,5
3,1,1.0,1.0,2.0,2,4,4,4,4,3,4,3,2,2,2,2,2,3,3,3,4,4,4,4,3,4,3,4,1,1,1,1,1,2,1,1814,gemini,2024,남성,5
3,1,1.0,1.0,2.0,2,4,4,4,4,3,4,3,2,2,2,2,2,3,3,3,4,4,4,4,3,3,3,4,1,1,1,1,1,2,1,1815,gemini,2024,남성,5
3,1,1.0,1.0,2.0,2,3,4,4,4,3,4,3,2,2,2,2,2,3,3,3,4,4,4,4,3,3,3,4,1,1,1,1,1,2,1,1816,gemini,2024,남성,5
3,1,1.0,1.0,2.0,2,3,3,3,4,3,3,3,2,2,2,2,2,3,3,3,4,4,3,3,3,4,3,3,1,1,1,1,1,2,1,1817,gemini,2024,남성,5
3,1,1.0,1.0,2.0,2,3,4,4,4,3,4,3,2,2,2,2,2,3,3,3,4,4,4,4,3,4,3,4,1,1,1,1,1,2,1,1818,gemini,2024,남성,5
3,1,1.0,1.0,2.0,2,3,3,3,4,3,4,3,2,2,2,2,2,3,3,3,4,4,3,3,3,3,3,3,1,1,1,1,1,2,1,1819,gemini,2024,남성,5
3,1,1.0,1.0,2.0,2,4,4,4,4,3,4,3,2,2,2,2,2,3,3,3,4,4,4,4,3,3,3,4,1,1,1,1,1,2,1,1820,gemini,2024,남성,5
3,1,1.0,1.0,2.0,3,4,4,4,4,3,4,3,2,2,2,2,2,3,3,3,4,4,4,4,3,4,3,4,1,1,1,1,1,2,1,1821,gemini,2024,남성,5
3,1,1.0,1.0,2.0,2,3,3,3,4,3,4,3,2,2,2,2,2,3,3,3,4,4,4,4,3,3,3,4,1,1,1,1,1,2,1,1822,gemini,2024,남성,5
3,1,1.0,1.0,2.0,3,4,4,4,4,3,4,3,2,2,2,2,2,3,3,3,4,4,4,4,3,4,3,4,1,1,1,1,1,2,1,1823,gemini,2024,남성,5
3,1,1.0,1.0,2.0,2,3,3,3,4,3,4,3,2,2,2,2,2,3,3,3,4,4,3,4,3,3,3,4,1,1,1,1,1,2,1,1824,gemini,2024,남성,5
3,1,1.0,1.0,2.0,2,4,3,4,4,3,4,3,2,2,2,2,2,3,3,3,4,4,4,4,3,3,3,4,1,1,1,1,1,2,1,1825,gemini,2024,남성,5
3,1,1.0,1.0,2.0,2,3,4,4,4,3,4,3,2,2,2,2,2,3,3,3,4,4,4,4,3,3,3,4,1,1,1,1,1,2,1,1826,gemini,2024,남성,5
3,1,1.0,1.0,2.0,2,3,4,4,4,3,4,3,2,2,2,2,2,3,3,3,4,4,4,4,3,3,3,4,1,1,1,1,1,2,1,1827,gemini,2024,남성,5
3,1,1.0,1.0,2.0,3,4,4,4,4,3,4,3,2,2,2,2,2,3,3,3,4,4,4,4,3,4,3,4,1,1,1,1,1,2,1,1828,gemini,2024,남성,5
3,1,1.0,1.0,2.0,2,3,3,3,4,3,4,3,2,2,2,2,2,3,3,2,4,4,3,3,3,3,3,3,1,1,1,1,1,2,1,1829,gemini,2024,남성,5
3,1,1.0,1.0,2.0,2,3,3,4,4,3,4,3,2,2,2,2,2,3,3,3,4,4,4,4,3,3,3,4,1,1,1,1,1,2,1,1830,gemini,2024,남성,5
3,1,1.0,1.0,2.0,2,3,3,4,4,3,4,3,2,2,2,2,2,3,3,3,4,4,4,4,3,4,3,4,1,1,1,1,1,2,1,1831,gemini,2024,남성,5
3,1,1.0,1.0,2.0,2,4,4,4,4,3,4,4,2,2,2,2,2,3,3,3,4,4,4,4,3,3,3,4,1,1,1,1,1,2,1,1832,gemini,2024,남성,5
3,1,1.0,1.0,2.0,2,3,3,4,4,3,4,3,2,2,2,2,2,3,3,3,4,4,4,4,3,3,3,4,1,1,1,1,1,2,1,1833,gemini,2024,남성,5
3,1,1.0,1.0,2.0,2,3,3,3,4,3,4,3,2,2,2,2,2,3,3,3,4,4,4,4,3,3,3,4,1,1,1,1,1,2,1,1834,gemini,2024,남성,5
3,1,1.0,1.0,2.0,2,4,4,4,4,3,4,3,2,2,2,2,2,3,3,3,4,4,4,4,3,4,3,4,1,1,1,1,1,2,1,1835,gemini,2024,남성,5
3,1,1.0,1.0,2.0,3,4,4,4,4,3,4,3,2,2,2,2,2,3,3,3,4,4,4,4,3,4,3,4,1,1,1,1,1,2,1,1836,gemini,2024,남성,5
3,1,1.0,1.0,2.0,2,3,3,3,4,3,4,3,2,2,2,2,2,3,3,3,4,4,4,4,3,3,3,4,1,1,1,1,1,2,1,1837,gemini,2024,남성,5
3,1,1.0,1.0,2.0,2,3,3,4,4,3,4,3,2,2,2,2,2,3,3,3,4,4,4,4,3,4,3,4,1,1,1,1,1,2,1,1838,gemini,2024,남성,5
3,1,1.0,1.0,2.0,2,3,3,3,4,3,4,3,2,2,2,2,2,3,3,3,4,4,3,3,3,3,3,3,1,1,1,1,1,2,1,1839,gemini,2024,남성,5
3,1,1.0,1.0,2.0,2,4,3,4,3,3,4,3,2,2,2,2,2,3,3,3,4,4,4,4,3,3,3,4,1,1,1,1,1,2,1,1840,gemini,2024,남성,5
3,1,1.0,1.0,2.0,3,4,4,4,4,3,4,3,2,2,2,2,2,3,3,3,4,4,4,4,3,3,3,4,1,1,1,1,1,2,1,1841,gemini,2024,남성,5
3,1,1.0,1.0,2.0,2,3,3,4,4,3,4,3,2,2,2,2,2,3,3,3,4,4,4,4,3,4,3,4,1,1,1,1,1,2,1,1842,gemini,2024,남성,5
3,1,1.0,1.0,2.0,2,3,4,4,4,3,4,3,2,2,2,2,2,3,3,3,4,4,4,4,3,4,3,4,1,1,1,1,1,2,1,1843,gemini,2024,남성,5
3,1,1.0,1.0,2.0,3,4,4,4,4,3,4,3,2,2,2,2,2,3,3,3,4,4,4,4,3,4,3,4,1,1,1,1,1,2,1,1844,gemini,2024,남성,5
3,1,1.0,1.0,2.0,2,3,4,4,4,3,4,3,2,2,2,2,2,3,3,3,4,4,4,4,3,3,3,4,1,1,1,1,1,2,1,1845,gemini,2024,남성,5
3,1,1.0,1.0,2.0,3,4,4,4,4,3,4,3,2,2,2,2,2,3,3,3,4,4,4,4,3,4,3,4,1,1,1,1,1,2,1,1846,gemini,2024,남성,5
3,1,1.0,1.0,2.0,2,3,3,3,4,3,4,3,2,2,2,2,2,3,3,3,4,4,3,3,3,4,3,3,1,1,1,1,1,2,1,1847,gemini,2024,남성,5
3,1,1.0,1.0,2.0,3,4,4,4,4,3,4,3,2,2,2,3,2,3,3,3,4,4,4,4,3,4,3,4,1,1,1,1,1,2,1,1848,gemini,2024,남성,5
3,1,1.0,1.0,2.0,2,3,4,4,4,3,4,3,2,2,2,2,2,3,3,3,4,4,4,4,3,4,3,4,1,1,1,1,1,2,1,1849,gemini,2024,남성,5
3,1,1.0,1.0,2.0,2,3,3,3,4,3,4,4,2,2,2,2,2,3,3,3,4,4,4,4,3,3,3,3,1,1,1,1,1,2,1,1850,gemini,2024,남성,5
3,1,1.0,1.0,2.0,2,4,3,4,4,3,4,3,2,2,2,2,2,3,3,3,4,4,4,4,3,3,3,4,1,1,1,1,1,2,1,1851,gemini,2024,남성,5
3,1,1.0,1.0,2.0,2,4,4,4,4,3,4,3,2,2,2,2,2,3,3,3,4,4,4,4,3,3,3,4,1,1,1,1,1,2,1,1852,gemini,2024,남성,5
3,1,1.0,1.0,2.0,2,4,3,4,4,3,4,3,2,2,2,2,2,3,3,3,4,4,4,4,3,4,3,4,1,1,1,1,1,2,1,1853,gemini,2024,남성,5
3,1,1.0,1.0,2.0,2,3,3,3,4,3,4,3,2,2,2,2,2,3,3,3,4,4,4,4,3,3,3,4,1,1,1,1,1,2,1,1854,gemini,2024,남성,5
3,1,1.0,1.0,2.0,2,3,3,4,4,3,4,3,2,2,2,2,2,3,3,3,4,4,4,4,3,4,3,4,1,1,1,1,1,2,1,1855,gemini,2024,남성,5
3,1,1.0,1.0,2.0,2,3,3,3,4,3,4,3,2,2,2,2,2,3,3,3,4,4,4,4,3,4,3,4,1,1,1,1,1,2,1,1856,gemini,2024,남성,5
3,1,1.0,1.0,2.0,2,3,3,3,4,3,4,3,2,2,2,2,2,3,3,3,4,4,3,3,3,4,3,3,1,1,1,1,1,2,1,1857,gemini,2024,남성,5
3,1,1.0,1.0,2.0,3,4,4,4,4,3,4,3,2,2,2,2,2,3,3,3,4,4,4,4,3,4,3,4,1,1,1,1,1,2,1,1858,gemini,2024,남성,5
3,1,1.0,1.0,2.0,2,3,4,3,4,3,4,3,2,2,2,2,2,3,3,3,4,4,4,4,3,4,3,4,1,1,1,1,1,2,1,1859,gemini,2024,남성,5
3,1,1.0,1.0,2.0,2,3,4,4,4,3,4,3,2,2,2,2,2,3,3,3,4,4,4,4,3,3,3,4,1,1,1,1,1,2,1,1860,gemini,2024,남성,5
3,1,1.0,1.0,2.0,2,3,3,3,4,3,4,3,2,2,2,2,2,3,3,3,4,4,4,4,3,3,3,3,1,1,1,1,1,2,1,1861,gemini,2024,남성,5
3,1,1.0,1.0,2.0,2,3,3,4,4,3,4,3,2,2,2,2,2,3,3,3,4,4,4,4,3,3,3,4,1,1,1,1,1,2,1,1862,gemini,2024,남성,5
3,1,1.0,1.0,2.0,2,4,3,4,4,3,4,3,2,2,2,2,2,3,3,3,4,4,4,4,3,4,3,4,1,1,1,1,1,2,1,1863,gemini,2024,남성,5
3,1,1.0,1.0,2.0,2,3,3,4,4,3,4,3,2,2,2,2,2,3,3,3,4,4,4,4,3,3,3,4,1,1,1,1,1,2,1,1864,gemini,2024,남성,5
3,1,1.0,1.0,2.0,2,4,4,4,4,3,4,4,2,2,2,2,2,3,3,3,4,4,4,4,3,3,3,4,1,1,1,1,1,2,1,1865,gemini,2024,남성,5
3,1,1.0,1.0,2.0,2,3,3,3,4,3,4,3,2,2,2,2,2,3,3,3,4,4,4,4,3,4,3,4,1,1,1,1,1,2,1,1866,gemini,2024,남성,5
3,1,1.0,1.0,2.0,3,4,4,4,4,3,4,3,2,2,2,2,2,3,3,3,4,4,4,4,3,4,3,4,1,1,1,1,1,2,1,1867,gemini,2024,남성,5
3,1,1.0,1.0,2.0,2,3,3,4,4,3,4,3,2,2,2,2,2,3,3,3,4,4,4,4,3,4,3,4,1,1,1,1,1,2,1,1868,gemini,2024,남성,5
3,1,1.0,1.0,2.0,2,4,3,4,4,3,4,3,2,2,2,2,2,3,3,3,4,4,4,4,3,3,3,4,1,1,1,1,1,2,1,1869,gemini,2024,남성,5
3,1,1.0,1.0,2.0,2,3,3,4,4,3,4,3,2,2,2,2,2,3,3,3,4,4,4,4,3,3,3,4,1,1,1,1,1,2,1,1870,gemini,2024,남성,5
3,1,1.0,1.0,2.0,2,3,4,4,4,3,4,3,2,2,2,2,2,3,3,3,4,4,4,4,3,4,3,4,1,1,1,1,1,2,1,1871,gemini,2024,남성,5
3,1,1.0,1.0,2.0,2,3,3,3,4,3,4,3,2,2,2,2,2,3,3,3,4,4,4,4,3,3,3,4,1,1,1,1,1,2,1,1872,gemini,2024,남성,5
3,1,1.0,1.0,2.0,2,4,4,4,4,3,4,3,2,2,2,2,2,3,3,3,4,4,4,4,3,3,3,4,1,1,1,1,1,2,1,1873,gemini,2024,남성,5
3,1,1.0,1.0,2.0,2,3,3,4,4,3,4,3,2,2,2,2,2,3,3,3,4,4,4,4,3,4,3,4,1,1,1,1,1,2,1,1874,gemini,2024,남성,5
3,1,1.0,1.0,2.0,2,3,3,4,4,3,4,3,2,2,2,2,2,3,3,3,4,4,4,4,3,4,3,3,1,1,1,1,1,2,1,1875,gemini,2024,남성,5
3,1,1.0,1.0,2.0,2,4,4,4,4,3,4,4,2,2,2,2,2,3,3,3,4,4,4,4,3,3,3,4,1,1,1,1,1,2,1,1876,gemini,2024,남성,5
3,1,1.0,1.0,2.0,2,3,3,4,4,3,4,3,2,2,2,2,2,3,3,3,4,4,4,4,3,3,3,4,1,1,1,1,1,2,1,1877,gemini,2024,남성,5
3,1,1.0,1.0,2.0,2,3,4,3,4,3,4,4,2,2,2,2,2,3,3,3,4,4,4,4,3,3,3,4,1,1,1,1,1,2,1,1878,gemini,2024,남성,5
3,1,1.0,1.0,2.0,2,3,3,4,4,3,4,4,2,2,2,2,2,3,3,3,4,4,4,4,3,3,3,4,1,1,1,1,1,2,1,1879,gemini,2024,남성,5
3,1,1.0,1.0,2.0,2,3,4,4,4,3,4,3,2,2,2,3,2,3,3,3,4,4,4,4,3,3,3,4,1,1,1,1,1,2,1,1880,gemini,2024,남성,5
3,1,1.0,1.0,2.0,2,3,3,3,4,3,4,3,2,2,2,2,2,3,3,3,4,4,4,4,3,3,3,3,1,1,1,1,1,2,1,1881,gemini,2024,남성,5
3,1,1.0,1.0,2.0,2,4,4,4,4,3,4,4,2,2,2,2,2,3,3,3,4,4,4,4,3,3,3,4,1,1,1,1,1,2,1,1882,gemini,2024,남성,5
3,1,1.0,1.0,2.0,2,3,3,4,4,3,4,3,2,2,2,2,2,3,3,3,4,4,4,4,3,3,3,4,1,1,1,1,1,2,1,1883,gemini,2024,남성,5
3,1,1.0,1.0,2.0,2,3,3,4,4,3,4,4,2,2,2,2,2,3,3,3,4,4,4,4,3,4,3,4,1,1,1,1,1,2,1,1884,gemini,2024,남성,5
3,1,1.0,1.0,2.0,2,4,3,4,4,3,4,3,2,2,2,2,2,3,3,3,4,4,4,4,3,3,3,4,1,1,1,1,1,2,1,1885,gemini,2024,남성,5
3,1,1.0,1.0,2.0,2,3,3,3,4,3,4,4,2,2,2,2,2,3,3,3,4,4,4,4,3,4,3,4,1,1,1,1,1,2,1,1886,gemini,2024,남성,5
3,1,1.0,1.0,2.0,2,3,3,3,4,3,4,3,2,2,2,2,2,3,3,3,4,4,4,4,3,3,3,4,1,1,1,1,1,2,1,1887,gemini,2024,남성,5
3,1,1.0,1.0,2.0,2,3,3,4,4,3,4,3,2,2,2,2,2,3,3,3,4,4,4,4,3,3,3,4,1,1,1,1,1,2,1,1888,gemini,2024,남성,5
3,1,1.0,1.0,2.0,2,3,3,4,4,3,4,3,2,2,2,2,2,3,3,3,4,4,4,4,3,4,3,4,1,1,1,1,1,2,1,1889,gemini,2024,남성,5
3,1,1.0,1.0,2.0,2,3,3,3,4,3,4,4,2,2,2,2,2,3,3,3,4,4,4,4,3,3,3,4,1,1,1,1,1,2,1,1890,gemini,2024,남성,5
3,1,1.0,1.0,2.0,2,3,3,3,4,3,4,3,2,2,2,2,2,3,3,3,4,4,4,4,3,3,3,4,1,1,1,1,1,2,1,1891,gemini,2024,남성,5
3,1,1.0,1.0,2.0,2,4,4,4,4,3,4,3,2,2,2,2,2,3,3,3,4,4,4,4,3,3,3,4,1,1,1,1,1,2,1,1892,gemini,2024,남성,5
3,1,1.0,1.0,2.0,2,3,3,3,4,3,4,3,2,2,2,2,2,3,3,3,4,4,4,4,3,4,3,4,1,1,1,1,1,2,1,1893,gemini,2024,남성,5
3,1,1.0,1.0,2.0,2,3,3,4,4,3,4,3,2,2,2,2,2,3,3,3,4,4,4,4,3,4,3,4,1,1,1,1,1,2,1,1894,gemini,2024,남성,5
3,1,1.0,1.0,2.0,2,3,3,3,4,3,4,3,2,2,2,2,2,3,3,3,4,4,3,3,3,4,3,3,1,1,1,1,1,2,1,1895,gemini,2024,남성,5
3,1,1.0,1.0,2.0,2,3,3,4,4,3,4,3,2,2,2,2,2,3,3,3,4,4,4,4,3,4,3,4,1,1,1,1,1,2,1,1896,gemini,2024,남성,5
3,1,1.0,1.0,2.0,2,3,3,3,4,3,4,3,2,2,2,2,2,3,3,3,4,4,4,4,3,3,3,4,1,1,1,1,1,2,1,1897,gemini,2024,남성,5
3,1,1.0,1.0,2.0,2,3,3,3,4,3,4,3,2,2,2,2,2,3,3,3,4,4,4,4,3,4,3,4,1,1,1,1,1,2,1,1898,gemini,2024,남성,5
3,1,1.0,1.0,2.0,2,3,3,4,4,3,4,4,2,2,2,2,2,3,3,3,4,4,4,4,3,4,3,4,1,1,1,1,1,2,1,1899,gemini,2024,남성,5
3,1,1.0,1.0,2.0,2,3,4,4,4,3,4,3,2,2,2,2,2,3,3,3,4,4,4,4,3,3,3,4,1,1,1,1,1,2,1,1900,gemini,2024,남성,5
3,1,1.0,1.0,2.0,2,3,3,4,4,3,4,3,2,2,2,2,2,3,3,3,4,4,3,3,3,3,3,3,1,1,1,1,1,2,1,1901,gemini,2024,남성,5
3,1,1.0,1.0,2.0,2,3,3,4,4,3,4,3,2,2,2,2,2,3,3,3,4,4,4,4,3,4,3,4,1,1,1,1,1,2,1,1902,gemini,2024,남성,5
3,1,1.0,1.0,2.0,2,3,3,3,4,3,4,3,2,2,2,2,2,3,3,3,4,4,4,4,3,3,3,4,1,1,1,1,1,2,1,1903,gemini,2024,남성,5
3,1,1.0,1.0,2.0,2,3,3,3,4,3,4,3,2,2,2,2,2,3,3,3,4,4,3,3,3,3,3,3,1,1,1,1,1,2,1,1904,gemini,2024,남성,5
3,1,1.0,1.0,2.0,2,3,4,3,4,3,4,3,2,2,2,2,2,3,3,3,4,4,4,4,3,3,3,4,1,1,1,1,1,2,1,1905,gemini,2024,남성,5
3,1,1.0,1.0,2.0,2,3,3,4,4,3,4,3,2,2,2,2,2,3,3,3,4,4,4,4,3,3,3,4,1,1,1,1,1,2,1,1906,gemini,2024,남성,5
3,1,1.0,1.0,2.0,2,3,4,4,4,3,4,3,2,2,2,2,2,3,3,3,4,4,4,4,3,4,3,4,1,1,1,1,1,2,1,1907,gemini,2024,남성,5
3,1,1.0,1.0,2.0,2,3,4,4,4,3,4,3,2,2,2,2,2,3,3,3,4,4,4,4,3,3,3,4,1,1,1,1,1,2,1,1908,gemini,2024,남성,5
3,1,1.0,1.0,2.0,3,4,4,4,4,3,4,4,2,2,2,2,2,3,3,3,4,4,4,4,3,4,3,4,1,1,1,1,1,2,1,1909,gemini,2024,남성,5
3,1,1.0,1.0,2.0,2,3,3,4,4,3,4,3,2,2,2,2,2,3,3,3,4,4,4,4,3,4,3,4,1,1,1,1,1,2,1,1910,gemini,2024,남성,5
3,1,1.0,1.0,2.0,2,3,3,3,4,3,4,3,2,2,2,2,2,3,3,3,4,4,4,4,3,3,3,4,1,1,1,1,1,2,1,1911,gemini,2024,남성,5
3,1,1.0,1.0,2.0,2,3,3,4,4,3,4,3,2,2,2,2,2,3,3,3,4,4,4,4,3,3,3,4,1,1,1,1,1,2,1,1912,gemini,2024,남성,5
3,1,1.0,1.0,2.0,2,4,4,4,4,3,4,3,2,2,2,2,2,3,3,3,4,4,4,4,3,3,3,4,1,1,1,1,1,2,1,1913,gemini,2024,남성,5
3,1,1.0,1.0,2.0,2,4,3,4,4,3,4,3,2,2,2,2,2,3,3,3,4,4,4,4,3,3,3,4,1,1,1,1,1,2,1,1914,gemini,2024,남성,5
3,1,1.0,1.0,2.0,2,4,4,4,4,3,4,4,2,2,2,2,2,3,3,3,4,4,4,4,3,3,3,4,1,1,1,1,1,2,1,1915,gemini,2024,남성,5
3,1,1.0,1.0,2.0,2,3,3,3,4,3,4,3,2,2,2,2,2,3,3,3,4,4,4,4,3,3,3,3,1,1,1,1,1,2,1,1916,gemini,2024,남성,5
3,1,1.0,1.0,2.0,2,4,3,4,4,3,4,3,2,2,2,2,2,3,3,3,4,4,4,4,3,4,3,4,1,1,1,1,1,2,1,1917,gemini,2024,남성,5
3,1,1.0,1.0,2.0,2,3,3,3,4,3,4,3,2,2,2,2,2,3,3,3,4,4,4,4,3,3,3,4,1,1,1,1,1,2,1,1918,gemini,2024,남성,5
3,1,1.0,1.0,2.0,2,3,3,3,4,3,4,3,2,2,2,2,2,3,3,3,4,4,4,4,3,3,3,4,1,1,1,1,1,2,1,1919,gemini,2024,남성,5
3,1,1.0,1.0,2.0,3,4,4,4,4,3,4,3,2,2,2,2,2,3,3,3,4,4,4,4,3,4,3,4,1,1,1,1,1,2,1,1920,gemini,2024,남성,5
3,1,1.0,1.0,2.0,2,3,3,3,4,3,4,3,2,2,2,2,2,3,3,3,4,4,4,4,3,3,3,3,1,1,1,1,1,2,1,1921,gemini,2024,남성,5
3,1,1.0,1.0,2.0,2,3,4,3,4,3,4,3,2,2,2,2,2,3,3,3,4,4,4,4,3,3,3,4,1,1,1,1,1,2,1,1922,gemini,2024,남성,5
3,1,1.0,1.0,2.0,2,3,4,4,4,3,4,4,2,2,2,2,2,3,3,3,4,4,4,4,3,4,3,4,1,1,1,1,1,2,1,1923,gemini,2024,남성,5
3,1,1.0,1.0,2.0,2,4,3,4,4,3,4,3,2,2,2,2,2,3,3,3,4,4,4,4,3,3,3,4,1,1,1,1,1,2,1,1924,gemini,2024,남성,5
3,1,1.0,1.0,2.0,2,3,4,4,4,3,4,3,2,2,2,3,2,3,3,3,4,4,4,4,3,3,3,4,1,1,1,1,1,2,1,1925,gemini,2024,남성,5
3,1,1.0,1.0,2.0,2,3,3,4,4,3,4,3,2,2,2,2,2,3,3,3,4,4,4,4,3,4,3,4,1,1,1,1,1,2,1,1926,gemini,2024,남성,5
3,1,1.0,1.0,2.0,2,3,3,4,4,3,4,3,2,2,2,2,2,3,3,3,4,4,4,4,3,3,3,4,1,1,1,1,1,2,1,1927,gemini,2024,남성,5
3,1,1.0,1.0,2.0,2,3,3,3,4,3,4,3,2,2,2,2,2,3,3,3,4,4,4,4,3,3,3,4,1,1,1,1,1,2,1,1928,gemini,2024,남성,5
3,1,1.0,1.0,2.0,2,3,3,4,4,3,4,3,2,2,2,2,2,3,3,3,4,4,4,4,3,4,3,4,1,1,1,1,1,2,1,1929,gemini,2024,남성,5
3,1,1.0,1.0,2.0,2,4,4,4,4,3,4,3,2,2,2,2,2,3,3,3,4,4,4,4,3,3,3,4,1,1,1,1,1,2,1,1930,gemini,2024,남성,5
3,1,1.0,1.0,2.0,2,3,3,3,4,3,4,3,2,2,2,2,2,3,3,3,4,4,4,4,3,3,3,3,1,1,1,1,1,2,1,1931,gemini,2024,남성,5
3,1,1.0,1.0,2.0,2,3,3,4,4,3,4,3,2,2,2,2,2,3,3,3,4,4,4,4,3,4,3,4,1,1,1,1,1,2,1,1932,gemini,2024,남성,5
3,1,1.0,1.0,2.0,2,3,3,4,4,3,4,3,2,2,2,2,2,3,3,3,4,4,4,4,3,3,3,4,1,1,1,1,1,2,1,1933,gemini,2024,남성,5
3,1,1.0,1.0,2.0,2,3,3,3,4,3,4,3,2,2,2,2,2,3,3,3,4,4,4,4,3,3,3,4,1,1,1,1,1,2,1,1934,gemini,2024,남성,5
3,1,1.0,1.0,2.0,2,3,3,3,4,3,4,3,2,2,2,2,2,3,3,3,4,4,4,4,3,3,3,4,1,1,1,1,1,2,1,1935,gemini,2024,남성,5
3,1,1.0,1.0,2.0,2,4,3,4,4,3,4,4,2,2,2,2,2,3,3,3,4,4,4,4,3,4,3,4,1,1,1,1,1,2,1,1936,gemini,2024,남성,5
3,1,1.0,1.0,2.0,2,3,3,4,4,3,4,3,2,2,2,2,2,3,3,3,4,4,4,4,3,3,3,4,1,1,1,1,1,2,1,1937,gemini,2024,남성,5
3,1,1.0,1.0,2.0,2,4,4,4,4,3,4,4,2,2,2,2,2,3,3,3,4,4,4,4,3,3,3,4,1,1,1,1,1,2,1,1938,gemini,2024,남성,5
3,1,1.0,1.0,2.0,2,4,4,4,4,3,4,4,2,2,2,2,2,3,3,3,4,4,4,4,3,4,3,4,1,1,1,1,1,2,1,1939,gemini,2024,남성,5
3,1,1.0,1.0,2.0,2,3,3,3,4,3,4,4,2,2,2,2,2,3,3,3,4,4,4,4,3,3,3,4,1,1,1,1,1,2,1,1940,gemini,2024,남성,5
3,1,1.0,1.0,2.0,2,4,3,4,4,3,4,3,2,2,2,2,2,3,3,3,4,4,4,4,3,3,3,4,1,1,1,1,1,2,1,1941,gemini,2024,남성,5
3,1,1.0,1.0,2.0,3,4,4,4,4,3,4,3,2,2,2,2,2,3,3,3,4,4,4,4,3,3,3,4,1,1,1,1,1,2,1,1942,gemini,2024,남성,5
3,1,1.0,1.0,2.0,2,4,3,4,4,3,4,3,2,2,2,2,2,3,3,3,4,4,4,4,3,3,3,4,1,1,1,1,1,2,1,1943,gemini,2024,남성,5
3,1,1.0,1.0,2.0,2,4,4,4,4,3,4,3,2,2,2,2,2,3,3,3,4,4,4,4,3,3,3,4,1,1,1,1,1,2,1,1944,gemini,2024,남성,5
3,1,1.0,1.0,2.0,2,3,3,4,4,3,4,3,2,2,2,2,2,3,3,3,4,4,4,4,3,3,3,4,1,1,1,1,1,2,1,1945,gemini,2024,남성,5
3,1,1.0,1.0,2.0,2,3,4,4,4,3,4,4,2,2,2,2,2,3,3,3,4,4,4,4,3,3,3,4,1,1,1,1,1,2,1,1946,gemini,2024,남성,5
3,1,1.0,1.0,2.0,2,3,3,3,4,3,4,3,2,2,2,2,2,3,3,3,4,4,4,4,3,3,3,4,1,1,1,1,1,2,1,1947,gemini,2024,남성,5
3,1,1.0,1.0,2.0,3,4,4,4,4,3,4,3,2,2,2,2,2,3,3,3,4,4,4,4,3,4,3,4,1,1,1,1,1,2,1,1948,gemini,2024,남성,5
3,1,1.0,1.0,2.0,2,3,3,3,4,3,4,3,2,2,2,2,2,3,3,3,4,4,4,4,3,3,3,4,1,1,1,1,1,2,1,1949,gemini,2024,남성,5
3,1,1.0,1.0,2.0,2,3,3,4,4,3,4,3,2,2,2,2,2,3,3,3,4,4,4,4,3,4,3,4,1,1,1,1,1,2,1,1950,gemini,2024,남성,5
3,1,1.0,1.0,2.0,2,3,3,3,4,3,4,3,2,2,2,2,2,3,3,3,4,4,4,4,3,3,3,3,1,1,1,1,1,2,1,1951,gemini,2024,남성,5
3,1,1.0,1.0,2.0,2,4,4,4,4,3,4,3,2,2,2,2,2,3,3,3,4,4,4,4,3,4,3,4,1,1,1,1,1,2,1,1952,gemini,2024,남성,5
3,1,1.0,1.0,2.0,2,3,3,4,4,3,4,3,2,2,2,2,2,3,3,3,4,4,4,4,3,3,3,4,1,1,1,1,1,2,1,1953,gemini,2024,남성,5
3,1,1.0,1.0,2.0,2,3,4,4,4,3,4,3,2,2,2,2,2,3,3,3,4,4,4,4,3,4,3,4,1,1,1,1,1,2,1,1954,gemini,2024,남성,5
3,1,1.0,1.0,2.0,2,3,3,4,4,3,4,3,2,2,2,2,2,3,3,3,4,4,4,4,3,3,3,4,1,1,1,1,1,2,1,1955,gemini,2024,남성,5
3,1,1.0,1.0,2.0,2,3,3,3,4,3,4,3,2,2,2,2,2,3,3,3,4,4,4,4,3,3,3,4,1,1,1,1,1,2,1,1956,gemini,2024,남성,5
3,1,1.0,1.0,2.0,2,3,3,4,4,3,4,3,2,2,2,3,2,3,3,3,4,4,4,4,3,4,3,4,1,1,1,1,1,2,1,1957,gemini,2024,남성,5
3,1,1.0,1.0,2.0,2,3,3,4,4,3,4,3,2,2,2,2,2,3,3,3,4,4,4,4,3,4,3,4,1,1,1,1,1,2,1,1958,gemini,2024,남성,5
3,1,1.0,1.0,2.0,2,4,4,4,4,3,4,4,2,2,2,2,2,3,3,3,4,4,4,4,3,4,3,4,1,1,1,1,1,2,1,1959,gemini,2024,남성,5
3,1,1.0,1.0,2.0,2,3,3,3,4,3,4,3,2,2,2,2,2,3,3,3,4,4,4,4,3,3,3,3,1,1,1,1,1,2,1,1960,gemini,2024,남성,5
3,1,1.0,1.0,2.0,2,4,4,4,4,3,4,3,2,2,2,2,2,3,3,3,4,4,4,4,3,4,3,4,1,1,1,1,1,2,1,1961,gemini,2024,남성,5
3,1,1.0,1.0,2.0,2,4,4,4,4,3,4,4,2,2,2,2,2,3,3,3,4,4,4,4,3,3,3,4,1,1,1,1,1,2,1,1962,gemini,2024,남성,5
3,1,1.0,1.0,2.0,2,3,3,3,4,3,4,4,2,2,2,2,2,3,3,3,4,4,4,4,3,3,3,4,1,1,1,1,1,2,1,1963,gemini,2024,남성,5
3,1,1.0,1.0,2.0,2,3,3,3,4,3,4,3,2,2,2,2,2,3,3,3,4,4,4,4,3,3,3,3,1,1,1,1,1,2,1,1964,gemini,2024,남성,5
3,1,1.0,1.0,2.0,2,4,4,4,4,3,4,3,2,2,2,2,2,3,3,3,4,4,4,4,3,4,3,4,1,1,1,1,1,2,1,1965,gemini,2024,남성,5
3,1,1.0,1.0,2.0,2,3,4,4,4,3,4,3,2,2,2,3,2,3,3,3,4,4,4,4,3,3,3,4,1,1,1,1,1,2,1,1966,gemini,2024,남성,5
3,1,1.0,1.0,2.0,2,3,4,4,4,3,4,3,2,2,2,2,2,3,3,3,4,4,4,4,3,3,3,4,1,1,1,1,1,2,1,1967,gemini,2024,남성,5
3,1,1.0,1.0,2.0,2,3,3,3,4,3,4,3,2,2,2,2,2,3,3,3,4,4,3,4,3,3,3,4,1,1,1,1,1,2,1,1968,gemini,2024,남성,5
3,1,1.0,1.0,2.0,2,4,3,4,4,3,4,3,2,2,2,2,2,3,3,3,4,4,4,4,3,3,3,4,1,1,1,1,1,2,1,1969,gemini,2024,남성,5
3,1,1.0,1.0,2.0,2,3,3,3,4,3,4,3,2,2,2,2,2,3,3,3,4,4,3,3,3,3,3,3,1,1,1,1,1,2,1,1970,gemini,2024,남성,5
3,1,1.0,1.0,2.0,2,3,3,3,4,3,4,3,2,2,2,2,2,3,3,3,4,4,4,4,3,3,3,4,1,1,1,1,1,2,1,1971,gemini,2024,남성,5
3,1,1.0,1.0,2.0,2,3,3,3,4,3,4,3,2,2,2,2,2,3,3,3,4,4,4,4,3,3,3,4,1,1,1,1,1,2,1,1972,gemini,2024,남성,5
3,1,1.0,1.0,2.0,2,4,4,4,4,3,4,4,2,2,2,2,2,3,3,3,4,4,4,4,3,3,3,4,1,1,1,1,1,2,1,1973,gemini,2024,남성,5
3,1,1.0,1.0,2.0,2,3,3,3,3,2,3,3,2,2,2,2,2,3,3,3,4,4,3,3,3,3,3,3,1,1,2,1,1,2,1,1974,gemini,2024,남성,5
3,1,1.0,1.0,2.0,2,3,3,3,4,3,4,3,2,2,2,2,2,3,3,3,4,4,4,4,3,3,3,4,1,1,1,1,1,2,1,1975,gemini,2024,남성,5
3,1,1.0,1.0,2.0,2,3,3,4,4,3,4,3,2,2,2,2,2,3,3,3,4,4,4,4,3,4,3,4,1,1,1,1,1,2,1,1976,gemini,2024,남성,5
3,1,1.0,1.0,2.0,3,4,4,4,4,3,4,3,2,2,2,3,2,3,3,3,4,4,4,4,3,3,3,4,1,1,1,1,1,2,1,1977,gemini,2024,남성,5
3,1,1.0,1.0,2.0,2,3,3,3,4,3,4,3,2,2,2,2,2,3,3,3,4,4,3,4,3,3,3,4,1,1,1,1,1,2,1,1978,gemini,2024,남성,5
3,1,1.0,1.0,2.0,2,4,3,4,4,3,4,4,2,2,2,2,2,3,3,3,4,4,4,4,3,3,3,4,1,1,1,1,1,2,1,1979,gemini,2024,남성,5
3,1,1.0,1.0,2.0,2,3,4,4,4,3,4,4,2,2,2,2,2,3,3,3,4,4,4,4,3,4,3,4,1,1,1,1,1,2,1,1980,gemini,2024,남성,5
3,1,1.0,1.0,2.0,2,3,3,3,4,3,4,3,2,2,2,2,2,3,3,3,4,4,4,4,3,4,3,4,1,1,1,1,1,2,1,1981,gemini,2024,남성,5
3,1,1.0,1.0,2.0,2,3,3,3,4,3,4,3,2,2,2,2,2,3,3,3,4,4,4,4,3,3,3,4,1,1,1,1,1,2,1,1982,gemini,2024,남성,5
3,1,1.0,1.0,2.0,2,3,4,4,4,3,4,3,2,2,2,3,2,3,3,3,4,4,4,4,3,3,3,4,1,1,1,1,1,2,1,1983,gemini,2024,남성,5
3,1,1.0,1.0,2.0,2,4,4,4,4,3,4,3,2,2,2,2,2,3,3,3,4,4,4,4,3,3,3,4,1,1,1,1,1,2,1,1984,gemini,2024,남성,5
3,1,1.0,1.0,2.0,2,3,3,3,4,3,4,3,2,2,2,2,2,3,3,3,4,4,3,3,3,4,3,3,1,1,1,1,1,2,1,1985,gemini,2024,남성,5
3,1,1.0,1.0,2.0,2,3,3,4,4,3,4,3,2,2,2,2,2,3,3,3,4,4,4,4,3,4,3,4,1,1,1,1,1,2,1,1986,gemini,2024,남성,5
3,1,1.0,1.0,2.0,2,4,4,4,4,3,4,3,2,2,2,2,2,3,3,3,4,4,4,4,3,3,3,4,1,1,1,1,1,2,1,1987,gemini,2024,남성,5
3,1,1.0,1.0,2.0,2,3,3,4,4,3,4,3,2,2,2,2,2,3,3,3,4,4,4,4,3,3,3,4,1,1,1,1,1,2,1,1988,gemini,2024,남성,5
3,1,1.0,1.0,2.0,2,3,4,4,4,3,4,3,2,2,2,2,2,3,3,3,4,4,4,4,3,4,3,4,1,1,1,1,1,2,1,1989,gemini,2024,남성,5
3,1,1.0,1.0,2.0,2,3,4,4,4,3,4,3,2,2,2,2,2,3,3,3,4,4,4,4,3,3,3,4,1,1,1,1,1,2,1,1990,gemini,2024,남성,5
3,1,1.0,1.0,2.0,2,3,3,4,4,3,4,3,2,2,2,2,2,3,3,3,4,4,4,4,3,4,3,3,1,1,1,1,1,2,1,1991,gemini,2024,남성,5
3,1,1.0,1.0,2.0,2,3,3,3,4,3,4,3,2,2,2,2,2,3,3,3,4,4,4,4,3,3,3,4,1,1,1,1,1,2,1,1992,gemini,2024,남성,5
3,1,1.0,1.0,2.0,2,3,3,3,4,3,4,3,2,2,2,2,2,3,3,3,4,4,4,4,3,3,3,4,1,1,1,1,1,2,1,1993,gemini,2024,남성,5
3,1,1.0,1.0,2.0,3,4,4,4,4,3,4,3,2,2,2,2,2,3,3,3,4,4,4,4,3,4,3,4,1,1,1,1,1,2,1,1994,gemini,2024,남성,5
3,1,1.0,1.0,2.0,2,3,3,3,4,3,4,3,2,2,2,2,2,3,3,3,4,4,4,4,3,4,3,4,1,1,1,1,1,2,1,1995,gemini,2024,남성,5
3,1,1.0,1.0,2.0,2,3,3,4,4,3,4,3,2,2,2,2,2,3,3,3,4,4,4,4,3,3,3,4,1,1,1,1,1,2,1,1996,gemini,2024,남성,5
3,1,1.0,1.0,2.0,2,3,3,3,4,3,4,3,2,2,2,2,2,3,3,3,4,4,4,4,3,3,3,4,1,1,1,1,1,2,1,1997,gemini,2024,남성,5
3,1,1.0,1.0,2.0,2,4,4,4,4,3,4,3,2,2,2,2,2,3,3,3,4,4,4,4,3,4,3,4,1,1,1,1,1,2,1,1998,gemini,2024,남성,5
3,1,1.0,1.0,2.0,2,3,3,3,4,3,4,3,2,2,2,2,2,3,3,3,4,4,4,4,3,3,3,4,1,1,1,1,1,2,1,1999,gemini,2024,남성,5
3,1,1.0,1.0,2.0,2,3,3,3,4,3,4,3,2,2,2,2,2,3,3,3,4,4,4,4,3,3,3,4,1,1,1,1,1,2,1,2000,gemini,2024,남성,5
3,1,1.0,1.0,2.0,2,3,4,4,4,3,4,3,2,2,2,2,2,3,3,3,4,4,4,4,3,4,3,4,1,1,1,1,1,2,1,2001,gemini,2024,남성,5
3,1,1.0,1.0,2.0,2,4,4,4,4,3,4,4,2,2,2,2,2,3,3,3,4,4,4,4,3,4,3,4,1,1,1,1,1,2,1,2002,gemini,2024,남성,5
3,1,1.0,1.0,2.0,2,3,3,3,4,3,4,4,2,2,2,2,2,3,3,3,4,4,4,4,3,4,3,4,1,1,1,1,1,2,1,2003,gemini,2024,남성,5
3,1,1.0,1.0,2.0,2,3,3,4,4,3,4,4,2,2,2,2,2,3,3,3,4,4,4,4,3,3,3,4,1,1,1,1,1,2,1,2004,gemini,2024,남성,5
3,1,1.0,1.0,2.0,2,3,3,3,4,3,4,4,2,2,2,2,2,3,3,3,4,4,4,4,3,3,3,4,1,1,1,1,1,2,1,2005,gemini,2024,남성,5
3,1,1.0,1.0,2.0,3,4,4,4,4,3,4,3,2,2,2,2,2,3,3,3,4,4,4,4,3,3,3,4,1,1,1,1,1,2,1,2006,gemini,2024,남성,5
3,1,1.0,1.0,2.0,2,3,4,4,4,3,4,3,2,2,2,2,2,3,3,3,4,4,4,4,3,4,3,4,1,1,1,1,1,2,1,2007,gemini,2024,남성,5
3,1,1.0,1.0,2.0,2,3,3,4,4,3,4,3,2,2,2,2,2,3,3,3,4,4,4,4,3,3,3,4,1,1,1,1,1,2,1,2008,gemini,2024,남성,5
3,1,1.0,1.0,2.0,2,3,4,4,4,3,4,3,2,2,2,2,2,3,3,3,4,4,4,4,3,4,3,4,1,1,1,1,1,2,1,2009,gemini,2024,남성,5
3,1,1.0,1.0,2.0,3,4,4,4,4,3,4,3,2,2,2,3,2,3,3,3,4,4,4,4,3,3,3,4,1,1,1,1,1,2,1,2010,gemini,2024,남성,5
3,1,1.0,1.0,2.0,2,3,4,4,4,3,4,3,2,2,2,2,2,3,3,3,4,4,4,4,3,4,3,4,1,1,1,1,1,2,1,2011,gemini,2024,남성,5
3,1,1.0,1.0,2.0,2,3,3,4,4,3,4,3,2,2,2,2,2,3,3,3,4,4,4,4,3,3,3,4,1,1,1,1,1,2,1,2012,gemini,2024,남성,5
3,1,1.0,1.0,2.0,2,3,3,4,4,3,4,3,2,2,2,2,2,3,3,3,4,4,4,4,3,3,3,4,1,1,1,1,1,2,1,2013,gemini,2024,남성,5
3,1,1.0,1.0,2.0,2,4,4,4,4,3,4,3,2,2,2,2,2,3,3,3,4,4,4,4,3,3,3,4,1,1,1,1,1,2,1,2014,gemini,2024,남성,5
3,1,1.0,1.0,2.0,2,3,3,3,4,3,4,3,2,2,2,2,2,3,3,3,4,4,4,4,3,3,3,4,1,1,1,1,1,2,1,2015,gemini,2024,남성,5
3,1,1.0,1.0,2.0,2,3,3,3,4,3,4,3,2,2,2,2,2,3,3,3,4,4,4,4,3,3,3,4,1,1,1,1,1,2,1,2016,gemini,2024,남성,5
3,1,1.0,1.0,2.0,3,4,4,4,4,3,4,3,2,2,2,2,2,3,3,3,4,4,4,4,3,4,3,4,1,1,1,1,1,2,1,2017,gemini,2024,남성,5
3,1,1.0,1.0,2.0,2,3,3,4,4,3,4,3,2,2,2,2,2,3,3,3,4,4,4,4,3,4,3,4,1,1,1,1,1,2,1,2018,gemini,2024,남성,5
3,1,1.0,1.0,2.0,2,3,3,3,4,3,4,3,2,2,2,2,2,3,3,3,4,4,3,3,3,3,3,3,1,1,1,1,1,2,1,2019,gemini,2024,남성,5
3,1,1.0,1.0,2.0,2,3,4,4,4,3,4,3,2,2,2,3,2,3,3,3,4,4,4,4,3,4,3,4,1,1,1,1,1,2,1,2020,gemini,2024,남성,5
3,1,1.0,1.0,2.0,2,3,3,3,4,3,4,3,2,2,2,2,2,3,3,3,4,4,4,4,3,3,3,4,1,1,1,1,1,2,1,2021,gemini,2024,남성,5
3,1,1.0,1.0,2.0,2,4,4,4,4,3,4,4,2,2,2,2,2,3,3,3,4,4,4,4,3,3,3,4,1,1,1,1,1,2,1,2022,gemini,2024,남성,5
3,1,1.0,1.0,2.0,2,3,3,3,4,3,4,4,2,2,2,2,2,3,3,3,4,4,4,4,3,4,3,4,1,1,1,1,1,2,1,2023,gemini,2024,남성,5
3,1,1.0,1.0,2.0,2,4,4,4,4,3,4,4,2,2,2,2,2,3,3,3,4,4,4,4,3,3,3,4,1,1,1,1,1,2,1,2024,gemini,2024,남성,5
3,1,1.0,1.0,2.0,2,4,4,4,4,3,4,4,2,2,2,2,2,3,3,3,4,4,4,4,3,3,3,4,1,1,1,1,1,2,1,2025,gemini,2024,남성,5
3,1,1.0,1.0,2.0,2,4,3,4,4,3,4,4,2,2,2,2,2,3,3,3,4,4,4,4,3,3,3,4,1,1,1,1,1,2,1,2026,gemini,2024,남성,5
3,1,1.0,1.0,2.0,2,3,4,4,4,3,4,3,2,2,2,2,2,3,3,3,4,4,4,4,3,3,3,4,1,1,1,1,1,2,1,2027,gemini,2024,남성,5
3,1,1.0,1.0,2.0,2,4,3,4,4,3,4,4,2,2,2,2,2,3,3,3,4,4,4,4,3,3,3,4,1,1,1,1,1,2,1,2028,gemini,2024,남성,5
3,1,1.0,1.0,2.0,2,4,4,4,4,3,4,4,2,2,2,2,2,3,3,3,4,4,4,4,3,3,3,4,1,1,1,1,1,2,1,2029,gemini,2024,남성,5
3,1,1.0,1.0,2.0,2,3,3,3,4,3,4,3,2,2,2,2,2,3,3,3,4,4,3,4,3,4,3,4,1,1,1,1,1,2,1,2030,gemini,2024,남성,5
3,1,1.0,1.0,2.0,2,3,3,4,4,3,4,4,2,2,2,2,2,3,3,3,4,4,4,4,3,4,3,4,1,1,1,1,1,2,1,2031,gemini,2024,남성,5
3,1,1.0,1.0,2.0,2,3,3,3,4,3,4,4,2,2,2,2,2,3,3,3,4,4,4,4,3,3,3,4,1,1,1,1,1,2,1,2032,gemini,2024,남성,5
3,1,1.0,1.0,2.0,2,4,4,4,4,3,4,3,2,2,2,2,2,3,3,3,4,4,4,4,3,3,3,4,1,1,1,1,1,2,1,2033,gemini,2024,남성,5
3,1,1.0,1.0,2.0,2,3,4,3,4,3,4,3,2,2,2,2,2,3,3,3,4,4,3,3,3,3,3,4,1,1,1,1,1,2,1,2034,gemini,2024,남성,5
3,1,1.0,1.0,2.0,2,3,4,4,4,3,4,3,2,2,2,3,2,3,3,3,4,4,4,4,3,3,3,4,1,1,1,1,1,2,1,2035,gemini,2024,남성,5
3,1,1.0,1.0,2.0,2,3,4,4,4,3,4,4,2,2,2,2,2,3,3,3,4,4,4,4,3,4,3,4,1,1,1,1,1,2,1,2036,gemini,2024,남성,5
3,1,1.0,1.0,2.0,2,3,4,4,4,3,4,3,2,2,2,2,2,3,3,3,4,4,4,4,3,3,3,4,1,1,1,1,1,2,1,2037,gemini,2024,남성,5
3,1,1.0,1.0,2.0,2,3,3,4,4,3,4,3,2,2,2,2,2,3,3,3,4,4,4,4,3,3,3,4,1,1,1,1,1,2,1,2038,gemini,2024,남성,5
3,1,1.0,1.0,2.0,2,3,3,4,4,3,4,3,2,2,2,2,2,3,3,3,4,4,4,4,3,3,3,4,1,1,1,1,1,2,1,2039,gemini,2024,남성,5
3,1,1.0,1.0,2.0,2,3,3,3,4,3,4,3,2,2,2,2,2,3,3,3,4,4,4,4,3,3,3,4,1,1,1,1,1,2,1,2040,gemini,2024,남성,5
3,1,1.0,1.0,2.0,2,3,3,4,4,3,4,3,2,2,2,2,2,3,3,3,4,4,4,4,3,4,3,4,1,1,1,1,1,2,1,2041,gemini,2024,남성,5
3,1,1.0,1.0,2.0,2,4,4,4,4,3,4,3,2,2,2,2,2,3,3,3,4,4,4,4,3,3,3,4,1,1,1,1,1,2,1,2042,gemini,2024,남성,5
3,1,1.0,1.0,2.0,2,4,4,4,4,3,4,4,2,2,2,2,2,3,3,3,4,4,4,4,3,4,3,4,1,1,1,1,1,2,1,2043,gemini,2024,남성,5
3,1,1.0,1.0,2.0,2,3,3,3,4,3,4,3,2,2,2,2,2,3,3,3,4,4,4,4,3,4,3,4,1,1,1,1,1,2,1,2044,gemini,2024,남성,5
3,1,1.0,1.0,2.0,2,3,3,4,4,3,4,3,2,2,2,2,2,3,3,3,4,4,4,4,3,3,3,4,1,1,1,1,1,2,1,2045,gemini,2024,남성,5
3,1,1.0,1.0,2.0,2,3,3,3,4,3,4,3,2,2,2,2,2,3,3,3,4,4,4,4,3,3,3,4,1,1,1,1,1,2,1,2046,gemini,2024,남성,5
3,1,1.0,1.0,2.0,2,3,3,4,4,3,4,3,2,2,2,2,2,3,3,3,4,4,4,4,3,3,3,4,1,1,1,1,1,2,1,2047,gemini,2024,남성,5
3,1,1.0,1.0,2.0,2,3,4,4,4,3,4,3,2,2,2,2,2,3,3,3,4,4,4,4,3,4,3,4,1,1,1,1,1,2,1,2048,gemini,2024,남성,5
3,1,1.0,1.0,2.0,2,3,3,4,4,3,4,3,2,2,2,2,2,3,3,3,4,4,3,4,3,3,3,4,1,1,1,1,1,2,1,2049,gemini,2024,남성,5
3,1,1.0,1.0,2.0,2,4,4,4,4,3,4,3,2,2,2,2,2,3,3,3,4,4,4,4,3,3,3,4,1,1,1,1,1,2,1,2050,gemini,2024,남성,5
3,1,1.0,1.0,2.0,2,4,4,4,4,3,4,4,2,2,2,2,2,3,3,3,4,4,4,4,3,3,3,4,1,1,1,1,1,2,1,2051,gemini,2024,남성,5
3,1,1.0,1.0,2.0,2,3,3,4,4,3,4,3,2,2,2,2,2,3,3,3,4,4,4,4,3,3,3,4,1,1,1,1,1,2,1,2052,gemini,2024,남성,5
3,1,1.0,1.0,2.0,2,3,3,3,4,3,4,3,2,2,2,2,2,3,3,3,4,4,4,4,3,4,3,4,1,1,1,1,1,2,1,2053,gemini,2024,남성,5
3,1,1.0,1.0,2.0,2,3,3,4,4,3,4,3,2,2,2,2,2,3,3,3,4,4,3,4,3,4,3,4,1,1,1,1,1,2,1,2054,gemini,2024,남성,5
3,1,1.0,1.0,2.0,2,3,3,3,4,3,4,4,2,2,2,2,2,3,3,3,4,4,4,4,3,3,3,4,1,1,1,1,1,2,1,2055,gemini,2024,남성,5
3,1,1.0,1.0,2.0,2,3,3,3,4,3,4,3,2,2,2,2,2,3,3,3,4,4,4,4,3,4,3,4,1,1,1,1,1,2,1,2056,gemini,2024,남성,5
3,1,1.0,1.0,2.0,2,4,4,4,4,3,4,3,2,2,2,2,2,3,3,3,4,4,4,4,3,3,3,4,1,1,1,1,1,2,1,2057,gemini,2024,남성,5
3,1,1.0,1.0,2.0,2,3,3,3,4,3,4,3,2,2,2,2,2,3,3,3,4,4,4,4,3,3,3,3,1,1,1,1,1,2,1,2058,gemini,2024,남성,5
3,1,1.0,1.0,2.0,2,3,3,4,4,3,4,3,2,2,2,2,2,3,3,3,4,4,4,4,3,3,3,4,1,1,1,1,1,2,1,2059,gemini,2024,남성,5
3,1,1.0,1.0,2.0,2,4,4,4,4,3,4,4,2,2,2,2,2,3,3,3,4,4,4,4,3,3,3,4,1,1,1,1,1,2,1,2060,gemini,2024,남성,5
3,1,1.0,1.0,2.0,2,3,3,4,4,3,4,3,2,2,2,2,2,3,3,3,4,4,4,4,3,3,3,4,1,1,1,1,1,2,1,2061,gemini,2024,남성,5
3,1,1.0,1.0,2.0,2,3,3,4,4,3,4,3,2,2,2,2,2,3,3,3,4,4,4,4,3,3,3,4,1,1,1,1,1,2,1,2062,gemini,2024,남성,5
3,1,1.0,1.0,2.0,2,3,3,4,4,3,4,3,2,2,2,2,2,3,3,3,4,4,4,4,3,4,3,4,1,1,1,1,1,2,1,2063,gemini,2024,남성,5
3,1,1.0,1.0,2.0,2,4,4,4,4,3,4,3,2,2,2,2,2,3,3,3,4,4,4,4,3,4,3,4,1,1,1,1,1,2,1,2064,gemini,2024,남성,5
3,1,1.0,1.0,2.0,2,3,3,3,4,3,4,3,2,2,2,2,2,3,3,3,4,4,4,4,3,4,3,4,1,1,1,1,1,2,1,2065,gemini,2024,남성,5
3,1,1.0,1.0,2.0,2,4,4,4,4,3,4,3,2,2,2,2,2,3,3,3,4,4,4,4,3,3,3,4,1,1,1,1,1,2,1,2066,gemini,2024,남성,5
3,1,1.0,1.0,2.0,2,3,3,3,4,3,4,3,2,2,2,2,2,3,3,3,4,4,4,4,3,3,3,4,1,1,1,1,1,2,1,2067,gemini,2024,남성,5
3,1,1.0,1.0,2.0,2,3,4,4,4,3,4,3,2,2,2,3,2,3,3,3,4,4,4,4,3,4,3,4,1,1,1,1,1,2,1,2068,gemini,2024,남성,5
3,1,1.0,1.0,2.0,2,3,3,3,4,3,4,3,2,2,2,2,2,3,3,3,4,4,3,3,3,3,3,3,1,1,1,1,1,2,1,2069,gemini,2024,남성,5
3,1,1.0,1.0,2.0,2,3,3,3,4,3,4,3,2,2,2,2,2,3,3,3,4,4,4,4,3,3,3,4,1,1,1,1,1,2,1,2070,gemini,2024,남성,5
3,1,1.0,1.0,2.0,3,4,4,4,4,3,4,3,2,2,2,2,2,3,3,3,4,4,4,4,3,3,3,4,1,1,1,1,1,2,1,2071,gemini,2024,남성,5
3,1,1.0,1.0,2.0,2,4,4,4,4,3,4,3,2,2,2,2,2,3,3,3,4,4,4,4,3,4,3,4,1,1,1,1,1,2,1,2072,gemini,2024,남성,5
3,1,1.0,1.0,2.0,2,3,3,3,4,3,4,3,2,2,2,2,2,3,3,3,4,4,4,4,3,3,3,4,1,1,1,1,1,2,1,2073,gemini,2024,남성,5
3,1,1.0,1.0,2.0,3,4,4,4,4,3,4,3,2,2,2,2,2,3,3,3,4,4,4,4,3,4,3,4,1,1,1,1,1,2,1,2074,gemini,2024,남성,5
3,1,1.0,1.0,2.0,2,3,3,3,4,3,4,3,2,2,2,2,2,3,3,3,4,4,4,4,3,3,3,4,1,1,1,1,1,2,1,2075,gemini,2024,남성,5
3,1,1.0,1.0,2.0,2,3,3,3,4,3,4,4,2,2,2,2,2,3,3,3,4,4,4,4,3,3,3,4,1,1,1,1,1,2,1,2076,gemini,2024,남성,5
3,1,1.0,1.0,2.0,2,3,3,3,4,3,4,4,2,2,2,2,2,3,3,3,4,4,4,4,3,4,3,4,1,1,1,1,1,2,1,2077,gemini,2024,남성,5
3,1,1.0,1.0,2.0,3,4,4,4,4,3,4,3,2,2,2,3,2,3,3,3,4,4,4,4,3,4,3,4,1,1,1,1,1,2,1,2078,gemini,2024,남성,5
3,1,1.0,1.0,2.0,2,3,3,3,4,3,4,3,2,2,2,2,2,3,3,3,4,4,4,4,3,3,3,3,1,1,1,1,1,2,1,2079,gemini,2024,남성,5
3,1,1.0,1.0,2.0,2,3,3,3,4,3,4,3,2,2,2,2,2,3,3,3,4,4,4,4,3,4,3,4,1,1,1,1,1,2,1,2080,gemini,2024,남성,5
3,1,1.0,1.0,2.0,2,4,4,4,4,3,4,4,2,2,2,2,2,3,3,3,4,4,4,4,3,3,3,4,1,1,1,1,1,2,1,2081,gemini,2024,남성,5
3,1,1.0,1.0,2.0,2,3,4,4,4,3,4,3,2,2,2,2,2,3,3,3,4,4,4,4,3,4,3,4,1,1,1,1,1,2,1,2082,gemini,2024,남성,5
3,1,1.0,1.0,2.0,2,3,3,3,4,3,4,3,2,2,2,2,2,3,3,3,4,4,3,3,3,4,3,3,1,1,1,1,1,2,1,2083,gemini,2024,남성,5
3,1,1.0,1.0,2.0,2,3,3,3,4,3,4,3,2,2,2,2,2,3,3,3,4,4,3,4,3,3,3,4,1,1,1,1,1,2,1,2084,gemini,2024,남성,5
3,1,1.0,1.0,2.0,2,4,4,4,4,3,4,3,2,2,2,2,2,3,3,3,4,4,4,4,3,4,3,4,1,1,1,1,1,2,1,2085,gemini,2024,남성,5
3,1,1.0,1.0,2.0,3,4,4,4,4,3,4,3,2,2,2,2,2,3,3,3,4,4,4,4,3,4,3,4,1,1,1,1,1,2,1,2086,gemini,2024,남성,5
3,1,1.0,1.0,2.0,2,4,4,4,4,3,4,4,2,2,2,2,2,3,3,3,4,4,4,4,3,4,3,4,1,1,1,1,1,2,1,2087,gemini,2024,남성,5
3,1,1.0,1.0,2.0,2,3,3,3,4,3,4,3,2,2,2,2,2,3,3,2,4,4,3,4,3,3,3,4,1,1,1,1,1,2,1,2088,gemini,2024,남성,5
3,1,1.0,1.0,2.0,3,4,4,4,4,3,4,3,2,2,2,2,2,3,3,3,4,4,4,4,3,4,3,4,1,1,1,1,1,2,1,2089,gemini,2024,남성,5
3,1,1.0,1.0,2.0,2,3,3,3,4,3,4,3,2,2,2,2,2,3,3,3,4,4,4,4,3,3,3,4,1,1,1,1,1,2,1,2090,gemini,2024,남성,5
3,1,1.0,1.0,2.0,2,4,3,4,4,3,4,3,2,2,2,2,2,3,3,3,4,4,4,4,3,3,3,4,1,1,1,1,1,2,1,2091,gemini,2024,남성,5
3,1,1.0,1.0,2.0,2,3,3,4,4,3,4,3,2,2,2,2,2,3,3,3,4,4,4,4,3,4,3,4,1,1,1,1,1,2,1,2092,gemini,2024,남성,5
3,1,1.0,1.0,2.0,2,3,4,4,4,3,4,3,2,2,2,2,2,3,3,3,4,4,4,4,3,4,3,4,1,1,1,1,1,2,1,2093,gemini,2024,남성,5
3,1,1.0,1.0,2.0,2,4,4,4,4,3,4,3,2,2,2,2,2,3,3,3,4,4,4,4,3,3,3,4,1,1,1,1,1,2,1,2094,gemini,2024,남성,5
3,1,1.0,1.0,2.0,2,3,3,3,4,3,4,4,2,2,2,2,2,3,3,3,4,4,4,4,3,3,3,4,1,1,1,1,1,2,1,2095,gemini,2024,남성,5
3,1,1.0,1.0,2.0,2,3,3,3,4,3,4,3,2,2,2,2,2,3,3,3,4,4,4,4,3,4,3,4,1,1,1,1,1,2,1,2096,gemini,2024,남성,5
3,1,1.0,1.0,2.0,2,4,4,4,4,3,4,4,2,2,2,2,2,3,3,3,4,4,4,4,3,4,3,4,1,1,1,1,1,2,1,2097,gemini,2024,남성,5
3,1,1.0,1.0,2.0,2,3,4,4,4,3,4,3,2,2,2,2,2,3,3,3,4,4,4,4,3,4,3,4,1,1,1,1,1,2,1,2098,gemini,2024,남성,5
3,1,1.0,1.0,2.0,2,4,4,4,4,3,4,4,2,2,2,2,2,3,3,3,4,4,4,4,3,3,3,4,1,1,1,1,1,2,1,2099,gemini,2024,남성,5
3,1,1.0,1.0,2.0,2,3,3,3,4,3,4,3,2,2,2,2,2,3,3,3,4,4,4,4,3,3,3,3,1,1,1,1,1,2,1,2100,gemini,2024,남성,5
3,1,1.0,1.0,2.0,2,4,3,4,4,3,4,3,2,2,2,2,2,3,3,3,4,4,4,4,3,4,3,4,1,1,1,1,1,2,1,2101,gemini,2024,남성,5
3,1,1.0,1.0,2.0,2,4,3,4,4,3,4,3,2,2,2,2,2,3,3,3,4,4,4,4,3,3,3,4,1,1,1,1,1,2,1,2102,gemini,2024,남성,5
3,1,1.0,1.0,2.0,2,3,3,4,4,3,4,3,2,2,2,2,2,3,3,3,4,4,4,4,3,3,3,4,1,1,1,1,1,2,1,2103,gemini,2024,남성,5
3,1,1.0,1.0,2.0,2,3,3,3,4,3,4,4,2,2,2,2,2,3,3,3,4,4,4,4,3,3,3,4,1,1,1,1,1,2,1,2104,gemini,2024,남성,5
3,1,1.0,1.0,2.0,2,4,4,4,4,3,4,3,2,2,2,2,2,3,3,3,4,4,4,4,3,3,3,4,1,1,1,1,1,2,1,2105,gemini,2024,남성,5
3,1,1.0,1.0,2.0,3,4,4,4,4,3,4,3,2,2,2,2,2,3,3,3,4,4,4,4,3,4,3,4,1,1,1,1,1,2,1,2106,gemini,2024,남성,5
3,1,1.0,1.0,2.0,2,3,4,4,4,3,4,3,2,2,2,2,2,3,3,3,4,4,4,4,3,4,3,4,1,1,1,1,1,2,1,2107,gemini,2024,남성,5
3,1,1.0,1.0,2.0,2,3,3,3,4,3,4,4,2,2,2,2,2,3,3,3,4,4,4,4,3,3,3,4,1,1,1,1,1,2,1,2108,gemini,2024,남성,5
3,1,1.0,1.0,2.0,2,4,4,4,4,3,4,3,2,2,2,2,2,3,3,3,4,4,4,4,3,3,3,4,1,1,1,1,1,2,1,2109,gemini,2024,남성,5
3,1,1.0,1.0,2.0,2,4,4,4,4,3,4,4,2,2,2,2,2,3,3,3,4,4,4,4,3,4,3,4,1,1,1,1,1,2,1,2110,gemini,2024,남성,5
3,1,1.0,1.0,2.0,2,3,3,3,4,3,4,4,2,2,2,2,2,3,3,3,4,4,4,4,3,3,3,4,1,1,1,1,1,2,1,2111,gemini,2024,남성,5
3,1,1.0,1.0,2.0,2,3,3,3,4,3,4,4,2,2,2,2,2,3,3,3,4,4,4,4,3,3,3,4,1,1,1,1,1,2,1,2112,gemini,2024,남성,5
3,1,1.0,1.0,2.0,2,4,4,4,3,3,3,3,2,2,2,2,2,3,3,3,4,4,4,4,3,3,3,3,1,1,1,1,1,2,1,2113,gemini,2024,남성,5
3,1,1.0,1.0,2.0,2,4,3,4,4,3,4,3,2,2,2,2,2,3,3,3,4,4,4,4,3,3,3,4,1,1,1,1,1,2,1,2114,gemini,2024,남성,5
3,1,1.0,1.0,2.0,2,4,4,4,4,3,4,3,2,2,2,2,2,3,3,3,4,4,4,4,3,3,3,4,1,1,1,1,1,2,1,2115,gemini,2024,남성,5
3,1,1.0,1.0,2.0,2,3,4,4,4,3,4,3,2,2,2,2,2,3,3,3,4,4,4,4,3,4,3,4,1,1,2,1,1,2,1,2116,gemini,2024,남성,5
3,1,1.0,1.0,2.0,2,3,3,4,4,3,4,4,2,2,2,2,2,3,3,3,4,4,4,4,3,3,3,4,1,1,1,1,1,2,1,2117,gemini,2024,남성,5
3,1,1.0,1.0,2.0,2,4,4,4,4,3,4,4,2,2,2,2,2,3,3,3,4,4,4,4,3,3,3,4,1,1,1,1,1,2,1,2118,gemini,2024,남성,5
3,1,1.0,1.0,2.0,3,4,4,4,4,3,4,3,2,2,2,2,2,3,3,3,4,4,4,4,3,3,3,4,1,1,1,1,1,2,1,2119,gemini,2024,남성,5
3,1,1.0,1.0,2.0,2,3,3,3,4,3,4,3,2,2,2,2,2,3,3,3,4,4,4,4,3,3,3,3,1,1,1,1,1,2,1,2120,gemini,2024,남성,5
3,1,1.0,1.0,2.0,2,4,4,4,4,3,4,3,2,2,2,2,2,3,3,3,4,4,4,4,3,3,3,4,1,1,1,1,1,2,1,2121,gemini,2024,남성,5
3,1,1.0,1.0,2.0,3,4,4,4,4,3,4,3,2,2,2,2,2,3,3,3,4,4,4,4,3,4,3,4,1,1,1,1,1,2,1,2122,gemini,2024,남성,5
3,1,1.0,1.0,2.0,2,3,3,3,4,3,4,4,2,2,2,2,2,3,3,3,4,4,4,4,3,3,3,4,1,1,1,1,1,2,1,2123,gemini,2024,남성,5
3,1,1.0,1.0,2.0,2,3,4,4,4,3,4,3,2,2,2,2,2,3,3,3,4,4,4,4,3,4,3,4,1,1,1,1,1,2,1,2124,gemini,2024,남성,5
3,1,1.0,1.0,2.0,2,3,3,4,4,3,4,4,2,2,2,2,2,3,3,3,4,4,4,4,3,3,3,4,1,1,1,1,1,2,1,2125,gemini,2024,남성,5
3,1,1.0,1.0,2.0,2,3,3,3,4,3,4,3,2,2,2,2,2,3,3,3,4,4,3,3,3,3,3,3,1,1,2,1,1,2,1,2126,gemini,2024,남성,5
3,1,1.0,1.0,2.0,2,3,4,4,4,3,4,3,2,2,2,2,2,3,3,3,4,4,4,4,3,4,3,4,1,1,1,1,1,2,1,2127,gemini,2024,남성,5
3,1,1.0,1.0,2.0,3,4,4,4,4,3,4,3,2,2,2,2,2,3,3,3,4,4,4,4,3,4,3,4,1,1,1,1,1,2,1,2128,gemini,2024,남성,5
3,1,1.0,1.0,2.0,2,3,4,4,4,3,4,3,2,2,2,2,2,3,3,3,4,4,4,4,3,4,3,4,1,1,1,1,1,2,1,2129,gemini,2024,남성,5
3,1,1.0,1.0,2.0,2,3,3,3,4,3,4,3,2,2,2,2,2,3,3,3,4,4,4,4,3,4,3,4,1,1,1,1,1,2,1,2130,gemini,2024,남성,5
3,1,1.0,1.0,2.0,2,3,3,4,4,3,4,3,2,2,2,2,2,3,3,3,4,4,4,4,3,4,3,4,1,1,1,1,1,2,1,2131,gemini,2024,남성,5
3,1,1.0,1.0,2.0,2,4,4,4,4,3,4,4,2,2,2,2,2,3,3,3,4,4,4,4,3,3,3,4,1,1,1,1,1,2,1,2132,gemini,2024,남성,5
3,1,1.0,1.0,2.0,2,3,3,4,4,3,4,3,2,2,2,2,2,3,3,3,4,4,4,4,3,3,3,4,1,1,1,1,1,2,1,2133,gemini,2024,남성,5
3,1,1.0,1.0,2.0,2,3,4,4,4,3,4,3,2,2,2,2,2,3,3,3,4,4,4,4,3,4,3,4,1,1,1,1,1,2,1,2134,gemini,2024,남성,5
3,1,1.0,1.0,2.0,2,4,3,4,4,3,4,4,2,2,2,2,2,3,3,3,4,4,4,4,3,3,3,4,1,1,1,1,1,2,1,2135,gemini,2024,남성,5
3,1,1.0,1.0,2.0,2,3,4,4,4,3,4,3,2,2,2,2,2,3,3,3,4,4,4,4,3,3,3,4,1,1,1,1,1,2,1,2136,gemini,2024,남성,5
3,1,1.0,1.0,2.0,2,3,4,4,4,3,4,3,2,2,2,3,2,3,3,3,4,4,4,4,3,4,3,4,1,1,1,1,1,2,1,2137,gemini,2024,남성,5
3,1,1.0,1.0,2.0,2,3,4,4,4,3,4,3,2,2,2,2,2,3,3,3,4,4,4,4,3,3,3,4,1,1,1,1,1,2,1,2138,gemini,2024,남성,5
3,1,1.0,1.0,2.0,2,4,4,4,4,3,4,3,2,2,2,2,2,3,3,3,4,4,4,4,3,4,3,4,1,1,1,1,1,2,1,2139,gemini,2024,남성,5
3,1,1.0,1.0,2.0,2,4,4,4,4,3,4,3,2,2,2,2,2,3,3,3,4,4,4,4,3,3,3,4,1,1,1,1,1,2,1,2140,gemini,2024,남성,5
3,1,1.0,1.0,2.0,2,3,3,4,4,3,4,3,2,2,2,2,2,3,3,3,4,4,4,4,3,3,3,4,1,1,1,1,1,2,1,2141,gemini,2024,남성,5
3,1,1.0,1.0,2.0,2,3,4,4,4,3,4,3,2,2,2,2,2,3,3,3,4,4,4,4,3,4,3,4,1,1,1,1,1,2,1,2142,gemini,2024,남성,5
3,1,1.0,1.0,2.0,2,3,3,3,4,3,4,3,2,2,2,2,2,3,3,3,4,4,4,4,3,3,3,4,1,1,1,1,1,2,1,2143,gemini,2024,남성,5
3,1,1.0,1.0,2.0,2,3,3,3,4,3,4,3,2,2,2,2,2,3,3,3,4,4,4,4,3,3,3,3,1,1,1,1,1,2,1,2144,gemini,2024,남성,5
3,1,1.0,1.0,2.0,2,3,4,4,4,3,4,3,2,2,2,3,2,3,3,3,4,4,4,4,3,3,3,4,1,1,1,1,1,2,1,2145,gemini,2024,남성,5
3,1,1.0,1.0,2.0,2,3,4,4,4,3,4,3,2,2,2,2,2,3,3,3,4,4,4,4,3,4,3,4,1,1,1,1,1,2,1,2146,gemini,2024,남성,5
3,1,1.0,1.0,2.0,2,3,3,4,4,3,4,3,2,2,2,2,2,3,3,3,4,4,4,4,3,3,3,4,1,1,1,1,1,2,1,2147,gemini,2024,남성,5
3,1,1.0,1.0,2.0,3,4,4,4,4,3,4,3,2,2,2,2,2,3,3,3,4,4,4,4,3,4,3,4,1,1,1,1,1,2,1,2148,gemini,2024,남성,5
3,1,1.0,1.0,2.0,2,3,4,4,4,3,4,3,2,2,2,2,2,3,3,3,4,4,4,4,3,4,3,4,1,1,1,1,1,2,1,2149,gemini,2024,남성,5
3,1,1.0,1.0,2.0,2,3,4,4,4,3,4,3,2,2,2,2,2,3,3,3,4,4,4,4,3,4,3,4,1,1,1,1,1,2,1,2150,gemini,2024,남성,5
3,1,1.0,1.0,2.0,2,4,4,4,4,3,4,4,2,2,2,2,2,3,3,3,4,4,4,4,3,3,3,4,1,1,1,1,1,2,1,2151,gemini,2024,남성,5
3,1,1.0,1.0,2.0,2,3,3,4,4,3,4,3,2,2,2,2,2,3,3,3,4,4,4,4,3,4,3,4,1,1,1,1,1,2,1,2152,gemini,2024,남성,5
3,1,1.0,1.0,2.0,2,3,3,3,4,3,4,3,2,2,2,2,2,3,3,3,4,4,3,4,3,3,3,4,1,1,1,1,1,2,1,2153,gemini,2024,남성,5
3,1,1.0,1.0,2.0,3,4,4,4,4,3,4,3,2,2,2,3,2,3,3,3,4,4,4,4,3,3,3,4,1,1,1,1,1,2,1,2154,gemini,2024,남성,5
3,1,1.0,1.0,2.0,2,3,3,3,4,3,4,3,2,2,2,2,2,3,3,3,4,4,4,4,3,4,3,4,1,1,1,1,1,2,1,2155,gemini,2024,남성,5
3,1,1.0,1.0,2.0,2,3,3,3,4,3,4,3,2,2,2,2,2,3,3,3,4,4,4,4,3,3,3,4,1,1,1,1,1,2,1,2156,gemini,2024,남성,5
3,1,1.0,1.0,2.0,2,3,4,4,4,3,4,4,2,2,2,2,2,3,3,3,4,4,4,4,3,3,3,4,1,1,1,1,1,2,1,2157,gemini,2024,남성,5
3,1,1.0,1.0,2.0,2,3,4,4,4,3,4,3,2,2,2,2,2,3,3,3,4,4,4,4,3,4,3,4,1,1,1,1,1,2,1,2158,gemini,2024,남성,5
3,1,1.0,1.0,2.0,3,4,4,4,4,3,4,3,2,2,2,2,2,3,3,3,4,4,4,4,3,4,3,4,1,1,1,1,1,2,1,2159,gemini,2024,남성,5
3,1,1.0,1.0,2.0,2,3,3,4,4,3,4,3,2,2,2,2,2,3,3,3,4,4,4,4,3,3,3,4,1,1,1,1,1,2,1,2160,gemini,2024,남성,5
3,1,1.0,1.0,2.0,2,3,3,3,4,3,4,3,2,2,2,2,2,3,3,3,4,4,4,4,3,3,3,3,1,1,1,1,1,2,1,2161,gemini,2024,남성,5
3,1,1.0,1.0,2.0,2,3,3,4,4,3,4,3,2,2,2,2,2,3,3,3,4,4,4,4,3,4,3,4,1,1,1,1,1,2,1,2162,gemini,2024,남성,5
3,1,1.0,1.0,2.0,2,3,3,3,4,3,4,3,2,2,2,2,2,3,3,3,4,4,4,4,3,3,3,4,1,1,1,1,1,2,1,2163,gemini,2024,남성,5
3,1,1.0,1.0,2.0,2,3,3,3,4,3,4,3,2,2,2,2,2,3,3,3,4,4,4,4,3,3,3,4,1,1,1,1,1,2,1,2164,gemini,2024,남성,5
3,1,1.0,1.0,2.0,2,4,4,4,4,3,4,3,2,2,2,2,2,3,3,3,4,4,4,4,3,3,3,4,1,1,1,1,1,2,1,2165,gemini,2024,남성,5
3,1,1.0,1.0,2.0,2,3,3,4,4,3,4,3,2,2,2,2,2,3,3,3,4,4,4,4,3,4,3,4,1,1,1,1,1,2,1,2166,gemini,2024,남성,5
3,1,1.0,1.0,2.0,2,4,3,4,4,3,4,3,2,2,2,2,2,3,3,3,4,4,4,4,3,3,3,4,1,1,1,1,1,2,1,2167,gemini,2024,남성,5
3,1,1.0,1.0,2.0,2,4,4,4,4,3,4,4,2,2,2,2,2,3,3,3,4,4,4,4,3,4,3,4,1,1,1,1,1,2,1,2168,gemini,2024,남성,5
3,1,1.0,1.0,2.0,2,3,3,4,4,3,4,3,2,2,2,2,2,3,3,3,4,4,4,4,3,3,3,4,1,1,1,1,1,2,1,2169,gemini,2024,남성,5
3,1,1.0,1.0,2.0,2,3,4,4,4,3,4,3,2,2,2,2,2,3,3,3,4,4,4,4,3,4,3,4,1,1,1,1,1,2,1,2170,gemini,2024,남성,5
3,1,1.0,1.0,2.0,2,4,4,4,4,3,4,3,2,2,2,2,2,3,3,3,4,4,4,4,3,3,3,4,1,1,1,1,1,2,1,2171,gemini,2024,남성,5
3,1,1.0,1.0,2.0,2,3,3,4,4,3,4,3,2,2,2,2,2,3,3,3,4,4,4,4,3,4,3,4,1,1,1,1,1,2,1,2172,gemini,2024,남성,5
3,1,1.0,1.0,2.0,2,4,3,4,4,3,4,3,2,2,2,2,2,3,3,3,4,4,4,4,3,3,3,4,1,1,1,1,1,2,1,2173,gemini,2024,남성,5
3,1,1.0,1.0,2.0,2,3,3,4,4,3,4,3,2,2,2,2,2,3,3,3,4,4,4,4,3,3,3,4,1,1,1,1,1,2,1,2174,gemini,2024,남성,5
3,1,1.0,1.0,2.0,2,3,3,3,4,3,4,3,2,2,2,2,2,3,3,3,4,4,4,4,3,3,3,3,1,1,1,1,1,2,1,2175,gemini,2024,남성,5
3,1,1.0,1.0,2.0,2,3,3,4,3,3,4,3,2,2,2,2,2,3,3,3,4,4,3,4,3,4,3,4,1,1,1,1,1,2,1,2176,gemini,2024,남성,5
3,1,1.0,1.0,2.0,2,3,3,4,4,3,4,3,2,2,2,2,2,3,3,3,4,4,4,4,3,4,3,4,1,1,1,1,1,2,1,2177,gemini,2024,남성,5
3,1,1.0,1.0,2.0,2,4,4,4,4,3,4,4,2,2,2,2,2,3,3,3,4,4,4,4,3,3,3,4,1,1,1,1,1,2,1,2178,gemini,2024,남성,5
3,1,1.0,1.0,2.0,2,4,3,4,4,3,4,3,2,2,2,2,2,3,3,3,4,4,4,4,3,4,3,4,1,1,1,1,1,2,1,2179,gemini,2024,남성,5
3,1,1.0,1.0,2.0,2,4,3,4,4,3,4,3,2,2,2,2,2,3,3,3,4,4,4,4,3,4,3,4,1,1,1,1,1,2,1,2180,gemini,2024,남성,5
3,1,1.0,1.0,2.0,2,3,3,3,4,3,4,3,2,2,2,2,2,3,3,3,4,4,4,4,3,3,3,3,1,1,1,1,1,2,1,2181,gemini,2024,남성,5
3,1,1.0,1.0,2.0,3,4,4,4,4,3,4,3,2,2,2,2,2,3,3,3,4,4,4,4,3,4,3,4,1,1,1,1,1,2,1,2182,gemini,2024,남성,5
3,1,1.0,1.0,2.0,2,3,3,3,4,3,4,3,2,2,2,2,2,3,3,3,4,4,4,4,3,3,3,4,1,1,1,1,1,2,1,2183,gemini,2024,남성,5
3,1,1.0,1.0,2.0,2,3,3,4,4,3,4,3,2,2,2,2,2,3,3,3,4,4,4,4,3,4,3,4,1,1,1,1,1,2,1,2184,gemini,2024,남성,5
3,1,1.0,1.0,2.0,2,4,4,4,4,3,4,4,2,2,2,2,2,3,3,3,4,4,4,4,3,3,3,4,1,1,1,1,1,2,1,2185,gemini,2024,남성,5
3,1,1.0,1.0,2.0,2,3,3,4,4,3,4,3,2,2,2,2,2,3,3,3,4,4,4,4,3,3,3,4,1,1,1,1,1,2,1,2186,gemini,2024,남성,5
3,1,1.0,1.0,2.0,2,3,4,4,4,3,4,3,2,2,2,2,2,3,3,3,4,4,4,4,3,4,3,4,1,1,1,1,1,2,1,2187,gemini,2024,남성,5
3,1,1.0,1.0,2.0,2,3,3,3,4,3,4,4,2,2,2,2,2,3,3,3,4,4,4,4,3,4,3,4,1,1,1,1,1,2,1,2188,gemini,2024,남성,5
3,1,1.0,1.0,2.0,2,3,4,4,4,3,4,3,2,2,2,2,2,3,3,3,4,4,4,4,3,3,3,4,1,1,1,1,1,2,1,2189,gemini,2024,남성,5
3,1,1.0,1.0,2.0,2,4,4,4,4,3,4,4,2,2,2,2,2,3,3,3,4,4,4,4,3,4,3,4,1,1,1,1,1,2,1,2190,gemini,2024,남성,5
3,1,1.0,1.0,2.0,2,3,3,3,4,3,4,3,2,2,2,2,2,3,3,3,4,4,4,4,3,3,3,4,1,1,1,1,1,2,1,2191,gemini,2024,남성,5
3,1,1.0,1.0,2.0,3,4,4,4,4,3,4,3,2,2,2,3,2,3,3,3,4,4,4,4,3,4,3,4,1,1,1,1,1,2,1,2192,gemini,2024,남성,5
3,1,1.0,1.0,2.0,2,3,3,3,4,3,4,3,2,2,2,2,2,3,3,3,4,4,3,3,3,4,3,3,1,1,1,1,1,2,1,2193,gemini,2024,남성,5
3,1,1.0,1.0,2.0,2,3,3,3,4,3,4,3,2,2,2,2,2,3,3,3,4,4,4,4,3,3,3,4,1,1,1,1,1,2,1,2194,gemini,2024,남성,5
3,1,1.0,1.0,2.0,2,4,4,4,4,3,4,4,2,2,2,2,2,3,3,3,4,4,4,4,3,3,3,4,1,1,1,1,1,2,1,2195,gemini,2024,남성,5
3,1,1.0,1.0,2.0,2,3,3,3,4,3,4,3,2,2,2,2,2,3,3,3,4,4,4,4,3,3,3,3,1,1,1,1,1,2,1,2196,gemini,2024,남성,5
3,1,1.0,1.0,2.0,2,3,3,4,4,3,4,3,2,2,2,2,2,3,3,3,4,4,4,4,3,4,3,4,1,1,1,1,1,2,1,2197,gemini,2024,남성,5
3,1,1.0,1.0,2.0,2,3,3,3,4,3,4,4,2,2,2,2,2,3,3,3,4,4,4,4,3,3,3,4,1,1,1,1,1,2,1,2198,gemini,2024,남성,5
3,1,1.0,1.0,2.0,2,3,3,3,4,3,4,3,2,2,2,2,2,3,3,3,4,4,4,4,3,3,3,4,1,1,1,1,1,2,1,2199,gemini,2024,남성,5
3,1,1.0,1.0,2.0,2,4,4,4,4,3,4,3,2,2,2,2,2,3,3,3,4,4,4,4,3,3,3,4,1,1,1,1,1,2,1,2200,gemini,2024,남성,5
3,1,1.0,1.0,2.0,2,4,4,4,4,3,4,4,2,2,2,2,2,3,3,3,4,4,4,4,3,3,3,4,1,1,1,1,1,2,1,2201,gemini,2024,남성,5
3,1,1.0,1.0,2.0,2,3,3,4,4,3,4,4,2,2,2,2,2,3,3,3,4,4,4,4,3,4,3,4,1,1,1,1,1,2,1,2202,gemini,2024,남성,5
3,1,1.0,1.0,2.0,2,3,3,3,4,3,4,3,2,2,2,2,2,3,3,3,4,4,4,4,3,3,3,4,1,1,1,1,1,2,1,2203,gemini,2024,남성,5
3,1,1.0,1.0,2.0,2,3,4,4,4,3,4,4,2,2,2,2,2,3,3,3,4,4,4,4,3,4,3,4,1,1,1,1,1,2,1,2204,gemini,2024,남성,5
3,1,1.0,1.0,2.0,2,3,3,3,4,3,4,3,2,2,2,2,2,3,3,3,4,4,4,4,3,4,3,4,1,1,1,1,1,2,1,2205,gemini,2024,남성,5
3,1,1.0,1.0,2.0,2,3,3,3,4,3,4,4,2,2,2,2,2,3,3,3,4,4,4,4,3,4,3,4,1,1,1,1,1,2,1,2206,gemini,2024,남성,5
3,1,1.0,1.0,2.0,2,4,4,4,4,3,4,4,2,2,2,2,2,3,3,3,4,4,4,4,3,3,3,4,1,1,1,1,1,2,1,2207,gemini,2024,남성,5
3,1,1.0,1.0,2.0,2,3,4,4,4,3,4,3,2,2,2,2,2,3,3,3,4,4,4,4,3,4,3,4,1,1,1,1,1,2,1,2208,gemini,2024,남성,5
3,1,1.0,1.0,2.0,2,3,4,4,4,3,4,3,2,2,2,2,2,3,3,3,4,4,4,4,3,3,3,4,1,1,1,1,1,2,1,2209,gemini,2024,남성,5
3,1,1.0,1.0,2.0,2,3,3,3,4,3,4,3,2,2,2,2,2,3,3,3,4,4,4,4,3,4,3,4,1,1,1,1,1,2,1,2210,gemini,2024,남성,5
3,1,1.0,1.0,2.0,2,3,3,4,4,3,4,3,2,2,2,2,2,3,3,3,4,4,4,4,3,4,3,4,1,1,1,1,1,2,1,2211,gemini,2024,남성,5
3,1,1.0,1.0,2.0,2,3,3,4,4,3,4,3,2,2,2,2,2,3,3,3,4,4,4,4,3,3,3,4,1,1,1,1,1,2,1,2212,gemini,2024,남성,5
3,1,1.0,1.0,2.0,2,3,3,4,4,3,4,3,2,2,2,2,2,3,3,3,4,4,4,4,3,3,3,4,1,1,1,1,1,2,1,2213,gemini,2024,남성,5
3,1,1.0,1.0,2.0,2,3,3,4,4,3,4,3,2,2,2,2,2,3,3,3,4,4,4,4,3,3,3,4,1,1,1,1,1,2,1,2214,gemini,2024,남성,5
3,1,1.0,1.0,2.0,2,3,3,3,4,3,4,3,2,2,2,2,2,3,3,3,4,4,4,4,3,3,3,4,1,1,1,1,1,2,1,2215,gemini,2024,남성,5
3,1,1.0,1.0,2.0,2,3,4,3,4,3,4,3,2,2,2,2,2,3,3,3,4,4,3,3,3,3,3,4,1,1,1,1,1,2,1,2216,gemini,2024,남성,5
3,1,1.0,1.0,2.0,2,3,3,3,4,3,4,3,2,2,2,2,2,3,3,3,4,4,4,4,3,3,3,4,1,1,1,1,1,2,1,2217,gemini,2024,남성,5
3,1,1.0,1.0,2.0,3,4,4,4,4,3,4,3,2,2,2,2,2,3,3,3,4,4,4,4,3,4,3,4,1,1,1,1,1,2,1,2218,gemini,2024,남성,5
3,1,1.0,1.0,2.0,2,3,4,4,4,3,4,4,2,2,2,2,2,3,3,3,4,4,4,4,3,4,3,4,1,1,1,1,1,2,1,2219,gemini,2024,남성,5
3,1,1.0,1.0,2.0,2,4,4,4,4,3,4,3,2,2,2,2,2,3,3,3,4,4,4,4,3,3,3,4,1,1,1,1,1,2,1,2220,gemini,2024,남성,5
3,1,1.0,1.0,2.0,2,4,4,4,4,3,4,4,2,2,2,2,2,3,3,3,4,4,4,4,3,3,3,4,1,1,1,1,1,2,1,2221,gemini,2024,남성,5
3,1,1.0,1.0,2.0,2,3,4,4,4,3,4,3,2,2,2,2,2,3,3,3,4,4,4,4,3,3,3,4,1,1,1,1,1,2,1,2222,gemini,2024,남성,5
3,1,1.0,1.0,2.0,2,3,3,4,4,3,4,3,2,2,2,2,2,3,3,3,4,4,4,4,3,3,3,4,1,1,1,1,1,2,1,2223,gemini,2024,남성,5
3,1,1.0,1.0,2.0,2,3,3,4,4,3,4,3,2,2,2,2,2,3,3,3,4,4,4,4,3,4,3,3,1,1,1,1,1,2,1,2224,gemini,2024,남성,5
3,1,1.0,1.0,2.0,2,3,3,4,4,3,4,3,2,2,2,2,2,3,3,3,4,4,4,4,3,3,3,4,1,1,1,1,1,2,1,2225,gemini,2024,남성,5
3,1,1.0,1.0,2.0,2,3,3,3,4,3,4,3,2,2,2,2,2,3,3,3,4,4,4,4,3,4,3,4,1,1,1,1,1,2,1,2226,gemini,2024,남성,5
3,1,1.0,1.0,2.0,2,3,3,3,4,3,4,3,2,2,2,2,2,3,3,3,4,4,4,4,3,3,3,4,1,1,1,1,1,2,1,2227,gemini,2024,남성,5
3,1,1.0,1.0,2.0,2,3,3,4,4,3,4,3,2,2,2,2,2,3,3,3,4,4,4,4,3,4,3,4,1,1,1,1,1,2,1,2228,gemini,2024,남성,5
3,1,1.0,1.0,2.0,2,3,3,4,4,3,4,4,2,2,2,2,2,3,3,3,4,4,4,4,3,4,3,4,1,1,1,1,1,2,1,2229,gemini,2024,남성,5
3,1,1.0,1.0,2.0,2,3,4,4,4,3,4,3,2,2,2,2,2,3,3,3,4,4,4,4,3,4,3,4,1,1,1,1,1,2,1,2230,gemini,2024,남성,5
3,1,1.0,1.0,2.0,2,3,3,3,4,3,4,4,2,2,2,2,2,3,3,3,4,4,4,4,3,3,3,4,1,1,1,1,1,2,1,2231,gemini,2024,남성,5
3,1,1.0,1.0,2.0,2,3,4,4,4,3,4,3,2,2,2,3,2,3,3,3,4,4,4,4,3,4,3,4,1,1,1,1,1,2,1,2232,gemini,2024,남성,5
3,1,1.0,1.0,2.0,2,3,3,4,4,3,4,3,2,2,2,2,2,3,3,3,4,4,4,4,3,4,3,4,1,1,1,1,1,2,1,2233,gemini,2024,남성,5
3,1,1.0,1.0,2.0,2,3,3,3,4,3,4,3,2,2,2,2,2,3,3,3,4,4,4,4,3,3,3,4,1,1,1,1,1,2,1,2234,gemini,2024,남성,5
3,1,1.0,1.0,2.0,2,3,3,3,4,3,4,3,2,2,2,2,2,3,3,3,4,4,4,4,3,3,3,4,1,1,1,1,1,2,1,2235,gemini,2024,남성,5
3,1,1.0,1.0,2.0,2,3,3,4,4,3,4,3,2,2,2,2,2,3,3,3,4,4,4,4,3,4,3,4,1,1,1,1,1,2,1,2236,gemini,2024,남성,5
3,1,1.0,1.0,2.0,2,3,4,3,4,3,4,3,2,2,2,2,2,3,3,3,4,4,3,4,3,4,3,4,1,1,1,1,1,2,1,2237,gemini,2024,남성,5
3,1,1.0,1.0,2.0,2,3,3,4,4,3,4,3,2,2,2,2,2,3,3,3,4,4,4,4,3,3,3,4,1,1,1,1,1,2,1,2238,gemini,2024,남성,5
3,1,1.0,1.0,2.0,2,4,4,4,4,3,4,3,2,2,2,2,2,3,3,3,4,4,4,4,3,3,3,4,1,1,1,1,1,2,1,2239,gemini,2024,남성,5
3,1,1.0,1.0,2.0,2,3,3,4,4,3,4,3,2,2,2,2,2,3,3,3,4,4,4,4,3,3,3,4,1,1,1,1,1,2,1,2240,gemini,2024,남성,5
3,1,1.0,1.0,2.0,2,3,3,3,4,3,4,3,2,2,2,2,2,3,3,3,4,4,4,4,3,3,3,4,1,1,1,1,1,2,1,2241,gemini,2024,남성,5
3,1,1.0,1.0,2.0,2,3,3,4,4,3,4,3,2,2,2,2,2,3,3,3,4,4,4,4,3,3,3,4,1,1,1,1,1,2,1,2242,gemini,2024,남성,5
3,1,1.0,1.0,2.0,2,3,4,4,4,3,4,4,2,2,2,2,2,3,3,3,4,4,4,4,3,3,3,4,1,1,1,1,1,2,1,2243,gemini,2024,남성,5
3,1,1.0,1.0,2.0,2,3,3,3,4,3,4,3,2,2,2,2,2,3,3,3,4,4,4,4,3,3,3,3,1,1,1,1,1,2,1,2244,gemini,2024,남성,5
3,1,1.0,1.0,2.0,2,3,3,4,4,3,4,3,2,2,2,2,2,3,3,3,4,4,4,4,3,3,3,4,1,1,1,1,1,2,1,2245,gemini,2024,남성,5
3,1,1.0,1.0,2.0,2,3,3,3,4,3,4,3,2,2,2,2,2,3,3,3,4,4,4,4,3,3,3,4,1,1,1,1,1,2,1,2246,gemini,2024,남성,5
3,1,1.0,1.0,2.0,2,3,3,4,4,3,4,3,2,2,2,2,2,3,3,3,4,4,4,4,3,3,3,4,1,1,1,1,1,2,1,2247,gemini,2024,남성,5
3,1,1.0,1.0,2.0,2,3,3,3,4,3,4,3,2,2,2,2,2,3,3,3,4,4,4,4,3,4,3,4,1,1,1,1,1,2,1,2248,gemini,2024,남성,5
3,1,1.0,1.0,2.0,2,3,4,4,4,3,4,4,2,2,2,2,2,3,3,3,4,4,4,4,3,4,3,4,1,1,1,1,1,2,1,2249,gemini,2024,남성,5
3,1,1.0,1.0,2.0,2,3,4,4,4,3,4,3,2,2,2,2,2,3,3,3,4,4,4,4,3,4,3,4,1,1,1,1,1,2,1,2250,gemini,2024,남성,5
3,1,1.0,1.0,2.0,2,3,3,3,4,3,4,4,2,2,2,2,2,3,3,3,4,4,4,4,3,3,3,4,1,1,1,1,1,2,1,2251,gemini,2024,남성,5
3,1,1.0,1.0,2.0,2,3,4,4,4,3,4,3,2,2,2,2,2,3,3,3,4,4,4,4,3,3,3,4,1,1,1,1,1,2,1,2252,gemini,2024,남성,5
3,1,1.0,1.0,2.0,3,4,4,4,4,3,4,3,2,2,2,2,2,3,3,3,4,4,4,4,3,3,3,4,1,1,1,1,1,2,1,2253,gemini,2024,남성,5
3,1,1.0,1.0,2.0,2,3,3,3,4,3,4,3,2,2,2,2,2,3,3,3,4,4,3,4,3,3,3,3,1,1,1,1,1,2,1,2254,gemini,2024,남성,5
3,1,1.0,1.0,2.0,2,3,4,4,4,3,4,4,2,2,2,2,2,3,3,3,4,4,4,4,3,3,3,4,1,1,1,1,1,2,1,2255,gemini,2024,남성,5
3,1,1.0,1.0,2.0,2,3,3,4,4,3,4,3,2,2,2,2,2,3,3,3,4,4,4,4,3,4,3,4,1,1,1,1,1,2,1,2256,gemini,2024,남성,5
3,1,1.0,1.0,2.0,2,3,4,4,4,3,4,3,2,2,2,2,2,3,3,3,4,4,4,4,3,4,3,4,1,1,1,1,1,2,1,2257,gemini,2024,남성,5
3,1,1.0,1.0,2.0,2,3,4,4,4,3,4,3,2,2,2,2,2,3,3,3,4,4,4,4,3,4,3,4,1,1,1,1,1,2,1,2258,gemini,2024,남성,5
3,1,1.0,1.0,2.0,2,4,4,4,4,3,4,3,2,2,2,2,2,3,3,3,4,4,4,4,3,4,3,4,1,1,1,1,1,2,1,2259,gemini,2024,남성,5
3,1,1.0,1.0,2.0,2,3,3,4,4,3,4,3,2,2,2,2,2,3,3,3,4,4,4,4,3,4,3,4,1,1,1,1,1,2,1,2260,gemini,2024,남성,5
3,1,1.0,1.0,2.0,2,4,4,4,4,3,4,3,2,2,2,2,2,3,3,3,4,4,4,4,3,4,3,4,1,1,1,1,1,2,1,2261,gemini,2024,남성,5
3,1,1.0,1.0,2.0,3,4,4,4,4,3,4,3,2,2,2,3,2,3,3,3,4,4,4,4,3,4,3,4,1,1,1,1,1,2,1,2262,gemini,2024,남성,5
3,1,1.0,1.0,2.0,2,3,4,4,4,3,4,3,2,2,2,2,2,3,3,3,4,4,4,4,3,4,3,4,1,1,1,1,1,2,1,2263,gemini,2024,남성,5
3,1,1.0,1.0,2.0,2,3,3,3,4,3,4,3,2,2,2,2,2,3,3,3,4,4,4,4,3,3,3,4,1,1,1,1,1,2,1,2264,gemini,2024,남성,5
3,1,1.0,1.0,2.0,2,3,3,3,4,3,4,3,2,2,2,2,2,3,3,3,4,4,4,4,3,3,3,4,1,1,1,1,1,2,1,2265,gemini,2024,남성,5
3,1,1.0,1.0,2.0,2,4,3,4,4,3,4,3,2,2,2,2,2,3,3,3,4,4,4,4,3,4,3,4,1,1,1,1,1,2,1,2266,gemini,2024,남성,5
3,1,1.0,1.0,2.0,2,3,3,4,4,3,4,3,2,2,2,2,2,3,3,3,4,4,4,4,3,3,3,4,1,1,1,1,1,2,1,2267,gemini,2024,남성,5
3,1,1.0,1.0,2.0,2,4,3,4,4,3,4,3,2,2,2,2,2,3,3,3,4,4,4,4,3,3,3,4,1,1,1,1,1,2,1,2268,gemini,2024,남성,5
3,1,1.0,1.0,2.0,2,4,4,4,4,3,4,3,2,2,2,2,2,3,3,3,4,4,4,4,3,3,3,4,1,1,1,1,1,2,1,2269,gemini,2024,남성,5
3,1,1.0,1.0,2.0,2,3,3,3,4,3,4,3,2,2,2,2,2,3,3,3,4,4,4,4,3,4,3,4,1,1,1,1,1,2,1,2270,gemini,2024,남성,5
3,1,1.0,1.0,2.0,2,3,4,4,4,3,4,3,2,2,2,2,2,3,3,3,4,4,4,4,3,3,3,4,1,1,1,1,1,2,1,2271,gemini,2024,남성,5
3,1,1.0,1.0,2.0,2,3,3,3,4,3,4,3,2,2,2,2,2,3,3,3,4,4,4,4,3,4,3,4,1,1,1,1,1,2,1,2272,gemini,2024,남성,5
3,1,1.0,1.0,2.0,2,4,4,4,4,3,4,3,2,2,2,2,2,3,3,3,4,4,4,4,3,3,3,4,1,1,1,1,1,2,1,2273,gemini,2024,남성,5
3,1,1.0,1.0,2.0,2,3,3,3,4,3,4,3,2,2,2,2,2,3,3,3,4,4,4,4,3,3,3,4,1,1,1,1,1,2,1,2274,gemini,2024,남성,5
3,1,1.0,1.0,2.0,2,3,4,4,4,3,4,3,2,2,2,2,2,3,3,3,4,4,4,4,3,3,3,3,1,1,1,1,1,2,1,2275,gemini,2024,남성,5
3,1,1.0,1.0,2.0,2,3,3,3,4,3,4,3,2,2,2,2,2,3,3,3,4,4,4,4,3,3,3,4,1,1,1,1,1,2,1,2276,gemini,2024,남성,5
3,1,1.0,1.0,2.0,2,3,3,4,4,3,4,3,2,2,2,2,2,3,3,3,4,4,4,4,3,4,3,4,1,1,1,1,1,2,1,2277,gemini,2024,남성,5
3,1,1.0,1.0,2.0,2,3,3,3,3,2,3,3,2,2,2,2,2,3,2,2,4,4,3,3,3,3,3,3,1,1,2,1,1,2,1,2278,gemini,2024,남성,6
3,1,1.0,1.0,2.0,2,3,3,3,4,3,4,4,2,2,2,2,2,3,3,3,4,4,3,3,3,4,3,4,1,1,1,1,1,2,1,2279,gemini,2024,남성,6
3,1,1.0,1.0,2.0,2,3,3,3,4,3,4,4,2,2,2,2,2,3,3,3,4,4,3,3,3,4,3,4,1,1,2,1,1,2,1,2280,gemini,2024,남성,6
3,1,1.0,1.0,2.0,2,3,3,3,4,3,4,3,2,2,2,2,2,3,3,3,4,4,3,3,3,3,3,3,1,1,2,1,1,2,1,2281,gemini,2024,남성,6
3,1,1.0,1.0,2.0,2,3,3,3,4,3,4,3,2,2,2,2,2,3,3,3,4,4,3,3,3,3,3,3,1,1,2,1,1,2,1,2282,gemini,2024,남성,6
3,1,1.0,1.0,2.0,2,4,3,4,3,2,3,3,2,2,2,2,2,3,3,3,4,4,3,3,3,3,3,3,1,1,2,1,1,2,1,2283,gemini,2024,남성,6
3,1,1.0,1.0,2.0,2,3,3,3,3,2,3,3,2,2,2,2,2,3,3,3,4,4,3,3,2,3,3,3,1,1,2,1,1,2,1,2284,gemini,2024,남성,6
3,1,1.0,1.0,2.0,2,3,3,3,3,2,3,3,2,2,2,2,2,3,3,3,4,4,3,3,2,3,3,3,1,1,2,1,1,2,1,2285,gemini,2024,남성,6
3,1,1.0,1.0,2.0,2,3,3,3,3,2,3,3,2,2,2,2,2,3,3,3,4,4,3,3,3,3,3,3,1,1,2,1,1,2,1,2286,gemini,2024,남성,6
3,1,1.0,1.0,2.0,2,3,3,3,4,3,4,4,2,2,2,2,2,3,3,3,4,4,3,3,3,4,3,4,1,1,2,1,1,2,1,2287,gemini,2024,남성,6
3,1,1.0,1.0,2.0,2,3,3,3,4,3,4,3,2,2,2,2,2,3,3,3,4,4,3,3,3,3,3,3,1,1,2,1,1,2,1,2288,gemini,2024,남성,6
3,1,1.0,1.0,2.0,2,3,3,3,4,3,4,3,2,2,2,2,2,3,3,3,4,4,3,3,3,3,3,3,1,1,2,1,1,2,1,2289,gemini,2024,남성,6
3,1,1.0,1.0,2.0,2,3,3,3,3,2,3,3,2,2,2,2,2,3,3,2,4,4,3,3,3,3,3,3,1,1,2,1,1,2,1,2290,gemini,2024,남성,6
3,1,1.0,1.0,2.0,2,3,3,3,4,3,4,3,2,2,2,2,2,3,3,3,4,4,3,3,3,3,3,3,1,1,2,1,1,2,1,2291,gemini,2024,남성,6
3,1,1.0,1.0,2.0,2,3,3,3,3,2,3,3,2,2,2,2,2,3,2,2,4,4,3,3,2,3,3,3,1,1,2,1,1,2,1,2292,gemini,2024,남성,6
3,1,1.0,1.0,2.0,2,3,3,3,4,3,4,3,2,2,2,2,2,3,3,3,4,4,3,3,3,3,3,3,1,1,2,1,1,2,1,2293,gemini,2024,남성,6
3,1,1.0,1.0,2.0,2,3,3,3,3,3,3,3,2,2,2,2,2,3,3,3,4,4,3,3,3,3,3,4,1,1,2,1,1,2,1,2294,gemini,2024,남성,6
3,1,1.0,1.0,2.0,2,3,3,4,3,3,4,3,2,2,2,2,2,3,3,3,4,4,3,3,3,4,4,4,1,1,2,1,1,2,1,2295,gemini,2024,남성,6
3,1,1.0,1.0,2.0,2,3,3,3,3,2,3,3,2,2,2,2,2,3,3,3,4,4,3,3,3,3,3,3,1,1,2,1,1,2,1,2296,gemini,2024,남성,6
3,1,1.0,1.0,2.0,2,3,3,3,3,2,3,3,2,2,2,2,2,3,3,3,4,4,3,3,3,3,3,3,1,1,2,1,1,2,1,2297,gemini,2024,남성,6
3,1,1.0,1.0,2.0,2,3,3,3,3,2,3,3,2,2,2,2,2,3,2,2,4,4,3,3,3,3,3,3,1,1,2,1,1,2,1,2298,gemini,2024,남성,6
3,1,1.0,1.0,2.0,2,3,3,3,4,3,4,3,2,2,2,2,2,3,3,3,4,4,3,3,3,3,4,3,1,1,2,1,1,2,1,2299,gemini,2024,남성,6
3,1,1.0,1.0,2.0,2,3,3,3,4,3,4,3,2,2,2,2,2,3,3,3,4,4,3,3,3,3,3,3,1,1,2,1,1,2,1,2300,gemini,2024,남성,6
3,1,1.0,1.0,2.0,2,3,3,3,4,3,4,3,2,2,2,2,2,3,3,3,4,4,3,3,3,3,3,3,1,1,2,1,1,2,1,2301,gemini,2024,남성,6
3,1,1.0,1.0,2.0,2,3,3,3,4,3,4,3,2,2,2,2,2,3,3,3,4,4,3,3,3,3,3,3,1,1,2,1,1,2,1,2302,gemini,2024,남성,6
3,1,1.0,1.0,2.0,2,3,3,3,4,3,4,3,2,2,2,2,2,3,3,3,4,4,3,3,3,3,3,3,1,1,2,1,1,2,1,2303,gemini,2024,남성,6
3,1,1.0,1.0,2.0,2,3,3,3,4,3,4,4,2,2,2,2,2,3,3,3,4,4,3,3,3,3,3,3,1,1,2,1,1,2,1,2304,gemini,2024,남성,6
3,1,1.0,1.0,2.0,2,3,4,4,3,3,4,3,2,2,2,2,2,3,3,3,4,4,3,3,3,4,3,3,1,1,2,1,1,2,1,2305,gemini,2024,남성,6
3,1,1.0,1.0,2.0,2,3,3,3,4,3,4,3,2,2,2,2,2,3,3,3,4,4,3,3,3,4,3,4,1,1,2,1,1,2,1,2306,gemini,2024,남성,6
3,1,1.0,1.0,2.0,2,3,3,3,4,3,4,3,2,2,2,2,2,3,3,3,4,4,3,3,3,3,3,3,1,1,2,1,1,2,1,2307,gemini,2024,남성,6
3,1,1.0,1.0,2.0,2,3,3,3,4,3,4,3,2,2,2,2,2,3,3,3,4,4,3,3,3,3,3,3,1,1,2,1,1,2,1,2308,gemini,2024,남성,6
3,1,1.0,1.0,2.0,2,3,3,3,3,2,3,3,2,2,2,2,2,3,3,3,4,4,3,3,3,3,3,3,1,1,2,1,1,2,1,2309,gemini,2024,남성,6
3,1,1.0,1.0,2.0,2,3,3,3,4,3,3,3,2,2,2,2,2,3,3,3,4,4,3,3,3,4,3,4,1,1,2,1,1,2,1,2310,gemini,2024,남성,6
3,1,1.0,1.0,2.0,2,3,3,3,3,2,3,3,2,2,2,2,2,3,3,2,4,4,3,3,3,3,3,4,1,1,1,1,1,2,1,2311,gemini,2024,남성,6
3,1,1.0,1.0,2.0,2,3,3,3,3,2,3,3,2,2,2,2,2,3,2,2,4,4,3,3,3,3,3,3,1,1,2,1,1,2,1,2312,gemini,2024,남성,6
3,1,1.0,1.0,2.0,2,3,3,3,3,2,3,3,2,2,2,2,2,3,3,3,4,4,3,3,2,3,3,3,1,1,2,1,1,2,1,2313,gemini,2024,남성,6
3,1,1.0,1.0,2.0,2,3,3,3,3,2,3,3,2,2,2,2,2,3,3,3,4,4,3,3,2,3,3,3,1,1,2,1,1,2,1,2314,gemini,2024,남성,6
3,1,1.0,1.0,2.0,2,3,3,3,3,2,3,3,2,2,2,2,2,3,3,2,4,4,3,3,3,3,3,3,1,1,2,1,1,2,1,2315,gemini,2024,남성,6
3,1,1.0,1.0,2.0,2,3,3,3,3,2,3,3,2,2,2,2,2,3,3,3,4,4,3,3,3,3,3,3,1,1,2,1,1,2,1,2316,gemini,2024,남성,6
3,1,1.0,1.0,2.0,2,3,3,3,3,2,3,3,2,2,2,2,2,3,3,3,4,4,3,3,3,3,3,3,1,1,2,1,1,2,1,2317,gemini,2024,남성,6
3,1,1.0,4.0,2.0,2,3,3,3,3,2,3,3,2,2,2,2,2,3,2,3,4,4,3,3,3,3,3,4,1,1,2,1,1,2,1,2318,gemini,2024,남성,6
3,1,1.0,1.0,2.0,2,3,3,3,3,2,3,3,2,2,2,2,2,3,3,2,4,4,3,3,3,4,3,3,1,1,2,1,1,2,1,2319,gemini,2024,남성,6
3,1,1.0,1.0,2.0,2,3,3,3,4,3,4,4,2,2,2,2,2,3,3,3,4,4,3,3,3,3,3,4,1,1,2,1,1,2,1,2320,gemini,2024,남성,6
3,1,1.0,1.0,2.0,2,3,3,3,3,2,3,3,2,2,2,2,2,3,3,3,4,4,3,3,3,3,3,3,1,1,2,1,1,2,1,2321,gemini,2024,남성,6
3,1,1.0,1.0,2.0,2,3,3,3,4,3,4,3,2,2,2,2,2,3,3,3,4,4,3,3,3,3,3,3,1,1,2,1,1,2,1,2322,gemini,2024,남성,6
3,1,1.0,1.0,2.0,2,3,3,3,3,2,3,3,2,2,2,2,2,3,3,3,4,4,3,3,2,3,3,3,1,1,2,1,1,2,1,2323,gemini,2024,남성,6
3,1,1.0,1.0,2.0,2,3,3,3,4,3,4,4,2,2,2,2,2,3,3,3,4,4,3,3,3,3,3,4,1,1,2,1,1,2,1,2324,gemini,2024,남성,6
3,1,1.0,1.0,2.0,2,3,3,3,4,3,4,3,2,2,2,2,2,3,3,3,4,4,3,3,3,3,3,3,1,1,2,1,1,2,1,2325,gemini,2024,남성,6
3,1,1.0,1.0,2.0,2,3,3,3,4,3,4,3,2,2,2,2,2,3,3,3,4,4,3,3,3,3,3,3,1,1,2,1,1,2,1,2326,gemini,2024,남성,6
3,1,1.0,1.0,2.0,2,3,3,3,3,2,3,3,2,2,2,2,2,3,2,2,4,4,3,3,3,3,3,3,1,1,2,1,1,2,1,2327,gemini,2024,남성,6
3,1,1.0,1.0,2.0,2,3,3,3,3,2,3,3,2,2,2,2,2,3,3,3,4,4,3,3,2,3,3,3,1,1,2,1,1,2,1,2328,gemini,2024,남성,6
3,1,1.0,1.0,2.0,2,3,3,3,3,2,3,3,2,2,2,2,2,3,3,2,4,4,3,3,3,3,3,3,1,1,2,1,1,2,1,2329,gemini,2024,남성,6
3,1,1.0,1.0,2.0,2,3,3,3,3,2,3,3,2,2,2,2,2,3,3,2,4,4,3,3,2,3,3,3,1,1,2,1,1,2,1,2330,gemini,2024,남성,6
3,1,1.0,1.0,2.0,2,3,3,3,4,3,4,4,2,2,2,2,2,3,3,3,4,4,3,3,3,4,3,4,1,1,2,1,1,2,1,2331,gemini,2024,남성,6
3,1,1.0,1.0,2.0,2,3,3,3,3,2,3,3,2,2,2,2,2,3,3,3,4,4,3,3,3,3,3,3,1,1,2,1,1,2,1,2332,gemini,2024,남성,6
3,1,1.0,1.0,2.0,2,3,4,3,4,3,4,4,2,2,2,2,2,3,3,3,4,4,3,3,3,4,3,4,1,1,2,1,1,2,1,2333,gemini,2024,남성,6
3,1,1.0,1.0,2.0,2,3,3,3,3,3,4,3,2,2,2,2,2,3,3,3,4,4,3,3,3,4,3,4,1,1,1,1,1,2,1,2334,gemini,2024,남성,6
3,1,1.0,1.0,2.0,2,3,3,3,4,3,4,4,2,2,2,2,2,3,3,3,4,4,3,3,2,3,3,3,1,1,2,1,1,2,1,2335,gemini,2024,남성,6
3,1,1.0,1.0,2.0,2,3,3,3,3,2,3,3,2,2,2,2,2,3,3,2,4,4,3,3,3,3,3,3,1,1,2,1,1,2,1,2336,gemini,2024,남성,6
3,1,1.0,1.0,2.0,2,3,3,3,3,2,3,3,2,2,2,2,2,3,3,2,4,4,3,3,3,3,3,3,1,1,2,1,1,2,1,2337,gemini,2024,남성,6
3,1,1.0,1.0,2.0,2,3,3,3,3,2,3,3,2,2,2,2,2,3,3,2,4,4,3,3,3,3,3,3,1,1,2,1,1,2,1,2338,gemini,2024,남성,6
3,1,1.0,1.0,2.0,2,3,3,3,4,3,4,3,2,2,2,2,2,3,3,3,4,4,3,3,3,3,3,3,1,1,2,1,1,2,1,2339,gemini,2024,남성,6
3,1,1.0,1.0,2.0,2,3,3,3,3,2,3,3,2,2,2,2,2,3,3,2,4,4,3,3,3,3,3,3,1,1,2,1,1,2,1,2340,gemini,2024,남성,6
3,1,1.0,1.0,2.0,2,3,3,3,3,2,3,3,2,2,2,2,2,3,3,2,4,4,3,3,3,3,3,3,1,1,2,1,1,2,1,2341,gemini,2024,남성,6
3,1,1.0,1.0,2.0,2,3,3,3,3,2,3,3,2,2,2,2,2,3,3,2,4,4,3,3,2,3,3,3,1,1,2,1,1,2,1,2342,gemini,2024,남성,6
3,1,1.0,1.0,2.0,2,3,3,3,4,3,4,4,2,2,2,2,2,3,3,3,4,4,3,3,3,3,3,3,1,1,2,1,1,2,1,2343,gemini,2024,남성,6
3,1,1.0,1.0,2.0,2,3,3,3,4,3,4,3,2,2,2,2,2,3,3,3,4,4,3,3,3,3,3,3,1,1,2,1,1,2,1,2344,gemini,2024,남성,6
3,1,1.0,1.0,2.0,2,3,3,3,4,3,4,3,2,2,2,2,2,3,3,3,4,4,3,3,3,3,3,3,1,1,2,1,1,2,1,2345,gemini,2024,남성,6
3,1,1.0,1.0,2.0,2,3,3,3,3,2,3,3,2,2,2,2,2,3,3,2,4,4,3,3,3,3,3,3,1,1,2,1,1,2,1,2346,gemini,2024,남성,6
3,1,1.0,1.0,2.0,2,3,3,3,3,2,3,3,2,2,2,2,2,3,3,3,4,4,3,3,3,3,3,3,1,1,2,1,1,2,1,2347,gemini,2024,남성,6
3,1,1.0,1.0,2.0,2,3,3,3,3,2,3,3,2,2,2,2,2,3,3,2,4,4,3,3,3,3,3,3,1,1,2,1,1,2,1,2348,gemini,2024,남성,6
3,1,1.0,1.0,2.0,2,3,3,3,3,2,3,3,2,2,2,2,2,3,3,3,4,4,3,3,3,3,3,3,1,1,2,1,1,2,1,2349,gemini,2024,남성,6
3,1,1.0,1.0,2.0,2,3,3,3,4,3,4,3,2,2,2,2,2,3,3,3,4,4,3,3,3,3,3,3,1,1,2,1,1,2,1,2350,gemini,2024,남성,6
3,1,1.0,1.0,2.0,2,3,4,3,4,3,4,3,2,2,2,2,2,3,3,3,4,4,3,3,3,3,3,3,1,1,2,1,1,2,1,2351,gemini,2024,남성,6
3,1,1.0,1.0,2.0,2,3,3,3,4,3,4,3,2,2,2,2,2,3,3,3,4,4,3,3,3,3,3,3,1,1,2,1,1,2,1,2352,gemini,2024,남성,6
3,1,1.0,1.0,2.0,2,3,3,3,4,3,4,3,2,2,2,2,2,3,3,3,4,4,3,3,3,3,3,3,1,1,2,1,1,2,1,2353,gemini,2024,남성,6
3,1,1.0,1.0,2.0,2,3,3,3,3,2,3,3,2,2,2,2,2,3,3,2,4,4,3,3,3,3,3,3,1,1,2,1,1,2,1,2354,gemini,2024,남성,6
3,1,1.0,1.0,2.0,2,4,4,4,3,3,3,3,2,2,2,2,2,3,3,3,4,4,3,3,3,3,3,3,1,1,2,1,1,2,1,2355,gemini,2024,남성,6
3,1,1.0,1.0,2.0,2,3,3,3,4,3,4,3,2,2,2,2,2,3,3,3,4,4,3,3,3,3,3,4,1,1,2,1,1,2,1,2356,gemini,2024,남성,6
3,1,1.0,1.0,2.0,2,3,3,4,3,3,3,3,2,2,2,2,2,3,3,3,4,4,3,3,3,4,3,3,1,1,2,1,1,2,1,2357,gemini,2024,남성,6
3,1,1.0,1.0,2.0,2,3,3,3,4,3,4,3,2,2,2,2,2,3,3,3,4,4,3,3,3,3,3,3,1,1,2,1,1,2,1,2358,gemini,2024,남성,6
3,1,1.0,1.0,2.0,2,3,3,3,3,2,3,3,2,2,2,2,2,3,3,3,4,4,3,3,3,3,3,3,1,1,2,1,1,2,1,2359,gemini,2024,남성,6
3,1,1.0,1.0,2.0,2,3,3,3,3,2,3,3,2,2,2,2,1,3,3,2,4,4,3,3,3,3,3,3,1,1,2,1,1,2,1,2360,gemini,2024,남성,6
3,1,1.0,1.0,2.0,2,4,3,4,4,3,4,3,2,2,2,2,2,3,3,3,4,4,3,3,3,3,3,3,1,1,2,1,1,2,1,2361,gemini,2024,남성,6
3,1,1.0,1.0,2.0,2,3,3,3,4,3,4,3,2,2,2,2,2,3,3,3,4,4,3,3,3,4,3,3,1,1,2,1,1,2,1,2362,gemini,2024,남성,6
3,1,1.0,1.0,2.0,2,3,3,3,3,2,3,3,2,2,2,2,2,3,3,3,4,4,3,3,3,3,3,3,1,1,2,1,1,2,1,2363,gemini,2024,남성,6
3,1,1.0,1.0,2.0,2,3,3,3,3,2,3,3,2,2,2,2,2,3,3,3,4,4,3,3,3,3,3,3,1,1,2,1,1,2,1,2364,gemini,2024,남성,6
3,1,1.0,1.0,2.0,2,3,3,3,3,2,3,3,2,2,2,2,2,3,3,3,4,4,3,3,3,3,3,3,1,1,2,1,1,2,1,2365,gemini,2024,남성,6
3,1,1.0,1.0,2.0,2,3,3,3,4,3,4,3,2,2,2,2,2,3,3,3,4,4,3,3,3,4,3,4,1,1,2,1,1,2,1,2366,gemini,2024,남성,6
3,1,1.0,1.0,2.0,2,3,3,3,3,2,3,3,2,2,2,2,2,3,3,3,4,4,3,3,3,4,3,3,1,1,2,1,1,2,1,2367,gemini,2024,남성,6
3,1,1.0,1.0,2.0,2,3,3,3,4,3,4,3,2,2,2,2,2,3,3,3,4,4,3,3,3,3,3,4,1,1,2,1,1,2,1,2368,gemini,2024,남성,6
3,1,1.0,1.0,2.0,2,3,3,3,4,3,4,3,2,2,2,2,2,3,3,3,4,4,3,3,3,3,3,3,1,1,2,1,1,2,1,2369,gemini,2024,남성,6
3,1,1.0,1.0,2.0,2,3,3,3,3,2,3,3,2,2,2,2,2,3,3,2,4,4,3,3,3,3,3,3,1,1,2,1,1,2,1,2370,gemini,2024,남성,6
3,1,1.0,1.0,2.0,2,3,3,3,3,2,3,3,2,2,2,2,2,3,3,3,4,4,3,3,3,3,3,3,1,1,2,1,1,2,1,2371,gemini,2024,남성,6
3,1,1.0,1.0,2.0,2,3,3,3,4,3,4,3,2,2,2,2,2,3,3,3,4,4,3,3,3,3,3,3,1,1,2,1,1,2,1,2372,gemini,2024,남성,6
3,1,1.0,1.0,2.0,2,4,3,4,4,3,4,3,2,2,2,2,2,3,3,3,4,4,3,3,3,4,3,4,1,1,2,1,1,2,1,2373,gemini,2024,남성,6
3,1,1.0,1.0,2.0,2,3,3,3,3,3,4,3,2,2,2,2,2,3,3,3,4,4,3,3,3,4,3,4,1,1,2,1,1,2,1,2374,gemini,2024,남성,6
3,1,1.0,1.0,2.0,2,3,4,4,3,3,3,3,2,2,2,2,2,3,3,3,4,4,3,3,3,4,3,4,1,1,2,1,1,2,1,2375,gemini,2024,남성,6
3,1,1.0,1.0,2.0,2,3,3,3,3,2,3,3,2,2,2,2,2,3,3,2,4,4,3,3,3,3,3,3,1,1,2,1,1,2,1,2376,gemini,2024,남성,6
3,1,1.0,1.0,2.0,2,3,3,3,4,3,4,3,2,2,2,2,2,3,3,3,4,4,3,3,3,3,3,3,1,1,2,1,1,2,1,2377,gemini,2024,남성,6
3,1,1.0,1.0,2.0,2,3,3,3,3,2,3,3,2,2,2,2,2,3,3,2,4,4,3,3,3,3,3,3,1,1,2,1,1,2,1,2378,gemini,2024,남성,6
3,1,1.0,1.0,2.0,2,3,3,3,3,2,3,3,2,2,2,2,2,3,3,2,4,4,3,3,3,3,3,3,1,1,2,1,1,2,1,2379,gemini,2024,남성,6
3,1,1.0,1.0,2.0,2,3,3,3,3,2,3,3,2,2,2,2,2,3,3,3,4,4,3,3,3,3,3,3,1,1,2,1,1,2,1,2380,gemini,2024,남성,6
3,1,1.0,1.0,2.0,2,3,3,3,4,3,4,3,2,2,2,2,2,3,3,3,4,4,3,3,3,3,3,3,1,1,2,1,1,2,1,2381,gemini,2024,남성,6
3,1,1.0,1.0,2.0,2,3,3,3,3,2,3,3,2,2,2,2,2,3,3,3,4,4,3,3,3,3,3,3,1,1,2,1,1,2,1,2382,gemini,2024,남성,6
3,1,1.0,1.0,2.0,2,3,3,3,4,3,4,3,2,2,2,2,2,3,3,3,4,4,3,3,3,3,3,3,1,1,2,1,1,2,1,2383,gemini,2024,남성,6
3,1,1.0,1.0,2.0,2,3,3,3,3,2,3,3,2,2,2,2,2,3,3,2,4,4,3,3,3,3,3,3,1,1,2,1,1,2,1,2384,gemini,2024,남성,6
3,1,1.0,1.0,2.0,2,3,3,3,3,2,3,3,2,2,2,2,2,3,3,2,4,4,3,3,3,3,3,3,1,1,2,1,1,2,1,2385,gemini,2024,남성,6
3,1,1.0,1.0,2.0,2,3,3,3,3,2,3,3,2,2,2,2,2,3,3,2,4,4,3,3,3,3,3,3,1,1,2,1,1,2,1,2386,gemini,2024,남성,6
3,1,1.0,1.0,2.0,2,3,3,3,3,3,4,3,2,2,2,2,2,3,3,2,4,4,3,3,3,3,3,3,1,1,2,1,1,2,1,2387,gemini,2024,남성,6
3,1,1.0,1.0,2.0,2,3,3,3,4,3,4,3,2,2,2,2,2,3,3,3,4,4,3,3,3,3,3,3,1,1,2,1,1,2,1,2388,gemini,2024,남성,6
3,1,1.0,1.0,2.0,2,3,3,3,3,2,3,3,2,2,2,2,2,3,3,3,4,4,3,3,3,3,3,3,1,1,2,1,1,2,1,2389,gemini,2024,남성,6
3,1,1.0,1.0,2.0,2,3,3,3,3,2,3,3,2,2,2,2,2,3,3,3,4,4,3,3,3,3,3,3,1,1,2,1,1,2,1,2390,gemini,2024,남성,6
3,1,1.0,1.0,2.0,2,3,3,3,3,2,3,3,2,2,2,2,2,3,3,3,4,4,3,3,3,3,3,3,1,1,2,1,1,2,1,2391,gemini,2024,남성,6
3,1,1.0,1.0,2.0,2,3,3,3,3,2,3,3,2,2,2,2,2,3,3,3,4,4,3,3,2,3,3,3,1,1,2,1,1,2,1,2392,gemini,2024,남성,6
3,1,1.0,1.0,2.0,2,3,3,3,3,2,3,3,2,2,2,2,2,3,3,3,4,4,3,3,3,3,3,3,1,1,2,1,1,2,1,2393,gemini,2024,남성,6
3,1,1.0,1.0,2.0,2,3,3,3,4,3,4,3,2,2,2,2,2,3,3,3,4,4,3,3,3,3,3,3,1,1,2,1,1,2,1,2394,gemini,2024,남성,6
3,1,1.0,1.0,2.0,2,3,3,3,3,2,3,3,2,2,2,2,2,3,2,2,4,4,3,3,3,4,3,3,1,1,2,1,1,2,1,2395,gemini,2024,남성,6
3,1,1.0,1.0,2.0,2,3,3,3,3,2,3,3,2,2,2,2,2,3,3,3,4,4,3,3,3,3,3,3,1,1,2,1,1,2,1,2396,gemini,2024,남성,6
3,1,1.0,1.0,2.0,2,3,3,3,3,2,3,3,2,2,2,2,2,3,3,3,4,4,3,3,2,3,3,3,1,1,2,1,1,2,1,2397,gemini,2024,남성,6
3,1,1.0,1.0,2.0,2,3,3,3,3,2,3,3,2,2,2,2,2,3,3,2,4,4,3,3,3,3,3,3,1,1,2,1,1,2,1,2398,gemini,2024,남성,6
3,1,1.0,1.0,2.0,2,3,3,3,4,3,4,3,2,2,2,2,2,3,3,3,4,4,3,3,3,3,3,3,1,1,2,1,1,2,1,2399,gemini,2024,남성,6
3,1,1.0,1.0,2.0,2,3,3,3,4,3,4,4,2,2,2,2,2,3,3,3,4,4,3,3,3,4,3,3,1,1,1,1,1,2,1,2400,gemini,2024,남성,6
3,1,1.0,1.0,2.0,2,3,3,4,3,3,4,3,2,2,2,2,2,3,3,3,4,4,3,3,3,3,3,3,1,1,2,1,1,2,1,2401,gemini,2024,남성,6
3,1,1.0,1.0,2.0,2,3,3,3,4,3,4,3,2,2,2,2,2,3,3,3,4,4,3,3,3,3,3,3,1,1,2,1,1,2,1,2402,gemini,2024,남성,6
3,1,1.0,1.0,2.0,2,3,3,3,4,3,4,3,2,2,2,2,2,3,3,3,4,4,3,3,3,3,3,4,1,1,1,1,1,2,1,2403,gemini,2024,남성,6
3,1,1.0,1.0,2.0,2,3,3,3,4,3,4,3,2,2,2,2,2,3,3,3,4,4,3,3,3,3,3,3,1,1,2,1,1,2,1,2404,gemini,2024,남성,6
3,1,1.0,1.0,2.0,2,3,3,3,3,2,3,3,2,2,2,2,2,3,3,2,4,4,3,3,3,3,3,3,1,1,2,1,1,2,1,2405,gemini,2024,남성,6
3,1,1.0,1.0,2.0,2,3,3,3,3,2,3,3,2,2,2,2,2,3,2,3,4,4,3,3,3,3,3,3,1,1,2,1,1,2,2,2406,gemini,2024,남성,6
3,1,1.0,1.0,2.0,2,3,3,3,3,2,3,3,2,2,2,2,2,3,3,3,4,4,3,3,2,3,3,3,1,1,2,1,1,2,2,2407,gemini,2024,남성,6
3,1,1.0,1.0,2.0,2,3,3,3,4,3,4,3,2,2,2,2,2,3,3,3,4,4,3,3,3,3,3,3,1,1,2,1,1,2,1,2408,gemini,2024,남성,6
3,1,1.0,1.0,2.0,2,3,3,3,3,2,3,3,2,2,2,2,2,3,3,2,4,4,3,3,3,3,3,3,1,1,2,1,1,2,1,2409,gemini,2024,남성,6
3,1,1.0,1.0,2.0,2,3,3,3,3,2,3,3,2,2,2,2,2,3,3,3,4,4,3,3,3,3,3,3,1,1,2,1,1,2,1,2410,gemini,2024,남성,6
3,1,1.0,1.0,2.0,2,3,3,3,4,3,4,4,2,2,2,2,2,3,3,3,4,4,3,3,3,3,3,4,1,1,1,1,1,2,1,2411,gemini,2024,남성,6
3,1,1.0,1.0,2.0,2,4,3,4,4,3,4,3,2,2,2,2,2,3,3,3,4,4,3,3,3,4,3,4,1,1,2,1,1,2,1,2412,gemini,2024,남성,6
3,1,1.0,1.0,2.0,2,3,3,3,3,2,3,3,2,2,2,2,2,3,3,2,4,4,3,3,3,3,3,3,1,1,2,1,1,2,1,2413,gemini,2024,남성,6
3,1,1.0,1.0,2.0,2,3,3,3,4,3,4,3,2,2,2,2,2,3,3,3,4,4,3,3,3,3,3,3,1,1,2,1,1,2,1,2414,gemini,2024,남성,6
3,1,1.0,1.0,2.0,2,3,3,3,3,2,3,3,2,2,2,2,2,3,3,3,4,4,3,3,2,3,3,3,1,1,2,1,1,2,1,2415,gemini,2024,남성,6
3,1,1.0,1.0,2.0,2,3,3,3,3,2,3,3,2,2,2,2,2,3,3,3,4,4,3,3,2,3,3,3,1,1,2,1,1,2,1,2416,gemini,2024,남성,6
3,1,1.0,1.0,2.0,2,3,3,3,3,2,3,3,2,2,2,2,2,3,3,3,4,4,3,3,3,3,3,3,1,1,1,1,1,2,1,2417,gemini,2024,남성,6
3,1,1.0,1.0,2.0,2,3,3,3,4,3,4,3,2,2,2,2,2,3,3,3,4,4,3,3,3,3,3,3,1,1,2,1,1,2,1,2418,gemini,2024,남성,6
3,1,1.0,1.0,2.0,2,3,3,3,4,3,4,4,2,2,2,2,2,3,3,3,4,4,3,3,3,4,4,4,1,1,1,1,1,2,1,2419,gemini,2024,남성,6
3,1,1.0,1.0,2.0,2,3,3,3,4,3,4,3,2,2,2,2,2,3,3,3,4,4,3,3,3,3,3,4,1,1,2,1,1,2,1,2420,gemini,2024,남성,6
3,1,1.0,1.0,2.0,2,3,3,3,3,2,3,3,2,2,2,2,2,3,3,2,4,4,3,3,3,4,3,3,1,1,2,1,1,2,1,2421,gemini,2024,남성,6
3,1,1.0,1.0,2.0,2,3,3,3,3,2,3,3,2,2,2,2,2,3,3,3,4,4,3,3,3,3,3,3,1,1,2,1,1,2,1,2422,gemini,2024,남성,6
3,1,1.0,1.0,2.0,2,3,3,3,3,2,3,3,2,2,2,2,2,3,3,2,4,4,3,3,3,3,3,3,1,1,2,1,1,2,1,2423,gemini,2024,남성,6
3,1,1.0,1.0,2.0,2,3,3,3,3,2,3,3,2,2,2,2,2,3,3,2,4,4,3,3,3,3,3,3,1,1,2,1,1,2,1,2424,gemini,2024,남성,6
3,1,1.0,1.0,2.0,2,3,3,3,4,3,4,3,2,2,2,2,2,3,3,3,4,4,3,3,3,3,3,3,1,1,2,1,1,2,1,2425,gemini,2024,남성,6
3,1,1.0,1.0,2.0,2,3,3,3,4,3,4,3,2,2,2,2,2,3,3,3,4,4,3,3,3,3,3,3,1,1,2,1,1,2,1,2426,gemini,2024,남성,6
3,1,1.0,1.0,2.0,2,3,3,3,3,2,3,3,2,2,2,2,2,3,3,3,4,4,3,3,2,3,3,3,1,1,2,1,1,2,1,2427,gemini,2024,남성,6
3,1,1.0,1.0,2.0,2,3,3,3,4,3,4,3,2,2,2,2,2,3,3,3,4,4,3,3,3,3,3,3,1,1,2,1,1,2,1,2428,gemini,2024,남성,6
3,1,1.0,1.0,2.0,2,3,3,3,3,2,3,3,2,2,2,2,2,3,3,3,4,4,3,3,3,3,3,3,1,1,2,1,1,2,1,2429,gemini,2024,남성,6
3,1,1.0,1.0,2.0,2,3,3,3,4,3,4,3,2,2,2,2,2,3,3,3,4,4,3,3,3,3,3,3,1,1,2,1,1,2,1,2430,gemini,2024,남성,6
3,1,1.0,1.0,2.0,2,3,3,3,3,2,3,3,2,2,2,2,2,3,3,3,4,4,3,3,3,3,3,3,1,1,2,1,1,2,1,2431,gemini,2024,남성,6
3,1,1.0,1.0,2.0,2,3,3,3,3,2,3,3,2,2,2,2,2,3,3,2,4,4,3,3,3,3,3,3,1,1,2,1,1,2,1,2432,gemini,2024,남성,6
3,1,1.0,1.0,2.0,2,3,3,3,3,2,3,3,2,2,2,2,2,3,3,2,4,4,3,3,3,3,3,3,1,1,2,1,1,2,1,2433,gemini,2024,남성,6
3,1,1.0,1.0,2.0,2,3,3,3,4,3,4,3,2,2,2,2,2,3,3,3,4,4,3,3,3,4,3,4,1,1,1,1,1,2,1,2434,gemini,2024,남성,6
3,1,1.0,1.0,2.0,2,3,4,3,3,2,3,3,2,2,2,2,2,3,2,2,4,4,3,3,3,3,3,3,1,1,2,1,1,2,1,2435,gemini,2024,남성,6
3,1,1.0,1.0,2.0,2,3,3,3,3,2,3,3,2,2,2,2,2,3,3,3,4,4,3,3,3,3,3,3,1,1,2,1,1,2,1,2436,gemini,2024,남성,6
3,1,1.0,1.0,2.0,2,3,3,3,3,2,3,3,2,2,2,2,2,3,3,3,4,4,3,3,3,3,3,3,1,1,2,1,1,2,1,2437,gemini,2024,남성,6
3,1,1.0,4.0,2.0,2,3,3,4,3,3,3,3,2,2,2,2,2,3,3,3,4,4,3,3,3,3,3,3,1,1,2,1,1,2,1,2438,gemini,2024,남성,6
3,1,1.0,1.0,2.0,2,3,3,3,3,2,3,3,2,2,2,2,2,3,3,2,4,4,3,3,2,3,3,3,1,1,2,1,1,2,1,2439,gemini,2024,남성,6
3,1,1.0,1.0,2.0,2,3,3,3,4,3,4,3,2,2,2,2,2,3,3,3,4,4,3,3,3,3,3,3,1,1,2,1,1,2,1,2440,gemini,2024,남성,6
3,1,1.0,1.0,2.0,2,3,3,3,4,3,4,4,2,2,2,2,2,3,3,3,4,4,3,3,3,4,3,4,1,1,2,1,1,2,1,2441,gemini,2024,남성,6
3,1,1.0,1.0,2.0,2,3,3,3,3,2,3,3,2,2,2,2,2,3,2,2,4,4,3,3,3,4,3,3,1,1,2,1,1,2,1,2442,gemini,2024,남성,6
3,1,1.0,1.0,2.0,2,4,3,4,3,2,3,3,2,2,2,2,2,3,3,3,4,4,3,3,3,3,3,3,1,1,2,1,1,2,1,2443,gemini,2024,남성,6
3,1,1.0,1.0,2.0,2,3,3,3,3,2,3,3,2,2,2,2,2,3,3,2,4,4,3,3,2,3,3,3,1,1,2,1,1,2,1,2444,gemini,2024,남성,6
3,1,1.0,1.0,2.0,2,3,3,3,4,3,4,3,2,2,2,2,2,3,3,3,4,4,3,3,3,3,3,3,1,1,2,1,1,2,1,2445,gemini,2024,남성,6
3,1,1.0,1.0,2.0,2,3,3,3,4,3,4,3,2,2,2,2,2,3,3,3,4,4,3,3,3,4,3,4,1,1,2,1,1,2,1,2446,gemini,2024,남성,6
3,1,1.0,1.0,2.0,2,3,3,3,3,2,3,3,2,2,2,2,2,3,3,2,4,4,3,3,3,3,3,3,1,1,2,1,1,2,1,2447,gemini,2024,남성,6
3,1,1.0,1.0,2.0,2,3,3,3,4,3,4,3,2,2,2,2,2,3,3,3,4,4,3,3,3,3,3,3,1,1,2,1,1,2,1,2448,gemini,2024,남성,6
3,1,1.0,1.0,2.0,2,3,3,3,4,3,4,3,2,2,2,2,2,3,3,3,4,4,3,3,3,4,3,4,1,1,1,1,1,2,1,2449,gemini,2024,남성,6
3,1,1.0,1.0,2.0,2,3,3,3,3,2,3,3,2,2,2,2,2,3,3,2,4,4,3,3,3,3,3,3,1,1,2,1,1,2,1,2450,gemini,2024,남성,6
3,1,1.0,1.0,2.0,2,3,3,4,4,3,4,4,2,2,2,2,2,3,3,3,4,4,3,3,3,4,3,4,1,1,2,1,1,2,1,2451,gemini,2024,남성,6
3,1,1.0,1.0,2.0,2,3,3,3,4,3,4,3,2,2,2,2,2,3,3,3,4,4,3,3,3,3,3,3,1,1,2,1,1,2,1,2452,gemini,2024,남성,6
3,1,1.0,1.0,2.0,2,3,3,3,4,3,4,3,2,2,2,2,2,3,3,3,4,4,3,3,3,3,3,3,1,1,2,1,1,2,1,2453,gemini,2024,남성,6
3,1,1.0,1.0,2.0,2,3,3,3,4,3,4,3,2,2,2,2,2,3,3,3,4,4,3,3,3,4,3,3,1,1,2,1,1,2,1,2454,gemini,2024,남성,6
3,1,1.0,1.0,2.0,2,3,3,3,4,3,4,3,2,2,2,2,2,3,3,3,4,4,3,3,3,3,3,3,1,1,2,1,1,2,1,2455,gemini,2024,남성,6
3,1,1.0,1.0,2.0,2,3,3,3,4,3,4,3,2,2,2,2,2,3,3,3,4,4,3,3,3,3,3,3,1,1,2,1,1,2,1,2456,gemini,2024,남성,6
3,1,1.0,1.0,2.0,2,3,3,3,4,3,4,3,2,2,2,2,2,3,3,3,4,4,3,3,3,3,3,3,1,1,2,1,1,2,1,2457,gemini,2024,남성,6
3,1,1.0,1.0,2.0,2,3,3,3,3,2,3,3,2,2,2,2,2,3,3,3,4,4,3,3,3,3,3,3,1,1,2,1,1,2,1,2458,gemini,2024,남성,6
3,1,1.0,1.0,2.0,2,3,3,3,4,3,4,3,2,2,2,2,2,3,3,3,4,4,3,3,3,3,3,3,1,1,2,1,1,2,1,2459,gemini,2024,남성,6
3,1,1.0,1.0,2.0,2,3,4,4,4,3,4,3,2,2,2,2,2,3,3,3,4,4,3,3,3,3,3,3,1,1,2,1,1,2,1,2460,gemini,2024,남성,6
3,1,1.0,1.0,2.0,2,3,3,3,3,2,3,3,2,2,2,2,2,3,3,3,4,4,3,3,3,3,3,3,1,1,2,1,1,2,1,2461,gemini,2024,남성,6
3,1,1.0,1.0,2.0,2,3,3,3,4,3,4,3,2,2,2,2,2,3,3,3,4,4,3,3,3,3,3,3,1,1,2,1,1,2,1,2462,gemini,2024,남성,6
3,1,1.0,1.0,2.0,2,3,3,3,3,2,3,3,2,2,2,2,2,3,2,2,4,4,3,3,2,3,3,3,1,1,2,1,1,2,1,2463,gemini,2024,남성,6
3,1,1.0,1.0,2.0,2,3,3,3,3,2,3,3,2,2,2,2,2,3,2,2,4,4,3,3,3,3,3,3,1,1,2,1,1,2,1,2464,gemini,2024,남성,6
3,1,1.0,1.0,2.0,2,3,3,3,3,2,3,3,2,2,2,2,2,3,3,2,4,4,3,3,2,3,3,3,1,1,2,1,1,2,1,2465,gemini,2024,남성,6
3,1,1.0,1.0,2.0,2,3,3,3,3,3,3,3,2,2,2,2,2,3,3,3,4,4,3,3,3,3,3,3,1,1,2,1,1,2,1,2466,gemini,2024,남성,6
3,1,1.0,1.0,2.0,2,3,3,3,4,3,4,3,2,2,2,2,2,3,3,3,4,4,3,3,3,4,3,4,1,1,2,1,1,2,1,2467,gemini,2024,남성,6
3,1,1.0,1.0,2.0,2,3,3,3,4,3,4,3,2,2,2,2,2,3,3,3,4,4,3,3,3,3,3,3,1,1,2,1,1,2,1,2468,gemini,2024,남성,6
3,1,1.0,1.0,2.0,2,3,3,3,4,3,4,3,2,2,2,2,2,3,3,3,4,4,3,3,3,3,3,3,1,1,2,1,1,2,1,2469,gemini,2024,남성,6
3,1,1.0,1.0,2.0,2,3,3,3,3,2,3,3,2,2,2,2,2,3,3,2,4,4,3,3,3,3,3,3,1,1,2,1,1,2,1,2470,gemini,2024,남성,6
3,1,1.0,1.0,2.0,2,3,3,3,3,2,3,3,2,2,2,2,2,3,2,2,4,4,3,3,3,3,3,3,1,1,1,1,1,2,1,2471,gemini,2024,남성,6
3,1,1.0,1.0,2.0,2,3,3,3,3,2,3,3,2,2,2,2,2,3,3,3,4,4,3,3,3,3,3,3,1,1,2,1,1,2,1,2472,gemini,2024,남성,6
3,1,1.0,1.0,2.0,2,3,3,3,3,2,3,3,2,2,2,2,2,3,3,2,4,4,3,3,3,3,3,3,1,1,2,1,1,2,1,2473,gemini,2024,남성,6
3,1,1.0,1.0,2.0,2,3,3,3,4,3,4,3,2,2,2,2,2,3,3,3,4,4,3,3,3,3,3,4,1,1,2,1,1,2,1,2474,gemini,2024,남성,6
3,1,1.0,1.0,2.0,2,3,3,3,3,2,3,3,2,2,2,2,2,3,3,3,4,4,3,3,3,3,3,3,1,1,2,1,1,2,1,2475,gemini,2024,남성,6
3,1,1.0,1.0,2.0,2,3,3,3,3,2,3,3,2,2,2,2,2,3,3,3,4,4,3,3,3,3,3,3,1,1,2,1,1,2,1,2476,gemini,2024,남성,6
3,1,1.0,1.0,2.0,2,3,3,3,3,2,3,3,2,2,2,2,2,3,3,3,4,4,3,3,3,3,3,3,1,1,2,1,1,2,1,2477,gemini,2024,남성,6
3,1,1.0,1.0,2.0,2,3,3,3,4,3,4,3,2,2,2,2,2,3,3,3,4,4,3,3,3,3,3,3,1,1,2,1,1,2,1,2478,gemini,2024,남성,6
3,1,1.0,1.0,2.0,2,3,3,3,3,2,3,3,2,2,2,2,2,3,2,2,4,4,3,3,3,3,3,3,1,1,2,1,1,2,1,2479,gemini,2024,남성,6
3,1,1.0,1.0,2.0,2,3,3,3,4,3,4,4,2,2,2,2,2,3,3,3,4,4,3,3,3,4,3,4,1,1,2,1,1,2,1,2480,gemini,2024,남성,6
3,1,1.0,1.0,2.0,2,3,3,3,4,3,4,3,2,2,2,2,2,3,3,3,4,4,3,3,3,4,3,4,1,1,1,1,1,2,1,2481,gemini,2024,남성,6
3,1,1.0,1.0,2.0,2,3,3,3,3,2,3,3,2,2,2,2,2,3,3,3,4,4,3,3,3,3,3,3,1,1,2,1,1,2,1,2482,gemini,2024,남성,6
3,1,1.0,1.0,2.0,2,3,3,3,3,2,3,3,2,2,2,2,2,3,3,2,4,4,3,3,3,3,3,3,1,1,2,1,1,2,2,2483,gemini,2024,남성,6
3,1,1.0,1.0,2.0,2,3,3,3,3,2,3,3,2,2,2,2,2,3,3,2,4,4,3,3,3,3,3,3,1,1,2,1,1,2,1,2484,gemini,2024,남성,6
3,1,1.0,1.0,2.0,2,3,3,3,4,3,4,3,2,2,2,2,2,3,3,3,4,4,3,3,3,3,3,3,1,1,2,1,1,2,1,2485,gemini,2024,남성,6
3,1,1.0,1.0,2.0,2,3,3,3,4,3,4,4,2,2,2,2,2,3,3,3,4,4,3,3,3,4,3,4,1,1,2,1,1,2,1,2486,gemini,2024,남성,6
3,1,1.0,1.0,2.0,3,3,4,4,4,3,3,3,2,2,2,2,2,3,3,3,4,4,3,3,3,3,3,3,1,1,2,1,1,2,1,2487,gemini,2024,남성,6
3,1,1.0,1.0,2.0,2,3,3,3,4,3,4,3,2,2,2,2,2,3,3,3,4,4,3,3,3,3,3,3,1,1,2,1,1,2,1,2488,gemini,2024,남성,6
3,1,1.0,1.0,2.0,2,3,3,3,4,3,4,4,2,2,2,2,2,3,3,3,4,4,3,3,3,4,3,4,1,1,2,1,1,2,1,2489,gemini,2024,남성,6
3,1,1.0,1.0,2.0,2,3,3,3,3,2,3,3,2,2,2,2,2,3,3,2,4,4,3,3,3,3,3,3,1,1,2,1,1,2,1,2490,gemini,2024,남성,6
3,1,1.0,1.0,2.0,2,3,3,3,4,3,4,3,2,2,2,2,2,3,3,3,4,4,3,3,3,3,3,3,1,1,2,1,1,2,1,2491,gemini,2024,남성,6
3,1,1.0,1.0,2.0,2,3,3,3,3,2,3,3,2,2,2,2,2,3,3,3,4,4,3,3,2,3,3,3,1,1,2,1,1,2,1,2492,gemini,2024,남성,6
3,1,1.0,1.0,2.0,2,3,3,3,3,2,3,3,2,2,2,2,2,3,3,2,4,4,3,3,2,3,3,3,1,1,2,1,1,2,1,2493,gemini,2024,남성,6
3,1,1.0,1.0,2.0,2,3,3,3,4,3,4,3,2,2,2,2,2,3,3,3,4,4,3,3,3,3,3,3,1,1,2,1,1,2,1,2494,gemini,2024,남성,6
3,1,1.0,1.0,2.0,2,4,4,4,3,3,4,3,2,2,2,2,2,3,3,3,4,4,3,3,3,4,3,3,1,1,2,1,1,2,1,2495,gemini,2024,남성,6
3,1,1.0,1.0,2.0,2,3,3,3,3,2,3,3,2,2,2,2,2,3,3,2,4,4,3,3,3,3,3,3,1,1,2,1,1,2,1,2496,gemini,2024,남성,6
3,1,1.0,1.0,2.0,2,3,3,3,3,2,3,3,2,2,2,2,2,3,3,2,4,4,3,3,3,3,3,3,1,1,2,1,1,2,2,2497,gemini,2024,남성,6
3,1,1.0,1.0,2.0,2,3,3,3,3,2,3,3,2,2,2,2,2,3,2,2,4,4,3,3,3,3,3,3,1,1,1,1,1,2,1,2498,gemini,2024,남성,6
3,1,1.0,1.0,2.0,2,4,4,4,3,3,3,3,2,2,2,2,2,3,3,3,4,4,3,3,3,3,3,3,1,1,2,1,1,2,1,2499,gemini,2024,남성,6
3,1,1.0,1.0,2.0,2,3,3,3,3,2,3,3,2,2,2,2,2,3,3,3,4,4,3,3,3,3,3,3,1,1,2,1,1,2,1,2500,gemini,2024,남성,6
3,1,1.0,1.0,2.0,2,3,3,3,4,3,4,3,2,2,2,2,2,3,3,3,4,4,3,3,3,3,3,3,1,1,2,1,1,2,1,2501,gemini,2024,남성,6
3,1,1.0,1.0,2.0,2,3,3,3,3,2,3,3,2,2,2,2,2,3,3,2,4,4,3,3,3,3,3,3,1,1,2,1,1,2,1,2502,gemini,2024,남성,6
3,1,1.0,1.0,2.0,2,3,3,3,3,2,3,3,2,2,2,2,2,3,2,2,4,4,3,3,3,3,3,3,1,1,2,1,1,2,1,2503,gemini,2024,남성,6
3,1,1.0,1.0,2.0,2,3,3,4,4,3,4,3,2,2,2,2,2,3,3,3,4,4,3,3,3,4,3,4,1,1,2,1,1,2,1,2504,gemini,2024,남성,6
3,1,1.0,1.0,2.0,2,3,3,3,4,3,4,3,2,2,2,2,2,3,3,3,4,4,3,3,3,3,3,3,1,1,2,1,1,2,1,2505,gemini,2024,남성,6
3,1,1.0,1.0,2.0,2,3,3,3,4,3,4,4,2,2,2,2,2,3,3,3,4,4,3,3,3,3,3,3,1,1,2,1,1,2,1,2506,gemini,2024,남성,6
3,1,1.0,1.0,2.0,2,3,3,3,3,2,3,3,2,2,2,2,2,3,3,2,4,4,3,3,2,3,3,3,1,1,2,1,1,2,1,2507,gemini,2024,남성,6
3,1,1.0,1.0,2.0,2,3,4,3,3,2,3,3,2,2,2,2,2,3,3,3,4,4,3,3,2,3,3,3,1,1,2,1,1,2,1,2508,gemini,2024,남성,6
3,1,1.0,1.0,2.0,2,3,3,3,3,2,3,3,2,2,2,2,2,3,3,2,4,4,3,3,3,4,3,3,1,1,2,1,1,2,1,2509,gemini,2024,남성,6
3,1,1.0,1.0,2.0,2,3,3,3,4,3,4,3,2,2,2,2,2,3,3,3,4,4,3,3,3,3,3,3,1,1,2,1,1,2,1,2510,gemini,2024,남성,6
3,1,1.0,1.0,2.0,2,3,3,3,4,3,4,3,2,2,2,2,2,3,3,3,4,4,3,3,3,3,3,3,1,1,2,1,1,2,1,2511,gemini,2024,남성,6
3,1,1.0,1.0,2.0,2,3,3,3,4,3,4,3,2,2,2,2,2,3,3,3,4,4,3,3,3,4,3,4,1,1,2,1,1,2,1,2512,gemini,2024,남성,6
3,1,1.0,1.0,2.0,2,3,3,3,4,3,4,4,2,2,2,2,2,3,3,3,4,4,3,3,3,4,3,4,1,1,2,1,1,2,1,2513,gemini,2024,남성,6
3,1,1.0,1.0,2.0,2,3,3,3,3,2,3,3,2,2,2,2,2,3,3,2,4,4,3,3,3,3,3,3,1,1,1,1,1,2,1,2514,gemini,2024,남성,6
3,1,1.0,1.0,2.0,2,3,3,4,3,3,3,3,2,2,2,2,2,3,3,3,4,4,3,3,3,3,3,3,1,1,1,1,1,2,1,2515,gemini,2024,남성,6
3,1,1.0,1.0,2.0,2,3,3,3,3,2,3,3,2,2,2,2,2,3,3,3,4,4,3,3,3,3,3,3,1,1,2,1,1,2,1,2516,gemini,2024,남성,6
3,1,1.0,1.0,2.0,2,3,3,3,4,3,4,3,2,2,2,2,2,3,3,3,4,4,3,3,3,3,3,3,1,1,2,1,1,2,1,2517,gemini,2024,남성,6
3,1,1.0,1.0,2.0,2,3,3,3,4,3,4,3,2,2,2,2,2,3,3,3,4,4,3,3,3,3,3,3,1,1,2,1,1,2,1,2518,gemini,2024,남성,6
3,1,1.0,1.0,2.0,2,3,3,3,3,2,3,3,2,2,2,2,2,3,2,2,4,4,3,3,3,3,3,3,1,1,2,2,1,2,2,2519,gemini,2024,남성,6
3,1,1.0,1.0,2.0,2,3,3,3,3,2,3,3,2,2,2,2,2,3,2,2,4,4,3,3,3,3,3,3,1,1,2,1,1,2,1,2520,gemini,2024,남성,6
3,1,1.0,1.0,2.0,2,3,3,3,3,2,3,3,2,2,2,2,2,3,3,2,4,4,3,3,3,3,3,4,1,1,1,1,1,2,1,2521,gemini,2024,남성,6
3,1,1.0,1.0,2.0,2,3,3,3,4,3,4,3,2,2,2,2,2,3,3,3,4,4,3,3,3,3,3,3,1,1,2,1,1,2,1,2522,gemini,2024,남성,6
3,1,1.0,1.0,2.0,2,3,3,3,3,2,3,3,2,2,2,2,2,3,3,3,4,4,3,3,3,3,3,3,1,1,2,1,1,2,1,2523,gemini,2024,남성,6
3,1,1.0,1.0,2.0,2,3,3,3,4,3,4,3,2,2,2,2,2,3,3,3,4,4,3,3,3,3,3,3,1,1,2,1,1,2,1,2524,gemini,2024,남성,6
3,1,1.0,1.0,2.0,2,3,3,3,4,3,4,3,2,2,2,2,2,3,3,3,4,4,3,3,3,3,3,4,1,1,2,1,1,2,1,2525,gemini,2024,남성,6
3,1,1.0,1.0,2.0,2,3,3,3,3,2,3,3,2,2,2,2,2,3,3,3,4,4,3,3,3,3,3,3,1,1,2,1,1,2,1,2526,gemini,2024,남성,6
3,1,1.0,1.0,2.0,2,3,3,3,3,2,3,3,2,2,2,2,2,3,3,2,4,4,3,3,3,3,3,3,1,1,2,1,1,2,1,2527,gemini,2024,남성,6
3,1,1.0,1.0,2.0,2,3,3,3,4,3,4,3,2,2,2,2,2,3,3,3,4,4,3,3,3,3,3,3,1,1,2,1,1,2,1,2528,gemini,2024,남성,6
3,1,1.0,1.0,2.0,2,3,3,3,4,3,4,4,2,2,2,2,2,3,3,3,4,4,3,3,3,3,3,4,1,1,2,1,1,2,1,2529,gemini,2024,남성,6
3,1,1.0,1.0,2.0,2,3,3,3,3,2,3,3,2,2,2,2,2,3,3,3,4,4,3,3,3,4,3,3,1,1,2,1,1,2,2,2530,gemini,2024,남성,6
3,1,1.0,1.0,2.0,2,3,3,3,3,2,3,3,2,2,2,2,2,3,3,3,4,4,3,3,3,3,3,3,1,1,2,1,1,2,1,2531,gemini,2024,남성,6
3,1,1.0,1.0,2.0,2,3,3,3,4,3,4,3,2,2,2,2,2,3,3,3,4,4,3,3,3,3,3,3,1,1,2,1,1,2,1,2532,gemini,2024,남성,6
3,1,1.0,1.0,2.0,2,3,3,3,4,3,4,4,2,2,2,2,2,3,3,3,4,4,3,3,3,4,3,4,1,1,2,1,1,2,1,2533,gemini,2024,남성,6
3,1,1.0,1.0,2.0,2,3,3,3,3,2,3,3,2,2,2,2,2,3,3,3,4,4,3,3,2,3,3,3,1,1,2,1,1,2,1,2534,gemini,2024,남성,6
3,1,1.0,1.0,2.0,2,3,3,3,4,3,4,3,2,2,2,2,2,3,3,3,4,4,3,3,3,4,3,4,1,1,2,1,1,2,1,2535,gemini,2024,남성,6
3,1,1.0,1.0,2.0,2,3,3,3,4,3,4,3,2,2,2,2,2,3,3,3,4,4,3,3,3,3,3,3,1,1,2,1,1,2,1,2536,gemini,2024,남성,6
3,1,1.0,1.0,2.0,2,3,3,3,3,2,3,3,2,2,2,2,2,3,3,3,4,4,3,3,3,3,3,3,1,1,2,1,1,2,1,2537,gemini,2024,남성,6
3,1,1.0,1.0,2.0,2,3,3,3,3,2,3,3,2,2,2,2,2,3,3,3,4,4,3,3,3,3,3,3,1,1,1,1,1,2,1,2538,gemini,2024,남성,6
3,1,1.0,1.0,2.0,2,3,3,3,4,3,4,3,2,2,2,2,2,3,3,3,4,4,3,3,3,4,3,4,1,1,2,1,1,2,1,2539,gemini,2024,남성,6
3,1,1.0,1.0,2.0,2,3,3,3,4,3,4,4,2,2,2,2,2,3,3,3,4,4,3,3,3,4,3,4,1,1,2,1,1,2,1,2540,gemini,2024,남성,6
3,1,1.0,1.0,2.0,2,3,3,3,4,3,3,3,2,2,2,2,2,3,3,2,4,4,3,3,3,3,3,3,1,1,2,1,1,2,1,2541,gemini,2024,남성,6
3,1,1.0,1.0,2.0,2,3,4,3,3,2,3,3,2,2,2,2,2,3,3,3,4,4,3,3,2,3,3,3,1,1,2,1,1,2,1,2542,gemini,2024,남성,6
3,1,1.0,1.0,2.0,2,3,3,3,3,2,3,3,2,2,2,2,1,2,2,2,4,4,3,3,3,3,3,3,1,1,2,1,1,2,1,2543,gemini,2024,남성,6
3,1,1.0,1.0,2.0,2,3,3,3,3,2,3,3,2,2,2,2,2,3,3,3,4,4,3,3,3,3,3,3,1,1,2,1,1,2,1,2544,gemini,2024,남성,6
3,1,1.0,1.0,2.0,2,3,3,3,4,3,4,3,2,2,2,2,2,3,3,3,4,4,3,3,3,3,3,3,1,1,2,1,1,2,1,2545,gemini,2024,남성,6
3,1,1.0,1.0,2.0,2,3,3,3,3,2,3,3,2,2,2,2,2,3,3,2,4,4,3,3,3,3,3,3,1,1,2,1,1,2,1,2546,gemini,2024,남성,6
3,1,1.0,1.0,2.0,2,3,3,3,3,2,3,3,2,2,2,2,2,3,3,2,4,4,3,3,3,3,3,3,1,1,2,1,1,2,1,2547,gemini,2024,남성,6
3,1,1.0,1.0,2.0,2,3,3,3,4,3,4,3,2,2,2,2,2,3,3,3,4,4,3,3,3,3,3,3,1,1,2,1,1,2,1,2548,gemini,2024,남성,6
3,1,1.0,1.0,2.0,2,3,3,3,3,2,3,3,2,2,2,2,2,3,3,2,4,4,3,3,2,3,3,3,1,1,2,1,1,2,2,2549,gemini,2024,남성,6
3,1,1.0,1.0,2.0,2,3,3,3,3,3,4,3,2,2,2,2,2,3,3,3,4,4,3,3,3,4,3,3,1,1,1,1,1,2,1,2550,gemini,2024,남성,6
3,1,1.0,1.0,2.0,2,3,3,3,3,2,3,3,2,2,2,2,2,3,3,2,4,4,3,3,3,3,3,3,1,1,2,1,1,2,1,2551,gemini,2024,남성,6
3,1,1.0,1.0,2.0,2,3,3,3,3,2,3,3,2,2,2,2,2,3,3,3,4,4,3,3,3,3,3,3,1,1,2,1,1,2,1,2552,gemini,2024,남성,6
3,1,1.0,1.0,2.0,2,3,3,3,3,2,3,3,2,2,2,2,2,3,3,3,4,4,3,3,3,3,3,3,1,1,2,1,1,2,1,2553,gemini,2024,남성,6
3,1,1.0,1.0,2.0,2,3,3,3,3,2,3,3,2,2,2,2,2,3,3,3,4,4,3,3,3,3,3,3,1,1,2,1,1,2,1,2554,gemini,2024,남성,6
3,1,1.0,1.0,2.0,2,3,3,3,4,3,4,3,2,2,2,2,2,3,3,3,4,4,3,3,3,3,3,3,1,1,2,1,1,2,1,2555,gemini,2024,남성,6
3,1,1.0,1.0,2.0,2,3,3,3,3,2,3,3,2,2,2,2,2,3,3,2,4,4,3,3,3,3,3,3,1,1,2,1,1,2,1,2556,gemini,2024,남성,6
3,1,1.0,1.0,2.0,2,3,3,3,4,3,4,3,2,2,2,2,2,3,3,3,4,4,3,3,3,4,3,4,1,1,2,1,1,2,1,2557,gemini,2024,남성,6
3,1,1.0,1.0,2.0,2,3,3,3,4,3,4,3,2,2,2,2,2,3,3,3,4,4,3,3,3,3,3,3,1,1,2,1,1,2,1,2558,gemini,2024,남성,6
3,1,1.0,1.0,2.0,2,3,3,3,3,2,3,3,2,2,2,2,2,3,2,2,4,4,3,3,3,3,3,3,1,1,2,1,1,2,1,2559,gemini,2024,남성,6
3,1,1.0,1.0,2.0,2,3,3,3,4,3,4,3,2,2,2,2,2,3,3,3,4,4,3,3,3,3,3,3,1,1,2,1,1,2,1,2560,gemini,2024,남성,6
3,1,1.0,1.0,2.0,2,3,3,3,4,3,4,4,2,2,2,2,2,3,3,3,4,4,3,3,3,3,3,3,1,1,2,1,1,2,1,2561,gemini,2024,남성,6
3,1,1.0,1.0,2.0,2,3,3,3,4,3,4,3,2,2,2,2,2,3,3,2,4,4,3,3,3,3,3,3,1,1,2,1,1,2,1,2562,gemini,2024,남성,6
3,1,1.0,1.0,2.0,2,3,3,3,4,3,4,3,2,2,2,2,2,3,3,3,4,4,3,3,3,4,3,4,1,1,2,1,1,2,1,2563,gemini,2024,남성,6
3,1,1.0,1.0,2.0,2,3,3,3,3,2,3,3,2,2,2,2,2,3,3,2,4,4,3,3,3,3,3,3,1,1,2,1,1,2,1,2564,gemini,2024,남성,6
3,1,1.0,1.0,2.0,2,3,3,3,3,2,3,3,2,2,2,2,2,3,3,3,4,4,3,3,3,3,3,3,1,1,2,1,1,2,1,2565,gemini,2024,남성,6
3,1,1.0,1.0,2.0,2,3,3,3,4,3,4,3,2,2,2,2,2,3,3,3,4,4,3,3,3,3,3,3,1,1,2,1,1,2,1,2566,gemini,2024,남성,6
3,1,1.0,1.0,2.0,2,3,3,3,4,3,4,3,2,2,2,2,2,3,3,3,4,4,3,3,3,3,3,3,1,1,2,1,1,2,1,2567,gemini,2024,남성,6
3,1,1.0,1.0,2.0,2,3,3,3,4,3,4,3,2,2,2,2,2,3,3,3,4,4,3,3,3,3,3,3,1,1,2,1,1,2,1,2568,gemini,2024,남성,6
3,1,1.0,1.0,2.0,2,3,4,3,4,3,4,3,2,2,2,2,2,3,3,3,4,4,3,3,3,3,3,3,1,1,1,1,1,2,1,2569,gemini,2024,남성,6
3,1,1.0,1.0,2.0,2,3,3,3,4,3,4,4,2,2,2,2,2,3,3,3,4,4,3,3,3,4,3,4,1,1,2,1,1,2,1,2570,gemini,2024,남성,6
3,1,1.0,1.0,2.0,2,3,3,3,3,2,3,3,2,2,2,2,2,3,3,2,4,4,3,3,3,3,3,3,1,1,2,1,1,2,1,2571,gemini,2024,남성,6
3,1,1.0,1.0,2.0,2,3,3,3,3,2,3,3,2,2,2,2,2,3,3,2,4,4,3,3,3,3,3,3,1,1,2,1,1,2,1,2572,gemini,2024,남성,6
3,1,1.0,1.0,2.0,2,3,3,3,4,3,4,4,2,2,2,2,2,3,3,3,4,4,3,3,3,4,3,4,1,1,2,1,1,2,1,2573,gemini,2024,남성,6
3,1,1.0,1.0,2.0,2,3,3,3,3,2,3,3,2,2,2,2,2,3,3,3,4,4,3,3,3,3,3,3,1,1,2,1,1,2,1,2574,gemini,2024,남성,6
3,1,1.0,1.0,2.0,2,3,3,3,3,2,3,3,2,2,2,2,2,3,3,3,4,4,3,3,3,3,3,3,1,1,2,1,1,2,1,2575,gemini,2024,남성,6
3,1,1.0,1.0,2.0,2,3,3,3,4,3,4,3,2,2,2,2,2,3,3,3,4,4,3,3,3,4,3,4,1,1,2,1,1,2,1,2576,gemini,2024,남성,6
3,1,1.0,1.0,2.0,2,3,3,3,3,2,3,3,2,2,2,2,2,3,3,3,4,4,3,3,3,3,3,3,1,1,2,1,1,2,1,2577,gemini,2024,남성,6
3,1,1.0,1.0,2.0,2,3,3,3,4,3,4,3,2,2,2,2,2,3,3,3,4,4,3,3,3,3,3,3,1,1,2,1,1,2,1,2578,gemini,2024,남성,6
3,1,1.0,1.0,2.0,2,3,3,3,3,2,3,3,2,2,2,2,2,3,3,3,4,4,3,3,3,3,3,3,1,1,2,1,1,2,1,2579,gemini,2024,남성,6
3,1,1.0,1.0,2.0,2,4,3,4,3,2,3,3,2,2,2,2,2,3,3,3,4,4,3,3,3,3,3,3,1,1,2,1,1,2,1,2580,gemini,2024,남성,6
3,1,1.0,1.0,2.0,2,3,3,3,4,3,4,3,2,2,2,2,2,3,3,3,4,4,3,3,3,4,3,3,1,1,2,1,1,2,1,2581,gemini,2024,남성,6
3,1,1.0,1.0,2.0,2,3,3,3,4,3,4,4,2,2,2,2,2,3,3,3,4,4,3,3,3,3,3,3,1,1,2,1,1,2,1,2582,gemini,2024,남성,6
3,1,1.0,1.0,2.0,2,3,3,3,3,2,3,3,2,2,2,2,2,3,3,2,4,4,3,3,3,3,3,3,1,1,2,1,1,2,1,2583,gemini,2024,남성,6
3,1,1.0,1.0,2.0,2,3,3,3,4,3,4,3,2,2,2,2,2,3,3,3,4,4,3,3,3,3,3,3,1,1,2,1,1,2,1,2584,gemini,2024,남성,6
3,1,1.0,1.0,2.0,2,3,3,3,3,2,3,3,2,2,2,2,2,3,3,3,4,4,3,3,3,3,3,3,1,1,2,1,1,2,1,2585,gemini,2024,남성,6
3,1,1.0,1.0,2.0,2,3,3,3,4,3,4,3,2,2,2,2,2,3,3,3,4,4,3,3,3,3,3,3,1,1,2,1,1,2,1,2586,gemini,2024,남성,6
3,1,1.0,1.0,2.0,2,3,3,3,3,2,3,3,2,2,2,2,2,3,3,2,4,4,3,3,3,3,3,3,1,1,2,1,1,2,1,2587,gemini,2024,남성,6
3,1,1.0,1.0,2.0,2,3,3,3,4,3,4,3,2,2,2,2,2,3,3,3,4,4,3,3,3,3,3,3,1,1,2,1,1,2,1,2588,gemini,2024,남성,6
3,1,1.0,1.0,2.0,2,3,3,3,3,2,3,3,2,2,2,2,2,3,3,3,4,4,3,3,2,3,3,3,1,1,2,1,1,2,1,2589,gemini,2024,남성,6
3,1,1.0,1.0,2.0,2,3,3,3,4,3,4,3,2,2,2,2,2,3,3,3,4,4,3,3,3,3,3,3,1,1,2,1,1,2,1,2590,gemini,2024,남성,6
3,1,1.0,1.0,2.0,2,3,3,3,3,2,3,3,2,2,2,2,2,3,3,2,4,4,3,3,3,3,3,3,1,1,2,1,1,2,1,2591,gemini,2024,남성,6
3,1,1.0,1.0,2.0,2,3,3,3,3,2,3,3,2,2,2,2,2,3,3,2,4,4,3,3,3,3,3,3,1,1,2,1,1,2,1,2592,gemini,2024,남성,6
3,1,1.0,1.0,2.0,2,3,3,3,3,2,3,3,2,2,2,2,2,3,3,2,4,4,3,3,3,3,3,3,1,1,2,1,1,2,1,2593,gemini,2024,남성,6
3,1,1.0,1.0,2.0,2,3,3,3,4,3,4,3,2,2,2,2,2,3,3,3,4,4,3,3,3,4,3,3,1,1,2,1,1,2,1,2594,gemini,2024,남성,6
3,1,1.0,1.0,2.0,2,3,3,3,4,3,4,3,2,2,2,2,2,3,3,3,4,4,3,3,3,4,3,4,1,1,2,1,1,2,1,2595,gemini,2024,남성,6
3,1,1.0,1.0,2.0,2,3,3,3,3,2,3,3,2,2,2,2,2,3,3,2,4,4,3,3,3,3,3,3,1,1,2,1,1,2,1,2596,gemini,2024,남성,6
3,1,1.0,1.0,2.0,2,3,3,3,3,3,3,3,2,2,2,2,2,3,3,3,4,4,3,3,3,3,3,3,1,1,2,1,1,2,1,2597,gemini,2024,남성,6
3,1,1.0,1.0,2.0,2,3,3,3,3,2,3,3,2,2,2,2,2,3,3,2,4,4,3,3,3,3,3,4,1,1,2,1,1,2,1,2598,gemini,2024,남성,6
3,1,1.0,1.0,2.0,2,3,3,3,3,2,3,3,2,2,2,2,2,3,3,3,4,4,3,3,3,3,3,3,1,1,2,1,1,2,1,2599,gemini,2024,남성,6
3,1,1.0,1.0,2.0,2,3,3,3,3,2,3,3,2,2,2,2,2,3,3,3,4,4,3,3,2,3,3,3,1,1,2,1,1,2,1,2600,gemini,2024,남성,6
3,1,1.0,1.0,2.0,2,3,3,3,3,2,3,3,2,2,2,2,2,3,3,3,4,4,3,3,2,3,3,3,1,1,2,1,1,2,1,2601,gemini,2024,남성,6
3,1,1.0,1.0,2.0,2,3,3,3,4,3,4,3,2,2,2,2,2,3,3,3,4,4,3,3,3,3,3,3,1,1,2,1,1,2,1,2602,gemini,2024,남성,6
3,1,1.0,1.0,2.0,2,3,3,3,4,3,4,3,2,2,2,2,2,3,3,3,4,4,3,3,3,3,3,3,1,1,2,1,1,2,1,2603,gemini,2024,남성,6
3,1,1.0,1.0,2.0,2,3,3,3,4,3,4,3,2,2,2,2,2,3,3,3,4,4,3,3,3,4,3,4,1,1,2,1,1,2,1,2604,gemini,2024,남성,6
3,1,1.0,1.0,2.0,2,3,3,3,4,3,4,3,2,2,2,2,2,3,3,3,4,4,3,3,3,3,3,3,1,1,2,1,1,2,1,2605,gemini,2024,남성,6
3,1,1.0,1.0,2.0,2,3,3,3,3,2,3,3,2,2,2,2,2,3,2,2,4,4,3,3,3,3,3,3,1,1,2,1,1,2,1,2606,gemini,2024,남성,6
3,1,1.0,1.0,2.0,2,3,3,3,4,3,4,3,2,2,2,2,2,3,3,3,4,4,3,3,3,3,3,3,1,1,2,1,1,2,1,2607,gemini,2024,남성,6
3,1,1.0,1.0,2.0,2,3,3,3,3,2,3,3,2,2,2,2,2,3,2,2,4,4,3,3,3,3,3,3,1,1,2,1,1,2,2,2608,gemini,2024,남성,6
3,1,1.0,1.0,2.0,2,3,3,3,3,2,3,3,2,2,2,2,2,3,3,3,4,4,3,3,3,3,3,3,1,1,2,1,1,2,1,2609,gemini,2024,남성,6
3,1,1.0,1.0,2.0,2,3,3,3,4,3,4,3,2,2,2,2,2,3,3,3,4,4,3,3,3,4,3,4,1,1,2,1,1,2,1,2610,gemini,2024,남성,6
3,1,1.0,1.0,2.0,2,3,3,3,3,2,3,3,2,2,2,2,2,3,3,2,4,4,3,3,3,3,3,3,1,1,2,1,1,2,1,2611,gemini,2024,남성,6
3,1,1.0,1.0,2.0,2,3,3,3,4,3,4,3,2,2,2,2,2,3,3,3,4,4,3,3,3,3,3,3,1,1,2,1,1,2,1,2612,gemini,2024,남성,6
3,1,1.0,1.0,2.0,2,3,3,3,4,3,4,3,2,2,2,2,2,3,3,3,4,4,3,3,3,4,3,3,1,1,2,1,1,2,1,2613,gemini,2024,남성,6
3,1,1.0,1.0,2.0,2,3,3,3,3,2,3,3,2,2,2,2,2,3,3,2,4,4,3,3,3,3,3,3,1,1,2,1,1,2,1,2614,gemini,2024,남성,6
3,1,1.0,1.0,2.0,2,3,3,3,4,3,4,3,2,2,2,2,2,3,3,3,4,4,3,3,3,3,3,3,1,1,2,1,1,2,1,2615,gemini,2024,남성,6
3,1,1.0,1.0,2.0,2,3,3,3,3,2,3,3,2,2,2,2,2,3,3,3,4,4,3,3,3,3,3,3,1,1,2,1,1,2,1,2616,gemini,2024,남성,6
3,1,1.0,1.0,2.0,2,3,3,3,3,2,3,3,2,2,2,2,2,3,3,2,4,4,3,3,3,3,3,3,1,1,2,1,1,2,1,2617,gemini,2024,남성,6
3,1,1.0,1.0,2.0,2,4,3,4,3,2,3,3,2,2,2,2,1,3,2,2,4,4,3,3,3,3,3,3,1,1,2,1,1,2,1,2618,gemini,2024,남성,6
3,1,1.0,1.0,2.0,2,3,3,3,3,2,3,3,2,2,2,2,2,3,3,3,4,4,3,3,2,3,3,3,1,1,2,1,1,2,1,2619,gemini,2024,남성,6
3,1,1.0,1.0,2.0,2,3,3,3,3,2,3,3,2,2,2,2,2,3,3,2,4,4,3,3,3,3,3,3,1,1,2,1,1,2,1,2620,gemini,2024,남성,6
3,1,1.0,1.0,2.0,2,3,3,3,3,2,3,3,2,2,2,2,2,3,3,3,4,4,3,3,2,3,3,3,1,1,2,1,1,2,1,2621,gemini,2024,남성,6
3,1,1.0,1.0,2.0,2,3,3,3,4,3,4,4,2,2,2,2,2,3,3,3,4,4,3,3,3,4,3,4,1,1,2,1,1,2,1,2622,gemini,2024,남성,6
3,1,1.0,1.0,2.0,2,3,3,3,3,2,3,3,2,2,2,2,2,3,3,3,4,4,3,3,3,3,3,3,1,1,2,1,1,2,1,2623,gemini,2024,남성,6
3,1,1.0,1.0,2.0,2,3,3,3,3,2,3,3,2,2,2,2,2,3,3,2,4,4,3,3,3,3,3,3,1,1,2,1,1,2,1,2624,gemini,2024,남성,6
3,1,1.0,1.0,2.0,2,3,3,3,3,2,3,3,2,2,2,2,2,3,3,2,4,4,3,3,3,3,3,3,1,1,2,1,1,2,1,2625,gemini,2024,남성,6
3,1,1.0,1.0,2.0,2,3,3,4,3,3,4,3,2,2,2,2,2,3,3,3,4,4,3,3,3,4,3,4,1,1,2,1,1,2,1,2626,gemini,2024,남성,6
3,1,1.0,1.0,2.0,2,3,3,3,3,2,3,3,2,2,2,2,2,3,3,2,4,4,3,3,3,4,3,3,1,1,2,1,1,2,1,2627,gemini,2024,남성,6
3,1,1.0,1.0,2.0,2,3,3,3,3,2,3,3,2,2,2,2,2,3,3,3,4,4,3,3,3,3,3,3,1,1,2,1,1,2,1,2628,gemini,2024,남성,6
3,1,1.0,1.0,2.0,2,3,3,3,3,2,3,3,2,2,2,2,2,3,3,3,4,4,3,3,3,3,3,3,1,1,2,1,1,2,1,2629,gemini,2024,남성,6
3,1,1.0,1.0,2.0,2,3,3,3,3,2,3,3,2,2,2,2,2,3,3,2,4,4,3,3,3,3,3,3,1,1,2,1,1,2,2,2630,gemini,2024,남성,6
3,1,1.0,1.0,2.0,2,3,3,3,3,2,3,3,2,2,2,2,2,3,3,3,4,4,3,3,3,3,3,3,1,1,2,1,1,2,1,2631,gemini,2024,남성,6
3,1,1.0,1.0,2.0,2,3,3,3,4,3,4,3,2,2,2,2,2,3,3,3,4,4,3,3,3,3,3,3,1,1,2,1,1,2,1,2632,gemini,2024,남성,6
3,1,1.0,1.0,2.0,2,3,3,3,3,2,3,3,2,2,2,2,1,3,2,2,4,4,3,3,2,3,3,3,1,1,2,1,1,2,1,2633,gemini,2024,남성,6
3,1,1.0,1.0,2.0,2,3,3,3,3,2,3,3,2,2,2,2,2,3,3,3,4,4,3,3,2,3,3,3,1,1,2,1,1,2,1,2634,gemini,2024,남성,6
3,1,1.0,1.0,2.0,2,3,3,3,3,2,3,3,2,2,2,2,2,3,3,2,4,4,3,3,3,3,3,3,1,1,2,1,1,2,2,2635,gemini,2024,남성,6
3,1,1.0,1.0,2.0,2,3,3,3,3,2,3,3,2,2,2,2,2,3,2,2,4,4,3,3,3,3,3,3,1,1,1,1,1,2,1,2636,gemini,2024,남성,6
3,1,1.0,1.0,2.0,2,3,3,3,3,2,3,3,2,2,2,2,2,3,3,3,4,4,3,3,3,3,3,3,1,1,2,1,1,2,1,2637,gemini,2024,남성,6
3,1,1.0,1.0,2.0,2,3,3,3,3,2,3,3,2,2,2,2,2,3,3,3,4,4,3,3,3,3,3,3,1,1,2,1,1,2,1,2638,gemini,2024,남성,6
3,1,1.0,1.0,2.0,2,3,3,3,4,3,4,3,2,2,2,2,2,3,3,3,4,4,3,3,3,4,3,4,1,1,2,1,1,2,1,2639,gemini,2024,남성,6
3,1,1.0,1.0,2.0,2,3,3,3,3,3,4,3,2,2,2,2,2,3,3,2,4,4,3,3,3,3,3,3,1,1,2,1,1,2,1,2640,gemini,2024,남성,6
3,1,1.0,1.0,2.0,2,3,3,3,4,3,4,3,2,2,2,2,2,3,3,3,4,4,3,3,3,3,3,3,1,1,2,1,1,2,1,2641,gemini,2024,남성,6
3,1,1.0,1.0,2.0,2,3,3,3,3,2,3,3,2,2,2,2,2,3,3,2,4,4,3,3,2,3,3,3,1,1,2,1,1,2,1,2642,gemini,2024,남성,6
3,1,1.0,1.0,2.0,2,3,3,3,4,3,4,3,2,2,2,2,2,3,3,3,4,4,3,3,3,3,3,3,1,1,2,1,1,2,1,2643,gemini,2024,남성,6
3,1,1.0,1.0,2.0,2,3,4,3,3,2,3,3,2,2,2,2,2,3,3,3,4,4,3,3,3,3,3,3,1,1,2,1,1,2,1,2644,gemini,2024,남성,6
3,1,1.0,1.0,2.0,2,3,3,3,3,3,3,3,2,2,2,2,2,3,3,3,4,4,3,3,3,4,3,3,1,1,2,1,1,2,1,2645,gemini,2024,남성,6
3,1,1.0,1.0,2.0,2,3,3,3,3,2,3,3,2,2,2,2,2,3,3,2,4,4,3,3,3,3,3,3,1,1,2,1,1,2,2,2646,gemini,2024,남성,6
3,1,1.0,1.0,2.0,2,3,3,3,3,2,3,3,2,2,2,2,2,3,3,2,4,4,3,3,3,3,3,3,1,1,2,1,1,2,1,2647,gemini,2024,남성,6
3,1,1.0,1.0,2.0,2,3,4,4,4,3,4,3,2,2,2,2,2,3,3,3,4,4,3,3,3,3,3,3,1,1,2,1,1,2,1,2648,gemini,2024,남성,6
3,1,1.0,1.0,2.0,2,3,3,3,4,3,4,3,2,2,2,2,2,3,3,3,4,4,3,3,3,3,3,3,1,1,2,1,1,2,1,2649,gemini,2024,남성,6
3,1,1.0,1.0,2.0,2,3,3,3,3,2,3,3,2,2,2,2,2,3,3,2,4,4,3,3,3,3,3,3,1,1,2,1,1,2,1,2650,gemini,2024,남성,6
3,1,1.0,1.0,2.0,2,3,3,3,3,2,3,3,2,2,2,2,2,3,3,3,4,4,3,3,3,3,3,3,1,1,2,1,1,2,1,2651,gemini,2024,남성,6
3,1,1.0,1.0,2.0,2,3,3,3,4,3,4,3,2,2,2,2,2,3,3,3,4,4,3,3,3,3,3,3,1,1,2,1,1,2,1,2652,gemini,2024,남성,6
3,1,1.0,1.0,2.0,2,3,3,3,3,2,3,3,2,2,2,2,2,3,3,2,4,4,3,3,3,3,3,3,1,1,2,1,1,2,1,2653,gemini,2024,남성,6
3,1,1.0,1.0,2.0,2,3,3,3,3,2,3,3,2,2,2,2,2,3,3,2,4,4,3,3,3,3,3,3,1,1,2,1,1,2,1,2654,gemini,2024,남성,6
3,1,1.0,1.0,2.0,2,3,3,3,4,3,4,4,2,2,2,2,2,3,3,3,4,4,3,3,3,3,3,3,1,1,2,1,1,2,1,2655,gemini,2024,남성,6
3,1,1.0,1.0,2.0,2,3,3,3,4,3,4,3,2,2,2,2,2,3,3,3,4,4,3,3,3,3,3,3,1,1,2,1,1,2,1,2656,gemini,2024,남성,6
3,1,1.0,1.0,2.0,2,3,3,3,3,2,3,3,2,2,2,2,2,3,3,2,4,4,3,3,3,3,3,3,1,1,2,1,1,2,1,2657,gemini,2024,남성,6
3,1,1.0,1.0,2.0,2,3,3,3,3,2,3,3,2,2,2,2,2,3,3,3,4,4,3,3,3,3,3,3,1,1,2,1,1,2,1,2658,gemini,2024,남성,6
3,1,1.0,1.0,2.0,2,3,3,3,4,3,4,4,2,2,2,2,2,3,3,3,4,4,3,3,3,3,3,3,1,1,2,1,1,2,1,2659,gemini,2024,남성,6
3,1,1.0,1.0,2.0,2,3,3,3,4,3,4,3,2,2,2,2,2,3,3,3,4,4,3,3,3,3,3,4,1,1,1,1,1,2,1,2660,gemini,2024,남성,6
3,1,1.0,1.0,2.0,2,3,3,3,4,3,4,4,2,2,2,2,2,3,3,3,4,4,3,3,3,3,3,3,1,1,2,1,1,2,1,2661,gemini,2024,남성,6
3,1,1.0,1.0,2.0,2,3,3,3,4,3,4,3,2,2,2,2,2,3,3,3,4,4,3,3,3,3,3,3,1,1,2,1,1,2,1,2662,gemini,2024,남성,6
3,1,1.0,1.0,2.0,2,3,3,3,4,3,4,3,2,2,2,2,2,3,3,3,4,4,3,3,3,3,3,3,1,1,2,1,1,2,1,2663,gemini,2024,남성,6
3,1,1.0,1.0,2.0,2,3,4,3,3,3,4,3,2,2,2,2,2,3,3,3,4,4,3,3,3,4,3,3,1,1,2,1,1,2,1,2664,gemini,2024,남성,6
3,1,1.0,1.0,2.0,2,3,3,3,4,3,4,3,2,2,2,2,2,3,3,3,4,4,3,3,3,4,3,4,1,1,2,1,1,2,1,2665,gemini,2024,남성,6
3,1,1.0,1.0,2.0,2,3,3,3,3,2,3,3,2,2,2,2,2,3,3,3,4,4,3,3,3,3,3,3,1,1,2,1,1,2,1,2666,gemini,2024,남성,6
3,1,1.0,1.0,2.0,2,3,3,3,3,2,3,3,2,2,2,2,2,3,3,2,4,4,3,3,3,3,3,3,1,1,2,1,1,2,1,2667,gemini,2024,남성,6
3,1,1.0,1.0,2.0,2,3,3,3,4,3,4,3,2,2,2,2,2,3,3,3,4,4,3,3,3,3,3,3,1,1,1,1,1,2,1,2668,gemini,2024,남성,6
3,1,1.0,1.0,2.0,2,3,3,3,4,3,4,4,2,2,2,2,2,3,3,3,4,4,3,3,3,4,3,4,1,1,1,1,1,2,1,2669,gemini,2024,남성,6
3,1,1.0,1.0,2.0,2,3,3,3,3,2,3,3,2,2,2,2,2,3,3,2,4,4,3,3,3,3,3,3,1,1,2,1,1,2,1,2670,gemini,2024,남성,6
3,1,1.0,1.0,2.0,2,3,3,3,3,2,3,3,2,2,2,2,2,3,3,3,4,4,3,3,3,3,3,3,1,1,2,1,1,2,1,2671,gemini,2024,남성,6
3,1,1.0,1.0,2.0,2,3,3,3,4,3,4,3,2,2,2,2,2,3,3,3,4,4,3,3,3,3,3,3,1,1,2,1,1,2,1,2672,gemini,2024,남성,6
3,1,1.0,1.0,2.0,2,3,3,3,4,3,4,4,2,2,2,2,2,3,3,3,4,4,3,3,3,4,3,4,1,1,2,1,1,2,1,2673,gemini,2024,남성,6
3,1,1.0,1.0,2.0,2,3,3,3,4,3,4,3,2,2,2,2,2,3,3,3,4,4,3,3,3,3,3,3,1,1,2,1,1,2,1,2674,gemini,2024,남성,6
3,1,1.0,1.0,2.0,2,3,4,3,4,3,4,3,2,2,2,2,2,3,3,3,4,4,3,3,3,4,3,4,1,1,1,1,1,2,1,2675,gemini,2024,남성,6
3,1,1.0,1.0,2.0,2,3,3,3,4,3,4,3,2,2,2,2,2,3,3,3,4,4,3,3,3,3,3,3,1,1,2,1,1,2,1,2676,gemini,2024,남성,6
3,1,1.0,1.0,2.0,2,3,3,3,3,2,3,3,2,2,2,2,2,3,3,3,4,4,3,3,3,3,3,3,1,1,2,1,1,2,1,2677,gemini,2024,남성,6
3,1,1.0,1.0,2.0,2,3,3,3,3,2,3,3,2,2,2,2,2,3,2,2,4,4,3,3,3,3,3,3,1,1,2,1,1,2,1,2678,gemini,2024,남성,6
3,1,1.0,1.0,2.0,2,3,3,3,3,2,3,3,2,2,2,2,2,3,3,2,4,4,3,3,2,3,3,3,1,1,2,1,1,2,1,2679,gemini,2024,남성,6
3,1,1.0,1.0,2.0,2,3,3,3,3,2,3,3,2,2,2,2,2,3,3,2,4,4,3,3,3,3,3,3,1,1,2,1,1,2,1,2680,gemini,2024,남성,6
3,1,1.0,1.0,2.0,2,3,3,3,4,3,4,4,2,2,2,2,2,3,3,3,4,4,3,3,3,3,3,3,1,1,2,1,1,2,1,2681,gemini,2024,남성,6
3,1,1.0,1.0,2.0,2,3,3,3,3,2,3,3,2,2,2,2,2,3,3,2,4,4,3,3,2,3,3,3,1,1,2,1,1,2,1,2682,gemini,2024,남성,6
3,1,1.0,1.0,2.0,2,3,3,3,4,3,4,3,2,2,2,2,2,3,3,3,4,4,3,3,3,3,3,3,1,1,2,1,1,2,1,2683,gemini,2024,남성,6
3,1,1.0,1.0,2.0,2,3,3,3,3,2,3,3,2,2,2,2,2,3,3,3,4,4,3,3,3,3,3,3,1,1,2,1,1,2,1,2684,gemini,2024,남성,6
3,1,1.0,1.0,2.0,2,3,3,3,4,3,4,3,2,2,2,2,2,3,3,3,4,4,3,3,3,3,3,3,1,1,2,1,1,2,1,2685,gemini,2024,남성,6
3,1,1.0,1.0,2.0,2,3,3,3,3,2,3,3,2,2,2,2,2,3,3,3,4,4,3,3,3,3,3,3,1,1,2,1,1,2,1,2686,gemini,2024,남성,6
3,1,1.0,1.0,2.0,2,3,3,3,4,3,4,3,2,2,2,2,2,3,3,3,4,4,3,3,3,4,3,4,1,1,2,1,1,2,1,2687,gemini,2024,남성,6
3,1,1.0,1.0,2.0,2,3,3,3,3,2,3,3,2,2,2,2,1,3,2,2,4,4,3,3,3,3,3,3,1,1,2,1,1,2,1,2688,gemini,2024,남성,6
3,1,1.0,1.0,2.0,2,3,3,3,3,3,4,3,2,2,2,2,2,3,3,3,4,4,3,3,3,4,3,3,1,1,2,1,1,2,1,2689,gemini,2024,남성,6
3,1,1.0,1.0,2.0,2,3,3,3,4,3,4,3,2,2,2,2,2,3,3,3,4,4,3,3,3,4,3,3,1,1,2,1,1,2,1,2690,gemini,2024,남성,6
3,1,1.0,1.0,2.0,2,4,3,4,4,3,4,3,2,2,2,2,2,3,3,3,4,4,3,3,3,4,3,4,1,1,2,1,1,2,1,2691,gemini,2024,남성,6
3,1,1.0,1.0,2.0,2,3,3,3,3,2,3,3,2,2,2,2,2,3,3,2,4,4,3,3,3,3,3,3,1,1,2,1,1,2,1,2692,gemini,2024,남성,6
3,1,1.0,1.0,2.0,2,3,3,3,4,3,4,3,2,2,2,2,2,3,3,3,4,4,3,3,3,3,3,3,1,1,2,1,1,2,1,2693,gemini,2024,남성,6
3,1,1.0,1.0,2.0,2,3,3,3,4,3,4,3,2,2,2,2,2,3,3,3,4,4,3,3,3,3,3,3,1,1,2,1,1,2,1,2694,gemini,2024,남성,6
3,1,1.0,1.0,2.0,2,3,3,3,4,3,4,3,2,2,2,2,2,3,3,3,4,4,3,3,3,3,3,3,1,1,2,1,1,2,2,2695,gemini,2024,남성,6
3,1,1.0,1.0,2.0,2,3,3,3,3,2,3,3,2,2,2,2,2,3,3,2,4,4,3,3,3,3,3,3,1,1,2,1,1,2,1,2696,gemini,2024,남성,6
3,1,1.0,1.0,2.0,2,3,3,3,3,2,3,3,2,2,2,2,2,3,3,3,4,4,3,3,3,3,3,3,1,1,1,1,1,2,1,2697,gemini,2024,남성,6
3,1,1.0,1.0,2.0,2,3,3,3,4,3,4,3,2,2,2,2,2,3,3,3,4,4,3,3,3,3,3,3,1,1,1,1,1,2,1,2698,gemini,2024,남성,6
3,1,1.0,1.0,2.0,2,3,3,3,3,2,3,3,2,2,2,2,2,3,3,2,4,4,3,3,2,3,3,3,1,1,2,1,1,2,1,2699,gemini,2024,남성,6
3,1,1.0,1.0,2.0,2,3,3,3,4,3,4,3,2,2,2,2,2,3,3,3,4,4,3,3,3,3,3,3,1,1,2,1,1,2,1,2700,gemini,2024,남성,6
3,1,1.0,1.0,2.0,2,3,3,3,4,3,4,3,2,2,2,2,2,3,3,3,4,4,3,3,3,3,3,3,1,1,2,1,1,2,1,2701,gemini,2024,남성,6
3,1,1.0,1.0,2.0,2,3,3,3,3,2,3,3,2,2,2,2,2,3,3,2,4,4,3,3,2,3,3,3,1,1,2,1,1,2,1,2702,gemini,2024,남성,6
3,1,1.0,1.0,2.0,2,3,3,3,4,3,4,3,2,2,2,2,2,3,3,3,4,4,3,3,3,3,3,4,1,1,2,1,1,2,1,2703,gemini,2024,남성,6
3,1,1.0,1.0,2.0,2,3,3,3,4,3,4,3,2,2,2,2,2,3,3,3,4,4,3,3,3,4,3,4,1,1,2,1,1,2,1,2704,gemini,2024,남성,6
3,1,1.0,1.0,2.0,2,4,3,4,3,3,3,3,2,2,2,2,2,3,3,3,4,4,3,3,3,3,3,3,1,1,2,1,1,2,1,2705,gemini,2024,남성,6
3,1,1.0,1.0,2.0,2,3,3,3,4,3,4,3,2,2,2,2,2,3,3,3,4,4,3,3,3,3,3,3,1,1,2,1,1,2,1,2706,gemini,2024,남성,6
3,1,1.0,1.0,2.0,2,3,3,3,3,2,3,3,2,2,2,2,2,3,3,2,4,4,3,3,3,3,3,3,1,1,2,1,1,2,1,2707,gemini,2024,남성,6
3,1,1.0,1.0,2.0,2,3,3,3,4,3,4,3,2,2,2,2,2,3,3,3,4,4,3,3,3,3,3,3,1,1,1,1,1,2,1,2708,gemini,2024,남성,6
3,1,1.0,1.0,2.0,2,3,3,3,3,2,3,3,2,2,2,2,2,3,3,2,4,4,3,3,3,3,3,3,1,1,2,1,1,2,1,2709,gemini,2024,남성,6
3,1,1.0,1.0,2.0,2,3,3,3,4,3,4,4,2,2,2,2,2,3,3,3,4,4,3,3,3,4,3,4,1,1,2,1,1,2,2,2710,gemini,2024,남성,6
3,1,1.0,1.0,2.0,2,3,3,3,4,3,4,3,2,2,2,2,2,3,3,3,4,4,3,3,3,3,3,3,1,1,2,1,1,2,1,2711,gemini,2024,남성,6
3,1,1.0,1.0,2.0,2,3,3,3,4,3,4,3,2,2,2,2,2,3,3,3,4,4,3,3,3,3,3,3,1,1,2,1,1,2,1,2712,gemini,2024,남성,6
3,1,1.0,1.0,2.0,2,3,3,3,4,3,4,4,2,2,2,2,2,3,3,3,4,4,3,3,3,3,3,3,1,1,2,1,1,2,1,2713,gemini,2024,남성,6
3,1,1.0,1.0,2.0,2,3,3,3,3,2,3,3,2,2,2,2,2,3,3,3,4,4,3,3,3,3,3,3,1,1,2,1,1,2,1,2714,gemini,2024,남성,6
3,1,1.0,1.0,2.0,2,4,4,4,4,3,4,4,2,2,2,2,2,3,3,3,4,4,3,3,3,4,3,4,1,1,2,1,1,2,1,2715,gemini,2024,남성,6
3,1,1.0,1.0,2.0,2,3,3,3,4,3,4,3,2,2,2,2,2,3,3,3,4,4,3,3,3,3,3,3,1,1,2,1,1,2,1,2716,gemini,2024,남성,6
3,1,1.0,1.0,2.0,2,3,3,3,3,2,3,3,2,2,2,2,2,3,3,3,4,4,3,3,3,3,3,3,1,1,2,1,1,2,1,2717,gemini,2024,남성,6
3,1,1.0,1.0,2.0,2,3,3,3,4,3,4,3,2,2,2,2,2,3,3,3,4,4,3,3,3,3,3,3,1,1,2,1,1,2,1,2718,gemini,2024,남성,6
3,1,1.0,1.0,2.0,2,3,3,3,3,2,3,3,2,2,2,2,2,3,3,2,4,4,3,3,3,3,3,3,1,1,2,1,1,2,1,2719,gemini,2024,남성,6
3,1,1.0,1.0,2.0,2,3,3,3,3,2,3,3,2,2,2,2,2,3,3,3,4,4,3,3,3,3,3,3,1,1,2,1,1,2,1,2720,gemini,2024,남성,6
3,1,1.0,1.0,2.0,2,3,3,3,4,3,4,3,2,2,2,2,2,3,3,3,4,4,3,3,3,4,3,4,1,1,2,1,1,2,1,2721,gemini,2024,남성,6
3,1,1.0,1.0,2.0,2,3,3,3,3,2,3,3,2,2,2,2,1,3,2,2,4,4,3,3,2,3,3,3,1,1,2,1,1,2,1,2722,gemini,2024,남성,6
3,1,1.0,1.0,2.0,2,3,3,3,4,3,4,3,2,2,2,2,2,3,3,3,4,4,3,3,3,3,3,4,1,1,2,1,1,2,1,2723,gemini,2024,남성,6
3,1,1.0,1.0,2.0,2,3,3,3,3,2,3,3,2,2,2,2,2,3,3,2,4,4,3,3,3,3,3,3,1,1,2,1,1,2,1,2724,gemini,2024,남성,6
3,1,1.0,1.0,2.0,2,3,3,3,4,3,4,3,2,2,2,2,2,3,3,3,4,4,3,3,3,3,3,3,1,1,2,1,1,2,1,2725,gemini,2024,남성,6
3,1,1.0,1.0,2.0,2,3,3,3,3,2,3,3,2,2,2,2,2,3,2,2,4,4,3,3,3,3,3,3,1,1,2,1,1,2,1,2726,gemini,2024,남성,6
3,1,1.0,1.0,2.0,2,3,3,3,4,3,4,3,2,2,2,2,2,3,3,3,4,4,3,3,3,3,3,3,1,1,2,1,1,2,1,2727,gemini,2024,남성,6
3,1,1.0,1.0,2.0,2,3,3,3,3,2,3,3,2,2,2,2,2,3,3,3,4,4,3,3,2,3,3,3,1,1,2,1,1,2,1,2728,gemini,2024,남성,6
3,1,1.0,1.0,2.0,2,3,3,3,3,2,3,3,2,2,2,2,2,3,3,2,4,4,3,3,3,3,3,3,1,1,2,1,1,2,1,2729,gemini,2024,남성,6
3,1,1.0,1.0,2.0,2,3,3,3,3,2,3,3,2,2,2,2,2,3,3,2,4,4,3,3,3,3,3,4,1,1,2,1,1,2,1,2730,gemini,2024,남성,6
3,1,1.0,1.0,2.0,2,3,3,3,4,3,4,3,2,2,2,2,2,3,3,3,4,4,3,3,3,4,3,4,1,1,1,1,1,2,1,2731,gemini,2024,남성,6
3,1,1.0,1.0,2.0,2,3,3,3,3,2,3,3,2,2,2,2,2,3,3,2,4,4,3,3,3,3,3,3,1,1,2,1,1,2,1,2732,gemini,2024,남성,6
3,1,1.0,1.0,2.0,2,3,3,3,4,3,4,3,2,2,2,2,2,3,3,3,4,4,3,3,3,3,3,3,1,1,2,1,1,2,1,2733,gemini,2024,남성,6
3,1,1.0,1.0,2.0,2,3,3,3,3,2,3,3,2,2,2,2,2,3,3,3,4,4,3,3,3,3,3,3,1,1,2,1,1,2,1,2734,gemini,2024,남성,6
3,1,1.0,1.0,2.0,2,3,3,3,4,3,3,3,2,2,2,2,2,3,3,3,4,4,3,3,3,3,3,3,1,1,2,1,1,2,1,2735,gemini,2024,남성,6
3,1,1.0,1.0,2.0,2,3,3,3,3,2,3,3,2,2,2,2,2,3,3,3,4,4,3,3,3,3,3,3,1,1,2,1,1,2,1,2736,gemini,2024,남성,6
3,1,1.0,1.0,2.0,2,3,3,3,3,2,3,3,2,2,2,2,2,3,3,3,4,4,3,3,3,3,3,3,1,1,2,1,1,2,1,2737,gemini,2024,남성,6
3,1,1.0,1.0,2.0,2,3,3,3,4,3,4,4,2,2,2,2,2,3,3,3,4,4,3,3,3,3,3,4,1,1,2,1,1,2,1,2738,gemini,2024,남성,6
3,1,1.0,1.0,2.0,2,3,3,3,4,3,4,3,2,2,2,2,2,3,3,3,4,4,3,3,3,3,3,3,1,1,2,1,1,2,1,2739,gemini,2024,남성,6
3,1,1.0,1.0,2.0,2,3,3,3,3,2,3,3,2,2,2,2,2,3,3,3,4,4,3,3,3,3,3,3,1,1,2,1,1,2,1,2740,gemini,2024,남성,6
3,1,1.0,1.0,2.0,2,3,3,3,3,2,3,3,2,2,2,2,2,3,3,3,4,4,3,3,3,3,3,3,1,1,2,1,1,2,1,2741,gemini,2024,남성,6
3,1,1.0,1.0,2.0,2,3,3,3,3,2,3,3,2,2,2,2,2,3,3,2,4,4,3,3,3,3,3,3,1,1,2,1,1,2,1,2742,gemini,2024,남성,6
3,1,1.0,1.0,2.0,2,3,3,3,4,3,4,3,2,2,2,2,2,3,3,3,4,4,3,3,3,3,3,4,1,1,2,1,1,2,1,2743,gemini,2024,남성,6
3,1,1.0,1.0,2.0,2,3,3,3,3,2,3,3,2,2,2,2,2,3,3,3,4,4,3,3,3,4,3,4,1,1,1,1,1,2,1,2744,gemini,2024,남성,6
3,1,1.0,1.0,2.0,2,3,3,3,3,2,3,3,2,2,2,2,2,3,3,3,4,4,3,3,3,3,3,3,1,1,2,1,1,2,1,2745,gemini,2024,남성,6
3,1,1.0,1.0,2.0,2,3,3,3,3,2,3,3,2,2,2,2,2,3,3,3,4,4,3,3,3,3,3,3,1,1,2,1,1,2,1,2746,gemini,2024,남성,6
3,1,1.0,1.0,2.0,2,3,3,3,3,2,3,3,2,2,2,2,2,3,2,2,4,4,3,3,3,3,3,3,1,1,2,1,1,2,1,2747,gemini,2024,남성,6
3,1,1.0,1.0,2.0,2,3,3,3,3,2,3,3,2,2,2,2,2,3,3,3,4,4,3,3,3,3,3,4,1,1,2,1,1,2,1,2748,gemini,2024,남성,6
3,1,1.0,1.0,2.0,2,3,3,3,3,2,3,3,2,2,2,2,2,3,2,2,4,4,3,3,3,3,3,3,1,1,2,1,1,2,1,2749,gemini,2024,남성,6
3,1,1.0,1.0,2.0,2,3,3,3,3,2,3,3,2,2,2,2,2,3,3,2,4,4,3,3,3,3,3,3,1,1,2,1,1,2,1,2750,gemini,2024,남성,6
3,1,1.0,1.0,2.0,2,3,3,3,3,2,3,3,2,2,2,2,2,3,3,2,4,4,3,3,3,3,3,3,1,1,2,1,1,2,1,2751,gemini,2024,남성,6
3,1,1.0,1.0,2.0,2,3,3,3,3,2,3,3,2,2,2,2,2,3,3,3,4,4,3,3,3,3,3,3,1,1,2,1,1,2,1,2752,gemini,2024,남성,6
3,1,1.0,1.0,2.0,2,3,3,3,4,3,4,3,2,2,2,2,2,3,3,3,4,4,3,3,3,3,3,3,1,1,2,1,1,2,1,2753,gemini,2024,남성,6
3,1,1.0,1.0,2.0,2,3,3,3,3,2,3,3,2,2,2,2,2,3,3,3,4,4,3,3,3,3,3,3,1,1,2,1,1,2,1,2754,gemini,2024,남성,6
3,1,1.0,1.0,2.0,2,3,3,3,4,3,4,3,2,2,2,2,2,3,3,3,4,4,3,3,3,3,3,3,1,1,2,1,1,2,1,2755,gemini,2024,남성,6
3,1,1.0,1.0,2.0,2,3,3,3,3,2,3,3,2,2,2,2,2,3,3,3,4,4,3,3,3,3,3,3,1,1,2,1,1,2,1,2756,gemini,2024,남성,6
3,1,1.0,1.0,2.0,2,3,3,3,4,3,4,4,2,2,2,2,2,3,3,3,4,4,3,3,3,4,3,4,1,1,2,1,1,2,1,2757,gemini,2024,남성,6
3,1,1.0,1.0,2.0,2,3,3,3,3,2,3,3,2,2,2,2,2,3,3,3,4,4,3,3,3,3,3,3,1,1,2,1,1,2,1,2758,gemini,2024,남성,6
3,1,1.0,1.0,2.0,2,3,3,3,4,3,4,3,2,2,2,2,2,3,3,3,4,4,3,3,3,3,3,3,1,1,2,1,1,2,1,2759,gemini,2024,남성,6
3,1,1.0,1.0,2.0,2,3,3,3,4,3,4,3,2,2,2,2,2,3,3,3,4,4,3,3,3,3,3,3,1,1,2,1,1,2,1,2760,gemini,2024,남성,6
3,1,1.0,1.0,2.0,2,3,3,3,4,3,4,3,2,2,2,2,2,3,3,3,4,4,3,3,3,3,3,3,1,1,2,1,1,2,1,2761,gemini,2024,남성,6
3,1,1.0,1.0,2.0,2,3,3,3,4,3,4,4,2,2,2,2,2,3,3,3,4,4,3,3,3,3,3,4,1,1,2,1,1,2,2,2762,gemini,2024,남성,6
3,1,1.0,1.0,2.0,2,3,3,3,4,3,4,3,2,2,2,2,2,3,3,3,4,4,3,3,3,3,3,3,1,1,2,1,1,2,1,2763,gemini,2024,남성,6
3,1,1.0,1.0,2.0,2,3,3,3,3,2,3,3,2,2,2,2,2,3,3,3,4,4,3,3,3,3,3,3,1,1,2,1,1,2,1,2764,gemini,2024,남성,6
3,1,1.0,1.0,2.0,2,3,3,3,3,3,4,3,2,2,2,2,2,3,3,3,4,4,3,3,3,3,3,4,1,1,2,1,1,2,1,2765,gemini,2024,남성,6
3,1,1.0,1.0,2.0,2,3,3,3,3,2,3,3,2,2,2,2,2,3,3,2,4,4,3,3,3,3,3,3,1,1,2,1,1,2,1,2766,gemini,2024,남성,6
3,1,1.0,1.0,2.0,2,3,3,3,4,3,4,4,2,2,2,2,2,3,3,3,4,4,3,3,3,3,3,3,1,1,1,1,1,2,1,2767,gemini,2024,남성,6
3,1,1.0,1.0,2.0,2,3,3,3,4,3,4,4,2,2,2,2,2,3,3,3,4,4,3,3,3,4,3,4,1,1,1,1,1,2,2,2768,gemini,2024,남성,6
3,1,1.0,1.0,2.0,2,3,3,3,3,2,3,3,2,2,2,2,2,3,2,2,4,4,3,3,3,3,3,3,1,1,2,1,1,2,1,2769,gemini,2024,남성,6
3,1,1.0,1.0,2.0,2,3,3,3,4,3,4,3,2,2,2,2,2,3,3,3,4,4,3,3,3,4,3,3,1,1,2,1,1,2,1,2770,gemini,2024,남성,6
3,1,1.0,1.0,2.0,2,3,3,3,3,2,3,3,2,2,2,2,2,3,3,3,4,4,3,3,3,3,3,3,1,1,2,1,1,2,1,2771,gemini,2024,남성,6
3,1,1.0,1.0,2.0,2,3,3,3,3,2,3,3,2,2,2,2,2,3,3,3,4,4,3,3,3,3,3,3,1,1,2,1,1,2,1,2772,gemini,2024,남성,6
3,1,1.0,1.0,2.0,2,3,3,3,4,3,4,4,2,2,2,2,2,3,3,3,4,4,3,3,3,4,3,3,1,1,2,1,1,2,1,2773,gemini,2024,남성,6
3,1,1.0,1.0,2.0,2,3,3,3,3,2,3,3,2,2,2,2,2,3,3,2,4,4,3,3,2,3,3,3,1,1,2,1,1,2,1,2774,gemini,2024,남성,6
3,1,1.0,1.0,2.0,2,3,3,3,3,2,3,3,2,2,2,2,2,3,3,2,4,4,3,3,3,3,3,3,1,1,2,1,1,2,1,2775,gemini,2024,남성,6
3,1,1.0,1.0,2.0,2,3,3,3,4,3,4,3,2,2,2,2,2,3,3,3,4,4,3,3,3,4,3,4,1,1,2,1,1,2,1,2776,gemini,2024,남성,6
3,1,1.0,1.0,2.0,2,3,3,3,3,2,3,3,2,2,2,2,1,3,3,2,4,4,3,3,2,3,3,3,1,1,2,1,1,2,1,2777,gemini,2024,남성,6
3,1,1.0,1.0,2.0,2,3,3,3,3,2,3,3,2,2,2,2,2,3,3,2,4,4,3,3,3,3,3,3,1,1,2,1,1,2,1,2778,gemini,2024,남성,6
3,1,1.0,1.0,2.0,2,3,3,3,4,3,4,3,2,2,2,2,2,3,3,3,4,4,3,3,3,3,3,3,1,1,2,1,1,2,1,2779,gemini,2024,남성,6
3,1,1.0,1.0,2.0,2,3,3,3,3,2,3,3,2,2,2,2,2,3,3,3,4,4,3,3,3,3,3,3,1,1,2,1,1,2,1,2780,gemini,2024,남성,6
3,1,1.0,1.0,2.0,2,3,3,3,3,2,3,3,2,2,2,2,2,3,3,2,4,4,3,3,3,4,3,3,1,1,2,1,1,2,1,2781,gemini,2024,남성,6
3,1,1.0,4.0,2.0,2,3,3,3,3,2,3,3,2,2,2,2,2,3,3,3,4,4,3,3,3,3,3,3,1,1,1,1,1,2,1,2782,gemini,2024,남성,6
3,1,1.0,1.0,2.0,2,3,3,3,3,2,3,3,2,2,2,2,2,3,3,3,4,4,3,3,3,3,3,3,1,1,1,1,1,2,1,2783,gemini,2024,남성,6
3,1,1.0,1.0,2.0,2,3,3,3,4,3,4,3,2,2,2,2,2,3,3,3,4,4,3,3,3,3,3,3,1,1,1,1,1,2,1,2784,gemini,2024,남성,6
3,1,1.0,1.0,2.0,2,3,3,3,4,3,4,3,2,2,2,2,2,3,3,3,4,4,3,3,3,3,3,3,1,1,2,1,1,2,1,2785,gemini,2024,남성,6
3,1,1.0,1.0,2.0,2,3,3,3,3,2,3,3,2,2,2,2,2,3,2,2,4,4,3,3,3,3,3,3,1,1,2,1,1,2,1,2786,gemini,2024,남성,6
3,1,1.0,1.0,2.0,2,3,3,3,3,2,3,3,2,2,2,2,2,3,3,3,4,4,3,3,3,3,3,3,1,1,2,1,1,2,1,2787,gemini,2024,남성,6
3,1,1.0,1.0,2.0,2,3,3,3,4,3,4,3,2,2,2,2,2,3,3,3,4,4,3,3,3,3,3,3,1,1,2,1,1,2,1,2788,gemini,2024,남성,6
3,1,1.0,1.0,2.0,2,3,3,3,3,2,3,3,2,2,2,2,2,3,3,2,4,4,3,3,3,3,3,3,1,1,2,1,1,2,1,2789,gemini,2024,남성,6
3,1,1.0,1.0,2.0,2,3,3,3,4,3,4,3,2,2,2,2,2,3,3,3,4,4,3,3,3,3,3,3,1,1,2,1,1,2,1,2790,gemini,2024,남성,6
3,1,1.0,1.0,2.0,2,3,4,3,3,3,3,3,2,2,2,2,2,3,3,3,4,4,3,3,3,3,3,3,1,1,1,1,1,2,1,2791,gemini,2024,남성,6
3,1,1.0,1.0,2.0,2,3,3,3,4,3,4,3,2,2,2,2,2,3,3,3,4,4,3,3,3,4,3,3,1,1,2,1,1,2,1,2792,gemini,2024,남성,6
3,1,1.0,1.0,2.0,2,3,3,3,3,2,3,3,2,2,2,2,2,3,2,2,4,4,3,3,3,3,3,3,1,1,2,1,1,2,1,2793,gemini,2024,남성,6
3,1,1.0,1.0,2.0,2,3,3,3,3,2,3,3,2,2,2,2,2,3,3,2,4,4,3,3,3,3,3,3,1,1,2,1,1,2,1,2794,gemini,2024,남성,6
3,1,1.0,1.0,2.0,2,3,3,3,4,3,4,3,2,2,2,2,2,3,3,3,4,4,3,3,3,3,3,3,1,1,2,1,1,2,1,2795,gemini,2024,남성,6
3,1,1.0,1.0,2.0,2,3,3,3,3,2,3,3,2,2,2,2,2,3,3,2,4,4,3,3,3,3,3,3,1,1,2,1,1,2,1,2796,gemini,2024,남성,6
3,1,1.0,1.0,2.0,2,3,3,3,3,2,3,3,2,2,2,2,2,3,3,3,4,4,3,3,2,3,3,3,1,1,2,1,1,2,1,2797,gemini,2024,남성,6
3,1,1.0,1.0,2.0,2,3,3,3,4,3,4,3,2,2,2,2,2,3,3,3,4,4,3,3,3,3,3,3,1,1,2,1,1,2,1,2798,gemini,2024,남성,6
3,1,1.0,1.0,2.0,2,3,3,3,4,3,4,4,2,2,2,2,2,3,3,3,4,4,3,3,3,4,3,4,1,1,2,1,1,2,1,2799,gemini,2024,남성,6
3,1,1.0,1.0,2.0,2,3,3,3,3,2,3,3,2,2,2,2,2,3,3,2,4,4,3,3,3,3,3,3,1,1,2,1,1,2,1,2800,gemini,2024,남성,6
3,1,1.0,1.0,2.0,2,3,3,3,4,3,4,3,2,2,2,2,2,3,3,3,4,4,3,3,3,3,3,3,1,1,2,1,1,2,1,2801,gemini,2024,남성,6
3,1,1.0,1.0,2.0,2,3,4,3,3,2,3,3,2,2,2,2,2,3,3,3,4,4,3,3,2,3,3,3,1,1,2,1,1,2,1,2802,gemini,2024,남성,6
3,1,1.0,1.0,2.0,2,3,3,3,3,2,3,3,2,2,2,2,2,3,3,2,4,4,3,3,2,3,3,3,1,1,2,1,1,2,1,2803,gemini,2024,남성,6
3,1,1.0,1.0,2.0,2,3,3,3,4,3,4,3,2,2,2,2,2,3,3,3,4,4,3,3,3,3,3,3,1,1,2,1,1,2,1,2804,gemini,2024,남성,6
3,1,1.0,1.0,2.0,2,3,3,3,3,2,3,3,2,2,2,2,2,3,3,2,4,4,3,3,2,3,3,3,1,1,2,1,1,2,1,2805,gemini,2024,남성,6
3,1,1.0,1.0,2.0,2,3,3,3,3,2,3,3,2,2,2,2,2,3,3,3,4,4,3,3,3,3,3,3,1,1,2,1,1,2,1,2806,gemini,2024,남성,6
3,1,1.0,1.0,2.0,2,3,3,3,3,2,3,3,2,2,2,2,2,3,3,2,4,4,3,3,3,3,3,3,1,1,2,1,1,2,1,2807,gemini,2024,남성,6
3,1,1.0,1.0,2.0,2,3,3,3,4,3,4,4,2,2,2,2,2,3,3,3,4,4,3,3,3,3,3,3,1,1,2,1,1,2,1,2808,gemini,2024,남성,6
3,1,1.0,1.0,2.0,2,3,3,3,4,3,4,3,2,2,2,2,2,3,3,3,4,4,3,3,3,3,3,3,1,1,2,1,1,2,1,2809,gemini,2024,남성,6
3,1,1.0,1.0,2.0,2,3,3,3,4,3,4,3,2,2,2,2,2,3,3,3,4,4,3,3,3,3,3,3,1,1,2,1,1,2,1,2810,gemini,2024,남성,6
3,1,1.0,1.0,2.0,2,3,3,3,3,2,3,3,2,2,2,2,2,3,3,3,4,4,3,3,3,3,3,3,1,1,2,1,1,2,2,2811,gemini,2024,남성,6
3,1,1.0,1.0,2.0,2,3,3,3,4,3,4,3,2,2,2,2,2,3,3,3,4,4,3,3,3,3,3,3,1,1,2,1,1,2,1,2812,gemini,2024,남성,6
3,1,1.0,1.0,2.0,2,3,3,3,4,3,4,3,2,2,2,2,2,3,3,3,4,4,3,3,3,3,3,3,1,1,2,1,1,2,1,2813,gemini,2024,남성,6
3,1,1.0,1.0,2.0,2,3,3,3,3,2,3,3,2,2,2,2,2,3,3,2,4,4,3,3,2,3,3,3,1,1,2,1,1,2,1,2814,gemini,2024,남성,6
3,1,1.0,1.0,2.0,2,3,3,3,4,3,4,3,2,2,2,2,2,3,3,3,4,4,3,3,3,3,3,3,1,1,2,1,1,2,1,2815,gemini,2024,남성,6
3,1,1.0,1.0,2.0,2,3,3,3,4,3,4,3,2,2,2,2,2,3,3,3,4,4,3,3,3,3,3,3,1,1,2,1,1,2,1,2816,gemini,2024,남성,6
3,1,1.0,1.0,2.0,2,3,3,3,4,3,4,3,2,2,2,2,2,3,3,3,4,4,3,3,3,3,3,3,1,1,2,1,1,2,1,2817,gemini,2024,남성,6
3,1,1.0,1.0,2.0,2,3,3,3,4,3,4,3,2,2,2,2,2,3,3,3,4,4,3,3,3,3,3,3,1,1,2,1,1,2,1,2818,gemini,2024,남성,6
3,1,1.0,1.0,2.0,2,3,3,3,3,2,3,3,2,2,2,2,2,3,3,3,4,4,3,3,3,3,3,3,1,1,2,1,1,2,1,2819,gemini,2024,남성,6
3,1,1.0,1.0,2.0,2,3,3,3,3,2,3,3,2,2,2,2,2,3,3,2,4,4,3,3,3,3,3,3,1,1,2,1,1,2,1,2820,gemini,2024,남성,6
3,1,1.0,1.0,2.0,2,3,3,3,3,2,3,3,2,2,2,2,2,3,3,2,4,4,3,3,3,3,3,3,1,1,2,1,1,2,1,2821,gemini,2024,남성,6
3,1,1.0,1.0,2.0,2,3,3,3,4,3,4,3,2,2,2,2,2,3,3,3,4,4,3,3,3,3,3,3,1,1,2,1,1,2,1,2822,gemini,2024,남성,6
3,1,1.0,1.0,2.0,2,3,3,3,4,3,4,3,2,2,2,2,2,3,3,3,4,4,3,3,3,3,3,3,1,1,2,1,1,2,1,2823,gemini,2024,남성,6
3,1,1.0,1.0,2.0,2,3,3,3,3,2,3,3,2,2,2,2,2,3,3,2,4,4,3,3,3,4,3,3,1,1,2,1,1,2,1,2824,gemini,2024,남성,6
3,1,1.0,1.0,2.0,2,3,3,3,3,2,3,3,2,2,2,2,2,3,3,2,4,4,3,3,3,3,3,3,1,1,2,1,1,2,1,2825,gemini,2024,남성,6
3,1,1.0,1.0,2.0,2,3,3,3,3,2,3,3,2,2,2,2,2,3,3,3,4,4,3,3,2,3,3,3,1,1,2,1,1,2,1,2826,gemini,2024,남성,6
3,1,1.0,1.0,2.0,2,3,3,3,4,3,4,3,2,2,2,2,2,3,3,3,4,4,3,3,3,3,3,3,1,1,2,1,1,2,1,2827,gemini,2024,남성,6
3,1,1.0,1.0,2.0,2,3,3,3,4,3,4,4,2,2,2,2,2,3,3,3,4,4,3,3,3,3,3,3,1,1,2,1,1,2,2,2828,gemini,2024,남성,6
3,1,1.0,1.0,2.0,2,3,3,3,4,3,4,3,2,2,2,2,2,3,3,3,4,4,3,3,3,3,3,3,1,1,2,1,1,2,1,2829,gemini,2024,남성,6
3,1,1.0,1.0,2.0,2,3,3,3,4,3,4,3,2,2,2,2,2,3,3,3,4,4,3,3,3,3,3,3,1,1,2,1,1,2,1,2830,gemini,2024,남성,6
3,1,1.0,1.0,2.0,2,3,3,3,3,2,3,3,2,2,2,2,2,3,3,3,4,4,3,3,3,3,3,3,1,1,2,1,1,2,1,2831,gemini,2024,남성,6
3,1,1.0,1.0,2.0,2,3,3,3,4,3,4,3,2,2,2,2,2,3,3,3,4,4,3,3,3,3,3,3,1,1,2,1,1,2,1,2832,gemini,2024,남성,6
3,1,1.0,4.0,2.0,2,3,3,3,3,2,3,3,2,2,2,2,2,3,2,3,4,4,3,3,2,3,3,3,1,1,1,1,1,2,1,2833,gemini,2024,남성,6
3,1,1.0,1.0,2.0,2,3,3,3,4,3,4,3,2,2,2,2,2,3,3,3,4,4,3,3,3,3,3,4,1,1,2,1,1,2,1,2834,gemini,2024,남성,6
3,1,1.0,1.0,2.0,2,3,3,3,3,2,3,3,2,2,2,2,2,3,3,2,4,4,3,3,3,3,3,3,1,1,2,1,1,2,1,2835,gemini,2024,남성,6
3,1,1.0,1.0,2.0,2,3,3,3,4,3,4,3,2,2,2,2,2,3,3,3,4,4,3,3,3,4,3,3,1,1,1,1,1,2,1,2836,gemini,2024,남성,6
3,1,1.0,1.0,2.0,2,3,3,3,3,2,3,3,2,2,2,2,2,3,3,3,4,4,3,3,3,3,3,3,1,1,2,1,1,2,1,2837,gemini,2024,남성,6
3,1,1.0,1.0,2.0,2,3,3,3,3,2,3,3,2,2,2,2,2,3,3,2,4,4,3,3,3,3,3,3,1,1,2,1,1,2,1,2838,gemini,2024,남성,6
3,1,1.0,1.0,2.0,2,3,3,3,3,2,3,3,2,2,2,2,2,3,3,3,4,4,3,3,3,3,3,3,1,1,2,1,1,2,1,2839,gemini,2024,남성,6
3,1,1.0,4.0,2.0,2,3,3,3,3,2,3,3,2,2,2,2,2,3,3,3,4,4,3,3,3,3,3,3,1,1,2,1,1,2,1,2840,gemini,2024,남성,6
3,1,1.0,1.0,2.0,2,3,3,3,3,2,3,3,2,2,2,2,2,3,2,2,4,4,3,3,3,3,3,3,1,1,2,1,1,2,1,2841,gemini,2024,남성,6
3,1,1.0,1.0,2.0,2,3,3,3,4,3,4,3,2,2,2,2,2,3,3,3,4,4,3,3,3,4,3,4,1,1,2,1,1,2,1,2842,gemini,2024,남성,6
3,1,1.0,1.0,2.0,2,3,3,3,3,2,3,3,2,2,2,2,2,3,3,3,4,4,3,3,3,4,3,3,1,1,2,1,1,2,2,2843,gemini,2024,남성,6
3,1,1.0,1.0,2.0,2,3,3,3,4,3,4,3,2,2,2,2,2,3,3,3,4,4,3,3,3,3,3,4,1,1,2,1,1,2,1,2844,gemini,2024,남성,6
3,1,1.0,1.0,2.0,2,3,3,3,3,2,3,3,2,2,2,2,2,3,3,3,4,4,3,3,3,3,3,3,1,1,2,1,1,2,1,2845,gemini,2024,남성,6
3,1,1.0,1.0,2.0,2,3,3,3,3,2,3,3,2,2,2,2,2,3,3,2,4,4,3,3,3,3,3,3,1,1,2,1,1,2,1,2846,gemini,2024,남성,6
3,1,1.0,1.0,2.0,2,3,3,3,3,2,3,3,2,2,2,2,2,3,3,3,4,4,3,3,3,3,3,3,1,1,2,1,1,2,1,2847,gemini,2024,남성,6
3,1,1.0,1.0,2.0,2,3,3,3,4,3,4,4,2,2,2,2,2,3,3,3,4,4,3,3,3,3,3,3,1,1,2,1,1,2,1,2848,gemini,2024,남성,6
3,1,1.0,1.0,2.0,2,3,3,3,3,2,3,3,2,2,2,2,2,3,3,3,4,4,3,3,2,3,3,3,1,1,2,1,1,2,1,2849,gemini,2024,남성,6
3,1,1.0,1.0,2.0,2,3,3,3,3,2,3,3,2,2,2,2,2,3,3,3,4,4,3,3,3,3,3,3,1,1,2,1,1,2,1,2850,gemini,2024,남성,6
3,1,1.0,1.0,2.0,2,3,3,3,3,2,3,3,2,2,2,2,2,3,3,3,4,4,3,3,3,3,3,3,1,1,2,1,1,2,1,2851,gemini,2024,남성,6
3,1,1.0,1.0,2.0,2,3,3,3,3,2,3,3,2,2,2,2,2,3,3,2,4,4,3,3,3,3,3,3,1,1,2,1,1,2,1,2852,gemini,2024,남성,6
3,1,1.0,1.0,2.0,2,3,3,3,3,2,3,3,2,2,2,2,2,3,2,2,4,4,3,3,3,3,3,3,1,1,2,1,1,2,1,2853,gemini,2024,남성,6
3,1,1.0,1.0,2.0,2,3,3,3,4,3,4,4,2,2,2,2,2,3,3,3,4,4,3,3,3,3,3,3,1,1,2,1,1,2,1,2854,gemini,2024,남성,6
3,1,1.0,1.0,2.0,2,3,3,3,4,3,4,3,2,2,2,2,2,3,3,3,4,4,3,3,3,3,3,3,1,1,1,1,1,2,1,2855,gemini,2024,남성,6
3,1,1.0,1.0,2.0,2,3,3,3,4,3,4,4,2,2,2,2,2,3,3,3,4,4,3,3,3,4,3,4,1,1,2,1,1,2,1,2856,gemini,2024,남성,6
3,1,1.0,1.0,2.0,2,4,4,4,4,3,4,3,2,2,2,2,2,3,3,3,4,4,3,3,3,3,3,3,1,1,2,1,1,2,1,2857,gemini,2024,남성,6
3,1,1.0,1.0,2.0,2,3,3,3,3,2,3,3,2,2,2,2,2,3,3,3,4,4,3,3,3,3,3,3,1,1,2,1,1,2,1,2858,gemini,2024,남성,6
3,1,1.0,1.0,2.0,2,3,3,3,3,2,3,3,2,2,2,2,2,3,3,3,4,4,3,3,3,3,3,3,1,1,2,1,1,2,1,2859,gemini,2024,남성,6
3,1,1.0,1.0,2.0,2,3,3,3,3,3,4,3,2,2,2,2,2,3,3,3,4,4,3,3,3,3,3,3,1,1,2,1,1,2,1,2860,gemini,2024,남성,6
3,1,1.0,1.0,2.0,2,3,3,3,3,2,3,3,2,2,2,2,2,3,3,2,4,4,3,3,3,3,3,3,1,1,2,1,1,2,1,2861,gemini,2024,남성,6
3,1,1.0,1.0,2.0,2,3,3,3,4,3,4,3,2,2,2,2,2,3,3,3,4,4,3,3,3,4,3,4,1,1,2,1,1,2,1,2862,gemini,2024,남성,6
3,1,1.0,1.0,2.0,2,3,3,3,3,2,3,3,2,2,2,2,2,3,3,2,4,4,3,3,3,3,3,3,1,1,2,1,1,2,1,2863,gemini,2024,남성,6
3,1,1.0,1.0,2.0,2,3,3,3,3,2,3,3,2,2,2,2,2,3,2,3,4,4,3,3,3,3,3,4,1,1,2,1,1,2,1,2864,gemini,2024,남성,6
3,1,1.0,1.0,2.0,2,3,3,3,3,2,3,3,2,2,2,2,2,3,3,3,4,4,3,3,3,3,3,3,1,1,2,1,1,2,1,2865,gemini,2024,남성,6
3,1,1.0,1.0,2.0,2,3,3,3,4,3,4,3,2,2,2,2,2,3,3,3,4,4,3,3,3,4,3,3,1,1,2,1,1,2,1,2866,gemini,2024,남성,6
3,1,1.0,1.0,2.0,2,3,3,3,4,3,4,3,2,2,2,2,2,3,3,3,4,4,3,3,3,3,3,3,1,1,2,1,1,2,1,2867,gemini,2024,남성,6
3,1,1.0,1.0,2.0,2,3,3,3,4,3,4,3,2,2,2,2,2,3,3,3,4,4,3,3,3,3,3,4,1,1,2,1,1,2,1,2868,gemini,2024,남성,6
3,1,1.0,1.0,2.0,2,3,4,3,3,3,3,3,2,2,2,2,2,3,3,3,4,4,3,3,3,3,3,3,1,1,2,1,1,2,1,2869,gemini,2024,남성,6
3,1,1.0,1.0,2.0,2,3,3,3,3,2,3,3,2,2,2,2,2,3,3,3,4,4,3,3,3,3,3,3,1,1,2,1,1,2,1,2870,gemini,2024,남성,6
3,1,1.0,1.0,2.0,2,3,3,3,3,2,3,3,2,2,2,2,2,3,3,3,4,4,3,3,3,4,3,3,1,1,2,1,1,2,1,2871,gemini,2024,남성,6
3,1,1.0,1.0,2.0,2,3,3,3,3,2,3,3,2,2,2,2,1,2,2,2,4,4,3,3,2,3,3,3,1,1,2,1,1,2,1,2872,gemini,2024,남성,6
3,1,1.0,1.0,2.0,2,3,3,3,3,2,3,3,2,2,2,2,2,3,3,3,4,4,3,3,3,3,3,3,1,1,2,1,1,2,1,2873,gemini,2024,남성,6
3,1,1.0,1.0,2.0,2,3,3,3,3,2,3,3,2,2,2,2,2,3,3,3,4,4,3,3,3,3,3,3,1,1,2,1,1,2,1,2874,gemini,2024,남성,6
3,1,1.0,1.0,2.0,2,3,3,3,3,2,3,3,2,2,2,2,2,3,2,2,4,4,3,3,3,3,3,3,1,1,2,1,1,2,1,2875,gemini,2024,남성,6
3,1,1.0,1.0,2.0,2,3,3,3,4,3,4,3,2,2,2,2,2,3,3,3,4,4,3,3,3,4,3,4,1,1,2,1,1,2,1,2876,gemini,2024,남성,6
3,1,1.0,1.0,2.0,2,3,3,3,3,2,3,3,2,2,2,2,2,3,3,3,4,4,3,3,2,3,3,3,1,1,2,1,1,2,1,2877,gemini,2024,남성,6
2,2,,,,2,3,3,2,3,2,3,3,2,2,2,2,1,2,2,2,3,3,2,2,3,3,3,3,1,1,2,1,1,2,1,2878,gemini,2024,남성,7
2,2,,,,2,3,3,2,3,2,3,2,1,1,1,1,1,2,2,2,3,3,2,2,2,3,3,3,1,1,2,2,1,2,2,2879,gemini,2024,남성,7
2,2,,,,2,3,3,2,3,2,3,3,2,1,2,1,1,2,2,2,4,4,3,2,3,3,3,3,1,1,2,2,1,2,2,2880,gemini,2024,남성,7
2,2,,,,2,3,3,3,3,2,3,3,2,2,2,2,2,2,2,2,4,4,3,2,3,3,4,3,1,1,1,1,1,2,2,2881,gemini,2024,남성,7
2,2,,,,2,3,3,2,3,2,3,3,2,1,2,1,1,2,2,2,3,3,2,2,3,3,3,3,1,1,2,2,1,2,2,2882,gemini,2024,남성,7
2,1,1.0,4.0,2.0,2,3,3,3,3,2,3,3,2,2,2,2,2,3,2,2,4,4,2,2,3,3,4,3,1,1,2,1,1,2,1,2883,gemini,2024,남성,7
2,1,1.0,4.0,2.0,2,3,3,3,3,2,3,3,2,2,2,2,2,2,2,2,4,4,3,3,3,3,3,3,1,1,2,1,1,2,1,2884,gemini,2024,남성,7
2,2,,,,2,3,3,2,3,2,3,3,2,2,2,2,2,2,2,2,3,3,2,2,2,3,3,3,1,1,2,1,1,2,2,2885,gemini,2024,남성,7
2,2,,,,2,2,3,2,3,2,3,3,2,2,2,2,1,2,2,2,3,3,2,2,2,3,3,3,1,1,2,2,1,2,2,2886,gemini,2024,남성,7
2,2,,,,2,3,3,3,3,2,3,3,2,2,2,2,2,3,2,2,4,4,2,2,3,3,4,3,1,1,2,2,1,2,2,2887,gemini,2024,남성,7
2,2,,,,2,3,3,3,3,2,3,2,2,2,2,2,2,2,2,2,3,3,2,2,2,3,3,3,1,1,2,2,1,2,2,2888,gemini,2024,남성,7
2,1,1.0,4.0,2.0,2,3,3,3,3,2,3,3,2,2,2,2,1,2,2,2,4,4,3,3,3,3,4,4,1,1,2,1,1,2,1,2889,gemini,2024,남성,7
3,1,1.0,4.0,2.0,2,3,3,3,3,2,3,3,2,2,2,2,2,2,2,2,4,4,3,3,3,3,4,4,1,1,2,1,1,2,1,2890,gemini,2024,남성,7
2,2,,,,2,3,3,3,3,2,3,3,2,2,2,2,1,2,2,2,3,3,2,2,2,3,3,3,1,1,2,2,1,2,2,2891,gemini,2024,남성,7
3,1,1.0,4.0,2.0,2,3,3,3,3,2,3,3,2,2,2,2,2,2,2,2,4,4,3,3,2,3,3,3,1,1,2,2,1,2,2,2892,gemini,2024,남성,7
2,2,,,,2,3,3,2,3,2,3,3,2,1,2,1,1,2,2,2,4,3,2,2,2,3,3,3,1,1,2,1,1,2,2,2893,gemini,2024,남성,7
2,2,,,,2,3,3,3,3,2,3,3,2,2,2,2,2,3,2,2,4,4,3,3,3,3,3,3,1,1,2,1,1,2,1,2894,gemini,2024,남성,7
2,2,,,,2,3,3,2,3,2,3,3,2,2,2,2,2,2,2,2,3,3,2,2,3,3,3,3,1,1,2,1,1,2,2,2895,gemini,2024,남성,7
3,1,1.0,4.0,2.0,2,3,3,3,3,2,3,3,2,2,2,2,2,2,2,2,4,3,2,2,2,3,3,3,1,1,2,1,1,2,1,2896,gemini,2024,남성,7
2,2,,,,2,3,3,2,3,2,3,3,2,1,2,2,1,2,2,2,3,3,2,2,2,3,3,3,1,1,2,2,1,2,2,2897,gemini,2024,남성,7
2,2,,,,1,2,2,2,3,2,3,2,2,1,1,1,1,2,2,1,3,3,2,2,2,3,3,3,2,1,2,2,1,2,2,2898,gemini,2024,남성,7
2,2,,,,2,3,3,3,3,2,3,3,2,2,2,2,2,3,2,2,4,4,3,3,3,3,4,3,1,1,2,1,1,2,2,2899,gemini,2024,남성,7
2,2,,,,2,3,3,3,3,2,3,2,2,2,2,2,2,2,2,2,3,3,2,2,2,3,3,3,1,1,2,1,1,2,1,2900,gemini,2024,남성,7
3,1,1.0,4.0,2.0,2,3,3,3,3,2,3,3,2,2,2,2,2,3,2,2,4,4,3,3,3,3,3,3,1,1,1,1,1,2,1,2901,gemini,2024,남성,7
2,1,1.0,4.0,2.0,2,3,3,2,3,2,3,3,2,2,2,2,2,3,2,2,4,3,2,2,3,3,3,3,1,1,2,1,1,2,2,2902,gemini,2024,남성,7
2,1,1.0,4.0,2.0,2,3,3,3,3,2,3,3,2,2,2,2,2,3,3,2,4,4,3,2,3,3,4,3,1,1,2,1,1,2,1,2903,gemini,2024,남성,7
2,2,,,,2,3,3,3,3,2,3,3,2,2,2,2,2,3,2,2,4,3,3,3,2,3,3,3,1,1,1,1,1,2,1,2904,gemini,2024,남성,7
2,2,,,,2,3,3,3,3,2,3,3,2,2,2,2,1,2,2,2,3,3,2,2,3,3,3,3,1,1,2,2,1,2,2,2905,gemini,2024,남성,7
2,1,1.0,4.0,2.0,2,3,3,3,3,2,3,3,2,2,2,2,1,2,2,2,4,4,3,3,2,3,3,3,1,1,1,1,1,2,1,2906,gemini,2024,남성,7
2,2,,,,2,3,3,3,3,2,3,3,2,2,2,2,2,3,2,2,4,4,2,2,3,3,4,3,1,1,2,1,1,2,2,2907,gemini,2024,남성,7
2,2,,,,2,3,3,3,3,2,3,2,2,2,2,1,1,2,2,2,3,3,2,2,2,3,3,3,2,1,2,2,1,2,2,2908,gemini,2024,남성,7
2,2,,,,2,3,3,3,3,2,3,3,2,2,2,2,2,3,2,2,4,4,3,2,3,3,4,4,1,1,2,1,1,2,2,2909,gemini,2024,남성,7
2,2,,,,2,2,3,2,3,2,3,3,2,1,2,1,2,2,2,2,3,3,2,2,2,3,3,3,1,1,2,2,1,2,2,2910,gemini,2024,남성,7
2,2,,,,2,3,3,2,3,2,3,3,1,1,1,1,2,2,2,2,3,3,2,2,2,3,3,3,1,1,2,1,1,2,2,2911,gemini,2024,남성,7
2,2,,,,2,3,3,3,3,2,3,3,2,2,2,2,2,3,2,2,4,4,2,2,3,3,4,3,1,1,2,1,1,2,1,2912,gemini,2024,남성,7
3,1,1.0,4.0,2.0,2,3,3,3,3,2,3,3,2,2,2,2,2,3,2,2,4,4,3,3,3,3,3,3,1,1,2,1,1,2,1,2913,gemini,2024,남성,7
2,2,,,,2,3,3,2,3,2,3,3,2,1,2,1,1,2,2,2,3,3,2,2,2,3,3,3,1,1,2,1,1,2,2,2914,gemini,2024,남성,7
2,2,,,,2,3,3,3,3,2,3,3,2,1,2,2,1,2,2,2,4,4,2,2,3,3,3,3,1,1,2,1,1,2,2,2915,gemini,2024,남성,7
2,2,,,,2,3,3,2,3,2,3,3,2,2,2,2,2,2,2,2,3,3,2,2,3,3,3,3,1,1,2,2,1,2,2,2916,gemini,2024,남성,7
2,2,,,,2,2,3,2,3,2,3,3,2,1,2,1,1,2,2,2,3,3,2,2,3,3,3,3,1,1,2,2,1,2,2,2917,gemini,2024,남성,7
2,2,,,,2,3,3,2,2,1,3,2,2,1,2,2,2,3,2,2,3,3,2,2,2,3,4,3,2,1,2,1,1,2,2,2918,gemini,2024,남성,7
2,2,,,,2,3,3,2,3,2,3,3,2,1,2,2,1,2,2,2,3,3,2,2,2,3,3,3,1,1,2,1,1,2,2,2919,gemini,2024,남성,7
2,2,,,,2,3,3,2,3,2,3,3,2,1,2,2,1,2,2,2,3,3,2,2,2,3,3,3,2,1,2,1,1,2,2,2920,gemini,2024,남성,7
2,2,,,,2,2,3,2,3,2,3,3,2,2,2,2,2,3,2,2,4,3,3,2,3,3,3,3,1,1,2,1,1,2,2,2921,gemini,2024,남성,7
2,2,,,,2,3,3,3,3,2,3,3,2,1,2,1,1,2,2,2,4,4,3,2,2,3,3,3,1,1,2,2,1,2,2,2922,gemini,2024,남성,7
2,2,,,,2,2,3,2,3,2,3,2,2,1,2,1,1,2,2,2,3,3,2,2,2,3,3,3,1,1,2,1,1,2,2,2923,gemini,2024,남성,7
2,1,1.0,4.0,2.0,2,2,3,2,3,2,3,3,2,2,2,2,2,2,2,2,3,3,2,2,2,3,3,3,1,1,2,1,1,2,2,2924,gemini,2024,남성,7
2,1,1.0,4.0,2.0,2,3,3,3,3,2,3,3,2,2,2,2,2,2,2,2,4,3,2,2,3,3,3,3,1,1,2,1,1,2,1,2925,gemini,2024,남성,7
2,1,1.0,4.0,2.0,2,3,3,3,3,2,3,3,2,2,2,2,2,2,2,2,4,4,2,2,3,3,3,3,1,1,2,1,1,2,1,2926,gemini,2024,남성,7
2,1,1.0,4.0,2.0,2,3,3,3,3,2,3,3,2,2,2,2,2,3,2,2,4,4,2,2,3,3,4,4,1,1,1,1,1,2,1,2927,gemini,2024,남성,7
2,2,,,,2,3,3,3,3,2,3,3,2,2,2,2,2,2,2,2,4,3,3,2,2,3,3,3,1,1,2,1,1,2,2,2928,gemini,2024,남성,7
2,2,,,,2,3,3,2,3,2,3,3,2,1,2,2,1,2,2,2,4,4,3,3,3,3,3,3,1,1,2,1,1,2,2,2929,gemini,2024,남성,7
2,2,,,,2,3,3,2,3,2,3,3,2,2,2,2,2,2,2,2,4,3,2,2,3,3,3,3,1,1,2,1,1,2,2,2930,gemini,2024,남성,7
2,2,,,,2,3,3,3,3,2,3,3,2,2,2,2,2,2,2,2,3,3,2,2,2,3,4,3,1,1,2,1,1,2,1,2931,gemini,2024,남성,7
2,2,,,,2,3,3,2,3,2,3,3,2,2,2,2,2,2,2,2,4,3,2,2,3,3,3,3,1,1,2,1,1,2,2,2932,gemini,2024,남성,7
3,1,1.0,4.0,2.0,2,3,3,3,3,2,3,3,2,2,2,2,2,3,2,2,4,4,3,3,3,3,4,4,1,1,1,1,1,2,1,2933,gemini,2024,남성,7
2,2,,,,2,3,3,2,3,2,3,3,2,2,2,2,1,2,2,2,3,3,2,2,3,3,3,3,1,1,2,1,1,2,2,2934,gemini,2024,남성,7
2,2,,,,2,3,3,3,3,2,3,3,2,2,2,2,2,3,2,2,4,4,3,2,3,3,4,3,1,1,2,1,1,2,1,2935,gemini,2024,남성,7
2,1,1.0,4.0,2.0,2,3,3,3,3,2,3,3,2,2,1,1,1,2,2,2,4,4,2,2,3,3,4,3,1,1,2,1,1,2,1,2936,gemini,2024,남성,7
2,1,1.0,4.0,2.0,2,3,3,2,3,2,3,2,2,2,2,2,2,2,2,2,4,4,3,3,2,3,3,3,1,1,2,2,1,2,1,2937,gemini,2024,남성,7
2,2,,,,2,2,3,2,3,2,3,3,2,2,2,2,2,2,2,2,3,3,2,2,2,3,3,3,1,1,2,1,1,2,2,2938,gemini,2024,남성,7
3,1,1.0,4.0,2.0,2,3,3,3,3,2,3,3,2,2,2,2,1,2,2,2,3,3,2,2,2,3,3,3,1,1,2,2,1,2,2,2939,gemini,2024,남성,7
2,2,,,,2,3,3,2,3,2,3,3,2,2,2,2,2,2,2,2,3,3,2,2,3,3,3,3,1,1,1,1,1,2,1,2940,gemini,2024,남성,7
2,2,,,,2,3,3,2,3,2,3,3,2,1,2,2,1,2,2,2,3,3,2,2,2,3,3,3,1,1,2,2,1,2,2,2941,gemini,2024,남성,7
2,2,,,,2,3,3,3,3,2,3,2,2,2,2,2,1,2,2,2,3,3,2,2,2,3,4,3,1,1,2,1,1,2,1,2942,gemini,2024,남성,7
2,2,,,,2,3,3,2,3,2,3,3,2,2,2,2,2,3,2,2,4,3,3,3,2,3,3,3,1,1,2,1,1,2,2,2943,gemini,2024,남성,7
2,2,,,,2,3,3,2,3,2,3,3,2,1,2,2,1,2,2,2,4,4,3,2,3,3,3,3,1,1,2,1,1,2,2,2944,gemini,2024,남성,7
2,2,,,,2,3,3,3,3,2,3,3,2,1,2,2,2,3,2,2,3,3,2,2,3,3,3,3,1,1,2,1,1,2,2,2945,gemini,2024,남성,7
2,2,,,,2,3,3,2,3,2,3,3,2,1,1,1,1,2,2,2,3,3,2,2,2,3,3,3,1,1,2,1,1,2,2,2946,gemini,2024,남성,7
2,2,,,,2,3,3,3,3,2,3,3,2,2,2,2,1,2,2,2,3,3,2,2,3,3,3,3,1,1,2,2,1,2,2,2947,gemini,2024,남성,7
2,1,1.0,4.0,2.0,2,3,3,3,3,2,3,3,2,2,2,2,1,2,2,2,4,4,2,2,3,3,3,3,1,1,2,2,1,2,1,2948,gemini,2024,남성,7
2,1,1.0,4.0,2.0,2,3,3,2,3,2,3,3,2,2,2,2,2,2,2,2,4,4,3,3,2,3,3,3,1,1,1,1,1,2,1,2949,gemini,2024,남성,7
2,2,,,,2,3,3,3,3,2,3,3,2,2,2,2,2,2,2,2,4,4,3,3,3,3,3,3,1,1,2,1,1,2,2,2950,gemini,2024,남성,7
2,2,,,,2,3,3,3,3,2,3,3,2,2,2,2,2,2,2,2,4,3,2,2,2,3,3,3,1,1,2,2,1,2,1,2951,gemini,2024,남성,7
2,1,1.0,4.0,2.0,2,3,3,3,3,2,3,3,2,2,2,2,1,2,2,2,4,4,2,2,3,3,3,3,1,1,2,1,1,2,1,2952,gemini,2024,남성,7
2,2,,,,2,2,3,2,3,2,3,3,2,1,2,2,2,2,2,2,4,4,2,2,3,3,3,3,2,1,2,1,1,2,2,2953,gemini,2024,남성,7
2,1,1.0,4.0,2.0,2,3,3,3,3,2,3,2,2,2,2,2,1,2,2,2,4,3,2,2,2,3,3,3,1,1,2,1,1,2,1,2954,gemini,2024,남성,7
2,2,,,,2,3,3,2,3,2,3,2,1,1,1,1,1,2,2,1,3,3,2,2,2,3,2,3,1,1,2,2,1,2,2,2955,gemini,2024,남성,7
2,2,,,,2,3,3,3,3,2,3,2,2,1,2,1,2,2,2,2,3,3,2,2,2,3,3,3,2,1,2,2,1,2,2,2956,gemini,2024,남성,7
3,1,1.0,4.0,2.0,2,3,3,3,3,2,3,3,2,2,2,2,2,3,2,2,4,4,3,3,3,3,3,4,1,1,2,1,1,2,1,2957,gemini,2024,남성,7
2,2,,,,2,2,3,2,3,2,3,3,2,1,2,1,1,2,2,2,3,3,2,2,3,3,3,3,1,1,2,1,1,2,2,2958,gemini,2024,남성,7
2,1,1.0,4.0,2.0,2,3,3,3,3,2,3,3,2,2,2,2,2,3,2,2,4,4,3,2,3,3,3,3,1,1,1,1,1,2,2,2959,gemini,2024,남성,7
2,2,,,,2,3,3,2,3,2,3,3,2,1,2,2,1,2,2,2,4,3,2,2,2,3,3,3,1,1,2,1,1,2,2,2960,gemini,2024,남성,7
2,2,,,,1,2,2,2,3,2,3,2,2,1,1,1,1,2,2,1,3,3,2,2,2,3,2,3,1,1,2,2,1,2,2,2961,gemini,2024,남성,7
2,2,,,,2,3,3,3,3,2,3,3,2,2,2,2,1,2,2,2,3,3,2,2,3,3,3,3,1,1,2,1,1,2,2,2962,gemini,2024,남성,7
2,2,,,,2,3,3,2,3,2,3,2,2,1,2,1,1,2,2,2,3,3,2,2,2,3,3,3,1,1,2,1,1,2,2,2963,gemini,2024,남성,7
2,1,1.0,4.0,2.0,2,3,3,3,3,2,3,3,2,2,2,2,2,2,2,2,4,4,3,3,3,3,3,3,1,1,1,1,1,2,1,2964,gemini,2024,남성,7
2,2,,,,2,3,3,2,3,2,3,3,2,1,2,2,1,2,2,2,3,3,2,2,3,3,3,3,1,1,2,2,1,2,2,2965,gemini,2024,남성,7
2,2,,,,2,3,3,2,3,2,3,3,2,2,2,2,1,2,2,2,4,4,3,2,3,3,3,3,1,1,2,1,1,2,2,2966,gemini,2024,남성,7
2,2,,,,2,3,3,3,3,2,3,3,2,1,2,2,1,2,2,2,4,4,3,2,3,3,3,3,1,1,2,1,1,2,2,2967,gemini,2024,남성,7
2,2,,,,2,3,3,3,3,2,3,3,2,1,2,1,1,2,2,2,4,4,3,2,2,3,3,3,1,1,2,1,1,2,2,2968,gemini,2024,남성,7
2,2,,,,2,3,3,2,3,2,3,3,2,2,2,2,2,2,2,2,3,3,2,2,3,3,3,3,1,1,2,1,1,2,2,2969,gemini,2024,남성,7
2,1,1.0,4.0,2.0,2,3,3,2,3,2,3,3,2,2,2,2,2,2,2,2,4,3,2,2,3,3,3,3,1,1,2,2,1,2,1,2970,gemini,2024,남성,7
3,1,1.0,4.0,2.0,2,2,3,3,3,2,3,3,2,2,2,2,1,2,2,2,4,3,2,2,3,3,3,3,1,1,2,2,1,2,1,2971,gemini,2024,남성,7
2,2,,,,2,3,3,3,3,2,3,2,2,1,2,1,2,2,2,2,3,3,2,2,2,3,3,3,1,1,2,2,1,2,2,2972,gemini,2024,남성,7
2,2,,,,2,3,3,2,3,2,3,3,2,1,2,2,1,2,2,2,4,4,2,2,3,3,4,3,1,1,1,1,1,2,2,2973,gemini,2024,남성,7
3,1,1.0,4.0,2.0,2,3,3,3,3,2,3,3,2,2,2,2,2,3,2,2,4,4,3,3,2,3,3,3,1,1,2,2,1,2,2,2974,gemini,2024,남성,7
3,1,1.0,4.0,2.0,2,3,3,3,3,2,3,2,2,2,2,2,1,2,2,2,4,4,3,2,2,3,3,3,1,1,2,1,1,2,1,2975,gemini,2024,남성,7
2,2,,,,2,3,3,2,3,2,3,3,2,1,2,2,1,2,2,2,4,4,2,2,3,3,3,3,1,1,2,1,1,2,2,2976,gemini,2024,남성,7
2,1,1.0,4.0,2.0,2,3,3,3,3,2,3,3,2,2,2,2,2,3,2,2,4,4,3,3,3,3,3,3,1,1,2,1,1,2,2,2977,gemini,2024,남성,7
2,1,1.0,4.0,2.0,2,3,3,3,3,2,3,2,2,2,2,2,2,2,2,2,3,3,2,2,2,3,3,3,1,1,2,2,1,2,2,2978,gemini,2024,남성,7
2,2,,,,2,3,3,3,3,2,3,3,2,1,2,1,1,2,2,2,4,4,3,2,2,3,3,3,1,1,2,1,1,2,2,2979,gemini,2024,남성,7
2,2,,,,2,3,3,3,3,2,3,3,2,1,2,2,1,2,2,2,4,4,3,2,3,3,3,3,1,1,2,1,1,2,2,2980,gemini,2024,남성,7
3,1,1.0,4.0,2.0,2,3,3,3,3,2,3,3,2,2,2,2,2,3,2,2,4,3,3,3,2,3,3,3,1,1,2,1,1,2,2,2981,gemini,2024,남성,7
2,1,1.0,4.0,2.0,2,3,3,3,3,2,3,3,2,2,2,2,1,2,2,2,4,3,2,2,2,3,3,3,1,1,1,1,1,2,2,2982,gemini,2024,남성,7
2,2,,,,2,3,3,3,3,2,3,3,2,2,2,2,2,3,2,3,4,3,2,2,3,3,4,3,1,1,2,1,1,2,1,2983,gemini,2024,남성,7
2,2,,,,2,3,3,3,3,2,3,3,2,2,2,2,2,3,2,2,4,4,2,2,2,3,3,3,1,1,2,1,1,2,1,2984,gemini,2024,남성,7
2,2,,,,2,3,3,2,3,2,3,3,2,2,2,2,2,3,2,2,4,3,3,2,3,3,3,3,1,1,2,1,1,2,1,2985,gemini,2024,남성,7
2,2,,,,2,3,3,2,3,2,3,3,2,1,1,1,1,2,2,2,3,3,2,2,3,3,3,3,1,1,2,2,1,2,2,2986,gemini,2024,남성,7
2,2,,,,2,3,3,2,3,2,3,3,2,2,2,2,1,2,2,2,4,4,3,2,3,3,3,3,1,1,2,1,1,2,2,2987,gemini,2024,남성,7
2,1,1.0,4.0,2.0,2,3,3,3,3,2,3,3,2,2,2,2,2,3,2,2,4,4,3,2,3,3,3,3,1,1,2,1,1,2,1,2988,gemini,2024,남성,7
2,2,,,,2,3,3,3,3,2,3,3,2,2,2,2,2,2,2,2,4,4,3,3,2,3,3,3,1,1,2,2,1,2,2,2989,gemini,2024,남성,7
2,2,,,,2,3,3,3,3,2,3,3,2,2,2,2,2,2,2,2,4,3,2,2,2,3,3,3,1,1,2,2,1,2,2,2990,gemini,2024,남성,7
2,1,1.0,4.0,2.0,2,3,3,2,3,2,3,3,2,2,2,2,1,2,2,2,3,3,2,2,2,3,3,3,1,1,2,2,1,2,2,2991,gemini,2024,남성,7
2,2,,,,2,2,3,2,3,2,3,3,2,2,2,2,2,2,2,2,3,3,2,2,3,3,3,3,1,1,2,1,1,2,2,2992,gemini,2024,남성,7
2,2,,,,2,3,3,3,3,2,3,3,2,2,2,2,2,3,2,2,4,4,2,2,2,3,3,3,1,1,2,2,1,2,2,2993,gemini,2024,남성,7
2,2,,,,2,2,2,2,3,2,3,2,2,2,2,2,2,3,2,2,3,3,2,2,2,3,3,3,1,1,2,2,1,2,2,2994,gemini,2024,남성,7
2,2,,,,2,3,3,2,3,2,3,3,2,1,2,2,1,2,2,2,3,3,2,2,3,3,3,3,1,1,2,2,1,2,2,2995,gemini,2024,남성,7
2,2,,,,2,2,3,2,3,2,3,3,2,1,2,1,1,2,2,2,3,3,2,2,2,3,3,3,1,1,2,1,1,2,2,2996,gemini,2024,남성,7
2,2,,,,2,3,3,2,3,2,3,3,2,2,2,2,2,2,2,2,3,3,2,2,3,3,3,3,1,1,2,1,1,2,1,2997,gemini,2024,남성,7
2,2,,,,1,2,2,2,3,2,3,3,1,1,1,1,1,2,1,1,3,3,2,2,2,3,3,3,1,1,2,2,1,2,2,2998,gemini,2024,남성,7
2,1,1.0,4.0,2.0,2,3,3,3,3,2,3,2,2,2,2,2,2,2,2,2,3,3,2,2,2,3,4,3,1,1,1,1,1,2,1,2999,gemini,2024,남성,7
2,1,1.0,4.0,2.0,2,3,3,3,3,2,3,3,2,2,2,2,2,2,2,2,4,4,2,2,3,3,3,3,1,1,1,1,1,2,2,3000,gemini,2024,남성,7
2,2,,,,2,2,3,2,3,2,3,3,2,1,1,2,1,2,2,2,3,3,2,2,2,3,3,3,2,1,2,2,1,2,2,3001,gemini,2024,남성,7
2,1,1.0,4.0,2.0,2,3,3,3,3,2,3,3,2,2,2,2,2,3,2,2,4,3,3,2,3,3,3,3,1,1,1,1,1,2,1,3002,gemini,2024,남성,7
2,2,,,,2,3,3,2,3,2,3,3,2,1,2,1,1,2,2,2,4,4,2,2,3,3,4,3,1,1,2,2,1,2,2,3003,gemini,2024,남성,7
2,2,,,,2,3,3,2,3,2,3,3,2,2,2,2,2,3,2,2,3,3,3,2,3,3,3,3,1,1,2,1,1,2,1,3004,gemini,2024,남성,7
2,2,,,,2,3,3,2,3,2,3,2,2,1,2,1,1,2,2,2,3,3,2,2,2,3,3,3,1,1,2,1,1,2,2,3005,gemini,2024,남성,7
2,2,,,,2,3,3,3,3,2,3,3,2,2,2,2,2,2,2,2,3,3,2,2,2,3,3,3,1,1,1,1,1,2,1,3006,gemini,2024,남성,7
2,1,1.0,4.0,2.0,2,3,3,3,3,2,3,3,2,2,2,2,2,2,2,2,3,3,2,2,3,3,3,3,1,1,2,1,1,2,2,3007,gemini,2024,남성,7
2,2,,,,2,3,3,2,3,2,3,2,2,1,2,1,1,2,2,2,4,3,2,2,3,3,3,3,1,1,2,2,1,2,2,3008,gemini,2024,남성,7
2,1,1.0,4.0,2.0,2,2,3,2,3,2,3,3,2,2,2,2,1,2,2,2,3,3,2,2,2,3,3,3,1,1,1,1,1,2,1,3009,gemini,2024,남성,7
2,2,,,,2,3,3,2,3,2,3,3,2,2,2,2,2,3,2,2,4,4,2,2,3,3,3,3,1,1,1,1,1,2,1,3010,gemini,2024,남성,7
2,2,,,,2,2,2,2,3,2,3,3,2,2,2,2,2,2,2,2,3,3,2,2,3,3,3,3,1,1,2,2,1,2,2,3011,gemini,2024,남성,7
3,1,1.0,4.0,2.0,2,3,3,2,3,2,3,3,2,2,2,2,1,2,2,2,4,4,3,3,2,3,3,3,1,1,2,1,1,2,1,3012,gemini,2024,남성,7
2,2,,,,1,2,2,2,3,2,3,3,2,1,1,1,1,2,2,1,3,3,2,2,2,3,3,3,1,1,2,2,1,2,2,3013,gemini,2024,남성,7
2,2,,,,2,3,3,2,3,2,3,2,2,2,2,2,2,2,2,2,3,3,2,2,2,3,3,3,1,1,2,1,1,2,2,3014,gemini,2024,남성,7
2,2,,,,2,3,3,2,3,2,3,3,2,2,2,2,2,3,2,2,3,3,2,2,3,3,3,3,1,1,2,1,1,2,2,3015,gemini,2024,남성,7
2,2,,,,2,3,2,2,3,2,3,2,2,1,2,1,1,2,2,2,4,3,2,2,3,2,3,3,1,1,2,1,1,2,2,3016,gemini,2024,남성,7
2,2,,,,2,3,3,2,3,2,3,3,2,2,2,2,1,2,2,2,4,4,3,3,3,3,3,3,1,1,2,1,1,2,2,3017,gemini,2024,남성,7
2,1,1.0,4.0,2.0,2,3,3,3,3,2,3,3,2,2,2,2,2,2,2,2,4,3,2,2,3,3,4,3,1,1,1,1,1,2,1,3018,gemini,2024,남성,7
2,2,,,,2,3,3,2,3,2,3,3,2,2,2,2,2,3,2,2,4,4,3,2,3,3,3,3,1,1,2,2,1,2,2,3019,gemini,2024,남성,7
2,2,,,,2,3,3,2,3,2,3,3,2,2,2,2,1,2,2,2,4,4,2,2,3,3,3,3,1,1,1,1,1,2,2,3020,gemini,2024,남성,7
2,1,1.0,4.0,2.0,2,3,3,3,3,2,3,3,2,2,2,2,2,3,2,2,4,4,3,3,2,3,3,3,1,1,2,1,1,2,2,3021,gemini,2024,남성,7
2,1,1.0,4.0,2.0,2,3,3,3,3,2,3,3,2,2,2,2,2,2,2,2,4,3,2,2,2,3,3,3,1,1,2,2,1,2,2,3022,gemini,2024,남성,7
2,1,1.0,4.0,2.0,2,3,3,2,3,2,3,3,2,2,2,2,1,2,2,2,4,3,2,2,2,3,3,3,1,1,2,1,1,2,2,3023,gemini,2024,남성,7
3,1,1.0,4.0,2.0,2,3,3,3,3,2,3,2,2,2,2,2,2,2,2,2,4,3,3,3,2,3,3,3,1,1,2,2,1,2,1,3024,gemini,2024,남성,7
2,1,1.0,4.0,2.0,2,3,3,3,3,2,3,3,2,2,2,2,2,3,2,2,4,3,2,2,3,3,3,3,1,1,2,1,1,2,1,3025,gemini,2024,남성,7
2,2,,,,2,2,3,2,3,2,3,3,2,2,2,2,1,2,2,2,3,3,2,2,2,3,3,3,1,1,2,1,1,2,2,3026,gemini,2024,남성,7
2,2,,,,2,3,3,3,3,2,3,3,2,1,2,2,1,2,2,2,4,3,3,2,3,3,3,3,1,1,2,2,1,2,2,3027,gemini,2024,남성,7
2,2,,,,2,3,3,3,3,2,3,2,2,2,2,2,2,3,3,3,4,4,3,3,3,3,4,4,1,1,2,1,1,2,2,3028,gemini,2024,남성,7
3,1,1.0,4.0,2.0,2,3,3,3,3,2,3,2,2,2,2,2,1,2,2,2,3,3,2,2,2,3,3,3,1,1,2,1,1,2,1,3029,gemini,2024,남성,7
2,1,1.0,4.0,2.0,2,3,3,3,3,2,3,3,2,2,2,2,2,2,2,2,3,3,2,2,3,3,3,3,1,1,2,1,1,2,1,3030,gemini,2024,남성,7
3,1,1.0,4.0,2.0,2,3,3,3,3,2,3,3,2,2,2,2,2,2,2,2,4,4,3,3,3,3,3,3,1,1,1,1,1,2,2,3031,gemini,2024,남성,7
2,2,,,,2,3,3,2,3,2,3,3,2,2,2,2,2,2,2,2,4,4,3,3,3,3,3,3,1,1,2,2,1,2,1,3032,gemini,2024,남성,7
2,2,,,,2,3,3,2,3,2,3,3,2,1,2,2,1,2,2,2,3,3,2,2,3,3,2,3,2,1,2,2,1,2,2,3033,gemini,2024,남성,7
2,2,,,,2,3,3,3,3,2,3,3,2,1,2,1,1,2,2,2,4,4,2,2,3,3,3,3,1,1,2,2,1,2,2,3034,gemini,2024,남성,7
2,2,,,,2,3,3,3,3,2,3,3,2,2,2,2,2,2,2,2,3,3,2,2,2,3,3,3,2,1,2,2,1,2,2,3035,gemini,2024,남성,7
2,2,,,,2,3,3,2,3,2,3,3,2,2,2,2,2,3,2,2,3,3,2,2,3,3,3,3,2,1,1,1,1,2,2,3036,gemini,2024,남성,7
2,1,1.0,4.0,2.0,2,3,3,3,3,2,3,3,2,2,2,2,2,2,2,2,3,3,2,2,2,3,3,3,1,1,2,1,1,2,2,3037,gemini,2024,남성,7
2,2,,,,2,3,3,2,3,2,3,3,2,1,2,2,2,2,2,2,3,3,2,2,3,3,3,3,1,1,2,1,1,2,2,3038,gemini,2024,남성,7
2,2,,,,2,2,3,2,3,2,3,2,2,2,2,1,1,2,2,2,3,3,2,2,3,3,3,3,1,1,2,1,1,2,2,3039,gemini,2024,남성,7
2,2,,,,2,3,3,2,3,2,3,3,2,2,2,2,1,2,2,2,3,3,2,2,2,2,3,3,1,1,2,1,1,2,1,3040,gemini,2024,남성,7
2,1,1.0,4.0,2.0,2,3,3,3,3,2,3,3,2,2,2,2,1,2,2,2,4,4,2,2,3,3,3,3,1,1,2,1,1,2,2,3041,gemini,2024,남성,7
2,2,,,,2,3,3,3,3,2,3,3,2,1,1,1,1,2,2,2,3,3,2,2,3,3,3,3,1,1,2,2,1,2,2,3042,gemini,2024,남성,7
2,2,,,,2,3,3,3,3,2,3,3,2,2,2,2,2,2,2,2,3,3,2,2,2,3,3,3,1,1,2,1,1,2,2,3043,gemini,2024,남성,7
2,2,,,,2,3,3,3,3,2,3,3,2,1,2,2,1,2,2,2,3,3,2,2,2,3,3,3,1,1,2,1,1,2,2,3044,gemini,2024,남성,7
2,2,,,,2,3,3,3,3,2,3,3,2,2,2,2,2,3,2,2,4,3,3,2,3,3,3,3,1,1,2,1,1,2,1,3045,gemini,2024,남성,7
2,2,,,,2,3,3,3,3,2,3,2,2,2,2,2,2,3,2,2,4,4,2,2,3,3,3,3,1,1,2,1,1,2,2,3046,gemini,2024,남성,7
3,1,1.0,4.0,2.0,2,3,3,2,3,2,3,3,2,1,2,2,2,2,2,2,4,4,2,2,3,3,3,3,1,1,2,1,1,2,1,3047,gemini,2024,남성,7
2,2,,,,2,2,3,2,3,2,3,3,2,1,1,1,1,2,2,2,3,3,2,2,2,3,3,3,1,1,2,2,1,2,2,3048,gemini,2024,남성,7
2,2,,,,2,3,3,3,3,2,3,2,2,2,2,2,2,2,2,2,3,3,2,2,2,2,3,3,2,1,2,2,1,2,2,3049,gemini,2024,남성,7
2,2,,,,2,3,3,3,3,2,3,2,2,2,2,2,1,2,2,2,3,3,2,2,2,3,3,2,1,1,2,2,1,2,2,3050,gemini,2024,남성,7
2,2,,,,2,3,3,3,3,2,3,2,2,2,2,2,1,2,2,2,3,3,2,2,2,3,3,3,1,1,2,1,1,2,2,3051,gemini,2024,남성,7
2,2,,,,2,3,3,2,3,2,3,3,2,1,2,2,1,2,2,2,4,4,3,2,2,3,3,3,1,1,2,2,1,2,2,3052,gemini,2024,남성,7
2,2,,,,2,3,3,3,3,2,3,2,2,2,2,2,1,2,2,2,4,3,2,2,2,3,3,3,1,1,1,1,1,2,2,3053,gemini,2024,남성,7
2,2,,,,2,3,3,2,3,2,3,3,2,1,1,2,1,2,2,2,3,3,2,2,2,3,3,3,1,1,2,2,1,2,2,3054,gemini,2024,남성,7
2,1,1.0,4.0,2.0,2,3,3,3,3,2,3,3,2,2,2,2,2,3,2,2,4,4,3,2,3,3,3,3,1,1,1,1,1,2,1,3055,gemini,2024,남성,7
2,1,1.0,4.0,2.0,2,3,3,3,3,2,3,3,2,2,2,2,2,2,2,2,4,4,2,2,3,3,4,4,1,1,2,1,1,2,1,3056,gemini,2024,남성,7
2,2,,,,2,3,3,2,3,2,3,2,2,1,2,1,1,2,2,2,4,4,2,2,3,3,3,3,1,1,2,1,1,2,2,3057,gemini,2024,남성,7
2,2,,,,2,3,3,3,3,2,3,3,2,2,2,2,2,3,2,3,4,4,3,3,3,3,4,3,1,1,2,1,1,2,2,3058,gemini,2024,남성,7
2,1,1.0,4.0,2.0,2,3,3,3,3,2,3,3,2,2,2,2,1,2,2,2,4,3,2,2,3,3,4,3,1,1,2,1,1,2,2,3059,gemini,2024,남성,7
2,2,,,,2,3,3,3,3,2,3,3,2,2,2,2,2,3,2,2,4,4,3,2,3,3,3,3,1,1,2,2,1,2,2,3060,gemini,2024,남성,7
2,2,,,,2,2,3,2,3,2,3,3,2,2,2,2,2,3,2,2,3,3,2,2,2,3,3,3,2,1,2,1,1,2,2,3061,gemini,2024,남성,7
2,1,1.0,4.0,2.0,2,3,3,3,3,2,3,3,2,2,2,2,2,3,2,3,4,4,3,2,3,3,3,3,1,1,1,1,1,2,1,3062,gemini,2024,남성,7
2,2,,,,2,3,3,3,3,2,3,2,2,1,2,1,2,2,2,2,3,3,2,2,3,3,3,3,1,1,2,1,1,2,2,3063,gemini,2024,남성,7
2,2,,,,2,3,3,2,3,2,3,3,2,1,1,1,1,2,2,2,3,3,2,2,2,3,3,3,1,1,2,1,1,2,2,3064,gemini,2024,남성,7
2,2,,,,2,3,3,3,3,2,3,2,2,1,2,1,1,2,2,2,3,3,2,2,2,3,3,3,1,1,2,1,1,2,2,3065,gemini,2024,남성,7
2,2,,,,2,3,3,3,3,2,3,3,2,2,2,2,2,2,2,2,3,3,2,2,3,3,3,3,1,1,1,1,1,2,2,3066,gemini,2024,남성,7
2,2,,,,2,3,3,3,3,2,3,3,2,2,2,2,2,2,2,2,4,4,2,2,3,3,4,3,1,1,2,1,1,2,2,3067,gemini,2024,남성,7
2,2,,,,2,3,3,2,3,2,3,3,2,1,1,1,1,2,2,2,4,3,2,2,3,3,3,3,1,1,2,1,1,2,2,3068,gemini,2024,남성,7
2,2,,,,2,2,3,2,3,2,3,3,2,2,2,2,1,2,2,2,3,3,2,2,2,2,3,3,1,1,2,2,1,2,2,3069,gemini,2024,남성,7
2,2,,,,2,3,3,3,3,2,3,2,2,2,1,1,2,2,2,2,3,3,2,2,2,3,3,3,1,1,1,1,1,2,2,3070,gemini,2024,남성,7
2,2,,,,2,3,3,2,3,2,3,2,2,2,2,2,1,2,2,2,3,3,2,2,2,3,4,3,1,1,2,1,1,2,2,3071,gemini,2024,남성,7
2,2,,,,2,3,3,3,3,2,3,3,2,1,2,1,1,2,2,2,4,4,3,2,2,3,3,3,1,1,2,2,1,2,2,3072,gemini,2024,남성,7
2,2,,,,2,3,3,3,3,2,3,3,2,2,2,2,2,2,2,2,4,3,3,3,3,3,3,3,1,1,2,2,1,2,1,3073,gemini,2024,남성,7
2,2,,,,2,3,3,3,3,2,3,3,2,2,2,2,1,2,2,2,4,4,2,2,3,3,3,3,1,1,1,1,1,2,2,3074,gemini,2024,남성,7
2,1,1.0,4.0,2.0,2,3,3,3,3,2,3,2,2,2,2,2,2,3,2,3,4,4,3,2,3,3,4,4,1,1,1,1,1,2,1,3075,gemini,2024,남성,7
2,2,,,,2,3,3,2,3,2,3,3,2,2,2,2,2,3,2,2,4,3,3,3,2,3,3,3,1,1,1,1,1,2,1,3076,gemini,2024,남성,7
2,2,,,,2,3,3,3,3,2,3,3,2,2,2,2,2,2,2,2,3,3,2,2,3,3,3,3,1,1,2,1,1,2,2,3077,gemini,2024,남성,7
2,2,,,,2,3,3,2,3,2,3,3,2,2,2,2,1,2,2,2,4,3,2,2,2,3,3,3,1,1,1,1,1,2,2,3078,gemini,2024,남성,7
2,2,,,,2,3,3,2,3,2,3,3,2,2,2,2,1,2,2,2,4,3,3,3,3,3,3,3,1,1,2,1,1,2,2,3079,gemini,2024,남성,7
3,1,1.0,4.0,2.0,2,3,3,3,3,2,3,3,2,2,2,2,2,2,2,2,4,4,2,2,3,3,4,4,1,1,1,1,1,2,1,3080,gemini,2024,남성,7
2,1,1.0,4.0,2.0,2,3,3,3,3,2,3,3,2,2,2,2,2,3,2,2,4,4,3,3,3,3,4,3,1,1,1,1,1,2,1,3081,gemini,2024,남성,7
2,2,,,,2,3,3,2,3,2,3,2,2,2,2,2,1,2,2,2,4,3,3,2,3,3,3,3,1,1,1,1,1,2,2,3082,gemini,2024,남성,7
2,2,,,,2,2,3,2,3,2,3,3,2,1,1,1,1,2,2,2,3,3,2,2,2,3,2,3,1,1,2,2,1,2,2,3083,gemini,2024,남성,7
2,1,1.0,4.0,2.0,2,3,3,3,3,2,3,3,2,2,2,2,1,2,2,2,3,3,2,2,2,3,3,3,1,1,2,1,1,2,2,3084,gemini,2024,남성,7
2,1,1.0,4.0,2.0,2,3,3,3,3,2,3,3,2,2,2,2,2,3,2,2,4,4,2,2,3,3,4,3,1,1,1,1,1,2,1,3085,gemini,2024,남성,7
3,1,1.0,4.0,2.0,2,3,3,3,3,2,3,3,2,2,2,2,2,3,2,2,4,4,2,2,3,3,4,3,1,1,2,1,1,2,1,3086,gemini,2024,남성,7
2,2,,,,2,3,3,2,3,2,3,3,2,1,1,2,1,2,2,2,3,3,2,2,2,2,3,3,1,1,2,1,1,2,1,3087,gemini,2024,남성,7
2,2,,,,2,3,3,2,3,2,3,3,2,1,2,2,1,2,2,2,4,4,3,2,3,3,3,3,1,1,2,1,1,2,2,3088,gemini,2024,남성,7
3,1,1.0,4.0,2.0,2,3,3,3,3,2,3,3,2,2,2,2,2,3,3,3,4,4,3,3,3,3,4,3,1,1,2,1,1,2,1,3089,gemini,2024,남성,7
2,2,,,,2,3,3,2,3,2,3,3,2,2,2,2,2,2,2,2,3,3,2,2,3,3,3,3,1,1,2,1,1,2,2,3090,gemini,2024,남성,7
2,2,,,,2,3,3,2,3,2,3,3,2,2,2,2,2,2,2,2,4,4,3,2,3,3,4,3,1,1,1,1,1,2,1,3091,gemini,2024,남성,7
2,2,,,,2,2,2,2,3,2,3,3,1,1,1,1,2,2,2,2,3,3,2,2,3,3,3,3,1,1,1,1,1,2,1,3092,gemini,2024,남성,7
2,2,,,,2,2,3,2,3,2,3,3,2,2,2,2,2,2,2,2,3,3,2,2,2,3,3,3,1,1,2,2,1,2,2,3093,gemini,2024,남성,7
2,2,,,,2,3,3,2,3,2,3,3,2,2,2,2,2,2,2,2,3,3,2,2,3,3,3,3,1,1,2,1,1,2,2,3094,gemini,2024,남성,7
2,2,,,,2,3,3,3,3,2,3,3,2,2,2,2,2,2,2,2,4,3,3,2,3,3,3,3,1,1,1,1,1,2,1,3095,gemini,2024,남성,7
2,1,1.0,4.0,2.0,2,3,3,2,3,2,3,3,2,2,2,2,1,2,2,2,4,3,2,2,2,3,3,3,1,1,2,1,1,2,1,3096,gemini,2024,남성,7
3,1,1.0,4.0,2.0,2,3,3,3,3,2,3,3,2,2,2,2,2,3,2,2,4,4,2,2,3,3,3,3,1,1,2,1,1,2,1,3097,gemini,2024,남성,7
2,2,,,,2,3,3,2,3,2,3,3,2,2,2,2,2,2,2,2,4,4,3,3,3,3,3,3,1,1,2,1,1,2,1,3098,gemini,2024,남성,7
2,2,,,,2,3,3,2,3,2,3,3,2,2,2,2,1,2,2,2,4,4,3,3,3,3,3,3,1,1,2,1,1,2,2,3099,gemini,2024,남성,7
2,2,,,,2,3,3,3,3,2,3,3,2,2,2,2,1,2,2,2,4,4,3,3,3,3,3,3,1,1,2,1,1,2,2,3100,gemini,2024,남성,7
2,2,,,,2,3,3,2,3,2,3,3,1,1,1,1,1,2,2,1,4,4,2,2,3,3,3,3,1,1,2,2,1,2,2,3101,gemini,2024,남성,7
3,1,1.0,4.0,2.0,2,3,3,3,3,2,3,3,2,2,2,2,1,2,2,2,4,3,3,3,2,3,3,3,1,1,2,1,1,2,1,3102,gemini,2024,남성,7
2,2,,,,2,3,3,3,3,2,3,3,2,1,1,1,1,2,2,2,3,3,2,2,2,3,3,3,1,1,2,1,1,2,2,3103,gemini,2024,남성,7
2,2,,,,2,3,3,3,3,2,3,3,2,2,2,2,1,2,2,2,3,3,2,2,3,3,3,3,1,1,2,1,1,2,2,3104,gemini,2024,남성,7
2,2,,,,2,3,3,3,3,2,3,3,2,2,2,2,2,3,2,2,3,3,2,2,2,3,3,3,2,1,2,2,1,2,2,3105,gemini,2024,남성,7
2,1,1.0,4.0,2.0,2,3,3,3,3,2,3,3,2,2,2,2,2,2,2,2,4,4,2,2,3,3,3,3,1,1,2,1,1,2,1,3106,gemini,2024,남성,7
2,2,,,,2,3,3,2,3,2,3,3,2,2,2,2,1,2,2,2,4,4,3,3,3,3,3,3,1,1,2,2,1,2,2,3107,gemini,2024,남성,7
2,2,,,,2,3,3,2,3,2,3,3,2,1,2,2,1,2,2,2,3,3,2,2,3,3,3,3,1,1,2,1,1,2,2,3108,gemini,2024,남성,7
2,2,,,,2,3,3,3,3,2,3,3,2,2,2,2,2,2,2,2,3,3,2,2,2,2,3,3,1,1,2,1,1,2,2,3109,gemini,2024,남성,7
2,1,1.0,4.0,2.0,2,3,3,3,3,2,3,3,2,2,2,2,2,3,2,2,4,4,2,2,3,3,3,3,1,1,2,2,1,2,2,3110,gemini,2024,남성,7
2,2,,,,2,2,3,2,3,2,3,3,2,2,2,2,1,2,2,2,3,3,2,2,2,2,3,3,1,1,1,2,1,2,2,3111,gemini,2024,남성,7
2,2,,,,2,3,3,3,3,2,3,3,2,2,2,2,2,2,2,2,3,3,2,2,2,3,3,3,1,1,2,2,1,2,1,3112,gemini,2024,남성,7
2,2,,,,2,3,3,3,3,2,3,2,2,2,2,2,1,2,2,2,3,3,2,2,3,2,3,3,1,1,2,1,1,2,1,3113,gemini,2024,남성,7
2,1,1.0,4.0,2.0,2,3,3,3,3,2,3,3,2,2,2,2,2,3,3,2,4,4,3,2,3,3,4,3,1,1,1,1,1,2,2,3114,gemini,2024,남성,7
2,2,,,,2,3,3,2,3,2,3,3,2,1,2,1,1,2,2,2,3,3,2,2,2,3,3,3,1,1,2,1,1,2,2,3115,gemini,2024,남성,7
2,1,1.0,4.0,2.0,2,3,3,2,3,2,3,3,2,2,2,2,2,2,2,2,4,4,2,2,3,3,3,3,1,1,2,1,1,2,1,3116,gemini,2024,남성,7
2,2,,,,2,3,3,2,3,2,3,3,2,1,1,1,1,2,2,2,3,3,3,2,2,3,2,3,1,1,2,1,1,2,2,3117,gemini,2024,남성,7
2,2,,,,2,3,3,2,3,2,3,3,2,1,2,1,1,2,2,2,3,3,2,2,3,3,3,3,1,1,2,2,1,2,2,3118,gemini,2024,남성,7
2,2,,,,1,2,2,2,3,2,3,2,1,1,1,1,1,2,1,1,3,3,2,2,2,3,3,3,1,1,2,2,1,2,2,3119,gemini,2024,남성,7
2,1,1.0,4.0,2.0,2,3,3,3,3,2,3,3,2,2,2,2,1,2,2,2,4,4,3,2,3,3,3,3,1,1,1,1,1,2,1,3120,gemini,2024,남성,7
2,2,,,,2,3,3,3,3,2,3,3,2,2,2,2,2,2,2,2,4,4,3,2,3,3,3,3,1,1,2,2,1,2,2,3121,gemini,2024,남성,7
2,1,1.0,4.0,2.0,2,3,3,3,3,2,3,2,2,2,2,2,1,2,2,2,4,3,2,2,2,3,3,3,1,1,2,2,1,2,2,3122,gemini,2024,남성,7
2,1,1.0,4.0,2.0,2,3,3,2,3,2,3,3,2,2,2,2,2,3,3,2,4,4,3,3,3,3,3,3,1,1,1,1,1,2,2,3123,gemini,2024,남성,7
2,1,1.0,4.0,2.0,2,3,3,3,3,2,3,3,2,2,2,2,2,2,2,2,4,4,3,3,3,3,3,3,1,1,2,1,1,2,2,3124,gemini,2024,남성,7
2,2,,,,2,3,3,3,3,2,3,3,2,2,2,2,2,3,2,2,4,4,3,3,3,3,3,3,1,1,2,1,1,2,2,3125,gemini,2024,남성,7
2,2,,,,2,3,3,2,3,2,3,2,1,1,1,1,1,2,2,2,3,3,2,2,2,3,3,3,1,1,2,1,1,2,2,3126,gemini,2024,남성,7
2,1,1.0,4.0,2.0,2,3,3,2,3,2,3,3,2,2,2,2,2,3,2,2,4,4,2,2,3,3,3,3,1,1,2,1,1,2,2,3127,gemini,2024,남성,7
2,2,,,,2,3,3,3,3,2,3,3,2,2,2,2,1,2,2,2,3,3,2,2,2,3,3,3,1,1,2,2,1,2,2,3128,gemini,2024,남성,7
2,1,1.0,4.0,2.0,2,3,3,3,3,2,3,3,2,2,2,2,2,2,2,2,3,3,2,2,2,2,3,3,1,1,2,1,1,2,2,3129,gemini,2024,남성,7
2,2,,,,2,3,3,2,3,2,3,3,2,2,2,2,2,2,2,2,4,3,3,2,3,3,3,3,1,1,2,1,1,2,2,3130,gemini,2024,남성,7
2,2,,,,2,2,3,2,3,2,3,3,2,1,1,1,2,2,2,2,3,3,2,2,2,3,3,3,1,1,2,1,1,2,2,3131,gemini,2024,남성,7
2,1,1.0,4.0,2.0,2,3,3,3,3,2,3,2,2,2,2,2,1,2,2,2,3,3,2,2,2,3,3,3,1,1,2,1,1,2,2,3132,gemini,2024,남성,7
2,2,,,,2,3,3,2,3,2,3,2,1,1,1,1,1,2,2,2,3,3,2,2,2,3,3,3,1,1,2,2,1,2,2,3133,gemini,2024,남성,7
2,2,,,,2,3,3,2,3,2,3,3,2,2,2,2,2,3,2,2,4,3,2,2,2,3,3,3,1,1,2,2,1,2,1,3134,gemini,2024,남성,7
2,2,,,,2,3,3,2,3,2,3,3,2,2,2,2,1,2,2,2,4,4,3,3,3,3,3,3,1,1,2,1,1,2,2,3135,gemini,2024,남성,7
2,2,,,,2,3,3,2,3,2,3,3,2,2,2,2,2,3,2,3,4,4,3,3,3,3,4,3,1,1,2,1,1,2,1,3136,gemini,2024,남성,7
2,2,,,,2,3,3,2,3,2,3,2,2,1,2,1,1,2,2,2,3,3,2,2,2,3,3,3,1,1,2,1,1,2,2,3137,gemini,2024,남성,7
2,2,,,,2,3,3,2,3,2,3,3,2,2,2,2,1,2,2,2,4,3,2,2,3,3,3,3,1,1,2,1,1,2,1,3138,gemini,2024,남성,7
2,2,,,,2,3,3,3,3,2,3,3,2,2,2,2,2,2,2,2,3,3,2,2,3,3,3,3,1,1,2,1,1,2,2,3139,gemini,2024,남성,7
3,1,1.0,4.0,2.0,2,3,3,3,3,2,3,3,2,2,2,2,2,2,2,2,4,4,2,2,3,3,4,3,1,1,2,1,1,2,1,3140,gemini,2024,남성,7
2,2,,,,2,3,3,2,3,2,3,3,2,1,2,2,1,2,2,2,3,3,2,2,2,3,3,3,1,1,2,2,1,2,2,3141,gemini,2024,남성,7
2,1,1.0,4.0,2.0,2,3,3,2,3,2,3,3,2,2,2,2,2,3,3,2,4,3,3,3,3,3,4,4,1,1,2,1,1,2,1,3142,gemini,2024,남성,7
2,2,,,,2,3,3,2,3,2,3,3,2,2,2,2,1,2,2,2,4,4,3,2,2,3,3,3,1,1,2,1,1,2,2,3143,gemini,2024,남성,7
2,2,,,,2,3,3,3,3,2,3,3,2,2,2,2,2,3,3,3,4,4,2,2,3,3,3,3,1,1,1,1,1,2,1,3144,gemini,2024,남성,7
2,2,,,,2,3,3,3,3,2,3,3,2,2,2,2,1,2,2,2,4,3,2,2,2,3,3,3,2,1,2,2,1,2,2,3145,gemini,2024,남성,7
2,2,,,,2,3,3,3,3,2,3,3,2,2,2,2,1,2,2,2,4,3,2,2,3,3,3,3,1,1,2,2,1,2,2,3146,gemini,2024,남성,7
2,1,1.0,4.0,2.0,2,3,3,2,3,2,3,3,2,2,2,2,2,3,2,2,4,4,3,3,3,3,3,3,1,1,2,1,1,2,2,3147,gemini,2024,남성,7
3,1,1.0,4.0,2.0,2,3,3,3,3,2,3,3,2,2,2,2,2,2,2,2,4,4,3,3,2,3,3,3,1,1,1,1,1,2,1,3148,gemini,2024,남성,7
2,2,,,,2,3,3,3,3,2,3,2,2,2,2,2,1,3,2,3,3,3,2,2,3,3,4,3,1,1,2,1,1,2,1,3149,gemini,2024,남성,7
3,1,1.0,4.0,2.0,2,3,3,3,3,2,3,3,2,2,2,2,1,2,2,2,4,4,2,2,3,3,3,3,1,1,2,1,1,2,1,3150,gemini,2024,남성,7
2,2,,,,2,3,3,2,3,2,3,3,2,2,2,2,2,2,2,2,3,3,2,2,3,3,3,3,1,1,2,2,1,2,1,3151,gemini,2024,남성,7
2,1,1.0,4.0,2.0,2,3,3,3,3,2,3,3,2,2,2,2,2,2,2,2,4,4,3,3,3,3,3,3,1,1,2,1,1,2,2,3152,gemini,2024,남성,7
3,1,1.0,4.0,2.0,2,3,3,3,3,3,3,3,2,2,2,2,2,3,3,3,4,4,3,3,3,3,3,3,1,1,1,1,1,2,1,3153,gemini,2024,남성,7
2,2,,,,2,3,3,2,3,2,3,3,2,2,2,2,2,2,2,2,3,3,2,2,3,3,3,3,1,1,2,2,1,2,1,3154,gemini,2024,남성,7
3,1,1.0,4.0,2.0,2,3,3,2,3,2,3,3,2,2,2,2,2,2,2,2,4,3,2,2,2,3,3,3,1,1,2,1,1,2,1,3155,gemini,2024,남성,7
2,2,,,,2,3,3,3,3,2,3,3,2,1,2,1,1,2,2,2,3,3,2,2,2,3,3,3,1,1,2,2,1,2,2,3156,gemini,2024,남성,7
2,2,,,,2,3,3,2,3,2,3,2,1,1,1,1,1,2,2,2,3,3,2,2,2,3,3,3,2,1,2,2,1,2,2,3157,gemini,2024,남성,7
2,1,1.0,4.0,2.0,2,3,3,3,3,2,3,3,2,2,2,2,2,3,2,2,4,3,3,2,2,3,3,3,1,1,2,1,1,2,2,3158,gemini,2024,남성,7
2,2,,,,2,3,3,2,3,2,3,3,2,2,2,2,2,3,2,2,3,3,2,2,2,3,3,3,1,1,1,1,1,2,2,3159,gemini,2024,남성,7
2,1,1.0,4.0,2.0,2,3,3,3,3,2,3,3,2,2,2,2,1,2,2,2,4,4,2,2,3,3,3,3,1,1,2,2,1,2,2,3160,gemini,2024,남성,7
2,2,,,,2,2,3,2,3,2,3,3,2,1,1,2,1,2,2,2,3,3,2,2,2,3,3,3,1,1,2,2,1,2,2,3161,gemini,2024,남성,7
2,2,,,,2,3,3,2,3,2,3,3,2,1,2,1,1,2,2,2,3,3,2,2,2,3,3,3,1,1,2,1,1,2,2,3162,gemini,2024,남성,7
2,1,1.0,4.0,2.0,2,3,3,3,3,2,3,3,2,2,2,2,2,3,2,2,4,4,3,3,3,3,3,4,1,1,2,1,1,2,1,3163,gemini,2024,남성,7
2,2,,,,2,2,3,2,3,2,3,3,2,1,2,1,1,2,2,2,3,3,2,2,3,3,3,3,1,1,2,1,1,2,2,3164,gemini,2024,남성,7
2,2,,,,2,3,3,2,3,2,3,3,2,1,2,1,1,2,2,2,4,3,3,2,2,3,3,3,1,1,2,2,1,2,2,3165,gemini,2024,남성,7
2,2,,,,2,3,3,3,3,2,3,2,2,2,2,2,2,3,2,2,4,4,2,2,3,3,3,3,1,1,2,2,1,2,2,3166,gemini,2024,남성,7
2,1,1.0,4.0,2.0,2,3,3,3,3,2,3,3,2,2,2,2,1,2,2,2,4,3,2,2,2,3,4,3,1,1,1,2,1,2,2,3167,gemini,2024,남성,7
2,1,1.0,4.0,2.0,2,3,3,3,3,2,3,3,2,2,2,2,2,3,2,2,4,4,3,3,2,3,3,3,1,1,2,1,1,2,2,3168,gemini,2024,남성,7
2,2,,,,2,2,3,2,3,2,3,2,2,2,2,2,1,2,2,2,3,3,2,2,2,3,3,3,1,1,2,2,1,2,2,3169,gemini,2024,남성,7
2,2,,,,2,3,3,2,3,2,3,2,2,2,2,2,1,2,2,2,4,3,2,2,2,3,3,3,1,1,2,1,1,2,2,3170,gemini,2024,남성,7
2,2,,,,2,3,3,3,3,2,3,3,2,1,2,2,2,3,2,2,4,4,3,2,3,3,3,3,1,1,2,1,1,2,2,3171,gemini,2024,남성,7
2,1,1.0,4.0,2.0,2,2,3,2,3,2,3,3,2,2,2,2,1,2,2,2,4,3,2,2,2,3,3,3,1,1,1,1,1,2,1,3172,gemini,2024,남성,7
2,2,,,,2,3,3,3,3,2,3,3,2,2,2,2,2,2,2,2,4,3,2,2,2,3,3,3,1,1,2,1,1,2,1,3173,gemini,2024,남성,7
2,2,,,,2,3,3,2,3,2,3,3,2,1,1,2,1,2,2,2,3,3,2,2,2,3,3,3,1,1,2,1,1,2,2,3174,gemini,2024,남성,7
2,2,,,,2,3,3,2,3,2,3,3,2,1,2,1,1,2,2,2,3,3,2,2,3,3,3,3,1,1,2,2,1,2,2,3175,gemini,2024,남성,7
2,2,,,,2,3,3,3,3,2,3,3,2,2,2,2,1,2,2,2,3,3,2,2,3,3,3,3,1,1,2,2,1,2,2,3176,gemini,2024,남성,7
2,2,,,,2,3,3,3,3,2,3,3,2,2,2,2,2,2,2,2,4,3,2,2,2,3,3,3,1,1,2,2,1,2,2,3177,gemini,2024,남성,7
2,2,,,,2,2,3,2,3,2,3,3,2,1,1,1,1,2,2,2,3,3,2,2,2,3,3,3,1,1,2,1,1,2,2,3178,gemini,2024,남성,7
2,2,,,,1,2,2,2,3,2,3,2,1,1,1,1,1,2,2,1,3,3,2,2,2,3,3,3,1,1,2,2,1,2,2,3179,gemini,2024,남성,7
2,2,,,,2,3,3,3,3,2,3,3,2,2,2,2,2,3,2,2,4,4,2,2,3,3,4,4,1,1,1,1,1,2,1,3180,gemini,2024,남성,7
3,1,1.0,4.0,2.0,2,3,3,3,3,2,3,3,2,2,2,2,2,3,2,2,4,4,3,3,3,3,3,4,1,1,2,2,1,2,2,3181,gemini,2024,남성,7
2,2,,,,2,3,3,3,3,2,3,3,2,2,2,2,2,2,2,2,3,3,2,2,2,3,3,3,1,1,1,1,1,2,1,3182,gemini,2024,남성,7
3,1,1.0,4.0,2.0,2,3,3,3,4,3,4,3,2,2,2,2,2,3,2,2,4,4,3,3,2,3,3,3,1,1,2,1,1,2,1,3183,gemini,2024,남성,7
2,2,,,,2,3,3,2,3,2,3,3,2,2,2,2,2,2,2,2,3,3,2,2,3,3,3,3,1,1,2,1,1,2,2,3184,gemini,2024,남성,7
2,2,,,,2,3,3,2,3,2,3,3,2,1,2,2,2,2,2,2,3,3,2,2,2,3,3,3,1,1,1,1,1,2,2,3185,gemini,2024,남성,7
2,1,1.0,4.0,2.0,2,3,3,3,3,2,3,3,2,2,2,2,2,2,2,2,4,4,3,2,3,3,4,4,1,1,2,1,1,2,1,3186,gemini,2024,남성,7
2,2,,,,2,3,3,3,3,2,3,2,2,1,2,1,1,2,2,2,3,3,2,2,2,3,3,3,1,1,2,1,1,2,2,3187,gemini,2024,남성,7
2,2,,,,2,3,3,3,3,2,3,3,2,2,2,2,2,3,2,2,4,4,2,2,3,3,3,3,1,1,2,1,1,2,1,3188,gemini,2024,남성,7
2,1,1.0,4.0,2.0,2,3,3,2,3,2,3,3,2,2,2,2,2,3,2,2,4,3,2,2,3,3,3,3,1,1,2,2,1,2,2,3189,gemini,2024,남성,7
2,2,,,,2,3,3,3,3,2,3,3,2,1,1,1,1,2,2,2,4,3,2,2,2,3,3,3,1,1,2,1,1,2,2,3190,gemini,2024,남성,7
2,2,,,,2,3,3,3,3,2,3,3,2,2,2,2,2,2,2,2,3,3,2,2,3,3,3,3,1,1,2,1,1,2,2,3191,gemini,2024,남성,7
2,1,1.0,4.0,2.0,2,3,3,3,3,2,3,3,2,2,2,2,2,2,2,2,4,4,3,3,3,3,4,3,1,1,2,1,1,2,2,3192,gemini,2024,남성,7
2,2,,,,2,3,2,2,3,2,3,3,2,2,2,2,2,2,2,2,4,3,2,2,3,3,3,3,1,1,1,1,1,2,1,3193,gemini,2024,남성,7
2,2,,,,2,3,3,2,3,2,3,3,2,2,2,2,2,2,2,2,3,3,2,2,3,3,3,3,1,1,2,1,1,2,2,3194,gemini,2024,남성,7
2,2,,,,2,3,3,3,3,2,3,3,2,2,2,2,1,2,2,2,4,4,3,2,3,3,3,3,1,1,2,1,1,2,2,3195,gemini,2024,남성,7
2,2,,,,2,3,3,2,3,2,3,3,2,1,2,1,1,2,2,2,3,3,2,2,3,3,3,3,1,1,2,2,1,2,2,3196,gemini,2024,남성,7
2,1,1.0,4.0,2.0,2,3,3,3,3,2,3,3,2,2,2,2,2,2,2,2,3,3,2,2,3,3,3,3,1,1,2,1,1,2,1,3197,gemini,2024,남성,7
2,1,1.0,4.0,2.0,2,3,3,2,3,2,3,3,2,2,2,2,2,3,2,2,4,3,2,2,3,3,3,3,1,1,2,1,1,2,2,3198,gemini,2024,남성,7
2,2,,,,2,3,3,3,3,2,3,3,2,2,2,2,2,3,2,2,4,4,2,2,3,3,4,3,1,1,2,1,1,2,1,3199,gemini,2024,남성,7
2,2,,,,2,3,3,3,3,2,3,2,2,1,2,1,1,2,2,2,3,3,2,2,2,3,3,3,1,1,2,1,1,2,2,3200,gemini,2024,남성,7
2,2,,,,2,2,3,2,3,2,3,3,2,1,2,2,1,2,2,2,3,3,2,2,2,3,3,3,1,1,2,2,1,2,2,3201,gemini,2024,남성,7
3,1,1.0,4.0,2.0,2,3,3,3,3,2,3,3,2,2,2,2,2,2,2,2,4,4,3,3,3,3,3,3,1,1,1,1,1,2,1,3202,gemini,2024,남성,7
2,2,,,,2,3,3,3,3,2,3,3,2,2,2,2,2,2,2,2,4,4,3,3,3,3,3,3,1,1,1,1,1,2,1,3203,gemini,2024,남성,7
2,2,,,,2,3,3,3,3,2,3,3,2,2,2,2,2,2,2,2,3,3,2,2,3,3,3,3,1,1,1,1,1,2,1,3204,gemini,2024,남성,7
2,2,,,,2,3,3,3,3,2,3,2,2,1,2,2,1,2,2,2,3,3,2,2,2,2,3,3,1,1,2,1,1,2,1,3205,gemini,2024,남성,7
2,2,,,,2,3,3,3,3,2,3,3,2,2,2,2,2,3,2,2,4,3,3,3,2,3,3,3,1,1,2,1,1,2,1,3206,gemini,2024,남성,7
2,2,,,,2,3,3,3,3,2,3,3,2,2,2,2,1,2,2,2,4,4,3,3,2,3,3,3,2,1,2,2,1,2,2,3207,gemini,2024,남성,7
2,2,,,,2,2,3,2,3,2,3,3,2,1,2,2,1,2,2,2,3,3,2,2,3,3,3,3,1,1,2,1,1,2,2,3208,gemini,2024,남성,7
2,2,,,,2,3,3,3,3,2,3,3,2,2,2,2,2,2,2,2,4,4,3,2,3,3,3,3,1,1,2,2,1,2,2,3209,gemini,2024,남성,7
2,2,,,,2,3,3,2,3,2,3,3,2,2,2,2,1,2,2,2,3,3,2,2,3,3,3,3,1,1,2,2,1,2,2,3210,gemini,2024,남성,7
2,2,,,,2,3,3,3,4,3,4,3,2,2,2,2,2,3,3,2,4,4,3,2,3,3,4,4,1,1,2,1,1,2,1,3211,gemini,2024,남성,7
2,2,,,,2,3,3,2,3,2,3,3,2,1,1,1,1,2,2,2,3,3,2,2,2,3,3,3,1,1,2,2,1,2,2,3212,gemini,2024,남성,7
2,1,1.0,4.0,2.0,2,3,3,3,3,2,3,3,2,2,2,2,2,2,2,2,4,3,2,2,2,3,3,3,1,1,1,1,1,2,1,3213,gemini,2024,남성,7
2,2,,,,2,3,3,3,3,2,3,3,2,2,2,2,2,2,2,2,3,3,2,2,2,2,3,3,1,1,2,2,1,2,2,3214,gemini,2024,남성,7
2,2,,,,2,3,3,2,3,2,3,3,2,2,2,2,1,2,2,2,3,3,2,2,3,3,3,3,1,1,2,1,1,2,2,3215,gemini,2024,남성,7
2,2,,,,2,3,3,2,3,2,3,3,2,2,2,2,1,2,2,2,3,3,2,2,2,3,3,3,1,1,2,2,1,2,2,3216,gemini,2024,남성,7
2,2,,,,2,3,3,3,3,2,3,3,2,2,2,2,1,2,2,2,4,4,3,3,3,3,3,3,1,1,2,1,1,2,2,3217,gemini,2024,남성,7
2,2,,,,2,3,3,2,3,2,3,3,2,1,2,1,1,2,2,2,4,4,3,2,3,3,3,3,1,1,2,1,1,2,2,3218,gemini,2024,남성,7
2,2,,,,2,3,3,3,3,2,3,3,2,1,1,1,1,2,2,2,3,3,2,2,2,3,3,3,1,1,2,2,1,2,2,3219,gemini,2024,남성,7
2,2,,,,2,3,3,3,3,2,3,3,2,2,2,2,2,2,2,2,4,4,2,2,3,3,3,3,1,1,2,1,1,2,2,3220,gemini,2024,남성,7
3,1,1.0,4.0,2.0,2,3,3,3,3,2,3,3,2,2,2,2,2,2,2,2,4,3,3,2,3,3,3,3,1,1,2,2,1,2,2,3221,gemini,2024,남성,7
2,2,,,,2,3,3,2,3,2,3,3,2,1,1,1,1,2,2,2,4,3,2,2,2,3,3,3,1,1,2,2,1,2,2,3222,gemini,2024,남성,7
2,2,,,,2,3,3,3,3,2,3,2,2,1,2,1,1,2,2,2,3,3,2,2,2,3,3,3,1,1,2,2,1,2,2,3223,gemini,2024,남성,7
3,1,1.0,4.0,2.0,2,3,3,3,3,2,3,3,2,2,2,2,2,3,2,2,4,4,3,2,2,3,3,3,1,1,2,1,1,2,1,3224,gemini,2024,남성,7
3,1,1.0,4.0,2.0,2,3,3,2,3,2,3,3,2,2,2,2,1,2,2,2,4,3,2,2,3,3,3,3,1,1,2,1,1,2,1,3225,gemini,2024,남성,7
2,2,,,,2,2,3,2,3,2,3,3,2,2,2,2,1,2,2,2,3,3,2,2,2,3,3,3,2,1,2,1,1,2,2,3226,gemini,2024,남성,7
2,2,,,,2,3,3,2,3,2,3,3,2,2,2,2,1,2,2,2,4,4,2,2,3,3,3,3,1,1,2,1,1,2,2,3227,gemini,2024,남성,7
2,2,,,,1,2,2,2,3,2,3,2,2,1,1,1,1,2,2,1,3,3,2,2,2,3,2,2,1,1,2,2,1,2,2,3228,gemini,2024,남성,7
2,2,,,,2,3,3,3,3,2,3,3,2,2,2,2,1,3,2,2,4,4,2,2,3,3,4,3,1,1,2,1,1,2,2,3229,gemini,2024,남성,7
2,2,,,,2,2,3,2,3,2,3,3,2,1,2,1,1,2,2,2,3,3,2,2,3,3,3,3,1,1,2,1,1,2,2,3230,gemini,2024,남성,7
3,1,1.0,4.0,2.0,2,3,3,2,3,2,3,3,2,2,2,2,2,2,2,2,3,3,2,2,3,3,4,3,1,1,1,1,1,2,2,3231,gemini,2024,남성,7
2,2,,,,2,3,3,2,3,2,3,3,2,1,2,2,1,2,2,2,3,3,2,2,3,3,3,3,2,1,2,2,1,2,2,3232,gemini,2024,남성,7
2,2,,,,2,3,3,3,3,2,3,3,2,1,2,1,1,2,2,2,3,3,2,2,3,3,3,3,1,1,2,1,1,2,2,3233,gemini,2024,남성,7
2,2,,,,2,3,3,3,3,2,3,3,2,2,2,2,1,2,2,2,4,4,3,3,3,3,3,3,1,1,2,1,1,2,2,3234,gemini,2024,남성,7
2,2,,,,2,2,3,2,3,2,3,3,2,2,2,2,2,2,2,2,4,3,3,2,2,3,3,3,1,1,2,1,1,2,2,3235,gemini,2024,남성,7
2,2,,,,2,3,3,2,3,2,3,3,2,2,2,2,1,2,2,2,4,4,3,2,3,3,3,3,1,1,2,2,1,2,2,3236,gemini,2024,남성,7
2,2,,,,2,3,3,2,3,2,3,3,2,2,2,2,1,2,2,2,4,3,2,2,2,3,3,3,1,1,2,1,1,2,2,3237,gemini,2024,남성,7
2,2,,,,2,3,3,2,3,2,3,3,1,1,1,1,1,2,2,2,3,3,2,2,3,3,3,3,1,1,2,1,1,2,2,3238,gemini,2024,남성,7
2,2,,,,2,3,3,2,3,2,3,3,2,2,2,2,2,2,2,2,4,4,3,2,3,3,3,3,1,1,2,1,1,2,1,3239,gemini,2024,남성,7
2,2,,,,2,3,3,2,3,2,3,3,2,2,2,2,1,2,2,2,3,3,2,2,3,3,3,3,1,1,1,1,1,2,1,3240,gemini,2024,남성,7
2,2,,,,2,3,3,2,3,2,3,2,2,2,2,2,2,2,2,2,4,3,2,2,2,3,3,3,1,1,2,1,1,2,1,3241,gemini,2024,남성,7
2,2,,,,2,3,3,3,3,2,3,3,2,2,2,2,2,3,2,2,3,3,2,2,3,3,3,3,1,1,2,1,1,2,2,3242,gemini,2024,남성,7
3,1,1.0,4.0,2.0,2,3,3,3,4,3,4,3,2,2,2,2,2,3,2,2,4,4,3,3,3,3,4,3,1,1,1,1,1,2,1,3243,gemini,2024,남성,7
2,2,,,,2,3,3,2,3,2,3,2,2,2,2,2,2,3,2,2,4,3,2,2,3,3,3,3,2,1,2,1,1,2,2,3244,gemini,2024,남성,7
2,2,,,,2,3,3,3,3,2,3,3,2,2,2,2,2,3,2,2,4,4,3,3,3,3,3,3,1,1,1,1,1,2,2,3245,gemini,2024,남성,7
2,2,,,,2,3,3,2,3,2,3,3,2,2,2,2,2,2,2,2,3,3,2,2,3,3,3,3,1,1,1,1,1,2,1,3246,gemini,2024,남성,7
3,1,1.0,4.0,2.0,2,3,3,3,3,2,3,3,2,2,2,2,2,3,2,2,4,3,3,3,3,3,3,3,1,1,2,1,1,2,1,3247,gemini,2024,남성,7
2,2,,,,2,3,3,2,3,2,3,3,2,2,2,2,1,2,2,2,3,3,2,2,3,2,3,3,2,1,2,2,1,2,2,3248,gemini,2024,남성,7
2,2,,,,2,3,3,2,3,2,3,3,2,2,2,2,1,2,2,2,3,3,2,2,2,3,3,3,1,1,2,1,1,2,1,3249,gemini,2024,남성,7
3,1,1.0,4.0,2.0,2,3,3,3,3,2,3,3,2,2,2,2,2,3,2,2,4,4,3,3,3,3,3,3,1,1,1,1,1,2,1,3250,gemini,2024,남성,7
2,2,,,,2,3,3,3,3,2,3,3,2,2,2,2,2,3,2,2,4,4,3,3,3,3,3,3,1,1,1,1,1,2,2,3251,gemini,2024,남성,7
3,1,1.0,4.0,2.0,2,2,3,2,3,2,3,3,2,2,2,2,1,2,2,2,3,3,2,2,2,3,3,3,1,1,2,1,1,2,2,3252,gemini,2024,남성,7
2,1,1.0,4.0,2.0,2,3,3,3,4,3,4,3,2,2,2,2,2,3,2,2,4,4,3,3,2,3,3,3,1,1,2,2,1,2,2,3253,gemini,2024,남성,7
2,1,1.0,4.0,2.0,2,3,3,3,3,2,3,2,2,2,2,2,2,3,2,2,4,3,2,2,3,3,3,3,1,1,2,1,1,2,1,3254,gemini,2024,남성,7
2,2,,,,2,3,3,3,3,2,3,3,2,2,2,2,1,2,2,2,4,4,3,2,3,3,3,3,1,1,2,1,1,2,2,3255,gemini,2024,남성,7
3,1,1.0,4.0,2.0,2,3,3,3,3,2,3,3,2,2,2,2,2,3,2,3,4,4,3,3,3,3,4,4,1,1,1,1,1,2,1,3256,gemini,2024,남성,7
2,2,,,,1,2,2,2,3,2,3,2,1,1,1,1,1,2,1,1,3,3,2,2,2,3,2,2,1,1,2,2,1,2,2,3257,gemini,2024,남성,7
3,1,1.0,4.0,2.0,2,3,3,3,3,2,3,3,2,2,2,2,2,2,2,2,3,3,2,2,2,3,3,3,1,1,1,1,1,2,1,3258,gemini,2024,남성,7
2,2,,,,2,3,3,2,3,2,3,3,2,1,2,2,1,2,2,2,3,3,2,2,3,3,3,3,1,1,2,2,1,2,2,3259,gemini,2024,남성,7
2,2,,,,2,3,3,3,3,2,3,3,2,2,2,2,1,2,2,2,4,4,2,2,3,3,3,3,2,1,2,2,1,2,2,3260,gemini,2024,남성,7
3,1,1.0,4.0,2.0,2,3,3,3,3,3,3,3,2,2,2,2,2,3,3,2,4,4,3,3,3,3,3,3,1,1,2,1,1,2,1,3261,gemini,2024,남성,7
2,1,1.0,4.0,2.0,2,3,3,3,3,2,3,2,2,2,2,2,2,2,2,2,3,3,2,2,2,3,3,3,1,1,2,1,1,2,2,3262,gemini,2024,남성,7
2,1,1.0,4.0,2.0,2,3,3,3,3,2,3,3,2,2,2,2,2,2,2,2,4,4,2,2,3,3,3,3,1,1,1,1,1,2,1,3263,gemini,2024,남성,7
3,1,1.0,4.0,2.0,2,3,3,3,3,2,3,3,2,2,2,2,2,3,2,2,4,4,3,3,3,3,3,3,1,1,2,2,1,2,1,3264,gemini,2024,남성,7
2,2,,,,2,3,3,3,3,2,3,3,2,2,2,2,1,2,2,2,4,4,3,3,3,3,3,3,1,1,2,2,1,2,2,3265,gemini,2024,남성,7
2,2,,,,2,3,3,2,3,2,3,2,2,2,2,2,1,2,2,2,3,3,2,2,3,3,3,3,1,1,2,1,1,2,1,3266,gemini,2024,남성,7
2,1,1.0,4.0,2.0,2,3,3,3,3,3,3,3,3,2,2,2,2,3,2,2,4,4,3,3,3,3,3,4,1,1,2,1,1,2,2,3267,gemini,2024,남성,7
2,2,,,,2,3,3,2,3,2,3,3,2,1,1,2,1,2,2,2,3,3,2,2,2,3,3,3,1,1,2,2,1,2,2,3268,gemini,2024,남성,7
2,2,,,,2,2,3,2,3,2,3,3,2,2,2,2,2,2,2,2,3,3,2,2,3,3,3,3,1,1,1,2,1,2,2,3269,gemini,2024,남성,7
2,2,,,,2,3,3,3,3,2,3,3,2,2,2,2,2,3,3,2,4,4,3,2,3,3,3,3,1,1,2,1,1,2,1,3270,gemini,2024,남성,7
2,1,1.0,4.0,2.0,2,3,3,2,3,2,3,3,2,2,2,2,1,2,2,2,4,3,2,2,2,3,3,3,1,1,1,1,1,2,1,3271,gemini,2024,남성,7
2,1,1.0,4.0,2.0,2,3,3,3,3,3,3,3,2,2,2,2,2,3,3,2,4,4,3,3,3,3,4,4,1,1,2,1,1,2,1,3272,gemini,2024,남성,7
2,2,,,,2,3,3,2,3,2,3,2,2,1,2,1,1,2,2,2,3,3,2,2,2,3,3,3,1,1,2,2,1,2,2,3273,gemini,2024,남성,7
2,2,,,,2,3,3,3,3,2,3,3,2,1,1,1,1,2,2,2,3,3,2,2,3,3,3,3,1,1,2,1,1,2,2,3274,gemini,2024,남성,7
2,1,1.0,4.0,2.0,2,3,3,2,3,2,3,3,2,2,2,2,1,2,2,2,4,3,2,2,3,3,3,3,1,1,1,1,1,2,1,3275,gemini,2024,남성,7
2,1,1.0,4.0,2.0,2,2,3,2,3,2,3,3,2,2,2,2,1,2,2,2,3,3,2,2,2,3,3,3,1,1,2,2,1,2,2,3276,gemini,2024,남성,7
2,1,1.0,4.0,2.0,2,3,3,2,3,2,3,3,2,2,2,2,2,3,3,2,4,4,3,3,3,3,4,3,1,1,1,1,1,2,1,3277,gemini,2024,남성,7
2,1,1.0,4.0,2.0,2,3,3,3,3,2,3,2,2,2,2,2,2,2,2,2,3,3,2,2,2,3,3,3,1,1,2,1,1,2,2,3278,gemini,2024,남성,7
2,1,1.0,4.0,2.0,2,3,3,3,3,2,3,3,2,2,2,2,1,2,2,2,4,4,2,2,3,3,4,3,1,1,2,1,1,2,1,3279,gemini,2024,남성,7
2,2,,,,2,3,3,2,3,2,3,3,2,2,2,2,1,2,2,2,4,4,3,2,2,3,3,3,1,1,2,2,1,2,2,3280,gemini,2024,남성,7
2,1,1.0,4.0,2.0,2,3,3,3,3,2,3,3,2,2,2,2,1,2,2,2,4,4,2,2,3,3,3,3,1,1,2,2,1,2,1,3281,gemini,2024,남성,7
2,2,,,,2,2,3,2,3,2,3,3,2,1,2,2,1,2,2,2,3,3,2,2,3,3,3,3,1,1,2,2,1,2,2,3282,gemini,2024,남성,7
2,2,,,,2,2,3,2,3,2,3,2,2,1,2,1,1,2,2,2,3,3,2,2,2,3,3,3,1,1,2,2,1,2,2,3283,gemini,2024,남성,7
2,2,,,,2,3,3,2,3,2,3,3,2,1,1,2,1,2,2,2,3,3,2,2,2,3,2,3,1,1,2,2,1,2,2,3284,gemini,2024,남성,7
2,2,,,,2,3,3,2,3,2,3,3,2,1,1,1,1,2,2,2,4,3,2,2,2,3,3,3,1,1,2,1,1,2,2,3285,gemini,2024,남성,7
2,2,,,,2,3,3,3,3,2,3,3,2,2,2,2,2,2,2,2,3,3,2,2,3,3,3,3,1,1,1,1,1,2,2,3286,gemini,2024,남성,7
2,2,,,,2,2,3,2,3,2,3,3,2,2,2,2,2,2,2,2,4,3,2,2,3,3,3,3,1,1,1,1,1,2,1,3287,gemini,2024,남성,7
2,2,,,,2,3,3,2,3,2,3,3,2,2,2,2,1,2,2,2,3,3,2,2,2,3,3,3,1,1,2,2,1,2,2,3288,gemini,2024,남성,7
2,2,,,,2,3,3,2,3,2,3,3,2,1,1,1,1,2,2,2,3,3,2,2,2,3,3,3,1,1,2,2,1,2,2,3289,gemini,2024,남성,7
3,1,1.0,4.0,2.0,2,3,3,3,3,2,3,3,2,2,2,2,1,2,2,2,4,4,3,3,2,3,3,3,1,1,2,1,1,2,1,3290,gemini,2024,남성,7
2,2,,,,2,3,3,3,3,2,3,2,2,2,2,2,1,2,2,2,4,4,2,2,3,3,3,3,1,1,2,1,1,2,1,3291,gemini,2024,남성,7
2,2,,,,2,2,3,2,3,2,3,3,2,1,2,2,1,2,2,2,3,3,2,2,2,3,3,3,1,1,2,1,1,2,2,3292,gemini,2024,남성,7
2,2,,,,2,3,3,2,3,2,3,3,2,1,2,2,1,2,2,2,3,3,2,2,2,3,3,3,1,1,2,2,1,2,2,3293,gemini,2024,남성,7
2,2,,,,2,3,3,2,3,2,3,3,2,2,2,2,2,2,2,2,3,3,2,2,3,3,3,3,1,1,1,1,1,2,1,3294,gemini,2024,남성,7
3,1,1.0,4.0,2.0,2,3,3,3,3,2,3,3,2,2,2,2,2,2,2,2,4,4,3,3,3,3,3,3,1,1,1,1,1,2,1,3295,gemini,2024,남성,7
2,2,,,,2,3,3,2,3,2,3,3,2,2,2,2,1,2,2,2,4,3,2,2,2,3,3,3,1,1,2,1,1,2,1,3296,gemini,2024,남성,7
3,1,1.0,4.0,2.0,2,3,3,3,3,2,3,3,2,2,2,2,2,3,2,2,4,4,3,3,3,3,3,4,1,1,2,1,1,2,1,3297,gemini,2024,남성,7
3,1,1.0,4.0,2.0,2,3,3,3,4,3,4,3,2,2,2,2,2,3,3,3,4,4,3,3,3,3,3,3,1,1,1,1,1,2,1,3298,gemini,2024,남성,7
2,2,,,,2,3,3,2,3,2,3,3,2,1,2,1,1,2,2,2,4,4,3,2,3,3,3,3,1,1,2,2,1,2,2,3299,gemini,2024,남성,7
2,1,1.0,4.0,2.0,2,3,3,3,3,2,3,3,2,2,2,2,2,3,3,3,4,4,3,3,3,3,4,4,1,1,1,1,1,2,2,3300,gemini,2024,남성,7
2,2,,,,2,3,3,3,3,2,3,3,2,2,2,2,1,2,2,2,4,4,2,2,3,3,3,3,1,1,2,2,1,2,2,3301,gemini,2024,남성,7
2,2,,,,2,3,3,3,3,2,3,2,2,2,2,2,1,2,2,2,3,3,2,2,2,3,3,3,1,1,2,1,1,2,2,3302,gemini,2024,남성,7
2,2,,,,2,2,3,2,3,2,3,2,2,1,2,1,1,2,2,2,3,3,2,2,2,2,3,3,1,1,2,1,1,2,2,3303,gemini,2024,남성,7
2,2,,,,2,3,3,2,3,2,3,3,2,2,2,2,1,2,2,2,4,3,2,2,3,3,3,3,1,1,2,1,1,2,2,3304,gemini,2024,남성,7
2,2,,,,2,3,3,2,3,2,3,3,2,1,2,2,1,2,2,2,4,4,3,2,3,3,3,3,1,1,2,2,1,2,2,3305,gemini,2024,남성,7
2,2,,,,2,3,3,2,3,2,3,3,2,2,2,2,1,2,2,2,4,4,3,2,2,3,3,3,1,1,2,1,1,2,1,3306,gemini,2024,남성,7
2,2,,,,2,3,3,3,3,2,3,3,2,2,2,2,2,2,2,2,3,3,2,2,3,3,3,3,1,1,1,1,1,2,1,3307,gemini,2024,남성,7
2,2,,,,2,3,3,2,3,2,3,3,2,1,1,1,1,2,2,2,4,3,3,2,2,3,3,3,1,1,2,1,1,2,2,3308,gemini,2024,남성,7
2,2,,,,2,3,3,2,3,2,3,2,1,1,1,1,1,2,2,1,3,3,2,2,2,3,3,3,2,1,2,2,1,2,2,3309,gemini,2024,남성,7
2,1,1.0,4.0,2.0,2,3,3,3,3,2,3,3,2,2,2,2,2,2,2,2,3,3,2,2,3,3,4,3,1,1,2,1,1,2,1,3310,gemini,2024,남성,7
2,2,,,,2,2,3,2,3,2,3,3,1,1,1,1,1,2,2,2,3,3,2,2,2,3,3,3,1,1,2,2,1,2,2,3311,gemini,2024,남성,7
2,2,,,,2,3,3,3,3,2,3,2,2,2,2,2,1,2,2,2,3,3,2,2,2,3,3,3,1,1,1,1,1,2,1,3312,gemini,2024,남성,7
2,2,,,,2,3,3,3,3,2,3,3,2,2,2,2,1,2,2,2,4,4,3,3,3,3,3,3,1,1,2,1,1,2,2,3313,gemini,2024,남성,7
2,2,,,,2,3,3,3,3,2,3,3,2,2,2,2,1,2,2,2,4,4,2,2,3,3,3,3,1,1,2,1,1,2,1,3314,gemini,2024,남성,7
3,1,1.0,4.0,2.0,2,3,3,3,3,2,3,3,2,2,2,1,2,3,2,3,4,4,3,3,3,3,3,3,1,1,1,1,1,2,2,3315,gemini,2024,남성,7
2,2,,,,2,3,3,2,3,2,3,3,2,1,2,2,1,2,2,2,3,3,2,2,2,3,3,3,1,1,2,1,1,2,2,3316,gemini,2024,남성,7
2,2,,,,2,3,3,3,3,2,3,2,2,2,2,2,1,2,2,2,4,4,2,2,2,3,3,3,1,1,2,2,1,2,2,3317,gemini,2024,남성,7
2,2,,,,2,3,3,3,3,2,3,3,2,2,2,2,2,2,2,2,4,3,3,2,2,3,3,3,1,1,1,1,1,2,1,3318,gemini,2024,남성,7
2,2,,,,2,3,3,3,4,3,4,3,2,2,2,2,2,3,3,3,4,4,3,3,3,3,4,4,1,1,2,1,1,2,1,3319,gemini,2024,남성,7
2,2,,,,2,2,3,2,3,2,3,3,2,1,2,1,1,2,2,2,3,3,2,2,2,2,2,3,1,1,2,1,1,2,2,3320,gemini,2024,남성,7
2,2,,,,2,3,2,2,3,2,3,2,2,2,2,2,1,2,2,2,3,3,2,2,2,3,4,3,1,1,2,1,1,2,1,3321,gemini,2024,남성,7
2,2,,,,2,3,3,3,3,2,3,3,2,2,2,2,2,2,2,2,3,3,2,2,2,3,3,3,1,1,2,1,1,2,1,3322,gemini,2024,남성,7
2,2,,,,2,3,3,2,3,2,3,3,2,2,2,2,1,2,2,2,3,3,2,2,2,3,3,3,1,1,2,2,1,2,2,3323,gemini,2024,남성,7
2,2,,,,2,3,3,3,3,2,3,3,2,2,2,2,2,2,2,2,4,3,2,2,3,3,3,3,1,1,2,1,1,2,2,3324,gemini,2024,남성,7
2,2,,,,2,3,3,3,3,2,3,3,2,1,2,2,1,2,2,2,4,4,2,2,3,3,3,3,1,1,2,2,1,2,2,3325,gemini,2024,남성,7
2,2,,,,2,3,3,3,3,2,3,3,2,2,2,2,2,2,2,2,4,4,3,2,3,3,3,3,1,1,2,1,1,2,2,3326,gemini,2024,남성,7
3,1,1.0,4.0,2.0,2,3,3,3,3,2,3,3,2,2,2,2,1,2,2,2,4,4,3,3,2,3,3,3,1,1,2,1,1,2,1,3327,gemini,2024,남성,7
2,2,,,,2,3,3,2,3,2,3,3,2,1,2,2,1,2,2,2,3,3,2,2,3,3,3,3,1,1,2,2,1,2,2,3328,gemini,2024,남성,7
2,2,,,,2,3,3,2,3,2,3,3,2,2,2,2,1,2,2,2,3,3,2,2,2,3,3,3,1,1,2,2,1,2,2,3329,gemini,2024,남성,7
2,2,,,,2,2,3,2,3,2,3,3,2,2,2,2,1,2,2,2,3,3,2,2,3,3,3,3,1,1,2,1,1,2,2,3330,gemini,2024,남성,7
2,1,1.0,4.0,2.0,2,3,3,3,3,2,3,3,2,2,2,2,1,2,2,2,4,3,2,2,3,3,3,3,1,1,2,1,1,2,2,3331,gemini,2024,남성,7
2,2,,,,2,3,3,3,3,2,3,2,2,2,2,2,1,2,2,2,3,3,2,2,2,3,3,3,1,1,1,1,1,2,1,3332,gemini,2024,남성,7
2,2,,,,2,3,3,2,3,2,3,3,2,2,2,2,2,3,2,2,4,4,3,3,3,3,3,3,1,1,2,1,1,2,1,3333,gemini,2024,남성,7
2,1,1.0,4.0,2.0,2,3,3,2,3,2,3,3,2,2,2,2,1,2,2,2,4,3,2,2,2,3,3,3,1,1,1,2,1,2,1,3334,gemini,2024,남성,7
3,1,1.0,4.0,2.0,2,3,3,2,3,2,3,3,2,2,2,2,2,2,2,2,4,4,3,3,2,3,3,3,1,1,1,1,1,2,1,3335,gemini,2024,남성,7
2,2,,,,2,3,3,3,3,2,3,3,2,2,2,2,1,2,2,2,4,3,2,2,3,3,4,3,1,1,1,1,1,2,1,3336,gemini,2024,남성,7
2,2,,,,2,3,3,2,3,2,3,3,2,1,2,2,1,2,2,2,3,3,2,2,2,3,3,3,1,1,2,1,1,2,2,3337,gemini,2024,남성,7
2,2,,,,2,2,3,2,3,2,3,3,2,1,2,1,1,2,2,2,3,3,2,2,2,3,3,3,1,1,2,2,1,2,2,3338,gemini,2024,남성,7
3,1,1.0,4.0,2.0,2,3,3,3,4,3,4,3,2,2,2,2,2,3,2,2,4,4,3,3,3,3,4,4,1,1,2,1,1,2,1,3339,gemini,2024,남성,7
2,2,,,,2,3,3,3,3,2,3,3,2,2,2,2,2,3,2,2,4,4,3,2,3,3,3,3,1,1,2,1,1,2,2,3340,gemini,2024,남성,7
2,1,1.0,4.0,2.0,2,3,3,3,3,2,3,3,2,2,2,2,2,3,2,2,4,4,3,3,3,3,4,4,1,1,1,1,1,2,1,3341,gemini,2024,남성,7
2,2,,,,2,3,3,3,3,2,3,3,2,1,1,1,1,2,2,2,3,3,2,2,2,2,3,3,1,1,2,1,1,2,2,3342,gemini,2024,남성,7
3,1,1.0,4.0,2.0,2,3,3,3,3,2,3,3,2,2,2,2,2,2,2,2,4,4,3,3,3,2,3,3,1,1,1,1,1,2,1,3343,gemini,2024,남성,7
2,2,,,,2,3,3,2,3,2,3,3,2,1,2,1,1,2,2,2,3,3,2,2,3,3,3,3,1,1,2,1,1,2,2,3344,gemini,2024,남성,7
2,2,,,,2,3,3,3,3,2,3,3,2,2,2,2,1,2,2,2,4,3,2,2,2,3,3,3,1,1,2,2,1,2,1,3345,gemini,2024,남성,7
2,2,,,,2,3,3,2,3,2,3,3,2,2,2,2,1,2,2,2,4,4,3,2,3,3,3,3,1,1,2,1,1,2,2,3346,gemini,2024,남성,7
2,2,,,,2,3,3,3,3,2,3,2,2,1,2,1,1,2,2,2,3,3,2,2,2,3,2,3,1,1,2,2,1,2,2,3347,gemini,2024,남성,7
2,2,,,,2,3,3,3,3,2,3,3,2,2,2,2,1,2,2,2,3,3,2,2,3,3,3,3,1,1,2,1,1,2,2,3348,gemini,2024,남성,7
3,1,1.0,4.0,2.0,2,3,3,3,3,2,3,3,2,2,2,2,2,3,2,2,4,3,3,3,2,3,3,3,1,1,2,1,1,2,2,3349,gemini,2024,남성,7
2,1,1.0,4.0,2.0,2,3,3,3,3,2,3,3,2,2,2,2,2,3,2,2,4,4,2,2,3,3,3,3,1,1,2,1,1,2,1,3350,gemini,2024,남성,7
2,2,,,,2,3,3,2,3,2,3,2,1,1,1,1,1,2,2,1,3,3,2,2,3,3,2,3,1,1,2,1,1,2,2,3351,gemini,2024,남성,7
2,2,,,,2,3,3,2,3,2,3,2,1,1,1,1,1,2,2,2,3,3,2,2,2,3,3,3,1,1,2,2,1,2,2,3352,gemini,2024,남성,7
2,1,1.0,4.0,2.0,2,3,3,3,3,2,3,3,2,2,2,2,2,3,2,2,4,4,3,3,3,3,3,3,1,1,2,2,1,2,2,3353,gemini,2024,남성,7
2,1,1.0,4.0,2.0,2,3,3,3,3,2,3,3,2,2,2,2,2,2,2,2,4,4,2,2,3,3,3,3,1,1,1,1,1,2,1,3354,gemini,2024,남성,7
2,1,1.0,4.0,2.0,2,3,3,3,3,2,3,3,2,2,2,2,2,3,3,2,4,4,3,3,3,3,4,3,1,1,1,2,1,2,1,3355,gemini,2024,남성,7
2,1,1.0,4.0,2.0,2,3,3,3,3,2,3,3,2,2,2,2,1,2,2,2,4,3,2,2,3,3,3,3,1,1,1,1,1,2,2,3356,gemini,2024,남성,7
3,1,1.0,4.0,2.0,2,3,3,3,3,3,3,3,2,2,2,2,2,3,3,2,4,4,3,3,3,3,3,4,1,1,2,1,1,2,2,3357,gemini,2024,남성,7
2,2,,,,2,2,3,2,3,2,3,3,2,1,2,2,1,2,2,2,3,3,2,2,2,3,3,3,1,1,2,1,1,2,2,3358,gemini,2024,남성,7
2,2,,,,2,3,3,3,3,2,3,3,2,2,2,2,2,2,2,2,4,4,3,2,2,3,3,3,1,1,1,1,1,2,1,3359,gemini,2024,남성,7
2,2,,,,2,3,3,3,3,2,3,3,2,2,2,2,2,3,2,2,4,4,3,3,3,3,3,3,1,1,1,1,1,2,1,3360,gemini,2024,남성,7
2,1,1.0,4.0,2.0,2,2,3,2,3,2,3,3,2,1,2,2,1,2,2,2,4,3,2,2,2,3,3,3,1,1,2,2,1,2,2,3361,gemini,2024,남성,7
2,2,,,,2,3,3,2,3,2,3,3,2,1,1,1,1,2,2,2,3,3,2,2,2,3,3,3,1,1,2,2,1,2,2,3362,gemini,2024,남성,7
3,1,1.0,4.0,2.0,2,3,3,3,3,2,3,3,2,2,2,2,2,3,2,3,4,3,2,2,3,3,3,3,1,1,1,2,1,2,2,3363,gemini,2024,남성,7
3,1,1.0,4.0,2.0,2,3,3,3,4,3,4,3,2,2,2,2,2,3,2,3,4,4,3,3,3,3,4,4,1,1,2,1,1,2,1,3364,gemini,2024,남성,7
2,2,,,,2,3,3,3,3,2,3,3,2,2,2,2,1,2,2,2,4,4,2,2,3,3,3,3,1,1,2,2,1,2,2,3365,gemini,2024,남성,7
2,2,,,,2,3,3,3,3,2,3,3,2,2,2,2,1,2,2,2,4,4,3,2,3,3,3,3,1,1,2,1,1,2,2,3366,gemini,2024,남성,7
2,1,1.0,4.0,2.0,2,3,3,3,3,2,3,3,2,1,2,2,1,2,2,2,4,4,2,2,3,3,4,3,1,1,1,1,1,2,1,3367,gemini,2024,남성,7
2,1,1.0,4.0,2.0,2,3,3,2,3,3,3,3,2,2,2,2,2,2,2,2,4,4,3,3,3,3,3,3,1,1,2,1,1,2,1,3368,gemini,2024,남성,7
2,2,,,,2,3,3,3,3,2,3,3,2,2,2,2,2,2,2,2,3,3,2,2,3,3,3,3,1,1,2,1,1,2,2,3369,gemini,2024,남성,7
2,2,,,,2,3,3,2,3,2,3,3,2,2,2,2,1,2,2,2,4,4,2,2,3,3,3,3,1,1,2,1,1,2,2,3370,gemini,2024,남성,7
2,1,1.0,4.0,2.0,2,3,3,2,3,2,3,3,2,2,2,2,1,2,2,2,4,4,2,2,3,3,3,3,1,1,2,2,1,2,1,3371,gemini,2024,남성,7
2,2,,,,2,2,3,2,3,2,3,3,2,2,2,2,1,2,2,2,3,3,2,2,2,3,3,3,1,1,1,1,1,2,2,3372,gemini,2024,남성,7
2,2,,,,2,3,3,2,3,2,3,3,2,2,2,2,2,3,2,2,4,3,2,2,3,3,3,3,1,1,1,2,1,2,1,3373,gemini,2024,남성,7
2,2,,,,2,3,3,3,3,2,3,3,2,1,2,1,1,2,2,2,3,3,2,2,3,3,3,3,1,1,2,1,1,2,2,3374,gemini,2024,남성,7
2,2,,,,2,3,3,2,3,2,3,3,2,2,2,2,1,2,2,2,3,3,2,2,2,3,3,3,1,1,2,1,1,2,2,3375,gemini,2024,남성,7
2,2,,,,2,3,3,3,3,2,3,2,1,1,1,1,1,2,2,2,3,3,2,2,2,3,3,3,1,1,2,2,1,2,2,3376,gemini,2024,남성,7
2,2,,,,2,2,3,2,3,2,3,3,2,2,2,2,1,2,2,2,4,4,3,2,3,3,3,3,1,1,2,2,1,2,2,3377,gemini,2024,남성,7
2,2,,,,2,3,3,2,3,2,3,3,2,2,2,2,2,3,2,2,4,4,3,2,3,3,3,3,1,1,1,1,1,2,1,3378,gemini,2024,남성,7
3,1,1.0,4.0,2.0,2,3,3,3,3,2,3,3,2,2,2,2,2,3,2,2,4,4,3,3,2,3,3,3,1,1,2,1,1,2,1,3379,gemini,2024,남성,7
2,2,,,,2,3,3,3,3,2,3,3,2,2,2,2,1,2,2,2,4,3,2,2,2,3,3,3,1,1,2,2,1,2,2,3380,gemini,2024,남성,7
2,2,,,,2,3,3,2,3,2,3,3,2,2,2,2,1,2,2,2,4,4,2,2,3,3,3,3,1,1,2,1,1,2,2,3381,gemini,2024,남성,7
2,2,,,,2,3,3,2,3,2,3,3,2,2,2,2,2,2,2,2,3,3,2,2,3,3,3,3,1,1,1,1,1,2,2,3382,gemini,2024,남성,7
2,2,,,,2,3,3,2,3,2,3,3,2,2,2,2,2,2,2,2,4,3,3,2,2,3,3,3,1,1,1,1,1,2,1,3383,gemini,2024,남성,7
2,2,,,,2,3,3,2,3,2,3,3,2,1,1,1,1,2,2,2,3,3,2,2,3,3,3,3,1,1,2,2,1,2,2,3384,gemini,2024,남성,7
2,2,,,,2,3,3,2,3,2,3,3,2,2,2,2,1,2,2,2,4,4,2,2,3,3,3,3,1,1,2,1,1,2,2,3385,gemini,2024,남성,7
2,2,,,,2,3,3,2,3,2,3,2,2,1,2,1,1,2,2,2,3,3,2,2,2,3,3,3,1,1,2,2,1,2,2,3386,gemini,2024,남성,7
2,2,,,,2,3,3,3,3,2,3,3,2,2,2,2,1,2,2,2,4,4,2,2,3,3,3,3,1,1,2,2,1,2,2,3387,gemini,2024,남성,7
2,2,,,,2,3,3,2,3,2,3,3,2,1,2,2,1,2,2,2,3,3,2,2,2,3,3,3,1,1,2,1,1,2,1,3388,gemini,2024,남성,7
2,2,,,,2,3,3,2,3,2,3,3,2,1,2,2,1,2,2,2,3,3,2,2,2,3,3,3,1,1,2,2,1,2,2,3389,gemini,2024,남성,7
2,2,,,,2,3,3,3,3,2,3,3,2,1,2,2,2,3,2,2,3,3,2,2,3,3,3,3,1,1,2,2,1,2,2,3390,gemini,2024,남성,7
2,2,,,,2,2,3,2,3,2,3,3,2,2,2,2,1,2,2,2,3,3,2,2,2,3,3,3,1,1,2,2,1,2,2,3391,gemini,2024,남성,7
2,1,1.0,4.0,2.0,2,3,3,3,3,2,3,3,2,2,2,2,2,3,2,2,4,4,3,3,3,3,3,3,1,1,1,1,1,2,1,3392,gemini,2024,남성,7
2,2,,,,2,3,3,2,3,2,3,3,2,2,2,2,2,3,2,2,4,3,3,2,3,3,3,3,1,1,2,1,1,2,1,3393,gemini,2024,남성,7
2,2,,,,2,3,3,3,3,2,3,3,2,2,2,2,2,2,2,2,4,4,3,3,2,3,3,3,1,1,2,2,1,2,2,3394,gemini,2024,남성,7
2,1,1.0,4.0,2.0,2,3,3,2,3,2,3,2,2,2,2,2,1,2,2,2,3,3,2,2,2,3,3,3,1,1,2,1,1,2,2,3395,gemini,2024,남성,7
2,2,,,,2,2,3,2,3,2,3,3,2,2,2,2,1,2,2,2,4,4,2,2,3,3,3,3,1,1,2,1,1,2,2,3396,gemini,2024,남성,7
3,1,1.0,4.0,2.0,2,3,3,2,3,2,3,3,2,2,2,2,2,3,2,2,4,4,3,3,3,3,3,3,1,1,2,1,1,2,2,3397,gemini,2024,남성,7
2,2,,,,2,3,3,3,3,2,3,3,2,1,2,1,1,2,2,2,4,4,3,2,2,3,3,3,1,1,2,1,1,2,2,3398,gemini,2024,남성,7
2,1,1.0,4.0,2.0,2,3,3,3,3,2,3,3,2,2,2,2,1,2,2,2,4,3,2,2,2,3,3,3,1,1,1,1,1,2,2,3399,gemini,2024,남성,7
2,2,,,,2,3,3,2,3,2,3,3,2,2,2,2,2,2,2,2,3,3,2,2,3,3,3,3,1,1,2,2,1,2,1,3400,gemini,2024,남성,7
2,2,,,,2,3,3,2,3,2,3,2,1,1,1,1,1,2,2,1,3,3,2,2,2,3,3,3,1,1,2,2,1,2,2,3401,gemini,2024,남성,7
2,2,,,,2,3,3,3,3,2,3,3,2,2,2,1,2,2,2,2,3,3,2,2,2,3,3,3,1,1,2,1,1,2,2,3402,gemini,2024,남성,7
2,2,,,,2,3,3,2,3,2,3,3,2,1,2,2,1,2,2,2,3,3,2,2,3,3,3,3,1,1,2,1,1,2,2,3403,gemini,2024,남성,7
3,1,1.0,4.0,2.0,2,3,3,3,3,2,3,3,2,2,2,2,1,2,2,2,4,4,3,3,2,3,3,3,1,1,2,1,1,2,2,3404,gemini,2024,남성,7
2,1,1.0,4.0,2.0,2,3,3,3,3,2,3,3,2,2,2,2,2,3,2,2,4,4,2,2,3,3,3,3,1,1,2,1,1,2,2,3405,gemini,2024,남성,7
2,2,,,,2,3,3,3,3,2,3,3,2,2,2,2,2,3,2,2,4,4,2,2,3,3,4,3,1,1,2,1,1,2,2,3406,gemini,2024,남성,7
2,2,,,,2,3,3,2,3,2,3,3,2,2,2,2,2,2,2,2,3,3,2,2,3,3,3,3,2,1,2,1,1,2,2,3407,gemini,2024,남성,7
2,2,,,,2,2,3,2,3,2,3,3,2,1,2,1,1,2,2,2,3,3,2,2,2,3,3,3,1,1,2,2,1,2,2,3408,gemini,2024,남성,7
2,2,,,,2,3,3,2,3,2,3,3,2,1,1,1,1,2,2,2,3,3,2,2,3,3,3,3,1,1,2,1,1,2,2,3409,gemini,2024,남성,7
2,2,,,,2,3,3,2,3,2,3,3,2,2,2,2,2,3,3,2,4,4,3,3,3,3,3,3,1,1,2,1,1,2,1,3410,gemini,2024,남성,7
2,2,,,,2,3,3,2,3,2,3,3,2,1,2,2,1,2,2,2,3,3,2,2,2,3,3,3,1,1,2,1,1,2,2,3411,gemini,2024,남성,7
2,2,,,,2,2,3,2,3,2,3,3,1,1,1,1,1,2,2,2,4,4,2,2,3,3,3,3,1,1,2,2,1,2,2,3412,gemini,2024,남성,7
2,2,,,,2,3,3,3,3,2,3,3,2,2,2,2,2,2,2,2,3,3,2,2,2,3,3,3,1,1,2,1,1,2,2,3413,gemini,2024,남성,7
2,2,,,,2,2,3,2,3,2,3,3,2,2,2,2,1,2,2,2,3,3,2,2,2,3,2,3,1,1,2,1,1,2,2,3414,gemini,2024,남성,7
2,2,,,,2,3,3,2,3,2,3,3,2,1,2,2,1,2,2,2,3,3,2,2,2,3,3,3,1,1,2,2,1,2,2,3415,gemini,2024,남성,7
2,2,,,,1,2,2,2,3,2,3,2,1,1,1,1,1,2,1,1,3,3,2,2,2,3,2,3,1,1,2,2,1,2,2,3416,gemini,2024,남성,7
2,2,,,,2,3,3,2,3,2,3,3,2,2,2,2,1,2,2,2,4,4,3,2,2,3,3,3,1,1,2,2,1,2,2,3417,gemini,2024,남성,7
3,1,1.0,4.0,2.0,2,3,3,3,3,2,3,3,2,2,2,2,2,2,2,2,4,4,3,3,3,3,3,3,1,1,2,1,1,2,2,3418,gemini,2024,남성,7
3,1,1.0,4.0,2.0,2,3,3,2,3,2,3,3,2,2,2,2,1,2,2,2,4,3,3,3,2,3,3,3,1,1,2,1,1,2,2,3419,gemini,2024,남성,7
2,2,,,,2,3,3,3,3,2,3,3,2,2,2,2,2,2,2,2,3,3,3,2,3,3,3,3,1,1,2,1,1,2,2,3420,gemini,2024,남성,7
2,2,,,,2,3,3,2,3,2,3,3,2,1,2,2,1,2,2,2,4,4,3,2,2,3,3,3,1,1,2,1,1,2,2,3421,gemini,2024,남성,7
2,1,1.0,4.0,2.0,2,3,3,3,3,2,3,2,2,2,2,2,2,3,2,2,4,4,2,2,3,3,4,3,1,1,2,1,1,2,2,3422,gemini,2024,남성,7
2,2,,,,2,3,3,2,3,2,3,3,2,1,2,1,1,2,2,2,3,3,2,2,2,3,3,3,1,1,2,2,1,2,2,3423,gemini,2024,남성,7
2,1,1.0,4.0,2.0,2,3,3,3,3,2,3,3,2,2,2,2,2,2,2,2,4,4,2,2,3,3,4,3,1,1,1,1,1,2,1,3424,gemini,2024,남성,7
2,2,,,,1,2,2,2,3,2,3,2,1,1,1,1,1,2,2,1,3,3,2,2,2,3,2,3,1,1,2,1,1,2,2,3425,gemini,2024,남성,7
2,2,,,,2,3,3,2,3,2,3,3,2,2,2,2,2,2,2,2,4,3,2,2,3,3,3,3,1,1,2,1,1,2,2,3426,gemini,2024,남성,7
2,2,,,,2,3,3,3,3,2,3,3,2,2,2,2,2,3,2,2,3,3,2,2,2,3,3,3,1,1,2,1,1,2,1,3427,gemini,2024,남성,7
2,2,,,,2,2,3,2,3,2,3,2,2,1,2,2,1,2,2,2,3,3,2,2,2,3,3,3,1,1,2,1,1,2,1,3428,gemini,2024,남성,7
3,1,1.0,4.0,2.0,2,3,3,3,3,2,3,3,2,2,2,2,2,3,2,2,4,4,3,2,3,3,3,3,1,1,2,1,1,2,2,3429,gemini,2024,남성,7
2,1,1.0,4.0,2.0,2,2,3,2,3,2,3,3,2,2,2,2,2,3,2,2,3,3,2,2,2,2,3,3,1,1,2,1,1,2,2,3430,gemini,2024,남성,7
2,2,,,,2,3,3,2,3,2,3,3,2,2,2,2,2,3,2,2,4,4,3,3,3,3,3,3,1,1,2,1,1,2,1,3431,gemini,2024,남성,7
2,2,,,,2,2,3,2,3,2,3,3,2,1,1,1,1,2,2,2,3,3,2,2,2,3,3,3,1,1,2,2,1,2,2,3432,gemini,2024,남성,7
2,1,1.0,4.0,2.0,2,3,3,3,3,2,3,3,2,2,2,2,2,3,2,2,4,4,2,2,3,3,4,3,1,1,1,1,1,2,2,3433,gemini,2024,남성,7
3,1,1.0,4.0,2.0,2,3,3,3,3,2,3,3,2,2,2,2,2,3,2,2,4,4,3,3,3,3,3,3,1,1,2,2,1,2,2,3434,gemini,2024,남성,7
3,1,1.0,4.0,2.0,2,3,3,2,3,2,3,3,2,2,2,2,1,2,2,2,4,4,3,3,2,3,3,3,1,1,2,1,1,2,1,3435,gemini,2024,남성,7
2,2,,,,2,3,3,3,3,2,3,3,2,2,2,2,2,2,2,2,4,3,2,2,3,3,3,3,1,1,1,1,1,2,1,3436,gemini,2024,남성,7
2,2,,,,2,3,3,2,3,2,3,3,2,1,2,1,1,2,2,2,4,4,3,2,2,3,3,3,1,1,2,1,1,2,2,3437,gemini,2024,남성,7
2,2,,,,2,2,3,2,3,2,3,3,2,1,2,2,1,2,2,2,3,3,2,2,2,3,3,3,1,1,2,1,1,2,2,3438,gemini,2024,남성,7
2,2,,,,2,3,3,3,3,2,3,3,2,2,2,2,2,3,2,2,3,3,3,3,2,3,3,3,1,1,2,2,1,2,2,3439,gemini,2024,남성,7
2,2,,,,1,2,2,2,3,2,3,2,2,1,1,1,1,2,2,2,3,3,2,2,2,3,2,3,2,1,2,2,1,2,2,3440,gemini,2024,남성,7
2,2,,,,2,3,3,3,3,2,3,3,2,1,2,2,1,2,2,2,4,4,3,2,3,3,3,3,1,1,2,1,1,2,2,3441,gemini,2024,남성,7
2,2,,,,2,2,3,2,3,2,3,3,2,1,2,2,1,2,2,2,3,3,2,2,3,3,3,3,1,1,2,2,1,2,2,3442,gemini,2024,남성,7
2,2,,,,2,3,3,2,3,2,3,3,2,2,2,2,1,2,2,2,4,4,3,2,3,3,3,3,1,1,2,2,1,2,2,3443,gemini,2024,남성,7
2,2,,,,2,3,3,3,3,2,3,3,2,2,2,2,1,2,2,2,4,4,3,2,3,3,3,3,1,1,2,2,1,2,2,3444,gemini,2024,남성,7
2,2,,,,2,3,3,2,3,2,3,2,1,1,1,1,1,2,2,2,3,3,2,2,3,3,3,3,1,1,2,2,1,2,2,3445,gemini,2024,남성,7
2,2,,,,2,3,3,2,3,2,3,3,2,2,2,2,1,2,2,2,3,3,2,2,2,3,3,3,1,1,2,1,1,2,2,3446,gemini,2024,남성,7
2,1,1.0,4.0,2.0,2,3,3,2,3,2,3,3,2,2,2,2,1,2,2,2,4,3,2,2,2,3,3,3,1,1,1,1,1,2,1,3447,gemini,2024,남성,7
2,1,1.0,4.0,2.0,2,2,3,3,3,2,3,2,2,2,2,2,1,2,2,2,3,3,2,2,2,3,3,3,1,1,2,1,1,2,2,3448,gemini,2024,남성,7
2,2,,,,2,3,3,2,3,2,3,3,2,2,2,2,1,2,2,2,3,3,2,2,3,3,3,3,1,1,2,1,1,2,2,3449,gemini,2024,남성,7
2,2,,,,2,3,3,2,3,3,3,3,2,2,2,2,2,3,2,2,4,4,2,2,3,3,4,3,1,1,2,1,1,2,2,3450,gemini,2024,남성,7
2,2,,,,2,3,3,3,3,2,3,3,2,2,2,2,2,3,2,2,4,4,2,2,3,3,4,3,2,1,2,1,1,2,2,3451,gemini,2024,남성,7
2,2,,,,2,3,3,3,3,2,3,3,2,2,2,2,1,2,2,2,4,4,3,3,3,3,3,3,1,1,2,1,1,2,2,3452,gemini,2024,남성,7
2,2,,,,2,3,3,2,3,2,3,3,2,1,1,1,1,2,2,2,4,3,2,2,3,3,3,3,1,1,2,2,1,2,2,3453,gemini,2024,남성,7
2,2,,,,2,3,3,2,3,2,3,3,2,2,2,2,2,3,2,2,4,4,3,2,3,3,4,3,1,1,1,1,1,2,2,3454,gemini,2024,남성,7
2,2,,,,2,3,3,3,3,2,3,3,2,1,1,1,1,2,2,2,3,3,2,2,3,3,3,3,1,1,2,1,1,2,2,3455,gemini,2024,남성,7
2,2,,,,2,3,3,2,3,2,3,3,2,1,1,2,1,2,2,2,3,3,2,2,2,3,3,3,1,1,2,2,1,2,2,3456,gemini,2024,남성,7
2,2,,,,2,2,3,2,3,2,3,3,2,2,2,2,1,2,2,2,4,4,3,3,2,3,3,3,1,1,2,2,1,2,2,3457,gemini,2024,남성,7
2,2,,,,2,3,3,2,3,2,3,3,2,1,2,2,1,2,2,2,4,3,2,2,3,3,3,3,1,1,2,2,1,2,2,3458,gemini,2024,남성,7
2,2,,,,2,3,3,2,3,2,3,2,2,1,2,1,1,2,2,2,3,3,2,2,2,3,3,3,1,1,2,1,1,2,2,3459,gemini,2024,남성,7
2,2,,,,2,3,3,3,3,2,3,2,2,1,1,1,1,2,2,2,3,3,2,2,2,3,3,3,1,1,2,2,1,2,2,3460,gemini,2024,남성,7
2,2,,,,2,3,3,2,3,2,3,3,2,2,2,2,2,2,2,2,3,3,2,2,2,3,3,3,1,1,2,1,1,2,2,3461,gemini,2024,남성,7
2,2,,,,2,3,3,3,3,2,3,3,2,2,2,2,2,3,2,2,4,3,3,2,3,3,3,3,2,1,1,1,1,2,2,3462,gemini,2024,남성,7
2,2,,,,2,3,3,2,3,2,3,3,2,2,2,2,2,2,2,2,3,3,2,2,2,3,3,3,1,1,2,1,1,2,1,3463,gemini,2024,남성,7
2,1,1.0,4.0,2.0,2,3,3,2,3,2,3,3,2,2,2,2,2,2,2,2,4,3,2,2,2,3,3,3,1,1,2,1,1,2,1,3464,gemini,2024,남성,7
3,1,1.0,4.0,2.0,2,3,3,3,3,3,4,3,2,2,2,2,2,3,3,2,4,4,3,3,3,3,4,4,1,1,1,1,1,2,1,3465,gemini,2024,남성,7
2,2,,,,2,3,3,2,3,2,3,3,2,1,2,2,1,2,2,2,3,3,2,2,3,3,3,3,1,1,2,2,1,2,2,3466,gemini,2024,남성,7
2,1,1.0,4.0,2.0,2,3,3,3,3,2,3,3,2,2,2,2,2,2,2,2,4,3,2,2,3,3,4,3,1,1,1,1,1,2,1,3467,gemini,2024,남성,7
2,2,,,,2,3,3,3,3,2,3,3,2,2,2,2,2,2,2,2,4,3,2,2,2,3,3,3,1,1,2,1,1,2,1,3468,gemini,2024,남성,7
2,1,1.0,4.0,2.0,2,3,3,3,3,2,3,2,2,2,2,2,1,2,2,2,4,3,2,2,2,3,3,3,1,1,2,1,1,2,2,3469,gemini,2024,남성,7
3,1,1.0,4.0,2.0,2,3,3,3,3,2,3,3,2,2,2,2,2,3,2,2,4,4,2,2,3,3,3,3,1,1,2,1,1,2,1,3470,gemini,2024,남성,7
2,2,,,,2,3,3,2,3,2,3,3,2,1,1,1,1,2,2,2,3,3,2,2,2,3,3,3,1,1,2,1,1,2,2,3471,gemini,2024,남성,7
2,2,,,,1,2,2,2,3,2,3,3,2,1,1,1,1,2,2,2,3,3,2,2,3,3,3,3,1,1,2,2,1,2,2,3472,gemini,2024,남성,7
2,2,,,,2,3,3,2,3,2,3,3,2,1,2,2,1,2,2,2,4,4,3,2,3,3,3,3,1,1,2,2,1,2,2,3473,gemini,2024,남성,7
2,2,,,,2,3,3,3,3,2,3,3,2,2,2,2,1,2,2,2,3,3,2,2,2,3,3,3,1,1,2,2,1,2,1,3474,gemini,2024,남성,7
2,2,,,,2,3,3,3,3,2,3,2,1,1,1,1,1,2,2,2,3,3,2,2,2,3,3,3,1,1,2,2,1,2,2,3475,gemini,2024,남성,7
2,2,,,,2,3,3,3,3,2,3,3,2,2,2,2,2,3,2,2,4,4,3,2,3,3,4,3,1,1,2,1,1,2,2,3476,gemini,2024,남성,7
2,2,,,,2,3,3,3,3,2,3,3,2,2,2,2,2,2,2,2,4,3,2,2,3,3,3,3,1,1,2,1,1,2,2,3477,gemini,2024,남성,7
2,2,,,,1,2,2,2,3,2,3,2,1,1,1,1,1,2,1,1,3,3,2,2,2,2,3,2,2,1,2,2,1,2,2,3478,gemini,2024,남성,8
2,2,,,,1,2,2,2,3,2,3,2,1,1,1,1,1,1,1,1,3,3,2,2,2,2,3,2,2,1,2,2,1,2,2,3479,gemini,2024,남성,8
2,2,,,,2,2,2,2,3,2,3,2,2,1,1,1,1,2,2,1,3,3,2,2,2,2,3,2,2,1,2,2,1,2,2,3480,gemini,2024,남성,8
2,2,,,,1,2,2,1,3,2,2,2,1,1,1,1,1,2,1,1,3,3,1,1,2,2,3,2,2,1,2,2,1,2,2,3481,gemini,2024,남성,8
2,2,,,,1,2,2,2,3,2,3,2,1,1,1,1,1,2,1,1,3,3,2,2,2,2,3,3,2,1,2,2,1,2,2,3482,gemini,2024,남성,8
2,2,,,,1,1,2,2,3,2,3,2,1,1,1,1,1,1,1,1,3,3,2,2,2,2,3,3,2,1,2,2,1,2,2,3483,gemini,2024,남성,8
2,2,,,,2,2,2,2,3,2,3,2,1,1,1,1,2,2,2,2,3,3,2,2,2,2,3,2,2,1,2,1,1,2,2,3484,gemini,2024,남성,8
2,2,,,,2,2,2,2,3,2,3,2,2,1,1,1,1,2,2,2,3,3,2,2,2,3,3,3,2,1,2,2,1,2,2,3485,gemini,2024,남성,8
2,2,,,,2,2,3,2,3,2,3,2,2,1,2,1,1,2,2,2,3,3,2,2,2,2,3,3,2,1,2,2,1,2,2,3486,gemini,2024,남성,8
2,2,,,,1,2,2,2,3,2,3,2,1,1,1,1,1,1,1,1,3,3,2,1,2,2,2,2,2,1,2,2,1,2,2,3487,gemini,2024,남성,8
2,2,,,,1,2,2,2,3,2,3,2,1,1,1,1,1,2,2,1,3,3,2,2,2,3,3,2,2,1,2,2,1,2,2,3488,gemini,2024,남성,8
2,2,,,,2,2,3,2,3,2,3,2,2,1,1,1,1,2,2,2,3,3,2,2,2,2,3,2,2,1,2,2,1,2,2,3489,gemini,2024,남성,8
2,2,,,,2,2,2,2,3,2,3,2,1,1,1,1,1,2,2,2,3,3,2,2,2,2,3,2,2,1,2,2,1,2,2,3490,gemini,2024,남성,8
2,2,,,,1,2,2,2,3,2,3,2,1,1,1,1,1,1,1,1,3,3,2,2,2,2,3,3,2,1,2,2,1,2,2,3491,gemini,2024,남성,8
2,2,,,,2,2,2,2,3,2,2,2,2,1,1,1,1,2,2,2,3,3,2,2,2,2,3,3,2,1,2,2,1,2,2,3492,gemini,2024,남성,8
2,2,,,,2,2,3,2,3,2,3,2,2,1,2,2,1,2,2,2,3,3,2,2,2,2,3,3,2,1,2,2,1,2,2,3493,gemini,2024,남성,8
2,2,,,,2,2,2,2,3,2,3,2,1,1,1,1,1,2,2,1,3,3,2,2,2,2,3,3,2,1,2,2,1,2,2,3494,gemini,2024,남성,8
2,2,,,,2,2,3,2,2,2,3,2,2,1,2,1,1,2,2,2,3,3,2,2,2,3,3,3,2,1,2,2,1,2,2,3495,gemini,2024,남성,8
2,2,,,,2,2,3,2,2,2,3,2,1,1,1,1,1,2,2,2,3,3,2,2,2,3,4,3,2,1,2,2,1,2,2,3496,gemini,2024,남성,8
2,2,,,,2,2,2,2,3,2,3,2,2,1,1,1,1,2,2,2,3,3,2,2,2,3,3,3,2,1,2,2,1,2,2,3497,gemini,2024,남성,8
2,2,,,,1,2,2,2,3,2,3,2,1,1,1,1,1,2,1,1,3,3,2,2,2,2,3,3,2,1,2,2,1,2,2,3498,gemini,2024,남성,8
2,2,,,,2,2,2,2,3,2,3,2,1,1,1,1,1,2,2,2,3,3,2,2,2,2,3,3,2,1,2,2,1,2,2,3499,gemini,2024,남성,8
2,2,,,,2,2,2,2,3,2,3,2,1,1,1,1,1,2,2,2,3,3,2,2,2,2,3,2,2,1,2,2,1,2,2,3500,gemini,2024,남성,8
2,2,,,,2,2,2,2,3,2,3,2,1,1,1,1,1,2,2,2,3,3,2,2,2,2,3,2,2,1,2,1,1,2,2,3501,gemini,2024,남성,8
2,2,,,,1,2,2,1,3,2,3,2,1,1,1,1,1,2,1,1,3,3,2,2,2,2,3,2,2,1,2,2,1,2,2,3502,gemini,2024,남성,8
2,2,,,,2,2,2,2,3,2,3,2,2,1,2,1,1,2,2,2,3,3,2,2,2,3,4,3,2,1,2,2,1,2,2,3503,gemini,2024,남성,8
2,2,,,,2,2,3,2,3,2,3,2,2,1,2,1,1,2,2,2,3,3,2,2,2,3,3,2,2,1,2,2,1,2,2,3504,gemini,2024,남성,8
2,2,,,,1,2,2,2,3,2,3,2,1,1,1,1,1,2,2,1,3,3,2,2,2,2,3,2,2,1,2,2,1,2,2,3505,gemini,2024,남성,8
2,2,,,,2,2,3,2,3,2,3,2,1,1,1,1,1,2,2,2,3,3,2,2,2,2,3,2,2,1,2,2,1,2,2,3506,gemini,2024,남성,8
2,2,,,,2,2,3,2,3,2,3,2,2,1,1,1,1,2,2,2,3,3,2,2,2,3,3,2,2,1,2,2,1,2,2,3507,gemini,2024,남성,8
2,2,,,,2,2,2,2,3,2,3,2,1,1,1,1,1,2,2,2,3,3,2,2,2,2,3,2,2,1,2,2,1,2,2,3508,gemini,2024,남성,8
2,2,,,,2,2,3,2,3,2,3,2,1,1,1,1,1,2,2,2,3,3,2,2,2,2,3,2,2,1,2,2,1,2,2,3509,gemini,2024,남성,8
2,2,,,,2,2,3,2,3,2,3,2,2,1,2,1,1,2,2,2,3,3,2,2,2,2,3,3,2,1,2,2,1,2,2,3510,gemini,2024,남성,8
2,2,,,,1,1,2,2,3,2,3,2,1,1,1,1,1,2,1,1,3,3,2,2,2,2,3,2,1,1,2,2,1,2,2,3511,gemini,2024,남성,8
2,2,,,,2,2,2,2,3,2,3,2,2,1,1,1,1,2,2,2,3,3,2,2,2,2,3,3,2,1,2,2,1,2,2,3512,gemini,2024,남성,8
2,2,,,,2,2,2,2,3,2,3,2,1,1,1,1,1,2,2,1,3,3,2,2,2,2,3,2,2,1,2,2,1,2,2,3513,gemini,2024,남성,8
2,2,,,,1,2,2,2,3,2,3,2,1,1,1,1,1,1,1,1,3,3,2,2,2,2,3,2,2,1,2,2,1,2,2,3514,gemini,2024,남성,8
2,2,,,,1,2,2,2,3,2,3,2,1,1,1,1,1,1,1,1,3,3,2,2,3,3,4,3,2,1,2,2,1,2,2,3515,gemini,2024,남성,8
2,2,,,,1,2,2,2,3,2,3,2,1,1,1,1,1,2,1,1,3,3,2,1,2,2,3,2,2,1,2,2,1,2,2,3516,gemini,2024,남성,8
2,2,,,,2,2,3,2,3,2,3,2,2,1,2,2,1,2,2,2,3,3,2,2,2,2,3,3,2,1,2,2,1,2,2,3517,gemini,2024,남성,8
2,2,,,,2,2,3,2,3,2,3,2,1,1,1,1,1,2,2,1,3,3,2,2,2,2,3,2,2,1,2,2,1,2,2,3518,gemini,2024,남성,8
2,2,,,,2,2,3,2,3,2,3,2,2,1,2,1,1,2,2,2,3,3,2,2,2,2,3,3,2,1,2,2,1,2,2,3519,gemini,2024,남성,8
2,2,,,,1,2,2,2,3,2,2,2,1,1,1,1,1,2,2,1,3,3,2,2,2,2,3,2,2,1,2,2,1,2,2,3520,gemini,2024,남성,8
2,2,,,,1,2,2,2,3,2,3,2,1,1,1,1,1,2,2,1,3,3,2,2,2,3,4,3,2,1,2,2,1,2,2,3521,gemini,2024,남성,8
2,2,,,,1,2,2,2,3,2,3,2,1,1,1,1,1,2,2,2,3,3,2,2,2,2,3,3,2,1,2,2,1,2,2,3522,gemini,2024,남성,8
2,2,,,,1,2,2,2,2,1,2,2,1,1,1,1,1,1,1,1,2,2,1,1,2,2,2,2,2,1,2,2,1,2,2,3523,gemini,2024,남성,8
2,2,,,,2,2,2,2,3,2,3,2,1,1,1,1,1,2,2,2,3,3,2,2,2,2,3,3,2,1,2,2,1,2,2,3524,gemini,2024,남성,8
2,2,,,,2,2,3,2,3,2,3,2,2,1,1,1,1,2,2,2,3,3,2,2,2,2,3,2,2,1,2,2,1,2,2,3525,gemini,2024,남성,8
2,2,,,,1,2,2,2,3,2,3,2,1,1,1,1,1,2,2,1,3,3,2,2,2,2,3,2,2,1,2,2,1,2,2,3526,gemini,2024,남성,8
2,2,,,,1,2,2,2,3,2,3,2,2,1,2,1,1,2,2,2,3,3,2,2,2,2,3,2,2,1,2,2,1,2,2,3527,gemini,2024,남성,8
2,2,,,,1,2,2,2,3,2,3,2,1,1,1,1,1,1,1,1,3,3,2,2,2,2,3,2,2,1,2,2,1,2,2,3528,gemini,2024,남성,8
2,2,,,,2,2,2,2,3,2,3,2,1,1,1,1,1,2,2,2,3,3,2,2,2,2,3,2,2,1,2,2,1,2,2,3529,gemini,2024,남성,8
2,2,,,,1,2,2,2,3,2,3,2,2,1,1,1,1,2,2,1,3,3,2,2,2,2,3,2,2,1,2,2,1,2,2,3530,gemini,2024,남성,8
2,2,,,,2,2,2,2,3,2,3,2,2,1,1,1,1,2,2,1,3,3,2,1,2,2,3,2,2,1,2,2,1,2,2,3531,gemini,2024,남성,8
2,2,,,,2,2,2,2,3,2,3,2,1,1,1,1,1,2,2,2,3,3,2,2,2,3,3,3,2,1,2,2,1,2,2,3532,gemini,2024,남성,8
2,2,,,,2,2,3,2,3,2,3,2,1,1,1,1,1,2,2,2,3,3,2,2,2,2,3,3,2,1,2,2,1,2,2,3533,gemini,2024,남성,8
2,2,,,,2,2,3,2,3,2,3,2,1,1,1,1,1,2,2,1,3,3,2,2,2,2,3,2,2,1,2,2,1,2,2,3534,gemini,2024,남성,8
2,2,,,,1,1,2,1,3,2,3,2,1,1,1,1,1,1,1,1,2,2,1,1,2,2,2,2,2,1,2,2,1,2,2,3535,gemini,2024,남성,8
2,2,,,,1,2,2,2,3,2,3,2,1,1,1,1,1,1,1,1,3,3,2,2,3,3,4,3,2,1,2,2,1,2,2,3536,gemini,2024,남성,8
2,2,,,,1,2,2,2,3,2,3,2,1,1,1,1,1,1,1,1,3,3,2,2,2,2,3,3,2,1,2,2,1,2,2,3537,gemini,2024,남성,8
2,2,,,,2,2,2,2,3,2,3,2,2,1,1,1,1,2,2,2,3,3,2,2,2,2,3,2,2,1,2,2,1,2,2,3538,gemini,2024,남성,8
2,2,,,,1,2,2,2,3,2,3,2,1,1,1,1,1,1,1,1,3,3,2,2,2,3,3,2,2,1,2,2,1,2,2,3539,gemini,2024,남성,8
2,2,,,,2,2,2,2,3,2,3,2,1,1,1,1,1,2,2,2,3,3,2,2,2,2,3,2,2,1,2,2,1,2,2,3540,gemini,2024,남성,8
2,2,,,,1,2,2,2,3,2,3,2,1,1,1,1,1,1,1,1,3,3,2,2,2,2,3,3,2,1,2,2,1,2,2,3541,gemini,2024,남성,8
2,2,,,,2,2,2,2,3,2,2,2,2,1,1,1,1,2,2,2,3,3,2,2,2,2,3,3,2,1,2,2,1,2,2,3542,gemini,2024,남성,8
2,2,,,,2,2,2,2,3,2,3,2,1,1,1,1,1,2,2,2,3,3,2,2,2,2,3,2,2,1,2,2,1,2,2,3543,gemini,2024,남성,8
2,2,,,,2,2,2,2,3,2,3,2,1,1,1,1,1,2,2,1,3,3,2,2,2,2,3,3,2,1,2,2,1,2,2,3544,gemini,2024,남성,8
2,2,,,,2,2,2,2,3,2,3,2,1,1,1,1,1,2,2,2,3,3,2,2,2,2,3,3,2,1,2,2,1,2,2,3545,gemini,2024,남성,8
2,2,,,,2,2,3,2,3,2,3,2,1,1,1,1,1,2,2,1,3,3,2,2,2,2,3,2,2,1,2,2,1,2,2,3546,gemini,2024,남성,8
2,2,,,,2,2,2,2,2,2,3,2,2,1,1,1,1,2,1,2,3,3,2,2,2,3,3,2,2,1,2,1,1,2,2,3547,gemini,2024,남성,8
2,2,,,,2,2,2,2,3,2,3,2,1,1,1,1,1,2,2,1,3,3,2,2,2,2,3,3,2,1,2,2,1,2,2,3548,gemini,2024,남성,8
2,2,,,,1,2,2,2,3,2,3,2,1,1,1,1,1,1,1,1,3,3,2,2,2,2,3,2,2,1,2,2,1,2,2,3549,gemini,2024,남성,8
2,2,,,,2,3,3,2,3,2,3,2,1,1,1,1,1,2,2,2,3,3,2,2,3,3,4,3,2,1,2,2,1,2,2,3550,gemini,2024,남성,8
2,2,,,,2,2,2,2,3,2,3,2,1,1,1,1,1,2,2,2,3,3,2,2,2,2,3,3,2,1,2,2,1,2,2,3551,gemini,2024,남성,8
2,2,,,,1,2,2,2,3,2,3,2,1,1,1,1,1,2,2,2,3,3,2,2,2,3,2,2,2,1,2,2,1,2,2,3552,gemini,2024,남성,8
2,2,,,,2,2,2,2,3,2,3,2,2,1,2,1,1,2,2,2,3,3,2,2,2,2,3,2,2,1,2,2,1,2,2,3553,gemini,2024,남성,8
2,2,,,,1,2,2,2,3,2,3,2,1,1,1,1,1,2,2,1,3,3,2,2,2,2,3,3,2,1,2,2,1,2,2,3554,gemini,2024,남성,8
2,2,,,,2,2,3,2,3,2,3,2,2,1,1,1,1,2,2,2,3,3,2,2,2,2,3,3,2,1,2,2,1,2,2,3555,gemini,2024,남성,8
2,2,,,,2,2,2,2,3,2,3,2,1,1,1,1,1,2,2,1,3,3,2,2,2,3,3,2,2,1,2,2,1,2,2,3556,gemini,2024,남성,8
2,2,,,,1,2,2,1,3,2,3,2,1,1,1,1,1,1,1,1,3,3,1,1,2,2,3,2,2,1,2,2,1,2,2,3557,gemini,2024,남성,8
2,2,,,,1,2,2,2,3,2,3,2,1,1,1,1,1,1,1,1,3,3,2,2,3,3,4,3,2,1,2,2,1,2,2,3558,gemini,2024,남성,8
2,2,,,,2,2,2,2,3,2,3,2,1,1,1,1,1,1,1,1,3,3,2,2,2,2,3,2,2,1,2,2,1,2,2,3559,gemini,2024,남성,8
2,2,,,,2,2,2,2,3,2,3,2,1,1,1,1,1,2,2,1,3,3,2,2,2,2,3,2,2,1,2,2,1,2,2,3560,gemini,2024,남성,8
2,2,,,,2,2,3,2,3,2,3,2,2,1,2,1,1,2,2,2,3,3,2,2,2,2,4,3,2,1,2,2,1,2,2,3561,gemini,2024,남성,8
2,2,,,,2,2,2,2,3,2,3,2,2,1,1,1,2,2,2,2,3,3,2,2,2,2,3,3,2,1,2,2,1,2,2,3562,gemini,2024,남성,8
2,2,,,,2,3,3,2,3,2,3,2,1,1,1,1,1,2,2,2,3,3,2,2,2,3,4,3,2,1,2,2,1,2,2,3563,gemini,2024,남성,8
2,2,,,,2,2,2,2,3,2,3,2,2,1,1,1,1,2,2,2,3,3,2,2,2,2,3,3,2,1,2,2,1,2,2,3564,gemini,2024,남성,8
2,2,,,,2,2,2,2,3,2,3,2,2,1,1,1,1,2,2,2,3,3,2,2,2,2,3,3,2,1,2,2,1,2,2,3565,gemini,2024,남성,8
2,2,,,,1,2,2,2,3,2,3,2,1,1,1,1,1,1,1,1,3,3,2,2,2,2,3,2,2,1,2,2,1,2,2,3566,gemini,2024,남성,8
2,2,,,,2,2,2,2,3,2,3,2,1,1,1,1,1,2,2,2,3,3,2,2,2,2,3,2,2,1,2,2,1,2,2,3567,gemini,2024,남성,8
2,2,,,,2,2,2,2,3,2,3,2,1,1,1,1,1,2,2,2,3,3,2,2,2,2,3,2,2,1,2,2,1,2,2,3568,gemini,2024,남성,8
2,2,,,,1,2,2,2,3,2,3,2,1,1,1,1,1,2,1,1,3,3,2,2,2,2,3,2,2,1,2,2,1,2,2,3569,gemini,2024,남성,8
2,2,,,,1,2,2,2,3,2,3,2,2,1,1,1,1,2,2,2,3,3,2,2,2,3,3,2,2,1,2,2,1,2,2,3570,gemini,2024,남성,8
2,2,,,,2,2,3,2,3,2,3,2,1,1,1,1,1,2,2,2,3,3,2,2,2,2,3,3,2,1,2,2,1,2,2,3571,gemini,2024,남성,8
2,2,,,,2,2,2,2,3,2,3,2,2,1,2,2,1,2,2,2,3,3,2,2,2,2,3,3,2,1,2,1,1,2,2,3572,gemini,2024,남성,8
2,2,,,,1,2,2,2,3,2,2,2,1,1,1,1,1,2,1,1,3,3,2,1,2,2,3,2,2,1,2,2,1,2,2,3573,gemini,2024,남성,8
2,2,,,,2,2,2,2,3,2,3,2,2,2,2,2,2,2,2,2,3,2,2,2,2,2,3,3,2,1,2,2,1,2,2,3574,gemini,2024,남성,8
2,2,,,,2,2,2,2,3,2,3,2,1,1,1,1,1,2,2,2,3,3,2,2,2,2,3,3,2,1,2,2,1,2,2,3575,gemini,2024,남성,8
2,2,,,,2,2,3,2,3,2,3,2,1,1,1,1,1,2,2,2,3,3,2,2,2,2,3,2,2,1,2,2,1,2,2,3576,gemini,2024,남성,8
2,2,,,,2,2,2,2,3,2,3,2,2,1,1,1,1,2,2,1,3,3,2,2,2,2,3,3,2,1,2,2,1,2,2,3577,gemini,2024,남성,8
2,2,,,,2,2,2,2,3,2,3,2,2,2,2,2,1,2,2,2,3,3,2,2,3,2,3,3,2,1,2,2,1,2,2,3578,gemini,2024,남성,8
2,2,,,,2,2,2,2,3,2,3,2,1,1,1,1,1,2,2,1,3,3,2,2,2,2,2,2,2,1,2,2,1,2,2,3579,gemini,2024,남성,8
2,2,,,,1,2,2,2,3,2,3,2,2,1,2,1,1,2,1,2,3,3,2,2,3,2,4,3,2,1,2,2,1,2,2,3580,gemini,2024,남성,8
2,2,,,,2,2,2,2,2,2,2,2,1,1,1,1,1,2,2,2,3,3,2,2,2,2,3,2,2,1,2,2,1,2,2,3581,gemini,2024,남성,8
2,2,,,,2,2,2,2,3,2,3,2,2,1,1,1,1,2,2,2,3,3,2,2,2,2,3,2,2,1,2,2,1,2,2,3582,gemini,2024,남성,8
2,2,,,,1,2,2,2,3,2,3,2,2,1,2,1,1,2,1,1,3,3,2,2,2,3,3,2,2,1,2,2,1,2,2,3583,gemini,2024,남성,8
2,2,,,,1,2,2,2,3,2,3,2,1,1,1,1,1,2,1,1,3,3,2,2,2,2,3,2,2,1,2,2,1,2,2,3584,gemini,2024,남성,8
2,2,,,,2,2,2,2,3,2,2,2,2,1,1,1,1,2,2,2,3,3,2,2,2,3,4,3,2,1,2,2,1,2,2,3585,gemini,2024,남성,8
2,2,,,,2,2,3,2,3,2,3,2,1,1,1,1,1,2,2,1,3,3,2,2,2,3,3,2,2,1,2,2,1,2,2,3586,gemini,2024,남성,8
2,2,,,,1,2,2,2,3,2,3,2,1,1,1,1,1,2,1,1,3,3,2,2,2,2,3,2,2,1,2,2,1,2,2,3587,gemini,2024,남성,8
2,2,,,,2,2,2,2,3,2,2,2,1,1,1,1,1,2,1,1,3,3,2,2,2,3,3,2,2,1,2,2,1,2,2,3588,gemini,2024,남성,8
2,2,,,,2,2,3,2,3,2,3,2,1,1,1,1,1,2,2,2,3,3,2,2,2,2,3,2,2,1,2,2,1,2,2,3589,gemini,2024,남성,8
2,2,,,,2,2,3,2,3,2,3,2,1,1,1,1,1,2,2,2,3,3,2,2,2,2,3,3,2,1,2,2,1,2,2,3590,gemini,2024,남성,8
2,2,,,,2,2,2,2,3,2,3,2,2,1,1,1,1,2,2,2,3,3,2,2,3,3,3,3,2,1,2,2,1,2,2,3591,gemini,2024,남성,8
2,2,,,,1,2,2,2,3,2,3,2,1,1,1,1,1,1,1,1,3,3,2,2,2,2,3,2,2,1,2,2,1,2,2,3592,gemini,2024,남성,8
2,2,,,,1,2,2,2,3,2,3,2,1,1,1,1,1,2,2,1,3,3,2,2,2,2,3,2,2,1,2,2,1,2,2,3593,gemini,2024,남성,8
2,2,,,,2,3,3,2,3,2,3,2,2,1,2,1,1,2,2,2,3,3,2,2,2,2,3,2,2,1,2,2,1,2,2,3594,gemini,2024,남성,8
2,2,,,,2,2,2,2,3,2,2,2,2,1,1,1,1,2,1,1,3,3,2,2,2,3,3,2,2,1,2,2,1,2,2,3595,gemini,2024,남성,8
2,2,,,,2,2,3,2,3,2,3,2,1,1,1,1,1,2,2,2,3,3,2,2,3,3,4,3,2,1,2,2,1,2,2,3596,gemini,2024,남성,8
2,2,,,,2,2,3,2,3,2,3,2,1,1,1,1,1,2,2,2,3,3,2,2,3,3,4,3,2,1,2,2,1,2,2,3597,gemini,2024,남성,8
2,2,,,,1,2,2,2,3,2,3,2,1,1,1,1,1,2,1,1,3,3,2,1,2,2,3,2,2,1,2,2,1,2,2,3598,gemini,2024,남성,8
2,2,,,,2,2,3,2,3,2,3,2,2,1,1,1,1,2,2,2,3,3,2,2,2,3,3,3,2,1,2,2,1,2,2,3599,gemini,2024,남성,8
2,2,,,,1,2,2,2,3,2,3,2,1,1,1,1,1,2,1,1,3,3,2,2,2,2,3,3,2,1,2,2,1,2,2,3600,gemini,2024,남성,8
2,2,,,,1,1,2,2,3,2,3,2,1,1,1,1,1,2,2,1,3,3,2,2,2,2,3,2,2,1,2,2,1,2,2,3601,gemini,2024,남성,8
2,2,,,,1,1,2,1,2,1,2,1,1,1,1,1,1,1,1,1,2,2,1,1,2,2,2,2,2,1,2,2,1,2,2,3602,gemini,2024,남성,8
2,2,,,,1,2,2,2,3,2,3,2,1,1,1,1,1,1,1,1,3,3,2,2,2,2,3,2,2,1,2,2,1,2,2,3603,gemini,2024,남성,8
2,2,,,,2,2,3,2,3,2,3,2,2,2,2,1,1,2,2,2,3,3,2,2,2,2,3,3,2,1,2,2,1,2,2,3604,gemini,2024,남성,8
2,2,,,,1,1,2,1,2,1,2,2,1,1,1,1,1,1,1,1,3,3,2,1,2,2,3,2,2,1,2,2,1,2,2,3605,gemini,2024,남성,8
2,2,,,,1,2,2,2,3,2,3,2,1,1,1,1,1,1,1,1,3,3,2,2,2,2,3,2,2,1,2,2,1,2,2,3606,gemini,2024,남성,8
2,2,,,,2,2,2,2,3,2,3,2,2,1,1,1,1,2,2,1,3,3,2,2,2,2,3,3,2,1,2,2,1,2,2,3607,gemini,2024,남성,8
2,2,,,,2,2,2,2,3,2,3,2,2,1,1,1,1,2,2,1,3,3,2,2,2,2,3,2,2,1,2,2,1,2,2,3608,gemini,2024,남성,8
2,2,,,,1,2,2,2,3,2,3,2,1,1,1,1,1,2,1,1,3,3,2,2,2,2,3,2,2,1,2,2,1,2,2,3609,gemini,2024,남성,8
2,2,,,,1,2,2,1,2,1,2,2,1,1,1,1,1,2,2,1,3,3,2,1,2,3,4,3,2,1,2,2,1,2,2,3610,gemini,2024,남성,8
2,2,,,,2,2,2,2,3,2,3,2,2,2,2,1,1,2,2,2,3,3,2,2,2,2,3,2,2,1,2,2,1,2,2,3611,gemini,2024,남성,8
2,2,,,,2,2,3,2,3,2,3,3,2,1,1,1,1,2,2,2,3,3,2,2,2,2,3,3,2,1,2,2,1,2,2,3612,gemini,2024,남성,8
2,2,,,,2,2,2,2,3,2,3,2,1,1,1,1,1,2,2,2,3,3,2,2,2,2,3,3,2,1,2,2,1,2,2,3613,gemini,2024,남성,8
2,2,,,,1,2,2,2,3,2,3,2,1,1,1,1,1,2,1,1,3,3,2,2,2,2,3,2,2,1,2,2,1,2,2,3614,gemini,2024,남성,8
2,2,,,,2,3,2,2,3,2,3,2,2,1,1,1,1,2,2,2,3,3,2,2,2,2,3,2,2,1,2,2,1,2,2,3615,gemini,2024,남성,8
2,2,,,,2,2,2,2,3,2,3,2,1,1,1,1,1,2,1,1,3,3,2,2,2,3,3,2,2,1,2,2,1,2,2,3616,gemini,2024,남성,8
2,2,,,,2,2,2,2,3,2,2,2,2,1,1,1,1,2,2,2,3,3,2,2,2,2,3,2,2,1,2,2,1,2,2,3617,gemini,2024,남성,8
2,2,,,,2,2,2,2,3,2,3,2,1,1,1,1,1,2,2,2,3,3,2,2,2,2,3,3,2,1,2,2,1,2,2,3618,gemini,2024,남성,8
2,2,,,,2,2,3,2,3,2,3,2,2,1,1,1,1,2,2,2,3,3,2,2,2,3,3,2,2,1,2,2,1,2,2,3619,gemini,2024,남성,8
2,2,,,,2,2,2,2,3,2,3,2,1,1,1,1,1,2,2,1,3,3,2,2,2,2,3,3,2,1,2,2,1,2,2,3620,gemini,2024,남성,8
2,2,,,,1,2,2,2,2,2,2,2,1,1,1,1,1,2,2,2,3,3,2,2,2,2,3,3,2,1,2,2,1,2,2,3621,gemini,2024,남성,8
2,2,,,,1,2,2,2,3,2,3,2,1,1,1,1,1,2,1,1,3,3,2,1,2,2,3,2,2,1,2,2,1,2,2,3622,gemini,2024,남성,8
2,2,,,,2,2,3,2,3,2,3,2,2,1,1,1,1,2,2,2,3,3,2,2,2,2,3,2,2,1,2,2,1,2,2,3623,gemini,2024,남성,8
2,2,,,,2,2,3,2,3,2,3,2,1,1,1,1,1,2,2,2,3,3,2,2,3,3,4,3,2,1,2,2,1,2,2,3624,gemini,2024,남성,8
2,2,,,,1,2,2,2,3,2,3,2,2,1,1,1,1,2,2,2,3,3,2,2,2,2,3,3,2,1,2,2,1,2,2,3625,gemini,2024,남성,8
2,2,,,,2,2,2,2,3,2,3,2,1,1,1,1,1,2,2,2,3,3,2,2,2,3,3,2,2,1,2,2,1,2,2,3626,gemini,2024,남성,8
2,2,,,,2,2,2,2,3,2,2,2,1,1,1,1,1,2,2,2,3,3,2,2,2,2,3,3,2,1,2,2,1,2,2,3627,gemini,2024,남성,8
2,2,,,,2,2,3,2,3,2,3,2,2,1,1,1,1,2,2,2,3,3,2,2,2,2,3,3,2,1,2,2,1,2,2,3628,gemini,2024,남성,8
2,2,,,,1,2,2,1,3,2,3,2,1,1,1,1,1,2,2,1,3,3,2,2,2,2,3,3,2,1,2,2,1,2,2,3629,gemini,2024,남성,8
2,2,,,,1,1,2,1,3,2,3,2,2,1,1,1,1,2,2,1,3,3,2,2,2,3,3,3,2,1,2,2,1,2,2,3630,gemini,2024,남성,8
2,2,,,,2,2,2,2,3,2,3,2,1,1,1,1,1,2,2,2,3,3,2,2,2,2,3,2,2,1,2,2,1,2,2,3631,gemini,2024,남성,8
2,2,,,,2,2,2,2,3,2,3,2,2,1,1,1,1,2,2,2,3,3,2,2,2,2,3,2,2,1,2,2,1,2,2,3632,gemini,2024,남성,8
2,2,,,,2,2,2,2,3,2,3,2,1,1,1,1,1,2,2,2,3,3,2,2,2,2,3,3,2,1,2,2,1,2,2,3633,gemini,2024,남성,8
2,2,,,,2,3,3,2,3,2,3,2,1,1,1,1,1,2,2,2,3,3,2,2,2,2,2,3,2,1,2,2,1,2,2,3634,gemini,2024,남성,8
2,2,,,,1,2,2,2,3,2,3,2,1,1,1,1,1,2,2,1,3,3,2,2,2,3,3,3,2,1,2,2,1,2,2,3635,gemini,2024,남성,8
2,2,,,,2,2,2,2,3,2,3,2,2,1,2,1,1,2,2,2,3,3,2,2,2,2,3,2,2,1,2,2,1,2,2,3636,gemini,2024,남성,8
2,2,,,,1,2,2,2,3,2,3,2,1,1,1,1,1,1,1,1,3,3,2,2,2,2,3,2,2,1,2,2,1,2,2,3637,gemini,2024,남성,8
2,2,,,,1,2,2,2,3,2,3,2,1,1,1,1,1,1,1,1,3,3,2,2,2,3,3,2,2,1,2,2,1,2,2,3638,gemini,2024,남성,8
2,2,,,,1,2,2,2,3,2,3,2,1,1,1,1,1,1,1,1,2,2,1,1,2,2,2,2,2,1,2,2,1,2,2,3639,gemini,2024,남성,8
2,2,,,,2,2,2,2,3,2,3,2,1,1,1,1,1,2,2,1,3,3,2,2,2,2,3,3,2,1,2,2,1,2,2,3640,gemini,2024,남성,8
2,2,,,,1,2,2,2,3,2,3,2,2,1,2,1,1,2,2,2,3,3,2,2,2,2,3,2,2,1,2,2,1,2,2,3641,gemini,2024,남성,8
2,2,,,,2,2,2,2,2,2,2,2,2,1,2,1,1,2,2,2,3,3,2,2,2,2,3,2,2,1,2,2,1,2,2,3642,gemini,2024,남성,8
2,2,,,,1,2,2,2,3,2,3,2,1,1,1,1,1,2,2,1,3,3,2,2,2,3,4,3,2,1,2,2,1,2,2,3643,gemini,2024,남성,8
2,2,,,,2,2,3,2,3,2,3,2,2,1,2,1,1,2,2,2,3,3,2,2,2,3,3,3,2,1,2,2,1,2,2,3644,gemini,2024,남성,8
2,2,,,,2,2,2,2,3,2,3,2,2,1,1,1,1,2,2,2,3,3,2,2,3,2,3,3,2,1,2,2,1,2,2,3645,gemini,2024,남성,8
2,2,,,,1,1,2,1,3,2,3,2,2,1,1,1,1,2,2,1,3,3,2,2,2,2,3,2,2,1,2,2,1,2,2,3646,gemini,2024,남성,8
2,2,,,,1,2,2,2,3,2,3,2,1,1,1,1,1,2,2,1,3,3,2,2,2,2,3,2,2,1,2,2,1,2,2,3647,gemini,2024,남성,8
2,2,,,,2,2,3,2,3,2,3,2,2,1,2,1,1,2,1,2,3,3,2,2,2,2,3,2,2,1,2,2,1,2,2,3648,gemini,2024,남성,8
2,2,,,,2,2,3,2,3,2,3,2,2,1,2,1,1,2,2,2,3,3,2,2,3,2,3,3,2,1,2,2,1,2,2,3649,gemini,2024,남성,8
2,2,,,,2,2,3,2,3,2,3,2,1,1,1,1,1,2,2,2,3,3,2,2,2,3,3,3,2,1,2,2,1,2,2,3650,gemini,2024,남성,8
2,2,,,,2,2,3,2,3,2,3,2,1,1,1,1,1,2,2,2,3,3,2,2,3,3,3,3,2,1,2,2,1,2,2,3651,gemini,2024,남성,8
2,2,,,,2,2,3,2,3,2,3,2,1,1,1,1,1,2,2,2,3,3,2,2,2,2,3,3,2,1,2,2,1,2,2,3652,gemini,2024,남성,8
2,2,,,,2,2,2,2,3,2,3,2,1,1,1,1,1,2,2,2,3,3,2,2,2,2,2,2,2,1,2,2,1,2,2,3653,gemini,2024,남성,8
2,2,,,,2,2,3,2,3,2,3,2,2,1,2,1,1,2,2,2,3,3,2,2,2,2,3,2,2,1,2,2,1,2,2,3654,gemini,2024,남성,8
2,2,,,,1,2,2,2,3,2,3,2,1,1,1,1,1,1,1,1,2,2,1,1,2,2,2,2,2,1,2,2,1,2,2,3655,gemini,2024,남성,8
2,2,,,,2,2,2,2,3,2,3,2,2,1,1,1,1,2,2,2,3,3,2,2,2,2,3,2,2,1,2,2,1,2,2,3656,gemini,2024,남성,8
2,2,,,,1,2,2,2,3,2,3,2,1,1,1,1,1,1,1,1,2,2,1,1,2,2,3,2,2,1,2,2,1,2,2,3657,gemini,2024,남성,8
2,2,,,,1,2,2,2,3,2,3,2,1,1,1,1,1,1,1,1,3,3,2,2,2,2,3,2,2,1,2,2,1,2,2,3658,gemini,2024,남성,8
2,2,,,,2,2,2,2,3,2,3,2,2,1,1,1,1,2,2,2,3,3,2,2,2,2,3,2,2,1,2,2,1,2,2,3659,gemini,2024,남성,8
2,2,,,,1,2,2,2,3,2,3,2,1,1,1,1,1,2,1,1,3,3,2,2,2,2,2,2,2,1,2,2,1,2,2,3660,gemini,2024,남성,8
2,2,,,,2,2,2,2,3,2,3,2,2,1,1,1,1,2,2,2,3,3,2,2,2,2,3,3,1,1,2,2,1,2,2,3661,gemini,2024,남성,8
2,2,,,,2,2,2,2,3,2,3,2,1,1,1,1,1,2,2,2,3,3,2,2,2,3,3,2,2,1,2,2,1,2,2,3662,gemini,2024,남성,8
2,2,,,,1,2,2,2,3,2,3,2,1,1,1,1,1,2,2,1,3,3,2,2,2,2,3,3,2,1,2,2,1,2,2,3663,gemini,2024,남성,8
2,2,,,,2,2,2,1,3,2,3,2,1,1,1,1,1,2,1,1,3,3,2,2,2,2,3,2,2,1,2,2,1,2,2,3664,gemini,2024,남성,8
2,2,,,,1,1,2,2,3,2,3,2,1,1,1,1,1,1,1,1,3,3,2,2,2,2,3,2,2,1,2,2,1,2,2,3665,gemini,2024,남성,8
2,2,,,,1,2,2,2,3,2,3,2,1,1,1,1,1,1,1,1,3,3,2,2,2,2,3,2,2,1,2,2,1,2,2,3666,gemini,2024,남성,8
2,2,,,,2,2,3,2,3,2,3,2,2,1,1,1,1,2,2,2,3,3,2,2,2,2,3,3,2,1,2,2,1,2,2,3667,gemini,2024,남성,8
2,2,,,,2,2,2,2,3,2,3,2,1,1,1,1,1,2,2,2,3,3,2,2,2,2,3,2,2,1,2,2,1,2,2,3668,gemini,2024,남성,8
2,2,,,,1,2,2,2,3,2,3,2,1,1,1,1,1,1,1,1,3,3,2,2,2,2,3,2,2,1,2,2,1,2,2,3669,gemini,2024,남성,8
2,2,,,,2,2,2,2,3,2,3,2,1,1,1,1,1,2,2,2,3,3,2,2,2,2,2,3,2,1,2,2,1,2,2,3670,gemini,2024,남성,8
2,2,,,,2,2,2,2,3,2,3,2,1,1,1,1,1,2,2,2,3,3,2,2,3,3,3,3,2,1,2,2,1,2,2,3671,gemini,2024,남성,8
2,2,,,,2,2,2,2,3,2,3,2,2,1,1,1,1,2,2,1,3,3,2,2,2,2,3,3,2,1,2,2,1,2,2,3672,gemini,2024,남성,8
2,2,,,,2,2,2,2,3,2,3,2,2,1,2,1,1,2,2,2,3,3,2,2,2,3,3,3,2,1,2,2,1,2,2,3673,gemini,2024,남성,8
2,2,,,,2,2,2,2,3,2,3,2,2,1,2,2,1,2,2,2,3,3,2,2,2,2,3,3,2,1,2,2,1,2,2,3674,gemini,2024,남성,8
2,2,,,,2,2,2,2,3,2,3,2,2,1,1,1,1,2,2,2,3,3,2,2,2,3,3,3,2,1,2,2,1,2,2,3675,gemini,2024,남성,8
2,2,,,,1,1,2,2,3,2,3,2,1,1,1,1,1,1,1,1,2,2,1,1,2,2,3,2,2,1,2,2,1,2,2,3676,gemini,2024,남성,8
2,2,,,,2,2,3,2,3,2,3,2,2,1,2,1,1,2,2,2,3,3,2,2,2,3,3,3,2,1,2,2,1,2,2,3677,gemini,2024,남성,8
2,2,,,,1,2,2,2,3,2,3,2,1,1,1,1,1,1,1,1,3,3,2,2,2,2,3,3,2,1,2,2,1,2,2,3678,gemini,2024,남성,8
2,2,,,,2,2,2,2,3,2,3,2,2,1,1,1,1,2,2,2,3,3,2,2,2,2,3,2,2,1,2,2,1,2,2,3679,gemini,2024,남성,8
2,2,,,,2,2,2,2,3,2,2,2,2,1,1,1,1,2,2,2,3,3,2,2,2,2,3,2,2,1,2,2,1,2,2,3680,gemini,2024,남성,8
2,2,,,,1,2,2,2,3,2,3,2,1,1,1,1,1,2,1,1,3,3,2,2,2,2,3,2,2,1,2,2,1,2,2,3681,gemini,2024,남성,8
2,2,,,,2,2,2,2,3,2,3,2,2,1,1,1,1,2,2,2,3,3,2,2,2,2,3,3,2,1,2,2,1,2,2,3682,gemini,2024,남성,8
2,2,,,,1,2,2,2,3,2,3,2,1,1,1,1,1,2,1,1,3,3,2,2,2,2,3,3,2,1,2,2,1,2,2,3683,gemini,2024,남성,8
2,2,,,,1,2,2,2,3,2,3,2,1,1,1,1,1,1,1,1,3,3,2,2,2,2,3,3,1,1,2,2,1,2,2,3684,gemini,2024,남성,8
2,2,,,,2,2,2,2,3,2,3,2,1,1,1,1,1,2,2,1,3,3,2,2,2,2,2,2,2,1,2,2,1,2,2,3685,gemini,2024,남성,8
2,2,,,,2,2,2,2,3,2,3,2,2,1,1,1,1,2,2,2,3,3,2,2,2,2,3,2,2,1,2,2,1,2,2,3686,gemini,2024,남성,8
2,2,,,,1,2,2,2,3,2,3,2,1,1,1,1,1,2,2,1,3,3,2,2,2,2,3,2,2,1,2,2,1,2,2,3687,gemini,2024,남성,8
2,2,,,,1,2,2,2,3,2,3,2,1,1,1,1,1,1,1,1,3,3,2,2,2,3,3,2,2,1,2,2,1,2,2,3688,gemini,2024,남성,8
2,2,,,,2,2,3,2,3,2,3,2,2,1,2,1,1,2,2,2,3,3,2,2,2,2,3,2,2,1,2,2,1,2,2,3689,gemini,2024,남성,8
2,2,,,,2,2,2,2,3,2,3,2,1,1,1,1,1,2,2,2,3,3,2,2,2,2,3,2,2,1,2,2,1,2,2,3690,gemini,2024,남성,8
2,2,,,,2,2,2,2,3,2,3,2,1,1,1,1,1,2,2,2,3,3,2,2,3,3,3,3,2,1,2,2,1,2,2,3691,gemini,2024,남성,8
2,2,,,,2,2,2,2,3,2,2,2,1,1,1,1,1,2,2,2,3,3,2,2,2,2,4,3,2,1,2,2,1,2,2,3692,gemini,2024,남성,8
2,2,,,,2,2,3,2,3,2,3,2,2,1,1,1,1,2,2,1,3,3,2,2,2,2,3,2,2,1,2,2,1,2,2,3693,gemini,2024,남성,8
2,2,,,,1,2,2,2,3,2,3,2,1,1,1,1,1,1,1,1,3,3,2,1,2,2,3,2,2,1,2,2,1,2,2,3694,gemini,2024,남성,8
2,2,,,,1,1,2,2,3,2,3,2,1,1,1,1,1,2,2,1,3,3,2,2,2,3,3,3,2,1,2,2,1,2,2,3695,gemini,2024,남성,8
2,2,,,,2,2,2,2,3,2,3,2,1,1,1,1,1,2,2,2,3,3,2,2,2,2,3,2,2,1,2,2,1,2,2,3696,gemini,2024,남성,8
2,2,,,,2,2,3,2,3,2,3,2,2,1,2,1,1,2,2,2,3,3,2,2,2,2,3,3,2,1,2,2,1,2,2,3697,gemini,2024,남성,8
2,2,,,,1,2,2,2,3,2,3,2,1,1,1,1,1,2,1,1,3,3,2,2,2,2,3,3,2,1,2,2,1,2,2,3698,gemini,2024,남성,8
2,2,,,,1,2,2,2,3,2,3,2,1,1,1,1,1,2,1,1,3,3,2,2,2,2,3,3,2,1,2,2,1,2,2,3699,gemini,2024,남성,8
2,2,,,,2,2,2,2,3,2,3,2,2,1,2,1,1,2,2,2,3,3,2,2,2,2,3,2,2,1,2,2,1,2,2,3700,gemini,2024,남성,8
2,2,,,,2,2,2,2,3,2,3,2,1,1,1,1,1,2,2,1,3,3,2,2,2,2,3,2,2,1,2,2,1,2,2,3701,gemini,2024,남성,8
2,2,,,,2,2,3,2,3,2,3,2,1,1,1,1,1,2,2,2,3,3,2,2,2,2,3,3,1,1,2,2,1,2,2,3702,gemini,2024,남성,8
2,2,,,,2,2,2,2,3,2,3,2,2,1,2,2,1,2,2,2,3,3,2,2,2,2,3,2,2,1,2,2,1,2,2,3703,gemini,2024,남성,8
2,2,,,,2,2,2,2,3,2,3,2,2,1,1,1,1,2,2,2,3,3,2,2,2,2,3,2,2,1,2,2,1,2,2,3704,gemini,2024,남성,8
2,2,,,,1,2,2,2,3,2,3,2,1,1,1,1,1,1,1,1,3,3,2,2,2,2,3,3,2,1,2,2,1,2,2,3705,gemini,2024,남성,8
2,2,,,,1,2,2,2,3,2,3,2,1,1,1,1,1,2,1,2,3,3,2,2,2,3,2,3,2,1,2,2,1,2,2,3706,gemini,2024,남성,8
2,2,,,,2,2,2,2,3,2,3,2,1,1,1,1,1,2,2,2,3,3,2,2,2,2,3,3,2,1,2,2,1,2,2,3707,gemini,2024,남성,8
2,2,,,,1,2,2,2,3,2,3,2,2,1,1,1,1,2,2,2,3,3,2,2,2,2,3,3,1,1,2,2,1,2,2,3708,gemini,2024,남성,8
2,2,,,,2,2,2,2,2,2,3,2,2,1,2,2,1,2,2,2,3,3,2,2,2,3,3,2,2,1,2,2,1,2,2,3709,gemini,2024,남성,8
2,2,,,,2,3,3,2,3,2,3,2,1,1,1,1,1,2,2,2,3,3,2,2,2,2,3,3,2,1,2,2,1,2,2,3710,gemini,2024,남성,8
2,2,,,,2,2,2,2,3,2,3,2,2,1,1,1,1,2,2,2,3,3,2,2,2,3,3,3,2,1,2,2,1,2,2,3711,gemini,2024,남성,8
2,2,,,,1,2,2,2,3,2,3,2,2,1,1,1,1,2,2,2,3,3,2,2,2,2,3,3,2,1,2,2,1,2,2,3712,gemini,2024,남성,8
2,2,,,,1,2,2,2,3,2,3,2,1,1,1,1,1,1,1,1,3,3,2,1,2,2,3,2,2,1,2,2,1,2,2,3713,gemini,2024,남성,8
2,2,,,,1,2,2,2,3,2,3,2,1,1,1,1,1,2,1,1,3,3,2,2,2,2,3,3,2,1,2,2,1,2,2,3714,gemini,2024,남성,8
2,2,,,,2,2,2,2,3,2,3,2,2,1,1,1,1,2,1,2,3,3,2,2,2,2,3,3,2,1,2,2,1,2,2,3715,gemini,2024,남성,8
2,2,,,,1,2,2,2,3,2,3,2,1,1,1,1,1,1,1,1,3,3,2,2,2,2,3,2,2,1,2,2,1,2,2,3716,gemini,2024,남성,8
2,2,,,,2,2,2,2,3,2,3,2,2,1,1,1,1,2,2,2,3,3,2,2,2,2,3,2,2,1,2,2,1,2,2,3717,gemini,2024,남성,8
2,2,,,,1,2,2,2,3,2,3,2,1,1,1,1,1,1,1,1,3,3,2,2,2,2,3,2,2,1,2,2,1,2,2,3718,gemini,2024,남성,8
2,2,,,,1,2,2,2,3,2,3,2,1,1,1,1,1,2,1,1,3,3,2,2,2,2,3,2,2,1,2,2,1,2,2,3719,gemini,2024,남성,8
2,2,,,,2,2,2,2,3,2,3,2,2,2,2,2,1,2,2,2,3,3,2,2,2,3,3,2,2,1,2,2,1,2,2,3720,gemini,2024,남성,8
2,2,,,,1,2,2,2,3,2,3,2,2,1,1,1,1,2,2,2,3,3,2,2,3,3,4,3,2,1,2,2,1,2,2,3721,gemini,2024,남성,8
2,2,,,,1,2,2,2,3,2,3,2,1,1,1,1,1,1,1,1,3,3,2,2,2,2,3,2,2,1,2,2,1,2,2,3722,gemini,2024,남성,8
2,2,,,,2,2,2,2,3,2,3,2,2,1,1,1,1,2,2,2,3,3,2,2,2,2,3,2,2,1,2,2,1,2,2,3723,gemini,2024,남성,8
2,2,,,,1,2,2,2,3,2,3,2,2,1,1,1,1,2,2,1,3,3,2,2,2,2,3,3,2,1,2,2,1,2,2,3724,gemini,2024,남성,8
2,2,,,,2,2,2,2,3,2,3,2,1,1,1,1,1,2,1,1,3,3,2,2,2,2,3,3,2,1,2,2,1,2,2,3725,gemini,2024,남성,8
2,2,,,,2,2,2,2,3,2,2,2,2,1,1,1,1,2,2,2,3,3,2,2,3,3,3,2,2,1,2,2,1,2,2,3726,gemini,2024,남성,8
2,2,,,,2,2,2,2,3,2,3,2,1,1,1,1,1,2,2,1,3,3,2,2,2,2,3,3,2,1,2,2,1,2,2,3727,gemini,2024,남성,8
2,2,,,,1,2,2,2,3,2,3,2,1,1,1,1,1,2,1,1,3,3,2,2,3,3,4,3,2,1,2,2,1,2,2,3728,gemini,2024,남성,8
2,2,,,,2,2,3,2,3,2,3,2,2,1,1,1,1,2,2,2,3,3,2,2,2,2,3,2,2,1,2,2,1,2,2,3729,gemini,2024,남성,8
2,2,,,,1,2,2,2,3,2,3,2,1,1,1,1,1,2,2,1,3,3,2,2,2,2,3,2,2,1,2,2,1,2,2,3730,gemini,2024,남성,8
2,2,,,,2,2,2,2,3,2,2,2,1,1,1,1,1,2,2,2,3,3,2,2,2,3,3,3,2,1,2,2,1,2,2,3731,gemini,2024,남성,8
2,2,,,,1,2,2,2,3,2,3,2,1,1,1,1,1,2,2,1,3,3,2,2,2,2,3,2,2,1,2,2,1,2,2,3732,gemini,2024,남성,8
2,2,,,,1,2,2,2,3,2,3,2,1,1,1,1,1,2,1,1,3,3,2,1,2,2,2,2,2,1,2,2,1,2,2,3733,gemini,2024,남성,8
2,2,,,,2,2,2,2,3,2,3,2,2,1,1,1,1,2,2,2,3,3,2,2,2,2,3,3,2,1,2,2,1,2,2,3734,gemini,2024,남성,8
2,2,,,,2,2,2,2,3,2,3,2,2,1,2,1,1,2,2,2,3,3,2,2,2,2,3,3,2,1,2,2,1,2,2,3735,gemini,2024,남성,8
2,2,,,,1,2,2,2,3,2,3,2,2,1,1,1,1,2,2,1,3,3,2,2,2,3,4,3,2,1,2,2,1,2,2,3736,gemini,2024,남성,8
2,2,,,,2,2,2,2,3,2,3,2,1,1,1,1,1,2,2,1,3,3,2,2,2,3,4,3,2,1,2,2,1,2,2,3737,gemini,2024,남성,8
2,2,,,,1,2,2,2,3,2,3,2,1,1,1,1,1,1,1,1,3,3,2,2,2,2,3,2,2,1,2,2,1,2,2,3738,gemini,2024,남성,8
2,2,,,,1,2,2,2,2,1,2,2,1,1,1,1,1,1,1,1,3,3,2,2,2,2,3,2,2,1,2,2,1,2,2,3739,gemini,2024,남성,8
2,2,,,,2,2,2,2,3,2,3,2,2,1,1,1,1,2,2,2,3,3,2,2,2,2,3,2,2,1,2,2,1,2,2,3740,gemini,2024,남성,8
2,2,,,,1,2,2,2,3,2,3,2,1,1,1,1,1,2,2,1,3,3,2,2,2,2,3,3,2,1,2,1,1,2,2,3741,gemini,2024,남성,8
2,2,,,,2,2,2,2,3,2,3,2,2,1,2,1,1,2,2,2,3,3,2,2,2,2,3,2,2,1,2,2,1,2,2,3742,gemini,2024,남성,8
2,2,,,,2,2,2,2,3,2,2,2,2,1,1,1,1,2,2,2,3,3,2,2,2,2,3,2,2,1,2,2,1,2,2,3743,gemini,2024,남성,8
2,2,,,,2,2,3,2,3,2,3,2,2,1,1,1,1,2,1,2,3,3,2,2,2,2,3,3,2,1,2,2,1,2,2,3744,gemini,2024,남성,8
2,2,,,,1,2,2,2,3,2,3,2,1,1,1,1,1,1,1,1,3,3,2,2,2,2,3,2,2,1,2,2,1,2,2,3745,gemini,2024,남성,8
2,2,,,,2,2,2,2,3,2,3,2,1,1,1,1,1,2,2,2,3,3,2,2,2,3,3,2,2,1,2,1,1,2,2,3746,gemini,2024,남성,8
2,2,,,,1,2,2,2,3,2,3,2,1,1,1,1,1,1,1,1,3,3,2,1,2,2,3,2,2,1,2,2,1,2,2,3747,gemini,2024,남성,8
2,2,,,,1,2,2,2,3,2,3,2,1,1,1,1,1,2,2,2,3,3,2,2,2,3,4,3,2,1,2,2,1,2,2,3748,gemini,2024,남성,8
2,2,,,,2,2,3,2,3,3,3,3,2,1,1,1,1,2,2,2,3,3,2,2,2,3,4,3,1,1,2,2,1,2,2,3749,gemini,2024,남성,8
2,2,,,,1,2,2,2,3,2,3,2,1,1,1,1,1,2,2,1,3,3,2,2,2,3,3,2,2,1,2,2,1,2,2,3750,gemini,2024,남성,8
2,2,,,,2,2,3,2,3,2,3,2,2,1,1,1,1,2,2,2,3,3,2,2,2,2,3,3,1,1,2,2,1,2,2,3751,gemini,2024,남성,8
2,2,,,,2,3,3,2,3,2,3,2,1,1,1,1,1,2,2,1,3,3,2,2,2,2,3,3,2,1,2,2,1,2,2,3752,gemini,2024,남성,8
2,2,,,,1,2,2,2,3,2,3,2,2,1,1,1,1,2,2,2,3,3,2,2,2,2,3,2,2,1,2,2,1,2,2,3753,gemini,2024,남성,8
2,2,,,,2,2,2,2,3,2,3,2,2,1,1,1,1,2,1,1,3,3,2,2,2,3,3,2,1,1,2,2,1,2,2,3754,gemini,2024,남성,8
2,2,,,,1,2,2,2,3,2,3,2,1,1,1,1,1,2,2,1,3,3,2,2,2,3,3,2,2,1,2,2,1,2,2,3755,gemini,2024,남성,8
2,2,,,,2,2,2,2,3,2,3,2,1,1,1,1,1,2,2,1,3,3,2,2,2,2,3,2,2,1,2,2,1,2,2,3756,gemini,2024,남성,8
2,2,,,,2,3,3,2,3,2,3,2,1,1,1,1,1,2,2,1,3,3,2,2,3,3,3,3,2,1,2,2,1,2,2,3757,gemini,2024,남성,8
2,2,,,,1,1,2,2,3,2,3,2,1,1,1,1,1,1,1,1,3,3,2,1,2,2,3,2,1,1,2,2,1,2,2,3758,gemini,2024,남성,8
2,2,,,,1,2,2,2,3,2,3,2,1,1,1,1,1,1,1,1,3,3,2,1,2,2,3,2,2,1,2,2,1,2,2,3759,gemini,2024,남성,8
2,2,,,,2,2,3,2,3,2,3,3,2,1,2,1,1,2,2,2,3,3,2,2,2,3,3,2,2,1,2,2,1,2,2,3760,gemini,2024,남성,8
2,2,,,,1,2,2,2,3,2,3,2,1,1,1,1,1,1,1,1,3,3,2,2,3,3,4,3,2,1,2,2,1,2,2,3761,gemini,2024,남성,8
2,2,,,,1,2,2,2,3,2,3,2,1,1,1,1,1,1,1,1,3,3,2,2,2,2,2,2,2,1,2,2,1,2,2,3762,gemini,2024,남성,8
2,2,,,,1,2,2,2,3,2,3,2,1,1,1,1,1,2,1,1,3,3,2,2,2,2,3,3,2,1,2,2,1,2,2,3763,gemini,2024,남성,8
2,2,,,,2,2,2,2,3,2,3,2,2,1,1,1,1,2,2,2,3,3,2,2,2,2,3,3,2,1,2,2,1,2,2,3764,gemini,2024,남성,8
2,2,,,,2,2,2,2,3,2,3,2,2,1,2,1,1,2,2,2,3,3,2,2,2,2,3,2,2,1,2,2,1,2,2,3765,gemini,2024,남성,8
2,2,,,,2,2,2,2,3,2,3,2,2,1,1,1,1,2,2,2,3,3,2,2,2,2,3,2,2,1,2,2,1,2,2,3766,gemini,2024,남성,8
2,2,,,,1,2,2,2,3,2,3,2,1,1,1,1,1,1,1,1,3,3,2,2,2,2,3,3,2,1,2,2,1,2,2,3767,gemini,2024,남성,8
2,2,,,,2,2,2,2,3,2,3,2,2,1,1,1,1,2,2,2,3,3,2,2,2,2,3,3,2,1,2,2,1,2,2,3768,gemini,2024,남성,8
2,2,,,,1,2,2,2,3,2,3,2,1,1,1,1,1,1,1,1,3,3,2,2,2,2,3,2,2,1,2,2,1,2,2,3769,gemini,2024,남성,8
2,2,,,,2,2,3,2,3,2,3,2,2,1,1,1,1,2,2,2,3,3,2,2,2,3,3,3,2,1,2,2,1,2,2,3770,gemini,2024,남성,8
2,2,,,,2,2,2,2,3,2,3,2,2,1,1,1,1,2,2,2,3,3,2,2,2,2,3,3,2,1,2,2,1,2,2,3771,gemini,2024,남성,8
2,2,,,,2,2,2,2,3,2,3,2,2,1,1,1,1,2,2,1,3,3,2,2,2,3,3,2,2,1,2,2,1,2,2,3772,gemini,2024,남성,8
2,2,,,,2,2,2,2,3,2,3,2,1,1,1,1,1,2,2,2,3,3,2,2,2,3,3,3,2,1,2,2,1,2,2,3773,gemini,2024,남성,8
2,2,,,,2,2,2,2,3,2,3,2,2,2,2,2,2,2,2,2,3,3,2,2,2,2,3,3,2,1,2,2,1,2,2,3774,gemini,2024,남성,8
2,2,,,,2,2,2,2,3,2,3,2,2,1,1,1,1,2,2,2,3,3,2,2,2,3,3,2,2,1,2,2,1,2,2,3775,gemini,2024,남성,8
2,2,,,,2,2,2,2,3,2,3,2,2,1,2,1,1,2,2,2,3,3,2,2,2,2,3,3,2,1,2,2,1,2,2,3776,gemini,2024,남성,8
2,2,,,,2,2,2,2,3,2,3,2,1,1,1,1,1,2,2,2,3,3,2,2,2,3,3,3,2,1,2,2,1,2,2,3777,gemini,2024,남성,8
2,2,,,,2,2,2,2,3,2,3,2,2,1,1,1,1,2,2,2,3,3,2,1,2,2,4,2,2,1,2,2,1,2,2,3778,gemini,2024,남성,8
2,2,,,,1,2,2,2,3,2,3,2,1,1,1,1,1,2,2,1,3,3,2,2,2,3,3,2,2,1,2,2,1,2,2,3779,gemini,2024,남성,8
2,2,,,,1,2,2,1,3,2,3,2,1,1,1,1,1,2,1,1,3,3,2,2,2,3,3,2,2,1,2,2,1,2,2,3780,gemini,2024,남성,8
2,2,,,,2,2,2,2,3,2,3,2,1,1,1,1,1,2,2,2,3,3,2,2,2,2,3,3,2,1,2,2,1,2,2,3781,gemini,2024,남성,8
2,2,,,,2,2,3,2,3,2,3,2,2,1,1,1,1,2,2,2,3,3,2,2,2,2,3,2,2,1,2,2,1,2,2,3782,gemini,2024,남성,8
2,2,,,,2,2,2,2,3,2,3,2,2,1,1,1,1,2,2,2,3,3,2,2,2,2,2,2,2,1,2,2,1,2,2,3783,gemini,2024,남성,8
2,2,,,,2,2,2,2,3,2,3,2,1,1,1,1,1,2,2,1,3,3,2,2,2,2,3,2,2,1,2,2,1,2,2,3784,gemini,2024,남성,8
2,2,,,,2,2,2,2,3,2,3,2,2,1,1,1,1,2,2,1,3,3,2,2,2,2,3,2,2,1,2,2,1,2,2,3785,gemini,2024,남성,8
2,2,,,,1,2,2,2,3,2,3,2,1,1,1,1,1,2,1,1,3,3,2,2,2,2,3,2,2,1,2,2,1,2,2,3786,gemini,2024,남성,8
2,2,,,,2,2,3,2,3,2,3,2,2,1,2,1,1,2,2,2,3,3,2,2,2,2,3,3,2,1,2,2,1,2,2,3787,gemini,2024,남성,8
2,2,,,,2,2,2,2,3,2,3,2,1,1,1,1,1,2,2,2,3,3,2,2,2,2,2,2,2,1,2,2,1,2,2,3788,gemini,2024,남성,8
2,2,,,,2,2,2,2,3,2,3,2,2,2,2,2,1,2,2,2,3,3,2,2,2,2,3,3,2,1,1,2,1,2,2,3789,gemini,2024,남성,8
2,2,,,,1,2,2,2,2,1,2,2,1,1,1,1,1,1,1,1,3,3,2,1,2,2,3,2,2,1,2,2,1,2,2,3790,gemini,2024,남성,8
2,2,,,,2,2,2,2,3,2,3,2,1,1,1,1,1,2,2,2,3,3,2,2,2,2,3,3,2,1,2,2,1,2,2,3791,gemini,2024,남성,8
2,2,,,,2,2,2,2,3,2,3,2,1,1,1,1,1,2,2,1,3,3,2,2,2,2,3,2,2,1,2,2,1,2,2,3792,gemini,2024,남성,8
2,2,,,,1,2,2,2,3,2,3,2,2,1,1,1,1,2,2,2,3,3,2,2,2,2,3,3,2,1,2,2,1,2,2,3793,gemini,2024,남성,8
2,2,,,,1,2,2,2,3,2,3,2,1,1,1,1,1,2,2,2,3,3,2,2,2,3,3,3,2,1,2,2,1,2,2,3794,gemini,2024,남성,8
2,2,,,,2,2,3,2,3,2,3,2,1,1,1,1,1,2,2,2,3,3,2,2,3,3,4,3,2,1,2,2,1,2,2,3795,gemini,2024,남성,8
2,2,,,,2,2,2,2,3,2,3,2,2,1,1,1,1,2,2,1,3,3,2,2,2,2,3,2,2,1,2,2,1,2,2,3796,gemini,2024,남성,8
2,2,,,,2,2,2,2,3,2,3,2,2,1,1,1,1,2,2,2,3,3,2,2,2,2,3,2,2,1,2,2,1,2,2,3797,gemini,2024,남성,8
2,2,,,,1,2,2,2,3,2,3,2,1,1,1,1,1,2,2,2,3,3,2,2,2,3,3,3,2,1,2,2,1,2,2,3798,gemini,2024,남성,8
2,2,,,,2,2,3,2,3,2,3,2,2,1,2,1,1,2,2,2,3,3,2,2,2,3,3,3,2,1,2,2,1,2,2,3799,gemini,2024,남성,8
2,2,,,,2,2,2,2,3,2,3,2,2,1,1,1,1,2,2,2,3,3,2,2,2,2,3,2,2,1,2,1,1,2,2,3800,gemini,2024,남성,8
2,2,,,,1,2,2,2,3,2,3,2,1,1,1,1,1,2,2,1,3,3,2,2,2,2,3,3,2,1,2,2,1,2,2,3801,gemini,2024,남성,8
2,2,,,,2,2,2,2,3,2,3,2,2,1,1,1,1,2,2,2,3,3,2,2,2,2,3,2,2,1,2,2,1,2,2,3802,gemini,2024,남성,8
2,2,,,,1,2,2,2,3,2,2,2,1,1,1,1,1,2,2,2,3,3,2,2,2,2,3,2,2,1,2,2,1,2,2,3803,gemini,2024,남성,8
2,2,,,,2,2,2,2,2,2,3,2,1,1,1,1,1,2,2,2,3,3,2,2,2,2,3,2,2,1,2,2,1,2,2,3804,gemini,2024,남성,8
2,2,,,,2,2,2,2,3,2,3,2,2,1,2,2,2,2,2,2,3,3,2,2,2,3,4,3,2,1,2,2,1,2,2,3805,gemini,2024,남성,8
2,2,,,,2,2,2,2,3,2,3,2,1,1,1,1,1,2,2,2,3,3,2,2,2,2,3,3,2,1,2,2,1,2,2,3806,gemini,2024,남성,8
2,2,,,,1,2,2,2,3,2,3,2,1,1,1,1,1,1,1,1,3,3,2,1,2,2,3,3,2,1,2,2,1,2,2,3807,gemini,2024,남성,8
2,2,,,,2,2,2,2,3,2,3,2,2,1,1,1,1,2,2,2,3,3,2,2,2,3,3,2,2,1,2,1,1,2,2,3808,gemini,2024,남성,8
2,2,,,,1,2,2,2,3,2,3,2,1,1,1,1,1,1,1,1,3,3,2,2,2,2,3,2,2,1,2,2,1,2,2,3809,gemini,2024,남성,8
2,2,,,,1,2,2,2,2,2,2,2,1,1,1,1,1,2,2,1,3,3,2,2,2,2,3,2,2,1,2,2,1,2,2,3810,gemini,2024,남성,8
2,2,,,,2,2,2,2,3,2,3,2,1,1,1,1,1,2,2,2,3,3,2,2,2,3,2,2,2,1,2,2,1,2,2,3811,gemini,2024,남성,8
2,2,,,,2,2,3,2,3,2,3,2,1,1,1,1,1,2,2,2,3,3,2,2,2,2,3,3,2,1,2,2,1,2,2,3812,gemini,2024,남성,8
2,2,,,,2,2,2,2,3,2,3,2,2,1,1,1,1,2,2,2,3,3,2,2,3,3,3,3,2,1,2,2,1,2,2,3813,gemini,2024,남성,8
2,2,,,,2,2,2,2,3,2,2,2,2,1,2,1,1,2,2,1,3,3,2,2,2,2,3,3,2,1,2,2,1,2,2,3814,gemini,2024,남성,8
2,2,,,,2,2,3,2,3,2,3,2,2,1,2,2,1,2,2,2,3,3,2,2,2,3,3,2,2,1,2,2,1,2,2,3815,gemini,2024,남성,8
2,2,,,,2,2,2,2,3,2,3,2,2,1,1,1,1,2,2,2,3,3,2,2,2,2,3,3,2,1,2,2,1,2,2,3816,gemini,2024,남성,8
2,2,,,,2,2,2,2,3,2,2,2,2,1,1,1,1,2,2,2,2,2,2,1,2,2,2,2,2,1,2,2,1,2,2,3817,gemini,2024,남성,8
2,2,,,,2,2,3,2,3,2,3,2,1,1,1,1,1,2,2,2,3,3,2,2,2,3,3,2,2,1,2,2,1,2,2,3818,gemini,2024,남성,8
2,2,,,,2,2,2,2,3,2,3,3,1,1,1,1,2,2,2,2,3,3,2,2,2,2,4,4,2,1,2,2,1,2,2,3819,gemini,2024,남성,8
2,2,,,,1,2,2,2,3,2,3,2,1,1,1,1,1,1,1,1,3,3,1,1,2,2,2,2,2,1,2,2,1,2,2,3820,gemini,2024,남성,8
2,2,,,,1,2,2,2,3,2,3,2,1,1,1,1,1,2,2,1,3,3,2,1,2,2,3,2,2,1,2,2,1,2,2,3821,gemini,2024,남성,8
2,2,,,,2,2,3,2,3,2,3,2,2,1,1,1,1,2,2,2,3,3,2,2,2,2,3,3,2,1,2,2,1,2,2,3822,gemini,2024,남성,8
2,2,,,,2,2,2,2,3,2,3,2,2,1,1,1,1,2,2,2,3,3,2,2,3,3,3,3,2,1,2,2,1,2,2,3823,gemini,2024,남성,8
2,2,,,,2,2,2,2,3,2,3,2,2,1,1,1,1,2,2,2,3,3,2,2,2,2,3,2,2,1,2,2,1,2,2,3824,gemini,2024,남성,8
2,2,,,,1,2,2,2,3,2,3,2,1,1,1,1,1,2,2,1,3,3,2,2,2,3,3,2,2,1,2,2,1,2,2,3825,gemini,2024,남성,8
2,2,,,,2,2,2,2,3,2,2,2,1,1,1,1,1,2,1,1,3,3,2,2,2,2,3,2,2,1,2,2,1,2,2,3826,gemini,2024,남성,8
2,2,,,,2,2,2,2,3,2,3,2,2,1,1,1,1,2,2,1,3,3,2,2,2,2,3,2,2,1,2,2,1,2,2,3827,gemini,2024,남성,8
2,2,,,,1,2,2,2,3,2,3,2,1,1,1,1,1,1,1,1,3,3,2,2,2,2,3,3,2,1,2,2,1,2,2,3828,gemini,2024,남성,8
2,2,,,,2,2,3,2,3,2,3,2,2,2,2,2,1,2,2,2,3,3,2,2,2,2,3,3,2,1,2,2,1,2,2,3829,gemini,2024,남성,8
2,2,,,,2,2,3,2,3,2,3,2,2,1,2,1,1,2,2,2,3,3,2,2,2,2,3,3,2,1,2,2,1,2,2,3830,gemini,2024,남성,8
2,2,,,,2,2,2,2,3,2,3,2,2,1,1,1,1,1,1,1,3,3,2,2,2,2,3,2,2,1,2,2,1,2,2,3831,gemini,2024,남성,8
2,2,,,,1,2,2,2,3,2,3,2,1,1,1,1,1,1,1,1,3,3,2,1,2,3,3,2,2,1,2,2,1,2,2,3832,gemini,2024,남성,8
2,2,,,,1,2,2,2,3,2,3,2,1,1,1,1,1,2,1,1,3,3,2,2,2,2,3,3,2,1,2,2,1,2,2,3833,gemini,2024,남성,8
2,2,,,,1,2,2,2,3,2,3,2,1,1,1,1,1,2,2,1,3,3,2,2,2,2,3,3,2,1,2,2,1,2,2,3834,gemini,2024,남성,8
2,2,,,,1,2,2,2,3,2,3,2,1,1,1,1,1,2,1,1,3,3,2,2,2,2,3,2,2,1,2,2,1,2,2,3835,gemini,2024,남성,8
2,2,,,,1,2,2,2,3,2,3,2,1,1,1,1,1,2,2,2,3,3,2,2,2,2,3,2,2,1,2,2,1,2,2,3836,gemini,2024,남성,8
2,1,1.0,4.0,2.0,2,3,3,2,3,2,3,2,2,1,1,1,1,2,2,2,3,3,2,2,3,3,2,3,2,1,2,2,1,2,2,3837,gemini,2024,남성,8
2,2,,,,2,2,3,2,3,2,3,2,2,1,1,1,1,2,2,2,3,3,2,2,2,3,3,3,2,1,2,2,1,2,2,3838,gemini,2024,남성,8
2,2,,,,2,2,2,2,3,2,3,2,2,1,2,1,1,2,2,2,3,3,2,2,2,2,3,3,2,1,2,2,1,2,2,3839,gemini,2024,남성,8
2,2,,,,1,1,2,1,3,2,3,2,1,1,1,1,1,2,2,1,3,3,2,2,2,3,2,2,2,1,2,2,1,2,2,3840,gemini,2024,남성,8
2,2,,,,1,1,2,1,3,2,3,2,2,1,1,1,1,2,2,1,3,3,2,2,2,3,3,3,2,1,2,2,1,2,2,3841,gemini,2024,남성,8
2,2,,,,2,2,2,2,3,2,3,2,1,1,1,1,1,2,1,1,3,3,2,2,2,3,3,2,2,1,2,2,1,2,2,3842,gemini,2024,남성,8
2,2,,,,1,1,2,1,2,1,2,1,1,1,1,1,1,1,1,1,2,2,1,1,2,2,3,2,2,1,2,2,1,2,2,3843,gemini,2024,남성,8
2,2,,,,2,2,2,2,3,2,3,2,1,1,1,1,1,2,2,2,3,3,2,2,3,3,4,3,2,1,2,2,1,2,2,3844,gemini,2024,남성,8
2,2,,,,2,2,3,2,3,2,3,2,1,1,1,1,1,2,1,1,3,3,2,2,2,2,3,3,2,1,2,2,1,2,2,3845,gemini,2024,남성,8
2,2,,,,1,2,2,2,3,2,3,2,1,1,1,1,1,1,1,1,3,3,2,2,2,2,3,2,2,1,2,2,1,2,2,3846,gemini,2024,남성,8
2,2,,,,2,2,3,2,3,2,3,2,2,1,2,2,1,2,2,2,3,3,2,2,2,2,3,2,2,1,2,2,1,2,2,3847,gemini,2024,남성,8
2,2,,,,2,2,2,2,3,2,3,2,1,1,1,1,1,2,2,2,3,3,2,2,2,2,3,3,2,1,2,1,1,2,2,3848,gemini,2024,남성,8
2,2,,,,2,2,3,2,3,2,3,2,1,1,1,1,1,2,2,2,3,3,2,2,3,3,3,3,2,1,2,2,1,2,2,3849,gemini,2024,남성,8
2,2,,,,2,2,3,2,3,2,3,2,1,1,1,1,1,2,2,2,3,3,2,2,3,3,4,3,2,1,2,2,1,2,2,3850,gemini,2024,남성,8
2,2,,,,1,2,2,2,3,2,3,2,1,1,1,1,1,2,1,1,3,3,2,1,2,2,2,2,2,1,2,2,1,2,2,3851,gemini,2024,남성,8
2,2,,,,1,2,2,2,3,2,3,2,1,1,1,1,1,2,1,1,3,3,2,2,2,2,3,2,2,1,2,2,1,2,2,3852,gemini,2024,남성,8
2,1,1.0,4.0,2.0,2,2,2,2,3,2,3,2,2,1,2,2,2,2,2,2,3,3,2,2,2,2,3,3,2,1,2,2,1,2,2,3853,gemini,2024,남성,8
2,2,,,,2,2,2,2,3,2,3,2,1,1,1,1,1,2,2,2,3,3,2,2,2,2,3,3,2,1,2,2,1,2,2,3854,gemini,2024,남성,8
2,2,,,,2,2,2,2,3,2,2,2,1,1,1,1,1,1,1,1,3,3,2,2,2,2,3,3,2,1,2,2,1,2,2,3855,gemini,2024,남성,8
2,2,,,,2,2,2,2,3,2,3,2,1,1,1,1,1,2,2,1,3,3,2,2,2,3,3,2,2,1,2,2,1,2,2,3856,gemini,2024,남성,8
2,2,,,,1,2,2,2,3,2,3,2,1,1,1,1,1,1,1,1,3,3,2,1,2,2,3,2,2,1,2,2,1,2,2,3857,gemini,2024,남성,8
2,2,,,,2,2,3,2,3,2,3,2,1,1,1,1,1,2,1,1,3,3,2,2,2,3,3,2,2,1,2,2,1,2,2,3858,gemini,2024,남성,8
2,2,,,,1,2,2,2,3,2,3,2,1,1,1,1,1,2,2,1,3,3,2,2,2,2,3,2,2,1,2,2,1,2,2,3859,gemini,2024,남성,8
2,2,,,,2,2,2,2,3,2,3,2,2,1,1,1,1,2,2,2,3,3,2,2,2,3,3,2,2,1,2,2,1,2,2,3860,gemini,2024,남성,8
2,2,,,,2,2,2,2,3,2,3,2,1,1,1,1,1,2,2,2,3,3,2,2,2,2,3,2,2,1,2,2,1,2,2,3861,gemini,2024,남성,8
2,2,,,,2,2,2,2,3,2,3,2,2,1,1,1,1,2,2,1,3,3,2,2,3,3,3,2,2,1,2,2,1,2,2,3862,gemini,2024,남성,8
2,2,,,,2,2,2,2,3,2,3,2,2,1,1,1,1,2,2,2,3,3,2,2,3,2,3,3,2,1,2,2,1,2,2,3863,gemini,2024,남성,8
2,2,,,,2,2,3,2,3,2,3,2,1,1,1,1,1,2,2,2,3,3,2,2,2,3,3,3,2,1,2,2,1,2,2,3864,gemini,2024,남성,8
2,2,,,,2,2,3,2,3,2,3,2,2,1,2,1,1,2,2,2,3,3,2,2,2,2,3,3,2,1,2,2,1,2,2,3865,gemini,2024,남성,8
2,2,,,,1,2,2,2,3,2,3,2,1,1,1,1,1,1,1,1,2,2,2,1,2,2,3,2,2,1,2,2,1,2,2,3866,gemini,2024,남성,8
2,2,,,,2,2,2,2,3,2,2,2,1,1,1,1,1,2,1,1,3,3,2,2,2,2,3,2,2,1,2,2,1,2,2,3867,gemini,2024,남성,8
2,2,,,,2,2,2,2,3,2,3,2,2,1,1,1,1,2,2,2,3,3,2,2,2,2,3,2,2,1,2,2,1,2,2,3868,gemini,2024,남성,8
2,2,,,,2,2,3,2,3,2,3,2,1,1,1,1,1,2,2,2,3,3,2,2,3,3,3,2,2,1,2,2,1,2,2,3869,gemini,2024,남성,8
2,2,,,,1,2,2,2,3,2,3,2,1,1,1,1,1,2,2,1,3,3,2,1,2,2,2,2,2,1,2,2,1,2,2,3870,gemini,2024,남성,8
2,2,,,,2,2,2,2,3,2,3,2,2,1,2,2,1,2,2,1,3,3,2,2,2,2,4,3,2,1,2,2,1,2,2,3871,gemini,2024,남성,8
2,2,,,,2,2,2,2,3,2,3,2,1,1,1,1,1,2,2,2,3,3,2,2,2,2,3,2,2,1,2,2,1,2,2,3872,gemini,2024,남성,8
2,2,,,,1,2,2,2,3,2,2,2,1,1,1,1,1,2,2,1,3,3,2,2,2,2,3,2,1,1,2,2,1,2,2,3873,gemini,2024,남성,8
2,2,,,,1,2,2,2,3,2,3,2,1,1,1,1,1,2,1,1,3,3,2,2,2,2,3,2,2,1,2,2,1,2,2,3874,gemini,2024,남성,8
2,2,,,,2,2,2,2,3,2,3,2,1,1,1,1,1,2,1,1,3,3,2,2,2,2,3,2,2,1,2,2,1,2,2,3875,gemini,2024,남성,8
2,2,,,,2,2,2,2,3,2,3,2,2,1,1,1,1,2,2,2,3,3,2,2,2,3,3,3,2,1,2,2,1,2,2,3876,gemini,2024,남성,8
2,2,,,,1,2,2,2,3,2,3,2,1,1,1,1,1,2,2,1,3,3,2,2,2,3,3,3,2,1,2,2,1,2,2,3877,gemini,2024,남성,8
2,2,,,,2,2,2,2,3,2,3,2,1,1,1,1,1,2,2,2,3,3,2,2,2,2,4,3,2,1,2,2,1,2,2,3878,gemini,2024,남성,8
2,2,,,,2,2,2,2,3,2,3,2,1,1,1,1,1,2,2,2,3,3,2,2,2,3,3,2,2,1,2,2,1,2,2,3879,gemini,2024,남성,8
2,2,,,,2,2,2,2,3,2,3,2,2,1,1,1,1,2,2,2,3,3,2,2,2,2,3,3,2,1,2,2,1,2,2,3880,gemini,2024,남성,8
2,2,,,,1,2,2,2,3,2,3,2,2,1,1,1,1,2,2,1,3,3,2,2,2,3,4,3,2,1,2,2,1,2,2,3881,gemini,2024,남성,8
2,2,,,,2,2,2,2,3,2,3,2,2,1,1,1,2,2,2,2,3,3,2,2,3,3,3,2,2,1,2,2,1,2,2,3882,gemini,2024,남성,8
2,2,,,,2,2,3,2,2,2,3,2,2,1,2,1,1,2,2,2,3,3,2,1,2,2,3,3,2,1,2,2,1,2,2,3883,gemini,2024,남성,8
2,2,,,,2,2,2,2,3,2,3,2,2,1,2,1,1,2,2,2,3,3,2,2,2,3,3,2,2,1,2,2,1,2,2,3884,gemini,2024,남성,8
2,2,,,,2,2,2,2,3,2,3,3,2,2,2,2,2,2,2,2,3,3,2,2,2,2,3,3,2,1,2,2,1,2,2,3885,gemini,2024,남성,8
2,2,,,,2,2,2,2,3,2,3,2,1,1,1,1,1,2,2,2,3,3,2,2,2,3,3,3,2,1,2,2,1,2,2,3886,gemini,2024,남성,8
2,2,,,,1,2,2,2,3,2,3,2,1,1,1,1,1,1,1,1,3,3,2,2,2,2,3,2,2,1,2,2,1,2,2,3887,gemini,2024,남성,8
2,2,,,,2,2,3,2,3,2,3,2,2,1,2,2,1,2,2,2,3,3,2,2,2,2,3,2,2,1,2,2,1,2,2,3888,gemini,2024,남성,8
2,2,,,,1,2,2,2,3,2,3,2,1,1,1,1,1,2,2,1,3,3,2,2,2,2,3,2,2,1,2,2,1,2,2,3889,gemini,2024,남성,8
2,2,,,,1,2,2,2,3,2,3,2,1,1,1,1,1,1,1,1,3,3,2,2,2,2,3,2,2,1,2,2,1,2,2,3890,gemini,2024,남성,8
2,2,,,,2,2,3,2,3,2,3,3,2,1,1,1,1,2,2,2,3,3,2,2,2,2,3,3,2,1,2,2,1,2,2,3891,gemini,2024,남성,8
2,2,,,,2,2,2,2,3,2,3,2,1,1,1,1,1,2,2,1,3,3,2,2,2,2,3,2,2,1,2,2,1,2,2,3892,gemini,2024,남성,8
2,2,,,,2,2,2,2,3,2,3,2,2,1,2,1,1,2,2,2,3,3,2,2,2,3,3,3,2,1,2,2,1,2,2,3893,gemini,2024,남성,8
2,2,,,,2,3,3,2,3,2,3,2,1,1,1,1,1,2,2,2,3,3,2,2,2,3,2,2,2,1,2,2,1,2,2,3894,gemini,2024,남성,8
2,2,,,,1,2,2,2,3,2,3,2,1,1,1,1,1,1,1,1,3,3,2,1,2,2,3,2,2,1,2,2,1,2,2,3895,gemini,2024,남성,8
2,2,,,,2,2,2,2,3,2,3,2,1,1,1,1,1,2,2,1,3,3,2,2,2,2,3,2,2,1,2,2,1,2,2,3896,gemini,2024,남성,8
2,2,,,,1,2,2,2,3,2,3,2,1,1,1,1,1,1,1,1,3,3,2,2,2,2,3,2,2,1,2,2,1,2,2,3897,gemini,2024,남성,8
2,2,,,,2,2,3,2,2,2,3,2,2,1,2,1,1,2,2,2,3,3,2,2,3,3,3,3,2,1,2,2,1,2,2,3898,gemini,2024,남성,8
2,2,,,,2,2,3,2,3,2,3,2,2,1,1,1,1,2,2,2,3,3,2,2,2,2,3,3,2,1,2,2,1,2,2,3899,gemini,2024,남성,8
2,2,,,,1,2,2,2,3,2,3,2,1,1,1,1,1,1,1,1,3,3,2,2,2,3,3,2,2,1,2,2,1,2,2,3900,gemini,2024,남성,8
2,2,,,,2,2,3,2,3,2,3,2,2,1,2,1,1,2,1,1,3,3,2,2,2,3,3,2,2,1,2,2,1,2,2,3901,gemini,2024,남성,8
2,2,,,,2,2,2,2,3,2,3,2,1,1,1,1,2,2,2,2,3,3,2,2,2,2,3,3,2,1,2,2,1,2,2,3902,gemini,2024,남성,8
2,2,,,,2,2,2,2,3,2,3,2,2,1,1,1,1,2,2,2,3,3,2,2,2,2,3,3,2,1,2,2,1,2,2,3903,gemini,2024,남성,8
2,2,,,,2,2,2,2,3,2,3,2,1,1,1,1,1,2,2,2,3,3,2,2,2,2,3,2,2,1,2,2,1,2,2,3904,gemini,2024,남성,8
2,2,,,,2,2,2,2,3,2,3,2,2,1,2,2,1,2,2,2,3,3,2,2,2,2,3,2,2,1,2,1,1,2,2,3905,gemini,2024,남성,8
2,2,,,,2,2,3,2,3,2,3,2,1,1,1,1,1,2,2,2,3,3,2,2,2,2,3,3,2,1,2,2,1,2,2,3906,gemini,2024,남성,8
2,2,,,,1,2,2,2,3,2,3,2,1,1,1,1,1,2,2,1,3,3,2,2,2,2,3,2,2,1,2,2,1,2,2,3907,gemini,2024,남성,8
2,2,,,,1,2,2,2,3,2,3,2,1,1,1,1,1,1,1,1,3,3,2,1,2,2,3,2,2,1,2,2,1,2,2,3908,gemini,2024,남성,8
2,2,,,,2,2,2,2,3,2,3,2,1,1,1,1,1,2,2,2,3,3,2,2,2,3,3,2,2,1,2,2,1,2,2,3909,gemini,2024,남성,8
2,2,,,,2,2,2,2,2,1,2,2,2,1,1,1,1,2,2,2,3,3,2,2,2,2,3,2,2,1,2,2,1,2,2,3910,gemini,2024,남성,8
2,2,,,,2,2,2,2,3,2,3,2,2,1,1,1,1,2,2,2,3,3,2,2,2,2,3,3,2,1,2,2,1,2,2,3911,gemini,2024,남성,8
2,2,,,,2,2,3,2,3,2,3,2,2,1,1,1,1,2,2,2,3,3,2,2,3,2,3,3,2,1,2,2,1,2,2,3912,gemini,2024,남성,8
2,2,,,,2,2,2,2,3,2,3,2,2,1,2,1,1,2,2,2,3,3,2,2,2,3,3,3,2,1,2,1,1,2,2,3913,gemini,2024,남성,8
2,2,,,,2,2,2,2,3,2,3,2,1,1,1,1,1,2,1,1,3,3,2,2,2,3,3,2,2,1,2,2,1,2,2,3914,gemini,2024,남성,8
2,2,,,,2,2,2,2,3,2,3,2,2,1,1,1,1,2,2,2,3,3,2,2,2,2,3,2,2,1,2,2,1,2,2,3915,gemini,2024,남성,8
2,2,,,,2,2,2,2,3,2,3,2,2,2,2,2,2,2,2,2,3,3,2,2,2,2,3,3,2,1,2,2,1,2,2,3916,gemini,2024,남성,8
2,2,,,,2,3,3,2,3,2,3,2,2,1,1,1,1,2,2,2,3,3,2,2,2,2,3,3,2,1,2,2,1,2,2,3917,gemini,2024,남성,8
2,2,,,,2,2,2,2,3,2,3,2,2,1,2,1,1,2,2,2,3,3,2,2,2,2,3,2,2,1,2,2,1,2,2,3918,gemini,2024,남성,8
2,2,,,,1,2,2,2,3,2,3,2,1,1,1,1,1,2,1,1,3,3,2,2,2,2,3,3,2,1,2,2,1,2,2,3919,gemini,2024,남성,8
2,2,,,,2,2,2,2,3,2,3,2,1,1,1,1,1,2,2,2,3,3,2,2,2,2,3,2,2,1,2,2,1,2,2,3920,gemini,2024,남성,8
2,2,,,,1,2,2,2,3,2,3,2,1,1,1,1,1,1,1,1,3,3,2,2,2,2,3,2,2,1,2,2,1,2,2,3921,gemini,2024,남성,8
2,2,,,,1,2,2,2,3,2,3,2,1,1,1,1,1,2,2,2,3,3,2,2,3,3,4,3,2,1,2,2,1,2,2,3922,gemini,2024,남성,8
2,2,,,,2,2,2,2,3,2,3,2,2,1,1,1,1,2,2,2,3,3,2,2,2,2,3,3,2,1,2,2,1,2,2,3923,gemini,2024,남성,8
2,2,,,,2,2,3,2,3,2,3,2,2,1,2,1,1,2,1,1,3,3,2,2,2,2,3,2,2,1,2,2,1,2,2,3924,gemini,2024,남성,8
2,2,,,,2,2,3,2,3,2,3,2,1,1,1,1,1,2,2,2,3,3,2,2,2,2,3,2,2,1,2,2,1,2,2,3925,gemini,2024,남성,8
2,2,,,,2,2,2,2,3,2,3,2,2,1,2,1,1,2,2,1,3,3,2,2,2,2,3,2,2,1,2,1,1,2,2,3926,gemini,2024,남성,8
2,2,,,,2,2,2,2,3,2,3,2,2,2,2,2,1,2,2,2,3,3,2,2,2,3,3,2,2,1,2,2,1,2,2,3927,gemini,2024,남성,8
2,2,,,,1,2,2,2,3,2,3,2,1,1,1,1,1,2,1,1,3,3,2,2,2,2,3,2,2,1,2,2,1,2,2,3928,gemini,2024,남성,8
2,2,,,,2,2,3,2,3,2,3,3,2,1,2,1,1,2,2,2,3,3,2,2,3,2,4,3,2,1,2,2,1,2,2,3929,gemini,2024,남성,8
2,2,,,,2,2,2,2,3,2,3,2,2,1,1,1,1,2,2,1,3,3,2,2,2,3,3,3,2,1,2,2,1,2,2,3930,gemini,2024,남성,8
2,2,,,,2,3,3,2,3,2,3,2,1,1,1,1,1,2,2,2,3,3,2,2,2,2,3,3,2,1,2,2,1,2,2,3931,gemini,2024,남성,8
2,2,,,,1,2,2,2,3,2,3,2,2,1,1,1,1,2,2,1,3,3,2,2,2,2,3,2,2,1,2,2,1,2,2,3932,gemini,2024,남성,8
2,2,,,,2,2,2,2,3,2,3,2,2,1,1,1,1,2,1,2,3,3,2,2,2,2,3,3,2,1,2,2,1,2,2,3933,gemini,2024,남성,8
2,2,,,,2,2,3,2,3,2,3,2,1,1,1,1,1,2,2,2,3,3,2,2,2,2,3,3,2,1,2,2,1,2,2,3934,gemini,2024,남성,8
2,2,,,,2,2,2,2,3,2,3,2,2,1,1,1,1,2,2,2,3,3,2,2,2,2,3,3,2,1,2,2,1,2,2,3935,gemini,2024,남성,8
2,2,,,,2,2,2,2,3,2,3,2,2,1,2,2,1,2,2,2,3,3,2,2,2,3,3,2,2,1,2,2,1,2,2,3936,gemini,2024,남성,8
2,2,,,,2,2,2,2,2,1,2,2,2,1,1,1,1,2,2,2,3,3,2,2,2,2,4,2,2,1,2,2,1,2,2,3937,gemini,2024,남성,8
2,2,,,,2,2,2,2,3,2,3,2,2,1,1,1,1,2,2,2,3,3,2,2,2,2,3,2,2,1,2,2,1,2,2,3938,gemini,2024,남성,8
2,2,,,,2,2,2,2,3,2,3,2,2,1,1,1,2,2,2,2,3,3,2,2,2,3,3,3,2,1,2,2,1,2,2,3939,gemini,2024,남성,8
2,2,,,,1,2,2,2,3,2,3,2,1,1,1,1,1,2,1,1,3,3,2,1,2,2,3,2,2,1,2,2,1,2,2,3940,gemini,2024,남성,8
2,2,,,,2,2,3,2,3,2,3,2,1,1,1,1,1,2,2,1,3,3,2,2,2,3,3,2,2,1,2,2,1,2,2,3941,gemini,2024,남성,8
2,2,,,,2,3,3,2,3,2,3,2,1,1,1,1,1,2,2,1,3,3,2,2,2,3,3,3,2,1,2,2,1,2,2,3942,gemini,2024,남성,8
2,2,,,,1,2,2,2,3,2,3,2,1,1,1,1,1,2,2,1,3,3,2,2,2,2,3,2,2,1,2,2,1,2,2,3943,gemini,2024,남성,8
2,2,,,,2,2,2,2,3,2,3,2,2,2,2,2,1,2,2,2,3,3,2,2,2,3,3,3,2,1,2,2,1,2,2,3944,gemini,2024,남성,8
2,2,,,,1,2,2,2,3,2,3,2,1,1,1,1,1,2,2,1,3,3,2,2,2,2,3,3,2,1,2,2,1,2,2,3945,gemini,2024,남성,8
2,2,,,,2,2,2,2,3,2,3,2,1,1,1,1,1,2,2,2,3,3,2,2,2,2,3,2,2,1,2,2,1,2,2,3946,gemini,2024,남성,8
2,2,,,,1,2,2,2,3,2,3,2,1,1,1,1,1,2,1,1,3,3,2,1,2,2,3,2,2,1,2,2,1,2,2,3947,gemini,2024,남성,8
2,2,,,,2,2,2,2,3,2,2,2,2,1,1,1,1,2,2,2,3,3,2,2,2,3,3,2,2,1,2,2,1,2,2,3948,gemini,2024,남성,8
2,2,,,,1,2,2,2,3,2,3,2,1,1,1,1,1,2,1,1,3,3,2,2,2,2,3,2,2,1,2,2,1,2,2,3949,gemini,2024,남성,8
2,2,,,,1,2,2,2,3,2,3,2,1,1,1,1,1,2,2,1,3,3,2,2,2,2,3,2,2,1,2,2,1,2,2,3950,gemini,2024,남성,8
2,2,,,,1,2,2,2,3,2,2,2,1,1,1,1,1,2,2,1,3,3,2,2,2,2,3,2,2,1,2,2,1,2,2,3951,gemini,2024,남성,8
2,2,,,,2,2,2,2,3,2,3,2,1,1,1,1,1,2,2,2,3,3,2,2,2,2,3,2,2,1,2,2,1,2,2,3952,gemini,2024,남성,8
2,2,,,,1,2,2,2,3,2,3,2,1,1,1,1,1,2,2,1,3,3,2,2,2,2,3,2,2,1,2,2,1,2,2,3953,gemini,2024,남성,8
2,2,,,,2,2,2,2,3,2,3,2,2,1,1,1,1,2,2,2,3,3,2,2,2,2,3,2,2,1,2,2,1,2,2,3954,gemini,2024,남성,8
2,2,,,,1,2,2,2,3,2,3,2,1,1,1,1,1,2,1,1,3,3,2,2,2,2,3,3,2,1,2,2,1,2,2,3955,gemini,2024,남성,8
2,2,,,,1,2,2,2,3,2,3,2,1,1,1,1,1,2,1,1,3,3,2,2,2,2,3,2,2,1,2,2,1,2,2,3956,gemini,2024,남성,8
2,2,,,,2,2,2,2,3,2,3,2,2,1,1,1,1,2,2,2,3,3,2,2,2,2,3,2,2,1,2,2,1,2,2,3957,gemini,2024,남성,8
2,2,,,,2,2,2,2,3,2,3,2,1,1,1,1,1,2,1,1,3,3,2,2,2,2,3,2,2,1,2,2,1,2,2,3958,gemini,2024,남성,8
2,2,,,,2,2,3,2,3,2,3,2,2,1,2,1,1,2,2,2,3,2,2,2,2,2,3,3,2,1,2,2,1,2,2,3959,gemini,2024,남성,8
2,2,,,,2,2,2,2,3,2,3,2,1,1,1,1,2,2,2,2,3,3,2,2,2,2,3,2,2,1,2,2,1,2,2,3960,gemini,2024,남성,8
2,2,,,,2,2,2,2,3,2,3,2,2,1,1,1,1,2,1,1,3,3,2,2,2,2,3,2,2,1,2,2,1,2,2,3961,gemini,2024,남성,8
2,2,,,,1,1,2,1,2,2,3,2,2,1,1,1,1,2,2,2,3,3,2,2,2,2,3,3,2,1,2,2,1,2,2,3962,gemini,2024,남성,8
2,2,,,,2,2,2,2,3,2,3,2,2,1,2,1,1,2,2,2,3,3,2,2,2,2,3,3,2,1,2,2,1,2,2,3963,gemini,2024,남성,8
2,2,,,,2,2,3,2,3,2,3,2,1,1,1,1,1,2,2,2,3,3,2,2,2,2,3,3,1,1,2,2,1,2,2,3964,gemini,2024,남성,8
2,2,,,,2,2,2,2,3,2,3,2,1,1,1,1,1,2,2,2,3,3,2,2,2,3,3,2,2,1,2,2,1,2,2,3965,gemini,2024,남성,8
2,2,,,,1,2,2,2,3,2,3,2,1,1,1,1,1,1,1,1,3,3,2,1,2,2,3,2,2,1,2,2,1,2,2,3966,gemini,2024,남성,8
2,2,,,,1,2,2,2,3,2,3,2,1,1,1,1,1,2,1,1,3,3,2,2,2,3,3,3,2,1,2,2,1,2,2,3967,gemini,2024,남성,8
2,2,,,,2,2,2,2,3,2,3,2,2,1,1,1,1,2,2,2,3,3,2,2,2,3,3,3,2,1,2,2,1,2,2,3968,gemini,2024,남성,8
2,2,,,,1,2,2,2,3,2,3,2,1,1,1,1,1,1,1,1,3,3,2,2,2,3,3,2,2,1,2,2,1,2,2,3969,gemini,2024,남성,8
2,2,,,,1,2,2,2,3,2,3,2,1,1,1,1,1,1,1,1,3,3,2,1,2,2,2,2,2,1,2,2,1,2,2,3970,gemini,2024,남성,8
2,2,,,,1,1,2,2,3,2,3,2,1,1,1,1,1,2,2,1,3,3,2,2,2,2,3,2,2,1,2,2,1,2,2,3971,gemini,2024,남성,8
2,2,,,,1,2,2,2,3,2,3,2,1,1,1,1,1,2,2,1,3,3,2,2,2,2,3,3,2,1,2,2,1,2,2,3972,gemini,2024,남성,8
2,2,,,,2,2,2,2,3,2,3,2,2,1,1,1,1,2,2,2,3,3,2,2,2,3,3,3,2,1,2,2,1,2,2,3973,gemini,2024,남성,8
2,2,,,,2,2,2,2,3,2,3,2,1,1,1,1,1,2,2,1,3,3,2,1,2,2,3,2,2,1,2,2,1,2,2,3974,gemini,2024,남성,8
2,2,,,,1,2,2,2,3,2,3,2,1,1,1,1,1,2,2,1,3,3,2,2,2,2,3,2,2,1,2,2,1,2,2,3975,gemini,2024,남성,8
2,2,,,,2,2,2,2,3,2,3,2,1,1,1,1,1,2,2,1,3,3,2,2,2,2,3,3,2,1,2,2,1,2,2,3976,gemini,2024,남성,8
2,2,,,,1,2,2,2,3,2,3,2,2,1,2,1,1,2,2,2,3,3,2,2,2,2,3,2,2,1,2,2,1,2,2,3977,gemini,2024,남성,8
2,2,,,,2,2,2,2,3,2,3,2,2,1,1,1,1,2,2,2,3,3,2,2,2,2,3,3,2,1,2,2,1,2,2,3978,gemini,2024,남성,8
2,2,,,,2,2,2,2,3,2,3,2,1,1,1,1,1,2,1,1,3,3,2,2,2,3,3,2,2,1,2,2,1,2,2,3979,gemini,2024,남성,8
2,2,,,,2,2,2,2,3,2,3,2,2,1,1,1,1,2,2,1,3,3,2,2,3,3,3,2,2,1,2,2,1,2,2,3980,gemini,2024,남성,8
2,2,,,,2,2,2,2,3,2,3,2,1,1,1,1,2,2,2,2,3,3,2,2,2,2,3,3,2,1,2,2,1,2,2,3981,gemini,2024,남성,8
2,2,,,,2,2,2,2,3,2,3,2,2,1,2,2,2,2,2,2,3,3,2,2,3,3,3,2,2,1,2,2,1,2,2,3982,gemini,2024,남성,8
2,2,,,,2,2,3,2,3,2,3,2,1,1,1,1,1,2,2,2,3,3,2,2,2,2,3,3,2,1,2,2,1,2,2,3983,gemini,2024,남성,8
2,2,,,,2,2,2,2,3,2,2,2,1,1,1,1,1,2,2,2,3,3,2,2,2,2,3,2,2,1,2,2,1,2,2,3984,gemini,2024,남성,8
2,2,,,,2,2,2,2,3,2,3,2,1,1,1,1,1,2,2,2,3,3,2,2,2,2,3,2,2,1,2,2,1,2,2,3985,gemini,2024,남성,8
2,2,,,,1,2,2,2,3,2,3,2,1,1,1,1,1,1,1,1,3,3,2,1,2,2,3,2,2,1,2,2,1,2,2,3986,gemini,2024,남성,8
2,2,,,,2,2,3,2,3,2,3,2,2,1,1,1,1,2,2,2,3,3,2,2,2,3,3,3,2,1,2,2,1,2,2,3987,gemini,2024,남성,8
2,2,,,,1,2,2,2,3,2,3,2,1,1,1,1,1,1,1,1,3,3,2,2,2,2,3,2,2,1,2,2,1,2,2,3988,gemini,2024,남성,8
2,2,,,,1,1,2,2,3,2,3,2,1,1,1,1,1,2,2,2,3,3,2,2,2,2,3,2,2,1,2,2,1,2,2,3989,gemini,2024,남성,8
2,2,,,,2,2,2,2,3,2,3,2,1,1,1,1,1,2,2,2,3,3,2,2,2,2,3,3,2,1,2,2,1,2,2,3990,gemini,2024,남성,8
2,2,,,,2,2,2,2,3,2,3,2,2,1,1,1,1,2,2,2,3,3,2,2,2,2,3,2,2,1,2,1,1,2,2,3991,gemini,2024,남성,8
2,2,,,,1,2,2,2,3,2,3,2,1,1,1,1,1,1,1,1,3,3,2,2,2,2,3,2,2,1,2,2,1,2,2,3992,gemini,2024,남성,8
2,2,,,,1,2,2,2,3,2,3,2,1,1,1,1,1,1,1,1,3,3,1,1,2,2,3,2,2,1,2,2,1,2,2,3993,gemini,2024,남성,8
2,2,,,,1,2,2,2,3,2,3,2,1,1,1,1,1,1,1,1,3,3,2,2,2,2,3,2,2,1,2,2,1,2,2,3994,gemini,2024,남성,8
2,2,,,,1,2,2,2,3,2,3,2,1,1,1,1,1,2,2,1,3,3,2,2,2,2,3,2,2,1,2,2,1,2,2,3995,gemini,2024,남성,8
2,2,,,,1,2,2,2,3,2,3,2,1,1,1,1,1,1,1,1,3,3,2,2,2,2,3,2,2,1,2,2,1,2,2,3996,gemini,2024,남성,8
2,2,,,,2,2,2,2,3,2,3,2,2,1,1,1,1,2,2,2,3,3,2,2,2,2,3,2,2,1,2,2,1,2,2,3997,gemini,2024,남성,8
2,2,,,,2,2,2,2,3,2,2,2,2,1,1,1,1,2,2,1,3,3,2,2,2,2,3,3,2,1,2,2,1,2,2,3998,gemini,2024,남성,8
2,2,,,,2,3,3,2,3,2,3,2,2,2,2,2,1,2,2,2,3,3,2,2,3,2,3,3,2,1,2,2,1,2,2,3999,gemini,2024,남성,8
2,2,,,,1,2,2,2,3,2,3,2,1,1,1,1,1,2,1,1,3,3,2,2,2,2,3,2,2,1,2,2,1,2,2,4000,gemini,2024,남성,8
2,2,,,,1,2,2,2,3,2,3,2,1,1,1,1,1,2,1,1,3,3,2,2,2,2,3,3,2,1,2,2,1,2,2,4001,gemini,2024,남성,8
2,2,,,,2,2,2,2,3,2,3,2,1,1,1,1,1,2,1,1,3,3,2,2,2,2,3,2,2,1,2,2,1,2,2,4002,gemini,2024,남성,8
2,2,,,,1,2,2,2,3,2,3,2,1,1,1,1,1,2,2,1,3,3,2,2,2,2,3,3,2,1,2,2,1,2,2,4003,gemini,2024,남성,8
2,2,,,,1,2,2,2,3,2,2,2,1,1,1,1,1,2,1,1,3,3,2,2,2,2,3,2,2,1,2,2,1,2,2,4004,gemini,2024,남성,8
2,2,,,,2,2,3,1,3,2,3,2,2,1,1,1,1,2,1,1,3,3,2,2,2,3,4,3,2,1,2,2,1,2,2,4005,gemini,2024,남성,8
2,2,,,,1,2,2,2,3,2,3,2,1,1,1,1,1,1,1,1,3,3,2,2,2,2,3,2,2,1,2,2,1,2,2,4006,gemini,2024,남성,8
2,2,,,,1,2,2,2,3,2,3,2,1,1,1,1,1,2,2,2,3,3,2,2,3,3,4,3,2,1,2,2,1,2,2,4007,gemini,2024,남성,8
2,2,,,,1,2,2,2,3,2,3,2,1,1,1,1,1,1,1,1,3,3,2,2,3,3,3,3,2,1,2,2,1,2,2,4008,gemini,2024,남성,8
2,2,,,,1,2,2,2,3,2,3,2,1,1,1,1,1,2,2,1,3,3,2,2,2,3,3,2,2,1,2,2,1,2,2,4009,gemini,2024,남성,8
2,2,,,,1,2,2,2,3,2,3,2,1,1,1,1,1,2,2,1,3,3,2,2,2,2,3,3,2,1,2,2,1,2,2,4010,gemini,2024,남성,8
2,2,,,,1,2,2,2,3,2,3,2,1,1,1,1,1,2,1,1,3,3,2,2,2,2,3,2,2,1,2,2,1,2,2,4011,gemini,2024,남성,8
2,2,,,,2,2,3,2,3,2,3,2,2,1,2,1,1,2,2,2,3,3,2,2,2,2,3,3,2,1,2,2,1,2,2,4012,gemini,2024,남성,8
2,2,,,,2,2,2,2,3,2,3,2,2,1,1,1,1,2,2,2,3,3,2,2,2,2,3,3,2,1,2,2,1,2,2,4013,gemini,2024,남성,8
2,2,,,,2,2,3,2,3,2,3,2,2,2,2,2,1,2,2,2,3,3,2,2,3,3,4,3,2,1,2,2,1,2,2,4014,gemini,2024,남성,8
2,2,,,,2,2,2,2,3,2,3,2,1,1,1,1,1,2,1,2,3,3,2,2,2,3,3,3,2,1,2,2,1,2,2,4015,gemini,2024,남성,8
2,2,,,,1,2,2,2,3,2,3,2,1,1,1,1,1,2,2,1,3,3,2,2,2,2,3,3,2,1,2,2,1,2,2,4016,gemini,2024,남성,8
2,2,,,,2,2,2,2,3,2,3,2,2,1,1,1,1,2,2,2,3,3,2,2,2,2,3,3,2,1,2,2,1,2,2,4017,gemini,2024,남성,8
2,2,,,,2,2,2,2,3,2,3,2,2,1,1,1,1,2,2,2,3,3,2,2,2,2,3,2,2,1,2,2,1,2,2,4018,gemini,2024,남성,8
2,2,,,,2,2,3,2,3,2,3,2,1,1,1,1,1,2,2,2,3,3,2,2,2,2,3,3,2,1,2,2,1,2,2,4019,gemini,2024,남성,8
2,2,,,,2,2,2,2,3,2,3,2,2,1,1,1,1,2,2,2,3,3,2,2,2,2,3,2,2,1,2,2,1,2,2,4020,gemini,2024,남성,8
2,2,,,,2,2,3,2,3,2,3,2,2,1,1,1,1,2,2,2,3,3,2,2,2,3,3,2,2,1,2,2,1,2,2,4021,gemini,2024,남성,8
2,2,,,,1,2,2,2,3,2,3,2,1,1,1,1,1,2,1,1,3,3,2,2,2,2,3,2,2,1,2,2,1,2,2,4022,gemini,2024,남성,8
2,2,,,,2,2,2,2,3,2,3,2,2,1,1,1,1,2,2,1,3,3,2,2,2,2,3,3,2,1,2,2,1,2,2,4023,gemini,2024,남성,8
2,2,,,,2,2,2,2,3,2,3,2,2,1,2,1,1,2,2,2,3,3,2,2,2,2,3,2,2,1,2,2,1,2,2,4024,gemini,2024,남성,8
2,2,,,,2,2,2,2,3,2,3,2,1,1,1,1,1,2,2,2,3,3,2,2,2,2,3,3,2,1,2,2,1,2,2,4025,gemini,2024,남성,8
2,2,,,,2,2,2,2,3,2,2,2,1,1,1,1,1,2,2,2,3,3,2,2,2,2,3,2,2,1,2,2,1,2,2,4026,gemini,2024,남성,8
2,2,,,,1,2,2,2,3,2,3,2,2,1,2,2,1,2,2,2,3,3,2,2,2,2,3,2,2,1,2,2,1,2,2,4027,gemini,2024,남성,8
2,2,,,,2,2,3,2,3,2,3,2,2,1,1,1,1,2,2,2,3,3,2,2,2,2,3,3,2,1,2,2,1,2,2,4028,gemini,2024,남성,8
2,2,,,,2,2,2,2,3,2,3,2,2,1,2,1,1,2,2,2,3,3,2,2,2,2,3,3,2,1,2,2,1,2,2,4029,gemini,2024,남성,8
2,2,,,,1,1,2,2,3,2,3,2,1,1,1,1,1,2,2,1,3,3,2,2,2,2,3,2,2,1,2,2,1,2,2,4030,gemini,2024,남성,8
2,2,,,,2,2,2,2,3,2,3,2,1,1,1,1,1,2,2,2,3,3,2,2,2,2,3,2,2,1,2,2,1,2,2,4031,gemini,2024,남성,8
2,2,,,,2,2,2,2,3,2,2,2,1,1,1,1,1,2,1,1,3,3,2,2,3,3,4,3,2,1,2,2,1,2,2,4032,gemini,2024,남성,8
2,2,,,,1,2,2,2,3,2,3,2,1,1,1,1,1,2,1,1,3,3,2,2,2,2,3,3,2,1,2,2,1,2,2,4033,gemini,2024,남성,8
2,2,,,,1,2,2,2,3,2,3,2,1,1,1,1,1,1,1,1,3,3,2,2,2,2,3,3,2,1,2,2,1,2,2,4034,gemini,2024,남성,8
2,2,,,,2,2,2,2,3,2,3,2,2,1,1,1,1,2,2,1,3,3,2,2,2,3,3,2,2,1,2,2,1,2,2,4035,gemini,2024,남성,8
2,2,,,,1,2,2,2,3,2,3,2,1,1,1,1,1,2,2,1,3,3,2,2,2,2,3,3,2,1,2,2,1,2,2,4036,gemini,2024,남성,8
2,2,,,,2,2,2,2,3,2,2,2,2,1,1,1,1,2,2,2,3,3,2,2,2,2,3,3,2,1,2,2,1,2,2,4037,gemini,2024,남성,8
2,2,,,,2,2,2,2,3,2,3,2,2,2,2,1,1,2,2,2,3,3,2,2,2,2,3,3,2,1,2,2,1,2,2,4038,gemini,2024,남성,8
2,2,,,,2,2,3,2,3,2,3,2,1,1,1,1,1,2,2,2,3,3,2,2,2,2,3,2,2,1,2,2,1,2,2,4039,gemini,2024,남성,8
2,2,,,,2,2,2,2,3,2,3,2,1,1,1,1,1,2,2,2,3,3,2,2,2,2,3,3,2,1,2,2,1,2,2,4040,gemini,2024,남성,8
2,2,,,,1,2,2,2,3,2,3,2,1,1,1,1,1,2,1,1,2,2,2,2,2,2,3,2,2,1,2,2,1,2,2,4041,gemini,2024,남성,8
2,2,,,,2,2,3,1,3,2,3,2,2,1,1,1,1,2,2,2,3,3,2,2,3,1,4,3,2,1,2,2,1,2,2,4042,gemini,2024,남성,8
2,2,,,,1,2,2,1,2,1,2,2,1,1,1,1,1,2,1,1,3,3,2,2,2,2,2,2,2,1,2,2,1,2,2,4043,gemini,2024,남성,8
2,2,,,,2,2,3,2,3,2,3,2,2,2,2,2,1,2,2,2,3,3,2,2,2,2,3,3,2,1,2,2,1,2,2,4044,gemini,2024,남성,8
2,2,,,,1,2,2,2,3,2,3,2,2,1,1,1,1,2,2,2,3,3,2,2,2,3,3,3,2,1,2,2,1,2,2,4045,gemini,2024,남성,8
2,2,,,,2,2,2,2,3,2,3,2,1,1,1,1,1,2,2,2,3,3,2,2,2,2,3,2,2,1,2,2,1,2,2,4046,gemini,2024,남성,8
2,2,,,,1,2,2,2,3,2,3,2,1,1,1,1,1,2,1,1,3,3,2,2,2,2,3,2,2,1,2,2,1,2,2,4047,gemini,2024,남성,8
2,2,,,,2,2,3,2,3,2,3,2,1,1,1,1,1,2,2,1,3,3,2,2,2,2,3,2,2,1,2,2,1,2,2,4048,gemini,2024,남성,8
2,2,,,,2,2,3,2,3,2,3,2,1,1,1,1,1,2,2,2,3,3,2,2,2,2,3,2,2,1,2,2,1,2,2,4049,gemini,2024,남성,8
2,2,,,,2,2,3,2,3,2,3,2,2,1,2,1,1,2,2,2,3,3,2,2,2,2,3,3,2,1,1,2,1,2,2,4050,gemini,2024,남성,8
2,2,,,,2,2,2,2,3,2,3,2,2,1,1,1,1,2,2,2,3,3,2,2,2,3,3,2,2,1,2,2,1,2,2,4051,gemini,2024,남성,8
2,2,,,,1,2,2,2,3,2,3,2,1,1,1,1,1,1,1,1,3,3,2,2,2,2,3,2,2,1,2,2,1,2,2,4052,gemini,2024,남성,8
2,2,,,,2,2,2,2,3,2,3,2,2,1,2,1,1,2,2,2,3,3,2,2,2,2,3,2,2,1,2,2,1,2,2,4053,gemini,2024,남성,8
2,2,,,,1,2,2,2,3,2,3,2,1,1,1,1,1,2,2,1,3,3,2,2,2,2,3,2,2,1,2,2,1,2,2,4054,gemini,2024,남성,8
2,2,,,,2,2,2,2,3,2,3,2,1,1,1,1,1,2,1,1,3,3,2,2,2,2,3,3,1,1,2,2,1,2,2,4055,gemini,2024,남성,8
2,2,,,,1,2,2,2,3,2,3,2,1,1,1,1,1,1,1,1,3,3,2,2,2,2,3,2,2,1,2,2,1,2,2,4056,gemini,2024,남성,8
2,2,,,,2,2,2,2,3,2,3,2,2,1,1,1,1,2,2,2,3,3,2,2,2,3,3,2,2,1,2,2,1,2,2,4057,gemini,2024,남성,8
2,2,,,,1,2,2,2,3,2,3,2,2,1,1,1,1,2,2,1,3,3,2,2,2,2,3,3,2,1,2,2,1,2,2,4058,gemini,2024,남성,8
2,2,,,,2,2,2,2,3,2,3,2,2,1,1,1,1,2,2,2,3,3,2,2,2,2,3,3,2,1,2,2,1,2,2,4059,gemini,2024,남성,8
2,2,,,,2,2,3,2,3,2,3,2,1,1,1,1,1,2,2,2,3,3,2,2,2,2,3,2,2,1,2,2,1,2,2,4060,gemini,2024,남성,8
2,2,,,,1,2,2,2,3,2,3,2,2,1,1,1,1,1,1,1,2,2,2,1,2,2,2,2,2,1,2,2,1,2,2,4061,gemini,2024,남성,8
2,2,,,,1,2,2,2,3,2,3,2,1,1,1,1,1,2,1,1,3,3,2,2,2,2,3,3,2,1,2,2,1,2,2,4062,gemini,2024,남성,8
2,2,,,,2,3,3,2,3,2,3,2,2,1,2,1,1,2,2,2,3,3,2,2,2,2,3,3,2,1,2,2,1,2,2,4063,gemini,2024,남성,8
2,2,,,,2,2,2,2,3,2,3,2,2,1,1,1,1,2,2,1,3,3,2,2,2,2,3,3,2,1,2,2,1,2,2,4064,gemini,2024,남성,8
2,2,,,,1,2,2,2,3,2,3,2,1,1,1,1,1,1,1,1,3,3,2,2,2,2,3,2,2,1,2,2,1,2,2,4065,gemini,2024,남성,8
2,2,,,,2,2,2,2,3,2,3,2,1,1,1,1,1,2,2,1,3,3,2,2,2,2,3,2,2,1,2,2,1,2,2,4066,gemini,2024,남성,8
2,2,,,,2,2,2,2,3,2,3,2,2,1,1,1,1,2,2,2,3,3,2,2,2,2,3,3,2,1,2,2,1,2,2,4067,gemini,2024,남성,8
2,2,,,,2,2,2,2,3,2,3,2,2,1,1,1,1,2,2,2,3,3,2,2,2,2,3,2,2,1,2,2,1,2,2,4068,gemini,2024,남성,8
2,2,,,,2,2,2,2,3,2,3,2,1,1,1,1,1,2,2,2,3,3,2,2,2,2,3,3,2,1,2,2,1,2,2,4069,gemini,2024,남성,8
2,2,,,,2,2,2,2,3,2,3,2,2,1,2,1,2,2,2,2,3,3,2,2,2,2,4,3,2,1,2,2,1,2,2,4070,gemini,2024,남성,8
2,2,,,,1,2,2,2,3,2,3,2,1,1,1,1,1,2,1,1,3,3,2,2,2,2,3,2,2,1,2,2,1,2,2,4071,gemini,2024,남성,8
2,2,,,,2,2,3,2,3,2,3,2,2,1,2,1,1,2,2,2,3,3,2,2,2,2,3,3,2,1,2,2,1,2,2,4072,gemini,2024,남성,8
2,2,,,,2,2,3,2,3,2,3,2,2,1,2,1,1,2,2,2,3,3,2,2,2,2,3,2,2,1,2,2,1,2,2,4073,gemini,2024,남성,8
2,2,,,,1,2,2,2,3,2,3,2,2,1,1,1,1,2,2,2,3,3,2,2,2,3,3,3,2,1,2,2,1,2,2,4074,gemini,2024,남성,8
2,2,,,,2,2,3,2,3,2,3,2,1,1,1,1,1,2,2,2,3,3,2,2,2,2,3,2,2,1,2,2,1,2,2,4075,gemini,2024,남성,8
2,2,,,,1,2,2,2,3,2,3,2,1,1,1,1,1,2,1,1,3,3,2,2,2,3,3,3,2,1,2,2,1,2,2,4076,gemini,2024,남성,8
2,2,,,,2,2,2,2,3,2,3,2,1,1,1,1,1,2,2,2,3,3,2,2,2,3,3,2,2,1,2,2,1,2,2,4077,gemini,2024,남성,8
3,1,1.0,2.0,2.0,2,3,3,2,4,4,4,3,3,2,3,3,2,3,3,2,4,4,4,4,3,4,4,4,1,1,1,1,1,1,1,4078,gemini,2024,여성,2
3,1,1.0,2.0,2.0,2,3,3,2,4,4,4,3,3,2,3,3,2,2,3,2,4,4,4,4,3,3,3,4,1,1,1,1,1,1,1,4079,gemini,2024,여성,2
3,1,1.0,2.0,2.0,3,3,4,2,4,4,4,3,3,3,3,3,2,3,3,2,4,4,4,4,3,4,4,4,1,1,1,1,1,1,1,4080,gemini,2024,여성,2
3,1,1.0,2.0,2.0,2,3,3,2,4,4,4,4,3,2,3,3,2,3,3,2,4,4,4,4,3,4,4,4,1,1,1,1,1,1,1,4081,gemini,2024,여성,2
3,1,1.0,2.0,2.0,2,3,3,2,4,4,4,3,3,2,3,3,2,3,3,2,4,4,4,4,3,4,3,4,1,1,1,1,1,1,1,4082,gemini,2024,여성,2
3,1,1.0,2.0,2.0,2,3,3,2,4,4,4,3,3,2,3,3,2,3,3,2,4,4,4,4,3,3,4,4,1,1,1,1,1,1,1,4083,gemini,2024,여성,2
3,1,1.0,2.0,2.0,2,3,3,2,4,4,4,3,3,2,3,3,2,3,3,2,4,4,4,4,3,4,3,4,1,1,1,1,1,1,1,4084,gemini,2024,여성,2
3,1,1.0,2.0,2.0,2,3,3,2,4,4,4,3,3,2,3,3,2,3,3,2,4,4,4,4,3,4,4,4,1,1,1,1,1,1,2,4085,gemini,2024,여성,2
3,1,1.0,2.0,2.0,2,3,3,2,4,4,4,3,3,2,3,3,2,3,3,2,4,4,4,4,3,4,4,4,1,1,1,1,1,1,1,4086,gemini,2024,여성,2
3,1,1.0,2.0,2.0,2,3,3,2,5,4,4,3,3,2,3,3,2,3,3,2,4,4,4,4,3,4,4,4,1,1,1,1,1,1,2,4087,gemini,2024,여성,2
3,1,1.0,2.0,2.0,2,3,3,2,4,4,4,3,3,2,3,3,2,3,3,2,4,4,4,4,3,4,3,4,1,1,1,1,1,1,1,4088,gemini,2024,여성,2
3,1,1.0,2.0,2.0,2,3,3,2,4,4,4,3,3,2,3,3,2,3,3,2,4,4,4,4,3,4,3,4,1,1,1,1,1,1,1,4089,gemini,2024,여성,2
3,1,1.0,2.0,2.0,2,3,3,2,4,4,4,3,3,2,3,3,2,2,3,2,4,4,4,4,3,4,4,4,1,1,1,1,1,1,1,4090,gemini,2024,여성,2
3,1,1.0,2.0,2.0,3,3,4,2,5,4,5,4,3,2,3,3,2,3,3,2,4,4,4,4,3,4,4,4,1,1,1,1,1,1,2,4091,gemini,2024,여성,2
3,1,1.0,2.0,2.0,2,3,3,2,4,4,4,3,3,2,3,3,2,3,3,2,4,4,4,4,3,4,3,4,1,1,1,1,1,1,1,4092,gemini,2024,여성,2
3,1,1.0,2.0,2.0,2,3,3,2,4,4,4,3,3,2,3,3,2,3,3,2,4,4,4,4,3,3,4,4,1,1,1,1,1,1,1,4093,gemini,2024,여성,2
3,1,1.0,2.0,2.0,2,3,3,2,4,4,4,3,3,2,3,3,1,2,2,2,4,4,4,4,3,3,4,4,1,1,1,1,1,1,2,4094,gemini,2024,여성,2
3,1,1.0,2.0,2.0,2,3,3,2,4,4,4,3,3,2,3,3,2,3,3,2,4,4,4,4,3,4,4,4,1,1,1,1,1,1,1,4095,gemini,2024,여성,2
3,1,1.0,2.0,2.0,2,3,3,2,4,4,4,3,3,2,3,3,2,3,3,2,4,4,4,4,3,3,3,3,1,1,1,1,1,1,2,4096,gemini,2024,여성,2
3,1,1.0,2.0,2.0,2,3,4,2,5,4,5,4,3,2,3,3,2,3,3,2,4,4,4,4,3,3,3,4,1,1,1,1,1,1,1,4097,gemini,2024,여성,2
3,1,1.0,2.0,2.0,2,3,3,2,4,4,4,4,3,2,3,3,2,3,3,2,4,4,4,4,3,4,4,4,1,1,1,1,1,1,2,4098,gemini,2024,여성,2
3,1,1.0,2.0,2.0,2,3,3,2,4,4,4,3,3,2,3,3,2,3,3,2,4,4,4,4,3,4,4,4,1,1,1,1,1,1,1,4099,gemini,2024,여성,2
3,1,1.0,2.0,2.0,2,3,3,2,5,4,4,4,3,2,3,3,2,3,3,2,4,4,4,4,3,3,4,4,1,1,1,1,1,1,1,4100,gemini,2024,여성,2
3,1,1.0,2.0,2.0,2,3,3,2,4,4,4,3,3,2,3,3,2,3,3,2,4,4,4,4,3,3,3,4,1,1,1,1,1,1,2,4101,gemini,2024,여성,2
3,1,1.0,2.0,2.0,2,3,3,2,4,4,4,3,3,2,3,3,2,3,3,2,4,4,4,4,3,4,3,4,1,1,1,1,1,1,2,4102,gemini,2024,여성,2
3,1,1.0,2.0,2.0,2,3,3,2,4,4,4,3,3,2,3,3,2,3,3,2,4,4,4,4,3,4,4,4,1,1,1,1,1,1,1,4103,gemini,2024,여성,2
3,1,1.0,2.0,2.0,2,3,3,2,4,4,4,3,3,2,3,3,2,3,3,2,4,4,4,4,3,4,4,4,1,1,1,1,1,1,1,4104,gemini,2024,여성,2
3,1,1.0,2.0,2.0,2,3,3,2,4,4,4,3,3,2,3,3,2,3,3,2,4,4,4,4,3,4,4,4,1,1,1,1,1,1,1,4105,gemini,2024,여성,2
3,1,1.0,2.0,2.0,3,3,4,2,5,4,4,4,3,3,3,3,2,3,3,2,4,4,4,4,3,4,3,4,1,1,1,1,1,1,2,4106,gemini,2024,여성,2
3,1,1.0,2.0,2.0,3,3,4,2,5,4,5,4,3,2,3,3,2,3,3,2,4,4,4,4,3,4,4,4,1,1,1,1,1,1,1,4107,gemini,2024,여성,2
3,1,1.0,2.0,2.0,2,3,3,2,4,4,4,3,3,2,3,3,2,3,3,2,4,4,4,4,3,4,4,4,1,1,1,1,1,1,2,4108,gemini,2024,여성,2
3,1,1.0,2.0,2.0,3,3,4,2,4,4,4,3,3,2,3,3,2,3,3,2,4,4,4,4,3,4,3,4,1,1,1,1,1,1,1,4109,gemini,2024,여성,2
3,1,1.0,2.0,2.0,2,3,3,2,4,4,4,3,3,2,3,3,2,3,3,2,4,4,4,4,3,3,3,4,1,1,1,1,1,1,2,4110,gemini,2024,여성,2
3,1,1.0,2.0,2.0,2,3,3,2,4,4,4,3,3,2,3,3,2,3,3,2,4,4,4,4,3,3,3,4,1,1,1,1,1,1,1,4111,gemini,2024,여성,2
3,1,1.0,2.0,2.0,2,3,3,2,4,4,4,3,3,2,3,3,2,2,3,2,4,4,4,4,3,4,4,4,1,1,1,1,1,1,1,4112,gemini,2024,여성,2
3,1,1.0,2.0,2.0,2,3,3,2,4,4,4,3,3,2,3,3,2,3,3,2,4,4,4,4,3,3,3,4,1,1,1,1,1,1,1,4113,gemini,2024,여성,2
3,1,1.0,2.0,2.0,2,3,3,2,4,4,4,3,3,2,3,3,2,3,3,2,4,4,4,4,3,3,4,4,1,1,1,1,1,1,1,4114,gemini,2024,여성,2
3,1,1.0,2.0,2.0,2,3,3,2,4,4,4,3,3,2,3,3,2,3,3,2,4,4,4,4,3,4,4,4,1,1,1,1,1,1,1,4115,gemini,2024,여성,2
3,1,1.0,2.0,2.0,2,3,3,2,4,4,4,3,3,2,3,3,2,3,3,2,4,4,4,4,3,4,4,4,1,1,1,1,1,1,1,4116,gemini,2024,여성,2
3,1,1.0,2.0,2.0,3,3,4,2,5,4,5,4,3,2,3,3,2,3,3,2,4,4,4,4,3,4,3,4,1,1,1,1,1,1,1,4117,gemini,2024,여성,2
3,1,1.0,2.0,2.0,2,3,3,2,4,4,4,3,3,2,3,3,2,3,3,2,4,4,4,4,3,4,4,4,1,1,1,1,1,1,1,4118,gemini,2024,여성,2
3,1,1.0,2.0,2.0,3,3,4,2,4,4,5,4,3,3,3,4,2,3,3,2,4,4,4,4,3,3,3,4,1,1,1,1,1,1,1,4119,gemini,2024,여성,2
3,1,1.0,2.0,2.0,2,3,3,2,4,4,4,3,3,2,3,3,2,3,3,2,4,4,4,4,3,4,4,4,1,1,1,1,1,1,2,4120,gemini,2024,여성,2
3,1,1.0,2.0,2.0,2,3,3,2,4,4,4,3,3,2,3,3,2,3,3,2,4,4,4,4,3,4,4,4,1,1,1,1,1,1,1,4121,gemini,2024,여성,2
3,1,1.0,2.0,2.0,2,3,3,2,4,4,4,3,3,2,3,3,2,2,3,2,4,4,4,4,3,4,4,4,1,1,1,1,1,1,1,4122,gemini,2024,여성,2
3,1,1.0,2.0,2.0,2,3,3,2,4,4,4,3,3,2,3,3,2,3,3,2,4,4,4,4,3,4,4,4,1,1,1,1,1,1,1,4123,gemini,2024,여성,2
3,1,1.0,2.0,2.0,2,3,3,2,4,4,4,3,3,2,3,3,2,3,3,2,4,4,4,4,3,4,4,4,1,1,1,1,1,1,1,4124,gemini,2024,여성,2
3,1,1.0,2.0,2.0,2,3,3,2,4,4,4,3,3,2,3,3,2,3,3,2,4,4,4,4,3,4,4,4,1,1,1,1,1,1,1,4125,gemini,2024,여성,2
3,1,1.0,2.0,2.0,3,3,4,2,5,4,4,4,3,2,3,3,2,3,3,2,4,4,4,4,3,4,4,4,1,1,1,1,1,1,1,4126,gemini,2024,여성,2
3,1,1.0,2.0,2.0,2,3,3,2,4,4,4,4,3,2,3,3,2,3,3,2,4,4,4,4,3,4,4,4,1,1,1,1,1,1,2,4127,gemini,2024,여성,2
3,1,1.0,2.0,2.0,2,3,3,2,4,4,4,4,3,2,3,3,2,3,3,2,4,4,4,4,3,3,4,3,1,1,1,1,1,1,2,4128,gemini,2024,여성,2
3,1,1.0,2.0,2.0,2,3,3,2,4,4,4,3,3,2,3,3,2,3,3,2,4,4,4,4,3,4,4,4,1,1,1,1,1,1,1,4129,gemini,2024,여성,2
3,1,1.0,2.0,2.0,3,3,4,2,4,4,4,3,3,2,3,3,2,3,3,2,4,4,4,4,3,4,4,4,1,1,1,1,1,1,1,4130,gemini,2024,여성,2
3,1,1.0,2.0,2.0,2,3,3,2,4,4,4,3,3,2,3,3,2,3,3,2,4,4,4,4,3,4,4,4,1,1,1,1,1,1,2,4131,gemini,2024,여성,2
3,1,1.0,2.0,2.0,2,3,3,2,4,4,4,3,3,2,3,3,2,3,3,2,4,4,4,4,3,4,4,4,1,1,1,1,1,1,1,4132,gemini,2024,여성,2
3,1,1.0,2.0,2.0,3,3,4,2,5,4,5,4,3,2,3,3,2,3,3,2,4,4,4,4,3,4,4,4,1,1,1,1,1,1,1,4133,gemini,2024,여성,2
3,1,1.0,2.0,2.0,3,3,4,2,4,4,4,3,3,3,3,3,2,3,3,2,4,4,4,4,3,4,3,4,1,1,1,1,1,1,1,4134,gemini,2024,여성,2
3,1,1.0,2.0,2.0,2,3,3,2,4,4,4,3,3,2,3,3,2,3,3,2,4,4,4,4,3,4,4,4,1,1,1,1,1,1,1,4135,gemini,2024,여성,2
3,1,1.0,2.0,2.0,2,3,3,2,4,4,4,3,3,2,3,3,2,3,3,2,4,4,4,4,3,4,4,4,1,1,1,1,1,1,1,4136,gemini,2024,여성,2
3,1,1.0,2.0,2.0,2,3,3,2,5,4,5,4,3,2,3,3,2,3,3,2,4,4,4,4,3,4,4,4,1,1,1,1,1,1,1,4137,gemini,2024,여성,2
3,1,1.0,2.0,2.0,2,3,3,2,4,4,4,3,3,2,3,3,2,3,3,2,4,4,4,4,3,3,4,4,1,1,1,1,1,1,1,4138,gemini,2024,여성,2
3,1,1.0,2.0,2.0,2,3,3,2,4,4,4,3,3,2,3,3,2,3,3,2,4,4,4,4,3,4,3,4,1,1,1,1,1,1,1,4139,gemini,2024,여성,2
3,1,1.0,2.0,2.0,2,3,3,2,5,4,5,4,3,2,3,3,2,3,3,2,4,4,4,4,3,4,3,4,1,1,1,1,1,1,1,4140,gemini,2024,여성,2
3,1,1.0,2.0,2.0,2,3,3,2,4,4,4,3,3,2,3,3,2,3,3,2,4,4,4,4,3,4,4,4,1,1,1,1,1,1,1,4141,gemini,2024,여성,2
3,1,1.0,2.0,2.0,2,3,3,2,4,4,4,3,3,2,3,3,2,3,3,2,4,4,4,4,3,4,4,4,1,1,1,1,1,1,1,4142,gemini,2024,여성,2
3,1,1.0,2.0,2.0,3,3,4,2,5,4,5,4,3,2,3,3,2,3,3,2,4,4,4,4,3,4,4,4,1,1,1,1,1,1,1,4143,gemini,2024,여성,2
3,1,1.0,2.0,2.0,2,3,3,2,4,4,4,3,3,2,3,3,2,3,3,2,4,4,4,4,3,4,4,4,1,1,1,1,1,1,2,4144,gemini,2024,여성,2
3,1,1.0,2.0,2.0,3,3,4,2,5,4,5,4,3,2,3,3,2,3,3,2,4,4,4,4,3,4,4,4,1,1,1,1,1,1,1,4145,gemini,2024,여성,2
3,1,1.0,2.0,2.0,2,3,3,2,4,4,4,3,3,2,3,3,2,3,3,2,4,4,4,4,3,4,4,4,1,1,1,1,1,1,1,4146,gemini,2024,여성,2
3,1,1.0,2.0,2.0,2,3,3,2,4,4,4,3,3,2,3,3,2,3,3,2,4,4,4,4,3,3,4,4,1,1,1,1,1,1,2,4147,gemini,2024,여성,2
3,1,1.0,2.0,2.0,2,3,3,2,4,4,4,3,3,2,3,3,2,3,3,2,4,4,4,4,3,4,4,4,1,1,1,1,1,1,2,4148,gemini,2024,여성,2
3,1,1.0,2.0,2.0,2,3,3,2,4,4,4,3,3,2,3,3,2,3,3,2,4,4,4,4,3,4,4,4,1,1,1,1,1,1,1,4149,gemini,2024,여성,2
3,1,1.0,2.0,2.0,2,3,3,2,4,4,4,3,3,2,3,3,2,3,3,2,4,4,4,4,3,3,4,4,1,1,1,1,1,1,1,4150,gemini,2024,여성,2
3,1,1.0,2.0,2.0,2,3,3,2,4,4,4,3,3,2,3,3,2,3,3,2,4,4,4,4,3,4,4,4,1,1,1,1,1,1,1,4151,gemini,2024,여성,2
3,1,1.0,2.0,2.0,2,3,3,2,4,4,4,3,3,2,3,3,2,3,3,2,4,4,4,4,3,4,4,4,1,1,1,1,1,1,1,4152,gemini,2024,여성,2
3,1,1.0,2.0,2.0,2,3,4,2,5,4,4,4,3,2,3,3,2,3,3,2,4,4,4,4,3,3,4,4,1,1,1,1,1,1,1,4153,gemini,2024,여성,2
3,1,1.0,2.0,2.0,2,3,3,2,4,4,4,3,3,2,3,3,2,3,3,2,4,4,4,4,3,4,4,3,1,1,1,1,1,1,2,4154,gemini,2024,여성,2
3,1,1.0,2.0,2.0,2,3,3,2,4,4,4,3,3,2,3,3,2,2,3,2,4,4,4,4,3,4,3,4,1,1,1,1,1,1,1,4155,gemini,2024,여성,2
3,1,1.0,2.0,2.0,2,3,4,2,4,4,4,3,3,2,3,3,2,3,3,2,4,4,4,4,3,4,4,4,1,1,1,1,1,1,1,4156,gemini,2024,여성,2
3,1,1.0,2.0,2.0,2,3,4,2,4,4,4,3,3,2,3,3,2,2,3,2,4,4,4,4,3,4,3,4,1,1,1,1,1,1,1,4157,gemini,2024,여성,2
3,1,1.0,2.0,2.0,2,3,3,2,4,4,4,3,3,2,3,3,2,3,3,2,4,4,4,4,3,4,3,4,1,1,1,1,1,1,2,4158,gemini,2024,여성,2
3,1,1.0,2.0,2.0,2,3,3,2,4,4,4,3,3,2,3,3,2,3,3,2,4,4,4,4,3,4,4,4,1,1,1,1,1,1,1,4159,gemini,2024,여성,2
3,1,1.0,2.0,2.0,2,3,3,2,4,4,4,3,3,2,3,3,2,3,3,2,4,4,4,4,3,4,4,4,1,1,1,1,1,1,1,4160,gemini,2024,여성,2
3,1,1.0,2.0,2.0,2,3,3,2,4,4,4,3,3,2,3,3,2,3,3,2,4,4,4,4,3,3,4,4,1,1,1,1,1,1,1,4161,gemini,2024,여성,2
3,1,1.0,2.0,2.0,2,3,3,2,4,4,4,3,3,2,3,3,2,3,3,2,4,4,4,4,3,4,3,4,1,1,1,1,1,1,1,4162,gemini,2024,여성,2
3,1,1.0,2.0,2.0,2,3,3,2,4,4,4,3,3,2,3,3,2,3,3,2,4,4,4,4,3,4,3,3,1,1,1,1,1,1,2,4163,gemini,2024,여성,2
3,1,1.0,2.0,2.0,2,3,3,2,4,4,4,3,3,2,3,3,2,3,3,2,4,4,4,4,3,3,3,3,1,1,1,1,1,1,1,4164,gemini,2024,여성,2
3,1,1.0,2.0,2.0,2,3,3,2,5,4,4,3,3,2,3,3,2,3,3,2,4,4,4,4,3,3,3,4,1,1,1,1,1,1,2,4165,gemini,2024,여성,2
3,1,1.0,2.0,2.0,2,3,3,2,4,4,4,3,3,2,3,3,2,3,3,2,4,4,4,4,3,3,3,4,1,1,1,1,1,1,1,4166,gemini,2024,여성,2
3,1,1.0,2.0,2.0,2,3,3,2,4,4,4,3,3,2,3,3,2,3,3,2,4,4,4,4,3,4,4,4,1,1,1,1,1,1,2,4167,gemini,2024,여성,2
3,1,1.0,2.0,2.0,3,3,4,2,5,4,4,4,3,2,3,3,2,3,3,2,4,4,4,4,3,4,3,4,1,1,1,1,1,1,1,4168,gemini,2024,여성,2
3,1,1.0,2.0,2.0,2,3,3,2,4,4,4,3,3,2,3,3,2,3,3,2,4,4,4,4,3,4,4,4,1,1,1,1,1,1,1,4169,gemini,2024,여성,2
3,1,1.0,2.0,2.0,2,3,3,2,4,4,4,3,3,2,3,3,2,2,3,2,4,4,4,4,3,3,4,4,1,1,1,1,1,1,1,4170,gemini,2024,여성,2
3,1,1.0,2.0,2.0,2,3,3,2,4,4,4,3,3,2,3,3,2,3,3,2,4,4,4,4,3,3,3,4,1,1,1,1,1,1,1,4171,gemini,2024,여성,2
3,1,1.0,2.0,2.0,2,3,3,2,5,4,5,4,3,2,3,3,2,3,3,2,4,4,4,4,3,4,4,4,1,1,1,1,1,1,1,4172,gemini,2024,여성,2
3,1,1.0,2.0,2.0,2,3,4,2,4,4,4,3,3,2,3,3,2,3,3,2,4,4,4,4,3,4,4,4,1,1,1,1,1,1,1,4173,gemini,2024,여성,2
3,1,1.0,2.0,2.0,2,3,3,2,5,4,4,4,3,2,3,3,2,3,3,2,4,4,4,4,3,4,4,4,1,1,1,1,1,1,1,4174,gemini,2024,여성,2
3,1,1.0,2.0,2.0,2,3,3,2,4,4,4,3,3,2,3,3,2,3,3,2,4,4,4,4,3,4,4,4,1,1,1,1,1,1,1,4175,gemini,2024,여성,2
3,1,1.0,2.0,2.0,2,3,3,2,4,4,4,3,3,2,3,3,2,3,3,2,4,4,4,4,3,4,3,4,1,1,1,1,1,1,1,4176,gemini,2024,여성,2
3,1,1.0,2.0,2.0,2,3,3,2,4,4,4,3,3,2,3,3,2,3,3,2,4,4,4,4,3,4,4,4,1,1,1,1,1,1,1,4177,gemini,2024,여성,2
3,1,1.0,2.0,2.0,2,3,3,2,4,4,4,3,3,2,3,3,2,2,2,2,4,4,4,4,3,4,3,4,1,1,1,1,1,1,1,4178,gemini,2024,여성,2
3,1,1.0,2.0,2.0,2,3,3,2,4,4,4,3,3,2,3,3,2,3,3,2,4,4,4,4,3,4,3,4,1,1,1,1,1,1,1,4179,gemini,2024,여성,2
3,1,1.0,2.0,2.0,2,3,3,2,4,4,4,3,3,2,3,3,2,3,3,2,4,4,4,4,3,3,4,4,1,1,1,1,1,1,1,4180,gemini,2024,여성,2
3,1,1.0,2.0,2.0,2,3,3,2,4,4,4,3,3,2,3,3,1,2,3,2,4,4,4,4,3,4,3,4,1,1,1,1,1,1,1,4181,gemini,2024,여성,2
3,1,1.0,2.0,2.0,2,3,3,2,4,4,4,3,3,2,3,3,2,3,3,2,4,4,4,4,3,4,4,4,1,1,1,1,1,1,1,4182,gemini,2024,여성,2
3,1,1.0,2.0,2.0,2,3,3,2,4,4,4,3,3,2,3,3,2,3,3,2,4,4,4,4,3,4,3,4,1,1,1,1,1,1,1,4183,gemini,2024,여성,2
3,1,1.0,2.0,2.0,2,3,3,2,4,4,4,3,3,2,3,3,2,3,3,2,4,4,4,4,3,3,4,4,1,1,1,1,1,1,2,4184,gemini,2024,여성,2
3,1,1.0,2.0,2.0,2,3,3,2,4,4,4,3,3,2,3,3,2,2,3,2,4,4,4,4,3,4,3,4,1,1,1,1,1,1,1,4185,gemini,2024,여성,2
3,1,1.0,2.0,2.0,3,3,4,2,4,4,4,3,3,3,3,3,2,3,3,2,4,4,4,4,3,4,3,4,1,1,1,1,1,1,2,4186,gemini,2024,여성,2
3,1,1.0,2.0,2.0,2,3,3,2,4,4,4,3,3,2,3,3,2,2,3,2,4,4,4,4,3,3,4,4,1,1,1,1,1,1,2,4187,gemini,2024,여성,2
3,1,1.0,2.0,2.0,2,3,3,2,4,4,4,3,3,2,3,3,2,2,3,2,4,4,4,4,3,4,4,4,1,1,1,1,1,1,2,4188,gemini,2024,여성,2
3,1,1.0,2.0,2.0,2,3,3,2,4,4,4,3,3,2,3,3,2,3,3,2,4,4,4,4,3,4,3,4,1,1,1,1,1,1,1,4189,gemini,2024,여성,2
3,1,1.0,2.0,2.0,2,3,3,2,4,4,4,3,3,2,3,3,2,3,3,2,4,4,4,4,3,4,4,4,1,1,1,1,1,1,1,4190,gemini,2024,여성,2
3,1,1.0,2.0,2.0,2,3,3,2,4,4,4,3,3,2,3,3,2,3,3,2,4,4,4,4,3,4,4,4,1,1,1,1,1,1,1,4191,gemini,2024,여성,2
3,1,1.0,2.0,2.0,3,3,4,2,5,4,5,4,3,2,3,3,2,3,3,2,4,4,4,4,3,4,4,3,1,1,1,1,1,1,2,4192,gemini,2024,여성,2
3,1,1.0,2.0,2.0,3,3,4,2,5,4,5,4,3,2,3,3,2,3,3,2,4,4,4,4,3,4,4,4,1,1,1,1,1,1,1,4193,gemini,2024,여성,2
3,1,1.0,2.0,2.0,2,3,3,2,4,4,4,3,3,2,3,3,2,3,3,2,4,4,4,4,3,3,3,4,1,1,1,1,1,1,2,4194,gemini,2024,여성,2
3,1,1.0,2.0,2.0,2,3,3,2,4,4,4,3,3,2,3,3,2,3,3,2,4,4,4,4,3,4,4,4,1,1,1,1,1,1,1,4195,gemini,2024,여성,2
3,1,1.0,2.0,2.0,2,3,3,2,4,4,4,3,3,2,3,3,2,3,3,2,4,4,4,4,3,3,4,4,1,1,1,1,1,1,1,4196,gemini,2024,여성,2
3,1,1.0,2.0,2.0,2,3,3,2,4,4,4,3,3,2,3,3,2,3,3,2,4,4,4,4,3,4,4,4,1,1,1,1,1,1,1,4197,gemini,2024,여성,2
3,1,1.0,2.0,2.0,2,3,3,2,4,4,4,3,3,2,3,3,2,3,3,2,4,4,4,4,3,3,4,4,1,1,1,1,1,1,2,4198,gemini,2024,여성,2
3,1,1.0,2.0,2.0,2,3,3,2,4,4,4,3,3,2,3,3,2,2,3,2,4,4,4,4,3,4,4,4,1,1,1,1,1,1,1,4199,gemini,2024,여성,2
3,1,1.0,2.0,2.0,2,3,3,2,4,4,4,3,3,2,3,3,2,3,3,2,4,4,4,4,3,4,3,4,1,1,1,1,1,1,1,4200,gemini,2024,여성,2
3,1,1.0,2.0,2.0,2,3,3,2,4,4,4,3,3,2,3,3,2,3,3,2,4,4,4,4,3,4,4,4,1,1,1,1,1,1,1,4201,gemini,2024,여성,2
3,1,1.0,2.0,2.0,2,3,3,2,4,4,4,3,3,2,3,3,2,3,3,2,4,4,4,4,3,3,4,4,1,1,1,1,1,1,1,4202,gemini,2024,여성,2
3,1,1.0,2.0,2.0,2,3,3,2,4,4,4,3,3,2,3,3,2,3,3,2,4,4,4,4,3,3,4,4,1,1,1,1,1,1,1,4203,gemini,2024,여성,2
3,1,1.0,2.0,2.0,2,3,3,2,4,4,4,3,3,2,3,3,2,2,3,2,4,4,4,4,3,4,4,4,1,1,1,1,1,1,1,4204,gemini,2024,여성,2
3,1,1.0,2.0,2.0,2,3,3,2,4,4,4,3,3,2,3,3,2,3,3,2,4,4,4,4,3,4,3,4,1,1,1,1,1,1,2,4205,gemini,2024,여성,2
3,1,1.0,2.0,2.0,2,3,3,2,4,4,4,3,3,2,3,3,2,3,3,2,4,4,4,4,3,4,4,4,1,1,1,1,1,1,2,4206,gemini,2024,여성,2
3,1,1.0,2.0,2.0,2,3,4,2,4,4,4,3,3,2,3,3,2,3,3,2,4,4,4,4,3,4,4,4,1,1,1,1,1,1,2,4207,gemini,2024,여성,2
3,1,1.0,2.0,2.0,2,3,3,2,4,4,4,3,3,2,3,3,2,3,3,2,4,4,4,4,3,4,4,4,1,1,1,1,1,1,1,4208,gemini,2024,여성,2
3,1,1.0,2.0,2.0,2,3,3,2,4,4,4,3,3,2,3,3,2,3,3,2,4,4,4,4,3,4,4,4,1,1,1,1,1,1,1,4209,gemini,2024,여성,2
3,1,1.0,2.0,2.0,2,3,3,2,4,4,4,3,3,2,3,3,2,3,3,2,4,4,4,4,3,4,3,4,1,1,1,1,1,1,1,4210,gemini,2024,여성,2
3,1,1.0,2.0,2.0,2,3,3,2,4,4,4,3,3,2,3,3,2,3,3,2,4,4,4,4,3,4,4,4,1,1,1,1,1,1,1,4211,gemini,2024,여성,2
3,1,1.0,2.0,2.0,2,3,3,2,4,4,4,3,3,2,3,3,2,2,3,2,4,4,4,4,3,4,4,4,1,1,1,1,1,1,1,4212,gemini,2024,여성,2
3,1,1.0,2.0,2.0,2,3,3,2,4,4,4,3,3,2,3,3,2,3,3,2,4,4,4,4,3,4,4,4,1,1,1,1,1,1,1,4213,gemini,2024,여성,2
3,1,1.0,2.0,2.0,2,3,3,2,4,4,4,3,3,2,3,3,2,3,3,2,4,4,4,4,3,4,4,4,1,1,1,1,1,1,1,4214,gemini,2024,여성,2
3,1,1.0,2.0,2.0,2,3,3,2,4,4,4,3,3,2,3,3,2,3,3,2,4,4,4,4,3,4,4,4,1,1,1,1,1,1,1,4215,gemini,2024,여성,2
3,1,1.0,2.0,2.0,3,3,4,2,5,4,5,4,3,2,3,3,2,3,3,2,4,4,4,4,3,4,4,4,1,1,1,1,1,1,2,4216,gemini,2024,여성,2
3,1,1.0,2.0,2.0,3,3,4,2,5,4,5,4,3,2,3,3,2,3,3,2,4,4,4,4,3,4,4,4,1,1,1,1,1,1,1,4217,gemini,2024,여성,2
3,1,1.0,2.0,2.0,2,3,3,2,4,4,4,3,3,2,3,3,2,3,3,2,4,4,4,4,3,4,3,4,1,1,1,1,1,1,1,4218,gemini,2024,여성,2
3,1,1.0,2.0,2.0,2,3,3,2,4,4,4,3,3,2,3,3,2,3,3,2,4,4,4,4,3,4,4,4,1,1,1,1,1,1,2,4219,gemini,2024,여성,2
3,1,1.0,2.0,2.0,2,3,3,2,4,4,4,3,3,2,3,3,2,2,3,2,4,4,4,4,3,4,4,4,1,1,1,1,1,1,1,4220,gemini,2024,여성,2
3,1,1.0,2.0,2.0,3,3,4,2,5,4,5,4,3,2,3,3,2,3,3,2,4,4,4,4,3,4,4,4,1,1,1,1,1,1,1,4221,gemini,2024,여성,2
3,1,1.0,2.0,2.0,2,3,3,2,4,4,4,3,3,2,3,3,2,3,3,2,4,4,4,4,3,4,3,4,1,1,1,1,1,1,1,4222,gemini,2024,여성,2
3,1,1.0,2.0,2.0,2,3,4,2,5,4,5,4,3,2,3,3,2,3,3,2,4,4,4,4,3,4,4,4,1,1,1,1,1,1,1,4223,gemini,2024,여성,2
3,1,1.0,2.0,2.0,2,3,3,2,4,4,4,3,3,2,3,3,2,3,3,2,4,4,4,4,3,3,3,4,1,1,1,1,1,1,1,4224,gemini,2024,여성,2
3,1,1.0,2.0,2.0,2,3,3,2,4,4,4,3,3,2,3,3,2,3,3,2,4,4,4,4,3,4,4,4,1,1,1,1,1,1,1,4225,gemini,2024,여성,2
3,1,1.0,2.0,2.0,2,3,3,2,4,4,4,3,3,2,3,3,2,2,3,2,4,4,4,4,3,3,3,4,1,1,1,1,1,1,1,4226,gemini,2024,여성,2
3,1,1.0,2.0,2.0,2,3,3,2,4,4,4,4,3,2,3,3,2,3,3,2,4,4,4,4,3,3,4,4,1,1,1,1,1,1,1,4227,gemini,2024,여성,2
3,1,1.0,2.0,2.0,2,3,3,2,4,4,4,3,3,2,3,3,2,3,3,2,4,4,4,4,3,4,4,4,1,1,1,1,1,1,2,4228,gemini,2024,여성,2
3,1,1.0,2.0,2.0,2,3,3,2,4,4,4,3,3,2,3,3,2,3,3,2,4,4,4,4,3,4,3,4,1,1,1,1,1,1,1,4229,gemini,2024,여성,2
3,1,1.0,2.0,2.0,3,3,4,2,5,4,5,4,3,2,3,3,2,3,3,2,4,4,4,4,3,4,4,4,1,1,1,1,1,1,1,4230,gemini,2024,여성,2
3,1,1.0,2.0,2.0,2,3,3,2,4,4,4,3,3,2,3,3,2,3,3,2,4,4,4,4,3,4,3,4,1,1,1,1,1,1,1,4231,gemini,2024,여성,2
3,1,1.0,2.0,2.0,2,3,3,2,4,4,4,3,3,2,3,3,2,3,3,2,4,4,4,4,3,3,4,4,1,1,1,1,1,1,1,4232,gemini,2024,여성,2
3,1,1.0,2.0,2.0,2,3,3,2,4,4,4,3,3,2,3,3,2,3,3,2,4,4,4,4,3,4,3,4,1,1,1,1,1,1,2,4233,gemini,2024,여성,2
3,1,1.0,2.0,2.0,2,3,3,2,4,4,4,3,3,2,3,3,2,3,3,2,4,4,4,4,3,4,3,4,1,1,1,1,1,1,1,4234,gemini,2024,여성,2
3,1,1.0,2.0,2.0,2,3,3,2,4,4,4,3,3,2,3,3,2,3,3,2,4,4,4,4,3,4,4,4,1,1,1,1,1,1,2,4235,gemini,2024,여성,2
3,1,1.0,2.0,2.0,2,3,3,2,4,4,4,3,3,2,3,3,2,3,3,2,4,4,4,4,3,4,4,3,1,1,1,1,1,1,2,4236,gemini,2024,여성,2
3,1,1.0,2.0,2.0,2,3,3,2,4,4,4,3,3,2,3,3,2,3,3,2,4,4,4,4,3,4,3,4,1,1,1,1,1,1,2,4237,gemini,2024,여성,2
3,1,1.0,2.0,2.0,2,3,3,2,4,4,4,3,3,2,3,3,2,3,3,2,4,4,4,4,3,4,3,4,1,1,1,1,1,1,2,4238,gemini,2024,여성,2
3,1,1.0,2.0,2.0,2,3,4,2,5,4,5,4,3,2,3,3,2,3,3,2,4,4,4,4,3,4,4,4,1,1,1,1,1,1,1,4239,gemini,2024,여성,2
3,1,1.0,2.0,2.0,2,3,3,2,4,4,4,3,3,2,2,3,2,3,3,2,4,4,4,4,3,3,4,4,1,1,1,1,1,1,2,4240,gemini,2024,여성,2
3,1,1.0,2.0,2.0,2,3,3,2,4,4,4,3,3,2,3,3,2,2,3,2,4,4,4,4,3,3,4,4,1,1,1,1,1,1,2,4241,gemini,2024,여성,2
3,1,1.0,2.0,2.0,2,3,3,2,4,4,4,3,3,2,3,3,2,3,3,2,4,4,4,4,3,3,4,4,1,1,1,1,1,1,2,4242,gemini,2024,여성,2
3,1,1.0,2.0,2.0,2,3,3,2,4,4,4,3,3,2,3,3,2,3,3,2,4,4,4,4,3,4,4,4,1,1,1,1,1,1,1,4243,gemini,2024,여성,2
3,1,1.0,2.0,2.0,2,3,3,2,4,4,4,3,3,2,3,3,2,3,3,2,4,4,4,4,3,4,4,4,1,1,1,1,1,1,1,4244,gemini,2024,여성,2
3,1,1.0,2.0,2.0,2,3,3,2,4,4,4,3,3,2,3,3,2,2,3,2,4,4,4,4,3,3,4,4,1,1,1,1,1,1,1,4245,gemini,2024,여성,2
3,1,1.0,2.0,2.0,3,3,4,2,5,4,5,4,3,2,3,3,2,3,3,2,4,4,4,4,3,4,4,4,1,1,1,1,1,1,2,4246,gemini,2024,여성,2
3,1,1.0,2.0,2.0,2,3,3,2,4,4,4,3,3,2,3,3,2,3,3,2,4,4,4,4,3,4,4,4,1,1,1,1,1,1,2,4247,gemini,2024,여성,2
3,1,1.0,2.0,2.0,2,3,3,2,4,4,4,3,3,2,3,3,2,3,3,2,4,4,4,4,3,4,4,3,1,1,1,1,1,1,2,4248,gemini,2024,여성,2
3,1,1.0,2.0,2.0,3,3,4,2,5,4,4,4,3,3,3,4,2,3,3,2,4,4,4,4,3,4,3,4,1,1,1,1,1,1,1,4249,gemini,2024,여성,2
3,1,1.0,2.0,2.0,2,3,3,2,5,4,4,4,3,2,3,3,2,3,3,2,4,4,4,4,3,4,4,4,1,1,1,1,1,1,1,4250,gemini,2024,여성,2
3,1,1.0,2.0,2.0,2,3,4,2,4,4,4,3,3,2,3,3,2,2,3,2,4,4,4,4,3,4,4,4,1,1,1,1,1,1,1,4251,gemini,2024,여성,2
3,1,1.0,2.0,2.0,2,3,3,2,4,4,4,3,3,2,3,3,2,3,3,2,4,4,4,4,3,4,3,4,1,1,1,1,1,1,1,4252,gemini,2024,여성,2
3,1,1.0,2.0,2.0,2,3,3,2,4,4,4,3,3,2,3,3,2,3,3,2,4,4,4,4,3,4,4,4,1,1,1,1,1,1,1,4253,gemini,2024,여성,2
3,1,1.0,2.0,2.0,2,3,4,2,5,4,4,3,3,2,3,3,2,3,3,2,4,4,4,4,3,4,3,4,1,1,1,1,1,1,1,4254,gemini,2024,여성,2
3,1,1.0,2.0,2.0,2,3,3,2,4,4,4,3,3,2,3,3,2,3,3,2,4,4,4,4,3,4,4,4,1,1,1,1,1,1,1,4255,gemini,2024,여성,2
3,1,1.0,2.0,2.0,3,3,4,2,4,4,4,3,3,3,3,3,2,3,3,2,4,4,4,4,3,4,4,4,1,1,1,1,1,1,1,4256,gemini,2024,여성,2
3,1,1.0,2.0,2.0,2,3,4,2,5,4,5,4,3,2,3,3,2,3,3,2,4,4,4,4,3,4,4,4,1,1,1,1,1,1,2,4257,gemini,2024,여성,2
3,1,1.0,2.0,2.0,2,3,3,2,4,4,4,3,3,2,3,3,2,2,3,2,4,4,4,4,3,3,4,4,1,1,1,1,1,1,1,4258,gemini,2024,여성,2
3,1,1.0,2.0,2.0,2,3,3,2,4,4,4,3,3,2,3,3,2,3,3,2,4,4,4,4,3,3,4,4,1,1,1,1,1,1,2,4259,gemini,2024,여성,2
3,1,1.0,2.0,2.0,2,3,3,2,4,4,4,3,3,2,3,3,2,3,3,2,4,4,4,4,3,4,3,4,1,1,1,1,1,1,1,4260,gemini,2024,여성,2
3,1,1.0,2.0,2.0,2,3,3,2,4,4,4,3,3,2,3,3,2,3,3,2,4,4,4,4,3,4,4,4,1,1,1,1,1,1,2,4261,gemini,2024,여성,2
3,1,1.0,2.0,2.0,2,3,3,2,4,4,4,3,3,2,3,3,2,3,3,2,4,4,4,4,3,4,4,4,1,1,1,1,1,1,1,4262,gemini,2024,여성,2
3,1,1.0,2.0,2.0,2,3,3,2,4,4,4,4,3,2,3,3,2,3,3,2,4,4,4,4,3,4,4,4,1,1,1,1,1,1,2,4263,gemini,2024,여성,2
3,1,1.0,2.0,2.0,2,3,3,2,4,4,4,3,3,2,3,3,2,2,3,2,4,4,4,4,3,4,3,4,1,1,1,1,1,1,1,4264,gemini,2024,여성,2
3,1,1.0,2.0,2.0,2,3,3,2,4,4,4,3,3,2,3,3,2,3,3,2,4,4,4,4,3,4,4,4,1,1,1,1,1,1,1,4265,gemini,2024,여성,2
3,1,1.0,2.0,2.0,2,3,3,2,5,4,4,4,3,2,3,3,2,3,3,2,4,4,4,4,3,4,4,4,1,1,1,1,1,1,1,4266,gemini,2024,여성,2
3,1,1.0,2.0,2.0,2,3,3,2,4,4,4,3,3,2,3,3,2,3,3,2,4,4,4,4,3,4,4,4,1,1,1,1,1,1,2,4267,gemini,2024,여성,2
3,1,1.0,2.0,2.0,2,3,3,2,5,4,5,4,3,2,3,3,2,3,3,2,4,4,4,4,3,4,4,4,1,1,1,1,1,1,1,4268,gemini,2024,여성,2
3,1,1.0,2.0,2.0,2,3,3,2,4,4,4,3,3,2,3,3,2,3,3,2,4,4,4,4,3,3,3,4,1,1,1,1,1,1,1,4269,gemini,2024,여성,2
3,1,1.0,2.0,2.0,2,3,3,2,4,4,4,4,3,2,3,3,2,3,3,2,4,4,4,4,3,4,4,4,1,1,1,1,1,1,1,4270,gemini,2024,여성,2
3,1,1.0,2.0,2.0,2,3,3,2,4,4,4,3,3,2,3,3,2,3,3,2,4,4,4,4,3,4,4,3,1,1,1,1,1,1,1,4271,gemini,2024,여성,2
3,1,1.0,2.0,2.0,2,3,3,2,4,4,4,3,3,2,3,3,2,3,3,2,4,4,4,4,3,4,4,4,1,1,1,1,1,1,1,4272,gemini,2024,여성,2
3,1,1.0,2.0,2.0,2,3,3,2,4,4,4,3,3,2,3,3,2,3,3,2,4,4,4,4,3,4,4,4,1,1,1,1,1,1,1,4273,gemini,2024,여성,2
3,1,1.0,2.0,2.0,2,3,3,2,4,4,4,3,3,2,3,3,2,2,3,2,4,4,4,4,3,3,4,4,1,1,1,1,1,1,2,4274,gemini,2024,여성,2
3,1,1.0,2.0,2.0,2,3,3,2,4,4,4,3,3,2,3,3,2,3,3,2,4,4,4,4,3,3,4,4,1,1,1,1,1,1,2,4275,gemini,2024,여성,2
3,1,1.0,2.0,2.0,2,3,3,2,4,4,4,3,3,2,3,3,2,3,3,2,4,4,4,4,3,4,3,4,1,1,1,1,1,1,1,4276,gemini,2024,여성,2
3,1,1.0,2.0,2.0,2,3,4,2,5,4,5,4,3,2,3,3,2,3,3,2,4,4,4,4,3,4,4,4,1,1,1,1,1,1,1,4277,gemini,2024,여성,2
3,1,1.0,2.0,2.0,2,3,3,2,4,4,4,3,3,2,3,3,2,3,3,2,4,4,4,4,3,4,3,4,1,1,1,1,1,1,1,4278,gemini,2024,여성,2
3,1,1.0,2.0,2.0,2,3,3,2,4,4,4,3,3,2,3,3,2,3,3,2,4,4,4,4,3,3,3,4,1,1,1,1,1,1,2,4279,gemini,2024,여성,2
3,1,1.0,2.0,2.0,3,3,4,2,5,4,5,4,3,2,3,3,2,3,3,2,4,4,4,4,3,3,4,4,1,1,1,1,1,1,1,4280,gemini,2024,여성,2
3,1,1.0,2.0,2.0,2,3,3,2,4,4,4,3,3,2,3,3,2,3,3,2,4,4,4,4,3,4,3,4,1,1,1,1,1,1,1,4281,gemini,2024,여성,2
3,1,1.0,2.0,2.0,2,3,3,2,4,4,4,3,3,2,3,3,2,3,3,2,4,4,4,4,3,4,3,4,1,1,1,1,1,1,2,4282,gemini,2024,여성,2
3,1,1.0,2.0,2.0,2,3,3,2,4,4,4,3,3,2,3,3,2,2,3,2,4,4,4,4,3,3,3,4,1,1,1,1,1,1,2,4283,gemini,2024,여성,2
3,1,1.0,2.0,2.0,2,3,3,2,4,4,4,3,3,2,3,3,2,3,3,2,4,4,4,4,3,4,4,3,1,1,1,1,1,1,1,4284,gemini,2024,여성,2
3,1,1.0,2.0,2.0,2,3,3,2,4,4,4,3,3,2,3,3,2,3,3,2,4,4,4,4,3,4,3,4,1,1,1,1,1,1,1,4285,gemini,2024,여성,2
3,1,1.0,2.0,2.0,2,3,3,2,4,4,4,3,3,2,3,3,2,3,3,2,4,4,4,4,3,4,4,4,1,1,1,1,1,1,2,4286,gemini,2024,여성,2
3,1,1.0,2.0,2.0,2,3,3,2,4,4,4,3,3,2,3,3,2,2,3,2,4,4,4,4,3,3,4,4,1,1,1,1,1,1,2,4287,gemini,2024,여성,2
3,1,1.0,2.0,2.0,3,3,4,2,4,4,4,3,3,2,3,3,2,3,3,2,4,4,4,4,3,4,4,4,1,1,1,1,1,1,1,4288,gemini,2024,여성,2
3,1,1.0,2.0,2.0,2,3,3,2,4,4,4,3,3,2,3,3,2,3,3,2,4,4,4,4,3,4,4,4,1,1,1,1,1,1,2,4289,gemini,2024,여성,2
3,1,1.0,2.0,2.0,2,3,3,2,5,4,4,4,3,2,3,3,2,3,3,2,4,4,4,4,3,4,4,4,1,1,1,1,1,1,1,4290,gemini,2024,여성,2
3,1,1.0,2.0,2.0,2,3,3,2,4,4,4,3,3,2,3,3,2,3,3,2,4,4,4,4,3,4,3,4,1,1,1,1,1,1,1,4291,gemini,2024,여성,2
3,1,1.0,2.0,2.0,2,3,4,2,5,4,5,4,3,2,3,3,2,3,3,2,4,4,4,4,3,4,4,4,1,1,1,1,1,1,2,4292,gemini,2024,여성,2
3,1,1.0,2.0,2.0,3,3,4,2,5,4,5,4,3,2,3,3,2,3,3,2,4,4,4,4,3,4,4,4,1,1,1,1,1,1,1,4293,gemini,2024,여성,2
3,1,1.0,2.0,2.0,2,3,4,2,5,4,4,4,3,2,3,3,2,3,3,2,4,4,4,4,3,4,3,4,1,1,1,1,1,1,2,4294,gemini,2024,여성,2
3,1,1.0,2.0,2.0,3,3,4,2,5,4,5,4,3,2,3,3,2,3,3,2,4,4,4,4,3,4,4,4,1,1,1,1,1,1,1,4295,gemini,2024,여성,2
3,1,1.0,2.0,2.0,3,3,4,2,5,4,5,4,3,2,3,3,2,3,3,2,4,4,4,4,3,4,3,4,1,1,1,1,1,1,1,4296,gemini,2024,여성,2
3,1,1.0,2.0,2.0,2,3,4,2,5,4,5,4,3,2,3,3,1,2,3,2,4,4,4,4,3,4,4,4,1,1,1,1,1,1,1,4297,gemini,2024,여성,2
3,1,1.0,2.0,2.0,3,3,4,2,4,4,4,3,3,3,3,3,2,3,3,2,4,4,4,4,3,3,4,4,1,1,1,1,1,1,2,4298,gemini,2024,여성,2
3,1,1.0,2.0,2.0,2,3,3,2,4,4,4,3,3,2,3,3,2,3,3,2,4,4,4,4,3,3,4,4,1,1,1,1,1,1,1,4299,gemini,2024,여성,2
3,1,1.0,2.0,2.0,2,3,3,2,4,4,4,3,3,2,3,3,2,3,3,2,4,4,4,4,3,4,4,4,1,1,1,1,1,1,2,4300,gemini,2024,여성,2
3,1,1.0,2.0,2.0,2,3,3,2,5,4,4,4,3,2,3,3,2,3,3,2,4,4,4,4,3,3,3,4,1,1,1,1,1,1,1,4301,gemini,2024,여성,2
3,1,1.0,2.0,2.0,2,3,3,2,4,4,4,3,3,2,3,3,2,3,3,2,4,4,4,4,3,4,4,4,1,1,1,1,1,1,1,4302,gemini,2024,여성,2
3,1,1.0,2.0,2.0,2,3,3,2,4,4,4,3,3,2,3,3,2,3,3,2,4,4,4,4,3,4,4,4,1,1,1,1,1,1,2,4303,gemini,2024,여성,2
3,1,1.0,2.0,2.0,2,3,3,2,4,4,4,3,3,2,3,3,2,3,3,2,4,4,4,4,3,3,4,4,1,1,1,1,1,1,1,4304,gemini,2024,여성,2
3,1,1.0,2.0,2.0,2,3,3,2,4,4,4,3,3,2,3,3,2,3,3,2,4,4,4,4,3,4,4,4,1,1,1,1,1,1,2,4305,gemini,2024,여성,2
3,1,1.0,2.0,2.0,2,3,3,2,4,4,4,3,3,2,3,3,2,3,3,2,4,4,4,4,3,3,4,4,1,1,1,1,1,1,1,4306,gemini,2024,여성,2
3,1,1.0,2.0,2.0,2,3,3,2,4,4,4,3,3,2,3,3,2,3,3,2,4,4,4,4,3,3,3,4,1,1,1,1,1,1,1,4307,gemini,2024,여성,2
3,1,1.0,2.0,2.0,2,3,3,2,4,4,4,4,3,2,3,3,2,3,3,2,4,4,4,4,3,3,3,3,1,1,1,1,1,1,1,4308,gemini,2024,여성,2
3,1,1.0,2.0,2.0,2,3,3,2,4,4,4,3,3,2,3,3,2,3,3,2,4,4,4,4,3,3,3,4,1,1,1,1,1,1,2,4309,gemini,2024,여성,2
3,1,1.0,2.0,2.0,2,3,3,2,4,4,4,3,3,2,3,3,2,3,3,2,4,4,4,4,3,4,4,4,1,1,1,1,1,1,1,4310,gemini,2024,여성,2
3,1,1.0,2.0,2.0,2,3,3,2,4,4,4,3,3,2,3,3,2,3,3,2,4,4,4,4,3,3,4,4,1,1,1,1,1,1,2,4311,gemini,2024,여성,2
3,1,1.0,2.0,2.0,2,3,3,2,4,4,4,3,3,2,3,3,2,3,3,2,4,4,4,4,3,4,4,4,1,1,1,1,1,1,1,4312,gemini,2024,여성,2
3,1,1.0,2.0,2.0,3,3,4,2,5,4,5,4,3,3,3,4,2,3,3,2,4,4,4,4,3,4,4,3,1,1,1,1,1,1,2,4313,gemini,2024,여성,2
3,1,1.0,2.0,2.0,2,3,3,2,4,4,4,3,3,2,3,3,2,3,3,2,4,4,4,4,3,4,4,4,1,1,1,1,1,1,1,4314,gemini,2024,여성,2
3,1,1.0,2.0,2.0,2,3,4,2,5,4,5,4,3,2,3,3,2,3,3,2,4,4,4,4,3,4,4,4,1,1,1,1,1,1,1,4315,gemini,2024,여성,2
3,1,1.0,2.0,2.0,2,3,3,2,4,4,4,3,3,2,3,3,2,3,3,2,4,4,4,4,3,4,4,4,1,1,1,1,1,1,1,4316,gemini,2024,여성,2
3,1,1.0,2.0,2.0,2,3,4,2,4,4,4,4,3,2,3,3,2,3,3,2,4,4,4,4,3,3,3,4,1,1,1,1,1,1,1,4317,gemini,2024,여성,2
3,1,1.0,2.0,2.0,2,3,3,2,4,4,4,3,3,2,3,3,2,3,3,2,4,4,4,4,3,4,4,4,1,1,1,1,1,1,2,4318,gemini,2024,여성,2
3,1,1.0,2.0,2.0,2,3,3,2,4,4,4,3,3,2,3,3,2,3,3,2,4,4,4,4,3,3,3,4,1,1,1,1,1,1,1,4319,gemini,2024,여성,2
3,1,1.0,2.0,2.0,3,3,4,2,4,4,4,3,3,2,3,3,2,3,3,2,4,4,4,4,3,4,3,4,1,1,1,1,1,1,1,4320,gemini,2024,여성,2
3,1,1.0,2.0,2.0,2,3,3,2,4,4,4,3,3,2,3,3,2,3,3,2,4,4,4,4,3,3,3,4,1,1,1,1,1,1,2,4321,gemini,2024,여성,2
3,1,1.0,2.0,2.0,2,3,3,2,4,4,4,3,3,2,3,3,2,3,3,2,4,4,4,4,3,4,4,4,1,1,1,1,1,1,1,4322,gemini,2024,여성,2
3,1,1.0,2.0,2.0,2,3,3,2,4,4,4,3,3,2,3,3,2,3,3,2,4,4,4,4,3,4,3,4,1,1,1,1,1,1,1,4323,gemini,2024,여성,2
3,1,1.0,2.0,2.0,2,3,3,2,4,4,4,3,3,2,3,3,2,3,3,2,4,4,4,4,3,4,3,4,1,1,1,1,1,1,1,4324,gemini,2024,여성,2
3,1,1.0,2.0,2.0,2,3,3,2,4,4,4,3,3,2,3,3,2,3,3,2,4,4,4,4,3,4,4,4,1,1,1,1,1,1,1,4325,gemini,2024,여성,2
3,1,1.0,2.0,2.0,2,3,3,2,4,4,4,3,3,2,3,3,2,3,3,2,4,4,4,4,3,4,4,4,1,1,1,1,1,1,2,4326,gemini,2024,여성,2
3,1,1.0,2.0,2.0,2,3,3,2,5,4,4,4,3,2,3,3,2,3,3,2,4,4,4,4,3,4,4,4,1,1,1,1,1,1,1,4327,gemini,2024,여성,2
3,1,1.0,2.0,2.0,3,3,4,2,5,4,5,4,3,2,3,3,2,3,3,2,4,4,4,4,3,4,4,4,1,1,1,1,1,1,1,4328,gemini,2024,여성,2
3,1,1.0,2.0,2.0,2,3,3,2,4,4,4,4,3,2,3,3,2,3,3,2,4,4,4,4,3,3,4,4,1,1,1,1,1,1,2,4329,gemini,2024,여성,2
3,1,1.0,2.0,2.0,2,3,3,2,4,4,4,3,3,2,3,3,2,3,3,2,4,4,4,4,3,4,4,4,1,1,1,1,1,1,1,4330,gemini,2024,여성,2
3,1,1.0,2.0,2.0,2,3,3,2,4,4,4,3,3,2,3,3,2,3,3,2,4,4,4,4,3,4,3,3,1,1,1,1,1,1,1,4331,gemini,2024,여성,2
3,1,1.0,2.0,2.0,2,3,3,2,4,4,4,3,3,2,3,3,2,3,3,2,4,4,4,4,3,4,4,4,1,1,1,1,1,1,2,4332,gemini,2024,여성,2
3,1,1.0,2.0,2.0,2,3,3,2,4,4,4,3,3,2,3,3,2,3,3,2,4,4,4,4,3,3,4,4,1,1,1,1,1,1,2,4333,gemini,2024,여성,2
3,1,1.0,2.0,2.0,2,3,4,2,4,4,4,3,3,2,3,3,2,2,3,2,4,4,4,4,3,4,4,4,1,1,1,1,1,1,1,4334,gemini,2024,여성,2
3,1,1.0,2.0,2.0,2,3,3,2,4,4,4,3,3,2,3,3,2,3,3,2,4,4,4,4,3,4,3,4,1,1,1,1,1,1,1,4335,gemini,2024,여성,2
3,1,1.0,2.0,2.0,2,3,4,2,4,4,4,3,3,2,3,3,2,3,3,2,4,4,4,4,3,4,4,4,1,1,1,1,1,1,1,4336,gemini,2024,여성,2
3,1,1.0,2.0,2.0,2,3,3,2,4,4,4,3,3,2,3,3,2,3,3,2,4,4,4,4,3,3,3,4,1,1,1,1,1,1,1,4337,gemini,2024,여성,2
3,1,1.0,2.0,2.0,2,3,3,2,4,4,4,3,3,2,3,3,2,3,3,2,4,4,4,4,3,4,4,4,1,1,1,1,1,1,2,4338,gemini,2024,여성,2
3,1,1.0,2.0,2.0,3,3,4,2,5,4,5,4,3,3,3,4,2,3,3,2,4,4,4,4,3,4,3,4,1,1,1,1,1,1,1,4339,gemini,2024,여성,2
3,1,1.0,2.0,2.0,2,3,3,2,4,4,4,3,3,2,3,3,2,3,3,2,4,4,4,4,3,4,4,4,1,1,1,1,1,1,1,4340,gemini,2024,여성,2
3,1,1.0,2.0,2.0,2,3,3,2,4,4,4,3,3,2,3,3,2,3,3,2,4,4,4,4,3,4,4,4,1,1,1,1,1,1,2,4341,gemini,2024,여성,2
3,1,1.0,2.0,2.0,2,3,4,2,5,4,5,4,3,2,3,3,2,3,3,2,4,4,4,4,3,3,4,4,1,1,1,1,1,1,1,4342,gemini,2024,여성,2
3,1,1.0,2.0,2.0,2,3,3,2,4,4,4,4,3,2,3,3,2,3,3,2,4,4,4,4,3,3,4,4,1,1,1,1,1,1,1,4343,gemini,2024,여성,2
3,1,1.0,2.0,2.0,2,3,3,2,4,4,4,3,3,2,3,3,2,3,3,2,4,4,4,4,3,3,3,3,1,1,1,1,1,1,2,4344,gemini,2024,여성,2
3,1,1.0,2.0,2.0,2,3,3,2,4,4,4,3,3,2,3,3,2,3,3,2,4,4,4,4,3,4,4,4,1,1,1,1,1,1,1,4345,gemini,2024,여성,2
3,1,1.0,2.0,2.0,2,3,3,2,4,4,4,3,3,2,3,3,2,3,3,2,4,4,4,4,3,4,4,4,1,1,1,1,1,1,2,4346,gemini,2024,여성,2
3,1,1.0,2.0,2.0,2,3,3,2,4,4,4,3,3,2,3,3,2,3,3,2,4,4,4,4,3,4,4,4,1,1,1,1,1,1,1,4347,gemini,2024,여성,2
3,1,1.0,2.0,2.0,2,3,3,2,4,4,4,3,3,2,3,3,2,3,3,2,4,4,4,4,3,4,4,4,1,1,1,1,1,1,1,4348,gemini,2024,여성,2
3,1,1.0,2.0,2.0,2,3,3,2,4,4,4,4,3,2,3,3,2,3,3,2,4,4,4,4,3,3,3,4,1,1,1,1,1,1,2,4349,gemini,2024,여성,2
3,1,1.0,2.0,2.0,2,3,3,2,4,4,4,3,3,2,3,3,2,3,3,2,4,4,4,4,3,4,4,4,1,1,1,1,1,1,2,4350,gemini,2024,여성,2
3,1,1.0,2.0,2.0,2,3,3,2,4,4,4,4,3,2,3,3,2,3,3,2,4,4,4,4,3,4,4,4,1,1,1,1,1,1,1,4351,gemini,2024,여성,2
3,1,1.0,2.0,2.0,2,3,3,2,4,4,4,3,3,2,3,3,2,3,3,2,4,4,4,4,3,4,3,4,1,1,1,1,1,1,1,4352,gemini,2024,여성,2
3,1,1.0,2.0,2.0,2,3,4,2,5,4,4,4,3,2,3,3,2,3,3,2,4,4,4,4,3,3,3,4,1,1,1,1,1,1,2,4353,gemini,2024,여성,2
3,1,1.0,2.0,2.0,2,3,3,2,4,4,4,3,3,2,3,3,2,3,3,2,4,4,4,4,3,3,3,3,1,1,1,1,1,1,1,4354,gemini,2024,여성,2
3,1,1.0,2.0,2.0,2,3,3,2,4,4,4,3,3,2,3,3,2,3,3,2,4,4,4,4,3,4,4,4,1,1,1,1,1,1,1,4355,gemini,2024,여성,2
3,1,1.0,2.0,2.0,2,3,3,2,4,4,4,3,3,2,3,3,2,3,3,2,4,4,4,4,3,3,4,4,1,1,1,1,1,1,1,4356,gemini,2024,여성,2
3,1,1.0,2.0,2.0,2,3,3,2,4,4,4,3,3,2,3,3,2,3,3,2,4,4,4,4,3,4,4,4,1,1,1,1,1,1,1,4357,gemini,2024,여성,2
3,1,1.0,2.0,2.0,2,3,3,2,4,4,4,3,3,2,3,3,2,3,3,2,4,4,4,4,3,3,3,4,1,1,1,1,1,1,1,4358,gemini,2024,여성,2
3,1,1.0,2.0,2.0,2,3,3,2,4,4,4,3,3,2,3,3,2,3,3,2,4,4,4,4,3,4,4,4,1,1,1,1,1,1,1,4359,gemini,2024,여성,2
3,1,1.0,2.0,2.0,2,3,3,2,4,4,4,3,3,2,3,3,2,3,3,2,4,4,4,4,3,4,3,4,1,1,1,1,1,1,1,4360,gemini,2024,여성,2
3,1,1.0,2.0,2.0,3,3,4,2,5,4,5,4,3,3,3,4,2,3,3,2,4,4,4,4,3,4,3,4,1,1,1,1,1,1,1,4361,gemini,2024,여성,2
3,1,1.0,2.0,2.0,2,3,3,2,4,4,4,3,3,2,3,3,2,2,3,2,4,4,4,4,3,4,4,4,1,1,1,1,1,1,1,4362,gemini,2024,여성,2
3,1,1.0,2.0,2.0,2,3,3,2,4,4,4,3,3,2,3,3,2,2,3,2,4,4,4,4,3,3,3,4,1,1,1,1,1,1,1,4363,gemini,2024,여성,2
3,1,1.0,2.0,2.0,2,3,3,2,4,4,4,3,3,2,3,3,2,3,3,2,4,4,4,4,3,4,3,4,1,1,1,1,1,1,1,4364,gemini,2024,여성,2
3,1,1.0,2.0,2.0,2,3,3,2,4,4,4,4,3,2,3,3,2,3,3,2,4,4,4,4,3,3,4,4,1,1,1,1,1,1,2,4365,gemini,2024,여성,2
3,1,1.0,2.0,2.0,2,3,3,2,5,4,5,4,3,2,3,3,2,3,3,2,4,4,4,4,3,4,4,4,1,1,1,1,1,1,1,4366,gemini,2024,여성,2
3,1,1.0,2.0,2.0,3,3,4,2,5,4,5,4,3,2,3,3,2,3,3,2,4,4,4,4,3,4,3,4,1,1,1,1,1,1,1,4367,gemini,2024,여성,2
3,1,1.0,2.0,2.0,2,3,3,2,4,4,4,3,3,2,3,3,2,3,3,2,4,4,4,4,3,4,4,4,1,1,1,1,1,1,1,4368,gemini,2024,여성,2
3,1,1.0,2.0,2.0,2,3,3,2,4,4,4,3,3,2,3,3,2,3,3,2,4,4,4,4,3,3,3,4,1,1,1,1,1,1,1,4369,gemini,2024,여성,2
3,1,1.0,2.0,2.0,2,3,3,2,4,4,4,3,3,2,3,3,2,2,3,2,4,4,4,4,3,4,4,4,1,1,1,1,1,1,2,4370,gemini,2024,여성,2
3,1,1.0,2.0,2.0,2,3,3,2,4,4,4,3,3,2,3,3,2,3,3,2,4,4,4,4,3,4,3,4,1,1,1,1,1,1,1,4371,gemini,2024,여성,2
3,1,1.0,2.0,2.0,2,3,3,2,4,4,4,3,3,2,3,3,2,2,3,2,4,4,4,4,3,4,4,4,1,1,1,1,1,1,2,4372,gemini,2024,여성,2
3,1,1.0,2.0,2.0,2,3,3,2,4,4,4,3,3,2,3,3,2,3,3,2,4,4,4,4,3,3,3,4,1,1,1,1,1,1,1,4373,gemini,2024,여성,2
3,1,1.0,2.0,2.0,2,3,3,2,4,4,4,3,3,2,3,3,2,3,3,2,4,4,4,4,3,4,4,4,1,1,1,1,1,1,1,4374,gemini,2024,여성,2
3,1,1.0,2.0,2.0,2,3,3,2,4,4,4,3,3,2,3,3,2,3,3,2,4,4,4,4,3,3,4,4,1,1,1,1,1,1,1,4375,gemini,2024,여성,2
3,1,1.0,2.0,2.0,2,3,3,2,4,4,4,3,3,2,3,3,2,3,3,2,4,4,4,4,3,4,4,4,1,1,1,1,1,1,1,4376,gemini,2024,여성,2
3,1,1.0,2.0,2.0,2,3,3,2,4,4,4,3,3,2,3,3,2,3,3,2,4,4,4,4,3,4,3,4,1,1,1,1,1,1,2,4377,gemini,2024,여성,2
3,1,1.0,2.0,2.0,3,3,4,2,4,4,4,3,3,2,3,3,2,3,3,2,4,4,4,4,3,4,4,4,1,1,1,1,1,1,1,4378,gemini,2024,여성,2
3,1,1.0,2.0,2.0,2,3,4,2,5,4,5,4,3,2,3,3,2,3,3,2,4,4,4,4,3,4,4,4,1,1,1,1,1,1,2,4379,gemini,2024,여성,2
3,1,1.0,2.0,2.0,2,3,3,2,4,4,4,3,3,2,3,3,2,3,3,2,4,4,4,4,3,4,3,4,1,1,1,1,1,1,1,4380,gemini,2024,여성,2
3,1,1.0,2.0,2.0,3,3,4,2,4,4,4,3,3,2,3,3,2,2,3,2,4,4,4,4,3,4,4,4,1,1,1,1,1,1,2,4381,gemini,2024,여성,2
3,1,1.0,2.0,2.0,2,3,3,2,4,4,5,4,3,2,3,3,2,3,3,2,4,4,4,4,3,4,4,4,1,1,1,1,1,1,2,4382,gemini,2024,여성,2
3,1,1.0,2.0,2.0,2,3,3,2,4,4,4,4,3,2,3,3,2,3,3,2,4,4,4,4,3,3,4,4,1,1,1,1,1,1,1,4383,gemini,2024,여성,2
3,1,1.0,2.0,2.0,2,3,3,2,5,4,4,4,3,2,3,3,2,3,3,2,4,4,4,4,3,3,4,4,1,1,1,1,1,1,1,4384,gemini,2024,여성,2
3,1,1.0,2.0,2.0,2,3,4,2,5,4,5,4,3,2,3,3,1,2,3,2,4,4,4,4,3,4,4,4,1,1,1,1,1,1,1,4385,gemini,2024,여성,2
3,1,1.0,2.0,2.0,2,3,3,2,4,4,4,3,3,2,3,3,2,3,3,2,4,4,4,4,3,4,3,4,1,1,1,1,1,1,1,4386,gemini,2024,여성,2
3,1,1.0,2.0,2.0,2,3,3,2,4,4,4,3,3,2,3,3,2,3,3,2,4,4,4,4,3,4,4,4,1,1,1,1,1,1,1,4387,gemini,2024,여성,2
3,1,1.0,2.0,2.0,2,3,3,2,4,4,4,3,3,2,3,3,2,3,3,2,4,4,4,4,3,4,3,4,1,1,1,1,1,1,1,4388,gemini,2024,여성,2
3,1,1.0,2.0,2.0,2,3,3,2,4,4,4,3,3,2,3,3,2,3,3,2,4,4,4,4,3,4,4,4,1,1,1,1,1,1,1,4389,gemini,2024,여성,2
3,1,1.0,2.0,2.0,2,3,3,2,4,4,4,3,3,2,3,3,2,3,3,2,4,4,4,4,3,3,4,4,1,1,1,1,1,1,1,4390,gemini,2024,여성,2
3,1,1.0,2.0,2.0,2,3,3,2,4,4,4,3,3,2,3,3,2,3,3,2,4,4,4,4,3,4,4,4,1,1,1,1,1,1,1,4391,gemini,2024,여성,2
3,1,1.0,2.0,2.0,2,3,3,2,4,4,4,3,3,2,3,3,2,3,3,2,4,4,4,4,3,3,4,4,1,1,1,1,1,1,2,4392,gemini,2024,여성,2
3,1,1.0,2.0,2.0,3,3,4,2,5,4,5,4,3,2,3,3,2,3,3,2,4,4,4,4,3,4,4,4,1,1,1,1,1,1,2,4393,gemini,2024,여성,2
3,1,1.0,2.0,2.0,2,3,3,2,4,4,4,3,3,2,3,3,2,3,3,2,4,4,4,4,3,3,4,4,1,1,1,1,1,1,2,4394,gemini,2024,여성,2
3,1,1.0,2.0,2.0,2,3,4,2,5,4,5,4,3,2,3,3,2,3,3,2,4,4,4,4,3,4,4,4,1,1,1,1,1,1,2,4395,gemini,2024,여성,2
3,1,1.0,2.0,2.0,2,3,3,2,4,4,4,3,3,2,3,3,2,3,3,2,4,4,4,4,3,4,4,4,1,1,1,1,1,1,1,4396,gemini,2024,여성,2
3,1,1.0,2.0,2.0,2,3,3,2,4,4,4,3,3,2,3,3,2,3,3,2,4,4,4,4,3,4,4,4,1,1,1,1,1,1,1,4397,gemini,2024,여성,2
3,1,1.0,2.0,2.0,2,3,3,2,4,4,4,3,3,2,3,3,2,3,3,2,4,4,4,4,3,4,4,4,1,1,1,1,1,1,1,4398,gemini,2024,여성,2
3,1,1.0,2.0,2.0,2,3,3,2,4,4,4,3,3,2,3,3,2,3,3,2,4,4,4,4,3,4,4,4,1,1,1,1,1,1,1,4399,gemini,2024,여성,2
3,1,1.0,2.0,2.0,2,3,3,2,4,4,4,3,3,2,3,3,2,3,3,2,4,4,4,4,3,4,4,4,1,1,1,1,1,1,2,4400,gemini,2024,여성,2
3,1,1.0,2.0,2.0,2,3,4,2,5,4,5,4,3,2,3,3,2,3,3,2,4,4,4,4,3,4,4,4,1,1,1,1,1,1,2,4401,gemini,2024,여성,2
3,1,1.0,2.0,2.0,2,3,3,2,4,4,4,4,3,2,3,3,2,3,3,2,4,4,4,4,3,3,3,3,1,1,1,1,1,1,1,4402,gemini,2024,여성,2
3,1,1.0,2.0,2.0,3,3,4,2,5,4,4,4,3,3,3,4,2,3,3,3,4,4,4,4,3,4,4,4,1,1,1,1,1,1,1,4403,gemini,2024,여성,2
3,1,1.0,2.0,2.0,2,3,3,2,4,4,4,3,3,2,3,3,2,3,3,2,4,4,4,4,3,4,4,4,1,1,1,1,1,1,1,4404,gemini,2024,여성,2
3,1,1.0,2.0,2.0,2,3,3,2,4,4,4,3,3,2,3,3,2,3,3,2,4,4,4,4,3,4,3,4,1,1,1,1,1,1,1,4405,gemini,2024,여성,2
3,1,1.0,2.0,2.0,2,3,3,2,4,4,4,3,3,2,3,3,2,2,3,2,4,4,4,4,3,4,4,4,1,1,1,1,1,1,1,4406,gemini,2024,여성,2
3,1,1.0,2.0,2.0,2,3,3,2,4,4,4,3,3,2,3,3,2,3,3,2,4,4,4,4,3,4,4,4,1,1,1,1,1,1,1,4407,gemini,2024,여성,2
3,1,1.0,2.0,2.0,2,3,4,2,4,4,4,3,3,2,3,3,2,3,3,2,4,4,4,4,3,4,4,4,1,1,1,1,1,1,1,4408,gemini,2024,여성,2
3,1,1.0,2.0,2.0,3,3,4,2,5,4,5,4,3,2,3,3,2,3,3,2,4,4,4,4,3,4,3,4,1,1,1,1,1,1,1,4409,gemini,2024,여성,2
3,1,1.0,2.0,2.0,2,3,3,2,4,4,4,3,3,2,3,3,2,3,3,2,4,4,4,4,3,4,3,4,1,1,1,1,1,1,1,4410,gemini,2024,여성,2
3,1,1.0,2.0,2.0,2,3,3,2,4,4,4,3,3,2,3,3,2,3,3,2,4,4,4,4,3,4,4,4,1,1,1,1,1,1,1,4411,gemini,2024,여성,2
3,1,1.0,2.0,2.0,2,3,3,2,4,4,4,3,3,2,3,3,2,3,3,2,4,4,4,4,3,3,4,3,1,1,1,1,1,1,2,4412,gemini,2024,여성,2
3,1,1.0,2.0,2.0,2,3,3,2,4,4,4,3,3,2,3,3,2,3,3,2,4,4,4,4,3,4,4,3,1,1,1,1,1,1,1,4413,gemini,2024,여성,2
3,1,1.0,2.0,2.0,2,3,3,2,4,4,4,3,3,2,3,3,2,3,3,2,4,4,4,4,3,4,4,4,1,1,1,1,1,1,1,4414,gemini,2024,여성,2
3,1,1.0,2.0,2.0,2,3,3,2,4,4,4,3,3,2,3,3,1,2,2,2,4,4,4,4,3,3,4,3,1,1,1,1,1,1,1,4415,gemini,2024,여성,2
3,1,1.0,2.0,2.0,2,3,3,2,4,4,4,3,3,2,3,3,2,3,3,2,4,4,4,4,3,4,4,4,1,1,1,1,1,1,1,4416,gemini,2024,여성,2
3,1,1.0,2.0,2.0,2,3,3,2,4,4,4,3,3,2,3,3,2,3,3,2,4,4,4,4,3,4,3,4,1,1,1,1,1,1,1,4417,gemini,2024,여성,2
3,1,1.0,2.0,2.0,2,3,3,2,5,4,5,4,3,2,3,3,2,3,3,2,4,4,4,4,3,4,4,4,1,1,1,1,1,1,1,4418,gemini,2024,여성,2
3,1,1.0,2.0,2.0,2,3,3,2,4,4,4,3,3,2,3,3,2,3,3,2,4,4,4,4,3,4,4,4,1,1,1,1,1,1,1,4419,gemini,2024,여성,2
3,1,1.0,2.0,2.0,2,3,4,2,4,4,4,3,3,2,3,3,2,3,3,2,4,4,4,4,3,4,4,4,1,1,1,1,1,1,1,4420,gemini,2024,여성,2
3,1,1.0,2.0,2.0,2,3,3,2,4,4,4,3,3,2,3,3,2,3,3,2,4,4,4,4,3,4,4,4,1,1,1,1,1,1,1,4421,gemini,2024,여성,2
3,1,1.0,2.0,2.0,2,3,3,2,4,4,4,3,3,2,3,3,2,3,3,2,4,4,4,4,3,4,4,4,1,1,1,1,1,1,1,4422,gemini,2024,여성,2
3,1,1.0,2.0,2.0,2,3,3,2,4,4,4,3,3,2,3,3,2,3,3,2,4,4,4,4,3,4,4,4,1,1,1,1,1,1,1,4423,gemini,2024,여성,2
3,1,1.0,2.0,2.0,2,3,3,2,4,4,4,3,3,2,3,3,2,3,3,2,4,4,4,4,3,3,3,4,1,1,1,1,1,1,1,4424,gemini,2024,여성,2
3,1,1.0,2.0,2.0,2,3,3,2,4,4,4,3,3,2,3,3,2,3,3,2,4,4,4,4,3,3,3,4,1,1,1,1,1,1,1,4425,gemini,2024,여성,2
3,1,1.0,2.0,2.0,2,3,3,2,5,4,4,4,3,2,3,3,2,3,3,2,4,4,4,4,3,4,4,4,1,1,1,1,1,1,2,4426,gemini,2024,여성,2
3,1,1.0,2.0,2.0,2,3,3,2,4,4,4,3,3,2,3,3,2,3,3,2,4,4,4,4,3,3,4,4,1,1,1,1,1,1,2,4427,gemini,2024,여성,2
3,1,1.0,2.0,2.0,2,3,3,2,4,4,4,3,3,2,3,3,2,3,3,2,4,4,4,4,3,4,4,4,1,1,1,1,1,1,2,4428,gemini,2024,여성,2
3,1,1.0,2.0,2.0,2,3,3,2,4,4,4,3,3,2,3,3,2,3,3,2,4,4,4,4,3,4,4,4,1,1,1,1,1,1,1,4429,gemini,2024,여성,2
3,1,1.0,2.0,2.0,2,3,3,2,4,4,4,3,3,2,3,3,2,2,3,2,4,4,4,4,3,4,4,4,1,1,1,1,1,1,1,4430,gemini,2024,여성,2
3,1,1.0,2.0,2.0,2,3,3,2,4,4,4,3,3,2,3,3,2,3,3,2,4,4,4,4,3,3,4,4,1,1,1,1,1,1,1,4431,gemini,2024,여성,2
3,1,1.0,2.0,2.0,2,3,4,2,5,4,4,4,3,2,3,3,2,3,3,2,4,4,4,4,3,3,4,4,1,1,1,1,1,1,1,4432,gemini,2024,여성,2
3,1,1.0,2.0,2.0,2,3,3,2,4,4,4,3,3,2,3,3,2,3,3,2,4,4,4,4,3,4,4,4,1,1,1,1,1,1,1,4433,gemini,2024,여성,2
3,1,1.0,2.0,2.0,2,3,4,2,5,4,5,4,3,2,3,3,2,3,3,2,4,4,4,4,3,3,4,4,1,1,1,1,1,1,1,4434,gemini,2024,여성,2
3,1,1.0,2.0,2.0,2,3,4,2,5,4,5,4,3,2,3,3,2,3,3,2,4,4,4,4,3,4,4,4,1,1,1,1,1,1,1,4435,gemini,2024,여성,2
3,1,1.0,2.0,2.0,2,3,3,2,4,4,4,3,3,2,3,3,2,2,3,2,4,4,4,4,3,4,3,4,1,1,1,1,1,1,1,4436,gemini,2024,여성,2
3,1,1.0,2.0,2.0,2,3,3,2,4,4,4,3,3,2,3,3,2,3,3,2,4,4,4,4,3,4,4,4,1,1,1,1,1,1,2,4437,gemini,2024,여성,2
3,1,1.0,2.0,2.0,2,3,4,2,5,4,5,4,3,2,3,3,2,3,3,2,4,4,4,4,3,4,3,4,1,1,1,1,1,1,1,4438,gemini,2024,여성,2
3,1,1.0,2.0,2.0,2,3,4,2,5,4,5,4,3,2,3,3,2,3,3,2,4,4,4,4,3,3,4,4,1,1,1,1,1,1,1,4439,gemini,2024,여성,2
3,1,1.0,2.0,2.0,2,3,3,2,4,4,4,3,3,2,3,3,2,3,3,2,4,4,4,4,3,3,4,4,1,1,1,1,1,1,1,4440,gemini,2024,여성,2
3,1,1.0,2.0,2.0,3,3,4,2,5,4,5,4,3,2,3,3,2,3,3,2,4,4,4,4,3,4,4,4,1,1,1,1,1,1,1,4441,gemini,2024,여성,2
3,1,1.0,2.0,2.0,2,3,3,2,4,4,4,3,3,2,3,3,2,2,3,2,4,4,4,4,3,4,4,3,1,1,1,1,1,1,2,4442,gemini,2024,여성,2
3,1,1.0,2.0,2.0,2,3,3,2,5,4,4,4,3,2,3,3,2,3,3,2,4,4,4,4,3,4,3,4,1,1,1,1,1,1,1,4443,gemini,2024,여성,2
3,1,1.0,2.0,2.0,2,3,3,2,4,4,4,3,3,2,3,3,2,3,3,2,4,4,4,4,3,4,4,4,1,1,1,1,1,1,1,4444,gemini,2024,여성,2
3,1,1.0,2.0,2.0,2,3,3,2,4,4,4,3,3,2,3,3,2,3,3,2,4,4,4,4,3,3,4,4,1,1,1,1,1,1,2,4445,gemini,2024,여성,2
3,1,1.0,2.0,2.0,2,3,3,2,4,4,4,3,3,2,3,3,2,3,3,2,4,4,4,4,3,4,4,4,1,1,1,1,1,1,2,4446,gemini,2024,여성,2
3,1,1.0,2.0,2.0,2,3,3,2,4,4,4,3,3,2,3,3,2,3,3,2,4,4,4,4,3,4,4,4,1,1,1,1,1,1,1,4447,gemini,2024,여성,2
3,1,1.0,2.0,2.0,3,3,4,2,5,4,5,4,3,2,3,3,2,3,3,2,4,4,4,4,3,4,4,4,1,1,1,1,1,1,1,4448,gemini,2024,여성,2
3,1,1.0,2.0,2.0,2,3,3,2,4,4,4,3,3,2,3,3,2,3,3,2,4,4,4,4,3,4,4,4,1,1,1,1,1,1,2,4449,gemini,2024,여성,2
3,1,1.0,2.0,2.0,2,3,3,2,4,4,4,3,3,2,3,3,2,3,3,2,4,4,4,4,3,4,4,4,1,1,1,1,1,1,1,4450,gemini,2024,여성,2
3,1,1.0,2.0,2.0,2,3,3,2,4,4,5,4,3,2,3,3,2,3,3,2,4,4,4,4,3,4,4,4,1,1,1,1,1,1,2,4451,gemini,2024,여성,2
3,1,1.0,2.0,2.0,2,3,4,2,4,4,4,4,3,2,3,3,2,3,3,2,4,4,4,4,3,4,4,4,1,1,1,1,1,1,2,4452,gemini,2024,여성,2
3,1,1.0,2.0,2.0,2,3,3,2,4,4,4,3,3,2,3,3,2,3,3,2,4,4,4,4,3,3,4,4,1,1,1,1,1,1,1,4453,gemini,2024,여성,2
3,1,1.0,2.0,2.0,2,3,3,2,4,4,4,3,3,2,3,3,2,3,3,2,4,4,4,4,3,3,4,4,1,1,1,1,1,1,1,4454,gemini,2024,여성,2
3,1,1.0,2.0,2.0,3,3,4,2,4,4,5,4,3,3,3,3,2,3,3,2,4,4,4,4,3,4,3,4,1,1,1,1,1,1,2,4455,gemini,2024,여성,2
3,1,1.0,2.0,2.0,2,3,4,2,5,4,4,3,3,2,3,3,2,3,3,2,4,4,4,4,3,4,4,4,1,1,1,1,1,1,2,4456,gemini,2024,여성,2
3,1,1.0,2.0,2.0,2,3,3,2,4,4,4,3,3,2,3,3,2,3,3,2,4,4,4,4,3,3,4,4,1,1,1,1,1,1,2,4457,gemini,2024,여성,2
3,1,1.0,2.0,2.0,3,3,4,2,5,4,4,4,3,2,3,3,2,3,3,2,4,4,4,4,3,4,4,4,1,1,1,1,1,1,1,4458,gemini,2024,여성,2
3,1,1.0,2.0,2.0,2,3,3,2,4,4,4,4,3,2,3,3,2,3,3,2,4,4,4,4,3,3,3,3,1,1,1,1,1,1,1,4459,gemini,2024,여성,2
3,1,1.0,2.0,2.0,2,3,3,2,4,4,4,3,3,2,3,3,2,2,3,2,4,4,4,4,3,4,4,4,1,1,1,1,1,1,2,4460,gemini,2024,여성,2
3,1,1.0,2.0,2.0,2,3,3,2,4,4,4,3,3,2,3,3,2,3,3,2,4,4,4,4,3,4,3,4,1,1,1,1,1,1,1,4461,gemini,2024,여성,2
3,1,1.0,2.0,2.0,2,3,3,2,4,4,4,3,3,2,3,3,2,3,3,2,4,4,4,4,3,4,4,4,1,1,1,1,1,1,1,4462,gemini,2024,여성,2
3,1,1.0,2.0,2.0,2,3,3,2,4,4,4,3,3,2,3,3,2,3,3,2,4,4,4,4,3,4,4,4,1,1,1,1,1,1,1,4463,gemini,2024,여성,2
3,1,1.0,2.0,2.0,2,3,3,2,5,4,5,4,3,2,3,3,2,3,3,2,4,4,4,4,3,4,4,4,1,1,1,1,1,1,2,4464,gemini,2024,여성,2
3,1,1.0,2.0,2.0,2,3,3,2,5,4,4,4,3,2,3,3,2,3,3,2,4,4,4,4,3,4,4,3,1,1,1,1,1,1,1,4465,gemini,2024,여성,2
3,1,1.0,2.0,2.0,2,3,3,2,4,4,4,3,3,2,3,3,2,3,3,2,4,4,4,4,3,4,4,4,1,1,1,1,1,1,1,4466,gemini,2024,여성,2
3,1,1.0,2.0,2.0,2,3,3,2,4,4,4,3,3,2,3,3,2,3,3,2,4,4,4,4,3,4,4,4,1,1,1,1,1,1,1,4467,gemini,2024,여성,2
3,1,1.0,2.0,2.0,2,3,3,2,4,4,4,3,3,2,3,3,2,3,3,2,4,4,4,4,3,4,4,4,1,1,1,1,1,1,1,4468,gemini,2024,여성,2
3,1,1.0,2.0,2.0,2,3,3,2,4,4,4,3,3,2,3,3,2,3,3,2,4,4,4,4,3,4,4,4,1,1,1,1,1,1,1,4469,gemini,2024,여성,2
3,1,1.0,2.0,2.0,3,3,4,2,5,4,5,4,3,2,3,3,2,3,3,2,4,4,4,4,3,4,4,4,1,1,1,1,1,1,1,4470,gemini,2024,여성,2
3,1,1.0,2.0,2.0,2,3,3,2,4,4,4,3,3,2,3,3,2,3,3,2,4,4,4,4,3,4,4,4,1,1,1,1,1,1,1,4471,gemini,2024,여성,2
3,1,1.0,2.0,2.0,2,3,3,2,4,4,4,3,3,2,3,3,2,3,3,2,4,4,4,4,3,4,3,4,1,1,1,1,1,1,1,4472,gemini,2024,여성,2
3,1,1.0,2.0,2.0,2,3,3,2,4,4,4,3,3,2,3,3,2,3,3,2,4,4,4,4,3,4,4,4,1,1,1,1,1,1,1,4473,gemini,2024,여성,2
3,1,1.0,2.0,2.0,2,3,4,2,5,4,5,4,3,2,3,3,2,3,3,2,4,4,4,4,3,4,4,4,1,1,1,1,1,1,1,4474,gemini,2024,여성,2
3,1,1.0,2.0,2.0,2,3,3,2,4,4,4,3,3,2,3,3,2,2,3,2,4,4,4,4,3,4,4,4,1,1,1,1,1,1,1,4475,gemini,2024,여성,2
3,1,1.0,2.0,2.0,3,3,4,2,5,4,5,4,3,2,3,3,2,3,3,2,4,4,4,4,3,4,3,4,1,1,1,1,1,1,1,4476,gemini,2024,여성,2
3,1,1.0,2.0,2.0,2,3,3,2,4,4,4,3,3,2,3,3,2,3,3,2,4,4,4,4,3,4,4,4,1,1,1,1,1,1,2,4477,gemini,2024,여성,2
3,1,1.0,2.0,2.0,2,3,3,2,4,4,4,3,3,2,3,3,2,3,3,2,4,4,4,4,3,4,4,4,1,1,1,1,1,1,2,4478,gemini,2024,여성,2
3,1,1.0,2.0,2.0,2,3,3,2,4,4,4,3,3,2,3,3,2,3,3,2,4,4,4,4,3,4,3,4,1,1,1,1,1,1,1,4479,gemini,2024,여성,2
3,1,1.0,2.0,2.0,2,3,4,2,5,4,5,4,3,2,3,3,2,3,3,2,4,4,4,4,3,3,4,4,1,1,1,1,1,1,1,4480,gemini,2024,여성,2
3,1,1.0,2.0,2.0,2,3,3,2,4,4,4,3,3,2,3,3,2,3,3,2,4,4,4,4,3,4,4,4,1,1,1,1,1,1,1,4481,gemini,2024,여성,2
3,1,1.0,2.0,2.0,3,3,4,2,5,4,5,4,3,3,3,4,2,3,3,2,4,4,4,4,3,4,3,4,1,1,1,1,1,1,2,4482,gemini,2024,여성,2
3,1,1.0,2.0,2.0,2,3,3,2,4,4,4,3,3,2,3,3,2,2,3,2,4,4,4,4,3,4,4,4,1,1,1,1,1,1,1,4483,gemini,2024,여성,2
3,1,1.0,2.0,2.0,2,3,4,2,5,4,4,4,3,2,3,3,2,3,3,2,4,4,4,4,3,3,4,4,1,1,1,1,1,1,2,4484,gemini,2024,여성,2
3,1,1.0,2.0,2.0,2,3,3,2,4,4,4,3,3,2,3,3,2,3,3,2,4,4,4,4,3,4,4,4,1,1,1,1,1,1,2,4485,gemini,2024,여성,2
3,1,1.0,2.0,2.0,2,3,3,2,4,4,4,3,3,2,3,3,2,3,3,2,4,4,4,4,3,4,4,4,1,1,1,1,1,1,1,4486,gemini,2024,여성,2
3,1,1.0,2.0,2.0,3,3,4,2,5,4,4,4,3,3,3,3,2,3,3,2,4,4,4,4,3,4,4,4,1,1,1,1,1,1,1,4487,gemini,2024,여성,2
3,1,1.0,2.0,2.0,2,3,3,2,4,4,4,3,3,2,3,3,2,3,3,2,4,4,4,4,3,4,4,4,1,1,1,1,1,1,1,4488,gemini,2024,여성,2
3,1,1.0,2.0,2.0,2,3,3,2,4,4,4,4,3,2,3,3,2,3,3,2,4,4,4,4,3,4,4,4,1,1,1,1,1,1,2,4489,gemini,2024,여성,2
3,1,1.0,2.0,2.0,2,3,3,2,4,4,4,4,3,2,3,3,2,3,3,2,4,4,4,4,3,4,4,4,1,1,1,1,1,1,1,4490,gemini,2024,여성,2
3,1,1.0,2.0,2.0,2,3,3,2,4,4,4,3,3,2,3,3,2,3,3,2,4,4,4,4,3,3,3,4,1,1,1,1,1,1,1,4491,gemini,2024,여성,2
3,1,1.0,2.0,2.0,3,3,4,2,5,4,5,4,3,2,3,3,2,3,3,2,4,4,4,4,3,4,4,4,1,1,1,1,1,1,1,4492,gemini,2024,여성,2
3,1,1.0,2.0,2.0,2,3,3,2,4,4,4,3,3,2,3,3,2,3,3,2,4,4,4,4,3,4,4,4,1,1,1,1,1,1,1,4493,gemini,2024,여성,2
3,1,1.0,2.0,2.0,2,3,3,2,4,4,4,3,3,2,3,3,2,3,3,2,4,4,4,4,3,4,3,4,1,1,1,1,1,1,2,4494,gemini,2024,여성,2
3,1,1.0,2.0,2.0,2,3,3,2,5,4,4,4,3,2,3,3,2,3,3,2,4,4,4,4,3,4,3,3,1,1,1,1,1,1,1,4495,gemini,2024,여성,2
3,1,1.0,2.0,2.0,3,3,4,2,5,4,5,4,3,2,3,3,2,3,3,2,4,4,4,4,3,4,4,4,1,1,1,1,1,1,1,4496,gemini,2024,여성,2
3,1,1.0,2.0,2.0,2,3,3,2,4,4,4,3,3,2,3,3,2,3,3,2,4,4,4,4,3,4,4,4,1,1,1,1,1,1,2,4497,gemini,2024,여성,2
3,1,1.0,2.0,2.0,3,3,4,2,5,4,4,4,3,3,3,3,2,3,3,2,4,4,4,4,3,4,4,4,1,1,1,1,1,1,2,4498,gemini,2024,여성,2
3,1,1.0,2.0,2.0,2,3,4,2,5,4,5,4,3,2,3,3,2,3,3,2,4,4,4,4,3,4,4,4,1,1,1,1,1,1,1,4499,gemini,2024,여성,2
3,1,1.0,2.0,2.0,2,3,3,2,4,4,4,3,3,2,3,3,2,3,3,2,4,4,4,4,3,4,4,4,1,1,1,1,1,1,2,4500,gemini,2024,여성,2
3,1,1.0,2.0,2.0,3,3,4,2,5,4,5,4,3,3,3,4,2,3,3,2,4,4,4,4,3,3,4,4,1,1,1,1,1,1,1,4501,gemini,2024,여성,2
3,1,1.0,2.0,2.0,2,3,3,2,4,4,4,3,3,2,3,3,2,3,3,2,4,4,4,4,3,4,4,4,1,1,1,1,1,1,1,4502,gemini,2024,여성,2
3,1,1.0,2.0,2.0,2,3,3,2,4,4,4,3,3,2,3,3,2,3,3,2,4,4,4,4,3,4,4,4,1,1,1,1,1,1,2,4503,gemini,2024,여성,2
3,1,1.0,2.0,2.0,2,3,3,2,4,4,4,3,3,2,3,3,2,3,3,2,4,4,4,4,3,4,4,4,1,1,1,1,1,1,1,4504,gemini,2024,여성,2
3,1,1.0,2.0,2.0,2,3,3,2,4,4,4,3,3,2,3,3,2,3,3,2,4,4,4,4,3,3,3,3,1,1,1,1,1,1,1,4505,gemini,2024,여성,2
3,1,1.0,2.0,2.0,2,3,3,2,4,4,4,3,3,2,3,3,2,3,3,2,4,4,4,4,3,4,4,4,1,1,1,1,1,1,1,4506,gemini,2024,여성,2
3,1,1.0,2.0,2.0,2,3,3,2,4,4,4,4,3,2,3,3,2,3,3,2,4,4,4,4,3,3,4,4,1,1,1,1,1,1,1,4507,gemini,2024,여성,2
3,1,1.0,2.0,2.0,2,3,3,2,4,4,4,3,3,2,3,3,2,2,3,2,4,4,4,4,3,4,3,4,1,1,1,1,1,1,1,4508,gemini,2024,여성,2
3,1,1.0,2.0,2.0,2,3,3,2,4,4,4,3,3,2,3,3,2,3,3,2,4,4,4,4,3,4,4,4,1,1,1,1,1,1,1,4509,gemini,2024,여성,2
3,1,1.0,2.0,2.0,2,3,3,2,4,4,4,3,3,2,3,3,2,3,3,2,4,4,4,4,3,4,3,4,1,1,1,1,1,1,1,4510,gemini,2024,여성,2
3,1,1.0,2.0,2.0,3,3,4,2,5,4,5,4,3,2,3,3,2,3,3,2,4,4,4,4,3,4,3,4,1,1,1,1,1,1,1,4511,gemini,2024,여성,2
3,1,1.0,2.0,2.0,2,3,3,2,4,4,4,3,3,2,3,3,2,3,3,2,4,4,4,4,3,4,3,4,1,1,1,1,1,1,1,4512,gemini,2024,여성,2
3,1,1.0,2.0,2.0,2,3,3,2,4,4,4,3,3,2,3,3,2,3,3,2,4,4,4,4,3,4,3,4,1,1,1,1,1,1,1,4513,gemini,2024,여성,2
3,1,1.0,2.0,2.0,2,3,3,2,4,4,4,3,3,2,3,3,2,3,3,2,4,4,4,4,3,3,3,4,1,1,1,1,1,1,2,4514,gemini,2024,여성,2
3,1,1.0,2.0,2.0,2,3,4,2,5,4,5,4,3,2,3,3,2,3,3,2,4,4,4,4,3,4,4,4,1,1,1,1,1,1,1,4515,gemini,2024,여성,2
3,1,1.0,2.0,2.0,2,3,3,2,4,4,4,3,3,2,3,3,2,3,3,2,4,4,4,4,3,3,3,4,1,1,1,1,1,1,2,4516,gemini,2024,여성,2
3,1,1.0,2.0,2.0,2,3,3,2,4,4,4,3,3,2,3,3,2,3,3,2,4,4,4,4,3,4,3,4,1,1,1,1,1,1,2,4517,gemini,2024,여성,2
3,1,1.0,2.0,2.0,2,3,3,2,4,4,4,3,3,2,3,3,2,3,3,2,4,4,4,4,3,4,4,4,1,1,1,1,1,1,1,4518,gemini,2024,여성,2
3,1,1.0,2.0,2.0,2,3,3,2,4,4,4,3,3,2,3,3,2,3,3,2,4,4,4,4,3,4,4,4,1,1,1,1,1,1,2,4519,gemini,2024,여성,2
3,1,1.0,2.0,2.0,2,3,3,2,4,4,4,3,3,2,3,3,2,3,3,2,4,4,4,4,3,4,3,4,1,1,1,1,1,1,1,4520,gemini,2024,여성,2
3,1,1.0,2.0,2.0,2,3,3,2,4,4,4,3,3,2,3,3,2,3,3,2,4,4,4,4,3,3,3,4,1,1,1,1,1,1,1,4521,gemini,2024,여성,2
3,1,1.0,2.0,2.0,3,3,4,2,5,4,4,4,3,2,3,3,2,3,3,2,4,4,4,4,3,4,4,3,1,1,1,1,1,1,2,4522,gemini,2024,여성,2
3,1,1.0,2.0,2.0,2,3,4,2,4,4,4,3,3,2,3,3,2,3,3,2,4,4,4,4,3,4,4,4,1,1,1,1,1,1,2,4523,gemini,2024,여성,2
3,1,1.0,2.0,2.0,2,3,3,2,4,4,4,3,3,2,3,3,2,3,3,2,4,4,4,4,3,4,4,4,1,1,1,1,1,1,1,4524,gemini,2024,여성,2
3,1,1.0,2.0,2.0,2,3,3,2,5,4,4,4,3,2,3,3,2,3,3,2,4,4,4,4,3,4,4,4,1,1,1,1,1,1,1,4525,gemini,2024,여성,2
3,1,1.0,2.0,2.0,2,3,3,2,4,4,4,3,3,2,3,3,2,3,3,2,4,4,4,4,3,4,3,3,1,1,1,1,1,1,1,4526,gemini,2024,여성,2
3,1,1.0,2.0,2.0,2,3,3,2,4,4,4,3,3,2,3,3,2,3,3,2,4,4,4,4,3,3,4,4,1,1,1,1,1,1,1,4527,gemini,2024,여성,2
3,1,1.0,2.0,2.0,3,3,4,2,4,4,4,3,3,2,3,3,2,3,3,2,4,4,4,4,3,4,4,4,1,1,1,1,1,1,2,4528,gemini,2024,여성,2
3,1,1.0,2.0,2.0,2,3,3,2,4,4,4,3,3,2,3,3,2,3,3,2,4,4,4,4,3,4,4,4,1,1,1,1,1,1,1,4529,gemini,2024,여성,2
3,1,1.0,2.0,2.0,2,3,3,2,4,4,4,3,3,2,3,3,2,3,3,2,4,4,4,4,3,4,4,4,1,1,1,1,1,1,1,4530,gemini,2024,여성,2
3,1,1.0,2.0,2.0,2,3,3,2,5,4,4,3,3,2,3,3,2,3,3,2,4,4,4,4,3,3,4,3,1,1,1,1,1,1,1,4531,gemini,2024,여성,2
3,1,1.0,2.0,2.0,3,3,4,2,5,4,5,4,3,2,3,3,2,3,3,2,4,4,4,4,3,4,4,4,1,1,1,1,1,1,1,4532,gemini,2024,여성,2
3,1,1.0,2.0,2.0,2,3,3,2,4,4,4,3,3,2,3,3,2,3,3,2,4,4,4,4,3,3,4,4,1,1,1,1,1,1,1,4533,gemini,2024,여성,2
3,1,1.0,2.0,2.0,2,3,3,2,4,4,4,3,3,2,3,3,2,3,3,2,4,4,4,4,3,4,4,4,1,1,1,1,1,1,1,4534,gemini,2024,여성,2
3,1,1.0,2.0,2.0,2,3,3,2,4,4,4,3,3,2,3,3,2,3,3,2,4,4,4,4,3,4,4,4,1,1,1,1,1,1,1,4535,gemini,2024,여성,2
3,1,1.0,2.0,2.0,3,3,4,2,5,4,5,4,3,3,3,4,2,3,3,2,4,4,4,4,3,4,4,4,1,1,1,1,1,1,1,4536,gemini,2024,여성,2
3,1,1.0,2.0,2.0,2,3,3,2,4,4,4,3,3,2,3,3,2,2,3,2,4,4,4,4,3,3,4,4,1,1,1,1,1,1,1,4537,gemini,2024,여성,2
3,1,1.0,2.0,2.0,2,3,3,2,4,4,4,3,3,2,3,3,2,3,3,2,4,4,4,4,3,3,3,4,1,1,1,1,1,1,1,4538,gemini,2024,여성,2
3,1,1.0,2.0,2.0,2,3,3,2,4,4,4,3,3,2,3,3,2,3,3,2,4,4,4,4,3,4,3,4,1,1,1,1,1,1,1,4539,gemini,2024,여성,2
3,1,1.0,2.0,2.0,2,3,3,2,4,4,4,3,3,2,3,3,2,3,3,2,4,4,4,4,3,4,4,4,1,1,1,1,1,1,2,4540,gemini,2024,여성,2
3,1,1.0,2.0,2.0,2,3,3,2,4,4,4,3,3,2,3,3,2,3,3,2,4,4,4,4,3,4,4,4,1,1,1,1,1,1,1,4541,gemini,2024,여성,2
3,1,1.0,2.0,2.0,2,3,4,2,5,4,5,4,3,2,3,3,2,3,3,2,4,4,4,4,3,4,4,4,1,1,1,1,1,1,1,4542,gemini,2024,여성,2
3,1,1.0,2.0,2.0,2,3,3,2,4,4,4,3,3,2,3,3,2,3,3,2,4,4,4,4,3,3,3,4,1,1,1,1,1,1,1,4543,gemini,2024,여성,2
3,1,1.0,2.0,2.0,2,3,4,2,5,4,5,4,3,2,3,3,2,3,3,2,4,4,4,4,3,3,4,4,1,1,1,1,1,1,1,4544,gemini,2024,여성,2
3,1,1.0,2.0,2.0,3,3,4,2,4,4,4,3,3,3,3,3,2,3,3,2,4,4,4,4,3,4,4,4,1,1,1,1,1,1,1,4545,gemini,2024,여성,2
3,1,1.0,2.0,2.0,2,3,3,2,4,4,4,3,3,2,3,3,2,3,3,2,4,4,4,4,3,4,3,4,1,1,1,1,1,1,1,4546,gemini,2024,여성,2
3,1,1.0,2.0,2.0,2,3,3,2,4,4,4,3,3,2,3,3,2,3,3,2,4,4,4,4,3,4,4,4,1,1,1,1,1,1,1,4547,gemini,2024,여성,2
3,1,1.0,2.0,2.0,2,3,3,2,4,4,4,3,3,2,3,3,2,3,3,2,4,4,4,4,3,4,4,4,1,1,1,1,1,1,1,4548,gemini,2024,여성,2
3,1,1.0,2.0,2.0,2,3,3,2,4,4,4,3,3,2,3,3,2,3,3,2,4,4,4,4,3,4,4,4,1,1,1,1,1,1,1,4549,gemini,2024,여성,2
3,1,1.0,2.0,2.0,2,3,3,2,4,4,4,3,3,2,3,3,2,3,3,2,4,4,4,4,3,4,4,4,1,1,1,1,1,1,1,4550,gemini,2024,여성,2
3,1,1.0,2.0,2.0,2,3,3,2,4,4,4,3,3,2,3,3,2,3,3,2,4,4,4,4,3,4,3,4,1,1,1,1,1,1,2,4551,gemini,2024,여성,2
3,1,1.0,2.0,2.0,2,3,3,2,4,4,4,3,3,2,3,3,2,3,3,2,4,4,4,4,3,4,3,4,1,1,1,1,1,1,1,4552,gemini,2024,여성,2
3,1,1.0,2.0,2.0,2,3,3,2,4,4,4,3,3,2,3,3,2,3,3,2,4,4,4,4,3,3,3,4,1,1,1,1,1,1,1,4553,gemini,2024,여성,2
3,1,1.0,2.0,2.0,2,3,3,2,4,4,4,3,3,2,3,3,2,3,3,2,4,4,4,4,3,3,4,4,1,1,1,1,1,1,1,4554,gemini,2024,여성,2
3,1,1.0,2.0,2.0,2,3,4,2,5,4,5,4,3,2,3,3,2,3,3,2,4,4,4,4,3,3,4,4,1,1,1,1,1,1,2,4555,gemini,2024,여성,2
3,1,1.0,2.0,2.0,2,3,3,2,4,4,4,3,3,2,3,3,2,3,3,2,4,4,4,4,3,4,4,4,1,1,1,1,1,1,2,4556,gemini,2024,여성,2
3,1,1.0,2.0,2.0,2,3,3,2,4,4,4,3,3,2,3,3,2,2,3,2,4,4,4,4,3,3,3,4,1,1,1,1,1,1,1,4557,gemini,2024,여성,2
3,1,1.0,2.0,2.0,2,3,4,2,5,4,5,4,3,2,3,3,1,2,2,2,4,4,4,4,3,4,4,4,1,1,1,1,1,1,1,4558,gemini,2024,여성,2
3,1,1.0,2.0,2.0,2,3,3,2,4,4,4,3,3,2,3,3,2,3,3,2,4,4,4,4,3,4,4,4,1,1,1,1,1,1,2,4559,gemini,2024,여성,2
3,1,1.0,2.0,2.0,2,3,3,2,4,4,4,3,3,2,3,3,2,3,3,2,4,4,4,4,3,3,4,4,1,1,1,1,1,1,1,4560,gemini,2024,여성,2
3,1,1.0,2.0,2.0,2,3,3,2,4,4,4,3,3,2,3,3,2,3,3,2,4,4,4,4,3,4,4,4,1,1,1,1,1,1,1,4561,gemini,2024,여성,2
3,1,1.0,2.0,2.0,2,3,3,2,4,4,4,3,3,2,3,3,2,3,3,2,4,4,4,4,3,4,4,3,1,1,1,1,1,1,2,4562,gemini,2024,여성,2
3,1,1.0,2.0,2.0,2,3,3,2,4,4,4,3,3,2,3,3,2,2,3,2,4,4,4,4,3,4,3,4,1,1,1,1,1,1,1,4563,gemini,2024,여성,2
3,1,1.0,2.0,2.0,2,3,3,2,4,4,4,3,3,2,3,3,2,3,3,2,4,4,4,4,3,4,3,4,1,1,1,1,1,1,1,4564,gemini,2024,여성,2
3,1,1.0,2.0,2.0,2,3,3,2,4,4,4,3,3,2,3,3,2,3,3,2,4,4,4,4,3,4,4,4,1,1,1,1,1,1,1,4565,gemini,2024,여성,2
3,1,1.0,2.0,2.0,2,3,3,2,4,4,4,3,3,2,3,3,2,3,3,2,4,4,4,4,3,4,4,4,1,1,1,1,1,1,2,4566,gemini,2024,여성,2
3,1,1.0,2.0,2.0,2,3,3,2,4,4,4,3,3,2,3,3,2,3,3,2,4,4,4,4,3,4,4,4,1,1,1,1,1,1,1,4567,gemini,2024,여성,2
3,1,1.0,4.0,2.0,3,4,4,4,4,4,4,3,3,2,3,3,2,3,3,3,4,4,4,4,3,4,3,4,1,1,1,1,1,2,1,4568,gemini,2024,여성,3
3,1,1.0,2.0,2.0,2,3,3,3,4,4,4,3,3,2,3,3,2,3,3,2,4,4,4,4,3,4,3,4,1,1,1,1,1,2,1,4569,gemini,2024,여성,3
3,1,1.0,2.0,2.0,3,4,4,3,4,4,4,3,3,2,3,3,2,3,3,2,4,4,4,4,3,3,3,4,1,1,1,1,1,2,1,4570,gemini,2024,여성,3
3,1,1.0,2.0,2.0,2,3,4,3,4,4,4,3,3,2,3,3,2,3,3,2,4,4,4,4,3,4,3,4,1,1,1,1,1,2,1,4571,gemini,2024,여성,3
3,1,1.0,2.0,2.0,3,4,4,3,4,4,4,4,3,2,3,3,2,3,3,3,4,4,4,4,3,3,3,4,1,1,1,1,1,2,1,4572,gemini,2024,여성,3
3,1,1.0,2.0,2.0,2,3,4,3,4,4,4,3,3,2,3,3,2,3,3,2,4,4,4,4,3,3,3,4,1,1,1,1,1,2,1,4573,gemini,2024,여성,3
3,1,1.0,2.0,2.0,2,3,4,3,4,4,4,3,3,2,3,3,2,3,3,2,4,4,4,4,3,4,3,4,1,1,1,1,1,1,1,4574,gemini,2024,여성,3
3,1,1.0,2.0,2.0,3,3,4,3,4,4,4,3,3,2,3,3,2,3,3,3,4,4,4,4,3,4,3,4,1,1,1,1,1,2,1,4575,gemini,2024,여성,3
3,1,1.0,2.0,2.0,2,3,4,3,4,4,4,3,3,2,3,3,2,3,3,2,4,4,4,4,3,3,3,4,1,1,1,1,1,2,1,4576,gemini,2024,여성,3
3,1,1.0,2.0,2.0,2,3,4,3,4,4,4,4,3,2,3,3,2,3,3,3,4,4,4,4,3,4,3,4,1,1,1,1,1,2,1,4577,gemini,2024,여성,3
3,1,1.0,2.0,2.0,2,3,4,3,4,4,4,4,3,2,3,3,2,3,3,3,4,4,4,4,3,4,3,4,1,1,1,1,1,2,1,4578,gemini,2024,여성,3
3,1,1.0,2.0,2.0,2,3,3,3,4,4,4,3,3,2,3,3,2,3,3,2,4,4,4,4,3,4,3,4,1,1,1,1,1,1,1,4579,gemini,2024,여성,3
3,1,1.0,2.0,2.0,3,4,4,3,4,4,4,4,3,2,3,3,2,3,3,3,4,4,4,4,3,3,3,4,1,1,1,1,1,2,1,4580,gemini,2024,여성,3
3,1,1.0,2.0,2.0,2,3,3,3,4,4,4,3,3,2,3,3,2,3,3,2,4,4,4,4,3,4,3,4,1,1,1,1,1,2,1,4581,gemini,2024,여성,3
3,1,1.0,2.0,2.0,2,3,3,3,4,4,4,3,3,2,3,3,2,3,3,2,4,4,4,4,3,3,3,4,1,1,1,1,1,2,1,4582,gemini,2024,여성,3
3,1,1.0,2.0,2.0,3,4,4,3,4,4,4,3,3,2,3,3,2,3,3,3,4,4,4,4,3,3,3,4,1,1,1,1,1,2,1,4583,gemini,2024,여성,3
3,1,1.0,2.0,2.0,3,3,4,3,4,4,4,3,3,2,3,3,2,3,3,2,4,4,4,4,3,4,3,4,1,1,1,1,1,1,1,4584,gemini,2024,여성,3
3,1,1.0,2.0,2.0,2,3,3,3,4,4,4,3,3,2,3,3,2,3,3,2,4,4,4,4,3,3,3,4,1,1,1,1,1,2,1,4585,gemini,2024,여성,3
3,1,1.0,2.0,2.0,3,4,4,3,4,4,4,3,3,2,3,3,2,3,3,2,4,4,4,4,3,3,3,4,1,1,1,1,1,2,1,4586,gemini,2024,여성,3
3,1,1.0,2.0,2.0,3,4,4,3,4,4,4,3,3,2,3,3,2,3,3,3,4,4,4,4,3,4,3,4,1,1,1,1,1,2,1,4587,gemini,2024,여성,3
3,1,1.0,2.0,2.0,3,4,4,3,4,4,4,4,3,2,3,3,2,3,3,3,4,4,4,4,3,3,3,4,1,1,1,1,1,1,1,4588,gemini,2024,여성,3
3,1,1.0,2.0,2.0,2,3,4,3,4,4,4,3,3,2,3,3,2,3,3,2,4,4,4,4,3,4,3,4,1,1,1,1,1,2,1,4589,gemini,2024,여성,3
3,1,1.0,2.0,2.0,2,3,4,3,4,4,4,3,3,2,3,3,2,3,3,2,4,4,4,4,3,4,3,4,1,1,1,1,1,2,1,4590,gemini,2024,여성,3
3,1,1.0,2.0,2.0,2,3,4,3,4,4,4,3,3,2,3,3,2,3,3,3,4,4,4,4,3,4,3,4,1,1,1,1,1,2,1,4591,gemini,2024,여성,3
3,1,1.0,2.0,2.0,3,4,4,3,4,4,4,3,3,2,3,3,2,3,3,3,4,4,4,4,3,3,3,4,1,1,1,1,1,2,1,4592,gemini,2024,여성,3
3,1,1.0,2.0,2.0,2,3,3,3,4,4,4,3,3,2,3,3,2,3,3,2,4,4,4,4,3,3,3,4,1,1,1,1,1,2,1,4593,gemini,2024,여성,3
3,1,1.0,2.0,2.0,2,3,4,3,4,4,4,3,3,2,3,3,2,3,3,3,4,4,4,4,3,3,3,4,1,1,1,1,1,2,1,4594,gemini,2024,여성,3
3,1,1.0,2.0,2.0,2,3,3,3,4,4,4,3,3,2,2,3,2,3,3,2,4,4,4,4,3,3,4,4,1,1,1,1,1,2,1,4595,gemini,2024,여성,3
3,1,1.0,2.0,2.0,3,4,4,3,5,4,4,4,3,3,3,3,2,3,4,3,4,4,4,4,3,4,3,4,1,1,1,1,1,2,1,4596,gemini,2024,여성,3
3,1,1.0,2.0,2.0,3,4,4,3,4,4,4,3,3,2,3,3,2,3,3,3,4,4,4,4,3,3,3,4,1,1,1,1,1,2,1,4597,gemini,2024,여성,3
3,1,1.0,2.0,2.0,3,4,4,3,4,4,4,4,3,2,3,3,2,3,3,3,4,4,4,4,3,4,3,4,1,1,1,1,1,2,1,4598,gemini,2024,여성,3
3,1,1.0,2.0,2.0,2,3,3,3,4,4,4,3,3,2,3,3,2,3,3,2,4,4,4,4,3,4,3,4,1,1,1,1,1,2,1,4599,gemini,2024,여성,3
3,1,1.0,2.0,2.0,2,3,3,3,4,4,4,3,3,2,2,3,2,3,3,2,4,4,4,4,3,3,3,4,1,1,1,1,1,1,1,4600,gemini,2024,여성,3
3,1,1.0,2.0,2.0,3,4,4,3,4,4,4,3,3,2,3,3,2,3,3,3,4,4,4,4,3,4,3,4,1,1,1,1,1,2,1,4601,gemini,2024,여성,3
3,1,1.0,2.0,2.0,3,4,4,3,4,4,4,3,3,2,3,3,2,3,3,3,4,4,4,4,3,3,3,4,1,1,1,1,1,1,1,4602,gemini,2024,여성,3
3,1,1.0,2.0,2.0,3,4,4,3,4,4,4,4,3,2,3,3,2,3,3,3,4,4,4,4,3,4,3,4,1,1,1,1,1,1,1,4603,gemini,2024,여성,3
3,1,1.0,2.0,2.0,2,3,4,3,4,4,4,3,3,2,3,3,2,3,3,2,4,4,4,4,3,4,3,4,1,1,1,1,1,2,1,4604,gemini,2024,여성,3
3,1,1.0,2.0,2.0,3,4,4,3,4,4,4,3,3,2,3,3,2,3,3,3,4,4,4,4,3,3,3,4,1,1,1,1,1,2,1,4605,gemini,2024,여성,3
3,1,1.0,2.0,2.0,3,4,4,3,5,4,4,4,3,2,3,3,2,3,3,3,4,4,4,4,3,4,3,4,1,1,1,1,1,2,1,4606,gemini,2024,여성,3
3,1,1.0,2.0,2.0,2,4,4,3,4,4,4,4,3,2,3,3,2,3,3,3,4,4,4,4,3,4,3,4,1,1,1,1,1,2,1,4607,gemini,2024,여성,3
3,1,1.0,2.0,2.0,2,3,4,3,4,4,4,3,3,2,3,3,2,3,3,2,4,4,4,4,3,4,3,4,1,1,1,1,1,2,1,4608,gemini,2024,여성,3
3,1,1.0,2.0,2.0,2,3,4,3,4,4,4,3,3,2,3,3,2,3,3,2,4,4,4,4,3,4,3,4,1,1,1,1,1,1,1,4609,gemini,2024,여성,3
3,1,1.0,2.0,2.0,2,3,4,3,4,4,4,3,3,2,2,3,2,3,3,2,4,4,4,4,3,4,3,4,1,1,1,1,1,2,1,4610,gemini,2024,여성,3
3,1,1.0,2.0,2.0,3,4,4,3,4,4,4,3,3,2,3,3,2,3,3,2,4,4,4,4,3,4,3,4,1,1,1,1,1,2,1,4611,gemini,2024,여성,3
3,1,1.0,2.0,2.0,2,4,4,3,4,4,4,3,3,2,2,3,2,3,3,2,4,4,4,4,3,3,3,4,1,1,1,1,1,2,1,4612,gemini,2024,여성,3
3,1,1.0,2.0,2.0,2,3,4,3,4,4,4,3,3,2,2,3,2,3,3,2,4,4,4,4,3,3,3,4,1,1,1,1,1,2,1,4613,gemini,2024,여성,3
3,1,1.0,4.0,2.0,3,4,4,3,4,4,4,3,3,2,3,3,2,3,3,3,4,4,4,4,3,4,3,4,1,1,1,1,1,2,1,4614,gemini,2024,여성,3
3,1,1.0,2.0,2.0,3,4,4,3,4,4,4,3,3,2,3,3,2,3,3,2,4,4,4,4,3,4,3,4,1,1,1,1,1,2,1,4615,gemini,2024,여성,3
3,1,1.0,2.0,2.0,3,3,4,3,4,4,4,3,3,2,3,3,2,3,3,3,4,4,4,4,3,3,3,4,1,1,1,1,1,2,1,4616,gemini,2024,여성,3
3,1,1.0,2.0,2.0,2,4,4,3,4,4,4,3,3,2,3,3,2,3,3,2,4,4,4,4,3,4,3,4,1,1,1,1,1,2,1,4617,gemini,2024,여성,3
3,1,1.0,2.0,2.0,3,4,4,3,4,4,4,3,3,2,3,3,2,3,3,3,4,4,4,4,3,3,3,4,1,1,1,1,1,2,1,4618,gemini,2024,여성,3
3,1,1.0,2.0,2.0,2,3,4,3,4,4,4,3,3,2,3,3,2,3,3,2,4,4,4,4,3,3,3,4,1,1,1,1,1,2,1,4619,gemini,2024,여성,3
3,1,1.0,2.0,2.0,3,4,4,3,4,4,4,3,3,2,3,3,2,3,3,3,4,4,4,4,3,3,3,4,1,1,1,1,1,2,1,4620,gemini,2024,여성,3
3,1,1.0,2.0,2.0,3,4,4,3,4,4,4,3,3,2,3,3,2,3,3,2,4,4,4,4,3,4,3,4,1,1,1,1,1,2,1,4621,gemini,2024,여성,3
3,1,1.0,2.0,2.0,2,3,4,3,4,4,4,3,3,2,2,3,2,3,3,2,4,4,4,4,3,3,3,4,1,1,1,1,1,1,1,4622,gemini,2024,여성,3
3,1,1.0,2.0,2.0,3,4,4,3,4,4,4,3,3,2,3,3,2,3,3,3,4,4,4,4,3,4,3,4,1,1,1,1,1,2,1,4623,gemini,2024,여성,3
3,1,1.0,2.0,2.0,3,3,4,3,4,4,4,3,3,2,3,3,2,3,3,3,4,4,4,4,3,3,3,4,1,1,1,1,1,1,1,4624,gemini,2024,여성,3
3,1,1.0,4.0,2.0,3,4,4,3,4,4,4,3,3,2,3,3,2,3,3,2,4,4,4,4,3,3,3,4,1,1,1,1,1,2,1,4625,gemini,2024,여성,3
3,1,1.0,2.0,2.0,3,4,4,3,5,4,4,4,3,2,3,3,2,3,3,3,4,4,4,4,3,3,3,4,1,1,1,1,1,2,1,4626,gemini,2024,여성,3
3,1,1.0,2.0,2.0,3,4,4,3,4,4,4,3,3,2,3,3,2,3,3,2,4,4,4,4,3,3,3,4,1,1,1,1,1,2,1,4627,gemini,2024,여성,3
3,1,1.0,2.0,2.0,3,4,4,3,5,4,4,4,3,2,3,3,2,3,3,3,4,4,4,4,3,4,4,4,1,1,1,1,1,1,1,4628,gemini,2024,여성,3
3,1,1.0,2.0,2.0,2,3,4,3,4,4,4,3,3,2,3,3,2,3,3,2,4,4,4,4,3,4,3,4,1,1,1,1,1,2,1,4629,gemini,2024,여성,3
3,1,1.0,4.0,2.0,3,4,4,3,4,4,4,3,3,2,3,3,2,3,3,3,4,4,4,4,3,3,3,4,1,1,1,1,1,2,1,4630,gemini,2024,여성,3
3,1,1.0,2.0,2.0,2,3,3,3,4,4,4,3,3,2,2,3,2,3,3,2,4,4,4,4,3,3,3,4,1,1,1,1,1,1,1,4631,gemini,2024,여성,3
3,1,1.0,2.0,2.0,3,4,4,3,4,4,4,3,3,2,3,3,2,3,3,3,4,4,4,4,3,4,3,4,1,1,1,1,1,2,1,4632,gemini,2024,여성,3
3,1,1.0,2.0,2.0,2,3,4,3,4,4,4,3,3,2,3,3,2,3,3,2,4,4,4,4,3,3,3,4,1,1,1,1,1,2,1,4633,gemini,2024,여성,3
3,1,1.0,2.0,2.0,2,3,3,3,4,4,4,3,3,2,3,3,2,3,3,2,4,4,4,4,3,3,3,4,1,1,1,1,1,2,1,4634,gemini,2024,여성,3
3,1,1.0,2.0,2.0,2,3,4,3,4,4,4,3,3,2,2,3,2,3,3,3,4,4,4,4,3,3,3,4,1,1,1,1,1,2,1,4635,gemini,2024,여성,3
3,1,1.0,4.0,2.0,2,3,4,3,4,4,4,3,3,2,3,3,2,3,3,2,4,4,4,4,3,3,3,4,1,1,1,1,1,2,1,4636,gemini,2024,여성,3
3,1,1.0,2.0,2.0,2,3,4,3,4,4,4,3,3,2,3,3,2,3,3,2,4,4,4,4,3,4,4,4,1,1,1,1,1,1,1,4637,gemini,2024,여성,3
3,1,1.0,2.0,2.0,2,3,4,3,4,4,4,3,3,2,3,3,2,3,3,2,4,4,4,4,3,4,3,4,1,1,1,1,1,2,1,4638,gemini,2024,여성,3
3,1,1.0,2.0,2.0,2,3,4,3,4,4,4,3,3,2,3,3,2,3,3,2,4,4,4,4,3,4,3,4,1,1,1,1,1,2,1,4639,gemini,2024,여성,3
3,1,1.0,2.0,2.0,3,4,4,3,4,4,4,3,3,2,3,3,2,3,3,3,4,4,4,4,3,3,3,4,1,1,1,1,1,2,1,4640,gemini,2024,여성,3
3,1,1.0,2.0,2.0,2,3,4,3,4,4,4,4,3,2,3,3,2,3,3,3,4,4,4,4,3,4,4,4,1,1,1,1,1,2,1,4641,gemini,2024,여성,3
3,1,1.0,2.0,2.0,3,4,4,3,4,4,4,4,3,2,3,3,2,3,3,3,4,4,4,4,3,4,4,4,1,1,1,1,1,2,1,4642,gemini,2024,여성,3
3,1,1.0,2.0,2.0,3,4,4,3,4,4,4,3,3,2,3,3,2,3,3,2,4,4,4,4,3,4,3,4,1,1,1,1,1,2,1,4643,gemini,2024,여성,3
3,1,1.0,2.0,2.0,2,3,4,3,4,4,4,3,3,2,3,3,2,3,3,2,4,4,4,4,3,3,3,4,1,1,1,1,1,2,1,4644,gemini,2024,여성,3
3,1,1.0,2.0,2.0,2,3,4,3,4,4,4,3,3,2,3,3,2,3,3,3,4,4,4,4,3,3,3,4,1,1,1,1,1,2,1,4645,gemini,2024,여성,3
3,1,1.0,2.0,2.0,2,3,3,3,4,4,4,3,3,2,2,2,2,3,3,2,4,4,4,4,3,3,3,4,1,1,1,1,1,2,1,4646,gemini,2024,여성,3
3,1,1.0,2.0,2.0,3,4,4,3,4,4,4,3,3,2,3,3,2,3,3,3,4,4,4,4,3,4,4,4,1,1,1,1,1,2,1,4647,gemini,2024,여성,3
3,1,1.0,2.0,2.0,2,3,4,3,4,4,4,3,3,2,3,3,2,3,3,2,4,4,4,4,3,3,3,4,1,1,1,1,1,2,1,4648,gemini,2024,여성,3
3,1,1.0,2.0,2.0,3,4,4,3,4,4,4,3,3,2,3,3,2,3,3,3,4,4,4,4,3,4,3,4,1,1,1,1,1,2,1,4649,gemini,2024,여성,3
3,1,1.0,2.0,2.0,2,3,3,3,4,4,4,4,3,2,3,3,2,3,3,2,4,4,4,4,3,3,3,4,1,1,1,1,1,2,1,4650,gemini,2024,여성,3
3,1,1.0,2.0,2.0,3,4,4,4,5,4,4,4,3,2,3,3,2,3,3,3,4,4,4,4,3,4,3,4,1,1,1,1,1,2,1,4651,gemini,2024,여성,3
3,1,1.0,2.0,2.0,3,4,4,3,5,4,4,4,3,2,3,3,2,3,3,3,4,4,4,4,3,3,3,4,1,1,1,1,1,2,1,4652,gemini,2024,여성,3
3,1,1.0,2.0,2.0,3,3,4,3,4,4,4,3,3,2,3,3,2,3,3,2,4,4,4,4,3,4,3,4,1,1,1,1,1,2,1,4653,gemini,2024,여성,3
3,1,1.0,4.0,2.0,3,4,4,3,4,4,4,3,3,2,3,3,2,3,3,3,4,4,4,4,3,3,3,4,1,1,1,1,1,2,1,4654,gemini,2024,여성,3
3,1,1.0,2.0,2.0,3,4,4,3,5,4,4,4,3,2,3,3,2,3,3,3,4,4,4,4,3,4,4,4,1,1,1,1,1,2,1,4655,gemini,2024,여성,3
3,1,1.0,2.0,2.0,3,4,4,3,4,4,4,3,3,2,3,3,2,3,3,3,4,4,4,4,3,4,3,4,1,1,1,1,1,2,1,4656,gemini,2024,여성,3
3,1,1.0,2.0,2.0,2,3,3,3,4,4,4,3,3,2,2,2,2,3,3,2,4,4,4,4,3,3,3,4,1,1,1,1,1,2,1,4657,gemini,2024,여성,3
3,1,1.0,2.0,2.0,3,4,4,3,4,4,4,3,3,2,3,3,2,3,3,3,4,4,4,4,3,3,3,4,1,1,1,1,1,2,1,4658,gemini,2024,여성,3
3,1,1.0,2.0,2.0,3,4,4,3,4,4,4,4,3,2,3,3,2,3,3,3,4,4,4,4,3,4,4,4,1,1,1,1,1,1,1,4659,gemini,2024,여성,3
3,1,1.0,2.0,2.0,3,4,4,3,4,4,4,3,3,2,3,3,2,3,3,2,4,4,4,4,3,4,3,4,1,1,1,1,1,2,1,4660,gemini,2024,여성,3
3,1,1.0,2.0,2.0,3,4,4,3,4,4,4,3,3,2,3,3,2,3,3,3,4,4,4,4,3,4,4,4,1,1,1,1,1,2,1,4661,gemini,2024,여성,3
3,1,1.0,2.0,2.0,2,3,3,3,4,4,4,3,3,2,2,3,2,3,3,2,4,4,4,4,3,3,3,4,1,1,1,1,1,2,1,4662,gemini,2024,여성,3
3,1,1.0,2.0,2.0,2,3,4,3,4,4,4,3,3,2,3,3,2,3,3,2,4,4,4,4,3,4,4,4,1,1,1,1,1,2,1,4663,gemini,2024,여성,3
3,1,1.0,2.0,2.0,2,3,4,3,4,4,4,3,3,2,2,3,2,3,3,2,4,4,4,4,3,3,3,4,1,1,1,1,1,2,1,4664,gemini,2024,여성,3
3,1,1.0,2.0,2.0,3,4,4,3,4,4,4,4,3,2,3,3,2,3,3,3,4,4,4,4,3,4,3,4,1,1,1,1,1,2,1,4665,gemini,2024,여성,3
3,1,1.0,2.0,2.0,2,4,4,3,4,4,4,3,3,2,2,3,2,3,3,2,4,4,4,4,3,3,3,4,1,1,1,1,1,2,1,4666,gemini,2024,여성,3
3,1,1.0,2.0,2.0,2,3,4,3,4,4,4,3,3,2,3,3,2,3,3,2,4,4,4,4,3,4,3,4,1,1,1,1,1,2,1,4667,gemini,2024,여성,3
3,1,1.0,2.0,2.0,2,3,4,3,4,4,4,3,3,2,3,3,2,3,3,2,4,4,4,4,3,3,3,4,1,1,1,1,1,1,1,4668,gemini,2024,여성,3
3,1,1.0,2.0,2.0,3,4,4,3,4,4,4,4,3,2,3,3,2,3,3,3,4,4,4,4,3,3,3,4,1,1,1,1,1,1,1,4669,gemini,2024,여성,3
3,1,1.0,2.0,2.0,3,4,4,3,4,4,4,3,3,2,3,3,2,3,3,3,4,4,4,4,3,3,3,4,1,1,1,1,1,2,1,4670,gemini,2024,여성,3
3,1,1.0,2.0,2.0,2,3,3,3,4,4,4,3,3,2,3,3,2,3,3,2,4,4,4,4,3,3,3,4,1,1,1,1,1,2,1,4671,gemini,2024,여성,3
3,1,1.0,2.0,2.0,3,3,4,3,4,4,4,3,3,2,3,3,2,3,3,2,4,4,4,4,3,4,3,4,1,1,1,1,1,1,1,4672,gemini,2024,여성,3
3,1,1.0,2.0,2.0,2,3,4,3,4,4,4,4,3,2,3,3,2,3,3,3,4,4,4,4,3,3,3,4,1,1,1,1,1,2,1,4673,gemini,2024,여성,3
3,1,1.0,2.0,2.0,2,3,4,3,4,4,4,4,3,2,3,2,2,3,3,2,4,4,4,4,3,3,3,4,1,1,1,1,1,2,1,4674,gemini,2024,여성,3
3,1,1.0,2.0,2.0,3,4,4,3,4,4,4,3,3,2,3,3,2,3,3,3,4,4,4,4,3,3,3,4,1,1,1,1,1,2,1,4675,gemini,2024,여성,3
3,1,1.0,2.0,2.0,2,3,4,3,4,4,4,4,3,2,3,3,2,3,3,3,4,4,4,4,3,3,3,4,1,1,1,1,1,2,1,4676,gemini,2024,여성,3
3,1,1.0,2.0,2.0,2,3,4,3,4,4,4,3,3,2,3,3,2,3,3,2,4,4,4,4,3,4,4,4,1,1,1,1,1,2,1,4677,gemini,2024,여성,3
3,1,1.0,2.0,2.0,2,3,4,3,4,4,4,3,3,2,3,3,2,3,3,2,4,4,4,4,3,3,3,4,1,1,1,1,1,2,1,4678,gemini,2024,여성,3
3,1,1.0,2.0,2.0,2,3,4,3,4,4,4,3,3,2,3,3,2,3,3,2,4,4,4,4,3,3,3,4,1,1,1,1,1,2,1,4679,gemini,2024,여성,3
3,1,1.0,2.0,2.0,2,3,4,3,4,4,4,3,3,2,3,3,2,3,3,2,4,4,4,4,3,4,3,4,1,1,1,1,1,2,1,4680,gemini,2024,여성,3
3,1,1.0,2.0,2.0,2,3,3,3,4,4,4,3,3,2,2,2,2,3,3,2,4,4,4,4,3,4,3,4,1,1,1,1,1,2,1,4681,gemini,2024,여성,3
3,1,1.0,2.0,2.0,3,4,4,3,4,4,4,3,3,2,3,3,2,3,3,2,4,4,4,4,3,3,3,4,1,1,1,1,1,2,1,4682,gemini,2024,여성,3
3,1,1.0,2.0,2.0,2,4,4,3,4,4,4,3,3,2,3,3,2,3,3,2,4,4,4,4,3,3,3,4,1,1,1,1,1,2,1,4683,gemini,2024,여성,3
3,1,1.0,2.0,2.0,2,3,4,3,4,4,4,3,3,2,3,3,2,3,3,3,4,4,4,4,3,3,3,4,1,1,1,1,1,2,1,4684,gemini,2024,여성,3
3,1,1.0,2.0,2.0,2,4,4,3,4,4,4,4,3,2,3,2,2,3,3,3,4,4,4,4,3,3,3,4,1,1,1,1,1,2,1,4685,gemini,2024,여성,3
3,1,1.0,2.0,2.0,2,3,3,3,4,4,4,3,3,2,3,3,2,3,3,2,4,4,4,4,3,3,3,4,1,1,1,1,1,2,1,4686,gemini,2024,여성,3
3,1,1.0,4.0,2.0,3,4,4,3,4,4,4,3,3,2,3,3,2,3,3,3,4,4,4,4,3,3,3,4,1,1,1,1,1,2,1,4687,gemini,2024,여성,3
3,1,1.0,2.0,2.0,2,3,4,3,4,4,4,3,3,2,3,3,2,3,3,2,4,4,4,4,3,3,3,4,1,1,1,1,1,2,1,4688,gemini,2024,여성,3
3,1,1.0,2.0,2.0,2,3,3,3,4,4,4,4,3,2,3,2,2,3,3,2,4,4,4,4,3,3,3,3,1,1,1,1,1,2,1,4689,gemini,2024,여성,3
3,1,1.0,2.0,2.0,3,4,4,3,4,4,4,3,3,2,3,3,2,3,3,2,4,4,4,4,3,4,3,4,1,1,1,1,1,2,1,4690,gemini,2024,여성,3
3,1,1.0,2.0,2.0,2,3,3,3,4,4,4,3,3,2,2,3,2,3,3,2,4,4,4,4,3,3,3,4,1,1,1,1,1,2,1,4691,gemini,2024,여성,3
3,1,1.0,2.0,2.0,2,3,3,3,4,4,4,3,3,2,3,3,2,3,3,2,4,4,4,4,3,3,3,4,1,1,1,1,1,2,1,4692,gemini,2024,여성,3
3,1,1.0,2.0,2.0,3,4,4,3,4,4,4,3,3,2,3,3,2,3,3,3,4,4,4,4,3,4,3,4,1,1,1,1,1,2,1,4693,gemini,2024,여성,3
3,1,1.0,2.0,2.0,2,3,4,3,4,4,4,3,3,2,3,3,2,3,3,2,4,4,4,4,3,4,3,4,1,1,1,1,1,2,1,4694,gemini,2024,여성,3
3,1,1.0,2.0,2.0,3,4,4,3,4,4,4,4,3,2,3,3,2,3,3,3,4,4,4,4,3,4,4,4,1,1,1,1,1,2,1,4695,gemini,2024,여성,3
3,1,1.0,2.0,2.0,2,3,4,3,4,4,4,3,3,2,3,3,2,3,3,2,4,4,4,4,3,3,3,4,1,1,1,1,1,2,1,4696,gemini,2024,여성,3
3,1,1.0,2.0,2.0,2,3,4,3,4,4,4,3,3,2,3,3,2,3,3,3,4,4,4,4,3,4,4,4,1,1,1,1,1,2,1,4697,gemini,2024,여성,3
3,1,1.0,2.0,2.0,3,4,4,3,4,4,4,3,3,2,3,3,2,3,3,2,4,4,4,4,3,4,3,4,1,1,1,1,1,2,1,4698,gemini,2024,여성,3
3,1,1.0,2.0,2.0,2,3,3,3,4,4,4,3,3,2,2,3,2,3,3,2,4,4,4,4,3,3,3,4,1,1,1,1,1,2,1,4699,gemini,2024,여성,3
3,1,1.0,2.0,2.0,2,3,3,3,4,4,4,3,3,2,2,2,2,3,3,2,4,4,4,4,3,3,3,4,1,1,1,1,1,2,1,4700,gemini,2024,여성,3
3,1,1.0,2.0,2.0,2,3,3,3,4,4,4,3,3,2,3,3,2,3,3,2,4,4,4,4,3,4,3,4,1,1,1,1,1,2,1,4701,gemini,2024,여성,3
3,1,1.0,2.0,2.0,2,3,4,3,5,4,4,4,3,2,3,3,2,3,3,3,4,4,4,4,3,4,4,4,1,1,1,1,1,2,1,4702,gemini,2024,여성,3
3,1,1.0,2.0,2.0,3,4,4,3,4,4,4,4,3,2,3,3,2,3,3,3,4,4,4,4,3,3,4,4,1,1,1,1,1,2,1,4703,gemini,2024,여성,3
3,1,1.0,2.0,2.0,2,3,3,2,4,3,4,3,3,2,2,2,2,3,3,2,4,4,4,4,3,3,3,4,1,1,1,1,1,2,1,4704,gemini,2024,여성,3
3,1,1.0,2.0,2.0,3,4,4,3,4,4,4,4,3,2,3,3,2,3,3,3,4,4,4,4,3,3,3,4,1,1,1,1,1,2,1,4705,gemini,2024,여성,3
3,1,1.0,2.0,2.0,3,4,4,3,4,4,4,3,3,2,3,3,2,3,3,3,4,4,4,4,3,3,4,4,1,1,1,1,1,2,1,4706,gemini,2024,여성,3
3,1,1.0,2.0,2.0,2,3,4,3,4,4,4,3,3,2,3,3,2,3,3,2,4,4,4,4,3,3,3,4,1,1,1,1,1,2,1,4707,gemini,2024,여성,3
3,1,1.0,2.0,2.0,2,3,4,3,4,4,4,4,3,2,3,3,2,3,3,3,4,4,4,4,3,3,3,4,1,1,1,1,1,2,1,4708,gemini,2024,여성,3
3,1,1.0,4.0,2.0,3,4,4,3,4,4,4,3,3,2,3,3,2,3,3,2,4,4,4,4,3,3,4,4,1,1,1,1,1,2,1,4709,gemini,2024,여성,3
3,1,1.0,2.0,2.0,3,4,4,3,5,4,4,4,3,2,3,3,2,3,3,3,4,4,4,4,3,4,4,4,1,1,1,1,1,2,1,4710,gemini,2024,여성,3
3,1,1.0,2.0,2.0,2,3,3,3,4,4,4,4,3,2,3,3,2,3,3,2,4,4,4,4,3,3,3,4,1,1,1,1,1,2,1,4711,gemini,2024,여성,3
3,1,1.0,2.0,2.0,3,4,4,3,4,4,4,4,3,2,3,3,2,3,3,3,4,4,4,4,3,3,3,4,1,1,1,1,1,2,1,4712,gemini,2024,여성,3
3,1,1.0,2.0,2.0,2,3,4,3,4,4,4,3,3,2,3,3,2,3,3,2,4,4,4,4,3,4,3,4,1,1,1,1,1,2,1,4713,gemini,2024,여성,3
3,1,1.0,2.0,2.0,3,4,4,3,4,4,4,3,3,2,3,3,2,3,3,3,4,4,4,4,3,4,3,4,1,1,1,1,1,1,1,4714,gemini,2024,여성,3
3,1,1.0,4.0,2.0,2,3,4,3,4,4,4,3,3,2,2,3,2,3,3,2,4,4,4,4,3,3,3,4,1,1,1,1,1,2,1,4715,gemini,2024,여성,3
3,1,1.0,2.0,2.0,2,3,3,3,4,4,4,3,3,2,3,2,2,3,3,2,4,4,4,4,3,3,4,4,1,1,1,1,1,1,1,4716,gemini,2024,여성,3
3,1,1.0,2.0,2.0,3,4,4,3,4,4,4,3,3,2,3,3,2,3,3,3,4,4,4,4,3,3,3,4,1,1,1,1,1,2,1,4717,gemini,2024,여성,3
3,1,1.0,2.0,2.0,2,3,4,3,4,4,4,3,3,2,3,3,2,3,3,3,4,4,4,4,3,4,3,4,1,1,1,1,1,2,1,4718,gemini,2024,여성,3
3,1,1.0,4.0,2.0,3,4,4,3,4,4,4,4,3,2,3,3,2,3,3,3,4,4,4,4,3,4,3,4,1,1,1,1,1,2,1,4719,gemini,2024,여성,3
3,1,1.0,2.0,2.0,3,4,4,3,4,4,4,3,3,2,3,3,2,3,3,2,4,4,4,4,3,3,3,4,1,1,1,1,1,2,1,4720,gemini,2024,여성,3
3,1,1.0,2.0,2.0,3,4,4,3,4,4,4,4,3,2,3,3,2,3,3,3,4,4,4,4,3,4,3,4,1,1,1,1,1,2,1,4721,gemini,2024,여성,3
3,1,1.0,2.0,2.0,2,3,4,3,4,4,4,3,3,2,3,3,2,3,3,3,4,4,4,4,3,3,3,4,1,1,1,1,1,2,1,4722,gemini,2024,여성,3
3,1,1.0,2.0,2.0,3,4,4,3,4,4,4,3,3,2,3,3,2,3,3,2,4,4,4,4,3,4,3,4,1,1,1,1,1,2,1,4723,gemini,2024,여성,3
3,1,1.0,2.0,2.0,3,4,4,3,4,4,4,4,3,2,3,3,2,3,3,3,4,4,4,4,3,3,3,4,1,1,1,1,1,2,1,4724,gemini,2024,여성,3
3,1,1.0,2.0,2.0,3,4,4,3,4,4,4,4,3,2,3,3,2,3,3,3,4,4,4,4,3,4,3,4,1,1,1,1,1,2,1,4725,gemini,2024,여성,3
3,1,1.0,2.0,2.0,2,3,4,3,4,4,4,3,3,2,3,3,2,3,3,2,4,4,4,4,3,4,3,4,1,1,1,1,1,2,1,4726,gemini,2024,여성,3
3,1,1.0,2.0,2.0,2,3,4,3,4,4,4,3,3,2,3,3,2,3,3,2,4,4,4,4,3,4,3,4,1,1,1,1,1,2,1,4727,gemini,2024,여성,3
3,1,1.0,2.0,2.0,2,3,4,3,4,4,4,3,3,2,3,3,2,3,3,2,4,4,4,4,3,3,3,4,1,1,1,1,1,2,1,4728,gemini,2024,여성,3
3,1,1.0,4.0,2.0,3,4,4,3,4,4,4,3,3,2,3,3,2,3,3,3,4,4,4,4,3,4,3,4,1,1,1,1,1,1,1,4729,gemini,2024,여성,3
3,1,1.0,4.0,2.0,2,3,4,3,5,4,4,4,3,2,3,3,2,3,3,3,4,4,4,4,3,4,4,4,1,1,1,1,1,2,1,4730,gemini,2024,여성,3
3,1,1.0,2.0,2.0,2,3,4,3,4,4,4,3,3,2,3,3,2,3,3,2,4,4,4,4,3,4,3,4,1,1,1,1,1,2,1,4731,gemini,2024,여성,3
3,1,1.0,2.0,2.0,2,3,4,3,4,4,4,3,3,2,3,3,2,3,3,2,4,4,4,4,3,3,3,4,1,1,1,1,1,2,1,4732,gemini,2024,여성,3
3,1,1.0,2.0,2.0,2,3,4,3,4,4,4,3,3,2,2,3,2,3,3,2,4,4,4,4,3,3,3,4,1,1,1,1,1,1,1,4733,gemini,2024,여성,3
3,1,1.0,2.0,2.0,3,4,4,3,4,4,4,3,3,2,3,3,2,3,3,3,4,4,4,4,3,3,3,4,1,1,1,1,1,2,1,4734,gemini,2024,여성,3
3,1,1.0,2.0,2.0,2,3,4,3,4,4,4,3,3,2,3,3,2,3,3,2,4,4,4,4,3,3,3,4,1,1,1,1,1,2,1,4735,gemini,2024,여성,3
3,1,1.0,2.0,2.0,3,4,4,3,4,4,4,3,3,2,3,3,2,3,3,2,4,4,4,4,3,3,3,4,1,1,1,1,1,2,1,4736,gemini,2024,여성,3
3,1,1.0,2.0,2.0,2,3,4,3,4,4,4,3,3,2,3,3,2,3,3,2,4,4,4,4,3,4,3,4,1,1,1,1,1,2,1,4737,gemini,2024,여성,3
3,1,1.0,2.0,2.0,2,3,4,3,4,4,4,3,3,2,3,3,2,3,3,2,4,4,4,4,3,4,3,4,1,1,1,1,1,1,1,4738,gemini,2024,여성,3
3,1,1.0,2.0,2.0,2,3,3,3,4,4,4,3,3,2,2,3,2,3,3,2,4,4,4,4,3,3,3,4,1,1,1,1,1,2,1,4739,gemini,2024,여성,3
3,1,1.0,2.0,2.0,3,4,4,3,4,4,4,4,3,2,3,3,2,3,3,3,4,4,4,4,3,4,3,4,1,1,1,1,1,1,1,4740,gemini,2024,여성,3
3,1,1.0,2.0,2.0,3,4,4,3,4,4,4,3,3,2,3,3,2,3,3,2,4,4,4,4,3,3,3,4,1,1,1,1,1,2,1,4741,gemini,2024,여성,3
3,1,1.0,2.0,2.0,2,3,4,3,4,4,4,3,3,2,3,3,2,3,3,2,4,4,4,4,3,4,3,4,1,1,1,1,1,2,1,4742,gemini,2024,여성,3
3,1,1.0,2.0,2.0,2,3,4,3,4,4,4,3,3,2,3,3,2,3,3,2,4,4,4,4,3,3,3,4,1,1,1,1,1,2,1,4743,gemini,2024,여성,3
3,1,1.0,4.0,2.0,2,3,3,3,4,4,4,3,3,2,3,3,2,3,3,2,4,4,4,4,3,3,3,4,1,1,1,1,1,2,1,4744,gemini,2024,여성,3
3,1,1.0,2.0,2.0,2,3,3,3,4,4,4,3,3,2,3,3,2,3,3,2,4,4,4,4,3,3,3,4,1,1,1,1,1,2,1,4745,gemini,2024,여성,3
3,1,1.0,2.0,2.0,3,4,4,3,4,4,4,3,3,2,3,3,2,3,3,3,4,4,4,4,3,4,4,4,1,1,1,1,1,2,1,4746,gemini,2024,여성,3
3,1,1.0,2.0,2.0,2,3,3,3,4,4,4,3,3,2,3,3,2,3,3,2,4,4,4,4,3,4,3,4,1,1,1,1,1,1,1,4747,gemini,2024,여성,3
3,1,1.0,2.0,2.0,2,3,4,3,5,4,4,4,3,2,3,3,2,3,3,2,4,4,4,4,3,3,3,4,1,1,1,1,1,2,1,4748,gemini,2024,여성,3
3,1,1.0,2.0,2.0,2,3,4,3,4,4,4,3,3,2,3,3,2,3,3,3,4,4,4,4,3,4,3,4,1,1,1,1,1,2,1,4749,gemini,2024,여성,3
3,1,1.0,2.0,2.0,2,3,4,3,4,4,4,3,3,2,3,3,2,3,3,3,4,4,4,4,3,4,4,4,1,1,1,1,1,2,1,4750,gemini,2024,여성,3
3,1,1.0,4.0,2.0,2,3,4,3,4,4,4,3,3,2,3,3,2,3,3,2,4,4,4,4,3,3,3,4,1,1,1,1,1,2,1,4751,gemini,2024,여성,3
3,1,1.0,2.0,2.0,2,3,4,3,4,4,4,3,3,2,3,3,2,3,3,2,4,4,4,4,3,3,3,4,1,1,1,1,1,2,1,4752,gemini,2024,여성,3
3,1,1.0,2.0,2.0,3,3,4,3,4,4,4,3,3,2,3,3,2,3,3,3,4,4,4,4,3,3,3,4,1,1,1,1,1,2,1,4753,gemini,2024,여성,3
3,1,1.0,2.0,2.0,3,4,4,3,4,4,4,3,3,2,3,3,2,3,3,3,4,4,4,4,3,3,3,4,1,1,1,1,1,2,1,4754,gemini,2024,여성,3
3,1,1.0,2.0,2.0,3,4,4,3,4,4,4,4,3,2,3,3,2,3,3,3,4,4,4,4,3,3,3,4,1,1,1,1,1,2,1,4755,gemini,2024,여성,3
3,1,1.0,2.0,2.0,3,4,4,3,4,4,4,3,3,2,3,3,2,3,3,3,4,4,4,4,3,4,4,4,1,1,1,1,1,2,1,4756,gemini,2024,여성,3
3,1,1.0,2.0,2.0,3,4,4,3,4,4,4,3,3,2,3,3,2,3,3,2,4,4,4,4,3,3,3,4,1,1,1,1,1,2,1,4757,gemini,2024,여성,3
3,1,1.0,2.0,2.0,3,4,4,3,4,4,4,3,3,2,3,3,2,3,3,3,4,4,4,4,3,4,3,4,1,1,1,1,1,2,1,4758,gemini,2024,여성,3
3,1,1.0,2.0,2.0,3,4,4,3,4,4,4,3,3,2,3,3,2,3,3,3,4,4,4,4,3,4,3,4,1,1,1,1,1,2,1,4759,gemini,2024,여성,3
3,1,1.0,2.0,2.0,2,3,3,3,4,4,4,4,3,2,3,3,2,3,3,3,4,4,4,4,3,3,3,4,1,1,1,1,1,1,1,4760,gemini,2024,여성,3
3,1,1.0,2.0,2.0,3,3,4,3,4,4,4,3,3,2,3,3,2,3,3,3,4,4,4,4,3,4,3,4,1,1,1,1,1,2,1,4761,gemini,2024,여성,3
3,1,1.0,2.0,2.0,2,3,4,3,4,4,4,3,3,2,3,3,2,3,3,2,4,4,4,4,3,3,3,4,1,1,1,1,1,2,1,4762,gemini,2024,여성,3
3,1,1.0,4.0,2.0,2,3,4,3,4,3,4,3,3,2,2,2,2,3,3,2,4,4,4,4,3,3,3,4,1,1,1,1,1,2,1,4763,gemini,2024,여성,3
3,1,1.0,2.0,2.0,3,4,4,3,5,4,4,4,3,2,3,3,2,3,3,2,4,4,4,4,3,4,3,4,1,1,1,1,1,2,1,4764,gemini,2024,여성,3
3,1,1.0,2.0,2.0,2,3,4,3,4,4,4,3,3,2,3,3,2,3,3,2,4,4,4,4,3,4,3,4,1,1,1,1,1,2,1,4765,gemini,2024,여성,3
3,1,1.0,2.0,2.0,2,3,4,3,4,4,4,4,3,2,3,3,2,3,3,3,4,4,4,4,3,4,3,4,1,1,1,1,1,2,1,4766,gemini,2024,여성,3
3,1,1.0,4.0,2.0,3,4,4,4,4,4,4,4,3,2,3,3,2,3,3,3,4,4,4,4,3,3,4,4,1,1,1,1,1,1,1,4767,gemini,2024,여성,3
3,1,1.0,2.0,2.0,2,3,4,3,4,4,4,3,3,2,3,3,2,3,3,2,4,4,4,4,3,3,3,3,1,1,1,1,1,2,1,4768,gemini,2024,여성,3
3,1,1.0,2.0,2.0,2,4,4,3,4,4,4,4,3,2,3,3,2,3,3,3,4,4,4,4,3,3,3,4,1,1,1,1,1,2,1,4769,gemini,2024,여성,3
3,1,1.0,2.0,2.0,2,3,3,3,4,4,4,3,3,2,2,3,2,3,3,2,4,4,4,4,3,3,3,4,1,1,1,1,1,2,1,4770,gemini,2024,여성,3
3,1,1.0,4.0,2.0,3,4,4,3,4,4,4,3,3,2,3,3,2,3,3,3,4,4,4,4,3,4,3,4,1,1,1,1,1,2,1,4771,gemini,2024,여성,3
3,1,1.0,2.0,2.0,3,3,4,3,4,4,4,3,3,2,3,3,2,3,3,3,4,4,4,4,3,4,3,4,1,1,1,1,1,2,1,4772,gemini,2024,여성,3
3,1,1.0,2.0,2.0,3,4,4,3,4,4,4,3,3,2,3,3,2,3,3,2,4,4,4,4,3,4,3,4,1,1,1,1,1,2,1,4773,gemini,2024,여성,3
3,1,1.0,2.0,2.0,3,4,4,3,4,4,4,3,3,2,3,3,2,3,3,2,4,4,4,4,3,3,3,4,1,1,1,1,1,2,1,4774,gemini,2024,여성,3
3,1,1.0,4.0,2.0,2,3,4,3,4,4,4,3,3,2,2,3,2,3,3,2,4,4,4,4,3,3,3,4,1,1,1,1,1,2,1,4775,gemini,2024,여성,3
3,1,1.0,2.0,2.0,3,4,4,3,4,4,4,4,3,2,3,3,2,3,3,3,4,4,4,4,3,3,3,4,1,1,1,1,1,1,1,4776,gemini,2024,여성,3
3,1,1.0,2.0,2.0,2,3,4,3,4,4,4,3,3,2,3,3,2,3,3,2,4,4,4,4,3,4,3,4,1,1,1,1,1,1,1,4777,gemini,2024,여성,3
3,1,1.0,2.0,2.0,2,3,4,3,4,4,4,3,3,2,3,3,2,3,3,2,4,4,4,4,3,4,3,4,1,1,1,1,1,2,1,4778,gemini,2024,여성,3
3,1,1.0,2.0,2.0,3,4,4,3,4,4,4,4,3,2,3,3,2,3,3,3,4,4,4,4,3,3,3,4,1,1,1,1,1,2,1,4779,gemini,2024,여성,3
3,1,1.0,2.0,2.0,2,3,4,3,4,4,4,3,3,2,3,3,2,3,3,2,4,4,4,4,3,3,3,4,1,1,1,1,1,1,1,4780,gemini,2024,여성,3
3,1,1.0,2.0,2.0,3,3,4,3,4,4,4,4,3,2,3,3,2,3,3,3,4,4,4,4,3,4,4,4,1,1,1,1,1,2,1,4781,gemini,2024,여성,3
3,1,1.0,2.0,2.0,3,4,4,3,5,4,5,4,3,3,3,3,2,3,4,3,5,4,4,4,3,4,3,4,1,1,1,1,1,2,1,4782,gemini,2024,여성,3
3,1,1.0,2.0,2.0,3,4,4,3,4,4,4,4,3,2,3,3,2,3,3,3,4,4,4,4,3,4,3,4,1,1,1,1,1,2,1,4783,gemini,2024,여성,3
3,1,1.0,2.0,2.0,3,4,4,3,4,4,4,3,3,2,3,3,2,3,3,3,4,4,4,4,3,3,3,4,1,1,1,1,1,2,1,4784,gemini,2024,여성,3
3,1,1.0,2.0,2.0,3,4,4,3,4,4,4,3,3,2,3,3,2,3,3,3,4,4,4,4,3,3,3,4,1,1,1,1,1,2,1,4785,gemini,2024,여성,3
3,1,1.0,2.0,2.0,2,3,4,3,4,4,4,3,3,2,3,3,2,3,3,2,4,4,4,4,3,3,3,4,1,1,1,1,1,2,1,4786,gemini,2024,여성,3
3,1,1.0,2.0,2.0,2,3,3,3,4,4,4,3,3,2,3,3,2,3,3,2,4,4,4,4,3,3,3,4,1,1,1,1,1,2,1,4787,gemini,2024,여성,3
3,1,1.0,2.0,2.0,3,4,4,3,4,4,4,3,3,2,3,3,2,3,3,2,4,4,4,4,3,3,3,4,1,1,1,1,1,2,1,4788,gemini,2024,여성,3
3,1,1.0,2.0,2.0,3,4,4,3,4,4,4,3,3,2,3,3,2,3,3,2,4,4,4,4,3,3,3,4,1,1,1,1,1,2,1,4789,gemini,2024,여성,3
3,1,1.0,2.0,2.0,3,4,4,3,4,4,4,3,3,2,3,3,2,3,3,3,4,4,4,4,3,4,3,4,1,1,1,1,1,2,1,4790,gemini,2024,여성,3
3,1,1.0,2.0,2.0,2,3,4,3,4,4,4,3,3,2,3,3,2,3,3,2,4,4,4,4,3,4,3,4,1,1,1,1,1,2,1,4791,gemini,2024,여성,3
3,1,1.0,4.0,2.0,3,4,4,3,4,4,4,3,3,2,3,3,2,3,3,3,4,4,4,4,3,4,3,4,1,1,1,1,1,2,1,4792,gemini,2024,여성,3
3,1,1.0,2.0,2.0,2,3,4,3,4,4,4,3,3,2,3,3,2,3,3,2,4,4,4,4,3,3,4,4,1,1,1,1,1,2,1,4793,gemini,2024,여성,3
3,1,1.0,4.0,2.0,3,4,4,3,4,4,4,3,3,2,3,3,2,3,3,2,4,4,4,4,3,4,3,4,1,1,1,1,1,2,1,4794,gemini,2024,여성,3
3,1,1.0,2.0,2.0,2,3,3,3,4,4,4,3,3,2,2,2,2,3,3,2,4,4,4,4,3,4,4,4,1,1,1,1,1,2,1,4795,gemini,2024,여성,3
3,1,1.0,2.0,2.0,2,3,3,2,4,4,4,3,3,2,2,2,2,3,3,2,4,4,4,4,3,3,3,4,1,1,1,1,1,2,1,4796,gemini,2024,여성,3
3,1,1.0,2.0,2.0,2,3,3,3,4,4,4,3,3,2,2,3,2,3,3,2,4,4,4,4,3,3,3,4,1,1,1,1,1,2,1,4797,gemini,2024,여성,3
3,1,1.0,2.0,2.0,2,3,4,3,4,4,4,3,3,2,3,3,2,3,3,3,4,4,4,4,3,3,3,4,1,1,1,1,1,2,1,4798,gemini,2024,여성,3
3,1,1.0,2.0,2.0,3,4,4,3,4,4,4,3,3,2,3,3,2,3,3,3,4,4,4,4,3,3,3,4,1,1,1,1,1,2,1,4799,gemini,2024,여성,3
3,1,1.0,2.0,2.0,2,3,4,3,4,4,4,3,3,2,3,3,2,3,3,3,4,4,4,4,3,4,3,4,1,1,1,1,1,2,1,4800,gemini,2024,여성,3
3,1,1.0,2.0,2.0,2,3,4,3,4,4,4,3,3,2,3,3,2,3,3,3,4,4,4,4,3,4,4,4,1,1,1,1,1,1,1,4801,gemini,2024,여성,3
3,1,1.0,2.0,2.0,3,4,4,3,4,4,4,3,3,2,3,3,2,3,3,3,4,4,4,4,3,3,3,4,1,1,1,1,1,2,1,4802,gemini,2024,여성,3
3,1,1.0,4.0,2.0,2,3,3,3,4,4,4,4,3,2,3,3,2,3,3,3,4,4,4,4,3,3,3,4,1,1,1,1,1,1,1,4803,gemini,2024,여성,3
3,1,1.0,2.0,2.0,3,4,4,3,4,4,4,3,3,2,3,3,2,3,3,2,4,4,4,4,3,3,3,4,1,1,1,1,1,2,1,4804,gemini,2024,여성,3
3,1,1.0,2.0,2.0,2,3,4,3,4,4,4,3,3,2,3,2,2,3,3,2,4,4,4,4,3,4,3,4,1,1,1,1,1,2,1,4805,gemini,2024,여성,3
3,1,1.0,2.0,2.0,3,4,4,3,4,4,4,4,3,2,3,3,2,3,3,3,4,4,4,4,3,3,3,4,1,1,1,1,1,2,1,4806,gemini,2024,여성,3
3,1,1.0,2.0,2.0,3,4,4,3,4,4,4,3,3,2,3,3,2,3,3,2,4,4,4,4,3,4,3,4,1,1,1,1,1,2,1,4807,gemini,2024,여성,3
3,1,1.0,2.0,2.0,3,4,4,3,4,4,4,3,3,2,3,3,2,3,3,3,4,4,4,4,3,4,3,4,1,1,1,1,1,2,1,4808,gemini,2024,여성,3
3,1,1.0,2.0,2.0,3,4,4,3,4,4,4,3,3,2,3,3,2,3,3,3,4,4,4,4,3,4,3,4,1,1,1,1,1,1,1,4809,gemini,2024,여성,3
3,1,1.0,2.0,2.0,3,4,4,3,4,4,4,3,3,2,3,3,2,3,3,3,4,4,4,4,3,4,3,4,1,1,1,1,1,2,1,4810,gemini,2024,여성,3
3,1,1.0,2.0,2.0,3,4,4,3,5,4,4,4,3,2,3,3,2,3,3,2,4,4,4,4,3,4,3,4,1,1,1,1,1,2,1,4811,gemini,2024,여성,3
3,1,1.0,2.0,2.0,3,4,4,3,4,4,4,3,3,2,3,3,2,3,3,3,4,4,4,4,3,3,3,4,1,1,1,1,1,2,1,4812,gemini,2024,여성,3
3,1,1.0,2.0,2.0,2,3,3,3,4,4,4,3,3,2,3,3,2,3,3,3,4,4,4,4,3,4,3,4,1,1,1,1,1,2,1,4813,gemini,2024,여성,3
3,1,1.0,2.0,2.0,3,4,4,3,4,4,4,3,3,2,3,3,2,3,3,3,4,4,4,4,3,3,3,4,1,1,1,1,1,1,1,4814,gemini,2024,여성,3
3,1,1.0,2.0,2.0,3,4,4,3,5,4,4,4,3,2,3,3,2,3,3,3,4,4,4,4,3,3,3,4,1,1,1,1,1,2,1,4815,gemini,2024,여성,3
3,1,1.0,2.0,2.0,2,3,4,3,4,4,4,4,3,2,3,3,2,3,3,3,4,4,4,4,3,3,3,4,1,1,1,1,1,2,1,4816,gemini,2024,여성,3
3,1,1.0,2.0,2.0,3,4,4,3,5,4,4,4,3,2,3,3,2,3,3,3,4,4,4,4,3,4,3,4,1,1,1,1,1,1,1,4817,gemini,2024,여성,3
3,1,1.0,2.0,2.0,3,4,4,3,4,4,4,4,3,2,3,3,2,3,3,3,4,4,4,4,3,4,3,4,1,1,1,1,1,1,1,4818,gemini,2024,여성,3
3,1,1.0,2.0,2.0,2,3,4,3,4,4,4,3,3,2,3,3,2,3,3,2,4,4,4,4,3,4,4,4,1,1,1,1,1,2,1,4819,gemini,2024,여성,3
3,1,1.0,2.0,2.0,3,4,4,3,4,4,4,3,3,2,3,3,2,3,3,3,4,4,4,4,3,3,3,4,1,1,1,1,1,2,1,4820,gemini,2024,여성,3
3,1,1.0,2.0,2.0,2,3,4,3,4,4,4,3,3,2,3,3,2,3,3,2,4,4,4,4,3,3,3,4,1,1,1,1,1,2,1,4821,gemini,2024,여성,3
3,1,1.0,2.0,2.0,2,3,3,3,4,4,4,3,3,2,2,3,2,3,3,2,4,4,4,4,3,3,3,4,1,1,1,1,1,2,1,4822,gemini,2024,여성,3
3,1,1.0,2.0,2.0,2,3,4,3,4,4,4,3,3,2,2,3,2,3,3,2,4,4,4,4,3,3,3,4,1,1,1,1,1,1,1,4823,gemini,2024,여성,3
3,1,1.0,2.0,2.0,2,3,3,3,4,4,4,3,3,2,2,2,2,3,3,2,4,4,4,4,3,3,3,4,1,1,1,1,1,1,1,4824,gemini,2024,여성,3
3,1,1.0,2.0,2.0,3,4,4,3,4,4,4,3,3,2,3,3,2,3,3,3,4,4,4,4,3,4,3,4,1,1,1,1,1,2,1,4825,gemini,2024,여성,3
3,1,1.0,2.0,2.0,3,4,4,3,4,4,4,3,3,2,3,3,2,3,3,3,4,4,4,4,3,3,3,4,1,1,1,1,1,2,1,4826,gemini,2024,여성,3
3,1,1.0,2.0,2.0,2,3,3,3,4,4,4,3,3,2,2,3,2,3,3,2,4,4,4,4,3,4,3,4,1,1,1,1,1,2,1,4827,gemini,2024,여성,3
3,1,1.0,2.0,2.0,2,3,3,3,4,4,4,3,3,2,3,3,2,3,3,3,4,4,4,4,3,3,3,4,1,1,1,1,1,2,1,4828,gemini,2024,여성,3
3,1,1.0,2.0,2.0,2,3,4,3,4,4,4,3,3,2,3,3,2,3,3,2,4,4,4,4,3,3,3,4,1,1,1,1,1,2,1,4829,gemini,2024,여성,3
3,1,1.0,2.0,2.0,2,3,4,3,4,4,4,3,3,2,3,3,2,3,3,2,4,4,4,4,3,4,3,4,1,1,1,1,1,2,1,4830,gemini,2024,여성,3
3,1,1.0,2.0,2.0,2,4,4,3,4,4,4,4,3,2,3,3,2,3,3,2,4,4,4,4,3,3,3,4,1,1,1,1,1,1,1,4831,gemini,2024,여성,3
3,1,1.0,2.0,2.0,2,3,4,3,4,4,4,3,3,2,3,2,2,3,3,2,4,4,4,4,3,4,3,4,1,1,1,1,1,2,1,4832,gemini,2024,여성,3
3,1,1.0,2.0,2.0,2,3,4,3,4,4,4,4,3,2,3,3,2,3,3,3,4,4,4,4,3,4,3,4,1,1,1,1,1,2,1,4833,gemini,2024,여성,3
3,1,1.0,2.0,2.0,2,3,3,3,4,4,4,3,3,2,2,3,2,3,3,2,4,4,4,4,3,3,3,4,1,1,1,1,1,2,1,4834,gemini,2024,여성,3
3,1,1.0,2.0,2.0,3,4,4,3,4,4,4,3,3,2,3,3,2,3,3,2,4,4,4,4,3,4,3,4,1,1,1,1,1,2,1,4835,gemini,2024,여성,3
3,1,1.0,2.0,2.0,2,3,3,3,4,4,4,3,3,2,2,2,2,3,3,2,4,4,4,4,3,3,3,4,1,1,1,1,1,2,1,4836,gemini,2024,여성,3
3,1,1.0,2.0,2.0,2,3,4,3,4,4,4,4,3,2,3,3,2,3,3,3,4,4,4,4,3,3,3,4,1,1,1,1,1,2,1,4837,gemini,2024,여성,3
3,1,1.0,2.0,2.0,2,3,4,3,4,4,4,3,3,2,3,3,2,3,3,2,4,4,4,4,3,3,3,4,1,1,1,1,1,1,1,4838,gemini,2024,여성,3
3,1,1.0,2.0,2.0,3,4,4,3,4,4,4,3,3,2,3,3,2,3,3,3,4,4,4,4,3,4,3,4,1,1,1,1,1,2,1,4839,gemini,2024,여성,3
3,1,1.0,2.0,2.0,3,4,4,3,4,4,4,4,3,2,3,3,2,3,3,3,4,4,4,4,3,4,3,4,1,1,1,1,1,1,1,4840,gemini,2024,여성,3
3,1,1.0,2.0,2.0,3,3,4,3,4,4,4,3,3,2,3,3,2,3,3,2,4,4,4,4,3,3,3,4,1,1,1,1,1,2,1,4841,gemini,2024,여성,3
3,1,1.0,2.0,2.0,3,4,4,3,4,4,4,3,3,2,3,3,2,3,3,2,4,4,4,4,3,3,3,4,1,1,1,1,1,2,1,4842,gemini,2024,여성,3
3,1,1.0,2.0,2.0,2,3,3,3,4,4,4,3,3,2,3,3,2,3,3,2,4,4,4,4,3,3,3,4,1,1,1,1,1,2,1,4843,gemini,2024,여성,3
3,1,1.0,2.0,2.0,3,4,4,3,4,4,4,3,3,2,3,3,2,3,3,3,4,4,4,4,3,4,3,4,1,1,1,1,1,2,1,4844,gemini,2024,여성,3
3,1,1.0,2.0,2.0,3,4,4,3,4,4,4,4,3,2,3,3,2,3,3,3,4,4,4,4,3,4,3,4,1,1,1,1,1,2,1,4845,gemini,2024,여성,3
3,1,1.0,2.0,2.0,2,3,4,3,4,4,4,3,3,2,3,3,2,3,3,2,4,4,4,4,3,3,3,4,1,1,1,1,1,2,1,4846,gemini,2024,여성,3
3,1,1.0,2.0,2.0,2,3,4,3,4,4,4,3,3,2,2,3,2,3,3,2,4,4,4,4,3,3,3,4,1,1,1,1,1,2,1,4847,gemini,2024,여성,3
3,1,1.0,2.0,2.0,2,3,4,3,4,4,4,3,3,2,3,3,2,3,3,2,4,4,4,4,3,4,3,4,1,1,1,1,1,2,1,4848,gemini,2024,여성,3
3,1,1.0,2.0,2.0,2,3,4,3,4,4,4,3,3,2,3,3,2,3,3,3,4,4,4,4,3,4,3,4,1,1,1,1,1,2,1,4849,gemini,2024,여성,3
3,1,1.0,2.0,2.0,2,3,4,3,4,4,4,3,3,2,3,3,2,3,3,2,4,4,4,4,3,3,4,4,1,1,1,1,1,2,1,4850,gemini,2024,여성,3
3,1,1.0,2.0,2.0,2,3,3,3,4,4,4,3,3,2,2,3,2,3,3,2,4,4,4,4,3,3,3,4,1,1,1,1,1,2,1,4851,gemini,2024,여성,3
3,1,1.0,2.0,2.0,3,4,4,3,4,4,4,4,3,2,3,3,2,3,3,3,4,4,4,4,3,3,3,4,1,1,1,1,1,2,1,4852,gemini,2024,여성,3
3,1,1.0,2.0,2.0,2,3,4,3,4,4,4,4,3,2,3,3,2,3,3,2,4,4,4,4,3,3,3,4,1,1,1,1,1,2,1,4853,gemini,2024,여성,3
3,1,1.0,2.0,2.0,3,4,4,3,4,4,4,3,3,2,3,3,2,3,3,3,4,4,4,4,3,3,4,4,1,1,1,1,1,2,1,4854,gemini,2024,여성,3
3,1,1.0,2.0,2.0,2,3,3,3,4,4,4,3,3,2,2,2,2,3,3,2,4,4,4,4,3,3,3,4,1,1,1,1,1,2,1,4855,gemini,2024,여성,3
3,1,1.0,2.0,2.0,3,4,4,3,5,4,4,4,3,2,3,3,2,3,3,3,4,4,4,4,3,4,4,4,1,1,1,1,1,2,1,4856,gemini,2024,여성,3
3,1,1.0,2.0,2.0,2,3,3,2,4,4,4,3,3,2,3,3,2,3,3,2,4,4,4,4,3,4,3,4,1,1,1,1,1,2,1,4857,gemini,2024,여성,3
3,1,1.0,2.0,2.0,3,4,4,3,4,4,4,4,3,2,3,3,2,3,3,3,4,4,4,4,3,4,3,4,1,1,1,1,1,2,1,4858,gemini,2024,여성,3
3,1,1.0,2.0,2.0,3,4,4,3,4,4,4,3,3,2,3,3,2,3,3,3,4,4,4,4,3,3,3,4,1,1,1,1,1,2,1,4859,gemini,2024,여성,3
3,1,1.0,4.0,2.0,2,3,4,3,4,3,4,3,3,2,2,2,2,3,3,2,4,4,4,4,3,3,3,4,1,1,1,1,1,2,1,4860,gemini,2024,여성,3
3,1,1.0,2.0,2.0,2,3,4,3,4,4,4,3,3,2,3,3,2,3,3,2,4,4,4,4,3,4,3,4,1,1,1,1,1,2,1,4861,gemini,2024,여성,3
3,1,1.0,2.0,2.0,2,3,4,3,4,4,4,3,3,2,3,3,2,3,3,2,4,4,4,4,3,4,3,4,1,1,1,1,1,2,1,4862,gemini,2024,여성,3
3,1,1.0,4.0,2.0,3,4,4,3,4,4,4,3,3,2,3,3,2,3,3,2,4,4,4,4,3,3,3,4,1,1,1,1,1,2,1,4863,gemini,2024,여성,3
3,1,1.0,2.0,2.0,2,3,4,3,4,4,4,3,3,2,3,3,2,3,3,2,4,4,4,4,3,4,3,4,1,1,1,1,1,2,1,4864,gemini,2024,여성,3
3,1,1.0,2.0,2.0,3,4,4,3,4,4,4,3,3,2,3,3,2,3,3,3,4,4,4,4,3,3,3,4,1,1,1,1,1,2,1,4865,gemini,2024,여성,3
3,1,1.0,2.0,2.0,3,4,4,3,4,4,4,3,3,2,3,3,2,3,3,2,4,4,4,4,3,4,3,4,1,1,1,1,1,2,1,4866,gemini,2024,여성,3
3,1,1.0,2.0,2.0,2,3,4,3,4,4,4,3,3,2,3,3,2,3,3,3,4,4,4,4,3,3,3,4,1,1,1,1,1,2,1,4867,gemini,2024,여성,3
3,1,1.0,2.0,2.0,3,4,4,3,4,4,4,3,3,2,3,3,2,3,3,2,4,4,4,4,3,3,4,4,1,1,1,1,1,1,1,4868,gemini,2024,여성,3
3,1,1.0,2.0,2.0,2,3,4,3,4,4,4,3,3,2,2,3,2,3,3,2,4,4,4,4,3,4,3,4,1,1,1,1,1,2,1,4869,gemini,2024,여성,3
3,1,1.0,2.0,2.0,2,3,4,3,4,4,4,3,3,2,3,3,2,3,3,3,4,4,4,4,3,3,3,4,1,1,1,1,1,2,1,4870,gemini,2024,여성,3
3,1,1.0,2.0,2.0,3,4,4,3,4,4,4,3,3,2,3,3,2,3,3,3,4,4,4,4,3,4,3,4,1,1,1,1,1,2,1,4871,gemini,2024,여성,3
3,1,1.0,2.0,2.0,2,3,3,3,4,4,4,3,3,2,2,3,2,3,3,2,4,4,4,4,3,3,3,4,1,1,1,1,1,2,1,4872,gemini,2024,여성,3
3,1,1.0,2.0,2.0,2,4,4,3,4,4,4,3,3,2,3,3,2,3,3,2,4,4,4,4,3,4,3,4,1,1,1,1,1,2,1,4873,gemini,2024,여성,3
3,1,1.0,2.0,2.0,2,3,4,3,4,4,4,4,3,2,3,3,2,3,3,3,4,4,4,4,3,3,3,4,1,1,1,1,1,2,1,4874,gemini,2024,여성,3
3,1,1.0,2.0,2.0,2,3,4,3,4,4,4,3,3,2,3,3,2,3,3,2,4,4,4,4,3,4,3,4,1,1,1,1,1,1,1,4875,gemini,2024,여성,3
3,1,1.0,2.0,2.0,2,3,4,3,4,4,4,3,3,2,3,3,2,3,3,2,4,4,4,4,3,3,3,4,1,1,1,1,1,2,1,4876,gemini,2024,여성,3
3,1,1.0,2.0,2.0,2,3,4,3,4,4,4,3,3,2,2,2,2,3,3,2,4,4,4,4,3,4,3,4,1,1,1,1,1,2,1,4877,gemini,2024,여성,3
3,1,1.0,2.0,2.0,3,4,4,3,4,4,4,3,3,2,3,3,2,3,3,3,4,4,4,4,3,4,3,4,1,1,1,1,1,2,1,4878,gemini,2024,여성,3
3,1,1.0,2.0,2.0,2,3,4,3,4,4,4,3,3,2,3,3,2,3,3,2,4,4,4,4,3,4,3,4,1,1,1,1,1,1,1,4879,gemini,2024,여성,3
3,1,1.0,2.0,2.0,2,3,3,3,4,4,4,3,3,2,3,3,2,3,3,2,4,4,4,4,3,3,3,4,1,1,1,1,1,1,1,4880,gemini,2024,여성,3
3,1,1.0,2.0,2.0,2,3,3,3,4,4,4,3,3,2,2,2,2,3,3,2,4,4,4,4,3,3,3,4,1,1,1,1,1,2,1,4881,gemini,2024,여성,3
3,1,1.0,4.0,2.0,2,3,4,3,4,4,4,3,3,2,2,2,2,3,3,2,4,4,4,4,3,3,3,4,1,1,1,1,1,2,1,4882,gemini,2024,여성,3
3,1,1.0,2.0,2.0,3,4,4,3,4,4,4,3,3,2,3,3,2,3,3,3,4,4,4,4,3,3,4,4,1,1,1,1,1,2,1,4883,gemini,2024,여성,3
3,1,1.0,2.0,2.0,2,3,3,3,4,4,4,3,3,2,2,3,2,3,3,2,4,4,4,4,3,4,3,4,1,1,1,1,1,2,1,4884,gemini,2024,여성,3
3,1,1.0,2.0,2.0,2,3,3,3,4,4,4,3,3,2,2,3,2,3,3,2,4,4,4,4,3,3,3,4,1,1,1,1,1,2,1,4885,gemini,2024,여성,3
3,1,1.0,2.0,2.0,2,3,3,3,4,4,4,4,3,2,3,3,2,3,3,3,4,4,4,4,3,4,3,4,1,1,1,1,1,2,1,4886,gemini,2024,여성,3
3,1,1.0,4.0,2.0,2,3,4,3,4,4,4,3,3,2,3,2,2,3,3,2,4,4,4,4,3,3,3,4,1,1,1,1,1,2,1,4887,gemini,2024,여성,3
3,1,1.0,2.0,2.0,2,3,3,3,4,4,4,3,3,2,2,3,2,3,3,2,4,4,4,4,3,4,3,4,1,1,1,1,1,1,1,4888,gemini,2024,여성,3
3,1,1.0,2.0,2.0,2,3,4,3,4,4,4,3,3,2,3,3,2,3,3,2,4,4,4,4,3,3,3,4,1,1,1,1,1,2,1,4889,gemini,2024,여성,3
3,1,1.0,2.0,2.0,2,3,4,3,4,4,4,3,3,2,3,3,2,3,3,2,4,4,4,4,3,4,3,4,1,1,1,1,1,2,1,4890,gemini,2024,여성,3
3,1,1.0,2.0,2.0,2,4,4,3,4,4,4,3,3,2,3,3,2,3,3,2,4,4,4,4,3,3,3,4,1,1,1,1,1,1,1,4891,gemini,2024,여성,3
3,1,1.0,2.0,2.0,2,3,3,3,4,4,4,3,3,2,2,3,2,3,3,3,4,4,4,4,3,3,4,3,1,1,1,1,1,2,1,4892,gemini,2024,여성,3
3,1,1.0,2.0,2.0,2,3,3,3,4,4,4,3,3,2,2,3,2,3,3,2,4,4,4,4,3,3,3,4,1,1,1,1,1,1,1,4893,gemini,2024,여성,3
3,1,1.0,2.0,2.0,3,4,4,3,4,4,4,3,3,2,3,3,2,3,3,3,4,4,4,4,3,3,3,4,1,1,1,1,1,2,1,4894,gemini,2024,여성,3
3,1,1.0,2.0,2.0,3,4,4,3,4,4,4,4,3,2,3,3,2,3,3,3,4,4,4,4,3,3,3,4,1,1,1,1,1,2,1,4895,gemini,2024,여성,3
3,1,1.0,2.0,2.0,3,4,4,3,4,4,4,3,3,2,3,3,2,3,3,2,4,4,4,4,3,3,3,4,1,1,1,1,1,2,1,4896,gemini,2024,여성,3
3,1,1.0,2.0,2.0,2,3,4,3,4,4,4,3,3,2,3,3,2,3,3,3,4,4,4,4,3,4,3,4,1,1,1,1,1,2,1,4897,gemini,2024,여성,3
3,1,1.0,2.0,2.0,3,3,4,3,4,4,4,3,3,2,3,3,2,3,3,3,4,4,4,4,3,3,3,4,1,1,1,1,1,2,1,4898,gemini,2024,여성,3
3,1,1.0,2.0,2.0,2,3,3,3,4,4,4,4,3,2,2,3,2,3,3,2,4,4,4,4,3,4,4,4,1,1,1,1,1,2,1,4899,gemini,2024,여성,3
3,1,1.0,2.0,2.0,2,3,3,3,4,4,4,3,3,2,2,2,2,3,3,2,4,4,4,4,3,3,3,4,1,1,1,1,1,2,1,4900,gemini,2024,여성,3
3,1,1.0,2.0,2.0,2,3,4,3,4,4,4,3,3,2,2,3,2,3,3,2,4,4,4,4,3,3,3,4,1,1,1,1,1,2,1,4901,gemini,2024,여성,3
3,1,1.0,2.0,2.0,2,3,4,3,4,4,4,4,3,2,3,3,2,3,3,3,4,4,4,4,3,3,4,4,1,1,1,1,1,2,1,4902,gemini,2024,여성,3
3,1,1.0,2.0,2.0,3,4,4,3,4,4,4,3,3,2,3,3,2,3,3,3,4,4,4,4,3,4,4,4,1,1,1,1,1,1,1,4903,gemini,2024,여성,3
3,1,1.0,2.0,2.0,3,4,4,3,4,4,4,3,3,2,3,3,2,3,3,2,4,4,4,4,3,3,3,4,1,1,1,1,1,2,1,4904,gemini,2024,여성,3
3,1,1.0,2.0,2.0,3,4,4,3,4,4,4,4,3,2,3,3,2,3,3,3,4,4,4,4,3,3,3,4,1,1,1,1,1,2,1,4905,gemini,2024,여성,3
3,1,1.0,2.0,2.0,2,3,4,3,4,4,4,3,3,2,3,3,2,3,3,2,4,4,4,4,3,4,3,4,1,1,1,1,1,1,1,4906,gemini,2024,여성,3
3,1,1.0,2.0,2.0,2,3,3,3,4,4,4,3,3,2,2,3,2,3,3,2,4,4,4,4,3,3,3,4,1,1,1,1,1,2,1,4907,gemini,2024,여성,3
3,1,1.0,2.0,2.0,2,3,3,3,4,4,4,3,3,2,2,3,2,3,3,2,4,4,4,4,3,3,3,4,1,1,1,1,1,2,1,4908,gemini,2024,여성,3
3,1,1.0,2.0,2.0,3,4,4,3,4,4,4,3,3,2,3,3,2,3,3,2,4,4,4,4,3,3,3,4,1,1,1,1,1,2,1,4909,gemini,2024,여성,3
3,1,1.0,2.0,2.0,2,3,4,3,4,4,4,3,3,2,3,3,2,3,3,2,4,4,4,4,3,3,3,4,1,1,1,1,1,2,1,4910,gemini,2024,여성,3
3,1,1.0,2.0,2.0,3,4,4,3,4,4,4,3,3,2,3,3,2,3,3,2,4,4,4,4,3,4,3,4,1,1,1,1,1,2,1,4911,gemini,2024,여성,3
3,1,1.0,4.0,2.0,2,3,4,3,4,3,4,3,3,2,2,2,2,3,3,2,4,4,4,4,3,3,3,4,1,1,1,1,1,2,1,4912,gemini,2024,여성,3
3,1,1.0,2.0,2.0,2,3,3,3,4,4,4,3,3,2,3,3,2,3,3,2,4,4,4,4,3,4,3,4,1,1,1,1,1,2,1,4913,gemini,2024,여성,3
3,1,1.0,2.0,2.0,2,3,4,3,4,4,4,3,3,2,3,3,2,3,3,2,4,4,4,4,3,3,3,4,1,1,1,1,1,2,1,4914,gemini,2024,여성,3
3,1,1.0,2.0,2.0,2,3,4,3,4,4,4,3,3,2,2,2,2,3,3,2,4,4,4,4,3,3,3,4,1,1,1,1,1,2,1,4915,gemini,2024,여성,3
3,1,1.0,2.0,2.0,2,3,4,3,4,4,4,3,3,2,3,3,2,3,3,2,4,4,4,4,3,4,4,4,1,1,1,1,1,2,1,4916,gemini,2024,여성,3
3,1,1.0,2.0,2.0,2,3,4,3,4,4,4,4,3,2,3,3,2,3,3,3,4,4,4,4,3,3,3,4,1,1,1,1,1,2,1,4917,gemini,2024,여성,3
3,1,1.0,2.0,2.0,3,4,4,3,5,4,4,4,3,2,3,3,2,3,3,2,4,4,4,4,3,4,3,4,1,1,1,1,1,2,1,4918,gemini,2024,여성,3
3,1,1.0,2.0,2.0,2,3,3,3,4,4,4,3,3,2,2,3,2,3,3,2,4,4,4,4,3,3,3,4,1,1,1,1,1,1,1,4919,gemini,2024,여성,3
3,1,1.0,2.0,2.0,2,3,4,3,4,4,4,4,3,2,3,3,2,3,3,3,4,4,4,4,3,3,3,4,1,1,1,1,1,2,1,4920,gemini,2024,여성,3
3,1,1.0,2.0,2.0,2,3,4,3,4,4,4,3,3,2,3,3,2,3,3,2,4,4,4,4,3,4,3,4,1,1,1,1,1,1,1,4921,gemini,2024,여성,3
3,1,1.0,2.0,2.0,2,3,4,3,4,4,4,3,3,2,3,3,2,3,3,2,4,4,4,4,3,4,3,4,1,1,1,1,1,2,1,4922,gemini,2024,여성,3
3,1,1.0,2.0,2.0,3,4,4,3,4,4,4,3,3,2,3,3,2,3,3,3,4,4,4,4,3,4,3,4,1,1,1,1,1,1,1,4923,gemini,2024,여성,3
3,1,1.0,2.0,2.0,2,3,3,3,4,4,4,3,3,2,2,3,2,3,3,2,4,4,4,4,3,3,3,4,1,1,1,1,1,2,1,4924,gemini,2024,여성,3
3,1,1.0,2.0,2.0,2,3,4,3,4,4,4,3,3,2,3,3,2,3,3,2,4,4,4,4,3,3,3,4,1,1,1,1,1,2,1,4925,gemini,2024,여성,3
3,1,1.0,2.0,2.0,2,3,4,3,4,4,4,3,3,2,3,3,2,3,3,2,4,4,4,4,3,3,3,4,1,1,1,1,1,2,1,4926,gemini,2024,여성,3
3,1,1.0,2.0,2.0,2,3,4,3,4,4,4,3,3,2,3,3,2,3,3,2,4,4,4,4,3,4,4,4,1,1,1,1,1,2,1,4927,gemini,2024,여성,3
3,1,1.0,2.0,2.0,3,4,4,3,4,4,4,4,3,2,3,3,2,3,3,3,4,4,4,4,3,3,3,4,1,1,1,1,1,1,1,4928,gemini,2024,여성,3
3,1,1.0,2.0,2.0,2,3,4,3,4,4,4,3,3,2,3,3,2,3,3,2,4,4,4,4,3,4,3,4,1,1,1,1,1,2,1,4929,gemini,2024,여성,3
3,1,1.0,4.0,2.0,3,4,4,3,4,4,4,3,3,2,3,3,2,3,3,2,4,4,4,4,3,3,3,4,1,1,1,1,1,2,1,4930,gemini,2024,여성,3
3,1,1.0,4.0,2.0,3,4,4,3,4,4,4,3,3,2,3,3,2,3,3,2,4,4,4,4,3,3,3,4,1,1,1,1,1,1,1,4931,gemini,2024,여성,3
3,1,1.0,2.0,2.0,3,4,4,3,4,4,4,3,3,2,3,3,2,3,3,3,4,4,4,4,3,4,3,4,1,1,1,1,1,2,1,4932,gemini,2024,여성,3
3,1,1.0,2.0,2.0,2,4,4,3,4,4,4,4,3,2,3,3,2,3,3,2,4,4,4,4,3,3,3,4,1,1,1,1,1,2,1,4933,gemini,2024,여성,3
3,1,1.0,2.0,2.0,3,4,4,3,4,4,4,3,3,2,3,3,2,3,3,2,4,4,4,4,3,3,3,4,1,1,1,1,1,2,1,4934,gemini,2024,여성,3
3,1,1.0,4.0,2.0,3,4,4,3,4,4,4,3,3,2,3,3,2,3,3,2,4,4,4,4,3,4,4,4,1,1,1,1,1,2,1,4935,gemini,2024,여성,3
3,1,1.0,2.0,2.0,3,4,4,3,4,4,4,4,3,2,3,3,2,3,3,3,4,4,4,4,3,3,3,4,1,1,1,1,1,2,1,4936,gemini,2024,여성,3
3,1,1.0,2.0,2.0,3,4,4,3,4,4,4,3,3,2,3,3,2,3,3,3,4,4,4,4,3,3,3,4,1,1,1,1,1,2,1,4937,gemini,2024,여성,3
3,1,1.0,2.0,2.0,2,3,4,3,4,4,4,3,3,2,2,3,2,3,3,2,4,4,4,4,3,4,3,4,1,1,1,1,1,2,1,4938,gemini,2024,여성,3
3,1,1.0,2.0,2.0,3,4,4,3,4,4,4,3,3,2,3,3,2,3,3,2,4,4,4,4,3,3,3,4,1,1,1,1,1,2,1,4939,gemini,2024,여성,3
3,1,1.0,2.0,2.0,2,3,3,2,4,4,4,3,3,2,2,3,2,3,3,2,4,4,4,4,3,3,3,4,1,1,1,1,1,2,1,4940,gemini,2024,여성,3
3,1,1.0,4.0,2.0,3,4,4,4,4,4,4,4,3,3,3,3,2,3,3,3,4,4,4,4,3,4,3,4,1,1,1,1,1,2,1,4941,gemini,2024,여성,3
3,1,1.0,2.0,2.0,3,4,4,3,4,4,4,4,3,2,3,3,2,3,3,3,4,4,4,4,3,3,3,4,1,1,1,1,1,2,1,4942,gemini,2024,여성,3
3,1,1.0,2.0,2.0,3,4,4,3,4,4,4,3,3,2,3,3,2,3,3,3,4,4,4,4,3,3,3,4,1,1,1,1,1,2,1,4943,gemini,2024,여성,3
3,1,1.0,2.0,2.0,3,4,4,3,4,4,4,3,3,2,3,3,2,3,3,3,4,4,4,4,3,3,3,4,1,1,1,1,1,2,1,4944,gemini,2024,여성,3
3,1,1.0,2.0,2.0,2,3,4,3,4,4,4,3,3,2,3,3,2,3,3,3,4,4,4,4,3,3,4,4,1,1,1,1,1,2,1,4945,gemini,2024,여성,3
3,1,1.0,2.0,2.0,2,3,3,3,4,4,4,3,3,2,2,3,2,3,3,2,4,4,4,4,3,3,3,4,1,1,1,1,1,2,1,4946,gemini,2024,여성,3
3,1,1.0,2.0,2.0,2,3,4,3,4,4,4,3,3,2,2,3,2,3,3,2,4,4,4,4,3,3,3,4,1,1,1,1,1,1,1,4947,gemini,2024,여성,3
3,1,1.0,2.0,2.0,3,4,4,3,4,4,4,3,3,2,3,3,2,3,3,3,4,4,4,4,3,4,3,4,1,1,1,1,1,2,1,4948,gemini,2024,여성,3
3,1,1.0,2.0,2.0,2,3,4,3,4,4,4,3,3,2,3,3,2,3,3,3,4,4,4,4,3,4,3,4,1,1,1,1,1,2,1,4949,gemini,2024,여성,3
3,1,1.0,2.0,2.0,2,3,4,3,4,4,4,4,3,2,3,3,2,3,3,3,4,4,4,4,3,3,3,4,1,1,1,1,1,2,1,4950,gemini,2024,여성,3
3,1,1.0,2.0,2.0,2,3,4,3,4,4,4,3,3,2,3,3,2,3,3,2,4,4,4,4,3,3,3,4,1,1,1,1,1,2,1,4951,gemini,2024,여성,3
3,1,1.0,2.0,2.0,3,4,4,3,4,4,4,3,3,2,3,3,2,3,3,3,4,4,4,4,3,4,3,4,1,1,1,1,1,1,1,4952,gemini,2024,여성,3
3,1,1.0,2.0,2.0,3,4,4,3,5,4,4,4,3,2,3,3,2,3,3,3,4,4,4,4,3,3,3,4,1,1,1,1,1,2,1,4953,gemini,2024,여성,3
3,1,1.0,2.0,2.0,2,3,4,3,4,4,4,3,3,2,3,3,2,3,3,2,4,4,4,4,3,3,3,4,1,1,1,1,1,2,1,4954,gemini,2024,여성,3
3,1,1.0,2.0,2.0,3,4,4,3,4,4,4,3,3,2,3,3,2,3,3,2,4,4,4,4,3,3,3,4,1,1,1,1,1,2,1,4955,gemini,2024,여성,3
3,1,1.0,2.0,2.0,2,3,4,3,4,4,4,3,3,2,3,3,2,3,3,2,4,4,4,4,3,4,3,4,1,1,1,1,1,2,1,4956,gemini,2024,여성,3
3,1,1.0,2.0,2.0,2,3,4,3,4,4,4,4,3,2,3,3,2,3,3,3,4,4,4,4,3,3,3,3,1,1,1,1,1,2,1,4957,gemini,2024,여성,3
3,1,1.0,2.0,2.0,3,4,4,4,4,4,4,4,3,2,3,3,2,3,3,3,4,4,4,4,3,3,3,4,1,1,1,1,1,2,1,4958,gemini,2024,여성,3
3,1,1.0,2.0,2.0,3,4,4,3,4,4,4,3,3,2,3,3,2,3,3,2,4,4,4,4,3,4,3,4,1,1,1,1,1,1,1,4959,gemini,2024,여성,3
3,1,1.0,2.0,2.0,2,3,4,3,4,4,4,3,3,2,2,3,2,3,3,2,4,4,4,4,3,3,3,4,1,1,1,1,1,2,1,4960,gemini,2024,여성,3
3,1,1.0,4.0,2.0,3,3,4,3,4,4,4,3,3,2,3,3,2,3,3,3,4,4,4,4,3,3,3,4,1,1,1,1,1,2,1,4961,gemini,2024,여성,3
3,1,1.0,2.0,2.0,3,4,4,3,4,4,4,3,3,2,3,3,2,3,3,3,4,4,4,4,3,4,3,4,1,1,1,1,1,2,1,4962,gemini,2024,여성,3
3,1,1.0,2.0,2.0,2,3,3,3,4,4,4,3,3,2,3,3,2,3,3,2,4,4,4,4,3,3,3,4,1,1,1,1,1,2,1,4963,gemini,2024,여성,3
3,1,1.0,2.0,2.0,2,3,4,3,4,4,4,3,3,2,2,3,2,3,3,2,4,4,4,4,3,4,3,4,1,1,1,1,1,2,1,4964,gemini,2024,여성,3
3,1,1.0,2.0,2.0,2,3,3,3,4,4,4,3,3,2,2,3,2,3,3,2,4,4,4,4,3,3,3,4,1,1,1,1,1,2,1,4965,gemini,2024,여성,3
3,1,1.0,2.0,2.0,2,3,4,3,4,4,4,3,3,2,3,3,2,3,3,2,4,4,4,4,3,4,3,4,1,1,1,1,1,2,1,4966,gemini,2024,여성,3
3,1,1.0,2.0,2.0,3,4,4,3,4,4,4,3,3,2,3,3,2,3,3,3,4,4,4,4,3,3,3,4,1,1,1,1,1,2,1,4967,gemini,2024,여성,3
3,1,1.0,2.0,2.0,3,4,4,3,4,4,4,4,3,2,3,3,2,3,3,3,4,4,4,4,3,3,3,4,1,1,1,1,1,2,1,4968,gemini,2024,여성,3
3,1,1.0,2.0,2.0,3,4,4,3,4,4,4,3,3,2,3,3,2,3,3,3,4,4,4,4,3,3,3,4,1,1,1,1,1,2,1,4969,gemini,2024,여성,3
3,1,1.0,2.0,2.0,3,4,4,3,4,4,4,3,3,2,3,3,2,3,3,3,4,4,4,4,3,3,3,4,1,1,1,1,1,2,1,4970,gemini,2024,여성,3
3,1,1.0,2.0,2.0,2,3,4,3,4,4,4,3,3,2,3,3,2,3,3,3,4,4,4,4,3,4,3,4,1,1,1,1,1,2,1,4971,gemini,2024,여성,3
3,1,1.0,2.0,2.0,2,3,4,3,5,4,4,4,3,2,3,3,2,3,3,2,4,4,4,4,3,3,3,4,1,1,1,1,1,2,1,4972,gemini,2024,여성,3
3,1,1.0,2.0,2.0,2,3,4,3,4,4,4,3,3,2,3,3,2,3,3,2,4,4,4,4,3,4,3,4,1,1,1,1,1,2,1,4973,gemini,2024,여성,3
3,1,1.0,2.0,2.0,2,3,4,3,4,4,4,3,3,2,2,3,2,3,3,2,4,4,4,4,3,3,3,4,1,1,1,1,1,2,1,4974,gemini,2024,여성,3
3,1,1.0,2.0,2.0,2,3,3,3,4,4,4,4,3,2,3,3,2,3,3,2,4,4,4,4,3,3,3,4,1,1,1,1,1,2,1,4975,gemini,2024,여성,3
3,1,1.0,2.0,2.0,2,3,4,3,4,4,4,3,3,2,2,2,2,3,3,2,4,4,4,4,3,3,3,4,1,1,1,1,1,2,1,4976,gemini,2024,여성,3
3,1,1.0,2.0,2.0,2,3,4,3,4,4,4,3,3,2,3,3,2,3,3,3,4,4,4,4,3,3,3,4,1,1,1,1,1,1,1,4977,gemini,2024,여성,3
3,1,1.0,2.0,2.0,3,4,4,3,4,4,4,3,3,2,3,3,2,3,3,2,4,4,4,4,3,3,3,4,1,1,1,1,1,2,1,4978,gemini,2024,여성,3
3,1,1.0,2.0,2.0,2,3,3,3,4,4,4,3,3,2,2,3,2,3,3,2,4,4,4,4,3,3,3,4,1,1,1,1,1,2,1,4979,gemini,2024,여성,3
3,1,1.0,2.0,2.0,2,3,4,3,4,4,4,3,3,2,3,3,2,3,3,2,4,4,4,4,3,4,4,4,1,1,1,1,1,2,1,4980,gemini,2024,여성,3
3,1,1.0,2.0,2.0,3,4,4,4,4,4,4,3,3,2,3,3,2,3,3,3,4,4,4,4,3,4,3,4,1,1,1,1,1,2,1,4981,gemini,2024,여성,3
3,1,1.0,2.0,2.0,2,3,4,3,4,4,4,3,3,2,3,3,2,3,3,2,4,4,4,4,3,4,3,4,1,1,1,1,1,2,1,4982,gemini,2024,여성,3
3,1,1.0,2.0,2.0,2,3,3,3,4,4,4,3,3,2,2,3,2,3,3,2,4,4,4,4,3,4,3,4,1,1,1,1,1,2,1,4983,gemini,2024,여성,3
3,1,1.0,2.0,2.0,2,3,3,3,4,4,4,3,3,2,3,3,2,3,3,2,4,4,4,4,3,3,3,4,1,1,1,1,1,2,1,4984,gemini,2024,여성,3
3,1,1.0,2.0,2.0,3,3,4,3,4,4,4,4,3,2,3,3,2,3,3,3,4,4,4,4,3,4,3,4,1,1,1,1,1,2,1,4985,gemini,2024,여성,3
3,1,1.0,2.0,2.0,3,4,4,3,5,4,4,4,3,3,3,3,2,3,4,3,4,4,4,4,3,4,3,4,1,1,1,1,1,2,1,4986,gemini,2024,여성,3
3,1,1.0,2.0,2.0,2,3,4,3,4,4,4,3,3,2,3,3,2,3,3,2,4,4,4,4,3,4,3,4,1,1,1,1,1,2,1,4987,gemini,2024,여성,3
3,1,1.0,2.0,2.0,2,3,3,3,4,4,4,4,3,2,3,3,2,3,3,2,4,4,4,4,3,3,3,4,1,1,1,1,1,2,1,4988,gemini,2024,여성,3
3,1,1.0,2.0,2.0,3,4,4,3,4,4,4,3,3,2,3,3,2,3,3,3,4,4,4,4,3,4,3,4,1,1,1,1,1,2,1,4989,gemini,2024,여성,3
3,1,1.0,2.0,2.0,3,3,4,3,4,4,4,3,3,2,3,3,2,3,3,3,4,4,4,4,3,4,3,4,1,1,1,1,1,2,1,4990,gemini,2024,여성,3
3,1,1.0,2.0,2.0,3,4,4,3,4,4,4,3,3,2,3,3,2,3,3,3,4,4,4,4,3,3,3,4,1,1,1,1,1,2,1,4991,gemini,2024,여성,3
3,1,1.0,2.0,2.0,2,3,4,3,4,4,4,3,3,2,3,3,2,3,3,2,4,4,4,4,3,4,3,4,1,1,1,1,1,2,1,4992,gemini,2024,여성,3
3,1,1.0,2.0,2.0,2,3,4,3,4,4,4,4,3,2,3,3,2,3,3,3,4,4,4,4,3,3,4,4,1,1,1,1,1,2,1,4993,gemini,2024,여성,3
3,1,1.0,2.0,2.0,3,4,4,3,5,4,5,4,3,2,3,3,2,3,3,3,4,4,4,4,3,4,4,4,1,1,1,1,1,2,1,4994,gemini,2024,여성,3
3,1,1.0,2.0,2.0,3,4,4,3,4,4,4,4,3,2,3,3,2,3,3,3,4,4,4,4,3,4,3,4,1,1,1,1,1,2,1,4995,gemini,2024,여성,3
3,1,1.0,2.0,2.0,2,4,4,3,4,4,4,3,3,2,3,3,2,3,3,2,4,4,4,4,3,3,4,4,1,1,1,1,1,2,1,4996,gemini,2024,여성,3
3,1,1.0,2.0,2.0,2,3,3,3,4,4,4,3,3,2,2,2,2,3,3,2,4,4,4,4,3,3,3,4,1,1,1,1,1,2,1,4997,gemini,2024,여성,3
3,1,1.0,2.0,2.0,2,3,4,3,4,4,4,4,3,2,3,3,2,3,3,2,4,4,4,4,3,4,4,4,1,1,1,1,1,1,1,4998,gemini,2024,여성,3
3,1,1.0,2.0,2.0,3,4,4,3,4,4,4,3,3,2,3,3,2,3,3,3,4,4,4,4,3,3,4,4,1,1,1,1,1,2,1,4999,gemini,2024,여성,3
3,1,1.0,2.0,2.0,2,3,4,3,4,4,4,3,3,2,2,3,2,3,3,2,4,4,4,4,3,3,3,4,1,1,1,1,1,2,1,5000,gemini,2024,여성,3
3,1,1.0,2.0,2.0,3,3,4,3,4,4,4,3,3,2,3,3,2,3,3,3,4,4,4,4,3,3,3,4,1,1,1,1,1,2,1,5001,gemini,2024,여성,3
3,1,1.0,4.0,2.0,3,4,4,3,4,4,4,3,3,2,3,3,2,3,3,2,4,4,4,4,3,3,3,4,1,1,1,1,1,2,1,5002,gemini,2024,여성,3
3,1,1.0,2.0,2.0,2,3,3,3,4,4,4,4,3,2,3,3,2,3,3,3,4,4,4,4,3,3,3,4,1,1,1,1,1,2,1,5003,gemini,2024,여성,3
3,1,1.0,2.0,2.0,3,4,4,3,4,4,4,3,3,2,3,3,2,3,3,3,4,4,4,4,3,3,3,4,1,1,1,1,1,2,1,5004,gemini,2024,여성,3
3,1,1.0,2.0,2.0,3,4,4,3,4,4,4,3,3,2,3,3,2,3,3,2,4,4,4,4,3,4,3,4,1,1,1,1,1,2,1,5005,gemini,2024,여성,3
3,1,1.0,2.0,2.0,2,3,4,3,4,4,4,3,3,2,2,3,2,3,3,2,4,4,4,4,3,3,3,4,1,1,1,1,1,2,1,5006,gemini,2024,여성,3
3,1,1.0,2.0,2.0,2,3,4,3,4,4,4,3,3,2,3,3,2,3,3,3,4,4,4,4,3,4,3,4,1,1,1,1,1,1,1,5007,gemini,2024,여성,3
3,1,1.0,2.0,2.0,2,3,4,3,4,4,4,4,3,2,3,3,2,3,3,3,4,4,4,4,3,4,3,4,1,1,1,1,1,2,1,5008,gemini,2024,여성,3
3,1,1.0,2.0,2.0,3,4,4,3,4,4,4,3,3,2,3,3,2,3,3,2,4,4,4,4,3,3,3,4,1,1,1,1,1,2,1,5009,gemini,2024,여성,3
3,1,1.0,2.0,2.0,2,3,4,3,4,4,5,4,3,2,3,3,2,3,3,2,4,4,4,4,3,4,4,4,1,1,1,1,1,2,1,5010,gemini,2024,여성,3
3,1,1.0,4.0,2.0,2,3,4,3,4,3,4,3,3,2,2,3,2,3,3,2,4,4,4,4,3,4,3,4,1,1,1,1,1,2,1,5011,gemini,2024,여성,3
3,1,1.0,2.0,2.0,3,4,4,3,4,4,4,3,3,2,3,3,2,3,3,3,4,4,4,4,3,4,3,4,1,1,1,1,1,2,1,5012,gemini,2024,여성,3
3,1,1.0,2.0,2.0,3,4,4,3,4,4,4,3,3,2,3,3,2,3,3,3,4,4,4,4,3,4,3,4,1,1,1,1,1,2,1,5013,gemini,2024,여성,3
3,1,1.0,2.0,2.0,3,4,4,3,4,4,4,3,3,2,3,3,2,3,3,3,4,4,4,4,3,3,3,4,1,1,1,1,1,2,1,5014,gemini,2024,여성,3
3,1,1.0,2.0,2.0,2,3,4,3,4,4,4,3,3,2,3,3,2,3,3,2,4,4,4,4,3,3,3,4,1,1,1,1,1,2,1,5015,gemini,2024,여성,3
3,1,1.0,2.0,2.0,3,3,4,3,4,4,4,3,3,2,3,3,2,3,3,3,4,4,4,4,3,3,3,4,1,1,1,1,1,1,1,5016,gemini,2024,여성,3
3,1,1.0,2.0,2.0,2,3,3,3,4,4,4,3,3,2,2,3,2,3,3,2,4,4,4,4,3,3,3,4,1,1,1,1,1,2,1,5017,gemini,2024,여성,3
3,1,1.0,2.0,2.0,2,3,4,3,4,4,4,3,3,2,2,3,2,3,3,2,4,4,4,4,3,3,3,4,1,1,1,1,1,2,1,5018,gemini,2024,여성,3
3,1,1.0,2.0,2.0,2,3,3,3,4,4,4,3,3,2,2,3,2,3,3,2,4,4,4,4,3,3,3,4,1,1,1,1,1,2,1,5019,gemini,2024,여성,3
3,1,1.0,2.0,2.0,3,4,4,3,4,4,4,3,3,2,3,3,2,3,3,3,4,4,4,4,3,4,3,4,1,1,1,1,1,2,1,5020,gemini,2024,여성,3
3,1,1.0,2.0,2.0,2,3,3,3,4,4,4,3,3,2,2,3,2,3,3,2,4,4,4,4,3,3,3,4,1,1,1,1,1,2,1,5021,gemini,2024,여성,3
3,1,1.0,4.0,2.0,3,4,4,3,4,4,4,3,3,2,3,3,2,3,3,3,4,4,4,4,3,4,3,4,1,1,1,1,1,1,1,5022,gemini,2024,여성,3
3,1,1.0,2.0,2.0,3,4,4,3,4,4,4,3,3,2,3,3,2,3,3,3,4,4,4,4,3,4,3,4,1,1,1,1,1,2,1,5023,gemini,2024,여성,3
3,1,1.0,2.0,2.0,3,4,4,3,4,4,4,4,3,2,3,3,2,3,3,3,4,4,4,4,3,3,3,4,1,1,1,1,1,2,1,5024,gemini,2024,여성,3
3,1,1.0,2.0,2.0,2,3,4,3,4,4,4,3,3,2,3,3,2,3,3,3,4,4,4,4,3,3,3,4,1,1,1,1,1,2,1,5025,gemini,2024,여성,3
3,1,1.0,2.0,2.0,3,4,4,3,5,4,4,4,3,3,3,3,2,3,3,2,4,4,4,4,3,4,3,4,1,1,1,1,1,2,1,5026,gemini,2024,여성,3
3,1,1.0,4.0,2.0,3,4,4,3,4,4,4,3,3,2,3,3,2,3,3,2,4,4,4,4,3,3,3,4,1,1,1,1,1,2,1,5027,gemini,2024,여성,3
3,1,1.0,4.0,2.0,2,3,3,2,4,4,4,3,3,2,2,2,1,2,3,2,4,4,4,4,3,3,3,4,1,1,1,1,1,2,1,5028,gemini,2024,여성,3
3,1,1.0,2.0,2.0,2,3,4,3,4,4,4,3,3,2,3,2,2,3,3,2,4,4,4,4,3,4,3,4,1,1,1,1,1,2,1,5029,gemini,2024,여성,3
3,1,1.0,2.0,2.0,2,3,4,3,4,4,4,3,3,2,3,3,2,3,3,2,4,4,4,4,3,4,3,4,1,1,1,1,1,2,1,5030,gemini,2024,여성,3
3,1,1.0,4.0,2.0,2,3,4,3,4,3,4,3,3,2,2,2,2,3,3,2,4,4,4,4,3,3,3,4,1,1,1,1,1,2,1,5031,gemini,2024,여성,3
3,1,1.0,2.0,2.0,2,3,4,3,4,4,4,3,3,2,2,3,2,3,3,3,4,4,4,4,3,3,3,4,1,1,1,1,1,2,1,5032,gemini,2024,여성,3
3,1,1.0,2.0,2.0,2,3,3,3,4,4,4,3,3,2,3,3,2,3,3,2,4,4,4,4,3,3,3,4,1,1,1,1,1,2,1,5033,gemini,2024,여성,3
3,1,1.0,2.0,2.0,2,3,3,3,4,4,4,3,3,2,2,3,2,3,3,2,4,4,4,4,3,3,3,4,1,1,1,1,1,2,1,5034,gemini,2024,여성,3
3,1,1.0,2.0,2.0,3,4,4,3,4,4,4,3,3,2,3,3,2,3,3,3,4,4,4,4,3,4,3,4,1,1,1,1,1,2,1,5035,gemini,2024,여성,3
3,1,1.0,2.0,2.0,3,4,4,3,4,4,4,4,3,2,3,2,2,3,3,3,4,4,4,4,3,3,3,4,1,1,1,1,1,2,1,5036,gemini,2024,여성,3
3,1,1.0,2.0,2.0,3,4,4,3,4,4,4,3,3,2,3,3,2,3,3,2,4,4,4,4,3,4,3,4,1,1,1,1,1,2,1,5037,gemini,2024,여성,3
3,1,1.0,2.0,2.0,2,3,4,3,4,4,4,4,3,2,3,3,2,3,3,3,4,4,4,4,3,4,4,4,1,1,1,1,1,2,1,5038,gemini,2024,여성,3
3,1,1.0,2.0,2.0,3,3,4,3,4,4,4,4,3,2,3,3,2,3,3,3,4,4,4,4,3,3,3,4,1,1,1,1,1,1,1,5039,gemini,2024,여성,3
3,1,1.0,2.0,2.0,2,3,4,3,4,4,4,3,3,2,3,3,2,3,3,2,4,4,4,4,3,4,3,4,1,1,1,1,1,2,1,5040,gemini,2024,여성,3
3,1,1.0,2.0,2.0,2,3,4,3,4,4,4,3,3,2,3,3,2,3,3,2,4,4,4,4,3,4,3,4,1,1,1,1,1,2,1,5041,gemini,2024,여성,3
3,1,1.0,2.0,2.0,2,3,4,3,4,4,4,3,3,2,3,3,2,3,3,2,4,4,4,4,3,3,3,4,1,1,1,1,1,2,1,5042,gemini,2024,여성,3
3,1,1.0,2.0,2.0,2,3,4,3,4,4,4,4,3,2,3,3,2,3,3,3,4,4,4,4,3,4,3,4,1,1,1,1,1,2,1,5043,gemini,2024,여성,3
3,1,1.0,2.0,2.0,2,3,3,3,4,4,4,3,3,2,3,3,2,3,3,2,4,4,4,4,3,3,3,4,1,1,1,1,1,1,1,5044,gemini,2024,여성,3
3,1,1.0,4.0,2.0,3,4,4,3,4,4,4,3,3,2,3,3,2,3,3,3,4,4,4,4,3,3,3,4,1,1,1,1,1,2,1,5045,gemini,2024,여성,3
3,1,1.0,2.0,2.0,3,4,4,3,4,4,4,3,3,2,3,3,2,3,3,3,4,4,4,4,3,4,3,4,1,1,1,1,1,2,1,5046,gemini,2024,여성,3
3,1,1.0,2.0,2.0,2,3,4,3,4,4,4,3,3,2,3,3,2,3,3,2,4,4,4,4,3,3,3,4,1,1,1,1,1,2,1,5047,gemini,2024,여성,3
3,1,1.0,2.0,2.0,2,3,3,3,4,4,4,3,3,2,2,3,2,3,3,2,4,4,4,4,3,3,3,4,1,1,1,1,1,2,1,5048,gemini,2024,여성,3
3,1,1.0,2.0,2.0,2,3,3,3,4,4,4,3,3,2,2,3,2,3,3,2,4,4,4,4,3,3,3,4,1,1,1,1,1,2,1,5049,gemini,2024,여성,3
3,1,1.0,2.0,2.0,2,3,3,3,4,4,4,3,3,2,2,2,2,3,3,2,4,4,4,4,3,3,3,4,1,1,1,1,1,2,1,5050,gemini,2024,여성,3
3,1,1.0,2.0,2.0,2,3,3,3,4,4,4,3,3,2,2,3,2,3,3,2,4,4,4,4,3,3,3,4,1,1,1,1,1,1,1,5051,gemini,2024,여성,3
3,1,1.0,2.0,2.0,2,3,4,3,4,4,4,3,3,2,2,3,2,3,3,2,4,4,4,4,3,3,3,4,1,1,1,1,1,2,1,5052,gemini,2024,여성,3
3,1,1.0,2.0,2.0,2,3,3,3,4,4,4,3,3,2,2,2,2,3,3,2,4,4,4,4,3,3,3,4,1,1,1,1,1,2,1,5053,gemini,2024,여성,3
3,1,1.0,2.0,2.0,2,3,3,3,4,4,4,3,3,2,3,3,2,3,3,2,4,4,4,4,3,3,3,4,1,1,1,1,1,2,1,5054,gemini,2024,여성,3
3,1,1.0,2.0,2.0,3,4,4,3,4,4,4,3,3,2,3,3,2,3,3,2,4,4,4,4,3,4,3,4,1,1,1,1,1,1,1,5055,gemini,2024,여성,3
3,1,1.0,2.0,2.0,3,4,4,3,4,4,4,4,3,2,3,3,2,3,3,3,4,4,4,4,3,4,3,4,1,1,1,1,1,2,1,5056,gemini,2024,여성,3
3,1,1.0,2.0,2.0,3,4,4,3,4,4,4,3,3,2,3,3,2,3,3,3,4,4,4,4,3,4,3,4,1,1,1,1,1,2,1,5057,gemini,2024,여성,3
3,1,1.0,2.0,2.0,2,3,4,3,4,4,4,4,3,2,3,3,2,3,3,2,4,4,4,4,3,3,3,4,1,1,1,1,1,2,1,5058,gemini,2024,여성,3
3,1,1.0,2.0,2.0,2,3,4,3,4,4,4,3,3,2,2,3,2,3,3,2,4,4,4,4,3,3,3,4,1,1,1,1,1,2,1,5059,gemini,2024,여성,3
3,1,1.0,2.0,2.0,2,3,4,3,4,4,4,4,3,2,3,3,2,3,3,3,4,4,4,4,3,4,3,4,1,1,1,1,1,2,1,5060,gemini,2024,여성,3
3,1,1.0,2.0,2.0,2,3,4,3,4,4,4,3,3,2,2,2,2,3,3,2,4,4,4,4,3,3,3,4,1,1,1,1,1,2,1,5061,gemini,2024,여성,3
3,1,1.0,2.0,2.0,2,3,4,3,4,4,4,3,3,2,3,3,2,3,3,2,4,4,4,4,3,4,3,4,1,1,1,1,1,2,1,5062,gemini,2024,여성,3
3,1,1.0,2.0,2.0,3,4,4,3,4,4,4,4,3,2,3,3,2,3,3,3,4,4,4,4,3,3,3,4,1,1,1,1,1,1,1,5063,gemini,2024,여성,3
3,1,1.0,2.0,2.0,3,4,4,3,5,4,4,4,3,2,3,3,2,3,3,3,4,4,4,4,3,4,4,3,1,1,1,1,1,1,1,5064,gemini,2024,여성,3
3,1,1.0,4.0,2.0,3,4,4,3,4,4,4,3,3,2,3,3,2,3,3,3,4,4,4,4,3,3,3,4,1,1,1,1,1,2,1,5065,gemini,2024,여성,3
3,1,1.0,2.0,2.0,2,3,4,3,4,4,4,4,3,2,3,3,2,3,3,3,4,4,4,4,3,3,3,4,1,1,1,1,1,2,1,5066,gemini,2024,여성,3
3,1,1.0,2.0,2.0,2,3,4,3,4,4,4,3,3,2,3,2,2,3,3,2,4,4,4,4,3,4,3,4,1,1,1,1,1,2,1,5067,gemini,2024,여성,3
3,1,1.0,2.0,2.0,2,4,4,3,4,4,4,3,3,2,2,3,2,3,3,2,4,4,4,4,3,4,4,4,1,1,1,1,1,2,1,5068,gemini,2024,여성,3
3,1,1.0,2.0,2.0,3,4,4,3,4,4,4,3,3,2,3,3,2,3,3,3,4,4,4,4,3,3,3,4,1,1,1,1,1,1,1,5069,gemini,2024,여성,3
3,1,1.0,2.0,2.0,2,3,3,3,4,4,4,3,3,2,2,2,2,3,3,3,4,4,4,4,3,4,4,4,1,1,1,1,1,1,1,5070,gemini,2024,여성,3
3,1,1.0,2.0,2.0,2,4,4,3,4,4,4,4,3,2,3,2,2,3,3,3,4,4,4,4,3,4,4,4,1,1,1,1,1,2,1,5071,gemini,2024,여성,3
3,1,1.0,2.0,2.0,2,3,3,3,4,4,4,3,3,2,3,3,2,3,3,2,4,4,4,4,3,4,3,4,1,1,1,1,1,2,1,5072,gemini,2024,여성,3
3,1,1.0,2.0,2.0,3,4,4,3,4,4,4,3,3,2,3,3,2,3,3,3,4,4,4,4,3,3,3,4,1,1,1,1,1,2,1,5073,gemini,2024,여성,3
3,1,1.0,2.0,2.0,2,3,4,3,4,4,4,3,3,2,3,3,2,3,3,3,4,4,4,4,3,3,3,4,1,1,1,1,1,2,1,5074,gemini,2024,여성,3
3,1,1.0,2.0,2.0,2,3,4,3,4,4,4,3,3,2,2,3,2,3,3,2,4,4,4,4,3,3,3,4,1,1,1,1,1,2,1,5075,gemini,2024,여성,3
3,1,1.0,2.0,2.0,3,4,4,3,4,4,4,4,3,2,3,3,2,3,3,3,4,4,4,4,3,4,3,4,1,1,1,1,1,2,1,5076,gemini,2024,여성,3
3,1,1.0,2.0,2.0,3,4,4,3,4,4,4,3,3,2,3,3,2,3,3,2,4,4,4,4,3,4,3,4,1,1,1,1,1,2,1,5077,gemini,2024,여성,3
3,1,1.0,2.0,2.0,3,4,4,3,4,4,4,3,3,2,3,3,2,3,3,3,4,4,4,4,3,4,3,4,1,1,1,1,1,2,1,5078,gemini,2024,여성,3
3,1,1.0,2.0,2.0,2,3,3,3,4,4,4,4,3,2,3,2,2,3,3,2,4,4,4,4,3,3,4,4,1,1,1,1,1,2,1,5079,gemini,2024,여성,3
3,1,1.0,2.0,2.0,3,4,4,3,4,4,4,3,3,2,3,3,2,3,3,3,4,4,4,4,3,3,3,4,1,1,1,1,1,2,1,5080,gemini,2024,여성,3
3,1,1.0,2.0,2.0,3,4,4,3,4,4,4,4,3,2,3,3,2,3,3,3,4,4,4,4,3,3,3,4,1,1,1,1,1,2,1,5081,gemini,2024,여성,3
3,1,1.0,2.0,2.0,2,3,4,3,4,4,4,4,3,2,3,3,2,3,3,3,4,4,4,4,3,3,3,4,1,1,1,1,1,2,1,5082,gemini,2024,여성,3
3,1,1.0,2.0,2.0,2,3,3,3,4,4,4,3,3,2,3,3,2,3,3,3,4,4,4,4,3,3,3,4,1,1,1,1,1,2,1,5083,gemini,2024,여성,3
3,1,1.0,2.0,2.0,3,4,4,3,4,4,4,3,3,2,3,3,2,3,3,3,4,4,4,4,3,4,3,4,1,1,1,1,1,2,1,5084,gemini,2024,여성,3
3,1,1.0,2.0,2.0,3,4,4,3,4,4,4,3,3,2,3,3,2,3,3,3,4,4,4,4,3,3,3,4,1,1,1,1,1,2,1,5085,gemini,2024,여성,3
3,1,1.0,2.0,2.0,3,4,4,3,5,4,4,4,3,2,3,3,2,3,3,3,4,4,4,4,3,3,3,4,1,1,1,1,1,1,1,5086,gemini,2024,여성,3
3,1,1.0,2.0,2.0,2,3,3,3,4,4,4,3,3,2,2,2,2,3,3,2,4,4,4,4,3,3,3,4,1,1,1,1,1,2,1,5087,gemini,2024,여성,3
3,1,1.0,2.0,2.0,2,3,4,3,4,4,4,3,3,2,2,3,2,3,3,2,4,4,4,4,3,4,3,4,1,1,1,1,1,2,1,5088,gemini,2024,여성,3
3,1,1.0,2.0,2.0,2,3,4,3,4,4,4,3,3,2,3,3,2,3,3,2,4,4,4,4,3,3,3,4,1,1,1,1,1,2,1,5089,gemini,2024,여성,3
3,1,1.0,2.0,2.0,2,3,3,3,4,4,4,3,3,2,2,3,2,3,3,2,4,4,4,4,3,3,3,4,1,1,1,1,1,2,1,5090,gemini,2024,여성,3
3,1,1.0,2.0,2.0,2,3,3,3,4,4,4,3,3,2,2,3,2,3,3,2,4,4,4,4,3,3,3,4,1,1,1,1,1,2,1,5091,gemini,2024,여성,3
3,1,1.0,2.0,2.0,2,3,4,3,4,4,4,3,3,2,2,3,2,3,3,2,4,4,4,4,3,4,3,4,1,1,1,1,1,2,1,5092,gemini,2024,여성,3
3,1,1.0,2.0,2.0,3,4,4,3,4,4,4,4,3,2,3,3,2,3,3,3,4,4,4,4,3,3,3,4,1,1,1,1,1,2,1,5093,gemini,2024,여성,3
3,1,1.0,2.0,2.0,3,4,4,3,4,4,4,3,3,2,3,3,2,3,3,2,4,4,4,4,3,4,3,4,1,1,1,1,1,2,1,5094,gemini,2024,여성,3
3,1,1.0,2.0,2.0,3,4,4,3,4,4,4,3,3,2,3,3,2,3,3,3,4,4,4,4,3,3,3,4,1,1,1,1,1,2,1,5095,gemini,2024,여성,3
3,1,1.0,2.0,2.0,2,3,4,3,4,4,4,3,3,2,3,3,2,3,3,2,4,4,4,4,3,4,3,4,1,1,1,1,1,2,1,5096,gemini,2024,여성,3
3,1,1.0,2.0,2.0,3,4,4,3,4,4,4,3,3,2,3,3,2,3,3,3,4,4,4,4,3,3,4,4,1,1,1,1,1,2,1,5097,gemini,2024,여성,3
3,1,1.0,2.0,2.0,3,4,4,3,4,4,4,3,3,2,3,3,2,3,3,2,4,4,4,4,3,4,3,4,1,1,1,1,1,2,1,5098,gemini,2024,여성,3
3,1,1.0,2.0,2.0,3,4,4,3,4,4,4,3,3,2,3,3,2,3,3,3,4,4,4,4,3,3,3,4,1,1,1,1,1,2,1,5099,gemini,2024,여성,3
3,1,1.0,2.0,2.0,3,4,4,3,4,4,4,4,3,2,3,3,2,3,3,3,4,4,4,4,3,4,4,4,1,1,1,1,1,2,1,5100,gemini,2024,여성,3
3,1,1.0,2.0,2.0,3,4,4,3,4,4,4,3,3,2,3,3,2,3,3,3,4,4,4,4,3,4,3,4,1,1,1,1,1,2,1,5101,gemini,2024,여성,3
3,1,1.0,2.0,2.0,2,3,4,3,4,4,4,4,3,2,3,3,2,3,3,2,4,4,4,4,3,4,3,4,1,1,1,1,1,2,1,5102,gemini,2024,여성,3
3,1,1.0,2.0,2.0,2,3,3,3,4,4,4,3,3,2,3,3,2,3,3,2,4,4,4,4,3,3,3,4,1,1,1,1,1,2,1,5103,gemini,2024,여성,3
3,1,1.0,2.0,2.0,2,3,4,3,4,4,4,3,3,2,3,3,2,3,3,2,4,4,4,4,3,3,3,4,1,1,1,1,1,2,1,5104,gemini,2024,여성,3
3,1,1.0,2.0,2.0,2,3,4,3,4,4,4,3,3,2,3,3,2,3,3,2,4,4,4,4,3,4,3,4,1,1,1,1,1,2,1,5105,gemini,2024,여성,3
3,1,1.0,4.0,2.0,3,4,4,3,4,4,4,4,3,2,3,3,2,3,3,3,4,4,4,4,3,3,3,4,1,1,1,1,1,2,1,5106,gemini,2024,여성,3
3,1,1.0,2.0,2.0,2,3,4,3,4,4,4,3,3,2,3,3,2,3,3,2,4,4,4,4,3,3,4,4,1,1,1,1,1,2,1,5107,gemini,2024,여성,3
3,1,1.0,2.0,2.0,2,3,4,3,4,4,4,4,3,2,3,3,2,3,3,3,4,4,4,4,3,3,3,4,1,1,1,1,1,2,1,5108,gemini,2024,여성,3
3,1,1.0,2.0,2.0,3,4,4,3,4,4,4,4,3,2,3,3,2,3,3,3,4,4,4,4,3,4,3,4,1,1,1,1,1,2,1,5109,gemini,2024,여성,3
3,1,1.0,2.0,2.0,2,3,4,3,4,4,4,3,3,2,2,3,2,3,3,2,4,4,4,4,3,4,3,4,1,1,1,1,1,1,1,5110,gemini,2024,여성,3
3,1,1.0,2.0,2.0,2,3,4,3,4,4,4,3,3,2,3,3,2,3,3,2,4,4,4,4,3,3,3,4,1,1,1,1,1,2,1,5111,gemini,2024,여성,3
3,1,1.0,2.0,2.0,2,3,4,3,4,4,4,3,3,2,3,3,2,3,3,2,4,4,4,4,3,4,3,4,1,1,1,1,1,2,1,5112,gemini,2024,여성,3
3,1,1.0,2.0,2.0,3,4,4,4,4,4,4,4,3,2,3,3,2,3,3,3,4,4,4,4,3,3,3,4,1,1,1,1,1,2,1,5113,gemini,2024,여성,3
3,1,1.0,2.0,2.0,2,3,4,3,4,4,4,3,3,2,3,3,2,3,3,2,4,4,4,4,3,4,3,4,1,1,1,1,1,2,1,5114,gemini,2024,여성,3
3,1,1.0,2.0,2.0,2,3,3,3,4,4,4,4,3,2,3,3,2,3,3,2,4,4,4,4,3,3,3,4,1,1,1,1,1,2,1,5115,gemini,2024,여성,3
3,1,1.0,2.0,2.0,2,3,3,3,4,4,4,3,3,2,2,3,2,3,3,2,4,4,4,4,3,4,4,4,1,1,1,1,1,1,1,5116,gemini,2024,여성,3
3,1,1.0,2.0,2.0,2,4,4,3,4,4,4,4,3,2,3,3,2,3,3,3,4,4,4,4,3,4,3,4,1,1,1,1,1,2,1,5117,gemini,2024,여성,3
3,1,1.0,2.0,2.0,2,3,4,3,4,4,4,3,3,2,2,3,2,3,3,3,4,4,4,4,3,4,3,4,1,1,1,1,1,2,1,5118,gemini,2024,여성,3
3,1,1.0,2.0,2.0,3,4,4,3,4,4,4,4,3,2,3,3,2,3,3,3,4,4,4,4,3,3,3,4,1,1,1,1,1,2,1,5119,gemini,2024,여성,3
3,1,1.0,2.0,2.0,2,3,3,3,4,4,4,3,3,2,3,3,2,3,3,2,4,4,4,4,3,3,3,4,1,1,1,1,1,2,1,5120,gemini,2024,여성,3
3,1,1.0,2.0,2.0,3,4,4,3,4,4,4,3,3,2,3,3,2,3,3,3,4,4,4,4,3,4,3,4,1,1,1,1,1,2,1,5121,gemini,2024,여성,3
3,1,1.0,2.0,2.0,2,3,3,3,4,4,4,4,3,2,3,3,2,3,3,2,4,4,4,4,3,3,3,4,1,1,1,1,1,2,1,5122,gemini,2024,여성,3
3,1,1.0,2.0,2.0,2,3,4,3,4,4,4,4,3,2,3,3,2,3,3,3,4,4,4,4,3,4,3,4,1,1,1,1,1,2,1,5123,gemini,2024,여성,3
3,1,1.0,2.0,2.0,2,3,4,3,4,4,4,3,3,2,3,3,2,3,3,2,4,4,4,4,3,3,3,4,1,1,1,1,1,2,1,5124,gemini,2024,여성,3
3,1,1.0,2.0,2.0,3,4,4,3,5,4,4,4,3,2,3,3,2,3,3,3,4,4,4,4,3,3,3,4,1,1,1,1,1,2,1,5125,gemini,2024,여성,3
3,1,1.0,2.0,2.0,2,3,3,2,4,3,4,3,3,2,2,2,2,3,3,2,4,4,4,4,3,3,3,4,1,1,1,1,1,2,1,5126,gemini,2024,여성,3
3,1,1.0,2.0,2.0,3,4,4,3,4,4,4,3,3,2,3,3,2,3,3,3,4,4,4,4,3,4,3,4,1,1,1,1,1,2,1,5127,gemini,2024,여성,3
3,1,1.0,2.0,2.0,3,4,4,3,5,4,4,4,3,3,3,3,2,3,4,3,4,4,4,4,3,4,4,4,1,1,1,1,1,1,1,5128,gemini,2024,여성,3
3,1,1.0,2.0,2.0,2,3,3,3,4,4,4,3,3,2,3,3,2,3,3,2,4,4,4,4,3,3,3,4,1,1,1,1,1,2,1,5129,gemini,2024,여성,3
3,1,1.0,2.0,2.0,3,4,4,3,4,4,4,3,3,2,3,3,2,3,3,3,4,4,4,4,3,4,3,4,1,1,1,1,1,1,1,5130,gemini,2024,여성,3
3,1,1.0,2.0,2.0,3,4,4,3,5,4,4,4,3,2,3,3,2,3,3,3,4,4,4,4,3,3,3,4,1,1,1,1,1,2,1,5131,gemini,2024,여성,3
3,1,1.0,2.0,2.0,3,4,4,3,5,4,4,4,3,3,3,3,2,3,4,3,4,4,4,4,3,3,3,4,1,1,1,1,1,2,1,5132,gemini,2024,여성,3
3,1,1.0,2.0,2.0,2,3,4,3,4,4,4,3,3,2,3,3,2,3,3,2,4,4,4,4,3,3,3,4,1,1,1,1,1,2,1,5133,gemini,2024,여성,3
3,1,1.0,2.0,2.0,3,4,4,3,4,4,4,3,3,2,3,3,2,3,3,2,4,4,4,4,3,4,3,4,1,1,1,1,1,2,1,5134,gemini,2024,여성,3
3,1,1.0,2.0,2.0,2,3,4,3,4,4,4,3,3,2,3,3,2,3,3,2,4,4,4,4,3,3,3,4,1,1,1,1,1,2,1,5135,gemini,2024,여성,3
3,1,1.0,2.0,2.0,2,4,4,3,4,4,4,4,3,2,3,3,2,3,3,3,4,4,4,4,3,3,3,4,1,1,1,1,1,2,1,5136,gemini,2024,여성,3
3,1,1.0,2.0,2.0,2,3,3,3,4,4,4,3,3,2,2,3,2,3,3,2,4,4,4,4,3,4,3,4,1,1,1,1,1,2,1,5137,gemini,2024,여성,3
3,1,1.0,2.0,2.0,3,4,4,3,4,4,4,3,3,2,3,3,2,3,3,3,4,4,4,4,3,4,3,4,1,1,1,1,1,2,1,5138,gemini,2024,여성,3
3,1,1.0,2.0,2.0,3,4,4,3,4,4,4,4,3,2,3,3,2,3,3,3,4,4,4,4,3,3,3,4,1,1,1,1,1,2,1,5139,gemini,2024,여성,3
3,1,1.0,2.0,2.0,2,3,3,3,4,4,4,3,3,2,2,3,2,3,3,2,4,4,4,4,3,3,3,4,1,1,1,1,1,2,1,5140,gemini,2024,여성,3
3,1,1.0,2.0,2.0,3,4,4,3,4,4,4,3,3,2,3,3,2,3,3,3,4,4,4,4,3,4,3,4,1,1,1,1,1,2,1,5141,gemini,2024,여성,3
3,1,1.0,2.0,2.0,2,3,4,3,4,4,4,3,3,2,3,3,2,3,3,2,4,4,4,4,3,3,3,4,1,1,1,1,1,1,1,5142,gemini,2024,여성,3
3,1,1.0,2.0,2.0,2,3,4,3,4,4,4,3,3,2,3,3,2,3,3,2,4,4,4,4,3,3,3,4,1,1,1,1,1,2,1,5143,gemini,2024,여성,3
3,1,1.0,2.0,2.0,3,4,4,4,5,4,4,4,3,2,3,3,2,3,3,3,4,4,4,4,3,4,3,4,1,1,1,1,1,2,1,5144,gemini,2024,여성,3
3,1,1.0,2.0,2.0,2,3,4,3,4,4,4,3,3,2,3,3,2,3,3,2,4,4,4,4,3,4,3,4,1,1,1,1,1,2,1,5145,gemini,2024,여성,3
3,1,1.0,4.0,2.0,3,4,4,3,4,4,4,4,3,2,3,3,2,3,3,3,4,4,4,4,3,4,3,4,1,1,1,1,1,2,1,5146,gemini,2024,여성,3
3,1,1.0,2.0,2.0,2,3,4,3,4,4,4,3,3,2,2,3,2,3,3,3,4,4,4,4,3,4,4,4,1,1,1,1,1,2,1,5147,gemini,2024,여성,3
3,1,1.0,4.0,2.0,2,3,4,3,4,3,4,3,3,2,2,2,2,3,3,2,4,4,4,4,3,3,3,3,1,1,1,1,1,2,1,5148,gemini,2024,여성,3
3,1,1.0,2.0,2.0,2,3,4,3,4,4,4,3,3,2,3,3,2,3,3,2,4,4,4,4,3,4,3,4,1,1,1,1,1,2,1,5149,gemini,2024,여성,3
3,1,1.0,4.0,2.0,2,4,4,3,4,4,4,3,3,2,3,3,2,3,3,2,4,4,4,4,3,4,3,4,1,1,1,1,1,2,1,5150,gemini,2024,여성,3
3,1,1.0,2.0,2.0,3,3,4,3,4,4,4,3,3,2,3,3,2,3,3,3,4,4,4,4,3,3,4,4,1,1,1,1,1,2,1,5151,gemini,2024,여성,3
3,1,1.0,2.0,2.0,3,4,4,3,4,4,4,3,3,2,3,3,2,3,3,2,4,4,4,4,3,3,3,4,1,1,1,1,1,2,1,5152,gemini,2024,여성,3
3,1,1.0,2.0,2.0,2,3,3,3,4,4,4,3,3,2,3,3,2,3,3,2,4,4,4,4,3,3,3,4,1,1,1,1,1,2,1,5153,gemini,2024,여성,3
3,1,1.0,2.0,2.0,2,3,4,3,4,4,4,4,3,2,3,3,2,3,3,3,4,4,4,4,3,3,3,4,1,1,1,1,1,2,1,5154,gemini,2024,여성,3
3,1,1.0,2.0,2.0,3,4,4,3,4,4,4,3,3,2,3,3,2,3,3,3,4,4,4,4,3,3,3,4,1,1,1,1,1,2,1,5155,gemini,2024,여성,3
3,1,1.0,2.0,2.0,2,3,4,3,4,4,4,3,3,2,3,2,2,3,3,2,4,4,4,4,3,3,4,4,1,1,1,1,1,2,1,5156,gemini,2024,여성,3
3,1,1.0,2.0,2.0,3,4,4,3,4,4,4,4,3,2,3,3,2,3,3,3,4,4,4,4,3,3,4,4,1,1,1,1,1,2,1,5157,gemini,2024,여성,3
3,1,1.0,2.0,2.0,2,3,4,3,4,4,4,3,3,2,3,3,2,3,3,2,4,4,4,4,3,3,3,4,1,1,1,1,1,1,1,5158,gemini,2024,여성,3
3,1,1.0,2.0,2.0,3,4,4,3,4,4,4,3,3,2,3,3,2,3,3,3,4,4,4,4,3,4,3,4,1,1,1,1,1,2,1,5159,gemini,2024,여성,3
3,1,1.0,2.0,2.0,2,3,3,3,4,4,4,3,3,2,3,3,2,3,3,2,4,4,4,4,3,3,3,4,1,1,1,1,1,2,1,5160,gemini,2024,여성,3
3,1,1.0,2.0,2.0,2,3,4,3,4,4,4,3,3,2,3,2,2,3,3,3,4,4,4,4,3,4,4,4,1,1,1,1,1,1,1,5161,gemini,2024,여성,3
3,1,1.0,2.0,2.0,3,4,4,3,4,4,4,4,3,2,3,3,2,3,3,3,4,4,4,4,3,3,3,4,1,1,1,1,1,2,1,5162,gemini,2024,여성,3
3,1,1.0,2.0,2.0,2,3,4,3,4,4,4,3,3,2,3,3,2,3,3,2,4,4,4,4,3,3,3,4,1,1,1,1,1,2,1,5163,gemini,2024,여성,3
3,1,1.0,2.0,2.0,3,3,4,3,4,4,4,3,3,2,3,3,2,3,3,2,4,4,4,4,3,4,3,4,1,1,1,1,1,2,1,5164,gemini,2024,여성,3
3,1,1.0,2.0,2.0,2,3,3,3,4,4,4,4,3,2,3,3,2,3,3,3,4,4,4,4,3,4,4,4,1,1,1,1,1,1,1,5165,gemini,2024,여성,3
3,1,1.0,2.0,2.0,2,3,3,3,4,4,4,3,3,2,3,3,2,3,3,2,4,4,4,4,3,3,3,4,1,1,1,1,1,2,1,5166,gemini,2024,여성,3
3,1,1.0,2.0,2.0,3,4,4,3,5,4,4,4,3,3,3,3,2,3,3,3,4,4,4,4,3,4,3,4,1,1,1,1,1,1,1,5167,gemini,2024,여성,3
3,1,1.0,1.0,2.0,2,3,4,3,4,3,4,3,2,2,2,2,2,3,3,2,4,4,4,4,3,3,3,4,1,1,1,1,1,2,1,5168,gemini,2024,여성,4
3,1,1.0,1.0,2.0,2,3,4,3,4,3,4,3,2,2,2,2,2,3,3,2,4,4,4,4,3,3,3,4,1,1,1,1,1,2,1,5169,gemini,2024,여성,4
3,1,1.0,1.0,2.0,2,3,4,3,4,3,4,3,2,2,2,2,2,3,3,2,4,4,4,4,3,3,3,4,1,1,1,1,1,2,1,5170,gemini,2024,여성,4
3,1,1.0,1.0,2.0,2,3,4,3,4,3,4,3,2,2,2,2,2,3,3,2,4,4,4,4,3,3,3,3,1,1,1,1,1,2,1,5171,gemini,2024,여성,4
3,1,1.0,1.0,2.0,2,3,4,3,4,3,4,3,2,2,2,2,2,3,3,2,4,4,4,4,3,3,3,4,1,1,1,1,1,2,1,5172,gemini,2024,여성,4
3,1,1.0,1.0,2.0,2,4,4,3,4,3,4,3,2,2,2,2,2,3,3,2,4,4,4,4,3,3,3,3,1,1,1,1,1,2,1,5173,gemini,2024,여성,4
3,1,1.0,1.0,2.0,2,3,4,3,4,3,4,3,2,2,2,2,2,3,3,2,4,4,4,4,3,3,3,4,1,1,1,1,1,2,1,5174,gemini,2024,여성,4
3,1,1.0,1.0,2.0,2,3,4,3,4,3,4,3,2,2,2,2,2,3,3,2,4,4,4,4,3,3,3,4,1,1,1,1,1,2,1,5175,gemini,2024,여성,4
3,1,1.0,1.0,2.0,2,3,4,3,4,3,4,3,2,2,2,2,2,3,3,2,4,4,4,4,3,3,3,4,1,1,1,1,1,2,1,5176,gemini,2024,여성,4
3,1,1.0,1.0,2.0,2,4,4,3,4,3,4,4,2,2,2,2,2,3,3,3,4,4,4,4,3,4,3,4,1,1,1,1,1,2,1,5177,gemini,2024,여성,4
3,1,1.0,1.0,2.0,2,3,4,3,4,3,4,3,2,2,2,2,2,3,3,2,4,4,4,4,3,3,3,4,1,1,1,1,1,2,1,5178,gemini,2024,여성,4
3,1,1.0,1.0,2.0,2,3,4,3,4,3,4,3,2,2,2,2,2,3,3,2,4,4,4,4,3,3,3,4,1,1,1,1,1,2,1,5179,gemini,2024,여성,4
3,1,1.0,1.0,2.0,3,4,4,4,4,3,4,3,2,2,2,2,2,3,3,3,4,4,4,4,3,4,3,4,1,1,1,1,1,2,1,5180,gemini,2024,여성,4
3,1,1.0,1.0,2.0,2,3,4,3,4,3,4,3,2,2,2,2,2,3,3,2,4,4,4,4,3,4,3,4,1,1,1,1,1,2,1,5181,gemini,2024,여성,4
3,1,1.0,1.0,2.0,2,3,4,3,4,3,4,3,2,2,2,2,2,3,3,2,4,4,4,4,3,3,3,4,1,1,1,1,1,2,1,5182,gemini,2024,여성,4
3,1,1.0,1.0,2.0,2,4,4,3,4,3,4,3,2,2,2,2,2,3,3,2,4,4,4,4,3,3,3,4,1,1,1,1,1,2,1,5183,gemini,2024,여성,4
3,1,1.0,1.0,2.0,2,3,4,3,4,3,4,3,2,2,2,2,2,3,3,2,4,4,4,4,3,3,3,4,1,1,1,1,1,2,1,5184,gemini,2024,여성,4
3,1,1.0,1.0,2.0,2,3,4,3,4,3,4,3,2,2,2,2,2,3,3,2,4,4,4,4,3,4,3,4,1,1,1,1,1,2,1,5185,gemini,2024,여성,4
3,1,1.0,1.0,2.0,2,3,4,3,4,4,4,3,2,2,2,2,2,3,3,2,4,4,4,4,3,4,3,4,1,1,1,1,1,2,1,5186,gemini,2024,여성,4
3,1,1.0,1.0,2.0,2,3,4,3,4,3,4,3,2,2,2,2,2,3,3,2,4,4,4,4,3,3,3,4,1,1,1,1,1,2,1,5187,gemini,2024,여성,4
3,1,1.0,1.0,2.0,3,4,4,4,4,3,4,3,2,2,2,2,2,3,3,3,4,4,4,4,3,3,3,4,1,1,1,1,1,2,1,5188,gemini,2024,여성,4
3,1,1.0,1.0,2.0,2,3,4,3,4,3,4,3,2,2,2,2,2,3,3,2,4,4,4,4,3,4,3,4,1,1,1,1,1,2,1,5189,gemini,2024,여성,4
3,1,1.0,1.0,2.0,3,4,4,3,4,3,4,3,2,2,2,3,2,3,3,2,4,4,4,4,3,3,3,4,1,1,1,1,1,2,1,5190,gemini,2024,여성,4
3,1,1.0,1.0,2.0,2,3,4,3,4,3,4,3,2,2,2,2,2,3,3,2,4,4,4,4,3,4,3,4,1,1,1,1,1,2,1,5191,gemini,2024,여성,4
3,1,1.0,1.0,2.0,2,4,4,3,4,3,4,3,2,2,2,2,2,3,3,2,4,4,4,4,3,3,3,4,1,1,1,1,1,2,1,5192,gemini,2024,여성,4
3,1,1.0,1.0,2.0,2,3,4,3,4,3,4,3,2,2,2,2,2,3,3,2,4,4,4,4,3,4,3,4,1,1,1,1,1,2,1,5193,gemini,2024,여성,4
3,1,1.0,1.0,2.0,2,3,4,3,4,3,4,3,2,2,2,2,2,3,3,2,4,4,4,4,3,3,3,4,1,1,1,1,1,2,1,5194,gemini,2024,여성,4
3,1,1.0,1.0,2.0,2,4,4,3,4,3,4,3,2,2,2,2,2,3,3,2,4,4,4,4,3,3,3,4,1,1,1,1,1,2,1,5195,gemini,2024,여성,4
3,1,1.0,1.0,2.0,2,3,4,3,4,3,4,3,2,2,2,2,2,3,3,2,4,4,4,4,3,4,3,4,1,1,1,1,1,2,1,5196,gemini,2024,여성,4
3,1,1.0,1.0,2.0,3,4,4,4,4,3,4,3,2,2,2,2,2,3,3,3,4,4,4,4,3,4,3,4,1,1,1,1,1,2,1,5197,gemini,2024,여성,4
3,1,1.0,1.0,2.0,2,4,4,4,4,3,4,3,2,2,2,2,2,3,3,3,4,4,4,4,3,3,3,3,1,1,1,1,1,2,1,5198,gemini,2024,여성,4
3,1,1.0,1.0,2.0,2,3,4,3,4,3,4,3,2,2,2,2,2,3,3,2,4,4,4,4,3,3,3,4,1,1,1,1,1,2,1,5199,gemini,2024,여성,4
3,1,1.0,1.0,2.0,2,3,4,3,4,3,4,3,2,2,2,2,2,3,3,2,4,4,4,4,3,4,3,4,1,1,1,1,1,2,1,5200,gemini,2024,여성,4
3,1,1.0,1.0,2.0,3,4,4,4,4,3,4,3,2,2,2,2,2,3,3,3,4,4,4,4,3,3,3,4,1,1,1,1,1,2,1,5201,gemini,2024,여성,4
3,1,1.0,1.0,2.0,2,3,4,3,4,3,4,3,2,2,2,2,2,3,3,2,4,4,4,4,3,3,3,4,1,1,1,1,1,2,1,5202,gemini,2024,여성,4
3,1,1.0,1.0,2.0,2,3,4,3,4,3,4,3,2,2,2,2,2,3,3,2,4,4,4,4,3,3,3,3,1,1,1,1,1,2,1,5203,gemini,2024,여성,4
3,1,1.0,1.0,2.0,2,3,4,3,4,4,4,3,2,2,2,2,2,3,3,2,4,4,4,4,3,3,3,4,1,1,1,1,1,2,1,5204,gemini,2024,여성,4
3,1,1.0,1.0,2.0,2,3,4,3,4,3,4,4,2,2,2,2,2,3,3,2,4,4,4,4,3,4,3,4,1,1,1,1,1,2,1,5205,gemini,2024,여성,4
3,1,1.0,1.0,2.0,2,4,4,3,4,3,4,3,2,2,2,2,2,3,3,2,4,4,4,4,3,3,3,4,1,1,1,1,1,2,1,5206,gemini,2024,여성,4
3,1,1.0,1.0,2.0,2,3,4,3,4,3,4,3,2,2,2,2,2,3,3,2,4,4,4,4,3,4,3,4,1,1,1,1,1,2,1,5207,gemini,2024,여성,4
3,1,1.0,1.0,2.0,2,3,4,3,4,3,4,3,2,2,2,2,2,3,3,2,4,4,4,4,3,3,3,4,1,1,1,1,1,2,1,5208,gemini,2024,여성,4
3,1,1.0,1.0,2.0,2,3,4,3,4,3,4,3,2,2,2,2,2,3,3,2,4,4,4,4,3,4,3,4,1,1,1,1,1,2,1,5209,gemini,2024,여성,4
3,1,1.0,1.0,2.0,2,4,4,3,4,3,4,4,2,2,2,2,2,3,3,3,4,4,4,4,3,3,3,3,1,1,1,1,1,2,1,5210,gemini,2024,여성,4
3,1,1.0,1.0,2.0,2,3,4,3,4,3,4,4,2,2,2,2,2,3,3,2,4,4,4,4,3,3,3,4,1,1,1,1,1,2,1,5211,gemini,2024,여성,4
3,1,1.0,1.0,2.0,2,3,4,3,4,3,4,3,2,2,2,2,2,3,3,2,4,4,4,4,3,3,3,4,1,1,1,1,1,2,1,5212,gemini,2024,여성,4
3,1,1.0,1.0,2.0,2,4,4,3,4,3,4,3,2,2,2,2,2,3,3,2,4,4,4,4,3,4,3,4,1,1,1,1,1,2,1,5213,gemini,2024,여성,4
3,1,1.0,1.0,2.0,2,3,4,3,4,3,4,3,2,2,2,2,2,3,3,2,4,4,4,4,3,4,3,4,1,1,1,1,1,2,1,5214,gemini,2024,여성,4
3,1,1.0,1.0,2.0,2,3,4,3,4,3,4,3,2,2,2,2,2,3,3,2,4,4,4,4,3,3,3,4,1,1,1,1,1,2,1,5215,gemini,2024,여성,4
3,1,1.0,1.0,2.0,2,3,4,3,4,3,4,3,2,2,2,2,2,3,3,2,4,4,4,4,3,3,3,4,1,1,1,1,1,2,1,5216,gemini,2024,여성,4
3,1,1.0,1.0,2.0,2,4,4,4,4,3,4,3,2,2,2,2,2,3,3,2,4,4,4,4,3,3,3,4,1,1,1,1,1,2,1,5217,gemini,2024,여성,4
3,1,1.0,1.0,2.0,2,3,4,3,4,3,4,3,2,2,2,2,2,3,3,2,4,4,4,4,3,4,3,4,1,1,1,1,1,2,1,5218,gemini,2024,여성,4
3,1,1.0,1.0,2.0,2,3,4,3,4,3,4,3,2,2,2,2,2,3,3,2,4,4,4,4,3,3,3,4,1,1,1,1,1,2,1,5219,gemini,2024,여성,4
3,1,1.0,1.0,2.0,2,3,4,3,4,3,4,3,2,2,2,2,2,3,3,2,4,4,4,4,3,4,3,4,1,1,1,1,1,2,1,5220,gemini,2024,여성,4
3,1,1.0,1.0,2.0,2,3,4,3,4,4,4,3,2,2,2,2,2,3,3,2,4,4,4,4,3,3,3,4,1,1,1,1,1,2,1,5221,gemini,2024,여성,4
3,1,1.0,1.0,2.0,2,4,4,4,4,3,4,3,2,2,2,2,2,3,3,2,4,4,4,4,3,3,3,4,1,1,1,1,1,2,1,5222,gemini,2024,여성,4
3,1,1.0,1.0,2.0,2,3,4,3,4,3,4,3,2,2,2,2,2,3,3,2,4,4,4,4,3,4,3,4,1,1,1,1,1,2,1,5223,gemini,2024,여성,4
3,1,1.0,1.0,2.0,3,4,4,4,4,3,4,3,2,2,2,2,2,3,3,2,4,4,4,4,3,3,3,4,1,1,1,1,1,2,1,5224,gemini,2024,여성,4
3,1,1.0,1.0,2.0,2,3,4,3,4,3,4,3,2,2,2,2,2,3,3,2,4,4,4,4,3,3,3,4,1,1,1,1,1,2,1,5225,gemini,2024,여성,4
3,1,1.0,1.0,2.0,2,3,4,3,4,3,4,3,2,2,2,2,2,3,3,2,4,4,4,4,3,4,3,4,1,1,1,1,1,2,1,5226,gemini,2024,여성,4
3,1,1.0,1.0,2.0,2,3,4,3,4,3,4,3,2,2,2,2,2,3,3,2,4,4,4,4,3,4,3,4,1,1,1,1,1,2,1,5227,gemini,2024,여성,4
3,1,1.0,1.0,2.0,2,3,4,3,4,3,4,3,2,2,2,2,2,3,3,2,4,4,4,4,3,3,3,4,1,1,1,1,1,2,1,5228,gemini,2024,여성,4
3,1,1.0,1.0,2.0,2,4,4,3,4,3,4,3,2,2,2,2,2,3,3,2,4,4,4,4,3,3,3,3,1,1,1,1,1,2,1,5229,gemini,2024,여성,4
3,1,1.0,1.0,2.0,2,3,4,3,4,3,4,3,2,2,2,2,2,3,3,2,4,4,4,4,3,3,3,4,1,1,1,1,1,2,1,5230,gemini,2024,여성,4
3,1,1.0,1.0,2.0,2,3,4,3,4,3,4,3,2,2,2,2,2,3,3,2,4,4,4,4,3,4,3,4,1,1,1,1,1,2,1,5231,gemini,2024,여성,4
3,1,1.0,1.0,2.0,2,4,4,3,4,3,4,3,2,2,2,2,2,3,3,2,4,4,4,4,3,3,3,4,1,1,1,1,1,2,1,5232,gemini,2024,여성,4
3,1,1.0,1.0,2.0,2,3,4,3,4,3,4,3,2,2,2,2,2,3,3,2,4,4,4,4,3,3,3,4,1,1,1,1,1,2,1,5233,gemini,2024,여성,4
3,1,1.0,1.0,2.0,2,4,4,4,4,3,4,3,2,2,2,2,2,3,3,2,4,4,4,4,3,3,3,4,1,1,1,1,1,2,1,5234,gemini,2024,여성,4
3,1,1.0,1.0,2.0,2,3,4,3,4,3,4,3,2,2,2,2,2,3,3,2,4,4,4,4,3,4,3,4,1,1,1,1,1,2,1,5235,gemini,2024,여성,4
3,1,1.0,1.0,2.0,2,3,4,3,4,3,4,3,2,2,2,2,2,3,3,2,4,4,4,4,3,4,3,4,1,1,1,1,1,2,1,5236,gemini,2024,여성,4
3,1,1.0,1.0,2.0,2,3,4,3,4,3,4,3,2,2,2,2,2,3,3,2,4,4,4,4,3,4,3,4,1,1,1,1,1,2,1,5237,gemini,2024,여성,4
3,1,1.0,1.0,2.0,2,3,4,3,4,3,4,3,2,2,2,2,2,3,3,2,4,4,4,4,3,3,3,4,1,1,1,1,1,2,1,5238,gemini,2024,여성,4
3,1,1.0,1.0,2.0,2,4,4,3,4,3,4,3,2,2,2,2,2,3,3,2,4,4,4,4,3,3,3,4,1,1,1,1,1,2,1,5239,gemini,2024,여성,4
3,1,1.0,1.0,2.0,2,3,4,3,4,3,4,3,2,2,2,2,2,3,3,2,4,4,4,4,3,3,3,3,1,1,1,1,1,2,1,5240,gemini,2024,여성,4
3,1,1.0,1.0,2.0,2,3,4,3,4,3,4,3,2,2,2,2,2,3,3,3,4,4,4,4,3,4,3,4,1,1,1,1,1,2,1,5241,gemini,2024,여성,4
3,1,1.0,1.0,2.0,2,3,4,3,4,3,4,3,2,2,2,2,2,3,3,2,4,4,4,4,3,3,3,3,1,1,1,1,1,2,1,5242,gemini,2024,여성,4
3,1,1.0,1.0,2.0,2,3,4,3,4,3,4,3,2,2,2,2,2,3,3,2,4,4,4,4,3,4,3,4,1,1,1,1,1,2,1,5243,gemini,2024,여성,4
3,1,1.0,1.0,2.0,2,4,4,3,4,3,4,3,2,2,2,2,2,3,3,2,4,4,4,4,3,3,3,4,1,1,1,1,1,2,1,5244,gemini,2024,여성,4
3,1,1.0,1.0,2.0,3,4,4,4,4,3,4,3,2,2,2,2,2,3,3,3,4,4,4,4,3,3,3,4,1,1,1,1,1,2,1,5245,gemini,2024,여성,4
3,1,1.0,1.0,2.0,2,3,4,3,4,3,4,3,2,2,2,2,2,3,3,2,4,4,4,4,3,4,3,4,1,1,1,1,1,2,1,5246,gemini,2024,여성,4
3,1,1.0,1.0,2.0,2,4,4,3,4,3,4,3,2,2,2,2,2,3,3,2,4,4,4,4,3,3,3,4,1,1,1,1,1,2,1,5247,gemini,2024,여성,4
3,1,1.0,1.0,2.0,2,3,4,3,4,3,4,3,2,2,2,2,2,3,3,2,4,4,4,4,3,3,3,4,1,1,1,1,1,2,1,5248,gemini,2024,여성,4
3,1,1.0,1.0,2.0,2,3,4,3,4,3,4,3,2,2,2,2,2,3,3,2,4,4,4,4,3,4,3,3,1,1,1,1,1,2,1,5249,gemini,2024,여성,4
3,1,1.0,1.0,2.0,2,3,4,3,4,3,4,3,2,2,2,2,2,3,3,2,4,4,4,4,3,3,3,4,1,1,1,1,1,2,1,5250,gemini,2024,여성,4
3,1,1.0,1.0,2.0,2,4,4,3,4,3,4,3,2,2,2,2,2,3,3,2,4,4,4,4,3,3,3,4,1,1,1,1,1,2,1,5251,gemini,2024,여성,4
3,1,1.0,1.0,2.0,2,3,4,3,4,3,4,3,2,2,2,2,2,3,3,2,4,4,4,4,3,3,3,4,1,1,1,1,1,2,1,5252,gemini,2024,여성,4
3,1,1.0,1.0,2.0,2,3,4,3,4,3,4,3,2,2,2,2,2,3,3,2,4,4,4,4,3,3,3,3,1,1,1,1,1,2,1,5253,gemini,2024,여성,4
3,1,1.0,1.0,2.0,2,3,4,3,4,3,4,3,2,2,2,2,2,3,3,2,4,4,4,4,3,3,3,4,1,1,1,1,1,2,1,5254,gemini,2024,여성,4
3,1,1.0,1.0,2.0,2,3,4,3,4,3,4,3,2,2,2,2,2,3,3,2,4,4,4,4,3,4,3,4,1,1,1,1,1,2,1,5255,gemini,2024,여성,4
3,1,1.0,1.0,2.0,3,4,4,4,4,3,4,3,2,2,2,2,2,3,3,3,4,4,4,4,3,4,3,4,1,1,1,1,1,2,1,5256,gemini,2024,여성,4
3,1,1.0,1.0,2.0,2,3,4,3,4,3,4,3,2,2,2,2,2,3,3,2,4,4,4,4,3,3,3,4,1,1,1,1,1,2,1,5257,gemini,2024,여성,4
3,1,1.0,1.0,2.0,2,4,4,3,4,3,4,3,2,2,2,2,2,3,3,2,4,4,4,4,3,3,3,4,1,1,1,1,1,2,1,5258,gemini,2024,여성,4
3,1,1.0,1.0,2.0,2,3,4,3,4,3,4,3,2,2,2,2,2,3,3,3,4,4,4,4,3,3,3,4,1,1,2,1,1,2,1,5259,gemini,2024,여성,4
3,1,1.0,1.0,2.0,3,4,4,4,4,3,4,3,2,2,2,2,2,3,3,2,4,4,4,4,3,4,3,4,1,1,1,1,1,2,1,5260,gemini,2024,여성,4
3,1,1.0,1.0,2.0,2,3,3,3,4,3,4,3,2,2,2,2,2,3,3,3,4,4,4,4,3,3,3,4,1,1,1,1,1,2,1,5261,gemini,2024,여성,4
3,1,1.0,1.0,2.0,2,4,4,3,4,3,4,3,2,2,2,2,2,3,3,2,4,4,4,4,3,4,3,4,1,1,1,1,1,2,1,5262,gemini,2024,여성,4
3,1,1.0,1.0,2.0,3,4,4,3,4,3,4,3,2,2,2,2,2,3,3,2,4,4,4,4,3,3,3,4,1,1,1,1,1,2,1,5263,gemini,2024,여성,4
3,1,1.0,1.0,2.0,2,3,4,3,4,3,4,3,2,2,2,2,2,3,3,2,4,4,4,4,3,3,3,3,1,1,1,1,1,2,1,5264,gemini,2024,여성,4
3,1,1.0,1.0,2.0,2,3,4,3,4,3,4,4,2,2,2,2,2,3,3,3,4,4,4,4,3,3,3,4,1,1,1,1,1,2,1,5265,gemini,2024,여성,4
3,1,1.0,1.0,2.0,2,3,4,3,4,3,4,3,2,2,2,2,2,3,3,2,4,4,4,4,3,3,3,4,1,1,1,1,1,2,1,5266,gemini,2024,여성,4
3,1,1.0,1.0,2.0,2,3,4,3,4,4,4,4,2,2,2,2,2,3,3,2,4,4,4,4,3,4,3,4,1,1,1,1,1,2,1,5267,gemini,2024,여성,4
3,1,1.0,1.0,2.0,2,4,4,3,4,3,4,3,2,2,2,2,2,3,3,2,4,4,4,4,3,3,3,4,1,1,1,1,1,2,1,5268,gemini,2024,여성,4
3,1,1.0,1.0,2.0,2,3,4,3,4,3,4,4,2,2,2,2,2,3,3,3,4,4,4,4,3,4,3,4,1,1,1,1,1,2,1,5269,gemini,2024,여성,4
3,1,1.0,1.0,2.0,2,3,4,3,4,3,4,3,2,2,2,2,2,3,3,2,4,4,4,4,3,4,3,4,1,1,1,1,1,2,1,5270,gemini,2024,여성,4
3,1,1.0,1.0,2.0,3,4,4,4,4,3,4,3,2,2,2,2,2,3,3,3,4,4,4,4,3,4,3,4,1,1,1,1,1,2,1,5271,gemini,2024,여성,4
3,1,1.0,1.0,2.0,2,3,4,3,4,3,4,3,2,2,2,2,2,3,3,2,4,4,4,4,3,3,3,4,1,1,1,1,1,2,1,5272,gemini,2024,여성,4
3,1,1.0,1.0,2.0,2,3,4,3,4,3,4,3,2,2,2,2,2,3,3,2,4,4,4,4,3,3,3,4,1,1,1,1,1,2,1,5273,gemini,2024,여성,4
3,1,1.0,1.0,2.0,2,4,4,3,4,3,4,3,2,2,2,2,2,3,3,2,4,4,4,4,3,3,3,4,1,1,1,1,1,2,1,5274,gemini,2024,여성,4
3,1,1.0,1.0,2.0,2,3,4,3,4,3,4,3,2,2,2,2,2,3,3,2,4,4,4,4,3,4,3,4,1,1,1,1,1,2,1,5275,gemini,2024,여성,4
3,1,1.0,1.0,2.0,2,3,4,3,4,3,4,3,2,2,2,2,2,3,3,2,4,4,4,4,3,4,3,4,1,1,1,1,1,2,1,5276,gemini,2024,여성,4
3,1,1.0,1.0,2.0,2,3,4,3,4,3,4,3,2,2,2,2,2,3,3,2,4,4,4,4,3,3,3,3,1,1,1,1,1,2,1,5277,gemini,2024,여성,4
3,1,1.0,1.0,2.0,3,4,4,4,4,3,4,3,2,2,2,2,2,3,3,3,4,4,4,4,3,4,3,4,1,1,1,1,1,2,1,5278,gemini,2024,여성,4
3,1,1.0,1.0,2.0,2,3,4,3,4,3,4,3,2,2,2,2,2,3,3,2,4,4,4,4,3,3,3,4,1,1,1,1,1,2,1,5279,gemini,2024,여성,4
3,1,1.0,1.0,2.0,2,4,4,3,4,3,4,3,2,2,2,2,2,3,3,2,4,4,4,4,3,4,3,4,1,1,1,1,1,2,1,5280,gemini,2024,여성,4
3,1,1.0,1.0,2.0,2,3,4,3,4,3,4,3,2,2,2,2,2,3,3,2,4,4,4,4,3,3,3,4,1,1,1,1,1,2,1,5281,gemini,2024,여성,4
3,1,1.0,1.0,2.0,2,3,3,3,4,4,4,3,2,2,2,2,2,3,3,2,4,4,4,4,3,3,3,4,1,1,1,1,1,2,1,5282,gemini,2024,여성,4
3,1,1.0,1.0,2.0,2,3,4,3,4,3,4,3,2,2,2,2,2,3,3,2,4,4,4,4,3,3,3,4,1,1,1,1,1,2,1,5283,gemini,2024,여성,4
3,1,1.0,1.0,2.0,2,3,4,3,4,3,4,3,2,2,2,2,2,3,3,2,4,4,4,4,3,4,3,4,1,1,1,1,1,2,1,5284,gemini,2024,여성,4
3,1,1.0,1.0,2.0,2,4,4,4,4,3,4,3,2,2,2,2,2,3,3,2,4,4,4,4,3,4,3,4,1,1,1,1,1,2,1,5285,gemini,2024,여성,4
3,1,1.0,1.0,2.0,2,3,4,3,4,3,4,3,2,2,2,2,2,3,3,2,4,4,4,4,3,3,3,4,1,1,1,1,1,2,1,5286,gemini,2024,여성,4
3,1,1.0,1.0,2.0,2,3,4,3,4,3,4,3,2,2,2,2,2,3,3,2,4,4,4,4,3,3,3,4,1,1,1,1,1,2,1,5287,gemini,2024,여성,4
3,1,1.0,1.0,2.0,2,3,4,3,4,3,4,3,2,2,2,2,2,3,3,2,4,4,4,4,3,3,3,4,1,1,1,1,1,2,1,5288,gemini,2024,여성,4
3,1,1.0,1.0,2.0,2,4,4,3,4,3,4,4,2,2,2,2,2,3,3,3,4,4,4,4,3,4,3,4,1,1,1,1,1,2,1,5289,gemini,2024,여성,4
3,1,1.0,1.0,2.0,2,3,4,3,4,3,4,3,2,2,2,2,2,3,3,2,4,4,4,4,3,3,3,4,1,1,1,1,1,2,1,5290,gemini,2024,여성,4
3,1,1.0,1.0,2.0,2,3,4,3,4,3,4,3,2,2,2,2,2,3,3,2,4,4,4,4,3,4,3,4,1,1,1,1,1,2,1,5291,gemini,2024,여성,4
3,1,1.0,1.0,2.0,2,3,4,3,4,3,4,3,2,2,2,2,2,3,3,2,4,4,4,4,3,4,3,4,1,1,1,1,1,2,1,5292,gemini,2024,여성,4
3,1,1.0,1.0,2.0,2,4,4,3,4,3,4,3,2,2,2,2,2,3,3,2,4,4,4,4,3,3,3,4,1,1,1,1,1,2,1,5293,gemini,2024,여성,4
3,1,1.0,1.0,2.0,3,4,4,4,4,3,4,3,2,2,2,3,2,3,3,3,4,4,4,4,3,3,3,4,1,1,1,1,1,2,1,5294,gemini,2024,여성,4
3,1,1.0,1.0,2.0,3,4,4,4,4,3,4,3,3,2,3,3,2,3,3,3,4,4,4,4,3,4,3,4,1,1,1,1,1,2,1,5295,gemini,2024,여성,4
3,1,1.0,1.0,2.0,2,4,4,3,4,3,4,3,2,2,2,2,2,3,3,2,4,4,4,4,3,3,3,3,1,1,1,1,1,2,1,5296,gemini,2024,여성,4
3,1,1.0,1.0,2.0,2,3,4,3,4,3,4,3,2,2,2,2,2,3,3,2,4,4,4,4,3,3,3,4,1,1,1,1,1,2,1,5297,gemini,2024,여성,4
3,1,1.0,1.0,2.0,2,3,4,3,4,3,4,3,2,2,2,2,2,3,3,2,4,4,4,4,3,3,3,3,1,1,1,1,1,2,1,5298,gemini,2024,여성,4
3,1,1.0,1.0,2.0,2,3,4,3,4,3,4,3,2,2,2,2,2,3,3,2,4,4,4,4,3,3,3,4,1,1,1,1,1,2,1,5299,gemini,2024,여성,4
3,1,1.0,1.0,2.0,2,4,4,3,4,3,4,3,2,2,2,2,2,3,3,2,4,4,4,4,3,3,3,4,1,1,1,1,1,2,1,5300,gemini,2024,여성,4
3,1,1.0,1.0,2.0,2,3,4,3,4,3,4,3,2,2,2,2,2,3,3,2,4,4,4,4,3,3,3,4,1,1,1,1,1,2,1,5301,gemini,2024,여성,4
3,1,1.0,1.0,2.0,2,4,4,3,4,3,4,4,2,2,2,2,2,3,3,3,4,4,4,4,3,3,3,4,1,1,1,1,1,2,1,5302,gemini,2024,여성,4
3,1,1.0,1.0,2.0,2,3,3,3,4,4,4,3,2,2,2,2,2,3,3,2,4,4,4,4,3,4,3,4,1,1,1,1,1,2,1,5303,gemini,2024,여성,4
3,1,1.0,1.0,2.0,2,4,4,3,4,3,4,3,2,2,2,2,2,3,3,2,4,4,4,4,3,3,3,4,1,1,1,1,1,2,1,5304,gemini,2024,여성,4
3,1,1.0,1.0,2.0,2,3,4,3,4,3,4,3,2,2,2,2,2,3,3,2,4,4,4,4,3,3,3,4,1,1,1,1,1,2,1,5305,gemini,2024,여성,4
3,1,1.0,1.0,2.0,2,3,4,3,4,3,4,3,2,2,2,2,2,3,3,2,4,4,4,4,3,3,3,4,1,1,1,1,1,2,1,5306,gemini,2024,여성,4
3,1,1.0,1.0,2.0,2,3,4,3,4,3,4,3,2,2,2,2,2,3,3,2,4,4,4,4,3,3,3,4,1,1,1,1,1,2,1,5307,gemini,2024,여성,4
3,1,1.0,1.0,2.0,2,4,4,4,4,3,4,4,2,2,2,2,2,3,3,3,4,4,4,4,3,4,3,4,1,1,1,1,1,2,1,5308,gemini,2024,여성,4
3,1,1.0,1.0,2.0,2,3,4,3,4,3,4,4,2,2,2,2,2,3,3,2,4,4,4,4,3,3,3,4,1,1,1,1,1,2,1,5309,gemini,2024,여성,4
3,1,1.0,1.0,2.0,2,3,4,3,4,3,4,3,2,2,2,2,2,3,3,2,4,4,4,4,3,3,3,4,1,1,1,1,1,2,1,5310,gemini,2024,여성,4
3,1,1.0,1.0,2.0,2,3,4,3,4,3,4,3,2,2,2,2,2,3,3,2,4,4,4,4,3,3,3,4,1,1,1,1,1,2,1,5311,gemini,2024,여성,4
3,1,1.0,1.0,2.0,2,3,4,3,4,3,4,3,2,2,2,2,2,3,3,2,4,4,4,4,3,3,3,4,1,1,1,1,1,2,1,5312,gemini,2024,여성,4
3,1,1.0,1.0,2.0,2,4,4,4,4,3,4,3,2,2,2,2,2,3,3,3,4,4,4,4,3,4,3,4,1,1,1,1,1,2,1,5313,gemini,2024,여성,4
3,1,1.0,1.0,2.0,2,3,4,3,4,3,4,3,2,2,2,2,2,3,3,2,4,4,4,4,3,4,3,4,1,1,1,1,1,2,1,5314,gemini,2024,여성,4
3,1,1.0,1.0,2.0,2,3,4,3,4,3,4,3,2,2,2,2,2,3,3,2,4,4,4,4,3,3,3,4,1,1,1,1,1,2,1,5315,gemini,2024,여성,4
3,1,1.0,1.0,2.0,2,3,4,3,4,3,4,3,2,2,2,2,2,3,3,2,4,4,4,4,3,3,3,4,1,1,1,1,1,2,1,5316,gemini,2024,여성,4
3,1,1.0,1.0,2.0,2,3,4,3,4,3,4,3,2,2,2,2,2,3,3,2,4,4,4,4,3,4,3,4,1,1,1,1,1,2,1,5317,gemini,2024,여성,4
3,1,1.0,1.0,2.0,2,4,4,3,4,3,4,3,2,2,2,2,2,3,3,2,4,4,4,4,3,3,3,4,1,1,1,1,1,2,1,5318,gemini,2024,여성,4
3,1,1.0,1.0,2.0,2,3,4,3,4,4,4,3,3,2,2,3,2,3,3,3,4,4,4,4,3,3,3,4,1,1,1,1,1,2,1,5319,gemini,2024,여성,4
3,1,1.0,1.0,2.0,3,4,4,4,4,3,4,3,2,2,2,3,2,3,3,3,4,4,4,4,3,4,3,4,1,1,1,1,1,2,1,5320,gemini,2024,여성,4
3,1,1.0,1.0,2.0,2,3,4,3,4,3,4,3,2,2,2,2,2,3,3,2,4,4,4,4,3,3,3,4,1,1,1,1,1,2,1,5321,gemini,2024,여성,4
3,1,1.0,1.0,2.0,2,3,4,3,4,3,4,4,2,2,2,2,2,3,3,3,4,4,4,4,3,3,3,3,1,1,1,1,1,2,1,5322,gemini,2024,여성,4
3,1,1.0,1.0,2.0,2,3,4,3,4,3,4,3,2,2,2,2,2,3,3,2,4,4,4,4,3,3,3,4,1,1,1,1,1,2,1,5323,gemini,2024,여성,4
3,1,1.0,1.0,2.0,2,3,4,3,4,3,4,3,2,2,2,2,2,3,3,2,4,4,4,4,3,3,3,4,1,1,1,1,1,2,1,5324,gemini,2024,여성,4
3,1,1.0,1.0,2.0,2,4,4,3,4,3,4,3,2,2,2,2,2,3,3,2,4,4,4,4,3,3,3,4,1,1,1,1,1,2,1,5325,gemini,2024,여성,4
3,1,1.0,1.0,2.0,2,3,3,3,4,3,4,3,2,2,2,2,2,3,3,2,4,4,4,4,3,4,3,4,1,1,1,1,1,2,1,5326,gemini,2024,여성,4
3,1,1.0,1.0,2.0,3,4,4,4,4,3,4,3,2,2,2,2,2,3,3,3,4,4,4,4,3,4,3,4,1,1,1,1,1,2,1,5327,gemini,2024,여성,4
3,1,1.0,1.0,2.0,2,4,4,3,4,3,4,3,2,2,2,2,2,3,3,2,4,4,4,4,3,3,3,4,1,1,1,1,1,2,1,5328,gemini,2024,여성,4
3,1,1.0,1.0,2.0,2,3,4,3,4,3,4,3,2,2,2,2,2,3,3,2,4,4,4,4,3,4,3,4,1,1,1,1,1,2,1,5329,gemini,2024,여성,4
3,1,1.0,1.0,2.0,2,3,4,3,4,3,4,3,2,2,2,2,2,3,3,2,4,4,4,4,3,4,3,4,1,1,1,1,1,2,1,5330,gemini,2024,여성,4
3,1,1.0,1.0,2.0,2,4,4,4,4,3,4,4,2,2,2,2,2,3,3,3,4,4,4,4,3,4,3,4,1,1,1,1,1,2,1,5331,gemini,2024,여성,4
3,1,1.0,1.0,2.0,2,3,4,3,4,3,4,3,2,2,2,2,2,3,3,2,4,4,4,4,3,3,3,3,1,1,1,1,1,2,1,5332,gemini,2024,여성,4
3,1,1.0,1.0,2.0,2,3,3,3,4,3,4,4,2,2,2,2,2,3,3,2,4,4,4,4,3,3,3,4,1,1,1,1,1,2,1,5333,gemini,2024,여성,4
3,1,1.0,1.0,2.0,2,3,4,3,4,3,4,3,2,2,2,2,2,3,3,2,4,4,4,4,3,3,3,4,1,1,1,1,1,2,1,5334,gemini,2024,여성,4
3,1,1.0,1.0,2.0,2,4,4,3,4,3,4,3,2,2,2,2,2,3,3,2,4,4,4,4,3,3,3,4,1,1,1,1,1,2,1,5335,gemini,2024,여성,4
3,1,1.0,1.0,2.0,3,4,4,4,4,3,4,3,2,2,2,2,2,3,3,3,4,4,4,4,3,3,3,4,1,1,1,1,1,2,1,5336,gemini,2024,여성,4
3,1,1.0,1.0,2.0,2,4,4,3,4,3,4,3,2,2,2,2,2,3,3,2,4,4,4,4,3,3,3,4,1,1,1,1,1,2,1,5337,gemini,2024,여성,4
3,1,1.0,1.0,2.0,2,3,4,3,4,3,4,3,2,2,2,2,2,3,3,2,4,4,4,4,3,4,3,4,1,1,1,1,1,2,1,5338,gemini,2024,여성,4
3,1,1.0,1.0,2.0,2,3,4,3,4,3,4,4,2,2,2,2,2,3,3,2,4,4,4,4,3,4,3,4,1,1,1,1,1,2,1,5339,gemini,2024,여성,4
3,1,1.0,1.0,2.0,2,3,4,3,4,3,4,3,2,2,2,2,2,3,3,2,4,4,4,4,3,3,3,4,1,1,1,1,1,2,1,5340,gemini,2024,여성,4
3,1,1.0,1.0,2.0,3,4,4,4,4,3,4,3,2,2,2,2,2,3,3,2,4,4,4,4,3,4,3,4,1,1,1,1,1,2,1,5341,gemini,2024,여성,4
3,1,1.0,1.0,2.0,2,3,4,3,4,3,4,3,2,2,2,2,2,3,3,2,4,4,4,4,3,4,3,4,1,1,1,1,1,2,1,5342,gemini,2024,여성,4
3,1,1.0,1.0,2.0,3,4,4,4,4,4,4,4,3,2,3,3,2,3,3,3,4,4,4,4,3,4,3,4,1,1,1,1,1,2,1,5343,gemini,2024,여성,4
3,1,1.0,1.0,2.0,3,4,4,3,4,3,4,3,3,2,2,2,2,3,3,3,4,4,4,4,3,4,3,4,1,1,1,1,1,2,1,5344,gemini,2024,여성,4
3,1,1.0,1.0,2.0,2,3,4,3,4,3,4,3,2,2,2,2,2,3,3,2,4,4,4,4,3,3,3,3,1,1,1,1,1,2,1,5345,gemini,2024,여성,4
3,1,1.0,1.0,2.0,2,3,4,3,4,3,4,3,2,2,2,2,2,3,3,2,4,4,4,4,3,3,3,4,1,1,1,1,1,2,1,5346,gemini,2024,여성,4
3,1,1.0,1.0,2.0,2,3,4,3,4,3,4,3,2,2,2,2,2,3,3,2,4,4,4,4,3,4,3,4,1,1,1,1,1,2,1,5347,gemini,2024,여성,4
3,1,1.0,1.0,2.0,2,4,4,3,4,3,4,3,2,2,2,2,2,3,3,2,4,4,4,4,3,3,3,4,1,1,1,1,1,2,1,5348,gemini,2024,여성,4
3,1,1.0,1.0,2.0,2,3,4,3,4,3,4,3,2,2,2,2,2,3,3,2,4,4,4,4,3,3,3,4,1,1,1,1,1,2,1,5349,gemini,2024,여성,4
3,1,1.0,1.0,2.0,2,3,4,3,4,3,4,3,2,2,2,2,2,3,3,2,4,4,4,4,3,4,3,4,1,1,1,1,1,2,1,5350,gemini,2024,여성,4
3,1,1.0,1.0,2.0,2,3,4,3,4,3,4,3,2,2,2,2,2,3,3,2,4,4,4,4,3,4,3,4,1,1,1,1,1,2,1,5351,gemini,2024,여성,4
3,1,1.0,1.0,2.0,3,4,4,3,4,3,4,3,2,2,2,2,2,3,3,3,4,4,4,4,3,4,3,4,1,1,1,1,1,2,1,5352,gemini,2024,여성,4
3,1,1.0,1.0,2.0,2,3,4,3,4,3,4,3,2,2,2,2,2,3,3,2,4,4,4,4,3,4,3,4,1,1,1,1,1,2,1,5353,gemini,2024,여성,4
3,1,1.0,1.0,2.0,3,4,4,4,4,3,4,3,2,2,2,2,2,3,3,3,4,4,4,4,3,4,3,4,1,1,1,1,1,2,1,5354,gemini,2024,여성,4
3,1,1.0,1.0,2.0,2,3,4,3,4,3,4,3,2,2,2,2,2,3,3,2,4,4,4,4,3,3,3,4,1,1,1,1,1,2,1,5355,gemini,2024,여성,4
3,1,1.0,1.0,2.0,2,3,4,3,4,3,4,3,2,2,2,2,2,3,3,2,4,4,4,4,3,3,3,4,1,1,1,1,1,2,1,5356,gemini,2024,여성,4
3,1,1.0,1.0,2.0,2,3,4,3,4,3,4,3,2,2,2,2,2,3,3,2,4,4,4,4,3,3,3,4,1,1,1,1,1,2,1,5357,gemini,2024,여성,4
3,1,1.0,1.0,2.0,2,3,4,3,4,3,4,3,2,2,2,2,2,3,3,2,4,4,4,4,3,3,3,4,1,1,1,1,1,2,1,5358,gemini,2024,여성,4
3,1,1.0,1.0,2.0,2,4,4,3,4,3,4,3,2,2,2,2,2,3,3,2,4,4,4,4,3,4,3,4,1,1,1,1,1,2,1,5359,gemini,2024,여성,4
3,1,1.0,1.0,2.0,2,4,4,3,4,3,4,3,2,2,2,2,2,3,3,2,4,4,4,4,3,3,3,4,1,1,1,1,1,2,1,5360,gemini,2024,여성,4
3,1,1.0,1.0,2.0,2,3,4,3,4,3,4,3,2,2,2,2,2,3,3,2,4,4,4,4,3,4,3,4,1,1,1,1,1,2,1,5361,gemini,2024,여성,4
3,1,1.0,1.0,2.0,2,3,4,3,4,3,4,3,2,2,2,2,2,3,3,2,4,4,4,4,3,4,3,4,1,1,1,1,1,2,1,5362,gemini,2024,여성,4
3,1,1.0,1.0,2.0,2,3,4,3,4,3,4,3,2,2,2,2,2,3,3,2,4,4,4,4,3,3,3,3,1,1,1,1,1,2,1,5363,gemini,2024,여성,4
3,1,1.0,1.0,2.0,2,3,4,3,4,3,4,3,2,2,2,2,2,3,3,2,4,4,4,4,3,3,3,4,1,1,1,1,1,2,1,5364,gemini,2024,여성,4
3,1,1.0,1.0,2.0,3,4,4,4,4,3,4,3,3,2,3,3,2,3,3,3,4,4,4,4,3,3,3,3,1,1,1,1,1,2,1,5365,gemini,2024,여성,4
3,1,1.0,1.0,2.0,2,3,4,3,4,3,4,3,2,2,2,2,2,3,3,2,4,4,4,4,3,4,3,4,1,1,1,1,1,2,1,5366,gemini,2024,여성,4
3,1,1.0,1.0,2.0,2,3,4,3,4,3,4,3,2,2,2,2,2,3,3,2,4,4,4,4,3,4,3,4,1,1,1,1,1,2,1,5367,gemini,2024,여성,4
3,1,1.0,1.0,2.0,2,3,4,3,4,3,4,3,2,2,2,2,2,3,3,2,4,4,4,4,3,3,3,4,1,1,1,1,1,2,1,5368,gemini,2024,여성,4
3,1,1.0,1.0,2.0,2,4,4,3,4,3,4,4,2,2,2,2,2,3,3,3,4,4,4,4,3,3,3,4,1,1,1,1,1,2,1,5369,gemini,2024,여성,4
3,1,1.0,1.0,2.0,2,3,4,3,4,3,4,3,2,2,2,2,2,3,3,2,4,4,4,4,3,4,3,4,1,1,1,1,1,2,1,5370,gemini,2024,여성,4
3,1,1.0,1.0,2.0,2,3,4,3,4,3,4,3,2,2,2,2,2,3,3,2,4,4,4,4,3,3,3,4,1,1,1,1,1,2,1,5371,gemini,2024,여성,4
3,1,1.0,1.0,2.0,2,4,4,4,4,3,4,3,2,2,2,2,2,3,3,3,4,4,4,4,3,4,3,4,1,1,1,1,1,2,1,5372,gemini,2024,여성,4
3,1,1.0,1.0,2.0,2,3,4,3,4,3,4,3,2,2,2,2,2,3,3,2,4,4,4,4,3,4,3,4,1,1,1,1,1,2,1,5373,gemini,2024,여성,4
3,1,1.0,1.0,2.0,3,4,4,4,4,3,4,3,2,2,2,3,2,3,3,3,4,4,4,4,3,4,3,4,1,1,1,1,1,2,1,5374,gemini,2024,여성,4
3,1,1.0,1.0,2.0,2,3,4,3,4,3,4,3,2,2,2,2,2,3,3,2,4,4,4,4,3,4,3,4,1,1,1,1,1,2,1,5375,gemini,2024,여성,4
3,1,1.0,1.0,2.0,2,3,4,3,4,3,4,3,2,2,2,2,2,3,3,2,4,4,4,4,3,3,3,4,1,1,1,1,1,2,1,5376,gemini,2024,여성,4
3,1,1.0,1.0,2.0,2,3,4,3,4,3,4,3,2,2,2,2,2,3,3,2,4,4,4,4,3,3,3,3,1,1,1,1,1,2,1,5377,gemini,2024,여성,4
3,1,1.0,1.0,2.0,2,3,4,3,4,3,4,3,2,2,2,2,2,3,3,2,4,4,4,4,3,3,3,4,1,1,1,1,1,2,1,5378,gemini,2024,여성,4
3,1,1.0,1.0,2.0,2,3,4,3,4,3,4,3,2,2,2,2,2,3,3,2,4,4,4,4,3,3,3,4,1,1,1,1,1,2,1,5379,gemini,2024,여성,4
3,1,1.0,1.0,2.0,2,3,4,3,4,3,4,3,2,2,2,2,2,3,3,2,4,4,4,4,3,4,3,4,1,1,1,1,1,2,1,5380,gemini,2024,여성,4
3,1,1.0,1.0,2.0,3,4,4,4,4,3,4,3,2,2,2,2,2,3,3,2,4,4,4,4,3,4,3,4,1,1,1,1,1,2,1,5381,gemini,2024,여성,4
3,1,1.0,1.0,2.0,3,4,4,4,4,3,4,3,2,2,2,2,2,3,3,3,4,4,4,4,3,4,3,4,1,1,1,1,1,2,1,5382,gemini,2024,여성,4
3,1,1.0,1.0,2.0,2,3,4,3,4,3,4,3,2,2,2,2,2,3,3,2,4,4,4,4,3,3,3,4,1,1,1,1,1,2,1,5383,gemini,2024,여성,4
3,1,1.0,1.0,2.0,2,3,4,3,4,3,4,3,2,2,2,2,2,3,3,2,4,4,4,4,3,3,3,4,1,1,1,1,1,2,1,5384,gemini,2024,여성,4
3,1,1.0,1.0,2.0,3,4,4,4,4,3,4,3,2,2,2,2,2,3,3,3,4,4,4,4,3,3,3,4,1,1,1,1,1,2,1,5385,gemini,2024,여성,4
3,1,1.0,1.0,2.0,2,4,4,3,4,3,4,3,2,2,2,2,2,3,3,2,4,4,4,4,3,3,3,3,1,1,1,1,1,2,1,5386,gemini,2024,여성,4
3,1,1.0,1.0,2.0,2,3,4,3,4,3,4,3,2,2,2,2,2,3,3,2,4,4,4,4,3,3,3,4,1,1,1,1,1,2,1,5387,gemini,2024,여성,4
3,1,1.0,1.0,2.0,2,3,4,3,4,3,4,3,2,2,2,2,2,3,3,2,4,4,4,4,3,3,3,3,1,1,1,1,1,2,1,5388,gemini,2024,여성,4
3,1,1.0,1.0,2.0,2,3,4,3,4,3,4,3,2,2,2,2,2,3,3,2,4,4,4,4,3,3,3,4,1,1,1,1,1,2,1,5389,gemini,2024,여성,4
3,1,1.0,1.0,2.0,2,3,4,3,4,3,4,3,2,2,2,2,2,3,3,2,4,4,4,4,3,3,3,3,1,1,1,1,1,2,1,5390,gemini,2024,여성,4
3,1,1.0,1.0,2.0,2,3,4,3,4,3,4,3,2,2,2,2,2,3,3,2,4,4,4,4,3,3,3,4,1,1,1,1,1,2,1,5391,gemini,2024,여성,4
3,1,1.0,1.0,2.0,2,3,4,3,4,3,4,3,2,2,2,2,2,3,3,2,4,4,4,4,3,4,3,4,1,1,1,1,1,2,1,5392,gemini,2024,여성,4
3,1,1.0,1.0,2.0,2,4,4,3,4,3,4,3,2,2,2,2,2,3,3,2,4,4,4,4,3,3,3,4,1,1,1,1,1,2,1,5393,gemini,2024,여성,4
3,1,1.0,1.0,2.0,2,3,4,3,4,3,4,3,2,2,2,2,2,3,3,2,4,4,4,4,3,3,3,3,1,1,1,1,1,2,1,5394,gemini,2024,여성,4
3,1,1.0,1.0,2.0,2,3,4,3,4,3,4,3,2,2,2,2,2,3,3,2,4,4,4,4,3,4,3,4,1,1,1,1,1,2,1,5395,gemini,2024,여성,4
3,1,1.0,1.0,2.0,2,3,4,3,4,3,4,3,2,2,2,2,2,3,3,3,4,4,4,4,3,4,3,4,1,1,1,1,1,2,1,5396,gemini,2024,여성,4
3,1,1.0,1.0,2.0,2,4,4,3,4,3,4,4,2,2,2,2,2,3,3,2,4,4,4,4,3,3,3,4,1,1,1,1,1,2,1,5397,gemini,2024,여성,4
3,1,1.0,1.0,2.0,2,3,4,3,4,3,4,3,2,2,2,2,2,3,3,2,4,4,4,4,3,3,3,4,1,1,1,1,1,2,1,5398,gemini,2024,여성,4
3,1,1.0,1.0,2.0,3,4,4,3,4,3,4,3,2,2,2,2,2,3,3,2,4,4,4,4,3,3,3,3,1,1,1,1,1,2,1,5399,gemini,2024,여성,4
3,1,1.0,1.0,2.0,2,3,4,3,4,4,4,3,3,2,2,3,2,3,3,3,4,4,4,4,3,3,3,4,1,1,1,1,1,2,1,5400,gemini,2024,여성,4
3,1,1.0,1.0,2.0,2,3,3,3,4,3,4,4,2,2,2,2,2,3,3,2,4,4,4,4,3,3,3,4,1,1,1,1,1,2,1,5401,gemini,2024,여성,4
3,1,1.0,1.0,2.0,2,3,4,3,4,3,4,3,2,2,2,2,2,3,3,2,4,4,4,4,3,4,3,4,1,1,1,1,1,2,1,5402,gemini,2024,여성,4
3,1,1.0,1.0,2.0,2,3,4,3,4,3,4,3,2,2,2,2,2,3,3,2,4,4,4,4,3,3,3,4,1,1,1,1,1,2,1,5403,gemini,2024,여성,4
3,1,1.0,1.0,2.0,2,3,4,3,4,3,4,3,2,2,2,2,2,3,3,2,4,4,4,4,3,3,3,4,1,1,1,1,1,2,1,5404,gemini,2024,여성,4
3,1,1.0,1.0,2.0,3,4,4,4,4,3,4,3,2,2,2,2,2,3,3,2,4,4,4,4,3,4,3,4,1,1,1,1,1,2,1,5405,gemini,2024,여성,4
3,1,1.0,1.0,2.0,3,4,4,4,4,3,4,3,2,2,2,2,2,3,3,2,4,4,4,4,3,4,3,4,1,1,1,1,1,2,1,5406,gemini,2024,여성,4
3,1,1.0,1.0,2.0,2,3,3,3,4,3,4,3,2,2,2,2,2,3,3,2,4,4,4,4,3,3,3,3,1,1,1,1,1,2,1,5407,gemini,2024,여성,4
3,1,1.0,1.0,2.0,2,3,4,3,4,3,4,3,2,2,2,2,2,3,3,2,4,4,4,4,3,4,3,4,1,1,1,1,1,2,1,5408,gemini,2024,여성,4
3,1,1.0,1.0,2.0,2,3,4,3,4,3,4,3,2,2,2,2,2,3,3,2,4,4,4,4,3,3,3,4,1,1,1,1,1,2,1,5409,gemini,2024,여성,4
3,1,1.0,1.0,2.0,2,3,4,3,4,3,4,3,2,2,2,2,2,3,3,2,4,4,4,4,3,4,3,4,1,1,1,1,1,2,1,5410,gemini,2024,여성,4
3,1,1.0,1.0,2.0,2,3,4,3,4,3,4,3,2,2,2,2,2,3,3,2,4,4,4,4,3,3,3,4,1,1,1,1,1,2,1,5411,gemini,2024,여성,4
3,1,1.0,1.0,2.0,2,3,4,3,4,3,4,3,2,2,2,2,2,3,3,2,4,4,4,4,3,3,3,3,1,1,1,1,1,2,1,5412,gemini,2024,여성,4
3,1,1.0,1.0,2.0,2,3,4,3,4,3,4,3,2,2,2,2,2,3,3,2,4,4,4,4,3,3,3,4,1,1,1,1,1,2,1,5413,gemini,2024,여성,4
3,1,1.0,1.0,2.0,3,4,4,4,4,3,4,3,2,2,2,2,2,3,3,3,4,4,4,4,3,4,3,4,1,1,1,1,1,2,1,5414,gemini,2024,여성,4
3,1,1.0,1.0,2.0,2,3,4,3,4,4,4,3,2,2,2,2,2,3,3,2,4,4,4,4,3,3,3,3,1,1,1,1,1,2,1,5415,gemini,2024,여성,4
3,1,1.0,1.0,2.0,2,4,4,4,4,3,4,3,2,2,2,2,2,3,3,2,4,4,4,4,3,3,3,4,1,1,1,1,1,2,1,5416,gemini,2024,여성,4
3,1,1.0,1.0,2.0,2,3,4,3,4,3,4,3,2,2,2,2,2,3,3,2,4,4,4,4,3,3,3,4,1,1,1,1,1,2,1,5417,gemini,2024,여성,4
3,1,1.0,1.0,2.0,2,3,4,3,4,3,4,3,2,2,2,2,2,3,3,2,4,4,4,4,3,3,3,4,1,1,1,1,1,2,1,5418,gemini,2024,여성,4
3,1,1.0,1.0,2.0,2,3,4,3,4,3,4,3,2,2,2,2,2,3,3,2,4,4,4,4,3,3,3,4,1,1,1,1,1,2,1,5419,gemini,2024,여성,4
3,1,1.0,1.0,2.0,2,3,4,3,4,3,4,3,2,2,2,2,2,3,3,2,4,4,4,4,3,4,3,4,1,1,1,1,1,2,1,5420,gemini,2024,여성,4
3,1,1.0,1.0,2.0,2,3,4,3,4,3,4,3,2,2,2,2,2,3,3,2,4,4,4,4,3,3,3,4,1,1,1,1,1,2,1,5421,gemini,2024,여성,4
3,1,1.0,1.0,2.0,2,4,4,3,4,3,4,3,2,2,2,2,2,3,3,2,4,4,4,4,3,3,3,4,1,1,1,1,1,2,1,5422,gemini,2024,여성,4
3,1,1.0,1.0,2.0,2,3,4,3,4,3,4,3,2,2,2,2,2,3,3,2,4,4,4,4,3,3,3,4,1,1,1,1,1,2,1,5423,gemini,2024,여성,4
3,1,1.0,1.0,2.0,3,4,4,4,4,3,4,3,2,2,2,3,2,3,3,3,4,4,4,4,3,4,4,4,1,1,1,1,1,2,1,5424,gemini,2024,여성,4
3,1,1.0,1.0,2.0,2,3,4,3,4,3,4,3,2,2,2,2,2,3,3,2,4,4,4,4,3,4,3,4,1,1,1,1,1,2,1,5425,gemini,2024,여성,4
3,1,1.0,1.0,2.0,2,3,4,3,4,3,4,3,2,2,2,2,2,3,3,2,4,4,4,4,3,3,3,4,1,1,1,1,1,2,1,5426,gemini,2024,여성,4
3,1,1.0,1.0,2.0,3,4,4,4,4,3,4,3,2,2,2,2,2,3,3,2,4,4,4,4,3,4,3,4,1,1,1,1,1,2,1,5427,gemini,2024,여성,4
3,1,1.0,1.0,2.0,2,3,4,3,4,3,4,3,2,2,2,2,2,3,3,3,4,4,4,4,3,4,3,4,1,1,1,1,1,2,1,5428,gemini,2024,여성,4
3,1,1.0,1.0,2.0,2,3,4,3,4,3,4,3,2,2,2,2,2,3,3,2,4,4,4,4,3,4,3,4,1,1,1,1,1,2,1,5429,gemini,2024,여성,4
3,1,1.0,1.0,2.0,2,3,4,3,4,3,4,3,2,2,2,2,2,3,3,2,4,4,4,4,3,3,3,3,1,1,1,1,1,2,1,5430,gemini,2024,여성,4
3,1,1.0,1.0,2.0,2,3,4,3,4,3,4,3,2,2,2,2,2,3,3,2,4,4,4,4,3,3,3,4,1,1,1,1,1,2,1,5431,gemini,2024,여성,4
3,1,1.0,1.0,2.0,2,3,4,3,4,3,4,3,2,2,2,2,2,3,3,2,4,4,4,4,3,3,3,4,1,1,1,1,1,2,1,5432,gemini,2024,여성,4
3,1,1.0,1.0,2.0,2,3,4,3,4,3,4,3,2,2,2,2,2,3,3,2,4,4,4,4,3,3,3,4,1,1,1,1,1,2,1,5433,gemini,2024,여성,4
3,1,1.0,1.0,2.0,2,3,4,3,4,3,4,3,2,2,2,2,2,3,3,2,4,4,4,4,3,3,3,4,1,1,1,1,1,2,1,5434,gemini,2024,여성,4
3,1,1.0,1.0,2.0,2,3,4,3,4,3,4,3,2,2,2,2,2,3,3,2,4,4,4,4,3,3,3,4,1,1,1,1,1,2,1,5435,gemini,2024,여성,4
3,1,1.0,1.0,2.0,2,3,4,3,4,3,4,3,2,2,2,2,2,3,3,2,4,4,4,4,3,4,3,4,1,1,1,1,1,2,1,5436,gemini,2024,여성,4
3,1,1.0,1.0,2.0,2,3,4,3,4,3,4,3,2,2,2,2,2,3,3,2,4,4,4,4,3,3,3,4,1,1,1,1,1,2,1,5437,gemini,2024,여성,4
3,1,1.0,1.0,2.0,2,4,4,3,4,3,4,3,2,2,2,2,2,3,3,2,4,4,4,4,3,3,3,4,1,1,1,1,1,2,1,5438,gemini,2024,여성,4
3,1,1.0,1.0,2.0,3,4,4,3,4,3,4,3,2,2,2,2,2,3,3,3,4,4,4,4,3,3,3,4,1,1,1,1,1,2,1,5439,gemini,2024,여성,4
3,1,1.0,1.0,2.0,2,3,4,3,4,3,4,3,2,2,2,2,2,3,3,2,4,4,4,4,3,3,3,4,1,1,1,1,1,2,1,5440,gemini,2024,여성,4
3,1,1.0,1.0,2.0,3,4,4,3,4,3,4,3,2,2,2,3,2,3,3,3,4,4,4,4,3,3,3,4,1,1,1,1,1,2,1,5441,gemini,2024,여성,4
3,1,1.0,1.0,2.0,2,4,4,4,4,3,4,4,2,2,2,2,2,3,3,3,4,4,4,4,3,3,3,4,1,1,1,1,1,2,1,5442,gemini,2024,여성,4
3,1,1.0,1.0,2.0,2,3,3,3,4,4,4,3,2,2,2,2,2,3,3,2,4,4,4,4,3,3,3,4,1,1,1,1,1,2,1,5443,gemini,2024,여성,4
3,1,1.0,1.0,2.0,2,3,4,3,4,3,4,3,2,2,2,2,2,3,3,2,4,4,4,4,3,3,3,4,1,1,1,1,1,2,1,5444,gemini,2024,여성,4
3,1,1.0,1.0,2.0,2,3,4,3,4,3,4,3,2,2,2,2,2,3,3,2,4,4,4,4,3,3,3,4,1,1,1,1,1,2,1,5445,gemini,2024,여성,4
3,1,1.0,1.0,2.0,2,3,4,3,4,3,4,3,2,2,2,2,2,3,3,2,4,4,4,4,3,3,3,4,1,1,1,1,1,2,1,5446,gemini,2024,여성,4
3,1,1.0,1.0,2.0,2,3,4,3,4,3,4,3,2,2,2,2,2,3,3,2,4,4,4,4,3,3,3,4,1,1,1,1,1,2,1,5447,gemini,2024,여성,4
3,1,1.0,1.0,2.0,3,4,4,4,4,3,4,3,2,2,2,2,2,3,3,3,4,4,4,4,3,4,3,4,1,1,1,1,1,2,1,5448,gemini,2024,여성,4
3,1,1.0,1.0,2.0,2,3,4,3,4,3,4,3,2,2,2,2,2,3,3,2,4,4,4,4,3,4,3,4,1,1,1,1,1,2,1,5449,gemini,2024,여성,4
3,1,1.0,1.0,2.0,2,3,4,3,4,3,4,3,2,2,2,2,2,3,3,2,4,4,4,4,3,4,3,4,1,1,1,1,1,2,1,5450,gemini,2024,여성,4
3,1,1.0,1.0,2.0,2,3,4,3,4,3,4,3,2,2,2,2,2,3,3,2,4,4,4,4,3,4,3,4,1,1,1,1,1,2,1,5451,gemini,2024,여성,4
3,1,1.0,1.0,2.0,2,3,4,3,4,3,4,3,2,2,2,2,2,3,3,2,4,4,4,4,3,4,3,4,1,1,1,1,1,2,1,5452,gemini,2024,여성,4
3,1,1.0,1.0,2.0,2,4,4,3,4,3,4,3,2,2,2,2,2,3,3,2,4,4,4,4,3,4,3,3,1,1,1,1,1,2,1,5453,gemini,2024,여성,4
3,1,1.0,1.0,2.0,3,4,4,4,4,4,4,4,3,2,3,3,2,3,3,3,4,4,4,4,3,4,3,4,1,1,1,1,1,2,1,5454,gemini,2024,여성,4
3,1,1.0,1.0,2.0,3,4,4,4,4,3,4,3,2,2,2,2,2,3,3,3,4,4,4,4,3,4,3,4,1,1,1,1,1,2,1,5455,gemini,2024,여성,4
3,1,1.0,1.0,2.0,3,4,4,4,4,3,4,3,2,2,2,3,2,3,3,2,4,4,4,4,3,3,3,4,1,1,1,1,1,2,1,5456,gemini,2024,여성,4
3,1,1.0,1.0,2.0,2,3,4,3,4,3,4,3,2,2,2,2,2,3,3,2,4,4,4,4,3,4,3,4,1,1,1,1,1,2,1,5457,gemini,2024,여성,4
3,1,1.0,1.0,2.0,2,4,4,3,4,3,4,3,2,2,2,2,2,3,3,2,4,4,4,4,3,3,3,4,1,1,1,1,1,2,1,5458,gemini,2024,여성,4
3,1,1.0,1.0,2.0,2,3,4,3,4,3,4,4,2,2,2,2,2,3,3,3,4,4,4,4,3,4,3,4,1,1,1,1,1,2,1,5459,gemini,2024,여성,4
3,1,1.0,1.0,2.0,2,3,4,3,4,3,4,3,2,2,2,2,2,3,3,2,4,4,4,4,3,4,3,4,1,1,1,1,1,2,1,5460,gemini,2024,여성,4
3,1,1.0,1.0,2.0,2,3,4,3,4,3,4,3,2,2,2,2,2,3,3,2,4,4,4,4,3,3,3,4,1,1,1,1,1,2,1,5461,gemini,2024,여성,4
3,1,1.0,1.0,2.0,2,4,4,3,4,3,4,3,2,2,2,2,2,3,3,2,4,4,4,4,3,3,3,4,1,1,1,1,1,2,1,5462,gemini,2024,여성,4
3,1,1.0,1.0,2.0,3,4,4,4,4,3,4,3,2,2,2,2,2,3,3,3,4,4,4,4,3,4,3,4,1,1,1,1,1,2,1,5463,gemini,2024,여성,4
3,1,1.0,1.0,2.0,2,3,4,3,4,3,4,3,2,2,2,2,2,3,3,2,4,4,4,4,3,3,3,3,1,1,1,1,1,2,1,5464,gemini,2024,여성,4
3,1,1.0,1.0,2.0,2,3,4,3,4,3,4,3,2,2,2,2,2,3,3,2,4,4,4,4,3,3,3,4,1,1,1,1,1,2,1,5465,gemini,2024,여성,4
3,1,1.0,1.0,2.0,2,3,4,3,4,3,4,3,2,2,2,2,2,3,3,2,4,4,4,4,3,4,3,4,1,1,1,1,1,2,1,5466,gemini,2024,여성,4
3,1,1.0,1.0,2.0,2,3,4,3,4,3,4,3,2,2,2,2,2,3,3,2,4,4,4,4,3,3,3,4,1,1,1,1,1,2,1,5467,gemini,2024,여성,4
3,1,1.0,1.0,2.0,2,3,4,3,4,3,4,3,2,2,2,2,2,3,3,2,4,4,4,4,3,4,3,4,1,1,1,1,1,2,1,5468,gemini,2024,여성,4
3,1,1.0,1.0,2.0,2,3,4,3,4,3,4,3,2,2,2,2,2,3,3,2,4,4,4,4,3,3,3,4,1,1,1,1,1,2,1,5469,gemini,2024,여성,4
3,1,1.0,1.0,2.0,2,3,4,3,4,3,4,3,2,2,2,2,2,3,3,2,4,4,4,4,3,3,3,3,1,1,1,1,1,2,1,5470,gemini,2024,여성,4
3,1,1.0,1.0,2.0,2,3,4,3,4,3,4,3,2,2,2,2,2,3,3,2,4,4,4,4,3,3,3,4,1,1,1,1,1,2,1,5471,gemini,2024,여성,4
3,1,1.0,1.0,2.0,2,3,4,3,4,3,4,3,2,2,2,2,2,3,3,2,4,4,4,4,3,3,3,4,1,1,1,1,1,2,1,5472,gemini,2024,여성,4
3,1,1.0,1.0,2.0,2,3,4,3,4,3,4,3,2,2,2,2,2,3,3,2,4,4,4,4,3,4,3,4,1,1,1,1,1,2,1,5473,gemini,2024,여성,4
3,1,1.0,1.0,2.0,2,3,4,3,4,3,4,3,2,2,2,2,2,3,3,2,4,4,4,4,3,3,3,4,1,1,1,1,1,2,1,5474,gemini,2024,여성,4
3,1,1.0,1.0,2.0,2,3,4,3,4,3,4,3,2,2,2,2,2,3,3,2,4,4,4,4,3,3,3,4,1,1,1,1,1,2,1,5475,gemini,2024,여성,4
3,1,1.0,1.0,2.0,3,4,4,4,4,3,4,3,2,2,2,2,2,3,3,2,4,4,4,4,3,4,3,4,1,1,1,1,1,2,1,5476,gemini,2024,여성,4
3,1,1.0,1.0,2.0,2,3,4,3,4,3,4,3,2,2,2,2,2,3,3,3,4,4,4,4,3,3,3,4,1,1,1,1,1,2,1,5477,gemini,2024,여성,4
3,1,1.0,1.0,2.0,2,3,3,3,4,4,4,4,3,2,2,2,2,3,3,3,4,4,4,4,3,4,3,4,1,1,1,1,1,2,1,5478,gemini,2024,여성,4
3,1,1.0,1.0,2.0,2,3,4,3,4,3,4,3,2,2,2,2,2,3,3,2,4,4,4,4,3,4,3,4,1,1,1,1,1,2,1,5479,gemini,2024,여성,4
3,1,1.0,1.0,2.0,2,3,4,3,4,3,4,3,2,2,2,2,2,3,3,3,4,4,4,4,3,4,3,4,1,1,1,1,1,2,1,5480,gemini,2024,여성,4
3,1,1.0,1.0,2.0,3,4,4,4,4,3,4,3,2,2,2,2,2,3,3,2,4,4,4,4,3,3,3,4,1,1,1,1,1,2,1,5481,gemini,2024,여성,4
3,1,1.0,1.0,2.0,2,3,4,3,4,3,4,3,2,2,2,2,2,3,3,2,4,4,4,4,3,3,3,4,1,1,1,1,1,2,1,5482,gemini,2024,여성,4
3,1,1.0,1.0,2.0,2,4,4,3,4,3,4,3,2,2,2,2,2,3,3,2,4,4,4,4,3,3,3,4,1,1,1,1,1,2,1,5483,gemini,2024,여성,4
3,1,1.0,1.0,2.0,2,3,4,3,4,3,4,3,2,2,2,2,2,3,3,2,4,4,4,4,3,3,3,4,1,1,1,1,1,2,1,5484,gemini,2024,여성,4
3,1,1.0,1.0,2.0,2,3,4,3,4,3,4,3,2,2,2,2,2,3,3,2,4,4,4,4,3,4,3,4,1,1,1,1,1,2,1,5485,gemini,2024,여성,4
3,1,1.0,1.0,2.0,2,4,4,3,4,3,4,4,3,2,2,2,2,3,3,2,4,4,4,4,3,3,3,4,1,1,1,1,1,2,1,5486,gemini,2024,여성,4
3,1,1.0,1.0,2.0,2,3,4,3,4,3,4,3,2,2,2,2,2,3,3,2,4,4,4,4,3,4,3,4,1,1,2,1,1,2,1,5487,gemini,2024,여성,4
3,1,1.0,1.0,2.0,2,3,4,3,4,3,4,3,2,2,2,2,2,3,3,2,4,4,4,4,3,3,3,4,1,1,1,1,1,2,1,5488,gemini,2024,여성,4
3,1,1.0,1.0,2.0,2,4,4,3,4,3,4,3,2,2,2,2,2,3,3,2,4,4,4,4,3,3,3,4,1,1,1,1,1,2,1,5489,gemini,2024,여성,4
3,1,1.0,1.0,2.0,2,3,3,3,4,3,4,3,2,2,2,2,2,3,3,2,4,4,4,4,3,3,3,4,1,1,1,1,1,2,1,5490,gemini,2024,여성,4
3,1,1.0,1.0,2.0,2,3,4,3,4,3,4,3,2,2,2,2,2,3,3,2,4,4,4,4,3,4,3,4,1,1,1,1,1,2,1,5491,gemini,2024,여성,4
3,1,1.0,1.0,2.0,2,3,4,3,4,3,4,3,2,2,2,2,2,3,3,2,4,4,4,4,3,3,3,3,1,1,1,1,1,2,1,5492,gemini,2024,여성,4
3,1,1.0,1.0,2.0,2,3,4,3,4,3,4,3,2,2,2,2,2,3,3,2,4,4,4,4,3,4,3,4,1,1,1,1,1,2,1,5493,gemini,2024,여성,4
3,1,1.0,1.0,2.0,2,3,4,3,4,3,4,3,2,2,2,2,2,3,3,2,4,4,4,4,3,3,3,4,1,1,1,1,1,2,1,5494,gemini,2024,여성,4
3,1,1.0,1.0,2.0,2,3,4,3,4,3,4,3,2,2,2,2,2,3,3,2,4,4,4,4,3,4,3,4,1,1,1,1,1,2,1,5495,gemini,2024,여성,4
3,1,1.0,1.0,2.0,2,3,4,3,4,3,4,3,2,2,2,2,2,3,3,2,4,4,4,4,3,4,3,4,1,1,1,1,1,2,1,5496,gemini,2024,여성,4
3,1,1.0,1.0,2.0,2,4,4,3,4,3,4,3,2,2,2,2,2,3,3,2,4,4,4,4,3,3,3,3,1,1,1,1,1,2,1,5497,gemini,2024,여성,4
3,1,1.0,1.0,2.0,2,3,4,3,4,3,4,3,2,2,2,2,2,3,3,2,4,4,4,4,3,3,3,4,1,1,1,1,1,2,1,5498,gemini,2024,여성,4
3,1,1.0,1.0,2.0,2,3,4,3,4,3,4,3,2,2,2,2,2,3,3,2,4,4,4,4,3,3,3,4,1,1,1,1,1,2,1,5499,gemini,2024,여성,4
3,1,1.0,1.0,2.0,2,3,4,3,4,3,4,3,2,2,2,2,2,3,3,2,4,4,4,4,3,3,3,4,1,1,1,1,1,2,1,5500,gemini,2024,여성,4
3,1,1.0,1.0,2.0,2,3,4,3,4,3,4,3,2,2,2,2,2,3,3,2,4,4,4,4,3,4,3,4,1,1,1,1,1,2,1,5501,gemini,2024,여성,4
3,1,1.0,1.0,2.0,2,3,4,3,4,3,4,3,2,2,2,2,2,3,3,2,4,4,4,4,3,3,3,4,1,1,1,1,1,2,1,5502,gemini,2024,여성,4
3,1,1.0,1.0,2.0,2,3,4,3,4,3,4,3,2,2,2,2,2,3,3,2,4,4,4,4,3,3,3,4,1,1,1,1,1,2,1,5503,gemini,2024,여성,4
3,1,1.0,1.0,2.0,2,3,4,3,4,3,4,3,2,2,2,2,2,3,3,2,4,4,4,4,3,4,3,4,1,1,1,1,1,2,1,5504,gemini,2024,여성,4
3,1,1.0,1.0,2.0,2,3,4,3,4,3,4,3,2,2,2,2,2,3,3,2,4,4,4,4,3,3,3,4,1,1,1,1,1,2,1,5505,gemini,2024,여성,4
3,1,1.0,1.0,2.0,2,3,4,3,4,3,4,3,2,2,2,2,2,3,3,2,4,4,4,4,3,4,3,4,1,1,1,1,1,2,1,5506,gemini,2024,여성,4
3,1,1.0,1.0,2.0,3,4,4,4,4,3,4,3,2,2,2,2,2,3,3,2,4,4,4,4,3,4,3,4,1,1,1,1,1,2,1,5507,gemini,2024,여성,4
3,1,1.0,1.0,2.0,2,4,4,3,4,3,4,3,2,2,2,2,2,3,3,2,4,4,4,4,3,3,3,4,1,1,1,1,1,2,1,5508,gemini,2024,여성,4
3,1,1.0,1.0,2.0,2,3,4,3,4,3,4,3,2,2,2,2,2,3,3,2,4,4,4,4,3,3,3,4,1,1,1,1,1,2,1,5509,gemini,2024,여성,4
3,1,1.0,1.0,2.0,2,3,4,3,4,3,4,3,2,2,2,2,2,3,3,2,4,4,4,4,3,4,3,4,1,1,1,1,1,2,1,5510,gemini,2024,여성,4
3,1,1.0,1.0,2.0,2,3,4,3,4,3,4,3,2,2,2,2,2,3,3,3,4,4,4,4,3,3,3,4,1,1,1,1,1,2,1,5511,gemini,2024,여성,4
3,1,1.0,1.0,2.0,2,4,4,3,4,3,4,3,2,2,2,2,2,3,3,2,4,4,4,4,3,3,3,4,1,1,1,1,1,2,1,5512,gemini,2024,여성,4
3,1,1.0,1.0,2.0,2,3,4,3,4,3,4,3,2,2,2,2,2,3,3,2,4,4,4,4,3,4,3,4,1,1,1,1,1,2,1,5513,gemini,2024,여성,4
3,1,1.0,1.0,2.0,2,3,4,3,4,3,4,3,2,2,2,2,2,3,3,2,4,4,4,4,3,3,3,4,1,1,1,1,1,2,1,5514,gemini,2024,여성,4
3,1,1.0,1.0,2.0,2,3,4,3,4,3,4,3,2,2,2,2,2,3,3,2,4,4,4,4,3,3,3,4,1,1,1,1,1,2,1,5515,gemini,2024,여성,4
3,1,1.0,1.0,2.0,2,3,4,3,4,3,4,3,2,2,2,2,2,3,3,2,4,4,4,4,3,3,3,4,1,1,1,1,1,2,1,5516,gemini,2024,여성,4
3,1,1.0,1.0,2.0,2,3,4,3,4,3,4,4,2,2,2,2,2,3,3,2,4,4,4,4,3,4,3,4,1,1,1,1,1,2,1,5517,gemini,2024,여성,4
3,1,1.0,1.0,2.0,3,4,4,4,4,3,4,3,2,2,2,2,2,3,3,2,4,4,4,4,3,4,3,4,1,1,1,1,1,2,1,5518,gemini,2024,여성,4
3,1,1.0,1.0,2.0,2,3,4,3,4,3,4,3,2,2,2,2,2,3,3,2,4,4,4,4,3,3,3,4,1,1,1,1,1,2,1,5519,gemini,2024,여성,4
3,1,1.0,1.0,2.0,2,3,4,3,4,3,4,3,2,2,2,2,2,3,3,2,4,4,4,4,3,4,3,4,1,1,1,1,1,2,1,5520,gemini,2024,여성,4
3,1,1.0,1.0,2.0,2,4,4,3,4,3,4,3,2,2,2,2,2,3,3,2,4,4,4,4,3,4,3,4,1,1,1,1,1,2,1,5521,gemini,2024,여성,4
3,1,1.0,1.0,2.0,2,3,4,3,4,3,4,3,2,2,2,2,2,3,3,2,4,4,4,4,3,3,3,4,1,1,1,1,1,2,1,5522,gemini,2024,여성,4
3,1,1.0,1.0,2.0,2,3,4,3,4,3,4,3,2,2,2,2,2,3,3,2,4,4,4,4,3,3,3,4,1,1,1,1,1,2,1,5523,gemini,2024,여성,4
3,1,1.0,1.0,2.0,2,3,4,3,4,3,4,3,2,2,2,2,2,3,3,2,4,4,4,4,3,3,3,4,1,1,1,1,1,2,1,5524,gemini,2024,여성,4
3,1,1.0,1.0,2.0,3,4,4,4,4,3,4,3,2,2,2,2,2,3,3,2,4,4,4,4,3,4,3,3,1,1,1,1,1,2,1,5525,gemini,2024,여성,4
3,1,1.0,1.0,2.0,3,4,4,4,4,3,4,4,3,2,3,3,2,3,3,3,4,4,4,4,3,4,3,4,1,1,1,1,1,2,1,5526,gemini,2024,여성,4
3,1,1.0,1.0,2.0,2,3,4,3,4,3,4,3,2,2,2,2,2,3,3,2,4,4,4,4,3,3,3,4,1,1,1,1,1,2,1,5527,gemini,2024,여성,4
3,1,1.0,1.0,2.0,2,3,4,3,4,3,4,3,2,2,2,2,2,3,3,2,4,4,4,4,3,3,3,4,1,1,1,1,1,2,1,5528,gemini,2024,여성,4
3,1,1.0,1.0,2.0,2,3,4,3,4,3,4,3,2,2,2,2,2,3,3,2,4,4,4,4,3,3,3,4,1,1,1,1,1,2,1,5529,gemini,2024,여성,4
3,1,1.0,1.0,2.0,3,4,4,3,4,4,4,3,2,2,2,2,2,3,3,3,4,4,4,4,3,3,3,4,1,1,1,1,1,2,1,5530,gemini,2024,여성,4
3,1,1.0,1.0,2.0,2,3,4,3,4,3,4,3,2,2,2,2,2,3,3,2,4,4,4,4,3,4,3,4,1,1,1,1,1,2,1,5531,gemini,2024,여성,4
3,1,1.0,1.0,2.0,2,3,4,3,4,3,4,3,3,2,2,2,2,3,3,2,4,4,4,4,3,4,3,4,1,1,1,1,1,2,1,5532,gemini,2024,여성,4
3,1,1.0,1.0,2.0,2,3,4,3,4,3,4,3,2,2,2,2,2,3,3,2,4,4,4,4,3,3,3,4,1,1,1,1,1,2,1,5533,gemini,2024,여성,4
3,1,1.0,1.0,2.0,2,4,4,3,4,3,4,3,2,2,2,2,2,3,3,2,4,4,4,4,3,3,3,4,1,1,1,1,1,2,1,5534,gemini,2024,여성,4
3,1,1.0,1.0,2.0,2,4,4,3,4,3,4,3,2,2,2,2,2,3,3,2,4,4,4,4,3,3,3,4,1,1,1,1,1,2,1,5535,gemini,2024,여성,4
3,1,1.0,1.0,2.0,2,3,4,3,4,3,4,3,2,2,2,2,2,3,3,2,4,4,4,4,3,3,3,4,1,1,1,1,1,2,1,5536,gemini,2024,여성,4
3,1,1.0,1.0,2.0,3,4,4,4,4,4,4,4,3,2,3,3,2,3,3,3,4,4,4,4,3,4,3,4,1,1,1,1,1,2,1,5537,gemini,2024,여성,4
3,1,1.0,1.0,2.0,2,3,4,3,4,3,4,3,2,2,2,2,2,3,3,2,4,4,4,4,3,4,3,4,1,1,1,1,1,2,1,5538,gemini,2024,여성,4
3,1,1.0,1.0,2.0,2,3,4,3,4,3,4,3,2,2,2,2,2,3,3,2,4,4,4,4,3,3,3,4,1,1,1,1,1,2,1,5539,gemini,2024,여성,4
3,1,1.0,1.0,2.0,3,4,4,4,4,4,4,4,3,2,3,3,2,3,3,3,4,4,4,4,3,4,3,4,1,1,1,1,1,2,1,5540,gemini,2024,여성,4
3,1,1.0,1.0,2.0,2,3,4,3,4,3,4,3,2,2,2,2,2,3,3,2,4,4,4,4,3,3,3,3,1,1,1,1,1,2,1,5541,gemini,2024,여성,4
3,1,1.0,1.0,2.0,2,3,4,3,4,3,4,3,2,2,2,3,2,3,3,2,4,4,4,4,3,3,3,4,1,1,1,1,1,2,1,5542,gemini,2024,여성,4
3,1,1.0,1.0,2.0,2,3,4,3,4,4,4,3,2,2,2,2,2,3,3,2,4,4,4,4,3,3,3,4,1,1,1,1,1,2,1,5543,gemini,2024,여성,4
3,1,1.0,1.0,2.0,2,3,4,3,4,3,4,3,2,2,2,2,2,3,3,2,4,4,4,4,3,4,3,4,1,1,1,1,1,2,1,5544,gemini,2024,여성,4
3,1,1.0,1.0,2.0,2,3,4,3,4,3,4,3,2,2,2,2,2,3,3,2,4,4,4,4,3,4,3,4,1,1,1,1,1,2,1,5545,gemini,2024,여성,4
3,1,1.0,1.0,2.0,2,3,4,3,4,4,4,3,2,2,2,2,2,3,3,2,4,4,4,4,3,4,3,4,1,1,1,1,1,2,1,5546,gemini,2024,여성,4
3,1,1.0,1.0,2.0,2,3,4,3,4,3,4,3,2,2,2,2,2,3,3,2,4,4,4,4,3,4,3,4,1,1,1,1,1,2,1,5547,gemini,2024,여성,4
3,1,1.0,1.0,2.0,2,3,4,3,4,3,4,3,2,2,2,2,2,3,3,3,4,4,4,4,3,4,3,4,1,1,1,1,1,2,1,5548,gemini,2024,여성,4
3,1,1.0,1.0,2.0,2,3,4,3,4,3,4,3,2,2,2,2,2,3,3,2,4,4,4,4,3,4,3,4,1,1,1,1,1,2,1,5549,gemini,2024,여성,4
3,1,1.0,1.0,2.0,2,4,4,3,4,3,4,3,2,2,2,2,2,3,3,2,4,4,4,4,3,3,3,4,1,1,1,1,1,2,1,5550,gemini,2024,여성,4
3,1,1.0,1.0,2.0,2,3,4,3,4,3,4,3,2,2,2,2,2,3,3,2,4,4,4,4,3,3,3,4,1,1,1,1,1,2,1,5551,gemini,2024,여성,4
3,1,1.0,1.0,2.0,3,4,4,4,4,3,4,3,2,2,2,2,2,3,3,3,4,4,4,4,3,4,3,4,1,1,1,1,1,2,1,5552,gemini,2024,여성,4
3,1,1.0,1.0,2.0,2,4,4,3,4,3,4,4,2,2,2,2,2,3,3,2,4,4,4,4,3,3,3,4,1,1,1,1,1,2,1,5553,gemini,2024,여성,4
3,1,1.0,1.0,2.0,2,3,3,3,4,4,4,3,2,2,2,2,2,3,3,2,4,4,4,4,3,3,3,4,1,1,1,1,1,2,1,5554,gemini,2024,여성,4
3,1,1.0,1.0,2.0,2,4,4,3,4,3,4,3,2,2,2,2,2,3,3,2,4,4,4,4,3,3,3,4,1,1,1,1,1,2,1,5555,gemini,2024,여성,4
3,1,1.0,1.0,2.0,2,3,4,3,4,3,4,3,2,2,2,2,2,3,3,2,4,4,4,4,3,4,3,4,1,1,1,1,1,2,1,5556,gemini,2024,여성,4
3,1,1.0,1.0,2.0,2,4,4,3,4,3,4,3,2,2,2,2,2,3,3,2,4,4,4,4,3,3,3,4,1,1,1,1,1,2,1,5557,gemini,2024,여성,4
3,1,1.0,1.0,2.0,2,3,4,3,4,3,4,3,2,2,2,2,2,3,3,2,4,4,4,4,3,4,3,4,1,1,1,1,1,2,1,5558,gemini,2024,여성,4
3,1,1.0,1.0,2.0,2,3,4,3,4,3,4,3,2,2,2,2,2,3,3,2,4,4,4,4,3,3,3,4,1,1,1,1,1,2,1,5559,gemini,2024,여성,4
3,1,1.0,1.0,2.0,2,3,4,3,4,3,4,3,2,2,2,2,2,3,3,2,4,4,4,4,3,3,3,4,1,1,1,1,1,2,1,5560,gemini,2024,여성,4
3,1,1.0,1.0,2.0,3,4,4,4,4,3,4,3,2,2,2,2,2,3,3,2,4,4,4,4,3,4,3,4,1,1,1,1,1,2,1,5561,gemini,2024,여성,4
3,1,1.0,1.0,2.0,2,3,4,3,4,3,4,3,2,2,2,2,2,3,3,2,4,4,4,4,3,3,3,4,1,1,1,1,1,2,1,5562,gemini,2024,여성,4
3,1,1.0,1.0,2.0,2,3,4,3,4,3,4,4,2,2,2,2,2,3,3,3,4,4,4,4,3,3,3,4,1,1,1,1,1,2,1,5563,gemini,2024,여성,4
3,1,1.0,1.0,2.0,2,3,4,3,4,3,4,4,2,2,2,2,2,3,3,3,4,4,4,4,3,3,3,4,1,1,1,1,1,2,1,5564,gemini,2024,여성,4
3,1,1.0,1.0,2.0,2,4,4,3,4,3,4,3,2,2,2,2,2,3,3,2,4,4,4,4,3,3,3,3,1,1,1,1,1,2,1,5565,gemini,2024,여성,4
3,1,1.0,1.0,2.0,3,4,4,4,4,3,4,4,3,2,3,3,2,3,3,3,4,4,4,4,3,4,3,4,1,1,1,1,1,2,1,5566,gemini,2024,여성,4
3,1,1.0,1.0,2.0,2,4,4,3,4,3,4,3,2,2,2,2,2,3,3,2,4,4,4,4,3,3,3,4,1,1,1,1,1,2,1,5567,gemini,2024,여성,4
3,1,1.0,1.0,2.0,2,4,4,3,4,3,4,3,2,2,2,2,2,3,3,2,4,4,4,4,3,3,3,4,1,1,1,1,1,2,1,5568,gemini,2024,여성,4
3,1,1.0,1.0,2.0,3,4,4,4,4,3,4,3,2,2,2,2,2,3,3,3,4,4,4,4,3,4,3,3,1,1,1,1,1,2,1,5569,gemini,2024,여성,4
3,1,1.0,1.0,2.0,3,4,4,4,4,3,4,3,2,2,2,2,2,3,3,3,4,4,4,4,3,3,3,3,1,1,1,1,1,2,1,5570,gemini,2024,여성,4
3,1,1.0,1.0,2.0,2,4,4,3,4,3,4,3,2,2,2,2,2,3,3,2,4,4,4,4,3,3,3,3,1,1,1,1,1,2,1,5571,gemini,2024,여성,4
3,1,1.0,1.0,2.0,2,3,4,3,4,3,4,3,2,2,2,2,2,3,3,2,4,4,4,4,3,4,3,4,1,1,1,1,1,2,1,5572,gemini,2024,여성,4
3,1,1.0,1.0,2.0,2,3,4,3,4,3,4,3,2,2,2,2,2,3,3,2,4,4,4,4,3,3,3,4,1,1,1,1,1,2,1,5573,gemini,2024,여성,4
3,1,1.0,1.0,2.0,2,3,4,3,4,3,4,4,2,2,2,2,2,3,3,3,4,4,4,4,3,4,3,4,1,1,1,1,1,2,1,5574,gemini,2024,여성,4
3,1,1.0,1.0,2.0,2,3,4,3,4,3,4,3,2,2,2,2,2,3,3,2,4,4,4,4,3,3,3,4,1,1,1,1,1,2,1,5575,gemini,2024,여성,4
3,1,1.0,1.0,2.0,2,4,4,3,4,3,4,3,2,2,2,2,2,3,3,2,4,4,4,4,3,3,3,4,1,1,1,1,1,2,1,5576,gemini,2024,여성,4
3,1,1.0,1.0,2.0,3,4,4,4,4,3,4,3,2,2,2,2,2,3,3,2,4,4,4,4,3,4,3,4,1,1,1,1,1,2,1,5577,gemini,2024,여성,4
3,1,1.0,1.0,2.0,2,3,4,3,4,3,4,3,2,2,2,2,2,3,3,2,4,4,4,4,3,3,3,4,1,1,1,1,1,2,1,5578,gemini,2024,여성,4
3,1,1.0,1.0,2.0,2,3,4,3,4,3,4,3,2,2,2,2,2,3,3,2,4,4,4,4,3,3,3,4,1,1,1,1,1,2,1,5579,gemini,2024,여성,4
3,1,1.0,1.0,2.0,2,3,4,3,4,3,4,3,2,2,2,2,2,3,3,2,4,4,4,4,3,3,3,4,1,1,1,1,1,2,1,5580,gemini,2024,여성,4
3,1,1.0,1.0,2.0,2,3,4,3,4,3,4,3,2,2,2,2,2,3,3,3,4,4,4,4,3,3,3,4,1,1,1,1,1,2,1,5581,gemini,2024,여성,4
3,1,1.0,1.0,2.0,2,3,4,3,4,3,4,3,2,2,2,2,2,3,3,2,4,4,4,4,3,3,3,4,1,1,1,1,1,2,1,5582,gemini,2024,여성,4
3,1,1.0,1.0,2.0,3,4,4,4,4,3,4,3,2,2,2,3,2,3,3,3,4,4,4,4,3,4,3,4,1,1,1,1,1,2,1,5583,gemini,2024,여성,4
3,1,1.0,1.0,2.0,2,3,4,3,4,3,4,3,2,2,2,2,2,3,3,2,4,4,4,4,3,4,3,4,1,1,1,1,1,2,1,5584,gemini,2024,여성,4
3,1,1.0,1.0,2.0,2,3,4,3,4,3,4,3,2,2,2,2,2,3,3,2,4,4,4,4,3,4,3,4,1,1,1,1,1,2,1,5585,gemini,2024,여성,4
3,1,1.0,1.0,2.0,2,3,4,3,4,3,4,3,2,2,2,2,2,3,3,2,4,4,4,4,3,3,3,4,1,1,1,1,1,2,1,5586,gemini,2024,여성,4
3,1,1.0,1.0,2.0,2,3,4,3,4,3,4,3,2,2,2,2,2,3,3,2,4,4,4,4,3,3,3,4,1,1,1,1,1,2,1,5587,gemini,2024,여성,4
3,1,1.0,1.0,2.0,3,4,4,4,4,3,4,3,2,2,2,2,2,3,3,2,4,4,4,4,3,3,3,4,1,1,1,1,1,2,1,5588,gemini,2024,여성,4
3,1,1.0,1.0,2.0,2,3,4,3,4,3,4,3,2,2,2,2,2,3,3,2,4,4,4,4,3,4,3,4,1,1,1,1,1,2,1,5589,gemini,2024,여성,4
3,1,1.0,1.0,2.0,2,3,3,3,4,3,4,4,2,2,2,2,2,3,3,2,4,4,4,4,3,3,3,4,1,1,1,1,1,2,1,5590,gemini,2024,여성,4
3,1,1.0,1.0,2.0,2,3,4,3,4,3,4,3,2,2,2,2,2,3,3,2,4,4,4,4,3,3,3,4,1,1,1,1,1,2,1,5591,gemini,2024,여성,4
3,1,1.0,1.0,2.0,2,3,4,3,4,3,4,3,2,2,2,2,2,3,3,2,4,4,4,4,3,4,3,4,1,1,1,1,1,2,1,5592,gemini,2024,여성,4
3,1,1.0,1.0,2.0,3,4,4,4,4,3,4,3,2,2,2,2,2,3,3,3,4,4,4,4,3,4,3,4,1,1,1,1,1,2,1,5593,gemini,2024,여성,4
3,1,1.0,1.0,2.0,2,3,4,3,4,3,4,3,2,2,2,2,2,3,3,2,4,4,4,4,3,3,3,4,1,1,1,1,1,2,1,5594,gemini,2024,여성,4
3,1,1.0,1.0,2.0,2,3,3,3,4,3,4,3,2,2,2,2,2,3,3,2,4,4,4,4,3,3,3,4,1,1,1,1,1,2,1,5595,gemini,2024,여성,4
3,1,1.0,1.0,2.0,2,3,4,3,4,3,4,3,2,2,2,2,2,3,3,2,4,4,4,4,3,4,3,4,1,1,1,1,1,2,1,5596,gemini,2024,여성,4
3,1,1.0,1.0,2.0,2,3,3,3,4,3,4,3,2,2,2,2,2,3,3,2,4,4,4,4,3,3,3,3,1,1,1,1,1,2,1,5597,gemini,2024,여성,4
3,1,1.0,1.0,2.0,2,3,4,3,4,3,4,3,2,2,2,2,2,3,3,2,4,4,4,4,3,4,3,4,1,1,1,1,1,2,1,5598,gemini,2024,여성,4
3,1,1.0,1.0,2.0,2,3,4,3,4,3,4,3,2,2,2,2,2,3,3,2,4,4,4,4,3,3,3,4,1,1,1,1,1,2,1,5599,gemini,2024,여성,4
3,1,1.0,1.0,2.0,2,3,4,3,4,3,4,3,2,2,2,2,2,3,3,2,4,4,4,4,3,3,3,4,1,1,1,1,1,2,1,5600,gemini,2024,여성,4
3,1,1.0,1.0,2.0,2,3,4,3,4,3,4,3,2,2,2,2,2,3,3,2,4,4,4,4,3,3,3,4,1,1,1,1,1,2,1,5601,gemini,2024,여성,4
3,1,1.0,1.0,2.0,2,3,4,3,4,3,4,3,2,2,2,2,2,3,3,2,4,4,4,4,3,4,3,4,1,1,1,1,1,2,1,5602,gemini,2024,여성,4
3,1,1.0,1.0,2.0,2,3,4,3,4,3,4,4,2,2,2,2,2,3,3,3,4,4,4,4,3,4,3,4,1,1,1,1,1,2,1,5603,gemini,2024,여성,4
3,1,1.0,1.0,2.0,2,3,3,3,4,3,4,3,2,2,2,2,2,3,3,2,4,4,4,4,3,3,3,4,1,1,1,1,1,2,1,5604,gemini,2024,여성,4
3,1,1.0,1.0,2.0,2,4,4,3,4,3,4,3,2,2,2,2,2,3,3,2,4,4,4,4,3,3,3,4,1,1,1,1,1,2,1,5605,gemini,2024,여성,4
3,1,1.0,1.0,2.0,3,4,4,4,4,3,4,3,2,2,2,2,2,3,3,3,4,4,4,4,3,4,3,4,1,1,1,1,1,2,1,5606,gemini,2024,여성,4
3,1,1.0,1.0,2.0,2,3,4,3,4,3,4,3,2,2,2,2,2,3,3,2,4,4,4,4,3,4,3,4,1,1,1,1,1,2,1,5607,gemini,2024,여성,4
3,1,1.0,1.0,2.0,2,3,4,3,4,3,4,3,2,2,2,2,2,3,3,2,4,4,4,4,3,4,3,4,1,1,1,1,1,2,1,5608,gemini,2024,여성,4
3,1,1.0,1.0,2.0,2,3,4,3,4,3,4,3,2,2,2,2,2,3,3,2,4,4,4,4,3,4,3,4,1,1,1,1,1,2,1,5609,gemini,2024,여성,4
3,1,1.0,1.0,2.0,2,4,4,3,4,3,4,3,2,2,2,2,2,3,3,2,4,4,4,4,3,3,3,3,1,1,1,1,1,2,1,5610,gemini,2024,여성,4
3,1,1.0,1.0,2.0,3,4,4,4,4,3,4,3,2,2,2,2,2,3,3,3,4,4,4,4,3,4,3,4,1,1,1,1,1,2,1,5611,gemini,2024,여성,4
3,1,1.0,1.0,2.0,2,3,4,3,4,3,4,3,2,2,2,2,2,3,3,2,4,4,4,4,3,3,3,3,1,1,1,1,1,2,1,5612,gemini,2024,여성,4
3,1,1.0,1.0,2.0,2,3,4,3,4,3,4,3,2,2,2,2,2,3,3,2,4,4,4,4,3,3,3,3,1,1,1,1,1,2,1,5613,gemini,2024,여성,4
3,1,1.0,1.0,2.0,2,3,4,3,4,3,4,3,2,2,2,2,2,3,3,2,4,4,4,4,3,4,3,4,1,1,1,1,1,2,1,5614,gemini,2024,여성,4
3,1,1.0,1.0,2.0,2,3,4,3,4,3,4,3,2,2,2,2,2,3,3,2,4,4,4,4,3,3,3,4,1,1,1,1,1,2,1,5615,gemini,2024,여성,4
3,1,1.0,1.0,2.0,2,3,4,3,4,3,4,3,2,2,2,2,2,3,3,2,4,4,4,4,3,4,3,4,1,1,1,1,1,2,1,5616,gemini,2024,여성,4
3,1,1.0,1.0,2.0,2,3,4,3,4,3,4,3,2,2,2,2,2,3,3,2,4,4,4,4,3,3,3,4,1,1,1,1,1,2,1,5617,gemini,2024,여성,4
3,1,1.0,1.0,2.0,2,3,4,3,4,3,4,3,2,2,2,2,2,3,3,2,4,4,4,4,3,4,3,4,1,1,1,1,1,2,1,5618,gemini,2024,여성,4
3,1,1.0,1.0,2.0,2,3,4,3,4,3,4,4,2,2,2,2,2,3,3,2,4,4,4,4,3,3,3,4,1,1,1,1,1,2,1,5619,gemini,2024,여성,4
3,1,1.0,1.0,2.0,2,4,4,3,4,3,4,3,3,2,2,3,2,3,3,3,4,4,4,4,3,4,3,3,1,1,1,1,1,2,1,5620,gemini,2024,여성,4
3,1,1.0,1.0,2.0,2,3,4,3,4,3,4,3,2,2,2,2,2,3,3,2,4,4,4,4,3,3,3,4,1,1,1,1,1,2,1,5621,gemini,2024,여성,4
3,1,1.0,1.0,2.0,2,3,4,3,4,3,4,3,2,2,2,2,2,3,3,2,4,4,4,4,3,4,3,4,1,1,1,1,1,2,1,5622,gemini,2024,여성,4
3,1,1.0,1.0,2.0,3,4,4,4,4,3,4,3,2,2,2,2,2,3,3,3,4,4,4,4,3,4,3,4,1,1,1,1,1,2,1,5623,gemini,2024,여성,4
3,1,1.0,1.0,2.0,2,3,4,3,4,3,4,3,2,2,2,2,2,3,3,2,4,4,4,4,3,3,3,3,1,1,1,1,1,2,1,5624,gemini,2024,여성,4
3,1,1.0,1.0,2.0,2,3,4,3,4,3,4,3,2,2,2,2,2,3,3,2,4,4,4,4,3,4,3,4,1,1,1,1,1,2,1,5625,gemini,2024,여성,4
3,1,1.0,1.0,2.0,2,3,4,3,4,3,4,3,2,2,2,2,2,3,3,2,4,4,4,4,3,3,3,3,1,1,1,1,1,2,1,5626,gemini,2024,여성,4
3,1,1.0,1.0,2.0,2,3,4,3,4,3,4,3,2,2,2,2,2,3,3,2,4,4,4,4,3,4,3,4,1,1,1,1,1,2,1,5627,gemini,2024,여성,4
3,1,1.0,1.0,2.0,2,3,4,3,4,3,4,3,2,2,2,2,2,3,3,2,4,4,4,4,3,3,3,4,1,1,1,1,1,2,1,5628,gemini,2024,여성,4
3,1,1.0,1.0,2.0,3,4,4,4,4,3,4,3,3,2,3,3,2,3,3,3,4,4,4,4,3,4,3,4,1,1,1,1,1,2,1,5629,gemini,2024,여성,4
3,1,1.0,1.0,2.0,2,4,4,3,4,3,4,3,2,2,2,2,2,3,3,2,4,4,4,4,3,3,3,4,1,1,1,1,1,2,1,5630,gemini,2024,여성,4
3,1,1.0,1.0,2.0,3,4,4,4,4,3,4,3,2,2,2,2,2,3,3,3,4,4,4,4,3,4,3,4,1,1,1,1,1,2,1,5631,gemini,2024,여성,4
3,1,1.0,1.0,2.0,2,3,4,3,4,3,4,3,2,2,2,2,2,3,3,2,4,4,4,4,3,4,3,4,1,1,1,1,1,2,1,5632,gemini,2024,여성,4
3,1,1.0,1.0,2.0,2,3,4,3,4,3,4,3,2,2,2,2,2,3,3,2,4,4,4,4,3,3,3,4,1,1,1,1,1,2,1,5633,gemini,2024,여성,4
3,1,1.0,1.0,2.0,2,3,4,3,4,3,4,3,2,2,2,2,2,3,3,2,4,4,4,4,3,4,3,4,1,1,1,1,1,2,1,5634,gemini,2024,여성,4
3,1,1.0,1.0,2.0,2,3,4,4,4,3,4,3,2,2,2,2,2,3,3,2,4,4,4,4,3,4,3,4,1,1,1,1,1,2,1,5635,gemini,2024,여성,4
3,1,1.0,1.0,2.0,2,4,4,3,4,3,4,3,2,2,2,2,2,3,3,2,4,4,4,4,3,4,3,4,1,1,1,1,1,2,1,5636,gemini,2024,여성,4
3,1,1.0,1.0,2.0,2,3,4,3,4,3,4,3,2,2,2,2,2,3,3,2,4,4,4,4,3,4,3,4,1,1,1,1,1,2,1,5637,gemini,2024,여성,4
3,1,1.0,1.0,2.0,3,4,4,4,4,3,4,3,2,2,2,2,2,3,3,3,4,4,4,4,3,4,3,4,1,1,1,1,1,2,1,5638,gemini,2024,여성,4
3,1,1.0,1.0,2.0,2,3,4,3,4,3,4,3,2,2,2,2,2,3,3,2,4,4,4,4,3,3,3,4,1,1,1,1,1,2,1,5639,gemini,2024,여성,4
3,1,1.0,1.0,2.0,3,4,4,4,4,3,4,3,3,2,3,3,2,3,3,3,4,4,4,4,3,4,3,4,1,1,1,1,1,2,1,5640,gemini,2024,여성,4
3,1,1.0,1.0,2.0,2,4,4,3,4,3,4,3,2,2,2,2,2,3,3,2,4,4,4,4,3,3,3,4,1,1,1,1,1,2,1,5641,gemini,2024,여성,4
3,1,1.0,1.0,2.0,2,3,4,3,4,3,4,3,2,2,2,2,2,3,3,2,4,4,4,4,3,3,3,4,1,1,1,1,1,2,1,5642,gemini,2024,여성,4
3,1,1.0,1.0,2.0,2,3,4,3,4,3,4,3,2,2,2,2,2,3,3,2,4,4,4,4,3,4,3,4,1,1,1,1,1,2,1,5643,gemini,2024,여성,4
3,1,1.0,1.0,2.0,2,4,4,3,4,3,4,3,2,2,2,2,2,3,3,2,4,4,4,4,3,3,3,3,1,1,1,1,1,2,1,5644,gemini,2024,여성,4
3,1,1.0,1.0,2.0,2,4,4,3,4,3,4,3,2,2,2,2,2,3,3,2,4,4,4,4,3,3,3,4,1,1,1,1,1,2,1,5645,gemini,2024,여성,4
3,1,1.0,1.0,2.0,2,3,4,3,4,3,4,3,2,2,2,2,2,3,3,2,4,4,4,4,3,3,3,4,1,1,1,1,1,2,1,5646,gemini,2024,여성,4
3,1,1.0,1.0,2.0,2,4,4,3,4,3,4,3,2,2,2,2,2,3,3,2,4,4,4,4,3,3,3,4,1,1,1,1,1,2,1,5647,gemini,2024,여성,4
3,1,1.0,1.0,2.0,2,3,4,3,4,3,4,3,2,2,2,2,2,3,3,2,4,4,4,4,3,3,3,4,1,1,1,1,1,2,1,5648,gemini,2024,여성,4
3,1,1.0,1.0,2.0,2,4,4,3,4,3,4,3,2,2,2,2,2,3,3,2,4,4,4,4,3,3,3,4,1,1,1,1,1,2,1,5649,gemini,2024,여성,4
3,1,1.0,1.0,2.0,2,3,4,3,4,3,4,3,2,2,2,2,2,3,3,2,4,4,4,4,3,3,3,4,1,1,1,1,1,2,1,5650,gemini,2024,여성,4
3,1,1.0,1.0,2.0,2,3,4,3,4,3,4,3,2,2,2,2,2,3,3,2,4,4,4,4,3,3,3,4,1,1,1,1,1,2,1,5651,gemini,2024,여성,4
3,1,1.0,1.0,2.0,2,3,4,3,4,3,4,3,2,2,2,2,2,3,3,2,4,4,4,4,3,4,3,4,1,1,1,1,1,2,1,5652,gemini,2024,여성,4
3,1,1.0,1.0,2.0,2,3,4,3,4,3,4,3,2,2,2,2,2,3,3,2,4,4,4,4,3,3,3,4,1,1,1,1,1,2,1,5653,gemini,2024,여성,4
3,1,1.0,1.0,2.0,2,3,4,3,4,3,4,3,2,2,2,2,2,3,3,2,4,4,4,4,3,4,3,4,1,1,1,1,1,2,1,5654,gemini,2024,여성,4
3,1,1.0,1.0,2.0,2,4,4,3,4,3,4,3,2,2,2,2,2,3,3,2,4,4,4,4,3,3,3,4,1,1,1,1,1,2,1,5655,gemini,2024,여성,4
3,1,1.0,1.0,2.0,2,3,4,3,4,3,4,3,2,2,2,2,2,3,3,2,4,4,4,4,3,3,3,4,1,1,1,1,1,2,1,5656,gemini,2024,여성,4
3,1,1.0,1.0,2.0,2,3,4,3,4,3,4,3,2,2,2,2,2,3,3,2,4,4,4,4,3,4,3,4,1,1,1,1,1,2,1,5657,gemini,2024,여성,4
3,1,1.0,1.0,2.0,3,4,4,3,4,3,4,3,2,2,2,2,2,3,3,2,4,4,4,4,3,3,3,4,1,1,1,1,1,2,1,5658,gemini,2024,여성,4
3,1,1.0,1.0,2.0,3,4,4,4,4,3,4,3,3,2,3,3,2,3,3,3,4,4,4,4,3,4,3,4,1,1,1,1,1,2,1,5659,gemini,2024,여성,4
3,1,1.0,1.0,2.0,2,3,4,3,4,3,4,3,2,2,2,2,2,3,3,2,4,4,4,4,3,3,3,4,1,1,1,1,1,2,1,5660,gemini,2024,여성,4
3,1,1.0,1.0,2.0,2,4,4,3,4,3,4,3,2,2,2,2,2,3,3,2,4,4,4,4,3,3,3,4,1,1,1,1,1,2,1,5661,gemini,2024,여성,4
3,1,1.0,1.0,2.0,3,4,4,4,4,3,4,3,2,2,2,3,2,3,3,2,4,4,4,4,3,4,3,4,1,1,1,1,1,2,1,5662,gemini,2024,여성,4
3,1,1.0,1.0,2.0,3,4,4,4,4,3,4,3,3,2,3,3,2,3,3,3,4,4,4,4,3,4,3,4,1,1,1,1,1,2,1,5663,gemini,2024,여성,4
3,1,1.0,1.0,2.0,2,3,4,3,4,3,4,3,2,2,2,2,2,3,3,2,4,4,4,4,3,4,3,4,1,1,1,1,1,2,1,5664,gemini,2024,여성,4
3,1,1.0,1.0,2.0,2,3,4,3,4,4,4,3,2,2,2,2,2,3,3,3,4,4,4,4,3,3,3,4,1,1,1,1,1,2,1,5665,gemini,2024,여성,4
3,1,1.0,1.0,2.0,2,4,4,3,4,3,4,4,2,2,2,2,2,3,3,3,4,4,4,4,3,3,3,4,1,1,1,1,1,2,1,5666,gemini,2024,여성,4
3,1,1.0,1.0,2.0,2,3,4,3,4,3,4,3,2,2,2,2,2,3,3,2,4,4,4,4,3,3,3,4,1,1,1,1,1,2,1,5667,gemini,2024,여성,4
3,1,1.0,1.0,2.0,2,3,4,3,4,3,4,3,2,2,2,2,2,3,3,2,4,4,4,4,3,4,3,4,1,1,1,1,1,2,1,5668,gemini,2024,여성,4
3,1,1.0,1.0,2.0,3,4,4,4,4,3,4,3,2,2,2,2,2,3,3,3,4,4,4,4,3,4,3,4,1,1,1,1,1,2,1,5669,gemini,2024,여성,4
3,1,1.0,1.0,2.0,2,3,4,3,4,3,4,3,2,2,2,2,2,3,3,2,4,4,4,4,3,3,3,4,1,1,1,1,1,2,1,5670,gemini,2024,여성,4
3,1,1.0,1.0,2.0,2,3,3,3,4,3,4,3,2,2,2,2,2,3,3,2,4,4,4,4,3,3,3,4,1,1,1,1,1,2,1,5671,gemini,2024,여성,4
3,1,1.0,1.0,2.0,2,3,4,3,4,3,4,3,2,2,2,2,2,3,3,2,4,4,4,4,3,3,3,4,1,1,1,1,1,2,1,5672,gemini,2024,여성,4
3,1,1.0,1.0,2.0,2,3,4,3,4,3,4,3,2,2,2,2,2,3,3,3,4,4,4,4,3,4,3,4,1,1,1,1,1,2,1,5673,gemini,2024,여성,4
3,1,1.0,1.0,2.0,2,4,4,3,4,3,4,3,2,2,2,2,2,3,3,2,4,4,4,4,3,3,3,4,1,1,1,1,1,2,1,5674,gemini,2024,여성,4
3,1,1.0,1.0,2.0,2,3,4,3,4,3,4,3,2,2,2,2,2,3,3,2,4,4,4,4,3,3,3,4,1,1,1,1,1,2,1,5675,gemini,2024,여성,4
3,1,1.0,1.0,2.0,2,4,4,3,4,3,4,3,2,2,2,2,2,3,3,2,4,4,4,4,3,3,3,4,1,1,1,1,1,2,1,5676,gemini,2024,여성,4
3,1,1.0,1.0,2.0,3,4,4,4,4,3,4,3,2,2,2,2,2,3,3,3,4,4,4,4,3,3,3,4,1,1,1,1,1,2,1,5677,gemini,2024,여성,4
3,1,1.0,1.0,2.0,2,4,4,3,4,3,4,3,2,2,2,2,2,3,3,2,4,4,4,4,3,4,3,4,1,1,1,1,1,2,1,5678,gemini,2024,여성,4
3,1,1.0,1.0,2.0,2,3,4,3,4,3,4,3,2,2,2,2,2,3,3,2,4,4,4,4,3,3,3,4,1,1,2,1,1,2,1,5679,gemini,2024,여성,4
3,1,1.0,1.0,2.0,2,4,4,4,4,3,4,3,2,2,2,2,2,3,3,3,4,4,4,4,3,4,3,4,1,1,1,1,1,2,1,5680,gemini,2024,여성,4
3,1,1.0,1.0,2.0,2,3,4,3,4,3,4,3,2,2,2,2,2,3,3,2,4,4,4,4,3,3,3,4,1,1,1,1,1,2,1,5681,gemini,2024,여성,4
3,1,1.0,1.0,2.0,2,4,4,3,4,3,4,3,2,2,2,2,2,3,3,2,4,4,4,4,3,3,3,4,1,1,1,1,1,2,1,5682,gemini,2024,여성,4
3,1,1.0,1.0,2.0,2,3,4,3,4,4,4,3,2,2,2,3,2,3,3,3,4,4,4,4,3,4,3,4,1,1,1,1,1,2,1,5683,gemini,2024,여성,4
3,1,1.0,1.0,2.0,2,3,4,3,4,3,4,3,2,2,2,2,2,3,3,2,4,4,4,4,3,4,3,4,1,1,1,1,1,2,1,5684,gemini,2024,여성,4
3,1,1.0,1.0,2.0,2,3,4,3,4,3,4,3,2,2,2,2,2,3,3,2,4,4,4,4,3,3,3,4,1,1,1,1,1,2,1,5685,gemini,2024,여성,4
3,1,1.0,1.0,2.0,2,4,4,3,4,3,4,3,2,2,2,2,2,3,3,2,4,4,4,4,3,3,3,3,1,1,1,1,1,2,1,5686,gemini,2024,여성,4
3,1,1.0,1.0,2.0,2,3,4,3,4,3,4,3,2,2,2,2,2,3,3,2,4,4,4,4,3,3,3,4,1,1,1,1,1,2,1,5687,gemini,2024,여성,4
3,1,1.0,1.0,2.0,2,3,4,3,4,3,4,3,2,2,2,2,2,3,3,2,4,4,4,4,3,3,3,4,1,1,1,1,1,2,1,5688,gemini,2024,여성,4
3,1,1.0,1.0,2.0,2,3,4,3,4,3,4,3,2,2,2,2,2,3,3,2,4,4,4,4,3,3,3,4,1,1,1,1,1,2,1,5689,gemini,2024,여성,4
3,1,1.0,1.0,2.0,2,3,4,3,4,3,4,3,2,2,2,2,2,3,3,2,4,4,4,4,3,4,3,4,1,1,1,1,1,2,1,5690,gemini,2024,여성,4
3,1,1.0,1.0,2.0,2,3,3,3,4,4,4,4,2,2,2,2,2,3,3,3,4,4,4,4,3,3,3,3,1,1,1,1,1,2,1,5691,gemini,2024,여성,4
3,1,1.0,1.0,2.0,2,3,3,3,4,3,4,3,2,2,2,2,2,3,3,2,4,4,4,4,3,3,3,4,1,1,1,1,1,2,1,5692,gemini,2024,여성,4
3,1,1.0,1.0,2.0,2,4,4,3,4,3,4,3,2,2,2,2,2,3,3,2,4,4,4,4,3,3,3,4,1,1,1,1,1,2,1,5693,gemini,2024,여성,4
3,1,1.0,1.0,2.0,2,3,4,3,4,3,4,3,2,2,2,3,2,3,3,3,4,4,4,4,3,3,3,4,1,1,1,1,1,2,1,5694,gemini,2024,여성,4
3,1,1.0,1.0,2.0,2,3,4,3,4,3,4,3,2,2,2,2,2,3,3,2,4,4,4,4,3,4,3,4,1,1,1,1,1,2,1,5695,gemini,2024,여성,4
3,1,1.0,1.0,2.0,2,3,4,3,4,3,4,3,2,2,2,2,2,3,3,2,4,4,4,4,3,3,3,3,1,1,1,1,1,2,1,5696,gemini,2024,여성,4
3,1,1.0,1.0,2.0,3,4,4,4,4,3,4,3,2,2,2,2,2,3,3,2,4,4,4,4,3,3,3,4,1,1,1,1,1,2,1,5697,gemini,2024,여성,4
3,1,1.0,1.0,2.0,2,3,4,3,4,3,4,3,2,2,2,2,2,3,3,2,4,4,4,4,3,3,3,4,1,1,1,1,1,2,1,5698,gemini,2024,여성,4
3,1,1.0,1.0,2.0,2,3,3,3,4,3,4,3,2,2,2,2,2,3,3,2,4,4,4,4,3,3,3,4,1,1,1,1,1,2,1,5699,gemini,2024,여성,4
3,1,1.0,1.0,2.0,3,4,4,4,4,3,4,3,3,2,3,3,2,3,3,3,4,4,4,4,3,4,3,4,1,1,1,1,1,2,1,5700,gemini,2024,여성,4
3,1,1.0,1.0,2.0,2,3,4,3,4,3,4,3,2,2,2,2,2,3,3,2,4,4,4,4,3,4,3,4,1,1,1,1,1,2,1,5701,gemini,2024,여성,4
3,1,1.0,1.0,2.0,2,3,4,3,4,3,4,3,2,2,2,2,2,3,3,2,4,4,4,4,3,3,3,4,1,1,1,1,1,2,1,5702,gemini,2024,여성,4
3,1,1.0,1.0,2.0,2,3,4,3,4,3,4,3,2,2,2,2,2,3,3,2,4,4,4,4,3,4,3,4,1,1,1,1,1,2,1,5703,gemini,2024,여성,4
3,1,1.0,1.0,2.0,2,3,4,3,4,3,4,3,2,2,2,2,2,3,3,3,4,4,4,4,3,3,3,3,1,1,1,1,1,2,1,5704,gemini,2024,여성,4
3,1,1.0,1.0,2.0,3,4,4,4,4,3,4,3,2,2,2,2,2,3,3,3,4,4,4,4,3,3,3,4,1,1,1,1,1,2,1,5705,gemini,2024,여성,4
3,1,1.0,1.0,2.0,2,3,4,3,4,3,4,3,2,2,2,2,2,3,3,2,4,4,4,4,3,3,3,4,1,1,1,1,1,2,1,5706,gemini,2024,여성,4
3,1,1.0,1.0,2.0,2,3,4,3,4,3,4,3,2,2,2,2,2,3,3,2,4,4,4,4,3,3,3,4,1,1,1,1,1,2,1,5707,gemini,2024,여성,4
3,1,1.0,1.0,2.0,2,3,4,3,4,3,4,3,2,2,2,3,2,3,3,3,4,4,4,4,3,3,3,4,1,1,1,1,1,2,1,5708,gemini,2024,여성,4
3,1,1.0,1.0,2.0,2,3,4,3,4,3,4,3,2,2,2,2,2,3,3,2,4,4,4,4,3,4,3,4,1,1,1,1,1,2,1,5709,gemini,2024,여성,4
3,1,1.0,1.0,2.0,2,3,4,3,4,3,4,3,2,2,2,2,2,3,3,2,4,4,4,4,3,3,3,3,1,1,1,1,1,2,1,5710,gemini,2024,여성,4
3,1,1.0,1.0,2.0,2,4,4,3,4,3,4,3,2,2,2,2,2,3,3,2,4,4,4,4,3,3,3,4,1,1,1,1,1,2,1,5711,gemini,2024,여성,4
3,1,1.0,1.0,2.0,2,4,4,3,4,3,4,3,2,2,2,2,2,3,3,2,4,4,4,4,3,3,3,4,1,1,1,1,1,2,1,5712,gemini,2024,여성,4
3,1,1.0,1.0,2.0,3,4,4,4,4,3,4,3,3,2,2,3,2,3,3,3,4,4,4,4,3,4,3,4,1,1,1,1,1,2,1,5713,gemini,2024,여성,4
3,1,1.0,1.0,2.0,2,3,4,3,4,3,4,3,2,2,2,2,2,3,3,2,4,4,4,4,3,3,3,3,1,1,1,1,1,2,1,5714,gemini,2024,여성,4
3,1,1.0,1.0,2.0,2,3,4,3,4,3,4,3,2,2,2,2,2,3,3,2,4,4,4,4,3,3,3,4,1,1,1,1,1,2,1,5715,gemini,2024,여성,4
3,1,1.0,1.0,2.0,2,3,4,3,4,3,4,3,2,2,2,2,2,3,3,2,4,4,4,4,3,3,3,4,1,1,1,1,1,2,1,5716,gemini,2024,여성,4
3,1,1.0,1.0,2.0,2,3,3,3,4,4,4,3,2,2,2,2,2,3,3,2,4,4,4,4,3,3,3,4,1,1,1,1,1,2,1,5717,gemini,2024,여성,4
3,1,1.0,1.0,2.0,2,3,4,3,4,3,4,3,2,2,2,2,2,3,3,3,4,4,4,4,3,3,3,4,1,1,1,1,1,2,1,5718,gemini,2024,여성,4
3,1,1.0,1.0,2.0,2,3,4,3,4,3,4,3,2,2,2,2,2,3,3,2,4,4,4,4,3,3,3,4,1,1,1,1,1,2,1,5719,gemini,2024,여성,4
3,1,1.0,1.0,2.0,3,4,4,4,4,3,4,3,2,2,2,3,2,3,3,3,4,4,4,4,3,4,3,4,1,1,1,1,1,2,1,5720,gemini,2024,여성,4
3,1,1.0,1.0,2.0,2,3,4,3,4,3,4,3,2,2,2,2,2,3,3,2,4,4,4,4,3,4,3,4,1,1,1,1,1,2,1,5721,gemini,2024,여성,4
3,1,1.0,1.0,2.0,2,3,4,3,4,3,4,3,2,2,2,2,2,3,3,2,4,4,4,4,3,3,3,4,1,1,1,1,1,2,1,5722,gemini,2024,여성,4
3,1,1.0,1.0,2.0,2,4,4,3,4,3,4,3,2,2,2,2,2,3,3,2,4,4,4,4,3,4,3,4,1,1,1,1,1,2,1,5723,gemini,2024,여성,4
3,1,1.0,1.0,2.0,3,4,4,3,4,3,4,3,2,2,2,2,2,3,3,2,4,4,4,4,3,4,3,4,1,1,1,1,1,2,1,5724,gemini,2024,여성,4
3,1,1.0,1.0,2.0,2,3,4,3,4,3,4,3,2,2,2,2,2,3,3,2,4,4,4,4,3,4,3,4,1,1,1,1,1,2,1,5725,gemini,2024,여성,4
3,1,1.0,1.0,2.0,2,3,4,3,4,3,4,3,2,2,2,2,2,3,3,2,4,4,4,4,3,4,3,4,1,1,1,1,1,2,1,5726,gemini,2024,여성,4
3,1,1.0,1.0,2.0,2,4,4,3,4,3,4,3,2,2,2,2,2,3,3,2,4,4,4,4,3,4,3,4,1,1,1,1,1,2,1,5727,gemini,2024,여성,4
3,1,1.0,1.0,2.0,2,3,4,3,4,3,4,4,2,2,2,2,2,3,3,3,4,4,4,4,3,4,3,4,1,1,1,1,1,2,1,5728,gemini,2024,여성,4
3,1,1.0,1.0,2.0,3,4,4,4,4,3,4,3,2,2,2,2,2,3,3,3,4,4,4,4,3,4,3,4,1,1,1,1,1,2,1,5729,gemini,2024,여성,4
3,1,1.0,1.0,2.0,2,3,4,3,4,3,4,4,2,2,2,2,2,3,3,2,4,4,4,4,3,3,3,4,1,1,1,1,1,2,1,5730,gemini,2024,여성,4
3,1,1.0,1.0,2.0,2,3,4,3,4,3,4,3,2,2,2,2,2,3,3,3,4,4,4,4,3,4,3,3,1,1,1,1,1,2,1,5731,gemini,2024,여성,4
3,1,1.0,1.0,2.0,2,3,4,3,4,4,4,3,2,2,2,2,2,3,3,2,4,4,4,4,3,3,3,4,1,1,1,1,1,2,1,5732,gemini,2024,여성,4
3,1,1.0,1.0,2.0,2,3,4,3,4,3,4,3,2,2,2,2,2,3,3,2,4,4,4,4,3,3,3,4,1,1,1,1,1,2,1,5733,gemini,2024,여성,4
3,1,1.0,1.0,2.0,2,3,4,3,4,3,4,3,2,2,2,2,2,3,3,2,4,4,4,4,3,4,3,4,1,1,1,1,1,2,1,5734,gemini,2024,여성,4
3,1,1.0,1.0,2.0,3,4,4,4,4,3,4,3,2,2,2,2,2,3,3,3,4,4,4,4,3,3,3,4,1,1,1,1,1,2,1,5735,gemini,2024,여성,4
3,1,1.0,1.0,2.0,2,3,4,3,4,3,4,3,2,2,2,2,2,3,3,2,4,4,4,4,3,3,3,4,1,1,1,1,1,2,1,5736,gemini,2024,여성,4
3,1,1.0,1.0,2.0,2,3,4,3,4,3,4,3,2,2,2,2,2,3,3,2,4,4,4,4,3,3,3,4,1,1,1,1,1,2,1,5737,gemini,2024,여성,4
3,1,1.0,1.0,2.0,2,3,4,3,4,3,4,3,2,2,2,2,2,3,3,2,4,4,4,4,3,4,3,4,1,1,1,1,1,2,1,5738,gemini,2024,여성,4
3,1,1.0,1.0,2.0,2,4,4,3,4,3,4,3,2,2,2,2,2,3,3,2,4,4,4,4,3,3,3,4,1,1,1,1,1,2,1,5739,gemini,2024,여성,4
3,1,1.0,1.0,2.0,2,4,4,3,4,3,4,3,2,2,2,2,2,3,3,2,4,4,4,4,3,3,3,4,1,1,1,1,1,2,1,5740,gemini,2024,여성,4
3,1,1.0,1.0,2.0,2,4,4,3,4,3,4,3,2,2,2,2,2,3,3,2,4,4,4,4,3,3,3,4,1,1,1,1,1,2,1,5741,gemini,2024,여성,4
3,1,1.0,1.0,2.0,2,3,4,3,4,3,4,3,2,2,2,2,2,3,3,2,4,4,4,4,3,4,3,4,1,1,1,1,1,2,1,5742,gemini,2024,여성,4
3,1,1.0,1.0,2.0,2,3,4,3,4,3,4,3,2,2,2,2,2,3,3,2,4,4,4,4,3,3,3,4,1,1,1,1,1,2,1,5743,gemini,2024,여성,4
3,1,1.0,1.0,2.0,2,3,4,3,4,3,4,3,2,2,2,2,2,3,3,2,4,4,4,4,3,3,3,4,1,1,1,1,1,2,1,5744,gemini,2024,여성,4
3,1,1.0,1.0,2.0,2,3,4,3,4,3,4,3,2,2,2,2,2,3,3,2,4,4,4,4,3,3,3,4,1,1,1,1,1,2,1,5745,gemini,2024,여성,4
3,1,1.0,1.0,2.0,2,3,4,3,4,4,4,3,2,2,2,2,2,3,3,2,4,4,4,4,3,4,3,4,1,1,1,1,1,2,1,5746,gemini,2024,여성,4
3,1,1.0,1.0,2.0,2,3,4,3,4,3,4,3,2,2,2,2,2,3,3,2,4,4,4,4,3,3,3,3,1,1,1,1,1,2,1,5747,gemini,2024,여성,4
3,1,1.0,1.0,2.0,2,3,4,3,4,3,4,3,2,2,2,2,2,3,3,2,4,4,4,4,3,4,3,4,1,1,1,1,1,2,1,5748,gemini,2024,여성,4
3,1,1.0,1.0,2.0,2,3,4,3,4,3,4,4,2,2,2,2,2,3,3,2,4,4,4,4,3,4,3,4,1,1,1,1,1,2,1,5749,gemini,2024,여성,4
3,1,1.0,1.0,2.0,3,4,4,4,4,3,4,3,2,2,2,2,2,3,3,3,4,4,4,4,3,3,3,3,1,1,1,1,1,2,1,5750,gemini,2024,여성,4
3,1,1.0,1.0,2.0,2,4,4,3,4,3,4,3,2,2,2,2,2,3,3,2,4,4,4,4,3,3,3,4,1,1,1,1,1,2,1,5751,gemini,2024,여성,4
3,1,1.0,1.0,2.0,2,3,4,3,4,3,4,3,2,2,2,2,2,3,3,2,4,4,4,4,3,4,3,4,1,1,1,1,1,2,1,5752,gemini,2024,여성,4
3,1,1.0,1.0,2.0,2,3,4,3,4,3,4,3,2,2,2,2,2,3,3,2,4,4,4,4,3,3,3,4,1,1,1,1,1,2,1,5753,gemini,2024,여성,4
3,1,1.0,1.0,2.0,3,4,4,3,4,3,4,3,2,2,2,2,2,3,3,3,4,4,4,4,3,3,3,3,1,1,1,1,1,2,1,5754,gemini,2024,여성,4
3,1,1.0,1.0,2.0,2,3,4,3,4,3,4,3,2,2,2,2,2,3,3,2,4,4,4,4,3,3,3,4,1,1,1,1,1,2,1,5755,gemini,2024,여성,4
3,1,1.0,1.0,2.0,2,3,4,3,4,3,4,3,2,2,2,2,2,3,3,2,4,4,4,4,3,4,3,4,1,1,1,1,1,2,1,5756,gemini,2024,여성,4
3,1,1.0,1.0,2.0,2,3,4,3,4,3,4,3,2,2,2,2,2,3,3,2,4,4,4,4,3,3,3,4,1,1,1,1,1,2,1,5757,gemini,2024,여성,4
3,1,1.0,1.0,2.0,2,3,4,3,4,3,4,4,3,2,2,2,2,3,3,2,4,4,4,4,3,3,3,3,1,1,1,1,1,2,1,5758,gemini,2024,여성,4
3,1,1.0,1.0,2.0,2,3,4,3,4,3,4,3,2,2,2,2,2,3,3,2,4,4,4,4,3,4,3,4,1,1,2,1,1,2,1,5759,gemini,2024,여성,4
3,1,1.0,1.0,2.0,2,3,4,3,4,3,4,3,2,2,2,2,2,3,3,2,4,4,4,4,3,3,3,4,1,1,1,1,1,2,1,5760,gemini,2024,여성,4
3,1,1.0,1.0,2.0,2,3,4,3,4,3,4,3,2,2,2,2,2,3,3,2,4,4,4,4,3,3,3,4,1,1,1,1,1,2,1,5761,gemini,2024,여성,4
3,1,1.0,1.0,2.0,2,4,4,3,4,3,4,3,2,2,2,2,2,3,3,2,4,4,4,4,3,3,3,4,1,1,1,1,1,2,1,5762,gemini,2024,여성,4
3,1,1.0,1.0,2.0,2,3,4,3,4,3,4,3,2,2,2,2,2,3,3,2,4,4,4,4,3,4,3,4,1,1,1,1,1,2,1,5763,gemini,2024,여성,4
3,1,1.0,1.0,2.0,3,4,4,3,4,3,4,3,2,2,2,2,2,3,3,2,4,4,4,4,3,3,3,3,1,1,1,1,1,2,1,5764,gemini,2024,여성,4
3,1,1.0,1.0,2.0,3,4,4,4,4,3,4,3,2,2,2,2,2,3,3,3,4,4,4,4,3,4,3,4,1,1,1,1,1,2,1,5765,gemini,2024,여성,4
3,1,1.0,1.0,2.0,3,4,4,4,4,3,4,3,2,2,2,2,2,3,3,2,4,4,4,4,3,4,3,4,1,1,1,1,1,2,1,5766,gemini,2024,여성,4
3,1,1.0,1.0,2.0,2,3,4,3,4,3,4,3,2,2,2,2,2,3,3,2,4,4,4,4,3,3,3,4,1,1,1,1,1,2,1,5767,gemini,2024,여성,4
3,1,1.0,4.0,2.0,2,3,4,3,4,3,4,3,2,2,2,2,2,3,3,2,4,4,3,3,3,3,3,3,1,1,1,1,1,2,1,5768,gemini,2024,여성,5
3,1,1.0,1.0,2.0,2,3,3,3,4,3,4,3,2,2,2,2,1,2,3,2,4,4,3,3,3,3,3,3,1,1,1,1,1,2,1,5769,gemini,2024,여성,5
3,1,1.0,4.0,2.0,2,3,4,3,4,3,4,3,2,2,2,2,2,3,3,2,4,4,3,3,3,3,3,3,1,1,1,1,1,2,1,5770,gemini,2024,여성,5
3,1,1.0,4.0,2.0,2,3,3,3,4,3,4,3,2,2,2,2,1,2,3,2,4,4,3,3,3,3,3,3,1,1,2,1,1,2,1,5771,gemini,2024,여성,5
3,1,1.0,4.0,2.0,2,3,4,3,4,3,4,3,2,2,2,2,2,3,3,3,4,4,3,3,3,3,3,3,1,1,2,1,1,2,1,5772,gemini,2024,여성,5
3,1,1.0,4.0,2.0,2,3,3,3,4,3,4,3,2,2,2,2,1,2,3,2,4,4,3,3,3,3,3,3,1,1,1,1,1,2,1,5773,gemini,2024,여성,5
3,1,1.0,1.0,2.0,2,3,4,3,4,3,4,3,2,1,2,2,1,3,3,2,4,4,4,4,3,3,3,4,1,1,1,1,1,2,1,5774,gemini,2024,여성,5
3,1,1.0,1.0,2.0,2,3,4,3,4,3,4,4,2,2,2,2,2,3,3,3,4,4,4,4,3,3,3,4,1,1,1,1,1,2,1,5775,gemini,2024,여성,5
3,1,1.0,1.0,2.0,2,3,3,3,4,3,4,3,2,2,2,2,2,3,3,3,4,4,3,3,3,3,3,3,1,1,1,1,1,2,1,5776,gemini,2024,여성,5
3,1,1.0,4.0,2.0,2,3,3,3,4,3,4,3,2,2,2,2,2,3,3,3,4,4,3,3,3,3,3,3,1,1,1,1,1,2,1,5777,gemini,2024,여성,5
3,1,1.0,4.0,2.0,2,3,4,3,4,3,4,3,2,2,2,2,1,2,3,2,4,4,3,3,3,3,3,3,1,1,1,1,1,2,1,5778,gemini,2024,여성,5
3,1,1.0,1.0,2.0,2,3,3,3,4,3,4,3,2,2,2,2,1,3,3,2,4,4,3,3,3,3,3,3,1,1,2,1,1,2,1,5779,gemini,2024,여성,5
3,1,1.0,4.0,2.0,2,3,3,3,4,3,4,3,2,2,2,2,1,2,2,2,4,4,3,3,3,3,3,3,1,1,1,1,1,2,1,5780,gemini,2024,여성,5
3,1,1.0,1.0,2.0,2,3,3,3,4,3,4,3,2,2,2,2,2,3,3,2,4,4,3,3,3,3,3,3,1,1,1,1,1,2,1,5781,gemini,2024,여성,5
3,1,1.0,4.0,2.0,2,3,3,3,4,3,4,4,2,2,2,2,1,2,3,2,4,4,3,3,3,3,3,3,1,1,1,1,1,2,1,5782,gemini,2024,여성,5
3,1,1.0,4.0,2.0,2,3,3,3,4,3,4,3,2,2,2,2,1,2,3,2,4,4,3,3,3,3,3,3,1,1,1,1,1,2,1,5783,gemini,2024,여성,5
3,1,1.0,4.0,2.0,2,3,3,3,4,3,4,3,2,2,2,2,2,3,3,2,4,4,3,3,3,3,3,3,1,1,1,1,1,2,1,5784,gemini,2024,여성,5
3,1,1.0,4.0,2.0,2,3,3,3,4,3,4,3,2,2,2,2,1,2,3,2,4,4,3,3,3,3,3,3,1,1,1,1,1,2,1,5785,gemini,2024,여성,5
3,1,1.0,4.0,2.0,2,3,3,3,4,3,4,3,2,2,2,2,2,3,3,3,4,4,3,3,3,3,3,3,1,1,1,1,1,2,1,5786,gemini,2024,여성,5
3,1,1.0,4.0,2.0,2,3,3,3,4,3,4,3,2,2,2,2,2,3,3,2,4,4,3,3,3,3,3,3,1,1,2,1,1,2,1,5787,gemini,2024,여성,5
3,1,1.0,4.0,2.0,2,3,3,3,4,3,4,4,2,2,2,2,2,3,3,3,4,4,3,3,3,3,3,3,1,1,1,1,1,2,1,5788,gemini,2024,여성,5
3,1,1.0,4.0,2.0,2,3,3,3,4,3,4,3,2,2,2,2,1,2,3,2,4,4,3,3,3,3,3,3,1,1,2,1,1,2,1,5789,gemini,2024,여성,5
3,1,1.0,4.0,2.0,2,3,4,3,4,3,4,3,2,2,2,2,1,2,3,2,4,4,3,3,3,3,3,3,1,1,1,1,1,2,1,5790,gemini,2024,여성,5
3,1,1.0,1.0,2.0,2,3,4,3,4,3,4,3,2,2,2,2,1,2,3,2,4,4,3,3,3,3,3,3,1,1,1,1,1,2,1,5791,gemini,2024,여성,5
3,1,1.0,1.0,2.0,2,3,3,3,4,3,4,3,2,2,2,2,1,2,3,2,4,4,3,3,3,3,3,3,1,1,1,1,1,2,1,5792,gemini,2024,여성,5
3,1,1.0,4.0,2.0,2,3,3,3,4,3,4,3,2,2,2,2,2,3,3,3,4,4,4,4,3,3,3,4,1,1,1,1,1,2,1,5793,gemini,2024,여성,5
3,1,1.0,4.0,2.0,2,3,3,3,4,3,4,3,2,2,2,2,2,3,3,2,4,4,3,3,3,3,3,3,1,1,1,1,1,2,1,5794,gemini,2024,여성,5
3,1,1.0,1.0,2.0,2,3,4,3,4,3,4,3,2,2,2,2,1,2,3,2,4,4,3,3,3,3,3,3,1,1,1,1,1,2,1,5795,gemini,2024,여성,5
3,1,1.0,4.0,2.0,2,3,3,3,4,3,4,4,2,2,2,2,2,3,3,3,4,4,4,4,3,3,3,4,1,1,1,1,1,2,1,5796,gemini,2024,여성,5
3,1,1.0,4.0,2.0,2,3,3,3,4,3,4,3,2,2,2,2,2,3,3,2,4,4,3,3,3,3,3,3,1,1,1,1,1,2,1,5797,gemini,2024,여성,5
3,1,1.0,4.0,2.0,2,3,3,3,4,3,4,3,2,2,2,2,1,2,2,2,4,4,3,3,3,3,3,3,1,1,1,1,1,2,1,5798,gemini,2024,여성,5
3,1,1.0,4.0,2.0,2,3,3,3,4,3,4,3,2,2,2,2,1,2,3,2,4,4,3,3,3,3,3,3,1,1,1,1,1,2,1,5799,gemini,2024,여성,5
3,1,1.0,1.0,2.0,2,3,3,3,4,3,4,3,2,2,2,2,2,3,3,2,4,4,3,3,3,3,3,3,1,1,2,1,1,2,1,5800,gemini,2024,여성,5
3,1,1.0,4.0,2.0,2,3,3,3,4,3,4,3,2,2,2,2,1,2,3,2,4,4,3,3,3,3,3,3,1,1,1,1,1,2,1,5801,gemini,2024,여성,5
3,1,1.0,1.0,2.0,2,3,3,3,4,3,4,3,2,2,2,2,2,3,3,3,4,4,3,3,3,3,3,3,1,1,1,1,1,2,1,5802,gemini,2024,여성,5
3,1,1.0,4.0,2.0,2,3,3,3,4,3,4,3,2,2,2,2,1,2,3,2,4,4,3,3,3,3,3,3,1,1,2,1,1,2,1,5803,gemini,2024,여성,5
3,1,1.0,4.0,2.0,2,3,3,3,4,3,4,3,2,2,2,2,2,3,3,3,4,4,3,3,3,3,3,3,1,1,1,1,1,2,1,5804,gemini,2024,여성,5
3,1,1.0,4.0,2.0,2,3,3,3,4,3,4,3,2,2,2,2,1,2,3,2,4,4,3,3,3,3,3,3,1,1,2,1,1,2,1,5805,gemini,2024,여성,5
3,1,1.0,4.0,2.0,2,3,3,3,4,3,4,3,2,2,2,2,2,3,3,3,4,4,3,3,3,3,3,3,1,1,1,1,1,2,1,5806,gemini,2024,여성,5
3,1,1.0,4.0,2.0,2,3,3,3,4,3,4,3,2,2,2,2,1,2,3,2,4,4,3,3,3,3,3,3,1,1,1,1,1,2,1,5807,gemini,2024,여성,5
3,1,1.0,1.0,2.0,2,3,3,3,4,3,4,3,2,2,2,2,2,3,3,3,4,4,3,3,3,3,3,3,1,1,2,1,1,2,1,5808,gemini,2024,여성,5
3,1,1.0,4.0,2.0,2,3,3,3,4,3,4,4,2,2,2,2,2,3,3,3,4,4,4,4,3,3,3,4,1,1,1,1,1,2,1,5809,gemini,2024,여성,5
3,1,1.0,1.0,2.0,2,3,3,3,4,3,4,3,2,2,2,2,2,3,3,3,4,4,3,3,3,3,3,3,1,1,1,1,1,2,1,5810,gemini,2024,여성,5
3,1,1.0,1.0,2.0,2,4,4,3,4,3,4,4,2,2,2,2,2,3,3,3,4,4,4,4,3,3,3,4,1,1,1,1,1,2,1,5811,gemini,2024,여성,5
3,1,1.0,1.0,2.0,2,3,4,3,4,3,4,3,2,2,2,2,2,3,3,3,4,4,3,3,3,3,3,3,1,1,1,1,1,2,1,5812,gemini,2024,여성,5
3,1,1.0,4.0,2.0,2,3,3,3,4,3,4,3,2,2,2,2,2,3,3,2,4,4,3,3,3,3,3,3,1,1,1,1,1,2,1,5813,gemini,2024,여성,5
3,1,1.0,4.0,2.0,2,3,3,3,4,3,4,4,2,2,2,2,2,3,3,3,4,4,4,4,3,3,3,4,1,1,1,1,1,2,1,5814,gemini,2024,여성,5
3,1,1.0,4.0,2.0,2,3,4,3,4,3,4,3,2,2,2,2,2,3,3,2,4,4,3,3,3,3,3,3,1,1,1,1,1,2,1,5815,gemini,2024,여성,5
3,1,1.0,1.0,2.0,2,3,3,3,4,3,4,3,2,2,2,2,2,3,3,3,4,4,3,3,3,3,3,3,1,1,2,1,1,2,1,5816,gemini,2024,여성,5
3,1,1.0,4.0,2.0,2,3,3,3,4,3,4,3,2,2,2,2,1,2,2,2,4,4,3,3,3,3,3,3,1,1,1,1,1,2,1,5817,gemini,2024,여성,5
3,1,1.0,1.0,2.0,2,3,3,3,4,3,4,3,2,2,2,2,1,3,3,2,4,4,3,3,3,3,3,3,1,1,1,1,1,2,1,5818,gemini,2024,여성,5
3,1,1.0,1.0,2.0,2,3,3,3,4,3,4,3,2,2,2,2,1,2,3,2,4,4,3,3,3,3,3,3,1,1,1,1,1,2,1,5819,gemini,2024,여성,5
3,1,1.0,4.0,2.0,2,3,3,3,4,3,4,3,2,2,2,2,1,2,3,2,4,4,3,3,3,3,3,4,1,1,1,1,1,2,1,5820,gemini,2024,여성,5
3,1,1.0,4.0,2.0,2,3,3,3,4,3,4,3,2,2,2,2,2,3,3,3,4,4,4,4,3,3,3,4,1,1,1,1,1,2,1,5821,gemini,2024,여성,5
3,1,1.0,4.0,2.0,2,3,3,3,4,3,4,3,2,2,2,2,1,2,3,2,4,4,3,3,3,3,3,3,1,1,1,1,1,2,1,5822,gemini,2024,여성,5
3,1,1.0,4.0,2.0,2,3,3,3,4,3,4,3,2,1,2,2,1,2,2,2,4,4,3,3,3,3,3,3,1,1,1,1,1,2,1,5823,gemini,2024,여성,5
3,1,1.0,1.0,2.0,2,3,3,3,4,3,4,3,2,2,2,2,1,2,3,2,4,4,3,3,3,3,3,3,1,1,1,1,1,2,1,5824,gemini,2024,여성,5
3,1,1.0,4.0,2.0,2,3,4,3,4,3,4,3,2,2,2,2,1,2,3,2,4,4,3,3,3,3,3,3,1,1,2,1,1,2,1,5825,gemini,2024,여성,5
3,1,1.0,4.0,2.0,2,3,3,3,4,3,4,3,2,2,2,2,2,3,3,2,4,4,3,3,3,3,3,3,1,1,1,1,1,2,1,5826,gemini,2024,여성,5
3,1,1.0,4.0,2.0,2,3,4,3,4,3,4,3,2,2,2,2,2,3,3,2,4,4,3,3,3,3,3,3,1,1,1,1,1,2,1,5827,gemini,2024,여성,5
3,1,1.0,4.0,2.0,2,3,3,3,4,3,4,3,2,2,2,2,2,3,3,3,4,4,3,3,3,3,3,3,1,1,2,1,1,2,1,5828,gemini,2024,여성,5
3,1,1.0,1.0,2.0,2,3,3,3,4,3,4,4,2,2,2,2,2,3,3,3,4,4,3,3,3,3,3,3,1,1,1,1,1,2,1,5829,gemini,2024,여성,5
3,1,1.0,1.0,2.0,2,3,3,3,4,3,4,3,2,2,2,2,2,3,3,3,4,4,4,4,3,3,3,3,1,1,2,1,1,2,1,5830,gemini,2024,여성,5
3,1,1.0,4.0,2.0,2,3,3,3,4,3,4,3,2,2,2,2,1,2,3,2,4,4,3,3,3,3,3,3,1,1,1,1,1,2,1,5831,gemini,2024,여성,5
3,1,1.0,4.0,2.0,2,3,3,3,4,3,4,3,2,2,2,2,1,2,2,2,4,4,3,3,3,3,3,3,1,1,1,1,1,2,1,5832,gemini,2024,여성,5
3,1,1.0,1.0,2.0,2,3,4,3,4,3,4,3,2,2,2,2,2,3,3,2,4,4,4,4,3,3,3,4,1,1,1,1,1,2,1,5833,gemini,2024,여성,5
3,1,1.0,1.0,2.0,2,3,3,3,4,3,4,3,2,2,2,2,1,2,3,2,4,4,3,3,3,3,3,3,1,1,1,1,1,2,1,5834,gemini,2024,여성,5
3,1,1.0,4.0,2.0,2,3,3,3,4,3,4,3,2,2,2,2,2,3,3,2,4,4,3,3,3,3,3,3,1,1,1,1,1,2,1,5835,gemini,2024,여성,5
3,1,1.0,4.0,2.0,2,3,3,3,4,3,4,3,2,2,2,2,2,3,3,3,4,4,3,3,3,3,3,3,1,1,1,1,1,2,1,5836,gemini,2024,여성,5
3,1,1.0,4.0,2.0,2,3,3,3,4,3,4,3,2,2,2,2,1,2,3,2,4,4,3,3,3,3,3,3,1,1,2,1,1,2,1,5837,gemini,2024,여성,5
3,1,1.0,4.0,2.0,2,3,3,3,4,3,4,3,2,2,2,2,1,2,3,2,4,4,3,3,2,3,3,3,1,1,1,1,1,2,1,5838,gemini,2024,여성,5
3,1,1.0,4.0,2.0,2,3,3,3,4,3,4,3,2,2,2,2,2,3,3,2,4,4,4,4,3,3,3,4,1,1,1,1,1,2,1,5839,gemini,2024,여성,5
3,1,1.0,4.0,2.0,2,3,3,3,4,3,4,3,2,2,2,2,2,3,3,2,4,4,3,3,3,3,3,3,1,1,2,1,1,2,1,5840,gemini,2024,여성,5
3,1,1.0,1.0,2.0,2,3,3,3,4,3,4,3,2,2,2,2,2,3,3,3,4,4,4,4,3,3,3,4,1,1,2,1,1,2,1,5841,gemini,2024,여성,5
3,1,1.0,4.0,2.0,2,3,3,3,4,3,4,3,2,2,2,2,1,2,3,2,4,4,3,3,3,3,3,3,1,1,1,1,1,2,1,5842,gemini,2024,여성,5
3,1,1.0,4.0,2.0,2,3,3,3,4,3,4,3,2,2,2,2,2,3,3,2,4,4,3,3,3,3,4,4,1,1,1,1,1,2,1,5843,gemini,2024,여성,5
3,1,1.0,4.0,2.0,2,3,3,3,4,3,4,3,2,2,2,2,2,3,3,2,4,4,3,3,3,3,3,3,1,1,1,1,1,2,1,5844,gemini,2024,여성,5
3,1,1.0,1.0,2.0,2,3,3,3,4,3,4,3,2,2,2,2,2,3,3,3,4,4,3,3,3,3,3,3,1,1,1,1,1,2,1,5845,gemini,2024,여성,5
3,1,1.0,4.0,2.0,2,3,3,3,4,3,4,3,2,2,2,2,2,3,3,3,4,4,3,3,3,3,3,3,1,1,1,1,1,2,1,5846,gemini,2024,여성,5
3,1,1.0,4.0,2.0,2,3,3,3,4,3,4,3,2,2,2,2,1,2,3,2,4,4,3,3,3,3,3,3,1,1,2,1,1,2,1,5847,gemini,2024,여성,5
3,1,1.0,1.0,2.0,2,3,4,3,4,3,4,3,2,2,2,2,2,3,3,3,4,4,4,4,3,3,3,4,1,1,1,1,1,2,1,5848,gemini,2024,여성,5
3,1,1.0,4.0,2.0,2,3,3,3,4,3,4,3,2,2,2,2,1,2,3,2,4,4,3,3,3,3,3,3,1,1,1,1,1,2,1,5849,gemini,2024,여성,5
3,1,1.0,4.0,2.0,2,3,3,3,4,3,4,3,2,2,2,2,2,3,3,3,4,4,3,3,3,3,3,4,1,1,1,1,1,2,1,5850,gemini,2024,여성,5
3,1,1.0,4.0,2.0,2,3,3,3,4,3,4,3,2,2,2,2,1,2,3,2,4,4,3,3,3,3,3,3,1,1,1,1,1,2,1,5851,gemini,2024,여성,5
3,1,1.0,4.0,2.0,2,3,3,3,4,3,4,3,2,2,2,2,2,3,3,2,4,4,3,3,3,3,3,3,1,1,1,1,1,2,1,5852,gemini,2024,여성,5
3,1,1.0,4.0,2.0,2,3,3,3,4,3,4,4,2,2,2,2,1,2,3,2,4,4,3,3,3,3,3,3,1,1,1,1,1,2,1,5853,gemini,2024,여성,5
3,1,1.0,1.0,2.0,2,3,4,4,4,3,4,3,2,2,2,2,2,3,3,3,4,4,4,4,3,3,3,4,1,1,2,1,1,2,1,5854,gemini,2024,여성,5
3,1,1.0,1.0,2.0,2,3,4,3,4,3,4,3,2,2,2,2,1,2,3,2,4,4,3,3,3,3,3,3,1,1,1,1,1,2,1,5855,gemini,2024,여성,5
3,1,1.0,1.0,2.0,2,3,3,3,4,3,4,3,2,2,2,2,1,3,3,2,4,4,3,3,3,3,3,3,1,1,1,1,1,2,1,5856,gemini,2024,여성,5
3,1,1.0,4.0,2.0,2,3,3,3,4,3,4,3,2,2,2,2,2,3,3,2,4,4,3,3,3,3,3,3,1,1,1,1,1,2,1,5857,gemini,2024,여성,5
3,1,1.0,4.0,2.0,2,3,3,3,4,3,4,3,2,2,2,2,1,2,3,2,4,4,3,3,3,3,3,3,1,1,1,1,1,2,1,5858,gemini,2024,여성,5
3,1,1.0,1.0,2.0,2,3,3,3,4,3,4,3,2,2,2,2,1,2,3,2,4,4,3,3,3,3,3,3,1,1,2,1,1,2,1,5859,gemini,2024,여성,5
3,1,1.0,1.0,2.0,2,3,3,3,4,3,4,3,2,2,2,2,1,2,3,2,4,4,3,3,3,3,3,3,1,1,1,1,1,2,1,5860,gemini,2024,여성,5
3,1,1.0,4.0,2.0,2,3,3,3,4,3,4,3,2,2,2,2,1,2,3,2,4,4,3,3,3,3,3,3,1,1,1,1,1,2,1,5861,gemini,2024,여성,5
3,1,1.0,1.0,2.0,2,3,3,3,4,3,4,3,2,2,2,2,1,2,3,2,4,4,3,3,3,3,3,3,1,1,1,1,1,2,1,5862,gemini,2024,여성,5
3,1,1.0,4.0,2.0,2,3,3,3,4,3,3,3,2,2,2,2,2,3,3,2,4,4,3,3,3,3,3,3,1,1,2,1,1,2,1,5863,gemini,2024,여성,5
3,1,1.0,4.0,2.0,2,3,3,3,4,3,4,3,2,2,2,2,1,2,3,2,4,4,3,3,3,3,3,3,1,1,2,1,1,2,1,5864,gemini,2024,여성,5
3,1,1.0,4.0,2.0,2,3,3,3,4,3,4,3,2,2,2,2,1,2,3,2,4,4,3,3,3,3,3,3,1,1,1,1,1,2,1,5865,gemini,2024,여성,5
3,1,1.0,4.0,2.0,2,3,3,3,4,3,4,3,2,2,2,2,1,2,3,2,4,4,3,3,3,3,3,3,1,1,1,1,1,2,1,5866,gemini,2024,여성,5
3,1,1.0,4.0,2.0,2,3,3,3,4,3,4,3,2,2,2,2,1,2,3,2,4,4,3,3,3,3,3,3,1,1,1,1,1,2,1,5867,gemini,2024,여성,5
3,1,1.0,4.0,2.0,2,3,3,3,4,3,4,3,2,2,2,2,1,2,3,2,4,4,3,3,3,3,3,3,1,1,2,1,1,2,1,5868,gemini,2024,여성,5
3,1,1.0,4.0,2.0,2,3,3,3,4,3,4,3,2,1,2,2,1,2,2,2,4,4,3,3,3,3,3,3,1,1,1,1,1,2,1,5869,gemini,2024,여성,5
3,1,1.0,1.0,2.0,2,3,3,3,4,3,4,3,2,2,2,2,1,2,3,2,4,4,3,3,3,3,3,3,1,1,1,1,1,2,1,5870,gemini,2024,여성,5
3,1,1.0,1.0,2.0,2,4,3,4,4,3,4,3,2,2,2,2,1,3,3,2,4,4,3,3,3,3,3,3,1,1,1,1,1,2,1,5871,gemini,2024,여성,5
3,1,1.0,1.0,2.0,2,3,3,3,4,3,4,3,2,2,2,2,2,3,3,3,4,4,3,3,3,3,3,3,1,1,1,1,1,2,1,5872,gemini,2024,여성,5
3,1,1.0,4.0,2.0,2,3,3,3,4,3,4,3,2,2,2,2,2,3,3,2,4,4,3,3,3,3,3,3,1,1,1,1,1,2,1,5873,gemini,2024,여성,5
3,1,1.0,4.0,2.0,2,3,3,3,4,3,4,3,2,2,2,2,2,3,3,2,4,4,3,3,3,3,3,3,1,1,2,1,1,2,1,5874,gemini,2024,여성,5
3,1,1.0,1.0,2.0,2,3,3,3,4,3,4,3,2,2,2,2,2,3,3,3,4,4,3,3,3,3,3,3,1,1,2,1,1,2,1,5875,gemini,2024,여성,5
3,1,1.0,4.0,2.0,2,3,3,3,4,3,4,3,2,2,2,2,1,2,2,2,4,4,3,3,3,3,3,3,1,1,1,1,1,2,1,5876,gemini,2024,여성,5
3,1,1.0,1.0,2.0,2,3,4,3,4,3,4,4,2,2,2,2,1,2,3,2,4,4,4,4,3,3,3,4,1,1,1,1,1,2,1,5877,gemini,2024,여성,5
3,1,1.0,4.0,2.0,3,4,4,3,4,3,4,4,2,2,2,2,2,3,3,3,4,4,4,4,3,3,3,3,1,1,1,1,1,2,1,5878,gemini,2024,여성,5
3,1,1.0,4.0,2.0,2,3,3,3,4,3,4,3,2,2,2,2,2,3,3,2,4,4,3,3,3,3,3,3,1,1,2,1,1,2,1,5879,gemini,2024,여성,5
3,1,1.0,4.0,2.0,2,3,3,3,4,3,4,3,2,2,2,2,2,3,3,2,4,4,3,3,3,3,3,3,1,1,1,1,1,2,1,5880,gemini,2024,여성,5
3,1,1.0,4.0,2.0,2,3,3,3,4,3,4,3,2,2,2,2,2,3,3,3,4,4,3,3,3,3,3,3,1,1,1,1,1,2,1,5881,gemini,2024,여성,5
3,1,1.0,1.0,2.0,2,3,4,3,4,3,4,3,2,2,2,2,1,2,3,2,4,4,3,3,3,3,3,3,1,1,2,1,1,2,1,5882,gemini,2024,여성,5
3,1,1.0,4.0,2.0,2,3,4,3,4,3,4,3,2,2,2,2,2,3,3,2,4,4,4,4,3,3,3,4,1,1,1,1,1,2,1,5883,gemini,2024,여성,5
3,1,1.0,4.0,2.0,2,3,3,3,4,3,4,3,2,2,2,2,2,3,3,2,4,4,3,3,3,3,3,3,1,1,2,1,1,2,1,5884,gemini,2024,여성,5
3,1,1.0,4.0,2.0,2,3,3,3,4,3,4,3,2,2,2,2,1,2,3,2,4,4,3,3,3,3,3,3,1,1,1,1,1,2,1,5885,gemini,2024,여성,5
3,1,1.0,4.0,2.0,2,3,3,3,4,3,4,3,2,2,2,2,1,2,2,2,4,4,3,3,2,3,3,3,1,1,1,1,1,2,1,5886,gemini,2024,여성,5
3,1,1.0,4.0,2.0,2,3,3,3,4,3,4,3,2,2,2,2,1,2,3,2,4,4,3,3,3,3,3,3,1,1,1,1,1,2,1,5887,gemini,2024,여성,5
3,1,1.0,4.0,2.0,2,4,3,3,4,3,4,3,2,2,2,2,1,2,3,2,4,4,3,3,3,3,3,3,1,1,1,1,1,2,1,5888,gemini,2024,여성,5
3,1,1.0,4.0,2.0,2,3,3,3,4,3,4,3,2,2,2,2,1,2,3,2,4,4,3,3,3,3,3,3,1,1,1,1,1,2,1,5889,gemini,2024,여성,5
3,1,1.0,4.0,2.0,2,3,3,3,4,3,4,3,2,2,2,2,1,2,3,2,4,4,3,3,3,3,3,3,1,1,1,1,1,2,1,5890,gemini,2024,여성,5
3,1,1.0,4.0,2.0,2,3,3,3,4,3,4,4,2,2,2,2,2,3,3,3,4,4,4,4,3,3,3,4,1,1,1,1,1,2,1,5891,gemini,2024,여성,5
3,1,1.0,4.0,2.0,2,3,3,3,4,3,4,3,2,2,2,2,2,3,3,3,4,4,3,3,3,3,3,3,1,1,1,1,1,2,1,5892,gemini,2024,여성,5
3,1,1.0,4.0,2.0,2,3,3,3,4,3,4,3,2,2,2,2,2,3,3,2,4,4,4,4,3,3,3,4,1,1,1,1,1,2,1,5893,gemini,2024,여성,5
3,1,1.0,4.0,2.0,2,3,3,3,4,3,4,4,2,2,2,2,1,2,3,2,4,4,3,3,3,3,3,3,1,1,1,1,1,2,1,5894,gemini,2024,여성,5
3,1,1.0,1.0,2.0,2,3,3,3,4,3,4,4,2,2,2,2,2,3,3,3,4,4,4,4,3,3,3,4,1,1,1,1,1,2,1,5895,gemini,2024,여성,5
3,1,1.0,4.0,2.0,2,3,3,3,4,3,4,3,2,2,2,2,1,2,3,2,4,4,3,3,3,3,3,3,1,1,1,1,1,2,1,5896,gemini,2024,여성,5
3,1,1.0,4.0,2.0,2,3,4,3,4,3,4,3,2,2,2,2,1,2,3,2,4,4,3,3,3,3,3,3,1,1,2,1,1,2,1,5897,gemini,2024,여성,5
3,1,1.0,4.0,2.0,2,3,3,3,4,3,4,3,2,2,2,2,1,2,3,2,4,4,3,3,3,3,3,3,1,1,1,1,1,2,1,5898,gemini,2024,여성,5
3,1,1.0,1.0,2.0,2,3,4,4,4,3,4,3,2,2,2,2,2,3,3,3,4,4,3,3,3,4,3,3,1,1,2,1,1,2,1,5899,gemini,2024,여성,5
3,1,1.0,4.0,2.0,2,3,3,3,4,3,4,3,2,2,2,2,1,2,2,2,4,4,3,3,3,3,3,3,1,1,2,1,1,2,1,5900,gemini,2024,여성,5
3,1,1.0,1.0,2.0,2,3,4,3,4,3,4,3,2,2,2,2,1,3,3,2,4,4,3,3,3,3,3,3,1,1,1,1,1,2,1,5901,gemini,2024,여성,5
3,1,1.0,4.0,2.0,2,3,3,3,4,3,4,3,2,2,2,2,1,2,3,2,4,4,3,3,3,3,3,3,1,1,2,1,1,2,1,5902,gemini,2024,여성,5
3,1,1.0,4.0,2.0,2,3,4,3,4,3,4,3,2,2,2,2,2,3,3,2,4,4,3,3,3,3,3,3,1,1,2,1,1,2,1,5903,gemini,2024,여성,5
3,1,1.0,1.0,2.0,2,3,3,3,4,3,4,3,2,2,2,2,2,3,3,3,4,4,3,3,3,3,3,3,1,1,2,1,1,2,1,5904,gemini,2024,여성,5
3,1,1.0,4.0,2.0,2,3,3,3,4,3,4,3,2,2,2,2,2,3,3,2,4,4,3,3,3,3,3,3,1,1,1,1,1,2,1,5905,gemini,2024,여성,5
3,1,1.0,4.0,2.0,2,3,3,3,4,3,4,3,2,1,2,2,1,2,3,2,4,4,3,3,3,3,3,3,1,1,1,1,1,2,1,5906,gemini,2024,여성,5
3,1,1.0,4.0,2.0,2,3,3,3,4,3,4,3,2,2,2,2,2,3,3,3,4,4,3,3,3,3,3,3,1,1,1,1,1,2,1,5907,gemini,2024,여성,5
3,1,1.0,4.0,2.0,2,3,3,3,4,3,4,3,2,2,2,2,2,3,3,3,4,4,3,3,3,3,3,3,1,1,1,1,1,2,1,5908,gemini,2024,여성,5
3,1,1.0,4.0,2.0,2,3,3,3,4,3,4,3,2,2,2,2,2,3,3,2,4,4,3,3,3,3,3,3,1,1,2,1,1,2,1,5909,gemini,2024,여성,5
3,1,1.0,4.0,2.0,2,3,3,3,4,3,4,3,2,2,2,2,1,2,3,2,4,4,3,3,3,3,3,3,1,1,2,1,1,2,1,5910,gemini,2024,여성,5
3,1,1.0,4.0,2.0,2,3,3,3,4,3,4,3,2,2,2,2,1,2,3,2,4,4,3,3,3,3,3,3,1,1,2,1,1,2,1,5911,gemini,2024,여성,5
3,1,1.0,1.0,2.0,2,3,3,3,4,3,4,3,2,2,2,2,1,2,3,2,4,4,3,3,3,3,3,3,1,1,1,1,1,2,1,5912,gemini,2024,여성,5
3,1,1.0,4.0,2.0,2,3,3,3,4,3,4,3,2,2,2,2,1,2,3,2,4,4,3,3,3,3,3,3,1,1,1,1,1,2,1,5913,gemini,2024,여성,5
3,1,1.0,4.0,2.0,2,3,3,3,4,3,4,3,2,1,2,2,1,3,2,2,4,4,3,3,3,3,3,3,1,1,1,1,1,2,1,5914,gemini,2024,여성,5
3,1,1.0,1.0,2.0,2,3,4,3,4,3,4,3,2,2,2,2,1,3,3,2,4,4,4,4,3,3,3,4,1,1,1,1,1,2,1,5915,gemini,2024,여성,5
3,1,1.0,4.0,2.0,2,3,3,3,4,3,4,3,2,2,2,2,1,2,3,2,4,4,3,3,3,3,3,3,1,1,1,1,1,2,1,5916,gemini,2024,여성,5
3,1,1.0,1.0,2.0,2,3,3,3,4,3,4,3,2,2,2,2,1,2,3,2,4,4,3,3,3,3,3,3,1,1,1,1,1,2,1,5917,gemini,2024,여성,5
3,1,1.0,1.0,2.0,2,3,3,3,4,3,4,4,2,2,2,2,2,3,3,3,4,4,4,4,3,3,3,4,1,1,1,1,1,2,1,5918,gemini,2024,여성,5
3,1,1.0,4.0,2.0,2,3,3,3,4,3,4,3,2,2,2,2,2,3,3,2,4,4,3,3,3,3,3,3,1,1,2,1,1,2,1,5919,gemini,2024,여성,5
3,1,1.0,4.0,2.0,2,3,3,3,4,3,4,3,2,2,2,2,2,2,3,2,4,4,3,3,3,3,3,3,1,1,1,1,1,2,1,5920,gemini,2024,여성,5
3,1,1.0,1.0,2.0,2,3,4,3,4,3,4,3,2,2,2,2,1,2,3,2,4,4,3,3,3,3,3,3,1,1,1,1,1,2,1,5921,gemini,2024,여성,5
3,1,1.0,1.0,2.0,2,3,4,3,4,3,4,3,2,2,2,2,2,3,3,2,4,4,4,3,3,3,3,4,1,1,1,1,1,2,1,5922,gemini,2024,여성,5
3,1,1.0,4.0,2.0,2,3,3,3,4,3,4,3,2,2,2,2,2,3,3,3,4,4,3,3,3,3,3,3,1,1,2,1,1,2,1,5923,gemini,2024,여성,5
3,1,1.0,4.0,2.0,2,3,3,3,4,3,4,4,2,2,2,2,1,2,3,2,4,4,3,3,3,3,3,3,1,1,1,1,1,2,1,5924,gemini,2024,여성,5
3,1,1.0,1.0,2.0,2,3,4,4,4,3,4,3,2,2,2,2,2,3,3,3,4,4,3,3,3,4,3,3,1,1,1,1,1,2,1,5925,gemini,2024,여성,5
3,1,1.0,4.0,2.0,2,3,3,3,4,3,4,3,2,2,2,2,1,2,3,2,4,4,3,3,3,3,3,3,1,1,1,1,1,2,1,5926,gemini,2024,여성,5
3,1,1.0,1.0,2.0,2,3,3,3,4,3,4,4,2,2,2,2,1,2,3,2,4,4,4,4,3,3,3,4,1,1,1,1,1,2,1,5927,gemini,2024,여성,5
3,1,1.0,4.0,2.0,2,3,3,3,4,3,4,3,2,2,2,2,1,2,3,2,4,4,3,3,3,3,3,3,1,1,2,1,1,2,1,5928,gemini,2024,여성,5
3,1,1.0,4.0,2.0,2,3,3,3,4,3,4,4,2,2,2,2,1,2,3,2,4,4,3,3,3,3,3,3,1,1,1,1,1,2,1,5929,gemini,2024,여성,5
3,1,1.0,4.0,2.0,2,3,3,3,4,3,4,3,2,2,2,2,1,2,3,2,4,4,3,3,3,3,3,3,1,1,1,1,1,2,1,5930,gemini,2024,여성,5
3,1,1.0,4.0,2.0,2,3,3,3,4,3,4,3,2,2,2,2,1,2,3,2,4,4,3,3,3,3,3,3,1,1,2,1,1,2,1,5931,gemini,2024,여성,5
3,1,1.0,1.0,2.0,2,3,3,3,4,3,4,4,2,2,2,2,1,2,3,2,4,4,3,3,3,3,3,3,1,1,1,1,1,2,1,5932,gemini,2024,여성,5
3,1,1.0,1.0,2.0,2,3,3,3,4,3,4,3,2,2,2,2,2,3,3,3,4,4,4,4,3,3,3,4,1,1,1,1,1,2,1,5933,gemini,2024,여성,5
3,1,1.0,4.0,2.0,2,3,3,3,4,3,4,3,2,2,2,2,2,3,3,2,4,4,3,3,3,3,3,3,1,1,2,1,1,2,1,5934,gemini,2024,여성,5
3,1,1.0,4.0,2.0,2,3,3,3,4,3,4,4,2,2,2,2,2,3,3,3,4,4,4,4,3,3,3,4,1,1,1,1,1,2,1,5935,gemini,2024,여성,5
3,1,1.0,4.0,2.0,2,3,3,3,4,3,4,3,2,2,2,2,1,2,3,2,4,4,3,3,3,3,3,3,1,1,2,1,1,2,1,5936,gemini,2024,여성,5
3,1,1.0,1.0,2.0,2,3,3,3,4,3,4,3,2,2,2,2,1,2,3,2,4,4,3,3,3,4,3,3,1,1,1,1,1,2,1,5937,gemini,2024,여성,5
3,1,1.0,1.0,2.0,2,3,3,3,4,3,4,3,2,2,2,2,2,3,3,3,4,4,4,4,3,3,3,4,1,1,1,1,1,2,1,5938,gemini,2024,여성,5
3,1,1.0,4.0,2.0,2,3,3,3,4,3,4,4,2,2,2,2,1,2,3,2,4,4,3,3,3,3,3,3,1,1,1,1,1,2,1,5939,gemini,2024,여성,5
3,1,1.0,4.0,2.0,2,3,3,3,4,3,4,3,2,2,2,2,1,2,3,2,4,4,3,3,3,3,3,3,1,1,1,1,1,2,1,5940,gemini,2024,여성,5
3,1,1.0,4.0,2.0,2,3,3,3,4,3,4,4,2,2,2,2,1,2,3,2,4,4,3,3,3,3,3,3,1,1,1,1,1,2,1,5941,gemini,2024,여성,5
3,1,1.0,1.0,2.0,2,4,4,3,4,3,4,3,2,2,2,2,1,3,3,2,4,4,4,4,3,3,3,3,1,1,1,1,1,2,1,5942,gemini,2024,여성,5
3,1,1.0,1.0,2.0,2,3,4,3,4,3,4,3,2,2,2,2,2,3,3,3,4,4,4,4,3,3,3,4,1,1,2,1,1,2,1,5943,gemini,2024,여성,5
3,1,1.0,1.0,2.0,2,3,3,3,4,3,4,3,2,1,2,2,2,3,3,2,4,4,4,4,3,3,3,4,1,1,2,1,1,2,1,5944,gemini,2024,여성,5
3,1,1.0,4.0,2.0,2,3,3,3,4,3,4,3,2,2,2,2,2,3,3,2,4,4,3,3,3,3,3,3,1,1,1,1,1,2,1,5945,gemini,2024,여성,5
3,1,1.0,4.0,2.0,2,3,3,3,4,3,4,3,2,2,2,2,2,3,3,2,4,4,3,3,3,3,3,3,1,1,1,1,1,2,1,5946,gemini,2024,여성,5
3,1,1.0,1.0,2.0,2,3,4,3,4,3,4,3,2,2,2,2,1,2,3,2,4,4,3,3,3,3,3,3,1,1,1,1,1,2,1,5947,gemini,2024,여성,5
3,1,1.0,1.0,2.0,2,3,3,3,4,3,4,3,2,2,2,2,2,3,3,2,4,4,3,3,3,3,3,3,1,1,1,1,1,2,1,5948,gemini,2024,여성,5
3,1,1.0,4.0,2.0,2,3,3,3,4,3,4,3,2,2,2,2,1,2,3,2,4,4,3,3,3,3,3,3,1,1,1,1,1,2,1,5949,gemini,2024,여성,5
3,1,1.0,4.0,2.0,2,3,3,3,4,3,4,3,2,2,2,2,2,3,3,2,4,4,3,3,3,3,3,3,1,1,1,1,1,2,1,5950,gemini,2024,여성,5
3,1,1.0,4.0,2.0,2,3,3,3,4,3,4,3,2,2,2,2,2,3,3,2,4,4,3,3,3,3,3,3,1,1,1,1,1,2,1,5951,gemini,2024,여성,5
3,1,1.0,4.0,2.0,2,3,3,3,4,3,4,3,2,2,2,2,1,2,3,2,4,4,3,3,3,3,3,3,1,1,1,1,1,2,1,5952,gemini,2024,여성,5
3,1,1.0,4.0,2.0,2,3,3,3,4,3,4,3,2,2,2,2,2,3,3,2,4,4,3,3,3,3,3,3,1,1,2,1,1,2,1,5953,gemini,2024,여성,5
3,1,1.0,4.0,2.0,3,4,4,3,4,3,4,3,2,2,2,2,2,3,3,3,4,4,3,3,3,3,3,3,1,1,1,1,1,2,1,5954,gemini,2024,여성,5
3,1,1.0,4.0,2.0,2,3,3,3,4,3,4,3,2,2,2,2,2,3,3,2,4,4,3,3,3,3,3,3,1,1,1,1,1,2,1,5955,gemini,2024,여성,5
3,1,1.0,1.0,2.0,2,3,3,3,4,3,4,3,2,2,2,2,1,3,3,2,4,4,3,3,3,3,3,3,1,1,1,1,1,2,1,5956,gemini,2024,여성,5
3,1,1.0,4.0,2.0,2,3,3,3,4,3,4,3,2,2,2,2,1,2,3,2,4,4,3,3,3,3,3,3,1,1,1,1,1,2,1,5957,gemini,2024,여성,5
3,1,1.0,1.0,2.0,2,3,3,3,4,3,4,3,2,2,2,2,1,2,3,2,4,4,3,3,3,3,3,3,1,1,1,1,1,2,1,5958,gemini,2024,여성,5
3,1,1.0,1.0,2.0,2,3,3,3,4,3,4,4,2,2,2,2,1,2,3,2,4,4,4,4,3,3,3,3,1,1,1,1,1,2,1,5959,gemini,2024,여성,5
3,1,1.0,4.0,2.0,2,3,3,3,4,3,4,4,2,2,2,2,2,3,3,3,4,4,4,4,3,3,3,4,1,1,1,1,1,2,1,5960,gemini,2024,여성,5
3,1,1.0,4.0,2.0,2,3,3,3,4,3,4,3,2,2,2,2,1,2,2,2,4,4,3,3,3,3,3,3,1,1,1,1,1,2,1,5961,gemini,2024,여성,5
3,1,1.0,4.0,2.0,2,3,3,3,4,3,4,3,2,2,2,2,2,3,3,2,4,4,3,3,3,3,3,3,1,1,2,1,1,2,1,5962,gemini,2024,여성,5
3,1,1.0,1.0,2.0,2,3,3,3,4,3,4,3,2,2,2,2,1,2,3,2,4,4,3,3,3,3,3,3,1,1,1,1,1,2,1,5963,gemini,2024,여성,5
3,1,1.0,4.0,2.0,2,3,3,3,4,3,4,3,2,2,2,2,2,3,3,2,4,4,4,4,3,3,3,4,1,1,2,1,1,2,1,5964,gemini,2024,여성,5
3,1,1.0,4.0,2.0,2,3,4,3,4,3,4,4,2,1,2,2,1,2,3,2,4,4,3,3,3,3,3,3,1,1,1,1,1,2,1,5965,gemini,2024,여성,5
3,1,1.0,4.0,2.0,2,3,3,3,4,3,4,3,2,2,2,2,2,3,3,2,4,4,4,4,3,3,3,4,1,1,1,1,1,2,1,5966,gemini,2024,여성,5
3,1,1.0,1.0,2.0,2,3,3,3,4,3,4,3,2,2,2,2,1,2,3,2,4,4,3,3,3,3,3,3,1,1,1,1,1,2,1,5967,gemini,2024,여성,5
3,1,1.0,1.0,2.0,2,3,4,3,4,3,4,3,2,2,2,2,1,2,3,2,4,4,3,3,3,3,3,3,1,1,1,1,1,2,1,5968,gemini,2024,여성,5
3,1,1.0,4.0,2.0,2,3,3,3,4,3,4,3,2,2,2,2,2,3,3,2,4,4,3,3,3,3,3,3,1,1,1,1,1,2,1,5969,gemini,2024,여성,5
3,1,1.0,4.0,2.0,2,3,3,3,4,3,4,3,2,2,2,2,2,3,3,3,4,4,3,3,3,3,3,3,1,1,1,1,1,2,1,5970,gemini,2024,여성,5
3,1,1.0,1.0,2.0,3,4,4,3,4,3,4,3,2,2,2,2,2,3,3,3,4,4,3,3,3,3,3,3,1,1,1,1,1,2,1,5971,gemini,2024,여성,5
3,1,1.0,1.0,2.0,2,3,4,3,4,3,4,3,2,2,2,2,1,2,3,2,4,4,3,3,3,3,3,3,1,1,1,1,1,2,1,5972,gemini,2024,여성,5
3,1,1.0,1.0,2.0,2,3,3,3,4,3,4,3,2,2,2,2,1,2,3,2,4,4,3,3,3,3,3,3,1,1,1,1,1,2,1,5973,gemini,2024,여성,5
3,1,1.0,4.0,2.0,2,3,3,3,4,3,4,3,2,2,2,2,1,2,3,2,4,4,3,3,3,3,3,3,1,1,1,1,1,2,1,5974,gemini,2024,여성,5
3,1,1.0,4.0,2.0,2,3,3,3,4,3,4,3,2,2,2,2,1,2,3,2,4,4,3,3,3,3,3,3,1,1,1,1,1,2,1,5975,gemini,2024,여성,5
3,1,1.0,4.0,2.0,2,3,3,3,4,3,4,4,2,2,2,2,2,3,3,3,4,4,3,3,3,3,3,3,1,1,2,1,1,2,1,5976,gemini,2024,여성,5
3,1,1.0,4.0,2.0,2,3,3,3,4,3,4,4,2,2,2,2,2,3,3,3,4,4,4,4,3,3,3,4,1,1,1,1,1,2,1,5977,gemini,2024,여성,5
3,1,1.0,4.0,2.0,2,3,3,3,4,3,4,3,2,2,2,2,2,3,3,3,4,4,3,3,3,3,3,3,1,1,1,1,1,2,1,5978,gemini,2024,여성,5
3,1,1.0,4.0,2.0,2,3,3,3,4,3,4,3,2,2,2,2,1,2,3,2,4,4,3,3,3,3,3,3,1,1,1,1,1,2,1,5979,gemini,2024,여성,5
3,1,1.0,4.0,2.0,2,3,3,3,4,3,4,3,2,2,2,2,2,3,3,2,4,4,3,3,3,3,3,3,1,1,1,1,1,2,1,5980,gemini,2024,여성,5
3,1,1.0,4.0,2.0,2,3,3,3,4,3,4,3,2,2,2,2,1,2,3,2,4,4,3,3,3,3,3,3,1,1,2,1,1,2,1,5981,gemini,2024,여성,5
3,1,1.0,1.0,2.0,2,3,3,3,4,3,4,3,2,2,2,2,1,2,3,2,4,4,3,3,3,3,3,3,1,1,1,1,1,2,1,5982,gemini,2024,여성,5
3,1,1.0,4.0,2.0,2,3,3,3,4,3,4,3,2,2,2,2,2,3,3,2,4,4,3,3,3,3,3,3,1,1,1,1,1,2,1,5983,gemini,2024,여성,5
3,1,1.0,1.0,2.0,2,3,3,3,4,3,4,3,2,2,2,2,2,3,3,3,4,4,3,3,3,3,3,3,1,1,1,1,1,2,1,5984,gemini,2024,여성,5
3,1,1.0,1.0,2.0,2,3,3,3,4,3,4,3,2,2,2,2,2,3,3,2,4,4,3,3,3,3,3,3,1,1,1,1,1,2,1,5985,gemini,2024,여성,5
3,1,1.0,4.0,2.0,2,3,3,3,4,3,4,3,2,2,2,2,2,3,3,3,4,4,3,3,3,3,3,3,1,1,1,1,1,2,1,5986,gemini,2024,여성,5
3,1,1.0,4.0,2.0,2,3,3,3,4,3,4,4,2,2,2,2,1,2,3,2,4,4,3,3,3,3,3,3,1,1,1,1,1,2,1,5987,gemini,2024,여성,5
3,1,1.0,1.0,2.0,2,3,3,3,4,3,4,4,2,2,2,2,2,3,3,3,4,4,4,4,3,3,3,4,1,1,1,1,1,2,1,5988,gemini,2024,여성,5
3,1,1.0,4.0,2.0,2,3,3,3,4,3,4,4,2,2,2,2,2,3,3,2,4,4,4,4,3,3,3,3,1,1,1,1,1,2,1,5989,gemini,2024,여성,5
3,1,1.0,4.0,2.0,2,3,3,3,4,3,4,3,2,2,2,2,2,3,3,3,4,4,3,3,3,3,3,3,1,1,1,1,1,2,1,5990,gemini,2024,여성,5
3,1,1.0,4.0,2.0,2,3,3,3,4,3,4,3,2,2,2,2,2,3,3,2,4,4,3,3,3,3,3,3,1,1,2,1,1,2,1,5991,gemini,2024,여성,5
3,1,1.0,4.0,2.0,2,3,3,3,4,3,4,3,2,2,2,2,2,3,3,3,4,4,4,4,3,3,3,4,1,1,1,1,1,2,1,5992,gemini,2024,여성,5
3,1,1.0,4.0,2.0,2,4,4,3,4,3,4,3,2,2,2,2,1,2,3,2,4,4,3,3,3,3,3,3,1,1,1,1,1,2,1,5993,gemini,2024,여성,5
3,1,1.0,1.0,2.0,2,3,3,3,4,3,4,3,2,2,2,2,1,2,3,2,4,4,3,3,3,3,3,3,1,1,1,1,1,2,1,5994,gemini,2024,여성,5
3,1,1.0,4.0,2.0,2,3,3,3,4,3,4,3,2,2,2,2,1,2,3,2,4,4,3,3,3,3,3,3,1,1,2,1,1,2,1,5995,gemini,2024,여성,5
3,1,1.0,1.0,2.0,2,3,3,3,4,3,4,4,2,2,2,2,2,3,3,3,4,4,4,4,3,3,3,4,1,1,1,1,1,2,1,5996,gemini,2024,여성,5
3,1,1.0,4.0,2.0,2,3,3,3,4,3,4,3,2,2,2,2,1,2,3,2,4,4,3,3,3,3,3,3,1,1,2,1,1,2,1,5997,gemini,2024,여성,5
3,1,1.0,4.0,2.0,2,3,3,3,4,3,4,3,2,2,2,2,1,2,3,2,4,4,3,3,3,3,3,3,1,1,1,1,1,2,1,5998,gemini,2024,여성,5
3,1,1.0,4.0,2.0,2,3,3,3,4,3,4,3,2,2,2,2,2,3,3,2,4,4,3,3,3,3,3,3,1,1,2,1,1,2,1,5999,gemini,2024,여성,5
3,1,1.0,1.0,2.0,2,3,3,3,4,3,4,3,2,2,2,2,2,3,3,3,4,4,3,3,3,3,3,3,1,1,1,1,1,2,1,6000,gemini,2024,여성,5
3,1,1.0,4.0,2.0,3,3,4,3,4,3,4,3,2,2,2,2,2,3,3,3,4,4,3,3,3,3,3,3,1,1,1,1,1,2,1,6001,gemini,2024,여성,5
3,1,1.0,1.0,2.0,2,3,3,3,4,3,4,3,2,2,2,2,1,2,3,2,4,4,3,3,3,3,3,3,1,1,1,1,1,2,1,6002,gemini,2024,여성,5
3,1,1.0,1.0,2.0,2,3,4,3,4,3,4,3,2,2,2,2,1,3,3,2,4,4,3,3,3,3,3,3,1,1,1,1,1,2,1,6003,gemini,2024,여성,5
3,1,1.0,4.0,2.0,2,3,3,3,4,3,4,3,2,2,2,2,1,2,3,2,4,4,3,3,3,3,3,3,1,1,2,1,1,2,1,6004,gemini,2024,여성,5
3,1,1.0,4.0,2.0,2,3,3,3,4,3,4,3,2,2,2,2,1,2,3,2,4,4,3,3,3,3,3,3,1,1,2,1,1,2,1,6005,gemini,2024,여성,5
3,1,1.0,4.0,2.0,2,3,3,3,4,3,4,3,2,2,2,2,1,2,3,2,4,4,3,3,3,3,3,3,1,1,1,1,1,2,1,6006,gemini,2024,여성,5
3,1,1.0,1.0,2.0,2,3,3,3,4,3,4,3,2,2,2,2,2,3,3,3,4,4,3,3,3,3,3,3,1,1,1,1,1,2,1,6007,gemini,2024,여성,5
3,1,1.0,4.0,2.0,2,3,3,3,4,3,4,3,2,2,2,2,2,3,3,2,4,4,3,3,3,3,3,3,1,1,2,1,1,2,1,6008,gemini,2024,여성,5
3,1,1.0,4.0,2.0,2,3,3,3,4,3,4,3,2,2,2,2,2,3,3,2,4,4,3,3,3,3,3,4,1,1,1,1,1,2,1,6009,gemini,2024,여성,5
3,1,1.0,4.0,2.0,3,3,3,3,4,3,4,3,2,2,2,2,2,3,3,3,4,4,3,3,3,3,3,3,1,1,2,1,1,2,1,6010,gemini,2024,여성,5
3,1,1.0,1.0,2.0,2,3,3,3,4,3,4,3,2,2,2,2,2,3,3,3,4,4,3,3,3,3,3,3,1,1,1,1,1,2,1,6011,gemini,2024,여성,5
3,1,1.0,1.0,2.0,2,3,4,3,4,3,4,4,2,2,2,2,2,3,3,3,4,4,4,4,3,4,3,4,1,1,1,1,1,2,1,6012,gemini,2024,여성,5
3,1,1.0,1.0,2.0,2,3,3,3,4,3,4,4,2,2,2,2,2,3,3,3,4,4,3,3,3,3,3,3,1,1,1,1,1,2,1,6013,gemini,2024,여성,5
3,1,1.0,1.0,2.0,2,3,3,3,4,3,4,3,2,2,2,2,2,3,3,3,4,4,3,3,3,3,3,3,1,1,1,1,1,2,1,6014,gemini,2024,여성,5
3,1,1.0,4.0,2.0,2,3,3,3,4,3,4,3,2,2,2,2,1,2,3,2,4,4,3,3,3,3,3,3,1,1,2,1,1,2,1,6015,gemini,2024,여성,5
3,1,1.0,4.0,2.0,2,3,3,3,4,3,4,3,2,2,2,2,1,2,3,2,4,4,3,3,3,3,3,3,1,1,1,1,1,2,1,6016,gemini,2024,여성,5
3,1,1.0,1.0,2.0,2,3,4,3,4,3,4,3,2,2,2,2,1,2,3,2,4,4,3,3,3,3,3,3,1,1,1,1,1,2,1,6017,gemini,2024,여성,5
3,1,1.0,1.0,2.0,2,3,4,3,4,3,4,3,2,2,2,2,1,3,3,2,4,4,4,4,3,3,3,4,1,1,1,1,1,2,1,6018,gemini,2024,여성,5
3,1,1.0,1.0,2.0,2,3,3,3,4,3,4,3,2,2,2,2,1,2,3,2,4,4,3,3,3,3,3,3,1,1,1,1,1,2,1,6019,gemini,2024,여성,5
3,1,1.0,1.0,2.0,2,3,4,3,4,3,4,3,2,2,2,2,1,3,3,2,4,4,3,3,3,3,3,3,1,1,1,1,1,2,1,6020,gemini,2024,여성,5
3,1,1.0,4.0,2.0,2,3,3,3,4,3,4,3,2,2,2,2,2,3,3,2,4,4,3,3,3,3,3,3,1,1,1,1,1,2,1,6021,gemini,2024,여성,5
3,1,1.0,1.0,2.0,2,3,4,3,4,3,4,3,2,2,2,2,1,3,3,2,4,4,3,3,3,3,3,3,1,1,2,1,1,2,1,6022,gemini,2024,여성,5
3,1,1.0,4.0,2.0,2,3,3,3,4,3,4,3,2,2,2,2,1,2,3,2,4,4,3,3,3,3,3,3,1,1,1,1,1,2,1,6023,gemini,2024,여성,5
3,1,1.0,1.0,2.0,2,3,3,3,4,3,4,4,2,2,2,2,2,3,3,3,4,4,3,3,3,4,3,4,1,1,1,1,1,2,1,6024,gemini,2024,여성,5
3,1,1.0,4.0,2.0,2,4,4,3,4,3,4,3,2,2,2,2,1,2,3,2,4,4,3,3,3,3,3,3,1,1,1,1,1,2,1,6025,gemini,2024,여성,5
3,1,1.0,1.0,2.0,2,3,3,3,4,3,4,3,2,2,2,2,2,3,3,2,4,4,3,3,3,3,3,3,1,1,1,1,1,2,1,6026,gemini,2024,여성,5
3,1,1.0,4.0,2.0,2,3,3,3,4,3,4,3,2,2,2,2,1,2,3,2,4,4,3,3,3,3,3,3,1,1,1,1,1,2,1,6027,gemini,2024,여성,5
3,1,1.0,4.0,2.0,2,3,3,3,4,3,4,3,2,2,2,2,1,2,3,2,4,4,3,3,3,3,3,3,1,1,2,1,1,2,1,6028,gemini,2024,여성,5
3,1,1.0,4.0,2.0,2,3,3,3,4,3,4,3,2,2,2,2,2,3,3,3,4,4,3,3,3,3,3,3,1,1,1,1,1,2,1,6029,gemini,2024,여성,5
3,1,1.0,1.0,2.0,2,3,3,3,4,3,4,3,2,2,2,2,2,3,3,2,4,4,3,3,3,3,3,3,1,1,1,1,1,2,1,6030,gemini,2024,여성,5
3,1,1.0,4.0,2.0,2,3,4,3,4,3,4,3,2,2,2,2,2,3,3,2,4,4,3,3,3,3,3,3,1,1,1,1,1,2,1,6031,gemini,2024,여성,5
3,1,1.0,4.0,2.0,2,3,3,3,4,3,4,3,2,2,2,2,1,2,3,2,4,4,3,3,2,3,3,3,1,1,1,1,1,2,1,6032,gemini,2024,여성,5
3,1,1.0,1.0,2.0,2,3,3,3,4,3,4,3,2,2,2,2,2,3,3,2,4,4,3,3,3,3,3,3,1,1,1,1,1,2,1,6033,gemini,2024,여성,5
3,1,1.0,4.0,2.0,2,3,3,3,4,3,4,3,2,2,2,2,2,3,3,3,4,4,4,4,3,3,3,4,1,1,1,1,1,2,1,6034,gemini,2024,여성,5
3,1,1.0,1.0,2.0,2,3,4,3,4,3,4,3,2,2,2,2,1,2,3,2,4,4,3,3,3,3,3,3,1,1,1,1,1,2,1,6035,gemini,2024,여성,5
3,1,1.0,1.0,2.0,2,3,4,3,4,3,4,3,2,2,2,2,1,2,3,2,4,4,3,3,3,3,3,3,1,1,1,1,1,2,1,6036,gemini,2024,여성,5
3,1,1.0,4.0,2.0,2,3,3,3,4,3,4,3,2,2,2,2,1,2,3,2,4,4,3,3,3,3,3,3,1,1,2,1,1,2,1,6037,gemini,2024,여성,5
3,1,1.0,4.0,2.0,2,3,3,3,4,3,4,3,2,2,2,2,2,3,3,2,4,4,3,3,3,3,3,3,1,1,1,1,1,2,1,6038,gemini,2024,여성,5
3,1,1.0,4.0,2.0,2,3,4,3,4,3,4,3,2,2,2,2,2,3,3,2,4,4,3,3,3,3,3,3,1,1,1,1,1,2,1,6039,gemini,2024,여성,5
3,1,1.0,1.0,2.0,2,3,3,3,4,3,4,3,2,2,2,2,1,2,3,2,4,4,3,3,3,3,3,3,1,1,1,1,1,2,1,6040,gemini,2024,여성,5
3,1,1.0,4.0,2.0,2,3,3,3,4,3,4,3,2,2,2,2,1,2,3,2,4,4,3,3,3,3,3,3,1,1,1,1,1,2,1,6041,gemini,2024,여성,5
3,1,1.0,1.0,2.0,2,3,3,3,4,3,4,3,2,2,2,2,2,3,3,3,4,4,4,4,3,3,3,4,1,1,1,1,1,2,1,6042,gemini,2024,여성,5
3,1,1.0,4.0,2.0,2,3,4,3,4,3,4,3,2,2,2,2,1,2,3,2,4,4,3,3,3,3,3,3,1,1,1,1,1,2,1,6043,gemini,2024,여성,5
3,1,1.0,1.0,2.0,2,3,4,3,4,3,4,3,2,2,2,2,1,2,3,2,4,4,4,4,3,3,3,4,1,1,1,1,1,2,1,6044,gemini,2024,여성,5
3,1,1.0,4.0,2.0,2,3,3,3,4,3,4,3,2,2,2,2,2,3,3,2,4,4,3,3,3,3,3,3,1,1,1,1,1,2,1,6045,gemini,2024,여성,5
3,1,1.0,4.0,2.0,2,3,3,3,4,3,4,3,2,2,2,2,1,3,3,2,4,4,3,3,3,3,3,3,1,1,1,1,1,2,1,6046,gemini,2024,여성,5
3,1,1.0,1.0,2.0,2,3,3,3,4,3,4,3,2,2,2,2,2,3,3,2,4,4,3,3,3,3,3,3,1,1,1,1,1,2,1,6047,gemini,2024,여성,5
3,1,1.0,4.0,2.0,2,3,4,3,4,3,4,3,2,2,2,2,2,3,3,2,4,4,3,3,3,3,3,3,1,1,1,1,1,2,1,6048,gemini,2024,여성,5
3,1,1.0,1.0,2.0,2,3,4,3,4,3,4,3,2,2,2,2,2,3,3,2,4,4,3,3,3,3,3,3,1,1,1,1,1,2,1,6049,gemini,2024,여성,5
3,1,1.0,4.0,2.0,2,3,3,3,4,3,4,3,2,2,2,2,2,3,3,3,4,4,3,4,3,3,3,4,1,1,1,1,1,2,1,6050,gemini,2024,여성,5
3,1,1.0,1.0,2.0,2,3,3,3,4,3,4,4,2,2,2,2,2,3,3,3,4,4,3,3,3,3,3,3,1,1,2,1,1,2,1,6051,gemini,2024,여성,5
3,1,1.0,4.0,2.0,2,3,3,3,4,3,4,3,2,2,2,2,2,3,3,2,4,4,3,3,3,3,3,3,1,1,2,1,1,2,1,6052,gemini,2024,여성,5
3,1,1.0,4.0,2.0,2,3,3,3,4,3,4,3,2,2,2,2,1,2,3,2,4,4,3,3,3,3,3,3,1,1,1,1,1,2,1,6053,gemini,2024,여성,5
3,1,1.0,4.0,2.0,2,3,4,3,4,3,4,3,2,2,2,2,1,2,3,2,4,4,3,3,3,3,3,3,1,1,1,1,1,2,1,6054,gemini,2024,여성,5
3,1,1.0,4.0,2.0,2,3,4,3,4,3,4,3,2,2,2,2,2,3,3,3,4,4,3,3,3,3,3,3,1,1,1,1,1,2,1,6055,gemini,2024,여성,5
3,1,1.0,1.0,2.0,2,3,3,3,4,3,4,3,2,2,2,2,2,3,3,3,4,4,3,3,3,3,3,3,1,1,2,1,1,2,1,6056,gemini,2024,여성,5
3,1,1.0,1.0,2.0,2,3,4,3,3,3,4,3,2,2,2,2,2,3,3,2,4,4,3,3,3,3,3,3,1,1,2,1,1,2,1,6057,gemini,2024,여성,5
3,1,1.0,4.0,2.0,2,3,3,3,4,3,4,3,2,2,2,2,1,2,3,2,4,4,3,3,3,3,3,3,1,1,1,1,1,2,1,6058,gemini,2024,여성,5
3,1,1.0,4.0,2.0,2,3,3,3,4,3,4,4,2,2,2,2,1,2,3,2,4,4,3,3,3,3,3,3,1,1,1,1,1,2,1,6059,gemini,2024,여성,5
3,1,1.0,1.0,2.0,2,3,3,3,4,3,4,3,2,2,2,2,1,2,3,2,4,4,3,3,3,3,3,3,1,1,1,1,1,2,1,6060,gemini,2024,여성,5
3,1,1.0,4.0,2.0,2,3,3,3,4,3,4,4,2,2,2,2,1,2,3,2,4,4,3,3,3,3,3,3,1,1,1,1,1,2,1,6061,gemini,2024,여성,5
3,1,1.0,4.0,2.0,2,3,3,3,4,3,4,3,2,2,2,2,2,3,3,2,4,4,3,3,3,3,3,3,1,1,1,1,1,2,1,6062,gemini,2024,여성,5
3,1,1.0,4.0,2.0,2,3,3,3,4,3,4,4,2,2,2,2,1,2,3,2,4,4,3,3,3,3,3,3,1,1,1,1,1,2,1,6063,gemini,2024,여성,5
3,1,1.0,1.0,2.0,2,3,3,3,4,3,4,3,2,2,2,2,1,2,3,2,4,4,3,3,3,3,3,3,1,1,1,1,1,2,1,6064,gemini,2024,여성,5
3,1,1.0,4.0,2.0,2,3,3,3,4,3,4,3,2,2,2,2,1,2,3,2,4,4,3,3,3,3,3,3,1,1,1,1,1,2,1,6065,gemini,2024,여성,5
3,1,1.0,4.0,2.0,2,3,3,3,4,3,4,3,2,2,2,2,2,3,3,2,4,4,3,3,3,3,3,3,1,1,1,1,1,2,1,6066,gemini,2024,여성,5
3,1,1.0,4.0,2.0,2,3,3,3,4,3,4,3,2,2,2,2,1,2,3,2,4,4,3,3,3,3,3,3,1,1,1,1,1,2,1,6067,gemini,2024,여성,5
3,1,1.0,1.0,2.0,2,3,3,3,4,3,4,4,2,2,2,2,2,3,3,3,4,4,4,4,3,3,4,4,1,1,1,1,1,2,1,6068,gemini,2024,여성,5
3,1,1.0,4.0,2.0,2,3,3,3,4,3,4,3,2,2,2,2,2,3,3,2,4,4,3,3,3,3,3,3,1,1,1,1,1,2,1,6069,gemini,2024,여성,5
3,1,1.0,4.0,2.0,2,3,3,3,4,3,4,3,2,2,2,2,2,3,3,2,4,4,3,3,3,3,3,3,1,1,1,1,1,2,1,6070,gemini,2024,여성,5
3,1,1.0,4.0,2.0,2,3,3,3,4,3,4,4,2,2,2,2,2,3,3,3,4,4,4,4,3,3,3,4,1,1,1,1,1,2,1,6071,gemini,2024,여성,5
3,1,1.0,4.0,2.0,2,3,3,3,4,3,4,4,2,2,2,2,2,3,3,3,4,4,4,4,3,3,3,4,1,1,1,1,1,2,1,6072,gemini,2024,여성,5
3,1,1.0,4.0,2.0,2,3,3,3,4,3,4,3,2,2,2,2,1,3,3,2,4,4,3,3,3,4,3,3,1,1,1,1,1,2,1,6073,gemini,2024,여성,5
3,1,1.0,4.0,2.0,2,3,3,3,4,3,4,3,2,2,2,2,2,3,3,2,4,4,3,3,3,3,3,3,1,1,1,1,1,2,1,6074,gemini,2024,여성,5
3,1,1.0,4.0,2.0,2,3,3,3,4,3,4,3,2,2,2,2,1,2,3,2,4,4,3,3,3,3,3,3,1,1,2,1,1,2,1,6075,gemini,2024,여성,5
3,1,1.0,4.0,2.0,2,3,3,3,4,3,4,3,2,2,2,2,2,3,3,3,4,4,3,3,3,3,3,3,1,1,1,1,1,2,1,6076,gemini,2024,여성,5
3,1,1.0,4.0,2.0,2,3,3,3,4,3,4,3,2,2,2,2,1,3,3,2,4,4,3,3,3,3,3,3,1,1,1,1,1,2,1,6077,gemini,2024,여성,5
3,1,1.0,4.0,2.0,2,3,3,3,4,3,4,3,2,2,2,2,2,3,3,2,4,4,3,3,3,3,3,3,1,1,1,1,1,2,1,6078,gemini,2024,여성,5
3,1,1.0,1.0,2.0,2,3,4,3,4,3,4,3,2,2,2,2,1,2,3,2,4,4,3,3,3,4,3,3,1,1,1,1,1,2,1,6079,gemini,2024,여성,5
3,1,1.0,1.0,2.0,2,3,3,3,4,3,4,3,2,2,2,2,1,2,3,2,4,4,3,3,3,3,3,3,1,1,1,1,1,2,1,6080,gemini,2024,여성,5
3,1,1.0,4.0,2.0,2,3,3,3,4,3,4,3,2,2,2,2,1,2,3,2,4,4,3,3,3,3,3,3,1,1,1,1,1,2,1,6081,gemini,2024,여성,5
3,1,1.0,4.0,2.0,2,3,4,3,4,3,4,3,2,2,2,2,2,3,3,2,4,4,3,3,3,3,3,3,1,1,1,1,1,2,1,6082,gemini,2024,여성,5
3,1,1.0,4.0,2.0,2,3,3,3,4,3,4,3,2,2,2,2,1,2,3,2,4,4,3,3,3,3,3,3,1,1,1,1,1,2,1,6083,gemini,2024,여성,5
3,1,1.0,1.0,2.0,2,3,3,3,4,3,4,3,2,2,2,2,1,3,3,2,4,4,3,3,3,3,3,3,1,1,1,1,1,2,1,6084,gemini,2024,여성,5
3,1,1.0,4.0,2.0,2,3,3,3,4,3,4,3,2,2,2,2,1,2,3,2,4,4,3,3,3,3,3,3,1,1,1,1,1,2,1,6085,gemini,2024,여성,5
3,1,1.0,4.0,2.0,2,3,3,3,4,3,4,4,2,2,2,2,1,2,3,2,4,4,3,3,3,3,3,3,1,1,1,1,1,2,1,6086,gemini,2024,여성,5
3,1,1.0,4.0,2.0,2,3,3,3,4,3,4,3,2,2,2,2,2,3,3,3,4,4,4,4,3,3,3,3,1,1,1,1,1,2,1,6087,gemini,2024,여성,5
3,1,1.0,1.0,2.0,2,3,3,3,4,3,4,3,2,2,2,2,1,2,3,2,4,4,3,3,3,3,3,3,1,1,2,1,1,2,1,6088,gemini,2024,여성,5
3,1,1.0,4.0,2.0,2,3,3,3,4,3,4,3,2,2,2,2,2,3,3,2,4,4,3,3,3,3,3,3,1,1,1,1,1,2,1,6089,gemini,2024,여성,5
3,1,1.0,4.0,2.0,2,3,3,3,4,3,4,4,2,2,2,2,2,3,3,3,4,4,4,4,3,3,3,4,1,1,1,1,1,2,1,6090,gemini,2024,여성,5
3,1,1.0,4.0,2.0,2,3,3,3,4,3,4,3,2,2,2,2,2,3,3,3,4,4,3,3,3,3,3,3,1,1,1,1,1,2,1,6091,gemini,2024,여성,5
3,1,1.0,4.0,2.0,2,3,3,3,4,3,4,3,2,2,2,2,2,3,3,3,4,4,3,3,3,3,3,3,1,1,1,1,1,2,1,6092,gemini,2024,여성,5
3,1,1.0,4.0,2.0,2,3,3,3,4,3,4,3,2,2,2,2,1,2,2,2,4,4,3,3,3,3,3,3,1,1,1,1,1,2,1,6093,gemini,2024,여성,5
3,1,1.0,4.0,2.0,2,3,3,3,4,3,4,3,2,2,2,2,2,3,3,2,4,4,3,3,3,3,3,3,1,1,1,1,1,2,1,6094,gemini,2024,여성,5
3,1,1.0,1.0,2.0,2,3,3,3,4,3,4,3,2,2,2,2,1,2,3,2,4,4,3,3,3,4,3,3,1,1,1,1,1,2,1,6095,gemini,2024,여성,5
3,1,1.0,4.0,2.0,2,3,3,3,4,3,4,3,2,2,2,2,2,3,3,2,4,4,3,3,3,3,3,3,1,1,2,1,1,2,1,6096,gemini,2024,여성,5
3,1,1.0,4.0,2.0,2,3,4,3,4,3,4,3,2,2,2,2,2,3,3,3,4,4,4,4,3,3,3,4,1,1,1,1,1,2,1,6097,gemini,2024,여성,5
3,1,1.0,1.0,2.0,2,3,3,3,4,3,4,3,2,2,2,2,1,2,3,2,4,4,3,3,3,3,3,3,1,1,1,1,1,2,1,6098,gemini,2024,여성,5
3,1,1.0,1.0,2.0,2,3,4,3,4,3,4,3,2,2,2,2,1,2,3,2,4,4,3,3,3,3,3,3,1,1,1,1,1,2,1,6099,gemini,2024,여성,5
3,1,1.0,1.0,2.0,2,3,3,3,4,3,4,3,2,2,2,2,1,3,3,2,4,4,3,3,3,3,3,3,1,1,1,1,1,2,1,6100,gemini,2024,여성,5
3,1,1.0,4.0,2.0,2,3,3,3,4,3,4,3,2,2,2,2,1,2,3,2,4,4,3,3,3,3,3,3,1,1,1,1,1,2,1,6101,gemini,2024,여성,5
3,1,1.0,4.0,2.0,2,3,3,3,4,3,4,3,2,2,2,2,1,2,3,2,4,4,3,3,3,3,3,3,1,1,1,1,1,2,1,6102,gemini,2024,여성,5
3,1,1.0,4.0,2.0,2,3,3,3,4,3,4,3,2,2,2,2,2,3,3,2,4,4,3,3,3,3,3,3,1,1,1,1,1,2,1,6103,gemini,2024,여성,5
3,1,1.0,1.0,2.0,2,3,3,3,4,3,4,3,2,2,2,2,1,2,3,2,4,4,3,3,3,3,3,3,1,1,1,1,1,2,1,6104,gemini,2024,여성,5
3,1,1.0,1.0,2.0,2,3,3,3,4,3,4,4,2,2,2,2,2,3,3,3,4,4,4,4,3,3,4,4,1,1,1,1,1,2,1,6105,gemini,2024,여성,5
3,1,1.0,4.0,2.0,2,3,3,3,4,3,4,3,2,2,2,2,1,2,3,2,4,4,3,3,3,3,3,3,1,1,1,1,1,2,1,6106,gemini,2024,여성,5
3,1,1.0,1.0,2.0,2,3,3,3,4,3,4,3,2,2,2,2,1,2,3,2,4,4,3,3,3,3,3,3,1,1,2,1,1,2,1,6107,gemini,2024,여성,5
3,1,1.0,1.0,2.0,2,3,4,3,4,3,4,3,2,2,2,2,1,2,3,2,4,4,4,4,3,3,3,4,1,1,1,1,1,2,1,6108,gemini,2024,여성,5
3,1,1.0,4.0,2.0,2,3,4,3,4,3,4,3,2,1,2,2,2,3,3,2,4,4,3,3,3,3,3,3,1,1,1,1,1,2,1,6109,gemini,2024,여성,5
3,1,1.0,1.0,2.0,2,3,3,3,4,3,4,3,2,2,2,2,1,2,3,2,4,4,3,3,3,3,3,3,1,1,1,1,1,2,1,6110,gemini,2024,여성,5
3,1,1.0,4.0,2.0,2,3,3,3,4,3,4,3,2,2,2,2,1,2,3,2,4,4,3,3,3,3,3,3,1,1,1,1,1,2,1,6111,gemini,2024,여성,5
3,1,1.0,4.0,2.0,2,3,3,3,4,3,4,3,2,2,2,2,2,3,2,2,4,4,3,3,3,3,4,4,1,1,1,1,1,2,1,6112,gemini,2024,여성,5
3,1,1.0,1.0,2.0,2,3,3,3,4,3,4,3,2,2,2,2,1,2,3,2,4,4,3,3,3,3,3,3,1,1,1,1,1,2,1,6113,gemini,2024,여성,5
3,1,1.0,4.0,2.0,2,3,3,3,4,3,4,3,2,2,2,2,2,3,3,2,4,4,3,3,3,3,3,3,1,1,1,1,1,2,1,6114,gemini,2024,여성,5
3,1,1.0,1.0,2.0,2,3,4,4,4,3,4,3,2,2,2,2,2,3,3,2,4,4,3,3,3,3,3,3,1,1,1,1,1,2,1,6115,gemini,2024,여성,5
3,1,1.0,1.0,2.0,2,3,3,3,4,3,4,3,2,2,2,2,2,3,3,3,4,4,3,3,3,3,3,3,1,1,1,1,1,2,1,6116,gemini,2024,여성,5
3,1,1.0,4.0,2.0,2,3,3,3,4,3,4,3,2,2,2,2,2,3,3,3,4,4,3,3,3,3,3,3,1,1,1,1,1,2,1,6117,gemini,2024,여성,5
3,1,1.0,1.0,2.0,2,3,3,3,4,3,4,3,2,2,2,2,1,3,3,2,4,4,3,3,3,3,3,3,1,1,1,1,1,2,1,6118,gemini,2024,여성,5
3,1,1.0,1.0,2.0,2,3,3,3,4,3,4,3,2,2,2,2,1,2,3,2,4,4,3,3,3,3,3,3,1,1,1,1,1,2,1,6119,gemini,2024,여성,5
3,1,1.0,4.0,2.0,2,3,3,3,4,3,4,3,2,2,2,2,2,3,3,2,4,4,3,3,3,4,3,3,1,1,1,1,1,2,1,6120,gemini,2024,여성,5
3,1,1.0,4.0,2.0,2,3,3,3,4,3,4,3,2,2,2,2,1,2,3,2,4,4,3,3,3,3,3,3,1,1,2,1,1,2,1,6121,gemini,2024,여성,5
3,1,1.0,4.0,2.0,2,3,3,3,4,3,4,4,2,2,2,2,2,3,3,3,4,4,3,3,3,3,3,3,1,1,2,1,1,2,1,6122,gemini,2024,여성,5
3,1,1.0,4.0,2.0,2,3,3,3,4,3,4,3,2,2,2,2,1,2,3,2,4,4,3,3,3,3,3,3,1,1,1,1,1,2,1,6123,gemini,2024,여성,5
3,1,1.0,4.0,2.0,2,3,3,3,4,3,4,3,2,2,2,2,1,2,2,2,4,4,3,3,3,3,3,3,1,1,2,1,1,2,1,6124,gemini,2024,여성,5
3,1,1.0,1.0,2.0,2,3,3,3,4,3,4,3,2,2,2,2,1,3,3,2,4,4,3,3,3,4,3,4,1,1,1,1,1,2,1,6125,gemini,2024,여성,5
3,1,1.0,4.0,2.0,2,3,3,3,4,3,4,3,2,2,2,2,1,2,3,2,4,4,3,3,3,3,3,3,1,1,2,1,1,2,1,6126,gemini,2024,여성,5
3,1,1.0,1.0,2.0,2,3,3,3,4,3,4,3,2,2,2,2,1,2,3,2,4,4,3,3,3,3,3,3,1,1,1,1,1,2,1,6127,gemini,2024,여성,5
3,1,1.0,4.0,2.0,2,3,3,3,4,3,4,3,2,2,2,2,2,3,3,2,4,4,3,3,3,3,3,3,1,1,2,1,1,2,1,6128,gemini,2024,여성,5
3,1,1.0,4.0,2.0,2,3,3,3,4,3,4,3,2,2,2,2,1,2,3,2,4,4,3,3,3,3,3,3,1,1,1,1,1,2,1,6129,gemini,2024,여성,5
3,1,1.0,1.0,2.0,2,3,3,3,4,3,4,4,2,2,2,2,1,2,3,2,4,4,4,4,3,3,3,3,1,1,1,1,1,2,1,6130,gemini,2024,여성,5
3,1,1.0,4.0,2.0,2,3,3,3,4,3,4,3,2,1,2,2,1,2,2,2,4,4,3,3,3,3,3,3,1,1,1,1,1,2,1,6131,gemini,2024,여성,5
3,1,1.0,4.0,2.0,2,3,3,3,4,3,4,3,2,2,2,2,2,3,3,2,4,4,3,3,3,3,3,3,1,1,1,1,1,2,1,6132,gemini,2024,여성,5
3,1,1.0,4.0,2.0,2,3,3,3,4,3,4,3,2,2,2,2,1,2,3,2,4,4,3,3,3,3,3,3,1,1,2,1,1,2,1,6133,gemini,2024,여성,5
3,1,1.0,4.0,2.0,2,3,3,3,4,3,4,3,2,2,2,2,2,3,3,2,4,4,3,3,3,3,3,3,1,1,1,1,1,2,1,6134,gemini,2024,여성,5
3,1,1.0,4.0,2.0,2,3,3,3,4,3,4,3,2,2,2,2,2,3,3,2,4,4,3,3,3,3,3,3,1,1,1,1,1,2,1,6135,gemini,2024,여성,5
3,1,1.0,4.0,2.0,2,3,3,3,4,3,4,3,2,2,2,2,1,2,2,2,4,4,3,3,3,3,3,3,1,1,1,1,1,2,1,6136,gemini,2024,여성,5
3,1,1.0,4.0,2.0,2,3,4,3,4,3,4,3,2,2,2,2,2,3,3,2,4,4,3,3,3,3,3,3,1,1,1,1,1,2,1,6137,gemini,2024,여성,5
3,1,1.0,4.0,2.0,2,3,4,3,4,3,4,3,2,2,2,2,2,3,3,3,4,4,3,3,3,3,3,3,1,1,1,1,1,2,1,6138,gemini,2024,여성,5
3,1,1.0,4.0,2.0,2,3,3,3,4,3,4,3,2,2,2,2,1,2,3,2,4,4,3,3,3,3,3,3,1,1,1,1,1,2,1,6139,gemini,2024,여성,5
3,1,1.0,4.0,2.0,2,3,3,3,4,3,4,3,2,2,2,2,1,2,3,2,4,4,3,3,3,3,3,3,1,1,2,1,1,2,1,6140,gemini,2024,여성,5
3,1,1.0,4.0,2.0,2,3,3,3,4,3,4,3,2,2,2,2,2,3,3,3,4,4,4,4,3,3,3,4,1,1,1,1,1,2,1,6141,gemini,2024,여성,5
3,1,1.0,4.0,2.0,2,3,3,3,4,3,4,3,2,2,2,2,1,2,3,2,4,4,3,3,3,3,3,3,1,1,1,1,1,2,1,6142,gemini,2024,여성,5
3,1,1.0,4.0,2.0,2,3,3,3,4,3,4,3,2,2,2,2,1,2,3,2,4,4,3,3,3,3,3,3,1,1,1,1,1,2,1,6143,gemini,2024,여성,5
3,1,1.0,4.0,2.0,2,3,4,3,4,3,4,3,2,2,2,2,1,2,3,2,4,4,3,3,3,3,3,3,1,1,1,1,1,2,1,6144,gemini,2024,여성,5
3,1,1.0,4.0,2.0,2,3,3,3,4,3,4,4,2,2,2,2,2,3,3,3,4,4,4,4,3,3,3,3,1,1,1,1,1,2,1,6145,gemini,2024,여성,5
3,1,1.0,4.0,2.0,2,3,3,3,4,3,4,3,2,2,2,2,1,2,3,2,4,4,3,3,3,3,3,3,1,1,1,1,1,2,1,6146,gemini,2024,여성,5
3,1,1.0,4.0,2.0,2,3,3,3,4,3,4,3,2,2,2,2,2,3,3,2,4,4,3,3,3,3,3,3,1,1,1,1,1,2,1,6147,gemini,2024,여성,5
3,1,1.0,4.0,2.0,2,3,3,3,4,3,4,3,2,2,2,2,1,2,3,2,4,4,3,3,3,3,3,3,1,1,1,1,1,2,1,6148,gemini,2024,여성,5
3,1,1.0,1.0,2.0,2,3,3,3,4,3,4,3,2,2,2,2,1,2,3,2,4,4,3,3,3,3,3,3,1,1,1,1,1,2,1,6149,gemini,2024,여성,5
3,1,1.0,1.0,2.0,2,3,3,3,4,3,4,3,2,2,2,2,1,2,3,2,4,4,3,3,3,3,3,3,1,1,1,1,1,2,1,6150,gemini,2024,여성,5
3,1,1.0,4.0,2.0,2,3,4,3,4,3,4,3,2,2,2,2,2,3,3,2,4,4,3,3,3,3,3,4,1,1,2,1,1,2,1,6151,gemini,2024,여성,5
3,1,1.0,4.0,2.0,2,3,3,3,4,3,4,3,2,2,2,2,1,2,3,2,4,4,3,3,3,3,3,3,1,1,1,1,1,2,1,6152,gemini,2024,여성,5
3,1,1.0,4.0,2.0,2,3,4,3,4,3,4,3,2,2,2,2,2,3,3,2,4,4,3,3,3,3,3,3,1,1,1,1,1,2,1,6153,gemini,2024,여성,5
3,1,1.0,1.0,2.0,2,3,3,3,4,3,4,3,2,2,2,2,1,2,3,2,4,4,3,3,3,3,3,3,1,1,1,1,1,2,1,6154,gemini,2024,여성,5
3,1,1.0,4.0,2.0,2,3,3,3,4,3,4,3,2,2,2,2,1,2,3,2,4,4,3,3,3,3,3,3,1,1,1,1,1,2,1,6155,gemini,2024,여성,5
3,1,1.0,1.0,2.0,2,3,3,3,4,3,4,3,2,2,2,2,1,2,3,2,4,4,3,3,3,3,3,3,1,1,1,1,1,2,1,6156,gemini,2024,여성,5
3,1,1.0,4.0,2.0,2,3,3,3,4,3,4,3,2,2,2,2,1,2,3,2,4,4,3,3,3,3,3,3,1,1,1,1,1,2,1,6157,gemini,2024,여성,5
3,1,1.0,4.0,2.0,2,3,3,3,4,3,4,4,2,2,2,2,2,3,3,3,4,4,4,4,3,3,3,4,1,1,1,1,1,2,1,6158,gemini,2024,여성,5
3,1,1.0,4.0,2.0,2,3,3,3,4,3,4,3,2,2,2,2,2,3,3,2,4,4,4,4,3,3,3,4,1,1,2,1,1,2,1,6159,gemini,2024,여성,5
3,1,1.0,4.0,2.0,2,3,3,3,4,3,4,3,2,2,2,2,2,3,3,2,4,4,3,3,3,4,3,3,1,1,1,1,1,2,1,6160,gemini,2024,여성,5
3,1,1.0,4.0,2.0,2,3,3,3,4,3,4,3,2,2,2,2,1,2,3,2,4,4,3,3,3,3,3,3,1,1,1,1,1,2,1,6161,gemini,2024,여성,5
3,1,1.0,1.0,2.0,2,3,3,3,4,3,4,3,2,2,2,2,1,2,3,2,4,4,3,3,3,3,3,3,1,1,1,1,1,2,1,6162,gemini,2024,여성,5
3,1,1.0,4.0,2.0,2,3,3,3,4,3,4,3,2,2,2,2,1,2,2,2,4,4,3,3,3,3,3,3,1,1,1,1,1,2,1,6163,gemini,2024,여성,5
3,1,1.0,1.0,2.0,2,3,3,3,4,4,4,4,2,2,2,2,2,3,3,3,4,4,4,4,3,3,3,4,1,1,2,1,1,2,1,6164,gemini,2024,여성,5
3,1,1.0,4.0,2.0,2,3,3,3,4,3,4,3,2,2,2,2,1,2,3,2,4,4,3,3,3,4,3,3,1,1,2,1,1,2,1,6165,gemini,2024,여성,5
3,1,1.0,1.0,2.0,2,3,3,3,4,3,4,3,2,2,2,2,1,2,3,2,4,4,3,3,3,3,3,3,1,1,1,1,1,2,1,6166,gemini,2024,여성,5
3,1,1.0,4.0,2.0,2,3,3,3,4,3,4,3,2,2,2,2,2,3,3,2,4,4,3,3,3,3,3,3,1,1,2,1,1,2,1,6167,gemini,2024,여성,5
3,1,1.0,4.0,2.0,2,3,3,3,4,3,4,3,2,2,2,2,1,2,2,2,4,4,3,3,3,3,3,3,1,1,1,1,1,2,1,6168,gemini,2024,여성,5
3,1,1.0,4.0,2.0,2,3,3,3,4,3,4,3,2,2,2,2,1,2,3,2,4,4,3,3,3,3,3,3,1,1,2,1,1,2,1,6169,gemini,2024,여성,5
3,1,1.0,4.0,2.0,2,3,4,3,4,3,4,3,2,2,2,2,1,2,3,2,4,4,3,3,3,3,3,3,1,1,1,1,1,2,1,6170,gemini,2024,여성,5
3,1,1.0,1.0,2.0,2,3,4,3,4,3,4,3,2,2,2,2,2,3,3,3,4,4,4,4,3,3,3,3,1,1,1,1,1,2,1,6171,gemini,2024,여성,5
3,1,1.0,1.0,2.0,2,3,3,3,4,3,4,3,2,2,2,2,1,2,3,2,4,4,3,3,3,3,3,3,1,1,1,1,1,2,1,6172,gemini,2024,여성,5
3,1,1.0,4.0,2.0,2,3,3,3,4,3,4,3,2,2,2,2,2,3,3,2,4,4,3,3,3,3,3,3,1,1,1,1,1,2,1,6173,gemini,2024,여성,5
3,1,1.0,4.0,2.0,2,3,3,3,4,3,4,3,2,2,2,2,1,2,2,2,4,4,3,3,3,3,3,3,1,1,1,1,1,2,1,6174,gemini,2024,여성,5
3,1,1.0,1.0,2.0,2,3,3,3,4,3,4,3,2,2,2,2,2,3,3,3,4,4,4,4,3,3,3,4,1,1,1,1,1,2,1,6175,gemini,2024,여성,5
3,1,1.0,1.0,2.0,2,3,3,3,4,3,4,3,2,2,2,2,2,3,3,3,4,4,3,3,2,3,3,3,1,1,1,1,1,2,1,6176,gemini,2024,여성,5
3,1,1.0,4.0,2.0,2,3,3,3,4,3,4,4,2,2,2,2,1,2,3,2,4,4,3,3,3,3,3,3,1,1,2,1,1,2,1,6177,gemini,2024,여성,5
3,1,1.0,1.0,2.0,2,3,4,3,4,3,4,3,2,2,2,2,2,3,3,3,4,4,4,4,3,3,3,4,1,1,2,1,1,2,1,6178,gemini,2024,여성,5
3,1,1.0,4.0,2.0,2,3,3,3,4,3,4,3,2,2,2,2,2,3,3,2,4,4,3,3,3,3,3,3,1,1,2,1,1,2,1,6179,gemini,2024,여성,5
3,1,1.0,1.0,2.0,2,3,3,3,4,3,4,3,2,2,2,2,2,3,3,2,4,4,3,3,3,3,3,3,1,1,2,1,1,2,1,6180,gemini,2024,여성,5
3,1,1.0,4.0,2.0,2,3,3,3,4,3,4,3,2,2,2,2,2,3,3,2,4,4,3,3,3,3,3,3,1,1,1,1,1,2,1,6181,gemini,2024,여성,5
3,1,1.0,1.0,2.0,2,3,3,3,4,3,4,3,2,2,2,2,1,2,3,2,4,4,3,3,3,3,3,3,1,1,1,1,1,2,1,6182,gemini,2024,여성,5
3,1,1.0,4.0,2.0,2,3,3,3,4,3,4,4,2,2,2,2,1,2,3,2,4,4,3,3,3,3,3,3,1,1,1,1,1,2,1,6183,gemini,2024,여성,5
3,1,1.0,4.0,2.0,2,3,3,3,4,3,4,3,2,2,2,2,2,3,3,2,4,4,3,3,3,3,3,3,1,1,1,1,1,2,1,6184,gemini,2024,여성,5
3,1,1.0,4.0,2.0,2,3,3,3,4,3,4,4,2,2,2,2,2,3,3,3,4,4,3,3,3,3,3,3,1,1,1,1,1,2,1,6185,gemini,2024,여성,5
3,1,1.0,4.0,2.0,2,3,3,3,4,3,4,3,2,1,2,2,1,2,2,2,4,4,3,3,3,3,3,3,1,1,2,1,1,2,1,6186,gemini,2024,여성,5
3,1,1.0,1.0,2.0,2,3,4,3,4,3,4,3,2,2,2,2,2,3,3,2,4,4,3,3,3,3,3,3,1,1,1,1,1,2,1,6187,gemini,2024,여성,5
3,1,1.0,4.0,2.0,2,3,3,3,4,3,4,3,2,2,2,2,2,3,3,2,4,4,3,3,3,3,3,3,1,1,1,1,1,2,1,6188,gemini,2024,여성,5
3,1,1.0,4.0,2.0,2,3,3,3,4,3,4,3,2,2,2,2,1,2,3,2,4,4,3,3,3,3,3,3,1,1,2,1,1,2,1,6189,gemini,2024,여성,5
3,1,1.0,4.0,2.0,2,3,3,3,4,3,4,3,2,2,2,2,1,2,3,2,4,4,3,3,3,3,3,3,1,1,1,1,1,2,1,6190,gemini,2024,여성,5
3,1,1.0,1.0,2.0,2,3,3,3,4,3,4,3,2,2,2,2,1,2,3,2,4,4,3,3,3,3,3,3,1,1,1,1,1,2,1,6191,gemini,2024,여성,5
3,1,1.0,4.0,2.0,2,3,3,3,4,3,4,4,2,2,2,2,2,3,3,3,4,4,4,4,3,3,3,4,1,1,1,1,1,2,1,6192,gemini,2024,여성,5
3,1,1.0,4.0,2.0,2,3,3,3,4,3,4,3,2,2,2,2,2,3,3,2,4,4,3,3,3,3,3,4,1,1,1,1,1,2,1,6193,gemini,2024,여성,5
3,1,1.0,4.0,2.0,2,3,3,3,4,3,4,3,2,2,2,2,1,2,3,2,4,4,3,3,3,3,3,3,1,1,1,1,1,2,1,6194,gemini,2024,여성,5
3,1,1.0,4.0,2.0,2,3,3,3,4,3,4,3,2,2,2,2,1,2,3,2,4,4,3,3,3,3,3,3,1,1,1,1,1,2,1,6195,gemini,2024,여성,5
3,1,1.0,4.0,2.0,2,3,3,3,4,3,4,3,2,2,2,2,1,2,3,2,4,4,3,3,3,3,3,3,1,1,1,1,1,2,1,6196,gemini,2024,여성,5
3,1,1.0,4.0,2.0,2,3,4,3,4,3,4,3,2,2,2,2,1,2,3,2,4,4,3,3,3,3,3,3,1,1,1,1,1,2,1,6197,gemini,2024,여성,5
3,1,1.0,1.0,2.0,2,3,3,3,4,3,4,3,2,2,2,2,2,3,3,3,4,4,4,4,3,3,3,4,1,1,2,1,1,2,1,6198,gemini,2024,여성,5
3,1,1.0,1.0,2.0,2,3,3,3,4,3,4,3,2,2,2,2,2,3,3,2,4,4,3,3,3,3,3,3,1,1,1,1,1,2,1,6199,gemini,2024,여성,5
3,1,1.0,4.0,2.0,2,3,3,3,4,3,4,3,2,2,2,2,1,2,3,2,4,4,3,3,3,3,3,3,1,1,1,1,1,2,1,6200,gemini,2024,여성,5
3,1,1.0,1.0,2.0,2,3,3,3,4,3,4,3,2,2,2,2,1,3,3,2,4,4,3,3,3,3,3,3,1,1,1,1,1,2,1,6201,gemini,2024,여성,5
3,1,1.0,1.0,2.0,2,3,3,3,4,3,4,3,2,2,2,2,1,2,3,2,4,4,3,3,3,3,3,3,1,1,1,1,1,2,1,6202,gemini,2024,여성,5
3,1,1.0,1.0,2.0,2,3,3,3,4,3,4,3,2,2,2,2,2,3,3,3,4,4,3,3,3,3,3,3,1,1,2,1,1,2,1,6203,gemini,2024,여성,5
3,1,1.0,1.0,2.0,2,3,4,3,4,3,4,3,2,2,2,2,2,3,3,2,4,4,3,3,3,3,3,3,1,1,2,1,1,2,1,6204,gemini,2024,여성,5
3,1,1.0,4.0,2.0,2,3,3,3,4,3,4,3,2,2,2,2,2,3,3,3,4,4,3,3,3,3,3,3,1,1,1,1,1,2,1,6205,gemini,2024,여성,5
3,1,1.0,1.0,2.0,2,3,3,3,4,3,4,3,2,2,2,2,1,2,3,2,4,4,3,3,3,3,3,3,1,1,1,1,1,2,1,6206,gemini,2024,여성,5
3,1,1.0,4.0,2.0,2,3,3,3,4,3,4,3,2,2,2,2,1,2,3,2,4,4,3,3,3,3,3,3,1,1,1,1,1,2,1,6207,gemini,2024,여성,5
3,1,1.0,1.0,2.0,2,3,3,3,4,3,4,3,2,2,2,2,1,2,3,2,4,4,3,3,3,3,3,3,1,1,1,1,1,2,1,6208,gemini,2024,여성,5
3,1,1.0,1.0,2.0,2,3,3,3,4,3,4,3,2,2,2,2,1,2,3,2,4,4,3,3,3,3,3,3,1,1,2,1,1,2,1,6209,gemini,2024,여성,5
3,1,1.0,1.0,2.0,2,3,3,3,4,3,4,3,2,2,2,2,1,3,3,2,4,4,3,3,3,3,3,3,1,1,2,1,1,2,1,6210,gemini,2024,여성,5
3,1,1.0,4.0,2.0,2,3,3,3,4,3,4,3,2,2,2,2,1,2,3,2,4,4,3,3,3,3,3,3,1,1,1,1,1,2,1,6211,gemini,2024,여성,5
3,1,1.0,4.0,2.0,2,3,4,3,4,3,4,3,2,2,2,2,2,3,3,3,4,4,3,3,3,3,3,3,1,1,1,1,1,2,1,6212,gemini,2024,여성,5
3,1,1.0,1.0,2.0,2,3,3,3,4,3,4,3,2,2,2,2,1,2,3,2,4,4,3,3,3,3,3,3,1,1,1,1,1,2,1,6213,gemini,2024,여성,5
3,1,1.0,4.0,2.0,2,3,3,3,4,3,4,3,2,2,2,2,2,3,3,3,4,4,3,3,3,3,3,3,1,1,1,1,1,2,1,6214,gemini,2024,여성,5
3,1,1.0,4.0,2.0,2,3,3,3,4,3,4,4,2,2,2,2,2,3,3,3,4,4,4,4,3,3,3,4,1,1,2,1,1,2,1,6215,gemini,2024,여성,5
3,1,1.0,4.0,2.0,2,3,3,3,4,3,4,3,2,2,2,2,1,2,3,2,4,4,3,3,3,3,3,3,1,1,1,1,1,2,1,6216,gemini,2024,여성,5
3,1,1.0,4.0,2.0,2,3,3,3,4,3,4,4,2,2,2,2,1,2,3,2,4,4,3,3,3,3,3,3,1,1,1,1,1,2,1,6217,gemini,2024,여성,5
3,1,1.0,4.0,2.0,2,3,3,3,4,3,4,3,2,2,2,2,1,2,3,2,4,4,3,3,3,3,3,3,1,1,1,1,1,2,1,6218,gemini,2024,여성,5
3,1,1.0,4.0,2.0,2,3,4,3,4,3,4,3,2,2,2,2,2,3,3,2,4,4,3,3,3,4,3,3,1,1,1,1,1,2,1,6219,gemini,2024,여성,5
3,1,1.0,4.0,2.0,2,3,3,3,4,3,4,3,2,2,2,2,2,3,3,2,4,4,3,3,3,3,3,3,1,1,1,1,1,2,1,6220,gemini,2024,여성,5
3,1,1.0,4.0,2.0,2,3,3,3,4,3,4,3,2,2,2,2,1,2,3,2,4,4,3,3,3,3,3,3,1,1,1,1,1,2,1,6221,gemini,2024,여성,5
3,1,1.0,4.0,2.0,2,3,3,3,4,3,4,3,2,2,2,2,1,3,3,2,4,4,3,3,3,3,3,3,1,1,1,1,1,2,1,6222,gemini,2024,여성,5
3,1,1.0,4.0,2.0,2,3,3,3,4,3,4,3,2,2,2,2,1,2,3,2,4,4,3,3,3,3,3,3,1,1,1,1,1,2,1,6223,gemini,2024,여성,5
3,1,1.0,4.0,2.0,2,3,3,3,4,3,4,3,2,2,2,2,2,3,3,3,4,4,3,3,3,3,3,3,1,1,1,1,1,2,1,6224,gemini,2024,여성,5
3,1,1.0,4.0,2.0,2,3,3,3,4,3,4,3,2,2,2,2,2,3,3,2,4,4,3,3,3,3,3,3,1,1,1,1,1,2,1,6225,gemini,2024,여성,5
3,1,1.0,4.0,2.0,2,3,3,3,4,3,4,3,2,2,2,2,1,2,3,2,4,4,3,3,3,3,3,3,1,1,1,1,1,2,1,6226,gemini,2024,여성,5
3,1,1.0,1.0,2.0,2,3,3,3,4,3,4,3,2,2,2,2,1,2,2,2,4,4,3,3,3,3,3,3,1,1,1,1,1,2,1,6227,gemini,2024,여성,5
3,1,1.0,1.0,2.0,2,3,3,3,4,3,4,3,2,2,2,2,1,2,3,2,4,4,3,3,3,3,3,3,1,1,1,1,1,2,1,6228,gemini,2024,여성,5
3,1,1.0,1.0,2.0,2,3,3,3,4,3,4,3,2,2,2,2,1,2,3,2,4,4,3,3,3,3,3,3,1,1,1,1,1,2,1,6229,gemini,2024,여성,5
3,1,1.0,1.0,2.0,2,3,4,3,4,3,4,4,2,2,2,2,2,3,3,3,4,4,4,4,3,3,3,4,1,1,1,1,1,2,1,6230,gemini,2024,여성,5
3,1,1.0,1.0,2.0,2,3,3,3,4,3,4,3,2,2,2,2,1,2,3,2,4,4,3,3,3,3,3,3,1,1,1,1,1,2,1,6231,gemini,2024,여성,5
3,1,1.0,4.0,2.0,2,3,3,3,4,3,4,3,2,2,2,2,1,2,3,2,4,4,3,3,3,3,3,3,1,1,2,1,1,2,1,6232,gemini,2024,여성,5
3,1,1.0,1.0,2.0,2,3,4,3,4,3,4,3,2,2,2,2,2,3,3,2,4,4,3,3,3,3,3,3,1,1,1,1,1,2,1,6233,gemini,2024,여성,5
3,1,1.0,4.0,2.0,2,3,4,3,4,3,4,3,2,2,2,2,1,2,3,2,4,4,3,3,3,3,3,3,1,1,2,1,1,2,1,6234,gemini,2024,여성,5
3,1,1.0,4.0,2.0,2,3,3,3,4,3,4,3,2,2,2,2,1,2,3,2,4,4,3,3,2,3,3,3,1,1,1,1,1,2,1,6235,gemini,2024,여성,5
3,1,1.0,4.0,2.0,2,3,3,3,4,3,4,3,2,2,2,2,1,2,3,2,4,4,3,3,3,3,3,3,1,1,1,1,1,2,1,6236,gemini,2024,여성,5
3,1,1.0,4.0,2.0,2,3,3,3,4,3,4,3,2,2,2,2,1,2,3,2,4,4,3,3,3,3,3,3,1,1,1,1,1,2,1,6237,gemini,2024,여성,5
3,1,1.0,1.0,2.0,2,3,4,3,4,3,4,3,2,2,2,2,2,3,3,3,4,4,3,3,3,3,3,3,1,1,1,1,1,2,1,6238,gemini,2024,여성,5
3,1,1.0,4.0,2.0,2,3,3,3,4,3,4,3,2,2,2,2,1,2,3,2,4,4,3,3,3,3,3,3,1,1,2,1,1,2,1,6239,gemini,2024,여성,5
3,1,1.0,4.0,2.0,2,3,3,3,4,3,4,3,2,2,2,2,1,2,3,2,4,4,3,3,3,3,3,3,1,1,1,1,1,2,1,6240,gemini,2024,여성,5
3,1,1.0,4.0,2.0,2,3,3,3,4,3,4,3,2,2,2,2,2,3,3,2,4,4,3,3,3,3,3,3,1,1,2,1,1,2,1,6241,gemini,2024,여성,5
3,1,1.0,4.0,2.0,2,3,3,3,4,3,4,3,2,2,2,2,1,2,3,2,4,4,3,3,3,3,3,3,1,1,1,1,1,2,1,6242,gemini,2024,여성,5
3,1,1.0,4.0,2.0,2,3,3,3,4,3,4,3,2,2,2,2,1,2,2,2,4,4,3,3,3,3,3,3,1,1,1,1,1,2,1,6243,gemini,2024,여성,5
3,1,1.0,1.0,2.0,2,3,4,3,4,3,4,3,2,2,2,2,1,2,3,2,4,4,3,3,3,3,3,3,1,1,2,1,1,2,1,6244,gemini,2024,여성,5
3,1,1.0,4.0,2.0,2,3,3,3,4,3,4,3,2,2,2,2,1,2,3,2,4,4,3,3,3,3,3,3,1,1,1,1,1,2,1,6245,gemini,2024,여성,5
3,1,1.0,4.0,2.0,2,3,4,3,4,3,4,3,2,2,2,2,2,3,3,2,4,4,4,4,3,3,3,4,1,1,1,1,1,2,1,6246,gemini,2024,여성,5
3,1,1.0,1.0,2.0,2,3,4,3,4,3,4,3,2,2,2,2,1,2,3,2,4,4,3,3,3,3,3,3,1,1,1,1,1,2,1,6247,gemini,2024,여성,5
3,1,1.0,4.0,2.0,2,3,3,3,4,3,4,3,2,2,2,2,1,2,3,2,4,4,3,3,3,3,3,3,1,1,1,1,1,2,1,6248,gemini,2024,여성,5
3,1,1.0,4.0,2.0,2,3,3,3,4,3,4,3,2,2,2,2,2,3,3,2,4,4,3,3,3,3,3,3,1,1,1,1,1,2,1,6249,gemini,2024,여성,5
3,1,1.0,4.0,2.0,2,3,3,3,4,3,4,4,2,2,2,2,1,2,3,2,4,4,3,3,3,3,3,3,1,1,1,1,1,2,1,6250,gemini,2024,여성,5
3,1,1.0,4.0,2.0,2,3,3,3,4,3,4,3,2,2,2,2,2,3,3,2,4,4,3,3,3,3,3,3,1,1,1,1,1,2,1,6251,gemini,2024,여성,5
3,1,1.0,1.0,2.0,2,3,3,3,4,3,4,3,2,2,2,2,1,2,2,2,4,4,3,3,3,3,3,3,1,1,1,1,1,2,1,6252,gemini,2024,여성,5
3,1,1.0,1.0,2.0,2,3,3,3,4,3,4,3,2,2,2,2,1,2,3,2,4,4,3,3,3,3,3,3,1,1,2,1,1,2,1,6253,gemini,2024,여성,5
3,1,1.0,4.0,2.0,2,3,3,3,4,3,4,3,2,1,2,2,2,3,3,2,4,4,3,3,3,3,3,3,1,1,1,1,1,2,1,6254,gemini,2024,여성,5
3,1,1.0,1.0,2.0,2,3,4,3,4,3,4,3,2,2,2,2,2,3,3,2,4,4,3,3,3,3,3,3,1,1,1,1,1,2,1,6255,gemini,2024,여성,5
3,1,1.0,1.0,2.0,2,3,3,3,4,3,4,3,2,2,2,2,1,2,3,2,4,4,3,3,3,3,3,3,1,1,1,1,1,2,1,6256,gemini,2024,여성,5
3,1,1.0,4.0,2.0,2,3,3,3,4,3,4,3,2,2,2,2,2,3,3,2,4,4,3,3,3,3,3,3,1,1,2,1,1,2,1,6257,gemini,2024,여성,5
3,1,1.0,1.0,2.0,2,3,4,3,4,4,4,3,2,2,2,2,2,3,3,3,4,4,3,3,3,3,3,3,1,1,1,1,1,2,1,6258,gemini,2024,여성,5
3,1,1.0,4.0,2.0,2,3,3,3,4,3,4,4,2,2,2,2,1,3,3,2,4,4,3,3,3,3,3,3,1,1,1,1,1,2,1,6259,gemini,2024,여성,5
3,1,1.0,4.0,2.0,2,3,3,3,4,3,4,3,2,2,2,2,2,3,3,2,4,4,3,3,3,3,3,3,1,1,1,1,1,2,1,6260,gemini,2024,여성,5
3,1,1.0,4.0,2.0,2,3,3,3,4,3,4,3,2,2,2,2,2,3,3,3,4,4,3,3,3,3,3,3,1,1,1,1,1,2,1,6261,gemini,2024,여성,5
3,1,1.0,1.0,2.0,2,3,3,3,4,3,4,3,2,2,2,2,1,2,3,2,4,4,3,3,3,3,3,3,1,1,1,1,1,2,1,6262,gemini,2024,여성,5
3,1,1.0,4.0,2.0,2,3,3,3,4,3,4,3,2,2,2,2,1,2,3,2,4,4,3,3,3,3,3,3,1,1,2,1,1,2,1,6263,gemini,2024,여성,5
3,1,1.0,1.0,2.0,2,3,3,3,4,3,4,3,2,2,2,2,2,3,3,2,4,4,3,3,3,3,3,3,1,1,1,1,1,2,1,6264,gemini,2024,여성,5
3,1,1.0,4.0,2.0,2,3,3,3,4,3,4,3,2,2,2,2,1,2,3,2,4,4,3,3,3,3,3,3,1,1,1,1,1,2,1,6265,gemini,2024,여성,5
3,1,1.0,4.0,2.0,2,3,4,3,4,3,4,3,2,2,2,2,2,3,3,2,4,4,3,3,3,3,3,3,1,1,1,1,1,2,1,6266,gemini,2024,여성,5
3,1,1.0,1.0,2.0,2,3,3,3,4,3,4,3,2,2,2,2,2,3,3,3,4,4,3,3,3,3,3,3,1,1,1,1,1,2,1,6267,gemini,2024,여성,5
3,1,1.0,4.0,2.0,2,3,4,3,4,3,4,3,2,2,2,2,2,3,3,3,4,4,3,3,3,3,3,3,1,1,1,1,1,2,1,6268,gemini,2024,여성,5
3,1,1.0,4.0,2.0,2,3,3,3,4,3,4,3,2,2,2,2,1,2,3,2,4,4,3,3,3,3,3,3,1,1,1,1,1,2,1,6269,gemini,2024,여성,5
3,1,1.0,4.0,2.0,2,3,3,3,4,3,4,3,2,2,2,2,2,3,3,2,4,4,3,3,3,3,3,3,1,1,1,1,1,2,1,6270,gemini,2024,여성,5
3,1,1.0,1.0,2.0,2,3,4,3,4,3,4,3,2,2,2,2,1,2,3,2,4,4,3,3,3,4,3,3,1,1,2,1,1,2,1,6271,gemini,2024,여성,5
3,1,1.0,4.0,2.0,2,3,3,3,4,3,4,3,2,2,2,2,1,2,3,2,4,4,3,3,3,3,3,3,1,1,1,1,1,2,1,6272,gemini,2024,여성,5
3,1,1.0,4.0,2.0,2,3,3,3,4,3,4,4,2,2,2,2,1,2,3,2,4,4,3,3,3,3,3,3,1,1,2,1,1,2,1,6273,gemini,2024,여성,5
3,1,1.0,4.0,2.0,2,3,3,3,4,3,4,3,2,2,2,2,1,2,3,2,4,4,3,3,3,3,3,3,1,1,1,1,1,2,1,6274,gemini,2024,여성,5
3,1,1.0,4.0,2.0,2,3,3,3,4,3,4,3,2,2,2,2,1,2,2,2,4,4,3,3,3,3,3,3,1,1,1,1,1,2,1,6275,gemini,2024,여성,5
3,1,1.0,4.0,2.0,2,3,3,3,4,3,4,3,2,2,2,2,1,2,3,2,4,4,3,3,3,3,3,3,1,1,1,1,1,2,1,6276,gemini,2024,여성,5
3,1,1.0,1.0,2.0,2,3,4,3,4,3,4,3,2,2,2,2,2,3,3,3,4,4,3,4,3,3,3,4,1,1,1,1,1,2,1,6277,gemini,2024,여성,5
3,1,1.0,1.0,2.0,2,3,3,3,4,3,4,3,2,2,2,2,2,3,3,2,4,4,3,3,3,3,3,3,1,1,2,1,1,2,1,6278,gemini,2024,여성,5
3,1,1.0,4.0,2.0,2,3,3,3,4,3,4,3,2,2,2,2,2,3,3,2,4,4,3,3,3,3,3,3,1,1,1,1,1,2,1,6279,gemini,2024,여성,5
3,1,1.0,4.0,2.0,2,3,3,3,4,3,4,3,2,2,2,2,2,3,3,3,4,4,3,3,3,3,3,3,1,1,1,1,1,2,1,6280,gemini,2024,여성,5
3,1,1.0,1.0,2.0,2,3,4,3,4,3,4,3,2,2,2,2,2,3,3,3,4,4,3,3,3,3,3,3,1,1,1,1,1,2,1,6281,gemini,2024,여성,5
3,1,1.0,4.0,2.0,2,3,3,3,4,3,4,4,2,2,2,2,1,2,3,2,4,4,3,3,3,3,3,3,1,1,1,1,1,2,1,6282,gemini,2024,여성,5
3,1,1.0,4.0,2.0,2,3,3,3,4,3,4,3,2,2,2,2,2,3,3,2,4,4,3,3,3,3,3,3,1,1,1,1,1,2,1,6283,gemini,2024,여성,5
3,1,1.0,4.0,2.0,2,3,3,3,4,3,4,3,2,2,2,2,2,3,3,2,4,4,3,3,3,3,3,3,1,1,1,1,1,2,1,6284,gemini,2024,여성,5
3,1,1.0,4.0,2.0,2,3,3,3,4,3,4,3,2,2,2,2,1,2,3,2,4,4,3,3,3,3,3,3,1,1,1,1,1,2,1,6285,gemini,2024,여성,5
3,1,1.0,4.0,2.0,2,3,3,3,4,3,4,3,2,2,2,2,1,2,3,2,4,4,3,3,3,3,3,3,1,1,1,1,1,2,1,6286,gemini,2024,여성,5
3,1,1.0,4.0,2.0,2,3,3,3,4,3,4,3,2,2,2,2,2,3,3,2,4,4,3,3,3,3,3,3,1,1,1,1,1,2,1,6287,gemini,2024,여성,5
3,1,1.0,4.0,2.0,2,3,3,3,4,3,4,3,2,2,2,2,2,3,3,2,4,4,3,4,3,3,3,4,1,1,1,1,1,2,1,6288,gemini,2024,여성,5
3,1,1.0,1.0,2.0,2,3,4,3,4,3,4,3,2,2,2,2,1,2,3,2,4,4,3,3,3,3,3,3,1,1,2,1,1,2,1,6289,gemini,2024,여성,5
3,1,1.0,4.0,2.0,2,3,3,3,4,3,4,3,2,2,2,2,2,3,3,3,4,4,3,3,3,3,3,4,1,1,2,1,1,2,1,6290,gemini,2024,여성,5
3,1,1.0,4.0,2.0,2,3,3,3,4,3,4,3,2,2,2,2,2,3,3,2,4,4,3,3,3,3,3,3,1,1,1,1,1,2,1,6291,gemini,2024,여성,5
3,1,1.0,4.0,2.0,2,3,3,3,4,3,4,3,2,2,2,2,2,3,3,2,4,4,3,3,3,3,3,3,1,1,2,1,1,2,1,6292,gemini,2024,여성,5
3,1,1.0,4.0,2.0,2,3,3,3,4,3,4,3,2,2,2,2,1,2,2,2,4,4,3,3,3,3,3,3,1,1,1,1,1,2,1,6293,gemini,2024,여성,5
3,1,1.0,4.0,2.0,2,3,3,3,4,3,4,3,2,2,2,2,1,2,3,2,4,4,3,3,3,3,3,3,1,1,1,1,1,2,1,6294,gemini,2024,여성,5
3,1,1.0,1.0,2.0,2,4,4,4,4,3,4,3,2,2,2,2,2,3,3,3,4,4,3,3,3,4,3,3,1,1,1,1,1,2,1,6295,gemini,2024,여성,5
3,1,1.0,4.0,2.0,2,3,3,3,4,3,4,3,2,2,2,2,1,2,2,2,4,4,3,3,3,3,3,3,1,1,1,1,1,2,1,6296,gemini,2024,여성,5
3,1,1.0,4.0,2.0,2,3,3,3,4,3,4,3,2,2,2,2,1,2,2,2,4,4,3,3,3,3,3,3,1,1,2,1,1,2,1,6297,gemini,2024,여성,5
3,1,1.0,1.0,2.0,2,3,3,3,4,3,4,3,2,2,2,2,1,2,3,2,4,4,3,3,3,3,3,3,1,1,2,1,1,2,1,6298,gemini,2024,여성,5
3,1,1.0,4.0,2.0,2,3,3,3,4,3,4,3,2,2,2,2,2,3,3,2,4,4,3,3,3,3,3,3,1,1,1,1,1,2,1,6299,gemini,2024,여성,5
3,1,1.0,4.0,2.0,2,3,3,3,4,3,4,4,2,2,2,2,1,2,3,2,4,4,3,3,3,3,3,3,1,1,1,1,1,2,1,6300,gemini,2024,여성,5
3,1,1.0,4.0,2.0,2,3,3,3,4,3,4,3,2,2,2,2,1,2,2,2,4,4,3,3,3,3,3,3,1,1,1,1,1,2,1,6301,gemini,2024,여성,5
3,1,1.0,4.0,2.0,2,3,3,3,4,3,4,3,2,2,2,2,2,3,3,2,4,4,3,3,3,3,3,3,1,1,2,1,1,2,1,6302,gemini,2024,여성,5
3,1,1.0,4.0,2.0,2,3,3,3,4,3,4,3,2,2,2,2,1,3,3,2,4,4,3,3,3,3,3,3,1,1,1,1,1,2,1,6303,gemini,2024,여성,5
3,1,1.0,4.0,2.0,2,3,3,3,4,3,4,3,2,2,2,2,1,2,3,2,4,4,3,3,3,3,3,3,1,1,2,1,1,2,1,6304,gemini,2024,여성,5
3,1,1.0,1.0,2.0,2,3,4,3,4,3,4,3,2,2,2,2,1,2,3,2,4,4,3,3,3,3,3,3,1,1,1,1,1,2,1,6305,gemini,2024,여성,5
3,1,1.0,4.0,2.0,2,3,3,3,4,3,4,3,2,2,2,2,2,3,3,2,4,4,3,3,3,3,3,3,1,1,1,1,1,2,1,6306,gemini,2024,여성,5
3,1,1.0,4.0,2.0,2,3,3,3,4,3,4,3,2,2,2,2,1,2,3,2,4,4,3,3,3,3,3,3,1,1,2,1,1,2,1,6307,gemini,2024,여성,5
3,1,1.0,1.0,2.0,2,3,3,3,4,3,4,3,2,2,2,2,2,3,3,3,4,4,3,3,3,3,3,3,1,1,1,1,1,2,1,6308,gemini,2024,여성,5
3,1,1.0,4.0,2.0,2,3,3,3,4,3,4,3,2,2,2,2,1,2,2,2,4,4,3,3,3,3,3,3,1,1,2,1,1,2,1,6309,gemini,2024,여성,5
3,1,1.0,4.0,2.0,2,3,3,3,4,3,4,3,2,2,2,2,2,3,3,3,4,4,3,3,3,3,3,3,1,1,1,1,1,2,1,6310,gemini,2024,여성,5
3,1,1.0,4.0,2.0,2,3,3,3,4,3,4,3,2,2,2,2,1,2,3,2,4,4,3,3,3,3,3,3,1,1,1,1,1,2,1,6311,gemini,2024,여성,5
3,1,1.0,4.0,2.0,2,3,3,3,4,3,4,3,2,2,2,2,1,2,3,2,4,4,3,3,3,3,3,3,1,1,2,1,1,2,1,6312,gemini,2024,여성,5
3,1,1.0,1.0,2.0,2,3,3,3,4,3,4,3,2,2,2,2,1,2,3,2,4,4,3,3,3,3,3,3,1,1,1,1,1,2,1,6313,gemini,2024,여성,5
3,1,1.0,1.0,2.0,2,3,3,3,4,3,4,3,2,2,2,2,1,2,3,2,4,4,3,3,3,3,3,3,1,1,1,1,1,2,1,6314,gemini,2024,여성,5
3,1,1.0,4.0,2.0,2,3,3,3,4,3,4,4,2,2,2,2,2,3,3,3,4,4,3,3,3,3,3,3,1,1,1,1,1,2,1,6315,gemini,2024,여성,5
3,1,1.0,4.0,2.0,2,3,4,3,4,3,4,3,2,2,2,2,2,3,3,3,4,4,3,3,3,3,3,3,1,1,1,1,1,2,1,6316,gemini,2024,여성,5
3,1,1.0,4.0,2.0,2,3,3,3,4,3,4,3,2,2,2,2,1,2,3,2,4,4,3,3,3,3,3,3,1,1,1,1,1,2,1,6317,gemini,2024,여성,5
3,1,1.0,4.0,2.0,2,3,3,3,4,3,4,3,2,2,2,2,1,2,3,2,4,4,3,3,3,3,3,3,1,1,2,1,1,2,1,6318,gemini,2024,여성,5
3,1,1.0,4.0,2.0,2,3,3,3,4,3,4,3,2,2,2,2,2,3,3,2,4,4,3,3,3,3,3,3,1,1,2,1,1,2,1,6319,gemini,2024,여성,5
3,1,1.0,4.0,2.0,2,3,3,3,4,3,4,3,2,2,2,2,2,3,3,2,4,4,3,3,3,3,3,3,1,1,1,1,1,2,1,6320,gemini,2024,여성,5
3,1,1.0,4.0,2.0,3,4,4,3,4,3,4,3,2,2,2,2,2,3,3,3,4,4,4,4,3,3,3,4,1,1,1,1,1,2,1,6321,gemini,2024,여성,5
3,1,1.0,4.0,2.0,2,3,3,3,4,3,4,3,2,2,2,2,2,3,3,2,4,4,3,3,3,3,3,3,1,1,1,1,1,2,1,6322,gemini,2024,여성,5
3,1,1.0,4.0,2.0,2,3,3,3,4,3,4,3,2,2,2,2,2,3,3,2,4,4,3,3,3,4,3,3,1,1,1,1,1,2,1,6323,gemini,2024,여성,5
3,1,1.0,1.0,2.0,2,3,3,3,4,3,4,3,2,2,2,2,2,3,3,3,4,4,3,3,3,3,3,3,1,1,1,1,1,2,1,6324,gemini,2024,여성,5
3,1,1.0,1.0,2.0,2,3,3,3,4,3,4,3,2,2,2,2,1,3,3,2,4,4,3,3,3,3,3,3,1,1,2,1,1,2,1,6325,gemini,2024,여성,5
3,1,1.0,1.0,2.0,2,3,3,3,4,3,4,3,2,2,2,2,2,3,3,3,4,4,4,4,3,3,3,4,1,1,2,1,1,2,1,6326,gemini,2024,여성,5
3,1,1.0,4.0,2.0,2,3,3,3,4,3,4,3,2,2,2,2,1,2,3,2,4,4,3,3,3,3,3,3,1,1,1,1,1,2,1,6327,gemini,2024,여성,5
3,1,1.0,1.0,2.0,2,3,3,3,4,3,4,3,2,2,2,2,2,3,3,2,4,4,3,3,3,3,3,3,1,1,1,1,1,2,1,6328,gemini,2024,여성,5
3,1,1.0,4.0,2.0,2,3,3,3,4,3,4,3,2,2,2,2,2,3,3,2,4,4,3,3,3,3,3,3,1,1,1,1,1,2,1,6329,gemini,2024,여성,5
3,1,1.0,1.0,2.0,2,3,3,3,4,3,4,4,2,2,2,2,1,2,3,2,4,4,3,3,3,4,3,3,1,1,1,1,1,2,1,6330,gemini,2024,여성,5
3,1,1.0,1.0,2.0,2,3,3,3,4,3,4,3,2,2,2,2,2,3,3,2,4,4,4,4,3,3,3,4,1,1,1,1,1,2,1,6331,gemini,2024,여성,5
3,1,1.0,4.0,2.0,2,3,3,3,4,3,4,4,2,2,2,2,2,3,3,3,4,4,3,3,3,3,3,3,1,1,1,1,1,2,1,6332,gemini,2024,여성,5
3,1,1.0,4.0,2.0,2,3,3,3,4,3,4,3,2,2,2,2,1,2,3,2,4,4,3,3,3,3,3,3,1,1,2,1,1,2,1,6333,gemini,2024,여성,5
3,1,1.0,1.0,2.0,2,3,3,3,4,3,4,4,2,2,2,2,2,3,3,2,4,4,3,3,3,3,3,4,1,1,1,1,1,2,1,6334,gemini,2024,여성,5
3,1,1.0,4.0,2.0,2,3,3,3,4,3,4,3,2,2,2,2,2,3,3,3,4,4,3,3,3,3,3,3,1,1,1,1,1,2,1,6335,gemini,2024,여성,5
3,1,1.0,4.0,2.0,2,3,3,3,4,3,4,3,2,2,2,2,1,2,3,2,4,4,3,3,3,3,3,3,1,1,1,1,1,2,1,6336,gemini,2024,여성,5
3,1,1.0,1.0,2.0,2,3,3,3,4,3,4,3,2,2,2,2,2,3,3,3,4,4,3,3,3,3,3,3,1,1,1,1,1,2,1,6337,gemini,2024,여성,5
3,1,1.0,4.0,2.0,2,3,3,3,4,3,4,3,2,1,2,2,1,3,3,2,4,4,3,3,3,3,3,3,1,1,1,1,1,2,1,6338,gemini,2024,여성,5
3,1,1.0,4.0,2.0,2,3,3,3,4,3,4,3,2,2,2,2,2,3,3,3,4,4,4,4,3,3,3,4,1,1,1,1,1,2,1,6339,gemini,2024,여성,5
3,1,1.0,1.0,2.0,2,3,3,3,4,3,4,3,2,2,2,2,1,2,3,2,4,4,3,3,3,3,3,3,1,1,1,1,1,2,1,6340,gemini,2024,여성,5
3,1,1.0,1.0,2.0,2,3,3,3,4,3,4,3,2,2,2,2,2,3,3,2,4,4,3,3,3,3,3,3,1,1,1,1,1,2,1,6341,gemini,2024,여성,5
3,1,1.0,4.0,2.0,2,3,3,3,4,3,4,3,2,2,2,2,1,2,2,2,4,4,3,3,3,3,3,3,1,1,1,1,1,2,1,6342,gemini,2024,여성,5
3,1,1.0,1.0,2.0,2,3,3,3,3,3,3,3,2,1,1,2,1,2,2,2,4,4,3,3,2,3,3,3,1,1,2,1,1,2,1,6343,gemini,2024,여성,5
3,1,1.0,4.0,2.0,2,3,3,3,4,3,4,3,2,1,2,2,1,2,3,2,4,4,3,3,3,3,3,3,1,1,1,1,1,2,1,6344,gemini,2024,여성,5
3,1,1.0,4.0,2.0,2,3,3,3,4,3,4,3,2,2,2,2,2,3,3,3,4,4,4,4,3,3,3,4,1,1,1,1,1,2,1,6345,gemini,2024,여성,5
3,1,1.0,4.0,2.0,2,3,3,3,4,3,4,3,2,2,2,2,2,3,3,3,4,4,3,3,3,3,3,3,1,1,1,1,1,2,1,6346,gemini,2024,여성,5
3,1,1.0,1.0,2.0,2,3,4,3,4,3,4,3,2,2,2,2,1,2,3,2,4,4,3,3,3,3,3,3,1,1,1,1,1,2,1,6347,gemini,2024,여성,5
3,1,1.0,4.0,2.0,2,3,3,3,4,3,4,3,2,2,2,2,2,3,3,3,4,4,3,3,3,3,3,3,1,1,1,1,1,2,1,6348,gemini,2024,여성,5
3,1,1.0,4.0,2.0,2,3,3,3,4,3,4,3,2,2,2,2,2,3,3,2,4,4,3,3,3,3,3,3,1,1,1,1,1,2,1,6349,gemini,2024,여성,5
3,1,1.0,4.0,2.0,2,3,3,3,4,3,4,3,2,2,2,2,1,2,3,2,4,4,3,3,3,3,3,3,1,1,1,1,1,2,1,6350,gemini,2024,여성,5
3,1,1.0,1.0,2.0,2,3,3,3,4,3,4,4,2,2,2,2,1,2,3,2,4,4,3,3,3,3,3,3,1,1,1,1,1,2,1,6351,gemini,2024,여성,5
3,1,1.0,1.0,2.0,2,3,3,3,4,3,4,3,2,2,2,2,1,2,3,2,4,4,3,3,3,3,3,3,1,1,1,1,1,2,1,6352,gemini,2024,여성,5
3,1,1.0,4.0,2.0,2,3,3,3,4,3,4,3,2,2,2,2,1,2,3,2,4,4,3,3,3,3,3,3,1,1,1,1,1,2,1,6353,gemini,2024,여성,5
3,1,1.0,4.0,2.0,2,3,3,3,4,3,4,4,2,2,2,2,1,2,3,2,4,4,4,4,3,3,3,4,1,1,1,1,1,2,1,6354,gemini,2024,여성,5
3,1,1.0,1.0,2.0,2,3,4,3,4,3,4,3,2,2,2,2,1,2,3,2,4,4,3,3,3,3,3,3,1,1,1,1,1,2,1,6355,gemini,2024,여성,5
3,1,1.0,1.0,2.0,2,3,4,3,4,3,4,4,2,2,2,2,1,2,3,2,4,4,3,3,3,3,3,3,1,1,2,1,1,2,1,6356,gemini,2024,여성,5
3,1,1.0,1.0,2.0,2,3,4,3,4,3,4,3,2,2,2,2,1,2,3,2,4,4,3,3,3,3,3,3,1,1,1,1,1,2,1,6357,gemini,2024,여성,5
3,1,1.0,4.0,2.0,2,3,3,3,4,3,4,3,2,2,2,2,1,2,3,2,4,4,3,3,3,3,3,3,1,1,1,1,1,2,1,6358,gemini,2024,여성,5
3,1,1.0,4.0,2.0,2,3,3,3,4,3,4,3,2,2,2,2,2,3,3,2,4,4,3,3,3,3,3,3,1,1,1,1,1,2,1,6359,gemini,2024,여성,5
3,1,1.0,4.0,2.0,2,3,3,3,4,3,4,3,2,2,2,2,1,2,3,2,4,4,3,3,3,3,3,3,1,1,1,1,1,2,1,6360,gemini,2024,여성,5
3,1,1.0,1.0,2.0,2,3,3,3,4,3,4,4,2,2,2,2,1,2,3,2,4,4,3,3,3,3,3,3,1,1,1,1,1,2,1,6361,gemini,2024,여성,5
3,1,1.0,4.0,2.0,2,3,3,3,4,3,4,3,2,2,2,2,2,3,3,3,4,4,4,4,3,3,3,3,1,1,1,1,1,2,1,6362,gemini,2024,여성,5
3,1,1.0,4.0,2.0,2,3,3,3,4,3,4,3,2,2,2,2,2,3,3,2,4,4,3,3,3,3,3,3,1,1,1,1,1,2,1,6363,gemini,2024,여성,5
3,1,1.0,4.0,2.0,2,3,3,3,4,3,4,3,2,2,2,2,1,3,3,2,4,4,3,3,3,3,3,3,1,1,2,1,1,2,1,6364,gemini,2024,여성,5
3,1,1.0,4.0,2.0,2,3,3,3,4,3,4,3,2,2,2,2,2,3,3,2,4,4,3,3,3,3,3,3,1,1,1,1,1,2,1,6365,gemini,2024,여성,5
3,1,1.0,1.0,2.0,2,3,4,3,4,3,4,4,2,2,2,2,1,3,3,2,4,4,4,4,3,3,4,4,1,1,1,1,1,2,1,6366,gemini,2024,여성,5
3,1,1.0,4.0,2.0,2,3,3,3,4,3,4,3,2,2,2,2,2,3,3,3,4,4,4,4,3,3,3,4,1,1,1,1,1,2,1,6367,gemini,2024,여성,5
2,2,,,,2,3,3,3,3,2,3,2,2,1,2,1,1,2,2,2,4,3,2,2,3,3,3,3,1,1,2,1,1,2,1,6368,gemini,2024,여성,6
2,2,,,,2,3,3,2,3,2,3,3,2,1,2,2,1,2,2,2,3,3,2,2,3,3,2,3,1,1,2,1,1,2,2,6369,gemini,2024,여성,6
3,1,1.0,4.0,2.0,2,3,3,2,4,3,4,3,2,2,2,2,2,3,3,2,4,4,3,3,3,3,3,3,1,1,2,1,1,2,1,6370,gemini,2024,여성,6
2,2,,,,2,3,3,2,3,2,3,3,2,1,2,2,1,2,2,2,3,3,2,2,3,3,3,3,1,1,2,1,1,2,2,6371,gemini,2024,여성,6
2,2,,,,2,3,3,2,3,2,3,3,2,1,2,2,2,2,2,2,4,3,3,2,3,3,3,3,1,1,2,1,1,2,1,6372,gemini,2024,여성,6
2,2,,,,2,3,3,2,3,2,3,3,2,1,2,2,1,2,2,2,3,3,3,2,3,3,3,3,1,1,2,1,1,2,1,6373,gemini,2024,여성,6
3,1,1.0,4.0,2.0,2,3,3,3,4,3,4,3,2,2,2,2,2,3,3,2,4,4,3,3,3,3,3,3,1,1,2,1,1,2,1,6374,gemini,2024,여성,6
2,2,,,,2,3,3,2,3,2,3,3,2,1,1,1,1,2,2,2,4,3,3,2,3,3,3,3,1,1,2,1,1,2,2,6375,gemini,2024,여성,6
2,2,,,,2,3,3,2,3,2,3,2,2,1,1,1,1,2,2,2,3,3,2,2,3,3,3,3,1,1,2,1,1,2,1,6376,gemini,2024,여성,6
2,2,,,,2,3,3,2,3,2,3,3,2,1,2,2,1,2,2,2,4,3,3,2,2,3,3,3,1,1,2,1,1,2,2,6377,gemini,2024,여성,6
2,2,,,,2,3,3,2,3,2,3,3,2,1,1,1,1,2,2,2,4,3,3,2,2,3,3,3,1,1,2,1,1,2,2,6378,gemini,2024,여성,6
3,1,1.0,4.0,2.0,2,3,3,2,4,3,4,3,2,2,2,2,2,3,3,2,4,4,3,3,3,3,3,3,1,1,2,1,1,2,1,6379,gemini,2024,여성,6
3,1,1.0,4.0,2.0,2,3,3,2,4,3,4,3,2,2,2,2,2,3,3,2,4,4,3,3,3,3,3,3,1,1,2,1,1,2,1,6380,gemini,2024,여성,6
2,2,,,,2,3,3,2,3,2,3,3,2,1,2,2,1,2,2,2,4,3,2,2,3,3,3,3,1,1,2,1,1,2,2,6381,gemini,2024,여성,6
2,2,,,,2,3,3,2,3,2,3,2,2,1,1,1,1,2,2,2,3,3,3,2,2,3,3,3,1,1,2,1,1,2,2,6382,gemini,2024,여성,6
2,2,,,,2,3,3,2,3,3,3,3,2,2,2,2,2,2,2,2,4,4,3,3,3,3,3,3,1,1,2,1,1,2,1,6383,gemini,2024,여성,6
2,2,,,,2,2,3,2,3,2,3,3,2,1,1,1,1,2,2,2,3,3,2,2,2,3,3,3,1,1,2,1,1,2,2,6384,gemini,2024,여성,6
2,2,,,,2,3,3,3,3,2,3,3,2,1,2,2,2,3,3,2,3,3,2,2,3,3,3,3,1,1,2,1,1,2,2,6385,gemini,2024,여성,6
2,2,,,,2,3,3,3,3,2,3,2,2,1,2,1,1,2,2,2,3,3,2,2,2,3,3,3,1,1,2,1,1,2,1,6386,gemini,2024,여성,6
2,2,,,,2,3,3,2,3,2,3,3,2,1,2,2,1,2,2,2,4,4,3,3,3,3,3,3,1,1,2,1,1,2,2,6387,gemini,2024,여성,6
2,2,,,,2,3,3,2,3,2,3,2,2,1,1,1,1,2,2,2,3,3,2,2,3,3,3,3,1,1,2,1,1,2,2,6388,gemini,2024,여성,6
2,2,,,,2,3,3,2,3,2,3,3,2,1,2,2,1,2,2,2,4,3,3,3,3,3,3,3,1,1,1,1,1,2,2,6389,gemini,2024,여성,6
2,2,,,,2,3,3,3,3,2,3,3,2,1,1,1,1,2,2,2,4,3,2,2,3,3,3,3,1,1,2,1,1,2,2,6390,gemini,2024,여성,6
2,2,,,,2,3,3,2,3,2,3,3,2,1,2,2,2,2,2,2,3,3,2,2,3,3,3,3,1,1,2,1,1,2,1,6391,gemini,2024,여성,6
2,2,,,,2,3,3,2,3,2,3,3,2,1,2,2,1,2,2,2,4,4,3,3,3,3,3,3,1,1,2,1,1,2,1,6392,gemini,2024,여성,6
2,2,,,,2,3,3,2,3,2,3,3,2,1,2,2,2,2,2,2,3,3,2,2,3,3,3,3,1,1,2,1,1,2,1,6393,gemini,2024,여성,6
2,2,,,,2,3,3,3,3,2,3,3,2,1,2,2,2,2,2,2,3,3,2,2,3,3,3,3,1,1,2,1,1,2,1,6394,gemini,2024,여성,6
2,2,,,,2,3,3,2,3,2,3,3,2,1,1,1,1,2,2,2,3,3,2,2,2,3,3,3,1,1,2,1,1,2,2,6395,gemini,2024,여성,6
2,2,,,,2,3,3,3,3,2,3,3,2,2,2,2,1,2,2,2,4,3,2,2,3,3,3,3,1,1,2,1,1,2,2,6396,gemini,2024,여성,6
2,2,,,,2,3,3,2,3,2,3,3,2,1,2,2,1,2,2,2,3,3,2,2,3,3,3,3,1,1,2,1,1,2,2,6397,gemini,2024,여성,6
2,2,,,,2,3,3,2,3,2,3,3,2,1,2,2,1,2,2,2,3,3,2,2,3,3,3,3,1,1,2,1,1,2,2,6398,gemini,2024,여성,6
2,2,,,,2,3,3,3,3,2,3,3,2,1,2,2,1,2,2,2,4,4,3,3,3,3,3,3,1,1,2,1,1,2,2,6399,gemini,2024,여성,6
2,2,,,,2,3,3,3,3,2,3,3,2,1,2,2,1,2,2,2,4,3,3,3,3,3,3,3,1,1,2,1,1,2,2,6400,gemini,2024,여성,6
3,1,1.0,4.0,2.0,2,3,3,3,4,3,4,3,2,2,2,2,2,3,3,2,4,4,3,3,3,3,3,3,1,1,1,1,1,2,1,6401,gemini,2024,여성,6
2,2,,,,2,3,3,2,3,2,3,3,2,1,2,2,1,2,2,2,3,3,2,2,3,3,3,3,1,1,2,1,1,2,2,6402,gemini,2024,여성,6
2,2,,,,2,3,3,3,3,2,3,2,2,1,2,1,1,2,2,2,3,3,2,2,2,3,3,3,1,1,2,1,1,2,2,6403,gemini,2024,여성,6
2,2,,,,2,3,3,2,3,2,3,3,2,1,2,1,1,2,2,2,4,4,3,3,2,3,3,3,1,1,2,1,1,2,1,6404,gemini,2024,여성,6
2,2,,,,2,3,3,3,3,2,3,2,2,1,2,2,1,2,2,2,3,3,2,2,2,3,3,3,1,1,2,1,1,2,2,6405,gemini,2024,여성,6
2,2,,,,2,3,3,3,3,2,3,3,2,2,2,2,1,2,2,2,4,3,3,3,3,3,3,3,1,1,2,1,1,2,2,6406,gemini,2024,여성,6
2,2,,,,2,3,3,3,3,2,3,2,2,1,1,1,2,2,2,2,3,3,3,2,3,3,3,3,1,1,2,1,1,2,1,6407,gemini,2024,여성,6
2,2,,,,2,3,3,2,3,2,3,3,2,1,2,2,1,2,2,2,3,3,2,2,3,3,3,3,1,1,2,1,1,2,2,6408,gemini,2024,여성,6
2,2,,,,2,3,3,2,3,2,3,3,2,1,2,2,1,2,2,2,3,3,2,2,3,3,3,3,1,1,2,1,1,2,2,6409,gemini,2024,여성,6
2,2,,,,2,3,3,3,3,2,3,3,2,1,2,2,2,2,2,2,3,3,3,2,3,3,3,3,1,1,2,1,1,2,2,6410,gemini,2024,여성,6
3,1,1.0,4.0,2.0,2,3,3,2,4,3,4,3,2,2,2,2,2,3,3,2,4,4,3,3,3,3,3,3,1,1,1,1,1,2,1,6411,gemini,2024,여성,6
2,2,,,,2,3,3,3,3,2,3,3,2,1,2,1,2,2,2,2,4,4,3,3,3,3,3,3,1,1,1,1,1,2,1,6412,gemini,2024,여성,6
3,1,1.0,4.0,2.0,2,3,3,3,4,3,4,3,2,2,2,2,2,3,3,2,4,4,3,3,3,3,3,3,1,1,2,1,1,2,1,6413,gemini,2024,여성,6
2,2,,,,2,3,3,3,3,2,3,3,2,1,2,2,2,2,2,2,4,4,3,3,3,3,3,3,1,1,2,1,1,2,2,6414,gemini,2024,여성,6
2,2,,,,2,3,3,3,3,2,3,3,2,1,2,2,1,2,2,2,3,3,2,2,3,3,3,3,1,1,2,1,1,2,1,6415,gemini,2024,여성,6
2,2,,,,2,3,3,2,3,2,3,3,2,1,2,2,1,2,2,2,3,3,2,2,3,3,3,3,1,1,2,1,1,2,2,6416,gemini,2024,여성,6
2,2,,,,2,3,3,2,3,2,3,3,2,1,2,2,1,2,2,2,4,3,3,3,3,3,3,3,1,1,2,1,1,2,2,6417,gemini,2024,여성,6
2,2,,,,2,3,3,2,3,2,3,2,2,1,2,1,1,2,2,2,3,3,2,2,2,3,3,3,1,1,2,1,1,2,2,6418,gemini,2024,여성,6
2,2,,,,2,3,3,2,3,2,3,3,2,1,2,1,1,2,2,2,4,3,3,3,3,3,3,3,1,1,2,1,1,2,2,6419,gemini,2024,여성,6
2,2,,,,2,3,3,3,3,2,3,3,2,1,2,2,1,2,2,2,4,4,3,3,3,3,3,3,1,1,2,1,1,2,2,6420,gemini,2024,여성,6
2,2,,,,2,3,3,2,3,2,3,3,2,1,1,1,1,2,2,2,4,3,3,2,3,3,3,3,1,1,2,1,1,2,2,6421,gemini,2024,여성,6
2,2,,,,2,3,3,2,3,2,3,3,2,1,2,2,1,2,2,2,3,3,2,2,3,3,3,3,1,1,2,1,1,2,1,6422,gemini,2024,여성,6
2,2,,,,2,3,3,2,3,2,3,3,2,1,2,2,1,2,2,2,3,3,2,2,3,3,3,3,1,1,2,1,1,2,2,6423,gemini,2024,여성,6
3,1,1.0,4.0,2.0,2,3,3,3,4,3,4,3,2,1,2,2,2,3,3,2,4,4,3,3,3,3,3,3,1,1,1,1,1,2,1,6424,gemini,2024,여성,6
2,2,,,,2,3,3,3,3,2,3,3,2,2,2,2,2,2,2,2,3,3,2,2,3,3,3,3,1,1,2,1,1,2,2,6425,gemini,2024,여성,6
2,2,,,,2,3,3,2,3,2,3,3,2,1,2,1,1,2,2,2,4,4,3,3,3,3,3,3,1,1,2,1,1,2,1,6426,gemini,2024,여성,6
2,2,,,,2,3,3,3,3,2,3,3,2,1,2,2,1,2,2,2,3,3,3,3,3,3,3,3,1,1,2,1,1,2,2,6427,gemini,2024,여성,6
2,2,,,,2,3,3,2,3,2,3,3,2,2,2,2,1,2,2,2,4,3,3,3,3,3,3,3,1,1,2,1,1,2,2,6428,gemini,2024,여성,6
2,2,,,,2,3,3,2,3,2,3,2,2,1,2,1,1,2,2,2,3,3,2,2,2,3,3,3,1,1,2,1,1,2,1,6429,gemini,2024,여성,6
2,2,,,,2,3,3,3,3,2,3,2,2,1,2,1,1,2,2,2,4,3,3,3,2,3,3,3,1,1,2,1,1,2,1,6430,gemini,2024,여성,6
2,2,,,,2,3,3,3,3,2,3,3,2,1,2,1,2,2,2,2,3,3,2,2,3,3,3,3,1,1,2,1,1,2,1,6431,gemini,2024,여성,6
3,1,1.0,4.0,2.0,2,3,3,3,4,3,4,3,2,2,2,2,2,3,3,2,4,4,3,3,3,3,3,3,1,1,1,1,1,2,1,6432,gemini,2024,여성,6
2,2,,,,2,3,3,2,3,2,3,3,2,1,2,2,1,2,2,2,3,3,2,2,3,3,3,3,1,1,2,1,1,2,2,6433,gemini,2024,여성,6
2,2,,,,2,3,3,2,3,2,3,3,2,1,2,2,1,2,2,2,3,3,3,3,3,3,3,3,1,1,2,1,1,2,2,6434,gemini,2024,여성,6
2,2,,,,2,3,3,3,3,2,3,2,2,1,2,2,1,2,2,2,4,3,3,2,3,3,3,3,1,1,2,1,1,2,2,6435,gemini,2024,여성,6
2,2,,,,2,3,3,2,3,3,3,3,2,2,2,2,1,2,2,2,3,3,3,2,2,3,3,3,1,1,2,1,1,2,2,6436,gemini,2024,여성,6
2,2,,,,2,3,3,3,3,3,3,3,2,2,2,2,2,2,2,2,3,3,2,2,3,3,3,3,1,1,2,1,1,2,2,6437,gemini,2024,여성,6
2,2,,,,2,3,3,3,3,2,3,3,2,1,1,1,1,2,2,2,4,3,3,3,3,3,3,3,1,1,2,1,1,2,2,6438,gemini,2024,여성,6
2,2,,,,2,3,3,3,3,2,3,3,2,1,2,2,1,2,2,2,3,3,3,2,3,3,3,3,1,1,2,1,1,2,1,6439,gemini,2024,여성,6
2,2,,,,2,3,3,3,4,3,4,3,2,2,2,2,2,2,2,2,4,4,3,3,3,3,3,3,1,1,2,1,1,2,1,6440,gemini,2024,여성,6
2,2,,,,2,3,3,2,3,2,3,3,2,1,2,1,1,2,2,2,4,3,3,2,2,3,3,3,1,1,2,1,1,2,2,6441,gemini,2024,여성,6
2,2,,,,2,3,3,2,3,2,3,3,2,1,2,2,1,2,2,2,3,3,2,2,3,3,3,3,1,1,2,1,1,2,1,6442,gemini,2024,여성,6
2,2,,,,2,3,3,3,3,2,3,3,2,1,2,2,1,2,2,2,4,3,3,2,3,3,3,3,1,1,2,1,1,2,2,6443,gemini,2024,여성,6
2,2,,,,2,3,3,2,3,2,3,2,2,1,1,1,1,2,2,2,3,3,2,2,2,3,3,3,1,1,2,1,1,2,2,6444,gemini,2024,여성,6
2,2,,,,2,3,3,2,3,2,3,3,2,1,2,1,1,2,2,2,4,3,3,2,3,3,3,3,1,1,2,1,1,2,2,6445,gemini,2024,여성,6
2,2,,,,2,3,3,2,3,3,3,3,2,1,2,2,1,2,2,2,4,3,3,3,3,3,3,3,1,1,2,1,1,2,1,6446,gemini,2024,여성,6
2,2,,,,2,3,3,3,3,2,3,3,2,1,2,2,2,2,2,2,3,3,2,2,3,3,3,3,1,1,2,1,1,2,2,6447,gemini,2024,여성,6
2,2,,,,2,3,3,2,3,2,3,2,2,1,1,1,1,2,2,2,3,3,2,2,2,3,3,3,1,1,2,1,1,2,1,6448,gemini,2024,여성,6
2,2,,,,2,3,3,3,3,2,3,3,2,1,2,2,1,2,2,2,3,3,2,2,3,3,3,3,1,1,2,1,1,2,2,6449,gemini,2024,여성,6
2,2,,,,2,3,3,2,3,2,3,3,2,1,2,2,1,2,2,2,4,4,3,3,3,3,3,3,1,1,2,1,1,2,1,6450,gemini,2024,여성,6
2,2,,,,2,3,3,2,3,2,3,3,2,1,2,2,1,2,2,2,4,4,3,3,3,3,3,3,1,1,2,1,1,2,1,6451,gemini,2024,여성,6
2,2,,,,2,3,3,2,3,2,3,3,2,2,2,2,1,2,2,2,4,3,3,3,3,3,3,3,1,1,2,1,1,2,1,6452,gemini,2024,여성,6
2,2,,,,2,3,3,2,3,2,3,3,2,1,2,2,1,2,2,2,4,3,3,2,3,3,3,3,1,1,2,1,1,2,1,6453,gemini,2024,여성,6
2,2,,,,2,3,3,2,3,2,3,3,2,1,2,2,1,2,2,2,4,3,3,3,2,3,3,3,1,1,2,1,1,2,2,6454,gemini,2024,여성,6
2,2,,,,2,3,3,2,3,2,3,2,2,1,2,1,1,2,2,2,3,3,2,2,3,3,3,3,1,1,2,1,1,2,1,6455,gemini,2024,여성,6
2,2,,,,2,3,3,3,3,2,3,3,2,1,2,2,2,2,2,2,4,3,3,3,3,3,3,3,1,1,2,1,1,2,1,6456,gemini,2024,여성,6
2,2,,,,2,3,3,3,3,2,3,3,2,1,1,1,2,2,2,2,3,3,3,2,3,3,3,3,1,1,1,1,1,2,2,6457,gemini,2024,여성,6
2,2,,,,2,3,3,3,3,2,3,3,2,1,2,1,1,2,2,2,4,3,3,2,2,3,3,3,1,1,2,1,1,2,2,6458,gemini,2024,여성,6
2,2,,,,2,3,3,3,3,2,3,2,2,1,2,2,1,2,2,2,3,3,2,2,3,3,3,3,1,1,2,1,1,2,1,6459,gemini,2024,여성,6
2,2,,,,2,3,3,3,3,2,3,3,2,1,2,2,2,2,2,2,3,3,2,2,3,3,3,3,1,1,2,1,1,2,1,6460,gemini,2024,여성,6
2,2,,,,2,3,3,2,3,2,3,3,2,1,2,2,2,2,2,2,4,4,3,3,3,3,3,3,1,1,2,1,1,2,2,6461,gemini,2024,여성,6
2,2,,,,2,3,3,2,3,2,3,3,2,1,2,2,1,2,2,2,4,3,3,2,2,3,3,3,1,1,2,1,1,2,2,6462,gemini,2024,여성,6
2,2,,,,2,3,3,2,3,2,3,3,2,1,2,2,1,2,2,2,4,3,3,2,3,3,3,3,1,1,2,1,1,2,2,6463,gemini,2024,여성,6
2,2,,,,2,3,3,2,3,2,3,3,1,1,1,1,1,2,2,2,3,3,3,2,2,3,3,3,1,1,2,1,1,2,2,6464,gemini,2024,여성,6
2,2,,,,2,3,3,3,3,2,3,3,2,2,2,2,1,2,2,2,4,4,3,3,3,3,3,3,1,1,2,1,1,2,1,6465,gemini,2024,여성,6
2,2,,,,2,3,3,2,3,2,3,2,2,1,2,1,1,2,2,2,4,3,3,2,2,3,3,3,1,1,2,1,1,2,2,6466,gemini,2024,여성,6
2,2,,,,2,3,3,3,3,2,3,3,2,2,2,2,1,2,2,2,3,3,3,2,3,3,3,3,1,1,2,1,1,2,2,6467,gemini,2024,여성,6
3,1,1.0,4.0,2.0,2,3,3,3,4,3,4,3,2,2,2,2,2,3,3,2,4,4,3,3,3,3,3,3,1,1,2,1,1,2,1,6468,gemini,2024,여성,6
2,2,,,,2,3,3,3,3,2,3,3,2,1,2,2,2,2,2,2,4,4,3,3,3,3,3,3,1,1,2,1,1,2,1,6469,gemini,2024,여성,6
2,2,,,,2,3,3,2,3,2,3,3,2,1,2,1,1,2,2,2,4,4,3,3,3,3,3,3,1,1,2,1,1,2,2,6470,gemini,2024,여성,6
2,2,,,,2,3,3,2,3,2,3,3,2,1,2,2,2,3,2,2,3,3,2,2,2,3,3,3,1,1,2,1,1,2,2,6471,gemini,2024,여성,6
2,2,,,,2,3,3,2,3,2,3,3,2,1,2,2,1,2,2,2,4,3,2,2,3,3,3,3,1,1,2,1,1,2,2,6472,gemini,2024,여성,6
2,2,,,,2,2,3,2,3,2,3,3,2,1,1,1,1,2,2,2,3,3,2,2,2,3,3,3,1,1,2,1,1,2,2,6473,gemini,2024,여성,6
2,2,,,,2,3,3,3,3,2,3,3,2,1,2,1,1,2,2,2,4,3,3,2,2,3,3,3,1,1,2,1,1,2,2,6474,gemini,2024,여성,6
2,2,,,,2,3,3,3,3,2,3,3,2,1,2,1,1,2,2,2,3,3,2,2,2,3,3,3,1,1,2,1,1,2,2,6475,gemini,2024,여성,6
2,2,,,,2,3,3,3,3,2,3,2,2,1,1,1,1,2,2,2,3,3,3,2,2,3,3,3,1,1,2,1,1,2,2,6476,gemini,2024,여성,6
2,2,,,,2,3,3,2,3,2,3,3,2,1,2,1,1,2,2,2,4,4,3,3,3,3,3,3,1,1,2,1,1,2,1,6477,gemini,2024,여성,6
2,2,,,,2,3,3,3,3,2,3,3,2,1,2,2,1,2,2,2,4,4,3,3,3,3,3,3,1,1,2,1,1,2,1,6478,gemini,2024,여성,6
2,2,,,,2,3,3,3,3,2,3,3,2,2,2,2,2,2,2,2,3,3,3,2,3,3,3,3,1,1,2,1,1,2,2,6479,gemini,2024,여성,6
2,2,,,,2,3,3,3,3,2,3,3,2,2,2,2,1,2,2,2,4,3,3,2,3,3,3,3,1,1,2,1,1,2,2,6480,gemini,2024,여성,6
2,2,,,,2,3,3,3,3,2,3,3,2,2,2,2,1,2,2,2,3,3,2,2,3,3,3,3,1,1,2,1,1,2,1,6481,gemini,2024,여성,6
2,2,,,,2,3,3,2,3,2,3,2,2,1,1,1,1,2,2,2,3,3,3,2,3,3,3,3,1,1,2,1,1,2,1,6482,gemini,2024,여성,6
2,2,,,,2,3,3,3,3,2,3,3,2,1,2,2,1,2,2,2,4,3,2,2,3,3,3,3,1,1,2,1,1,2,2,6483,gemini,2024,여성,6
2,2,,,,2,3,3,2,3,2,3,2,2,1,1,1,1,2,2,2,3,3,3,2,2,3,3,3,1,1,2,1,1,2,2,6484,gemini,2024,여성,6
2,2,,,,2,3,3,2,3,2,3,3,2,1,2,2,1,2,2,2,4,4,3,3,3,3,3,3,1,1,2,1,1,2,2,6485,gemini,2024,여성,6
2,2,,,,2,3,3,2,3,2,3,3,2,1,2,2,2,2,2,2,3,3,2,2,3,3,3,3,1,1,2,1,1,2,2,6486,gemini,2024,여성,6
2,2,,,,2,3,3,3,3,2,3,3,2,2,2,2,1,2,2,2,4,3,3,2,3,3,3,3,1,1,2,1,1,2,1,6487,gemini,2024,여성,6
2,2,,,,2,3,3,3,3,2,3,3,2,2,2,2,1,2,2,2,4,4,3,3,3,3,3,3,1,1,2,1,1,2,2,6488,gemini,2024,여성,6
2,2,,,,2,3,3,2,3,2,3,3,2,1,2,1,1,2,2,2,4,4,3,3,3,3,3,3,1,1,2,1,1,2,2,6489,gemini,2024,여성,6
2,2,,,,2,3,3,2,3,2,3,3,2,1,2,2,2,2,2,2,3,3,3,2,3,3,3,3,1,1,2,1,1,2,2,6490,gemini,2024,여성,6
2,2,,,,2,3,3,2,3,2,3,3,2,1,2,2,1,2,2,2,4,3,2,2,3,3,3,3,1,1,2,1,1,2,1,6491,gemini,2024,여성,6
2,2,,,,2,3,3,2,3,2,3,3,2,1,2,2,1,2,2,2,4,3,3,2,3,3,3,3,1,1,2,1,1,2,2,6492,gemini,2024,여성,6
2,2,,,,2,3,3,2,3,2,3,2,2,1,2,1,1,2,2,2,4,3,3,3,2,3,3,3,1,1,2,1,1,2,2,6493,gemini,2024,여성,6
2,2,,,,2,3,3,2,3,2,3,3,2,1,2,2,1,2,2,2,4,4,3,3,3,3,3,3,1,1,2,1,1,2,1,6494,gemini,2024,여성,6
2,2,,,,2,3,3,2,3,2,3,3,2,1,2,2,1,2,2,2,3,3,2,2,2,3,3,3,1,1,2,1,1,2,2,6495,gemini,2024,여성,6
2,2,,,,2,3,3,2,3,2,3,3,2,1,2,2,2,2,2,2,3,3,2,2,3,3,3,3,1,1,2,1,1,2,1,6496,gemini,2024,여성,6
2,2,,,,2,3,3,2,3,2,3,3,2,2,2,2,1,2,2,2,3,3,2,2,3,3,3,3,1,1,2,1,1,2,1,6497,gemini,2024,여성,6
2,2,,,,2,3,3,3,3,2,3,3,2,2,2,2,2,2,2,2,4,4,3,3,2,3,3,3,1,1,2,1,1,2,1,6498,gemini,2024,여성,6
2,2,,,,2,3,3,2,3,2,3,3,2,1,2,1,1,2,2,2,4,4,3,3,3,3,3,3,1,1,2,1,1,2,2,6499,gemini,2024,여성,6
2,2,,,,2,3,3,3,3,2,3,3,2,1,2,2,2,2,2,2,3,3,2,2,3,3,3,3,1,1,2,1,1,2,1,6500,gemini,2024,여성,6
2,2,,,,2,3,3,3,3,2,3,2,2,1,1,1,1,2,2,2,4,3,2,2,3,3,3,3,1,1,2,1,1,2,2,6501,gemini,2024,여성,6
2,2,,,,2,3,3,3,3,2,3,3,2,1,2,2,2,2,2,2,4,4,3,3,3,3,3,3,1,1,2,1,1,2,2,6502,gemini,2024,여성,6
2,2,,,,2,3,3,2,3,2,3,3,2,1,2,2,1,2,2,2,3,3,2,2,2,3,3,3,1,1,2,1,1,2,2,6503,gemini,2024,여성,6
2,2,,,,2,3,3,3,3,2,3,3,2,2,2,2,1,2,2,2,4,4,3,3,3,3,3,3,1,1,2,1,1,2,2,6504,gemini,2024,여성,6
2,2,,,,2,3,3,3,3,2,3,3,2,2,2,2,1,2,2,2,3,3,2,2,2,3,3,3,1,1,2,1,1,2,2,6505,gemini,2024,여성,6
2,2,,,,2,3,3,2,3,2,3,3,2,1,2,1,1,2,2,2,4,3,3,3,2,3,3,3,1,1,2,1,1,2,2,6506,gemini,2024,여성,6
2,2,,,,2,3,3,3,3,2,3,3,2,2,2,2,2,2,2,2,3,3,2,2,3,3,3,3,1,1,2,1,1,2,2,6507,gemini,2024,여성,6
2,2,,,,2,3,3,2,3,2,3,3,2,1,1,1,1,2,2,2,4,3,3,2,2,3,3,3,1,1,2,1,1,2,2,6508,gemini,2024,여성,6
2,2,,,,2,3,3,2,3,2,3,2,2,1,2,1,1,2,2,2,4,3,3,2,2,3,3,3,1,1,2,1,1,2,2,6509,gemini,2024,여성,6
2,2,,,,2,3,3,2,3,2,3,3,2,1,2,1,1,2,2,2,4,4,3,3,3,3,3,3,1,1,2,1,1,2,2,6510,gemini,2024,여성,6
2,2,,,,2,3,3,2,3,2,3,3,2,1,2,2,1,2,2,2,3,3,2,2,3,3,3,3,1,1,2,1,1,2,2,6511,gemini,2024,여성,6
2,2,,,,2,3,3,2,3,2,3,3,2,1,2,2,2,2,2,2,4,4,3,3,3,3,3,3,1,1,2,1,1,2,1,6512,gemini,2024,여성,6
2,2,,,,2,3,3,2,3,2,3,3,2,1,2,1,1,2,2,2,4,4,3,3,3,3,3,3,1,1,2,1,1,2,1,6513,gemini,2024,여성,6
2,2,,,,2,3,3,3,3,2,3,3,2,1,2,1,2,2,2,2,4,4,3,3,2,3,3,3,1,1,2,1,1,2,2,6514,gemini,2024,여성,6
2,2,,,,2,3,3,3,3,2,3,3,2,1,2,2,2,2,2,2,4,4,3,3,3,3,3,3,1,1,2,1,1,2,2,6515,gemini,2024,여성,6
2,2,,,,2,3,3,2,3,2,3,2,2,1,1,1,1,2,2,2,3,3,2,2,3,3,3,3,1,1,2,1,1,2,2,6516,gemini,2024,여성,6
2,2,,,,2,3,3,2,3,2,3,2,2,1,2,1,1,2,2,2,4,3,3,2,2,3,3,3,1,1,2,1,1,2,2,6517,gemini,2024,여성,6
2,2,,,,2,3,3,3,3,2,3,3,2,1,2,2,1,2,2,2,4,3,3,3,3,3,3,3,1,1,2,1,1,2,1,6518,gemini,2024,여성,6
2,2,,,,2,3,3,3,3,2,3,3,2,1,2,2,2,2,2,2,3,3,2,2,3,3,3,3,1,1,2,1,1,2,2,6519,gemini,2024,여성,6
2,2,,,,2,3,3,2,3,2,3,3,2,1,1,1,1,2,2,2,3,3,3,2,3,3,3,3,1,1,2,1,1,2,2,6520,gemini,2024,여성,6
2,2,,,,2,3,3,2,3,2,3,2,2,1,2,1,1,2,2,2,4,3,3,3,2,3,3,3,1,1,2,1,1,2,2,6521,gemini,2024,여성,6
2,2,,,,2,3,3,2,3,2,3,2,2,1,1,1,1,2,2,2,3,3,2,2,2,3,3,3,1,1,2,1,1,2,2,6522,gemini,2024,여성,6
3,1,1.0,4.0,2.0,2,3,3,2,4,3,4,3,2,2,2,2,2,3,3,2,4,4,3,3,3,3,3,3,1,1,1,1,1,2,1,6523,gemini,2024,여성,6
2,2,,,,2,3,3,2,3,2,3,2,2,1,2,1,1,2,2,2,4,3,3,3,2,3,3,3,1,1,2,1,1,2,1,6524,gemini,2024,여성,6
2,2,,,,2,3,3,3,3,2,3,3,2,2,2,2,1,2,2,2,4,4,3,3,3,3,3,3,1,1,2,1,1,2,2,6525,gemini,2024,여성,6
2,2,,,,2,3,3,2,3,2,3,3,2,2,2,2,1,2,2,2,4,4,3,3,3,3,3,3,1,1,2,1,1,2,2,6526,gemini,2024,여성,6
2,2,,,,2,3,3,3,3,2,3,3,2,1,2,2,1,2,2,2,3,3,3,2,3,3,3,3,1,1,2,1,1,2,2,6527,gemini,2024,여성,6
2,2,,,,2,3,3,2,3,2,3,3,2,1,2,2,1,2,2,2,4,4,3,3,3,3,3,3,1,1,2,1,1,2,2,6528,gemini,2024,여성,6
2,2,,,,2,3,3,3,3,3,4,3,2,1,2,2,2,3,3,2,4,4,3,3,3,3,3,3,1,1,2,1,1,2,2,6529,gemini,2024,여성,6
2,2,,,,2,3,3,2,3,2,3,3,2,1,2,2,2,2,2,2,3,3,2,2,3,3,3,3,1,1,2,1,1,2,1,6530,gemini,2024,여성,6
2,2,,,,2,3,3,2,3,2,3,3,2,1,2,2,1,2,2,2,3,3,2,2,3,3,3,3,1,1,2,1,1,2,2,6531,gemini,2024,여성,6
2,2,,,,2,3,3,2,3,2,3,3,2,1,2,2,1,2,2,2,4,4,3,3,3,3,3,3,1,1,2,1,1,2,1,6532,gemini,2024,여성,6
2,2,,,,2,3,3,2,3,3,3,3,2,2,2,2,1,2,2,2,4,4,3,3,3,3,3,3,1,1,2,1,1,2,2,6533,gemini,2024,여성,6
2,2,,,,2,3,3,3,3,2,3,3,2,2,2,2,2,2,2,2,3,3,3,2,3,3,3,3,1,1,2,1,1,2,2,6534,gemini,2024,여성,6
2,2,,,,2,3,3,3,3,2,3,3,2,2,2,2,2,2,2,2,3,3,2,2,3,3,3,3,1,1,2,1,1,2,2,6535,gemini,2024,여성,6
2,2,,,,2,3,3,2,3,2,3,2,1,1,1,1,1,2,2,2,3,3,2,2,2,3,3,3,1,1,2,1,1,2,2,6536,gemini,2024,여성,6
2,2,,,,2,3,3,3,3,2,3,3,2,2,2,2,1,2,2,2,4,3,3,3,3,3,3,3,1,1,2,1,1,2,2,6537,gemini,2024,여성,6
2,2,,,,2,3,3,3,3,2,3,3,2,1,1,1,1,2,2,2,4,3,2,2,3,3,3,3,1,1,2,1,1,2,1,6538,gemini,2024,여성,6
2,2,,,,2,3,3,2,3,2,3,3,2,1,2,1,1,2,2,2,4,4,3,3,3,3,3,3,1,1,2,1,1,2,1,6539,gemini,2024,여성,6
2,2,,,,2,3,3,3,3,2,3,3,2,1,2,2,1,2,2,2,4,3,3,2,3,3,3,3,1,1,2,1,1,2,1,6540,gemini,2024,여성,6
2,2,,,,2,3,3,2,3,2,3,3,2,1,2,2,1,2,2,2,4,4,3,3,3,3,3,3,1,1,2,1,1,2,1,6541,gemini,2024,여성,6
2,2,,,,2,3,3,2,3,2,3,3,2,1,2,2,2,2,2,2,3,3,2,2,3,3,3,3,1,1,2,1,1,2,2,6542,gemini,2024,여성,6
2,2,,,,2,3,3,2,3,2,3,3,2,1,1,1,1,2,2,2,4,3,3,2,2,3,3,3,1,1,2,1,1,2,1,6543,gemini,2024,여성,6
2,2,,,,2,3,3,3,3,2,3,2,2,1,1,1,2,2,2,2,3,3,2,2,2,3,3,3,1,1,2,1,1,2,2,6544,gemini,2024,여성,6
2,2,,,,2,3,3,3,3,2,3,3,2,2,2,2,2,2,2,2,3,3,2,2,3,3,3,3,1,1,2,1,1,2,2,6545,gemini,2024,여성,6
2,2,,,,2,3,3,3,3,2,3,3,2,1,2,2,2,2,2,2,3,3,2,2,3,3,3,3,1,1,2,1,1,2,2,6546,gemini,2024,여성,6
2,2,,,,2,3,3,2,3,2,3,3,2,1,2,2,2,2,2,2,3,3,2,2,3,3,3,3,1,1,2,1,1,2,2,6547,gemini,2024,여성,6
2,2,,,,2,3,3,3,3,2,3,3,2,1,2,2,1,2,2,2,3,3,2,2,2,3,3,3,1,1,2,1,1,2,1,6548,gemini,2024,여성,6
2,2,,,,2,3,3,2,3,2,3,3,2,1,2,2,1,2,2,2,3,3,2,2,3,3,3,3,1,1,2,1,1,2,2,6549,gemini,2024,여성,6
2,2,,,,2,3,3,2,3,2,3,2,2,1,2,1,1,2,2,2,3,3,2,2,2,3,3,3,1,1,2,1,1,2,2,6550,gemini,2024,여성,6
3,1,1.0,4.0,2.0,2,3,3,3,4,3,4,3,2,2,2,2,2,3,3,2,4,4,3,3,3,3,4,3,1,1,1,1,1,2,1,6551,gemini,2024,여성,6
2,2,,,,2,3,3,3,3,2,3,3,2,2,2,2,1,2,2,2,4,3,3,3,3,3,3,3,1,1,2,1,1,2,2,6552,gemini,2024,여성,6
2,2,,,,2,3,3,2,3,2,3,3,2,1,2,1,1,2,2,2,4,4,3,3,3,3,3,3,1,1,2,1,1,2,1,6553,gemini,2024,여성,6
2,2,,,,2,3,3,3,3,2,3,2,2,1,1,1,1,2,2,2,3,3,2,2,2,3,3,3,1,1,2,1,1,2,1,6554,gemini,2024,여성,6
2,2,,,,2,3,3,3,3,2,3,3,2,1,2,2,1,2,2,2,4,4,3,3,3,3,3,3,1,1,2,1,1,2,2,6555,gemini,2024,여성,6
2,2,,,,2,3,3,3,3,2,3,2,2,1,2,1,1,2,2,2,3,3,2,2,3,3,3,3,1,1,2,1,1,2,2,6556,gemini,2024,여성,6
2,2,,,,2,3,3,2,3,2,3,3,2,1,2,2,1,2,2,2,4,3,3,3,2,3,3,3,1,1,2,1,1,2,1,6557,gemini,2024,여성,6
2,2,,,,2,3,3,2,3,2,3,3,2,1,2,2,1,2,2,2,4,3,3,3,3,3,3,3,1,1,2,1,1,2,1,6558,gemini,2024,여성,6
2,2,,,,2,3,3,2,3,2,3,2,2,1,1,1,1,2,2,2,3,3,2,2,3,3,3,3,1,1,2,1,1,2,2,6559,gemini,2024,여성,6
2,2,,,,2,3,3,2,3,2,3,3,2,1,2,2,1,2,2,2,3,3,2,2,3,3,3,3,1,1,2,1,1,2,1,6560,gemini,2024,여성,6
2,2,,,,2,3,3,2,3,2,3,3,2,1,2,2,1,2,2,2,4,4,3,3,3,3,3,3,1,1,2,1,1,2,2,6561,gemini,2024,여성,6
2,2,,,,2,3,3,2,3,2,3,3,2,1,2,2,1,2,2,2,4,4,3,3,3,3,3,3,1,1,2,1,1,2,2,6562,gemini,2024,여성,6
2,2,,,,2,3,3,2,3,2,3,2,2,1,2,1,1,2,2,2,4,3,3,3,2,3,3,3,1,1,2,1,1,2,1,6563,gemini,2024,여성,6
3,1,1.0,4.0,2.0,2,3,3,3,4,3,4,3,2,2,2,2,2,3,3,2,4,4,3,3,3,3,3,3,1,1,2,1,1,2,1,6564,gemini,2024,여성,6
2,2,,,,2,3,3,2,3,2,3,3,2,2,2,2,1,2,2,2,4,4,3,3,3,3,3,3,1,1,2,1,1,2,2,6565,gemini,2024,여성,6
2,2,,,,2,3,3,3,3,2,3,3,2,2,2,2,2,2,2,2,4,4,3,3,2,3,3,3,1,1,2,1,1,2,2,6566,gemini,2024,여성,6
2,2,,,,2,3,3,2,3,2,3,3,2,1,2,2,1,2,2,2,3,3,2,2,3,3,3,3,1,1,2,1,1,2,2,6567,gemini,2024,여성,6
2,2,,,,2,3,3,3,3,2,3,2,2,1,2,2,1,2,2,2,3,3,2,2,3,3,3,3,1,1,2,1,1,2,1,6568,gemini,2024,여성,6
2,2,,,,2,3,3,2,3,2,3,3,2,1,2,2,1,2,2,2,4,3,3,3,3,3,3,3,1,1,2,1,1,2,2,6569,gemini,2024,여성,6
2,2,,,,2,3,3,2,3,2,3,3,2,1,2,2,2,3,2,2,3,3,2,2,3,3,3,3,1,1,2,1,1,2,2,6570,gemini,2024,여성,6
2,2,,,,2,3,3,3,3,2,3,3,2,2,2,2,1,2,2,2,4,4,3,3,3,3,3,3,1,1,2,1,1,2,2,6571,gemini,2024,여성,6
3,1,1.0,4.0,2.0,2,3,3,3,4,3,4,3,2,2,2,2,2,3,3,2,4,4,3,3,3,3,3,3,1,1,1,1,1,2,1,6572,gemini,2024,여성,6
2,2,,,,2,3,3,3,3,2,3,3,2,1,2,2,1,2,2,2,4,4,3,3,3,3,3,3,1,1,2,1,1,2,2,6573,gemini,2024,여성,6
2,2,,,,2,3,3,2,3,2,3,3,2,1,2,2,1,2,2,2,4,3,3,2,3,3,3,3,1,1,2,1,1,2,2,6574,gemini,2024,여성,6
2,2,,,,2,3,3,2,3,2,3,2,2,1,1,1,1,2,2,2,3,3,2,2,2,3,3,3,1,1,2,1,1,2,2,6575,gemini,2024,여성,6
2,2,,,,2,3,3,2,3,2,3,3,2,1,2,2,2,2,2,2,3,3,2,2,3,3,3,3,1,1,2,1,1,2,2,6576,gemini,2024,여성,6
2,2,,,,2,3,3,2,3,2,3,3,2,1,2,2,1,2,2,2,3,3,2,2,3,3,3,3,1,1,2,1,1,2,2,6577,gemini,2024,여성,6
2,2,,,,2,3,3,2,3,2,3,3,2,1,2,2,2,2,2,2,3,3,2,2,3,3,3,3,1,1,2,1,1,2,1,6578,gemini,2024,여성,6
2,2,,,,2,3,3,2,3,2,3,2,2,1,1,1,1,2,2,2,3,3,2,2,3,3,3,3,1,1,2,1,1,2,2,6579,gemini,2024,여성,6
3,1,1.0,4.0,2.0,2,3,3,3,4,3,4,3,2,2,2,2,2,3,3,2,4,4,3,3,3,3,3,3,1,1,2,1,1,2,1,6580,gemini,2024,여성,6
2,2,,,,2,3,3,3,3,2,3,3,2,1,2,2,1,2,2,2,4,4,3,3,3,3,3,3,1,1,2,1,1,2,2,6581,gemini,2024,여성,6
2,2,,,,2,3,3,3,3,2,3,3,2,1,1,1,1,2,2,2,4,3,3,2,3,3,3,3,1,1,2,1,1,2,2,6582,gemini,2024,여성,6
2,2,,,,2,3,3,3,3,2,3,2,2,1,2,1,1,2,2,2,4,3,3,2,2,3,3,3,1,1,2,1,1,2,1,6583,gemini,2024,여성,6
2,2,,,,2,3,3,2,3,2,3,3,2,1,2,2,1,2,2,2,3,3,2,2,3,3,3,3,1,1,2,1,1,2,2,6584,gemini,2024,여성,6
2,2,,,,2,3,3,3,3,2,3,3,2,2,2,2,1,2,2,2,4,4,3,3,3,3,3,3,1,1,2,1,1,2,2,6585,gemini,2024,여성,6
2,2,,,,2,3,3,3,4,3,4,3,2,2,2,2,2,3,3,2,4,4,3,3,3,3,3,4,1,1,2,1,1,2,2,6586,gemini,2024,여성,6
2,2,,,,2,3,3,2,3,2,3,3,2,1,1,1,1,2,2,2,3,3,3,2,2,3,3,3,1,1,2,1,1,2,2,6587,gemini,2024,여성,6
2,2,,,,2,3,3,3,3,2,3,3,2,1,2,2,2,2,2,2,3,3,3,2,3,3,3,3,1,1,2,1,1,2,2,6588,gemini,2024,여성,6
2,2,,,,2,3,3,3,3,2,3,3,2,1,2,2,2,2,2,2,3,3,3,2,2,3,3,3,1,1,2,1,1,2,2,6589,gemini,2024,여성,6
2,2,,,,2,3,3,2,3,2,3,2,2,1,1,1,1,2,2,2,3,3,2,2,2,3,3,3,1,1,2,1,1,2,2,6590,gemini,2024,여성,6
2,2,,,,2,3,3,2,3,2,3,3,2,1,2,2,1,2,2,2,4,4,3,3,3,3,3,3,1,1,2,1,1,2,2,6591,gemini,2024,여성,6
2,2,,,,2,3,3,3,3,2,3,3,2,1,2,2,1,2,2,2,3,3,2,2,3,3,3,3,1,1,2,1,1,2,2,6592,gemini,2024,여성,6
2,2,,,,2,3,3,2,3,2,3,2,2,1,2,1,1,2,2,2,3,3,2,2,3,3,3,3,1,1,2,1,1,2,2,6593,gemini,2024,여성,6
2,2,,,,2,3,3,2,3,2,3,3,2,1,2,2,1,2,2,2,4,4,3,3,3,3,3,3,1,1,2,1,1,2,2,6594,gemini,2024,여성,6
2,2,,,,2,3,3,3,3,2,3,3,2,1,2,2,1,2,2,2,4,3,2,2,3,3,3,3,1,1,2,1,1,2,2,6595,gemini,2024,여성,6
2,2,,,,2,3,3,3,3,2,3,3,2,1,1,1,1,2,2,2,3,3,2,2,2,3,3,3,1,1,2,1,1,2,2,6596,gemini,2024,여성,6
2,2,,,,2,3,3,2,3,2,3,3,2,1,1,1,1,2,2,2,4,3,3,2,2,3,3,3,1,1,2,1,1,2,2,6597,gemini,2024,여성,6
2,2,,,,2,3,3,2,3,2,3,2,2,1,1,1,1,2,2,2,3,3,2,2,3,3,3,3,1,1,2,1,1,2,2,6598,gemini,2024,여성,6
2,2,,,,2,3,3,2,3,2,3,2,2,1,2,1,2,2,2,2,3,3,2,2,3,3,3,3,1,1,2,1,1,2,2,6599,gemini,2024,여성,6
2,2,,,,2,3,3,3,3,2,3,3,2,1,1,1,1,2,2,2,4,3,3,2,2,3,3,3,1,1,2,1,1,2,2,6600,gemini,2024,여성,6
2,2,,,,2,3,3,2,3,2,3,2,2,1,1,1,1,2,2,2,3,3,2,2,2,3,3,3,1,1,2,1,1,2,2,6601,gemini,2024,여성,6
2,2,,,,2,3,3,2,3,2,3,3,2,1,2,2,1,2,2,2,3,3,2,2,3,3,3,3,1,1,2,1,1,2,2,6602,gemini,2024,여성,6
2,2,,,,2,3,3,2,3,2,3,3,2,1,2,2,1,2,2,2,4,3,3,3,3,3,3,3,1,1,2,1,1,2,2,6603,gemini,2024,여성,6
2,2,,,,2,3,3,3,3,2,3,3,2,2,2,2,2,3,3,2,4,4,3,3,3,3,3,3,1,1,2,1,1,2,2,6604,gemini,2024,여성,6
2,2,,,,2,3,3,2,3,2,3,2,2,1,2,2,1,2,2,2,3,3,2,2,2,3,3,3,1,1,2,1,1,2,2,6605,gemini,2024,여성,6
2,2,,,,2,3,3,2,3,2,3,3,2,1,2,2,1,2,2,2,3,3,2,2,2,3,3,3,1,1,2,1,1,2,2,6606,gemini,2024,여성,6
2,2,,,,2,3,3,2,3,2,3,2,2,1,1,1,1,2,2,2,4,3,3,2,2,3,3,3,1,1,2,1,1,2,2,6607,gemini,2024,여성,6
2,2,,,,2,3,3,2,3,2,3,3,2,1,1,1,1,2,2,2,4,3,3,2,2,3,3,3,1,1,2,1,1,2,2,6608,gemini,2024,여성,6
2,2,,,,2,3,3,2,3,2,3,3,2,1,2,2,1,2,2,2,3,3,2,2,3,3,3,3,1,1,2,1,1,2,1,6609,gemini,2024,여성,6
2,2,,,,2,3,3,2,3,2,3,2,2,1,2,1,1,2,2,2,4,3,3,3,3,3,3,3,1,1,2,1,1,2,2,6610,gemini,2024,여성,6
2,2,,,,2,3,3,2,3,2,3,2,2,1,1,1,1,2,2,2,3,3,2,2,2,3,3,3,1,1,2,1,1,2,2,6611,gemini,2024,여성,6
2,2,,,,2,3,3,3,3,2,3,3,2,2,2,2,2,2,2,2,3,3,2,2,3,3,3,3,1,1,2,1,1,2,1,6612,gemini,2024,여성,6
2,2,,,,2,3,3,2,3,2,3,3,2,1,2,2,1,2,2,2,4,4,3,3,3,3,3,3,1,1,2,1,1,2,1,6613,gemini,2024,여성,6
2,2,,,,2,3,3,3,3,2,3,3,2,1,2,2,2,2,2,2,3,3,2,2,3,3,3,3,1,1,2,1,1,2,2,6614,gemini,2024,여성,6
2,2,,,,2,3,3,2,3,2,3,3,2,1,2,1,1,2,2,2,4,3,3,3,2,3,3,3,1,1,2,1,1,2,2,6615,gemini,2024,여성,6
2,2,,,,2,3,3,2,3,2,3,3,2,1,2,1,2,2,2,2,3,3,2,2,3,3,3,3,1,1,2,1,1,2,2,6616,gemini,2024,여성,6
2,2,,,,2,3,3,2,3,2,3,3,2,1,2,1,1,2,2,2,4,3,3,3,3,3,3,3,1,1,2,1,1,2,2,6617,gemini,2024,여성,6
2,2,,,,2,3,3,3,3,2,3,3,2,1,1,1,1,2,2,2,3,3,2,2,3,3,3,3,1,1,2,1,1,2,2,6618,gemini,2024,여성,6
2,2,,,,2,3,3,2,3,2,3,3,2,1,2,2,2,2,2,2,3,3,2,2,3,3,3,3,1,1,2,1,1,2,1,6619,gemini,2024,여성,6
2,2,,,,2,3,3,2,3,2,3,3,2,1,2,2,2,3,2,2,4,3,2,2,3,3,3,3,1,1,2,1,1,2,2,6620,gemini,2024,여성,6
2,2,,,,2,3,3,2,3,2,3,3,2,1,2,2,1,2,2,2,4,4,3,3,3,3,3,3,1,1,2,1,1,2,2,6621,gemini,2024,여성,6
2,2,,,,2,3,3,2,3,2,3,2,2,1,1,1,1,2,2,2,4,3,3,3,3,3,3,3,1,1,2,1,1,2,2,6622,gemini,2024,여성,6
2,2,,,,2,3,3,2,3,2,3,3,2,1,2,2,1,2,2,2,4,3,3,2,3,3,3,3,1,1,2,1,1,2,2,6623,gemini,2024,여성,6
2,2,,,,2,3,3,3,3,2,3,3,2,2,2,2,1,2,2,2,4,3,3,3,3,3,3,3,1,1,2,1,1,2,2,6624,gemini,2024,여성,6
2,2,,,,2,3,3,3,3,2,3,3,2,2,2,2,2,2,2,2,3,3,2,2,3,3,3,3,1,1,2,1,1,2,2,6625,gemini,2024,여성,6
2,2,,,,2,3,3,2,3,2,3,3,2,1,2,1,1,2,2,2,4,3,3,3,3,3,3,3,1,1,2,1,1,2,2,6626,gemini,2024,여성,6
2,2,,,,2,3,3,2,3,2,3,3,2,1,2,2,1,2,2,2,3,3,3,3,3,3,3,3,1,1,2,1,1,2,2,6627,gemini,2024,여성,6
3,1,1.0,4.0,2.0,2,3,3,3,4,3,4,3,2,2,2,2,2,3,3,2,4,4,3,3,3,3,3,3,1,1,1,1,1,2,1,6628,gemini,2024,여성,6
2,2,,,,2,3,3,3,3,2,3,2,2,2,2,2,1,2,2,2,4,4,3,3,3,3,3,3,1,1,2,1,1,2,1,6629,gemini,2024,여성,6
2,2,,,,2,3,3,3,3,2,3,3,2,1,2,2,1,2,2,2,4,4,3,3,3,3,3,3,1,1,2,1,1,2,1,6630,gemini,2024,여성,6
2,2,,,,2,3,3,2,3,2,3,3,2,1,2,2,1,2,2,2,3,3,3,3,2,3,3,3,1,1,2,1,1,2,1,6631,gemini,2024,여성,6
2,2,,,,2,3,3,2,3,2,3,2,2,1,2,1,1,2,2,2,4,3,3,3,2,3,3,3,1,1,2,1,1,2,2,6632,gemini,2024,여성,6
2,2,,,,2,3,3,3,3,2,3,3,2,1,1,1,1,2,2,2,3,3,2,2,3,3,3,3,1,1,2,1,1,2,2,6633,gemini,2024,여성,6
2,2,,,,2,3,3,2,3,2,3,3,2,1,2,2,1,2,2,2,3,3,2,2,3,3,3,3,1,1,2,1,1,2,1,6634,gemini,2024,여성,6
2,2,,,,2,3,3,3,3,2,3,3,2,1,2,2,2,2,2,2,4,3,3,3,3,3,3,3,1,1,2,1,1,2,2,6635,gemini,2024,여성,6
2,2,,,,2,3,3,2,3,2,3,2,2,1,1,1,1,2,2,2,3,3,3,2,2,3,3,3,1,1,2,1,1,2,2,6636,gemini,2024,여성,6
2,2,,,,2,3,3,2,3,2,3,3,2,1,2,2,1,2,2,2,3,3,3,3,3,3,3,3,1,1,2,1,1,2,2,6637,gemini,2024,여성,6
2,2,,,,2,3,3,3,3,2,3,3,2,1,2,2,2,2,2,2,3,3,2,2,3,3,3,3,1,1,2,1,1,2,2,6638,gemini,2024,여성,6
2,2,,,,2,3,3,3,3,2,3,3,2,1,1,1,1,2,2,2,4,3,2,2,2,3,3,3,1,1,2,1,1,2,2,6639,gemini,2024,여성,6
2,2,,,,2,3,3,2,3,2,3,3,2,2,2,2,1,2,2,2,4,4,3,3,3,3,3,3,1,1,2,1,1,2,1,6640,gemini,2024,여성,6
2,2,,,,2,3,3,3,3,2,3,3,2,2,2,2,1,2,2,2,4,4,3,3,3,3,3,3,1,1,2,1,1,2,1,6641,gemini,2024,여성,6
2,2,,,,2,3,3,3,3,2,3,3,2,2,2,2,1,2,2,2,4,4,3,3,3,3,3,3,1,1,2,1,1,2,1,6642,gemini,2024,여성,6
2,2,,,,2,3,3,3,3,2,3,3,2,1,1,1,2,2,2,2,4,3,3,3,3,3,3,3,1,1,2,1,1,2,2,6643,gemini,2024,여성,6
2,2,,,,2,3,3,2,3,2,3,3,2,1,2,2,1,2,2,2,3,3,3,3,3,3,3,3,1,1,2,1,1,2,2,6644,gemini,2024,여성,6
2,2,,,,2,3,3,2,3,2,3,3,2,1,2,2,1,2,2,2,4,3,3,2,3,3,3,3,1,1,2,1,1,2,2,6645,gemini,2024,여성,6
2,2,,,,2,3,3,2,3,2,3,3,2,1,2,2,1,2,2,2,3,3,2,2,3,3,3,3,1,1,2,1,1,2,1,6646,gemini,2024,여성,6
2,2,,,,2,3,3,2,3,2,3,3,2,1,2,2,1,2,2,2,4,3,3,2,3,3,3,3,1,1,2,1,1,2,2,6647,gemini,2024,여성,6
2,2,,,,2,3,3,3,3,2,3,3,2,2,2,2,1,2,2,2,3,3,2,2,3,3,3,3,1,1,2,1,1,2,2,6648,gemini,2024,여성,6
2,2,,,,2,3,3,2,3,2,3,2,2,1,2,1,1,2,2,2,3,3,2,2,3,3,3,3,1,1,2,1,1,2,2,6649,gemini,2024,여성,6
3,1,1.0,4.0,2.0,2,3,3,2,4,3,4,3,2,2,2,2,2,3,3,2,4,4,3,3,3,3,3,3,1,1,2,1,1,2,1,6650,gemini,2024,여성,6
2,2,,,,2,3,3,3,3,2,3,3,2,1,1,1,1,2,2,2,3,3,2,2,3,3,3,3,1,1,2,1,1,2,1,6651,gemini,2024,여성,6
2,2,,,,2,3,3,3,3,2,3,2,2,1,2,2,2,2,2,2,3,3,2,2,3,3,3,3,1,1,2,1,1,2,2,6652,gemini,2024,여성,6
2,2,,,,2,3,3,2,3,2,3,2,2,1,1,1,1,2,2,2,3,3,3,2,2,3,3,3,1,1,2,1,1,2,1,6653,gemini,2024,여성,6
2,2,,,,2,3,3,2,3,2,3,3,2,1,2,2,1,2,2,2,4,3,3,2,3,3,3,3,1,1,2,1,1,2,2,6654,gemini,2024,여성,6
2,2,,,,2,3,3,2,3,2,3,3,2,1,2,2,1,2,2,2,3,3,2,2,3,3,3,3,1,1,2,1,1,2,1,6655,gemini,2024,여성,6
2,2,,,,2,3,3,2,3,2,3,3,2,1,2,2,1,2,2,2,3,3,2,2,3,3,3,3,1,1,2,1,1,2,2,6656,gemini,2024,여성,6
2,2,,,,2,3,3,3,3,2,3,3,2,2,2,2,1,2,2,2,4,3,3,2,3,3,3,3,1,1,2,1,1,2,2,6657,gemini,2024,여성,6
2,2,,,,2,3,3,3,3,3,3,3,2,2,2,2,2,2,2,2,3,3,3,2,3,3,3,3,1,1,2,1,1,2,2,6658,gemini,2024,여성,6
2,2,,,,2,3,3,2,3,2,3,3,2,1,2,2,1,2,2,2,3,3,2,2,3,3,3,3,1,1,1,1,1,2,1,6659,gemini,2024,여성,6
2,2,,,,2,3,3,3,3,2,3,2,2,1,2,2,1,2,2,2,3,3,2,2,2,3,3,3,1,1,2,1,1,2,2,6660,gemini,2024,여성,6
2,2,,,,2,3,3,3,3,2,3,3,2,1,2,2,1,2,2,2,3,3,2,2,3,3,3,3,1,1,2,1,1,2,2,6661,gemini,2024,여성,6
2,2,,,,2,3,3,3,3,2,3,3,2,2,2,2,2,3,2,2,3,3,2,2,3,3,3,3,1,1,2,1,1,2,1,6662,gemini,2024,여성,6
2,2,,,,2,3,3,2,3,2,3,3,2,1,1,1,1,2,2,2,3,3,2,2,2,3,3,3,1,1,2,1,1,2,2,6663,gemini,2024,여성,6
2,2,,,,2,3,3,2,3,2,3,2,2,1,1,1,1,2,2,2,3,3,2,2,2,3,3,3,1,1,2,1,1,2,2,6664,gemini,2024,여성,6
2,2,,,,2,3,3,3,3,2,3,2,2,1,2,1,1,2,2,2,4,3,3,3,2,3,3,3,1,1,2,1,1,2,1,6665,gemini,2024,여성,6
2,2,,,,2,3,3,2,3,2,3,2,2,1,1,1,1,2,2,2,4,3,3,2,2,3,3,3,1,1,2,1,1,2,1,6666,gemini,2024,여성,6
2,2,,,,2,3,3,2,3,2,3,3,2,1,2,2,1,2,2,2,4,3,3,3,3,3,3,3,1,1,1,1,1,2,2,6667,gemini,2024,여성,6
2,2,,,,2,3,3,2,3,2,3,3,2,1,1,1,1,2,2,2,4,3,3,2,2,3,3,3,1,1,2,1,1,2,1,6668,gemini,2024,여성,6
2,2,,,,2,3,3,3,3,2,3,3,2,1,2,2,2,2,2,2,3,3,2,2,3,3,3,3,1,1,2,1,1,2,2,6669,gemini,2024,여성,6
2,2,,,,2,3,3,3,3,2,3,3,2,2,2,2,2,2,2,2,3,3,2,2,3,3,3,3,1,1,2,1,1,2,2,6670,gemini,2024,여성,6
2,2,,,,2,3,3,3,3,2,3,2,2,1,1,1,1,2,2,2,3,3,2,2,2,3,3,3,1,1,2,1,1,2,2,6671,gemini,2024,여성,6
2,2,,,,2,3,3,2,3,2,3,2,2,1,1,1,1,2,2,2,3,3,2,2,2,3,3,3,1,1,2,1,1,2,2,6672,gemini,2024,여성,6
2,2,,,,2,3,3,3,3,3,4,3,2,2,2,2,2,3,3,2,4,4,3,3,3,3,3,3,1,1,2,1,1,2,2,6673,gemini,2024,여성,6
2,2,,,,2,3,3,2,3,2,3,3,2,1,2,2,2,2,2,2,3,3,2,2,3,3,3,3,1,1,2,1,1,2,2,6674,gemini,2024,여성,6
2,2,,,,2,3,3,2,3,3,3,3,2,2,2,2,2,2,2,2,4,4,3,3,3,3,3,3,1,1,2,1,1,2,2,6675,gemini,2024,여성,6
2,2,,,,2,3,3,3,3,2,3,3,2,1,2,2,2,3,2,2,3,3,2,2,3,3,3,3,1,1,2,1,1,2,2,6676,gemini,2024,여성,6
2,2,,,,2,3,3,3,3,2,3,3,2,2,2,2,2,2,2,2,3,3,3,2,3,3,3,3,1,1,2,1,1,2,2,6677,gemini,2024,여성,6
2,2,,,,2,3,3,2,3,2,3,3,2,1,2,2,1,2,2,2,4,4,3,3,3,3,3,3,1,1,2,1,1,2,2,6678,gemini,2024,여성,6
2,2,,,,2,3,3,3,3,2,3,2,2,1,1,1,1,2,2,2,3,3,2,2,2,3,3,3,1,1,2,1,1,2,2,6679,gemini,2024,여성,6
3,1,1.0,4.0,2.0,2,3,3,3,4,3,4,3,2,2,2,2,2,3,3,2,4,4,3,3,3,3,3,3,1,1,2,1,1,2,2,6680,gemini,2024,여성,6
2,2,,,,2,3,3,2,3,2,3,3,2,1,2,2,1,2,2,2,3,3,3,2,3,3,3,3,1,1,2,1,1,2,1,6681,gemini,2024,여성,6
2,2,,,,2,3,3,2,3,2,3,3,2,1,2,2,1,2,2,2,4,3,3,2,2,3,3,3,1,1,2,1,1,2,2,6682,gemini,2024,여성,6
2,2,,,,2,3,3,3,3,2,3,3,2,2,2,2,2,2,2,2,4,4,3,3,3,3,3,3,1,1,2,1,1,2,2,6683,gemini,2024,여성,6
3,1,1.0,4.0,2.0,2,3,3,3,4,3,4,3,2,2,2,2,2,3,3,2,4,4,3,3,3,3,3,3,1,1,2,1,1,2,1,6684,gemini,2024,여성,6
2,2,,,,2,3,3,2,3,2,3,2,2,1,1,1,1,2,2,2,3,3,2,2,2,3,3,3,1,1,2,1,1,2,1,6685,gemini,2024,여성,6
2,2,,,,2,3,3,3,3,2,3,3,2,2,2,2,2,2,2,2,4,4,3,3,3,3,3,3,1,1,2,1,1,2,2,6686,gemini,2024,여성,6
2,2,,,,2,3,3,3,3,2,3,3,2,1,2,2,2,2,2,2,4,3,2,2,3,3,3,3,1,1,2,1,1,2,1,6687,gemini,2024,여성,6
2,2,,,,2,3,3,2,3,2,3,3,2,1,2,2,2,2,2,2,3,3,2,2,3,3,3,3,1,1,2,1,1,2,2,6688,gemini,2024,여성,6
2,2,,,,2,3,3,2,3,2,3,3,2,1,1,1,1,2,2,2,4,3,3,2,2,3,3,3,1,1,2,1,1,2,1,6689,gemini,2024,여성,6
2,2,,,,2,3,3,2,3,2,3,3,2,1,2,2,1,2,2,2,4,4,3,3,3,3,3,3,1,1,2,1,1,2,1,6690,gemini,2024,여성,6
2,2,,,,2,3,3,2,3,2,3,3,2,1,2,2,1,2,2,2,3,3,2,2,3,3,3,3,1,1,2,1,1,2,2,6691,gemini,2024,여성,6
2,2,,,,2,3,3,2,3,2,3,3,2,1,2,2,1,2,2,2,3,3,2,2,3,3,3,3,1,1,2,1,1,2,2,6692,gemini,2024,여성,6
2,2,,,,2,3,3,3,3,2,3,3,2,2,2,2,2,2,2,2,3,3,2,2,3,3,3,3,1,1,2,1,1,2,2,6693,gemini,2024,여성,6
2,2,,,,2,3,3,2,3,2,3,3,2,1,2,2,1,2,2,2,3,3,2,2,3,3,3,3,1,1,2,1,1,2,2,6694,gemini,2024,여성,6
2,2,,,,2,2,3,2,3,3,3,3,2,1,2,2,1,2,2,2,3,3,2,2,2,3,3,3,1,1,2,1,1,2,2,6695,gemini,2024,여성,6
2,2,,,,2,3,3,3,3,2,3,2,2,1,2,2,1,2,2,2,3,3,2,2,3,3,3,3,1,1,2,1,1,2,2,6696,gemini,2024,여성,6
2,2,,,,2,3,3,2,3,2,3,3,2,1,2,2,2,2,2,2,3,3,2,2,3,3,3,3,1,1,2,1,1,2,1,6697,gemini,2024,여성,6
2,2,,,,2,3,3,2,3,2,3,3,2,1,2,2,1,2,2,2,3,3,2,2,3,3,3,3,1,1,2,1,1,2,2,6698,gemini,2024,여성,6
2,2,,,,2,3,3,2,3,2,3,3,2,1,2,2,1,2,2,2,4,3,3,2,3,3,3,3,1,1,2,1,1,2,1,6699,gemini,2024,여성,6
2,2,,,,2,3,3,2,3,2,3,3,2,2,2,2,1,2,2,2,4,4,3,2,3,3,3,3,1,1,2,1,1,2,1,6700,gemini,2024,여성,6
3,1,1.0,4.0,2.0,2,3,3,3,4,3,4,3,2,2,2,2,2,3,3,2,4,4,3,3,3,3,3,3,1,1,2,1,1,2,1,6701,gemini,2024,여성,6
2,2,,,,2,3,3,2,3,2,3,3,2,1,2,2,2,2,2,2,3,3,2,2,3,3,3,3,1,1,2,1,1,2,1,6702,gemini,2024,여성,6
2,2,,,,2,3,3,2,3,3,3,3,2,1,2,2,2,2,2,2,3,3,2,2,3,3,3,3,1,1,2,1,1,2,2,6703,gemini,2024,여성,6
2,2,,,,2,3,3,2,3,2,3,2,2,1,1,1,1,2,2,2,4,3,3,2,2,3,3,3,1,1,2,1,1,2,2,6704,gemini,2024,여성,6
2,2,,,,2,3,3,2,3,2,3,3,2,1,2,1,1,2,2,2,4,4,3,3,3,3,3,3,1,1,2,1,1,2,2,6705,gemini,2024,여성,6
2,2,,,,2,3,3,2,3,2,3,3,2,1,2,2,1,2,2,2,3,3,2,2,3,3,3,3,1,1,2,1,1,2,2,6706,gemini,2024,여성,6
2,2,,,,2,3,3,2,3,2,3,3,2,1,2,2,1,2,2,2,4,4,3,3,3,3,3,3,1,1,2,1,1,2,1,6707,gemini,2024,여성,6
2,2,,,,2,3,3,3,3,2,3,3,2,1,2,2,2,2,2,2,3,3,2,2,3,3,3,3,1,1,2,1,1,2,2,6708,gemini,2024,여성,6
2,2,,,,2,3,3,3,3,2,3,3,2,2,2,2,1,2,2,2,4,3,3,2,3,3,3,3,1,1,2,1,1,2,1,6709,gemini,2024,여성,6
2,2,,,,2,3,3,2,3,2,3,2,2,1,2,2,1,2,2,2,4,3,3,2,3,3,3,3,1,1,2,1,1,2,2,6710,gemini,2024,여성,6
3,1,1.0,4.0,2.0,2,3,3,2,4,3,4,3,2,2,2,2,1,2,2,2,4,4,3,3,3,3,4,3,1,1,1,1,1,2,1,6711,gemini,2024,여성,6
2,2,,,,2,3,3,3,3,2,3,3,2,2,2,2,1,2,2,2,4,4,3,3,3,3,3,3,1,1,2,1,1,2,2,6712,gemini,2024,여성,6
2,2,,,,2,3,3,2,3,2,3,3,2,1,2,2,1,2,2,2,3,3,2,2,3,3,3,3,1,1,2,1,1,2,2,6713,gemini,2024,여성,6
2,2,,,,2,3,3,2,3,2,3,3,2,1,2,2,1,2,2,2,3,3,2,2,3,3,3,3,1,1,2,1,1,2,2,6714,gemini,2024,여성,6
2,2,,,,2,3,3,2,3,2,3,2,2,1,1,1,1,2,2,2,3,3,2,2,3,3,3,3,1,1,2,1,1,2,1,6715,gemini,2024,여성,6
2,2,,,,2,3,3,3,3,2,3,2,2,1,1,1,1,2,2,2,3,3,2,2,2,3,3,3,1,1,2,1,1,2,2,6716,gemini,2024,여성,6
2,2,,,,2,3,3,3,3,2,3,3,2,2,2,2,1,2,2,2,4,3,3,3,3,3,3,3,1,1,2,1,1,2,2,6717,gemini,2024,여성,6
2,2,,,,2,3,3,2,3,2,3,3,2,1,2,2,1,2,2,2,4,4,3,3,3,3,3,3,1,1,2,1,1,2,2,6718,gemini,2024,여성,6
2,2,,,,2,3,3,3,3,2,3,2,2,1,1,1,1,2,2,2,3,3,2,2,3,3,3,3,1,1,2,1,1,2,2,6719,gemini,2024,여성,6
2,2,,,,2,3,3,2,3,2,3,2,2,1,1,1,1,2,2,2,4,3,3,2,2,3,3,3,1,1,2,1,1,2,2,6720,gemini,2024,여성,6
2,2,,,,2,3,3,3,3,2,3,2,2,1,1,1,1,2,2,2,4,3,3,2,2,3,3,3,1,1,2,1,1,2,2,6721,gemini,2024,여성,6
3,1,1.0,4.0,2.0,2,3,3,2,4,3,4,3,2,2,2,2,2,3,3,2,4,4,3,3,3,3,3,3,1,1,1,1,1,2,1,6722,gemini,2024,여성,6
2,2,,,,2,3,3,3,3,2,3,3,2,2,2,2,1,2,2,2,4,4,3,3,3,3,3,3,1,1,2,1,1,2,2,6723,gemini,2024,여성,6
2,2,,,,2,3,3,2,3,2,3,3,2,1,1,1,1,2,2,2,3,3,3,2,3,3,3,3,1,1,2,1,1,2,1,6724,gemini,2024,여성,6
2,2,,,,2,3,3,2,3,2,3,3,2,1,1,1,1,2,2,2,3,3,2,2,2,3,3,3,1,1,2,1,1,2,2,6725,gemini,2024,여성,6
2,2,,,,2,3,3,2,3,2,3,3,2,2,2,2,1,2,2,2,4,4,3,3,2,3,3,3,1,1,2,1,1,2,1,6726,gemini,2024,여성,6
2,2,,,,2,3,3,2,3,2,3,2,2,1,2,1,1,2,2,2,4,3,3,2,2,3,3,3,1,1,2,1,1,2,2,6727,gemini,2024,여성,6
2,2,,,,2,3,3,2,3,2,3,2,2,1,1,1,1,2,2,2,3,3,2,2,3,3,3,3,1,1,2,1,1,2,2,6728,gemini,2024,여성,6
2,2,,,,2,3,3,2,3,2,3,3,2,1,2,2,2,3,2,2,4,3,3,3,3,3,3,3,1,1,2,1,1,2,2,6729,gemini,2024,여성,6
2,2,,,,2,3,3,3,3,2,3,3,2,1,2,2,2,2,2,2,3,3,2,2,3,3,3,3,1,1,2,1,1,2,2,6730,gemini,2024,여성,6
2,2,,,,2,3,3,2,3,2,3,3,2,1,2,1,1,2,2,2,4,3,3,2,2,3,3,3,1,1,2,1,1,2,2,6731,gemini,2024,여성,6
2,2,,,,2,3,3,3,3,3,4,3,2,2,2,2,2,2,2,2,4,4,3,3,3,3,3,3,1,1,2,1,1,2,1,6732,gemini,2024,여성,6
2,2,,,,2,3,3,2,3,2,3,3,2,1,2,2,1,2,2,2,3,3,2,2,3,3,3,3,1,1,2,1,1,2,2,6733,gemini,2024,여성,6
2,2,,,,2,3,3,2,3,2,3,3,2,1,2,1,1,2,2,2,4,3,3,2,3,3,3,3,1,1,2,1,1,2,2,6734,gemini,2024,여성,6
2,2,,,,2,3,3,2,3,2,3,3,2,1,2,2,1,2,2,2,4,3,3,2,3,3,3,3,1,1,2,1,1,2,2,6735,gemini,2024,여성,6
2,2,,,,2,3,3,2,3,2,3,3,2,1,2,2,1,2,2,2,4,4,3,3,3,3,3,3,1,1,2,1,1,2,1,6736,gemini,2024,여성,6
2,2,,,,2,3,3,2,3,2,3,3,2,1,2,2,1,2,2,2,4,4,3,3,3,3,3,3,1,1,2,1,1,2,2,6737,gemini,2024,여성,6
2,2,,,,2,3,3,3,3,2,3,3,2,1,2,2,1,2,2,2,4,4,3,3,3,3,3,3,1,1,2,1,1,2,2,6738,gemini,2024,여성,6
2,2,,,,2,3,3,2,3,2,3,3,2,1,1,1,1,2,2,2,4,3,3,2,2,3,3,3,1,1,2,1,1,2,2,6739,gemini,2024,여성,6
2,2,,,,2,3,3,3,3,2,3,3,2,2,2,2,1,2,2,2,4,4,3,3,3,3,3,3,1,1,2,1,1,2,2,6740,gemini,2024,여성,6
2,2,,,,2,3,3,3,3,2,3,3,2,2,2,2,2,2,2,2,4,4,3,3,2,3,3,3,1,1,2,1,1,2,2,6741,gemini,2024,여성,6
2,2,,,,2,3,3,3,3,2,3,3,2,2,2,2,2,2,2,2,3,3,3,3,3,3,3,3,1,1,2,1,1,2,2,6742,gemini,2024,여성,6
2,2,,,,2,3,3,2,3,2,3,3,2,1,2,2,1,2,2,2,3,3,2,2,3,3,3,3,1,1,2,1,1,2,2,6743,gemini,2024,여성,6
2,2,,,,2,3,3,3,3,2,3,3,2,2,2,2,2,2,2,2,4,3,3,3,3,3,3,3,1,1,2,1,1,2,2,6744,gemini,2024,여성,6
2,2,,,,2,3,3,2,3,2,3,3,2,1,2,2,1,2,2,2,4,3,2,2,3,3,3,3,1,1,2,1,1,2,2,6745,gemini,2024,여성,6
2,2,,,,2,3,3,2,3,2,3,2,2,1,1,1,1,2,2,2,3,3,3,2,2,3,3,3,1,1,2,1,1,2,2,6746,gemini,2024,여성,6
2,2,,,,2,3,3,2,3,2,3,3,2,1,2,1,1,2,2,2,4,4,3,3,3,3,3,3,1,1,2,1,1,2,2,6747,gemini,2024,여성,6
2,2,,,,2,3,3,3,3,2,3,3,2,2,2,2,1,2,2,2,4,3,3,3,3,3,3,3,1,1,2,1,1,2,2,6748,gemini,2024,여성,6
2,2,,,,2,3,3,2,3,2,3,3,2,1,2,2,1,2,2,2,3,3,2,2,3,3,3,3,1,1,2,1,1,2,2,6749,gemini,2024,여성,6
2,2,,,,2,3,3,2,3,2,3,2,2,1,1,1,1,2,2,2,3,3,2,2,2,3,3,3,1,1,2,1,1,2,1,6750,gemini,2024,여성,6
2,2,,,,2,3,3,2,3,2,3,3,2,1,1,1,1,2,2,2,4,3,3,2,2,3,3,3,1,1,2,1,1,2,1,6751,gemini,2024,여성,6
2,2,,,,2,3,3,3,3,2,3,3,2,1,2,2,1,2,2,2,4,3,3,3,2,3,3,3,1,1,2,1,1,2,2,6752,gemini,2024,여성,6
2,2,,,,2,3,3,3,3,2,3,2,2,1,2,2,1,2,2,2,3,3,2,2,3,3,3,3,1,1,2,1,1,2,2,6753,gemini,2024,여성,6
2,2,,,,2,3,3,2,3,2,3,3,2,1,2,2,1,2,2,2,3,3,2,2,3,3,3,3,1,1,2,1,1,2,2,6754,gemini,2024,여성,6
3,1,1.0,4.0,2.0,2,3,3,3,4,3,4,3,2,2,2,2,2,3,3,2,4,4,3,3,3,3,3,3,1,1,2,1,1,2,1,6755,gemini,2024,여성,6
2,2,,,,2,3,3,3,3,2,3,3,2,1,2,2,2,2,2,2,3,3,3,2,3,3,3,3,1,1,2,1,1,2,1,6756,gemini,2024,여성,6
2,2,,,,2,3,3,3,3,2,3,3,2,1,1,1,2,2,2,2,3,3,3,2,3,3,3,3,1,1,2,1,1,2,2,6757,gemini,2024,여성,6
2,2,,,,2,3,3,2,3,2,3,2,2,1,2,1,1,2,2,2,4,3,3,3,2,3,3,3,1,1,2,1,1,2,2,6758,gemini,2024,여성,6
2,2,,,,2,3,3,2,3,2,3,2,2,1,2,2,1,2,2,2,3,3,2,2,3,3,3,3,1,1,2,1,1,2,2,6759,gemini,2024,여성,6
2,2,,,,2,3,3,2,3,2,3,3,2,1,2,2,1,2,2,2,3,3,2,2,3,3,3,3,1,1,2,1,1,2,2,6760,gemini,2024,여성,6
2,2,,,,2,3,3,2,3,2,3,3,2,1,2,2,1,2,2,2,4,3,3,2,3,3,3,3,1,1,2,1,1,2,2,6761,gemini,2024,여성,6
2,2,,,,2,3,3,3,3,2,3,2,2,1,2,2,2,2,2,2,3,3,2,2,3,3,3,3,1,1,2,1,1,2,2,6762,gemini,2024,여성,6
2,2,,,,2,3,3,2,3,2,3,2,2,1,1,1,1,2,2,2,3,3,2,2,2,3,3,3,1,1,2,1,1,2,2,6763,gemini,2024,여성,6
2,2,,,,2,3,3,2,3,2,3,3,2,1,2,1,1,2,2,2,4,3,3,3,3,3,3,3,1,1,2,1,1,2,2,6764,gemini,2024,여성,6
2,2,,,,2,3,3,2,3,2,3,3,2,1,2,2,1,2,2,2,4,3,2,2,3,3,3,3,1,1,2,1,1,2,1,6765,gemini,2024,여성,6
2,2,,,,2,3,3,2,3,2,3,3,2,1,1,1,1,2,2,2,3,3,2,2,2,3,3,3,1,1,2,1,1,2,2,6766,gemini,2024,여성,6
2,2,,,,2,3,3,2,3,2,3,3,2,1,2,2,1,2,2,2,3,3,2,2,3,3,3,3,1,1,2,1,1,2,2,6767,gemini,2024,여성,6
2,2,,,,2,3,3,2,3,2,3,2,2,1,2,2,1,2,2,2,3,3,2,2,3,3,3,3,1,1,2,1,1,2,2,6768,gemini,2024,여성,6
2,2,,,,2,2,3,2,3,2,3,3,2,1,1,1,1,2,2,2,3,3,2,2,3,3,3,3,1,1,2,1,1,2,2,6769,gemini,2024,여성,6
2,2,,,,2,3,3,2,3,2,3,2,2,1,2,1,1,2,2,2,4,3,3,3,3,3,3,3,1,1,2,1,1,2,1,6770,gemini,2024,여성,6
2,2,,,,2,3,3,3,3,2,3,3,2,1,2,2,1,2,2,2,4,3,3,3,3,3,3,3,1,1,2,1,1,2,1,6771,gemini,2024,여성,6
2,2,,,,2,3,3,3,3,2,3,3,2,2,2,2,1,2,2,2,4,4,3,3,3,3,3,3,1,1,2,1,1,2,1,6772,gemini,2024,여성,6
2,2,,,,2,3,3,2,3,2,3,3,2,1,1,1,1,2,2,2,4,3,2,2,3,3,3,3,1,1,2,1,1,2,1,6773,gemini,2024,여성,6
2,2,,,,2,3,3,3,3,2,3,3,2,2,2,2,1,2,2,2,3,3,2,2,3,3,3,3,1,1,2,1,1,2,1,6774,gemini,2024,여성,6
2,2,,,,2,2,3,2,3,2,3,2,2,1,1,1,1,2,2,2,3,3,2,2,3,3,3,3,1,1,2,1,1,2,2,6775,gemini,2024,여성,6
2,2,,,,2,3,3,2,3,2,3,3,2,1,2,2,1,2,2,2,4,3,3,3,3,3,3,3,1,1,2,1,1,2,1,6776,gemini,2024,여성,6
3,1,1.0,4.0,2.0,2,3,3,3,3,3,3,3,2,1,2,2,2,3,3,2,4,4,3,3,3,3,3,3,1,1,2,1,1,2,1,6777,gemini,2024,여성,6
2,2,,,,2,3,3,2,3,2,3,3,2,1,2,2,1,2,2,2,3,3,2,2,3,3,3,3,1,1,2,1,1,2,1,6778,gemini,2024,여성,6
2,2,,,,2,3,3,3,3,2,3,3,2,2,2,2,1,2,2,2,4,3,3,3,3,3,3,3,1,1,2,1,1,2,2,6779,gemini,2024,여성,6
2,2,,,,2,3,3,3,3,2,3,3,2,2,2,2,1,2,2,2,4,3,3,2,3,3,3,3,1,1,2,1,1,2,2,6780,gemini,2024,여성,6
2,2,,,,2,3,3,2,3,2,3,3,2,1,2,2,1,2,2,2,4,3,3,3,3,3,3,3,1,1,2,1,1,2,2,6781,gemini,2024,여성,6
2,2,,,,2,3,3,3,3,2,3,3,2,2,2,2,1,2,2,2,4,3,3,3,3,3,3,3,1,1,2,1,1,2,2,6782,gemini,2024,여성,6
2,2,,,,2,3,3,2,3,2,3,3,2,1,2,1,1,2,2,2,4,3,3,3,2,3,3,3,1,1,2,1,1,2,1,6783,gemini,2024,여성,6
2,2,,,,2,3,3,2,3,2,3,3,2,2,2,2,1,2,2,2,4,4,3,3,3,3,3,3,1,1,2,1,1,2,1,6784,gemini,2024,여성,6
2,2,,,,2,3,3,3,3,2,3,3,2,1,2,1,1,2,2,2,4,4,3,3,3,3,3,3,1,1,2,1,1,2,1,6785,gemini,2024,여성,6
2,2,,,,2,3,3,2,3,2,3,3,2,1,1,1,1,2,2,2,4,3,3,2,2,3,3,3,1,1,2,1,1,2,2,6786,gemini,2024,여성,6
2,2,,,,2,3,3,2,3,2,3,3,2,1,2,2,1,2,2,2,3,3,3,2,3,3,3,3,1,1,2,1,1,2,1,6787,gemini,2024,여성,6
2,2,,,,2,3,3,3,3,2,3,3,2,2,2,2,1,2,2,2,4,3,2,2,3,3,3,3,1,1,2,1,1,2,2,6788,gemini,2024,여성,6
2,2,,,,2,3,3,2,3,2,3,3,2,2,2,2,1,2,2,2,4,3,3,3,3,3,3,3,1,1,2,1,1,2,2,6789,gemini,2024,여성,6
2,2,,,,2,3,3,3,3,2,3,2,2,1,2,1,1,2,2,2,4,3,3,3,2,3,3,3,1,1,2,1,1,2,2,6790,gemini,2024,여성,6
2,2,,,,2,3,3,2,3,2,3,3,2,1,2,2,2,2,2,2,3,3,3,3,3,3,3,3,1,1,1,1,1,2,1,6791,gemini,2024,여성,6
2,2,,,,2,3,3,2,3,2,3,2,2,1,1,1,1,2,2,2,4,4,3,3,2,3,3,3,1,1,2,1,1,2,2,6792,gemini,2024,여성,6
2,2,,,,2,3,3,2,3,2,3,3,2,1,1,1,1,2,2,2,4,3,3,2,2,3,3,3,1,1,2,1,1,2,1,6793,gemini,2024,여성,6
2,2,,,,2,3,3,3,3,2,3,3,2,2,2,2,1,2,2,2,4,4,3,3,3,3,3,3,1,1,2,1,1,2,2,6794,gemini,2024,여성,6
2,2,,,,2,3,3,2,3,2,3,2,2,1,1,1,1,2,2,2,3,3,2,2,2,3,3,3,1,1,2,1,1,2,2,6795,gemini,2024,여성,6
2,2,,,,2,3,3,2,3,2,3,3,2,1,2,2,1,2,2,2,4,3,3,2,3,3,3,3,1,1,2,1,1,2,2,6796,gemini,2024,여성,6
2,2,,,,2,3,3,3,3,2,3,2,2,1,2,2,2,3,2,2,3,3,3,2,3,3,3,3,1,1,2,1,1,2,2,6797,gemini,2024,여성,6
2,2,,,,2,3,3,2,3,2,3,3,2,1,2,2,1,2,2,2,3,3,2,2,2,3,3,3,1,1,2,1,1,2,2,6798,gemini,2024,여성,6
2,2,,,,2,3,3,3,3,2,3,3,2,2,2,2,2,2,2,2,4,4,3,3,3,3,3,3,1,1,2,1,1,2,2,6799,gemini,2024,여성,6
2,2,,,,2,3,3,2,3,2,3,3,2,1,2,2,1,2,2,2,4,3,3,2,2,3,3,3,1,1,2,1,1,2,2,6800,gemini,2024,여성,6
2,2,,,,2,3,3,3,3,2,3,2,2,1,1,1,2,2,2,2,3,3,3,2,3,3,3,3,1,1,2,1,1,2,2,6801,gemini,2024,여성,6
2,2,,,,2,3,3,2,3,2,3,3,2,1,2,2,1,2,2,2,4,3,3,3,3,3,3,3,1,1,2,1,1,2,2,6802,gemini,2024,여성,6
2,2,,,,2,3,3,3,3,2,3,3,2,1,2,2,2,2,2,2,3,3,2,2,3,3,3,3,1,1,2,1,1,2,1,6803,gemini,2024,여성,6
2,2,,,,2,3,3,2,3,2,3,3,2,1,1,1,1,2,2,2,4,3,3,2,2,3,3,3,1,1,2,1,1,2,2,6804,gemini,2024,여성,6
2,2,,,,2,3,3,3,3,2,3,3,2,1,2,2,1,2,2,2,4,4,3,3,3,3,3,3,1,1,2,1,1,2,2,6805,gemini,2024,여성,6
2,2,,,,2,3,3,2,3,2,3,3,2,1,2,2,1,2,2,2,3,3,2,2,2,3,3,3,1,1,2,1,1,2,2,6806,gemini,2024,여성,6
2,2,,,,2,3,3,2,3,2,3,2,2,1,1,1,1,2,2,2,3,3,2,2,2,3,3,3,1,1,2,1,1,2,2,6807,gemini,2024,여성,6
2,2,,,,2,3,3,2,3,2,3,3,2,1,2,1,1,2,2,2,3,3,2,2,3,3,3,3,1,1,2,1,1,2,2,6808,gemini,2024,여성,6
2,2,,,,2,3,3,2,3,2,3,3,2,1,2,2,1,2,2,2,3,3,2,2,2,3,3,3,1,1,2,1,1,2,2,6809,gemini,2024,여성,6
2,2,,,,2,3,3,2,3,2,3,3,2,1,2,2,1,2,2,2,3,3,2,2,3,3,3,3,1,1,2,1,1,2,1,6810,gemini,2024,여성,6
2,2,,,,2,3,3,2,3,2,3,3,2,1,2,2,1,2,2,2,3,3,3,3,2,3,3,3,1,1,2,1,1,2,2,6811,gemini,2024,여성,6
2,2,,,,2,3,3,2,3,2,3,2,2,1,1,1,1,2,2,2,3,3,3,2,2,3,3,3,1,1,2,1,1,2,2,6812,gemini,2024,여성,6
2,2,,,,2,3,3,3,3,2,3,3,2,2,2,2,1,2,2,2,4,4,3,3,3,3,3,3,1,1,2,1,1,2,2,6813,gemini,2024,여성,6
2,2,,,,2,3,3,2,3,3,3,3,2,2,2,2,2,2,2,2,3,3,2,2,3,3,3,3,1,1,2,1,1,2,2,6814,gemini,2024,여성,6
2,2,,,,2,3,3,2,3,2,3,2,2,1,2,1,1,2,2,2,3,3,2,2,3,3,3,3,1,1,2,1,1,2,2,6815,gemini,2024,여성,6
2,2,,,,2,3,3,2,3,2,3,3,2,1,2,2,1,2,2,2,3,3,3,3,3,3,3,3,1,1,2,1,1,2,2,6816,gemini,2024,여성,6
2,2,,,,2,3,3,2,3,2,3,2,2,1,1,1,1,2,2,2,3,3,3,2,2,3,3,3,1,1,2,1,1,2,2,6817,gemini,2024,여성,6
2,2,,,,2,3,3,3,3,2,3,3,2,1,2,2,2,2,2,2,3,3,3,2,3,3,3,3,1,1,2,1,1,2,2,6818,gemini,2024,여성,6
2,2,,,,2,3,3,2,3,2,3,2,2,1,2,1,1,2,2,2,3,3,2,2,2,3,3,3,1,1,2,1,1,2,2,6819,gemini,2024,여성,6
2,2,,,,2,3,3,3,3,2,3,3,2,1,2,1,1,2,2,2,4,4,3,3,3,3,3,3,1,1,2,1,1,2,1,6820,gemini,2024,여성,6
2,2,,,,2,3,3,2,3,2,3,3,2,1,2,2,1,2,2,2,3,3,2,2,2,3,3,3,1,1,2,1,1,2,2,6821,gemini,2024,여성,6
2,2,,,,2,3,3,3,3,2,3,2,2,1,1,1,1,2,2,2,3,3,2,2,2,3,3,3,1,1,2,1,1,2,2,6822,gemini,2024,여성,6
2,2,,,,2,3,3,2,3,2,3,2,2,1,1,1,1,2,2,2,4,3,3,2,2,3,3,3,1,1,2,1,1,2,2,6823,gemini,2024,여성,6
2,2,,,,2,3,3,3,3,2,3,3,2,2,2,2,1,2,2,2,3,3,2,2,3,3,3,3,1,1,2,1,1,2,2,6824,gemini,2024,여성,6
2,2,,,,2,3,3,2,3,2,3,3,2,1,2,1,2,2,2,2,3,3,2,2,3,3,3,3,1,1,2,1,1,2,2,6825,gemini,2024,여성,6
3,1,1.0,4.0,2.0,2,3,3,3,4,3,4,3,2,2,2,2,2,3,3,2,4,4,3,3,3,3,3,3,1,1,2,1,1,2,1,6826,gemini,2024,여성,6
2,2,,,,2,3,3,2,3,2,3,3,2,1,2,1,1,2,2,2,3,3,2,2,3,3,3,3,1,1,2,1,1,2,2,6827,gemini,2024,여성,6
2,2,,,,2,3,3,2,3,2,3,3,2,1,2,2,1,2,2,2,4,3,3,2,3,3,3,3,1,1,2,1,1,2,2,6828,gemini,2024,여성,6
2,2,,,,2,3,3,2,3,2,3,3,2,1,2,1,1,2,2,2,4,4,3,3,2,3,3,3,1,1,2,1,1,2,1,6829,gemini,2024,여성,6
2,2,,,,2,3,3,2,3,2,3,2,1,1,1,1,1,2,2,1,3,3,2,2,2,3,3,3,1,1,2,1,1,2,1,6830,gemini,2024,여성,6
2,2,,,,2,3,3,3,3,2,3,3,2,1,2,2,2,3,2,2,3,3,2,2,3,3,3,3,1,1,2,1,1,2,1,6831,gemini,2024,여성,6
2,2,,,,2,3,3,2,3,2,3,3,2,1,2,1,1,2,2,2,3,3,2,2,3,3,3,3,1,1,2,1,1,2,2,6832,gemini,2024,여성,6
2,2,,,,2,3,3,3,3,2,3,3,2,2,2,2,1,2,2,2,3,3,2,2,3,3,3,3,1,1,2,1,1,2,2,6833,gemini,2024,여성,6
2,2,,,,2,3,3,2,3,2,3,3,2,1,2,2,1,2,2,2,4,3,3,2,2,3,3,3,1,1,2,1,1,2,1,6834,gemini,2024,여성,6
3,1,1.0,4.0,2.0,2,3,3,3,4,3,4,3,2,2,2,2,2,3,3,2,4,4,3,3,3,3,3,3,1,1,2,1,1,2,1,6835,gemini,2024,여성,6
2,2,,,,2,3,3,2,3,2,3,3,2,1,2,2,1,2,2,2,4,3,3,2,3,3,3,3,1,1,2,1,1,2,2,6836,gemini,2024,여성,6
2,2,,,,2,3,3,3,3,2,3,3,2,2,2,2,1,2,2,2,4,4,3,3,3,3,3,3,1,1,2,1,1,2,2,6837,gemini,2024,여성,6
2,2,,,,2,3,3,3,4,3,4,3,2,2,2,2,2,3,3,2,4,4,3,3,3,3,3,3,1,1,2,1,1,2,2,6838,gemini,2024,여성,6
2,2,,,,2,3,3,2,3,2,3,3,2,1,1,1,1,2,2,2,3,3,2,2,2,3,3,3,1,1,2,1,1,2,2,6839,gemini,2024,여성,6
2,2,,,,2,3,3,2,3,2,3,3,2,1,2,2,2,2,2,2,3,3,2,2,3,3,3,3,1,1,2,1,1,2,1,6840,gemini,2024,여성,6
3,1,1.0,4.0,2.0,2,3,3,2,4,3,4,3,2,2,2,2,2,3,3,2,4,4,3,3,3,3,3,3,1,1,2,1,1,2,1,6841,gemini,2024,여성,6
2,2,,,,2,3,3,3,3,2,3,3,2,1,1,1,1,2,2,2,4,3,3,2,2,3,3,3,1,1,2,1,1,2,2,6842,gemini,2024,여성,6
2,2,,,,2,3,3,2,3,2,3,3,2,1,2,2,1,2,2,2,4,3,3,3,3,3,3,3,1,1,2,1,1,2,1,6843,gemini,2024,여성,6
2,2,,,,2,3,3,3,3,2,3,3,2,1,1,1,1,2,2,2,3,3,2,2,3,3,3,3,1,1,2,1,1,2,2,6844,gemini,2024,여성,6
2,2,,,,2,3,3,2,3,2,3,3,2,1,1,1,1,2,2,2,3,3,2,2,3,3,3,3,1,1,2,1,1,2,2,6845,gemini,2024,여성,6
2,2,,,,2,3,3,3,3,2,3,3,2,2,2,2,1,2,2,2,4,4,3,3,3,3,3,3,1,1,2,1,1,2,2,6846,gemini,2024,여성,6
2,2,,,,2,3,3,2,3,2,3,3,2,1,2,2,1,2,2,2,4,4,3,3,3,3,3,3,1,1,2,1,1,2,2,6847,gemini,2024,여성,6
2,2,,,,2,3,3,3,3,2,3,3,2,1,2,2,1,2,2,2,4,3,3,2,2,3,3,3,1,1,2,1,1,2,2,6848,gemini,2024,여성,6
2,2,,,,2,3,3,2,3,2,3,3,2,1,1,1,1,2,2,2,3,3,2,2,3,3,3,3,1,1,2,1,1,2,2,6849,gemini,2024,여성,6
2,2,,,,2,3,3,3,3,2,3,3,2,1,2,2,2,2,2,2,3,3,3,3,2,3,3,3,1,1,2,1,1,2,2,6850,gemini,2024,여성,6
2,2,,,,2,3,3,2,3,2,3,2,2,1,1,1,1,2,2,2,3,3,2,2,2,3,3,3,1,1,2,1,1,2,2,6851,gemini,2024,여성,6
2,2,,,,2,3,3,3,3,2,3,3,2,1,2,2,2,3,2,2,3,3,2,2,3,3,3,3,1,1,2,1,1,2,2,6852,gemini,2024,여성,6
2,2,,,,2,3,3,2,3,2,3,2,2,1,1,1,1,2,2,2,3,3,2,2,2,3,3,3,1,1,2,1,1,2,2,6853,gemini,2024,여성,6
2,2,,,,2,3,3,2,3,2,3,3,2,1,2,1,2,2,2,2,3,3,2,2,3,3,3,3,1,1,2,1,1,2,2,6854,gemini,2024,여성,6
2,2,,,,2,3,3,3,3,2,3,3,2,1,2,2,1,2,2,2,4,3,3,3,3,3,3,3,1,1,2,1,1,2,2,6855,gemini,2024,여성,6
2,2,,,,2,3,3,2,3,2,3,3,2,1,2,2,1,2,2,2,4,4,3,3,3,3,3,3,1,1,2,1,1,2,1,6856,gemini,2024,여성,6
2,2,,,,2,3,3,3,3,2,3,3,2,2,2,2,1,2,2,2,4,4,3,3,3,3,3,3,1,1,2,1,1,2,2,6857,gemini,2024,여성,6
2,2,,,,2,3,3,2,3,2,3,2,2,1,1,1,1,2,2,2,3,3,2,2,2,3,3,3,1,1,2,1,1,2,2,6858,gemini,2024,여성,6
2,2,,,,2,3,3,3,3,2,3,3,2,1,1,1,2,2,2,2,3,3,3,2,3,3,3,3,1,1,2,1,1,2,2,6859,gemini,2024,여성,6
2,2,,,,2,3,3,2,3,2,3,3,2,1,2,2,1,2,2,2,4,3,3,3,3,3,3,3,1,1,2,1,1,2,2,6860,gemini,2024,여성,6
2,2,,,,2,3,3,2,3,2,3,3,2,1,2,1,1,2,2,2,4,4,3,3,3,3,3,3,1,1,2,1,1,2,2,6861,gemini,2024,여성,6
2,2,,,,2,3,3,2,3,2,3,2,2,1,2,1,1,2,2,2,3,3,2,2,3,3,3,3,1,1,2,1,1,2,1,6862,gemini,2024,여성,6
3,1,1.0,4.0,2.0,2,3,3,3,4,3,4,3,2,2,2,2,2,3,3,2,4,4,3,3,3,3,3,3,1,1,2,1,1,2,1,6863,gemini,2024,여성,6
2,2,,,,2,3,3,2,3,2,3,3,2,1,2,2,1,2,2,2,3,3,2,2,3,3,3,3,1,1,2,1,1,2,1,6864,gemini,2024,여성,6
2,2,,,,2,3,3,2,3,2,3,3,2,1,2,2,1,2,2,2,3,3,2,2,3,3,3,3,1,1,2,1,1,2,2,6865,gemini,2024,여성,6
2,2,,,,2,3,3,3,3,2,3,3,2,1,2,2,2,2,2,2,3,3,2,2,3,3,3,3,1,1,2,1,1,2,2,6866,gemini,2024,여성,6
2,2,,,,2,3,3,2,3,2,3,3,2,1,1,1,1,2,2,2,4,3,3,2,2,3,3,3,1,1,2,1,1,2,2,6867,gemini,2024,여성,6
2,2,,,,2,3,3,2,3,2,3,3,2,1,2,2,1,2,2,2,4,3,3,2,3,3,3,3,1,1,2,1,1,2,1,6868,gemini,2024,여성,6
2,2,,,,2,3,3,3,3,2,3,3,2,1,2,2,1,2,2,2,3,3,3,2,3,3,3,3,1,1,2,1,1,2,2,6869,gemini,2024,여성,6
2,2,,,,2,3,3,3,3,2,3,3,2,1,2,2,1,2,2,2,4,3,3,3,3,3,3,3,1,1,2,1,1,2,2,6870,gemini,2024,여성,6
2,2,,,,2,3,3,3,3,2,3,3,2,1,2,2,1,2,2,2,4,4,3,3,3,3,3,3,1,1,2,1,1,2,1,6871,gemini,2024,여성,6
2,2,,,,2,3,3,2,3,2,3,3,2,1,2,2,1,2,2,2,3,3,2,2,3,3,3,3,1,1,1,1,1,2,1,6872,gemini,2024,여성,6
2,2,,,,2,3,3,3,3,2,3,3,2,2,2,2,1,2,2,2,4,4,3,3,3,3,3,3,1,1,2,1,1,2,2,6873,gemini,2024,여성,6
2,2,,,,2,3,3,2,3,2,3,3,2,1,2,2,1,2,2,2,3,3,2,2,3,3,3,3,1,1,2,1,1,2,2,6874,gemini,2024,여성,6
2,2,,,,2,3,3,3,3,2,3,2,2,1,2,2,2,2,2,2,3,3,2,2,2,3,3,3,1,1,2,1,1,2,2,6875,gemini,2024,여성,6
2,2,,,,2,3,3,2,3,3,3,3,2,2,2,2,2,2,2,2,4,4,3,3,3,3,3,3,1,1,2,1,1,2,1,6876,gemini,2024,여성,6
2,2,,,,2,3,3,3,3,2,3,3,2,1,2,2,2,3,2,2,3,3,2,2,3,3,3,3,1,1,2,1,1,2,2,6877,gemini,2024,여성,6
2,2,,,,2,3,3,3,3,2,3,3,2,2,2,2,1,2,2,2,4,4,3,3,3,3,3,3,1,1,2,1,1,2,1,6878,gemini,2024,여성,6
2,2,,,,2,3,3,3,3,2,3,3,2,1,2,2,2,2,2,2,3,3,3,3,3,3,3,3,1,1,2,1,1,2,2,6879,gemini,2024,여성,6
2,2,,,,2,3,3,3,3,2,3,3,2,2,2,2,2,3,2,2,4,4,3,3,3,3,3,3,1,1,2,1,1,2,2,6880,gemini,2024,여성,6
2,2,,,,2,3,3,2,3,2,3,3,2,1,1,1,1,2,2,2,4,3,3,2,2,3,3,3,1,1,2,1,1,2,2,6881,gemini,2024,여성,6
2,2,,,,2,3,3,2,3,2,3,3,2,1,2,2,1,2,2,2,3,3,3,3,3,3,3,3,1,1,2,1,1,2,1,6882,gemini,2024,여성,6
2,2,,,,2,3,3,2,3,2,3,2,2,1,2,2,1,2,2,2,3,3,2,2,3,3,3,3,1,1,2,1,1,2,1,6883,gemini,2024,여성,6
2,2,,,,2,3,3,2,3,2,3,3,2,1,2,2,1,2,2,2,4,3,3,2,3,3,3,3,1,1,2,1,1,2,2,6884,gemini,2024,여성,6
2,2,,,,2,3,3,3,3,2,3,3,2,2,2,2,1,2,2,2,4,3,3,3,3,3,3,3,1,1,2,1,1,2,1,6885,gemini,2024,여성,6
2,2,,,,2,3,3,3,3,3,3,3,2,2,2,2,2,2,2,2,3,3,2,2,3,3,3,3,1,1,2,1,1,2,2,6886,gemini,2024,여성,6
2,2,,,,2,3,3,2,3,2,3,2,2,1,1,1,1,2,2,2,3,3,2,2,3,3,3,3,1,1,2,1,1,2,1,6887,gemini,2024,여성,6
2,2,,,,2,3,3,2,3,2,3,3,2,1,2,2,1,2,2,2,4,3,3,3,2,3,3,3,1,1,2,1,1,2,2,6888,gemini,2024,여성,6
2,2,,,,2,3,3,2,3,2,3,3,2,1,2,2,1,2,2,2,3,3,2,2,3,3,3,3,1,1,2,1,1,2,2,6889,gemini,2024,여성,6
2,2,,,,2,3,3,2,3,2,3,2,2,1,1,1,1,2,2,2,3,3,2,2,2,3,3,3,1,1,2,1,1,2,2,6890,gemini,2024,여성,6
2,2,,,,2,3,3,2,3,2,3,3,2,2,2,2,1,2,2,2,3,3,2,2,3,3,3,3,1,1,2,1,1,2,2,6891,gemini,2024,여성,6
2,2,,,,2,3,3,3,3,2,3,3,2,2,2,2,2,2,2,2,3,3,3,3,3,3,3,3,1,1,2,1,1,2,2,6892,gemini,2024,여성,6
3,1,1.0,4.0,2.0,2,3,3,3,4,3,4,3,2,2,2,2,2,3,3,2,4,4,3,3,3,3,4,3,1,1,1,1,1,2,1,6893,gemini,2024,여성,6
2,2,,,,2,3,3,2,3,2,3,3,2,1,2,2,1,2,2,2,3,3,2,2,3,3,3,3,1,1,2,1,1,2,2,6894,gemini,2024,여성,6
2,2,,,,2,3,3,2,3,2,3,3,2,1,2,2,1,2,2,2,3,3,2,2,3,3,3,3,1,1,2,1,1,2,1,6895,gemini,2024,여성,6
2,2,,,,2,3,3,3,3,2,3,3,2,2,2,2,1,2,2,2,4,4,3,3,3,3,3,3,1,1,2,1,1,2,1,6896,gemini,2024,여성,6
2,2,,,,2,3,3,3,3,2,3,3,2,2,2,2,1,2,2,2,4,3,3,3,3,3,3,3,1,1,2,1,1,2,2,6897,gemini,2024,여성,6
2,2,,,,2,3,3,2,3,2,3,3,2,1,1,1,1,2,2,2,4,3,2,2,3,3,3,3,1,1,2,1,1,2,2,6898,gemini,2024,여성,6
2,2,,,,2,3,3,3,3,2,3,3,2,1,1,1,1,2,2,2,3,3,3,2,3,3,3,3,1,1,2,1,1,2,2,6899,gemini,2024,여성,6
2,2,,,,2,3,3,3,3,2,3,3,2,1,1,1,1,2,2,2,3,3,2,2,3,3,3,3,1,1,2,1,1,2,2,6900,gemini,2024,여성,6
2,2,,,,2,3,3,2,3,2,3,3,2,1,2,2,2,2,2,2,3,3,2,2,3,3,3,3,1,1,2,1,1,2,1,6901,gemini,2024,여성,6
2,2,,,,2,3,3,2,3,2,3,3,2,1,2,2,1,2,2,2,4,3,3,2,3,3,3,3,1,1,2,1,1,2,2,6902,gemini,2024,여성,6
2,2,,,,2,3,3,2,3,2,3,3,2,1,1,1,1,2,2,2,4,3,2,2,3,3,3,3,1,1,2,1,1,2,1,6903,gemini,2024,여성,6
2,2,,,,2,3,3,3,3,2,3,3,2,1,2,2,1,2,2,2,4,3,3,2,3,3,3,3,1,1,2,1,1,2,2,6904,gemini,2024,여성,6
3,1,1.0,4.0,2.0,2,3,3,3,4,3,4,3,2,2,2,2,2,3,3,2,4,4,3,3,3,3,3,3,1,1,1,1,1,2,1,6905,gemini,2024,여성,6
2,2,,,,2,3,3,2,3,2,3,3,2,1,2,2,1,2,2,2,3,3,2,2,3,3,3,3,1,1,2,1,1,2,1,6906,gemini,2024,여성,6
2,2,,,,2,3,3,2,3,2,3,3,2,1,1,1,1,2,2,2,4,3,3,2,2,3,3,3,1,1,2,1,1,2,2,6907,gemini,2024,여성,6
2,2,,,,2,2,3,2,3,2,3,2,2,1,1,1,1,2,2,2,3,3,2,2,3,3,3,3,1,1,2,1,1,2,1,6908,gemini,2024,여성,6
2,2,,,,2,3,3,2,3,2,3,3,2,1,2,2,1,2,2,2,4,4,3,3,3,3,3,3,1,1,2,1,1,2,1,6909,gemini,2024,여성,6
2,2,,,,2,3,3,2,3,2,3,3,2,1,2,2,1,2,2,2,3,3,2,2,3,3,3,3,1,1,2,1,1,2,2,6910,gemini,2024,여성,6
2,2,,,,2,3,3,2,3,2,3,3,2,1,2,2,2,2,2,2,3,3,3,3,3,3,3,3,1,1,2,1,1,2,2,6911,gemini,2024,여성,6
2,2,,,,2,3,3,3,3,2,3,2,2,1,2,2,2,2,2,2,3,3,2,2,3,3,3,3,1,1,2,1,1,2,2,6912,gemini,2024,여성,6
2,2,,,,2,3,3,2,3,2,3,3,2,1,2,2,1,2,2,2,3,3,2,2,2,3,3,3,1,1,2,1,1,2,2,6913,gemini,2024,여성,6
3,1,1.0,4.0,2.0,2,3,3,3,3,3,3,3,2,2,2,2,2,2,2,2,4,4,3,3,3,3,3,3,1,1,2,1,1,2,1,6914,gemini,2024,여성,6
3,1,1.0,4.0,2.0,2,3,3,2,4,3,4,3,2,1,2,2,1,2,2,2,4,4,3,3,3,3,3,3,1,1,1,1,1,2,1,6915,gemini,2024,여성,6
2,2,,,,2,3,3,2,3,2,3,3,2,1,2,2,1,2,2,2,4,3,3,3,3,3,3,3,1,1,2,1,1,2,1,6916,gemini,2024,여성,6
3,1,1.0,4.0,2.0,2,3,3,3,4,3,4,3,2,2,2,2,2,3,3,2,4,4,3,3,3,3,4,4,1,1,2,1,1,2,1,6917,gemini,2024,여성,6
2,2,,,,2,3,3,2,3,2,3,2,2,1,2,1,1,2,2,2,3,3,2,2,2,3,3,3,1,1,2,1,1,2,2,6918,gemini,2024,여성,6
3,1,1.0,4.0,2.0,2,3,3,3,4,3,4,3,2,2,2,2,2,3,3,2,4,4,3,3,3,3,3,3,1,1,2,1,1,2,1,6919,gemini,2024,여성,6
2,2,,,,2,3,3,2,3,2,3,3,2,1,2,1,1,2,2,2,4,3,3,3,2,3,3,3,1,1,2,1,1,2,1,6920,gemini,2024,여성,6
2,2,,,,2,3,3,3,3,2,3,2,2,1,1,1,1,2,2,2,4,3,3,3,3,3,3,3,1,1,2,1,1,2,1,6921,gemini,2024,여성,6
2,2,,,,2,3,3,3,3,2,3,3,2,1,1,1,1,2,2,2,3,3,2,2,3,3,3,3,1,1,2,1,1,2,1,6922,gemini,2024,여성,6
2,2,,,,2,3,3,3,3,2,3,3,2,2,2,2,1,2,2,2,4,4,3,3,3,3,3,3,1,1,2,1,1,2,2,6923,gemini,2024,여성,6
2,2,,,,2,3,3,3,3,2,3,3,2,2,2,2,1,2,2,2,4,3,3,3,3,3,3,3,1,1,2,1,1,2,2,6924,gemini,2024,여성,6
2,2,,,,2,3,3,3,3,2,3,3,2,1,2,2,2,3,2,2,3,3,2,2,3,3,3,3,1,1,2,1,1,2,2,6925,gemini,2024,여성,6
2,2,,,,2,3,3,3,3,2,3,3,2,1,2,2,1,2,2,2,3,3,2,2,2,3,3,3,1,1,2,1,1,2,2,6926,gemini,2024,여성,6
2,2,,,,2,3,3,3,3,2,3,3,2,1,2,2,2,2,2,2,3,3,2,2,3,3,3,3,1,1,2,1,1,2,2,6927,gemini,2024,여성,6
2,2,,,,2,3,3,2,3,2,3,2,2,1,2,1,1,2,2,2,4,4,3,3,2,3,3,3,1,1,2,1,1,2,1,6928,gemini,2024,여성,6
2,2,,,,2,3,3,3,3,2,3,3,2,1,2,2,2,2,2,2,3,3,2,2,3,3,3,3,1,1,2,1,1,2,2,6929,gemini,2024,여성,6
2,2,,,,2,3,3,2,3,2,3,2,2,1,1,1,1,2,2,2,3,3,2,2,2,3,3,3,1,1,2,1,1,2,2,6930,gemini,2024,여성,6
2,2,,,,2,3,3,3,3,2,3,3,2,1,2,2,2,2,2,2,4,4,3,3,3,3,3,3,1,1,2,1,1,2,2,6931,gemini,2024,여성,6
2,2,,,,2,3,3,3,3,2,3,3,2,2,2,2,1,2,2,2,4,3,3,3,3,3,3,3,1,1,2,1,1,2,2,6932,gemini,2024,여성,6
2,2,,,,2,3,3,2,3,2,3,2,2,1,1,1,1,2,2,2,4,3,3,2,2,3,3,3,1,1,2,1,1,2,1,6933,gemini,2024,여성,6
2,2,,,,2,3,3,3,3,2,3,2,2,1,1,1,1,2,2,2,3,3,2,2,3,3,3,3,1,1,2,1,1,2,1,6934,gemini,2024,여성,6
2,2,,,,2,3,3,2,3,2,3,2,2,1,2,1,1,2,2,2,3,3,2,2,3,3,3,3,1,1,2,1,1,2,2,6935,gemini,2024,여성,6
2,2,,,,2,3,3,3,3,2,3,2,2,1,1,1,1,2,2,2,3,3,2,2,3,3,3,3,1,1,2,1,1,2,2,6936,gemini,2024,여성,6
2,2,,,,2,3,3,2,3,2,3,2,2,1,2,1,1,2,2,2,3,3,2,2,3,3,3,3,1,1,2,1,1,2,2,6937,gemini,2024,여성,6
2,2,,,,2,3,3,2,3,2,3,3,2,1,2,2,1,2,2,2,3,3,2,2,3,3,3,3,1,1,2,1,1,2,2,6938,gemini,2024,여성,6
2,2,,,,2,3,3,3,3,2,3,3,2,2,2,2,2,2,2,2,3,3,3,2,3,3,3,3,1,1,2,1,1,2,1,6939,gemini,2024,여성,6
2,2,,,,2,3,3,3,3,2,3,3,2,2,2,2,2,2,2,2,3,3,2,2,3,3,3,3,1,1,2,1,1,2,1,6940,gemini,2024,여성,6
3,1,1.0,4.0,2.0,2,3,3,3,3,2,3,3,2,2,2,2,1,2,2,2,4,4,3,3,3,3,3,3,1,1,1,1,1,2,1,6941,gemini,2024,여성,6
2,2,,,,2,3,3,2,3,2,3,3,2,1,2,2,1,2,2,2,3,3,2,2,2,3,3,3,1,1,2,1,1,2,1,6942,gemini,2024,여성,6
2,2,,,,2,3,3,2,3,2,3,3,2,1,2,2,2,2,2,2,4,4,3,3,3,3,3,3,1,1,2,1,1,2,2,6943,gemini,2024,여성,6
2,2,,,,2,3,3,3,3,2,3,3,2,1,2,2,2,2,2,2,4,4,3,3,3,3,3,3,1,1,2,1,1,2,2,6944,gemini,2024,여성,6
2,2,,,,2,3,3,3,3,3,3,3,2,2,2,2,2,3,3,2,4,4,3,3,3,3,3,3,1,1,2,1,1,2,2,6945,gemini,2024,여성,6
2,2,,,,2,3,3,2,3,2,3,3,2,1,2,2,1,2,2,2,3,3,2,2,3,3,3,3,1,1,2,1,1,2,1,6946,gemini,2024,여성,6
2,2,,,,2,3,3,3,3,2,3,3,2,2,2,2,1,2,2,2,4,3,2,2,3,3,3,3,1,1,2,1,1,2,2,6947,gemini,2024,여성,6
2,2,,,,2,3,3,3,3,2,3,2,2,1,2,2,2,2,2,2,3,3,2,2,3,3,3,3,1,1,2,1,1,2,2,6948,gemini,2024,여성,6
2,2,,,,2,3,3,2,3,2,3,3,2,1,1,1,1,2,2,2,3,3,2,2,2,3,3,3,1,1,2,1,1,2,2,6949,gemini,2024,여성,6
2,2,,,,2,3,3,2,3,2,3,3,2,1,2,2,1,2,2,2,3,3,2,2,3,3,3,3,1,1,2,1,1,2,2,6950,gemini,2024,여성,6
2,2,,,,2,3,3,3,3,2,3,3,2,2,2,2,1,2,2,2,3,3,2,2,3,3,3,3,1,1,2,1,1,2,2,6951,gemini,2024,여성,6
2,2,,,,2,3,3,2,3,2,3,3,2,1,2,2,2,2,2,2,3,3,2,2,3,3,3,3,1,1,2,1,1,2,2,6952,gemini,2024,여성,6
2,2,,,,2,3,3,3,3,2,3,3,2,1,2,2,1,2,2,2,3,3,3,2,3,3,3,3,1,1,2,1,1,2,2,6953,gemini,2024,여성,6
2,2,,,,2,3,3,3,3,2,3,3,2,2,2,2,1,2,2,2,4,4,3,3,3,3,3,3,1,1,2,1,1,2,2,6954,gemini,2024,여성,6
2,2,,,,2,3,3,2,3,2,3,2,2,1,1,1,1,2,2,2,3,3,3,2,2,3,3,3,1,1,2,1,1,2,2,6955,gemini,2024,여성,6
2,2,,,,2,3,3,3,3,2,3,3,2,1,2,2,1,2,2,2,4,3,3,3,3,3,3,3,1,1,2,1,1,2,2,6956,gemini,2024,여성,6
2,2,,,,2,3,3,2,3,2,3,3,2,1,2,1,1,2,2,2,3,3,2,2,3,3,3,3,1,1,2,1,1,2,1,6957,gemini,2024,여성,6
2,2,,,,2,3,3,2,3,2,3,2,2,1,2,1,1,2,2,2,3,3,2,2,2,3,3,3,1,1,2,1,1,2,2,6958,gemini,2024,여성,6
2,2,,,,2,3,3,2,3,2,3,3,2,1,2,2,2,2,2,2,4,4,3,3,3,3,3,3,1,1,2,1,1,2,2,6959,gemini,2024,여성,6
2,2,,,,2,3,3,2,3,2,3,2,2,1,2,2,1,2,2,2,3,3,2,2,3,3,3,3,1,1,2,1,1,2,2,6960,gemini,2024,여성,6
2,2,,,,2,3,3,3,3,2,3,2,2,1,1,1,1,2,2,2,3,3,2,2,2,3,3,3,1,1,2,1,1,2,2,6961,gemini,2024,여성,6
2,2,,,,2,3,3,2,3,2,3,3,2,1,2,2,1,2,2,2,3,3,2,2,3,3,3,3,1,1,1,1,1,2,1,6962,gemini,2024,여성,6
2,2,,,,2,3,3,3,3,2,3,2,2,1,2,1,1,2,2,2,3,3,2,2,3,3,3,3,1,1,2,1,1,2,2,6963,gemini,2024,여성,6
2,2,,,,2,3,3,3,3,2,3,3,2,1,2,2,2,3,2,2,3,3,2,2,3,3,3,3,1,1,2,1,1,2,2,6964,gemini,2024,여성,6
2,2,,,,2,3,3,3,3,2,3,3,2,1,2,2,2,2,2,2,3,3,3,2,3,3,3,3,1,1,2,1,1,2,1,6965,gemini,2024,여성,6
2,2,,,,2,3,3,3,3,2,3,3,2,1,1,1,1,2,2,2,3,3,2,2,3,3,3,3,1,1,2,1,1,2,1,6966,gemini,2024,여성,6
2,2,,,,2,3,3,2,3,2,3,3,2,1,2,2,1,2,2,2,4,4,3,3,3,3,3,3,1,1,2,1,1,2,1,6967,gemini,2024,여성,6
2,2,,,,2,3,3,2,3,2,3,2,2,1,2,1,1,2,1,1,3,3,2,2,2,3,3,3,1,1,2,2,1,2,2,6968,gemini,2024,여성,7
2,2,,,,2,2,3,2,3,2,3,2,2,1,2,1,1,2,2,2,3,3,2,2,3,3,4,3,1,1,2,1,1,2,2,6969,gemini,2024,여성,7
2,2,,,,2,3,3,2,3,2,3,2,2,1,2,1,1,2,2,2,3,3,2,2,2,2,3,3,1,1,2,2,1,2,2,6970,gemini,2024,여성,7
2,2,,,,2,2,3,2,3,2,3,2,2,1,2,1,1,2,2,2,3,3,2,2,3,3,4,3,1,1,2,1,1,2,2,6971,gemini,2024,여성,7
2,2,,,,2,2,3,2,3,2,3,2,1,1,1,1,1,1,1,1,3,3,2,2,2,2,3,2,1,1,2,2,1,2,2,6972,gemini,2024,여성,7
2,2,,,,2,2,3,2,3,2,3,3,2,1,1,1,1,2,2,1,3,3,2,2,2,3,3,3,1,1,2,2,1,2,2,6973,gemini,2024,여성,7
2,2,,,,2,3,3,2,3,2,3,3,2,1,1,2,1,2,2,2,3,3,2,2,2,3,3,3,1,1,2,1,1,2,2,6974,gemini,2024,여성,7
2,2,,,,2,3,3,2,3,2,3,2,2,1,2,1,1,2,2,2,3,3,2,2,3,3,4,3,1,1,2,2,1,2,2,6975,gemini,2024,여성,7
2,2,,,,2,2,3,2,3,2,3,2,2,1,2,1,1,2,1,1,3,3,2,2,2,3,3,2,1,1,2,2,1,2,2,6976,gemini,2024,여성,7
2,2,,,,2,3,3,2,3,2,3,2,1,1,1,1,1,2,2,1,3,3,2,2,2,3,4,3,1,1,2,1,1,2,2,6977,gemini,2024,여성,7
2,2,,,,2,3,3,2,3,2,3,3,2,1,2,1,1,2,2,2,3,3,2,2,3,3,4,3,1,1,2,1,1,2,2,6978,gemini,2024,여성,7
2,2,,,,2,2,3,2,3,2,3,3,2,1,2,2,1,2,1,2,3,3,2,2,3,3,4,3,1,1,2,2,1,2,2,6979,gemini,2024,여성,7
2,2,,,,2,3,3,2,3,2,3,2,2,1,1,1,1,2,2,2,3,3,2,2,2,3,3,3,1,1,2,2,1,2,2,6980,gemini,2024,여성,7
2,2,,,,2,2,3,2,3,2,3,3,2,1,2,2,1,2,2,2,3,3,2,2,3,3,4,3,1,1,1,1,1,2,2,6981,gemini,2024,여성,7
2,2,,,,2,3,3,2,3,2,3,3,2,1,2,2,1,2,2,2,3,3,2,2,2,3,3,3,1,1,2,1,1,2,2,6982,gemini,2024,여성,7
2,2,,,,2,3,3,2,3,2,3,3,2,1,2,2,1,2,2,2,3,3,2,2,3,3,4,3,1,1,2,1,1,2,2,6983,gemini,2024,여성,7
2,2,,,,2,3,3,2,3,2,3,2,2,1,2,1,1,2,2,2,3,3,2,2,3,3,4,3,1,1,2,1,1,2,2,6984,gemini,2024,여성,7
2,2,,,,2,2,3,2,3,2,3,3,2,1,2,2,1,2,2,2,3,3,2,2,3,3,3,3,1,1,2,2,1,2,2,6985,gemini,2024,여성,7
2,2,,,,2,2,3,2,3,2,3,3,2,1,2,2,1,2,2,2,3,3,2,2,2,3,3,3,2,1,2,2,1,2,2,6986,gemini,2024,여성,7
2,2,,,,2,3,3,2,3,2,3,2,2,1,2,1,1,2,1,1,3,3,2,2,2,3,4,3,2,1,2,2,1,2,2,6987,gemini,2024,여성,7
2,2,,,,2,2,3,2,3,2,3,3,2,1,2,2,1,2,2,2,3,3,2,2,3,3,4,3,1,1,2,1,1,2,2,6988,gemini,2024,여성,7
2,2,,,,2,3,3,2,3,2,3,2,2,1,2,1,1,2,2,2,3,3,2,2,2,3,3,3,1,1,2,1,1,2,2,6989,gemini,2024,여성,7
2,2,,,,2,3,3,2,3,2,3,2,2,1,1,1,1,2,1,1,3,3,2,2,2,3,3,3,1,1,2,2,1,2,2,6990,gemini,2024,여성,7
2,2,,,,2,3,3,2,3,2,3,2,2,1,2,1,1,2,2,2,3,3,2,2,3,3,4,3,1,1,2,1,1,2,2,6991,gemini,2024,여성,7
2,2,,,,2,3,3,2,3,2,3,2,2,1,2,1,1,2,1,2,3,3,2,2,3,3,4,3,1,1,2,1,1,2,2,6992,gemini,2024,여성,7
2,2,,,,2,3,3,2,3,2,3,2,2,1,2,1,1,2,1,2,3,3,2,2,3,3,4,3,1,1,2,2,1,2,2,6993,gemini,2024,여성,7
2,2,,,,2,3,3,2,3,2,3,3,2,1,2,2,1,2,2,2,3,3,2,2,3,3,3,3,1,1,2,2,1,2,2,6994,gemini,2024,여성,7
2,2,,,,2,3,3,2,3,2,3,2,1,1,1,1,1,1,1,1,3,3,2,2,2,3,3,2,1,1,2,2,1,2,2,6995,gemini,2024,여성,7
2,2,,,,2,2,2,2,3,2,3,2,2,1,1,1,1,1,1,1,3,3,2,2,2,2,3,2,1,1,2,2,1,2,2,6996,gemini,2024,여성,7
2,2,,,,2,3,3,2,3,2,3,2,2,1,2,2,1,2,2,2,3,3,2,2,2,3,3,2,1,1,2,1,1,2,2,6997,gemini,2024,여성,7
2,2,,,,2,3,3,2,3,2,3,2,2,1,2,1,1,2,2,2,3,3,2,2,3,3,4,3,1,1,2,2,1,2,2,6998,gemini,2024,여성,7
2,2,,,,2,3,3,2,3,2,3,2,2,1,2,1,1,2,2,2,3,3,2,2,3,3,4,3,1,1,2,2,1,2,2,6999,gemini,2024,여성,7
2,2,,,,2,2,3,2,3,2,3,3,2,1,2,2,1,2,2,2,3,3,2,2,3,3,4,3,1,1,2,2,1,2,2,7000,gemini,2024,여성,7
2,2,,,,2,3,3,2,3,2,3,2,2,1,2,1,2,2,2,2,3,3,2,2,3,2,3,3,1,1,2,1,1,2,2,7001,gemini,2024,여성,7
2,2,,,,2,3,3,2,3,2,3,2,2,1,1,2,1,2,2,2,3,3,2,2,2,3,3,3,2,1,2,1,1,2,2,7002,gemini,2024,여성,7
2,2,,,,2,3,3,2,3,2,3,2,2,1,2,1,1,2,2,2,3,3,2,2,3,3,4,3,1,1,2,2,1,2,2,7003,gemini,2024,여성,7
2,2,,,,2,3,3,2,3,2,3,3,2,1,2,1,1,2,2,2,3,3,2,2,3,3,4,3,1,1,2,2,1,2,2,7004,gemini,2024,여성,7
2,2,,,,2,3,3,2,3,2,3,3,2,1,2,2,1,2,2,2,3,3,2,2,2,3,3,3,1,1,2,2,1,2,2,7005,gemini,2024,여성,7
2,2,,,,2,2,3,2,3,2,3,3,2,1,1,1,1,2,2,2,3,3,2,2,2,3,3,3,1,1,2,2,1,2,2,7006,gemini,2024,여성,7
2,2,,,,2,2,3,2,3,2,3,3,2,1,2,2,1,2,2,2,3,3,2,2,2,3,3,3,1,1,2,2,1,2,2,7007,gemini,2024,여성,7
2,2,,,,2,3,3,2,3,2,3,3,2,1,2,2,1,2,2,2,3,3,2,2,2,3,3,3,1,1,2,1,1,2,2,7008,gemini,2024,여성,7
2,2,,,,2,2,3,2,3,2,3,2,2,1,2,1,1,2,1,1,3,3,2,2,2,3,3,2,1,1,2,2,1,2,2,7009,gemini,2024,여성,7
2,2,,,,2,3,3,2,3,2,3,2,1,1,1,1,1,1,1,1,3,3,2,2,2,3,3,3,1,1,2,2,1,2,2,7010,gemini,2024,여성,7
2,2,,,,2,3,3,2,3,2,3,2,2,1,2,1,1,2,2,2,3,3,2,2,3,3,4,3,1,1,2,2,1,2,2,7011,gemini,2024,여성,7
2,2,,,,2,3,2,2,3,2,3,3,2,1,2,2,1,2,2,2,3,3,2,2,3,3,3,3,1,1,1,1,1,2,1,7012,gemini,2024,여성,7
2,2,,,,2,2,3,2,3,2,3,2,1,1,1,1,1,1,1,1,3,3,2,2,2,2,3,3,1,1,2,1,1,2,2,7013,gemini,2024,여성,7
2,2,,,,2,2,3,2,3,2,3,2,2,1,1,1,1,2,2,2,3,3,2,2,3,3,4,3,2,1,2,2,1,2,2,7014,gemini,2024,여성,7
2,2,,,,2,3,3,2,3,2,3,2,2,1,2,1,1,2,2,2,3,3,2,2,3,3,4,3,1,1,2,1,1,2,2,7015,gemini,2024,여성,7
2,2,,,,2,3,3,2,3,2,3,3,2,1,2,2,1,2,2,2,3,3,2,2,3,3,4,3,1,1,2,1,1,2,2,7016,gemini,2024,여성,7
2,2,,,,2,2,3,2,3,2,3,2,2,1,2,1,1,2,2,2,3,3,2,2,3,3,4,3,1,1,2,2,1,2,2,7017,gemini,2024,여성,7
2,2,,,,2,2,2,2,3,2,3,2,2,1,2,1,1,2,1,1,3,3,2,2,2,3,3,2,2,1,2,2,1,2,2,7018,gemini,2024,여성,7
2,2,,,,2,2,3,2,3,2,3,2,2,1,1,1,1,2,2,2,3,3,2,2,2,3,3,2,1,1,2,2,1,2,2,7019,gemini,2024,여성,7
2,2,,,,2,2,3,2,3,2,3,2,2,1,1,1,1,2,2,2,3,3,2,2,2,3,4,3,1,1,2,1,1,2,2,7020,gemini,2024,여성,7
2,2,,,,2,3,3,2,3,2,3,2,1,1,1,1,1,1,1,1,3,3,2,2,2,3,3,2,1,1,2,2,1,2,2,7021,gemini,2024,여성,7
2,2,,,,2,3,3,2,3,2,3,3,2,1,2,2,1,2,2,2,3,3,2,2,3,3,4,3,1,1,2,1,1,2,2,7022,gemini,2024,여성,7
2,2,,,,2,3,3,2,3,2,3,2,2,1,2,1,1,2,2,2,3,3,2,2,3,3,4,3,2,1,2,1,1,2,2,7023,gemini,2024,여성,7
2,2,,,,2,3,3,2,3,2,3,3,2,1,2,1,1,2,2,2,4,3,2,2,2,3,3,3,1,1,2,2,1,2,2,7024,gemini,2024,여성,7
2,2,,,,2,3,3,2,3,2,3,3,2,1,1,1,1,2,1,1,3,3,2,2,2,3,3,2,1,1,2,1,1,2,2,7025,gemini,2024,여성,7
2,2,,,,2,3,3,2,3,2,3,3,2,1,2,2,1,2,2,2,3,3,2,2,3,3,4,3,1,1,2,2,1,2,2,7026,gemini,2024,여성,7
2,2,,,,2,3,3,2,3,2,3,2,2,1,1,1,1,2,2,2,3,3,2,2,2,3,3,3,1,1,2,1,1,2,2,7027,gemini,2024,여성,7
2,2,,,,2,2,3,2,3,2,3,2,2,1,2,1,1,2,1,2,3,3,2,2,3,3,4,3,1,1,2,2,1,2,2,7028,gemini,2024,여성,7
2,2,,,,2,2,3,2,3,2,3,2,2,1,2,1,1,2,1,1,3,3,2,2,3,3,3,3,1,1,2,1,1,2,2,7029,gemini,2024,여성,7
2,2,,,,2,3,3,2,3,2,3,2,1,1,1,1,1,2,2,2,3,3,2,2,2,3,3,3,1,1,2,2,1,2,2,7030,gemini,2024,여성,7
2,2,,,,2,3,3,2,3,2,3,3,2,1,2,1,1,2,2,2,3,3,2,2,3,3,4,3,1,1,2,2,1,2,2,7031,gemini,2024,여성,7
2,2,,,,2,3,3,2,3,2,3,3,2,1,1,1,1,2,2,2,3,3,2,2,2,3,3,3,1,1,2,1,1,2,2,7032,gemini,2024,여성,7
2,2,,,,2,3,3,2,3,2,3,3,2,1,2,1,1,2,2,2,3,3,2,2,2,3,4,3,1,1,2,1,1,2,2,7033,gemini,2024,여성,7
2,2,,,,2,3,3,2,3,2,3,2,2,2,2,2,1,2,2,2,3,3,2,2,2,3,4,3,1,1,2,1,1,2,2,7034,gemini,2024,여성,7
2,2,,,,2,3,3,2,3,2,3,2,2,1,2,1,1,2,1,1,3,3,2,2,2,3,3,3,1,1,2,2,1,2,2,7035,gemini,2024,여성,7
2,2,,,,2,3,3,2,3,2,3,2,2,1,2,2,2,2,2,2,3,3,2,2,2,3,3,3,1,1,2,1,1,2,2,7036,gemini,2024,여성,7
2,2,,,,2,3,3,2,3,2,3,3,2,1,2,1,1,2,2,2,3,3,2,2,2,3,4,3,1,1,2,1,1,2,2,7037,gemini,2024,여성,7
2,2,,,,2,3,3,2,3,2,3,2,2,1,2,1,1,2,2,2,3,3,2,2,3,3,4,3,1,1,2,2,1,2,2,7038,gemini,2024,여성,7
2,2,,,,2,2,3,2,3,2,3,3,2,1,1,1,1,2,2,2,3,3,2,2,3,3,4,3,1,1,2,1,1,2,2,7039,gemini,2024,여성,7
2,2,,,,2,3,3,2,3,2,3,2,2,1,2,1,1,2,1,1,3,3,2,2,2,3,3,3,1,1,2,2,1,2,2,7040,gemini,2024,여성,7
2,2,,,,2,2,3,2,3,2,3,3,1,1,1,2,1,2,1,1,3,3,2,2,2,3,3,2,2,1,2,2,1,2,2,7041,gemini,2024,여성,7
2,2,,,,2,2,3,2,3,2,3,2,2,1,2,1,1,2,2,2,3,3,2,2,2,3,4,3,1,1,2,1,1,2,2,7042,gemini,2024,여성,7
2,2,,,,2,3,3,3,3,3,3,3,2,2,2,2,1,2,2,2,4,3,2,2,3,2,4,3,2,1,2,2,1,2,2,7043,gemini,2024,여성,7
2,2,,,,2,3,3,2,3,2,3,2,2,1,2,2,1,2,2,2,3,3,2,2,3,3,3,3,1,1,2,1,1,2,2,7044,gemini,2024,여성,7
2,2,,,,2,3,3,2,3,2,3,2,2,1,2,1,1,2,2,2,3,3,2,2,3,3,4,3,1,1,2,2,1,2,2,7045,gemini,2024,여성,7
2,2,,,,2,3,3,2,3,2,3,2,2,1,2,1,1,2,2,2,3,3,2,2,3,3,4,3,1,1,2,1,1,2,2,7046,gemini,2024,여성,7
2,2,,,,2,2,3,2,3,2,3,3,2,1,2,2,1,2,2,2,3,3,2,2,3,3,3,3,1,1,2,1,1,2,2,7047,gemini,2024,여성,7
2,2,,,,2,2,3,2,3,2,3,3,2,1,1,1,1,2,2,2,3,3,2,2,3,3,3,3,1,1,2,1,1,2,2,7048,gemini,2024,여성,7
2,2,,,,2,3,3,2,3,2,3,2,2,1,2,1,1,2,1,1,3,3,2,2,2,3,4,3,1,1,2,1,1,2,2,7049,gemini,2024,여성,7
2,2,,,,2,2,3,2,3,2,3,2,1,1,1,1,1,1,1,1,3,3,2,2,2,3,3,3,1,1,2,2,1,2,2,7050,gemini,2024,여성,7
2,2,,,,2,3,3,2,3,2,3,2,2,1,2,2,1,2,1,1,3,3,2,2,3,3,4,3,1,1,2,2,1,2,2,7051,gemini,2024,여성,7
2,2,,,,2,2,3,2,3,2,3,3,2,2,2,2,2,2,2,2,3,3,2,2,2,3,3,3,1,1,2,1,1,2,2,7052,gemini,2024,여성,7
2,2,,,,2,3,3,2,3,2,3,3,2,1,2,2,1,2,2,2,3,3,2,2,3,3,2,3,2,1,2,2,1,2,2,7053,gemini,2024,여성,7
2,2,,,,2,3,3,2,3,2,3,2,2,1,2,1,1,2,2,2,3,3,2,2,3,3,4,3,1,1,2,1,1,2,2,7054,gemini,2024,여성,7
2,2,,,,2,3,3,2,3,2,3,3,2,1,2,2,1,2,2,2,3,3,2,2,2,3,3,2,1,1,2,2,1,2,2,7055,gemini,2024,여성,7
2,2,,,,2,2,3,2,3,2,3,2,1,1,1,1,1,1,1,1,3,3,2,2,2,3,4,3,1,1,2,2,1,2,2,7056,gemini,2024,여성,7
2,2,,,,2,3,3,2,3,2,3,2,2,1,2,1,1,2,1,1,3,3,2,2,2,3,3,3,1,1,2,2,1,2,2,7057,gemini,2024,여성,7
2,2,,,,2,2,3,2,3,2,3,2,2,1,2,1,1,2,1,2,3,3,2,2,3,3,4,3,1,1,2,2,1,2,2,7058,gemini,2024,여성,7
2,2,,,,1,2,2,2,3,2,3,2,1,1,1,1,1,1,1,1,3,3,2,2,2,2,3,2,1,1,2,1,1,2,2,7059,gemini,2024,여성,7
2,2,,,,2,2,3,2,3,2,3,3,2,1,2,2,1,2,2,2,3,3,2,2,2,3,3,3,1,1,2,2,1,2,2,7060,gemini,2024,여성,7
2,2,,,,2,3,3,2,3,2,3,3,2,1,2,1,1,2,2,2,4,3,2,2,2,3,3,3,1,1,2,1,1,2,2,7061,gemini,2024,여성,7
2,2,,,,2,3,3,2,3,2,3,3,2,1,2,2,1,2,2,2,3,3,2,2,3,3,4,3,1,1,2,1,1,2,2,7062,gemini,2024,여성,7
2,2,,,,2,3,3,2,3,2,3,2,2,1,2,1,1,2,1,1,3,3,2,2,3,3,4,3,1,1,2,1,1,2,2,7063,gemini,2024,여성,7
2,2,,,,2,2,3,2,3,2,3,2,1,1,1,1,1,1,1,1,3,3,2,2,2,3,3,3,1,1,2,1,1,2,2,7064,gemini,2024,여성,7
2,2,,,,2,3,3,2,3,2,3,3,2,1,2,1,1,2,2,2,3,3,2,2,3,2,3,3,1,1,2,1,1,2,2,7065,gemini,2024,여성,7
2,2,,,,2,3,3,2,3,2,3,2,2,1,2,1,1,2,1,2,3,3,2,2,3,3,4,3,1,1,2,2,1,2,2,7066,gemini,2024,여성,7
2,2,,,,2,3,3,2,3,2,3,3,2,1,2,2,1,2,2,2,4,3,2,2,3,3,4,3,1,1,2,2,1,2,1,7067,gemini,2024,여성,7
2,2,,,,2,3,3,2,3,2,3,3,2,2,2,2,1,2,2,2,3,3,2,2,2,3,3,3,2,1,2,2,1,2,2,7068,gemini,2024,여성,7
2,2,,,,2,3,3,2,3,2,3,2,1,1,1,1,1,1,1,1,3,3,2,2,2,3,3,2,2,1,2,2,1,2,2,7069,gemini,2024,여성,7
2,2,,,,2,3,3,2,3,2,3,3,2,1,1,1,1,1,1,1,3,3,2,2,2,2,3,2,1,1,2,2,1,2,2,7070,gemini,2024,여성,7
2,2,,,,2,3,3,2,3,3,3,3,2,2,2,2,2,2,2,2,3,3,2,2,3,3,4,3,1,1,2,1,1,2,1,7071,gemini,2024,여성,7
2,2,,,,2,3,3,2,3,2,3,2,2,1,2,2,1,2,2,2,3,3,2,2,2,3,3,3,1,1,2,2,1,2,2,7072,gemini,2024,여성,7
2,2,,,,2,3,3,2,3,2,3,3,2,1,2,2,1,2,2,2,3,3,2,2,2,3,3,3,1,1,2,2,1,2,2,7073,gemini,2024,여성,7
2,2,,,,2,3,3,2,3,2,3,2,2,1,1,1,1,2,2,2,3,3,2,2,2,3,3,3,1,1,2,2,1,2,2,7074,gemini,2024,여성,7
2,2,,,,2,3,3,2,3,2,3,3,2,1,2,2,1,2,2,2,3,3,2,2,3,3,4,3,1,1,2,1,1,2,2,7075,gemini,2024,여성,7
2,2,,,,2,3,3,2,3,2,3,2,2,1,1,1,1,2,2,2,3,3,2,2,2,3,4,3,1,1,2,1,1,2,2,7076,gemini,2024,여성,7
2,2,,,,2,3,3,2,3,2,3,2,2,1,1,1,1,2,2,2,3,3,2,2,2,2,3,3,1,1,2,2,1,2,2,7077,gemini,2024,여성,7
2,2,,,,2,3,3,2,3,2,3,3,2,1,2,2,1,2,2,2,3,3,2,2,2,3,3,3,1,1,2,2,1,2,2,7078,gemini,2024,여성,7
2,2,,,,2,3,3,2,3,2,3,3,2,1,2,2,1,2,2,2,3,3,2,2,3,3,4,3,1,1,2,1,1,2,2,7079,gemini,2024,여성,7
2,2,,,,2,3,3,2,3,2,3,2,1,1,1,1,1,1,1,1,3,3,2,2,2,3,3,2,2,1,2,2,1,2,2,7080,gemini,2024,여성,7
2,2,,,,2,3,3,2,3,2,3,3,2,1,1,2,1,2,2,2,3,3,2,2,2,3,4,3,1,1,2,2,1,2,2,7081,gemini,2024,여성,7
2,2,,,,2,3,3,2,3,2,3,2,2,1,2,1,1,2,2,2,3,3,2,2,2,3,4,3,1,1,2,1,1,2,2,7082,gemini,2024,여성,7
2,2,,,,2,3,3,2,3,2,3,2,2,1,2,1,1,2,2,2,3,3,2,2,3,3,4,3,1,1,2,2,1,2,2,7083,gemini,2024,여성,7
2,2,,,,2,3,3,2,3,2,3,2,2,1,2,1,1,2,1,1,3,3,2,2,3,3,4,3,1,1,2,2,1,2,2,7084,gemini,2024,여성,7
2,2,,,,2,3,3,2,3,2,3,2,2,1,2,1,1,2,2,2,3,3,2,2,3,3,4,3,1,1,2,1,1,2,2,7085,gemini,2024,여성,7
2,2,,,,2,2,3,2,3,2,3,2,1,1,1,1,1,1,1,1,3,3,2,2,2,2,2,2,1,1,2,2,1,2,2,7086,gemini,2024,여성,7
2,2,,,,2,2,2,2,3,2,3,2,2,1,2,1,1,2,2,2,3,3,2,2,2,3,3,3,1,1,2,1,1,2,2,7087,gemini,2024,여성,7
2,2,,,,2,2,3,2,3,2,3,2,2,1,2,1,1,2,2,2,3,3,2,2,2,3,3,3,1,1,2,2,1,2,2,7088,gemini,2024,여성,7
2,2,,,,2,2,3,2,3,3,3,3,2,1,2,2,1,2,2,2,3,3,2,2,3,3,4,3,1,1,2,2,1,2,2,7089,gemini,2024,여성,7
2,2,,,,2,3,3,2,3,2,3,2,2,1,2,2,1,2,2,2,3,3,2,2,2,3,3,3,1,1,2,2,1,2,2,7090,gemini,2024,여성,7
2,2,,,,2,3,3,2,3,2,3,2,2,1,2,1,1,2,1,2,3,3,2,2,2,3,3,3,1,1,2,2,1,2,2,7091,gemini,2024,여성,7
2,2,,,,2,2,3,2,3,2,3,3,2,1,2,2,1,2,2,2,3,3,2,2,2,3,3,3,2,1,2,2,1,2,2,7092,gemini,2024,여성,7
2,2,,,,2,2,3,2,3,2,3,2,2,2,2,2,1,2,2,2,3,3,2,2,3,3,4,3,1,1,2,1,1,2,1,7093,gemini,2024,여성,7
2,2,,,,2,2,2,2,3,2,3,2,2,1,2,1,1,2,1,1,3,3,2,2,2,2,3,2,1,1,2,2,1,2,2,7094,gemini,2024,여성,7
2,2,,,,2,3,3,2,3,2,3,2,2,1,1,1,1,2,2,2,3,3,2,2,2,3,3,3,1,1,2,2,1,2,2,7095,gemini,2024,여성,7
2,2,,,,2,2,2,2,3,2,3,2,1,1,1,1,1,2,1,1,3,3,2,2,2,3,3,2,1,1,2,2,1,2,2,7096,gemini,2024,여성,7
2,2,,,,2,3,3,2,3,2,3,2,2,1,2,1,1,2,1,2,3,3,2,2,3,3,4,3,1,1,2,1,1,2,2,7097,gemini,2024,여성,7
2,2,,,,2,2,2,2,3,2,3,2,2,1,2,1,1,2,1,1,3,3,2,2,2,3,3,2,2,1,2,2,1,2,2,7098,gemini,2024,여성,7
2,2,,,,2,3,3,2,3,2,3,2,2,1,2,1,1,2,2,2,3,3,2,2,3,3,4,3,1,1,2,1,1,2,2,7099,gemini,2024,여성,7
2,2,,,,2,3,3,2,3,2,3,2,2,1,2,1,1,2,1,1,3,3,2,2,2,3,4,3,1,1,2,1,1,2,2,7100,gemini,2024,여성,7
2,2,,,,1,2,2,2,3,2,3,2,1,1,1,1,1,1,1,1,3,3,2,2,2,2,3,2,1,1,2,2,1,2,2,7101,gemini,2024,여성,7
2,2,,,,2,2,3,2,3,2,3,2,2,1,2,1,1,2,1,1,3,3,2,2,3,3,4,3,1,1,2,1,1,2,2,7102,gemini,2024,여성,7
2,2,,,,2,3,3,2,3,2,3,3,2,2,2,2,2,2,2,2,3,3,2,2,3,3,4,3,2,1,1,1,1,2,2,7103,gemini,2024,여성,7
2,2,,,,2,3,3,2,3,2,3,2,2,1,2,1,1,2,2,1,3,3,2,2,2,3,3,2,1,1,2,2,1,2,2,7104,gemini,2024,여성,7
2,2,,,,2,2,3,2,3,2,3,3,2,1,1,1,1,2,2,2,3,3,2,2,2,3,3,3,2,1,2,2,1,2,2,7105,gemini,2024,여성,7
2,2,,,,2,3,3,2,3,2,3,2,2,1,1,1,1,2,2,2,3,3,2,2,2,2,3,3,1,1,2,1,1,2,2,7106,gemini,2024,여성,7
2,2,,,,2,3,3,2,3,2,3,2,2,1,2,1,1,2,2,2,3,3,2,2,2,3,3,3,1,1,2,2,1,2,2,7107,gemini,2024,여성,7
2,2,,,,2,2,3,2,3,2,3,3,2,1,1,1,1,2,2,2,3,3,2,2,2,3,3,3,1,1,2,1,1,2,2,7108,gemini,2024,여성,7
2,2,,,,2,3,3,2,3,2,3,3,2,1,2,2,1,2,2,2,4,3,2,2,2,3,3,3,1,1,2,2,1,2,2,7109,gemini,2024,여성,7
2,2,,,,2,3,3,2,3,2,3,3,2,1,2,2,1,2,2,2,3,3,2,2,3,3,4,3,1,1,2,1,1,2,2,7110,gemini,2024,여성,7
2,2,,,,2,2,3,2,3,2,3,2,2,1,2,1,1,2,2,2,3,3,2,2,2,3,3,3,1,1,2,1,1,2,2,7111,gemini,2024,여성,7
2,2,,,,2,2,3,2,3,2,3,2,2,1,2,1,1,2,1,1,3,3,2,2,2,3,3,2,1,1,2,2,1,2,2,7112,gemini,2024,여성,7
2,2,,,,2,3,3,2,3,2,3,3,2,1,2,1,1,2,2,2,3,3,2,2,2,3,4,3,1,1,2,2,1,2,2,7113,gemini,2024,여성,7
2,2,,,,2,3,3,2,3,2,3,3,2,1,2,2,1,2,2,2,3,3,2,2,3,3,4,3,1,1,2,2,1,2,2,7114,gemini,2024,여성,7
2,2,,,,2,3,3,2,3,2,3,2,1,1,1,1,1,1,1,1,3,3,2,2,2,3,3,2,1,1,2,1,1,2,2,7115,gemini,2024,여성,7
2,2,,,,2,3,3,2,3,2,3,2,2,1,2,1,1,2,2,2,3,3,2,2,3,3,4,3,1,1,2,1,1,2,2,7116,gemini,2024,여성,7
2,2,,,,2,3,3,2,3,2,3,3,2,1,2,2,1,2,2,2,3,3,2,2,3,3,3,3,1,1,2,1,1,2,2,7117,gemini,2024,여성,7
2,2,,,,2,2,3,2,3,2,3,2,2,1,2,1,1,2,1,1,3,3,2,2,2,3,3,2,1,1,2,2,1,2,2,7118,gemini,2024,여성,7
2,2,,,,2,3,3,2,3,2,3,2,1,1,1,1,1,1,1,1,3,3,2,2,2,3,3,2,1,1,2,1,1,2,2,7119,gemini,2024,여성,7
2,2,,,,2,3,3,2,3,2,3,2,1,1,1,1,1,1,1,1,3,3,2,2,2,2,3,2,1,1,2,2,1,2,2,7120,gemini,2024,여성,7
2,2,,,,2,2,3,2,3,3,3,3,2,1,1,2,1,2,2,2,3,3,2,2,2,3,4,3,1,1,2,2,1,2,2,7121,gemini,2024,여성,7
2,2,,,,2,3,3,2,3,2,3,3,2,1,2,2,1,2,2,2,3,3,2,2,3,3,4,3,1,1,2,2,1,2,2,7122,gemini,2024,여성,7
2,2,,,,2,2,3,2,3,2,3,2,2,1,1,1,1,2,2,1,3,3,2,2,2,2,3,3,1,1,2,1,1,2,2,7123,gemini,2024,여성,7
2,2,,,,2,3,3,2,3,2,3,3,2,2,2,2,2,2,2,2,3,3,2,2,3,3,3,3,2,1,2,1,1,2,2,7124,gemini,2024,여성,7
2,2,,,,2,3,3,2,3,2,3,2,2,1,2,1,1,2,2,2,3,3,2,2,2,3,4,3,1,1,2,1,1,2,2,7125,gemini,2024,여성,7
2,2,,,,2,2,3,2,3,2,3,2,2,1,1,1,1,2,2,2,3,3,2,2,2,3,3,3,1,1,2,2,1,2,2,7126,gemini,2024,여성,7
2,2,,,,2,3,3,2,3,2,3,2,1,1,1,1,1,1,1,1,3,3,2,2,2,3,3,2,1,1,2,2,1,2,2,7127,gemini,2024,여성,7
2,2,,,,2,3,3,2,3,2,3,2,2,1,1,1,1,2,2,2,3,3,2,2,2,3,4,3,1,1,2,2,1,2,2,7128,gemini,2024,여성,7
2,2,,,,2,3,3,2,3,2,3,3,2,1,2,2,1,2,2,2,3,3,2,2,3,3,4,3,1,1,2,2,1,2,2,7129,gemini,2024,여성,7
2,2,,,,2,2,3,2,3,2,3,3,2,2,2,2,1,2,2,2,3,3,2,2,2,3,3,2,1,1,2,1,1,2,2,7130,gemini,2024,여성,7
2,2,,,,2,2,3,2,3,2,3,3,2,1,2,1,1,2,2,2,3,3,2,2,2,3,4,3,1,1,2,1,1,2,2,7131,gemini,2024,여성,7
2,2,,,,2,3,3,2,3,2,3,3,2,1,1,1,1,2,2,2,3,3,2,2,3,3,4,3,1,1,2,2,1,2,2,7132,gemini,2024,여성,7
2,2,,,,2,2,3,2,3,2,3,2,1,1,1,1,1,1,1,1,3,3,2,2,2,2,3,3,1,1,2,2,1,2,2,7133,gemini,2024,여성,7
2,2,,,,2,3,3,2,3,2,3,2,2,1,2,2,1,2,2,2,3,3,2,2,2,3,3,3,1,1,1,1,1,2,1,7134,gemini,2024,여성,7
2,2,,,,2,2,2,2,3,2,3,2,2,1,1,1,1,1,1,1,3,3,2,2,2,2,3,2,1,1,2,2,1,2,2,7135,gemini,2024,여성,7
2,2,,,,2,2,3,2,3,2,3,2,1,1,1,1,1,1,1,1,3,3,2,2,2,3,3,2,1,1,2,2,1,2,2,7136,gemini,2024,여성,7
2,2,,,,2,3,3,2,3,2,3,2,2,1,2,1,1,2,2,2,3,3,2,2,3,3,4,3,1,1,2,1,1,2,2,7137,gemini,2024,여성,7
2,2,,,,2,3,3,2,3,2,3,2,2,1,2,1,1,2,2,2,3,3,2,2,3,3,4,3,1,1,2,1,1,2,2,7138,gemini,2024,여성,7
2,2,,,,2,3,3,2,3,2,3,3,2,1,2,2,1,2,2,2,3,3,2,2,3,3,3,3,2,1,2,1,1,2,2,7139,gemini,2024,여성,7
2,2,,,,2,2,3,2,3,2,3,2,1,1,1,1,1,1,1,1,3,3,2,2,2,3,3,3,1,1,2,2,1,2,2,7140,gemini,2024,여성,7
2,2,,,,2,2,3,2,3,2,3,3,2,1,2,2,1,2,2,2,3,3,2,2,2,3,3,3,2,1,2,2,1,2,2,7141,gemini,2024,여성,7
2,2,,,,2,2,3,2,3,2,3,2,1,1,1,1,1,1,1,1,3,3,2,2,2,3,3,3,1,1,2,2,1,2,2,7142,gemini,2024,여성,7
2,2,,,,2,3,3,2,3,2,3,3,2,1,2,2,1,2,2,2,4,4,2,2,3,3,3,3,1,1,2,1,1,2,2,7143,gemini,2024,여성,7
2,2,,,,2,3,3,2,3,2,3,2,2,1,2,2,1,2,2,2,3,3,2,2,3,2,4,3,1,1,2,2,1,2,2,7144,gemini,2024,여성,7
2,2,,,,2,3,3,2,3,2,3,2,2,1,2,1,1,2,2,2,3,3,2,2,2,3,4,3,1,1,2,2,1,2,2,7145,gemini,2024,여성,7
2,2,,,,2,3,3,2,3,2,3,2,2,1,1,1,1,2,2,2,3,3,2,2,2,3,3,3,1,1,2,2,1,2,2,7146,gemini,2024,여성,7
2,2,,,,2,2,2,2,3,2,3,3,2,2,2,1,1,2,2,2,3,3,2,2,3,3,3,2,1,1,2,1,1,2,2,7147,gemini,2024,여성,7
2,2,,,,2,3,3,2,3,2,3,2,1,1,1,1,1,2,2,2,3,3,2,2,2,3,4,3,1,1,2,1,1,2,2,7148,gemini,2024,여성,7
2,2,,,,2,2,3,2,3,2,3,3,2,1,2,2,1,2,2,2,3,3,2,2,3,3,4,3,2,1,2,2,1,2,2,7149,gemini,2024,여성,7
2,2,,,,2,3,3,2,3,3,3,3,2,2,2,2,1,2,2,2,3,3,2,2,3,3,3,3,1,1,2,1,1,2,2,7150,gemini,2024,여성,7
2,2,,,,2,2,3,2,3,2,3,2,1,1,1,1,1,1,1,1,3,3,2,2,2,2,3,2,1,1,2,2,1,2,2,7151,gemini,2024,여성,7
2,2,,,,2,3,3,2,3,2,3,2,2,1,2,1,1,2,2,2,3,3,2,2,3,3,4,3,1,1,2,2,1,2,2,7152,gemini,2024,여성,7
2,2,,,,2,2,3,2,3,2,3,2,2,1,2,1,1,2,1,2,3,3,2,2,2,3,4,3,1,1,2,2,1,2,2,7153,gemini,2024,여성,7
2,2,,,,2,2,3,2,3,2,3,2,2,1,2,1,1,2,2,2,3,3,2,2,3,3,4,3,1,1,2,2,1,2,2,7154,gemini,2024,여성,7
2,2,,,,2,3,3,2,3,2,3,2,2,1,2,1,1,2,1,1,3,3,2,2,2,3,3,3,1,1,2,1,1,2,2,7155,gemini,2024,여성,7
2,2,,,,2,3,3,2,3,2,3,2,1,1,1,1,1,1,1,1,3,3,2,2,2,3,3,2,2,1,2,2,1,2,2,7156,gemini,2024,여성,7
2,2,,,,2,2,3,2,3,2,3,2,2,1,1,1,1,2,2,2,3,3,2,2,2,3,3,3,1,1,2,1,1,2,2,7157,gemini,2024,여성,7
2,2,,,,2,3,3,2,3,2,3,2,2,1,2,1,1,2,2,2,3,3,2,2,2,2,3,3,1,1,2,1,1,2,2,7158,gemini,2024,여성,7
2,2,,,,2,3,3,2,3,2,3,3,2,1,2,2,1,2,2,2,3,3,2,2,3,3,4,3,1,1,2,1,1,2,2,7159,gemini,2024,여성,7
2,2,,,,2,2,3,2,3,2,3,3,2,1,2,2,1,2,2,2,3,3,2,2,3,3,4,3,1,1,2,2,1,2,2,7160,gemini,2024,여성,7
2,2,,,,2,2,3,2,3,2,3,2,2,1,2,1,1,2,1,1,3,3,2,2,2,3,4,3,1,1,2,1,1,2,2,7161,gemini,2024,여성,7
2,2,,,,2,3,3,2,3,2,3,3,2,1,2,2,1,2,2,2,3,3,2,2,3,3,4,3,1,1,2,2,1,2,2,7162,gemini,2024,여성,7
2,2,,,,2,3,3,2,3,2,3,2,2,1,2,1,1,2,2,2,3,3,2,2,2,3,4,3,1,1,2,2,1,2,2,7163,gemini,2024,여성,7
2,2,,,,2,3,3,2,3,2,3,3,2,2,2,2,2,2,2,2,4,3,2,2,2,3,4,3,1,1,2,2,1,2,2,7164,gemini,2024,여성,7
2,2,,,,2,3,3,2,3,2,3,2,2,1,2,1,1,2,1,1,3,3,2,2,3,3,4,3,1,1,2,1,1,2,2,7165,gemini,2024,여성,7
2,2,,,,2,2,3,2,3,2,3,3,2,1,2,2,1,2,2,2,3,3,2,2,2,3,3,3,1,1,2,2,1,2,2,7166,gemini,2024,여성,7
2,2,,,,2,3,3,2,3,2,3,3,2,1,2,1,1,2,2,2,3,3,2,2,2,3,4,3,1,1,2,1,1,2,2,7167,gemini,2024,여성,7
2,2,,,,2,3,3,2,3,2,3,2,2,1,1,1,1,2,2,2,3,3,2,2,2,3,4,3,1,1,2,2,1,2,2,7168,gemini,2024,여성,7
2,2,,,,2,2,3,2,3,2,3,2,2,1,2,1,1,2,2,2,3,3,2,2,2,2,3,2,1,1,2,1,1,2,2,7169,gemini,2024,여성,7
2,2,,,,2,2,3,2,3,2,3,2,2,1,2,2,1,2,2,2,3,3,2,2,2,3,4,3,1,1,2,1,1,2,2,7170,gemini,2024,여성,7
2,2,,,,2,3,3,2,3,2,3,2,2,1,2,1,1,2,2,2,3,3,2,2,2,3,4,3,1,1,2,1,1,2,2,7171,gemini,2024,여성,7
2,2,,,,2,3,3,2,3,2,3,2,1,1,1,1,1,1,1,1,3,3,2,2,2,2,3,2,1,1,2,2,1,2,2,7172,gemini,2024,여성,7
2,2,,,,2,3,3,2,3,2,3,2,2,1,2,1,1,2,1,1,3,3,2,2,2,3,3,3,1,1,2,1,1,2,2,7173,gemini,2024,여성,7
2,2,,,,2,2,3,2,3,2,3,2,1,1,1,1,1,1,1,1,3,3,2,2,2,2,2,3,1,1,2,2,1,2,2,7174,gemini,2024,여성,7
2,2,,,,1,2,2,2,3,2,3,2,2,1,1,1,1,2,1,1,3,3,2,2,2,3,3,2,1,1,2,1,1,2,2,7175,gemini,2024,여성,7
2,2,,,,2,3,3,2,3,2,3,2,2,1,2,1,1,2,1,1,3,3,2,2,2,3,3,2,2,1,2,2,1,2,2,7176,gemini,2024,여성,7
2,2,,,,2,3,3,2,3,2,3,2,2,1,2,1,1,2,2,2,3,3,2,2,2,3,4,3,1,1,1,1,1,2,1,7177,gemini,2024,여성,7
2,2,,,,2,2,3,2,3,2,3,2,1,1,1,1,1,1,1,1,3,3,2,2,2,3,3,2,1,1,2,1,1,2,2,7178,gemini,2024,여성,7
2,2,,,,2,3,3,2,3,2,3,2,2,1,2,1,1,2,2,2,3,3,2,2,2,3,4,3,1,1,2,1,1,2,2,7179,gemini,2024,여성,7
2,2,,,,2,3,3,2,3,2,3,3,2,1,2,2,1,2,2,2,3,3,2,2,3,3,4,3,1,1,2,2,1,2,2,7180,gemini,2024,여성,7
2,2,,,,2,3,3,2,3,2,3,2,2,1,2,1,1,2,2,2,3,3,2,2,3,3,4,3,1,1,2,2,1,2,2,7181,gemini,2024,여성,7
2,2,,,,2,3,3,2,3,2,3,2,2,1,2,2,1,2,1,1,3,3,2,2,2,3,3,3,2,1,2,2,1,2,2,7182,gemini,2024,여성,7
2,2,,,,2,2,3,2,3,2,3,2,2,1,2,1,1,2,2,2,3,3,2,2,2,3,4,3,1,1,2,1,1,2,2,7183,gemini,2024,여성,7
2,2,,,,2,3,3,2,3,2,3,2,2,1,2,1,1,2,2,2,3,3,2,2,3,3,4,3,1,1,2,2,1,2,2,7184,gemini,2024,여성,7
2,2,,,,2,3,3,2,3,2,3,3,2,1,2,1,1,2,2,2,3,3,2,2,3,3,4,3,1,1,2,1,1,2,2,7185,gemini,2024,여성,7
2,2,,,,2,3,3,2,3,2,3,2,2,1,2,1,1,2,2,2,3,3,2,2,2,3,4,3,1,1,2,1,1,2,2,7186,gemini,2024,여성,7
2,2,,,,1,2,2,2,3,2,3,2,1,1,1,1,1,1,1,1,3,3,2,2,2,3,4,3,2,1,2,2,1,2,2,7187,gemini,2024,여성,7
2,2,,,,2,3,3,2,3,2,3,3,2,1,2,2,1,2,2,2,3,3,2,2,3,3,4,3,1,1,2,1,1,2,2,7188,gemini,2024,여성,7
2,2,,,,2,3,3,2,3,2,3,2,2,1,2,1,1,2,2,2,3,3,2,2,3,3,4,3,1,1,2,2,1,2,2,7189,gemini,2024,여성,7
2,2,,,,2,3,3,2,3,2,3,2,2,1,1,1,1,2,2,2,3,3,2,2,2,3,3,3,1,1,2,1,1,2,2,7190,gemini,2024,여성,7
2,2,,,,2,2,3,2,3,2,3,2,2,1,1,1,1,2,2,2,3,3,2,2,2,3,3,3,1,1,2,1,1,2,2,7191,gemini,2024,여성,7
2,2,,,,2,3,3,2,3,2,3,2,1,1,1,1,1,2,1,1,3,3,2,2,2,3,3,3,1,1,2,1,1,2,2,7192,gemini,2024,여성,7
2,2,,,,2,3,3,2,3,2,3,2,2,1,2,1,1,2,2,2,3,3,2,2,2,3,3,3,2,1,2,2,1,2,2,7193,gemini,2024,여성,7
2,2,,,,2,3,3,2,3,2,3,2,2,1,1,1,1,2,2,1,3,3,2,2,2,2,3,2,1,1,2,2,1,2,2,7194,gemini,2024,여성,7
2,2,,,,2,3,3,2,3,2,3,2,2,1,2,1,1,2,1,1,3,3,2,2,2,3,3,3,1,1,2,1,1,2,2,7195,gemini,2024,여성,7
2,2,,,,2,2,3,2,3,2,3,2,2,1,2,1,1,2,2,2,3,3,2,2,3,3,4,3,1,1,2,2,1,2,2,7196,gemini,2024,여성,7
2,2,,,,2,3,3,2,3,2,3,2,2,1,1,1,1,2,2,2,3,3,2,2,2,3,4,3,1,1,2,1,1,2,2,7197,gemini,2024,여성,7
2,2,,,,1,2,2,2,3,2,3,2,1,1,1,1,1,1,1,1,3,3,2,2,2,2,3,2,1,1,2,2,1,2,2,7198,gemini,2024,여성,7
2,2,,,,2,2,2,2,3,2,3,2,2,1,2,1,1,2,2,2,3,3,2,2,3,3,3,3,1,1,2,1,1,2,2,7199,gemini,2024,여성,7
2,2,,,,2,3,3,2,3,2,3,2,1,1,1,1,1,1,1,1,3,3,2,2,2,3,3,2,1,1,2,2,1,2,2,7200,gemini,2024,여성,7
2,2,,,,2,2,3,2,3,2,3,2,2,1,2,1,1,2,2,2,3,3,2,2,2,3,3,3,1,1,2,2,1,2,2,7201,gemini,2024,여성,7
2,2,,,,2,3,3,2,3,2,3,2,2,1,2,1,1,2,2,2,3,3,2,2,3,3,4,3,1,1,2,2,1,2,2,7202,gemini,2024,여성,7
2,2,,,,2,3,3,2,3,2,3,3,2,1,1,1,1,2,2,2,3,3,2,2,2,3,3,3,1,1,2,2,1,2,2,7203,gemini,2024,여성,7
2,2,,,,2,3,2,2,3,2,3,3,2,1,2,2,1,2,2,2,3,3,2,2,2,3,3,3,1,1,2,1,1,2,2,7204,gemini,2024,여성,7
2,2,,,,2,2,3,2,3,2,3,2,1,1,1,1,1,1,1,1,3,3,2,2,2,2,3,2,1,1,2,2,1,2,2,7205,gemini,2024,여성,7
2,2,,,,2,2,3,2,3,3,3,2,2,1,2,2,1,2,2,2,3,3,2,2,2,3,3,3,1,1,2,2,1,2,2,7206,gemini,2024,여성,7
2,2,,,,2,2,3,2,3,2,3,3,2,1,2,2,1,2,2,2,3,3,2,2,2,3,3,3,1,1,2,1,1,2,2,7207,gemini,2024,여성,7
2,2,,,,2,3,3,2,3,2,3,3,2,1,2,2,1,2,2,2,3,3,2,2,2,3,3,3,1,1,2,1,1,2,2,7208,gemini,2024,여성,7
2,2,,,,2,2,3,2,3,2,3,2,1,1,1,1,1,1,1,1,3,3,2,2,2,2,3,2,1,1,2,2,1,2,2,7209,gemini,2024,여성,7
2,2,,,,2,3,3,2,3,2,3,2,2,1,1,1,1,2,2,2,3,3,2,2,2,2,3,3,2,1,2,2,1,2,2,7210,gemini,2024,여성,7
2,2,,,,2,2,3,2,3,2,3,2,2,1,2,1,1,2,2,2,3,3,2,2,3,3,4,3,1,1,2,1,1,2,2,7211,gemini,2024,여성,7
2,2,,,,2,2,3,2,3,2,3,3,2,1,2,2,1,2,2,2,3,3,2,2,2,3,3,3,1,1,2,2,1,2,2,7212,gemini,2024,여성,7
2,2,,,,2,3,3,2,3,2,3,3,2,1,2,2,1,2,2,2,3,3,2,2,2,3,3,3,1,1,2,2,1,2,2,7213,gemini,2024,여성,7
2,2,,,,2,2,3,2,3,2,3,2,2,1,2,1,1,2,1,1,3,3,2,2,2,3,3,3,1,1,2,2,1,2,2,7214,gemini,2024,여성,7
2,2,,,,2,2,3,2,3,2,3,2,2,1,2,1,1,2,2,2,3,3,2,2,3,3,4,3,1,1,2,2,1,2,2,7215,gemini,2024,여성,7
2,2,,,,2,2,3,2,3,2,3,2,2,1,2,1,1,2,2,2,3,3,2,2,3,3,4,3,1,1,2,2,1,2,2,7216,gemini,2024,여성,7
2,2,,,,2,3,3,2,3,2,3,3,2,1,1,1,1,2,2,2,3,3,2,2,2,3,4,3,1,1,2,1,1,2,1,7217,gemini,2024,여성,7
2,2,,,,2,3,3,2,3,2,3,3,2,1,2,2,1,2,2,2,3,3,2,2,3,3,3,3,1,1,2,2,1,2,2,7218,gemini,2024,여성,7
2,2,,,,2,3,3,2,3,2,3,3,2,1,2,1,1,2,2,2,3,3,2,2,3,3,4,3,2,1,2,2,1,2,2,7219,gemini,2024,여성,7
2,2,,,,2,3,3,2,3,2,3,3,2,2,2,2,1,2,2,2,4,3,2,2,3,3,4,3,1,1,2,1,1,2,2,7220,gemini,2024,여성,7
2,2,,,,2,3,3,2,3,2,3,2,2,1,2,1,1,2,1,2,3,3,2,2,3,3,4,3,1,1,2,1,1,2,2,7221,gemini,2024,여성,7
2,2,,,,2,3,3,2,3,2,3,3,2,1,2,2,1,2,2,2,3,3,2,2,2,3,3,3,1,1,2,1,1,2,2,7222,gemini,2024,여성,7
2,2,,,,2,3,3,2,3,2,3,3,2,2,2,2,1,2,2,2,3,3,2,2,3,3,4,3,1,1,2,1,1,2,2,7223,gemini,2024,여성,7
2,2,,,,2,3,3,2,3,3,3,3,2,2,2,2,2,2,2,2,4,3,2,2,3,3,3,3,1,1,2,1,1,2,2,7224,gemini,2024,여성,7
2,2,,,,2,2,3,2,3,2,3,2,2,1,1,1,1,1,1,1,3,3,2,2,2,2,3,2,1,1,2,1,1,2,2,7225,gemini,2024,여성,7
2,2,,,,2,3,3,2,3,2,3,3,2,1,2,2,1,2,2,2,3,3,2,2,2,3,3,3,2,1,2,2,1,2,2,7226,gemini,2024,여성,7
2,2,,,,2,2,2,2,3,2,3,2,2,1,1,1,1,2,2,2,3,3,2,2,2,3,3,2,1,1,2,1,1,2,2,7227,gemini,2024,여성,7
2,2,,,,2,2,3,2,3,2,3,3,2,1,2,2,1,2,2,2,3,3,2,2,2,3,3,3,1,1,2,2,1,2,2,7228,gemini,2024,여성,7
2,2,,,,2,3,3,2,3,2,3,3,2,1,2,2,1,2,2,2,3,3,2,2,3,3,4,3,1,1,2,1,1,2,2,7229,gemini,2024,여성,7
2,2,,,,2,2,3,2,3,2,3,2,2,1,1,1,1,2,2,1,3,3,2,2,2,3,3,3,1,1,2,1,1,2,2,7230,gemini,2024,여성,7
2,2,,,,2,3,3,2,3,2,3,2,2,1,1,1,1,2,2,2,3,3,2,2,2,2,3,3,2,1,2,2,1,2,2,7231,gemini,2024,여성,7
2,2,,,,2,3,3,2,3,2,3,2,1,1,1,1,1,1,1,1,3,3,2,2,2,3,3,3,1,1,2,1,1,2,2,7232,gemini,2024,여성,7
2,2,,,,2,3,3,2,3,2,3,2,2,1,2,2,1,2,2,2,3,3,2,2,2,2,3,3,1,1,2,2,1,2,1,7233,gemini,2024,여성,7
2,2,,,,2,3,3,2,3,2,3,2,2,1,2,1,1,2,2,2,3,3,2,2,2,3,3,2,1,1,2,1,1,2,2,7234,gemini,2024,여성,7
2,2,,,,2,3,3,2,3,2,3,2,1,1,1,1,1,1,1,1,3,3,2,2,2,3,3,3,1,1,2,2,1,2,2,7235,gemini,2024,여성,7
2,2,,,,2,3,3,2,3,2,3,2,1,1,1,1,1,1,1,1,3,3,2,2,2,3,3,2,1,1,2,2,1,2,2,7236,gemini,2024,여성,7
2,1,1.0,4.0,2.0,2,2,3,2,3,3,3,3,2,2,2,2,1,2,2,2,3,3,2,2,2,3,3,3,1,1,2,1,1,2,2,7237,gemini,2024,여성,7
2,2,,,,2,3,3,2,3,2,3,2,2,1,2,1,1,2,2,2,3,3,2,2,3,3,4,3,1,1,2,2,1,2,2,7238,gemini,2024,여성,7
2,2,,,,2,3,3,2,3,2,3,3,2,1,2,1,1,2,2,2,3,3,2,2,3,3,4,3,1,1,2,1,1,2,2,7239,gemini,2024,여성,7
2,2,,,,2,3,3,2,3,2,3,2,2,1,1,1,1,2,2,2,3,3,2,2,2,3,3,3,1,1,2,2,1,2,2,7240,gemini,2024,여성,7
2,2,,,,2,3,3,2,3,2,3,2,2,1,2,1,1,2,1,2,3,3,2,2,2,2,3,2,1,1,2,2,1,2,2,7241,gemini,2024,여성,7
2,2,,,,2,3,3,2,3,2,3,3,2,1,1,1,1,2,2,2,3,3,2,2,3,3,4,3,1,1,2,2,1,2,2,7242,gemini,2024,여성,7
2,2,,,,2,2,2,2,3,2,3,2,2,1,1,1,1,2,2,2,3,3,2,2,3,3,3,3,1,1,2,2,1,2,2,7243,gemini,2024,여성,7
2,2,,,,2,2,2,2,3,2,3,2,2,1,2,2,1,2,2,2,3,3,2,2,3,2,3,3,1,1,2,2,1,2,2,7244,gemini,2024,여성,7
2,2,,,,2,3,3,2,3,2,3,2,2,1,2,2,1,2,1,2,3,3,2,2,2,3,3,3,1,1,2,1,1,2,2,7245,gemini,2024,여성,7
2,2,,,,2,3,3,2,3,3,3,2,1,1,1,1,1,2,1,1,3,3,2,2,2,3,3,2,1,1,2,2,1,2,2,7246,gemini,2024,여성,7
2,2,,,,2,3,3,2,3,2,3,3,2,1,2,1,1,2,2,2,4,4,2,2,3,3,4,3,1,1,2,1,1,2,2,7247,gemini,2024,여성,7
2,2,,,,2,2,3,2,3,2,3,3,1,1,1,1,1,2,2,1,3,3,2,2,2,3,4,3,1,1,2,1,1,2,2,7248,gemini,2024,여성,7
2,2,,,,2,3,3,2,3,2,3,2,2,2,2,2,2,2,2,2,3,3,2,2,3,3,3,3,1,1,2,1,1,2,2,7249,gemini,2024,여성,7
2,2,,,,2,3,3,2,3,2,3,2,2,1,1,1,1,2,2,2,3,3,2,2,2,3,3,3,1,1,2,1,1,2,2,7250,gemini,2024,여성,7
2,2,,,,2,3,3,2,3,2,3,2,2,1,2,2,1,2,2,2,3,3,2,2,2,3,4,3,1,1,2,1,1,2,2,7251,gemini,2024,여성,7
2,2,,,,2,2,3,2,3,2,3,2,1,1,1,1,1,1,1,1,3,3,2,2,2,3,3,2,2,1,2,2,1,2,2,7252,gemini,2024,여성,7
2,2,,,,2,3,3,2,3,2,3,2,1,1,1,1,1,2,2,2,3,3,2,2,2,3,3,3,1,1,2,1,1,2,2,7253,gemini,2024,여성,7
2,2,,,,2,2,3,2,3,2,3,2,2,1,2,2,2,2,2,2,3,3,2,2,2,3,3,3,1,1,2,1,1,2,1,7254,gemini,2024,여성,7
2,2,,,,2,2,2,2,3,2,3,3,2,1,2,2,1,2,2,2,3,3,2,2,2,3,3,2,1,1,2,2,1,2,1,7255,gemini,2024,여성,7
2,2,,,,2,3,3,2,3,2,3,3,2,1,2,1,1,2,2,2,3,3,2,2,2,3,3,3,1,1,2,2,1,2,2,7256,gemini,2024,여성,7
2,2,,,,2,2,3,2,3,2,3,2,2,1,1,1,1,2,2,2,3,3,2,2,2,3,3,3,1,1,2,2,1,2,2,7257,gemini,2024,여성,7
2,2,,,,2,2,3,2,3,2,3,2,1,1,1,1,1,1,2,2,3,3,2,2,2,3,3,3,1,1,2,1,1,2,2,7258,gemini,2024,여성,7
2,2,,,,2,2,3,2,3,2,3,2,1,1,1,1,1,1,1,1,3,3,2,2,2,2,3,2,1,1,2,2,1,2,2,7259,gemini,2024,여성,7
2,2,,,,2,2,3,2,3,2,3,2,1,1,1,1,1,2,1,1,3,3,2,2,3,3,4,3,1,1,2,1,1,2,2,7260,gemini,2024,여성,7
2,2,,,,2,3,3,2,3,2,3,3,2,1,2,1,1,2,2,2,4,3,2,2,2,3,3,3,1,1,2,1,1,2,2,7261,gemini,2024,여성,7
2,2,,,,2,2,3,2,3,2,3,2,1,1,1,1,1,1,1,1,3,3,2,2,2,3,3,2,1,1,2,2,1,2,2,7262,gemini,2024,여성,7
2,2,,,,2,3,3,2,3,2,3,2,2,1,2,1,1,2,1,1,3,3,2,2,2,2,3,2,1,1,2,2,1,2,2,7263,gemini,2024,여성,7
2,2,,,,2,3,3,2,3,2,3,3,2,2,2,2,1,2,2,2,3,3,2,2,3,3,3,3,1,1,2,2,1,2,2,7264,gemini,2024,여성,7
2,2,,,,2,2,2,2,3,2,3,2,2,2,2,2,1,2,2,2,3,3,2,2,2,2,3,3,1,1,2,1,1,2,2,7265,gemini,2024,여성,7
2,2,,,,2,3,3,2,3,2,3,3,2,1,2,2,1,2,2,2,3,3,2,2,2,3,3,3,1,1,2,1,1,2,2,7266,gemini,2024,여성,7
2,2,,,,1,2,2,2,3,2,3,2,2,1,1,1,1,1,1,1,3,3,2,2,2,3,3,2,1,1,2,2,1,2,2,7267,gemini,2024,여성,7
2,2,,,,2,2,3,2,3,2,3,3,2,1,1,1,1,2,2,2,3,3,2,2,2,3,3,3,1,1,2,1,1,2,2,7268,gemini,2024,여성,7
2,2,,,,2,3,3,2,3,2,3,2,2,1,2,1,1,2,2,2,3,3,2,2,3,3,4,3,1,1,2,1,1,2,2,7269,gemini,2024,여성,7
2,2,,,,2,2,3,2,3,2,3,3,2,1,2,2,1,2,2,2,3,3,2,2,3,3,4,3,1,1,2,1,1,2,2,7270,gemini,2024,여성,7
2,2,,,,2,2,3,2,3,2,3,2,2,1,2,1,1,2,2,2,3,3,2,2,3,3,4,3,1,1,2,2,1,2,2,7271,gemini,2024,여성,7
2,2,,,,2,2,3,2,3,2,3,3,2,1,2,2,1,2,2,2,3,3,2,2,2,3,4,3,1,1,2,2,1,2,2,7272,gemini,2024,여성,7
2,2,,,,2,3,3,2,3,2,3,2,2,1,2,1,1,2,1,1,3,3,2,2,2,2,3,3,1,1,2,2,1,2,2,7273,gemini,2024,여성,7
2,2,,,,2,3,3,2,3,2,3,2,2,1,2,1,1,2,2,1,3,3,2,2,2,3,3,2,1,1,2,1,1,2,2,7274,gemini,2024,여성,7
2,2,,,,2,3,3,2,3,2,3,3,2,1,2,2,1,2,1,2,3,3,2,2,2,2,3,3,1,1,2,1,1,2,2,7275,gemini,2024,여성,7
2,2,,,,2,3,3,2,3,2,3,2,2,1,2,2,1,2,2,2,3,3,2,2,3,3,4,3,1,1,2,1,1,2,2,7276,gemini,2024,여성,7
2,2,,,,2,3,3,2,3,2,3,2,2,1,1,1,1,2,2,2,3,3,2,2,2,3,3,3,1,1,2,1,1,2,2,7277,gemini,2024,여성,7
2,2,,,,2,2,3,2,3,2,3,2,2,1,2,1,1,2,2,2,3,3,2,2,3,3,4,3,1,1,2,1,1,2,2,7278,gemini,2024,여성,7
2,2,,,,2,2,3,2,3,2,3,2,2,2,2,1,1,2,1,2,3,3,2,2,3,3,3,3,1,1,2,1,1,2,2,7279,gemini,2024,여성,7
2,2,,,,2,3,3,2,3,2,3,2,2,1,2,1,1,2,1,1,3,3,2,2,2,3,3,2,1,1,2,2,1,2,2,7280,gemini,2024,여성,7
2,2,,,,2,2,3,2,3,2,3,3,2,2,2,2,1,2,2,2,3,3,2,2,2,3,4,3,1,1,2,1,1,2,1,7281,gemini,2024,여성,7
2,2,,,,2,2,2,2,3,2,3,2,2,1,2,1,1,2,2,2,3,3,2,2,2,3,3,2,1,1,2,1,1,2,2,7282,gemini,2024,여성,7
2,2,,,,2,2,3,2,3,2,3,3,2,1,1,1,1,2,2,1,3,3,2,2,2,3,3,3,2,1,2,2,1,2,2,7283,gemini,2024,여성,7
2,2,,,,2,3,3,2,3,2,3,3,2,1,2,2,1,2,2,1,3,3,2,2,3,3,4,3,2,1,2,2,1,2,2,7284,gemini,2024,여성,7
2,2,,,,2,2,3,2,3,2,3,2,2,1,2,1,1,2,1,2,3,3,2,2,3,3,4,3,1,1,2,2,1,2,2,7285,gemini,2024,여성,7
2,2,,,,2,3,3,2,3,2,3,2,2,1,2,1,1,2,1,2,3,3,2,2,2,3,3,3,1,1,2,1,1,2,2,7286,gemini,2024,여성,7
2,2,,,,2,3,3,2,3,2,3,2,2,1,2,1,1,2,2,2,3,3,2,2,3,3,4,3,1,1,2,1,1,2,2,7287,gemini,2024,여성,7
2,2,,,,2,3,3,2,3,2,3,2,2,1,2,1,1,2,1,1,3,3,2,2,2,3,3,2,1,1,2,2,1,2,2,7288,gemini,2024,여성,7
2,2,,,,2,2,3,2,3,2,3,2,2,1,2,2,1,2,2,2,3,3,2,2,2,3,4,3,1,1,2,1,1,2,2,7289,gemini,2024,여성,7
2,2,,,,2,2,3,2,3,2,3,2,1,1,1,1,1,1,1,1,3,3,2,2,2,3,3,2,2,1,2,2,1,2,2,7290,gemini,2024,여성,7
2,2,,,,2,3,3,2,3,2,3,3,2,1,1,2,1,2,2,1,3,3,2,2,2,3,4,3,2,1,2,2,1,2,2,7291,gemini,2024,여성,7
2,2,,,,2,2,3,2,3,2,3,2,2,1,1,1,1,2,2,2,3,3,2,2,2,3,3,3,1,1,2,2,1,2,2,7292,gemini,2024,여성,7
2,2,,,,2,3,3,2,3,2,3,3,2,1,2,1,2,2,2,2,4,3,2,2,3,3,3,3,1,1,2,1,1,2,2,7293,gemini,2024,여성,7
2,2,,,,2,3,3,2,3,2,3,3,2,1,2,2,1,2,2,2,3,3,2,2,2,3,3,3,1,1,2,1,1,2,2,7294,gemini,2024,여성,7
2,2,,,,2,3,3,2,3,2,3,3,2,1,2,2,1,2,2,2,3,3,2,2,3,3,4,3,1,1,2,2,1,2,2,7295,gemini,2024,여성,7
2,2,,,,2,2,3,2,3,2,3,2,2,1,2,2,1,2,2,2,3,3,2,2,3,3,4,3,1,1,2,2,1,2,2,7296,gemini,2024,여성,7
2,2,,,,2,2,3,2,3,2,3,2,2,1,2,1,1,2,1,2,3,3,2,2,2,2,3,3,1,1,2,2,1,2,2,7297,gemini,2024,여성,7
2,2,,,,2,2,3,2,3,2,3,2,1,1,1,1,1,2,2,2,3,3,2,2,2,3,3,2,2,1,2,1,1,2,2,7298,gemini,2024,여성,7
2,2,,,,2,3,3,2,3,2,3,2,2,1,1,1,1,2,2,2,3,3,2,2,3,3,4,3,1,1,2,1,1,2,2,7299,gemini,2024,여성,7
2,2,,,,2,3,3,2,3,2,3,2,1,1,1,1,1,1,1,1,3,3,2,2,2,3,3,2,1,1,2,2,1,2,2,7300,gemini,2024,여성,7
2,2,,,,2,3,3,2,3,2,3,3,2,1,2,2,2,2,2,2,3,3,2,2,3,3,3,3,1,1,1,1,1,2,1,7301,gemini,2024,여성,7
2,2,,,,2,2,2,2,3,2,3,2,2,1,2,1,1,2,1,1,3,3,2,2,2,3,3,2,2,1,2,2,1,2,2,7302,gemini,2024,여성,7
2,2,,,,2,2,3,2,3,2,3,2,2,1,1,1,1,2,2,2,3,3,2,2,2,3,3,2,1,1,2,1,1,2,2,7303,gemini,2024,여성,7
2,2,,,,2,3,3,2,3,2,3,2,2,2,2,2,1,2,2,2,3,3,2,2,2,3,3,3,2,1,2,1,1,2,2,7304,gemini,2024,여성,7
2,2,,,,2,3,3,2,3,2,3,3,2,1,2,2,1,2,2,2,3,3,2,2,3,3,4,3,1,1,2,1,1,2,2,7305,gemini,2024,여성,7
2,2,,,,2,2,3,2,3,2,3,3,2,1,2,2,1,2,2,2,3,3,2,2,2,3,3,3,1,1,2,2,1,2,2,7306,gemini,2024,여성,7
2,2,,,,2,2,3,2,3,2,3,2,2,1,2,1,1,2,2,1,3,3,2,2,3,3,4,3,1,1,2,2,1,2,2,7307,gemini,2024,여성,7
2,2,,,,2,3,3,2,3,2,3,2,2,1,1,1,1,2,2,2,3,3,2,2,3,3,4,3,1,1,2,1,1,2,2,7308,gemini,2024,여성,7
2,2,,,,2,3,3,2,3,2,3,3,2,1,2,2,1,2,2,2,3,3,2,2,2,3,3,3,1,1,2,2,1,2,2,7309,gemini,2024,여성,7
2,2,,,,2,3,3,2,3,2,3,2,2,1,1,1,1,2,1,1,3,3,2,2,2,3,3,2,1,1,2,2,1,2,2,7310,gemini,2024,여성,7
2,2,,,,2,3,3,2,3,2,3,2,2,1,1,1,1,2,2,2,3,3,2,2,2,3,4,3,1,1,2,2,1,2,2,7311,gemini,2024,여성,7
2,2,,,,2,3,3,2,3,2,3,3,2,1,2,1,1,2,2,2,3,3,2,2,3,3,4,3,1,1,2,1,1,2,2,7312,gemini,2024,여성,7
2,2,,,,2,3,3,2,3,2,3,2,1,1,1,1,1,1,1,1,3,3,2,2,2,3,3,2,2,1,2,2,1,2,2,7313,gemini,2024,여성,7
2,2,,,,2,3,3,2,3,2,3,2,1,1,1,1,1,1,1,2,3,3,2,2,2,3,3,2,1,1,2,2,1,2,2,7314,gemini,2024,여성,7
2,2,,,,2,2,3,2,3,2,3,3,2,1,2,2,1,2,2,2,3,3,2,2,2,3,3,3,1,1,2,2,1,2,2,7315,gemini,2024,여성,7
2,2,,,,2,3,3,2,3,2,3,2,2,1,1,1,1,2,2,2,3,3,2,2,2,3,4,3,1,1,2,2,1,2,2,7316,gemini,2024,여성,7
2,2,,,,2,3,3,2,3,2,3,2,2,1,2,1,1,2,1,1,3,3,2,2,3,3,3,3,1,1,2,2,1,2,2,7317,gemini,2024,여성,7
2,2,,,,2,3,3,2,3,2,3,2,2,1,2,2,1,2,1,2,3,3,2,2,3,3,4,3,1,1,2,1,1,2,2,7318,gemini,2024,여성,7
2,2,,,,2,2,3,2,3,2,3,2,2,1,2,1,1,2,1,2,3,3,2,2,2,3,3,2,1,1,2,1,1,2,2,7319,gemini,2024,여성,7
2,2,,,,2,3,3,2,3,2,3,3,2,1,2,1,1,2,2,2,3,3,2,2,2,3,3,3,1,1,2,2,1,2,2,7320,gemini,2024,여성,7
2,2,,,,2,2,3,2,3,2,3,2,2,1,1,1,1,2,2,2,3,3,2,2,2,3,4,3,1,1,2,1,1,2,2,7321,gemini,2024,여성,7
2,2,,,,2,2,3,2,3,2,3,3,2,1,1,2,1,2,2,2,3,3,2,2,2,3,3,3,1,1,2,1,1,2,2,7322,gemini,2024,여성,7
2,2,,,,2,3,3,2,3,2,3,2,2,1,2,1,1,2,1,1,3,3,2,2,2,3,3,2,1,1,2,1,1,2,2,7323,gemini,2024,여성,7
2,2,,,,2,2,3,2,3,2,3,2,1,1,1,1,1,1,1,1,3,3,2,2,2,2,3,2,1,1,2,2,1,2,2,7324,gemini,2024,여성,7
2,2,,,,2,3,3,2,3,2,3,2,2,1,1,1,1,2,2,2,3,3,2,2,2,3,4,3,1,1,2,2,1,2,2,7325,gemini,2024,여성,7
2,2,,,,2,2,2,2,3,2,3,2,2,1,1,1,1,2,2,2,3,3,2,2,2,3,3,3,2,1,2,2,1,2,2,7326,gemini,2024,여성,7
2,2,,,,2,2,3,2,3,2,3,3,2,1,2,2,1,2,2,2,3,3,2,2,3,3,4,3,1,1,2,1,1,2,2,7327,gemini,2024,여성,7
2,2,,,,2,2,3,2,3,3,3,2,2,1,2,1,1,2,1,2,3,3,2,2,3,3,3,3,1,1,2,2,1,2,2,7328,gemini,2024,여성,7
2,2,,,,2,3,3,2,3,2,3,2,2,1,2,2,1,2,2,2,4,3,2,2,2,3,3,3,1,1,2,1,1,2,1,7329,gemini,2024,여성,7
2,2,,,,2,3,3,2,3,2,3,2,2,1,1,1,1,2,2,2,3,3,2,2,3,3,4,3,1,1,2,2,1,2,2,7330,gemini,2024,여성,7
2,2,,,,2,3,3,2,3,2,3,2,2,1,2,1,1,2,2,2,3,3,2,2,2,3,3,3,1,1,2,1,1,2,2,7331,gemini,2024,여성,7
2,2,,,,2,3,3,2,3,2,3,2,2,1,2,1,1,2,1,1,3,3,2,2,3,3,4,3,1,1,2,1,1,2,2,7332,gemini,2024,여성,7
2,2,,,,2,2,3,2,3,2,3,2,2,1,2,1,1,2,1,2,3,3,2,2,2,2,3,2,1,1,2,2,1,2,2,7333,gemini,2024,여성,7
2,2,,,,2,2,3,2,3,2,3,2,2,1,2,2,1,2,2,2,3,3,2,2,2,3,3,3,1,1,2,1,1,2,2,7334,gemini,2024,여성,7
2,2,,,,2,2,3,2,3,2,3,2,2,1,1,1,1,2,2,2,3,3,2,2,2,3,3,3,1,1,2,2,1,2,2,7335,gemini,2024,여성,7
2,1,1.0,4.0,2.0,2,3,3,2,4,3,4,3,2,2,2,2,1,2,2,2,3,3,2,2,2,3,3,3,1,1,2,2,1,2,1,7336,gemini,2024,여성,7
2,2,,,,2,3,3,2,3,2,3,2,1,1,1,1,1,2,1,1,3,3,2,2,2,2,3,2,1,1,2,1,1,2,2,7337,gemini,2024,여성,7
2,2,,,,2,2,3,2,3,2,3,2,2,1,2,2,1,2,2,2,3,3,2,2,2,3,3,3,1,1,2,1,1,2,2,7338,gemini,2024,여성,7
2,2,,,,2,3,3,2,3,2,3,2,2,1,1,1,1,2,2,2,3,3,2,2,3,3,4,3,1,1,2,2,1,2,2,7339,gemini,2024,여성,7
2,2,,,,2,3,3,2,3,2,3,2,2,2,2,2,2,2,2,2,3,3,2,2,2,3,3,3,1,1,1,1,1,2,2,7340,gemini,2024,여성,7
2,2,,,,2,3,3,2,3,2,3,2,2,1,2,1,1,2,1,1,3,3,2,2,2,3,4,3,1,1,2,1,1,2,2,7341,gemini,2024,여성,7
2,2,,,,2,2,3,2,3,2,3,2,2,1,2,2,1,2,2,1,3,3,2,2,2,3,3,3,2,1,2,2,1,2,2,7342,gemini,2024,여성,7
2,2,,,,2,2,3,2,3,2,3,2,2,1,2,1,1,2,2,2,3,3,2,2,2,3,3,3,1,1,2,1,1,2,2,7343,gemini,2024,여성,7
2,2,,,,2,2,3,2,3,2,3,2,2,1,1,1,1,2,2,2,3,3,2,2,3,3,4,3,1,1,2,1,1,2,2,7344,gemini,2024,여성,7
2,2,,,,1,2,2,2,3,2,3,2,1,1,1,1,1,2,1,1,3,3,2,2,2,3,4,3,2,1,2,2,1,2,2,7345,gemini,2024,여성,7
2,2,,,,2,3,3,2,3,2,3,2,1,1,1,1,1,1,1,1,3,3,2,2,2,2,3,3,1,1,2,2,1,2,2,7346,gemini,2024,여성,7
2,2,,,,2,2,2,2,3,2,3,2,1,1,1,1,1,2,1,1,3,3,2,2,2,3,3,2,2,1,2,1,1,2,2,7347,gemini,2024,여성,7
2,2,,,,2,2,3,2,3,2,3,2,1,1,1,1,1,1,1,1,3,3,2,2,2,2,3,2,2,1,2,2,1,2,2,7348,gemini,2024,여성,7
2,2,,,,2,2,3,2,3,2,3,3,2,1,2,2,1,2,1,2,3,3,2,2,3,3,4,3,1,1,2,1,1,2,2,7349,gemini,2024,여성,7
2,2,,,,2,3,3,2,3,2,3,3,2,1,2,1,1,2,2,2,4,3,2,2,2,3,3,3,1,1,2,2,1,2,2,7350,gemini,2024,여성,7
2,2,,,,2,3,3,2,3,2,3,2,2,1,2,1,1,2,1,1,3,3,2,2,2,3,3,3,1,1,2,2,1,2,2,7351,gemini,2024,여성,7
2,2,,,,2,2,3,2,3,2,3,2,2,1,2,2,2,2,2,2,3,3,2,2,2,2,4,3,2,1,1,2,1,2,2,7352,gemini,2024,여성,7
2,2,,,,2,2,2,2,3,2,3,2,2,1,1,1,1,1,1,1,3,3,2,2,2,2,3,2,1,1,2,2,1,2,2,7353,gemini,2024,여성,7
2,2,,,,2,3,3,2,3,2,3,2,2,1,1,1,1,2,2,2,3,3,2,2,3,3,4,3,1,1,2,1,1,2,2,7354,gemini,2024,여성,7
2,2,,,,2,3,3,2,3,2,3,2,2,1,2,1,1,2,2,2,3,3,2,2,2,3,4,3,2,1,2,2,1,2,2,7355,gemini,2024,여성,7
2,2,,,,2,3,3,2,3,2,3,3,2,1,2,2,1,2,2,2,3,3,2,2,3,3,4,3,1,1,2,2,1,2,2,7356,gemini,2024,여성,7
2,2,,,,2,3,3,2,3,2,3,2,2,1,2,1,1,2,1,1,3,3,2,2,3,3,4,3,1,1,2,1,1,2,2,7357,gemini,2024,여성,7
2,2,,,,2,2,3,2,3,2,3,3,1,1,1,1,1,2,2,2,3,3,2,2,2,3,4,3,1,1,2,1,1,2,2,7358,gemini,2024,여성,7
2,2,,,,2,3,3,2,3,2,3,2,2,1,1,1,1,2,2,2,3,3,2,2,2,3,3,3,1,1,2,2,1,2,2,7359,gemini,2024,여성,7
2,2,,,,2,3,3,2,3,2,3,3,2,1,2,1,1,2,2,2,3,3,2,2,2,3,3,3,1,1,2,1,1,2,2,7360,gemini,2024,여성,7
2,2,,,,2,3,3,2,3,2,3,3,2,1,1,1,1,2,2,1,3,3,2,2,2,3,4,3,2,1,2,2,1,2,2,7361,gemini,2024,여성,7
2,2,,,,2,3,3,2,3,2,3,3,2,1,2,2,1,2,2,2,4,3,2,2,3,3,4,3,2,1,2,2,1,2,2,7362,gemini,2024,여성,7
2,2,,,,2,3,3,2,3,2,3,2,2,1,1,1,1,2,2,2,3,3,2,2,2,3,3,3,1,1,2,2,1,2,2,7363,gemini,2024,여성,7
2,2,,,,2,3,3,2,3,2,3,2,1,1,1,1,1,1,1,1,3,3,2,2,2,2,3,2,2,1,2,2,1,2,2,7364,gemini,2024,여성,7
2,2,,,,2,3,3,2,3,2,3,3,2,1,1,1,1,2,2,2,3,3,2,2,2,3,3,3,1,1,2,2,1,2,2,7365,gemini,2024,여성,7
2,2,,,,2,3,3,2,3,2,3,2,2,1,2,1,1,2,1,1,3,3,2,2,2,3,3,2,1,1,2,1,1,2,2,7366,gemini,2024,여성,7
2,2,,,,2,3,3,2,3,2,3,3,2,2,2,2,1,2,2,2,3,3,2,2,3,3,4,3,2,1,2,1,1,2,2,7367,gemini,2024,여성,7
2,2,,,,2,2,3,2,3,2,3,3,2,1,2,2,1,2,2,2,3,3,2,2,2,3,3,3,1,1,2,1,1,2,2,7368,gemini,2024,여성,7
2,2,,,,2,3,3,2,3,2,3,3,2,1,2,1,1,2,2,2,3,3,2,2,2,3,4,3,1,1,2,1,1,2,2,7369,gemini,2024,여성,7
2,2,,,,2,3,3,2,3,2,3,2,1,1,1,1,1,2,1,1,3,3,2,2,2,3,3,3,2,1,2,2,1,2,2,7370,gemini,2024,여성,7
2,2,,,,2,3,3,2,3,2,3,2,2,1,2,1,1,2,2,2,3,3,2,2,3,3,4,3,1,1,2,2,1,2,2,7371,gemini,2024,여성,7
2,2,,,,2,2,3,2,3,2,3,3,2,1,2,2,1,2,2,2,3,3,2,2,2,3,3,3,1,1,2,1,1,2,2,7372,gemini,2024,여성,7
2,2,,,,2,3,3,2,3,2,3,2,2,1,1,1,1,2,2,2,3,3,2,2,2,2,3,3,1,1,2,2,1,2,2,7373,gemini,2024,여성,7
2,2,,,,2,2,3,2,3,2,3,3,2,1,2,2,1,2,2,2,3,3,2,2,2,3,3,3,1,1,2,1,1,2,2,7374,gemini,2024,여성,7
2,2,,,,2,3,3,2,3,2,3,2,2,1,2,1,1,2,1,2,3,3,2,2,2,3,4,3,1,1,2,2,1,2,2,7375,gemini,2024,여성,7
2,2,,,,2,3,3,2,3,2,3,2,2,1,2,1,1,2,1,2,3,3,2,2,2,3,3,3,2,1,2,2,1,2,2,7376,gemini,2024,여성,7
2,2,,,,2,3,3,2,3,2,3,2,2,1,2,1,1,2,2,2,3,3,2,2,3,3,4,3,1,1,2,1,1,2,2,7377,gemini,2024,여성,7
2,2,,,,2,3,3,2,3,2,3,3,2,1,2,2,1,2,2,2,3,3,2,2,3,3,3,3,2,1,2,2,1,2,2,7378,gemini,2024,여성,7
2,2,,,,2,3,3,2,3,2,3,2,2,1,2,2,1,2,1,1,3,3,2,2,2,3,3,3,1,1,2,1,1,2,2,7379,gemini,2024,여성,7
2,2,,,,2,3,3,2,3,3,3,3,2,1,2,1,1,2,2,2,3,3,2,2,3,3,4,3,1,1,2,1,1,2,2,7380,gemini,2024,여성,7
2,2,,,,2,3,3,2,3,2,3,2,2,1,2,1,1,2,1,1,3,3,2,2,3,3,4,3,1,1,2,1,1,2,2,7381,gemini,2024,여성,7
2,2,,,,2,3,3,2,3,2,3,3,2,1,2,2,1,2,1,2,3,3,2,2,3,3,4,3,1,1,2,2,1,2,2,7382,gemini,2024,여성,7
2,2,,,,2,2,3,2,3,2,3,2,2,1,1,1,1,2,2,2,3,3,2,2,2,2,3,3,1,1,2,2,1,2,2,7383,gemini,2024,여성,7
2,2,,,,2,3,3,2,3,2,3,2,1,1,1,1,1,1,1,1,3,3,2,2,2,3,3,2,1,1,2,1,1,2,2,7384,gemini,2024,여성,7
2,2,,,,2,3,3,2,3,2,3,3,2,1,1,1,1,2,2,2,3,3,2,2,2,3,3,3,1,1,2,2,1,2,2,7385,gemini,2024,여성,7
2,2,,,,2,2,3,2,3,2,3,2,2,1,2,1,1,2,2,2,3,3,2,2,3,3,4,3,1,1,2,1,1,2,2,7386,gemini,2024,여성,7
2,2,,,,2,3,3,2,3,2,3,2,2,1,2,1,1,2,2,2,3,3,2,2,3,3,3,3,1,1,2,2,1,2,2,7387,gemini,2024,여성,7
2,2,,,,2,3,3,2,3,2,3,3,2,1,1,1,1,2,2,1,3,3,2,2,2,3,4,3,2,1,2,2,1,2,2,7388,gemini,2024,여성,7
2,2,,,,2,2,3,2,3,2,3,2,2,1,2,1,1,2,2,2,3,3,2,2,3,3,4,3,1,1,2,2,1,2,2,7389,gemini,2024,여성,7
2,2,,,,2,3,3,2,3,2,3,2,1,1,1,1,1,1,1,1,3,3,2,2,2,3,3,2,1,1,2,2,1,2,2,7390,gemini,2024,여성,7
2,2,,,,2,3,3,2,3,2,3,2,2,1,1,1,1,2,2,2,3,3,2,2,3,3,4,3,1,1,2,2,1,2,2,7391,gemini,2024,여성,7
2,2,,,,2,2,3,2,3,2,3,2,2,1,1,1,1,2,2,2,3,3,2,2,2,3,3,2,1,1,2,2,1,2,2,7392,gemini,2024,여성,7
2,2,,,,2,2,3,2,3,2,3,2,1,1,1,1,1,1,1,1,3,3,2,2,2,3,3,2,1,1,2,2,1,2,2,7393,gemini,2024,여성,7
2,2,,,,2,3,3,2,3,2,3,2,2,1,1,1,1,2,2,2,3,3,2,2,2,3,3,3,1,1,2,1,1,2,2,7394,gemini,2024,여성,7
2,2,,,,2,3,3,2,3,2,3,3,2,1,2,1,1,2,2,2,4,4,2,2,3,3,3,3,1,1,2,1,1,2,2,7395,gemini,2024,여성,7
2,2,,,,2,3,3,2,3,2,3,2,2,1,1,1,1,2,1,1,3,3,2,2,2,3,3,2,1,1,2,2,1,2,2,7396,gemini,2024,여성,7
2,2,,,,2,3,3,2,3,2,3,2,2,1,2,1,1,2,2,2,3,3,2,2,2,2,3,3,1,1,2,1,1,2,2,7397,gemini,2024,여성,7
2,2,,,,2,3,3,2,3,2,3,3,2,1,2,2,1,2,2,2,3,3,2,2,3,3,4,3,1,1,2,1,1,2,2,7398,gemini,2024,여성,7
2,2,,,,2,2,3,2,3,2,3,3,2,1,2,2,1,2,2,2,3,3,2,2,2,3,3,3,2,1,2,2,1,2,2,7399,gemini,2024,여성,7
2,2,,,,2,3,3,2,3,2,3,3,2,1,2,2,1,2,2,2,3,3,2,2,2,3,3,3,1,1,2,2,1,2,2,7400,gemini,2024,여성,7
2,2,,,,2,2,3,2,3,2,3,2,2,1,1,1,1,2,2,2,3,3,2,2,2,3,4,3,2,1,2,2,1,2,2,7401,gemini,2024,여성,7
2,2,,,,2,3,3,2,3,2,3,2,2,1,2,1,1,2,2,2,3,3,2,2,2,3,4,3,1,1,2,2,1,2,2,7402,gemini,2024,여성,7
2,2,,,,2,3,3,2,3,2,3,2,2,1,2,1,1,2,2,2,3,3,2,2,3,3,4,3,1,1,2,1,1,2,2,7403,gemini,2024,여성,7
2,2,,,,2,3,3,2,3,2,3,2,2,1,2,1,1,2,1,1,3,3,2,2,2,3,4,3,1,1,2,1,1,2,2,7404,gemini,2024,여성,7
2,2,,,,2,2,3,2,3,2,3,3,2,1,2,2,1,2,2,2,3,3,2,2,2,3,3,3,2,1,2,2,1,2,2,7405,gemini,2024,여성,7
2,2,,,,2,2,3,2,3,2,3,3,2,1,1,1,1,2,2,2,3,3,2,2,2,3,3,3,1,1,2,1,1,2,2,7406,gemini,2024,여성,7
2,2,,,,2,3,3,2,3,2,3,2,1,1,1,1,1,1,1,1,3,3,2,2,2,3,3,3,1,1,2,2,1,2,2,7407,gemini,2024,여성,7
2,2,,,,2,2,3,2,3,2,3,2,2,1,1,1,1,2,2,2,3,3,2,2,2,3,4,3,1,1,2,2,1,2,2,7408,gemini,2024,여성,7
2,2,,,,2,3,3,2,3,2,3,2,2,1,2,2,1,2,1,1,3,3,2,2,2,3,3,3,1,1,2,2,1,2,2,7409,gemini,2024,여성,7
2,2,,,,2,3,3,2,3,2,3,2,2,1,1,1,1,2,2,2,3,3,2,2,2,3,3,3,1,1,2,2,1,2,2,7410,gemini,2024,여성,7
2,2,,,,2,2,3,2,3,2,3,2,2,1,1,1,1,2,2,2,3,3,2,2,2,3,4,3,1,1,2,1,1,2,2,7411,gemini,2024,여성,7
2,2,,,,2,3,3,2,3,2,3,2,1,1,1,1,1,1,1,1,3,3,2,2,2,3,4,3,1,1,2,2,1,2,2,7412,gemini,2024,여성,7
2,2,,,,1,2,2,2,3,2,3,2,1,1,1,1,1,2,1,1,3,3,2,2,2,3,3,2,1,1,2,2,1,2,2,7413,gemini,2024,여성,7
2,2,,,,2,2,3,2,3,2,3,2,2,1,2,1,1,2,2,2,3,3,2,2,2,3,4,3,1,1,2,1,1,2,2,7414,gemini,2024,여성,7
2,2,,,,2,3,3,2,3,2,3,3,2,2,2,2,1,2,2,2,3,3,2,2,3,3,4,3,1,1,1,1,1,2,2,7415,gemini,2024,여성,7
2,2,,,,2,3,3,2,3,2,3,2,2,1,2,1,1,2,2,2,3,3,2,2,3,3,4,3,1,1,2,1,1,2,2,7416,gemini,2024,여성,7
2,2,,,,2,3,3,2,3,2,3,3,2,2,2,2,1,2,2,2,3,3,2,2,3,3,4,3,1,1,2,1,1,2,2,7417,gemini,2024,여성,7
2,2,,,,2,3,3,2,3,2,3,3,2,1,2,2,1,2,2,2,3,3,2,2,3,3,4,3,1,1,2,2,1,2,2,7418,gemini,2024,여성,7
2,2,,,,2,2,3,2,3,2,3,3,2,1,2,2,1,2,2,2,3,3,2,2,2,3,3,3,2,1,2,2,1,2,2,7419,gemini,2024,여성,7
2,2,,,,2,2,2,2,3,2,3,2,2,1,1,1,1,2,2,2,3,3,2,2,2,3,3,3,1,1,2,2,1,2,2,7420,gemini,2024,여성,7
2,1,1.0,4.0,2.0,2,3,3,2,3,2,3,2,2,1,2,2,2,2,2,2,3,3,2,2,3,3,4,3,1,1,1,1,1,2,2,7421,gemini,2024,여성,7
2,2,,,,2,3,3,2,3,2,3,3,2,1,2,2,1,2,2,2,3,3,2,2,2,2,3,3,1,1,2,1,1,2,2,7422,gemini,2024,여성,7
2,2,,,,2,3,3,2,3,2,3,3,2,1,2,1,1,2,2,2,3,3,2,2,2,3,4,3,1,1,2,1,1,2,2,7423,gemini,2024,여성,7
2,2,,,,2,3,3,2,3,2,3,2,2,1,1,1,1,2,2,2,3,3,2,2,2,3,3,3,1,1,2,1,1,2,2,7424,gemini,2024,여성,7
2,2,,,,2,2,2,2,3,2,3,3,2,1,2,2,1,2,2,2,3,3,2,2,3,3,3,3,1,1,1,1,1,2,2,7425,gemini,2024,여성,7
2,2,,,,2,3,3,2,3,2,3,3,2,1,2,2,1,2,2,2,3,3,2,2,3,2,3,3,1,1,2,1,1,2,2,7426,gemini,2024,여성,7
2,2,,,,2,3,3,2,3,2,3,2,2,1,1,1,1,2,1,2,3,3,2,2,3,3,4,3,1,1,2,1,1,2,2,7427,gemini,2024,여성,7
2,2,,,,2,3,3,2,3,2,3,2,2,1,2,1,1,2,2,2,3,3,2,2,3,3,4,3,1,1,2,1,1,2,2,7428,gemini,2024,여성,7
2,2,,,,2,2,3,2,3,2,3,2,2,1,2,1,1,2,1,1,3,3,2,2,3,3,4,3,1,1,2,1,1,2,2,7429,gemini,2024,여성,7
2,2,,,,2,3,3,2,3,2,3,2,2,1,2,1,1,2,1,1,3,3,2,2,2,3,3,2,1,1,2,2,1,2,2,7430,gemini,2024,여성,7
2,2,,,,2,3,3,2,3,2,3,2,2,1,1,1,1,2,2,2,3,3,2,2,2,3,3,3,1,1,2,2,1,2,2,7431,gemini,2024,여성,7
2,2,,,,2,3,3,2,3,2,3,2,2,1,2,1,1,2,2,2,3,3,2,2,3,3,4,3,1,1,2,2,1,2,2,7432,gemini,2024,여성,7
2,2,,,,2,3,3,2,3,2,3,2,1,1,1,1,1,2,1,1,3,3,2,2,2,3,3,2,1,1,2,2,1,2,2,7433,gemini,2024,여성,7
2,2,,,,2,3,3,2,3,2,3,3,2,1,2,1,1,2,1,2,3,3,2,2,3,3,4,3,1,1,2,1,1,2,2,7434,gemini,2024,여성,7
2,2,,,,2,3,3,2,3,2,3,2,2,1,1,1,1,2,2,2,3,3,2,2,2,3,3,3,1,1,2,2,1,2,2,7435,gemini,2024,여성,7
2,2,,,,2,2,3,2,3,2,3,2,1,1,1,1,1,1,1,1,3,3,2,2,2,2,3,2,1,1,2,2,1,2,2,7436,gemini,2024,여성,7
2,2,,,,2,2,3,2,3,2,3,2,1,1,1,1,1,1,1,1,3,3,2,2,2,3,3,2,1,1,2,1,1,2,2,7437,gemini,2024,여성,7
2,2,,,,2,3,3,2,3,2,3,3,2,1,2,2,1,2,2,2,3,3,2,2,2,3,3,3,1,1,2,1,1,2,2,7438,gemini,2024,여성,7
2,2,,,,2,3,3,2,3,2,3,2,2,1,2,2,1,2,2,2,3,3,2,2,2,3,3,3,2,1,2,2,1,2,2,7439,gemini,2024,여성,7
2,2,,,,2,3,3,2,3,2,3,3,2,1,2,2,1,2,2,2,3,3,2,2,3,3,4,3,1,1,2,1,1,2,2,7440,gemini,2024,여성,7
2,2,,,,2,3,3,2,3,2,3,3,2,1,1,1,1,2,2,2,3,3,2,2,2,3,3,3,1,1,2,1,1,2,2,7441,gemini,2024,여성,7
2,2,,,,2,3,3,2,3,2,3,2,2,1,2,1,1,2,2,2,4,3,2,2,3,3,4,3,1,1,2,1,1,2,2,7442,gemini,2024,여성,7
2,2,,,,1,2,2,2,3,2,3,2,2,1,1,1,1,2,1,1,3,3,2,2,2,3,3,2,2,1,2,2,1,2,2,7443,gemini,2024,여성,7
2,2,,,,2,3,3,2,3,2,3,2,2,1,2,1,1,2,1,1,3,3,2,2,3,3,4,3,1,1,2,1,1,2,2,7444,gemini,2024,여성,7
2,2,,,,2,3,3,2,3,2,3,3,2,1,2,2,1,2,1,2,3,3,2,2,3,3,4,3,1,1,2,2,1,2,2,7445,gemini,2024,여성,7
2,2,,,,2,2,3,2,3,2,3,3,2,1,2,2,1,2,2,2,3,3,2,2,2,3,3,3,1,1,2,2,1,2,2,7446,gemini,2024,여성,7
2,2,,,,2,2,3,2,3,2,3,2,1,1,1,1,1,1,1,1,3,3,2,2,2,3,3,2,1,1,2,2,1,2,2,7447,gemini,2024,여성,7
2,2,,,,2,2,3,2,3,2,3,3,2,1,2,2,1,2,2,2,3,3,2,2,2,3,3,3,1,1,2,2,1,2,2,7448,gemini,2024,여성,7
2,2,,,,2,3,3,2,3,2,3,2,2,1,2,1,1,2,2,2,3,3,2,2,2,3,3,3,1,1,2,2,1,2,2,7449,gemini,2024,여성,7
2,2,,,,2,3,2,2,3,2,3,3,2,2,2,2,1,2,2,2,3,3,2,2,3,3,3,3,1,1,2,1,1,2,2,7450,gemini,2024,여성,7
2,2,,,,2,3,3,2,3,2,3,3,2,1,2,1,1,2,2,2,3,3,2,2,3,3,4,3,1,1,2,2,1,2,2,7451,gemini,2024,여성,7
2,2,,,,2,2,3,2,3,2,3,3,2,1,2,2,1,2,2,2,3,3,2,2,3,3,4,3,1,1,2,2,1,2,2,7452,gemini,2024,여성,7
2,2,,,,2,3,3,2,3,2,3,2,1,1,1,1,1,1,1,1,3,3,2,2,2,2,3,2,1,1,2,2,1,2,2,7453,gemini,2024,여성,7
2,2,,,,2,3,3,2,3,2,3,2,2,1,2,1,1,2,2,2,3,3,2,2,3,3,4,3,1,1,2,1,1,2,2,7454,gemini,2024,여성,7
2,2,,,,2,2,3,2,3,2,3,2,2,1,1,1,1,1,2,2,3,3,2,2,2,3,4,3,1,1,2,2,1,2,2,7455,gemini,2024,여성,7
2,2,,,,2,3,3,2,3,2,3,2,2,1,2,2,1,2,2,2,3,3,2,2,2,2,3,3,1,1,2,1,1,2,2,7456,gemini,2024,여성,7
2,2,,,,2,3,3,2,3,3,3,2,2,1,2,1,1,2,2,2,3,3,2,2,2,3,4,3,1,1,2,1,1,2,2,7457,gemini,2024,여성,7
2,2,,,,2,3,3,2,3,2,3,2,2,1,2,1,1,2,2,2,3,3,2,2,3,3,4,3,1,1,2,1,1,2,2,7458,gemini,2024,여성,7
2,2,,,,2,3,3,2,3,2,3,2,2,1,2,1,1,2,1,2,3,3,2,2,3,3,4,3,1,1,2,1,1,2,2,7459,gemini,2024,여성,7
2,2,,,,2,3,3,2,3,2,3,3,2,1,2,2,1,2,2,2,3,3,2,2,2,3,3,3,1,1,2,2,1,2,2,7460,gemini,2024,여성,7
2,2,,,,2,3,3,2,3,2,3,2,2,1,2,1,1,2,1,2,3,3,2,2,3,3,4,3,1,1,2,2,1,2,2,7461,gemini,2024,여성,7
2,2,,,,2,3,3,2,3,2,3,2,2,1,2,1,1,2,1,2,3,3,2,2,2,3,3,2,1,1,2,2,1,2,2,7462,gemini,2024,여성,7
2,2,,,,2,3,3,2,3,2,3,2,2,1,2,1,1,2,2,2,3,3,2,2,3,3,4,3,1,1,2,1,1,2,2,7463,gemini,2024,여성,7
2,2,,,,2,3,3,2,3,2,3,2,2,1,2,1,1,2,1,2,3,3,2,2,2,3,3,3,1,1,2,2,1,2,2,7464,gemini,2024,여성,7
2,2,,,,2,3,3,2,3,2,3,2,1,1,1,1,1,1,1,1,3,3,2,2,2,3,4,3,1,1,2,2,1,2,2,7465,gemini,2024,여성,7
2,2,,,,2,3,3,2,3,2,3,2,2,1,2,1,1,2,2,2,3,3,2,2,2,3,4,3,1,1,2,1,1,2,2,7466,gemini,2024,여성,7
2,2,,,,2,3,3,2,3,2,3,3,2,1,2,2,1,2,2,2,3,3,2,2,2,3,3,3,1,1,2,2,1,2,2,7467,gemini,2024,여성,7
2,2,,,,2,3,3,2,3,2,3,2,2,1,2,1,1,2,2,2,3,3,2,2,2,3,3,3,1,1,2,1,1,2,2,7468,gemini,2024,여성,7
2,2,,,,2,2,3,2,3,2,3,2,2,1,2,1,1,2,2,2,3,3,2,2,2,3,3,3,1,1,2,2,1,2,2,7469,gemini,2024,여성,7
2,2,,,,2,2,3,2,3,2,3,2,1,1,1,1,1,1,1,1,3,3,2,2,2,2,3,2,1,1,2,2,1,2,2,7470,gemini,2024,여성,7
2,2,,,,2,2,3,2,3,2,3,3,2,1,2,2,1,2,1,2,3,3,2,2,3,3,4,3,1,1,2,1,1,2,2,7471,gemini,2024,여성,7
2,2,,,,2,2,3,2,3,2,3,2,1,1,1,1,1,1,1,1,3,3,2,2,2,3,3,2,1,1,2,2,1,2,2,7472,gemini,2024,여성,7
2,2,,,,2,3,3,2,3,2,3,2,2,1,1,1,1,2,2,2,3,3,2,2,2,3,3,3,1,1,2,2,1,2,2,7473,gemini,2024,여성,7
2,2,,,,2,3,3,2,3,2,3,2,2,1,2,1,1,2,2,2,3,3,2,2,3,3,4,3,1,1,2,1,1,2,2,7474,gemini,2024,여성,7
2,2,,,,2,3,3,2,3,2,3,2,1,1,1,1,1,2,2,1,3,3,2,2,2,3,3,3,1,1,2,2,1,2,2,7475,gemini,2024,여성,7
2,2,,,,2,3,3,2,3,2,3,2,2,1,2,1,1,2,2,2,3,3,2,2,3,3,4,3,1,1,2,1,1,2,2,7476,gemini,2024,여성,7
2,2,,,,1,2,2,2,3,2,3,2,1,1,1,1,1,2,2,1,3,3,2,2,2,2,3,2,2,1,2,2,1,2,2,7477,gemini,2024,여성,7
2,2,,,,2,3,3,2,3,2,3,2,2,1,2,1,1,2,2,2,3,3,2,2,2,3,4,3,1,1,2,2,1,2,2,7478,gemini,2024,여성,7
2,2,,,,2,3,3,2,3,2,3,3,2,1,2,1,1,2,2,2,3,3,2,2,3,3,4,3,2,1,2,2,1,2,2,7479,gemini,2024,여성,7
2,2,,,,2,3,3,2,3,2,3,2,2,1,2,1,1,2,2,2,3,3,2,2,2,3,4,3,1,1,2,1,1,2,2,7480,gemini,2024,여성,7
2,2,,,,1,2,2,2,3,2,3,2,1,1,1,1,1,1,1,1,3,3,2,2,2,3,3,3,1,1,2,1,1,2,2,7481,gemini,2024,여성,7
2,2,,,,2,3,3,2,3,2,3,2,2,1,2,1,1,2,1,1,3,3,2,2,2,3,4,3,2,1,2,2,1,2,2,7482,gemini,2024,여성,7
2,2,,,,2,3,3,2,3,2,3,3,2,1,2,2,1,2,2,2,3,3,2,2,3,3,3,3,1,1,2,2,1,2,2,7483,gemini,2024,여성,7
2,2,,,,2,3,3,2,3,2,3,3,2,1,2,1,1,2,2,2,4,3,2,2,2,3,3,3,1,1,2,1,1,2,2,7484,gemini,2024,여성,7
2,2,,,,2,2,3,2,3,2,3,3,2,1,2,2,1,2,2,2,3,3,2,2,2,3,4,3,1,1,2,2,1,2,2,7485,gemini,2024,여성,7
2,2,,,,2,3,3,2,3,2,3,3,2,2,2,2,1,2,2,2,3,3,2,2,3,3,3,3,1,1,2,1,1,2,2,7486,gemini,2024,여성,7
2,2,,,,2,3,3,2,3,2,3,3,2,1,2,1,1,2,2,2,3,3,2,2,2,2,3,3,1,1,2,1,1,2,2,7487,gemini,2024,여성,7
2,2,,,,2,2,3,2,3,2,3,2,1,1,1,1,1,1,1,1,3,3,2,2,2,3,4,3,1,1,2,1,1,2,2,7488,gemini,2024,여성,7
2,2,,,,2,3,3,2,3,2,3,3,2,1,2,2,1,2,2,2,3,3,2,2,3,3,3,3,1,1,2,2,1,2,2,7489,gemini,2024,여성,7
2,2,,,,2,3,3,2,3,2,3,2,2,1,1,1,1,2,2,2,3,3,2,2,2,3,4,3,1,1,2,1,1,2,2,7490,gemini,2024,여성,7
2,2,,,,1,2,2,2,3,2,3,2,2,1,1,1,1,2,1,1,3,3,2,2,2,3,4,3,1,1,2,2,1,2,2,7491,gemini,2024,여성,7
2,2,,,,2,2,3,2,3,2,3,2,1,1,1,1,1,1,1,1,3,3,2,2,2,3,3,3,1,1,2,2,1,2,2,7492,gemini,2024,여성,7
2,2,,,,2,3,3,2,3,2,3,3,2,1,2,2,1,2,2,2,3,3,2,2,2,3,3,3,2,1,2,2,1,2,2,7493,gemini,2024,여성,7
2,2,,,,2,2,3,2,3,2,3,3,2,1,2,1,2,2,2,1,3,3,2,2,2,2,3,3,1,1,2,2,1,2,2,7494,gemini,2024,여성,7
2,2,,,,2,3,3,2,3,2,3,2,2,2,2,1,1,2,2,2,3,3,2,2,3,3,4,3,1,1,2,1,1,2,2,7495,gemini,2024,여성,7
2,2,,,,2,3,3,2,3,2,3,3,2,1,2,2,1,2,2,2,3,3,2,2,3,3,3,3,1,1,2,1,1,2,2,7496,gemini,2024,여성,7
2,2,,,,2,2,2,2,3,2,3,2,1,1,1,1,1,2,1,1,3,3,2,2,2,3,3,3,1,1,2,2,1,2,2,7497,gemini,2024,여성,7
2,2,,,,2,2,3,2,3,2,3,3,2,1,2,2,1,2,1,2,3,3,2,2,3,3,4,3,1,1,2,2,1,2,2,7498,gemini,2024,여성,7
2,2,,,,2,2,3,2,3,2,3,2,1,1,1,1,1,1,1,1,3,3,2,2,2,3,3,2,1,1,2,2,1,2,2,7499,gemini,2024,여성,7
2,2,,,,2,2,2,2,3,2,3,2,2,1,1,1,1,2,2,2,3,3,2,2,2,3,3,3,1,1,2,2,1,2,2,7500,gemini,2024,여성,7
2,2,,,,2,3,3,2,3,2,3,2,2,1,2,1,1,2,2,2,3,3,2,2,2,3,4,3,1,1,2,1,1,2,2,7501,gemini,2024,여성,7
2,2,,,,2,3,3,2,3,2,3,3,2,1,2,2,1,2,2,2,3,3,2,2,3,3,4,3,1,1,2,1,1,2,2,7502,gemini,2024,여성,7
2,2,,,,2,2,3,2,3,2,3,3,2,2,2,2,1,2,2,2,3,3,2,2,2,3,3,3,1,1,2,1,1,2,1,7503,gemini,2024,여성,7
2,2,,,,2,2,3,2,3,2,3,3,2,1,2,2,1,2,2,2,3,3,2,2,2,3,3,3,1,1,2,1,1,2,2,7504,gemini,2024,여성,7
2,2,,,,2,2,3,2,3,2,3,2,2,1,1,1,1,2,1,1,3,3,2,2,2,3,3,2,1,1,2,1,1,2,2,7505,gemini,2024,여성,7
2,2,,,,2,3,3,2,3,2,3,2,1,1,1,1,1,2,2,2,3,3,2,2,2,3,4,3,1,1,2,1,1,2,2,7506,gemini,2024,여성,7
2,2,,,,2,3,3,2,3,2,3,2,2,1,2,1,1,2,1,1,3,3,2,2,2,3,3,2,1,1,2,1,1,2,2,7507,gemini,2024,여성,7
2,2,,,,2,3,3,2,3,2,3,2,2,1,2,1,1,2,1,1,3,3,2,2,2,3,3,3,1,1,2,2,1,2,2,7508,gemini,2024,여성,7
2,2,,,,2,3,3,2,3,2,3,2,2,1,1,1,1,2,2,2,3,3,2,2,2,3,3,3,1,1,2,1,1,2,2,7509,gemini,2024,여성,7
2,2,,,,2,3,3,2,3,2,3,2,2,1,2,1,1,2,2,2,3,3,2,2,3,3,4,3,1,1,2,1,1,2,2,7510,gemini,2024,여성,7
2,2,,,,2,3,3,2,3,2,3,2,2,1,2,1,1,2,2,2,3,3,2,2,3,3,4,3,1,1,2,1,1,2,2,7511,gemini,2024,여성,7
2,2,,,,2,3,3,2,3,2,3,2,2,1,2,2,1,2,1,2,3,3,2,2,2,2,3,3,1,1,2,1,1,2,2,7512,gemini,2024,여성,7
2,2,,,,2,3,3,2,3,2,3,2,2,1,2,2,1,2,2,2,3,3,2,2,2,3,4,3,1,1,2,2,1,2,2,7513,gemini,2024,여성,7
2,2,,,,2,3,3,2,3,2,3,2,2,1,2,1,1,2,2,2,3,3,2,2,2,3,4,3,1,1,2,1,1,2,1,7514,gemini,2024,여성,7
2,2,,,,2,3,3,2,3,2,3,2,2,1,2,1,1,2,1,1,3,3,2,2,2,3,3,2,1,1,2,2,1,2,2,7515,gemini,2024,여성,7
2,2,,,,2,3,3,2,3,2,3,2,2,1,1,1,1,2,2,2,3,3,2,2,3,3,4,3,1,1,2,2,1,2,2,7516,gemini,2024,여성,7
2,2,,,,2,3,3,2,3,2,3,2,1,1,1,1,1,1,1,1,3,3,2,2,2,3,3,2,2,1,2,2,1,2,2,7517,gemini,2024,여성,7
2,2,,,,2,3,3,2,3,2,3,2,2,1,2,1,1,2,2,2,3,3,2,2,3,3,4,3,1,1,2,2,1,2,2,7518,gemini,2024,여성,7
2,2,,,,2,3,3,2,3,2,3,3,2,1,1,2,1,2,2,2,4,3,2,2,2,3,3,3,1,1,2,1,1,2,2,7519,gemini,2024,여성,7
2,2,,,,2,3,3,2,3,2,3,3,2,1,2,1,1,2,2,2,3,3,2,2,3,3,3,3,1,1,2,1,1,2,2,7520,gemini,2024,여성,7
2,2,,,,2,3,3,2,3,2,3,2,2,1,2,2,1,2,2,2,3,3,2,2,3,3,4,3,1,1,2,2,1,2,2,7521,gemini,2024,여성,7
2,2,,,,2,2,3,2,3,2,3,2,2,1,1,1,1,2,2,2,3,3,2,2,2,3,4,3,1,1,2,1,1,2,2,7522,gemini,2024,여성,7
2,2,,,,2,2,3,2,3,2,3,2,2,1,2,1,1,2,2,2,3,3,2,2,3,3,4,3,1,1,2,2,1,2,2,7523,gemini,2024,여성,7
2,2,,,,2,2,3,2,3,2,3,2,1,1,1,1,1,1,1,1,3,3,2,2,2,2,3,2,1,1,2,2,1,2,2,7524,gemini,2024,여성,7
2,2,,,,1,2,2,2,3,2,3,2,1,1,1,1,1,1,1,1,3,3,2,2,2,2,3,2,2,1,2,2,1,2,2,7525,gemini,2024,여성,7
2,2,,,,2,2,3,2,3,2,3,2,1,1,1,1,1,2,1,1,3,3,2,2,2,3,4,3,1,1,2,2,1,2,2,7526,gemini,2024,여성,7
2,2,,,,2,3,3,2,3,2,3,2,2,1,2,1,1,2,1,2,3,3,2,2,3,3,4,3,1,1,2,1,1,2,2,7527,gemini,2024,여성,7
2,2,,,,2,3,3,2,3,2,3,2,2,1,1,1,1,2,1,1,3,3,2,2,3,3,3,3,1,1,2,2,1,2,2,7528,gemini,2024,여성,7
2,2,,,,2,3,3,2,3,2,3,3,2,1,2,2,1,2,2,2,3,3,2,2,3,3,4,3,1,1,2,1,1,2,2,7529,gemini,2024,여성,7
2,2,,,,2,3,3,2,3,2,3,2,2,1,2,1,1,2,2,2,3,3,2,2,2,3,4,3,1,1,2,1,1,2,2,7530,gemini,2024,여성,7
2,2,,,,2,3,3,2,3,2,3,2,2,1,2,1,1,2,1,1,3,3,2,2,2,3,3,2,2,1,2,2,1,2,2,7531,gemini,2024,여성,7
2,2,,,,2,3,3,2,3,2,3,2,1,1,1,1,1,1,1,1,3,3,2,2,2,2,3,2,1,1,2,2,1,2,2,7532,gemini,2024,여성,7
2,2,,,,2,3,3,2,3,3,3,3,2,2,2,2,1,2,2,2,3,3,2,2,3,3,4,3,2,1,2,2,1,2,2,7533,gemini,2024,여성,7
2,2,,,,2,3,3,2,3,2,3,2,2,1,1,1,1,2,2,2,3,3,2,2,2,3,4,3,1,1,2,2,1,2,2,7534,gemini,2024,여성,7
2,2,,,,2,2,3,2,3,2,3,3,2,2,2,2,1,2,2,2,3,3,2,2,3,3,4,3,2,1,2,2,1,2,2,7535,gemini,2024,여성,7
2,2,,,,2,3,3,2,3,2,3,2,2,1,1,1,1,2,2,2,3,3,2,2,3,3,3,3,1,1,2,2,1,2,2,7536,gemini,2024,여성,7
2,2,,,,2,3,3,2,3,2,3,2,2,1,2,1,1,2,1,2,3,3,2,2,3,3,4,3,1,1,2,2,1,2,2,7537,gemini,2024,여성,7
2,2,,,,2,2,2,2,3,2,3,2,2,1,1,1,1,2,1,1,3,3,2,2,2,3,3,3,1,1,2,1,1,2,2,7538,gemini,2024,여성,7
2,2,,,,2,3,3,2,3,2,3,2,2,2,2,2,1,2,2,2,3,3,2,2,3,3,4,3,2,1,2,1,1,2,2,7539,gemini,2024,여성,7
2,2,,,,2,3,3,2,3,3,3,3,2,1,2,2,1,2,2,2,3,3,2,2,3,3,4,3,1,1,2,1,1,2,2,7540,gemini,2024,여성,7
2,2,,,,2,3,3,2,3,2,3,3,2,1,2,1,1,2,2,2,3,3,2,2,3,3,4,3,1,1,2,1,1,2,2,7541,gemini,2024,여성,7
2,2,,,,2,3,3,2,3,2,3,2,2,1,2,1,1,2,2,2,3,3,2,2,3,3,4,3,1,1,2,1,1,2,2,7542,gemini,2024,여성,7
2,2,,,,2,3,3,2,3,2,3,3,2,1,2,2,1,2,2,2,3,3,2,2,3,3,4,3,1,1,2,1,1,2,2,7543,gemini,2024,여성,7
2,2,,,,2,3,3,2,3,2,3,2,2,1,1,1,1,1,1,1,3,3,2,2,2,3,3,3,1,1,2,2,1,2,2,7544,gemini,2024,여성,7
2,2,,,,2,3,3,2,3,2,3,3,2,1,2,2,1,2,2,2,3,3,2,2,3,3,3,3,1,1,2,2,1,2,2,7545,gemini,2024,여성,7
2,2,,,,2,2,3,2,3,2,3,2,2,1,2,1,1,2,2,2,3,3,2,2,2,3,3,3,1,1,2,1,1,2,2,7546,gemini,2024,여성,7
2,2,,,,2,2,3,2,3,2,3,2,2,1,2,1,1,2,2,2,3,3,2,2,2,3,4,3,1,1,2,2,1,2,2,7547,gemini,2024,여성,7
2,2,,,,2,2,3,2,3,2,3,2,2,1,2,2,1,2,2,2,3,3,2,2,3,3,3,2,1,1,2,1,1,2,2,7548,gemini,2024,여성,7
2,2,,,,2,3,3,2,3,2,3,2,2,1,2,1,1,2,2,2,3,3,2,2,2,3,4,3,1,1,2,1,1,2,2,7549,gemini,2024,여성,7
2,2,,,,2,3,3,2,3,2,3,2,1,1,1,1,1,1,1,1,3,3,2,2,2,3,3,3,1,1,2,1,1,2,2,7550,gemini,2024,여성,7
2,2,,,,2,2,3,2,3,2,3,3,2,1,2,2,1,2,2,2,3,3,2,2,3,3,4,3,1,1,2,1,1,2,2,7551,gemini,2024,여성,7
2,2,,,,2,3,3,2,3,2,3,2,2,1,2,1,1,2,1,1,3,3,2,2,2,3,3,2,2,1,2,2,1,2,2,7552,gemini,2024,여성,7
2,2,,,,2,3,3,2,3,2,3,2,2,1,2,1,1,2,2,2,3,3,2,2,3,3,4,3,1,1,2,1,1,2,2,7553,gemini,2024,여성,7
2,2,,,,2,3,3,2,3,2,3,3,2,1,2,1,1,2,2,2,3,3,2,2,2,3,4,3,1,1,2,1,1,2,2,7554,gemini,2024,여성,7
2,2,,,,2,2,3,2,3,2,3,2,2,2,2,2,2,2,2,2,3,3,2,2,2,2,3,2,1,1,2,2,1,2,1,7555,gemini,2024,여성,7
2,2,,,,2,2,2,2,3,2,3,2,1,1,1,1,1,2,1,1,3,3,2,2,2,3,3,2,1,1,2,2,1,2,2,7556,gemini,2024,여성,7
2,2,,,,2,3,3,2,3,2,3,3,2,1,2,1,1,2,2,2,3,3,2,2,3,3,4,3,1,1,2,2,1,2,2,7557,gemini,2024,여성,7
2,2,,,,2,3,3,2,3,2,3,2,2,1,2,1,1,2,2,2,3,3,2,2,3,3,3,3,1,1,2,1,1,2,2,7558,gemini,2024,여성,7
2,2,,,,2,3,3,2,3,2,3,2,2,1,2,1,1,2,1,1,3,3,2,2,2,3,4,3,1,1,2,1,1,2,2,7559,gemini,2024,여성,7
2,2,,,,2,3,3,2,3,2,3,3,2,1,2,2,1,2,2,2,3,3,2,2,3,3,4,3,1,1,2,1,1,2,2,7560,gemini,2024,여성,7
2,2,,,,1,2,2,2,3,2,3,2,1,1,1,1,1,1,1,1,3,3,2,2,2,2,3,3,2,1,2,2,1,2,2,7561,gemini,2024,여성,7
2,2,,,,2,2,3,2,3,2,3,2,1,1,1,1,1,2,1,1,3,3,2,2,2,2,3,3,1,1,2,1,1,2,2,7562,gemini,2024,여성,7
2,2,,,,2,3,3,2,3,2,3,2,2,1,2,1,1,2,2,2,3,3,2,2,3,3,4,3,1,1,2,1,1,2,2,7563,gemini,2024,여성,7
2,2,,,,2,3,3,2,3,2,3,2,1,1,1,1,1,2,2,1,3,3,2,2,2,3,3,3,1,1,2,2,1,2,2,7564,gemini,2024,여성,7
2,2,,,,2,3,3,2,3,2,3,2,2,1,2,1,1,2,2,2,3,3,2,2,3,3,4,3,1,1,2,1,1,2,2,7565,gemini,2024,여성,7
2,2,,,,2,2,3,2,3,2,3,2,2,1,1,1,1,2,2,2,3,3,2,2,2,2,3,3,1,1,2,1,1,2,2,7566,gemini,2024,여성,7
2,2,,,,2,3,3,2,3,2,3,2,2,1,2,1,1,2,1,2,3,3,2,2,2,3,4,3,2,1,2,1,1,2,2,7567,gemini,2024,여성,7
1,2,,,,2,2,2,2,3,2,3,2,2,1,2,1,1,2,2,2,3,3,2,2,3,2,3,2,2,1,2,2,1,2,2,7568,gemini,2024,여성,8
1,2,,,,1,2,2,1,3,2,3,2,1,1,1,1,1,1,1,1,2,2,1,1,2,2,3,2,2,1,2,2,1,2,2,7569,gemini,2024,여성,8
1,2,,,,2,2,2,2,3,2,3,2,2,1,1,1,1,1,1,1,2,2,2,2,2,2,3,2,2,1,2,2,1,2,2,7570,gemini,2024,여성,8
1,2,,,,1,2,2,1,3,2,2,2,1,1,1,1,1,1,1,1,2,2,1,1,2,2,3,2,2,1,2,2,1,2,2,7571,gemini,2024,여성,8
1,2,,,,1,2,2,2,3,2,3,2,1,1,1,1,1,1,1,1,3,3,2,2,2,2,3,2,2,1,2,2,1,2,2,7572,gemini,2024,여성,8
2,2,,,,2,2,2,2,3,2,3,2,2,1,1,1,1,1,1,1,2,2,2,2,2,2,3,2,2,1,2,2,1,2,2,7573,gemini,2024,여성,8
1,2,,,,1,2,2,1,3,2,3,2,2,1,1,1,1,1,1,1,2,2,1,1,2,2,3,2,2,1,2,2,1,2,2,7574,gemini,2024,여성,8
2,2,,,,2,2,2,2,3,2,3,2,1,1,1,1,1,1,1,1,3,3,2,2,2,2,4,3,2,1,2,2,1,2,2,7575,gemini,2024,여성,8
1,2,,,,1,1,1,1,2,1,2,1,1,1,1,1,1,1,1,1,2,2,1,1,2,2,2,2,2,1,2,2,1,2,2,7576,gemini,2024,여성,8
1,2,,,,1,2,2,1,3,2,3,2,1,1,1,1,1,1,1,1,2,2,1,1,2,2,3,2,2,1,2,2,1,2,2,7577,gemini,2024,여성,8
1,2,,,,1,2,2,1,3,2,3,2,1,1,1,1,1,1,1,1,2,2,1,1,2,2,3,2,2,1,2,2,1,2,2,7578,gemini,2024,여성,8
1,2,,,,1,2,2,1,3,2,3,2,1,1,1,1,1,1,1,1,2,2,1,1,2,2,3,2,2,1,2,2,1,2,2,7579,gemini,2024,여성,8
2,2,,,,2,2,2,2,3,2,3,2,1,1,1,1,1,1,1,1,3,3,2,2,2,2,3,2,2,1,2,2,1,2,2,7580,gemini,2024,여성,8
2,2,,,,2,2,2,2,3,2,3,2,1,1,1,1,1,2,2,1,3,3,2,2,2,2,3,2,1,1,2,2,1,2,2,7581,gemini,2024,여성,8
2,2,,,,2,2,2,2,3,2,3,2,2,1,1,1,1,1,1,1,3,3,2,2,2,2,3,2,2,1,2,2,1,2,2,7582,gemini,2024,여성,8
1,2,,,,1,2,2,1,3,2,3,2,1,1,1,1,1,1,1,1,2,2,1,1,2,2,3,2,2,1,2,2,1,2,2,7583,gemini,2024,여성,8
1,2,,,,1,2,2,1,3,2,3,2,2,1,1,1,1,1,1,1,2,2,2,1,2,2,3,2,2,1,2,2,1,2,2,7584,gemini,2024,여성,8
1,2,,,,2,2,2,2,3,2,3,2,2,1,1,1,1,1,1,1,2,2,2,2,2,2,3,2,2,1,2,2,1,2,2,7585,gemini,2024,여성,8
2,2,,,,2,2,2,2,3,2,2,2,1,1,1,1,1,1,1,1,2,2,2,1,2,2,3,2,2,1,2,2,1,2,2,7586,gemini,2024,여성,8
1,2,,,,1,2,2,1,3,2,3,2,1,1,1,1,1,1,1,1,3,3,2,2,2,2,3,2,2,1,2,2,1,2,2,7587,gemini,2024,여성,8
2,2,,,,1,1,1,1,2,1,2,1,1,1,1,1,1,1,1,1,2,2,2,1,2,2,3,2,2,1,2,2,1,2,2,7588,gemini,2024,여성,8
1,2,,,,1,2,2,1,2,1,2,1,1,1,1,1,1,1,1,1,2,2,1,1,2,2,3,2,2,1,2,2,1,2,2,7589,gemini,2024,여성,8
1,2,,,,2,2,2,2,3,2,3,2,1,1,1,1,1,1,1,1,2,2,2,1,2,2,3,2,2,1,2,2,1,2,2,7590,gemini,2024,여성,8
2,2,,,,2,2,2,2,3,2,3,2,2,1,1,1,1,2,2,1,3,3,2,2,2,3,4,3,2,1,2,2,1,2,2,7591,gemini,2024,여성,8
1,2,,,,2,2,2,2,3,2,2,2,1,1,1,1,1,1,1,1,2,2,1,1,2,2,3,2,2,1,2,2,1,2,2,7592,gemini,2024,여성,8
1,2,,,,1,2,2,1,3,2,3,2,1,1,1,1,1,1,1,1,2,2,2,1,2,2,3,2,2,1,2,2,1,2,2,7593,gemini,2024,여성,8
1,2,,,,1,2,2,1,3,2,3,2,1,1,1,1,1,1,1,1,2,2,1,1,2,2,3,2,2,1,2,2,1,2,2,7594,gemini,2024,여성,8
2,2,,,,1,1,2,1,3,2,3,2,1,1,1,1,1,1,1,1,3,3,2,2,3,3,4,3,2,1,2,2,1,2,2,7595,gemini,2024,여성,8
1,2,,,,1,2,2,1,3,2,3,2,1,1,1,1,1,1,1,1,3,3,2,1,2,2,4,2,2,1,2,2,1,2,2,7596,gemini,2024,여성,8
1,2,,,,2,2,2,2,3,2,3,2,2,1,1,1,1,2,2,1,3,3,2,2,3,3,4,3,2,1,2,2,1,2,2,7597,gemini,2024,여성,8
1,2,,,,1,2,2,1,3,2,3,2,1,1,1,1,1,1,1,1,3,3,1,1,2,2,2,2,2,1,2,2,1,2,2,7598,gemini,2024,여성,8
1,2,,,,2,2,2,2,3,2,2,2,2,1,1,1,1,1,1,1,2,2,2,2,2,2,3,2,2,1,2,2,1,2,2,7599,gemini,2024,여성,8
1,2,,,,1,2,2,1,3,2,2,2,1,1,1,1,1,1,1,1,2,2,2,1,2,2,3,2,2,1,2,2,1,2,2,7600,gemini,2024,여성,8
1,2,,,,1,2,2,2,3,2,3,2,1,1,1,1,1,1,1,1,2,2,2,1,2,2,3,2,2,1,2,2,1,2,2,7601,gemini,2024,여성,8
1,2,,,,1,2,2,1,3,2,3,2,2,1,1,1,1,1,1,1,2,2,1,1,2,2,3,2,2,1,2,2,1,2,2,7602,gemini,2024,여성,8
2,2,,,,1,2,2,1,3,2,3,2,1,1,1,1,1,1,1,1,3,3,2,2,2,3,3,2,2,1,2,2,1,2,2,7603,gemini,2024,여성,8
1,2,,,,2,2,2,2,3,2,3,2,1,1,1,1,1,1,1,1,2,2,1,1,2,2,2,2,2,1,2,2,1,2,2,7604,gemini,2024,여성,8
1,2,,,,1,1,1,1,2,2,2,1,1,1,1,1,1,1,1,1,2,2,1,1,2,2,3,2,2,1,2,2,1,2,2,7605,gemini,2024,여성,8
1,2,,,,2,2,2,2,3,2,2,2,2,1,1,1,1,1,1,1,2,2,2,2,2,2,3,2,2,1,2,2,1,2,2,7606,gemini,2024,여성,8
2,2,,,,2,2,2,2,3,2,3,2,2,1,1,1,1,2,2,1,3,3,2,2,2,2,3,2,2,1,2,2,1,2,2,7607,gemini,2024,여성,8
1,2,,,,1,2,2,1,3,2,3,2,1,1,1,1,1,1,1,1,2,2,2,2,2,2,3,2,2,1,2,2,1,2,2,7608,gemini,2024,여성,8
1,2,,,,1,2,2,1,3,2,3,2,1,1,1,1,1,1,1,1,3,3,1,1,2,2,4,2,2,1,2,2,1,2,2,7609,gemini,2024,여성,8
1,2,,,,1,2,2,2,3,2,3,2,1,1,1,1,1,1,1,1,2,2,2,1,2,2,3,2,2,1,2,2,1,2,2,7610,gemini,2024,여성,8
1,2,,,,2,2,2,2,3,2,3,2,2,1,1,1,1,2,2,1,3,3,2,2,2,2,3,2,2,1,2,2,1,2,2,7611,gemini,2024,여성,8
2,2,,,,2,2,2,2,3,2,3,2,2,1,1,1,1,1,1,1,3,3,2,2,2,2,3,2,2,1,2,2,1,2,2,7612,gemini,2024,여성,8
1,2,,,,1,1,1,1,2,1,2,1,1,1,1,1,1,1,1,1,2,2,1,1,2,2,2,1,2,1,2,2,1,2,2,7613,gemini,2024,여성,8
1,2,,,,1,1,2,1,3,2,3,2,1,1,1,1,1,1,1,1,2,2,1,1,2,2,3,2,2,1,2,2,1,2,2,7614,gemini,2024,여성,8
1,2,,,,1,1,2,1,3,2,3,2,1,1,1,1,1,1,1,1,3,3,2,2,2,2,3,2,2,1,2,2,1,2,2,7615,gemini,2024,여성,8
1,2,,,,1,1,1,1,2,1,2,1,1,1,1,1,1,1,1,1,2,2,1,1,2,2,3,2,2,1,2,2,1,2,2,7616,gemini,2024,여성,8
1,2,,,,2,2,2,2,3,2,3,2,1,1,1,1,1,1,1,1,3,3,2,2,2,2,3,2,2,1,2,2,1,2,2,7617,gemini,2024,여성,8
1,2,,,,1,1,1,1,2,1,2,1,1,1,1,1,1,1,1,1,2,2,2,1,2,2,3,2,2,1,2,2,1,2,2,7618,gemini,2024,여성,8
1,2,,,,1,2,2,1,3,2,2,2,1,1,1,1,1,1,1,1,2,2,1,1,2,2,3,2,2,1,2,2,1,2,2,7619,gemini,2024,여성,8
1,2,,,,1,2,2,1,3,2,3,2,1,1,1,1,1,1,1,1,2,2,1,1,2,2,3,2,2,1,2,2,1,2,2,7620,gemini,2024,여성,8
2,2,,,,2,2,2,2,3,2,3,2,1,1,1,1,1,1,1,1,3,3,2,2,2,2,3,2,2,1,2,2,1,2,2,7621,gemini,2024,여성,8
1,2,,,,2,2,2,2,3,2,3,2,1,1,1,1,1,1,1,1,2,2,2,1,2,2,3,2,2,1,2,2,1,2,2,7622,gemini,2024,여성,8
2,2,,,,2,2,2,2,3,2,3,2,1,1,1,1,1,1,1,1,3,3,2,2,2,2,3,2,2,1,2,2,1,2,2,7623,gemini,2024,여성,8
1,2,,,,1,2,2,1,3,2,3,2,1,1,1,1,1,1,1,1,3,3,2,1,2,2,3,2,2,1,2,2,1,2,2,7624,gemini,2024,여성,8
1,2,,,,1,1,1,1,2,1,2,1,1,1,1,1,1,1,1,1,2,2,1,1,2,2,3,2,2,1,2,2,1,2,2,7625,gemini,2024,여성,8
2,2,,,,2,2,2,2,3,2,3,2,2,1,1,1,1,1,1,1,2,2,2,2,2,2,3,2,2,1,2,2,1,2,2,7626,gemini,2024,여성,8
1,2,,,,1,2,2,1,3,2,3,2,1,1,1,1,1,1,1,1,2,2,1,1,2,2,3,2,2,1,2,2,1,2,2,7627,gemini,2024,여성,8
2,2,,,,2,2,2,2,3,2,3,2,2,1,1,1,1,2,2,1,3,3,2,2,2,2,3,2,2,1,2,2,1,2,2,7628,gemini,2024,여성,8
1,2,,,,1,2,2,1,3,2,2,2,1,1,1,1,1,1,1,1,2,2,2,1,2,2,3,2,2,1,2,2,1,2,2,7629,gemini,2024,여성,8
1,2,,,,1,1,1,1,2,1,2,1,1,1,1,1,1,1,1,1,2,2,1,1,2,2,2,2,2,1,2,2,1,2,2,7630,gemini,2024,여성,8
1,2,,,,1,2,2,1,3,2,3,2,1,1,1,1,1,1,1,1,2,2,1,1,2,2,3,2,2,1,2,2,1,2,2,7631,gemini,2024,여성,8
1,2,,,,2,2,2,2,3,2,2,2,2,1,1,1,1,2,2,1,3,3,2,1,2,2,3,2,2,1,2,2,1,2,2,7632,gemini,2024,여성,8
2,2,,,,2,2,2,2,3,2,3,2,2,1,1,1,1,1,1,1,2,2,2,2,2,2,2,2,2,1,2,2,1,2,2,7633,gemini,2024,여성,8
2,2,,,,2,2,2,2,3,2,3,2,2,1,1,1,1,1,1,1,2,2,2,2,2,2,3,2,2,1,2,2,1,2,2,7634,gemini,2024,여성,8
1,2,,,,1,1,1,1,3,2,3,2,1,1,1,1,1,1,1,1,2,2,1,1,2,2,3,2,2,1,2,2,1,2,2,7635,gemini,2024,여성,8
2,2,,,,2,2,2,2,3,2,3,2,2,1,1,1,1,1,1,1,2,2,2,2,2,2,3,2,2,1,2,2,1,2,2,7636,gemini,2024,여성,8
2,2,,,,2,2,2,2,3,2,3,2,2,1,1,1,1,2,1,1,3,3,2,2,2,2,3,2,2,1,2,2,1,2,2,7637,gemini,2024,여성,8
2,2,,,,2,2,3,2,3,2,3,2,1,1,1,1,1,1,1,1,3,3,2,2,2,2,4,3,2,1,2,2,1,2,2,7638,gemini,2024,여성,8
1,2,,,,1,2,2,1,3,2,3,2,1,1,1,1,1,1,1,1,2,2,1,1,2,2,3,2,2,1,2,2,1,2,2,7639,gemini,2024,여성,8
2,2,,,,1,2,2,2,3,2,3,2,1,1,1,1,1,1,1,1,3,3,2,2,2,2,3,2,2,1,2,2,1,2,2,7640,gemini,2024,여성,8
1,2,,,,1,1,1,1,2,1,2,1,1,1,1,1,1,1,1,1,2,2,1,1,2,2,3,2,2,1,2,2,1,2,2,7641,gemini,2024,여성,8
1,2,,,,1,1,2,1,3,2,3,2,1,1,1,1,1,1,1,1,2,2,1,1,2,2,3,2,2,1,2,2,1,2,2,7642,gemini,2024,여성,8
2,2,,,,2,2,2,2,3,2,3,2,2,1,1,1,1,1,1,1,2,2,2,2,2,2,3,2,2,1,2,2,1,2,2,7643,gemini,2024,여성,8
1,2,,,,2,2,2,2,3,2,3,2,1,1,1,1,1,1,1,1,2,2,2,2,2,2,3,2,2,1,2,2,1,2,2,7644,gemini,2024,여성,8
1,2,,,,1,1,1,1,2,1,2,1,1,1,1,1,1,1,1,1,2,2,1,1,2,2,3,2,2,1,2,2,1,2,2,7645,gemini,2024,여성,8
1,2,,,,2,2,2,2,3,2,2,2,1,1,1,1,1,1,1,1,3,3,2,2,2,2,3,2,2,1,2,2,1,2,2,7646,gemini,2024,여성,8
2,2,,,,2,2,2,2,3,2,3,2,1,1,1,1,1,1,1,1,3,3,2,2,2,2,3,2,2,1,2,2,1,2,2,7647,gemini,2024,여성,8
1,2,,,,1,2,2,1,3,2,3,2,1,1,1,1,1,1,1,1,2,2,1,1,2,2,3,2,2,1,2,2,1,2,2,7648,gemini,2024,여성,8
2,2,,,,2,2,2,2,3,2,3,2,2,1,1,1,1,2,1,1,3,3,2,2,2,2,3,2,2,1,2,2,1,2,2,7649,gemini,2024,여성,8
2,2,,,,1,1,2,1,3,2,3,2,1,1,1,1,1,1,1,1,3,3,2,2,2,2,4,3,2,1,2,2,1,2,2,7650,gemini,2024,여성,8
1,2,,,,2,2,2,2,3,2,3,2,1,1,1,1,1,1,1,1,3,3,2,2,2,2,4,2,2,1,2,2,1,2,2,7651,gemini,2024,여성,8
2,2,,,,2,2,2,2,3,2,3,2,2,1,1,1,1,2,1,1,3,3,2,2,3,3,4,3,2,1,2,2,1,2,2,7652,gemini,2024,여성,8
1,2,,,,1,2,2,1,3,2,3,2,1,1,1,1,1,1,1,1,2,2,2,1,2,2,3,2,2,1,2,2,1,2,2,7653,gemini,2024,여성,8
1,2,,,,1,1,1,1,2,1,2,1,1,1,1,1,1,1,1,1,2,2,1,1,2,2,3,2,2,1,2,2,1,2,2,7654,gemini,2024,여성,8
1,2,,,,2,2,2,2,3,2,3,2,1,1,1,1,1,1,1,1,2,2,2,2,2,2,3,2,2,1,2,2,1,2,2,7655,gemini,2024,여성,8
2,2,,,,2,2,2,2,3,2,3,2,1,1,1,1,1,2,1,1,3,3,2,2,2,3,4,2,2,1,2,2,1,2,2,7656,gemini,2024,여성,8
1,2,,,,2,2,2,2,3,2,3,2,1,1,1,1,1,1,1,1,2,2,2,2,2,2,3,2,2,1,2,2,1,2,2,7657,gemini,2024,여성,8
2,2,,,,2,2,2,2,3,2,2,2,2,1,1,1,1,1,1,1,2,2,1,1,2,2,3,2,2,1,2,2,1,2,2,7658,gemini,2024,여성,8
1,2,,,,1,2,2,1,3,2,3,2,1,1,1,1,1,1,1,1,2,2,1,1,2,2,3,2,2,1,2,2,1,2,2,7659,gemini,2024,여성,8
2,2,,,,2,2,2,2,3,2,3,2,2,1,2,1,1,1,1,1,2,2,2,2,2,2,3,2,2,1,2,2,1,2,2,7660,gemini,2024,여성,8
1,2,,,,1,2,2,2,3,2,3,2,1,1,1,1,1,1,1,1,3,3,2,1,2,2,3,2,2,1,2,2,1,2,2,7661,gemini,2024,여성,8
2,2,,,,2,2,2,2,3,2,3,2,2,1,1,1,1,2,2,1,2,2,1,1,2,2,3,2,2,1,2,2,1,2,2,7662,gemini,2024,여성,8
2,2,,,,2,2,2,2,3,2,3,2,2,1,1,1,1,2,2,1,3,3,2,2,2,2,3,2,2,1,2,2,1,2,2,7663,gemini,2024,여성,8
1,2,,,,1,1,1,1,2,1,2,1,1,1,1,1,1,1,1,1,2,2,1,1,2,2,2,1,2,1,2,2,1,2,2,7664,gemini,2024,여성,8
1,2,,,,1,1,2,1,3,2,3,2,1,1,1,1,1,1,1,1,2,2,2,1,2,2,3,2,1,1,2,2,1,2,2,7665,gemini,2024,여성,8
2,2,,,,2,2,2,2,3,2,3,2,2,1,1,1,1,2,2,1,3,3,2,1,2,3,4,2,2,1,2,2,1,2,2,7666,gemini,2024,여성,8
1,2,,,,2,2,2,2,3,2,3,2,1,1,1,1,1,1,1,1,2,2,2,1,2,2,2,2,2,1,2,2,1,2,2,7667,gemini,2024,여성,8
1,2,,,,1,1,2,1,3,2,3,2,1,1,1,1,1,1,1,1,2,2,1,1,2,2,3,2,2,1,2,2,1,2,2,7668,gemini,2024,여성,8
2,2,,,,1,2,2,2,3,2,2,2,1,1,1,1,1,1,1,1,2,2,2,1,2,2,3,2,2,1,2,2,1,2,2,7669,gemini,2024,여성,8
1,2,,,,1,2,2,1,3,2,3,2,1,1,1,1,1,1,1,1,2,2,2,1,2,2,3,2,2,1,2,2,1,2,2,7670,gemini,2024,여성,8
1,2,,,,1,1,1,1,2,1,2,1,1,1,1,1,1,1,1,1,2,2,1,1,2,2,3,2,2,1,2,2,1,2,2,7671,gemini,2024,여성,8
1,2,,,,2,2,2,2,3,2,3,2,2,1,1,1,1,2,1,1,3,3,2,2,2,2,3,2,2,1,2,2,1,2,2,7672,gemini,2024,여성,8
2,2,,,,2,2,2,2,3,2,3,2,2,1,1,1,1,1,1,1,3,3,2,2,2,2,3,2,2,1,2,2,1,2,2,7673,gemini,2024,여성,8
2,2,,,,2,2,2,2,3,2,3,2,1,1,1,1,1,1,1,1,3,3,2,2,3,2,4,2,2,1,2,2,1,2,2,7674,gemini,2024,여성,8
2,2,,,,2,2,2,2,3,2,3,2,1,1,1,1,1,1,1,1,3,3,2,2,2,2,3,2,2,1,2,2,1,2,2,7675,gemini,2024,여성,8
2,2,,,,2,2,2,2,3,2,3,2,1,1,1,1,1,2,1,1,3,3,2,2,2,3,2,2,2,1,2,2,1,2,2,7676,gemini,2024,여성,8
1,2,,,,1,2,2,1,3,2,3,2,1,1,1,1,1,1,1,1,2,2,1,1,2,2,3,2,2,1,2,2,1,2,2,7677,gemini,2024,여성,8
1,2,,,,1,2,2,1,3,2,3,2,1,1,1,1,1,1,1,1,2,2,1,1,2,2,3,2,2,1,2,2,1,2,2,7678,gemini,2024,여성,8
1,2,,,,2,2,2,2,3,2,3,2,1,1,1,1,1,1,1,1,3,3,2,2,2,2,3,2,2,1,2,2,1,2,2,7679,gemini,2024,여성,8
1,2,,,,1,2,2,1,3,2,3,2,1,1,1,1,1,1,1,1,2,2,1,1,2,2,3,2,2,1,2,2,1,2,2,7680,gemini,2024,여성,8
2,2,,,,2,2,2,2,3,2,2,2,1,1,1,1,1,1,1,1,3,3,2,2,2,2,3,2,2,1,2,2,1,2,2,7681,gemini,2024,여성,8
2,2,,,,2,2,2,2,3,2,3,2,1,1,1,1,1,1,1,1,3,3,2,2,2,2,3,2,2,1,2,2,1,2,2,7682,gemini,2024,여성,8
1,2,,,,2,2,2,2,3,2,3,2,2,1,1,1,1,2,1,1,3,3,2,1,2,2,3,2,2,1,2,2,1,2,2,7683,gemini,2024,여성,8
1,2,,,,2,2,2,2,3,2,3,2,1,1,1,1,1,2,1,1,2,2,1,1,2,2,3,2,2,1,2,2,1,2,2,7684,gemini,2024,여성,8
1,2,,,,1,2,2,1,3,2,3,2,2,1,1,1,1,1,1,1,2,2,1,1,2,2,3,2,2,1,2,2,1,2,2,7685,gemini,2024,여성,8
1,2,,,,1,1,1,1,2,1,2,1,1,1,1,1,1,1,1,1,2,2,1,1,2,2,3,2,2,1,2,2,1,2,2,7686,gemini,2024,여성,8
2,2,,,,2,2,2,2,3,2,3,2,2,1,1,1,1,2,2,1,3,3,2,2,2,2,3,2,2,1,2,2,1,2,2,7687,gemini,2024,여성,8
1,2,,,,1,2,2,2,3,2,3,2,2,1,1,1,1,1,1,1,2,2,1,1,2,2,2,2,2,1,2,2,1,2,2,7688,gemini,2024,여성,8
1,2,,,,2,2,2,2,3,2,3,2,2,1,1,1,1,1,1,1,2,2,1,1,2,2,3,2,2,1,2,2,1,2,2,7689,gemini,2024,여성,8
1,2,,,,1,2,2,2,3,2,3,2,1,1,1,1,1,1,1,1,2,2,2,1,2,2,2,2,2,1,2,2,1,2,2,7690,gemini,2024,여성,8
1,2,,,,1,2,2,1,3,2,3,2,1,1,1,1,1,1,1,1,2,2,1,1,2,2,3,2,2,1,2,2,1,2,2,7691,gemini,2024,여성,8
1,2,,,,2,2,2,2,3,2,3,2,1,1,1,1,1,1,1,1,2,2,2,1,2,2,3,2,2,1,2,2,1,2,2,7692,gemini,2024,여성,8
1,2,,,,1,2,2,1,3,2,2,2,1,1,1,1,1,1,1,1,2,2,1,1,2,2,3,2,2,1,2,2,1,2,2,7693,gemini,2024,여성,8
2,2,,,,2,2,2,2,3,2,3,2,2,1,1,1,1,1,1,1,3,3,2,2,2,2,3,2,2,1,2,2,1,2,2,7694,gemini,2024,여성,8
1,2,,,,1,2,2,1,3,2,2,2,1,1,1,1,1,1,1,1,2,2,1,1,2,2,3,2,2,1,2,2,1,2,2,7695,gemini,2024,여성,8
1,2,,,,2,2,2,2,3,2,3,2,2,1,1,1,1,1,1,1,3,3,2,2,2,2,3,2,2,1,2,2,1,2,2,7696,gemini,2024,여성,8
2,2,,,,2,2,2,2,3,2,3,2,1,1,1,1,1,1,1,1,3,3,2,2,3,2,4,2,2,1,2,2,1,2,2,7697,gemini,2024,여성,8
1,2,,,,1,2,2,1,3,2,3,2,1,1,1,1,1,1,1,1,2,2,1,1,2,2,3,2,2,1,2,2,1,2,2,7698,gemini,2024,여성,8
1,2,,,,1,1,2,1,2,1,2,1,1,1,1,1,1,1,1,1,2,2,1,1,2,2,2,2,2,1,2,2,1,2,2,7699,gemini,2024,여성,8
1,2,,,,2,2,2,2,3,2,3,2,1,1,1,1,1,1,1,1,2,2,2,2,2,2,3,2,2,1,2,2,1,2,2,7700,gemini,2024,여성,8
1,2,,,,1,2,2,1,3,2,3,2,1,1,1,1,1,1,1,1,2,2,1,1,2,2,3,2,2,1,2,2,1,2,2,7701,gemini,2024,여성,8
1,2,,,,1,2,2,1,3,2,3,2,1,1,1,1,1,1,1,1,3,3,2,1,2,2,3,2,2,1,2,2,1,2,2,7702,gemini,2024,여성,8
2,2,,,,2,2,3,2,3,2,3,2,1,1,1,1,1,2,2,2,3,3,2,2,3,3,4,3,2,1,2,2,1,2,2,7703,gemini,2024,여성,8
2,2,,,,2,2,2,2,3,2,3,2,1,1,1,1,1,1,1,1,3,3,2,2,2,2,3,2,2,1,2,2,1,2,2,7704,gemini,2024,여성,8
1,2,,,,1,2,2,1,3,2,2,2,1,1,1,1,1,1,1,1,2,2,2,2,2,2,3,2,2,1,2,2,1,2,2,7705,gemini,2024,여성,8
2,2,,,,2,2,2,2,3,2,3,2,1,1,1,1,1,1,1,1,3,3,2,2,2,2,3,2,2,1,2,2,1,2,2,7706,gemini,2024,여성,8
2,2,,,,2,2,2,2,3,2,2,2,1,1,1,1,1,1,1,1,3,3,2,2,2,2,3,2,2,1,2,2,1,2,2,7707,gemini,2024,여성,8
1,2,,,,1,2,2,1,3,2,3,2,1,1,1,1,1,1,1,1,2,2,1,1,2,2,3,2,2,1,2,2,1,2,2,7708,gemini,2024,여성,8
2,2,,,,2,2,2,2,3,2,3,2,2,1,1,1,1,2,2,1,3,3,2,2,2,2,3,3,2,1,2,2,1,2,2,7709,gemini,2024,여성,8
2,2,,,,2,2,2,2,3,2,3,2,1,1,1,1,1,1,1,1,3,3,2,2,2,2,3,2,2,1,2,2,1,2,2,7710,gemini,2024,여성,8
2,2,,,,2,2,2,2,3,2,3,2,2,1,1,1,1,2,2,1,3,3,2,2,2,2,3,2,2,1,2,2,1,2,2,7711,gemini,2024,여성,8
1,2,,,,1,1,1,1,3,2,3,2,1,1,1,1,1,1,1,1,2,2,1,1,2,2,2,2,2,1,2,2,1,2,2,7712,gemini,2024,여성,8
1,2,,,,2,2,2,2,3,2,3,2,1,1,1,1,1,1,1,1,2,2,2,1,2,2,3,2,2,1,2,2,1,2,2,7713,gemini,2024,여성,8
2,2,,,,2,2,2,2,3,2,3,2,2,1,1,1,1,2,1,1,3,3,2,2,2,2,3,2,2,1,2,2,1,2,2,7714,gemini,2024,여성,8
2,2,,,,2,2,2,2,3,2,2,2,1,1,1,1,1,1,1,1,3,3,2,2,2,2,4,2,2,1,2,2,1,2,2,7715,gemini,2024,여성,8
1,2,,,,1,1,1,1,2,1,2,1,1,1,1,1,1,1,1,1,2,2,1,1,2,2,3,2,2,1,2,2,1,2,2,7716,gemini,2024,여성,8
1,2,,,,2,3,2,2,3,2,3,2,2,1,1,1,1,2,2,1,3,3,2,2,2,2,4,3,2,1,2,2,1,2,2,7717,gemini,2024,여성,8
2,2,,,,2,2,2,2,3,2,3,2,1,1,1,1,1,2,1,1,3,3,2,2,2,2,3,2,2,1,2,2,1,2,2,7718,gemini,2024,여성,8
1,2,,,,1,1,2,1,2,2,2,1,1,1,1,1,1,1,1,1,2,2,1,1,2,2,3,2,2,1,2,2,1,2,2,7719,gemini,2024,여성,8
1,2,,,,1,1,1,1,2,1,2,1,1,1,1,1,1,1,1,1,2,2,1,1,2,2,3,1,2,1,2,2,1,2,2,7720,gemini,2024,여성,8
2,2,,,,2,2,2,2,3,2,3,2,2,1,1,1,1,2,2,1,3,3,2,2,2,2,3,2,2,1,2,2,1,2,2,7721,gemini,2024,여성,8
2,2,,,,2,2,2,2,3,2,3,2,1,1,1,1,1,1,1,1,3,3,2,2,3,2,4,3,2,1,2,2,1,2,2,7722,gemini,2024,여성,8
1,2,,,,1,2,2,1,3,2,2,2,1,1,1,1,1,1,1,1,2,2,2,2,2,2,3,2,2,1,2,2,1,2,2,7723,gemini,2024,여성,8
1,2,,,,2,2,2,2,3,2,3,2,1,1,1,1,1,1,1,1,2,2,2,2,2,2,3,2,2,1,2,2,1,2,2,7724,gemini,2024,여성,8
1,2,,,,1,2,2,1,3,2,3,2,1,1,1,1,1,1,1,1,2,2,2,1,2,2,3,2,2,1,2,2,1,2,2,7725,gemini,2024,여성,8
1,2,,,,2,2,2,2,3,2,3,2,2,1,1,1,1,1,1,1,3,3,2,2,2,2,3,2,2,1,2,2,1,2,2,7726,gemini,2024,여성,8
2,2,,,,1,2,2,2,3,2,3,2,1,1,1,1,1,1,2,1,3,3,2,2,2,2,3,2,2,1,2,2,1,2,2,7727,gemini,2024,여성,8
2,2,,,,2,2,2,2,3,2,3,2,2,1,1,1,1,1,1,1,3,3,2,2,2,2,3,2,2,1,2,2,1,2,2,7728,gemini,2024,여성,8
1,2,,,,1,2,2,1,3,2,3,2,1,1,1,1,1,1,1,1,3,3,2,2,2,2,4,2,2,1,2,2,1,2,2,7729,gemini,2024,여성,8
1,2,,,,2,2,2,2,3,2,2,2,2,1,1,1,1,1,1,1,2,2,2,2,2,2,3,2,2,1,2,2,1,2,2,7730,gemini,2024,여성,8
2,2,,,,1,2,2,2,3,2,3,2,1,1,1,1,1,1,1,1,3,3,2,2,3,3,4,3,2,1,2,2,1,2,2,7731,gemini,2024,여성,8
1,2,,,,1,1,1,1,2,1,2,1,1,1,1,1,1,1,1,1,2,2,2,1,2,2,3,2,2,1,2,2,1,2,2,7732,gemini,2024,여성,8
1,2,,,,1,1,1,1,2,2,2,2,1,1,1,1,1,1,1,1,2,2,1,1,2,2,2,1,2,1,2,2,1,2,2,7733,gemini,2024,여성,8
1,2,,,,2,2,2,2,3,2,3,2,1,1,1,1,1,2,1,1,3,3,2,2,2,3,4,3,2,1,2,2,1,2,2,7734,gemini,2024,여성,8
2,2,,,,2,2,2,2,3,2,3,2,1,1,1,1,1,1,1,1,3,3,2,2,2,2,3,2,2,1,2,2,1,2,2,7735,gemini,2024,여성,8
1,2,,,,2,2,2,2,3,2,3,2,1,1,1,1,1,1,1,1,3,3,2,2,2,2,3,2,2,1,2,2,1,2,2,7736,gemini,2024,여성,8
1,2,,,,1,2,2,1,3,2,3,2,1,1,1,1,1,1,1,1,2,2,1,1,2,2,3,2,2,1,2,2,1,2,2,7737,gemini,2024,여성,8
1,2,,,,1,2,2,1,3,2,3,2,1,1,1,1,1,1,1,1,2,2,1,1,2,2,3,2,2,1,2,2,1,2,2,7738,gemini,2024,여성,8
1,2,,,,1,2,2,1,3,2,3,2,1,1,1,1,1,1,1,1,2,2,2,1,2,2,3,2,2,1,2,2,1,2,2,7739,gemini,2024,여성,8
1,2,,,,2,2,2,2,3,2,2,2,2,1,1,1,1,1,1,1,2,2,1,1,2,2,3,2,2,1,2,2,1,2,2,7740,gemini,2024,여성,8
2,2,,,,2,2,2,2,3,2,3,2,2,1,1,1,1,1,1,1,3,3,2,2,2,2,3,2,2,1,2,2,1,2,2,7741,gemini,2024,여성,8
2,2,,,,2,2,2,2,3,2,3,2,2,1,1,1,1,2,1,1,3,3,2,2,2,2,3,2,2,1,2,2,1,2,2,7742,gemini,2024,여성,8
2,2,,,,2,2,2,2,3,2,3,2,1,1,1,1,1,1,1,1,3,3,2,2,2,2,3,2,2,1,2,2,1,2,2,7743,gemini,2024,여성,8
1,2,,,,1,2,2,1,3,2,3,2,1,1,1,1,1,1,1,1,3,3,2,2,2,2,4,2,2,1,2,2,1,2,2,7744,gemini,2024,여성,8
1,2,,,,1,1,2,1,3,2,3,2,1,1,1,1,1,1,1,1,2,2,1,1,2,2,3,2,2,1,2,2,1,2,2,7745,gemini,2024,여성,8
2,2,,,,2,2,2,2,3,2,3,2,2,1,1,1,1,1,1,1,2,2,2,1,2,2,3,2,2,1,2,2,1,2,2,7746,gemini,2024,여성,8
1,2,,,,1,2,2,1,3,2,3,2,1,1,1,1,1,1,1,1,2,2,1,1,2,2,3,2,2,1,2,2,1,2,2,7747,gemini,2024,여성,8
1,2,,,,1,1,1,1,3,2,3,2,1,1,1,1,1,1,1,1,2,2,1,1,2,2,3,2,2,1,2,2,1,2,2,7748,gemini,2024,여성,8
1,2,,,,2,2,2,2,3,2,3,2,1,1,1,1,1,1,1,1,3,3,2,2,2,2,3,2,2,1,2,2,1,2,2,7749,gemini,2024,여성,8
1,2,,,,1,2,2,1,3,2,2,2,1,1,1,1,1,1,1,1,3,3,2,2,2,2,3,2,2,1,2,2,1,2,2,7750,gemini,2024,여성,8
1,2,,,,2,2,2,2,3,2,3,2,1,1,1,1,1,1,1,1,2,2,2,2,2,2,3,2,2,1,2,2,1,2,2,7751,gemini,2024,여성,8
1,2,,,,1,2,2,1,3,2,3,2,1,1,1,1,1,1,1,1,2,2,2,1,2,2,3,2,2,1,2,2,1,2,2,7752,gemini,2024,여성,8
1,2,,,,1,2,2,1,3,2,3,2,1,1,1,1,1,1,1,1,2,2,1,1,2,2,3,2,2,1,2,2,1,2,2,7753,gemini,2024,여성,8
1,2,,,,1,2,2,1,3,2,3,2,1,1,1,1,1,1,1,1,3,3,2,2,3,3,4,3,2,1,2,2,1,2,2,7754,gemini,2024,여성,8
1,2,,,,1,1,1,1,2,2,2,2,1,1,1,1,1,1,1,1,2,2,1,1,2,2,2,2,2,1,2,2,1,2,2,7755,gemini,2024,여성,8
1,2,,,,1,2,2,1,3,2,3,2,2,1,1,1,1,1,1,1,2,2,2,1,2,2,3,2,2,1,2,2,1,2,2,7756,gemini,2024,여성,8
1,2,,,,2,2,2,2,3,2,3,2,2,1,1,1,1,1,1,1,2,2,2,2,2,2,3,2,2,1,2,2,1,2,2,7757,gemini,2024,여성,8
1,2,,,,1,2,2,1,3,2,3,2,1,1,1,1,1,1,1,1,2,2,1,1,2,2,3,2,2,1,2,2,1,2,2,7758,gemini,2024,여성,8
2,2,,,,2,2,2,2,3,2,3,2,1,1,1,1,1,1,1,1,2,2,2,2,2,2,3,2,2,1,2,2,1,2,2,7759,gemini,2024,여성,8
2,2,,,,2,2,2,2,3,2,3,2,2,1,2,1,1,2,1,1,3,3,2,2,2,2,3,2,2,1,2,2,1,2,2,7760,gemini,2024,여성,8
2,2,,,,2,2,2,2,3,2,3,2,1,1,1,1,1,2,1,1,3,3,2,2,2,2,3,2,2,1,2,2,1,2,2,7761,gemini,2024,여성,8
1,2,,,,2,2,2,2,3,2,3,2,2,1,1,1,1,1,1,1,2,2,2,2,2,2,3,2,2,1,2,2,1,2,2,7762,gemini,2024,여성,8
2,2,,,,2,2,2,2,3,2,3,2,1,1,1,1,1,1,1,1,3,3,2,2,2,2,3,2,2,1,2,2,1,2,2,7763,gemini,2024,여성,8
2,2,,,,1,2,2,1,3,2,3,2,1,1,1,1,1,1,1,1,3,3,2,2,2,2,3,2,2,1,2,2,1,2,2,7764,gemini,2024,여성,8
1,2,,,,1,1,2,1,3,2,3,2,1,1,1,1,1,1,1,1,2,2,1,1,2,2,3,2,2,1,2,2,1,2,2,7765,gemini,2024,여성,8
1,2,,,,1,2,2,1,3,2,3,2,1,1,1,1,1,1,1,1,2,2,1,1,2,2,3,2,2,1,2,2,1,2,2,7766,gemini,2024,여성,8
2,2,,,,2,2,2,2,3,2,3,2,1,1,1,1,1,1,1,1,3,3,2,2,2,2,3,2,2,1,2,2,1,2,2,7767,gemini,2024,여성,8
2,2,,,,2,3,3,2,3,2,2,2,1,1,1,1,1,1,1,1,3,3,2,2,2,2,4,3,2,1,2,2,1,2,2,7768,gemini,2024,여성,8
2,2,,,,2,2,2,2,3,2,3,2,1,1,1,1,1,1,1,1,3,3,2,2,2,2,3,2,2,1,2,2,1,2,2,7769,gemini,2024,여성,8
2,2,,,,2,2,2,2,3,2,2,2,2,1,1,1,1,1,1,1,2,2,2,2,2,2,3,2,2,1,2,2,1,2,2,7770,gemini,2024,여성,8
1,2,,,,1,1,1,1,2,1,2,1,1,1,1,1,1,1,1,1,2,2,1,1,2,2,3,2,2,1,2,2,1,2,2,7771,gemini,2024,여성,8
1,2,,,,1,1,1,1,2,1,2,1,1,1,1,1,1,1,1,1,2,2,1,1,2,2,3,2,2,1,2,2,1,2,2,7772,gemini,2024,여성,8
2,2,,,,2,2,2,2,3,2,2,2,2,1,1,1,1,2,1,1,3,3,2,1,2,2,3,2,2,1,2,2,1,2,2,7773,gemini,2024,여성,8
1,2,,,,1,2,2,1,3,2,3,2,1,1,1,1,1,1,1,1,3,3,1,1,2,2,4,2,2,1,2,2,1,2,2,7774,gemini,2024,여성,8
1,2,,,,2,2,2,2,3,2,3,2,2,1,1,1,1,1,1,1,2,2,2,2,2,2,3,2,2,1,2,2,1,2,2,7775,gemini,2024,여성,8
1,2,,,,1,2,2,1,3,2,3,2,1,1,1,1,1,1,1,1,2,2,1,1,2,2,3,2,2,1,2,2,1,2,2,7776,gemini,2024,여성,8
2,2,,,,2,2,2,2,3,2,3,2,1,1,1,1,1,1,1,1,3,3,2,2,2,2,3,2,2,1,2,2,1,2,2,7777,gemini,2024,여성,8
1,2,,,,1,1,1,1,2,1,2,1,1,1,1,1,1,1,1,1,2,2,2,1,2,2,2,2,2,1,2,2,1,2,2,7778,gemini,2024,여성,8
2,2,,,,2,2,2,2,3,2,3,2,2,1,1,1,1,1,1,1,3,3,2,2,2,2,3,2,2,1,2,2,1,2,2,7779,gemini,2024,여성,8
1,2,,,,1,1,1,1,2,1,2,1,1,1,1,1,1,1,1,1,2,2,1,1,2,2,2,2,2,1,2,2,1,2,2,7780,gemini,2024,여성,8
2,2,,,,2,2,2,2,3,2,3,2,1,1,1,1,1,2,2,1,3,3,2,1,2,2,2,2,2,1,2,2,1,2,2,7781,gemini,2024,여성,8
2,2,,,,2,2,2,2,3,2,3,2,1,1,1,1,1,2,1,1,3,3,2,1,2,2,3,2,2,1,2,2,1,2,2,7782,gemini,2024,여성,8
2,2,,,,2,2,2,2,3,2,3,2,1,1,1,1,1,1,1,1,3,3,2,2,3,2,4,3,2,1,2,2,1,2,2,7783,gemini,2024,여성,8
1,2,,,,2,2,2,2,3,2,2,2,1,1,1,1,1,1,1,1,2,2,2,2,2,2,3,2,2,1,2,2,1,2,2,7784,gemini,2024,여성,8
1,2,,,,2,2,2,2,3,2,3,2,2,1,1,1,1,1,1,1,2,2,2,2,2,2,3,2,2,1,2,2,1,2,2,7785,gemini,2024,여성,8
2,2,,,,2,2,2,2,3,2,3,2,2,1,1,1,1,1,1,1,2,2,2,2,2,3,4,2,2,1,2,2,1,2,2,7786,gemini,2024,여성,8
2,2,,,,2,2,2,2,3,2,3,2,1,1,1,1,1,1,1,1,3,3,2,2,2,2,3,2,2,1,2,2,1,2,2,7787,gemini,2024,여성,8
1,2,,,,1,2,2,1,3,2,3,2,1,1,1,1,1,1,1,1,2,2,1,1,2,2,3,2,2,1,2,2,1,2,2,7788,gemini,2024,여성,8
1,2,,,,1,2,2,1,3,2,2,2,1,1,1,1,1,1,1,1,2,2,1,1,2,2,3,2,2,1,2,2,1,2,2,7789,gemini,2024,여성,8
1,2,,,,1,2,2,1,3,2,3,2,1,1,1,1,1,1,1,1,2,2,2,1,2,2,3,2,2,1,2,2,1,2,2,7790,gemini,2024,여성,8
1,2,,,,1,2,2,1,3,2,3,2,1,1,1,1,1,1,1,1,2,2,1,1,2,2,3,2,2,1,2,2,1,2,2,7791,gemini,2024,여성,8
1,2,,,,1,2,2,1,3,2,2,2,1,1,1,1,1,1,1,1,2,2,1,1,2,2,3,2,2,1,2,2,1,2,2,7792,gemini,2024,여성,8
1,2,,,,1,1,1,1,2,1,1,1,1,1,1,1,1,1,1,1,2,2,1,1,2,2,3,1,2,1,2,2,1,2,2,7793,gemini,2024,여성,8
2,2,,,,2,2,2,2,3,2,3,2,1,1,1,1,1,1,1,1,3,3,2,2,2,2,4,3,2,1,2,2,1,2,2,7794,gemini,2024,여성,8
1,2,,,,1,2,2,1,3,2,2,2,1,1,1,1,1,1,1,1,2,2,1,1,2,2,3,2,2,1,2,2,1,2,2,7795,gemini,2024,여성,8
1,2,,,,2,2,2,2,3,2,3,2,1,1,1,1,1,1,1,1,2,2,1,1,2,2,3,2,2,1,2,2,1,2,2,7796,gemini,2024,여성,8
1,2,,,,1,2,2,1,3,2,3,2,1,1,1,1,1,1,1,1,2,2,1,1,2,2,3,2,2,1,2,2,1,2,2,7797,gemini,2024,여성,8
1,2,,,,1,2,2,2,3,2,3,2,1,1,1,1,1,1,1,1,2,2,1,1,2,2,3,2,2,1,2,2,1,2,2,7798,gemini,2024,여성,8
2,2,,,,2,2,2,2,3,2,3,2,2,1,1,1,1,1,1,1,2,2,2,2,2,2,3,2,2,1,2,2,1,2,2,7799,gemini,2024,여성,8
1,2,,,,1,2,2,1,3,2,3,2,1,1,1,1,1,1,1,1,3,3,2,1,2,2,3,2,2,1,2,2,1,2,2,7800,gemini,2024,여성,8
1,2,,,,1,2,2,1,3,2,3,2,1,1,1,1,1,1,1,1,2,2,1,1,2,2,3,2,2,1,2,2,1,2,2,7801,gemini,2024,여성,8
2,2,,,,1,1,2,1,3,2,3,2,1,1,1,1,1,1,1,1,2,2,2,1,2,2,3,2,2,1,2,2,1,2,2,7802,gemini,2024,여성,8
1,2,,,,1,1,1,1,2,1,2,1,1,1,1,1,1,1,1,1,2,2,1,1,2,2,2,1,2,1,2,2,1,2,2,7803,gemini,2024,여성,8
1,2,,,,1,2,2,1,3,2,2,2,1,1,1,1,1,1,1,1,2,2,1,1,2,2,3,2,2,1,2,2,1,2,2,7804,gemini,2024,여성,8
1,2,,,,1,2,2,1,3,2,2,2,1,1,1,1,1,1,1,1,2,2,1,1,2,2,3,2,2,1,2,2,1,2,2,7805,gemini,2024,여성,8
2,2,,,,2,2,2,2,3,2,3,2,2,1,1,1,1,1,1,1,3,3,2,2,2,2,3,2,2,1,2,2,1,2,2,7806,gemini,2024,여성,8
1,2,,,,1,1,1,1,2,1,2,1,1,1,1,1,1,1,1,1,2,2,1,1,2,2,3,2,2,1,2,2,1,2,2,7807,gemini,2024,여성,8
1,2,,,,1,2,2,1,3,2,3,2,1,1,1,1,1,1,1,1,2,2,1,1,2,2,3,2,2,1,2,2,1,2,2,7808,gemini,2024,여성,8
1,2,,,,1,1,1,1,2,1,2,1,1,1,1,1,1,1,1,1,2,2,2,1,2,2,2,2,2,1,2,2,1,2,2,7809,gemini,2024,여성,8
1,2,,,,1,2,2,1,3,2,3,2,1,1,1,1,1,1,1,1,2,2,1,1,2,2,3,2,2,1,2,2,1,2,2,7810,gemini,2024,여성,8
2,2,,,,2,2,2,2,3,2,3,2,1,1,1,1,1,1,1,1,3,3,2,2,2,3,4,2,2,1,2,2,1,2,2,7811,gemini,2024,여성,8
1,2,,,,1,2,2,1,3,2,3,2,2,1,1,1,1,1,1,1,2,2,1,1,2,2,3,2,2,1,2,2,1,2,2,7812,gemini,2024,여성,8
2,2,,,,1,2,2,1,3,2,3,2,1,1,1,1,1,1,1,1,2,2,1,1,2,2,3,2,2,1,2,2,1,2,2,7813,gemini,2024,여성,8
1,2,,,,1,1,1,1,2,1,2,1,1,1,1,1,1,1,1,1,2,2,1,1,2,2,3,2,2,1,2,2,1,2,2,7814,gemini,2024,여성,8
1,2,,,,1,2,2,1,3,2,3,2,1,1,1,1,1,1,1,1,2,2,2,1,2,2,3,2,2,1,2,2,1,2,2,7815,gemini,2024,여성,8
1,2,,,,2,2,2,2,3,2,3,2,2,1,1,1,1,1,1,1,2,2,1,1,2,2,3,2,2,1,2,2,1,2,2,7816,gemini,2024,여성,8
1,2,,,,1,2,2,1,3,2,3,2,2,1,1,1,1,2,2,1,3,3,2,2,3,3,4,3,2,1,2,2,1,2,2,7817,gemini,2024,여성,8
1,2,,,,2,2,2,2,3,2,3,2,2,1,1,1,1,2,2,1,2,2,2,2,2,3,3,2,2,1,2,2,1,2,2,7818,gemini,2024,여성,8
1,2,,,,1,1,2,1,3,2,3,2,1,1,1,1,1,1,1,1,2,2,1,1,2,2,3,2,2,1,2,2,1,2,2,7819,gemini,2024,여성,8
1,2,,,,1,2,2,1,3,2,3,2,1,1,1,1,1,1,1,1,2,2,1,1,2,2,3,2,2,1,2,2,1,2,2,7820,gemini,2024,여성,8
1,2,,,,1,2,2,1,3,2,3,2,1,1,1,1,1,1,1,1,2,2,1,1,2,2,2,2,2,1,2,2,1,2,2,7821,gemini,2024,여성,8
1,2,,,,1,2,2,1,3,2,3,2,1,1,1,1,1,1,1,1,2,2,1,1,2,2,3,2,2,1,2,2,1,2,2,7822,gemini,2024,여성,8
1,2,,,,1,2,2,1,3,2,3,2,1,1,1,1,1,1,1,1,2,2,1,1,2,2,3,2,2,1,2,2,1,2,2,7823,gemini,2024,여성,8
2,2,,,,2,2,3,2,3,2,3,2,2,1,1,1,1,2,2,1,3,3,2,2,2,2,3,3,2,1,2,2,1,2,2,7824,gemini,2024,여성,8
2,2,,,,2,2,2,2,3,2,3,2,1,1,1,1,1,2,1,1,3,3,2,2,2,2,3,2,2,1,2,2,1,2,2,7825,gemini,2024,여성,8
1,2,,,,1,1,1,1,2,2,2,2,1,1,1,1,1,1,1,1,2,2,1,1,2,2,3,2,2,1,2,2,1,2,2,7826,gemini,2024,여성,8
1,2,,,,1,1,1,1,2,1,2,1,1,1,1,1,1,1,1,1,2,2,1,1,2,2,3,2,2,1,2,2,1,2,2,7827,gemini,2024,여성,8
2,2,,,,2,2,2,2,3,2,3,2,1,1,1,1,1,2,1,1,3,3,2,2,2,2,4,3,1,1,2,2,1,2,2,7828,gemini,2024,여성,8
1,2,,,,1,2,2,1,3,2,3,2,1,1,1,1,1,1,1,1,2,2,1,1,2,2,3,2,2,1,2,2,1,2,2,7829,gemini,2024,여성,8
2,2,,,,2,2,2,2,3,2,3,2,2,1,1,1,1,1,1,1,2,2,1,1,2,2,3,2,2,1,2,2,1,2,2,7830,gemini,2024,여성,8
1,2,,,,1,2,2,1,3,2,3,2,1,1,1,1,1,1,1,1,2,2,1,1,2,2,3,2,2,1,2,2,1,2,2,7831,gemini,2024,여성,8
1,2,,,,2,2,2,2,3,2,3,2,2,1,1,1,1,1,1,1,2,2,1,1,2,2,3,2,2,1,2,2,1,2,2,7832,gemini,2024,여성,8
2,2,,,,2,2,2,2,3,2,3,2,2,1,1,1,1,2,2,1,3,3,2,2,2,2,3,2,2,1,2,2,1,2,2,7833,gemini,2024,여성,8
2,2,,,,2,2,2,2,3,2,3,2,2,1,1,1,1,2,2,1,3,3,2,2,2,2,3,2,2,1,2,2,1,2,2,7834,gemini,2024,여성,8
1,2,,,,1,1,1,1,2,1,2,1,1,1,1,1,1,1,1,1,2,2,2,1,2,2,2,2,2,1,2,2,1,2,2,7835,gemini,2024,여성,8
1,2,,,,1,2,2,1,3,2,3,2,1,1,1,1,1,1,1,1,3,3,2,2,2,2,3,2,2,1,2,2,1,2,2,7836,gemini,2024,여성,8
1,2,,,,1,2,2,1,3,2,3,2,2,1,1,1,1,2,1,1,3,3,2,2,2,2,3,2,2,1,2,2,1,2,2,7837,gemini,2024,여성,8
1,2,,,,1,2,2,1,3,2,3,2,1,1,1,1,1,1,1,1,2,2,2,2,2,2,3,2,2,1,2,2,1,2,2,7838,gemini,2024,여성,8
2,2,,,,2,2,2,2,3,2,3,2,2,1,1,1,1,1,1,1,3,3,2,2,2,2,3,2,2,1,2,2,1,2,2,7839,gemini,2024,여성,8
2,2,,,,1,2,2,1,3,2,3,2,1,1,1,1,1,1,1,1,3,3,2,2,3,3,4,3,2,1,2,2,1,2,2,7840,gemini,2024,여성,8
1,2,,,,2,2,2,2,3,2,3,2,1,1,1,1,1,1,1,1,2,2,1,1,2,2,3,2,2,1,2,2,1,2,2,7841,gemini,2024,여성,8
1,2,,,,1,1,1,1,2,1,2,1,1,1,1,1,1,1,1,1,2,2,1,1,2,2,3,2,2,1,2,2,1,2,2,7842,gemini,2024,여성,8
2,2,,,,1,2,2,1,3,2,3,2,1,1,1,1,1,1,1,1,3,3,2,2,2,2,3,2,2,1,2,2,1,2,2,7843,gemini,2024,여성,8
2,2,,,,2,2,2,2,3,2,2,2,1,1,1,1,1,1,1,1,3,3,2,2,2,2,3,2,2,1,2,2,1,2,2,7844,gemini,2024,여성,8
1,2,,,,2,2,2,2,3,2,3,2,1,1,1,1,1,1,1,1,2,2,1,1,2,2,3,2,2,1,2,2,1,2,2,7845,gemini,2024,여성,8
1,2,,,,1,2,2,2,3,2,3,2,1,1,1,1,1,1,1,1,3,3,2,2,2,2,2,2,2,1,2,2,1,2,2,7846,gemini,2024,여성,8
1,2,,,,1,1,1,1,2,1,2,1,1,1,1,1,1,1,1,1,2,2,1,1,2,2,2,2,2,1,2,2,1,2,2,7847,gemini,2024,여성,8
2,2,,,,2,2,2,2,3,2,3,2,2,1,1,1,1,2,2,1,3,3,2,2,2,2,3,2,2,1,2,2,1,2,2,7848,gemini,2024,여성,8
2,2,,,,1,2,2,1,3,2,3,2,1,1,1,1,1,1,1,1,3,3,2,2,2,2,3,2,2,1,2,2,1,2,2,7849,gemini,2024,여성,8
1,2,,,,1,1,2,1,3,2,2,2,1,1,1,1,1,1,1,1,2,2,1,1,2,2,3,2,2,1,2,2,1,2,2,7850,gemini,2024,여성,8
1,2,,,,1,2,2,2,3,2,2,2,1,1,1,1,1,1,1,1,2,2,1,1,2,2,3,2,2,1,2,2,1,2,2,7851,gemini,2024,여성,8
1,2,,,,1,2,2,2,3,2,3,2,1,1,1,1,1,1,1,1,3,3,2,1,2,2,3,2,2,1,2,2,1,2,2,7852,gemini,2024,여성,8
1,2,,,,1,2,2,2,3,2,3,2,1,1,1,1,1,1,1,1,3,3,2,2,2,2,3,2,2,1,2,2,1,2,2,7853,gemini,2024,여성,8
1,2,,,,1,1,2,1,2,2,2,2,1,1,1,1,1,1,1,1,2,2,1,1,2,2,2,2,2,1,2,2,1,2,2,7854,gemini,2024,여성,8
1,2,,,,1,2,2,1,3,2,3,2,2,1,1,1,1,1,1,1,2,2,1,1,2,2,3,2,2,1,2,2,1,2,2,7855,gemini,2024,여성,8
1,2,,,,1,1,1,1,2,1,2,1,1,1,1,1,1,1,1,1,2,2,1,1,2,2,3,2,2,1,2,2,1,2,2,7856,gemini,2024,여성,8
1,2,,,,1,2,2,1,3,2,3,2,1,1,1,1,1,1,1,1,3,3,2,1,2,2,2,2,2,1,2,2,1,2,2,7857,gemini,2024,여성,8
2,2,,,,1,2,2,1,3,2,3,2,1,1,1,1,1,1,1,1,3,3,2,1,2,2,3,2,2,1,2,2,1,2,2,7858,gemini,2024,여성,8
2,2,,,,2,2,2,2,3,2,2,2,2,1,1,1,1,2,1,1,3,3,2,2,2,2,3,2,2,1,2,2,1,2,2,7859,gemini,2024,여성,8
1,2,,,,1,2,2,1,3,2,3,2,1,1,1,1,1,1,1,1,2,2,1,1,2,2,3,2,2,1,2,2,1,2,2,7860,gemini,2024,여성,8
2,2,,,,2,2,2,2,3,2,3,2,2,1,1,1,1,1,1,1,2,2,2,2,2,3,2,2,2,1,2,2,1,2,2,7861,gemini,2024,여성,8
1,2,,,,1,2,2,1,3,2,3,2,1,1,1,1,1,1,1,1,2,2,2,1,2,2,3,2,2,1,2,2,1,2,2,7862,gemini,2024,여성,8
1,2,,,,2,2,2,2,3,2,3,2,1,1,1,1,1,1,1,1,3,3,2,2,2,2,4,2,2,1,2,2,1,2,2,7863,gemini,2024,여성,8
2,2,,,,2,2,2,2,3,2,2,2,1,1,1,1,1,1,1,1,2,2,2,1,2,2,4,2,2,1,2,2,1,2,2,7864,gemini,2024,여성,8
1,2,,,,1,2,2,1,3,2,3,2,1,1,1,1,1,1,1,1,2,2,1,1,2,2,3,2,2,1,2,2,1,2,2,7865,gemini,2024,여성,8
1,2,,,,1,2,2,1,3,2,2,2,1,1,1,1,1,1,1,1,2,2,1,1,2,2,3,2,2,1,2,2,1,2,2,7866,gemini,2024,여성,8
1,2,,,,1,2,2,1,3,2,2,2,1,1,1,1,1,1,1,1,2,2,1,1,2,2,3,2,2,1,2,2,1,2,2,7867,gemini,2024,여성,8
1,2,,,,2,2,2,2,3,2,3,2,1,1,1,1,1,1,1,1,2,2,2,1,2,2,2,2,2,1,2,2,1,2,2,7868,gemini,2024,여성,8
1,2,,,,2,2,2,2,3,2,3,2,2,1,1,1,1,2,2,1,3,3,2,2,2,3,4,3,2,1,2,2,1,2,2,7869,gemini,2024,여성,8
1,2,,,,2,2,2,2,3,2,3,2,2,1,1,1,1,1,1,1,2,2,1,1,2,2,3,2,2,1,2,2,1,2,2,7870,gemini,2024,여성,8
1,2,,,,1,2,2,1,2,1,2,2,1,1,1,1,1,1,1,1,2,2,1,1,2,2,3,2,2,1,2,2,1,2,2,7871,gemini,2024,여성,8
1,2,,,,1,2,2,2,3,2,3,2,1,1,1,1,1,1,1,1,3,3,2,2,2,2,4,3,2,1,2,2,1,2,2,7872,gemini,2024,여성,8
2,2,,,,2,2,2,2,3,2,3,2,1,1,1,1,1,2,1,1,3,3,2,2,2,2,3,2,2,1,2,2,1,2,2,7873,gemini,2024,여성,8
1,2,,,,1,2,2,1,3,2,3,2,1,1,1,1,1,1,1,1,2,2,1,1,2,2,3,2,2,1,2,2,1,2,2,7874,gemini,2024,여성,8
2,2,,,,2,2,2,2,3,2,3,2,2,1,1,1,1,2,2,1,3,3,2,2,2,2,3,2,2,1,2,2,1,2,2,7875,gemini,2024,여성,8
1,2,,,,1,1,1,1,2,1,2,1,1,1,1,1,1,1,1,1,2,2,1,1,2,2,3,2,2,1,2,2,1,2,2,7876,gemini,2024,여성,8
1,2,,,,1,2,2,1,3,2,2,2,1,1,1,1,1,1,1,1,2,2,1,1,2,2,2,2,2,1,2,2,1,2,2,7877,gemini,2024,여성,8
1,2,,,,1,2,2,1,3,2,3,2,2,1,1,1,1,1,1,1,2,2,1,1,2,2,3,2,2,1,2,2,1,2,2,7878,gemini,2024,여성,8
2,2,,,,2,2,2,2,3,2,3,2,1,1,1,1,1,1,1,1,3,3,2,2,2,2,3,2,2,1,2,2,1,2,2,7879,gemini,2024,여성,8
1,2,,,,2,2,2,2,3,2,2,2,2,1,1,1,1,1,1,1,2,2,2,1,2,2,3,2,2,1,2,2,1,2,2,7880,gemini,2024,여성,8
1,2,,,,2,2,2,2,3,2,2,2,2,1,1,1,1,1,1,1,2,2,1,1,2,2,3,2,2,1,2,2,1,2,2,7881,gemini,2024,여성,8
1,2,,,,1,2,2,1,3,2,3,2,1,1,1,1,1,1,1,1,2,2,1,1,2,2,3,2,2,1,2,2,1,2,2,7882,gemini,2024,여성,8
1,2,,,,1,1,1,1,2,1,2,1,1,1,1,1,1,1,1,1,2,2,1,1,2,2,3,2,2,1,2,2,1,2,2,7883,gemini,2024,여성,8
1,2,,,,1,2,2,1,3,2,3,2,1,1,1,1,1,1,1,1,2,2,1,1,2,2,3,2,2,1,2,2,1,2,2,7884,gemini,2024,여성,8
2,2,,,,1,2,2,2,3,2,3,2,1,1,1,1,1,1,1,1,2,2,2,1,2,2,3,2,2,1,2,2,1,2,2,7885,gemini,2024,여성,8
1,2,,,,1,2,2,2,3,2,2,2,1,1,1,1,1,1,1,1,2,2,2,2,3,2,4,2,2,1,2,2,1,2,2,7886,gemini,2024,여성,8
1,2,,,,1,2,2,1,3,2,3,2,2,1,1,1,1,1,1,1,2,2,2,1,2,2,3,2,2,1,2,2,1,2,2,7887,gemini,2024,여성,8
1,2,,,,1,1,1,1,2,1,2,1,1,1,1,1,1,1,1,1,2,2,1,1,2,2,3,2,2,1,2,2,1,2,2,7888,gemini,2024,여성,8
2,2,,,,2,2,2,2,3,2,2,2,1,1,1,1,1,1,1,1,3,3,2,1,2,2,2,2,2,1,2,2,1,2,2,7889,gemini,2024,여성,8
1,2,,,,1,1,1,1,2,1,2,1,1,1,1,1,1,1,1,1,2,2,2,1,2,2,3,2,2,1,2,2,1,2,2,7890,gemini,2024,여성,8
2,2,,,,2,2,2,2,3,2,3,2,1,1,1,1,1,2,1,1,3,3,2,2,2,2,3,2,2,1,2,2,1,2,2,7891,gemini,2024,여성,8
1,2,,,,1,2,2,1,3,2,3,2,1,1,1,1,1,1,1,1,2,2,1,1,2,2,3,2,2,1,2,2,1,2,2,7892,gemini,2024,여성,8
1,2,,,,1,2,2,2,3,2,2,2,1,1,1,1,1,1,1,1,2,2,2,1,2,2,3,2,2,1,2,2,1,2,2,7893,gemini,2024,여성,8
2,2,,,,2,2,3,2,3,2,3,2,1,1,1,1,1,2,1,1,3,3,2,2,3,3,4,3,2,1,2,2,1,2,2,7894,gemini,2024,여성,8
1,2,,,,1,1,1,1,2,1,2,1,1,1,1,1,1,1,1,1,2,2,1,1,2,2,3,2,2,1,2,2,1,2,2,7895,gemini,2024,여성,8
1,2,,,,1,2,2,1,3,2,3,2,1,1,1,1,1,1,1,1,2,2,1,1,2,2,3,2,2,1,2,2,1,2,2,7896,gemini,2024,여성,8
1,2,,,,1,2,2,1,3,2,3,2,1,1,1,1,1,1,1,1,2,2,1,1,2,2,3,2,2,1,2,2,1,2,2,7897,gemini,2024,여성,8
1,2,,,,1,2,2,1,3,2,3,2,1,1,1,1,1,1,1,1,2,2,1,1,2,2,3,2,2,1,2,2,1,2,2,7898,gemini,2024,여성,8
1,2,,,,1,1,1,1,2,1,2,1,1,1,1,1,1,1,1,1,2,2,1,1,2,2,3,2,2,1,2,2,1,2,2,7899,gemini,2024,여성,8
1,2,,,,1,2,2,2,3,2,3,2,1,1,1,1,1,1,1,1,3,3,2,2,2,2,4,3,2,1,2,2,1,2,2,7900,gemini,2024,여성,8
1,2,,,,1,2,2,1,3,2,2,2,1,1,1,1,1,1,1,1,2,2,2,1,2,2,3,2,2,1,2,2,1,2,2,7901,gemini,2024,여성,8
1,2,,,,1,2,2,2,3,2,3,2,2,1,1,1,1,1,1,1,2,2,1,1,2,2,3,2,2,1,2,2,1,2,2,7902,gemini,2024,여성,8
1,2,,,,1,1,1,1,2,1,2,1,1,1,1,1,1,1,1,1,2,2,1,1,2,2,3,2,2,1,2,2,1,2,2,7903,gemini,2024,여성,8
2,2,,,,1,2,2,2,3,2,2,2,1,1,1,1,1,1,1,1,2,2,1,1,2,2,3,2,2,1,2,2,1,2,2,7904,gemini,2024,여성,8
2,2,,,,2,2,2,2,3,2,3,2,1,1,1,1,1,2,2,2,3,3,2,2,2,2,3,2,2,1,2,2,1,2,2,7905,gemini,2024,여성,8
2,2,,,,2,2,2,2,3,2,3,2,1,1,1,1,1,1,1,1,3,3,2,2,2,2,3,2,2,1,2,2,1,2,2,7906,gemini,2024,여성,8
1,2,,,,2,2,2,2,3,2,3,2,2,1,1,1,1,2,1,1,3,3,2,2,3,3,4,3,2,1,2,2,1,2,2,7907,gemini,2024,여성,8
1,2,,,,1,2,2,1,3,2,2,2,1,1,1,1,1,1,1,1,2,2,1,1,2,2,3,2,2,1,2,2,1,2,2,7908,gemini,2024,여성,8
1,2,,,,1,1,1,1,2,1,2,1,1,1,1,1,1,1,1,1,2,2,1,1,2,2,2,1,2,1,2,2,1,2,2,7909,gemini,2024,여성,8
1,2,,,,1,2,2,1,3,2,2,2,1,1,1,1,1,1,1,1,2,2,1,1,2,2,2,2,2,1,2,2,1,2,2,7910,gemini,2024,여성,8
1,2,,,,1,2,2,1,3,2,2,2,1,1,1,1,1,1,1,1,2,2,1,1,2,2,2,2,2,1,2,2,1,2,2,7911,gemini,2024,여성,8
1,2,,,,1,2,2,1,3,2,3,2,1,1,1,1,1,1,1,1,2,2,1,1,2,2,3,2,2,1,2,2,1,2,2,7912,gemini,2024,여성,8
1,2,,,,1,2,2,1,3,2,3,2,1,1,1,1,1,1,1,1,2,2,1,1,2,2,3,2,2,1,2,2,1,2,2,7913,gemini,2024,여성,8
1,2,,,,1,2,2,1,3,2,2,2,1,1,1,1,1,1,1,1,2,2,1,1,2,2,3,2,2,1,2,2,1,2,2,7914,gemini,2024,여성,8
1,2,,,,1,1,1,1,2,1,2,1,1,1,1,1,1,1,1,1,2,2,1,1,2,2,3,2,2,1,2,2,1,2,2,7915,gemini,2024,여성,8
1,2,,,,2,2,2,2,3,2,3,2,1,1,1,1,1,1,1,1,2,2,2,1,2,2,2,2,2,1,2,2,1,2,2,7916,gemini,2024,여성,8
1,2,,,,1,2,2,1,3,2,3,2,1,1,1,1,1,1,1,1,2,2,1,1,2,2,3,2,2,1,2,2,1,2,2,7917,gemini,2024,여성,8
1,2,,,,2,2,2,2,3,2,3,2,2,1,1,1,1,1,1,1,2,2,2,2,2,3,4,2,2,1,2,2,1,2,2,7918,gemini,2024,여성,8
1,2,,,,2,2,2,2,3,2,3,2,2,1,1,1,1,2,1,1,3,3,2,2,2,3,3,2,2,1,2,2,1,2,2,7919,gemini,2024,여성,8
1,2,,,,2,2,2,2,3,2,3,2,1,1,1,1,1,1,1,1,2,2,2,1,2,2,3,2,2,1,2,2,1,2,2,7920,gemini,2024,여성,8
2,2,,,,2,2,2,2,3,2,3,2,2,1,1,1,1,1,1,1,2,2,2,2,2,2,3,2,2,1,2,2,1,2,2,7921,gemini,2024,여성,8
1,2,,,,2,2,2,2,3,2,3,2,1,1,1,1,1,1,1,1,3,3,2,2,3,2,4,3,2,1,2,2,1,2,2,7922,gemini,2024,여성,8
1,2,,,,1,1,1,1,2,1,2,1,1,1,1,1,1,1,1,1,2,2,1,1,2,2,3,2,2,1,2,2,1,2,2,7923,gemini,2024,여성,8
2,2,,,,2,2,2,2,3,2,3,2,2,1,1,1,1,1,1,1,3,3,2,2,2,2,3,2,2,1,2,2,1,2,2,7924,gemini,2024,여성,8
2,2,,,,2,2,2,2,3,2,3,2,1,1,1,1,1,1,1,1,3,3,2,2,2,2,3,2,2,1,2,2,1,2,2,7925,gemini,2024,여성,8
2,2,,,,2,2,3,2,3,2,3,2,2,1,1,1,1,2,1,1,3,3,2,2,2,3,3,3,2,1,2,2,1,2,2,7926,gemini,2024,여성,8
2,2,,,,2,2,2,2,3,2,3,2,2,1,1,1,1,1,1,1,3,3,2,2,2,3,4,3,2,1,2,2,1,2,2,7927,gemini,2024,여성,8
1,2,,,,2,2,2,2,3,2,2,2,1,1,1,1,1,1,1,1,2,2,1,1,2,2,3,2,2,1,2,2,1,2,2,7928,gemini,2024,여성,8
2,2,,,,2,2,2,2,3,2,3,2,2,1,1,1,1,1,1,1,3,3,2,2,2,2,3,2,2,1,2,2,1,2,2,7929,gemini,2024,여성,8
1,2,,,,1,2,2,2,3,2,3,2,1,1,1,1,1,1,1,1,2,2,2,1,2,2,3,2,2,1,2,2,1,2,2,7930,gemini,2024,여성,8
1,2,,,,1,2,2,1,3,2,3,2,1,1,1,1,1,1,1,1,2,2,1,1,2,2,2,2,2,1,2,2,1,2,2,7931,gemini,2024,여성,8
1,2,,,,2,2,2,2,3,2,2,2,1,1,1,1,1,1,1,1,2,2,2,2,2,2,3,2,2,1,2,2,1,2,2,7932,gemini,2024,여성,8
1,2,,,,1,1,2,1,3,2,3,2,1,1,1,1,1,1,1,1,2,2,1,1,2,2,3,2,2,1,2,2,1,2,2,7933,gemini,2024,여성,8
1,2,,,,1,2,2,1,3,2,3,2,1,1,1,1,1,1,1,1,2,2,1,1,2,2,3,2,2,1,2,2,1,2,2,7934,gemini,2024,여성,8
1,2,,,,2,2,2,2,3,2,2,2,1,1,1,1,1,1,1,1,3,3,2,1,2,2,3,2,2,1,2,2,1,2,2,7935,gemini,2024,여성,8
2,2,,,,2,2,2,2,3,2,3,2,2,1,1,1,1,1,1,1,3,3,2,2,2,2,4,2,2,1,2,2,1,2,2,7936,gemini,2024,여성,8
1,2,,,,1,2,2,1,3,2,3,2,1,1,1,1,1,1,1,1,2,2,1,1,2,2,3,2,2,1,2,2,1,2,2,7937,gemini,2024,여성,8
1,2,,,,1,2,2,1,3,2,3,2,1,1,1,1,1,1,1,1,2,2,2,1,2,2,3,2,2,1,2,2,1,2,2,7938,gemini,2024,여성,8
1,2,,,,1,2,2,1,3,2,3,2,1,1,1,1,1,1,1,1,2,2,1,1,2,2,3,2,2,1,2,2,1,2,2,7939,gemini,2024,여성,8
1,2,,,,1,1,1,1,2,1,2,1,1,1,1,1,1,1,1,1,2,2,2,2,2,2,3,2,2,1,2,2,1,2,2,7940,gemini,2024,여성,8
1,2,,,,2,2,2,2,3,2,3,2,1,1,1,1,1,1,1,1,3,3,2,2,2,2,3,2,2,1,2,2,1,2,2,7941,gemini,2024,여성,8
1,2,,,,2,2,2,2,3,2,3,2,2,1,1,1,1,2,1,1,3,3,2,2,2,2,3,2,2,1,2,2,1,2,2,7942,gemini,2024,여성,8
1,2,,,,2,2,2,2,3,2,2,2,1,1,1,1,1,1,1,1,3,3,2,2,2,2,3,2,2,1,2,2,1,2,2,7943,gemini,2024,여성,8
1,2,,,,2,2,2,2,3,2,3,2,1,1,1,1,1,1,1,1,3,3,2,2,2,2,3,2,2,1,2,2,1,2,2,7944,gemini,2024,여성,8
1,2,,,,1,2,2,1,3,2,2,2,1,1,1,1,1,1,1,1,2,2,1,1,2,2,3,2,2,1,2,2,1,2,2,7945,gemini,2024,여성,8
1,2,,,,1,2,2,1,3,2,3,2,1,1,1,1,1,1,1,1,2,2,1,1,2,2,3,2,2,1,2,2,1,2,2,7946,gemini,2024,여성,8
1,2,,,,1,1,1,1,2,1,2,1,1,1,1,1,1,1,1,1,2,2,1,1,2,2,3,1,2,1,2,2,1,2,2,7947,gemini,2024,여성,8
1,2,,,,1,2,2,2,3,2,2,2,1,1,1,1,1,2,1,1,3,3,2,2,2,2,3,2,2,1,2,2,1,2,2,7948,gemini,2024,여성,8
2,2,,,,2,2,3,2,3,2,3,2,2,1,2,1,1,2,1,1,3,3,2,2,2,2,3,2,2,1,2,2,1,2,2,7949,gemini,2024,여성,8
2,2,,,,1,2,2,2,3,2,3,2,1,1,1,1,1,1,1,1,3,3,2,2,2,2,3,2,2,1,2,2,1,2,2,7950,gemini,2024,여성,8
1,2,,,,1,1,1,1,2,1,2,1,1,1,1,1,1,1,1,1,2,2,1,1,2,2,2,2,2,1,2,2,1,2,2,7951,gemini,2024,여성,8
1,2,,,,1,2,2,1,3,2,3,2,1,1,1,1,1,1,1,1,3,3,2,2,3,2,4,3,2,1,2,2,1,2,2,7952,gemini,2024,여성,8
1,2,,,,1,2,2,1,3,2,2,2,1,1,1,1,1,1,1,1,2,2,1,1,2,2,2,2,2,1,2,2,1,2,2,7953,gemini,2024,여성,8
2,2,,,,2,2,2,2,3,2,3,2,2,1,1,1,1,1,1,1,3,3,2,2,2,2,3,2,2,1,2,2,1,2,2,7954,gemini,2024,여성,8
1,2,,,,1,2,2,1,3,2,3,2,1,1,1,1,1,1,1,1,2,2,1,1,2,2,3,2,2,1,2,2,1,2,2,7955,gemini,2024,여성,8
1,2,,,,1,2,2,1,3,2,3,2,1,1,1,1,1,1,1,1,2,2,1,1,2,2,3,2,2,1,2,2,1,2,2,7956,gemini,2024,여성,8
1,2,,,,1,2,2,1,3,2,3,2,1,1,1,1,1,1,1,1,2,2,1,1,2,2,2,2,2,1,2,2,1,2,2,7957,gemini,2024,여성,8
1,2,,,,1,1,1,1,2,1,2,2,1,1,1,1,1,1,1,1,2,2,1,1,2,2,2,2,2,1,2,2,1,2,2,7958,gemini,2024,여성,8
2,2,,,,2,2,2,2,3,2,3,2,1,1,1,1,1,1,1,1,3,3,2,2,3,3,4,3,2,1,2,2,1,2,2,7959,gemini,2024,여성,8
2,2,,,,2,2,2,2,3,2,3,2,2,1,1,1,1,1,1,1,3,3,2,2,2,2,3,2,2,1,2,2,1,2,2,7960,gemini,2024,여성,8
1,2,,,,1,1,1,1,2,1,2,1,1,1,1,1,1,1,1,1,2,2,1,1,2,2,3,2,2,1,2,2,1,2,2,7961,gemini,2024,여성,8
1,2,,,,1,1,1,1,2,1,2,1,1,1,1,1,1,1,1,1,2,2,1,1,2,2,3,2,2,1,2,2,1,2,2,7962,gemini,2024,여성,8
1,2,,,,1,1,1,1,2,1,2,1,1,1,1,1,1,1,1,1,2,2,2,1,2,2,3,2,2,1,2,2,1,2,2,7963,gemini,2024,여성,8
2,2,,,,2,2,3,2,3,2,3,2,1,1,1,1,1,1,1,1,3,3,2,2,2,3,4,3,2,1,2,2,1,2,2,7964,gemini,2024,여성,8
1,2,,,,1,2,2,1,3,2,3,2,1,1,1,1,1,1,1,1,2,2,1,1,2,2,3,2,2,1,2,2,1,2,2,7965,gemini,2024,여성,8
1,2,,,,1,2,2,1,3,2,3,2,1,1,1,1,1,1,1,1,2,2,1,1,2,2,3,2,2,1,2,2,1,2,2,7966,gemini,2024,여성,8
1,2,,,,1,2,2,1,3,2,3,2,1,1,1,1,1,1,1,1,2,2,1,1,2,2,3,2,2,1,2,2,1,2,2,7967,gemini,2024,여성,8
1,2,,,,1,2,2,1,3,2,3,2,1,1,1,1,1,1,1,1,2,2,1,1,2,2,3,2,2,1,2,2,1,2,2,7968,gemini,2024,여성,8
1,2,,,,2,2,2,2,3,2,2,2,1,1,1,1,1,1,1,1,2,2,2,2,2,2,3,2,2,1,2,2,1,2,2,7969,gemini,2024,여성,8
2,2,,,,2,2,2,2,3,2,3,2,1,1,1,1,1,1,1,1,3,3,1,1,2,2,3,2,2,1,2,2,1,2,2,7970,gemini,2024,여성,8
2,2,,,,1,2,2,2,3,2,3,2,1,1,1,1,1,1,1,1,3,3,2,2,2,2,3,2,2,1,2,2,1,2,2,7971,gemini,2024,여성,8
2,2,,,,2,2,2,2,3,2,3,2,1,1,1,1,1,1,1,1,3,3,2,1,2,2,3,2,2,1,2,2,1,2,2,7972,gemini,2024,여성,8
1,2,,,,1,2,2,1,3,2,3,2,1,1,1,1,1,1,1,1,2,2,1,1,2,2,2,2,2,1,2,2,1,2,2,7973,gemini,2024,여성,8
1,2,,,,1,2,2,1,3,2,3,2,1,1,1,1,1,1,1,1,2,2,1,1,2,2,3,2,2,1,2,2,1,2,2,7974,gemini,2024,여성,8
1,2,,,,2,2,2,2,3,2,3,2,1,1,1,1,1,1,1,1,2,2,2,2,2,2,3,2,2,1,2,2,1,2,2,7975,gemini,2024,여성,8
2,2,,,,2,2,2,2,3,2,3,2,2,1,1,1,1,1,1,1,2,2,2,2,2,2,3,2,2,1,2,2,1,2,2,7976,gemini,2024,여성,8
2,2,,,,1,1,2,1,3,2,3,2,1,1,1,1,1,1,1,1,2,2,2,1,2,2,3,2,2,1,2,2,1,2,2,7977,gemini,2024,여성,8
1,2,,,,2,2,2,2,3,2,3,2,2,1,1,1,1,1,1,1,2,2,2,2,2,2,3,2,2,1,2,2,1,2,2,7978,gemini,2024,여성,8
1,2,,,,2,2,2,2,3,2,3,2,1,1,1,1,1,1,1,1,2,2,2,2,2,2,3,2,2,1,2,2,1,2,2,7979,gemini,2024,여성,8
1,2,,,,1,2,2,1,3,2,3,2,1,1,1,1,1,1,1,1,2,2,2,1,2,2,3,2,2,1,2,2,1,2,2,7980,gemini,2024,여성,8
2,2,,,,2,2,2,2,3,2,3,2,2,1,1,1,1,1,1,1,2,2,2,2,2,2,3,2,2,1,2,2,1,2,2,7981,gemini,2024,여성,8
2,2,,,,2,2,2,2,3,2,3,2,2,1,1,1,1,2,2,2,3,3,2,2,2,3,3,2,2,1,2,2,1,2,2,7982,gemini,2024,여성,8
1,2,,,,1,2,2,1,3,2,3,2,1,1,1,1,1,1,1,1,2,2,2,1,2,2,2,2,2,1,2,2,1,2,2,7983,gemini,2024,여성,8
1,2,,,,1,2,2,1,3,2,3,2,1,1,1,1,1,1,1,1,3,3,2,2,2,2,3,2,2,1,2,2,1,2,2,7984,gemini,2024,여성,8
1,2,,,,1,1,2,1,3,2,3,2,1,1,1,1,1,1,1,1,2,2,1,1,2,2,3,2,2,1,2,2,1,2,2,7985,gemini,2024,여성,8
1,2,,,,1,1,1,1,2,1,2,1,1,1,1,1,1,1,1,1,2,2,1,1,2,2,3,2,2,1,2,2,1,2,2,7986,gemini,2024,여성,8
2,2,,,,2,2,2,2,3,2,3,2,1,1,1,1,1,2,1,1,3,3,2,2,2,2,3,2,2,1,2,2,1,2,2,7987,gemini,2024,여성,8
1,2,,,,1,2,2,1,3,2,3,2,1,1,1,1,1,1,1,1,2,2,2,1,2,2,3,2,2,1,2,2,1,2,2,7988,gemini,2024,여성,8
1,2,,,,1,2,2,1,3,2,3,2,1,1,1,1,1,1,1,1,2,2,2,2,2,2,3,2,2,1,2,2,1,2,2,7989,gemini,2024,여성,8
2,2,,,,2,2,2,2,3,2,3,2,1,1,1,1,1,1,1,1,3,3,2,2,2,2,3,2,2,1,2,2,1,2,2,7990,gemini,2024,여성,8
1,2,,,,1,1,1,1,2,1,1,1,1,1,1,1,1,1,1,1,2,2,1,1,2,2,3,2,2,1,2,2,1,2,2,7991,gemini,2024,여성,8
2,2,,,,2,2,2,2,3,2,3,2,1,1,1,1,1,2,1,1,3,3,2,2,2,2,3,2,2,1,2,2,1,2,2,7992,gemini,2024,여성,8
1,2,,,,1,2,2,1,3,2,3,2,1,1,1,1,1,1,1,1,2,2,1,1,2,2,3,2,2,1,2,2,1,2,2,7993,gemini,2024,여성,8
1,2,,,,1,2,2,1,3,2,3,2,1,1,1,1,1,1,1,1,2,2,1,1,2,2,2,2,2,1,2,2,1,2,2,7994,gemini,2024,여성,8
1,2,,,,2,2,2,2,3,2,3,2,2,1,1,1,1,1,1,1,2,2,2,2,2,2,3,2,2,1,2,2,1,2,2,7995,gemini,2024,여성,8
1,2,,,,1,1,1,1,2,1,2,1,1,1,1,1,1,1,1,1,2,2,1,1,2,2,3,2,2,1,2,2,1,2,2,7996,gemini,2024,여성,8
2,2,,,,2,2,2,2,3,2,3,2,2,1,1,1,1,1,1,1,3,3,2,2,2,2,3,2,2,1,2,2,1,2,2,7997,gemini,2024,여성,8
1,2,,,,1,2,2,1,3,2,3,2,1,1,1,1,1,1,1,1,2,2,1,1,2,2,3,2,2,1,2,2,1,2,2,7998,gemini,2024,여성,8
2,2,,,,2,2,2,2,3,2,3,2,1,1,1,1,1,1,1,1,3,3,2,2,2,2,3,3,2,1,2,2,1,2,2,7999,gemini,2024,여성,8
1,2,,,,1,2,2,1,3,2,3,2,1,1,1,1,1,1,1,1,2,2,1,1,2,2,3,2,2,1,2,2,1,2,2,8000,gemini,2024,여성,8
1,2,,,,2,2,2,2,3,2,3,2,2,1,1,1,1,1,1,1,3,3,2,2,3,3,4,3,2,1,2,2,1,2,2,8001,gemini,2024,여성,8
2,2,,,,1,2,2,1,3,2,2,2,1,1,1,1,1,1,1,1,2,2,1,1,2,2,3,2,2,1,2,2,1,2,2,8002,gemini,2024,여성,8
1,2,,,,1,2,2,2,3,2,3,2,1,1,1,1,1,1,1,1,2,2,1,1,2,2,2,2,2,1,2,2,1,2,2,8003,gemini,2024,여성,8
1,2,,,,1,2,2,1,3,2,3,2,1,1,1,1,1,1,1,1,3,3,2,1,2,2,3,2,2,1,2,2,1,2,2,8004,gemini,2024,여성,8
1,2,,,,1,1,2,1,3,2,3,2,2,1,1,1,1,1,1,1,2,2,2,1,2,2,3,2,2,1,2,2,1,2,2,8005,gemini,2024,여성,8
1,2,,,,1,2,2,1,3,2,3,2,1,1,1,1,1,1,1,1,2,2,2,1,2,2,3,2,2,1,2,2,1,2,2,8006,gemini,2024,여성,8
1,2,,,,1,2,2,1,3,2,3,2,2,1,1,1,1,1,1,1,2,2,2,2,2,2,3,2,2,1,2,2,1,2,2,8007,gemini,2024,여성,8
1,2,,,,2,2,2,2,3,2,3,2,1,1,1,1,1,1,1,1,2,2,2,2,2,2,2,2,2,1,2,2,1,2,2,8008,gemini,2024,여성,8
1,2,,,,1,1,1,1,2,1,2,1,1,1,1,1,1,1,1,1,2,2,1,1,2,2,3,2,2,1,2,2,1,2,2,8009,gemini,2024,여성,8
2,2,,,,2,2,2,2,3,2,3,2,2,1,1,1,1,2,2,2,3,3,2,2,3,3,4,3,2,1,2,2,1,2,2,8010,gemini,2024,여성,8
1,2,,,,1,1,1,1,2,2,2,1,1,1,1,1,1,1,1,1,2,2,1,1,2,2,3,2,2,1,2,2,1,2,2,8011,gemini,2024,여성,8
2,2,,,,2,2,2,2,3,2,3,2,1,1,1,1,1,1,1,1,3,3,2,2,3,3,4,3,2,1,2,2,1,2,2,8012,gemini,2024,여성,8
1,2,,,,2,2,2,2,3,2,3,2,1,1,1,1,1,2,1,1,3,3,2,2,2,2,3,2,2,1,2,2,1,2,2,8013,gemini,2024,여성,8
1,2,,,,1,1,2,1,3,2,3,2,1,1,1,1,1,1,1,1,2,2,1,1,2,2,3,2,2,1,2,2,1,2,2,8014,gemini,2024,여성,8
1,2,,,,1,1,1,1,2,1,1,1,1,1,1,1,1,1,1,1,2,2,1,1,2,2,3,1,2,1,2,2,1,2,2,8015,gemini,2024,여성,8
1,2,,,,1,1,1,1,2,1,2,1,1,1,1,1,1,1,1,1,2,2,2,1,2,2,3,2,2,1,2,2,1,2,2,8016,gemini,2024,여성,8
2,2,,,,2,2,2,2,3,2,3,2,2,1,1,1,1,1,1,1,2,2,2,2,2,2,3,2,2,1,2,2,1,2,2,8017,gemini,2024,여성,8
1,2,,,,1,2,2,1,3,2,2,2,1,1,1,1,1,1,1,1,2,2,1,1,2,2,2,2,2,1,2,2,1,2,2,8018,gemini,2024,여성,8
1,2,,,,1,2,2,1,3,2,2,2,1,1,1,1,1,1,1,1,2,2,1,1,2,2,3,2,2,1,2,2,1,2,2,8019,gemini,2024,여성,8
2,2,,,,2,2,2,2,3,2,3,2,1,1,1,1,1,2,1,1,3,3,2,1,2,2,3,2,2,1,2,2,1,2,2,8020,gemini,2024,여성,8
1,2,,,,1,1,1,1,2,1,2,1,1,1,1,1,1,1,1,1,2,2,1,1,2,2,3,2,2,1,2,2,1,2,2,8021,gemini,2024,여성,8
1,2,,,,1,1,1,1,2,1,2,1,1,1,1,1,1,1,1,1,2,2,1,1,1,2,2,1,2,1,2,2,1,2,2,8022,gemini,2024,여성,8
1,2,,,,2,2,2,2,3,2,3,2,1,1,1,1,1,1,1,1,2,2,2,2,2,2,3,2,2,1,2,2,1,2,2,8023,gemini,2024,여성,8
1,2,,,,1,1,1,1,2,1,2,1,1,1,1,1,1,1,1,1,2,2,1,1,2,2,3,2,2,1,2,2,1,2,2,8024,gemini,2024,여성,8
1,2,,,,1,1,2,1,3,2,3,2,1,1,1,1,1,1,1,1,2,2,1,1,2,2,3,2,2,1,2,2,1,2,2,8025,gemini,2024,여성,8
1,2,,,,1,2,2,1,3,2,3,2,1,1,1,1,1,1,1,1,2,2,1,1,2,2,3,2,2,1,2,2,1,2,2,8026,gemini,2024,여성,8
1,2,,,,1,2,2,1,3,2,3,2,1,1,1,1,1,1,1,1,3,3,2,1,2,2,3,2,2,1,2,2,1,2,2,8027,gemini,2024,여성,8
2,2,,,,2,2,2,2,3,2,3,2,2,1,2,1,1,2,2,2,3,3,2,2,2,2,3,2,2,1,2,2,1,2,2,8028,gemini,2024,여성,8
1,2,,,,2,2,2,2,3,2,2,2,2,1,1,1,1,2,1,1,2,2,1,1,2,2,3,2,2,1,2,2,1,2,2,8029,gemini,2024,여성,8
1,2,,,,1,1,2,1,3,2,3,2,1,1,1,1,1,1,1,1,3,3,2,2,2,2,3,2,2,1,2,2,1,2,2,8030,gemini,2024,여성,8
1,2,,,,1,1,1,1,2,1,2,1,1,1,1,1,1,1,1,1,2,2,1,1,2,2,2,2,2,1,2,2,1,2,2,8031,gemini,2024,여성,8
1,2,,,,1,2,2,2,3,2,3,2,1,1,1,1,1,1,1,1,3,3,2,2,2,2,4,2,2,1,2,2,1,2,2,8032,gemini,2024,여성,8
1,2,,,,2,2,2,2,3,2,3,2,2,1,1,1,1,2,2,1,3,3,2,2,3,3,4,2,2,1,2,2,1,2,2,8033,gemini,2024,여성,8
2,2,,,,2,2,2,2,3,2,3,2,1,1,1,1,1,1,1,1,3,3,2,2,2,2,3,2,2,1,2,2,1,2,2,8034,gemini,2024,여성,8
1,2,,,,1,1,1,1,2,1,2,1,1,1,1,1,1,1,1,1,2,2,1,1,2,2,3,2,2,1,2,2,1,2,2,8035,gemini,2024,여성,8
1,2,,,,1,1,1,1,2,1,2,2,1,1,1,1,1,1,1,1,2,2,1,1,2,2,2,2,2,1,2,2,1,2,2,8036,gemini,2024,여성,8
2,2,,,,2,2,2,2,3,2,3,2,1,1,1,1,1,2,1,1,3,3,2,2,3,2,4,3,2,1,2,2,1,2,2,8037,gemini,2024,여성,8
1,2,,,,1,2,2,1,3,2,3,2,1,1,1,1,1,1,1,1,2,2,2,2,2,2,3,2,2,1,2,2,1,2,2,8038,gemini,2024,여성,8
2,2,,,,2,2,3,2,3,2,3,2,1,1,1,1,1,1,1,1,3,3,2,2,2,2,3,2,2,1,2,2,1,2,2,8039,gemini,2024,여성,8
1,2,,,,2,2,2,2,3,2,3,2,2,1,1,1,1,2,2,1,3,3,2,2,3,3,4,3,2,1,2,2,1,2,2,8040,gemini,2024,여성,8
2,2,,,,2,2,2,2,3,2,3,2,2,1,1,1,1,1,1,1,3,3,2,1,2,2,3,2,2,1,2,2,1,2,2,8041,gemini,2024,여성,8
1,2,,,,1,1,2,1,3,2,2,2,1,1,1,1,1,1,1,1,2,2,1,1,2,2,2,2,2,1,2,2,1,2,2,8042,gemini,2024,여성,8
1,2,,,,2,2,2,2,3,2,3,2,2,1,1,1,1,2,2,1,3,3,2,2,2,2,3,2,2,1,2,2,1,2,2,8043,gemini,2024,여성,8
1,2,,,,1,1,1,1,2,2,2,2,1,1,1,1,1,1,1,1,2,2,1,1,2,2,3,2,2,1,2,2,1,2,2,8044,gemini,2024,여성,8
1,2,,,,1,2,2,1,3,2,3,2,1,1,1,1,1,1,1,1,3,3,2,1,2,2,3,3,2,1,2,2,1,2,2,8045,gemini,2024,여성,8
2,2,,,,2,2,2,2,3,2,3,2,1,1,1,1,1,1,1,1,3,3,2,2,2,2,3,2,2,1,2,2,1,2,2,8046,gemini,2024,여성,8
1,2,,,,1,1,1,1,2,2,2,1,1,1,1,1,1,1,1,1,2,2,2,2,2,2,3,2,2,1,2,2,1,2,2,8047,gemini,2024,여성,8
1,2,,,,1,2,2,1,3,2,2,2,1,1,1,1,1,1,1,1,2,2,1,1,2,2,2,2,2,1,2,2,1,2,2,8048,gemini,2024,여성,8
1,2,,,,1,2,2,2,2,1,2,2,1,1,1,1,1,1,1,1,2,2,1,1,2,2,3,2,2,1,2,2,1,2,2,8049,gemini,2024,여성,8
1,2,,,,1,2,2,2,3,2,3,2,1,1,1,1,1,1,1,1,3,3,2,2,2,2,3,2,2,1,2,2,1,2,2,8050,gemini,2024,여성,8
1,2,,,,1,2,2,1,3,2,3,2,1,1,1,1,1,1,1,1,2,2,1,1,2,2,3,2,2,1,2,2,1,2,2,8051,gemini,2024,여성,8
1,2,,,,1,2,2,1,3,2,3,2,1,1,1,1,1,1,1,1,2,2,1,1,2,2,3,2,2,1,2,2,1,2,2,8052,gemini,2024,여성,8
1,2,,,,1,1,1,1,2,1,2,1,1,1,1,1,1,1,1,1,2,2,1,1,2,2,3,1,2,1,2,2,1,2,2,8053,gemini,2024,여성,8
1,2,,,,1,1,1,1,2,1,2,1,1,1,1,1,1,1,1,1,2,2,1,1,1,2,2,1,2,1,2,2,1,2,2,8054,gemini,2024,여성,8
1,2,,,,2,2,2,2,3,2,3,2,2,1,1,1,1,2,2,1,3,3,2,2,3,2,4,3,2,1,2,2,1,2,2,8055,gemini,2024,여성,8
1,2,,,,2,2,2,2,3,2,2,2,2,1,1,1,1,1,1,1,2,2,1,1,2,2,3,2,2,1,2,2,1,2,2,8056,gemini,2024,여성,8
1,2,,,,1,2,2,1,3,2,3,2,1,1,1,1,1,1,1,1,2,2,1,1,2,2,3,2,2,1,2,2,1,2,2,8057,gemini,2024,여성,8
1,2,,,,1,1,1,1,2,1,2,1,1,1,1,1,1,1,1,1,2,2,1,1,2,2,3,2,2,1,2,2,1,2,2,8058,gemini,2024,여성,8
1,2,,,,1,1,1,1,2,2,2,1,1,1,1,1,1,1,1,1,2,2,1,1,2,2,3,2,2,1,2,2,1,2,2,8059,gemini,2024,여성,8
1,2,,,,1,2,2,2,3,2,3,2,1,1,1,1,1,1,1,1,3,3,2,2,2,2,4,3,2,1,2,2,1,2,2,8060,gemini,2024,여성,8
2,2,,,,2,2,2,2,3,2,3,2,1,1,1,1,1,1,2,1,3,3,2,2,2,2,4,2,2,1,2,2,1,2,2,8061,gemini,2024,여성,8
1,2,,,,1,2,2,1,3,2,3,2,1,1,1,1,1,1,1,1,2,2,1,1,2,2,3,2,2,1,2,2,1,2,2,8062,gemini,2024,여성,8
1,2,,,,1,2,2,1,3,2,3,2,1,1,1,1,1,1,1,1,2,2,1,1,2,2,3,2,2,1,2,2,1,2,2,8063,gemini,2024,여성,8
1,2,,,,1,2,2,1,3,2,3,2,1,1,1,1,1,1,1,1,2,2,1,1,2,2,3,2,2,1,2,2,1,2,2,8064,gemini,2024,여성,8
2,2,,,,2,2,2,2,3,2,3,2,1,1,1,1,1,1,1,1,3,3,2,1,2,2,3,2,2,1,2,2,1,2,2,8065,gemini,2024,여성,8
1,2,,,,1,1,1,1,2,1,2,1,1,1,1,1,1,1,1,1,2,2,1,1,2,2,3,1,2,1,2,2,1,2,2,8066,gemini,2024,여성,8
1,2,,,,1,2,2,1,3,2,3,2,1,1,1,1,1,1,1,1,2,2,2,1,2,2,3,2,2,1,2,2,1,2,2,8067,gemini,2024,여성,8
2,2,,,,1,2,2,2,3,2,3,2,1,1,1,1,1,1,1,1,2,2,2,2,2,2,3,2,2,1,2,2,1,2,2,8068,gemini,2024,여성,8
1,2,,,,1,2,2,1,3,2,2,2,1,1,1,1,1,1,1,1,2,2,1,1,2,2,2,2,2,1,2,2,1,2,2,8069,gemini,2024,여성,8
1,2,,,,2,2,2,2,3,2,2,2,1,1,1,1,1,1,1,1,2,2,2,1,2,2,3,2,2,1,2,2,1,2,2,8070,gemini,2024,여성,8
1,2,,,,1,2,2,1,3,2,3,2,1,1,1,1,1,1,1,1,2,2,2,1,2,2,3,2,2,1,2,2,1,2,2,8071,gemini,2024,여성,8
2,2,,,,2,2,2,2,3,2,3,2,1,1,1,1,1,2,2,1,3,3,2,2,2,2,3,2,2,1,2,2,1,2,2,8072,gemini,2024,여성,8
1,2,,,,2,2,2,2,3,2,3,2,2,1,1,1,1,2,1,1,3,3,2,2,2,2,3,2,2,1,2,2,1,2,2,8073,gemini,2024,여성,8
2,2,,,,2,2,2,2,3,2,3,2,1,1,1,1,1,2,2,1,3,3,2,2,3,3,4,2,2,1,2,2,1,2,2,8074,gemini,2024,여성,8
1,2,,,,1,2,2,1,3,2,3,2,1,1,1,1,1,1,1,1,2,2,1,1,2,2,3,2,2,1,2,2,1,2,2,8075,gemini,2024,여성,8
2,2,,,,2,2,2,2,3,2,3,2,2,1,1,1,1,2,2,1,3,3,2,2,3,2,4,2,2,1,2,2,1,2,2,8076,gemini,2024,여성,8
1,2,,,,1,2,2,1,3,2,2,2,1,1,1,1,1,1,1,1,2,2,2,1,2,2,3,2,2,1,2,2,1,2,2,8077,gemini,2024,여성,8
1,2,,,,2,2,2,2,3,2,3,2,1,1,1,1,1,1,1,1,2,2,2,2,2,2,3,2,2,1,2,2,1,2,2,8078,gemini,2024,여성,8
1,2,,,,1,2,2,1,3,2,3,2,1,1,1,1,1,1,1,1,2,2,1,1,2,2,3,2,2,1,2,2,1,2,2,8079,gemini,2024,여성,8
1,2,,,,1,1,2,1,3,2,3,2,1,1,1,1,1,1,1,1,2,2,1,1,2,2,3,2,2,1,2,2,1,2,2,8080,gemini,2024,여성,8
2,2,,,,1,2,2,2,3,2,2,2,1,1,1,1,1,1,1,1,2,2,2,1,2,2,3,2,2,1,2,2,1,2,2,8081,gemini,2024,여성,8
1,2,,,,1,2,2,1,3,2,3,2,1,1,1,1,1,1,1,1,2,2,1,1,2,2,3,2,2,1,2,2,1,2,2,8082,gemini,2024,여성,8
1,2,,,,1,1,2,1,3,2,3,2,2,1,1,1,1,1,1,1,2,2,1,1,2,2,3,2,2,1,2,2,1,2,2,8083,gemini,2024,여성,8
1,2,,,,1,1,1,1,2,1,2,1,1,1,1,1,1,1,1,1,2,2,1,1,2,2,2,1,2,1,2,2,1,2,2,8084,gemini,2024,여성,8
1,2,,,,1,1,2,1,3,2,3,2,1,1,1,1,1,1,1,1,2,2,1,1,2,2,3,2,2,1,2,2,1,2,2,8085,gemini,2024,여성,8
1,2,,,,1,2,2,1,3,2,3,2,1,1,1,1,1,1,1,1,2,2,2,1,2,2,3,2,2,1,2,2,1,2,2,8086,gemini,2024,여성,8
1,2,,,,1,2,2,1,3,2,2,2,1,1,1,1,1,1,1,1,2,2,1,1,2,2,3,2,2,1,2,2,1,2,2,8087,gemini,2024,여성,8
1,2,,,,2,2,2,2,3,2,3,2,1,1,1,1,1,2,2,1,3,3,2,2,2,2,2,2,2,1,2,2,1,2,2,8088,gemini,2024,여성,8
1,2,,,,1,2,2,1,3,2,3,2,1,1,1,1,1,1,1,1,2,2,1,1,2,2,3,2,2,1,2,2,1,2,2,8089,gemini,2024,여성,8
1,2,,,,1,2,2,2,3,2,3,2,2,1,1,1,1,2,1,1,3,3,2,2,2,2,3,2,2,1,2,2,1,2,2,8090,gemini,2024,여성,8
2,2,,,,2,2,2,2,3,2,3,2,2,1,1,1,1,2,2,1,3,3,2,2,3,3,4,3,2,1,2,2,1,2,2,8091,gemini,2024,여성,8
2,2,,,,2,2,2,2,3,2,3,2,1,1,1,1,1,2,1,1,3,3,2,2,3,2,4,3,2,1,2,2,1,2,2,8092,gemini,2024,여성,8
1,2,,,,1,2,2,1,3,2,3,2,1,1,1,1,1,1,1,1,2,2,1,1,2,2,3,2,2,1,2,2,1,2,2,8093,gemini,2024,여성,8
1,2,,,,1,2,2,1,3,2,3,2,1,1,1,1,1,1,1,1,3,3,2,2,3,2,4,2,2,1,2,2,1,2,2,8094,gemini,2024,여성,8
1,2,,,,2,2,2,2,3,2,2,2,2,1,1,1,1,2,1,1,3,3,2,2,2,2,3,2,2,1,2,2,1,2,2,8095,gemini,2024,여성,8
1,2,,,,1,2,2,1,3,2,3,2,1,1,1,1,1,1,1,1,2,2,2,1,2,3,4,2,2,1,2,2,1,2,2,8096,gemini,2024,여성,8
1,2,,,,1,2,2,1,3,2,3,2,1,1,1,1,1,1,1,1,3,3,2,2,2,2,4,3,2,1,2,2,1,2,2,8097,gemini,2024,여성,8
1,2,,,,2,2,2,2,3,2,2,2,2,1,1,1,1,1,1,1,2,2,1,1,2,2,3,2,2,1,2,2,1,2,2,8098,gemini,2024,여성,8
2,2,,,,1,2,2,2,3,2,3,2,1,1,1,1,1,1,1,1,3,3,2,2,2,2,3,2,2,1,2,2,1,2,2,8099,gemini,2024,여성,8
1,2,,,,1,2,2,1,3,2,3,2,1,1,1,1,1,1,1,1,2,2,1,1,2,2,3,2,2,1,2,2,1,2,2,8100,gemini,2024,여성,8
1,2,,,,2,2,2,2,3,2,3,2,1,1,1,1,1,1,1,1,2,2,2,2,2,2,3,2,2,1,2,2,1,2,2,8101,gemini,2024,여성,8
1,2,,,,2,2,2,2,3,2,3,2,2,1,1,1,1,2,1,1,3,3,2,2,2,2,3,2,2,1,2,2,1,2,2,8102,gemini,2024,여성,8
2,2,,,,2,2,3,2,3,2,3,2,1,1,1,1,1,1,1,1,3,3,2,2,2,2,4,3,2,1,2,2,1,2,2,8103,gemini,2024,여성,8
1,2,,,,1,2,2,1,3,2,3,2,1,1,1,1,1,1,1,1,2,2,1,1,2,2,3,2,2,1,2,2,1,2,2,8104,gemini,2024,여성,8
1,2,,,,1,2,2,1,3,2,3,2,1,1,1,1,1,1,1,1,3,3,2,1,2,2,3,2,2,1,2,2,1,2,2,8105,gemini,2024,여성,8
1,2,,,,2,2,2,2,3,2,2,2,2,1,1,1,1,1,1,1,2,2,1,1,2,2,3,2,2,1,2,2,1,2,2,8106,gemini,2024,여성,8
2,2,,,,2,2,2,2,3,2,3,2,2,1,1,1,1,2,2,1,3,3,2,1,2,2,3,2,2,1,2,2,1,2,2,8107,gemini,2024,여성,8
1,2,,,,2,2,2,2,3,2,3,2,2,1,1,1,1,1,1,1,2,2,1,1,2,2,3,2,2,1,2,2,1,2,2,8108,gemini,2024,여성,8
2,2,,,,2,2,2,2,3,2,3,2,2,1,1,1,1,2,2,1,3,3,2,2,2,2,3,2,2,1,2,2,1,2,2,8109,gemini,2024,여성,8
1,2,,,,1,2,2,2,3,2,3,2,1,1,1,1,1,1,1,1,2,2,1,1,2,2,3,2,2,1,2,2,1,2,2,8110,gemini,2024,여성,8
2,2,,,,2,2,2,2,3,2,3,2,1,1,1,1,1,1,1,1,3,3,2,2,2,2,3,2,2,1,2,2,1,2,2,8111,gemini,2024,여성,8
1,2,,,,1,2,2,1,3,2,3,2,1,1,1,1,1,1,1,1,2,2,1,1,2,2,3,2,2,1,2,2,1,2,2,8112,gemini,2024,여성,8
1,2,,,,2,2,2,2,3,2,2,2,1,1,1,1,1,1,1,1,3,3,2,2,2,2,4,2,2,1,2,2,1,2,2,8113,gemini,2024,여성,8
1,2,,,,1,2,2,1,3,2,3,2,1,1,1,1,1,1,1,1,3,3,2,1,2,2,3,2,2,1,2,2,1,2,2,8114,gemini,2024,여성,8
2,2,,,,2,2,2,2,3,2,3,2,1,1,1,1,1,1,1,1,3,3,2,2,2,2,4,3,2,1,2,2,1,2,2,8115,gemini,2024,여성,8
2,2,,,,2,2,2,2,3,2,3,2,1,1,1,1,1,1,1,1,3,3,2,2,2,2,3,2,2,1,2,2,1,2,2,8116,gemini,2024,여성,8
2,2,,,,2,2,3,2,3,2,3,2,2,1,1,1,1,2,2,1,3,3,2,2,2,2,3,2,2,1,2,2,1,2,2,8117,gemini,2024,여성,8
1,2,,,,1,2,2,1,3,2,3,2,1,1,1,1,1,1,1,1,3,3,2,2,2,2,4,2,2,1,2,2,1,2,2,8118,gemini,2024,여성,8
2,2,,,,2,2,2,2,3,2,3,2,2,1,1,1,1,2,2,1,3,3,2,2,3,2,4,3,2,1,2,2,1,2,2,8119,gemini,2024,여성,8
2,2,,,,2,2,2,2,3,2,3,2,2,1,1,1,1,1,1,1,2,2,2,2,2,2,3,2,2,1,2,2,1,2,2,8120,gemini,2024,여성,8
1,2,,,,1,2,2,1,3,2,3,2,1,1,1,1,1,1,1,1,3,3,2,1,2,2,3,2,2,1,2,2,1,2,2,8121,gemini,2024,여성,8
1,2,,,,1,2,2,1,3,2,3,2,1,1,1,1,1,1,1,1,2,2,1,1,2,2,3,2,2,1,2,2,1,2,2,8122,gemini,2024,여성,8
2,2,,,,2,2,2,2,3,2,3,2,1,1,1,1,1,1,1,1,3,3,2,2,2,2,4,2,2,1,2,2,1,2,2,8123,gemini,2024,여성,8
1,2,,,,1,2,2,1,3,2,2,2,1,1,1,1,1,1,1,1,2,2,1,1,2,2,3,2,2,1,2,2,1,2,2,8124,gemini,2024,여성,8
1,2,,,,1,2,2,1,3,2,3,2,1,1,1,1,1,1,1,1,2,2,1,1,2,2,3,2,2,1,2,2,1,2,2,8125,gemini,2024,여성,8
2,2,,,,2,2,2,2,3,2,3,2,1,1,1,1,1,1,1,1,3,3,2,2,2,2,3,2,2,1,2,2,1,2,2,8126,gemini,2024,여성,8
1,2,,,,1,2,2,1,3,2,3,2,1,1,1,1,1,1,1,1,3,3,2,1,2,2,3,2,2,1,2,2,1,2,2,8127,gemini,2024,여성,8
1,2,,,,1,1,2,1,3,2,3,2,1,1,1,1,1,1,1,1,2,2,2,1,2,2,3,2,2,1,2,2,1,2,2,8128,gemini,2024,여성,8
1,2,,,,2,2,2,2,3,2,3,2,1,1,1,1,1,1,1,1,3,3,2,2,2,2,3,2,2,1,2,2,1,2,2,8129,gemini,2024,여성,8
2,2,,,,2,2,2,2,3,2,3,2,1,1,1,1,1,2,2,1,3,3,2,2,2,2,3,2,2,1,2,2,1,2,2,8130,gemini,2024,여성,8
1,2,,,,1,1,1,1,2,1,2,1,1,1,1,1,1,1,1,1,2,2,1,1,2,2,2,2,2,1,2,2,1,2,2,8131,gemini,2024,여성,8
1,2,,,,1,1,1,1,3,2,2,2,1,1,1,1,1,1,1,1,2,2,1,1,2,2,2,1,2,1,2,2,1,2,2,8132,gemini,2024,여성,8
1,2,,,,1,1,1,1,2,1,2,1,1,1,1,1,1,1,1,1,2,2,1,1,2,2,3,2,2,1,2,2,1,2,2,8133,gemini,2024,여성,8
1,2,,,,1,1,1,1,3,2,3,2,1,1,1,1,1,1,1,1,2,2,1,1,2,2,3,2,2,1,2,2,1,2,2,8134,gemini,2024,여성,8
2,2,,,,2,2,2,2,3,2,3,2,2,1,2,1,1,2,2,1,3,3,2,2,2,3,4,3,2,1,2,2,1,2,2,8135,gemini,2024,여성,8
1,2,,,,1,2,2,2,3,2,2,2,1,1,1,1,1,1,1,1,2,2,2,1,2,2,3,2,2,1,2,2,1,2,2,8136,gemini,2024,여성,8
2,2,,,,2,2,2,2,3,2,3,2,2,1,1,1,1,2,2,1,3,3,2,2,2,2,3,2,2,1,2,2,1,2,2,8137,gemini,2024,여성,8
1,2,,,,2,2,2,2,3,2,3,2,2,1,1,1,1,2,2,1,3,3,2,2,3,2,4,3,2,1,2,2,1,2,2,8138,gemini,2024,여성,8
1,2,,,,2,2,2,2,3,2,3,2,1,1,1,1,1,1,1,1,2,2,1,1,2,2,3,2,2,1,2,2,1,2,2,8139,gemini,2024,여성,8
1,2,,,,1,1,2,1,3,2,3,2,1,1,1,1,1,1,1,1,2,2,1,1,2,2,3,2,2,1,2,2,1,2,2,8140,gemini,2024,여성,8
1,2,,,,1,2,2,2,3,2,2,2,1,1,1,1,1,1,1,1,2,2,1,1,2,2,3,2,2,1,2,2,1,2,2,8141,gemini,2024,여성,8
1,2,,,,1,2,2,1,3,2,3,2,2,1,1,1,1,1,1,1,2,2,1,1,2,2,3,2,2,1,2,2,1,2,2,8142,gemini,2024,여성,8
1,2,,,,1,2,2,1,3,2,3,2,1,1,1,1,1,1,1,1,2,2,2,1,2,2,2,2,2,1,2,2,1,2,2,8143,gemini,2024,여성,8
2,2,,,,2,2,2,2,3,2,2,2,2,1,1,1,1,2,1,1,3,3,2,2,2,2,3,2,2,1,2,2,1,2,2,8144,gemini,2024,여성,8
2,2,,,,2,2,2,2,3,2,3,2,1,1,1,1,1,2,1,1,3,3,2,2,2,2,3,2,2,1,2,2,1,2,2,8145,gemini,2024,여성,8
1,2,,,,1,2,2,1,2,1,2,1,1,1,1,1,1,1,1,1,2,2,1,1,2,2,3,2,2,1,2,2,1,2,2,8146,gemini,2024,여성,8
1,2,,,,2,2,2,2,3,2,2,2,1,1,1,1,1,1,1,1,3,3,2,2,2,2,2,2,2,1,2,2,1,2,2,8147,gemini,2024,여성,8
1,2,,,,1,1,1,1,2,1,2,1,1,1,1,1,1,1,1,1,2,2,2,1,2,2,2,2,2,1,2,2,1,2,2,8148,gemini,2024,여성,8
1,2,,,,2,2,2,2,3,2,3,2,1,1,1,1,1,1,1,1,3,3,2,2,3,3,4,3,2,1,2,2,1,2,2,8149,gemini,2024,여성,8
1,2,,,,1,2,2,1,3,2,3,2,1,1,1,1,1,1,1,1,2,2,1,1,2,2,3,2,2,1,2,2,1,2,2,8150,gemini,2024,여성,8
1,2,,,,2,2,2,2,3,2,3,2,1,1,1,1,1,1,1,1,2,2,2,2,2,2,3,2,2,1,2,2,1,2,2,8151,gemini,2024,여성,8
2,2,,,,2,2,2,2,3,2,3,2,2,1,1,1,1,1,1,1,2,2,2,2,2,2,3,2,2,1,2,2,1,2,2,8152,gemini,2024,여성,8
1,2,,,,1,1,2,1,3,2,3,2,2,1,1,1,1,1,1,1,2,2,1,1,2,2,3,2,2,1,2,2,1,2,2,8153,gemini,2024,여성,8
1,2,,,,1,1,1,1,2,1,2,1,1,1,1,1,1,1,1,1,2,2,2,1,2,2,3,2,2,1,2,2,1,2,2,8154,gemini,2024,여성,8
2,2,,,,2,2,2,2,3,2,3,2,2,1,1,1,1,1,1,1,2,2,2,2,2,3,4,2,2,1,2,2,1,2,2,8155,gemini,2024,여성,8
1,2,,,,1,1,1,1,2,1,2,1,1,1,1,1,1,1,1,1,2,2,1,1,2,2,3,2,2,1,2,2,1,2,2,8156,gemini,2024,여성,8
1,2,,,,1,2,2,1,3,2,2,2,1,1,1,1,1,1,1,1,2,2,1,1,2,2,3,2,2,1,2,2,1,2,2,8157,gemini,2024,여성,8
2,2,,,,2,2,2,2,3,2,2,2,1,1,1,1,1,1,1,1,3,3,2,2,2,2,3,2,2,1,2,2,1,2,2,8158,gemini,2024,여성,8
2,2,,,,2,2,2,2,3,2,3,2,1,1,1,1,1,2,2,1,3,3,2,2,2,2,3,2,2,1,2,2,1,2,2,8159,gemini,2024,여성,8
1,2,,,,2,2,2,2,3,2,2,2,2,1,1,1,1,2,2,1,3,3,2,2,3,2,4,3,2,1,2,2,1,2,2,8160,gemini,2024,여성,8
1,2,,,,1,2,2,1,3,2,3,2,1,1,1,1,1,1,1,1,3,3,2,2,2,2,3,2,2,1,2,2,1,2,2,8161,gemini,2024,여성,8
1,2,,,,1,2,2,1,3,2,3,2,1,1,1,1,1,1,1,1,2,2,1,1,2,2,3,2,2,1,2,2,1,2,2,8162,gemini,2024,여성,8
1,2,,,,1,1,1,1,2,1,1,1,1,1,1,1,1,1,1,1,2,2,1,1,2,2,2,1,2,1,2,2,1,2,2,8163,gemini,2024,여성,8
2,2,,,,2,2,2,2,3,2,3,2,1,1,1,1,1,1,1,1,3,3,2,2,2,2,3,2,2,1,2,2,1,2,2,8164,gemini,2024,여성,8
2,2,,,,2,2,2,2,3,2,3,2,2,1,1,1,1,2,2,1,3,3,2,1,3,2,4,2,2,1,2,2,1,2,2,8165,gemini,2024,여성,8
1,2,,,,1,2,2,1,3,2,3,2,2,1,1,1,1,1,1,1,2,2,1,1,2,2,3,2,2,1,2,2,1,2,2,8166,gemini,2024,여성,8
1,2,,,,1,1,1,1,2,2,2,1,1,1,1,1,1,1,1,1,2,2,1,1,2,2,3,2,2,1,2,2,1,2,2,8167,gemini,2024,여성,8
