p__d31001,p__d31002,p__d31003,p__d31005,p__d31007,p__d26001,p__d26075,p__d26092,p__d11001,p__d22001,p__d28001,p__d29001,_idx,_model,_wave,성별,연령대
3,1,1.0,3.0,2.0,1,1,1,1,1,2,1,0,gemini,2025,남성,2
3,1,1.0,3.0,2.0,1,1,1,1,1,1,1,1,gemini,2025,남성,2
3,1,1.0,4.0,2.0,1,1,1,1,1,2,1,2,gemini,2025,남성,2
3,1,1.0,3.0,2.0,1,1,1,1,1,2,1,3,gemini,2025,남성,2
3,1,1.0,3.0,2.0,1,1,1,1,1,1,1,4,gemini,2025,남성,2
2,2,,,,1,1,2,2,1,2,2,5,gemini,2025,남성,2
3,1,1.0,4.0,2.0,1,1,1,1,1,2,1,6,gemini,2025,남성,2
3,1,1.0,4.0,2.0,1,1,1,1,1,1,1,7,gemini,2025,남성,2
3,1,1.0,3.0,2.0,1,1,1,1,1,2,1,8,gemini,2025,남성,2
3,1,1.0,3.0,2.0,1,1,2,1,1,2,2,9,gemini,2025,남성,2
3,1,1.0,4.0,2.0,1,1,2,1,1,2,2,10,gemini,2025,남성,2
3,1,1.0,3.0,2.0,1,1,1,1,1,2,1,11,gemini,2025,남성,2
3,1,1.0,3.0,2.0,1,1,2,1,1,2,1,12,gemini,2025,남성,2
2,2,,,,1,1,2,1,1,2,2,13,gemini,2025,남성,2
3,1,8.0,3.0,2.0,1,1,1,1,1,2,2,14,gemini,2025,남성,2
3,1,1.0,3.0,2.0,1,1,1,1,1,2,1,15,gemini,2025,남성,2
3,1,1.0,4.0,2.0,1,1,2,1,1,2,2,16,gemini,2025,남성,2
3,1,1.0,3.0,2.0,1,1,1,1,1,2,2,17,gemini,2025,남성,2
3,1,1.0,3.0,2.0,1,1,1,1,1,2,2,18,gemini,2025,남성,2
3,1,1.0,3.0,2.0,1,1,1,1,1,1,1,19,gemini,2025,남성,2
3,1,1.0,3.0,2.0,1,1,1,1,1,2,1,20,gemini,2025,남성,2
3,1,1.0,3.0,2.0,1,1,1,1,1,2,2,21,gemini,2025,남성,2
3,1,1.0,4.0,2.0,1,1,2,1,1,2,2,22,gemini,2025,남성,2
3,1,1.0,2.0,2.0,1,1,1,1,1,2,1,23,gemini,2025,남성,2
3,1,1.0,4.0,2.0,1,1,1,1,1,2,1,24,gemini,2025,남성,2
2,2,,,,1,1,2,1,1,2,2,25,gemini,2025,남성,2
2,1,1.0,5.0,2.0,1,1,1,1,1,2,1,26,gemini,2025,남성,2
3,1,1.0,3.0,2.0,1,1,1,1,1,2,1,27,gemini,2025,남성,2
3,1,9.0,3.0,2.0,1,1,1,1,1,2,2,28,gemini,2025,남성,2
3,1,7.0,3.0,2.0,1,1,1,1,1,2,1,29,gemini,2025,남성,2
3,1,1.0,3.0,2.0,1,1,1,1,1,2,2,30,gemini,2025,남성,2
3,1,1.0,4.0,2.0,1,1,1,1,1,2,1,31,gemini,2025,남성,2
3,1,1.0,3.0,2.0,1,1,2,1,1,2,2,32,gemini,2025,남성,2
2,2,,,,1,1,1,1,1,2,1,33,gemini,2025,남성,2
3,1,1.0,3.0,2.0,1,1,1,1,1,2,1,34,gemini,2025,남성,2
3,1,1.0,3.0,2.0,1,1,1,1,1,2,2,35,gemini,2025,남성,2
3,1,1.0,4.0,2.0,1,1,2,1,1,2,1,36,gemini,2025,남성,2
3,1,1.0,4.0,2.0,1,1,1,1,1,2,2,37,gemini,2025,남성,2
2,2,,,,1,1,1,1,1,2,1,38,gemini,2025,남성,2
3,1,1.0,4.0,2.0,1,1,1,1,1,2,1,39,gemini,2025,남성,2
3,1,1.0,3.0,2.0,1,1,1,1,1,2,1,40,gemini,2025,남성,2
3,1,1.0,3.0,2.0,1,1,1,1,1,1,2,41,gemini,2025,남성,2
2,2,,,,1,1,1,1,1,2,2,42,gemini,2025,남성,2
3,1,1.0,4.0,2.0,1,1,2,1,1,2,2,43,gemini,2025,남성,2
3,1,1.0,4.0,2.0,1,1,1,1,1,2,2,44,gemini,2025,남성,2
3,1,1.0,3.0,2.0,1,1,1,1,1,1,1,45,gemini,2025,남성,2
3,1,1.0,4.0,2.0,1,1,2,1,1,2,2,46,gemini,2025,남성,2
3,1,8.0,3.0,1.0,1,1,2,1,1,2,1,47,gemini,2025,남성,2
3,1,1.0,3.0,2.0,1,1,1,1,1,2,1,48,gemini,2025,남성,2
3,1,1.0,3.0,2.0,1,1,1,1,1,1,2,49,gemini,2025,남성,2
2,2,,,,1,1,1,1,1,2,2,50,gemini,2025,남성,2
3,1,7.0,3.0,2.0,1,1,2,1,1,2,2,51,gemini,2025,남성,2
3,1,1.0,3.0,2.0,1,1,1,1,1,2,1,52,gemini,2025,남성,2
3,1,1.0,4.0,2.0,1,1,1,1,1,2,1,53,gemini,2025,남성,2
3,1,7.0,3.0,2.0,1,1,1,1,1,1,1,54,gemini,2025,남성,2
3,1,1.0,4.0,2.0,1,1,1,1,1,2,1,55,gemini,2025,남성,2
3,1,1.0,3.0,2.0,1,1,1,1,1,2,1,56,gemini,2025,남성,2
3,1,1.0,3.0,2.0,1,1,2,2,1,2,2,57,gemini,2025,남성,2
3,1,1.0,3.0,2.0,1,1,1,1,1,2,1,58,gemini,2025,남성,2
3,1,1.0,3.0,2.0,1,1,1,1,1,2,2,59,gemini,2025,남성,2
3,1,1.0,4.0,2.0,1,1,2,1,1,2,2,60,gemini,2025,남성,2
3,1,1.0,4.0,2.0,1,1,1,1,1,2,1,61,gemini,2025,남성,2
3,1,1.0,3.0,2.0,1,1,1,1,1,1,1,62,gemini,2025,남성,2
3,1,1.0,4.0,2.0,1,1,1,1,1,1,1,63,gemini,2025,남성,2
3,1,1.0,3.0,2.0,1,1,2,1,1,2,1,64,gemini,2025,남성,2
3,1,1.0,3.0,2.0,1,1,1,1,1,2,1,65,gemini,2025,남성,2
3,1,1.0,3.0,2.0,1,1,2,1,1,2,2,66,gemini,2025,남성,2
2,2,,,,1,1,1,1,1,2,2,67,gemini,2025,남성,2
3,1,1.0,4.0,2.0,1,1,1,1,1,2,1,68,gemini,2025,남성,2
3,1,1.0,3.0,2.0,1,1,1,1,1,2,2,69,gemini,2025,남성,2
3,1,1.0,4.0,2.0,1,1,1,1,1,2,1,70,gemini,2025,남성,2
3,1,1.0,3.0,2.0,1,1,2,1,1,2,2,71,gemini,2025,남성,2
3,1,1.0,4.0,2.0,1,1,2,1,1,2,2,72,gemini,2025,남성,2
3,1,1.0,3.0,2.0,1,1,1,1,1,2,1,73,gemini,2025,남성,2
2,2,,,,1,1,1,1,1,2,1,74,gemini,2025,남성,2
3,1,1.0,3.0,2.0,1,1,1,1,1,2,2,75,gemini,2025,남성,2
2,2,,,,2,1,2,2,1,2,2,76,gemini,2025,남성,2
3,1,1.0,4.0,2.0,1,1,2,1,1,2,2,77,gemini,2025,남성,2
3,1,1.0,3.0,2.0,1,1,2,1,1,2,2,78,gemini,2025,남성,2
3,1,1.0,4.0,2.0,1,1,1,1,1,2,1,79,gemini,2025,남성,2
2,2,,,,1,1,1,1,1,2,2,80,gemini,2025,남성,2
2,2,,,,2,1,2,2,1,2,2,81,gemini,2025,남성,2
2,2,,,,1,1,2,2,1,2,2,82,gemini,2025,남성,2
3,1,1.0,4.0,2.0,1,1,1,1,1,2,2,83,gemini,2025,남성,2
3,1,1.0,4.0,2.0,1,1,1,1,1,2,1,84,gemini,2025,남성,2
3,1,1.0,4.0,2.0,2,1,2,1,1,2,2,85,gemini,2025,남성,2
3,1,1.0,3.0,2.0,1,1,2,1,1,2,1,86,gemini,2025,남성,2
3,1,1.0,3.0,2.0,1,1,1,1,1,1,1,87,gemini,2025,남성,2
2,2,,,,1,1,1,1,1,2,1,88,gemini,2025,남성,2
2,1,1.0,5.0,2.0,1,1,1,1,1,2,1,89,gemini,2025,남성,2
2,2,,,,1,1,1,1,1,2,1,90,gemini,2025,남성,2
3,1,1.0,3.0,2.0,1,1,2,1,1,2,2,91,gemini,2025,남성,2
3,1,1.0,4.0,2.0,1,1,1,1,1,2,1,92,gemini,2025,남성,2
3,1,1.0,4.0,2.0,1,1,1,1,1,1,1,93,gemini,2025,남성,2
2,2,,,,1,1,2,1,1,2,2,94,gemini,2025,남성,2
3,1,7.0,3.0,2.0,1,1,2,1,1,1,1,95,gemini,2025,남성,2
3,1,1.0,4.0,2.0,1,1,1,1,1,2,2,96,gemini,2025,남성,2
3,1,1.0,4.0,2.0,1,1,1,1,1,2,1,97,gemini,2025,남성,2
3,1,8.0,3.0,2.0,1,1,2,1,1,2,2,98,gemini,2025,남성,2
3,1,7.0,3.0,2.0,1,1,2,1,1,2,2,99,gemini,2025,남성,2
3,1,1.0,4.0,2.0,1,1,1,1,1,1,2,100,gemini,2025,남성,2
3,1,1.0,3.0,2.0,1,1,1,1,1,2,1,101,gemini,2025,남성,2
3,1,1.0,3.0,2.0,1,1,1,1,1,1,1,102,gemini,2025,남성,2
2,2,,,,1,1,1,1,1,2,2,103,gemini,2025,남성,2
3,1,8.0,3.0,2.0,1,1,1,1,1,1,2,104,gemini,2025,남성,2
3,1,1.0,3.0,2.0,1,1,2,1,1,2,2,105,gemini,2025,남성,2
3,1,1.0,3.0,2.0,1,1,1,1,1,2,1,106,gemini,2025,남성,2
3,1,1.0,4.0,2.0,1,1,1,1,1,2,2,107,gemini,2025,남성,2
3,1,1.0,4.0,2.0,1,1,1,1,1,2,1,108,gemini,2025,남성,2
3,1,1.0,4.0,2.0,1,1,1,1,1,2,1,109,gemini,2025,남성,2
2,2,,,,1,1,1,1,1,2,2,110,gemini,2025,남성,2
3,1,8.0,3.0,2.0,1,1,1,1,1,2,1,111,gemini,2025,남성,2
3,1,1.0,3.0,2.0,1,1,1,1,1,2,1,112,gemini,2025,남성,2
2,2,,,,1,1,1,1,1,2,2,113,gemini,2025,남성,2
3,1,1.0,3.0,2.0,1,1,2,1,1,2,2,114,gemini,2025,남성,2
3,1,1.0,3.0,2.0,1,1,1,1,1,1,1,115,gemini,2025,남성,2
3,1,1.0,4.0,2.0,1,1,1,1,1,2,1,116,gemini,2025,남성,2
3,1,1.0,4.0,2.0,1,1,2,1,1,2,1,117,gemini,2025,남성,2
3,1,1.0,4.0,2.0,1,1,1,1,1,2,1,118,gemini,2025,남성,2
3,1,1.0,4.0,2.0,1,1,1,1,1,1,1,119,gemini,2025,남성,2
3,1,1.0,3.0,2.0,1,1,1,1,1,2,1,120,gemini,2025,남성,2
3,1,8.0,3.0,2.0,1,1,2,1,1,2,1,121,gemini,2025,남성,2
3,1,1.0,3.0,2.0,1,1,2,1,1,2,1,122,gemini,2025,남성,2
2,2,,,,2,1,2,2,1,2,2,123,gemini,2025,남성,2
3,1,1.0,4.0,2.0,1,1,1,1,1,2,2,124,gemini,2025,남성,2
3,1,1.0,3.0,2.0,1,1,1,1,1,2,2,125,gemini,2025,남성,2
3,1,1.0,4.0,2.0,1,1,2,1,1,2,2,126,gemini,2025,남성,2
2,1,1.0,4.0,2.0,1,1,1,1,1,2,2,127,gemini,2025,남성,2
3,1,1.0,4.0,2.0,1,1,1,1,1,1,2,128,gemini,2025,남성,2
3,1,7.0,3.0,2.0,1,1,1,1,1,2,2,129,gemini,2025,남성,2
3,1,1.0,3.0,2.0,1,1,2,1,1,1,1,130,gemini,2025,남성,2
3,1,8.0,3.0,2.0,1,1,2,1,1,2,1,131,gemini,2025,남성,2
3,1,1.0,3.0,2.0,1,1,1,1,1,2,1,132,gemini,2025,남성,2
3,1,1.0,3.0,2.0,1,1,1,1,1,2,1,133,gemini,2025,남성,2
3,1,1.0,4.0,2.0,1,1,2,1,1,2,2,134,gemini,2025,남성,2
3,1,1.0,3.0,2.0,1,1,1,1,1,1,2,135,gemini,2025,남성,2
3,1,7.0,3.0,2.0,1,1,2,1,1,2,2,136,gemini,2025,남성,2
3,1,1.0,1.0,2.0,1,1,1,1,1,2,1,137,gemini,2025,남성,2
3,1,1.0,3.0,2.0,1,1,1,1,1,2,1,138,gemini,2025,남성,2
3,1,1.0,3.0,2.0,1,1,1,1,1,1,1,139,gemini,2025,남성,2
3,1,1.0,3.0,2.0,1,1,2,1,1,2,2,140,gemini,2025,남성,2
2,2,,,,1,1,2,1,1,2,2,141,gemini,2025,남성,2
3,1,1.0,4.0,2.0,1,1,2,1,1,2,2,142,gemini,2025,남성,2
3,1,1.0,3.0,2.0,1,1,1,1,1,2,1,143,gemini,2025,남성,2
2,1,1.0,3.0,2.0,1,1,1,1,1,2,2,144,gemini,2025,남성,2
3,1,1.0,3.0,2.0,1,1,1,1,1,2,1,145,gemini,2025,남성,2
3,1,1.0,3.0,2.0,1,1,2,1,1,2,1,146,gemini,2025,남성,2
3,1,1.0,3.0,2.0,1,1,2,1,1,2,2,147,gemini,2025,남성,2
3,1,1.0,4.0,2.0,1,1,2,1,1,2,2,148,gemini,2025,남성,2
3,1,1.0,4.0,2.0,1,1,1,1,1,2,1,149,gemini,2025,남성,2
3,1,1.0,4.0,2.0,1,1,1,1,1,2,1,150,gemini,2025,남성,2
3,1,1.0,3.0,2.0,1,1,1,1,1,1,2,151,gemini,2025,남성,2
3,1,1.0,4.0,2.0,1,1,2,1,1,2,2,152,gemini,2025,남성,2
3,1,1.0,3.0,2.0,1,1,1,1,1,2,1,153,gemini,2025,남성,2
3,1,1.0,4.0,2.0,1,1,1,1,1,2,2,154,gemini,2025,남성,2
3,1,7.0,3.0,2.0,1,1,1,1,1,1,2,155,gemini,2025,남성,2
3,1,1.0,3.0,2.0,1,1,1,1,1,2,1,156,gemini,2025,남성,2
3,1,1.0,4.0,2.0,1,1,2,1,1,2,2,157,gemini,2025,남성,2
3,1,1.0,4.0,2.0,1,1,2,1,1,2,2,158,gemini,2025,남성,2
3,1,8.0,3.0,2.0,1,1,2,1,1,2,2,159,gemini,2025,남성,2
3,1,1.0,4.0,2.0,1,1,1,1,1,2,1,160,gemini,2025,남성,2
3,1,1.0,4.0,2.0,1,1,1,1,1,2,2,161,gemini,2025,남성,2
3,1,1.0,3.0,2.0,1,1,1,1,1,2,1,162,gemini,2025,남성,2
3,1,1.0,3.0,2.0,1,1,1,1,1,2,1,163,gemini,2025,남성,2
2,2,,,,1,1,2,1,1,2,1,164,gemini,2025,남성,2
3,1,1.0,3.0,2.0,1,1,1,1,1,2,2,165,gemini,2025,남성,2
3,1,8.0,3.0,2.0,1,1,2,2,1,2,2,166,gemini,2025,남성,2
3,1,1.0,3.0,2.0,1,1,1,1,1,2,1,167,gemini,2025,남성,2
3,1,1.0,3.0,2.0,1,1,1,1,1,2,1,168,gemini,2025,남성,2
3,1,1.0,4.0,2.0,1,1,2,1,1,2,2,169,gemini,2025,남성,2
3,1,1.0,3.0,2.0,1,1,1,1,1,2,1,170,gemini,2025,남성,2
3,1,1.0,3.0,2.0,1,1,1,1,1,2,1,171,gemini,2025,남성,2
3,1,1.0,3.0,2.0,1,1,1,1,1,2,1,172,gemini,2025,남성,2
3,1,1.0,3.0,2.0,1,1,1,1,1,2,1,173,gemini,2025,남성,2
3,1,1.0,5.0,2.0,1,1,1,1,1,2,1,174,gemini,2025,남성,2
3,1,1.0,4.0,2.0,1,1,2,1,1,2,1,175,gemini,2025,남성,2
3,1,1.0,3.0,2.0,1,1,1,1,1,2,1,176,gemini,2025,남성,2
2,2,,,,1,1,1,1,1,2,2,177,gemini,2025,남성,2
3,1,7.0,3.0,2.0,1,1,2,1,1,2,2,178,gemini,2025,남성,2
3,1,1.0,3.0,2.0,1,1,2,2,1,2,2,179,gemini,2025,남성,2
3,1,1.0,3.0,2.0,1,1,1,1,1,2,1,180,gemini,2025,남성,2
3,1,1.0,4.0,2.0,1,1,1,1,1,2,2,181,gemini,2025,남성,2
2,2,,,,1,1,1,1,1,2,1,182,gemini,2025,남성,2
3,1,1.0,4.0,2.0,1,1,2,1,1,2,2,183,gemini,2025,남성,2
3,1,1.0,3.0,2.0,1,1,2,1,1,2,2,184,gemini,2025,남성,2
3,1,1.0,3.0,2.0,1,1,1,1,1,1,1,185,gemini,2025,남성,2
3,1,1.0,4.0,2.0,1,1,1,1,1,2,2,186,gemini,2025,남성,2
3,1,1.0,3.0,2.0,1,1,1,1,1,2,1,187,gemini,2025,남성,2
3,1,8.0,3.0,2.0,1,1,1,1,1,1,1,188,gemini,2025,남성,2
3,1,1.0,3.0,2.0,1,1,1,1,1,2,1,189,gemini,2025,남성,2
3,1,1.0,3.0,2.0,1,1,1,1,1,2,1,190,gemini,2025,남성,2
3,1,1.0,4.0,2.0,1,1,2,1,1,2,2,191,gemini,2025,남성,2
3,1,1.0,4.0,2.0,1,1,1,1,1,2,1,192,gemini,2025,남성,2
3,1,1.0,4.0,2.0,1,1,2,1,1,2,2,193,gemini,2025,남성,2
3,1,1.0,3.0,2.0,1,1,1,1,1,2,1,194,gemini,2025,남성,2
4,1,7.0,3.0,1.0,1,1,1,1,1,1,1,195,gemini,2025,남성,2
3,1,1.0,4.0,2.0,1,1,2,1,1,2,2,196,gemini,2025,남성,2
3,1,1.0,3.0,2.0,1,1,2,1,1,2,2,197,gemini,2025,남성,2
3,1,1.0,3.0,2.0,1,1,2,1,1,2,2,198,gemini,2025,남성,2
2,2,,,,2,1,2,2,1,2,2,199,gemini,2025,남성,2
3,1,1.0,3.0,2.0,1,1,1,1,1,2,1,200,gemini,2025,남성,2
3,1,8.0,3.0,2.0,1,1,1,1,1,2,1,201,gemini,2025,남성,2
3,1,1.0,3.0,2.0,1,1,2,1,1,2,2,202,gemini,2025,남성,2
3,1,1.0,3.0,2.0,1,1,2,1,1,2,1,203,gemini,2025,남성,2
3,1,1.0,4.0,2.0,1,1,1,1,1,2,2,204,gemini,2025,남성,2
3,1,1.0,3.0,2.0,1,1,1,1,1,2,2,205,gemini,2025,남성,2
3,1,1.0,4.0,2.0,1,1,2,1,1,2,1,206,gemini,2025,남성,2
4,1,7.0,3.0,2.0,1,1,1,1,1,1,1,207,gemini,2025,남성,2
3,1,1.0,4.0,2.0,1,1,1,1,1,2,2,208,gemini,2025,남성,2
3,1,1.0,4.0,2.0,1,1,2,1,1,2,2,209,gemini,2025,남성,2
3,1,1.0,4.0,2.0,1,1,1,1,1,1,1,210,gemini,2025,남성,2
3,1,1.0,3.0,2.0,1,1,2,1,1,2,2,211,gemini,2025,남성,2
3,1,7.0,3.0,2.0,1,1,1,1,1,2,2,212,gemini,2025,남성,2
3,1,1.0,3.0,2.0,1,1,1,1,1,2,1,213,gemini,2025,남성,2
3,1,8.0,3.0,2.0,1,1,2,1,1,2,1,214,gemini,2025,남성,2
3,1,1.0,4.0,2.0,1,1,1,1,1,2,1,215,gemini,2025,남성,2
3,1,1.0,3.0,2.0,1,1,2,2,1,2,2,216,gemini,2025,남성,2
3,1,1.0,4.0,2.0,1,1,1,1,1,2,2,217,gemini,2025,남성,2
3,1,1.0,3.0,2.0,1,1,1,1,1,2,1,218,gemini,2025,남성,2
3,1,1.0,3.0,2.0,1,1,1,1,1,1,2,219,gemini,2025,남성,2
3,1,1.0,3.0,2.0,1,1,1,1,1,2,1,220,gemini,2025,남성,2
3,1,1.0,3.0,2.0,1,1,1,1,1,2,2,221,gemini,2025,남성,2
3,1,1.0,4.0,2.0,1,1,1,1,1,2,2,222,gemini,2025,남성,2
3,1,1.0,4.0,2.0,1,1,1,1,1,2,1,223,gemini,2025,남성,2
3,1,1.0,3.0,2.0,1,1,1,1,1,2,2,224,gemini,2025,남성,2
3,1,1.0,4.0,2.0,1,1,2,1,1,2,2,225,gemini,2025,남성,2
3,1,1.0,4.0,2.0,1,1,1,1,1,2,1,226,gemini,2025,남성,2
3,1,1.0,3.0,2.0,1,1,2,1,1,2,2,227,gemini,2025,남성,2
2,2,,,,1,1,1,1,1,2,2,228,gemini,2025,남성,2
3,1,1.0,3.0,2.0,1,1,2,1,1,2,2,229,gemini,2025,남성,2
3,1,1.0,3.0,2.0,1,1,1,1,1,2,1,230,gemini,2025,남성,2
2,2,,,,1,1,1,1,1,2,2,231,gemini,2025,남성,2
3,1,1.0,3.0,2.0,1,1,1,1,1,1,1,232,gemini,2025,남성,2
3,1,1.0,3.0,2.0,1,1,1,1,1,2,1,233,gemini,2025,남성,2
3,1,1.0,3.0,2.0,1,1,1,1,1,2,1,234,gemini,2025,남성,2
3,1,1.0,4.0,2.0,1,1,1,1,1,2,1,235,gemini,2025,남성,2
3,1,1.0,3.0,2.0,1,1,2,1,1,2,2,236,gemini,2025,남성,2
3,1,1.0,4.0,2.0,1,1,1,1,1,2,1,237,gemini,2025,남성,2
3,1,8.0,3.0,2.0,1,1,1,1,1,1,1,238,gemini,2025,남성,2
2,2,,,,1,1,1,1,1,2,2,239,gemini,2025,남성,2
2,2,,,,1,1,1,1,1,2,2,240,gemini,2025,남성,2
3,1,1.0,4.0,2.0,1,1,2,1,1,2,1,241,gemini,2025,남성,2
3,1,1.0,4.0,2.0,1,1,1,1,1,1,2,242,gemini,2025,남성,2
3,1,1.0,1.0,2.0,1,1,1,1,1,2,1,243,gemini,2025,남성,2
2,2,,,,1,1,1,1,1,2,2,244,gemini,2025,남성,2
3,1,1.0,1.0,2.0,1,1,1,1,1,2,1,245,gemini,2025,남성,2
3,1,1.0,4.0,2.0,1,1,1,1,1,2,1,246,gemini,2025,남성,2
3,1,1.0,4.0,2.0,1,1,1,1,1,1,1,247,gemini,2025,남성,2
3,1,8.0,3.0,2.0,1,1,1,1,1,2,1,248,gemini,2025,남성,2
3,1,1.0,3.0,2.0,1,1,1,1,1,2,1,249,gemini,2025,남성,2
3,1,1.0,3.0,2.0,1,1,2,1,1,2,1,250,gemini,2025,남성,2
3,1,1.0,3.0,2.0,1,1,2,1,1,2,2,251,gemini,2025,남성,2
3,1,1.0,1.0,2.0,1,1,2,1,1,2,1,252,gemini,2025,남성,2
3,1,8.0,3.0,2.0,1,1,2,2,1,2,2,253,gemini,2025,남성,2
3,1,1.0,3.0,2.0,1,1,1,1,1,1,1,254,gemini,2025,남성,2
3,1,1.0,4.0,2.0,1,1,1,1,1,2,1,255,gemini,2025,남성,2
3,1,1.0,3.0,2.0,1,1,1,1,1,1,1,256,gemini,2025,남성,2
3,1,1.0,4.0,2.0,1,1,1,1,1,2,2,257,gemini,2025,남성,2
3,1,1.0,4.0,2.0,1,1,1,1,1,1,1,258,gemini,2025,남성,2
2,2,,,,1,1,1,1,1,2,2,259,gemini,2025,남성,2
3,1,1.0,3.0,2.0,1,1,2,1,1,2,2,260,gemini,2025,남성,2
3,1,1.0,3.0,2.0,1,1,1,1,1,2,2,261,gemini,2025,남성,2
3,1,1.0,4.0,2.0,1,1,2,1,1,2,2,262,gemini,2025,남성,2
3,1,1.0,4.0,2.0,1,1,1,1,1,2,1,263,gemini,2025,남성,2
3,1,1.0,4.0,2.0,1,1,1,1,1,2,1,264,gemini,2025,남성,2
3,1,1.0,3.0,2.0,1,1,1,1,1,2,2,265,gemini,2025,남성,2
3,1,8.0,3.0,1.0,1,1,1,1,1,1,1,266,gemini,2025,남성,2
3,1,1.0,3.0,2.0,1,1,1,1,1,1,1,267,gemini,2025,남성,2
3,1,1.0,3.0,2.0,1,1,1,1,1,1,2,268,gemini,2025,남성,2
3,1,1.0,3.0,2.0,1,1,2,1,1,2,2,269,gemini,2025,남성,2
3,1,1.0,3.0,2.0,1,1,1,1,1,2,1,270,gemini,2025,남성,2
3,1,1.0,4.0,2.0,1,1,1,1,1,2,2,271,gemini,2025,남성,2
3,1,1.0,3.0,2.0,1,1,1,1,1,2,1,272,gemini,2025,남성,2
3,1,8.0,3.0,2.0,1,1,1,1,1,2,1,273,gemini,2025,남성,2
3,1,1.0,3.0,2.0,1,1,2,1,1,2,1,274,gemini,2025,남성,2
3,1,1.0,4.0,2.0,1,1,2,1,1,2,2,275,gemini,2025,남성,2
3,1,1.0,3.0,2.0,1,1,1,1,1,2,2,276,gemini,2025,남성,2
3,1,1.0,3.0,2.0,1,1,2,1,1,2,2,277,gemini,2025,남성,2
3,1,1.0,3.0,2.0,1,1,2,1,1,2,2,278,gemini,2025,남성,2
3,1,1.0,3.0,2.0,1,1,1,1,1,2,1,279,gemini,2025,남성,2
3,1,1.0,3.0,2.0,1,1,1,1,1,2,1,280,gemini,2025,남성,2
2,2,,,,1,1,1,1,1,2,2,281,gemini,2025,남성,2
3,1,1.0,3.0,2.0,1,1,1,1,1,2,2,282,gemini,2025,남성,2
3,1,1.0,4.0,2.0,1,1,1,1,1,2,2,283,gemini,2025,남성,2
3,1,1.0,3.0,2.0,1,1,1,1,1,2,1,284,gemini,2025,남성,2
3,1,1.0,4.0,2.0,1,1,1,1,1,2,1,285,gemini,2025,남성,2
2,2,,,,1,1,1,1,1,2,2,286,gemini,2025,남성,2
3,1,1.0,4.0,2.0,1,1,1,1,1,2,1,287,gemini,2025,남성,2
3,1,8.0,3.0,2.0,1,1,1,1,1,2,2,288,gemini,2025,남성,2
3,1,1.0,4.0,2.0,1,1,1,1,1,2,2,289,gemini,2025,남성,2
3,1,8.0,3.0,2.0,1,1,2,1,1,2,2,290,gemini,2025,남성,2
3,1,1.0,3.0,2.0,1,1,1,1,1,2,1,291,gemini,2025,남성,2
3,1,8.0,3.0,2.0,1,1,2,1,1,2,2,292,gemini,2025,남성,2
3,1,1.0,3.0,2.0,1,1,2,1,1,2,1,293,gemini,2025,남성,2
3,1,1.0,3.0,2.0,1,1,1,1,1,2,1,294,gemini,2025,남성,2
3,1,1.0,3.0,2.0,1,1,1,1,1,2,1,295,gemini,2025,남성,2
3,1,1.0,3.0,2.0,1,1,1,1,1,2,2,296,gemini,2025,남성,2
2,2,,,,1,1,2,1,1,2,2,297,gemini,2025,남성,2
3,1,1.0,4.0,2.0,1,1,1,1,1,1,1,298,gemini,2025,남성,2
2,1,1.0,3.0,2.0,1,1,2,1,1,2,1,299,gemini,2025,남성,2
3,1,1.0,3.0,2.0,1,1,1,1,1,1,2,300,gemini,2025,남성,2
3,1,1.0,3.0,2.0,1,1,2,1,1,2,2,301,gemini,2025,남성,2
3,1,1.0,3.0,2.0,1,1,1,1,1,2,1,302,gemini,2025,남성,2
2,2,,,,2,1,2,2,1,2,2,303,gemini,2025,남성,2
3,1,1.0,4.0,2.0,1,1,1,1,1,2,2,304,gemini,2025,남성,2
2,2,,,,1,1,2,1,1,2,1,305,gemini,2025,남성,2
3,1,1.0,3.0,2.0,1,1,1,1,1,2,1,306,gemini,2025,남성,2
3,1,1.0,3.0,2.0,1,1,1,1,1,2,1,307,gemini,2025,남성,2
3,1,1.0,4.0,2.0,1,1,1,1,1,2,1,308,gemini,2025,남성,2
2,2,,,,1,1,1,1,1,2,2,309,gemini,2025,남성,2
2,2,,,,1,1,2,1,1,2,2,310,gemini,2025,남성,2
3,1,7.0,3.0,2.0,1,1,1,1,1,2,1,311,gemini,2025,남성,2
3,1,1.0,4.0,2.0,1,1,2,1,1,2,2,312,gemini,2025,남성,2
3,1,1.0,4.0,2.0,1,1,2,1,1,2,2,313,gemini,2025,남성,2
3,1,8.0,3.0,2.0,1,1,2,2,1,2,2,314,gemini,2025,남성,2
3,1,1.0,3.0,2.0,1,1,1,1,1,2,2,315,gemini,2025,남성,2
3,1,1.0,3.0,2.0,1,1,1,1,1,2,1,316,gemini,2025,남성,2
3,1,1.0,4.0,2.0,1,1,2,1,1,2,2,317,gemini,2025,남성,2
3,1,1.0,4.0,2.0,1,1,1,1,1,2,1,318,gemini,2025,남성,2
3,1,1.0,4.0,2.0,1,1,2,1,1,2,2,319,gemini,2025,남성,2
3,1,1.0,4.0,2.0,1,1,2,1,1,2,1,320,gemini,2025,남성,2
3,1,1.0,3.0,2.0,1,1,1,1,1,2,1,321,gemini,2025,남성,2
3,1,1.0,3.0,2.0,1,1,1,1,1,2,2,322,gemini,2025,남성,2
3,1,8.0,3.0,1.0,1,1,1,1,1,1,1,323,gemini,2025,남성,2
3,1,1.0,3.0,2.0,1,1,2,1,1,2,2,324,gemini,2025,남성,2
3,1,1.0,3.0,2.0,1,1,1,1,1,1,1,325,gemini,2025,남성,2
3,1,1.0,3.0,2.0,1,1,1,1,1,2,1,326,gemini,2025,남성,2
3,1,1.0,4.0,2.0,1,1,2,1,1,2,2,327,gemini,2025,남성,2
2,2,,,,1,1,1,1,1,2,2,328,gemini,2025,남성,2
3,1,1.0,4.0,2.0,1,1,1,1,1,2,1,329,gemini,2025,남성,2
3,1,1.0,3.0,2.0,1,1,1,1,1,1,1,330,gemini,2025,남성,2
3,1,1.0,4.0,2.0,1,1,1,1,1,2,1,331,gemini,2025,남성,2
3,1,1.0,3.0,2.0,1,1,2,1,1,2,1,332,gemini,2025,남성,2
3,1,8.0,3.0,2.0,1,1,1,1,1,2,2,333,gemini,2025,남성,2
3,1,7.0,3.0,2.0,1,1,1,1,1,2,2,334,gemini,2025,남성,2
3,1,1.0,4.0,2.0,1,1,2,1,1,2,1,335,gemini,2025,남성,2
3,1,1.0,4.0,2.0,1,1,1,1,1,2,1,336,gemini,2025,남성,2
2,2,,,,1,1,1,1,1,2,2,337,gemini,2025,남성,2
3,1,1.0,4.0,2.0,1,1,2,1,1,2,2,338,gemini,2025,남성,2
3,1,8.0,3.0,2.0,1,1,2,1,1,2,2,339,gemini,2025,남성,2
2,2,,,,1,1,2,1,1,2,2,340,gemini,2025,남성,2
3,1,1.0,3.0,2.0,1,1,2,1,1,2,2,341,gemini,2025,남성,2
2,2,,,,1,1,1,2,1,2,2,342,gemini,2025,남성,2
3,1,1.0,4.0,2.0,1,1,1,1,1,2,1,343,gemini,2025,남성,2
3,1,1.0,4.0,2.0,1,1,1,1,1,2,1,344,gemini,2025,남성,2
3,1,1.0,3.0,2.0,1,1,2,1,1,2,1,345,gemini,2025,남성,2
2,2,,,,1,1,1,1,1,2,2,346,gemini,2025,남성,2
3,1,1.0,3.0,2.0,1,1,1,1,1,2,1,347,gemini,2025,남성,2
3,1,1.0,3.0,2.0,1,1,1,1,1,2,1,348,gemini,2025,남성,2
3,1,1.0,3.0,2.0,1,1,1,1,1,1,1,349,gemini,2025,남성,2
2,2,,,,1,1,2,1,1,2,2,350,gemini,2025,남성,2
3,1,1.0,3.0,2.0,1,1,1,1,1,2,1,351,gemini,2025,남성,2
3,1,1.0,4.0,2.0,1,1,2,1,1,2,1,352,gemini,2025,남성,2
3,1,1.0,4.0,2.0,1,1,1,1,1,2,2,353,gemini,2025,남성,2
3,1,1.0,3.0,2.0,1,1,1,1,1,2,1,354,gemini,2025,남성,2
3,1,1.0,3.0,2.0,1,1,1,1,1,1,2,355,gemini,2025,남성,2
3,1,1.0,4.0,2.0,2,1,2,1,1,2,2,356,gemini,2025,남성,2
3,1,1.0,3.0,2.0,1,1,1,1,1,2,1,357,gemini,2025,남성,2
3,1,8.0,3.0,2.0,1,1,1,1,1,1,2,358,gemini,2025,남성,2
3,1,1.0,3.0,2.0,1,1,2,1,1,2,1,359,gemini,2025,남성,2
3,1,1.0,3.0,2.0,1,1,1,1,1,1,1,360,gemini,2025,남성,2
3,1,1.0,3.0,2.0,1,1,1,1,1,1,1,361,gemini,2025,남성,2
3,1,1.0,3.0,2.0,1,1,1,1,1,2,1,362,gemini,2025,남성,2
2,2,,,,1,1,2,2,1,2,2,363,gemini,2025,남성,2
3,1,1.0,4.0,2.0,1,1,2,1,1,2,2,364,gemini,2025,남성,2
2,2,,,,1,1,2,1,1,2,2,365,gemini,2025,남성,2
3,2,,,,1,1,1,1,1,2,1,366,gemini,2025,남성,2
3,1,7.0,3.0,2.0,1,1,1,1,1,2,2,367,gemini,2025,남성,2
3,1,1.0,3.0,2.0,1,1,1,1,1,2,1,368,gemini,2025,남성,2
3,1,1.0,3.0,2.0,1,1,1,1,1,2,2,369,gemini,2025,남성,2
3,1,1.0,4.0,2.0,1,1,1,1,1,2,1,370,gemini,2025,남성,2
3,1,6.0,3.0,2.0,1,1,1,1,1,2,1,371,gemini,2025,남성,2
3,1,1.0,3.0,2.0,1,1,1,1,1,2,1,372,gemini,2025,남성,2
3,1,1.0,3.0,2.0,1,1,1,1,1,2,1,373,gemini,2025,남성,2
3,1,1.0,4.0,2.0,1,1,1,1,1,2,1,374,gemini,2025,남성,2
2,2,,,,1,1,1,1,1,2,2,375,gemini,2025,남성,2
3,1,1.0,3.0,2.0,1,1,1,1,1,1,1,376,gemini,2025,남성,2
3,1,1.0,4.0,2.0,1,1,1,1,1,2,1,377,gemini,2025,남성,2
3,1,1.0,3.0,2.0,1,1,1,1,1,2,1,378,gemini,2025,남성,2
3,1,1.0,3.0,2.0,1,1,1,1,1,1,1,379,gemini,2025,남성,2
3,1,7.0,3.0,2.0,1,1,1,1,1,1,2,380,gemini,2025,남성,2
3,1,1.0,4.0,2.0,1,1,1,1,1,2,1,381,gemini,2025,남성,2
2,2,,,,1,1,2,2,1,2,2,382,gemini,2025,남성,3
3,1,1.0,4.0,2.0,1,1,2,1,1,2,1,383,gemini,2025,남성,3
3,1,1.0,3.0,2.0,1,1,1,1,1,2,1,384,gemini,2025,남성,3
3,1,1.0,4.0,2.0,1,1,2,1,1,2,1,385,gemini,2025,남성,3
2,2,,,,1,1,1,1,1,2,2,386,gemini,2025,남성,3
3,1,1.0,1.0,2.0,1,1,2,1,1,2,1,387,gemini,2025,남성,3
3,1,1.0,3.0,2.0,1,1,2,1,1,2,1,388,gemini,2025,남성,3
2,2,,,,1,1,2,1,1,2,2,389,gemini,2025,남성,3
2,2,,,,1,1,2,2,1,2,2,390,gemini,2025,남성,3
3,1,1.0,4.0,2.0,1,1,1,1,1,2,1,391,gemini,2025,남성,3
3,1,1.0,4.0,2.0,1,1,2,2,1,2,2,392,gemini,2025,남성,3
3,1,1.0,1.0,2.0,1,1,1,1,1,2,1,393,gemini,2025,남성,3
3,1,1.0,1.0,2.0,1,1,2,1,1,2,1,394,gemini,2025,남성,3
4,1,2.0,1.0,1.0,1,1,2,2,1,2,1,395,gemini,2025,남성,3
3,1,1.0,4.0,2.0,1,1,1,1,1,2,2,396,gemini,2025,남성,3
3,1,1.0,4.0,2.0,1,1,1,1,1,2,1,397,gemini,2025,남성,3
3,1,1.0,4.0,2.0,1,1,1,1,1,2,1,398,gemini,2025,남성,3
4,1,1.0,1.0,1.0,1,1,2,1,1,2,1,399,gemini,2025,남성,3
3,1,1.0,4.0,2.0,1,1,1,1,1,2,1,400,gemini,2025,남성,3
3,1,1.0,4.0,2.0,1,1,2,1,1,2,1,401,gemini,2025,남성,3
2,2,,,,1,1,2,2,1,2,2,402,gemini,2025,남성,3
4,1,1.0,1.0,1.0,1,1,2,1,1,2,1,403,gemini,2025,남성,3
3,1,1.0,4.0,2.0,1,1,2,1,1,2,2,404,gemini,2025,남성,3
3,1,1.0,4.0,2.0,1,1,1,1,1,2,1,405,gemini,2025,남성,3
3,1,1.0,3.0,2.0,1,1,2,1,1,2,1,406,gemini,2025,남성,3
4,1,1.0,1.0,2.0,1,1,2,1,1,2,1,407,gemini,2025,남성,3
3,1,1.0,4.0,2.0,1,1,1,1,1,2,1,408,gemini,2025,남성,3
3,1,1.0,4.0,2.0,1,1,2,1,1,2,1,409,gemini,2025,남성,3
2,2,,,,1,1,1,1,1,2,1,410,gemini,2025,남성,3
3,1,1.0,1.0,2.0,1,1,2,2,1,2,2,411,gemini,2025,남성,3
3,1,8.0,3.0,1.0,1,1,2,1,1,2,1,412,gemini,2025,남성,3
2,2,,,,1,1,2,1,1,2,1,413,gemini,2025,남성,3
3,1,1.0,4.0,2.0,1,1,1,1,1,2,1,414,gemini,2025,남성,3
3,1,1.0,4.0,2.0,1,1,2,1,1,2,1,415,gemini,2025,남성,3
3,1,1.0,4.0,2.0,1,1,2,1,1,2,1,416,gemini,2025,남성,3
3,1,1.0,1.0,2.0,1,1,2,1,1,2,2,417,gemini,2025,남성,3
3,1,1.0,3.0,2.0,1,1,1,1,1,2,1,418,gemini,2025,남성,3
3,1,1.0,3.0,2.0,1,1,2,1,1,2,1,419,gemini,2025,남성,3
3,1,1.0,1.0,2.0,1,1,2,1,1,2,1,420,gemini,2025,남성,3
3,1,1.0,4.0,2.0,1,1,1,1,1,2,2,421,gemini,2025,남성,3
3,1,1.0,4.0,2.0,1,1,2,1,1,2,2,422,gemini,2025,남성,3
3,1,1.0,3.0,2.0,1,1,1,1,1,2,2,423,gemini,2025,남성,3
3,1,7.0,3.0,2.0,1,1,1,1,1,2,1,424,gemini,2025,남성,3
2,2,,,,1,1,2,1,1,2,2,425,gemini,2025,남성,3
3,1,1.0,3.0,2.0,1,1,2,1,1,2,1,426,gemini,2025,남성,3
3,1,1.0,4.0,2.0,1,1,1,1,1,2,1,427,gemini,2025,남성,3
2,2,,,,1,1,2,2,1,2,2,428,gemini,2025,남성,3
3,1,1.0,4.0,2.0,1,1,2,1,1,2,2,429,gemini,2025,남성,3
3,2,,,,1,1,1,1,1,2,2,430,gemini,2025,남성,3
3,1,1.0,4.0,2.0,1,1,2,1,1,2,1,431,gemini,2025,남성,3
2,2,,,,1,1,2,1,1,2,1,432,gemini,2025,남성,3
4,1,1.0,1.0,1.0,1,1,1,1,1,2,1,433,gemini,2025,남성,3
3,1,1.0,1.0,2.0,1,1,2,2,1,2,2,434,gemini,2025,남성,3
3,1,1.0,2.0,2.0,1,1,1,1,1,2,1,435,gemini,2025,남성,3
3,1,1.0,1.0,2.0,1,1,1,1,1,2,1,436,gemini,2025,남성,3
3,1,7.0,3.0,2.0,1,1,1,1,1,2,1,437,gemini,2025,남성,3
4,1,1.0,1.0,1.0,1,1,1,1,1,2,1,438,gemini,2025,남성,3
3,1,1.0,4.0,2.0,1,1,1,1,1,2,1,439,gemini,2025,남성,3
3,1,1.0,3.0,2.0,1,1,1,1,1,2,1,440,gemini,2025,남성,3
3,1,1.0,1.0,2.0,1,1,2,1,1,2,1,441,gemini,2025,남성,3
3,1,1.0,1.0,2.0,1,1,2,1,1,2,2,442,gemini,2025,남성,3
3,1,1.0,1.0,2.0,1,1,2,1,1,2,1,443,gemini,2025,남성,3
3,1,7.0,3.0,2.0,1,1,2,1,1,2,1,444,gemini,2025,남성,3
3,1,1.0,1.0,2.0,1,1,2,1,1,2,1,445,gemini,2025,남성,3
2,2,,,,1,1,2,2,1,2,2,446,gemini,2025,남성,3
3,1,1.0,4.0,2.0,1,1,1,1,1,2,1,447,gemini,2025,남성,3
3,1,1.0,4.0,2.0,1,1,2,1,1,2,2,448,gemini,2025,남성,3
3,1,1.0,4.0,2.0,1,1,2,1,1,2,2,449,gemini,2025,남성,3
3,1,1.0,4.0,2.0,1,1,1,1,1,2,1,450,gemini,2025,남성,3
3,1,1.0,1.0,2.0,1,1,2,1,1,2,2,451,gemini,2025,남성,3
4,1,1.0,1.0,2.0,1,1,2,1,1,2,1,452,gemini,2025,남성,3
2,2,,,,1,1,2,1,1,2,2,453,gemini,2025,남성,3
3,1,1.0,4.0,2.0,1,1,2,1,1,2,1,454,gemini,2025,남성,3
3,1,1.0,1.0,2.0,1,1,2,1,1,2,1,455,gemini,2025,남성,3
3,1,1.0,4.0,2.0,1,1,1,1,1,2,1,456,gemini,2025,남성,3
3,1,1.0,3.0,2.0,1,1,2,1,1,2,1,457,gemini,2025,남성,3
3,1,1.0,3.0,2.0,1,1,2,1,1,2,1,458,gemini,2025,남성,3
3,1,1.0,4.0,2.0,1,1,1,1,1,2,1,459,gemini,2025,남성,3
3,1,1.0,1.0,2.0,1,1,1,1,1,2,1,460,gemini,2025,남성,3
3,1,1.0,4.0,2.0,1,1,2,1,1,2,1,461,gemini,2025,남성,3
3,1,1.0,4.0,2.0,1,1,2,1,1,2,1,462,gemini,2025,남성,3
3,1,1.0,3.0,2.0,1,1,1,1,1,2,1,463,gemini,2025,남성,3
3,1,1.0,4.0,2.0,1,1,1,1,1,2,1,464,gemini,2025,남성,3
3,1,1.0,1.0,2.0,1,1,2,1,1,2,1,465,gemini,2025,남성,3
3,1,1.0,1.0,2.0,1,1,2,1,1,2,1,466,gemini,2025,남성,3
3,1,1.0,3.0,2.0,1,1,2,1,1,2,1,467,gemini,2025,남성,3
3,1,1.0,4.0,2.0,1,1,1,1,1,2,1,468,gemini,2025,남성,3
3,1,1.0,4.0,2.0,1,1,2,1,1,2,1,469,gemini,2025,남성,3
3,1,1.0,1.0,1.0,1,1,1,1,1,2,1,470,gemini,2025,남성,3
3,1,1.0,4.0,2.0,1,1,1,1,1,2,1,471,gemini,2025,남성,3
3,1,1.0,3.0,2.0,1,1,2,1,1,2,1,472,gemini,2025,남성,3
3,1,1.0,4.0,2.0,1,1,1,1,1,2,1,473,gemini,2025,남성,3
3,1,1.0,4.0,2.0,1,1,2,1,1,2,1,474,gemini,2025,남성,3
2,2,,,,2,1,2,2,1,2,2,475,gemini,2025,남성,3
3,1,1.0,4.0,2.0,1,1,2,1,1,2,1,476,gemini,2025,남성,3
3,1,7.0,3.0,2.0,1,1,1,1,1,2,1,477,gemini,2025,남성,3
3,1,1.0,1.0,2.0,1,1,2,1,1,2,1,478,gemini,2025,남성,3
3,1,1.0,1.0,2.0,1,1,1,1,1,2,1,479,gemini,2025,남성,3
3,1,1.0,1.0,2.0,1,1,2,1,1,2,1,480,gemini,2025,남성,3
3,1,1.0,4.0,2.0,1,1,2,1,1,2,1,481,gemini,2025,남성,3
3,1,1.0,1.0,2.0,1,1,2,1,1,2,2,482,gemini,2025,남성,3
3,1,1.0,4.0,2.0,1,1,1,1,1,2,1,483,gemini,2025,남성,3
3,1,1.0,3.0,2.0,1,1,1,1,1,2,1,484,gemini,2025,남성,3
2,2,,,,1,1,2,1,1,2,2,485,gemini,2025,남성,3
2,2,,,,1,1,2,1,1,2,2,486,gemini,2025,남성,3
3,1,1.0,4.0,2.0,1,1,1,1,1,2,1,487,gemini,2025,남성,3
3,1,1.0,4.0,2.0,1,1,2,1,1,2,2,488,gemini,2025,남성,3
2,2,,,,1,1,2,2,1,2,1,489,gemini,2025,남성,3
3,1,1.0,4.0,2.0,1,1,1,1,1,2,1,490,gemini,2025,남성,3
4,1,1.0,1.0,1.0,1,1,1,1,1,2,1,491,gemini,2025,남성,3
3,1,1.0,2.0,2.0,1,1,2,1,1,2,1,492,gemini,2025,남성,3
3,1,1.0,4.0,2.0,1,1,2,1,1,2,1,493,gemini,2025,남성,3
3,1,1.0,1.0,2.0,1,1,1,1,1,2,1,494,gemini,2025,남성,3
3,1,1.0,3.0,2.0,1,1,1,1,1,2,1,495,gemini,2025,남성,3
3,1,1.0,1.0,2.0,1,1,2,1,1,2,1,496,gemini,2025,남성,3
3,1,1.0,3.0,2.0,1,1,2,1,1,2,1,497,gemini,2025,남성,3
2,2,,,,1,1,1,1,1,2,2,498,gemini,2025,남성,3
3,1,1.0,4.0,2.0,1,1,2,1,1,2,2,499,gemini,2025,남성,3
3,1,1.0,1.0,2.0,1,1,2,1,1,2,1,500,gemini,2025,남성,3
3,1,1.0,1.0,2.0,1,1,1,1,1,2,1,501,gemini,2025,남성,3
3,1,1.0,1.0,2.0,1,1,1,1,1,2,1,502,gemini,2025,남성,3
3,1,1.0,4.0,2.0,1,1,2,1,1,2,1,503,gemini,2025,남성,3
2,2,,,,1,1,1,1,1,2,2,504,gemini,2025,남성,3
3,1,1.0,1.0,2.0,1,1,1,1,1,2,1,505,gemini,2025,남성,3
2,2,,,,1,1,2,2,1,2,1,506,gemini,2025,남성,3
3,1,1.0,4.0,2.0,1,1,2,1,1,2,1,507,gemini,2025,남성,3
2,2,,,,1,1,2,1,1,2,2,508,gemini,2025,남성,3
3,1,1.0,1.0,2.0,1,1,2,2,1,2,1,509,gemini,2025,남성,3
3,1,1.0,1.0,2.0,1,1,2,1,1,2,1,510,gemini,2025,남성,3
2,2,,,,1,1,1,1,1,2,1,511,gemini,2025,남성,3
3,1,1.0,4.0,2.0,1,1,1,1,1,2,1,512,gemini,2025,남성,3
3,1,1.0,1.0,2.0,1,1,1,1,1,2,1,513,gemini,2025,남성,3
3,1,1.0,4.0,2.0,2,1,2,2,1,2,1,514,gemini,2025,남성,3
2,2,,,,1,1,2,1,1,2,2,515,gemini,2025,남성,3
3,1,7.0,3.0,2.0,1,1,2,1,1,2,2,516,gemini,2025,남성,3
3,1,1.0,4.0,2.0,1,1,2,1,1,2,1,517,gemini,2025,남성,3
3,1,1.0,4.0,2.0,1,1,2,1,1,2,2,518,gemini,2025,남성,3
3,1,1.0,4.0,2.0,1,1,1,1,1,2,2,519,gemini,2025,남성,3
3,1,1.0,4.0,2.0,1,1,2,1,1,2,2,520,gemini,2025,남성,3
3,1,1.0,4.0,2.0,1,1,1,1,1,2,1,521,gemini,2025,남성,3
3,1,1.0,1.0,2.0,1,1,1,1,1,2,1,522,gemini,2025,남성,3
3,1,1.0,4.0,2.0,1,1,2,1,1,2,2,523,gemini,2025,남성,3
3,1,1.0,4.0,2.0,1,1,1,1,1,2,1,524,gemini,2025,남성,3
3,1,1.0,4.0,2.0,1,1,2,1,1,2,1,525,gemini,2025,남성,3
3,1,1.0,1.0,2.0,1,1,1,1,1,2,1,526,gemini,2025,남성,3
3,1,1.0,3.0,2.0,1,1,1,1,1,2,1,527,gemini,2025,남성,3
3,1,1.0,3.0,2.0,1,1,2,1,1,2,1,528,gemini,2025,남성,3
2,2,,,,1,1,2,2,1,2,2,529,gemini,2025,남성,3
3,1,1.0,1.0,2.0,1,1,1,1,1,2,1,530,gemini,2025,남성,3
3,1,1.0,4.0,2.0,1,1,1,1,1,2,1,531,gemini,2025,남성,3
2,2,,,,1,1,2,1,1,2,2,532,gemini,2025,남성,3
3,1,1.0,4.0,2.0,1,1,1,1,1,2,1,533,gemini,2025,남성,3
2,2,,,,1,1,2,1,1,2,2,534,gemini,2025,남성,3
3,1,1.0,1.0,2.0,1,1,2,1,1,2,2,535,gemini,2025,남성,3
3,1,1.0,1.0,2.0,1,1,2,2,1,2,2,536,gemini,2025,남성,3
2,2,,,,2,1,2,2,1,2,2,537,gemini,2025,남성,3
3,1,1.0,4.0,2.0,1,1,2,1,1,2,1,538,gemini,2025,남성,3
3,1,1.0,4.0,2.0,1,1,1,1,1,2,1,539,gemini,2025,남성,3
3,1,1.0,3.0,2.0,1,1,2,1,1,2,1,540,gemini,2025,남성,3
3,1,1.0,3.0,2.0,1,1,1,1,1,2,1,541,gemini,2025,남성,3
2,2,,,,1,1,2,2,1,2,2,542,gemini,2025,남성,3
3,1,1.0,1.0,2.0,1,1,1,1,1,2,1,543,gemini,2025,남성,3
3,1,1.0,1.0,2.0,1,1,2,1,1,2,1,544,gemini,2025,남성,3
3,1,1.0,1.0,2.0,1,1,2,1,1,2,1,545,gemini,2025,남성,3
3,1,1.0,4.0,2.0,1,1,1,1,1,2,1,546,gemini,2025,남성,3
4,1,1.0,1.0,1.0,1,1,2,2,1,2,1,547,gemini,2025,남성,3
3,1,1.0,3.0,2.0,1,1,2,1,1,2,2,548,gemini,2025,남성,3
3,1,1.0,3.0,2.0,1,1,1,1,1,2,1,549,gemini,2025,남성,3
3,1,1.0,4.0,2.0,1,1,2,1,1,2,1,550,gemini,2025,남성,3
4,1,1.0,1.0,2.0,1,1,1,1,1,2,1,551,gemini,2025,남성,3
3,1,1.0,4.0,2.0,1,1,2,2,1,2,2,552,gemini,2025,남성,3
2,2,,,,1,1,2,2,1,2,2,553,gemini,2025,남성,3
3,1,1.0,4.0,2.0,1,1,2,1,1,2,2,554,gemini,2025,남성,3
3,1,1.0,4.0,2.0,1,1,1,1,1,2,1,555,gemini,2025,남성,3
3,1,1.0,4.0,2.0,1,1,2,1,1,2,1,556,gemini,2025,남성,3
3,1,1.0,1.0,2.0,1,1,2,1,1,2,1,557,gemini,2025,남성,3
3,1,1.0,4.0,2.0,1,1,2,1,1,2,1,558,gemini,2025,남성,3
3,1,1.0,3.0,2.0,1,1,2,1,1,2,1,559,gemini,2025,남성,3
3,1,1.0,4.0,2.0,1,1,2,1,1,2,2,560,gemini,2025,남성,3
3,1,1.0,4.0,2.0,1,1,2,1,1,2,1,561,gemini,2025,남성,3
2,2,,,,1,1,1,1,1,2,2,562,gemini,2025,남성,3
3,1,1.0,4.0,2.0,1,1,1,1,1,2,1,563,gemini,2025,남성,3
4,1,1.0,4.0,1.0,1,1,1,1,1,2,1,564,gemini,2025,남성,3
3,1,1.0,3.0,2.0,1,1,1,1,1,2,1,565,gemini,2025,남성,3
3,1,1.0,3.0,2.0,1,1,2,1,1,2,2,566,gemini,2025,남성,3
3,1,1.0,4.0,2.0,1,1,2,2,1,2,2,567,gemini,2025,남성,3
3,1,1.0,4.0,2.0,1,1,2,1,1,2,1,568,gemini,2025,남성,3
3,1,1.0,4.0,2.0,1,1,2,2,1,2,2,569,gemini,2025,남성,3
3,1,1.0,4.0,2.0,1,1,2,1,1,2,1,570,gemini,2025,남성,3
3,1,1.0,3.0,2.0,1,1,1,1,1,2,1,571,gemini,2025,남성,3
3,1,1.0,4.0,2.0,1,1,1,1,1,2,1,572,gemini,2025,남성,3
3,1,1.0,4.0,2.0,1,1,2,1,1,2,1,573,gemini,2025,남성,3
3,1,1.0,4.0,2.0,1,1,1,1,1,2,1,574,gemini,2025,남성,3
3,1,1.0,4.0,2.0,1,1,1,1,1,2,1,575,gemini,2025,남성,3
4,1,1.0,1.0,1.0,1,1,2,1,1,2,1,576,gemini,2025,남성,3
3,1,1.0,3.0,2.0,1,1,2,1,1,2,1,577,gemini,2025,남성,3
3,1,1.0,3.0,2.0,1,1,1,1,1,2,1,578,gemini,2025,남성,3
2,2,,,,1,1,1,1,1,2,1,579,gemini,2025,남성,3
2,2,,,,1,1,2,1,1,2,2,580,gemini,2025,남성,3
3,1,1.0,4.0,2.0,1,1,1,1,1,2,1,581,gemini,2025,남성,3
3,1,1.0,1.0,2.0,1,1,2,1,1,2,1,582,gemini,2025,남성,3
3,1,1.0,1.0,2.0,1,1,2,1,1,2,1,583,gemini,2025,남성,3
3,1,1.0,4.0,2.0,1,1,1,1,1,2,1,584,gemini,2025,남성,3
3,1,1.0,1.0,2.0,1,1,1,1,1,2,1,585,gemini,2025,남성,3
3,1,1.0,4.0,2.0,1,1,2,1,1,2,1,586,gemini,2025,남성,3
3,1,1.0,4.0,2.0,1,1,1,1,1,2,1,587,gemini,2025,남성,3
3,1,1.0,4.0,2.0,1,1,1,1,1,2,1,588,gemini,2025,남성,3
2,2,,,,1,1,2,1,1,2,1,589,gemini,2025,남성,3
4,1,1.0,1.0,1.0,1,1,1,1,1,2,1,590,gemini,2025,남성,3
3,1,7.0,1.0,1.0,1,1,2,1,1,1,1,591,gemini,2025,남성,3
2,2,,,,1,1,2,1,1,2,2,592,gemini,2025,남성,3
3,1,1.0,1.0,2.0,1,1,1,1,1,2,1,593,gemini,2025,남성,3
3,1,1.0,4.0,2.0,1,1,1,1,1,2,1,594,gemini,2025,남성,3
3,1,1.0,1.0,2.0,1,1,1,1,1,2,1,595,gemini,2025,남성,3
3,1,1.0,4.0,2.0,1,1,2,2,1,2,2,596,gemini,2025,남성,3
2,2,,,,1,1,2,2,1,2,2,597,gemini,2025,남성,3
3,1,1.0,3.0,2.0,1,1,1,1,1,2,1,598,gemini,2025,남성,3
3,1,1.0,3.0,2.0,1,1,1,1,1,2,1,599,gemini,2025,남성,3
2,2,,,,1,1,2,1,1,2,2,600,gemini,2025,남성,3
3,1,1.0,4.0,2.0,1,1,2,1,1,2,2,601,gemini,2025,남성,3
3,1,1.0,3.0,2.0,1,1,1,1,1,2,1,602,gemini,2025,남성,3
2,2,,,,1,1,1,1,1,2,2,603,gemini,2025,남성,3
3,1,1.0,4.0,2.0,1,1,1,1,1,2,1,604,gemini,2025,남성,3
3,1,1.0,1.0,2.0,1,1,2,1,1,2,1,605,gemini,2025,남성,3
3,1,1.0,1.0,2.0,1,1,2,2,1,2,1,606,gemini,2025,남성,3
3,1,1.0,4.0,2.0,1,1,1,1,1,2,1,607,gemini,2025,남성,3
2,2,,,,1,1,2,2,1,2,2,608,gemini,2025,남성,3
3,1,1.0,4.0,2.0,1,1,2,1,1,2,2,609,gemini,2025,남성,3
3,1,1.0,1.0,2.0,1,1,2,1,1,2,1,610,gemini,2025,남성,3
2,2,,,,1,1,2,2,1,2,2,611,gemini,2025,남성,3
3,1,1.0,3.0,2.0,1,1,1,1,1,2,1,612,gemini,2025,남성,3
3,1,1.0,4.0,2.0,1,1,2,1,1,2,1,613,gemini,2025,남성,3
3,1,7.0,3.0,2.0,1,1,1,1,1,2,1,614,gemini,2025,남성,3
3,1,1.0,4.0,2.0,1,1,2,1,1,2,2,615,gemini,2025,남성,3
3,1,1.0,1.0,2.0,1,1,1,1,1,2,1,616,gemini,2025,남성,3
3,1,1.0,1.0,2.0,1,1,1,1,1,2,1,617,gemini,2025,남성,3
3,1,1.0,4.0,2.0,1,1,1,1,1,1,1,618,gemini,2025,남성,3
3,1,1.0,1.0,2.0,1,1,1,1,1,2,1,619,gemini,2025,남성,3
4,1,1.0,1.0,1.0,1,1,2,1,1,2,1,620,gemini,2025,남성,3
4,1,1.0,4.0,1.0,1,1,2,1,1,1,1,621,gemini,2025,남성,3
2,2,,,,1,1,2,1,1,2,2,622,gemini,2025,남성,3
2,2,,,,1,1,2,2,1,2,2,623,gemini,2025,남성,3
3,1,1.0,1.0,2.0,1,1,1,1,1,2,1,624,gemini,2025,남성,3
3,1,1.0,4.0,2.0,1,1,1,1,1,2,1,625,gemini,2025,남성,3
3,1,1.0,1.0,2.0,1,1,2,1,1,2,1,626,gemini,2025,남성,3
2,2,,,,1,1,2,2,1,2,2,627,gemini,2025,남성,3
3,1,1.0,1.0,2.0,1,1,2,1,1,2,1,628,gemini,2025,남성,3
3,1,1.0,1.0,2.0,1,1,2,1,1,2,1,629,gemini,2025,남성,3
3,1,1.0,4.0,2.0,1,1,1,1,1,2,1,630,gemini,2025,남성,3
3,1,1.0,4.0,2.0,1,1,2,1,1,2,2,631,gemini,2025,남성,3
3,1,1.0,4.0,2.0,1,1,1,1,1,2,1,632,gemini,2025,남성,3
3,1,1.0,1.0,2.0,1,1,2,1,1,2,1,633,gemini,2025,남성,3
3,1,1.0,4.0,2.0,1,1,1,1,1,2,1,634,gemini,2025,남성,3
3,1,1.0,1.0,2.0,1,1,1,1,1,2,1,635,gemini,2025,남성,3
3,1,1.0,4.0,2.0,1,1,1,1,1,2,1,636,gemini,2025,남성,3
3,1,1.0,1.0,2.0,1,1,2,1,1,2,1,637,gemini,2025,남성,3
3,1,1.0,4.0,2.0,1,1,1,1,1,2,1,638,gemini,2025,남성,3
3,1,1.0,4.0,2.0,1,1,2,1,1,2,2,639,gemini,2025,남성,3
2,2,,,,1,1,2,2,1,2,2,640,gemini,2025,남성,3
3,1,1.0,3.0,2.0,1,1,1,1,1,2,1,641,gemini,2025,남성,3
3,1,1.0,4.0,2.0,1,1,2,1,1,2,1,642,gemini,2025,남성,3
3,1,1.0,4.0,2.0,1,1,2,1,1,2,1,643,gemini,2025,남성,3
3,1,8.0,3.0,2.0,1,1,1,1,1,2,1,644,gemini,2025,남성,3
3,1,7.0,3.0,2.0,1,1,1,1,1,2,1,645,gemini,2025,남성,3
3,1,1.0,2.0,2.0,1,1,1,1,1,2,1,646,gemini,2025,남성,3
3,1,1.0,3.0,2.0,1,1,2,1,1,2,2,647,gemini,2025,남성,3
4,1,1.0,1.0,1.0,1,1,2,1,1,2,1,648,gemini,2025,남성,3
2,2,,,,1,1,1,1,1,2,2,649,gemini,2025,남성,3
4,1,2.0,1.0,1.0,1,1,1,1,1,2,1,650,gemini,2025,남성,3
2,2,,,,1,1,1,1,1,2,2,651,gemini,2025,남성,3
3,1,7.0,3.0,2.0,1,1,1,1,1,2,1,652,gemini,2025,남성,3
2,2,,,,1,1,2,1,1,2,2,653,gemini,2025,남성,3
3,1,1.0,4.0,2.0,1,1,1,1,1,2,1,654,gemini,2025,남성,3
3,1,1.0,4.0,2.0,1,1,2,1,1,2,1,655,gemini,2025,남성,3
3,1,1.0,3.0,2.0,1,1,2,1,1,2,1,656,gemini,2025,남성,3
4,1,1.0,1.0,1.0,1,1,2,1,1,2,1,657,gemini,2025,남성,3
3,1,1.0,4.0,2.0,1,1,2,1,1,2,2,658,gemini,2025,남성,3
3,1,1.0,4.0,2.0,1,1,1,1,1,2,1,659,gemini,2025,남성,3
3,1,1.0,4.0,2.0,1,1,2,2,1,2,2,660,gemini,2025,남성,3
3,1,1.0,1.0,2.0,1,1,2,1,1,2,1,661,gemini,2025,남성,3
3,1,1.0,4.0,2.0,1,1,2,2,1,2,1,662,gemini,2025,남성,3
3,1,1.0,4.0,2.0,1,1,2,1,1,2,2,663,gemini,2025,남성,3
3,1,1.0,1.0,2.0,1,1,2,1,1,2,1,664,gemini,2025,남성,3
3,1,1.0,1.0,2.0,1,1,1,1,1,2,1,665,gemini,2025,남성,3
3,1,1.0,3.0,2.0,1,1,1,1,1,2,1,666,gemini,2025,남성,3
3,1,1.0,3.0,2.0,1,1,1,1,1,2,1,667,gemini,2025,남성,3
4,1,1.0,1.0,1.0,1,1,2,1,1,2,1,668,gemini,2025,남성,3
3,1,1.0,4.0,2.0,1,1,1,1,1,2,1,669,gemini,2025,남성,3
4,1,1.0,1.0,1.0,1,1,2,1,1,2,1,670,gemini,2025,남성,3
2,2,,,,2,1,2,2,1,2,2,671,gemini,2025,남성,3
4,1,7.0,1.0,1.0,1,1,1,1,1,2,1,672,gemini,2025,남성,3
3,1,1.0,1.0,2.0,1,1,1,1,1,2,1,673,gemini,2025,남성,3
3,1,1.0,4.0,2.0,1,1,2,2,1,2,2,674,gemini,2025,남성,3
3,1,1.0,1.0,2.0,1,1,2,1,1,2,1,675,gemini,2025,남성,3
3,1,1.0,4.0,2.0,1,1,1,1,1,2,1,676,gemini,2025,남성,3
3,1,1.0,3.0,2.0,1,1,1,1,1,2,1,677,gemini,2025,남성,3
3,1,1.0,4.0,2.0,1,1,1,1,1,2,1,678,gemini,2025,남성,3
4,1,1.0,1.0,1.0,1,1,2,1,1,2,1,679,gemini,2025,남성,3
3,1,1.0,1.0,2.0,1,1,2,1,1,2,1,680,gemini,2025,남성,3
3,1,1.0,4.0,2.0,1,1,2,1,1,2,1,681,gemini,2025,남성,3
3,1,1.0,4.0,2.0,1,1,2,1,1,2,1,682,gemini,2025,남성,3
3,1,1.0,4.0,2.0,1,1,1,1,1,2,1,683,gemini,2025,남성,3
3,1,1.0,1.0,2.0,1,1,2,1,1,2,1,684,gemini,2025,남성,3
2,2,,,,1,1,2,2,1,2,2,685,gemini,2025,남성,3
2,2,,,,1,1,1,1,1,2,2,686,gemini,2025,남성,3
3,1,1.0,4.0,2.0,1,1,2,1,1,2,1,687,gemini,2025,남성,3
3,1,1.0,1.0,2.0,1,1,1,1,1,2,1,688,gemini,2025,남성,3
3,1,1.0,1.0,2.0,1,1,1,1,1,2,1,689,gemini,2025,남성,3
3,1,1.0,4.0,2.0,1,1,1,1,1,2,1,690,gemini,2025,남성,3
3,1,1.0,3.0,2.0,1,1,2,1,1,2,2,691,gemini,2025,남성,3
3,1,1.0,1.0,2.0,1,1,2,1,1,2,1,692,gemini,2025,남성,3
4,1,1.0,4.0,2.0,1,1,2,1,1,2,1,693,gemini,2025,남성,3
3,1,1.0,4.0,2.0,1,1,1,1,1,2,1,694,gemini,2025,남성,3
3,1,1.0,2.0,2.0,1,1,2,1,1,2,1,695,gemini,2025,남성,3
3,1,1.0,3.0,2.0,1,1,2,1,1,2,1,696,gemini,2025,남성,3
3,1,1.0,1.0,2.0,1,1,1,1,1,2,1,697,gemini,2025,남성,3
3,1,8.0,3.0,2.0,1,1,1,1,1,2,1,698,gemini,2025,남성,3
3,1,1.0,4.0,2.0,1,1,2,1,1,2,2,699,gemini,2025,남성,3
3,1,1.0,4.0,2.0,1,1,1,1,1,2,2,700,gemini,2025,남성,3
3,1,1.0,2.0,2.0,1,1,1,1,1,2,1,701,gemini,2025,남성,3
2,2,,,,2,1,2,2,1,2,2,702,gemini,2025,남성,3
3,1,1.0,1.0,2.0,1,1,2,1,1,2,1,703,gemini,2025,남성,3
4,1,1.0,4.0,2.0,1,1,1,1,1,2,1,704,gemini,2025,남성,3
3,1,1.0,4.0,2.0,1,1,2,1,1,2,2,705,gemini,2025,남성,3
2,2,,,,2,1,2,2,1,2,2,706,gemini,2025,남성,3
3,1,1.0,4.0,2.0,1,1,2,1,1,2,1,707,gemini,2025,남성,3
3,1,1.0,4.0,2.0,1,1,1,1,1,2,1,708,gemini,2025,남성,3
2,2,,,,1,1,1,1,1,2,2,709,gemini,2025,남성,3
2,2,,,,1,1,2,1,1,2,2,710,gemini,2025,남성,3
3,1,1.0,1.0,2.0,1,1,2,1,1,2,1,711,gemini,2025,남성,3
3,1,1.0,4.0,2.0,1,1,1,1,1,2,1,712,gemini,2025,남성,3
2,2,,,,1,1,2,1,1,2,2,713,gemini,2025,남성,3
3,1,1.0,4.0,2.0,1,1,2,1,1,2,1,714,gemini,2025,남성,3
3,1,1.0,1.0,2.0,1,1,2,1,1,2,1,715,gemini,2025,남성,3
2,2,,,,1,1,2,1,1,2,1,716,gemini,2025,남성,3
2,2,,,,1,1,2,1,1,2,2,717,gemini,2025,남성,3
3,1,1.0,1.0,2.0,1,1,2,2,1,2,2,718,gemini,2025,남성,3
3,1,1.0,4.0,2.0,1,1,2,1,1,2,1,719,gemini,2025,남성,3
3,1,1.0,4.0,2.0,1,1,2,1,1,2,1,720,gemini,2025,남성,3
3,1,1.0,4.0,2.0,1,1,2,1,1,2,1,721,gemini,2025,남성,3
3,1,1.0,1.0,2.0,1,1,1,1,1,2,1,722,gemini,2025,남성,3
3,1,1.0,1.0,2.0,1,1,2,1,1,2,1,723,gemini,2025,남성,3
3,1,1.0,4.0,2.0,1,1,2,1,1,2,2,724,gemini,2025,남성,3
4,1,2.0,1.0,2.0,1,1,2,1,1,1,1,725,gemini,2025,남성,3
3,1,1.0,4.0,2.0,1,1,2,1,1,2,1,726,gemini,2025,남성,3
3,1,1.0,4.0,2.0,1,1,2,1,1,2,1,727,gemini,2025,남성,3
3,1,1.0,4.0,2.0,1,1,1,1,1,2,1,728,gemini,2025,남성,3
3,1,1.0,1.0,2.0,1,1,2,2,1,2,1,729,gemini,2025,남성,3
3,1,1.0,1.0,2.0,1,1,1,1,1,2,1,730,gemini,2025,남성,3
3,1,1.0,4.0,2.0,1,1,2,1,1,2,1,731,gemini,2025,남성,3
2,2,,,,1,1,1,1,1,2,1,732,gemini,2025,남성,3
3,1,1.0,3.0,2.0,1,1,1,1,1,2,1,733,gemini,2025,남성,3
3,1,1.0,4.0,2.0,1,1,2,1,1,2,1,734,gemini,2025,남성,3
3,1,1.0,4.0,2.0,1,1,1,1,1,2,1,735,gemini,2025,남성,3
3,1,1.0,3.0,2.0,1,1,1,1,1,2,1,736,gemini,2025,남성,3
3,1,1.0,1.0,2.0,1,1,2,1,1,2,1,737,gemini,2025,남성,3
3,1,1.0,4.0,2.0,1,1,2,1,1,2,1,738,gemini,2025,남성,3
2,2,,,,1,1,2,1,1,2,2,739,gemini,2025,남성,3
3,1,1.0,4.0,2.0,1,1,2,1,1,2,2,740,gemini,2025,남성,3
3,1,1.0,4.0,2.0,1,1,1,1,1,2,1,741,gemini,2025,남성,3
3,1,1.0,4.0,2.0,1,1,1,1,1,2,1,742,gemini,2025,남성,3
3,1,1.0,4.0,2.0,1,1,1,1,1,2,1,743,gemini,2025,남성,3
2,2,,,,1,1,2,1,1,2,2,744,gemini,2025,남성,3
3,1,1.0,1.0,2.0,1,1,2,1,1,2,1,745,gemini,2025,남성,3
3,1,1.0,1.0,1.0,1,1,2,2,1,2,1,746,gemini,2025,남성,3
3,1,1.0,3.0,2.0,1,1,1,1,1,2,1,747,gemini,2025,남성,3
3,1,1.0,4.0,2.0,1,1,1,1,1,2,1,748,gemini,2025,남성,3
3,1,1.0,1.0,2.0,1,1,2,1,1,2,1,749,gemini,2025,남성,3
3,1,1.0,1.0,2.0,1,1,2,1,1,2,1,750,gemini,2025,남성,3
3,1,1.0,4.0,2.0,1,1,2,1,1,2,1,751,gemini,2025,남성,3
3,1,1.0,4.0,2.0,1,1,1,1,1,2,1,752,gemini,2025,남성,3
3,1,1.0,1.0,2.0,1,1,2,1,1,2,1,753,gemini,2025,남성,3
2,2,,,,1,1,2,1,1,2,2,754,gemini,2025,남성,3
2,2,,,,1,1,2,1,1,2,1,755,gemini,2025,남성,3
3,1,1.0,1.0,2.0,1,1,1,1,1,2,1,756,gemini,2025,남성,3
3,1,1.0,4.0,2.0,1,1,1,1,1,2,1,757,gemini,2025,남성,3
3,1,1.0,4.0,2.0,1,1,2,1,1,2,2,758,gemini,2025,남성,3
3,1,1.0,1.0,2.0,1,1,2,1,1,2,1,759,gemini,2025,남성,3
3,1,1.0,4.0,2.0,1,1,2,1,1,2,2,760,gemini,2025,남성,3
3,1,1.0,4.0,2.0,1,1,1,1,1,2,1,761,gemini,2025,남성,3
2,2,,,,2,1,2,2,1,2,2,762,gemini,2025,남성,3
3,1,1.0,1.0,2.0,1,1,2,2,1,2,1,763,gemini,2025,남성,3
3,1,1.0,2.0,2.0,1,1,2,1,1,2,2,764,gemini,2025,남성,3
4,1,1.0,2.0,2.0,1,1,2,1,1,2,1,765,gemini,2025,남성,3
3,1,1.0,4.0,2.0,1,1,2,1,1,2,2,766,gemini,2025,남성,3
4,1,1.0,4.0,2.0,1,1,2,2,1,2,2,767,gemini,2025,남성,3
3,1,1.0,4.0,2.0,1,1,2,1,1,2,1,768,gemini,2025,남성,3
3,1,1.0,4.0,2.0,1,1,2,1,1,2,1,769,gemini,2025,남성,3
3,1,1.0,1.0,2.0,1,1,2,1,1,2,1,770,gemini,2025,남성,3
3,1,1.0,2.0,2.0,1,1,1,1,1,2,1,771,gemini,2025,남성,3
3,1,1.0,4.0,2.0,1,1,2,1,1,2,2,772,gemini,2025,남성,3
3,1,1.0,1.0,2.0,1,1,2,2,1,2,1,773,gemini,2025,남성,3
3,1,1.0,4.0,2.0,1,1,1,1,1,2,1,774,gemini,2025,남성,3
3,1,1.0,1.0,2.0,1,1,2,1,1,2,2,775,gemini,2025,남성,3
3,1,1.0,4.0,2.0,1,1,2,1,1,2,1,776,gemini,2025,남성,3
3,1,1.0,4.0,2.0,1,1,2,1,1,2,2,777,gemini,2025,남성,3
3,1,1.0,4.0,2.0,1,1,2,1,1,2,1,778,gemini,2025,남성,3
3,1,1.0,2.0,2.0,1,1,1,1,1,2,1,779,gemini,2025,남성,3
2,2,,,,2,1,2,2,1,2,2,780,gemini,2025,남성,3
2,2,,,,1,1,2,1,1,2,1,781,gemini,2025,남성,3
3,1,1.0,1.0,2.0,1,1,1,1,1,2,1,782,gemini,2025,남성,3
2,2,,,,1,1,1,1,1,2,2,783,gemini,2025,남성,3
2,2,,,,1,1,1,1,1,2,2,784,gemini,2025,남성,3
2,2,,,,1,1,2,1,1,2,2,785,gemini,2025,남성,3
2,2,,,,1,1,2,2,1,2,2,786,gemini,2025,남성,3
3,1,1.0,4.0,2.0,1,1,2,1,1,2,1,787,gemini,2025,남성,3
3,1,1.0,4.0,2.0,1,1,2,1,1,2,1,788,gemini,2025,남성,3
3,1,1.0,3.0,2.0,1,1,2,1,1,2,1,789,gemini,2025,남성,3
3,1,1.0,3.0,2.0,1,1,1,1,1,2,1,790,gemini,2025,남성,3
3,1,1.0,4.0,2.0,1,1,2,1,1,2,1,791,gemini,2025,남성,3
3,1,1.0,4.0,2.0,1,1,1,1,1,2,1,792,gemini,2025,남성,3
3,1,1.0,4.0,2.0,1,1,2,1,1,2,2,793,gemini,2025,남성,3
2,2,,,,1,1,2,1,1,2,2,794,gemini,2025,남성,3
3,1,1.0,4.0,2.0,1,1,2,1,1,2,2,795,gemini,2025,남성,3
3,1,1.0,4.0,2.0,1,1,2,1,1,2,1,796,gemini,2025,남성,3
2,2,,,,1,1,2,1,1,2,2,797,gemini,2025,남성,3
3,1,1.0,4.0,2.0,1,1,2,1,1,2,1,798,gemini,2025,남성,3
3,1,1.0,1.0,2.0,1,1,2,1,1,2,1,799,gemini,2025,남성,3
3,1,1.0,4.0,2.0,1,1,2,1,1,2,1,800,gemini,2025,남성,3
3,1,1.0,1.0,2.0,1,1,1,1,1,2,1,801,gemini,2025,남성,3
3,1,1.0,4.0,2.0,1,1,2,1,1,2,1,802,gemini,2025,남성,3
3,1,1.0,4.0,2.0,1,1,1,1,1,2,1,803,gemini,2025,남성,3
2,2,,,,1,1,2,1,1,2,2,804,gemini,2025,남성,3
3,1,1.0,4.0,2.0,1,1,1,1,1,2,1,805,gemini,2025,남성,3
3,1,1.0,4.0,2.0,1,1,1,1,1,2,1,806,gemini,2025,남성,3
2,2,,,,1,1,2,2,1,2,2,807,gemini,2025,남성,3
3,1,1.0,4.0,2.0,1,1,2,1,1,2,1,808,gemini,2025,남성,3
4,1,1.0,1.0,1.0,1,1,1,1,1,1,1,809,gemini,2025,남성,3
3,1,1.0,1.0,2.0,1,1,1,1,1,2,1,810,gemini,2025,남성,3
3,1,1.0,3.0,2.0,1,1,2,1,1,2,1,811,gemini,2025,남성,3
4,1,2.0,1.0,1.0,1,1,1,1,1,2,1,812,gemini,2025,남성,3
2,2,,,,1,1,2,1,1,2,1,813,gemini,2025,남성,3
4,1,1.0,1.0,1.0,1,1,1,1,1,1,1,814,gemini,2025,남성,3
3,1,1.0,4.0,2.0,1,1,2,1,1,2,1,815,gemini,2025,남성,3
4,1,1.0,3.0,2.0,1,1,2,2,1,2,1,816,gemini,2025,남성,3
3,1,1.0,4.0,2.0,1,1,2,1,1,2,2,817,gemini,2025,남성,3
3,1,1.0,1.0,2.0,1,1,2,1,1,2,1,818,gemini,2025,남성,3
3,1,1.0,4.0,2.0,1,1,2,1,1,2,1,819,gemini,2025,남성,3
3,1,1.0,4.0,2.0,1,1,1,1,1,2,1,820,gemini,2025,남성,3
3,1,7.0,3.0,2.0,1,1,1,1,1,2,1,821,gemini,2025,남성,3
3,1,1.0,1.0,2.0,1,1,2,1,1,2,1,822,gemini,2025,남성,3
3,1,1.0,4.0,2.0,1,1,2,1,1,2,2,823,gemini,2025,남성,3
3,1,1.0,1.0,2.0,1,1,2,1,1,2,1,824,gemini,2025,남성,3
3,1,1.0,1.0,2.0,1,1,2,1,1,2,2,825,gemini,2025,남성,3
3,1,1.0,4.0,2.0,1,1,1,1,1,2,1,826,gemini,2025,남성,3
3,1,7.0,3.0,2.0,1,1,1,1,1,2,1,827,gemini,2025,남성,3
3,1,1.0,1.0,2.0,1,1,2,2,1,2,1,828,gemini,2025,남성,3
3,1,1.0,2.0,2.0,1,1,2,1,1,2,2,829,gemini,2025,남성,3
3,1,1.0,4.0,2.0,1,1,2,1,1,2,1,830,gemini,2025,남성,3
3,1,1.0,1.0,2.0,1,1,2,1,1,2,2,831,gemini,2025,남성,3
3,1,1.0,4.0,2.0,1,1,2,2,1,2,2,832,gemini,2025,남성,3
4,1,1.0,4.0,2.0,1,1,1,1,1,2,1,833,gemini,2025,남성,3
3,1,1.0,4.0,2.0,1,1,1,1,1,2,2,834,gemini,2025,남성,3
3,1,1.0,4.0,2.0,1,1,2,2,1,2,1,835,gemini,2025,남성,3
3,1,1.0,4.0,2.0,1,1,1,1,1,2,1,836,gemini,2025,남성,3
3,1,1.0,1.0,2.0,1,1,2,1,1,2,1,837,gemini,2025,남성,3
3,1,1.0,4.0,2.0,1,1,2,1,1,2,1,838,gemini,2025,남성,3
3,1,1.0,4.0,2.0,1,1,2,1,1,2,1,839,gemini,2025,남성,3
3,1,1.0,1.0,2.0,1,1,2,1,1,2,1,840,gemini,2025,남성,3
2,2,,,,1,1,2,1,1,2,2,841,gemini,2025,남성,3
2,2,,,,1,1,2,2,1,2,2,842,gemini,2025,남성,3
2,2,,,,1,1,2,2,1,2,2,843,gemini,2025,남성,3
3,1,7.0,3.0,2.0,1,1,1,1,1,2,1,844,gemini,2025,남성,3
3,1,7.0,3.0,2.0,1,1,1,1,1,1,1,845,gemini,2025,남성,3
3,1,1.0,4.0,2.0,1,1,1,1,1,2,1,846,gemini,2025,남성,3
3,1,1.0,1.0,2.0,1,1,2,1,1,2,1,847,gemini,2025,남성,3
3,1,1.0,4.0,2.0,1,1,1,1,1,2,1,848,gemini,2025,남성,3
2,2,,,,1,1,2,2,1,2,2,849,gemini,2025,남성,3
3,1,1.0,3.0,2.0,1,1,2,1,1,2,1,850,gemini,2025,남성,3
3,1,1.0,4.0,2.0,1,1,2,1,1,2,1,851,gemini,2025,남성,3
3,1,1.0,4.0,2.0,1,1,2,1,1,2,1,852,gemini,2025,남성,3
3,1,1.0,4.0,2.0,1,1,2,1,1,2,2,853,gemini,2025,남성,3
3,1,1.0,4.0,2.0,1,1,1,1,1,2,1,854,gemini,2025,남성,3
3,1,1.0,4.0,2.0,1,1,2,2,1,2,2,855,gemini,2025,남성,3
2,2,,,,2,1,2,2,1,2,2,856,gemini,2025,남성,3
3,1,1.0,1.0,2.0,1,1,2,1,1,2,1,857,gemini,2025,남성,3
2,2,,,,1,1,2,1,1,2,2,858,gemini,2025,남성,3
3,1,1.0,1.0,2.0,1,1,1,1,1,2,1,859,gemini,2025,남성,3
3,1,1.0,4.0,2.0,1,1,1,1,1,2,1,860,gemini,2025,남성,3
4,1,1.0,1.0,1.0,1,1,2,1,1,2,1,861,gemini,2025,남성,3
3,1,1.0,1.0,2.0,1,1,2,1,1,2,1,862,gemini,2025,남성,3
3,1,1.0,1.0,2.0,1,1,2,1,1,2,1,863,gemini,2025,남성,3
3,1,1.0,4.0,2.0,1,1,2,1,1,2,1,864,gemini,2025,남성,3
3,1,1.0,4.0,2.0,1,1,1,1,1,2,1,865,gemini,2025,남성,3
3,1,1.0,4.0,2.0,1,1,2,1,1,2,1,866,gemini,2025,남성,3
4,1,1.0,4.0,2.0,1,1,1,1,1,2,1,867,gemini,2025,남성,3
3,1,1.0,1.0,2.0,1,1,1,1,1,2,1,868,gemini,2025,남성,3
3,1,1.0,4.0,2.0,1,1,2,1,1,2,1,869,gemini,2025,남성,3
2,2,,,,1,1,2,1,1,2,2,870,gemini,2025,남성,3
2,2,,,,1,1,1,1,1,2,2,871,gemini,2025,남성,3
3,1,1.0,4.0,2.0,1,1,2,1,1,2,2,872,gemini,2025,남성,3
3,1,1.0,1.0,2.0,1,1,1,1,1,2,1,873,gemini,2025,남성,3
3,1,1.0,1.0,2.0,1,1,2,1,1,2,1,874,gemini,2025,남성,3
3,1,1.0,3.0,2.0,1,1,2,1,1,2,1,875,gemini,2025,남성,3
3,1,1.0,4.0,2.0,1,1,2,1,1,2,2,876,gemini,2025,남성,3
3,1,1.0,1.0,2.0,1,1,2,1,1,2,1,877,gemini,2025,남성,3
2,2,,,,1,1,2,1,1,2,2,878,gemini,2025,남성,3
3,1,1.0,1.0,1.0,1,1,2,1,1,2,1,879,gemini,2025,남성,3
2,2,,,,1,1,2,1,1,2,2,880,gemini,2025,남성,3
3,1,1.0,3.0,2.0,1,1,2,1,1,2,1,881,gemini,2025,남성,3
2,2,,,,1,1,2,1,1,2,2,882,gemini,2025,남성,3
3,1,1.0,1.0,2.0,1,1,2,1,1,2,1,883,gemini,2025,남성,3
2,2,,,,1,1,2,1,1,2,2,884,gemini,2025,남성,3
3,1,1.0,4.0,2.0,1,1,1,1,1,2,1,885,gemini,2025,남성,3
4,1,1.0,1.0,1.0,1,1,1,1,1,2,1,886,gemini,2025,남성,3
3,1,1.0,4.0,2.0,1,1,1,1,1,2,1,887,gemini,2025,남성,3
4,1,2.0,1.0,1.0,1,1,2,1,1,1,1,888,gemini,2025,남성,3
2,2,,,,1,1,2,1,1,2,2,889,gemini,2025,남성,3
2,2,,,,1,1,2,2,1,2,2,890,gemini,2025,남성,3
3,1,1.0,4.0,2.0,1,1,2,1,1,2,1,891,gemini,2025,남성,3
4,1,2.0,1.0,2.0,1,1,1,1,1,2,1,892,gemini,2025,남성,3
3,1,1.0,3.0,2.0,1,1,2,1,1,2,1,893,gemini,2025,남성,3
3,1,1.0,3.0,2.0,1,1,1,1,1,2,1,894,gemini,2025,남성,3
3,1,1.0,4.0,2.0,1,1,2,1,1,2,2,895,gemini,2025,남성,3
3,1,1.0,3.0,2.0,1,1,2,1,1,2,1,896,gemini,2025,남성,3
3,1,1.0,3.0,2.0,1,1,2,2,1,2,2,897,gemini,2025,남성,3
3,1,1.0,4.0,2.0,1,1,2,1,1,2,2,898,gemini,2025,남성,3
3,1,1.0,4.0,2.0,1,1,1,1,1,2,2,899,gemini,2025,남성,3
3,1,1.0,1.0,2.0,1,1,2,1,1,2,1,900,gemini,2025,남성,3
3,1,1.0,3.0,2.0,1,1,1,1,1,2,1,901,gemini,2025,남성,3
3,1,8.0,3.0,2.0,1,1,1,1,1,2,1,902,gemini,2025,남성,3
3,1,1.0,4.0,2.0,1,1,1,1,1,2,1,903,gemini,2025,남성,3
3,1,1.0,4.0,2.0,1,1,2,1,1,2,1,904,gemini,2025,남성,3
3,1,1.0,1.0,2.0,1,1,1,1,1,2,1,905,gemini,2025,남성,3
2,2,,,,1,1,2,1,1,2,2,906,gemini,2025,남성,3
2,2,,,,1,1,2,1,1,2,2,907,gemini,2025,남성,3
3,1,1.0,1.0,2.0,1,1,1,1,1,2,1,908,gemini,2025,남성,3
3,1,1.0,1.0,2.0,1,1,2,1,1,2,1,909,gemini,2025,남성,3
4,1,1.0,1.0,2.0,1,1,1,1,1,2,1,910,gemini,2025,남성,3
3,1,1.0,4.0,2.0,1,1,1,1,1,2,1,911,gemini,2025,남성,3
3,1,1.0,1.0,2.0,1,1,1,1,1,2,1,912,gemini,2025,남성,3
3,1,1.0,3.0,2.0,1,1,1,1,1,2,1,913,gemini,2025,남성,3
4,1,1.0,1.0,1.0,1,1,1,1,1,1,1,914,gemini,2025,남성,3
3,1,1.0,1.0,2.0,1,1,2,1,1,2,1,915,gemini,2025,남성,3
3,1,1.0,4.0,2.0,1,1,2,1,1,2,1,916,gemini,2025,남성,3
2,2,,,,1,1,1,1,1,2,1,917,gemini,2025,남성,3
2,2,,,,1,1,2,1,1,2,2,918,gemini,2025,남성,3
3,1,1.0,4.0,2.0,1,1,1,1,1,2,1,919,gemini,2025,남성,3
2,2,,,,1,1,2,1,1,2,1,920,gemini,2025,남성,3
3,1,1.0,4.0,2.0,1,1,2,1,1,2,1,921,gemini,2025,남성,3
3,1,1.0,4.0,2.0,1,1,2,1,1,2,2,922,gemini,2025,남성,3
3,1,1.0,4.0,2.0,1,1,2,1,1,2,2,923,gemini,2025,남성,3
2,2,,,,1,1,2,1,1,2,2,924,gemini,2025,남성,3
2,2,,,,1,1,2,1,1,2,2,925,gemini,2025,남성,3
3,1,1.0,4.0,2.0,1,1,1,1,1,2,1,926,gemini,2025,남성,3
3,1,1.0,1.0,2.0,1,1,2,2,1,2,1,927,gemini,2025,남성,3
3,1,1.0,4.0,2.0,1,1,1,1,1,2,1,928,gemini,2025,남성,3
3,1,1.0,3.0,2.0,1,1,1,1,1,2,1,929,gemini,2025,남성,3
3,1,1.0,4.0,2.0,1,1,2,1,1,2,1,930,gemini,2025,남성,3
3,1,1.0,4.0,2.0,1,1,1,1,1,2,1,931,gemini,2025,남성,3
3,1,1.0,4.0,2.0,1,1,1,1,1,2,1,932,gemini,2025,남성,3
3,1,1.0,4.0,2.0,1,1,2,1,1,2,1,933,gemini,2025,남성,3
3,1,1.0,4.0,2.0,1,1,1,1,1,2,1,934,gemini,2025,남성,3
2,2,,,,1,1,1,1,1,2,2,935,gemini,2025,남성,3
3,1,1.0,4.0,2.0,1,1,2,1,1,2,1,936,gemini,2025,남성,3
2,2,,,,1,1,2,1,1,2,1,937,gemini,2025,남성,3
3,1,1.0,1.0,2.0,1,1,1,1,1,2,1,938,gemini,2025,남성,3
3,1,1.0,3.0,2.0,1,1,2,1,1,2,2,939,gemini,2025,남성,3
3,1,1.0,3.0,2.0,1,1,2,1,1,2,1,940,gemini,2025,남성,3
4,1,1.0,4.0,2.0,1,1,1,1,1,2,1,941,gemini,2025,남성,3
3,1,1.0,3.0,2.0,1,1,1,1,1,2,1,942,gemini,2025,남성,3
2,2,,,,1,1,2,1,1,2,2,943,gemini,2025,남성,3
3,1,1.0,1.0,2.0,1,1,2,1,1,2,1,944,gemini,2025,남성,3
3,1,1.0,3.0,2.0,1,1,2,1,1,2,1,945,gemini,2025,남성,3
2,2,,,,1,1,2,1,1,2,1,946,gemini,2025,남성,3
3,1,1.0,4.0,2.0,1,1,1,1,1,2,2,947,gemini,2025,남성,3
2,2,,,,1,1,2,1,1,2,2,948,gemini,2025,남성,3
2,2,,,,1,1,2,1,1,2,2,949,gemini,2025,남성,3
3,1,1.0,4.0,2.0,1,1,1,1,1,2,1,950,gemini,2025,남성,3
3,1,1.0,1.0,2.0,1,1,2,1,1,2,1,951,gemini,2025,남성,3
3,1,1.0,4.0,2.0,1,1,1,1,1,2,1,952,gemini,2025,남성,3
3,1,1.0,1.0,2.0,1,1,2,1,1,2,1,953,gemini,2025,남성,3
3,1,1.0,1.0,2.0,1,1,2,1,1,2,2,954,gemini,2025,남성,3
3,1,1.0,4.0,2.0,1,1,2,1,1,2,1,955,gemini,2025,남성,3
3,1,1.0,4.0,2.0,1,1,2,1,1,2,1,956,gemini,2025,남성,3
3,1,1.0,4.0,2.0,1,1,2,1,1,2,1,957,gemini,2025,남성,3
3,1,1.0,4.0,2.0,1,1,2,1,1,2,1,958,gemini,2025,남성,3
4,1,1.0,1.0,1.0,1,1,2,1,1,2,1,959,gemini,2025,남성,3
3,1,1.0,1.0,2.0,1,1,1,1,1,2,1,960,gemini,2025,남성,3
3,1,1.0,4.0,2.0,1,1,1,1,1,2,1,961,gemini,2025,남성,3
3,1,1.0,4.0,2.0,1,1,2,2,1,2,2,962,gemini,2025,남성,3
3,1,1.0,4.0,2.0,1,1,2,2,1,2,2,963,gemini,2025,남성,3
2,2,,,,1,1,1,1,1,2,1,964,gemini,2025,남성,3
3,1,1.0,1.0,2.0,1,1,2,1,1,2,1,965,gemini,2025,남성,3
3,1,1.0,4.0,2.0,1,1,1,1,1,2,1,966,gemini,2025,남성,3
3,1,1.0,1.0,2.0,1,1,2,1,1,2,1,967,gemini,2025,남성,3
3,1,1.0,4.0,2.0,1,1,1,1,1,2,1,968,gemini,2025,남성,3
3,1,1.0,3.0,2.0,1,1,1,1,1,1,1,969,gemini,2025,남성,3
3,1,1.0,4.0,2.0,1,1,2,1,1,2,2,970,gemini,2025,남성,3
2,2,,,,1,1,2,1,1,2,2,971,gemini,2025,남성,3
3,1,1.0,1.0,2.0,1,1,2,1,1,2,1,972,gemini,2025,남성,3
3,1,1.0,1.0,2.0,1,1,2,1,1,2,1,973,gemini,2025,남성,3
3,1,1.0,4.0,2.0,1,1,2,1,1,2,1,974,gemini,2025,남성,3
3,1,1.0,4.0,2.0,1,1,2,2,1,2,1,975,gemini,2025,남성,3
3,1,1.0,1.0,2.0,1,1,2,1,1,2,1,976,gemini,2025,남성,3
3,1,1.0,4.0,2.0,1,1,2,1,1,2,1,977,gemini,2025,남성,3
4,1,1.0,6.0,2.0,1,1,1,1,1,1,1,978,gemini,2025,남성,3
3,1,1.0,4.0,2.0,1,1,2,1,1,2,2,979,gemini,2025,남성,3
4,1,1.0,1.0,2.0,1,1,1,1,1,2,1,980,gemini,2025,남성,3
2,2,,,,1,1,1,1,1,2,2,981,gemini,2025,남성,3
3,1,1.0,1.0,2.0,1,1,2,1,1,2,1,982,gemini,2025,남성,4
3,1,1.0,1.0,2.0,1,1,2,2,1,2,2,983,gemini,2025,남성,4
3,1,1.0,4.0,2.0,1,1,1,2,1,2,1,984,gemini,2025,남성,4
2,2,,,,1,1,2,2,1,2,2,985,gemini,2025,남성,4
2,2,,,,1,1,2,1,1,2,2,986,gemini,2025,남성,4
2,2,,,,2,1,2,2,1,2,2,987,gemini,2025,남성,4
2,2,,,,2,1,2,2,1,2,2,988,gemini,2025,남성,4
3,1,1.0,4.0,2.0,1,1,2,1,1,2,1,989,gemini,2025,남성,4
3,1,1.0,1.0,2.0,1,1,2,1,1,2,1,990,gemini,2025,남성,4
3,1,1.0,3.0,2.0,1,1,2,2,1,2,2,991,gemini,2025,남성,4
3,1,1.0,1.0,2.0,1,1,2,2,1,2,1,992,gemini,2025,남성,4
3,1,1.0,1.0,2.0,1,1,2,1,1,2,1,993,gemini,2025,남성,4
3,1,1.0,4.0,2.0,1,1,2,1,1,2,2,994,gemini,2025,남성,4
3,1,1.0,4.0,2.0,1,1,2,1,1,2,1,995,gemini,2025,남성,4
3,1,1.0,4.0,2.0,1,1,2,1,1,2,1,996,gemini,2025,남성,4
2,2,,,,1,1,2,1,1,2,1,997,gemini,2025,남성,4
3,1,1.0,1.0,2.0,1,1,2,1,1,2,1,998,gemini,2025,남성,4
3,1,1.0,1.0,1.0,1,1,2,2,1,2,1,999,gemini,2025,남성,4
3,1,1.0,4.0,2.0,1,1,2,2,1,2,2,1000,gemini,2025,남성,4
3,1,1.0,1.0,2.0,1,1,2,2,1,2,2,1001,gemini,2025,남성,4
2,2,,,,1,1,2,1,1,2,2,1002,gemini,2025,남성,4
2,2,,,,1,1,2,2,1,2,2,1003,gemini,2025,남성,4
2,2,,,,1,1,2,2,1,2,2,1004,gemini,2025,남성,4
3,1,1.0,1.0,2.0,1,1,2,1,1,2,1,1005,gemini,2025,남성,4
2,2,,,,2,1,2,2,1,2,2,1006,gemini,2025,남성,4
3,1,1.0,1.0,2.0,1,1,1,1,1,2,1,1007,gemini,2025,남성,4
2,2,,,,2,1,2,2,1,2,2,1008,gemini,2025,남성,4
3,1,1.0,4.0,2.0,1,1,2,1,1,2,1,1009,gemini,2025,남성,4
2,2,,,,2,1,2,2,1,2,2,1010,gemini,2025,남성,4
2,2,,,,1,1,2,2,1,2,1,1011,gemini,2025,남성,4
3,1,1.0,4.0,2.0,1,1,2,2,1,2,2,1012,gemini,2025,남성,4
2,2,,,,1,1,2,2,1,2,2,1013,gemini,2025,남성,4
3,1,1.0,4.0,2.0,1,1,2,1,1,2,2,1014,gemini,2025,남성,4
3,1,1.0,4.0,2.0,1,1,1,1,1,2,1,1015,gemini,2025,남성,4
2,2,,,,2,1,2,2,1,2,2,1016,gemini,2025,남성,4
2,2,,,,1,1,2,1,1,2,2,1017,gemini,2025,남성,4
3,1,1.0,4.0,2.0,1,1,2,2,1,2,2,1018,gemini,2025,남성,4
3,1,1.0,4.0,2.0,1,1,2,1,1,2,2,1019,gemini,2025,남성,4
3,1,1.0,3.0,2.0,1,1,2,1,1,2,1,1020,gemini,2025,남성,4
3,1,1.0,4.0,2.0,1,1,2,1,1,2,1,1021,gemini,2025,남성,4
2,2,,,,1,1,2,2,1,2,2,1022,gemini,2025,남성,4
2,2,,,,1,1,2,2,1,2,2,1023,gemini,2025,남성,4
2,2,,,,1,1,2,2,1,2,2,1024,gemini,2025,남성,4
3,1,1.0,1.0,2.0,1,1,2,1,1,2,1,1025,gemini,2025,남성,4
3,1,1.0,4.0,2.0,1,1,2,1,1,2,1,1026,gemini,2025,남성,4
4,1,2.0,1.0,1.0,1,1,2,1,1,1,1,1027,gemini,2025,남성,4
3,1,1.0,1.0,2.0,1,1,2,1,1,2,1,1028,gemini,2025,남성,4
3,1,1.0,4.0,2.0,1,1,1,1,1,2,1,1029,gemini,2025,남성,4
3,1,1.0,4.0,2.0,1,1,2,1,1,2,2,1030,gemini,2025,남성,4
2,2,,,,1,1,2,2,1,2,2,1031,gemini,2025,남성,4
3,1,1.0,1.0,2.0,1,1,2,2,1,2,2,1032,gemini,2025,남성,4
3,1,1.0,1.0,2.0,1,1,2,1,1,2,1,1033,gemini,2025,남성,4
3,1,1.0,4.0,2.0,1,1,1,1,1,2,1,1034,gemini,2025,남성,4
3,1,1.0,1.0,2.0,1,1,2,2,1,2,1,1035,gemini,2025,남성,4
2,2,,,,1,1,2,2,1,2,1,1036,gemini,2025,남성,4
3,1,1.0,1.0,1.0,1,1,2,1,1,2,1,1037,gemini,2025,남성,4
3,1,1.0,4.0,2.0,1,1,2,2,1,2,2,1038,gemini,2025,남성,4
3,1,1.0,1.0,2.0,1,1,2,2,1,2,1,1039,gemini,2025,남성,4
3,1,1.0,3.0,2.0,1,1,2,1,1,2,1,1040,gemini,2025,남성,4
4,1,1.0,4.0,2.0,1,1,2,1,1,2,1,1041,gemini,2025,남성,4
2,2,,,,1,1,2,2,1,2,2,1042,gemini,2025,남성,4
4,1,2.0,1.0,1.0,1,1,2,2,1,2,1,1043,gemini,2025,남성,4
2,2,,,,2,1,2,2,1,2,2,1044,gemini,2025,남성,4
2,2,,,,1,1,2,2,1,2,1,1045,gemini,2025,남성,4
2,2,,,,1,1,2,1,1,2,2,1046,gemini,2025,남성,4
3,1,1.0,1.0,2.0,1,1,2,1,1,2,1,1047,gemini,2025,남성,4
2,2,,,,2,1,2,2,1,2,2,1048,gemini,2025,남성,4
3,1,1.0,1.0,2.0,1,1,2,2,1,2,1,1049,gemini,2025,남성,4
3,1,1.0,1.0,2.0,1,1,2,1,1,2,1,1050,gemini,2025,남성,4
2,2,,,,2,1,2,2,1,2,2,1051,gemini,2025,남성,4
3,1,1.0,1.0,2.0,1,1,2,1,1,2,1,1052,gemini,2025,남성,4
3,1,1.0,4.0,2.0,1,1,2,2,1,2,2,1053,gemini,2025,남성,4
3,1,1.0,1.0,2.0,1,1,2,1,1,2,1,1054,gemini,2025,남성,4
3,1,1.0,1.0,2.0,1,1,2,1,1,2,1,1055,gemini,2025,남성,4
2,2,,,,1,1,2,2,1,2,2,1056,gemini,2025,남성,4
3,1,1.0,1.0,2.0,1,1,2,1,1,2,1,1057,gemini,2025,남성,4
3,1,1.0,1.0,2.0,1,1,2,2,1,2,1,1058,gemini,2025,남성,4
3,1,1.0,1.0,1.0,1,1,2,1,1,2,1,1059,gemini,2025,남성,4
2,2,,,,1,1,2,2,1,2,2,1060,gemini,2025,남성,4
3,1,1.0,1.0,2.0,1,1,2,2,1,2,2,1061,gemini,2025,남성,4
3,1,1.0,4.0,2.0,1,1,1,1,1,2,1,1062,gemini,2025,남성,4
3,1,1.0,4.0,2.0,1,1,2,2,1,2,2,1063,gemini,2025,남성,4
2,2,,,,1,1,2,2,1,2,1,1064,gemini,2025,남성,4
3,1,1.0,1.0,2.0,1,1,2,2,1,2,1,1065,gemini,2025,남성,4
2,2,,,,1,1,2,2,1,2,2,1066,gemini,2025,남성,4
4,1,1.0,1.0,1.0,1,1,2,2,1,2,2,1067,gemini,2025,남성,4
3,1,1.0,1.0,2.0,1,1,2,1,1,2,1,1068,gemini,2025,남성,4
3,1,1.0,1.0,2.0,1,1,2,1,1,2,1,1069,gemini,2025,남성,4
3,1,1.0,1.0,2.0,1,1,1,1,1,2,1,1070,gemini,2025,남성,4
3,1,1.0,4.0,2.0,1,1,1,1,1,2,1,1071,gemini,2025,남성,4
2,2,,,,1,1,2,2,1,2,2,1072,gemini,2025,남성,4
3,1,1.0,4.0,2.0,1,1,1,1,1,2,1,1073,gemini,2025,남성,4
2,2,,,,1,1,2,2,1,2,2,1074,gemini,2025,남성,4
2,2,,,,1,1,2,1,1,2,2,1075,gemini,2025,남성,4
3,1,1.0,4.0,2.0,1,1,2,1,1,2,1,1076,gemini,2025,남성,4
2,2,,,,2,1,2,2,1,2,2,1077,gemini,2025,남성,4
3,1,1.0,1.0,2.0,1,1,1,1,1,2,1,1078,gemini,2025,남성,4
3,1,1.0,4.0,2.0,1,1,2,1,1,2,1,1079,gemini,2025,남성,4
3,1,1.0,1.0,2.0,1,1,2,1,1,2,1,1080,gemini,2025,남성,4
2,2,,,,2,1,2,2,1,2,2,1081,gemini,2025,남성,4
3,1,1.0,1.0,2.0,1,1,2,1,1,2,1,1082,gemini,2025,남성,4
3,1,1.0,1.0,2.0,1,1,2,2,1,2,1,1083,gemini,2025,남성,4
2,2,,,,1,1,2,2,1,2,2,1084,gemini,2025,남성,4
3,1,1.0,1.0,2.0,1,1,2,1,1,2,1,1085,gemini,2025,남성,4
2,2,,,,2,1,2,2,1,2,2,1086,gemini,2025,남성,4
3,1,1.0,4.0,2.0,1,1,2,1,1,2,1,1087,gemini,2025,남성,4
3,1,1.0,4.0,2.0,1,1,2,1,1,2,1,1088,gemini,2025,남성,4
3,1,1.0,3.0,2.0,1,1,1,1,1,2,1,1089,gemini,2025,남성,4
3,1,1.0,1.0,2.0,1,1,1,1,1,2,1,1090,gemini,2025,남성,4
3,1,1.0,4.0,2.0,1,1,2,1,1,2,1,1091,gemini,2025,남성,4
3,1,1.0,3.0,2.0,1,1,2,2,1,2,2,1092,gemini,2025,남성,4
3,1,1.0,1.0,2.0,1,1,2,2,1,2,1,1093,gemini,2025,남성,4
2,2,,,,1,1,2,1,1,2,1,1094,gemini,2025,남성,4
2,2,,,,1,1,2,2,1,2,2,1095,gemini,2025,남성,4
2,2,,,,1,1,2,1,1,2,2,1096,gemini,2025,남성,4
3,1,1.0,4.0,2.0,1,1,2,1,1,2,1,1097,gemini,2025,남성,4
3,1,1.0,1.0,1.0,1,1,1,1,1,2,1,1098,gemini,2025,남성,4
2,2,,,,1,1,2,2,1,2,2,1099,gemini,2025,남성,4
3,1,1.0,1.0,2.0,1,1,2,1,1,2,1,1100,gemini,2025,남성,4
2,2,,,,1,1,2,1,1,2,2,1101,gemini,2025,남성,4
3,1,1.0,1.0,2.0,1,1,2,2,1,2,1,1102,gemini,2025,남성,4
3,1,1.0,1.0,2.0,1,1,1,1,1,2,1,1103,gemini,2025,남성,4
2,2,,,,1,1,2,2,1,2,2,1104,gemini,2025,남성,4
3,1,1.0,4.0,2.0,1,1,2,2,1,2,2,1105,gemini,2025,남성,4
3,1,1.0,4.0,2.0,1,1,2,2,1,2,2,1106,gemini,2025,남성,4
2,2,,,,1,1,2,2,1,2,2,1107,gemini,2025,남성,4
2,2,,,,1,1,2,1,1,2,2,1108,gemini,2025,남성,4
3,1,1.0,1.0,2.0,1,1,2,1,1,2,1,1109,gemini,2025,남성,4
3,1,1.0,1.0,2.0,1,1,2,1,1,2,1,1110,gemini,2025,남성,4
3,1,1.0,4.0,2.0,1,1,2,2,1,2,2,1111,gemini,2025,남성,4
3,1,1.0,4.0,2.0,1,1,2,1,1,2,1,1112,gemini,2025,남성,4
3,1,1.0,4.0,2.0,1,1,2,2,1,2,2,1113,gemini,2025,남성,4
3,1,1.0,1.0,2.0,1,1,2,2,1,2,1,1114,gemini,2025,남성,4
3,1,1.0,4.0,2.0,1,1,2,2,1,2,1,1115,gemini,2025,남성,4
3,1,1.0,1.0,2.0,1,1,2,2,1,2,1,1116,gemini,2025,남성,4
2,2,,,,1,1,2,2,1,2,2,1117,gemini,2025,남성,4
3,1,1.0,1.0,2.0,1,1,2,2,1,2,2,1118,gemini,2025,남성,4
3,1,1.0,4.0,2.0,1,1,2,1,1,2,1,1119,gemini,2025,남성,4
2,2,,,,1,1,2,2,1,2,2,1120,gemini,2025,남성,4
3,1,1.0,1.0,2.0,1,1,2,2,1,2,2,1121,gemini,2025,남성,4
3,1,1.0,4.0,2.0,1,1,1,1,1,2,1,1122,gemini,2025,남성,4
3,1,1.0,4.0,2.0,1,1,2,1,1,2,1,1123,gemini,2025,남성,4
2,2,,,,1,1,2,2,1,2,2,1124,gemini,2025,남성,4
3,1,1.0,1.0,2.0,1,1,2,1,1,2,1,1125,gemini,2025,남성,4
3,1,1.0,1.0,2.0,1,1,2,2,1,2,2,1126,gemini,2025,남성,4
4,1,1.0,1.0,1.0,1,1,2,1,1,2,1,1127,gemini,2025,남성,4
3,1,1.0,4.0,2.0,1,1,1,1,1,2,1,1128,gemini,2025,남성,4
2,2,,,,1,1,2,2,1,2,2,1129,gemini,2025,남성,4
2,2,,,,1,1,2,2,1,2,2,1130,gemini,2025,남성,4
3,1,1.0,1.0,1.0,1,1,2,1,1,2,1,1131,gemini,2025,남성,4
2,2,,,,1,1,2,2,1,2,2,1132,gemini,2025,남성,4
2,2,,,,1,1,2,2,1,2,2,1133,gemini,2025,남성,4
3,1,1.0,1.0,2.0,1,1,2,1,1,2,1,1134,gemini,2025,남성,4
2,2,,,,2,1,2,2,1,2,2,1135,gemini,2025,남성,4
2,2,,,,1,1,2,2,1,2,1,1136,gemini,2025,남성,4
3,1,1.0,1.0,2.0,1,1,2,2,1,2,1,1137,gemini,2025,남성,4
3,1,1.0,4.0,2.0,1,1,2,1,1,2,1,1138,gemini,2025,남성,4
3,1,1.0,1.0,2.0,1,1,2,1,1,2,1,1139,gemini,2025,남성,4
2,2,,,,1,1,2,2,1,2,2,1140,gemini,2025,남성,4
4,1,1.0,1.0,2.0,1,1,2,2,1,2,1,1141,gemini,2025,남성,4
2,2,,,,1,1,2,2,1,2,2,1142,gemini,2025,남성,4
2,2,,,,1,1,2,1,1,2,2,1143,gemini,2025,남성,4
2,2,,,,1,1,2,1,1,2,2,1144,gemini,2025,남성,4
4,1,1.0,1.0,2.0,1,1,2,1,1,2,1,1145,gemini,2025,남성,4
3,1,1.0,1.0,2.0,1,1,1,1,1,2,1,1146,gemini,2025,남성,4
2,2,,,,1,1,2,1,1,2,2,1147,gemini,2025,남성,4
2,2,,,,2,1,2,2,1,2,2,1148,gemini,2025,남성,4
3,1,1.0,1.0,2.0,1,1,2,1,1,2,1,1149,gemini,2025,남성,4
3,1,1.0,4.0,2.0,1,1,1,1,1,2,1,1150,gemini,2025,남성,4
2,2,,,,1,1,2,2,1,2,2,1151,gemini,2025,남성,4
3,1,1.0,4.0,2.0,1,1,2,1,1,2,1,1152,gemini,2025,남성,4
2,1,1.0,4.0,2.0,1,1,2,1,1,2,2,1153,gemini,2025,남성,4
2,2,,,,1,1,2,2,1,2,2,1154,gemini,2025,남성,4
3,1,1.0,1.0,2.0,1,1,2,1,1,2,1,1155,gemini,2025,남성,4
3,1,1.0,4.0,2.0,1,1,2,1,1,2,2,1156,gemini,2025,남성,4
3,1,1.0,4.0,2.0,1,1,2,2,1,2,2,1157,gemini,2025,남성,4
2,2,,,,1,1,2,2,1,2,2,1158,gemini,2025,남성,4
3,1,1.0,1.0,2.0,1,1,2,2,1,2,1,1159,gemini,2025,남성,4
3,1,1.0,1.0,2.0,1,1,2,2,1,2,1,1160,gemini,2025,남성,4
2,2,,,,1,1,2,2,1,2,2,1161,gemini,2025,남성,4
2,2,,,,2,1,2,2,1,2,2,1162,gemini,2025,남성,4
3,1,1.0,1.0,2.0,1,1,2,2,1,2,2,1163,gemini,2025,남성,4
3,1,1.0,1.0,2.0,1,1,2,1,1,2,1,1164,gemini,2025,남성,4
3,1,1.0,1.0,2.0,1,1,2,2,1,2,1,1165,gemini,2025,남성,4
3,1,1.0,1.0,2.0,1,1,2,2,1,2,1,1166,gemini,2025,남성,4
2,2,,,,1,1,2,2,1,2,2,1167,gemini,2025,남성,4
3,1,1.0,1.0,2.0,1,1,1,1,1,2,1,1168,gemini,2025,남성,4
2,2,,,,1,1,2,1,1,2,2,1169,gemini,2025,남성,4
2,2,,,,1,1,2,2,1,2,2,1170,gemini,2025,남성,4
4,1,1.0,4.0,2.0,1,1,2,2,1,2,2,1171,gemini,2025,남성,4
2,2,,,,1,1,2,1,1,2,2,1172,gemini,2025,남성,4
4,1,1.0,4.0,2.0,1,1,2,1,1,2,1,1173,gemini,2025,남성,4
3,1,1.0,1.0,2.0,1,1,2,1,1,2,1,1174,gemini,2025,남성,4
3,1,1.0,1.0,2.0,1,1,2,1,1,2,1,1175,gemini,2025,남성,4
3,1,1.0,4.0,2.0,1,1,2,2,1,2,2,1176,gemini,2025,남성,4
3,1,1.0,1.0,2.0,1,1,2,1,1,2,1,1177,gemini,2025,남성,4
2,2,,,,1,1,2,2,1,2,2,1178,gemini,2025,남성,4
3,1,1.0,4.0,2.0,1,1,2,2,1,2,1,1179,gemini,2025,남성,4
2,2,,,,1,1,2,1,1,2,2,1180,gemini,2025,남성,4
2,2,,,,2,1,2,2,1,2,2,1181,gemini,2025,남성,4
2,2,,,,1,1,2,2,1,2,2,1182,gemini,2025,남성,4
3,1,1.0,4.0,2.0,1,1,2,2,1,2,2,1183,gemini,2025,남성,4
2,2,,,,1,1,2,2,1,2,2,1184,gemini,2025,남성,4
3,1,1.0,4.0,2.0,1,1,2,2,1,2,1,1185,gemini,2025,남성,4
2,2,,,,1,1,2,1,1,2,2,1186,gemini,2025,남성,4
3,1,1.0,4.0,2.0,1,1,2,1,1,2,1,1187,gemini,2025,남성,4
3,1,1.0,4.0,2.0,1,1,2,2,1,2,1,1188,gemini,2025,남성,4
3,1,1.0,1.0,2.0,1,1,1,1,1,2,1,1189,gemini,2025,남성,4
3,1,1.0,1.0,2.0,1,1,1,1,1,2,1,1190,gemini,2025,남성,4
2,2,,,,2,1,2,2,1,2,2,1191,gemini,2025,남성,4
2,2,,,,1,1,1,1,1,2,1,1192,gemini,2025,남성,4
3,1,1.0,1.0,2.0,1,1,2,2,1,2,2,1193,gemini,2025,남성,4
3,1,1.0,1.0,2.0,1,1,2,1,1,2,1,1194,gemini,2025,남성,4
2,2,,,,1,1,2,1,1,2,2,1195,gemini,2025,남성,4
2,2,,,,1,1,2,2,1,2,2,1196,gemini,2025,남성,4
2,2,,,,1,1,1,1,1,2,1,1197,gemini,2025,남성,4
3,1,1.0,3.0,2.0,1,1,2,2,1,2,2,1198,gemini,2025,남성,4
3,1,1.0,1.0,2.0,1,1,2,2,1,2,2,1199,gemini,2025,남성,4
2,2,,,,1,1,2,2,1,2,2,1200,gemini,2025,남성,4
3,1,1.0,1.0,2.0,1,1,2,1,1,2,1,1201,gemini,2025,남성,4
3,1,1.0,3.0,2.0,1,1,2,2,1,2,2,1202,gemini,2025,남성,4
3,1,1.0,4.0,2.0,1,1,2,1,1,2,1,1203,gemini,2025,남성,4
2,2,,,,1,1,2,2,1,2,2,1204,gemini,2025,남성,4
3,1,1.0,1.0,1.0,1,1,2,1,1,2,1,1205,gemini,2025,남성,4
3,1,1.0,1.0,2.0,1,1,2,1,1,2,1,1206,gemini,2025,남성,4
3,1,1.0,4.0,2.0,1,1,1,1,1,2,1,1207,gemini,2025,남성,4
3,1,1.0,1.0,2.0,1,1,2,2,1,2,2,1208,gemini,2025,남성,4
2,2,,,,1,1,2,2,1,2,2,1209,gemini,2025,남성,4
2,2,,,,1,1,2,2,1,2,1,1210,gemini,2025,남성,4
3,1,1.0,1.0,2.0,1,1,2,2,1,2,1,1211,gemini,2025,남성,4
3,1,1.0,1.0,2.0,1,1,2,2,1,2,2,1212,gemini,2025,남성,4
3,1,1.0,1.0,2.0,1,1,2,2,1,2,2,1213,gemini,2025,남성,4
3,1,1.0,4.0,2.0,1,1,2,1,1,2,1,1214,gemini,2025,남성,4
2,2,,,,1,1,1,1,1,2,1,1215,gemini,2025,남성,4
3,1,1.0,4.0,2.0,1,1,2,1,1,2,2,1216,gemini,2025,남성,4
3,1,1.0,1.0,2.0,1,1,2,1,1,2,1,1217,gemini,2025,남성,4
2,2,,,,1,1,2,2,1,2,2,1218,gemini,2025,남성,4
3,1,1.0,4.0,2.0,1,1,2,2,1,2,1,1219,gemini,2025,남성,4
3,1,1.0,4.0,2.0,1,1,2,2,1,2,2,1220,gemini,2025,남성,4
3,1,1.0,4.0,2.0,1,1,2,2,1,2,2,1221,gemini,2025,남성,4
3,1,1.0,4.0,2.0,1,1,1,1,1,2,1,1222,gemini,2025,남성,4
3,1,1.0,1.0,2.0,1,1,2,1,1,2,1,1223,gemini,2025,남성,4
3,1,1.0,1.0,2.0,1,1,2,1,1,2,1,1224,gemini,2025,남성,4
2,2,,,,2,1,2,2,1,2,2,1225,gemini,2025,남성,4
3,1,1.0,4.0,2.0,1,1,2,2,1,2,1,1226,gemini,2025,남성,4
2,2,,,,1,1,2,1,1,2,2,1227,gemini,2025,남성,4
3,1,1.0,1.0,2.0,1,1,2,2,1,2,1,1228,gemini,2025,남성,4
2,2,,,,1,1,2,2,1,2,2,1229,gemini,2025,남성,4
2,2,,,,1,1,2,2,1,2,2,1230,gemini,2025,남성,4
3,1,1.0,1.0,2.0,1,1,2,1,1,2,1,1231,gemini,2025,남성,4
3,1,1.0,1.0,2.0,1,1,2,2,1,2,1,1232,gemini,2025,남성,4
3,1,1.0,1.0,2.0,1,1,2,1,1,2,1,1233,gemini,2025,남성,4
3,1,1.0,1.0,2.0,1,1,2,2,1,2,1,1234,gemini,2025,남성,4
3,1,1.0,1.0,2.0,1,1,2,2,1,2,1,1235,gemini,2025,남성,4
3,1,1.0,1.0,2.0,1,1,2,2,1,2,2,1236,gemini,2025,남성,4
3,1,1.0,4.0,2.0,1,1,2,1,1,2,1,1237,gemini,2025,남성,4
2,2,,,,1,1,2,2,1,2,1,1238,gemini,2025,남성,4
4,1,7.0,1.0,1.0,1,1,2,1,1,1,1,1239,gemini,2025,남성,4
3,1,1.0,4.0,2.0,1,1,2,2,1,2,1,1240,gemini,2025,남성,4
3,1,1.0,1.0,2.0,1,1,2,1,1,2,1,1241,gemini,2025,남성,4
4,1,1.0,1.0,1.0,1,1,2,1,1,2,1,1242,gemini,2025,남성,4
2,2,,,,1,1,2,1,1,2,1,1243,gemini,2025,남성,4
3,1,1.0,4.0,2.0,1,1,2,1,1,2,1,1244,gemini,2025,남성,4
3,1,1.0,1.0,2.0,1,1,2,1,1,2,1,1245,gemini,2025,남성,4
4,1,1.0,1.0,1.0,1,1,2,1,1,2,1,1246,gemini,2025,남성,4
3,1,1.0,1.0,2.0,1,1,2,1,1,2,1,1247,gemini,2025,남성,4
2,2,,,,1,1,2,2,1,2,2,1248,gemini,2025,남성,4
3,1,1.0,4.0,2.0,1,1,2,2,1,2,1,1249,gemini,2025,남성,4
3,1,1.0,1.0,2.0,2,1,2,2,1,2,2,1250,gemini,2025,남성,4
3,1,1.0,4.0,2.0,1,1,2,1,1,2,1,1251,gemini,2025,남성,4
3,1,1.0,1.0,2.0,1,1,2,2,1,2,1,1252,gemini,2025,남성,4
3,1,1.0,1.0,2.0,1,1,2,1,1,2,1,1253,gemini,2025,남성,4
3,1,1.0,1.0,2.0,1,1,2,2,1,2,2,1254,gemini,2025,남성,4
2,2,,,,1,1,2,2,1,2,2,1255,gemini,2025,남성,4
3,1,1.0,1.0,2.0,1,1,2,2,1,2,1,1256,gemini,2025,남성,4
3,1,1.0,1.0,2.0,1,1,2,2,1,2,1,1257,gemini,2025,남성,4
2,2,,,,2,1,2,2,1,2,2,1258,gemini,2025,남성,4
3,1,1.0,4.0,2.0,1,1,2,2,1,2,2,1259,gemini,2025,남성,4
3,1,1.0,4.0,2.0,2,1,2,2,1,2,2,1260,gemini,2025,남성,4
2,2,,,,1,1,2,2,1,2,2,1261,gemini,2025,남성,4
2,2,,,,1,1,2,2,1,2,1,1262,gemini,2025,남성,4
3,1,8.0,3.0,1.0,1,1,2,2,1,2,1,1263,gemini,2025,남성,4
2,2,,,,1,1,2,2,1,2,2,1264,gemini,2025,남성,4
2,2,,,,1,1,2,1,1,2,2,1265,gemini,2025,남성,4
2,2,,,,1,1,2,2,1,2,2,1266,gemini,2025,남성,4
3,1,1.0,1.0,2.0,1,1,1,1,1,2,1,1267,gemini,2025,남성,4
4,1,1.0,1.0,1.0,1,1,1,1,1,1,1,1268,gemini,2025,남성,4
3,1,1.0,1.0,2.0,1,1,2,1,1,2,1,1269,gemini,2025,남성,4
2,2,,,,1,1,1,2,1,2,2,1270,gemini,2025,남성,4
2,2,,,,1,1,2,2,1,2,2,1271,gemini,2025,남성,4
3,1,1.0,4.0,2.0,1,1,2,1,1,2,2,1272,gemini,2025,남성,4
3,1,1.0,4.0,2.0,1,1,2,1,1,2,1,1273,gemini,2025,남성,4
2,2,,,,1,1,2,2,1,2,2,1274,gemini,2025,남성,4
3,1,1.0,4.0,2.0,1,1,1,1,1,2,1,1275,gemini,2025,남성,4
2,2,,,,2,1,2,2,1,2,2,1276,gemini,2025,남성,4
3,1,1.0,3.0,2.0,1,1,1,1,1,2,1,1277,gemini,2025,남성,4
2,2,,,,1,1,2,1,1,2,2,1278,gemini,2025,남성,4
2,2,,,,1,1,2,2,1,2,2,1279,gemini,2025,남성,4
2,2,,,,1,1,2,1,1,2,2,1280,gemini,2025,남성,4
3,1,1.0,1.0,2.0,1,1,2,2,1,2,2,1281,gemini,2025,남성,4
3,1,1.0,4.0,2.0,1,1,2,1,1,2,1,1282,gemini,2025,남성,4
2,2,,,,1,1,2,2,1,2,2,1283,gemini,2025,남성,4
3,1,1.0,1.0,2.0,1,1,2,2,1,2,2,1284,gemini,2025,남성,4
2,2,,,,1,1,2,1,1,2,2,1285,gemini,2025,남성,4
3,1,1.0,1.0,2.0,1,1,2,1,1,2,1,1286,gemini,2025,남성,4
3,1,1.0,3.0,2.0,1,1,2,1,1,2,1,1287,gemini,2025,남성,4
3,1,1.0,1.0,2.0,1,1,1,1,1,2,1,1288,gemini,2025,남성,4
2,2,,,,1,1,2,1,1,2,1,1289,gemini,2025,남성,4
2,2,,,,1,1,2,1,1,2,1,1290,gemini,2025,남성,4
4,1,1.0,1.0,1.0,1,1,2,1,1,1,1,1291,gemini,2025,남성,4
3,1,1.0,1.0,2.0,1,1,2,1,1,2,1,1292,gemini,2025,남성,4
2,2,,,,1,1,2,2,1,2,1,1293,gemini,2025,남성,4
2,2,,,,1,1,2,1,1,2,1,1294,gemini,2025,남성,4
3,1,1.0,1.0,2.0,1,1,2,2,1,2,1,1295,gemini,2025,남성,4
2,2,,,,1,1,2,2,1,2,2,1296,gemini,2025,남성,4
2,2,,,,1,1,2,2,1,2,2,1297,gemini,2025,남성,4
3,1,1.0,4.0,2.0,1,1,1,1,1,2,1,1298,gemini,2025,남성,4
3,1,1.0,1.0,2.0,1,1,2,2,1,2,2,1299,gemini,2025,남성,4
3,1,1.0,1.0,2.0,1,1,2,1,1,2,1,1300,gemini,2025,남성,4
3,1,1.0,1.0,2.0,1,1,2,1,1,2,1,1301,gemini,2025,남성,4
3,1,1.0,4.0,2.0,1,1,2,1,1,2,1,1302,gemini,2025,남성,4
3,1,1.0,1.0,2.0,1,1,2,1,1,2,1,1303,gemini,2025,남성,4
4,1,1.0,1.0,1.0,1,1,2,1,1,2,1,1304,gemini,2025,남성,4
3,1,1.0,4.0,2.0,1,1,2,1,1,2,1,1305,gemini,2025,남성,4
3,1,1.0,1.0,2.0,1,1,2,2,1,2,1,1306,gemini,2025,남성,4
2,2,,,,1,1,2,1,1,2,1,1307,gemini,2025,남성,4
2,2,,,,1,1,2,1,1,2,2,1308,gemini,2025,남성,4
2,2,,,,2,1,2,1,1,2,2,1309,gemini,2025,남성,4
4,1,1.0,1.0,1.0,1,1,2,1,1,2,1,1310,gemini,2025,남성,4
3,1,1.0,4.0,2.0,1,1,2,1,1,2,1,1311,gemini,2025,남성,4
2,2,,,,1,1,2,2,1,2,2,1312,gemini,2025,남성,4
3,1,1.0,1.0,2.0,1,1,1,1,1,2,1,1313,gemini,2025,남성,4
3,1,1.0,4.0,2.0,1,1,1,1,1,2,1,1314,gemini,2025,남성,4
2,2,,,,1,1,2,1,1,2,2,1315,gemini,2025,남성,4
3,1,1.0,1.0,2.0,1,1,2,2,1,2,2,1316,gemini,2025,남성,4
3,1,1.0,1.0,2.0,2,1,2,2,1,2,2,1317,gemini,2025,남성,4
3,1,1.0,1.0,2.0,1,1,1,1,1,2,1,1318,gemini,2025,남성,4
3,1,1.0,1.0,2.0,1,1,2,1,1,2,1,1319,gemini,2025,남성,4
3,1,1.0,1.0,2.0,1,1,2,1,1,2,1,1320,gemini,2025,남성,4
2,2,,,,1,1,2,2,1,2,2,1321,gemini,2025,남성,4
2,2,,,,1,1,2,2,1,2,2,1322,gemini,2025,남성,4
3,1,1.0,1.0,2.0,1,1,2,2,1,2,1,1323,gemini,2025,남성,4
3,1,1.0,1.0,2.0,1,1,1,1,1,2,1,1324,gemini,2025,남성,4
3,1,1.0,1.0,2.0,1,1,2,1,1,2,1,1325,gemini,2025,남성,4
3,1,1.0,4.0,2.0,1,1,2,1,1,2,1,1326,gemini,2025,남성,4
2,2,,,,1,1,1,1,1,2,2,1327,gemini,2025,남성,4
2,2,,,,2,1,2,2,1,2,2,1328,gemini,2025,남성,4
3,1,1.0,4.0,2.0,1,1,2,1,1,2,1,1329,gemini,2025,남성,4
3,1,1.0,3.0,2.0,1,1,2,1,1,2,2,1330,gemini,2025,남성,4
3,1,1.0,4.0,2.0,1,1,2,1,1,2,1,1331,gemini,2025,남성,4
3,1,1.0,4.0,2.0,1,1,2,2,1,2,1,1332,gemini,2025,남성,4
2,2,,,,1,1,2,1,1,2,1,1333,gemini,2025,남성,4
3,1,1.0,4.0,2.0,1,1,2,1,1,2,1,1334,gemini,2025,남성,4
3,1,1.0,1.0,2.0,1,1,2,1,1,2,1,1335,gemini,2025,남성,4
3,1,1.0,4.0,2.0,1,1,2,1,1,2,1,1336,gemini,2025,남성,4
3,1,1.0,1.0,2.0,1,1,2,1,1,2,1,1337,gemini,2025,남성,4
3,1,1.0,3.0,2.0,1,1,2,1,1,2,1,1338,gemini,2025,남성,4
2,2,,,,1,1,1,1,1,2,2,1339,gemini,2025,남성,4
3,1,1.0,1.0,2.0,1,1,1,1,1,2,1,1340,gemini,2025,남성,4
2,2,,,,2,1,2,2,1,2,2,1341,gemini,2025,남성,4
3,1,1.0,4.0,2.0,1,1,2,1,1,2,1,1342,gemini,2025,남성,4
4,1,2.0,1.0,1.0,1,1,2,1,1,1,1,1343,gemini,2025,남성,4
2,2,,,,1,1,2,1,1,2,2,1344,gemini,2025,남성,4
3,1,1.0,1.0,2.0,1,1,2,2,1,2,1,1345,gemini,2025,남성,4
3,1,7.0,3.0,2.0,1,1,2,1,1,2,1,1346,gemini,2025,남성,4
2,2,,,,2,1,2,2,1,2,2,1347,gemini,2025,남성,4
3,1,1.0,1.0,2.0,1,1,2,2,1,2,2,1348,gemini,2025,남성,4
3,1,1.0,1.0,2.0,1,1,2,2,1,2,1,1349,gemini,2025,남성,4
3,1,1.0,1.0,2.0,1,1,2,1,1,2,1,1350,gemini,2025,남성,4
3,1,1.0,4.0,2.0,1,1,2,2,1,2,1,1351,gemini,2025,남성,4
4,1,2.0,1.0,1.0,1,1,1,1,1,2,1,1352,gemini,2025,남성,4
2,2,,,,2,1,2,2,1,2,2,1353,gemini,2025,남성,4
4,1,1.0,1.0,1.0,1,1,2,1,1,2,1,1354,gemini,2025,남성,4
3,1,1.0,1.0,2.0,1,1,2,1,1,2,1,1355,gemini,2025,남성,4
3,1,1.0,4.0,2.0,1,1,2,1,1,2,1,1356,gemini,2025,남성,4
2,2,,,,1,1,2,1,1,2,1,1357,gemini,2025,남성,4
4,1,1.0,4.0,2.0,1,1,2,2,1,2,1,1358,gemini,2025,남성,4
2,2,,,,1,1,2,2,1,2,1,1359,gemini,2025,남성,4
4,1,1.0,1.0,2.0,1,1,2,1,1,2,1,1360,gemini,2025,남성,4
3,1,1.0,1.0,2.0,1,1,2,1,1,2,1,1361,gemini,2025,남성,4
3,1,1.0,1.0,2.0,1,1,2,1,1,2,1,1362,gemini,2025,남성,4
3,1,1.0,1.0,2.0,1,1,2,1,1,2,1,1363,gemini,2025,남성,4
4,1,1.0,1.0,1.0,1,1,2,1,1,2,1,1364,gemini,2025,남성,4
3,1,1.0,4.0,2.0,1,1,1,1,1,2,1,1365,gemini,2025,남성,4
2,2,,,,1,1,2,2,1,2,1,1366,gemini,2025,남성,4
2,2,,,,1,1,2,2,1,2,2,1367,gemini,2025,남성,4
3,1,1.0,4.0,2.0,1,1,1,1,1,2,1,1368,gemini,2025,남성,4
3,1,1.0,1.0,2.0,1,1,2,2,1,2,2,1369,gemini,2025,남성,4
3,1,1.0,1.0,2.0,1,1,2,2,1,2,1,1370,gemini,2025,남성,4
2,2,,,,1,1,2,2,1,2,1,1371,gemini,2025,남성,4
2,2,,,,1,1,2,1,1,2,1,1372,gemini,2025,남성,4
3,1,1.0,1.0,1.0,1,1,2,1,1,2,1,1373,gemini,2025,남성,4
3,1,1.0,1.0,2.0,1,1,2,2,1,2,1,1374,gemini,2025,남성,4
3,1,1.0,4.0,2.0,1,1,2,2,1,2,1,1375,gemini,2025,남성,4
2,2,,,,1,1,2,2,1,2,2,1376,gemini,2025,남성,4
3,1,1.0,4.0,2.0,1,1,1,1,1,2,1,1377,gemini,2025,남성,4
2,2,,,,2,1,2,2,1,2,2,1378,gemini,2025,남성,4
3,1,1.0,1.0,2.0,1,1,2,1,1,2,1,1379,gemini,2025,남성,4
3,1,1.0,4.0,2.0,1,1,2,1,1,2,2,1380,gemini,2025,남성,4
4,1,1.0,1.0,1.0,1,1,2,2,1,2,1,1381,gemini,2025,남성,4
3,1,1.0,4.0,2.0,1,1,2,2,1,2,2,1382,gemini,2025,남성,4
3,1,1.0,1.0,2.0,1,1,2,1,1,2,1,1383,gemini,2025,남성,4
2,2,,,,1,1,2,2,1,2,2,1384,gemini,2025,남성,4
2,2,,,,1,1,2,2,1,2,2,1385,gemini,2025,남성,4
2,2,,,,1,1,2,2,1,2,2,1386,gemini,2025,남성,4
2,2,,,,1,1,2,2,1,2,2,1387,gemini,2025,남성,4
3,1,1.0,1.0,2.0,1,1,2,1,1,2,1,1388,gemini,2025,남성,4
4,1,1.0,3.0,2.0,1,1,2,1,1,2,1,1389,gemini,2025,남성,4
3,1,1.0,1.0,1.0,1,1,2,1,1,2,1,1390,gemini,2025,남성,4
3,1,1.0,4.0,2.0,1,1,2,1,1,2,1,1391,gemini,2025,남성,4
2,2,,,,1,1,2,2,1,2,2,1392,gemini,2025,남성,4
2,2,,,,2,1,1,2,1,2,2,1393,gemini,2025,남성,4
2,2,,,,1,1,2,1,1,2,2,1394,gemini,2025,남성,4
3,1,1.0,4.0,2.0,1,1,2,2,1,2,1,1395,gemini,2025,남성,4
3,1,1.0,1.0,2.0,1,1,2,2,1,2,1,1396,gemini,2025,남성,4
3,1,1.0,1.0,2.0,1,1,2,2,1,2,1,1397,gemini,2025,남성,4
3,1,1.0,1.0,2.0,1,1,1,1,1,2,1,1398,gemini,2025,남성,4
2,2,,,,1,1,2,2,1,2,2,1399,gemini,2025,남성,4
3,1,1.0,1.0,2.0,1,1,2,1,1,2,1,1400,gemini,2025,남성,4
3,1,1.0,1.0,2.0,1,1,2,2,1,2,1,1401,gemini,2025,남성,4
3,1,1.0,1.0,1.0,1,1,2,1,1,2,1,1402,gemini,2025,남성,4
3,1,1.0,4.0,2.0,1,1,2,2,1,2,2,1403,gemini,2025,남성,4
2,2,,,,2,1,2,2,1,2,2,1404,gemini,2025,남성,4
3,1,1.0,3.0,2.0,1,1,2,1,1,2,1,1405,gemini,2025,남성,4
3,1,1.0,4.0,2.0,1,1,2,1,1,2,1,1406,gemini,2025,남성,4
3,1,1.0,1.0,2.0,1,1,2,2,1,2,2,1407,gemini,2025,남성,4
3,1,1.0,1.0,2.0,1,1,2,1,1,2,1,1408,gemini,2025,남성,4
2,2,,,,1,1,2,1,1,2,1,1409,gemini,2025,남성,4
3,1,1.0,4.0,2.0,1,1,2,1,1,2,1,1410,gemini,2025,남성,4
3,1,1.0,3.0,2.0,1,1,2,2,1,2,2,1411,gemini,2025,남성,4
2,2,,,,2,1,2,2,1,2,2,1412,gemini,2025,남성,4
3,1,1.0,1.0,2.0,1,1,2,1,1,2,1,1413,gemini,2025,남성,4
3,1,1.0,4.0,2.0,1,1,2,1,1,2,1,1414,gemini,2025,남성,4
3,1,1.0,1.0,2.0,1,1,2,2,1,2,2,1415,gemini,2025,남성,4
4,1,1.0,1.0,1.0,1,1,2,2,1,2,1,1416,gemini,2025,남성,4
3,1,1.0,1.0,2.0,1,1,2,1,1,2,1,1417,gemini,2025,남성,4
3,1,1.0,1.0,2.0,1,1,2,1,1,2,1,1418,gemini,2025,남성,4
3,1,1.0,4.0,2.0,1,1,2,1,1,2,1,1419,gemini,2025,남성,4
3,1,1.0,1.0,2.0,1,1,2,2,1,2,2,1420,gemini,2025,남성,4
3,1,1.0,1.0,2.0,1,1,2,2,1,2,1,1421,gemini,2025,남성,4
2,2,,,,1,1,1,1,1,2,1,1422,gemini,2025,남성,4
2,2,,,,2,1,2,2,1,2,2,1423,gemini,2025,남성,4
2,2,,,,1,1,2,2,1,2,2,1424,gemini,2025,남성,4
3,1,1.0,4.0,2.0,1,1,2,1,1,2,1,1425,gemini,2025,남성,4
3,1,1.0,1.0,2.0,1,1,2,1,1,2,1,1426,gemini,2025,남성,4
2,2,,,,1,1,2,2,1,2,2,1427,gemini,2025,남성,4
2,2,,,,1,1,2,2,1,2,2,1428,gemini,2025,남성,4
2,2,,,,1,1,1,1,1,2,2,1429,gemini,2025,남성,4
3,1,5.0,1.0,2.0,1,1,2,1,1,2,1,1430,gemini,2025,남성,4
3,1,1.0,4.0,2.0,1,1,1,1,1,2,1,1431,gemini,2025,남성,4
3,1,1.0,1.0,2.0,1,1,2,1,1,2,1,1432,gemini,2025,남성,4
3,1,1.0,4.0,2.0,1,1,2,2,1,2,2,1433,gemini,2025,남성,4
2,2,,,,2,1,2,2,1,2,2,1434,gemini,2025,남성,4
3,1,1.0,3.0,2.0,1,1,2,1,1,2,1,1435,gemini,2025,남성,4
2,2,,,,1,1,2,2,1,2,2,1436,gemini,2025,남성,4
3,1,1.0,4.0,2.0,1,1,2,1,1,2,2,1437,gemini,2025,남성,4
3,1,1.0,3.0,2.0,1,1,1,1,1,2,1,1438,gemini,2025,남성,4
2,2,,,,1,1,2,2,1,2,2,1439,gemini,2025,남성,4
4,1,1.0,1.0,1.0,1,1,2,1,1,2,1,1440,gemini,2025,남성,4
2,2,,,,1,1,2,2,1,2,2,1441,gemini,2025,남성,4
2,2,,,,1,1,2,2,1,2,1,1442,gemini,2025,남성,4
3,1,1.0,4.0,2.0,1,1,2,2,1,2,2,1443,gemini,2025,남성,4
3,1,1.0,4.0,2.0,1,1,2,1,1,2,1,1444,gemini,2025,남성,4
3,1,1.0,4.0,2.0,1,1,2,1,1,2,1,1445,gemini,2025,남성,4
3,1,1.0,3.0,2.0,1,1,1,1,1,2,1,1446,gemini,2025,남성,4
3,1,1.0,1.0,2.0,1,1,2,1,1,2,1,1447,gemini,2025,남성,4
3,1,1.0,4.0,2.0,1,1,2,2,1,2,2,1448,gemini,2025,남성,4
3,1,1.0,4.0,2.0,1,1,2,1,1,2,2,1449,gemini,2025,남성,4
3,1,7.0,1.0,1.0,1,1,2,1,1,2,1,1450,gemini,2025,남성,4
3,1,1.0,1.0,2.0,1,1,1,1,1,2,1,1451,gemini,2025,남성,4
2,2,,,,1,1,2,2,1,2,2,1452,gemini,2025,남성,4
4,1,1.0,1.0,1.0,1,1,1,1,1,2,1,1453,gemini,2025,남성,4
3,1,1.0,4.0,2.0,1,1,2,1,1,2,1,1454,gemini,2025,남성,4
2,2,,,,1,1,2,1,1,2,2,1455,gemini,2025,남성,4
2,2,,,,1,1,2,1,1,2,1,1456,gemini,2025,남성,4
3,1,1.0,1.0,2.0,1,1,2,1,1,2,1,1457,gemini,2025,남성,4
3,1,1.0,3.0,2.0,1,1,2,1,1,2,1,1458,gemini,2025,남성,4
3,1,1.0,1.0,1.0,1,1,2,1,1,2,1,1459,gemini,2025,남성,4
4,1,1.0,1.0,1.0,1,1,1,1,1,2,1,1460,gemini,2025,남성,4
3,1,1.0,1.0,2.0,1,1,1,1,1,2,1,1461,gemini,2025,남성,4
3,1,1.0,1.0,2.0,1,1,2,1,1,2,1,1462,gemini,2025,남성,4
3,1,1.0,1.0,2.0,1,1,2,1,1,2,1,1463,gemini,2025,남성,4
3,1,1.0,1.0,2.0,1,1,2,1,1,2,1,1464,gemini,2025,남성,4
4,1,1.0,1.0,1.0,1,1,1,1,1,1,1,1465,gemini,2025,남성,4
3,1,1.0,1.0,2.0,1,1,2,2,1,2,2,1466,gemini,2025,남성,4
2,2,,,,1,1,2,2,1,2,2,1467,gemini,2025,남성,4
3,1,1.0,1.0,2.0,1,1,2,2,1,2,1,1468,gemini,2025,남성,4
2,2,,,,1,1,1,1,1,2,2,1469,gemini,2025,남성,4
2,2,,,,2,1,2,2,1,2,2,1470,gemini,2025,남성,4
3,1,1.0,1.0,2.0,1,1,2,1,1,2,1,1471,gemini,2025,남성,4
3,1,1.0,4.0,2.0,1,1,2,2,1,2,2,1472,gemini,2025,남성,4
4,1,1.0,1.0,1.0,1,1,2,1,1,2,1,1473,gemini,2025,남성,4
3,1,7.0,3.0,2.0,1,1,2,1,1,2,1,1474,gemini,2025,남성,4
3,1,1.0,4.0,2.0,1,1,2,1,1,2,1,1475,gemini,2025,남성,4
3,1,1.0,4.0,2.0,1,1,2,1,1,2,1,1476,gemini,2025,남성,4
3,1,1.0,1.0,2.0,1,1,2,2,1,2,1,1477,gemini,2025,남성,4
3,1,1.0,4.0,2.0,1,1,2,1,1,2,1,1478,gemini,2025,남성,4
2,2,,,,1,1,2,2,1,2,2,1479,gemini,2025,남성,4
3,1,1.0,1.0,2.0,1,1,2,1,1,2,1,1480,gemini,2025,남성,4
2,2,,,,1,1,2,1,1,2,2,1481,gemini,2025,남성,4
3,1,1.0,4.0,2.0,1,1,1,1,1,2,1,1482,gemini,2025,남성,4
3,1,1.0,1.0,2.0,1,1,2,1,1,2,1,1483,gemini,2025,남성,4
3,1,1.0,1.0,2.0,1,1,2,2,1,2,1,1484,gemini,2025,남성,4
3,1,1.0,4.0,2.0,1,1,2,2,1,2,2,1485,gemini,2025,남성,4
3,1,1.0,1.0,2.0,1,1,2,1,1,2,1,1486,gemini,2025,남성,4
3,1,1.0,1.0,2.0,1,1,2,2,1,2,1,1487,gemini,2025,남성,4
3,1,1.0,1.0,2.0,1,1,2,1,1,2,1,1488,gemini,2025,남성,4
2,2,,,,2,1,2,2,1,2,2,1489,gemini,2025,남성,4
3,1,1.0,1.0,2.0,1,1,2,1,1,2,1,1490,gemini,2025,남성,4
3,1,1.0,4.0,2.0,1,1,2,1,1,2,1,1491,gemini,2025,남성,4
4,1,1.0,1.0,1.0,1,1,1,1,1,2,1,1492,gemini,2025,남성,4
3,1,1.0,1.0,2.0,1,1,2,2,1,2,1,1493,gemini,2025,남성,4
3,1,1.0,1.0,2.0,1,1,2,2,1,2,1,1494,gemini,2025,남성,4
2,2,,,,1,1,2,1,1,2,2,1495,gemini,2025,남성,4
3,1,1.0,1.0,2.0,1,1,1,1,1,2,1,1496,gemini,2025,남성,4
4,1,1.0,1.0,1.0,1,1,2,1,1,2,1,1497,gemini,2025,남성,4
3,1,1.0,1.0,2.0,1,1,2,1,1,2,1,1498,gemini,2025,남성,4
2,2,,,,2,1,2,2,1,2,2,1499,gemini,2025,남성,4
2,2,,,,1,1,2,2,1,2,2,1500,gemini,2025,남성,4
2,2,,,,1,1,2,2,1,2,2,1501,gemini,2025,남성,4
3,1,1.0,1.0,2.0,1,1,2,1,1,2,1,1502,gemini,2025,남성,4
3,1,1.0,4.0,2.0,1,1,2,2,1,2,2,1503,gemini,2025,남성,4
3,1,1.0,1.0,2.0,1,1,2,2,1,2,2,1504,gemini,2025,남성,4
3,1,1.0,1.0,2.0,1,1,2,1,1,2,1,1505,gemini,2025,남성,4
3,1,1.0,4.0,2.0,1,1,2,1,1,2,1,1506,gemini,2025,남성,4
3,1,1.0,3.0,2.0,1,1,2,1,1,2,1,1507,gemini,2025,남성,4
3,1,1.0,1.0,2.0,1,1,2,1,1,2,1,1508,gemini,2025,남성,4
2,2,,,,1,1,2,2,1,2,1,1509,gemini,2025,남성,4
3,1,1.0,1.0,2.0,1,1,2,1,1,2,1,1510,gemini,2025,남성,4
3,1,1.0,4.0,2.0,1,1,2,1,1,2,1,1511,gemini,2025,남성,4
3,1,1.0,1.0,2.0,1,1,2,1,1,2,1,1512,gemini,2025,남성,4
3,1,1.0,4.0,2.0,1,1,2,1,1,2,1,1513,gemini,2025,남성,4
3,1,1.0,4.0,2.0,1,1,2,1,1,2,1,1514,gemini,2025,남성,4
2,2,,,,1,1,2,2,1,2,2,1515,gemini,2025,남성,4
2,2,,,,1,1,2,2,1,2,2,1516,gemini,2025,남성,4
3,1,1.0,1.0,2.0,1,1,2,1,1,2,1,1517,gemini,2025,남성,4
3,1,1.0,1.0,2.0,1,1,2,1,1,2,1,1518,gemini,2025,남성,4
2,2,,,,1,1,2,1,1,2,2,1519,gemini,2025,남성,4
3,1,1.0,1.0,1.0,1,1,2,1,1,2,1,1520,gemini,2025,남성,4
3,1,1.0,3.0,2.0,1,1,2,1,1,2,1,1521,gemini,2025,남성,4
3,1,1.0,1.0,2.0,1,1,2,2,1,2,1,1522,gemini,2025,남성,4
3,1,1.0,1.0,2.0,1,1,2,1,1,2,1,1523,gemini,2025,남성,4
3,1,1.0,1.0,2.0,1,1,2,2,1,2,1,1524,gemini,2025,남성,4
4,1,1.0,4.0,2.0,1,1,2,1,1,2,1,1525,gemini,2025,남성,4
3,1,1.0,1.0,2.0,1,1,2,2,1,2,2,1526,gemini,2025,남성,4
2,2,,,,1,1,2,2,1,2,2,1527,gemini,2025,남성,4
3,1,1.0,3.0,2.0,1,1,2,1,1,2,1,1528,gemini,2025,남성,4
3,1,1.0,4.0,2.0,1,1,2,2,1,2,2,1529,gemini,2025,남성,4
3,1,1.0,4.0,2.0,1,1,2,1,1,2,1,1530,gemini,2025,남성,4
4,1,1.0,1.0,1.0,1,1,2,2,1,2,1,1531,gemini,2025,남성,4
4,1,1.0,1.0,1.0,1,1,2,1,1,2,1,1532,gemini,2025,남성,4
3,1,1.0,1.0,2.0,1,1,2,1,1,2,1,1533,gemini,2025,남성,4
3,1,1.0,1.0,2.0,1,1,2,2,1,2,2,1534,gemini,2025,남성,4
2,2,,,,1,1,2,2,1,2,2,1535,gemini,2025,남성,4
2,2,,,,2,1,2,2,1,2,2,1536,gemini,2025,남성,4
3,1,1.0,3.0,2.0,1,1,2,1,1,2,1,1537,gemini,2025,남성,4
3,1,1.0,1.0,2.0,1,1,2,2,1,2,2,1538,gemini,2025,남성,4
3,1,1.0,1.0,2.0,1,1,1,1,1,2,1,1539,gemini,2025,남성,4
4,1,1.0,1.0,1.0,1,1,2,2,1,2,1,1540,gemini,2025,남성,4
3,1,1.0,4.0,2.0,1,1,2,2,1,2,2,1541,gemini,2025,남성,4
2,2,,,,1,1,2,2,1,2,2,1542,gemini,2025,남성,4
3,1,1.0,3.0,2.0,1,1,2,2,1,2,2,1543,gemini,2025,남성,4
2,2,,,,1,1,2,1,1,2,2,1544,gemini,2025,남성,4
2,2,,,,1,1,2,2,1,2,2,1545,gemini,2025,남성,4
2,2,,,,1,1,2,1,1,2,1,1546,gemini,2025,남성,4
3,1,1.0,1.0,2.0,1,1,2,1,1,2,1,1547,gemini,2025,남성,4
2,2,,,,2,1,2,2,1,2,2,1548,gemini,2025,남성,4
3,1,1.0,4.0,2.0,1,1,1,1,1,2,1,1549,gemini,2025,남성,4
2,2,,,,1,1,2,1,1,2,2,1550,gemini,2025,남성,4
3,1,1.0,1.0,2.0,1,1,2,2,1,2,1,1551,gemini,2025,남성,4
3,1,1.0,1.0,2.0,1,1,2,1,1,2,1,1552,gemini,2025,남성,4
3,1,1.0,1.0,2.0,1,1,2,2,1,2,2,1553,gemini,2025,남성,4
3,1,1.0,4.0,2.0,1,1,2,2,1,2,2,1554,gemini,2025,남성,4
2,2,,,,1,1,2,2,1,2,2,1555,gemini,2025,남성,4
3,1,1.0,4.0,2.0,1,1,2,1,1,2,1,1556,gemini,2025,남성,4
2,2,,,,1,1,2,1,1,2,1,1557,gemini,2025,남성,4
4,1,1.0,1.0,1.0,1,1,2,2,1,2,1,1558,gemini,2025,남성,4
3,1,1.0,1.0,2.0,1,1,2,1,1,2,1,1559,gemini,2025,남성,4
3,1,1.0,4.0,2.0,1,1,2,1,1,2,2,1560,gemini,2025,남성,4
3,1,1.0,4.0,2.0,1,1,2,1,1,2,1,1561,gemini,2025,남성,4
3,1,1.0,1.0,1.0,1,1,2,1,1,2,1,1562,gemini,2025,남성,4
3,1,1.0,1.0,2.0,1,1,2,1,1,2,1,1563,gemini,2025,남성,4
2,2,,,,2,1,2,2,1,2,2,1564,gemini,2025,남성,4
3,1,1.0,1.0,2.0,1,1,2,2,1,2,2,1565,gemini,2025,남성,4
3,1,1.0,1.0,2.0,1,1,2,1,1,2,1,1566,gemini,2025,남성,4
3,1,1.0,4.0,2.0,1,1,2,2,1,2,2,1567,gemini,2025,남성,4
4,1,1.0,1.0,1.0,1,1,2,1,1,2,1,1568,gemini,2025,남성,4
3,1,1.0,1.0,2.0,1,1,2,1,1,2,1,1569,gemini,2025,남성,4
4,1,1.0,1.0,1.0,1,1,2,1,1,2,1,1570,gemini,2025,남성,4
2,2,,,,1,1,2,2,1,2,2,1571,gemini,2025,남성,4
3,1,1.0,1.0,2.0,1,1,2,1,1,2,1,1572,gemini,2025,남성,4
2,2,,,,1,1,2,2,1,2,2,1573,gemini,2025,남성,4
2,2,,,,1,1,2,2,1,2,2,1574,gemini,2025,남성,4
2,2,,,,1,1,2,1,1,2,1,1575,gemini,2025,남성,4
4,1,1.0,1.0,1.0,1,1,2,1,1,2,1,1576,gemini,2025,남성,4
3,1,1.0,1.0,2.0,1,1,1,1,1,2,1,1577,gemini,2025,남성,4
3,1,1.0,1.0,2.0,1,1,2,2,1,2,1,1578,gemini,2025,남성,4
2,2,,,,2,1,2,2,1,2,2,1579,gemini,2025,남성,4
4,1,1.0,4.0,2.0,1,1,2,1,1,2,1,1580,gemini,2025,남성,4
2,2,,,,1,1,2,2,1,2,2,1581,gemini,2025,남성,4
2,2,,,,1,1,2,2,1,2,2,1582,gemini,2025,남성,5
2,2,,,,1,1,2,2,1,2,2,1583,gemini,2025,남성,5
2,2,,,,1,1,2,2,1,2,2,1584,gemini,2025,남성,5
2,2,,,,2,1,2,2,1,2,2,1585,gemini,2025,남성,5
2,2,,,,1,1,2,2,1,2,2,1586,gemini,2025,남성,5
2,2,,,,1,1,2,2,1,2,2,1587,gemini,2025,남성,5
3,1,1.0,1.0,2.0,1,1,2,2,1,2,1,1588,gemini,2025,남성,5
3,1,1.0,4.0,2.0,1,1,2,2,1,2,2,1589,gemini,2025,남성,5
2,2,,,,2,1,2,2,1,2,2,1590,gemini,2025,남성,5
2,2,,,,2,1,2,2,1,2,2,1591,gemini,2025,남성,5
3,1,1.0,1.0,2.0,1,1,2,1,1,2,1,1592,gemini,2025,남성,5
2,1,1.0,4.0,2.0,1,1,2,1,1,2,1,1593,gemini,2025,남성,5
2,2,,,,1,1,2,2,1,2,2,1594,gemini,2025,남성,5
2,2,,,,1,1,2,2,1,2,1,1595,gemini,2025,남성,5
2,2,,,,2,1,2,2,1,2,2,1596,gemini,2025,남성,5
2,2,,,,2,1,2,2,1,2,2,1597,gemini,2025,남성,5
3,1,1.0,1.0,2.0,1,1,2,2,1,2,1,1598,gemini,2025,남성,5
2,2,,,,1,1,2,2,1,2,2,1599,gemini,2025,남성,5
3,1,1.0,3.0,2.0,1,1,2,1,1,2,1,1600,gemini,2025,남성,5
2,2,,,,1,1,2,2,1,2,2,1601,gemini,2025,남성,5
3,1,1.0,1.0,2.0,1,1,2,2,1,2,2,1602,gemini,2025,남성,5
2,2,,,,1,1,2,2,1,2,2,1603,gemini,2025,남성,5
2,2,,,,2,1,2,2,1,2,2,1604,gemini,2025,남성,5
2,2,,,,1,1,2,2,1,2,1,1605,gemini,2025,남성,5
2,2,,,,1,1,2,2,1,2,2,1606,gemini,2025,남성,5
2,2,,,,1,1,2,2,1,2,2,1607,gemini,2025,남성,5
3,1,1.0,1.0,2.0,1,1,2,1,1,2,1,1608,gemini,2025,남성,5
3,1,1.0,4.0,2.0,1,1,2,2,1,2,2,1609,gemini,2025,남성,5
3,1,1.0,1.0,2.0,1,1,2,2,1,2,1,1610,gemini,2025,남성,5
2,2,,,,2,1,2,2,1,2,2,1611,gemini,2025,남성,5
2,2,,,,1,1,2,2,1,2,2,1612,gemini,2025,남성,5
2,2,,,,2,1,2,2,1,2,2,1613,gemini,2025,남성,5
2,2,,,,1,1,2,2,1,2,1,1614,gemini,2025,남성,5
2,2,,,,2,1,2,2,1,2,2,1615,gemini,2025,남성,5
2,2,,,,1,1,2,2,1,2,2,1616,gemini,2025,남성,5
2,2,,,,1,1,2,2,1,2,2,1617,gemini,2025,남성,5
4,1,1.0,1.0,2.0,1,1,2,2,1,2,2,1618,gemini,2025,남성,5
3,1,1.0,1.0,2.0,1,1,2,2,1,2,1,1619,gemini,2025,남성,5
2,2,,,,2,1,2,2,1,2,2,1620,gemini,2025,남성,5
2,2,,,,2,1,2,2,1,2,2,1621,gemini,2025,남성,5
2,2,,,,2,1,2,2,1,2,2,1622,gemini,2025,남성,5
2,2,,,,2,1,2,2,1,2,2,1623,gemini,2025,남성,5
2,2,,,,2,1,2,2,1,2,2,1624,gemini,2025,남성,5
2,2,,,,2,1,2,2,1,2,2,1625,gemini,2025,남성,5
1,2,,,,2,1,2,2,1,2,2,1626,gemini,2025,남성,5
2,2,,,,2,1,2,2,1,2,2,1627,gemini,2025,남성,5
3,1,1.0,1.0,2.0,1,1,2,2,1,2,2,1628,gemini,2025,남성,5
2,2,,,,2,1,2,2,1,2,2,1629,gemini,2025,남성,5
3,1,1.0,1.0,2.0,1,1,2,2,1,2,1,1630,gemini,2025,남성,5
3,1,1.0,1.0,2.0,1,1,2,2,1,2,1,1631,gemini,2025,남성,5
3,1,1.0,1.0,2.0,1,1,2,2,1,2,2,1632,gemini,2025,남성,5
3,1,1.0,4.0,2.0,1,1,2,1,1,2,1,1633,gemini,2025,남성,5
3,1,1.0,1.0,2.0,1,1,2,1,1,2,1,1634,gemini,2025,남성,5
2,2,,,,2,1,2,2,1,2,2,1635,gemini,2025,남성,5
2,2,,,,1,1,2,2,1,2,2,1636,gemini,2025,남성,5
4,1,1.0,1.0,2.0,1,1,2,2,1,2,1,1637,gemini,2025,남성,5
3,1,1.0,4.0,2.0,1,1,2,2,1,2,1,1638,gemini,2025,남성,5
2,2,,,,1,1,2,2,1,2,1,1639,gemini,2025,남성,5
3,1,1.0,1.0,2.0,1,1,2,1,1,2,1,1640,gemini,2025,남성,5
2,2,,,,1,1,2,2,1,2,2,1641,gemini,2025,남성,5
2,2,,,,1,1,2,2,1,2,2,1642,gemini,2025,남성,5
2,2,,,,2,1,2,2,1,2,2,1643,gemini,2025,남성,5
2,2,,,,2,1,2,2,1,2,2,1644,gemini,2025,남성,5
3,1,1.0,1.0,2.0,1,1,2,2,1,2,2,1645,gemini,2025,남성,5
4,1,1.0,1.0,1.0,1,1,2,1,1,2,1,1646,gemini,2025,남성,5
2,2,,,,1,1,2,2,1,2,2,1647,gemini,2025,남성,5
2,2,,,,1,1,2,1,1,2,1,1648,gemini,2025,남성,5
2,2,,,,1,1,2,2,1,2,1,1649,gemini,2025,남성,5
2,2,,,,1,1,2,2,1,2,1,1650,gemini,2025,남성,5
2,2,,,,1,1,2,2,1,2,2,1651,gemini,2025,남성,5
3,1,1.0,1.0,2.0,1,1,2,2,1,2,1,1652,gemini,2025,남성,5
3,1,1.0,1.0,2.0,1,1,2,2,1,2,1,1653,gemini,2025,남성,5
3,1,1.0,1.0,2.0,1,1,2,2,1,2,2,1654,gemini,2025,남성,5
2,2,,,,1,1,2,2,1,2,2,1655,gemini,2025,남성,5
3,1,1.0,1.0,2.0,1,1,2,2,1,2,1,1656,gemini,2025,남성,5
3,1,1.0,1.0,2.0,1,1,2,2,1,2,1,1657,gemini,2025,남성,5
2,2,,,,2,1,2,2,1,2,2,1658,gemini,2025,남성,5
2,2,,,,2,1,2,2,1,2,2,1659,gemini,2025,남성,5
3,1,1.0,4.0,2.0,1,1,2,2,1,2,2,1660,gemini,2025,남성,5
2,2,,,,2,1,2,2,1,2,2,1661,gemini,2025,남성,5
2,2,,,,1,1,2,2,1,2,2,1662,gemini,2025,남성,5
2,2,,,,2,1,2,2,1,2,2,1663,gemini,2025,남성,5
3,1,1.0,1.0,1.0,1,1,1,1,1,2,1,1664,gemini,2025,남성,5
2,2,,,,2,1,2,2,1,2,2,1665,gemini,2025,남성,5
3,1,1.0,1.0,2.0,1,1,2,2,1,2,2,1666,gemini,2025,남성,5
3,1,1.0,1.0,2.0,1,1,2,1,1,2,1,1667,gemini,2025,남성,5
2,2,,,,2,1,2,2,1,2,2,1668,gemini,2025,남성,5
3,1,1.0,1.0,2.0,1,1,2,2,1,2,1,1669,gemini,2025,남성,5
2,2,,,,2,1,2,2,1,2,2,1670,gemini,2025,남성,5
2,2,,,,1,1,2,2,1,2,1,1671,gemini,2025,남성,5
3,1,1.0,1.0,2.0,1,1,2,2,1,2,2,1672,gemini,2025,남성,5
3,1,1.0,1.0,2.0,1,1,2,2,1,2,1,1673,gemini,2025,남성,5
2,1,1.0,4.0,2.0,1,1,1,1,1,2,1,1674,gemini,2025,남성,5
2,2,,,,2,1,2,2,1,2,2,1675,gemini,2025,남성,5
3,1,1.0,1.0,2.0,1,1,2,2,1,2,2,1676,gemini,2025,남성,5
3,1,1.0,1.0,2.0,1,1,2,1,1,2,1,1677,gemini,2025,남성,5
2,2,,,,1,1,2,2,1,2,2,1678,gemini,2025,남성,5
3,1,1.0,1.0,2.0,1,1,2,2,1,2,1,1679,gemini,2025,남성,5
4,1,1.0,1.0,1.0,1,1,1,1,1,2,1,1680,gemini,2025,남성,5
2,2,,,,2,1,2,1,1,2,2,1681,gemini,2025,남성,5
2,2,,,,2,1,2,2,1,2,2,1682,gemini,2025,남성,5
2,2,,,,2,1,2,2,1,2,2,1683,gemini,2025,남성,5
2,2,,,,1,1,2,2,1,2,2,1684,gemini,2025,남성,5
2,2,,,,2,1,2,2,1,2,2,1685,gemini,2025,남성,5
3,1,1.0,4.0,2.0,1,1,2,2,1,2,1,1686,gemini,2025,남성,5
3,1,1.0,1.0,2.0,1,1,2,2,1,2,1,1687,gemini,2025,남성,5
2,2,,,,2,1,2,2,1,2,2,1688,gemini,2025,남성,5
2,2,,,,2,1,2,2,1,2,2,1689,gemini,2025,남성,5
2,2,,,,1,1,2,2,1,2,1,1690,gemini,2025,남성,5
2,2,,,,1,1,2,2,1,2,2,1691,gemini,2025,남성,5
3,1,1.0,1.0,2.0,1,1,2,2,1,2,2,1692,gemini,2025,남성,5
3,1,1.0,1.0,2.0,2,1,2,2,1,2,2,1693,gemini,2025,남성,5
2,2,,,,2,1,2,2,1,2,2,1694,gemini,2025,남성,5
2,2,,,,2,1,2,2,1,2,2,1695,gemini,2025,남성,5
4,1,1.0,1.0,1.0,1,1,2,1,1,2,1,1696,gemini,2025,남성,5
2,2,,,,1,1,2,2,1,2,2,1697,gemini,2025,남성,5
3,1,1.0,1.0,2.0,1,1,2,2,1,2,2,1698,gemini,2025,남성,5
2,2,,,,1,1,2,2,1,2,2,1699,gemini,2025,남성,5
2,2,,,,1,1,2,2,1,2,2,1700,gemini,2025,남성,5
3,1,1.0,1.0,1.0,1,1,2,1,1,2,1,1701,gemini,2025,남성,5
3,1,1.0,1.0,2.0,1,1,2,2,1,2,2,1702,gemini,2025,남성,5
4,1,1.0,1.0,1.0,1,1,2,2,1,2,1,1703,gemini,2025,남성,5
2,2,,,,1,1,1,1,1,2,2,1704,gemini,2025,남성,5
3,1,1.0,1.0,2.0,1,1,2,2,1,2,2,1705,gemini,2025,남성,5
3,1,1.0,1.0,2.0,1,1,2,2,1,2,1,1706,gemini,2025,남성,5
3,1,1.0,1.0,2.0,1,1,2,2,1,2,1,1707,gemini,2025,남성,5
4,1,1.0,1.0,1.0,1,1,2,1,1,2,1,1708,gemini,2025,남성,5
2,2,,,,1,1,2,2,1,2,2,1709,gemini,2025,남성,5
2,2,,,,2,1,2,2,1,2,2,1710,gemini,2025,남성,5
2,2,,,,1,1,2,2,1,2,2,1711,gemini,2025,남성,5
2,2,,,,2,1,2,2,1,2,2,1712,gemini,2025,남성,5
2,2,,,,1,1,2,2,1,2,1,1713,gemini,2025,남성,5
3,1,1.0,4.0,2.0,1,1,2,2,1,2,1,1714,gemini,2025,남성,5
2,2,,,,2,1,2,2,1,2,2,1715,gemini,2025,남성,5
2,2,,,,1,1,2,2,1,2,2,1716,gemini,2025,남성,5
3,1,1.0,4.0,2.0,1,1,2,2,1,2,1,1717,gemini,2025,남성,5
2,2,,,,1,1,2,2,1,2,2,1718,gemini,2025,남성,5
2,2,,,,2,1,2,2,1,2,2,1719,gemini,2025,남성,5
2,2,,,,1,1,2,2,1,2,2,1720,gemini,2025,남성,5
3,1,1.0,4.0,2.0,1,1,2,1,1,2,1,1721,gemini,2025,남성,5
4,1,1.0,1.0,2.0,1,1,2,2,1,2,2,1722,gemini,2025,남성,5
2,2,,,,1,1,2,1,1,2,2,1723,gemini,2025,남성,5
4,1,1.0,1.0,2.0,1,1,2,2,1,2,2,1724,gemini,2025,남성,5
2,2,,,,2,1,2,2,1,2,2,1725,gemini,2025,남성,5
2,2,,,,2,1,2,2,1,2,2,1726,gemini,2025,남성,5
2,2,,,,2,1,2,2,1,2,2,1727,gemini,2025,남성,5
2,2,,,,1,1,2,2,1,2,2,1728,gemini,2025,남성,5
2,2,,,,2,1,2,2,1,2,2,1729,gemini,2025,남성,5
2,2,,,,2,1,2,2,1,2,2,1730,gemini,2025,남성,5
3,1,1.0,3.0,2.0,1,1,2,1,1,2,1,1731,gemini,2025,남성,5
2,2,,,,2,1,2,2,1,2,2,1732,gemini,2025,남성,5
3,1,1.0,4.0,2.0,1,1,2,2,1,2,1,1733,gemini,2025,남성,5
2,2,,,,1,1,2,2,1,2,2,1734,gemini,2025,남성,5
2,2,,,,2,1,2,2,1,2,2,1735,gemini,2025,남성,5
2,2,,,,1,1,2,2,1,2,2,1736,gemini,2025,남성,5
3,1,1.0,4.0,2.0,1,1,2,2,1,2,1,1737,gemini,2025,남성,5
2,2,,,,2,1,2,1,1,2,2,1738,gemini,2025,남성,5
3,1,1.0,4.0,2.0,1,1,2,1,1,2,1,1739,gemini,2025,남성,5
2,2,,,,2,1,2,2,1,2,2,1740,gemini,2025,남성,5
2,2,,,,1,1,2,2,1,2,2,1741,gemini,2025,남성,5
3,1,1.0,1.0,2.0,1,1,2,2,1,2,1,1742,gemini,2025,남성,5
2,2,,,,2,1,2,2,1,2,2,1743,gemini,2025,남성,5
2,2,,,,1,1,2,2,1,2,2,1744,gemini,2025,남성,5
2,1,1.0,4.0,2.0,1,1,2,2,1,2,1,1745,gemini,2025,남성,5
3,1,1.0,1.0,2.0,1,1,2,1,1,2,1,1746,gemini,2025,남성,5
2,2,,,,2,1,2,2,1,2,2,1747,gemini,2025,남성,5
2,2,,,,2,1,2,2,1,2,2,1748,gemini,2025,남성,5
2,2,,,,1,1,2,2,1,2,2,1749,gemini,2025,남성,5
3,1,7.0,3.0,2.0,1,1,2,2,1,2,2,1750,gemini,2025,남성,5
2,2,,,,2,1,2,2,1,2,2,1751,gemini,2025,남성,5
2,2,,,,2,1,2,2,1,2,2,1752,gemini,2025,남성,5
3,1,1.0,1.0,2.0,1,1,2,2,1,2,2,1753,gemini,2025,남성,5
3,1,1.0,4.0,2.0,2,1,2,2,1,2,2,1754,gemini,2025,남성,5
2,2,,,,1,1,2,2,1,2,2,1755,gemini,2025,남성,5
3,1,1.0,3.0,2.0,1,1,2,2,1,2,2,1756,gemini,2025,남성,5
3,1,1.0,1.0,2.0,1,1,2,1,1,2,1,1757,gemini,2025,남성,5
3,1,1.0,1.0,2.0,1,1,2,2,1,2,1,1758,gemini,2025,남성,5
3,1,1.0,1.0,2.0,1,1,2,2,1,2,1,1759,gemini,2025,남성,5
2,2,,,,2,1,2,2,1,2,2,1760,gemini,2025,남성,5
2,2,,,,2,1,2,2,1,2,2,1761,gemini,2025,남성,5
2,2,,,,1,1,2,2,1,2,1,1762,gemini,2025,남성,5
2,2,,,,1,1,2,2,1,2,1,1763,gemini,2025,남성,5
3,1,1.0,1.0,2.0,1,1,2,2,1,2,1,1764,gemini,2025,남성,5
3,1,1.0,1.0,2.0,1,1,2,1,1,2,1,1765,gemini,2025,남성,5
2,2,,,,2,1,2,2,1,2,2,1766,gemini,2025,남성,5
3,1,1.0,1.0,2.0,1,1,2,2,1,2,1,1767,gemini,2025,남성,5
2,2,,,,2,1,2,2,1,2,2,1768,gemini,2025,남성,5
2,2,,,,1,1,2,2,1,2,2,1769,gemini,2025,남성,5
3,1,1.0,4.0,2.0,1,1,2,2,1,2,2,1770,gemini,2025,남성,5
3,1,1.0,4.0,2.0,1,1,2,1,1,2,1,1771,gemini,2025,남성,5
3,1,1.0,1.0,2.0,1,1,2,2,1,2,1,1772,gemini,2025,남성,5
2,2,,,,2,1,2,2,1,2,2,1773,gemini,2025,남성,5
2,2,,,,1,1,2,2,1,2,2,1774,gemini,2025,남성,5
3,1,1.0,1.0,2.0,1,1,2,2,1,2,2,1775,gemini,2025,남성,5
2,2,,,,1,1,2,2,1,2,2,1776,gemini,2025,남성,5
3,1,1.0,1.0,2.0,1,1,2,2,1,2,1,1777,gemini,2025,남성,5
2,2,,,,2,1,2,2,1,2,2,1778,gemini,2025,남성,5
3,1,1.0,3.0,2.0,1,1,2,1,1,2,1,1779,gemini,2025,남성,5
2,2,,,,1,1,2,2,1,2,2,1780,gemini,2025,남성,5
2,2,,,,1,1,2,2,1,2,2,1781,gemini,2025,남성,5
3,1,1.0,4.0,2.0,1,1,2,2,1,2,2,1782,gemini,2025,남성,5
3,1,1.0,1.0,2.0,1,1,2,2,1,2,2,1783,gemini,2025,남성,5
3,1,1.0,1.0,2.0,1,1,1,1,1,2,1,1784,gemini,2025,남성,5
2,2,,,,2,1,2,2,1,2,2,1785,gemini,2025,남성,5
3,1,1.0,1.0,2.0,1,1,2,1,1,2,1,1786,gemini,2025,남성,5
2,2,,,,1,1,2,2,1,2,1,1787,gemini,2025,남성,5
3,1,1.0,1.0,2.0,1,1,2,2,1,2,1,1788,gemini,2025,남성,5
3,1,1.0,4.0,2.0,1,1,2,1,1,2,1,1789,gemini,2025,남성,5
2,2,,,,2,1,2,2,1,2,2,1790,gemini,2025,남성,5
2,2,,,,1,1,2,2,1,2,2,1791,gemini,2025,남성,5
3,1,1.0,3.0,2.0,1,1,2,1,1,2,1,1792,gemini,2025,남성,5
2,2,,,,1,1,2,2,1,2,2,1793,gemini,2025,남성,5
3,1,1.0,4.0,2.0,1,1,2,2,1,2,1,1794,gemini,2025,남성,5
3,1,1.0,4.0,2.0,1,1,2,2,1,2,2,1795,gemini,2025,남성,5
2,2,,,,1,1,2,2,1,2,2,1796,gemini,2025,남성,5
4,1,1.0,1.0,1.0,1,1,2,2,1,2,1,1797,gemini,2025,남성,5
3,1,1.0,4.0,2.0,1,1,2,1,1,2,1,1798,gemini,2025,남성,5
2,2,,,,2,1,2,2,1,2,2,1799,gemini,2025,남성,5
2,2,,,,1,1,2,2,1,2,2,1800,gemini,2025,남성,5
3,1,1.0,4.0,2.0,1,1,2,2,1,2,1,1801,gemini,2025,남성,5
2,2,,,,1,1,2,2,1,2,2,1802,gemini,2025,남성,5
3,1,1.0,1.0,2.0,1,1,2,1,1,2,1,1803,gemini,2025,남성,5
2,2,,,,1,1,2,2,1,2,2,1804,gemini,2025,남성,5
2,2,,,,1,1,2,2,1,2,2,1805,gemini,2025,남성,5
2,2,,,,1,1,2,2,1,2,2,1806,gemini,2025,남성,5
4,1,1.0,1.0,1.0,1,1,2,2,1,2,1,1807,gemini,2025,남성,5
2,2,,,,1,1,2,2,1,2,2,1808,gemini,2025,남성,5
3,1,1.0,4.0,2.0,1,1,2,2,1,2,2,1809,gemini,2025,남성,5
3,1,1.0,1.0,2.0,1,1,2,2,1,2,2,1810,gemini,2025,남성,5
2,2,,,,2,1,2,2,1,2,2,1811,gemini,2025,남성,5
2,2,,,,1,1,2,2,1,2,2,1812,gemini,2025,남성,5
2,2,,,,1,1,2,2,1,2,2,1813,gemini,2025,남성,5
2,2,,,,2,1,2,2,1,2,2,1814,gemini,2025,남성,5
2,2,,,,1,1,2,2,1,2,2,1815,gemini,2025,남성,5
2,2,,,,1,1,2,2,1,2,1,1816,gemini,2025,남성,5
2,2,,,,2,1,2,2,1,2,2,1817,gemini,2025,남성,5
2,2,,,,2,1,2,2,1,2,2,1818,gemini,2025,남성,5
3,1,1.0,1.0,2.0,1,1,2,2,1,2,2,1819,gemini,2025,남성,5
3,1,1.0,1.0,2.0,2,1,2,2,1,2,2,1820,gemini,2025,남성,5
2,2,,,,1,1,2,2,1,2,2,1821,gemini,2025,남성,5
3,1,1.0,1.0,2.0,1,1,2,2,1,2,2,1822,gemini,2025,남성,5
3,1,1.0,1.0,2.0,1,1,2,2,1,2,1,1823,gemini,2025,남성,5
2,2,,,,1,1,2,2,1,2,2,1824,gemini,2025,남성,5
2,2,,,,1,1,2,2,1,2,2,1825,gemini,2025,남성,5
2,2,,,,2,1,2,2,1,2,2,1826,gemini,2025,남성,5
2,2,,,,1,1,2,1,1,2,2,1827,gemini,2025,남성,5
3,1,1.0,1.0,2.0,1,1,2,2,1,2,2,1828,gemini,2025,남성,5
2,2,,,,1,1,2,2,1,2,2,1829,gemini,2025,남성,5
2,2,,,,2,1,2,2,1,2,2,1830,gemini,2025,남성,5
3,1,1.0,4.0,2.0,1,1,2,2,1,2,2,1831,gemini,2025,남성,5
3,1,1.0,1.0,1.0,1,1,2,1,1,2,1,1832,gemini,2025,남성,5
3,1,1.0,1.0,2.0,1,1,2,1,1,2,1,1833,gemini,2025,남성,5
2,2,,,,1,1,2,2,1,2,2,1834,gemini,2025,남성,5
2,2,,,,2,1,2,2,1,2,2,1835,gemini,2025,남성,5
2,2,,,,2,1,2,2,1,2,2,1836,gemini,2025,남성,5
4,1,1.0,1.0,1.0,1,1,2,2,1,2,1,1837,gemini,2025,남성,5
2,2,,,,2,1,2,2,1,2,2,1838,gemini,2025,남성,5
2,2,,,,1,1,2,2,1,2,2,1839,gemini,2025,남성,5
3,1,1.0,1.0,2.0,1,1,2,2,1,2,1,1840,gemini,2025,남성,5
2,2,,,,2,1,2,2,1,2,2,1841,gemini,2025,남성,5
2,2,,,,1,1,2,2,1,2,2,1842,gemini,2025,남성,5
3,1,1.0,4.0,2.0,1,1,2,1,1,2,1,1843,gemini,2025,남성,5
2,2,,,,2,1,2,2,1,2,2,1844,gemini,2025,남성,5
4,1,1.0,1.0,1.0,1,1,2,2,1,2,1,1845,gemini,2025,남성,5
3,1,1.0,1.0,2.0,1,1,2,1,1,2,1,1846,gemini,2025,남성,5
2,2,,,,1,1,2,2,1,2,1,1847,gemini,2025,남성,5
2,2,,,,2,1,2,2,1,2,2,1848,gemini,2025,남성,5
4,1,1.0,1.0,1.0,1,1,2,1,1,2,1,1849,gemini,2025,남성,5
2,2,,,,1,1,2,2,1,2,2,1850,gemini,2025,남성,5
3,1,1.0,1.0,2.0,1,1,2,2,1,2,1,1851,gemini,2025,남성,5
2,2,,,,1,1,2,1,1,2,1,1852,gemini,2025,남성,5
2,2,,,,1,1,2,2,1,2,2,1853,gemini,2025,남성,5
3,1,1.0,4.0,2.0,1,1,2,2,1,2,2,1854,gemini,2025,남성,5
3,1,1.0,1.0,2.0,1,1,2,2,1,2,1,1855,gemini,2025,남성,5
2,2,,,,2,1,2,2,1,2,2,1856,gemini,2025,남성,5
3,1,1.0,4.0,2.0,1,1,2,2,1,2,2,1857,gemini,2025,남성,5
3,1,1.0,1.0,2.0,1,1,2,2,1,2,1,1858,gemini,2025,남성,5
2,2,,,,1,1,2,1,1,2,2,1859,gemini,2025,남성,5
2,2,,,,1,1,2,2,1,2,2,1860,gemini,2025,남성,5
3,1,1.0,1.0,2.0,1,1,2,2,1,2,1,1861,gemini,2025,남성,5
2,2,,,,2,1,2,2,1,2,2,1862,gemini,2025,남성,5
3,1,1.0,1.0,2.0,1,1,2,2,1,2,2,1863,gemini,2025,남성,5
2,2,,,,1,1,2,2,1,2,2,1864,gemini,2025,남성,5
3,1,1.0,1.0,2.0,1,1,2,2,1,2,2,1865,gemini,2025,남성,5
3,1,1.0,4.0,2.0,1,1,2,1,1,2,1,1866,gemini,2025,남성,5
3,1,1.0,1.0,2.0,1,1,2,2,1,2,1,1867,gemini,2025,남성,5
3,1,1.0,1.0,2.0,1,1,2,1,1,2,1,1868,gemini,2025,남성,5
2,2,,,,2,1,2,2,1,2,2,1869,gemini,2025,남성,5
3,1,1.0,4.0,2.0,1,1,2,1,1,2,1,1870,gemini,2025,남성,5
2,2,,,,2,1,2,2,1,2,2,1871,gemini,2025,남성,5
2,2,,,,2,1,2,2,1,2,2,1872,gemini,2025,남성,5
3,1,1.0,1.0,2.0,1,1,2,2,1,2,1,1873,gemini,2025,남성,5
3,1,1.0,3.0,2.0,1,1,2,1,1,2,1,1874,gemini,2025,남성,5
2,2,,,,1,1,2,2,1,2,2,1875,gemini,2025,남성,5
2,2,,,,1,1,2,2,1,2,2,1876,gemini,2025,남성,5
2,2,,,,1,1,2,1,1,2,2,1877,gemini,2025,남성,5
2,2,,,,1,1,2,2,1,2,2,1878,gemini,2025,남성,5
2,2,,,,1,1,2,2,1,2,1,1879,gemini,2025,남성,5
2,2,,,,1,1,2,2,1,2,2,1880,gemini,2025,남성,5
2,2,,,,1,1,2,2,1,2,2,1881,gemini,2025,남성,5
3,1,1.0,1.0,2.0,1,1,2,2,1,2,1,1882,gemini,2025,남성,5
3,1,1.0,1.0,2.0,1,1,1,2,1,2,1,1883,gemini,2025,남성,5
3,1,1.0,3.0,2.0,1,1,2,2,1,2,2,1884,gemini,2025,남성,5
4,1,1.0,1.0,2.0,1,1,2,2,1,2,2,1885,gemini,2025,남성,5
3,1,1.0,4.0,2.0,1,1,2,2,1,2,1,1886,gemini,2025,남성,5
3,1,1.0,1.0,2.0,1,1,2,2,1,2,1,1887,gemini,2025,남성,5
2,2,,,,2,1,2,2,1,2,2,1888,gemini,2025,남성,5
2,2,,,,1,1,2,2,1,2,2,1889,gemini,2025,남성,5
3,1,1.0,1.0,2.0,1,1,2,2,1,2,1,1890,gemini,2025,남성,5
3,1,1.0,1.0,2.0,1,1,2,1,1,2,1,1891,gemini,2025,남성,5
3,1,1.0,4.0,2.0,1,1,2,2,1,2,2,1892,gemini,2025,남성,5
2,2,,,,2,1,2,2,1,2,2,1893,gemini,2025,남성,5
2,2,,,,1,1,2,2,1,2,2,1894,gemini,2025,남성,5
2,2,,,,2,1,2,2,1,2,2,1895,gemini,2025,남성,5
3,1,1.0,1.0,2.0,1,1,2,2,1,2,1,1896,gemini,2025,남성,5
3,1,1.0,1.0,2.0,1,1,2,2,1,2,1,1897,gemini,2025,남성,5
3,1,1.0,1.0,2.0,1,1,2,2,1,2,2,1898,gemini,2025,남성,5
2,2,,,,1,1,2,2,1,2,2,1899,gemini,2025,남성,5
3,1,1.0,4.0,2.0,1,1,2,1,1,2,1,1900,gemini,2025,남성,5
3,1,1.0,1.0,2.0,1,1,2,2,1,2,2,1901,gemini,2025,남성,5
2,2,,,,1,1,2,2,1,2,2,1902,gemini,2025,남성,5
2,2,,,,2,1,2,2,1,2,2,1903,gemini,2025,남성,5
2,2,,,,1,1,2,2,1,2,2,1904,gemini,2025,남성,5
4,1,1.0,4.0,2.0,1,1,2,1,1,2,1,1905,gemini,2025,남성,5
3,1,1.0,4.0,2.0,1,1,2,2,1,2,1,1906,gemini,2025,남성,5
2,2,,,,1,1,2,2,1,2,2,1907,gemini,2025,남성,5
2,2,,,,1,1,2,2,1,2,2,1908,gemini,2025,남성,5
2,2,,,,1,1,2,2,1,2,1,1909,gemini,2025,남성,5
2,2,,,,1,1,2,2,1,2,2,1910,gemini,2025,남성,5
2,2,,,,1,1,2,2,1,2,2,1911,gemini,2025,남성,5
2,2,,,,2,1,2,2,1,2,2,1912,gemini,2025,남성,5
2,2,,,,1,1,2,2,1,2,1,1913,gemini,2025,남성,5
3,1,1.0,1.0,2.0,1,1,2,2,1,2,2,1914,gemini,2025,남성,5
3,1,1.0,1.0,2.0,1,1,2,1,1,2,1,1915,gemini,2025,남성,5
2,2,,,,2,1,2,2,1,2,2,1916,gemini,2025,남성,5
2,2,,,,1,1,2,2,1,2,1,1917,gemini,2025,남성,5
2,2,,,,2,1,2,2,1,2,2,1918,gemini,2025,남성,5
3,1,1.0,1.0,2.0,1,1,2,2,1,2,2,1919,gemini,2025,남성,5
2,2,,,,2,1,2,2,1,2,2,1920,gemini,2025,남성,5
3,1,1.0,4.0,2.0,1,1,2,2,1,2,1,1921,gemini,2025,남성,5
2,2,,,,2,1,2,2,1,2,2,1922,gemini,2025,남성,5
2,2,,,,2,1,2,2,1,2,2,1923,gemini,2025,남성,5
3,1,1.0,4.0,2.0,1,1,2,2,1,2,1,1924,gemini,2025,남성,5
2,2,,,,1,1,2,2,1,2,2,1925,gemini,2025,남성,5
2,1,1.0,4.0,2.0,1,1,2,1,1,2,1,1926,gemini,2025,남성,5
3,1,1.0,1.0,2.0,1,1,2,2,1,2,1,1927,gemini,2025,남성,5
3,1,1.0,1.0,2.0,1,1,2,2,1,2,2,1928,gemini,2025,남성,5
2,2,,,,1,1,2,2,1,2,2,1929,gemini,2025,남성,5
2,2,,,,1,1,2,2,1,2,2,1930,gemini,2025,남성,5
2,2,,,,2,1,2,2,1,2,2,1931,gemini,2025,남성,5
2,2,,,,1,1,2,2,1,2,2,1932,gemini,2025,남성,5
3,1,1.0,1.0,2.0,1,1,2,1,1,2,1,1933,gemini,2025,남성,5
3,1,7.0,3.0,1.0,1,1,2,1,1,2,1,1934,gemini,2025,남성,5
2,2,,,,1,1,2,2,1,2,2,1935,gemini,2025,남성,5
3,1,1.0,1.0,2.0,1,1,2,1,1,2,1,1936,gemini,2025,남성,5
2,2,,,,2,1,2,2,1,2,2,1937,gemini,2025,남성,5
2,2,,,,2,1,2,2,1,2,2,1938,gemini,2025,남성,5
2,2,,,,1,1,2,2,1,2,2,1939,gemini,2025,남성,5
3,1,1.0,1.0,2.0,1,1,2,2,1,2,1,1940,gemini,2025,남성,5
3,1,1.0,1.0,2.0,1,1,2,2,1,2,2,1941,gemini,2025,남성,5
3,1,1.0,1.0,2.0,1,1,2,2,1,2,1,1942,gemini,2025,남성,5
2,2,,,,1,1,2,2,1,2,2,1943,gemini,2025,남성,5
2,2,,,,1,1,2,2,1,2,2,1944,gemini,2025,남성,5
3,1,1.0,1.0,2.0,1,1,2,2,1,2,2,1945,gemini,2025,남성,5
2,2,,,,1,1,2,2,1,2,1,1946,gemini,2025,남성,5
3,1,1.0,1.0,2.0,1,1,2,2,1,2,2,1947,gemini,2025,남성,5
3,1,1.0,1.0,2.0,1,1,2,2,1,2,1,1948,gemini,2025,남성,5
2,2,,,,1,1,1,1,1,2,2,1949,gemini,2025,남성,5
3,1,1.0,1.0,2.0,1,1,2,2,1,2,2,1950,gemini,2025,남성,5
3,1,1.0,1.0,2.0,1,1,2,1,1,2,1,1951,gemini,2025,남성,5
4,1,1.0,1.0,1.0,1,1,2,2,1,2,1,1952,gemini,2025,남성,5
3,1,1.0,3.0,2.0,1,1,2,2,1,2,2,1953,gemini,2025,남성,5
3,1,1.0,4.0,2.0,1,1,2,1,1,2,1,1954,gemini,2025,남성,5
3,1,1.0,1.0,2.0,1,1,2,2,1,2,1,1955,gemini,2025,남성,5
2,2,,,,2,1,2,2,1,2,2,1956,gemini,2025,남성,5
2,2,,,,2,1,2,2,1,2,2,1957,gemini,2025,남성,5
2,2,,,,1,1,2,2,1,2,2,1958,gemini,2025,남성,5
2,2,,,,2,1,2,2,1,2,2,1959,gemini,2025,남성,5
3,1,1.0,4.0,2.0,1,1,2,1,1,2,1,1960,gemini,2025,남성,5
2,2,,,,1,1,2,2,1,2,2,1961,gemini,2025,남성,5
3,1,1.0,1.0,2.0,1,1,2,2,1,2,2,1962,gemini,2025,남성,5
2,2,,,,2,1,2,2,1,2,2,1963,gemini,2025,남성,5
2,2,,,,1,1,2,2,1,2,2,1964,gemini,2025,남성,5
2,2,,,,1,1,2,2,1,2,2,1965,gemini,2025,남성,5
2,2,,,,2,1,2,2,1,2,2,1966,gemini,2025,남성,5
4,1,1.0,1.0,1.0,1,1,2,2,1,2,1,1967,gemini,2025,남성,5
2,2,,,,2,1,2,2,1,2,2,1968,gemini,2025,남성,5
3,1,1.0,1.0,2.0,1,1,2,2,1,2,2,1969,gemini,2025,남성,5
3,1,1.0,1.0,2.0,1,1,2,1,1,2,1,1970,gemini,2025,남성,5
2,2,,,,2,1,2,2,1,2,2,1971,gemini,2025,남성,5
2,2,,,,2,1,2,2,1,2,2,1972,gemini,2025,남성,5
2,2,,,,1,1,2,2,1,2,2,1973,gemini,2025,남성,5
4,1,1.0,1.0,1.0,1,1,2,2,1,2,1,1974,gemini,2025,남성,5
3,1,1.0,1.0,2.0,1,1,2,2,1,2,1,1975,gemini,2025,남성,5
3,1,1.0,1.0,2.0,1,1,2,1,1,2,1,1976,gemini,2025,남성,5
3,1,1.0,1.0,2.0,1,1,2,1,1,2,1,1977,gemini,2025,남성,5
2,2,,,,1,1,2,2,1,2,2,1978,gemini,2025,남성,5
3,1,1.0,4.0,2.0,1,1,2,1,1,2,1,1979,gemini,2025,남성,5
2,2,,,,2,1,2,2,1,2,2,1980,gemini,2025,남성,5
2,2,,,,2,1,2,2,1,2,2,1981,gemini,2025,남성,5
3,1,1.0,1.0,2.0,1,1,2,2,1,2,2,1982,gemini,2025,남성,5
3,1,1.0,4.0,2.0,1,1,2,1,1,2,1,1983,gemini,2025,남성,5
3,1,1.0,1.0,2.0,1,1,2,2,1,2,2,1984,gemini,2025,남성,5
2,2,,,,2,1,2,2,1,2,2,1985,gemini,2025,남성,5
3,1,1.0,4.0,2.0,1,1,2,2,1,2,1,1986,gemini,2025,남성,5
2,2,,,,1,1,2,2,1,2,2,1987,gemini,2025,남성,5
3,1,1.0,4.0,2.0,1,1,2,1,1,2,1,1988,gemini,2025,남성,5
2,2,,,,2,1,2,2,1,2,2,1989,gemini,2025,남성,5
2,2,,,,2,1,1,2,1,2,2,1990,gemini,2025,남성,5
2,2,,,,1,1,2,2,1,2,1,1991,gemini,2025,남성,5
2,2,,,,2,1,2,2,1,2,2,1992,gemini,2025,남성,5
3,1,1.0,4.0,2.0,1,1,2,1,1,2,1,1993,gemini,2025,남성,5
3,1,1.0,4.0,2.0,1,1,2,1,1,2,2,1994,gemini,2025,남성,5
4,1,1.0,1.0,1.0,1,1,2,2,1,2,1,1995,gemini,2025,남성,5
2,2,,,,2,1,2,2,1,2,2,1996,gemini,2025,남성,5
2,2,,,,1,1,2,2,1,2,2,1997,gemini,2025,남성,5
3,1,1.0,1.0,2.0,1,1,2,2,1,2,1,1998,gemini,2025,남성,5
3,1,1.0,1.0,2.0,1,1,2,2,1,2,2,1999,gemini,2025,남성,5
3,1,1.0,1.0,2.0,1,1,2,2,1,2,2,2000,gemini,2025,남성,5
2,2,,,,1,1,2,2,1,2,2,2001,gemini,2025,남성,5
3,1,1.0,1.0,2.0,1,1,2,2,1,2,2,2002,gemini,2025,남성,5
2,2,,,,1,1,2,2,1,2,2,2003,gemini,2025,남성,5
2,2,,,,2,1,2,2,1,2,2,2004,gemini,2025,남성,5
2,2,,,,2,1,2,2,1,2,2,2005,gemini,2025,남성,5
3,1,1.0,1.0,2.0,1,1,2,1,1,2,1,2006,gemini,2025,남성,5
2,2,,,,1,1,2,2,1,2,2,2007,gemini,2025,남성,5
2,2,,,,2,1,2,2,1,2,2,2008,gemini,2025,남성,5
2,2,,,,2,1,2,2,1,2,2,2009,gemini,2025,남성,5
3,1,1.0,1.0,2.0,1,1,2,1,1,2,1,2010,gemini,2025,남성,5
3,1,1.0,4.0,2.0,1,1,2,1,1,2,1,2011,gemini,2025,남성,5
4,1,1.0,1.0,1.0,1,1,1,1,1,2,1,2012,gemini,2025,남성,5
2,2,,,,1,1,2,1,1,2,2,2013,gemini,2025,남성,5
3,1,1.0,1.0,2.0,1,1,2,2,1,2,1,2014,gemini,2025,남성,5
2,2,,,,2,1,2,2,1,2,2,2015,gemini,2025,남성,5
3,1,1.0,1.0,2.0,1,1,2,2,1,2,2,2016,gemini,2025,남성,5
3,1,1.0,4.0,2.0,1,1,2,2,1,2,2,2017,gemini,2025,남성,5
2,2,,,,1,1,2,1,1,2,2,2018,gemini,2025,남성,5
2,2,,,,2,1,2,2,1,2,2,2019,gemini,2025,남성,5
2,2,,,,2,1,2,2,1,2,2,2020,gemini,2025,남성,5
3,1,1.0,4.0,2.0,1,1,2,1,1,2,1,2021,gemini,2025,남성,5
2,2,,,,1,1,2,2,1,2,2,2022,gemini,2025,남성,5
3,1,1.0,4.0,2.0,1,1,2,2,1,2,1,2023,gemini,2025,남성,5
3,1,1.0,4.0,2.0,1,1,2,2,1,2,1,2024,gemini,2025,남성,5
3,1,1.0,1.0,2.0,1,1,2,2,1,2,1,2025,gemini,2025,남성,5
3,1,1.0,1.0,1.0,1,1,2,2,1,2,1,2026,gemini,2025,남성,5
2,2,,,,2,1,2,2,1,2,2,2027,gemini,2025,남성,5
2,2,,,,1,1,2,2,1,2,2,2028,gemini,2025,남성,5
2,2,,,,2,1,2,2,1,2,2,2029,gemini,2025,남성,5
3,1,1.0,1.0,1.0,1,1,2,2,1,2,1,2030,gemini,2025,남성,5
2,2,,,,2,1,2,2,1,2,2,2031,gemini,2025,남성,5
3,1,1.0,4.0,2.0,1,1,1,2,1,2,1,2032,gemini,2025,남성,5
3,1,1.0,4.0,2.0,1,1,2,1,1,2,1,2033,gemini,2025,남성,5
2,2,,,,2,1,2,2,1,2,2,2034,gemini,2025,남성,5
3,1,1.0,4.0,2.0,1,1,2,1,1,2,1,2035,gemini,2025,남성,5
2,2,,,,2,1,2,2,1,2,2,2036,gemini,2025,남성,5
2,2,,,,1,1,2,2,1,2,2,2037,gemini,2025,남성,5
2,2,,,,1,1,2,2,1,2,1,2038,gemini,2025,남성,5
3,1,1.0,4.0,2.0,1,1,2,2,1,2,1,2039,gemini,2025,남성,5
2,2,,,,2,1,2,2,1,2,2,2040,gemini,2025,남성,5
2,2,,,,2,1,2,2,1,2,2,2041,gemini,2025,남성,5
3,1,1.0,1.0,2.0,1,1,2,2,1,2,2,2042,gemini,2025,남성,5
2,2,,,,1,1,2,2,1,2,2,2043,gemini,2025,남성,5
3,1,1.0,1.0,2.0,1,1,2,2,1,2,2,2044,gemini,2025,남성,5
2,2,,,,1,1,2,2,1,2,2,2045,gemini,2025,남성,5
3,1,1.0,1.0,2.0,1,1,2,1,1,2,1,2046,gemini,2025,남성,5
3,1,1.0,4.0,2.0,1,1,2,1,1,2,1,2047,gemini,2025,남성,5
3,1,1.0,1.0,2.0,1,1,2,2,1,2,2,2048,gemini,2025,남성,5
2,2,,,,1,1,2,2,1,2,2,2049,gemini,2025,남성,5
2,2,,,,2,1,2,2,1,2,2,2050,gemini,2025,남성,5
2,2,,,,2,1,2,2,1,2,2,2051,gemini,2025,남성,5
2,2,,,,2,1,2,2,1,2,2,2052,gemini,2025,남성,5
4,1,1.0,1.0,1.0,1,1,2,2,1,2,1,2053,gemini,2025,남성,5
3,1,1.0,1.0,2.0,2,1,2,2,1,2,2,2054,gemini,2025,남성,5
3,1,1.0,4.0,2.0,1,1,2,2,1,2,1,2055,gemini,2025,남성,5
2,2,,,,2,1,2,2,1,2,2,2056,gemini,2025,남성,5
2,2,,,,1,1,2,2,1,2,2,2057,gemini,2025,남성,5
3,1,1.0,1.0,2.0,1,1,2,2,1,2,1,2058,gemini,2025,남성,5
2,2,,,,1,1,2,2,1,2,2,2059,gemini,2025,남성,5
3,1,1.0,4.0,2.0,1,1,2,2,1,2,1,2060,gemini,2025,남성,5
3,1,1.0,1.0,2.0,1,1,2,2,1,2,1,2061,gemini,2025,남성,5
2,2,,,,1,1,2,2,1,2,2,2062,gemini,2025,남성,5
3,1,1.0,1.0,2.0,1,1,2,2,1,2,2,2063,gemini,2025,남성,5
3,1,1.0,4.0,2.0,1,1,2,1,1,2,1,2064,gemini,2025,남성,5
3,1,1.0,4.0,2.0,1,1,2,2,1,2,2,2065,gemini,2025,남성,5
2,2,,,,1,1,2,2,1,2,2,2066,gemini,2025,남성,5
2,2,,,,1,1,2,2,1,2,2,2067,gemini,2025,남성,5
2,2,,,,1,1,2,2,1,2,2,2068,gemini,2025,남성,5
2,2,,,,1,1,2,1,1,2,2,2069,gemini,2025,남성,5
3,1,1.0,1.0,2.0,1,1,2,2,1,2,2,2070,gemini,2025,남성,5
2,2,,,,2,1,2,2,1,2,2,2071,gemini,2025,남성,5
3,1,1.0,1.0,2.0,1,1,2,1,1,2,1,2072,gemini,2025,남성,5
2,2,,,,2,1,2,2,1,2,2,2073,gemini,2025,남성,5
2,2,,,,2,1,2,2,1,2,2,2074,gemini,2025,남성,5
3,1,1.0,1.0,2.0,1,1,2,2,1,2,2,2075,gemini,2025,남성,5
2,2,,,,2,1,2,1,1,2,2,2076,gemini,2025,남성,5
4,1,1.0,1.0,1.0,1,1,2,2,1,2,1,2077,gemini,2025,남성,5
2,2,,,,2,1,2,2,1,2,2,2078,gemini,2025,남성,5
2,2,,,,2,1,2,2,1,2,2,2079,gemini,2025,남성,5
3,1,1.0,1.0,2.0,1,1,2,2,1,2,1,2080,gemini,2025,남성,5
2,2,,,,2,1,2,2,1,2,2,2081,gemini,2025,남성,5
2,2,,,,1,1,2,2,1,2,2,2082,gemini,2025,남성,5
2,2,,,,1,1,2,2,1,2,2,2083,gemini,2025,남성,5
2,2,,,,1,1,2,2,1,2,2,2084,gemini,2025,남성,5
3,1,1.0,1.0,2.0,1,1,2,2,1,2,1,2085,gemini,2025,남성,5
2,2,,,,1,1,2,2,1,2,2,2086,gemini,2025,남성,5
3,1,1.0,1.0,2.0,1,1,2,2,1,2,2,2087,gemini,2025,남성,5
3,1,1.0,4.0,2.0,1,1,2,2,1,2,2,2088,gemini,2025,남성,5
2,2,,,,1,1,2,2,1,2,2,2089,gemini,2025,남성,5
2,2,,,,1,1,2,2,1,2,2,2090,gemini,2025,남성,5
4,1,1.0,1.0,1.0,1,1,2,1,1,2,1,2091,gemini,2025,남성,5
2,2,,,,1,1,2,2,1,2,2,2092,gemini,2025,남성,5
2,2,,,,2,1,2,2,1,2,2,2093,gemini,2025,남성,5
3,1,1.0,1.0,2.0,1,1,2,2,1,2,2,2094,gemini,2025,남성,5
3,1,1.0,1.0,2.0,1,1,2,2,1,2,1,2095,gemini,2025,남성,5
2,2,,,,1,1,2,2,1,2,2,2096,gemini,2025,남성,5
2,2,,,,1,1,2,2,1,2,2,2097,gemini,2025,남성,5
2,2,,,,1,1,2,2,1,2,1,2098,gemini,2025,남성,5
2,2,,,,2,1,2,2,1,2,2,2099,gemini,2025,남성,5
2,2,,,,1,1,2,2,1,2,2,2100,gemini,2025,남성,5
3,1,1.0,1.0,2.0,1,1,2,2,1,2,2,2101,gemini,2025,남성,5
3,1,1.0,1.0,2.0,1,1,2,1,1,2,1,2102,gemini,2025,남성,5
2,2,,,,2,1,2,2,1,2,2,2103,gemini,2025,남성,5
2,2,,,,1,1,2,2,1,2,2,2104,gemini,2025,남성,5
4,1,1.0,1.0,1.0,1,1,1,1,1,2,1,2105,gemini,2025,남성,5
3,1,1.0,1.0,2.0,1,1,2,2,1,2,2,2106,gemini,2025,남성,5
2,2,,,,2,1,2,2,1,2,2,2107,gemini,2025,남성,5
3,1,1.0,1.0,2.0,1,1,2,2,1,2,1,2108,gemini,2025,남성,5
2,2,,,,2,1,2,2,1,2,2,2109,gemini,2025,남성,5
3,1,1.0,4.0,2.0,1,1,2,2,1,2,1,2110,gemini,2025,남성,5
3,1,1.0,4.0,2.0,1,1,2,2,1,2,2,2111,gemini,2025,남성,5
2,2,,,,1,1,2,2,1,2,1,2112,gemini,2025,남성,5
2,2,,,,2,1,2,2,1,2,2,2113,gemini,2025,남성,5
3,1,1.0,4.0,2.0,1,1,2,2,1,2,1,2114,gemini,2025,남성,5
2,2,,,,1,1,2,2,1,2,2,2115,gemini,2025,남성,5
3,1,1.0,4.0,2.0,1,1,2,1,1,2,1,2116,gemini,2025,남성,5
3,1,1.0,1.0,2.0,1,1,2,1,1,2,1,2117,gemini,2025,남성,5
3,1,1.0,1.0,2.0,1,1,1,1,1,2,1,2118,gemini,2025,남성,5
3,1,1.0,4.0,2.0,1,1,2,2,1,2,2,2119,gemini,2025,남성,5
3,1,1.0,1.0,2.0,1,1,2,2,1,2,2,2120,gemini,2025,남성,5
3,1,1.0,4.0,2.0,2,1,2,2,1,2,1,2121,gemini,2025,남성,5
2,2,,,,1,1,2,2,1,2,2,2122,gemini,2025,남성,5
3,1,1.0,1.0,2.0,1,1,2,2,1,2,2,2123,gemini,2025,남성,5
2,2,,,,1,1,2,2,1,2,2,2124,gemini,2025,남성,5
2,2,,,,1,1,2,1,1,2,2,2125,gemini,2025,남성,5
3,1,1.0,1.0,2.0,1,1,2,2,1,2,1,2126,gemini,2025,남성,5
3,1,1.0,4.0,2.0,1,1,2,2,1,2,1,2127,gemini,2025,남성,5
4,1,1.0,1.0,1.0,1,1,2,1,1,2,1,2128,gemini,2025,남성,5
2,2,,,,2,1,2,2,1,2,2,2129,gemini,2025,남성,5
3,1,1.0,4.0,2.0,1,1,2,2,1,2,2,2130,gemini,2025,남성,5
3,1,1.0,1.0,2.0,1,1,2,2,1,2,1,2131,gemini,2025,남성,5
2,2,,,,2,1,2,2,1,2,2,2132,gemini,2025,남성,5
2,2,,,,1,1,2,2,1,2,1,2133,gemini,2025,남성,5
2,2,,,,1,1,2,2,1,2,1,2134,gemini,2025,남성,5
2,2,,,,2,1,2,2,1,2,2,2135,gemini,2025,남성,5
2,2,,,,2,1,2,2,1,2,2,2136,gemini,2025,남성,5
2,2,,,,1,1,2,2,1,2,1,2137,gemini,2025,남성,5
3,1,1.0,1.0,2.0,1,1,2,2,1,2,1,2138,gemini,2025,남성,5
2,2,,,,1,1,2,2,1,2,2,2139,gemini,2025,남성,5
2,2,,,,2,1,2,2,1,2,2,2140,gemini,2025,남성,5
3,1,1.0,1.0,2.0,1,1,2,2,1,2,2,2141,gemini,2025,남성,5
2,2,,,,2,1,2,2,1,2,2,2142,gemini,2025,남성,5
2,2,,,,2,1,2,2,1,2,2,2143,gemini,2025,남성,5
3,1,1.0,4.0,2.0,1,1,2,2,1,2,2,2144,gemini,2025,남성,5
4,1,1.0,3.0,2.0,1,1,2,1,1,2,1,2145,gemini,2025,남성,5
2,2,,,,1,1,2,2,1,2,2,2146,gemini,2025,남성,5
2,2,,,,1,1,2,2,1,2,1,2147,gemini,2025,남성,5
2,2,,,,2,1,2,2,1,2,2,2148,gemini,2025,남성,5
3,1,1.0,1.0,2.0,1,1,2,2,1,2,2,2149,gemini,2025,남성,5
2,2,,,,1,1,2,2,1,2,2,2150,gemini,2025,남성,5
3,1,1.0,1.0,2.0,1,1,2,2,1,2,1,2151,gemini,2025,남성,5
2,2,,,,1,1,2,1,1,2,2,2152,gemini,2025,남성,5
2,2,,,,2,1,2,2,1,2,2,2153,gemini,2025,남성,5
2,2,,,,1,1,2,2,1,2,2,2154,gemini,2025,남성,5
2,2,,,,1,1,2,2,1,2,2,2155,gemini,2025,남성,5
2,2,,,,2,1,2,2,1,2,2,2156,gemini,2025,남성,5
2,2,,,,2,1,1,2,1,2,2,2157,gemini,2025,남성,5
3,1,1.0,4.0,2.0,1,1,2,1,1,2,1,2158,gemini,2025,남성,5
2,2,,,,2,1,2,2,1,2,2,2159,gemini,2025,남성,5
3,1,1.0,4.0,2.0,1,1,2,2,1,2,1,2160,gemini,2025,남성,5
3,1,1.0,4.0,2.0,1,1,2,1,1,2,1,2161,gemini,2025,남성,5
3,1,1.0,1.0,2.0,1,1,2,2,1,2,2,2162,gemini,2025,남성,5
2,2,,,,2,1,2,2,1,2,2,2163,gemini,2025,남성,5
2,2,,,,2,1,2,2,1,2,2,2164,gemini,2025,남성,5
2,2,,,,1,1,2,2,1,2,2,2165,gemini,2025,남성,5
3,1,1.0,4.0,2.0,1,1,2,1,1,2,2,2166,gemini,2025,남성,5
2,2,,,,1,1,2,2,1,2,2,2167,gemini,2025,남성,5
3,1,1.0,1.0,2.0,1,1,2,2,1,2,1,2168,gemini,2025,남성,5
3,1,1.0,1.0,2.0,1,1,2,2,1,2,2,2169,gemini,2025,남성,5
2,2,,,,2,1,2,2,1,2,2,2170,gemini,2025,남성,5
3,1,1.0,4.0,2.0,1,1,2,2,1,2,1,2171,gemini,2025,남성,5
2,2,,,,1,1,2,2,1,2,2,2172,gemini,2025,남성,5
2,2,,,,1,1,2,2,1,2,1,2173,gemini,2025,남성,5
2,2,,,,1,1,2,2,1,2,2,2174,gemini,2025,남성,5
2,2,,,,2,1,2,2,1,2,2,2175,gemini,2025,남성,5
3,1,1.0,1.0,2.0,1,1,2,2,1,2,1,2176,gemini,2025,남성,5
4,1,1.0,1.0,2.0,1,1,2,2,1,2,2,2177,gemini,2025,남성,5
2,2,,,,2,1,2,2,1,2,2,2178,gemini,2025,남성,5
3,1,1.0,1.0,2.0,1,1,2,1,1,2,2,2179,gemini,2025,남성,5
3,1,1.0,1.0,2.0,1,1,2,2,1,2,1,2180,gemini,2025,남성,5
3,1,1.0,1.0,2.0,1,1,2,2,1,2,2,2181,gemini,2025,남성,5
2,2,,,,2,1,2,2,1,2,2,2182,gemini,2025,남성,6
3,1,1.0,1.0,2.0,1,1,2,1,1,2,1,2183,gemini,2025,남성,6
2,2,,,,1,1,2,2,1,2,2,2184,gemini,2025,남성,6
2,2,,,,2,1,2,2,1,2,2,2185,gemini,2025,남성,6
2,2,,,,1,1,2,2,1,2,2,2186,gemini,2025,남성,6
3,1,1.0,4.0,2.0,2,1,2,2,1,2,2,2187,gemini,2025,남성,6
3,1,1.0,1.0,2.0,1,1,2,2,1,2,2,2188,gemini,2025,남성,6
2,2,,,,2,1,2,2,1,2,2,2189,gemini,2025,남성,6
2,2,,,,2,1,2,2,1,2,2,2190,gemini,2025,남성,6
2,2,,,,2,1,2,2,1,2,2,2191,gemini,2025,남성,6
2,2,,,,2,1,2,2,1,2,2,2192,gemini,2025,남성,6
2,2,,,,2,1,2,2,1,2,2,2193,gemini,2025,남성,6
2,2,,,,1,1,2,2,1,2,2,2194,gemini,2025,남성,6
2,2,,,,1,1,2,2,1,2,2,2195,gemini,2025,남성,6
2,2,,,,2,1,2,2,1,2,2,2196,gemini,2025,남성,6
2,2,,,,2,1,2,2,1,2,2,2197,gemini,2025,남성,6
2,2,,,,2,1,2,2,1,2,2,2198,gemini,2025,남성,6
2,2,,,,2,1,2,2,1,2,2,2199,gemini,2025,남성,6
2,2,,,,2,1,2,2,1,2,2,2200,gemini,2025,남성,6
2,2,,,,2,1,2,2,1,2,2,2201,gemini,2025,남성,6
3,1,7.0,1.0,1.0,1,1,2,2,1,2,1,2202,gemini,2025,남성,6
2,2,,,,2,1,2,2,1,2,2,2203,gemini,2025,남성,6
2,2,,,,2,1,2,2,1,2,2,2204,gemini,2025,남성,6
3,1,1.0,4.0,2.0,1,1,2,2,1,2,2,2205,gemini,2025,남성,6
2,2,,,,2,1,2,2,1,2,2,2206,gemini,2025,남성,6
2,2,,,,1,1,1,2,1,2,2,2207,gemini,2025,남성,6
2,2,,,,2,1,2,2,1,2,2,2208,gemini,2025,남성,6
3,1,1.0,4.0,2.0,1,1,2,1,1,2,2,2209,gemini,2025,남성,6
3,1,1.0,1.0,2.0,1,1,2,1,1,2,1,2210,gemini,2025,남성,6
3,1,1.0,1.0,2.0,1,1,2,1,1,2,1,2211,gemini,2025,남성,6
2,2,,,,1,1,2,2,1,2,2,2212,gemini,2025,남성,6
2,2,,,,2,1,2,2,1,2,2,2213,gemini,2025,남성,6
2,2,,,,2,1,2,2,1,2,2,2214,gemini,2025,남성,6
2,2,,,,2,1,2,2,1,2,2,2215,gemini,2025,남성,6
4,1,1.0,1.0,1.0,1,1,2,1,1,2,1,2216,gemini,2025,남성,6
2,2,,,,2,1,2,2,1,2,2,2217,gemini,2025,남성,6
2,2,,,,1,1,2,2,1,2,2,2218,gemini,2025,남성,6
2,2,,,,2,1,2,2,1,2,2,2219,gemini,2025,남성,6
2,2,,,,2,1,2,2,1,2,2,2220,gemini,2025,남성,6
2,2,,,,1,1,2,1,1,2,2,2221,gemini,2025,남성,6
2,2,,,,2,1,2,2,1,2,2,2222,gemini,2025,남성,6
3,1,1.0,4.0,2.0,1,1,2,2,1,2,2,2223,gemini,2025,남성,6
2,2,,,,2,1,2,2,1,2,2,2224,gemini,2025,남성,6
2,2,,,,2,1,2,2,1,2,2,2225,gemini,2025,남성,6
2,2,,,,1,1,2,2,1,2,2,2226,gemini,2025,남성,6
2,2,,,,2,1,2,1,1,2,2,2227,gemini,2025,남성,6
2,2,,,,2,1,2,2,1,2,2,2228,gemini,2025,남성,6
2,2,,,,2,1,2,2,1,2,2,2229,gemini,2025,남성,6
2,2,,,,2,1,2,2,1,2,2,2230,gemini,2025,남성,6
2,2,,,,2,1,2,2,1,2,2,2231,gemini,2025,남성,6
2,2,,,,2,1,2,2,1,2,2,2232,gemini,2025,남성,6
2,2,,,,2,1,2,2,1,2,2,2233,gemini,2025,남성,6
2,2,,,,1,1,2,1,1,2,2,2234,gemini,2025,남성,6
3,1,1.0,1.0,2.0,1,1,2,1,1,2,1,2235,gemini,2025,남성,6
2,2,,,,1,1,2,2,1,2,2,2236,gemini,2025,남성,6
2,2,,,,2,1,2,2,1,2,2,2237,gemini,2025,남성,6
3,1,1.0,4.0,2.0,1,1,2,2,1,2,2,2238,gemini,2025,남성,6
3,1,1.0,1.0,2.0,1,1,2,2,1,2,2,2239,gemini,2025,남성,6
3,1,1.0,1.0,2.0,1,1,2,2,1,2,1,2240,gemini,2025,남성,6
2,2,,,,2,1,2,2,1,2,2,2241,gemini,2025,남성,6
2,2,,,,2,1,2,2,1,2,2,2242,gemini,2025,남성,6
2,2,,,,2,1,2,1,1,2,2,2243,gemini,2025,남성,6
2,2,,,,2,1,2,2,1,2,2,2244,gemini,2025,남성,6
2,2,,,,1,1,2,2,1,2,2,2245,gemini,2025,남성,6
2,2,,,,2,1,2,2,1,2,2,2246,gemini,2025,남성,6
3,1,1.0,1.0,2.0,1,1,2,2,1,2,2,2247,gemini,2025,남성,6
2,2,,,,2,1,2,2,1,2,2,2248,gemini,2025,남성,6
2,2,,,,2,1,2,2,1,2,2,2249,gemini,2025,남성,6
3,1,1.0,1.0,2.0,1,1,2,2,1,2,2,2250,gemini,2025,남성,6
4,1,1.0,1.0,1.0,1,1,2,1,1,2,1,2251,gemini,2025,남성,6
2,2,,,,2,1,2,2,1,2,2,2252,gemini,2025,남성,6
2,2,,,,1,1,2,2,1,2,2,2253,gemini,2025,남성,6
2,2,,,,2,1,2,2,1,2,2,2254,gemini,2025,남성,6
2,2,,,,1,1,2,2,1,2,1,2255,gemini,2025,남성,6
3,1,1.0,1.0,2.0,1,1,2,1,1,2,1,2256,gemini,2025,남성,6
2,2,,,,2,1,2,2,1,2,2,2257,gemini,2025,남성,6
2,2,,,,1,1,2,2,1,2,2,2258,gemini,2025,남성,6
2,2,,,,2,1,2,2,1,2,2,2259,gemini,2025,남성,6
2,2,,,,1,1,2,2,1,2,2,2260,gemini,2025,남성,6
2,2,,,,1,1,2,2,1,2,2,2261,gemini,2025,남성,6
2,2,,,,2,1,2,2,1,2,2,2262,gemini,2025,남성,6
3,1,1.0,1.0,2.0,2,1,2,2,1,2,2,2263,gemini,2025,남성,6
2,1,1.0,4.0,2.0,1,1,2,1,1,2,2,2264,gemini,2025,남성,6
2,2,,,,2,1,2,2,1,2,2,2265,gemini,2025,남성,6
3,1,1.0,4.0,2.0,1,1,2,1,1,2,2,2266,gemini,2025,남성,6
2,2,,,,2,1,2,2,1,2,2,2267,gemini,2025,남성,6
2,2,,,,2,1,2,2,1,2,2,2268,gemini,2025,남성,6
2,2,,,,2,1,2,2,1,2,2,2269,gemini,2025,남성,6
2,2,,,,1,1,2,2,1,2,2,2270,gemini,2025,남성,6
2,2,,,,2,1,2,2,1,2,2,2271,gemini,2025,남성,6
2,2,,,,2,1,2,2,1,2,2,2272,gemini,2025,남성,6
2,2,,,,2,1,2,2,1,2,2,2273,gemini,2025,남성,6
2,2,,,,2,1,2,2,1,2,2,2274,gemini,2025,남성,6
2,2,,,,2,1,2,2,1,2,2,2275,gemini,2025,남성,6
2,2,,,,1,1,2,2,1,2,2,2276,gemini,2025,남성,6
2,2,,,,2,1,2,2,1,2,2,2277,gemini,2025,남성,6
2,2,,,,2,1,2,2,1,2,2,2278,gemini,2025,남성,6
1,2,,,,2,1,2,2,1,2,2,2279,gemini,2025,남성,6
2,2,,,,1,1,2,2,1,2,2,2280,gemini,2025,남성,6
2,2,,,,1,1,2,2,1,2,2,2281,gemini,2025,남성,6
2,2,,,,2,1,2,2,1,2,2,2282,gemini,2025,남성,6
2,2,,,,2,1,2,2,1,2,2,2283,gemini,2025,남성,6
3,1,1.0,1.0,2.0,1,1,2,2,1,2,1,2284,gemini,2025,남성,6
2,2,,,,2,1,2,2,1,2,2,2285,gemini,2025,남성,6
2,2,,,,1,1,2,2,1,2,2,2286,gemini,2025,남성,6
2,2,,,,1,1,2,2,1,2,2,2287,gemini,2025,남성,6
2,2,,,,2,1,2,2,1,2,2,2288,gemini,2025,남성,6
2,2,,,,2,1,2,2,1,2,2,2289,gemini,2025,남성,6
2,2,,,,2,1,2,2,1,2,2,2290,gemini,2025,남성,6
2,2,,,,2,1,2,2,1,2,2,2291,gemini,2025,남성,6
2,2,,,,2,1,2,2,1,2,2,2292,gemini,2025,남성,6
3,1,1.0,1.0,2.0,1,1,2,1,1,2,1,2293,gemini,2025,남성,6
2,2,,,,2,1,2,2,1,2,2,2294,gemini,2025,남성,6
3,1,1.0,1.0,2.0,1,1,2,2,1,2,2,2295,gemini,2025,남성,6
2,2,,,,2,1,2,2,1,2,2,2296,gemini,2025,남성,6
2,2,,,,2,1,2,2,1,2,2,2297,gemini,2025,남성,6
2,2,,,,1,1,2,2,1,2,2,2298,gemini,2025,남성,6
2,2,,,,2,1,2,2,1,2,2,2299,gemini,2025,남성,6
2,2,,,,2,1,2,2,1,2,2,2300,gemini,2025,남성,6
2,2,,,,2,1,2,2,1,2,2,2301,gemini,2025,남성,6
2,2,,,,2,1,2,2,1,2,2,2302,gemini,2025,남성,6
4,1,1.0,1.0,1.0,1,1,2,2,1,2,1,2303,gemini,2025,남성,6
3,1,1.0,1.0,2.0,1,1,2,1,1,2,1,2304,gemini,2025,남성,6
3,1,1.0,1.0,2.0,1,1,2,2,1,2,2,2305,gemini,2025,남성,6
3,1,1.0,4.0,2.0,1,1,2,1,1,2,1,2306,gemini,2025,남성,6
3,1,1.0,1.0,2.0,1,1,2,2,1,2,2,2307,gemini,2025,남성,6
2,2,,,,2,1,2,2,1,2,2,2308,gemini,2025,남성,6
2,2,,,,2,1,2,2,1,2,2,2309,gemini,2025,남성,6
2,2,,,,2,1,2,2,1,2,2,2310,gemini,2025,남성,6
2,2,,,,1,1,2,2,1,2,2,2311,gemini,2025,남성,6
2,2,,,,2,1,2,2,1,2,2,2312,gemini,2025,남성,6
2,2,,,,2,1,2,2,1,2,2,2313,gemini,2025,남성,6
2,2,,,,1,1,2,2,1,2,2,2314,gemini,2025,남성,6
3,1,1.0,3.0,2.0,1,1,2,2,1,2,2,2315,gemini,2025,남성,6
2,2,,,,2,1,2,2,1,2,2,2316,gemini,2025,남성,6
2,2,,,,2,1,2,2,1,2,2,2317,gemini,2025,남성,6
2,2,,,,2,1,2,2,1,2,2,2318,gemini,2025,남성,6
2,2,,,,2,1,2,2,1,2,2,2319,gemini,2025,남성,6
2,2,,,,1,1,2,2,1,2,2,2320,gemini,2025,남성,6
2,2,,,,2,1,2,2,1,2,2,2321,gemini,2025,남성,6
2,2,,,,2,1,2,2,1,2,2,2322,gemini,2025,남성,6
2,2,,,,1,1,2,2,1,2,2,2323,gemini,2025,남성,6
2,2,,,,2,1,2,2,1,2,2,2324,gemini,2025,남성,6
2,2,,,,2,1,2,2,1,2,2,2325,gemini,2025,남성,6
2,2,,,,2,1,2,2,1,2,2,2326,gemini,2025,남성,6
2,2,,,,2,1,2,2,1,2,2,2327,gemini,2025,남성,6
2,2,,,,2,1,2,2,1,2,2,2328,gemini,2025,남성,6
2,2,,,,2,1,2,2,1,2,2,2329,gemini,2025,남성,6
2,2,,,,2,1,2,2,1,2,2,2330,gemini,2025,남성,6
2,2,,,,2,1,2,2,1,2,2,2331,gemini,2025,남성,6
3,1,1.0,1.0,2.0,1,1,2,2,1,2,1,2332,gemini,2025,남성,6
3,1,1.0,1.0,2.0,1,1,2,2,1,2,1,2333,gemini,2025,남성,6
3,1,1.0,4.0,2.0,1,1,2,2,1,2,1,2334,gemini,2025,남성,6
3,1,1.0,1.0,2.0,1,1,2,2,1,2,2,2335,gemini,2025,남성,6
3,1,1.0,1.0,2.0,1,1,2,2,1,2,2,2336,gemini,2025,남성,6
2,2,,,,2,1,2,2,1,2,2,2337,gemini,2025,남성,6
2,2,,,,2,1,2,2,1,2,2,2338,gemini,2025,남성,6
4,1,1.0,1.0,2.0,1,1,2,2,1,2,2,2339,gemini,2025,남성,6
2,2,,,,1,1,2,2,1,2,2,2340,gemini,2025,남성,6
2,2,,,,2,1,2,2,1,2,2,2341,gemini,2025,남성,6
3,1,1.0,1.0,2.0,1,1,2,2,1,2,2,2342,gemini,2025,남성,6
2,2,,,,2,1,2,2,1,2,2,2343,gemini,2025,남성,6
2,2,,,,1,1,2,2,1,2,2,2344,gemini,2025,남성,6
2,2,,,,2,1,2,2,1,2,2,2345,gemini,2025,남성,6
3,1,1.0,1.0,2.0,1,1,2,2,1,2,2,2346,gemini,2025,남성,6
2,2,,,,2,1,2,2,1,2,2,2347,gemini,2025,남성,6
2,2,,,,2,1,2,2,1,2,2,2348,gemini,2025,남성,6
2,2,,,,2,1,2,2,1,2,2,2349,gemini,2025,남성,6
2,2,,,,2,1,2,2,1,2,2,2350,gemini,2025,남성,6
3,1,1.0,4.0,2.0,1,1,2,2,1,2,2,2351,gemini,2025,남성,6
2,2,,,,1,1,2,2,1,2,2,2352,gemini,2025,남성,6
2,2,,,,2,1,2,2,1,2,2,2353,gemini,2025,남성,6
2,2,,,,1,1,2,2,1,2,1,2354,gemini,2025,남성,6
2,2,,,,2,1,2,2,1,2,2,2355,gemini,2025,남성,6
3,1,1.0,1.0,2.0,2,1,2,2,1,2,2,2356,gemini,2025,남성,6
3,1,1.0,1.0,2.0,2,1,2,2,1,2,2,2357,gemini,2025,남성,6
3,1,1.0,1.0,2.0,1,1,2,2,1,2,2,2358,gemini,2025,남성,6
2,2,,,,2,1,2,2,1,2,2,2359,gemini,2025,남성,6
2,2,,,,1,1,2,2,1,2,2,2360,gemini,2025,남성,6
2,2,,,,2,1,2,2,1,2,2,2361,gemini,2025,남성,6
2,2,,,,2,1,2,2,1,2,2,2362,gemini,2025,남성,6
2,2,,,,1,1,2,1,1,2,1,2363,gemini,2025,남성,6
2,2,,,,1,1,2,2,1,2,2,2364,gemini,2025,남성,6
3,1,1.0,1.0,2.0,1,1,2,2,1,2,2,2365,gemini,2025,남성,6
2,2,,,,1,1,2,2,1,2,2,2366,gemini,2025,남성,6
2,2,,,,2,1,2,2,1,2,2,2367,gemini,2025,남성,6
3,1,1.0,4.0,2.0,1,1,1,1,1,2,1,2368,gemini,2025,남성,6
3,1,1.0,4.0,2.0,1,1,2,1,1,2,1,2369,gemini,2025,남성,6
4,1,1.0,1.0,2.0,1,1,2,2,1,2,2,2370,gemini,2025,남성,6
2,2,,,,2,1,2,2,1,2,2,2371,gemini,2025,남성,6
2,2,,,,2,1,2,2,1,2,2,2372,gemini,2025,남성,6
2,2,,,,2,1,2,2,1,2,2,2373,gemini,2025,남성,6
3,1,1.0,4.0,2.0,1,1,2,1,1,2,1,2374,gemini,2025,남성,6
2,2,,,,2,1,2,2,1,2,2,2375,gemini,2025,남성,6
2,2,,,,2,1,2,2,1,2,2,2376,gemini,2025,남성,6
2,2,,,,1,1,2,2,1,2,2,2377,gemini,2025,남성,6
2,2,,,,2,1,2,2,1,2,2,2378,gemini,2025,남성,6
2,2,,,,2,1,2,2,1,2,2,2379,gemini,2025,남성,6
3,1,1.0,4.0,2.0,1,1,2,1,1,2,2,2380,gemini,2025,남성,6
2,2,,,,2,1,2,2,1,2,2,2381,gemini,2025,남성,6
2,2,,,,2,1,2,2,1,2,2,2382,gemini,2025,남성,6
3,1,1.0,3.0,2.0,1,1,2,1,1,2,1,2383,gemini,2025,남성,6
2,2,,,,1,1,2,2,1,2,2,2384,gemini,2025,남성,6
2,2,,,,2,1,2,2,1,2,2,2385,gemini,2025,남성,6
2,2,,,,2,1,2,2,1,2,2,2386,gemini,2025,남성,6
2,2,,,,2,1,2,2,1,2,2,2387,gemini,2025,남성,6
2,2,,,,2,1,2,2,1,2,2,2388,gemini,2025,남성,6
2,2,,,,1,1,1,2,1,2,2,2389,gemini,2025,남성,6
3,1,1.0,4.0,2.0,1,1,2,2,1,2,2,2390,gemini,2025,남성,6
2,2,,,,2,1,2,2,1,2,2,2391,gemini,2025,남성,6
2,2,,,,2,1,2,2,1,2,2,2392,gemini,2025,남성,6
3,1,1.0,1.0,2.0,1,1,2,1,1,2,1,2393,gemini,2025,남성,6
3,1,1.0,4.0,2.0,1,1,2,1,1,2,1,2394,gemini,2025,남성,6
2,2,,,,1,1,2,1,1,2,1,2395,gemini,2025,남성,6
2,2,,,,2,1,2,2,1,2,2,2396,gemini,2025,남성,6
2,2,,,,2,2,2,2,1,2,2,2397,gemini,2025,남성,6
2,2,,,,2,1,2,2,1,2,2,2398,gemini,2025,남성,6
2,2,,,,2,1,2,2,1,2,2,2399,gemini,2025,남성,6
3,1,1.0,1.0,2.0,2,1,2,2,1,2,2,2400,gemini,2025,남성,6
2,2,,,,2,1,2,2,1,2,2,2401,gemini,2025,남성,6
2,2,,,,2,1,2,2,1,2,2,2402,gemini,2025,남성,6
3,1,1.0,1.0,2.0,1,1,2,2,1,2,1,2403,gemini,2025,남성,6
2,2,,,,1,1,2,2,1,2,2,2404,gemini,2025,남성,6
2,2,,,,2,1,2,2,1,2,2,2405,gemini,2025,남성,6
2,2,,,,2,1,2,2,1,2,2,2406,gemini,2025,남성,6
3,1,1.0,4.0,2.0,1,1,2,2,1,2,2,2407,gemini,2025,남성,6
2,2,,,,1,1,2,2,1,2,2,2408,gemini,2025,남성,6
2,2,,,,2,1,2,2,1,2,2,2409,gemini,2025,남성,6
2,2,,,,1,1,2,2,1,2,2,2410,gemini,2025,남성,6
2,2,,,,2,1,2,2,1,2,2,2411,gemini,2025,남성,6
2,2,,,,2,1,2,2,1,2,2,2412,gemini,2025,남성,6
2,2,,,,2,1,2,2,1,2,2,2413,gemini,2025,남성,6
2,2,,,,1,1,2,2,1,2,2,2414,gemini,2025,남성,6
2,2,,,,2,1,2,2,1,2,2,2415,gemini,2025,남성,6
3,1,1.0,1.0,2.0,1,1,2,1,1,2,1,2416,gemini,2025,남성,6
2,2,,,,2,1,2,2,1,2,2,2417,gemini,2025,남성,6
3,1,1.0,1.0,2.0,1,1,2,2,1,2,1,2418,gemini,2025,남성,6
2,2,,,,2,1,2,2,1,2,2,2419,gemini,2025,남성,6
2,2,,,,1,1,2,2,1,2,2,2420,gemini,2025,남성,6
3,1,1.0,1.0,2.0,1,1,2,1,1,2,2,2421,gemini,2025,남성,6
2,2,,,,2,1,2,2,1,2,2,2422,gemini,2025,남성,6
3,1,1.0,4.0,2.0,2,1,2,2,1,2,2,2423,gemini,2025,남성,6
2,2,,,,2,1,2,2,1,2,2,2424,gemini,2025,남성,6
3,1,1.0,1.0,2.0,1,1,2,1,1,2,2,2425,gemini,2025,남성,6
2,2,,,,1,1,2,2,1,2,2,2426,gemini,2025,남성,6
2,2,,,,2,1,2,2,1,2,2,2427,gemini,2025,남성,6
2,2,,,,2,1,2,2,1,2,2,2428,gemini,2025,남성,6
2,2,,,,2,1,2,2,1,2,2,2429,gemini,2025,남성,6
2,2,,,,1,1,2,2,1,2,2,2430,gemini,2025,남성,6
2,2,,,,2,1,2,2,1,2,2,2431,gemini,2025,남성,6
2,2,,,,2,1,2,2,1,2,2,2432,gemini,2025,남성,6
4,1,1.0,1.0,1.0,1,1,2,1,1,2,1,2433,gemini,2025,남성,6
2,2,,,,2,1,2,2,1,2,2,2434,gemini,2025,남성,6
2,2,,,,2,1,2,2,1,2,2,2435,gemini,2025,남성,6
2,2,,,,2,1,2,2,1,2,2,2436,gemini,2025,남성,6
3,1,1.0,1.0,2.0,1,1,2,2,1,2,1,2437,gemini,2025,남성,6
2,2,,,,2,1,2,2,1,2,2,2438,gemini,2025,남성,6
2,2,,,,2,1,2,2,1,2,2,2439,gemini,2025,남성,6
2,2,,,,2,1,2,2,1,2,2,2440,gemini,2025,남성,6
2,2,,,,1,1,2,2,1,2,2,2441,gemini,2025,남성,6
2,2,,,,2,1,2,2,1,2,2,2442,gemini,2025,남성,6
2,2,,,,2,1,2,2,1,2,2,2443,gemini,2025,남성,6
3,1,1.0,4.0,2.0,1,1,2,1,1,2,1,2444,gemini,2025,남성,6
2,2,,,,2,1,2,2,1,2,2,2445,gemini,2025,남성,6
2,2,,,,2,1,2,2,1,2,2,2446,gemini,2025,남성,6
2,2,,,,2,1,2,2,1,2,2,2447,gemini,2025,남성,6
2,2,,,,2,1,2,2,1,2,2,2448,gemini,2025,남성,6
3,1,1.0,1.0,2.0,1,1,2,2,1,2,2,2449,gemini,2025,남성,6
2,2,,,,1,1,1,2,1,2,2,2450,gemini,2025,남성,6
3,1,1.0,1.0,2.0,1,1,2,1,1,2,1,2451,gemini,2025,남성,6
3,1,1.0,1.0,2.0,1,1,2,2,1,2,1,2452,gemini,2025,남성,6
2,2,,,,2,1,2,2,1,2,2,2453,gemini,2025,남성,6
2,2,,,,2,1,2,2,1,2,2,2454,gemini,2025,남성,6
2,2,,,,1,1,2,2,1,2,2,2455,gemini,2025,남성,6
3,1,1.0,3.0,2.0,1,1,2,1,1,2,2,2456,gemini,2025,남성,6
2,2,,,,2,1,2,2,1,2,2,2457,gemini,2025,남성,6
2,2,,,,2,1,2,2,1,2,2,2458,gemini,2025,남성,6
2,2,,,,2,1,2,2,1,2,2,2459,gemini,2025,남성,6
3,1,1.0,1.0,2.0,1,1,2,2,1,2,1,2460,gemini,2025,남성,6
2,2,,,,2,1,2,2,1,2,2,2461,gemini,2025,남성,6
2,2,,,,2,1,2,2,1,2,2,2462,gemini,2025,남성,6
2,2,,,,1,1,2,2,1,2,2,2463,gemini,2025,남성,6
2,2,,,,1,1,2,2,1,2,2,2464,gemini,2025,남성,6
2,2,,,,1,1,2,2,1,2,2,2465,gemini,2025,남성,6
2,2,,,,2,1,2,2,1,2,2,2466,gemini,2025,남성,6
2,2,,,,1,1,2,2,1,2,2,2467,gemini,2025,남성,6
3,1,1.0,1.0,2.0,1,1,2,1,1,2,1,2468,gemini,2025,남성,6
2,2,,,,2,1,2,2,1,2,2,2469,gemini,2025,남성,6
3,1,1.0,1.0,2.0,1,1,2,1,1,2,2,2470,gemini,2025,남성,6
2,2,,,,2,1,2,2,1,2,2,2471,gemini,2025,남성,6
2,2,,,,1,1,2,2,1,2,2,2472,gemini,2025,남성,6
2,2,,,,2,1,2,2,1,2,2,2473,gemini,2025,남성,6
3,1,1.0,4.0,2.0,1,1,2,2,1,2,1,2474,gemini,2025,남성,6
2,2,,,,2,1,2,2,1,2,2,2475,gemini,2025,남성,6
3,1,1.0,1.0,2.0,1,1,2,2,1,2,2,2476,gemini,2025,남성,6
2,2,,,,2,1,1,2,1,2,2,2477,gemini,2025,남성,6
3,1,1.0,1.0,2.0,1,1,2,2,1,2,2,2478,gemini,2025,남성,6
2,2,,,,2,1,2,2,1,2,2,2479,gemini,2025,남성,6
3,1,1.0,3.0,2.0,1,1,2,2,1,2,1,2480,gemini,2025,남성,6
3,1,1.0,1.0,2.0,2,1,2,2,1,2,2,2481,gemini,2025,남성,6
3,1,1.0,1.0,2.0,1,1,2,2,1,2,2,2482,gemini,2025,남성,6
2,2,,,,2,1,2,2,1,2,2,2483,gemini,2025,남성,6
3,1,1.0,4.0,2.0,1,1,2,1,1,2,2,2484,gemini,2025,남성,6
2,2,,,,2,1,2,2,1,2,2,2485,gemini,2025,남성,6
2,2,,,,1,1,2,2,1,2,2,2486,gemini,2025,남성,6
3,1,1.0,4.0,2.0,1,1,2,2,1,2,2,2487,gemini,2025,남성,6
2,2,,,,2,1,2,2,1,2,2,2488,gemini,2025,남성,6
3,1,1.0,4.0,2.0,2,1,2,2,1,2,2,2489,gemini,2025,남성,6
3,1,1.0,4.0,2.0,1,1,2,1,1,2,2,2490,gemini,2025,남성,6
2,2,,,,2,1,2,2,1,2,2,2491,gemini,2025,남성,6
2,2,,,,2,1,2,2,1,2,2,2492,gemini,2025,남성,6
2,2,,,,1,1,2,1,1,2,1,2493,gemini,2025,남성,6
3,1,1.0,1.0,2.0,1,1,2,1,1,2,1,2494,gemini,2025,남성,6
2,2,,,,2,1,2,2,1,2,2,2495,gemini,2025,남성,6
2,2,,,,2,1,1,2,1,2,2,2496,gemini,2025,남성,6
3,1,7.0,1.0,1.0,1,1,2,1,1,2,1,2497,gemini,2025,남성,6
2,2,,,,2,1,2,2,1,2,2,2498,gemini,2025,남성,6
2,2,,,,2,1,2,2,1,2,2,2499,gemini,2025,남성,6
2,2,,,,2,1,2,2,1,2,2,2500,gemini,2025,남성,6
2,2,,,,2,1,2,2,1,2,2,2501,gemini,2025,남성,6
2,2,,,,1,1,2,2,1,2,2,2502,gemini,2025,남성,6
2,2,,,,2,1,2,2,1,2,2,2503,gemini,2025,남성,6
4,1,1.0,4.0,2.0,1,1,2,1,1,2,1,2504,gemini,2025,남성,6
2,2,,,,1,1,2,2,1,2,2,2505,gemini,2025,남성,6
2,2,,,,1,1,2,2,1,2,2,2506,gemini,2025,남성,6
2,2,,,,2,1,2,2,1,2,2,2507,gemini,2025,남성,6
2,2,,,,1,1,2,1,1,2,1,2508,gemini,2025,남성,6
2,2,,,,2,1,2,2,1,2,2,2509,gemini,2025,남성,6
4,1,1.0,1.0,2.0,1,1,2,2,1,2,2,2510,gemini,2025,남성,6
2,2,,,,2,1,2,2,1,2,2,2511,gemini,2025,남성,6
2,2,,,,2,1,2,2,1,2,2,2512,gemini,2025,남성,6
2,2,,,,2,1,2,2,1,2,2,2513,gemini,2025,남성,6
2,2,,,,1,1,2,2,1,2,1,2514,gemini,2025,남성,6
2,2,,,,1,1,2,2,1,2,2,2515,gemini,2025,남성,6
3,1,1.0,4.0,2.0,1,1,2,2,1,2,2,2516,gemini,2025,남성,6
2,2,,,,1,1,2,2,1,2,2,2517,gemini,2025,남성,6
2,2,,,,2,1,2,2,1,2,2,2518,gemini,2025,남성,6
2,2,,,,1,1,2,2,1,2,2,2519,gemini,2025,남성,6
2,2,,,,2,1,2,2,1,2,2,2520,gemini,2025,남성,6
2,2,,,,2,1,2,2,1,2,2,2521,gemini,2025,남성,6
3,1,1.0,1.0,1.0,1,1,2,2,1,2,1,2522,gemini,2025,남성,6
2,2,,,,2,1,2,2,1,2,2,2523,gemini,2025,남성,6
2,2,,,,2,1,2,2,1,2,2,2524,gemini,2025,남성,6
2,2,,,,2,1,2,2,1,2,2,2525,gemini,2025,남성,6
2,2,,,,2,1,2,2,1,2,2,2526,gemini,2025,남성,6
2,2,,,,2,1,2,2,1,2,2,2527,gemini,2025,남성,6
2,2,,,,2,1,2,2,1,2,2,2528,gemini,2025,남성,6
2,2,,,,2,1,2,2,1,2,2,2529,gemini,2025,남성,6
3,1,1.0,1.0,2.0,1,1,2,2,1,2,2,2530,gemini,2025,남성,6
2,2,,,,2,1,2,2,1,2,2,2531,gemini,2025,남성,6
2,2,,,,2,1,2,2,1,2,2,2532,gemini,2025,남성,6
2,2,,,,2,1,2,2,1,2,2,2533,gemini,2025,남성,6
2,2,,,,2,1,2,2,1,2,2,2534,gemini,2025,남성,6
2,2,,,,2,1,2,2,1,2,2,2535,gemini,2025,남성,6
3,1,1.0,1.0,2.0,1,1,2,1,1,2,1,2536,gemini,2025,남성,6
3,1,1.0,4.0,2.0,1,1,2,1,1,2,1,2537,gemini,2025,남성,6
3,1,1.0,1.0,2.0,1,1,2,2,1,2,2,2538,gemini,2025,남성,6
2,2,,,,2,1,2,2,1,2,2,2539,gemini,2025,남성,6
3,1,1.0,1.0,2.0,1,1,2,2,1,2,2,2540,gemini,2025,남성,6
2,2,,,,2,1,2,2,1,2,2,2541,gemini,2025,남성,6
2,2,,,,2,1,2,2,1,2,2,2542,gemini,2025,남성,6
2,2,,,,2,1,2,2,1,2,2,2543,gemini,2025,남성,6
2,2,,,,2,1,2,2,1,2,2,2544,gemini,2025,남성,6
3,1,1.0,4.0,2.0,1,1,2,1,1,2,2,2545,gemini,2025,남성,6
3,1,1.0,1.0,2.0,1,1,2,1,1,2,1,2546,gemini,2025,남성,6
2,2,,,,2,1,2,2,1,2,2,2547,gemini,2025,남성,6
2,2,,,,2,1,2,2,1,2,2,2548,gemini,2025,남성,6
2,2,,,,2,1,2,2,1,2,2,2549,gemini,2025,남성,6
2,2,,,,2,1,2,2,1,2,2,2550,gemini,2025,남성,6
2,2,,,,2,1,2,2,1,2,2,2551,gemini,2025,남성,6
3,1,1.0,1.0,2.0,1,1,2,2,1,2,1,2552,gemini,2025,남성,6
2,2,,,,2,1,2,2,1,2,2,2553,gemini,2025,남성,6
2,2,,,,2,1,2,2,1,2,2,2554,gemini,2025,남성,6
2,2,,,,2,1,2,2,1,2,2,2555,gemini,2025,남성,6
2,2,,,,2,1,2,2,1,2,2,2556,gemini,2025,남성,6
2,2,,,,2,1,2,2,1,2,2,2557,gemini,2025,남성,6
2,2,,,,2,1,2,2,1,2,2,2558,gemini,2025,남성,6
2,2,,,,2,1,2,2,1,2,2,2559,gemini,2025,남성,6
2,2,,,,2,1,2,2,1,2,2,2560,gemini,2025,남성,6
2,2,,,,2,1,2,2,1,2,2,2561,gemini,2025,남성,6
2,2,,,,1,1,2,2,1,2,2,2562,gemini,2025,남성,6
2,2,,,,1,1,2,2,1,2,2,2563,gemini,2025,남성,6
2,2,,,,1,1,2,2,1,2,2,2564,gemini,2025,남성,6
2,2,,,,1,1,2,2,1,2,2,2565,gemini,2025,남성,6
2,2,,,,2,1,2,2,1,2,2,2566,gemini,2025,남성,6
2,2,,,,2,1,2,2,1,2,2,2567,gemini,2025,남성,6
3,1,1.0,1.0,2.0,1,1,2,2,1,2,1,2568,gemini,2025,남성,6
2,2,,,,1,1,2,2,1,2,2,2569,gemini,2025,남성,6
2,2,,,,1,1,2,2,1,2,2,2570,gemini,2025,남성,6
3,1,1.0,1.0,2.0,1,1,2,1,1,2,1,2571,gemini,2025,남성,6
2,2,,,,2,1,2,2,1,2,2,2572,gemini,2025,남성,6
2,2,,,,2,1,2,2,1,2,2,2573,gemini,2025,남성,6
2,2,,,,2,1,2,2,1,2,2,2574,gemini,2025,남성,6
2,2,,,,2,1,2,2,1,2,2,2575,gemini,2025,남성,6
2,2,,,,2,1,2,2,1,2,2,2576,gemini,2025,남성,6
3,1,1.0,4.0,2.0,1,1,2,2,1,2,2,2577,gemini,2025,남성,6
2,2,,,,2,1,2,2,1,2,2,2578,gemini,2025,남성,6
2,2,,,,1,1,2,2,1,2,2,2579,gemini,2025,남성,6
2,2,,,,1,1,2,2,1,2,1,2580,gemini,2025,남성,6
2,2,,,,2,1,2,1,1,2,2,2581,gemini,2025,남성,6
2,2,,,,2,1,2,2,1,2,2,2582,gemini,2025,남성,6
2,2,,,,2,1,2,2,1,2,2,2583,gemini,2025,남성,6
2,2,,,,2,1,2,2,1,2,2,2584,gemini,2025,남성,6
2,2,,,,2,1,2,2,1,2,2,2585,gemini,2025,남성,6
3,1,1.0,4.0,2.0,1,1,2,2,1,2,2,2586,gemini,2025,남성,6
2,2,,,,2,2,2,2,2,2,2,2587,gemini,2025,남성,6
2,2,,,,2,1,2,2,1,2,2,2588,gemini,2025,남성,6
2,2,,,,2,1,2,2,1,2,2,2589,gemini,2025,남성,6
2,2,,,,2,1,2,2,1,2,2,2590,gemini,2025,남성,6
2,2,,,,1,1,2,1,1,2,2,2591,gemini,2025,남성,6
2,2,,,,2,1,2,2,1,2,2,2592,gemini,2025,남성,6
2,2,,,,1,1,2,2,1,2,2,2593,gemini,2025,남성,6
2,2,,,,2,1,2,2,1,2,2,2594,gemini,2025,남성,6
2,2,,,,2,1,2,2,1,2,2,2595,gemini,2025,남성,6
2,2,,,,2,1,2,2,1,2,2,2596,gemini,2025,남성,6
3,1,1.0,1.0,2.0,1,1,2,2,1,2,2,2597,gemini,2025,남성,6
2,2,,,,2,1,2,2,1,2,2,2598,gemini,2025,남성,6
2,2,,,,2,1,2,2,1,2,2,2599,gemini,2025,남성,6
3,1,1.0,4.0,2.0,1,1,2,1,1,2,1,2600,gemini,2025,남성,6
2,2,,,,1,1,2,2,1,2,2,2601,gemini,2025,남성,6
2,2,,,,2,1,2,2,1,2,2,2602,gemini,2025,남성,6
3,1,1.0,1.0,2.0,1,1,2,2,1,2,1,2603,gemini,2025,남성,6
2,2,,,,2,1,2,2,1,2,2,2604,gemini,2025,남성,6
2,2,,,,2,1,2,2,1,2,2,2605,gemini,2025,남성,6
2,2,,,,2,1,2,2,1,2,2,2606,gemini,2025,남성,6
2,2,,,,1,1,2,1,1,2,2,2607,gemini,2025,남성,6
2,2,,,,2,1,2,2,1,2,2,2608,gemini,2025,남성,6
2,2,,,,2,1,2,2,1,2,2,2609,gemini,2025,남성,6
2,2,,,,2,1,2,2,1,2,2,2610,gemini,2025,남성,6
2,2,,,,2,1,2,2,1,2,2,2611,gemini,2025,남성,6
2,2,,,,2,1,2,2,1,2,2,2612,gemini,2025,남성,6
2,2,,,,1,1,2,2,1,2,2,2613,gemini,2025,남성,6
2,2,,,,2,1,2,2,1,2,2,2614,gemini,2025,남성,6
3,1,1.0,1.0,2.0,1,1,2,2,1,2,2,2615,gemini,2025,남성,6
3,1,1.0,3.0,2.0,1,1,2,1,1,2,1,2616,gemini,2025,남성,6
3,1,1.0,1.0,2.0,1,1,2,2,1,2,2,2617,gemini,2025,남성,6
2,2,,,,2,1,2,2,1,2,2,2618,gemini,2025,남성,6
2,2,,,,2,1,2,2,1,2,2,2619,gemini,2025,남성,6
2,2,,,,1,1,2,2,1,2,2,2620,gemini,2025,남성,6
2,2,,,,1,1,2,2,1,2,2,2621,gemini,2025,남성,6
2,2,,,,2,1,2,2,1,2,2,2622,gemini,2025,남성,6
2,2,,,,2,1,2,2,1,2,2,2623,gemini,2025,남성,6
3,1,1.0,1.0,2.0,2,1,2,2,1,2,2,2624,gemini,2025,남성,6
2,2,,,,2,1,2,2,1,2,2,2625,gemini,2025,남성,6
2,2,,,,1,1,2,2,1,2,2,2626,gemini,2025,남성,6
2,2,,,,1,1,2,2,1,2,2,2627,gemini,2025,남성,6
2,2,,,,2,1,2,2,1,2,2,2628,gemini,2025,남성,6
3,1,1.0,1.0,2.0,1,1,2,2,1,2,2,2629,gemini,2025,남성,6
2,2,,,,2,1,2,2,1,2,2,2630,gemini,2025,남성,6
3,1,1.0,1.0,2.0,1,1,2,2,1,2,2,2631,gemini,2025,남성,6
2,2,,,,1,1,2,2,1,2,1,2632,gemini,2025,남성,6
2,2,,,,2,1,2,2,1,2,2,2633,gemini,2025,남성,6
2,2,,,,1,1,2,2,1,2,2,2634,gemini,2025,남성,6
2,2,,,,2,1,2,2,1,2,2,2635,gemini,2025,남성,6
2,2,,,,2,1,2,2,1,2,2,2636,gemini,2025,남성,6
2,2,,,,2,1,2,2,1,2,2,2637,gemini,2025,남성,6
3,1,1.0,4.0,2.0,1,1,2,1,1,2,1,2638,gemini,2025,남성,6
2,2,,,,2,1,2,2,1,2,2,2639,gemini,2025,남성,6
2,2,,,,2,1,2,2,1,2,2,2640,gemini,2025,남성,6
3,1,1.0,1.0,2.0,1,1,2,1,1,2,1,2641,gemini,2025,남성,6
2,2,,,,1,1,2,2,1,2,2,2642,gemini,2025,남성,6
2,2,,,,1,1,2,2,1,2,2,2643,gemini,2025,남성,6
2,2,,,,1,1,2,2,1,2,2,2644,gemini,2025,남성,6
2,2,,,,2,1,2,2,1,2,2,2645,gemini,2025,남성,6
2,2,,,,2,1,2,2,1,2,2,2646,gemini,2025,남성,6
4,1,1.0,1.0,1.0,1,1,2,1,1,2,1,2647,gemini,2025,남성,6
2,2,,,,2,1,2,2,1,2,2,2648,gemini,2025,남성,6
2,2,,,,2,1,2,2,1,2,2,2649,gemini,2025,남성,6
3,1,1.0,4.0,2.0,1,1,2,2,1,2,2,2650,gemini,2025,남성,6
3,1,1.0,1.0,2.0,1,1,2,2,1,2,2,2651,gemini,2025,남성,6
2,2,,,,2,1,2,2,1,2,2,2652,gemini,2025,남성,6
2,2,,,,2,1,2,2,1,2,2,2653,gemini,2025,남성,6
2,2,,,,2,1,2,2,1,2,2,2654,gemini,2025,남성,6
2,2,,,,2,1,2,2,1,2,2,2655,gemini,2025,남성,6
2,2,,,,1,1,2,2,1,2,2,2656,gemini,2025,남성,6
2,2,,,,2,1,2,2,1,2,2,2657,gemini,2025,남성,6
3,1,1.0,3.0,2.0,1,1,2,2,1,2,2,2658,gemini,2025,남성,6
2,2,,,,1,1,2,2,1,2,2,2659,gemini,2025,남성,6
3,1,1.0,4.0,2.0,1,1,1,1,1,2,1,2660,gemini,2025,남성,6
2,2,,,,2,1,2,2,1,2,2,2661,gemini,2025,남성,6
2,2,,,,2,1,2,2,1,2,2,2662,gemini,2025,남성,6
2,2,,,,2,1,2,2,1,2,2,2663,gemini,2025,남성,6
2,2,,,,2,1,2,2,1,2,2,2664,gemini,2025,남성,6
3,1,1.0,1.0,2.0,1,1,2,2,1,2,1,2665,gemini,2025,남성,6
2,2,,,,2,1,2,2,1,2,2,2666,gemini,2025,남성,6
2,2,,,,1,1,2,2,1,2,2,2667,gemini,2025,남성,6
2,2,,,,2,1,2,2,1,2,2,2668,gemini,2025,남성,6
3,1,1.0,4.0,2.0,1,1,2,1,1,2,1,2669,gemini,2025,남성,6
2,2,,,,2,1,2,2,1,2,2,2670,gemini,2025,남성,6
3,1,1.0,1.0,2.0,1,1,2,2,1,2,2,2671,gemini,2025,남성,6
2,2,,,,2,1,2,2,1,2,2,2672,gemini,2025,남성,6
2,2,,,,2,1,2,2,1,2,2,2673,gemini,2025,남성,6
2,2,,,,2,1,2,2,1,2,2,2674,gemini,2025,남성,6
2,2,,,,2,1,2,2,1,2,2,2675,gemini,2025,남성,6
2,2,,,,1,1,2,2,1,2,2,2676,gemini,2025,남성,6
2,2,,,,2,1,2,2,1,2,2,2677,gemini,2025,남성,6
2,2,,,,2,1,2,2,1,2,2,2678,gemini,2025,남성,6
2,2,,,,1,1,2,2,1,2,2,2679,gemini,2025,남성,6
2,2,,,,2,1,2,2,1,2,2,2680,gemini,2025,남성,6
2,2,,,,2,1,2,2,1,2,2,2681,gemini,2025,남성,6
2,2,,,,1,1,2,2,1,2,2,2682,gemini,2025,남성,6
2,2,,,,2,1,2,2,1,2,2,2683,gemini,2025,남성,6
2,2,,,,1,1,2,2,1,2,2,2684,gemini,2025,남성,6
2,2,,,,2,1,2,2,1,2,2,2685,gemini,2025,남성,6
2,2,,,,2,1,2,2,1,2,2,2686,gemini,2025,남성,6
2,2,,,,1,1,2,2,1,2,2,2687,gemini,2025,남성,6
2,2,,,,2,1,2,2,1,2,2,2688,gemini,2025,남성,6
2,2,,,,2,1,2,2,1,2,2,2689,gemini,2025,남성,6
2,2,,,,1,1,2,1,1,2,2,2690,gemini,2025,남성,6
2,2,,,,2,1,2,2,1,2,2,2691,gemini,2025,남성,6
2,2,,,,1,1,2,2,1,2,2,2692,gemini,2025,남성,6
3,1,1.0,4.0,2.0,1,1,2,2,1,2,1,2693,gemini,2025,남성,6
3,1,1.0,1.0,2.0,1,1,2,1,1,2,1,2694,gemini,2025,남성,6
2,2,,,,1,1,2,2,1,2,2,2695,gemini,2025,남성,6
2,2,,,,2,1,2,2,1,2,2,2696,gemini,2025,남성,6
2,2,,,,2,1,2,2,1,2,2,2697,gemini,2025,남성,6
2,2,,,,2,1,2,2,1,2,2,2698,gemini,2025,남성,6
2,2,,,,2,1,2,2,1,2,2,2699,gemini,2025,남성,6
2,2,,,,2,1,2,2,1,2,2,2700,gemini,2025,남성,6
3,1,1.0,4.0,2.0,1,1,2,2,1,2,1,2701,gemini,2025,남성,6
2,2,,,,2,1,2,2,1,2,2,2702,gemini,2025,남성,6
3,1,1.0,1.0,2.0,1,1,2,2,1,2,2,2703,gemini,2025,남성,6
2,2,,,,1,1,2,2,1,2,2,2704,gemini,2025,남성,6
2,2,,,,2,1,2,2,1,2,2,2705,gemini,2025,남성,6
2,2,,,,2,1,2,2,1,2,2,2706,gemini,2025,남성,6
2,2,,,,2,1,2,2,1,2,2,2707,gemini,2025,남성,6
2,2,,,,1,1,2,2,1,2,2,2708,gemini,2025,남성,6
2,2,,,,2,1,2,2,1,2,2,2709,gemini,2025,남성,6
2,1,1.0,4.0,2.0,1,1,2,1,1,2,1,2710,gemini,2025,남성,6
3,1,1.0,1.0,2.0,1,1,2,1,1,2,1,2711,gemini,2025,남성,6
2,2,,,,2,1,2,2,1,2,2,2712,gemini,2025,남성,6
2,2,,,,2,1,2,2,1,2,2,2713,gemini,2025,남성,6
2,2,,,,1,1,2,1,1,2,2,2714,gemini,2025,남성,6
2,2,,,,1,1,2,2,1,2,2,2715,gemini,2025,남성,6
2,2,,,,2,1,2,2,1,2,2,2716,gemini,2025,남성,6
2,2,,,,1,1,2,2,1,2,2,2717,gemini,2025,남성,6
2,2,,,,2,1,2,2,1,2,2,2718,gemini,2025,남성,6
2,2,,,,1,1,2,2,1,2,2,2719,gemini,2025,남성,6
3,1,1.0,3.0,2.0,1,1,2,1,1,2,1,2720,gemini,2025,남성,6
3,1,1.0,1.0,2.0,1,1,2,1,1,2,1,2721,gemini,2025,남성,6
3,1,1.0,1.0,2.0,1,1,2,2,1,2,1,2722,gemini,2025,남성,6
3,1,1.0,4.0,2.0,1,1,2,2,1,2,1,2723,gemini,2025,남성,6
2,2,,,,2,1,2,2,1,2,2,2724,gemini,2025,남성,6
2,2,,,,2,1,2,1,1,2,2,2725,gemini,2025,남성,6
3,1,1.0,4.0,2.0,1,1,2,2,1,2,1,2726,gemini,2025,남성,6
2,2,,,,2,1,2,2,1,2,2,2727,gemini,2025,남성,6
2,2,,,,2,1,2,2,1,2,2,2728,gemini,2025,남성,6
2,2,,,,2,1,2,1,1,2,2,2729,gemini,2025,남성,6
2,2,,,,2,1,2,2,1,2,2,2730,gemini,2025,남성,6
2,2,,,,2,1,2,2,1,2,2,2731,gemini,2025,남성,6
3,1,1.0,1.0,2.0,1,1,2,2,1,2,1,2732,gemini,2025,남성,6
2,2,,,,2,1,2,2,1,2,2,2733,gemini,2025,남성,6
2,2,,,,2,1,2,2,1,2,2,2734,gemini,2025,남성,6
3,1,1.0,4.0,2.0,1,1,2,1,1,2,2,2735,gemini,2025,남성,6
3,1,1.0,4.0,2.0,2,1,2,2,1,2,2,2736,gemini,2025,남성,6
3,1,1.0,1.0,2.0,1,1,2,2,1,2,2,2737,gemini,2025,남성,6
2,2,,,,2,1,2,2,1,2,2,2738,gemini,2025,남성,6
2,2,,,,2,1,2,2,1,2,2,2739,gemini,2025,남성,6
2,2,,,,1,1,2,2,1,2,1,2740,gemini,2025,남성,6
2,2,,,,2,1,2,2,1,2,2,2741,gemini,2025,남성,6
2,2,,,,1,1,2,2,1,2,2,2742,gemini,2025,남성,6
2,2,,,,2,1,2,2,1,2,2,2743,gemini,2025,남성,6
3,1,1.0,4.0,2.0,2,1,2,2,1,2,2,2744,gemini,2025,남성,6
2,2,,,,2,1,2,2,1,2,2,2745,gemini,2025,남성,6
2,2,,,,2,1,2,2,1,2,2,2746,gemini,2025,남성,6
2,2,,,,2,1,2,2,1,2,2,2747,gemini,2025,남성,6
2,2,,,,2,1,2,2,1,2,2,2748,gemini,2025,남성,6
2,2,,,,2,2,2,2,1,2,2,2749,gemini,2025,남성,6
2,2,,,,2,1,2,2,1,2,2,2750,gemini,2025,남성,6
2,2,,,,2,1,2,2,1,2,2,2751,gemini,2025,남성,6
2,2,,,,2,1,2,2,1,2,2,2752,gemini,2025,남성,6
2,2,,,,2,1,2,2,1,2,2,2753,gemini,2025,남성,6
2,2,,,,2,1,2,2,1,2,2,2754,gemini,2025,남성,6
2,2,,,,1,1,2,2,1,2,2,2755,gemini,2025,남성,6
2,2,,,,2,1,2,2,1,2,2,2756,gemini,2025,남성,6
2,2,,,,2,1,2,2,1,2,2,2757,gemini,2025,남성,6
2,2,,,,2,1,2,2,1,2,2,2758,gemini,2025,남성,6
2,2,,,,2,1,2,2,1,2,2,2759,gemini,2025,남성,6
2,2,,,,1,1,2,2,1,2,2,2760,gemini,2025,남성,6
3,1,1.0,1.0,2.0,1,1,2,2,1,2,2,2761,gemini,2025,남성,6
3,1,1.0,1.0,2.0,1,1,2,2,1,2,1,2762,gemini,2025,남성,6
4,1,1.0,1.0,1.0,1,1,2,2,1,2,1,2763,gemini,2025,남성,6
2,2,,,,1,1,2,2,1,2,2,2764,gemini,2025,남성,6
2,2,,,,2,1,2,2,1,2,2,2765,gemini,2025,남성,6
3,1,1.0,1.0,2.0,1,1,2,2,1,2,1,2766,gemini,2025,남성,6
3,1,1.0,1.0,2.0,1,1,2,2,1,2,2,2767,gemini,2025,남성,6
2,2,,,,1,1,2,2,1,2,2,2768,gemini,2025,남성,6
3,1,1.0,4.0,2.0,1,1,2,1,1,2,2,2769,gemini,2025,남성,6
2,2,,,,1,1,2,2,1,2,2,2770,gemini,2025,남성,6
3,1,1.0,1.0,2.0,1,1,2,2,1,2,2,2771,gemini,2025,남성,6
3,1,1.0,4.0,2.0,2,1,2,2,1,2,2,2772,gemini,2025,남성,6
2,2,,,,2,1,2,2,1,2,2,2773,gemini,2025,남성,6
2,2,,,,2,1,2,2,1,2,2,2774,gemini,2025,남성,6
3,1,1.0,4.0,2.0,1,1,2,2,1,2,1,2775,gemini,2025,남성,6
3,1,1.0,3.0,2.0,1,1,2,2,1,2,2,2776,gemini,2025,남성,6
3,1,1.0,4.0,2.0,2,1,2,2,1,2,2,2777,gemini,2025,남성,6
2,2,,,,2,1,2,2,1,2,2,2778,gemini,2025,남성,6
3,1,1.0,1.0,2.0,1,1,2,2,1,2,1,2779,gemini,2025,남성,6
3,1,4.0,4.0,2.0,1,1,2,1,1,2,1,2780,gemini,2025,남성,6
2,2,,,,1,1,2,2,1,2,2,2781,gemini,2025,남성,6
2,2,,,,2,1,2,2,1,2,2,2782,gemini,2025,남성,7
2,2,,,,2,1,2,2,1,2,2,2783,gemini,2025,남성,7
2,2,,,,2,1,2,2,1,2,2,2784,gemini,2025,남성,7
2,2,,,,2,1,2,2,1,2,2,2785,gemini,2025,남성,7
2,2,,,,2,1,2,2,1,2,2,2786,gemini,2025,남성,7
2,2,,,,2,1,2,2,1,2,2,2787,gemini,2025,남성,7
2,2,,,,2,1,2,2,1,2,2,2788,gemini,2025,남성,7
1,2,,,,2,1,2,2,1,2,2,2789,gemini,2025,남성,7
2,2,,,,2,1,2,2,1,2,2,2790,gemini,2025,남성,7
3,1,1.0,4.0,2.0,1,1,2,2,1,2,2,2791,gemini,2025,남성,7
2,2,,,,2,1,2,2,1,2,2,2792,gemini,2025,남성,7
2,2,,,,2,1,2,2,1,2,2,2793,gemini,2025,남성,7
2,2,,,,2,1,2,2,1,2,2,2794,gemini,2025,남성,7
2,2,,,,2,1,2,2,1,2,2,2795,gemini,2025,남성,7
2,2,,,,2,1,2,2,1,2,2,2796,gemini,2025,남성,7
1,2,,,,2,1,2,2,1,2,2,2797,gemini,2025,남성,7
2,2,,,,2,1,2,2,1,2,2,2798,gemini,2025,남성,7
3,1,1.0,4.0,2.0,1,1,2,2,1,2,2,2799,gemini,2025,남성,7
3,1,1.0,4.0,2.0,2,1,2,2,1,2,2,2800,gemini,2025,남성,7
2,2,,,,2,1,2,2,1,2,2,2801,gemini,2025,남성,7
2,2,,,,2,1,2,2,1,2,2,2802,gemini,2025,남성,7
2,2,,,,2,1,2,2,1,2,2,2803,gemini,2025,남성,7
2,2,,,,2,1,2,2,1,2,2,2804,gemini,2025,남성,7
2,2,,,,2,1,2,2,1,2,2,2805,gemini,2025,남성,7
2,2,,,,2,1,2,2,1,2,2,2806,gemini,2025,남성,7
2,2,,,,2,1,2,2,1,2,2,2807,gemini,2025,남성,7
2,2,,,,2,1,2,2,1,2,2,2808,gemini,2025,남성,7
2,2,,,,2,1,2,2,1,2,2,2809,gemini,2025,남성,7
2,2,,,,2,1,2,2,1,2,2,2810,gemini,2025,남성,7
2,2,,,,2,1,2,2,1,2,2,2811,gemini,2025,남성,7
2,2,,,,2,1,2,2,1,2,2,2812,gemini,2025,남성,7
2,2,,,,2,1,2,1,1,2,2,2813,gemini,2025,남성,7
2,2,,,,2,1,2,2,1,2,2,2814,gemini,2025,남성,7
2,2,,,,2,1,2,2,1,2,2,2815,gemini,2025,남성,7
2,2,,,,2,1,2,2,1,2,2,2816,gemini,2025,남성,7
2,2,,,,2,1,2,2,1,2,2,2817,gemini,2025,남성,7
2,2,,,,2,1,2,2,1,2,2,2818,gemini,2025,남성,7
3,1,1.0,4.0,2.0,1,1,2,1,1,2,1,2819,gemini,2025,남성,7
2,2,,,,2,1,2,2,1,2,2,2820,gemini,2025,남성,7
2,2,,,,1,1,2,1,1,2,2,2821,gemini,2025,남성,7
2,2,,,,1,1,2,2,1,2,2,2822,gemini,2025,남성,7
2,2,,,,2,1,2,2,1,2,2,2823,gemini,2025,남성,7
2,2,,,,2,1,2,2,1,2,2,2824,gemini,2025,남성,7
2,2,,,,2,1,2,2,1,2,2,2825,gemini,2025,남성,7
2,2,,,,2,1,2,2,1,2,2,2826,gemini,2025,남성,7
1,2,,,,2,1,2,2,1,2,2,2827,gemini,2025,남성,7
2,2,,,,2,1,2,2,1,2,2,2828,gemini,2025,남성,7
2,2,,,,2,1,2,2,1,2,2,2829,gemini,2025,남성,7
2,2,,,,2,1,2,2,1,2,2,2830,gemini,2025,남성,7
2,2,,,,2,1,2,2,1,2,2,2831,gemini,2025,남성,7
2,2,,,,2,1,2,2,1,2,2,2832,gemini,2025,남성,7
2,2,,,,2,1,2,2,1,2,2,2833,gemini,2025,남성,7
2,2,,,,2,1,2,2,1,2,2,2834,gemini,2025,남성,7
2,2,,,,2,1,2,2,1,2,2,2835,gemini,2025,남성,7
2,2,,,,2,1,2,2,1,2,2,2836,gemini,2025,남성,7
2,2,,,,2,1,2,2,1,2,2,2837,gemini,2025,남성,7
2,2,,,,2,1,2,2,1,2,2,2838,gemini,2025,남성,7
3,1,1.0,4.0,2.0,1,1,2,1,1,2,1,2839,gemini,2025,남성,7
2,2,,,,2,1,2,2,1,2,2,2840,gemini,2025,남성,7
2,2,,,,2,1,2,2,1,2,2,2841,gemini,2025,남성,7
2,2,,,,1,1,2,1,1,2,1,2842,gemini,2025,남성,7
2,2,,,,2,1,2,2,1,2,2,2843,gemini,2025,남성,7
2,2,,,,2,1,2,2,1,2,2,2844,gemini,2025,남성,7
2,2,,,,2,1,2,2,1,2,2,2845,gemini,2025,남성,7
2,2,,,,2,1,2,2,1,2,2,2846,gemini,2025,남성,7
2,2,,,,2,1,2,2,1,2,2,2847,gemini,2025,남성,7
2,2,,,,2,1,2,2,1,2,2,2848,gemini,2025,남성,7
2,2,,,,2,1,2,2,1,2,2,2849,gemini,2025,남성,7
2,2,,,,2,1,2,2,1,2,2,2850,gemini,2025,남성,7
2,2,,,,2,1,2,2,1,2,2,2851,gemini,2025,남성,7
2,2,,,,2,1,2,2,1,2,2,2852,gemini,2025,남성,7
3,1,1.0,4.0,2.0,2,1,2,2,1,2,2,2853,gemini,2025,남성,7
2,2,,,,2,1,2,2,1,2,2,2854,gemini,2025,남성,7
3,1,1.0,4.0,2.0,1,1,2,1,1,2,2,2855,gemini,2025,남성,7
2,2,,,,2,1,2,2,1,2,2,2856,gemini,2025,남성,7
2,2,,,,2,1,2,2,1,2,2,2857,gemini,2025,남성,7
2,2,,,,2,1,2,2,1,2,2,2858,gemini,2025,남성,7
2,2,,,,2,1,2,2,1,2,2,2859,gemini,2025,남성,7
2,2,,,,2,1,2,2,1,2,2,2860,gemini,2025,남성,7
2,2,,,,2,1,2,2,1,2,2,2861,gemini,2025,남성,7
2,2,,,,2,1,2,2,1,2,2,2862,gemini,2025,남성,7
2,2,,,,2,1,2,2,1,2,2,2863,gemini,2025,남성,7
1,2,,,,2,2,2,2,2,2,2,2864,gemini,2025,남성,7
2,2,,,,1,1,2,2,1,2,1,2865,gemini,2025,남성,7
2,2,,,,2,1,2,2,1,2,2,2866,gemini,2025,남성,7
2,2,,,,2,1,2,2,1,2,2,2867,gemini,2025,남성,7
2,2,,,,2,1,2,2,1,2,2,2868,gemini,2025,남성,7
2,2,,,,2,1,2,2,1,2,2,2869,gemini,2025,남성,7
2,2,,,,2,1,2,2,1,2,2,2870,gemini,2025,남성,7
2,2,,,,1,1,2,2,1,2,2,2871,gemini,2025,남성,7
3,1,1.0,1.0,2.0,1,1,2,2,1,2,1,2872,gemini,2025,남성,7
2,2,,,,2,1,2,2,1,2,2,2873,gemini,2025,남성,7
2,2,,,,2,1,2,2,1,2,2,2874,gemini,2025,남성,7
2,2,,,,2,1,2,2,1,2,2,2875,gemini,2025,남성,7
2,2,,,,1,1,2,2,1,2,2,2876,gemini,2025,남성,7
2,2,,,,2,1,2,2,1,2,2,2877,gemini,2025,남성,7
2,2,,,,2,1,2,2,1,2,2,2878,gemini,2025,남성,7
2,2,,,,2,1,2,2,1,2,2,2879,gemini,2025,남성,7
2,2,,,,2,1,2,2,1,2,2,2880,gemini,2025,남성,7
2,2,,,,2,1,2,2,1,2,2,2881,gemini,2025,남성,7
2,2,,,,2,1,2,2,1,2,2,2882,gemini,2025,남성,7
3,1,1.0,4.0,2.0,2,1,2,1,1,2,2,2883,gemini,2025,남성,7
3,1,1.0,4.0,2.0,1,1,2,2,1,2,1,2884,gemini,2025,남성,7
2,2,,,,2,1,2,2,1,2,2,2885,gemini,2025,남성,7
2,2,,,,2,1,2,2,1,2,2,2886,gemini,2025,남성,7
2,2,,,,2,1,2,2,1,2,2,2887,gemini,2025,남성,7
2,2,,,,2,1,2,2,1,2,2,2888,gemini,2025,남성,7
2,2,,,,2,1,2,2,1,2,2,2889,gemini,2025,남성,7
2,2,,,,2,1,2,2,1,2,2,2890,gemini,2025,남성,7
2,2,,,,2,1,2,2,1,2,2,2891,gemini,2025,남성,7
2,2,,,,2,1,2,2,1,2,2,2892,gemini,2025,남성,7
2,2,,,,2,1,2,2,1,2,2,2893,gemini,2025,남성,7
2,2,,,,2,1,2,2,1,2,2,2894,gemini,2025,남성,7
2,2,,,,2,1,2,2,1,2,2,2895,gemini,2025,남성,7
2,2,,,,2,1,2,2,1,2,2,2896,gemini,2025,남성,7
2,2,,,,2,1,2,2,1,2,2,2897,gemini,2025,남성,7
2,2,,,,2,1,2,2,1,2,2,2898,gemini,2025,남성,7
2,2,,,,2,1,2,2,1,2,2,2899,gemini,2025,남성,7
2,2,,,,2,1,2,2,1,2,2,2900,gemini,2025,남성,7
2,2,,,,1,1,2,2,1,2,2,2901,gemini,2025,남성,7
2,2,,,,2,1,2,2,1,2,2,2902,gemini,2025,남성,7
2,2,,,,2,1,2,2,1,2,2,2903,gemini,2025,남성,7
2,2,,,,2,1,2,2,1,2,2,2904,gemini,2025,남성,7
2,2,,,,2,1,2,2,1,2,2,2905,gemini,2025,남성,7
3,1,1.0,4.0,2.0,1,1,2,2,1,2,2,2906,gemini,2025,남성,7
2,2,,,,2,1,2,2,1,2,2,2907,gemini,2025,남성,7
2,2,,,,2,1,2,2,1,2,2,2908,gemini,2025,남성,7
2,2,,,,2,1,2,2,1,2,2,2909,gemini,2025,남성,7
2,2,,,,2,1,2,2,1,2,2,2910,gemini,2025,남성,7
2,2,,,,2,1,2,2,1,2,2,2911,gemini,2025,남성,7
2,2,,,,2,1,2,2,1,2,2,2912,gemini,2025,남성,7
2,2,,,,2,1,2,2,1,2,2,2913,gemini,2025,남성,7
2,2,,,,2,1,2,2,1,2,2,2914,gemini,2025,남성,7
2,2,,,,1,1,2,2,1,2,2,2915,gemini,2025,남성,7
2,2,,,,2,1,2,2,1,2,2,2916,gemini,2025,남성,7
2,2,,,,2,1,2,2,1,2,2,2917,gemini,2025,남성,7
2,2,,,,2,1,2,2,1,2,2,2918,gemini,2025,남성,7
2,2,,,,2,1,2,2,1,2,2,2919,gemini,2025,남성,7
2,2,,,,2,1,2,2,1,2,2,2920,gemini,2025,남성,7
2,2,,,,2,1,2,2,1,2,2,2921,gemini,2025,남성,7
2,2,,,,2,1,2,2,1,2,2,2922,gemini,2025,남성,7
2,2,,,,2,1,2,2,1,2,2,2923,gemini,2025,남성,7
2,2,,,,2,1,2,2,1,2,2,2924,gemini,2025,남성,7
2,2,,,,2,1,2,2,1,2,2,2925,gemini,2025,남성,7
2,2,,,,2,1,2,2,1,2,2,2926,gemini,2025,남성,7
2,2,,,,2,1,2,2,1,2,2,2927,gemini,2025,남성,7
2,2,,,,2,1,2,2,1,2,2,2928,gemini,2025,남성,7
2,2,,,,2,1,2,2,1,2,2,2929,gemini,2025,남성,7
3,1,1.0,4.0,2.0,1,1,2,1,1,2,1,2930,gemini,2025,남성,7
2,2,,,,2,1,2,2,1,2,2,2931,gemini,2025,남성,7
2,2,,,,2,1,2,2,1,2,2,2932,gemini,2025,남성,7
2,2,,,,1,1,2,2,1,2,2,2933,gemini,2025,남성,7
2,2,,,,2,1,2,2,1,2,2,2934,gemini,2025,남성,7
2,2,,,,2,1,2,2,1,2,2,2935,gemini,2025,남성,7
2,2,,,,2,1,2,2,1,2,2,2936,gemini,2025,남성,7
2,2,,,,2,1,2,2,1,2,2,2937,gemini,2025,남성,7
2,2,,,,2,1,2,2,1,2,2,2938,gemini,2025,남성,7
2,2,,,,2,1,2,2,1,2,2,2939,gemini,2025,남성,7
2,2,,,,2,1,2,2,1,2,2,2940,gemini,2025,남성,7
3,1,1.0,3.0,2.0,1,1,2,1,1,2,2,2941,gemini,2025,남성,7
2,2,,,,2,1,2,2,1,2,2,2942,gemini,2025,남성,7
1,2,,,,2,1,2,2,1,2,2,2943,gemini,2025,남성,7
2,2,,,,2,1,2,2,1,2,2,2944,gemini,2025,남성,7
2,2,,,,2,1,2,2,1,2,2,2945,gemini,2025,남성,7
2,2,,,,2,1,2,2,1,2,2,2946,gemini,2025,남성,7
2,2,,,,2,1,2,2,1,2,2,2947,gemini,2025,남성,7
2,2,,,,2,1,2,2,1,2,2,2948,gemini,2025,남성,7
3,1,1.0,4.0,2.0,1,1,2,2,1,2,2,2949,gemini,2025,남성,7
2,2,,,,2,1,2,2,1,2,2,2950,gemini,2025,남성,7
3,1,1.0,4.0,2.0,1,1,2,1,1,2,1,2951,gemini,2025,남성,7
2,2,,,,2,1,2,2,1,2,2,2952,gemini,2025,남성,7
2,2,,,,2,1,2,2,1,2,2,2953,gemini,2025,남성,7
2,2,,,,2,1,2,2,1,2,2,2954,gemini,2025,남성,7
2,2,,,,2,1,2,2,1,2,2,2955,gemini,2025,남성,7
3,1,1.0,4.0,2.0,1,1,2,1,1,2,2,2956,gemini,2025,남성,7
2,2,,,,2,1,2,2,1,2,2,2957,gemini,2025,남성,7
2,2,,,,2,1,2,2,1,2,2,2958,gemini,2025,남성,7
2,2,,,,2,1,2,2,1,2,2,2959,gemini,2025,남성,7
3,1,1.0,1.0,2.0,2,1,2,2,1,2,2,2960,gemini,2025,남성,7
2,2,,,,2,1,2,2,1,2,2,2961,gemini,2025,남성,7
2,2,,,,2,1,2,2,1,2,2,2962,gemini,2025,남성,7
1,2,,,,2,2,2,2,2,2,2,2963,gemini,2025,남성,7
2,2,,,,2,1,2,2,1,2,2,2964,gemini,2025,남성,7
2,2,,,,2,1,2,2,1,2,2,2965,gemini,2025,남성,7
3,1,1.0,1.0,2.0,1,1,2,1,1,2,1,2966,gemini,2025,남성,7
2,2,,,,1,1,2,1,1,2,2,2967,gemini,2025,남성,7
2,2,,,,2,1,2,2,1,2,2,2968,gemini,2025,남성,7
3,1,1.0,1.0,2.0,1,1,2,2,1,2,2,2969,gemini,2025,남성,7
3,1,1.0,4.0,2.0,2,1,2,2,1,2,2,2970,gemini,2025,남성,7
1,2,,,,2,1,2,2,2,2,2,2971,gemini,2025,남성,7
2,2,,,,2,1,2,2,1,2,2,2972,gemini,2025,남성,7
2,2,,,,2,1,2,2,1,2,2,2973,gemini,2025,남성,7
2,2,,,,2,1,2,2,1,2,2,2974,gemini,2025,남성,7
3,1,1.0,4.0,2.0,1,1,2,1,1,2,1,2975,gemini,2025,남성,7
2,2,,,,2,1,2,2,1,2,2,2976,gemini,2025,남성,7
2,2,,,,2,1,2,2,1,2,2,2977,gemini,2025,남성,7
2,2,,,,2,1,2,2,1,2,2,2978,gemini,2025,남성,7
2,2,,,,2,1,2,2,1,2,2,2979,gemini,2025,남성,7
2,2,,,,2,1,2,2,1,2,2,2980,gemini,2025,남성,7
2,2,,,,2,1,2,2,1,2,2,2981,gemini,2025,남성,7
2,2,,,,2,1,2,2,1,2,2,2982,gemini,2025,남성,7
3,1,1.0,3.0,2.0,2,1,2,2,1,2,2,2983,gemini,2025,남성,7
2,2,,,,2,1,2,2,1,2,2,2984,gemini,2025,남성,7
2,2,,,,2,1,2,2,1,2,2,2985,gemini,2025,남성,7
1,2,,,,2,2,2,2,2,2,2,2986,gemini,2025,남성,7
2,2,,,,2,1,2,2,1,2,2,2987,gemini,2025,남성,7
2,2,,,,2,1,2,2,1,2,2,2988,gemini,2025,남성,7
2,2,,,,2,1,2,2,1,2,2,2989,gemini,2025,남성,7
2,2,,,,2,1,2,2,1,2,2,2990,gemini,2025,남성,7
2,2,,,,2,1,2,2,1,2,2,2991,gemini,2025,남성,7
2,2,,,,2,1,2,2,1,2,2,2992,gemini,2025,남성,7
2,2,,,,2,1,2,2,1,2,2,2993,gemini,2025,남성,7
2,2,,,,2,1,2,2,1,2,2,2994,gemini,2025,남성,7
1,2,,,,2,1,2,2,1,2,2,2995,gemini,2025,남성,7
2,2,,,,2,1,2,2,1,2,2,2996,gemini,2025,남성,7
2,2,,,,2,1,2,2,1,2,2,2997,gemini,2025,남성,7
2,2,,,,2,1,2,2,1,2,2,2998,gemini,2025,남성,7
3,1,1.0,4.0,2.0,1,1,2,1,1,2,1,2999,gemini,2025,남성,7
2,2,,,,2,1,2,2,1,2,2,3000,gemini,2025,남성,7
2,2,,,,2,1,2,2,1,2,2,3001,gemini,2025,남성,7
2,2,,,,1,1,2,1,1,2,2,3002,gemini,2025,남성,7
2,2,,,,2,1,2,2,1,2,2,3003,gemini,2025,남성,7
2,2,,,,2,1,2,1,1,2,2,3004,gemini,2025,남성,7
2,2,,,,2,1,2,2,1,2,2,3005,gemini,2025,남성,7
2,2,,,,2,1,2,2,1,2,2,3006,gemini,2025,남성,7
2,2,,,,2,1,2,2,1,2,2,3007,gemini,2025,남성,7
2,2,,,,2,1,2,2,1,2,2,3008,gemini,2025,남성,7
2,2,,,,2,1,2,2,1,2,2,3009,gemini,2025,남성,7
2,2,,,,1,1,2,2,1,2,2,3010,gemini,2025,남성,7
2,2,,,,2,1,2,2,1,2,2,3011,gemini,2025,남성,7
2,2,,,,2,1,2,2,1,2,2,3012,gemini,2025,남성,7
2,2,,,,2,1,2,2,1,2,2,3013,gemini,2025,남성,7
1,2,,,,2,2,2,2,1,2,2,3014,gemini,2025,남성,7
2,2,,,,2,1,2,2,1,2,2,3015,gemini,2025,남성,7
2,2,,,,2,1,2,2,1,2,2,3016,gemini,2025,남성,7
2,2,,,,2,1,2,2,1,2,2,3017,gemini,2025,남성,7
3,1,1.0,4.0,2.0,1,1,2,1,1,2,2,3018,gemini,2025,남성,7
2,2,,,,2,1,2,2,1,2,2,3019,gemini,2025,남성,7
2,2,,,,2,1,2,2,1,2,2,3020,gemini,2025,남성,7
2,2,,,,2,1,2,2,1,2,2,3021,gemini,2025,남성,7
2,2,,,,1,1,2,2,1,2,2,3022,gemini,2025,남성,7
2,2,,,,2,1,2,2,1,2,2,3023,gemini,2025,남성,7
2,2,,,,2,1,2,2,1,2,2,3024,gemini,2025,남성,7
1,2,,,,2,1,2,2,1,2,2,3025,gemini,2025,남성,7
2,2,,,,2,1,2,2,1,2,2,3026,gemini,2025,남성,7
2,2,,,,2,1,2,2,1,2,2,3027,gemini,2025,남성,7
2,2,,,,2,1,2,2,1,2,2,3028,gemini,2025,남성,7
2,2,,,,2,1,2,2,1,2,2,3029,gemini,2025,남성,7
2,2,,,,2,1,2,2,1,2,2,3030,gemini,2025,남성,7
2,2,,,,2,1,2,2,1,2,2,3031,gemini,2025,남성,7
2,2,,,,2,1,2,2,1,2,2,3032,gemini,2025,남성,7
2,2,,,,2,1,2,2,1,2,2,3033,gemini,2025,남성,7
2,2,,,,2,1,2,2,1,2,2,3034,gemini,2025,남성,7
2,2,,,,2,1,2,1,1,2,2,3035,gemini,2025,남성,7
2,2,,,,2,1,2,2,1,2,2,3036,gemini,2025,남성,7
2,2,,,,2,1,2,2,1,2,2,3037,gemini,2025,남성,7
2,2,,,,2,1,2,2,1,2,2,3038,gemini,2025,남성,7
2,2,,,,2,1,2,2,1,2,2,3039,gemini,2025,남성,7
2,2,,,,2,1,2,2,1,2,2,3040,gemini,2025,남성,7
2,2,,,,2,1,2,2,1,2,2,3041,gemini,2025,남성,7
2,2,,,,2,1,2,2,1,2,2,3042,gemini,2025,남성,7
2,2,,,,2,1,2,2,1,2,2,3043,gemini,2025,남성,7
2,2,,,,2,1,2,2,1,2,2,3044,gemini,2025,남성,7
2,2,,,,2,1,2,2,1,2,2,3045,gemini,2025,남성,7
2,2,,,,2,1,2,2,1,2,2,3046,gemini,2025,남성,7
2,2,,,,2,1,2,2,1,2,2,3047,gemini,2025,남성,7
3,1,1.0,4.0,2.0,1,1,2,2,1,2,2,3048,gemini,2025,남성,7
2,2,,,,2,1,2,2,1,2,2,3049,gemini,2025,남성,7
2,2,,,,2,1,2,2,1,2,2,3050,gemini,2025,남성,7
1,2,,,,2,1,2,2,1,2,2,3051,gemini,2025,남성,7
2,2,,,,2,1,2,2,1,2,2,3052,gemini,2025,남성,7
2,2,,,,2,1,2,2,1,2,2,3053,gemini,2025,남성,7
1,2,,,,2,2,2,2,2,2,2,3054,gemini,2025,남성,7
2,2,,,,2,1,2,2,1,2,2,3055,gemini,2025,남성,7
2,2,,,,2,1,2,2,1,2,2,3056,gemini,2025,남성,7
2,2,,,,2,1,2,2,1,2,2,3057,gemini,2025,남성,7
2,2,,,,2,1,2,2,1,2,2,3058,gemini,2025,남성,7
2,2,,,,2,1,2,2,1,2,2,3059,gemini,2025,남성,7
2,2,,,,2,1,2,2,1,2,2,3060,gemini,2025,남성,7
2,2,,,,2,1,2,2,1,2,2,3061,gemini,2025,남성,7
2,2,,,,2,1,2,2,1,2,2,3062,gemini,2025,남성,7
2,2,,,,2,1,2,2,1,2,2,3063,gemini,2025,남성,7
3,1,1.0,1.0,2.0,1,1,2,2,1,2,2,3064,gemini,2025,남성,7
2,2,,,,2,1,2,2,1,2,2,3065,gemini,2025,남성,7
3,1,1.0,1.0,2.0,1,1,2,2,1,2,1,3066,gemini,2025,남성,7
3,1,4.0,4.0,2.0,2,1,2,2,1,2,2,3067,gemini,2025,남성,7
2,2,,,,2,1,2,2,1,2,2,3068,gemini,2025,남성,7
2,2,,,,2,1,2,2,1,2,2,3069,gemini,2025,남성,7
2,2,,,,2,1,2,2,1,2,2,3070,gemini,2025,남성,7
3,1,1.0,4.0,2.0,1,1,2,2,1,2,2,3071,gemini,2025,남성,7
2,2,,,,2,1,1,1,1,2,2,3072,gemini,2025,남성,7
2,2,,,,2,1,2,2,1,2,2,3073,gemini,2025,남성,7
2,2,,,,2,1,2,2,1,2,2,3074,gemini,2025,남성,7
2,2,,,,2,1,2,2,1,2,2,3075,gemini,2025,남성,7
2,2,,,,2,1,2,2,1,2,2,3076,gemini,2025,남성,7
2,2,,,,2,1,2,2,1,2,2,3077,gemini,2025,남성,7
2,2,,,,2,1,2,2,1,2,2,3078,gemini,2025,남성,7
2,2,,,,2,1,2,2,1,2,2,3079,gemini,2025,남성,7
3,1,1.0,4.0,2.0,1,1,2,1,1,2,2,3080,gemini,2025,남성,7
2,2,,,,2,1,2,2,1,2,2,3081,gemini,2025,남성,7
1,2,,,,2,2,2,2,2,2,2,3082,gemini,2025,남성,7
2,2,,,,2,1,2,2,1,2,2,3083,gemini,2025,남성,7
2,2,,,,2,1,2,2,1,2,2,3084,gemini,2025,남성,7
2,2,,,,2,1,2,2,1,2,2,3085,gemini,2025,남성,7
2,2,,,,2,1,2,2,1,2,2,3086,gemini,2025,남성,7
2,2,,,,2,1,2,2,1,2,2,3087,gemini,2025,남성,7
2,2,,,,2,1,2,2,1,2,2,3088,gemini,2025,남성,7
2,2,,,,2,1,2,2,1,2,2,3089,gemini,2025,남성,7
2,2,,,,2,1,2,2,1,2,2,3090,gemini,2025,남성,7
2,2,,,,2,1,2,2,1,2,2,3091,gemini,2025,남성,7
3,1,1.0,1.0,2.0,1,1,2,2,1,2,2,3092,gemini,2025,남성,7
1,2,,,,2,1,2,2,1,2,2,3093,gemini,2025,남성,7
2,2,,,,2,1,2,2,1,2,2,3094,gemini,2025,남성,7
2,2,,,,2,1,2,2,1,2,2,3095,gemini,2025,남성,7
2,2,,,,2,1,2,2,1,2,2,3096,gemini,2025,남성,7
2,2,,,,2,1,2,2,1,2,2,3097,gemini,2025,남성,7
2,2,,,,2,1,2,2,1,2,2,3098,gemini,2025,남성,7
2,2,,,,2,1,2,2,1,2,2,3099,gemini,2025,남성,7
2,2,,,,2,1,2,2,1,2,2,3100,gemini,2025,남성,7
2,2,,,,2,1,2,2,1,2,2,3101,gemini,2025,남성,7
2,2,,,,2,1,2,2,1,2,2,3102,gemini,2025,남성,7
2,2,,,,2,1,2,2,1,2,2,3103,gemini,2025,남성,7
2,2,,,,2,1,2,2,1,2,2,3104,gemini,2025,남성,7
2,2,,,,2,1,2,2,1,2,2,3105,gemini,2025,남성,7
2,2,,,,1,1,2,2,1,2,2,3106,gemini,2025,남성,7
2,2,,,,2,1,2,2,1,2,2,3107,gemini,2025,남성,7
2,2,,,,2,1,2,2,1,2,2,3108,gemini,2025,남성,7
2,2,,,,2,1,2,2,1,2,2,3109,gemini,2025,남성,7
2,2,,,,2,1,2,2,1,2,2,3110,gemini,2025,남성,7
2,2,,,,2,1,2,2,1,2,2,3111,gemini,2025,남성,7
2,2,,,,2,1,2,2,1,2,2,3112,gemini,2025,남성,7
3,1,1.0,1.0,2.0,1,1,2,2,1,2,2,3113,gemini,2025,남성,7
2,2,,,,2,1,2,2,1,2,2,3114,gemini,2025,남성,7
2,2,,,,2,1,2,2,1,2,2,3115,gemini,2025,남성,7
2,2,,,,2,1,2,2,1,2,2,3116,gemini,2025,남성,7
3,1,1.0,4.0,2.0,2,1,2,2,1,2,2,3117,gemini,2025,남성,7
2,2,,,,2,1,2,2,1,2,2,3118,gemini,2025,남성,7
2,2,,,,2,1,2,2,1,2,2,3119,gemini,2025,남성,7
2,2,,,,2,1,2,2,1,2,2,3120,gemini,2025,남성,7
2,2,,,,2,1,2,2,1,2,2,3121,gemini,2025,남성,7
2,2,,,,2,1,2,2,1,2,2,3122,gemini,2025,남성,7
2,2,,,,2,1,2,2,1,2,2,3123,gemini,2025,남성,7
2,2,,,,2,1,2,2,1,2,2,3124,gemini,2025,남성,7
2,2,,,,2,1,2,2,1,2,2,3125,gemini,2025,남성,7
2,2,,,,2,1,2,2,1,2,2,3126,gemini,2025,남성,7
2,2,,,,2,1,2,2,1,2,2,3127,gemini,2025,남성,7
2,2,,,,2,1,2,2,1,2,2,3128,gemini,2025,남성,7
2,2,,,,1,1,2,2,1,2,2,3129,gemini,2025,남성,7
3,1,1.0,4.0,2.0,2,1,2,2,1,2,2,3130,gemini,2025,남성,7
2,2,,,,2,1,2,2,1,2,2,3131,gemini,2025,남성,7
2,2,,,,2,1,2,2,1,2,2,3132,gemini,2025,남성,7
2,2,,,,2,1,2,2,1,2,2,3133,gemini,2025,남성,7
2,2,,,,2,1,2,2,1,2,2,3134,gemini,2025,남성,7
2,2,,,,2,1,2,2,1,2,2,3135,gemini,2025,남성,7
2,2,,,,2,1,2,2,1,2,2,3136,gemini,2025,남성,7
2,2,,,,2,1,2,2,1,2,2,3137,gemini,2025,남성,7
2,2,,,,2,1,2,2,1,2,2,3138,gemini,2025,남성,7
2,2,,,,1,1,2,2,1,2,2,3139,gemini,2025,남성,7
2,2,,,,2,1,2,2,1,2,2,3140,gemini,2025,남성,7
2,2,,,,2,1,2,2,1,2,2,3141,gemini,2025,남성,7
2,2,,,,1,1,2,2,1,2,2,3142,gemini,2025,남성,7
2,2,,,,1,1,2,2,1,2,1,3143,gemini,2025,남성,7
2,2,,,,2,1,2,2,1,2,2,3144,gemini,2025,남성,7
1,2,,,,2,1,2,2,1,2,2,3145,gemini,2025,남성,7
2,2,,,,2,1,2,2,1,2,2,3146,gemini,2025,남성,7
3,1,1.0,4.0,2.0,1,1,2,2,1,2,2,3147,gemini,2025,남성,7
2,2,,,,2,1,2,2,1,2,2,3148,gemini,2025,남성,7
2,2,,,,2,1,2,2,1,2,2,3149,gemini,2025,남성,7
2,2,,,,2,1,2,2,1,2,2,3150,gemini,2025,남성,7
2,2,,,,2,1,2,2,1,2,2,3151,gemini,2025,남성,7
2,2,,,,2,1,2,2,1,2,2,3152,gemini,2025,남성,7
2,2,,,,2,1,2,2,1,2,2,3153,gemini,2025,남성,7
2,2,,,,2,1,2,2,1,2,2,3154,gemini,2025,남성,7
2,2,,,,2,1,2,2,1,2,2,3155,gemini,2025,남성,7
2,2,,,,2,1,2,2,1,2,2,3156,gemini,2025,남성,7
1,2,,,,2,1,2,2,1,2,2,3157,gemini,2025,남성,7
2,2,,,,2,1,2,2,1,2,2,3158,gemini,2025,남성,7
2,2,,,,2,1,2,2,1,2,2,3159,gemini,2025,남성,7
2,2,,,,2,1,2,2,1,2,2,3160,gemini,2025,남성,7
2,2,,,,2,1,2,2,1,2,2,3161,gemini,2025,남성,7
2,2,,,,2,1,2,2,1,2,2,3162,gemini,2025,남성,7
2,2,,,,2,1,2,2,1,2,2,3163,gemini,2025,남성,7
2,2,,,,2,1,2,2,1,2,2,3164,gemini,2025,남성,7
2,2,,,,2,1,2,2,1,2,2,3165,gemini,2025,남성,7
2,2,,,,1,1,2,2,1,2,2,3166,gemini,2025,남성,7
3,1,1.0,3.0,2.0,1,1,2,1,1,2,1,3167,gemini,2025,남성,7
3,1,1.0,1.0,2.0,1,1,2,2,1,2,2,3168,gemini,2025,남성,7
2,2,,,,2,1,2,2,1,2,2,3169,gemini,2025,남성,7
2,2,,,,2,1,2,2,1,2,2,3170,gemini,2025,남성,7
2,2,,,,2,1,2,2,1,2,2,3171,gemini,2025,남성,7
2,2,,,,2,1,2,2,1,2,2,3172,gemini,2025,남성,7
3,1,1.0,4.0,2.0,1,1,1,1,1,2,1,3173,gemini,2025,남성,7
2,2,,,,2,1,2,2,1,2,2,3174,gemini,2025,남성,7
1,2,,,,2,1,2,2,1,2,2,3175,gemini,2025,남성,7
2,2,,,,2,1,2,2,1,2,2,3176,gemini,2025,남성,7
2,2,,,,2,1,2,2,1,2,2,3177,gemini,2025,남성,7
2,2,,,,2,1,2,2,1,2,2,3178,gemini,2025,남성,7
2,2,,,,2,1,2,2,1,2,2,3179,gemini,2025,남성,7
2,2,,,,2,1,2,2,1,2,2,3180,gemini,2025,남성,7
2,2,,,,2,1,2,2,1,2,2,3181,gemini,2025,남성,7
2,2,,,,2,1,2,2,1,2,2,3182,gemini,2025,남성,7
2,2,,,,2,1,2,2,1,2,2,3183,gemini,2025,남성,7
1,2,,,,2,2,2,2,2,2,2,3184,gemini,2025,남성,7
1,2,,,,2,2,2,2,2,2,2,3185,gemini,2025,남성,7
2,2,,,,2,1,2,2,1,2,2,3186,gemini,2025,남성,7
2,2,,,,2,1,2,2,1,2,2,3187,gemini,2025,남성,7
1,2,,,,2,1,2,2,1,2,2,3188,gemini,2025,남성,7
2,2,,,,2,1,2,2,1,2,2,3189,gemini,2025,남성,7
2,2,,,,2,1,2,2,1,2,2,3190,gemini,2025,남성,7
2,2,,,,2,1,2,2,1,2,2,3191,gemini,2025,남성,7
2,2,,,,2,1,2,2,1,2,2,3192,gemini,2025,남성,7
1,2,,,,2,1,2,2,1,2,2,3193,gemini,2025,남성,7
3,1,1.0,4.0,2.0,2,1,2,2,1,2,2,3194,gemini,2025,남성,7
2,2,,,,2,1,2,2,1,2,2,3195,gemini,2025,남성,7
3,1,1.0,4.0,2.0,1,1,2,2,1,2,2,3196,gemini,2025,남성,7
2,2,,,,2,1,2,2,1,2,2,3197,gemini,2025,남성,7
2,2,,,,2,1,2,2,1,2,2,3198,gemini,2025,남성,7
1,2,,,,2,1,2,2,1,2,2,3199,gemini,2025,남성,7
2,2,,,,2,1,2,2,1,2,2,3200,gemini,2025,남성,7
2,2,,,,2,1,2,2,1,2,2,3201,gemini,2025,남성,7
2,2,,,,2,1,2,2,1,2,2,3202,gemini,2025,남성,7
2,2,,,,2,1,2,2,1,2,2,3203,gemini,2025,남성,7
2,2,,,,2,1,2,2,1,2,2,3204,gemini,2025,남성,7
3,1,1.0,3.0,2.0,1,1,2,2,1,2,2,3205,gemini,2025,남성,7
2,2,,,,2,1,2,2,2,2,2,3206,gemini,2025,남성,7
2,2,,,,2,1,2,2,1,2,2,3207,gemini,2025,남성,7
2,2,,,,2,1,2,2,1,2,2,3208,gemini,2025,남성,7
2,2,,,,2,1,2,2,1,2,2,3209,gemini,2025,남성,7
1,2,,,,2,1,2,2,1,2,2,3210,gemini,2025,남성,7
2,2,,,,2,1,2,2,1,2,2,3211,gemini,2025,남성,7
2,2,,,,2,1,2,2,1,2,2,3212,gemini,2025,남성,7
2,2,,,,2,1,2,2,1,2,2,3213,gemini,2025,남성,7
2,2,,,,2,1,2,2,1,2,2,3214,gemini,2025,남성,7
2,2,,,,2,1,2,2,1,2,2,3215,gemini,2025,남성,7
2,2,,,,2,1,2,2,1,2,2,3216,gemini,2025,남성,7
2,2,,,,2,1,2,2,1,2,2,3217,gemini,2025,남성,7
2,2,,,,2,1,2,2,1,2,2,3218,gemini,2025,남성,7
2,2,,,,2,1,2,2,1,2,2,3219,gemini,2025,남성,7
2,2,,,,2,1,2,2,1,2,2,3220,gemini,2025,남성,7
1,2,,,,2,1,2,2,1,2,2,3221,gemini,2025,남성,7
2,2,,,,2,1,2,2,1,2,2,3222,gemini,2025,남성,7
2,2,,,,2,1,2,2,1,2,2,3223,gemini,2025,남성,7
2,2,,,,1,1,2,2,1,2,2,3224,gemini,2025,남성,7
1,2,,,,2,1,2,2,1,2,2,3225,gemini,2025,남성,7
3,1,1.0,4.0,2.0,2,1,2,2,1,2,2,3226,gemini,2025,남성,7
2,2,,,,2,1,2,2,1,2,2,3227,gemini,2025,남성,7
2,2,,,,2,1,2,2,1,2,2,3228,gemini,2025,남성,7
2,2,,,,2,1,2,2,1,2,2,3229,gemini,2025,남성,7
2,2,,,,2,1,2,2,1,2,2,3230,gemini,2025,남성,7
2,2,,,,2,1,2,2,1,2,2,3231,gemini,2025,남성,7
2,2,,,,2,1,2,2,1,2,2,3232,gemini,2025,남성,7
2,2,,,,2,1,2,2,1,2,2,3233,gemini,2025,남성,7
2,1,1.0,4.0,2.0,2,1,2,1,1,2,2,3234,gemini,2025,남성,7
2,2,,,,2,1,2,2,1,2,2,3235,gemini,2025,남성,7
3,1,1.0,4.0,2.0,1,1,2,2,1,2,2,3236,gemini,2025,남성,7
2,2,,,,2,1,2,2,1,2,2,3237,gemini,2025,남성,7
2,2,,,,2,1,2,2,1,2,2,3238,gemini,2025,남성,7
2,2,,,,2,1,2,2,1,2,2,3239,gemini,2025,남성,7
2,2,,,,2,1,2,2,1,2,2,3240,gemini,2025,남성,7
2,2,,,,2,1,2,2,1,2,2,3241,gemini,2025,남성,7
2,2,,,,2,1,2,2,1,2,2,3242,gemini,2025,남성,7
2,2,,,,2,1,2,2,1,2,2,3243,gemini,2025,남성,7
2,2,,,,2,1,2,2,1,2,2,3244,gemini,2025,남성,7
2,2,,,,2,1,2,2,1,2,2,3245,gemini,2025,남성,7
2,2,,,,2,1,2,2,1,2,2,3246,gemini,2025,남성,7
3,1,1.0,4.0,2.0,1,1,2,1,1,2,2,3247,gemini,2025,남성,7
2,2,,,,2,1,2,2,1,2,2,3248,gemini,2025,남성,7
2,2,,,,2,1,2,2,1,2,2,3249,gemini,2025,남성,7
2,2,,,,2,1,2,2,1,2,2,3250,gemini,2025,남성,7
2,2,,,,2,1,2,2,1,2,2,3251,gemini,2025,남성,7
3,1,1.0,4.0,2.0,1,1,2,2,1,2,2,3252,gemini,2025,남성,7
2,2,,,,2,1,2,2,1,2,2,3253,gemini,2025,남성,7
1,2,,,,2,1,2,2,1,2,2,3254,gemini,2025,남성,7
3,1,1.0,4.0,2.0,1,1,2,2,1,2,2,3255,gemini,2025,남성,7
2,2,,,,1,1,2,2,1,2,2,3256,gemini,2025,남성,7
2,2,,,,2,1,2,2,1,2,2,3257,gemini,2025,남성,7
3,1,1.0,4.0,2.0,2,1,2,2,1,2,2,3258,gemini,2025,남성,7
2,2,,,,2,1,2,1,1,2,2,3259,gemini,2025,남성,7
3,1,1.0,4.0,2.0,1,1,2,2,1,2,2,3260,gemini,2025,남성,7
2,2,,,,2,1,2,2,1,2,2,3261,gemini,2025,남성,7
2,2,,,,2,1,2,2,1,2,2,3262,gemini,2025,남성,7
2,2,,,,2,1,2,2,1,2,2,3263,gemini,2025,남성,7
2,2,,,,2,1,2,2,1,2,2,3264,gemini,2025,남성,7
2,2,,,,2,1,2,2,1,2,2,3265,gemini,2025,남성,7
2,1,1.0,4.0,2.0,1,1,2,2,1,2,1,3266,gemini,2025,남성,7
3,1,1.0,4.0,2.0,1,1,2,1,1,2,1,3267,gemini,2025,남성,7
2,2,,,,2,2,2,2,1,2,2,3268,gemini,2025,남성,7
2,2,,,,2,1,2,2,1,2,2,3269,gemini,2025,남성,7
2,2,,,,2,1,2,2,1,2,2,3270,gemini,2025,남성,7
3,1,1.0,4.0,2.0,1,1,2,2,1,2,2,3271,gemini,2025,남성,7
2,2,,,,2,1,2,2,1,2,2,3272,gemini,2025,남성,7
2,2,,,,2,1,2,2,1,2,2,3273,gemini,2025,남성,7
2,2,,,,2,1,2,2,1,2,2,3274,gemini,2025,남성,7
2,2,,,,2,1,2,2,1,2,2,3275,gemini,2025,남성,7
2,2,,,,2,1,2,2,1,2,2,3276,gemini,2025,남성,7
2,2,,,,2,1,2,2,1,2,2,3277,gemini,2025,남성,7
2,2,,,,2,1,2,2,1,2,2,3278,gemini,2025,남성,7
2,2,,,,2,2,2,2,1,2,2,3279,gemini,2025,남성,7
2,2,,,,2,1,2,2,1,2,2,3280,gemini,2025,남성,7
1,2,,,,2,1,2,2,1,2,2,3281,gemini,2025,남성,7
1,2,,,,2,2,2,2,2,2,2,3282,gemini,2025,남성,7
2,2,,,,2,1,2,2,1,2,2,3283,gemini,2025,남성,7
2,2,,,,2,1,2,2,1,2,2,3284,gemini,2025,남성,7
2,2,,,,2,1,2,2,1,2,2,3285,gemini,2025,남성,7
2,2,,,,2,1,2,2,1,2,2,3286,gemini,2025,남성,7
3,1,1.0,1.0,2.0,2,1,2,2,1,2,2,3287,gemini,2025,남성,7
2,2,,,,1,1,2,2,1,2,2,3288,gemini,2025,남성,7
2,2,,,,2,1,2,2,1,2,2,3289,gemini,2025,남성,7
2,2,,,,2,1,2,2,1,2,2,3290,gemini,2025,남성,7
2,2,,,,2,1,2,2,1,2,2,3291,gemini,2025,남성,7
2,2,,,,2,1,2,2,1,2,2,3292,gemini,2025,남성,7
2,2,,,,2,1,2,2,1,2,2,3293,gemini,2025,남성,7
1,2,,,,2,1,2,2,1,2,2,3294,gemini,2025,남성,7
2,2,,,,2,1,1,2,1,2,2,3295,gemini,2025,남성,7
2,2,,,,2,1,2,2,1,2,2,3296,gemini,2025,남성,7
2,2,,,,2,1,2,2,1,2,2,3297,gemini,2025,남성,7
2,2,,,,2,1,2,2,1,2,2,3298,gemini,2025,남성,7
2,2,,,,2,1,2,2,1,2,2,3299,gemini,2025,남성,7
2,2,,,,2,1,2,2,1,2,2,3300,gemini,2025,남성,7
2,2,,,,2,1,2,2,1,2,2,3301,gemini,2025,남성,7
3,1,1.0,4.0,2.0,1,1,2,1,1,2,1,3302,gemini,2025,남성,7
2,2,,,,2,1,2,2,1,2,2,3303,gemini,2025,남성,7
2,2,,,,2,1,2,2,1,2,2,3304,gemini,2025,남성,7
3,1,1.0,4.0,2.0,1,1,2,2,1,2,2,3305,gemini,2025,남성,7
3,1,1.0,1.0,2.0,1,1,2,2,1,2,1,3306,gemini,2025,남성,7
2,2,,,,2,1,2,2,1,2,2,3307,gemini,2025,남성,7
2,2,,,,2,1,2,2,1,2,2,3308,gemini,2025,남성,7
2,2,,,,2,1,2,2,1,2,2,3309,gemini,2025,남성,7
2,2,,,,2,2,2,2,1,2,2,3310,gemini,2025,남성,7
2,2,,,,2,1,2,2,1,2,2,3311,gemini,2025,남성,7
3,1,1.0,1.0,2.0,1,1,2,1,1,2,2,3312,gemini,2025,남성,7
2,2,,,,2,1,2,2,1,2,2,3313,gemini,2025,남성,7
2,2,,,,2,1,2,2,1,2,2,3314,gemini,2025,남성,7
2,2,,,,2,1,2,2,1,2,2,3315,gemini,2025,남성,7
2,2,,,,1,1,2,2,1,2,2,3316,gemini,2025,남성,7
2,2,,,,2,1,2,2,1,2,2,3317,gemini,2025,남성,7
2,2,,,,2,1,2,2,1,2,2,3318,gemini,2025,남성,7
2,2,,,,2,1,2,2,1,2,2,3319,gemini,2025,남성,7
3,1,1.0,1.0,2.0,1,1,2,1,1,2,1,3320,gemini,2025,남성,7
2,2,,,,2,1,2,2,1,2,2,3321,gemini,2025,남성,7
2,2,,,,2,1,2,2,1,2,2,3322,gemini,2025,남성,7
2,2,,,,2,1,2,2,1,2,2,3323,gemini,2025,남성,7
2,2,,,,1,1,2,2,1,2,2,3324,gemini,2025,남성,7
2,2,,,,2,1,2,2,1,2,2,3325,gemini,2025,남성,7
1,2,,,,2,1,2,2,2,2,2,3326,gemini,2025,남성,7
2,2,,,,2,1,2,2,1,2,2,3327,gemini,2025,남성,7
2,2,,,,2,1,2,2,1,2,2,3328,gemini,2025,남성,7
2,2,,,,2,1,2,2,1,2,2,3329,gemini,2025,남성,7
3,1,1.0,4.0,2.0,1,1,2,2,1,2,2,3330,gemini,2025,남성,7
2,2,,,,2,1,2,2,1,2,2,3331,gemini,2025,남성,7
2,2,,,,2,1,2,2,1,2,2,3332,gemini,2025,남성,7
2,2,,,,2,1,2,2,1,2,2,3333,gemini,2025,남성,7
2,2,,,,2,1,2,2,1,2,2,3334,gemini,2025,남성,7
2,2,,,,2,1,2,2,1,2,2,3335,gemini,2025,남성,7
2,2,,,,2,1,2,2,2,2,2,3336,gemini,2025,남성,7
2,2,,,,2,1,2,2,1,2,2,3337,gemini,2025,남성,7
2,2,,,,2,1,2,2,1,2,2,3338,gemini,2025,남성,7
2,2,,,,2,1,2,2,1,2,2,3339,gemini,2025,남성,7
2,2,,,,2,1,2,2,1,2,2,3340,gemini,2025,남성,7
2,2,,,,2,1,2,2,1,2,2,3341,gemini,2025,남성,7
2,2,,,,2,1,2,2,1,2,2,3342,gemini,2025,남성,7
2,2,,,,2,1,2,2,1,2,2,3343,gemini,2025,남성,7
2,2,,,,2,1,2,2,1,2,2,3344,gemini,2025,남성,7
2,2,,,,2,1,2,2,1,2,2,3345,gemini,2025,남성,7
1,2,,,,2,1,2,2,1,2,2,3346,gemini,2025,남성,7
3,1,1.0,4.0,2.0,1,1,2,1,1,2,2,3347,gemini,2025,남성,7
2,2,,,,2,1,2,2,1,2,2,3348,gemini,2025,남성,7
2,2,,,,2,1,2,1,1,2,2,3349,gemini,2025,남성,7
2,2,,,,2,1,2,2,1,2,2,3350,gemini,2025,남성,7
2,2,,,,2,1,2,2,1,2,2,3351,gemini,2025,남성,7
2,2,,,,2,1,2,2,1,2,2,3352,gemini,2025,남성,7
2,2,,,,2,1,2,2,1,2,2,3353,gemini,2025,남성,7
2,2,,,,2,1,2,2,1,2,2,3354,gemini,2025,남성,7
2,2,,,,2,1,2,2,1,2,2,3355,gemini,2025,남성,7
2,2,,,,2,1,2,2,1,2,2,3356,gemini,2025,남성,7
2,2,,,,2,1,2,2,1,2,2,3357,gemini,2025,남성,7
2,2,,,,2,1,2,2,1,2,2,3358,gemini,2025,남성,7
2,2,,,,2,1,2,2,1,2,2,3359,gemini,2025,남성,7
2,2,,,,2,1,2,2,1,2,2,3360,gemini,2025,남성,7
2,2,,,,2,1,2,2,1,2,2,3361,gemini,2025,남성,7
2,2,,,,2,1,2,2,1,2,2,3362,gemini,2025,남성,7
2,2,,,,2,1,2,2,1,2,2,3363,gemini,2025,남성,7
2,2,,,,2,1,2,2,1,2,2,3364,gemini,2025,남성,7
2,2,,,,2,1,2,2,1,2,2,3365,gemini,2025,남성,7
2,2,,,,2,1,2,2,1,2,2,3366,gemini,2025,남성,7
2,2,,,,2,2,2,2,2,2,2,3367,gemini,2025,남성,7
2,2,,,,2,1,2,2,1,2,2,3368,gemini,2025,남성,7
2,2,,,,2,1,2,2,1,2,2,3369,gemini,2025,남성,7
2,2,,,,2,1,2,2,1,2,2,3370,gemini,2025,남성,7
2,2,,,,2,2,2,2,1,2,2,3371,gemini,2025,남성,7
2,2,,,,2,1,2,2,1,2,2,3372,gemini,2025,남성,7
2,2,,,,1,1,2,2,1,2,2,3373,gemini,2025,남성,7
3,1,1.0,4.0,2.0,1,1,2,1,1,2,1,3374,gemini,2025,남성,7
2,2,,,,1,1,2,1,1,2,1,3375,gemini,2025,남성,7
2,2,,,,2,1,2,2,1,2,2,3376,gemini,2025,남성,7
2,2,,,,2,1,2,2,1,2,2,3377,gemini,2025,남성,7
2,2,,,,2,1,2,2,1,2,2,3378,gemini,2025,남성,7
2,2,,,,2,1,2,2,1,2,2,3379,gemini,2025,남성,7
2,2,,,,2,1,2,2,1,2,2,3380,gemini,2025,남성,7
2,2,,,,1,1,2,2,1,2,2,3381,gemini,2025,남성,7
1,2,,,,2,1,2,2,2,2,2,3382,gemini,2025,남성,8
3,1,1.0,4.0,2.0,2,1,2,2,1,2,2,3383,gemini,2025,남성,8
2,2,,,,2,1,2,2,1,2,2,3384,gemini,2025,남성,8
2,2,,,,2,1,2,2,1,2,2,3385,gemini,2025,남성,8
2,2,,,,2,1,2,2,1,2,2,3386,gemini,2025,남성,8
2,2,,,,2,1,2,2,1,2,2,3387,gemini,2025,남성,8
1,2,,,,2,2,2,2,2,2,2,3388,gemini,2025,남성,8
1,2,,,,2,2,2,2,2,2,2,3389,gemini,2025,남성,8
2,2,,,,2,2,2,2,2,2,2,3390,gemini,2025,남성,8
2,2,,,,2,1,2,2,1,2,2,3391,gemini,2025,남성,8
2,2,,,,2,1,2,2,1,2,2,3392,gemini,2025,남성,8
2,2,,,,2,2,2,2,2,2,2,3393,gemini,2025,남성,8
2,2,,,,2,1,2,2,1,2,2,3394,gemini,2025,남성,8
1,2,,,,2,2,2,2,2,2,2,3395,gemini,2025,남성,8
2,2,,,,2,1,2,2,1,2,2,3396,gemini,2025,남성,8
2,2,,,,2,1,2,2,1,2,2,3397,gemini,2025,남성,8
2,2,,,,2,1,2,2,1,2,2,3398,gemini,2025,남성,8
2,2,,,,2,1,2,2,1,2,2,3399,gemini,2025,남성,8
4,1,1.0,4.0,2.0,2,1,2,2,1,2,2,3400,gemini,2025,남성,8
2,2,,,,2,1,2,2,1,2,2,3401,gemini,2025,남성,8
2,2,,,,2,2,2,2,1,2,2,3402,gemini,2025,남성,8
1,2,,,,2,2,2,2,2,2,2,3403,gemini,2025,남성,8
1,2,,,,2,2,2,2,2,2,2,3404,gemini,2025,남성,8
1,2,,,,2,2,2,2,2,2,2,3405,gemini,2025,남성,8
2,2,,,,2,2,2,2,2,2,2,3406,gemini,2025,남성,8
1,2,,,,2,2,2,2,1,2,2,3407,gemini,2025,남성,8
2,2,,,,2,1,2,2,1,2,2,3408,gemini,2025,남성,8
1,2,,,,2,2,2,2,1,2,2,3409,gemini,2025,남성,8
2,2,,,,2,1,2,2,1,2,2,3410,gemini,2025,남성,8
2,2,,,,2,1,2,2,1,2,2,3411,gemini,2025,남성,8
2,2,,,,2,1,2,2,1,2,2,3412,gemini,2025,남성,8
2,2,,,,2,2,2,2,2,2,2,3413,gemini,2025,남성,8
3,1,1.0,4.0,2.0,2,1,2,2,1,2,2,3414,gemini,2025,남성,8
2,2,,,,2,1,2,2,1,2,2,3415,gemini,2025,남성,8
2,2,,,,2,1,2,2,1,2,2,3416,gemini,2025,남성,8
2,2,,,,2,1,2,2,1,2,2,3417,gemini,2025,남성,8
2,2,,,,2,2,2,2,1,2,2,3418,gemini,2025,남성,8
1,2,,,,2,2,2,2,2,2,2,3419,gemini,2025,남성,8
1,2,,,,2,1,2,2,2,2,2,3420,gemini,2025,남성,8
2,2,,,,2,1,2,2,1,2,2,3421,gemini,2025,남성,8
1,2,,,,2,2,2,2,2,2,2,3422,gemini,2025,남성,8
2,2,,,,2,1,2,2,1,2,2,3423,gemini,2025,남성,8
2,2,,,,2,2,2,2,1,2,2,3424,gemini,2025,남성,8
1,2,,,,2,1,2,2,1,2,2,3425,gemini,2025,남성,8
2,2,,,,2,1,2,2,1,2,2,3426,gemini,2025,남성,8
2,2,,,,2,1,2,2,1,2,2,3427,gemini,2025,남성,8
1,2,,,,2,2,2,2,2,2,2,3428,gemini,2025,남성,8
1,2,,,,2,1,2,2,1,2,2,3429,gemini,2025,남성,8
2,2,,,,2,1,2,2,1,2,2,3430,gemini,2025,남성,8
2,2,,,,2,2,2,2,1,2,2,3431,gemini,2025,남성,8
1,2,,,,2,2,2,2,2,2,2,3432,gemini,2025,남성,8
2,2,,,,2,2,2,2,1,2,2,3433,gemini,2025,남성,8
2,2,,,,2,1,2,2,1,2,2,3434,gemini,2025,남성,8
1,2,,,,2,2,2,2,2,2,2,3435,gemini,2025,남성,8
1,2,,,,2,2,2,2,2,2,2,3436,gemini,2025,남성,8
2,2,,,,2,1,2,2,1,2,2,3437,gemini,2025,남성,8
1,2,,,,2,2,2,2,2,2,2,3438,gemini,2025,남성,8
2,2,,,,2,1,2,2,1,2,2,3439,gemini,2025,남성,8
2,2,,,,2,1,2,2,1,2,2,3440,gemini,2025,남성,8
2,2,,,,2,1,2,2,1,2,2,3441,gemini,2025,남성,8
1,2,,,,2,2,2,2,1,2,2,3442,gemini,2025,남성,8
1,2,,,,2,2,2,2,2,2,2,3443,gemini,2025,남성,8
2,2,,,,2,1,2,2,1,2,2,3444,gemini,2025,남성,8
1,2,,,,2,2,2,2,1,2,2,3445,gemini,2025,남성,8
2,2,,,,1,1,2,2,1,2,2,3446,gemini,2025,남성,8
1,2,,,,2,2,2,2,2,2,2,3447,gemini,2025,남성,8
2,2,,,,2,1,2,2,1,2,2,3448,gemini,2025,남성,8
2,2,,,,2,1,2,2,1,2,2,3449,gemini,2025,남성,8
2,2,,,,2,1,2,2,2,2,2,3450,gemini,2025,남성,8
1,2,,,,2,2,2,2,2,2,2,3451,gemini,2025,남성,8
1,2,,,,2,2,2,2,1,2,2,3452,gemini,2025,남성,8
3,1,1.0,1.0,2.0,1,1,2,2,1,2,2,3453,gemini,2025,남성,8
2,2,,,,1,1,2,2,1,2,2,3454,gemini,2025,남성,8
1,2,,,,2,2,2,2,2,2,2,3455,gemini,2025,남성,8
2,2,,,,2,1,2,2,1,2,2,3456,gemini,2025,남성,8
2,2,,,,2,1,2,2,1,2,2,3457,gemini,2025,남성,8
2,2,,,,2,1,2,2,1,2,2,3458,gemini,2025,남성,8
1,2,,,,2,2,2,2,2,2,2,3459,gemini,2025,남성,8
1,2,,,,2,2,2,2,2,2,2,3460,gemini,2025,남성,8
1,2,,,,2,1,2,2,2,2,2,3461,gemini,2025,남성,8
2,2,,,,2,1,2,2,1,2,2,3462,gemini,2025,남성,8
2,2,,,,2,1,2,2,1,2,2,3463,gemini,2025,남성,8
2,2,,,,2,1,2,2,1,2,2,3464,gemini,2025,남성,8
2,2,,,,2,1,2,2,1,2,2,3465,gemini,2025,남성,8
1,2,,,,2,2,2,2,2,2,2,3466,gemini,2025,남성,8
2,2,,,,2,1,2,2,1,2,2,3467,gemini,2025,남성,8
2,2,,,,2,2,2,2,1,2,2,3468,gemini,2025,남성,8
2,2,,,,2,1,2,2,1,2,2,3469,gemini,2025,남성,8
1,2,,,,2,2,2,2,2,2,2,3470,gemini,2025,남성,8
2,2,,,,2,1,2,2,1,2,2,3471,gemini,2025,남성,8
2,2,,,,2,1,2,2,1,2,2,3472,gemini,2025,남성,8
2,2,,,,2,1,2,2,1,2,2,3473,gemini,2025,남성,8
2,2,,,,2,1,2,2,1,2,2,3474,gemini,2025,남성,8
2,2,,,,2,1,2,2,1,2,2,3475,gemini,2025,남성,8
1,2,,,,2,2,2,2,2,2,2,3476,gemini,2025,남성,8
1,2,,,,2,1,2,2,2,2,2,3477,gemini,2025,남성,8
2,2,,,,2,1,2,2,1,2,2,3478,gemini,2025,남성,8
1,2,,,,2,2,2,2,2,2,2,3479,gemini,2025,남성,8
2,2,,,,2,2,2,2,1,2,2,3480,gemini,2025,남성,8
2,2,,,,2,1,2,2,1,2,2,3481,gemini,2025,남성,8
1,2,,,,2,2,2,2,2,2,2,3482,gemini,2025,남성,8
1,2,,,,2,2,2,2,2,2,2,3483,gemini,2025,남성,8
2,2,,,,2,2,2,2,1,2,2,3484,gemini,2025,남성,8
2,2,,,,2,1,2,2,1,2,2,3485,gemini,2025,남성,8
1,2,,,,2,1,2,2,1,2,2,3486,gemini,2025,남성,8
1,2,,,,2,2,2,2,2,2,2,3487,gemini,2025,남성,8
1,2,,,,2,2,2,2,2,2,2,3488,gemini,2025,남성,8
1,2,,,,2,1,2,2,1,2,2,3489,gemini,2025,남성,8
2,2,,,,2,2,2,2,2,2,2,3490,gemini,2025,남성,8
2,2,,,,2,1,2,2,1,2,2,3491,gemini,2025,남성,8
1,2,,,,2,1,2,2,2,2,2,3492,gemini,2025,남성,8
2,2,,,,2,1,2,2,1,2,2,3493,gemini,2025,남성,8
1,2,,,,2,1,2,2,2,2,2,3494,gemini,2025,남성,8
3,1,1.0,3.0,2.0,1,1,2,1,1,2,1,3495,gemini,2025,남성,8
3,1,1.0,4.0,2.0,1,1,2,1,1,2,1,3496,gemini,2025,남성,8
2,2,,,,2,1,2,2,1,2,2,3497,gemini,2025,남성,8
2,2,,,,2,1,2,2,1,2,2,3498,gemini,2025,남성,8
2,2,,,,2,1,2,2,1,2,2,3499,gemini,2025,남성,8
2,2,,,,2,1,2,2,1,2,2,3500,gemini,2025,남성,8
1,2,,,,2,1,2,2,1,2,2,3501,gemini,2025,남성,8
1,2,,,,2,1,2,2,2,2,2,3502,gemini,2025,남성,8
2,2,,,,2,2,2,2,1,2,2,3503,gemini,2025,남성,8
2,1,1.0,4.0,2.0,1,1,1,2,1,2,1,3504,gemini,2025,남성,8
2,2,,,,2,1,2,2,1,2,2,3505,gemini,2025,남성,8
1,2,,,,2,2,2,2,2,2,2,3506,gemini,2025,남성,8
1,2,,,,2,2,2,2,1,2,2,3507,gemini,2025,남성,8
2,2,,,,2,1,2,2,1,2,2,3508,gemini,2025,남성,8
1,2,,,,2,1,2,2,2,2,2,3509,gemini,2025,남성,8
2,2,,,,2,1,2,2,1,2,2,3510,gemini,2025,남성,8
2,2,,,,2,1,2,2,1,2,2,3511,gemini,2025,남성,8
2,2,,,,2,2,2,2,1,2,2,3512,gemini,2025,남성,8
2,2,,,,2,2,2,2,1,2,2,3513,gemini,2025,남성,8
1,2,,,,2,2,2,2,2,2,2,3514,gemini,2025,남성,8
1,2,,,,2,2,2,2,2,2,2,3515,gemini,2025,남성,8
1,2,,,,2,1,2,2,2,2,2,3516,gemini,2025,남성,8
2,2,,,,2,1,2,2,1,2,2,3517,gemini,2025,남성,8
2,2,,,,2,1,2,2,1,2,2,3518,gemini,2025,남성,8
1,2,,,,2,1,2,2,2,2,2,3519,gemini,2025,남성,8
2,2,,,,2,1,2,2,1,2,2,3520,gemini,2025,남성,8
2,2,,,,2,1,2,2,1,2,2,3521,gemini,2025,남성,8
1,2,,,,2,2,2,2,2,2,2,3522,gemini,2025,남성,8
2,2,,,,2,1,2,2,1,2,2,3523,gemini,2025,남성,8
1,2,,,,2,2,2,2,1,2,2,3524,gemini,2025,남성,8
1,2,,,,2,1,2,2,1,2,2,3525,gemini,2025,남성,8
2,2,,,,2,1,2,2,1,2,2,3526,gemini,2025,남성,8
2,2,,,,2,1,2,2,1,2,2,3527,gemini,2025,남성,8
2,2,,,,2,1,2,2,1,2,2,3528,gemini,2025,남성,8
2,2,,,,2,1,2,2,1,2,2,3529,gemini,2025,남성,8
1,2,,,,2,2,2,2,2,2,2,3530,gemini,2025,남성,8
2,2,,,,2,1,2,2,1,2,2,3531,gemini,2025,남성,8
1,2,,,,2,2,2,2,2,2,2,3532,gemini,2025,남성,8
2,2,,,,1,1,2,2,1,2,1,3533,gemini,2025,남성,8
2,2,,,,2,1,2,2,1,2,2,3534,gemini,2025,남성,8
1,2,,,,2,2,2,2,2,2,2,3535,gemini,2025,남성,8
2,2,,,,2,1,2,2,1,2,2,3536,gemini,2025,남성,8
2,2,,,,2,1,2,2,1,2,2,3537,gemini,2025,남성,8
1,2,,,,2,2,2,2,2,2,2,3538,gemini,2025,남성,8
2,2,,,,2,1,2,2,1,2,2,3539,gemini,2025,남성,8
2,2,,,,2,1,2,2,1,2,2,3540,gemini,2025,남성,8
2,2,,,,2,1,2,2,1,2,2,3541,gemini,2025,남성,8
2,2,,,,2,1,2,2,1,2,2,3542,gemini,2025,남성,8
1,2,,,,2,1,2,2,1,2,2,3543,gemini,2025,남성,8
1,2,,,,2,1,2,2,1,2,2,3544,gemini,2025,남성,8
2,2,,,,2,2,2,2,1,2,2,3545,gemini,2025,남성,8
1,2,,,,2,2,2,2,2,2,2,3546,gemini,2025,남성,8
1,2,,,,2,2,2,2,2,2,2,3547,gemini,2025,남성,8
1,2,,,,2,2,2,2,1,2,2,3548,gemini,2025,남성,8
2,2,,,,2,1,2,2,1,2,2,3549,gemini,2025,남성,8
1,2,,,,2,2,2,2,1,2,2,3550,gemini,2025,남성,8
2,2,,,,2,2,2,2,1,2,2,3551,gemini,2025,남성,8
1,2,,,,2,2,2,2,2,2,2,3552,gemini,2025,남성,8
2,2,,,,2,1,2,2,1,2,2,3553,gemini,2025,남성,8
1,2,,,,2,2,2,2,1,2,2,3554,gemini,2025,남성,8
2,2,,,,2,1,2,2,1,2,2,3555,gemini,2025,남성,8
3,1,1.0,4.0,2.0,1,1,2,2,1,2,2,3556,gemini,2025,남성,8
2,2,,,,2,2,2,2,1,2,2,3557,gemini,2025,남성,8
3,1,1.0,4.0,2.0,2,1,2,2,1,2,2,3558,gemini,2025,남성,8
1,2,,,,2,2,2,2,2,2,2,3559,gemini,2025,남성,8
2,2,,,,2,1,2,2,1,2,2,3560,gemini,2025,남성,8
1,2,,,,2,2,2,2,2,2,2,3561,gemini,2025,남성,8
1,2,,,,2,1,2,2,1,2,2,3562,gemini,2025,남성,8
2,2,,,,2,1,2,2,1,2,2,3563,gemini,2025,남성,8
2,2,,,,2,1,2,2,1,2,2,3564,gemini,2025,남성,8
3,1,1.0,1.0,2.0,1,1,2,2,1,2,2,3565,gemini,2025,남성,8
1,2,,,,2,1,2,2,1,2,2,3566,gemini,2025,남성,8
1,2,,,,2,2,2,2,2,2,2,3567,gemini,2025,남성,8
1,2,,,,2,1,2,2,2,2,2,3568,gemini,2025,남성,8
2,2,,,,2,1,2,2,1,2,2,3569,gemini,2025,남성,8
3,1,1.0,4.0,2.0,1,1,2,1,1,2,1,3570,gemini,2025,남성,8
2,2,,,,2,1,2,2,1,2,2,3571,gemini,2025,남성,8
1,2,,,,2,1,2,2,1,2,2,3572,gemini,2025,남성,8
3,1,1.0,4.0,2.0,2,1,2,2,1,2,2,3573,gemini,2025,남성,8
1,2,,,,2,1,2,2,1,2,2,3574,gemini,2025,남성,8
1,2,,,,2,1,2,2,1,2,2,3575,gemini,2025,남성,8
2,2,,,,2,1,2,2,1,2,2,3576,gemini,2025,남성,8
2,2,,,,2,1,2,2,1,2,2,3577,gemini,2025,남성,8
2,2,,,,2,1,2,2,1,2,2,3578,gemini,2025,남성,8
2,2,,,,2,1,2,2,1,2,2,3579,gemini,2025,남성,8
1,2,,,,2,1,2,2,2,2,2,3580,gemini,2025,남성,8
1,2,,,,2,1,2,2,1,2,2,3581,gemini,2025,남성,8
2,2,,,,2,1,2,2,1,2,2,3582,gemini,2025,남성,8
2,2,,,,2,1,2,2,1,2,2,3583,gemini,2025,남성,8
1,2,,,,2,2,2,2,2,2,2,3584,gemini,2025,남성,8
1,2,,,,2,2,2,2,1,2,2,3585,gemini,2025,남성,8
1,2,,,,2,1,2,2,1,2,2,3586,gemini,2025,남성,8
2,2,,,,2,1,2,2,1,2,2,3587,gemini,2025,남성,8
2,2,,,,2,1,2,2,1,2,2,3588,gemini,2025,남성,8
2,2,,,,2,1,2,2,1,2,2,3589,gemini,2025,남성,8
2,2,,,,2,2,2,2,2,2,2,3590,gemini,2025,남성,8
1,2,,,,2,2,2,2,2,2,2,3591,gemini,2025,남성,8
3,1,1.0,4.0,2.0,2,1,2,2,1,2,2,3592,gemini,2025,남성,8
1,2,,,,2,2,2,2,2,2,2,3593,gemini,2025,남성,8
1,2,,,,2,1,2,2,1,2,2,3594,gemini,2025,남성,8
2,2,,,,2,1,2,2,1,2,2,3595,gemini,2025,남성,8
1,2,,,,2,2,2,2,2,2,2,3596,gemini,2025,남성,8
2,2,,,,2,1,2,2,1,2,2,3597,gemini,2025,남성,8
2,2,,,,1,1,2,2,1,2,2,3598,gemini,2025,남성,8
1,2,,,,2,2,2,2,1,2,2,3599,gemini,2025,남성,8
1,2,,,,2,2,2,2,2,2,2,3600,gemini,2025,남성,8
1,2,,,,2,2,2,2,2,2,2,3601,gemini,2025,남성,8
2,2,,,,2,1,2,2,1,2,2,3602,gemini,2025,남성,8
1,2,,,,2,1,2,2,2,2,2,3603,gemini,2025,남성,8
1,2,,,,2,2,2,2,1,2,2,3604,gemini,2025,남성,8
1,2,,,,2,2,2,2,1,2,2,3605,gemini,2025,남성,8
1,2,,,,2,2,2,2,2,2,2,3606,gemini,2025,남성,8
2,2,,,,2,1,2,2,1,2,2,3607,gemini,2025,남성,8
2,2,,,,2,2,2,2,2,2,2,3608,gemini,2025,남성,8
1,2,,,,2,2,2,2,2,2,2,3609,gemini,2025,남성,8
2,2,,,,2,1,2,2,1,2,2,3610,gemini,2025,남성,8
1,2,,,,2,1,2,2,2,2,2,3611,gemini,2025,남성,8
2,2,,,,2,2,2,2,2,2,2,3612,gemini,2025,남성,8
2,2,,,,2,1,2,2,1,2,2,3613,gemini,2025,남성,8
1,2,,,,2,2,2,2,1,2,2,3614,gemini,2025,남성,8
1,2,,,,2,2,2,2,2,2,2,3615,gemini,2025,남성,8
1,2,,,,2,1,2,2,2,2,2,3616,gemini,2025,남성,8
2,2,,,,2,1,2,2,1,2,2,3617,gemini,2025,남성,8
2,2,,,,2,1,2,2,1,2,2,3618,gemini,2025,남성,8
2,2,,,,2,1,2,2,2,2,2,3619,gemini,2025,남성,8
2,2,,,,2,2,2,2,2,2,2,3620,gemini,2025,남성,8
2,2,,,,2,2,2,2,2,2,2,3621,gemini,2025,남성,8
1,2,,,,2,2,2,2,1,2,2,3622,gemini,2025,남성,8
2,2,,,,2,1,2,2,1,2,2,3623,gemini,2025,남성,8
2,2,,,,2,1,2,2,1,2,2,3624,gemini,2025,남성,8
2,2,,,,2,1,2,2,1,2,2,3625,gemini,2025,남성,8
1,2,,,,2,1,2,2,2,2,2,3626,gemini,2025,남성,8
1,2,,,,2,1,2,2,1,2,2,3627,gemini,2025,남성,8
3,1,1.0,4.0,2.0,2,1,2,2,1,2,2,3628,gemini,2025,남성,8
2,2,,,,2,2,2,2,1,2,2,3629,gemini,2025,남성,8
1,2,,,,2,2,2,2,2,2,2,3630,gemini,2025,남성,8
2,2,,,,2,1,2,2,1,2,2,3631,gemini,2025,남성,8
2,2,,,,2,2,2,2,1,2,2,3632,gemini,2025,남성,8
2,2,,,,2,1,2,2,1,2,2,3633,gemini,2025,남성,8
1,2,,,,2,2,2,2,2,2,2,3634,gemini,2025,남성,8
2,2,,,,2,1,2,2,1,2,2,3635,gemini,2025,남성,8
2,2,,,,2,1,2,2,1,2,2,3636,gemini,2025,남성,8
1,2,,,,2,1,2,2,1,2,2,3637,gemini,2025,남성,8
2,2,,,,2,2,2,2,1,2,2,3638,gemini,2025,남성,8
1,2,,,,2,2,2,2,2,2,2,3639,gemini,2025,남성,8
1,2,,,,2,1,2,2,1,2,2,3640,gemini,2025,남성,8
1,2,,,,2,2,2,2,2,2,2,3641,gemini,2025,남성,8
2,2,,,,2,1,2,2,1,2,2,3642,gemini,2025,남성,8
2,2,,,,2,1,2,2,1,2,2,3643,gemini,2025,남성,8
2,2,,,,2,1,2,2,1,2,2,3644,gemini,2025,남성,8
2,2,,,,2,1,2,2,1,2,2,3645,gemini,2025,남성,8
1,2,,,,2,1,2,2,1,2,2,3646,gemini,2025,남성,8
3,1,1.0,4.0,2.0,2,1,2,1,1,2,2,3647,gemini,2025,남성,8
2,2,,,,2,2,2,2,2,2,2,3648,gemini,2025,남성,8
1,2,,,,2,2,2,2,2,2,2,3649,gemini,2025,남성,8
1,2,,,,2,2,2,2,2,2,2,3650,gemini,2025,남성,8
2,2,,,,2,1,2,2,1,2,2,3651,gemini,2025,남성,8
2,2,,,,2,1,2,2,1,2,2,3652,gemini,2025,남성,8
1,2,,,,2,2,2,2,2,2,2,3653,gemini,2025,남성,8
2,2,,,,2,1,2,2,1,2,2,3654,gemini,2025,남성,8
2,2,,,,2,1,2,2,2,2,2,3655,gemini,2025,남성,8
3,1,1.0,1.0,2.0,1,1,2,1,1,2,1,3656,gemini,2025,남성,8
2,2,,,,2,1,2,2,1,2,2,3657,gemini,2025,남성,8
1,2,,,,2,2,2,2,2,2,2,3658,gemini,2025,남성,8
2,2,,,,2,1,2,2,1,2,2,3659,gemini,2025,남성,8
2,2,,,,2,2,2,2,2,2,2,3660,gemini,2025,남성,8
2,2,,,,2,1,2,2,1,2,2,3661,gemini,2025,남성,8
1,2,,,,2,1,2,2,1,2,2,3662,gemini,2025,남성,8
2,2,,,,2,2,2,2,2,2,2,3663,gemini,2025,남성,8
2,2,,,,2,1,2,2,1,2,2,3664,gemini,2025,남성,8
1,2,,,,2,1,2,2,2,2,2,3665,gemini,2025,남성,8
2,2,,,,2,1,2,2,1,2,2,3666,gemini,2025,남성,8
2,2,,,,2,1,2,2,1,2,2,3667,gemini,2025,남성,8
2,2,,,,2,1,2,2,1,2,2,3668,gemini,2025,남성,8
2,2,,,,2,1,2,2,1,2,2,3669,gemini,2025,남성,8
1,2,,,,2,2,2,2,2,2,2,3670,gemini,2025,남성,8
2,2,,,,2,1,2,2,1,2,2,3671,gemini,2025,남성,8
1,2,,,,2,2,2,2,1,2,2,3672,gemini,2025,남성,8
1,2,,,,2,1,2,2,1,2,2,3673,gemini,2025,남성,8
2,2,,,,2,2,2,2,1,2,2,3674,gemini,2025,남성,8
2,2,,,,2,2,2,2,2,2,2,3675,gemini,2025,남성,8
2,2,,,,2,1,2,2,1,2,2,3676,gemini,2025,남성,8
2,2,,,,2,1,2,2,1,2,2,3677,gemini,2025,남성,8
1,2,,,,2,2,2,2,2,2,2,3678,gemini,2025,남성,8
2,2,,,,2,1,2,2,1,2,2,3679,gemini,2025,남성,8
1,2,,,,2,2,2,2,2,2,2,3680,gemini,2025,남성,8
2,2,,,,2,1,2,2,1,2,2,3681,gemini,2025,남성,8
1,2,,,,2,2,2,2,2,2,2,3682,gemini,2025,남성,8
2,2,,,,2,2,2,2,2,2,2,3683,gemini,2025,남성,8
2,2,,,,2,1,2,2,1,2,2,3684,gemini,2025,남성,8
2,2,,,,2,1,2,2,1,2,2,3685,gemini,2025,남성,8
2,2,,,,2,1,2,2,1,2,2,3686,gemini,2025,남성,8
1,2,,,,2,2,2,2,2,2,2,3687,gemini,2025,남성,8
1,2,,,,2,1,2,2,1,2,2,3688,gemini,2025,남성,8
1,2,,,,2,1,2,2,1,2,2,3689,gemini,2025,남성,8
3,1,1.0,1.0,2.0,1,1,2,2,1,2,2,3690,gemini,2025,남성,8
2,2,,,,2,1,2,2,1,2,2,3691,gemini,2025,남성,8
2,2,,,,2,1,2,2,1,2,2,3692,gemini,2025,남성,8
2,2,,,,2,1,2,2,1,2,2,3693,gemini,2025,남성,8
1,2,,,,2,2,2,2,2,2,2,3694,gemini,2025,남성,8
2,2,,,,2,1,2,2,1,2,2,3695,gemini,2025,남성,8
2,2,,,,2,1,2,2,1,2,2,3696,gemini,2025,남성,8
2,2,,,,2,1,2,2,1,2,2,3697,gemini,2025,남성,8
1,2,,,,2,2,2,2,2,2,2,3698,gemini,2025,남성,8
2,2,,,,2,1,2,2,1,2,2,3699,gemini,2025,남성,8
2,2,,,,2,1,2,2,1,2,2,3700,gemini,2025,남성,8
2,2,,,,2,1,2,2,1,2,2,3701,gemini,2025,남성,8
2,2,,,,2,1,2,2,1,2,2,3702,gemini,2025,남성,8
2,2,,,,2,2,2,2,1,2,2,3703,gemini,2025,남성,8
2,2,,,,1,1,2,2,1,2,2,3704,gemini,2025,남성,8
2,2,,,,2,1,2,2,1,2,2,3705,gemini,2025,남성,8
2,2,,,,2,1,2,2,1,2,2,3706,gemini,2025,남성,8
1,2,,,,2,1,2,2,1,2,2,3707,gemini,2025,남성,8
1,2,,,,2,2,2,2,2,2,2,3708,gemini,2025,남성,8
1,2,,,,2,2,2,2,1,2,2,3709,gemini,2025,남성,8
2,2,,,,2,2,2,2,2,2,2,3710,gemini,2025,남성,8
1,2,,,,2,2,2,2,2,2,2,3711,gemini,2025,남성,8
2,2,,,,2,1,2,2,1,2,2,3712,gemini,2025,남성,8
1,2,,,,2,1,2,2,1,2,2,3713,gemini,2025,남성,8
1,2,,,,2,1,2,2,1,2,2,3714,gemini,2025,남성,8
1,2,,,,2,1,2,2,1,2,2,3715,gemini,2025,남성,8
2,2,,,,2,1,2,2,1,2,2,3716,gemini,2025,남성,8
1,2,,,,2,2,2,2,2,2,2,3717,gemini,2025,남성,8
2,2,,,,2,1,2,2,1,2,2,3718,gemini,2025,남성,8
2,2,,,,2,1,2,2,1,2,2,3719,gemini,2025,남성,8
2,2,,,,2,2,2,2,1,2,2,3720,gemini,2025,남성,8
1,2,,,,2,1,2,2,1,2,2,3721,gemini,2025,남성,8
2,2,,,,2,1,2,2,1,2,2,3722,gemini,2025,남성,8
1,2,,,,2,1,2,2,1,2,2,3723,gemini,2025,남성,8
1,2,,,,2,2,2,2,1,2,2,3724,gemini,2025,남성,8
1,2,,,,2,2,2,2,2,2,2,3725,gemini,2025,남성,8
1,2,,,,2,2,2,2,2,2,2,3726,gemini,2025,남성,8
2,2,,,,2,1,2,2,1,2,2,3727,gemini,2025,남성,8
2,2,,,,2,1,2,2,1,2,2,3728,gemini,2025,남성,8
1,2,,,,2,2,2,2,2,2,2,3729,gemini,2025,남성,8
1,2,,,,2,1,2,2,1,2,2,3730,gemini,2025,남성,8
1,2,,,,2,2,2,2,2,2,2,3731,gemini,2025,남성,8
2,2,,,,2,1,2,2,1,2,2,3732,gemini,2025,남성,8
1,2,,,,2,1,2,2,2,2,2,3733,gemini,2025,남성,8
2,2,,,,2,1,2,2,1,2,2,3734,gemini,2025,남성,8
1,2,,,,2,1,2,2,1,2,2,3735,gemini,2025,남성,8
1,2,,,,2,1,2,2,1,2,2,3736,gemini,2025,남성,8
2,2,,,,2,1,2,2,1,2,2,3737,gemini,2025,남성,8
1,2,,,,2,1,2,2,1,2,2,3738,gemini,2025,남성,8
1,2,,,,2,2,2,2,2,2,2,3739,gemini,2025,남성,8
2,2,,,,2,1,2,2,1,2,2,3740,gemini,2025,남성,8
1,2,,,,2,2,2,2,1,2,2,3741,gemini,2025,남성,8
2,2,,,,2,1,2,2,1,2,2,3742,gemini,2025,남성,8
1,2,,,,2,2,2,2,2,2,2,3743,gemini,2025,남성,8
2,2,,,,2,1,2,2,1,2,2,3744,gemini,2025,남성,8
2,2,,,,2,1,2,2,1,2,2,3745,gemini,2025,남성,8
1,2,,,,2,1,2,2,2,2,2,3746,gemini,2025,남성,8
2,2,,,,2,1,2,2,1,2,2,3747,gemini,2025,남성,8
2,2,,,,2,1,2,2,1,2,2,3748,gemini,2025,남성,8
2,2,,,,2,1,2,2,1,2,2,3749,gemini,2025,남성,8
1,2,,,,2,2,2,2,2,2,2,3750,gemini,2025,남성,8
2,2,,,,2,1,2,2,2,2,2,3751,gemini,2025,남성,8
2,2,,,,2,1,2,2,1,2,2,3752,gemini,2025,남성,8
2,2,,,,2,1,2,2,1,2,2,3753,gemini,2025,남성,8
2,2,,,,2,1,2,2,1,2,2,3754,gemini,2025,남성,8
1,2,,,,2,2,2,2,2,2,2,3755,gemini,2025,남성,8
1,2,,,,2,2,2,2,2,2,2,3756,gemini,2025,남성,8
2,2,,,,2,1,2,2,1,2,2,3757,gemini,2025,남성,8
2,2,,,,2,1,2,2,1,2,2,3758,gemini,2025,남성,8
2,2,,,,2,2,2,2,1,2,2,3759,gemini,2025,남성,8
2,2,,,,2,1,2,2,1,2,2,3760,gemini,2025,남성,8
3,1,1.0,3.0,2.0,1,1,2,1,1,2,1,3761,gemini,2025,남성,8
2,2,,,,2,1,2,2,1,2,2,3762,gemini,2025,남성,8
2,2,,,,2,1,2,2,1,2,2,3763,gemini,2025,남성,8
2,2,,,,2,2,2,2,1,2,2,3764,gemini,2025,남성,8
2,2,,,,2,1,2,2,1,2,2,3765,gemini,2025,남성,8
1,2,,,,2,1,2,2,1,2,2,3766,gemini,2025,남성,8
3,1,1.0,4.0,2.0,2,1,2,2,1,2,2,3767,gemini,2025,남성,8
1,2,,,,2,2,2,2,1,2,2,3768,gemini,2025,남성,8
1,2,,,,2,1,2,2,2,2,2,3769,gemini,2025,남성,8
1,2,,,,2,2,2,2,2,2,2,3770,gemini,2025,남성,8
2,2,,,,2,1,2,2,1,2,2,3771,gemini,2025,남성,8
1,2,,,,2,1,2,2,1,2,2,3772,gemini,2025,남성,8
1,2,,,,2,2,2,2,2,2,2,3773,gemini,2025,남성,8
2,2,,,,2,1,2,2,1,2,2,3774,gemini,2025,남성,8
2,2,,,,2,1,2,2,1,2,2,3775,gemini,2025,남성,8
1,2,,,,2,2,2,2,2,2,2,3776,gemini,2025,남성,8
2,2,,,,2,1,2,2,1,2,2,3777,gemini,2025,남성,8
1,2,,,,2,2,2,2,2,2,2,3778,gemini,2025,남성,8
1,2,,,,2,2,2,2,1,2,2,3779,gemini,2025,남성,8
2,2,,,,2,1,2,2,1,2,2,3780,gemini,2025,남성,8
1,2,,,,2,1,2,2,1,2,2,3781,gemini,2025,남성,8
1,2,,,,2,2,2,2,1,2,2,3782,gemini,2025,남성,8
2,2,,,,2,1,2,2,1,2,2,3783,gemini,2025,남성,8
2,2,,,,2,2,2,2,2,2,2,3784,gemini,2025,남성,8
1,2,,,,2,1,2,2,1,2,2,3785,gemini,2025,남성,8
1,2,,,,2,2,2,2,2,2,2,3786,gemini,2025,남성,8
1,2,,,,2,1,2,2,1,2,2,3787,gemini,2025,남성,8
2,2,,,,2,1,2,2,1,2,2,3788,gemini,2025,남성,8
2,2,,,,1,1,2,2,1,2,2,3789,gemini,2025,남성,8
2,2,,,,2,2,2,2,1,2,2,3790,gemini,2025,남성,8
2,2,,,,2,1,2,2,1,2,2,3791,gemini,2025,남성,8
2,2,,,,2,1,2,2,1,2,2,3792,gemini,2025,남성,8
3,1,1.0,4.0,2.0,2,1,2,2,1,2,2,3793,gemini,2025,남성,8
1,2,,,,2,1,2,2,1,2,2,3794,gemini,2025,남성,8
2,2,,,,1,1,2,2,1,2,2,3795,gemini,2025,남성,8
1,2,,,,2,2,2,2,2,2,2,3796,gemini,2025,남성,8
2,2,,,,2,1,2,2,2,2,2,3797,gemini,2025,남성,8
2,2,,,,2,1,2,2,1,2,2,3798,gemini,2025,남성,8
2,2,,,,2,1,2,2,1,2,2,3799,gemini,2025,남성,8
1,2,,,,2,2,2,2,2,2,2,3800,gemini,2025,남성,8
2,2,,,,2,1,2,2,1,2,2,3801,gemini,2025,남성,8
1,2,,,,2,2,2,2,2,2,2,3802,gemini,2025,남성,8
1,2,,,,2,2,2,2,2,2,2,3803,gemini,2025,남성,8
1,2,,,,2,2,2,2,2,2,2,3804,gemini,2025,남성,8
2,2,,,,2,1,2,2,1,2,2,3805,gemini,2025,남성,8
2,2,,,,2,1,2,2,1,2,2,3806,gemini,2025,남성,8
1,2,,,,2,2,2,2,2,2,2,3807,gemini,2025,남성,8
1,2,,,,2,2,2,2,2,2,2,3808,gemini,2025,남성,8
1,2,,,,2,1,2,2,1,2,2,3809,gemini,2025,남성,8
1,2,,,,2,2,2,2,2,2,2,3810,gemini,2025,남성,8
1,2,,,,2,2,2,2,2,2,2,3811,gemini,2025,남성,8
2,2,,,,2,1,2,2,2,2,2,3812,gemini,2025,남성,8
2,2,,,,2,1,2,2,1,2,2,3813,gemini,2025,남성,8
1,2,,,,2,2,2,2,2,2,2,3814,gemini,2025,남성,8
2,2,,,,2,1,2,2,1,2,2,3815,gemini,2025,남성,8
2,2,,,,2,1,2,2,1,2,2,3816,gemini,2025,남성,8
2,2,,,,2,1,2,2,2,2,2,3817,gemini,2025,남성,8
2,2,,,,2,1,2,2,1,2,2,3818,gemini,2025,남성,8
2,2,,,,2,2,2,2,1,2,2,3819,gemini,2025,남성,8
3,1,1.0,4.0,2.0,1,1,2,1,1,2,2,3820,gemini,2025,남성,8
1,2,,,,2,2,2,2,2,2,2,3821,gemini,2025,남성,8
1,2,,,,2,2,2,2,2,2,2,3822,gemini,2025,남성,8
2,2,,,,2,1,2,2,1,2,2,3823,gemini,2025,남성,8
2,2,,,,2,1,2,2,1,2,2,3824,gemini,2025,남성,8
2,2,,,,2,1,2,2,1,2,2,3825,gemini,2025,남성,8
1,2,,,,2,1,2,2,1,2,2,3826,gemini,2025,남성,8
2,2,,,,2,2,2,2,1,2,2,3827,gemini,2025,남성,8
2,2,,,,2,1,2,2,1,2,2,3828,gemini,2025,남성,8
1,2,,,,2,2,2,2,2,2,2,3829,gemini,2025,남성,8
2,2,,,,2,2,2,2,2,2,2,3830,gemini,2025,남성,8
2,2,,,,2,1,2,2,1,2,2,3831,gemini,2025,남성,8
1,2,,,,2,1,2,2,1,2,2,3832,gemini,2025,남성,8
1,2,,,,2,2,2,2,2,2,2,3833,gemini,2025,남성,8
2,2,,,,2,2,2,2,2,2,2,3834,gemini,2025,남성,8
1,2,,,,2,2,2,2,2,2,2,3835,gemini,2025,남성,8
2,2,,,,2,1,2,2,1,2,2,3836,gemini,2025,남성,8
1,2,,,,2,2,2,2,2,2,2,3837,gemini,2025,남성,8
2,2,,,,2,1,2,2,1,2,2,3838,gemini,2025,남성,8
2,2,,,,2,1,2,2,1,2,2,3839,gemini,2025,남성,8
1,2,,,,2,1,2,2,1,2,2,3840,gemini,2025,남성,8
2,2,,,,2,1,2,2,1,2,2,3841,gemini,2025,남성,8
1,2,,,,2,1,2,2,2,2,2,3842,gemini,2025,남성,8
1,2,,,,2,1,2,2,1,2,2,3843,gemini,2025,남성,8
2,2,,,,2,1,2,2,1,2,2,3844,gemini,2025,남성,8
2,2,,,,2,2,2,2,1,2,2,3845,gemini,2025,남성,8
2,2,,,,2,1,2,2,1,2,2,3846,gemini,2025,남성,8
1,2,,,,2,1,2,2,1,2,2,3847,gemini,2025,남성,8
2,2,,,,2,1,2,2,1,2,2,3848,gemini,2025,남성,8
2,2,,,,2,1,2,2,1,2,2,3849,gemini,2025,남성,8
1,2,,,,2,2,2,2,1,2,2,3850,gemini,2025,남성,8
1,2,,,,2,2,2,2,2,2,2,3851,gemini,2025,남성,8
1,2,,,,2,2,2,2,2,2,2,3852,gemini,2025,남성,8
2,2,,,,2,1,2,2,1,2,2,3853,gemini,2025,남성,8
2,2,,,,2,1,2,2,1,2,2,3854,gemini,2025,남성,8
1,2,,,,2,2,2,2,2,2,2,3855,gemini,2025,남성,8
1,2,,,,2,2,2,2,1,2,2,3856,gemini,2025,남성,8
1,2,,,,2,2,2,2,2,2,2,3857,gemini,2025,남성,8
1,2,,,,2,2,2,2,2,2,2,3858,gemini,2025,남성,8
2,2,,,,2,1,2,2,1,2,2,3859,gemini,2025,남성,8
1,2,,,,2,2,2,2,1,2,2,3860,gemini,2025,남성,8
1,2,,,,2,1,2,2,1,2,2,3861,gemini,2025,남성,8
2,2,,,,2,1,2,2,1,2,2,3862,gemini,2025,남성,8
3,1,1.0,4.0,2.0,2,1,2,2,1,2,2,3863,gemini,2025,남성,8
2,2,,,,2,2,2,2,1,2,2,3864,gemini,2025,남성,8
2,2,,,,2,1,2,2,1,2,2,3865,gemini,2025,남성,8
2,2,,,,2,1,2,2,1,2,2,3866,gemini,2025,남성,8
1,2,,,,2,2,2,2,1,2,2,3867,gemini,2025,남성,8
2,2,,,,2,1,2,2,1,2,2,3868,gemini,2025,남성,8
1,2,,,,2,2,2,2,2,2,2,3869,gemini,2025,남성,8
2,2,,,,2,1,2,2,1,2,2,3870,gemini,2025,남성,8
3,1,1.0,4.0,2.0,2,1,2,2,1,2,2,3871,gemini,2025,남성,8
2,2,,,,2,1,2,2,1,2,2,3872,gemini,2025,남성,8
2,2,,,,2,1,2,2,1,2,2,3873,gemini,2025,남성,8
2,2,,,,2,1,2,2,1,2,2,3874,gemini,2025,남성,8
1,2,,,,2,2,2,2,2,2,2,3875,gemini,2025,남성,8
2,2,,,,2,2,2,2,2,2,2,3876,gemini,2025,남성,8
2,2,,,,2,1,2,2,1,2,2,3877,gemini,2025,남성,8
2,2,,,,2,2,2,2,2,2,2,3878,gemini,2025,남성,8
1,2,,,,2,2,2,2,2,2,2,3879,gemini,2025,남성,8
3,1,1.0,3.0,2.0,2,1,2,2,1,2,2,3880,gemini,2025,남성,8
2,2,,,,2,1,2,2,1,2,2,3881,gemini,2025,남성,8
2,2,,,,2,1,2,2,1,2,2,3882,gemini,2025,남성,8
1,2,,,,2,2,2,2,1,2,2,3883,gemini,2025,남성,8
2,2,,,,2,1,2,2,1,2,2,3884,gemini,2025,남성,8
1,2,,,,2,1,2,2,1,2,2,3885,gemini,2025,남성,8
1,2,,,,2,2,2,2,2,2,2,3886,gemini,2025,남성,8
1,2,,,,2,2,2,2,2,2,2,3887,gemini,2025,남성,8
1,2,,,,2,2,2,2,1,2,2,3888,gemini,2025,남성,8
1,2,,,,2,1,2,2,1,2,2,3889,gemini,2025,남성,8
1,2,,,,2,1,2,2,1,2,2,3890,gemini,2025,남성,8
2,2,,,,2,1,2,2,1,2,2,3891,gemini,2025,남성,8
2,2,,,,2,1,2,2,2,2,2,3892,gemini,2025,남성,8
2,2,,,,2,1,2,2,1,2,2,3893,gemini,2025,남성,8
3,1,1.0,3.0,2.0,1,1,2,2,1,2,1,3894,gemini,2025,남성,8
1,2,,,,2,1,2,2,1,2,2,3895,gemini,2025,남성,8
1,2,,,,2,2,2,2,2,2,2,3896,gemini,2025,남성,8
2,2,,,,2,1,2,2,1,2,2,3897,gemini,2025,남성,8
2,2,,,,1,1,2,2,1,2,2,3898,gemini,2025,남성,8
2,2,,,,2,1,2,2,1,2,2,3899,gemini,2025,남성,8
2,2,,,,2,2,2,2,2,2,2,3900,gemini,2025,남성,8
2,2,,,,2,1,2,2,2,2,2,3901,gemini,2025,남성,8
2,2,,,,2,2,2,2,1,2,2,3902,gemini,2025,남성,8
1,2,,,,2,1,2,2,2,2,2,3903,gemini,2025,남성,8
2,2,,,,2,1,2,2,2,2,2,3904,gemini,2025,남성,8
2,2,,,,2,1,2,2,1,2,2,3905,gemini,2025,남성,8
2,2,,,,2,1,2,2,1,2,2,3906,gemini,2025,남성,8
2,2,,,,2,1,2,2,1,2,2,3907,gemini,2025,남성,8
2,2,,,,2,1,2,2,1,2,2,3908,gemini,2025,남성,8
1,2,,,,2,2,2,2,2,2,2,3909,gemini,2025,남성,8
1,2,,,,2,2,2,2,2,2,2,3910,gemini,2025,남성,8
2,2,,,,2,1,2,2,1,2,2,3911,gemini,2025,남성,8
2,2,,,,2,1,2,2,1,2,2,3912,gemini,2025,남성,8
2,2,,,,2,1,2,2,1,2,2,3913,gemini,2025,남성,8
1,2,,,,2,2,2,2,2,2,2,3914,gemini,2025,남성,8
2,2,,,,2,1,2,2,1,2,2,3915,gemini,2025,남성,8
2,2,,,,2,1,2,2,1,2,2,3916,gemini,2025,남성,8
1,2,,,,2,2,2,2,2,2,2,3917,gemini,2025,남성,8
1,2,,,,2,1,2,2,1,2,2,3918,gemini,2025,남성,8
1,2,,,,2,2,2,2,2,2,2,3919,gemini,2025,남성,8
1,2,,,,2,1,2,2,1,2,2,3920,gemini,2025,남성,8
2,2,,,,2,2,2,2,1,2,2,3921,gemini,2025,남성,8
2,2,,,,2,1,2,2,1,2,2,3922,gemini,2025,남성,8
2,2,,,,2,1,2,2,1,2,2,3923,gemini,2025,남성,8
2,2,,,,2,2,2,2,2,2,2,3924,gemini,2025,남성,8
2,2,,,,2,1,2,2,1,2,2,3925,gemini,2025,남성,8
1,2,,,,2,2,2,2,2,2,2,3926,gemini,2025,남성,8
2,2,,,,2,1,2,2,1,2,2,3927,gemini,2025,남성,8
2,2,,,,2,2,2,2,2,2,2,3928,gemini,2025,남성,8
2,2,,,,2,2,2,2,1,2,2,3929,gemini,2025,남성,8
1,2,,,,2,2,2,2,2,2,2,3930,gemini,2025,남성,8
2,2,,,,2,1,2,2,1,2,2,3931,gemini,2025,남성,8
1,2,,,,2,1,2,2,1,2,2,3932,gemini,2025,남성,8
2,2,,,,2,1,2,2,1,2,2,3933,gemini,2025,남성,8
2,2,,,,2,1,2,2,1,2,2,3934,gemini,2025,남성,8
1,2,,,,2,1,2,2,2,2,2,3935,gemini,2025,남성,8
3,1,1.0,4.0,2.0,2,1,2,2,1,2,2,3936,gemini,2025,남성,8
3,1,1.0,4.0,2.0,2,1,2,2,1,2,2,3937,gemini,2025,남성,8
1,2,,,,2,2,2,2,2,2,2,3938,gemini,2025,남성,8
1,2,,,,2,2,2,2,2,2,2,3939,gemini,2025,남성,8
2,2,,,,2,2,2,2,1,2,2,3940,gemini,2025,남성,8
2,2,,,,2,1,2,2,1,2,2,3941,gemini,2025,남성,8
2,2,,,,2,1,2,2,1,2,2,3942,gemini,2025,남성,8
2,2,,,,2,1,2,2,1,2,2,3943,gemini,2025,남성,8
1,2,,,,2,2,2,2,1,2,2,3944,gemini,2025,남성,8
1,2,,,,2,2,2,2,2,2,2,3945,gemini,2025,남성,8
1,2,,,,2,2,2,2,2,2,2,3946,gemini,2025,남성,8
3,1,1.0,3.0,2.0,2,1,2,2,1,2,2,3947,gemini,2025,남성,8
2,2,,,,2,2,2,2,1,2,2,3948,gemini,2025,남성,8
2,2,,,,2,1,2,2,1,2,2,3949,gemini,2025,남성,8
1,2,,,,2,2,2,2,2,2,2,3950,gemini,2025,남성,8
2,2,,,,2,1,2,2,1,2,2,3951,gemini,2025,남성,8
2,2,,,,2,1,2,2,1,2,2,3952,gemini,2025,남성,8
1,2,,,,2,2,2,2,2,2,2,3953,gemini,2025,남성,8
2,2,,,,2,1,2,2,1,2,2,3954,gemini,2025,남성,8
3,1,1.0,4.0,2.0,1,1,2,2,1,2,2,3955,gemini,2025,남성,8
2,2,,,,2,1,2,2,1,2,2,3956,gemini,2025,남성,8
2,2,,,,2,1,2,2,1,2,2,3957,gemini,2025,남성,8
2,2,,,,2,1,2,2,1,2,2,3958,gemini,2025,남성,8
1,2,,,,2,2,2,2,1,2,2,3959,gemini,2025,남성,8
2,2,,,,2,1,2,2,1,2,2,3960,gemini,2025,남성,8
1,2,,,,2,2,2,2,2,2,2,3961,gemini,2025,남성,8
2,2,,,,2,1,1,2,1,2,2,3962,gemini,2025,남성,8
2,2,,,,2,2,2,2,1,2,2,3963,gemini,2025,남성,8
2,2,,,,2,2,2,2,1,2,2,3964,gemini,2025,남성,8
2,2,,,,2,1,2,2,1,2,2,3965,gemini,2025,남성,8
3,1,1.0,3.0,2.0,1,1,2,2,1,2,2,3966,gemini,2025,남성,8
1,2,,,,2,1,2,2,1,2,2,3967,gemini,2025,남성,8
1,2,,,,2,2,2,2,2,2,2,3968,gemini,2025,남성,8
2,2,,,,2,1,2,2,1,2,2,3969,gemini,2025,남성,8
2,2,,,,2,1,2,2,1,2,2,3970,gemini,2025,남성,8
1,2,,,,2,1,2,2,1,2,2,3971,gemini,2025,남성,8
1,2,,,,2,2,2,2,2,2,2,3972,gemini,2025,남성,8
2,2,,,,2,1,2,2,1,2,2,3973,gemini,2025,남성,8
1,2,,,,2,2,2,2,2,2,2,3974,gemini,2025,남성,8
2,2,,,,2,1,2,2,1,2,2,3975,gemini,2025,남성,8
2,2,,,,2,1,2,2,1,2,2,3976,gemini,2025,남성,8
2,2,,,,2,1,2,2,1,2,2,3977,gemini,2025,남성,8
2,2,,,,2,1,2,2,1,2,2,3978,gemini,2025,남성,8
1,2,,,,2,2,2,2,1,2,2,3979,gemini,2025,남성,8
1,2,,,,2,2,2,2,2,2,2,3980,gemini,2025,남성,8
2,2,,,,2,1,2,2,1,2,2,3981,gemini,2025,남성,8
2,2,,,,1,1,1,1,1,2,2,3982,gemini,2025,여성,2
3,1,1.0,3.0,2.0,1,1,1,1,1,2,2,3983,gemini,2025,여성,2
3,1,7.0,3.0,2.0,1,1,1,1,1,2,1,3984,gemini,2025,여성,2
3,1,7.0,3.0,2.0,1,1,1,1,1,2,1,3985,gemini,2025,여성,2
3,1,1.0,4.0,2.0,1,1,1,1,1,2,1,3986,gemini,2025,여성,2
2,2,,,,1,1,1,1,1,2,2,3987,gemini,2025,여성,2
2,2,,,,1,1,1,1,1,2,2,3988,gemini,2025,여성,2
3,1,1.0,3.0,2.0,1,1,1,1,1,2,1,3989,gemini,2025,여성,2
3,1,1.0,4.0,2.0,1,1,1,1,1,1,1,3990,gemini,2025,여성,2
2,2,,,,2,1,2,2,1,2,2,3991,gemini,2025,여성,2
2,2,,,,1,1,1,1,1,2,2,3992,gemini,2025,여성,2
3,1,1.0,3.0,2.0,1,1,1,1,1,2,1,3993,gemini,2025,여성,2
3,1,1.0,4.0,2.0,1,1,1,1,1,2,1,3994,gemini,2025,여성,2
2,2,,,,1,1,1,1,1,2,2,3995,gemini,2025,여성,2
3,1,7.0,3.0,2.0,1,1,1,1,1,2,1,3996,gemini,2025,여성,2
3,1,1.0,3.0,2.0,1,1,1,1,1,2,1,3997,gemini,2025,여성,2
3,1,1.0,3.0,2.0,1,1,1,1,1,1,1,3998,gemini,2025,여성,2
3,1,1.0,3.0,2.0,1,1,1,1,1,2,2,3999,gemini,2025,여성,2
3,1,1.0,3.0,2.0,1,1,1,1,1,2,1,4000,gemini,2025,여성,2
3,1,1.0,4.0,2.0,1,1,2,1,1,2,1,4001,gemini,2025,여성,2
3,1,1.0,4.0,2.0,1,1,1,1,1,2,1,4002,gemini,2025,여성,2
3,1,1.0,3.0,2.0,1,1,1,1,1,1,1,4003,gemini,2025,여성,2
3,1,7.0,3.0,2.0,1,1,1,1,1,1,1,4004,gemini,2025,여성,2
3,1,1.0,3.0,2.0,1,1,1,1,1,1,1,4005,gemini,2025,여성,2
3,1,1.0,4.0,2.0,1,1,1,1,1,1,2,4006,gemini,2025,여성,2
3,1,1.0,4.0,2.0,1,1,1,1,1,2,1,4007,gemini,2025,여성,2
2,2,,,,1,1,1,1,1,2,1,4008,gemini,2025,여성,2
3,1,1.0,4.0,2.0,1,1,1,1,1,1,1,4009,gemini,2025,여성,2
2,2,,,,1,1,2,1,1,2,2,4010,gemini,2025,여성,2
3,1,1.0,3.0,2.0,1,1,1,1,1,1,1,4011,gemini,2025,여성,2
3,1,1.0,3.0,2.0,1,1,1,1,1,2,1,4012,gemini,2025,여성,2
2,2,,,,1,1,2,1,1,2,2,4013,gemini,2025,여성,2
3,1,1.0,4.0,2.0,1,1,2,1,1,2,2,4014,gemini,2025,여성,2
3,1,1.0,4.0,2.0,1,1,1,1,1,2,1,4015,gemini,2025,여성,2
2,1,1.0,3.0,2.0,1,1,2,1,1,2,1,4016,gemini,2025,여성,2
3,1,8.0,3.0,2.0,1,1,2,1,1,2,1,4017,gemini,2025,여성,2
2,2,,,,1,1,1,1,1,2,2,4018,gemini,2025,여성,2
3,1,1.0,3.0,2.0,1,1,2,1,1,2,1,4019,gemini,2025,여성,2
3,1,1.0,3.0,2.0,1,1,1,1,1,1,1,4020,gemini,2025,여성,2
2,2,,,,1,1,1,1,1,2,2,4021,gemini,2025,여성,2
3,1,1.0,4.0,2.0,1,1,2,1,1,2,1,4022,gemini,2025,여성,2
3,1,1.0,3.0,2.0,1,1,1,1,1,1,2,4023,gemini,2025,여성,2
3,1,1.0,3.0,2.0,1,1,1,1,1,2,1,4024,gemini,2025,여성,2
3,1,1.0,3.0,2.0,1,1,2,1,1,2,2,4025,gemini,2025,여성,2
3,1,7.0,3.0,2.0,1,1,1,1,1,2,1,4026,gemini,2025,여성,2
3,1,8.0,3.0,2.0,1,1,1,1,1,2,1,4027,gemini,2025,여성,2
2,2,,,,1,1,1,1,1,2,1,4028,gemini,2025,여성,2
3,1,1.0,3.0,2.0,1,1,1,1,1,2,1,4029,gemini,2025,여성,2
3,1,1.0,4.0,2.0,1,1,2,1,1,2,1,4030,gemini,2025,여성,2
3,1,1.0,3.0,2.0,1,1,2,1,1,2,1,4031,gemini,2025,여성,2
3,1,1.0,3.0,2.0,1,1,2,1,1,2,1,4032,gemini,2025,여성,2
3,1,1.0,4.0,2.0,1,1,1,1,1,1,1,4033,gemini,2025,여성,2
3,1,1.0,3.0,2.0,1,1,1,1,1,2,1,4034,gemini,2025,여성,2
3,1,1.0,3.0,2.0,1,1,1,1,1,2,1,4035,gemini,2025,여성,2
3,1,1.0,2.0,2.0,1,1,2,1,1,2,2,4036,gemini,2025,여성,2
3,1,1.0,3.0,2.0,1,1,1,1,1,1,1,4037,gemini,2025,여성,2
3,1,1.0,3.0,2.0,1,1,1,1,1,2,1,4038,gemini,2025,여성,2
3,1,1.0,4.0,2.0,1,1,1,1,1,2,2,4039,gemini,2025,여성,2
3,1,1.0,3.0,2.0,1,1,1,1,1,2,1,4040,gemini,2025,여성,2
3,1,1.0,3.0,2.0,1,1,1,1,1,2,1,4041,gemini,2025,여성,2
3,1,6.0,3.0,2.0,1,1,1,1,1,2,1,4042,gemini,2025,여성,2
3,1,1.0,4.0,2.0,1,1,1,1,1,2,1,4043,gemini,2025,여성,2
3,1,1.0,4.0,2.0,1,1,1,1,1,2,1,4044,gemini,2025,여성,2
3,1,1.0,4.0,2.0,1,1,1,1,1,2,2,4045,gemini,2025,여성,2
3,1,7.0,3.0,2.0,1,1,2,1,1,2,2,4046,gemini,2025,여성,2
3,1,1.0,3.0,2.0,1,1,1,1,1,2,1,4047,gemini,2025,여성,2
3,1,1.0,4.0,2.0,1,1,1,1,1,1,1,4048,gemini,2025,여성,2
3,1,1.0,3.0,2.0,1,1,1,1,1,2,1,4049,gemini,2025,여성,2
3,1,7.0,3.0,2.0,1,1,1,1,1,2,2,4050,gemini,2025,여성,2
3,1,1.0,3.0,2.0,1,1,1,1,1,2,1,4051,gemini,2025,여성,2
3,1,1.0,4.0,2.0,1,1,1,1,1,2,1,4052,gemini,2025,여성,2
3,1,1.0,4.0,2.0,1,1,1,1,1,2,2,4053,gemini,2025,여성,2
3,1,1.0,3.0,2.0,1,1,1,1,1,2,2,4054,gemini,2025,여성,2
3,1,1.0,4.0,2.0,1,1,1,1,1,2,1,4055,gemini,2025,여성,2
3,1,1.0,3.0,2.0,1,1,1,1,1,2,1,4056,gemini,2025,여성,2
3,1,1.0,4.0,2.0,1,1,1,1,1,2,1,4057,gemini,2025,여성,2
2,2,,,,1,1,1,1,1,2,2,4058,gemini,2025,여성,2
3,1,1.0,4.0,2.0,1,1,1,1,1,2,1,4059,gemini,2025,여성,2
3,1,1.0,2.0,2.0,1,1,2,1,1,2,1,4060,gemini,2025,여성,2
2,2,,,,1,1,1,1,1,2,2,4061,gemini,2025,여성,2
2,2,,,,1,1,2,1,1,2,2,4062,gemini,2025,여성,2
2,2,,,,1,1,2,1,1,2,2,4063,gemini,2025,여성,2
3,1,1.0,3.0,2.0,1,1,1,1,1,2,1,4064,gemini,2025,여성,2
2,2,,,,1,1,1,1,1,2,1,4065,gemini,2025,여성,2
3,1,1.0,3.0,2.0,1,1,1,1,1,2,1,4066,gemini,2025,여성,2
3,1,1.0,3.0,2.0,1,1,1,1,1,1,1,4067,gemini,2025,여성,2
3,1,1.0,4.0,2.0,1,1,1,1,1,2,1,4068,gemini,2025,여성,2
3,1,1.0,4.0,2.0,1,1,2,1,1,2,1,4069,gemini,2025,여성,2
3,1,1.0,3.0,2.0,1,1,1,1,1,2,2,4070,gemini,2025,여성,2
3,1,1.0,3.0,2.0,1,1,1,1,1,2,1,4071,gemini,2025,여성,2
3,1,1.0,3.0,2.0,1,1,1,1,1,2,1,4072,gemini,2025,여성,2
3,1,8.0,3.0,2.0,1,1,1,1,1,2,1,4073,gemini,2025,여성,2
2,2,,,,1,1,2,1,1,2,2,4074,gemini,2025,여성,2
3,1,1.0,3.0,2.0,1,1,1,1,1,2,1,4075,gemini,2025,여성,2
3,1,1.0,4.0,2.0,1,1,1,1,1,2,1,4076,gemini,2025,여성,2
3,1,1.0,3.0,2.0,1,1,1,1,1,2,1,4077,gemini,2025,여성,2
2,2,,,,1,1,1,1,1,2,2,4078,gemini,2025,여성,2
3,1,1.0,3.0,2.0,1,1,1,1,1,2,1,4079,gemini,2025,여성,2
3,1,1.0,3.0,2.0,1,1,1,1,1,2,1,4080,gemini,2025,여성,2
3,1,1.0,3.0,2.0,1,1,1,1,1,2,1,4081,gemini,2025,여성,2
3,1,1.0,3.0,2.0,1,1,1,1,1,1,1,4082,gemini,2025,여성,2
3,1,1.0,3.0,2.0,1,1,1,1,1,2,1,4083,gemini,2025,여성,2
3,1,1.0,4.0,2.0,1,1,1,1,1,2,1,4084,gemini,2025,여성,2
3,1,1.0,4.0,2.0,1,1,1,1,1,2,1,4085,gemini,2025,여성,2
2,2,,,,1,1,1,1,1,2,2,4086,gemini,2025,여성,2
3,1,1.0,4.0,2.0,1,1,1,1,1,2,1,4087,gemini,2025,여성,2
3,1,1.0,4.0,2.0,1,1,2,1,1,2,2,4088,gemini,2025,여성,2
3,1,1.0,4.0,2.0,1,1,1,1,1,2,2,4089,gemini,2025,여성,2
3,1,1.0,4.0,2.0,1,1,1,1,1,2,1,4090,gemini,2025,여성,2
2,2,,,,2,1,2,1,1,2,2,4091,gemini,2025,여성,2
2,2,,,,1,1,1,1,1,2,2,4092,gemini,2025,여성,2
2,2,,,,1,1,1,1,1,2,2,4093,gemini,2025,여성,2
3,1,1.0,4.0,2.0,1,1,1,1,1,2,1,4094,gemini,2025,여성,2
3,1,1.0,4.0,2.0,1,1,1,1,1,1,1,4095,gemini,2025,여성,2
3,1,1.0,4.0,2.0,1,1,1,1,1,2,1,4096,gemini,2025,여성,2
3,1,1.0,1.0,2.0,1,1,1,1,1,2,1,4097,gemini,2025,여성,2
3,1,1.0,3.0,2.0,1,1,1,1,1,2,1,4098,gemini,2025,여성,2
3,1,7.0,3.0,2.0,1,1,1,1,1,1,1,4099,gemini,2025,여성,2
3,1,1.0,3.0,2.0,1,1,1,1,1,2,2,4100,gemini,2025,여성,2
3,1,1.0,3.0,2.0,1,1,1,1,1,1,1,4101,gemini,2025,여성,2
3,1,8.0,3.0,2.0,1,1,1,1,1,2,1,4102,gemini,2025,여성,2
2,2,,,,1,1,1,1,1,2,2,4103,gemini,2025,여성,2
2,2,,,,1,1,1,1,1,2,2,4104,gemini,2025,여성,2
3,1,1.0,3.0,2.0,1,1,1,1,1,2,1,4105,gemini,2025,여성,2
3,1,1.0,4.0,2.0,1,1,1,1,1,1,2,4106,gemini,2025,여성,2
3,1,1.0,4.0,2.0,1,1,1,1,1,2,2,4107,gemini,2025,여성,2
3,1,9.0,3.0,2.0,1,1,2,1,1,2,1,4108,gemini,2025,여성,2
2,2,,,,1,1,2,1,1,2,2,4109,gemini,2025,여성,2
2,2,,,,1,1,1,1,1,2,2,4110,gemini,2025,여성,2
3,2,,,,1,1,1,1,1,2,1,4111,gemini,2025,여성,2
3,1,1.0,3.0,2.0,1,1,1,1,1,2,2,4112,gemini,2025,여성,2
3,1,1.0,3.0,2.0,1,1,1,1,1,2,1,4113,gemini,2025,여성,2
3,1,1.0,3.0,2.0,1,1,1,1,1,2,2,4114,gemini,2025,여성,2
2,2,,,,1,1,1,1,1,2,1,4115,gemini,2025,여성,2
3,1,8.0,3.0,2.0,1,1,1,1,1,2,2,4116,gemini,2025,여성,2
3,1,1.0,4.0,2.0,1,1,1,1,1,2,1,4117,gemini,2025,여성,2
3,1,1.0,4.0,2.0,1,1,2,1,1,2,2,4118,gemini,2025,여성,2
3,1,1.0,4.0,2.0,1,1,1,1,1,2,1,4119,gemini,2025,여성,2
3,1,1.0,3.0,2.0,1,1,2,1,1,2,2,4120,gemini,2025,여성,2
3,1,1.0,4.0,2.0,1,1,1,1,1,2,1,4121,gemini,2025,여성,2
3,1,1.0,3.0,2.0,1,1,1,1,1,2,1,4122,gemini,2025,여성,2
2,2,,,,1,1,2,1,1,2,2,4123,gemini,2025,여성,2
3,1,1.0,4.0,2.0,1,1,1,1,1,2,1,4124,gemini,2025,여성,2
3,1,1.0,4.0,2.0,1,1,2,1,1,2,1,4125,gemini,2025,여성,2
3,1,1.0,4.0,2.0,1,1,2,1,1,2,1,4126,gemini,2025,여성,2
3,1,1.0,3.0,2.0,1,1,1,1,1,2,1,4127,gemini,2025,여성,2
3,1,1.0,3.0,2.0,1,1,1,1,1,2,2,4128,gemini,2025,여성,2
3,1,1.0,4.0,2.0,1,1,1,1,1,1,1,4129,gemini,2025,여성,2
3,1,1.0,4.0,2.0,1,1,1,1,1,2,2,4130,gemini,2025,여성,2
2,2,,,,1,1,2,1,1,2,2,4131,gemini,2025,여성,2
3,1,1.0,3.0,2.0,1,1,1,1,1,2,1,4132,gemini,2025,여성,2
3,1,1.0,4.0,2.0,1,1,2,1,1,2,1,4133,gemini,2025,여성,2
3,1,1.0,3.0,2.0,1,1,1,1,1,2,1,4134,gemini,2025,여성,2
3,1,6.0,3.0,2.0,1,1,1,1,1,2,1,4135,gemini,2025,여성,2
3,1,6.0,3.0,2.0,1,1,2,1,1,2,2,4136,gemini,2025,여성,2
3,1,1.0,3.0,2.0,1,1,1,1,1,2,1,4137,gemini,2025,여성,2
3,1,6.0,3.0,2.0,1,1,1,1,1,1,1,4138,gemini,2025,여성,2
3,1,1.0,4.0,2.0,1,1,1,1,1,2,2,4139,gemini,2025,여성,2
3,1,1.0,3.0,2.0,1,1,1,1,1,2,1,4140,gemini,2025,여성,2
2,2,,,,1,1,1,1,1,2,2,4141,gemini,2025,여성,2
3,1,1.0,3.0,2.0,1,1,2,1,1,2,2,4142,gemini,2025,여성,2
3,1,1.0,3.0,2.0,1,1,1,1,1,1,1,4143,gemini,2025,여성,2
3,1,9.0,3.0,2.0,1,1,1,1,1,2,2,4144,gemini,2025,여성,2
3,1,7.0,3.0,2.0,1,1,1,1,1,2,1,4145,gemini,2025,여성,2
3,1,1.0,4.0,2.0,1,1,1,1,1,1,1,4146,gemini,2025,여성,2
3,1,1.0,3.0,2.0,1,1,1,1,1,1,1,4147,gemini,2025,여성,2
3,1,1.0,3.0,2.0,1,1,1,1,1,2,1,4148,gemini,2025,여성,2
3,1,1.0,3.0,2.0,1,1,1,1,1,1,1,4149,gemini,2025,여성,2
3,1,1.0,3.0,2.0,1,1,1,1,1,2,1,4150,gemini,2025,여성,2
3,1,1.0,4.0,2.0,1,1,1,1,1,2,1,4151,gemini,2025,여성,2
2,2,,,,1,1,1,1,1,2,1,4152,gemini,2025,여성,2
3,1,1.0,3.0,2.0,1,1,1,1,1,2,1,4153,gemini,2025,여성,2
3,1,1.0,3.0,2.0,1,1,1,1,1,1,1,4154,gemini,2025,여성,2
3,1,1.0,3.0,2.0,1,1,2,1,1,2,2,4155,gemini,2025,여성,2
3,1,1.0,3.0,2.0,1,1,1,1,1,2,1,4156,gemini,2025,여성,2
3,1,1.0,3.0,2.0,1,1,1,1,1,2,1,4157,gemini,2025,여성,2
3,1,1.0,4.0,2.0,1,1,1,1,1,2,1,4158,gemini,2025,여성,2
3,1,1.0,4.0,2.0,1,1,1,1,1,2,1,4159,gemini,2025,여성,2
3,1,1.0,3.0,2.0,1,1,1,1,1,2,1,4160,gemini,2025,여성,2
3,1,1.0,3.0,2.0,1,1,1,1,1,2,2,4161,gemini,2025,여성,2
3,1,1.0,4.0,2.0,1,1,1,1,1,1,1,4162,gemini,2025,여성,2
2,2,,,,1,1,1,1,1,2,2,4163,gemini,2025,여성,2
3,1,1.0,3.0,2.0,1,1,1,1,1,1,1,4164,gemini,2025,여성,2
3,1,7.0,3.0,2.0,1,1,1,1,1,2,1,4165,gemini,2025,여성,2
3,1,1.0,3.0,2.0,1,1,1,1,1,2,1,4166,gemini,2025,여성,2
3,1,1.0,4.0,2.0,1,1,1,1,1,2,1,4167,gemini,2025,여성,2
3,1,9.0,3.0,2.0,1,1,1,1,1,2,1,4168,gemini,2025,여성,2
3,1,7.0,3.0,2.0,1,1,1,1,1,2,1,4169,gemini,2025,여성,2
3,1,1.0,4.0,2.0,1,1,1,1,1,1,1,4170,gemini,2025,여성,2
3,1,1.0,3.0,2.0,1,1,2,1,1,2,1,4171,gemini,2025,여성,2
3,1,1.0,4.0,2.0,1,1,1,1,1,2,1,4172,gemini,2025,여성,2
3,1,1.0,3.0,2.0,1,1,1,1,1,2,1,4173,gemini,2025,여성,2
3,1,7.0,3.0,2.0,1,1,1,1,1,2,1,4174,gemini,2025,여성,2
2,2,,,,1,1,1,1,1,2,1,4175,gemini,2025,여성,2
3,1,1.0,4.0,2.0,1,1,1,1,1,2,1,4176,gemini,2025,여성,2
3,1,1.0,3.0,2.0,1,1,1,1,1,2,1,4177,gemini,2025,여성,2
3,1,7.0,3.0,2.0,1,1,1,1,1,2,1,4178,gemini,2025,여성,2
3,1,1.0,3.0,2.0,1,1,1,1,1,1,1,4179,gemini,2025,여성,2
3,1,1.0,3.0,2.0,1,1,1,1,1,2,1,4180,gemini,2025,여성,2
3,1,1.0,4.0,2.0,1,1,1,1,1,2,1,4181,gemini,2025,여성,2
3,1,8.0,3.0,2.0,1,1,2,1,1,2,1,4182,gemini,2025,여성,2
3,1,1.0,4.0,2.0,1,1,1,1,1,2,2,4183,gemini,2025,여성,2
3,1,1.0,4.0,2.0,1,1,1,1,1,2,2,4184,gemini,2025,여성,2
3,1,1.0,3.0,2.0,1,1,1,1,1,2,1,4185,gemini,2025,여성,2
3,1,1.0,3.0,2.0,1,1,2,1,1,2,1,4186,gemini,2025,여성,2
3,1,1.0,3.0,2.0,1,1,1,1,1,1,1,4187,gemini,2025,여성,2
3,1,1.0,3.0,2.0,1,1,1,1,1,2,2,4188,gemini,2025,여성,2
2,2,,,,1,1,1,1,1,2,2,4189,gemini,2025,여성,2
2,2,,,,1,1,1,1,1,2,2,4190,gemini,2025,여성,2
3,1,1.0,3.0,2.0,1,1,1,1,1,2,1,4191,gemini,2025,여성,2
3,1,7.0,3.0,2.0,1,1,1,1,1,2,2,4192,gemini,2025,여성,2
3,1,1.0,3.0,2.0,1,1,1,1,1,2,1,4193,gemini,2025,여성,2
3,1,1.0,3.0,2.0,1,1,1,1,1,2,1,4194,gemini,2025,여성,2
3,1,8.0,3.0,2.0,1,1,1,1,1,2,1,4195,gemini,2025,여성,2
3,1,1.0,3.0,2.0,1,1,1,1,1,1,1,4196,gemini,2025,여성,2
3,1,1.0,3.0,2.0,1,1,1,1,1,2,1,4197,gemini,2025,여성,2
3,1,1.0,3.0,2.0,1,1,1,1,1,2,1,4198,gemini,2025,여성,2
3,1,8.0,3.0,2.0,1,1,1,1,1,1,1,4199,gemini,2025,여성,2
3,1,1.0,3.0,2.0,1,1,1,1,1,2,1,4200,gemini,2025,여성,2
3,1,1.0,4.0,2.0,1,1,1,1,1,2,1,4201,gemini,2025,여성,2
3,1,7.0,3.0,2.0,1,1,1,1,1,2,1,4202,gemini,2025,여성,2
2,2,,,,1,1,1,1,1,2,1,4203,gemini,2025,여성,2
3,1,1.0,4.0,2.0,1,1,1,1,1,2,1,4204,gemini,2025,여성,2
3,1,1.0,3.0,2.0,1,1,1,1,1,2,1,4205,gemini,2025,여성,2
3,1,1.0,4.0,2.0,1,1,2,1,1,2,2,4206,gemini,2025,여성,2
3,1,1.0,3.0,2.0,1,1,1,1,1,2,1,4207,gemini,2025,여성,2
3,1,1.0,3.0,2.0,1,1,1,1,1,2,1,4208,gemini,2025,여성,2
3,1,7.0,3.0,2.0,1,1,1,1,1,2,1,4209,gemini,2025,여성,2
3,1,1.0,3.0,2.0,1,1,1,1,1,1,1,4210,gemini,2025,여성,2
3,1,1.0,3.0,2.0,1,1,1,1,1,1,1,4211,gemini,2025,여성,2
3,1,1.0,3.0,2.0,1,1,1,1,1,2,1,4212,gemini,2025,여성,2
3,1,1.0,3.0,2.0,1,1,1,1,1,1,1,4213,gemini,2025,여성,2
3,1,1.0,3.0,2.0,1,1,1,1,1,1,1,4214,gemini,2025,여성,2
3,1,1.0,4.0,2.0,1,1,1,1,1,2,2,4215,gemini,2025,여성,2
3,1,1.0,3.0,2.0,1,1,1,1,1,2,1,4216,gemini,2025,여성,2
3,1,1.0,4.0,2.0,1,1,1,1,1,2,1,4217,gemini,2025,여성,2
3,1,1.0,3.0,2.0,1,1,1,1,1,2,1,4218,gemini,2025,여성,2
2,2,,,,1,1,1,1,1,2,2,4219,gemini,2025,여성,2
2,2,,,,1,1,2,1,1,2,2,4220,gemini,2025,여성,2
3,1,1.0,3.0,2.0,1,1,1,1,1,2,1,4221,gemini,2025,여성,2
3,1,1.0,4.0,2.0,1,1,1,1,1,2,1,4222,gemini,2025,여성,2
3,1,1.0,3.0,2.0,1,1,1,1,1,2,2,4223,gemini,2025,여성,2
3,1,1.0,4.0,2.0,1,1,1,1,1,1,1,4224,gemini,2025,여성,2
3,1,1.0,4.0,2.0,1,1,1,1,1,2,1,4225,gemini,2025,여성,2
3,1,1.0,4.0,2.0,1,1,1,1,1,2,1,4226,gemini,2025,여성,2
3,1,1.0,3.0,2.0,1,1,1,1,1,2,1,4227,gemini,2025,여성,2
3,1,1.0,4.0,2.0,1,1,1,1,1,2,1,4228,gemini,2025,여성,2
3,1,1.0,3.0,2.0,1,1,1,1,1,1,1,4229,gemini,2025,여성,2
3,1,1.0,3.0,2.0,1,1,1,1,1,1,1,4230,gemini,2025,여성,2
2,2,,,,1,1,1,1,1,2,2,4231,gemini,2025,여성,2
3,1,1.0,3.0,2.0,1,1,1,1,1,2,1,4232,gemini,2025,여성,2
3,1,8.0,3.0,2.0,1,1,1,1,1,2,1,4233,gemini,2025,여성,2
3,1,6.0,3.0,2.0,1,1,1,1,1,2,1,4234,gemini,2025,여성,2
3,1,1.0,3.0,2.0,1,1,1,1,1,2,2,4235,gemini,2025,여성,2
3,1,1.0,4.0,2.0,1,1,1,1,1,2,1,4236,gemini,2025,여성,2
3,1,1.0,4.0,2.0,1,1,2,1,1,2,2,4237,gemini,2025,여성,2
3,1,1.0,4.0,2.0,1,1,1,1,1,2,2,4238,gemini,2025,여성,2
2,2,,,,1,1,1,1,1,2,1,4239,gemini,2025,여성,2
3,1,1.0,3.0,2.0,1,1,1,1,1,2,1,4240,gemini,2025,여성,2
3,1,1.0,3.0,2.0,1,1,1,1,1,1,1,4241,gemini,2025,여성,2
3,1,8.0,3.0,2.0,1,1,2,1,1,2,1,4242,gemini,2025,여성,2
2,2,,,,1,1,1,1,1,2,2,4243,gemini,2025,여성,2
3,1,1.0,3.0,2.0,1,1,1,1,1,2,1,4244,gemini,2025,여성,2
3,1,1.0,3.0,2.0,1,1,1,1,1,2,2,4245,gemini,2025,여성,2
3,1,1.0,3.0,2.0,1,1,1,1,1,2,1,4246,gemini,2025,여성,2
3,1,7.0,3.0,2.0,1,1,1,1,1,1,1,4247,gemini,2025,여성,2
3,1,1.0,4.0,2.0,1,1,1,1,1,2,2,4248,gemini,2025,여성,2
3,1,8.0,3.0,2.0,1,1,1,1,1,2,1,4249,gemini,2025,여성,2
3,1,1.0,3.0,2.0,1,1,1,1,1,2,1,4250,gemini,2025,여성,2
3,1,1.0,4.0,2.0,1,1,1,1,1,2,2,4251,gemini,2025,여성,2
3,1,1.0,3.0,2.0,1,1,1,1,1,2,1,4252,gemini,2025,여성,2
3,1,1.0,4.0,2.0,1,1,2,1,1,2,2,4253,gemini,2025,여성,2
3,1,1.0,4.0,2.0,1,1,1,1,1,2,2,4254,gemini,2025,여성,2
3,1,1.0,4.0,2.0,1,1,2,1,1,2,1,4255,gemini,2025,여성,2
3,1,1.0,3.0,2.0,1,1,1,1,1,2,2,4256,gemini,2025,여성,2
3,1,1.0,4.0,2.0,1,1,1,1,1,1,1,4257,gemini,2025,여성,2
3,1,1.0,3.0,2.0,1,1,1,1,1,2,1,4258,gemini,2025,여성,2
2,2,,,,1,1,1,1,1,2,1,4259,gemini,2025,여성,2
3,1,1.0,3.0,2.0,1,1,1,1,1,1,1,4260,gemini,2025,여성,2
3,1,1.0,4.0,2.0,1,1,1,1,1,2,1,4261,gemini,2025,여성,2
3,1,1.0,3.0,2.0,1,1,1,1,1,2,1,4262,gemini,2025,여성,2
3,1,1.0,4.0,2.0,1,1,1,1,1,2,1,4263,gemini,2025,여성,2
2,2,,,,1,1,1,1,1,2,1,4264,gemini,2025,여성,2
3,1,1.0,4.0,2.0,1,1,1,1,1,2,2,4265,gemini,2025,여성,2
2,2,,,,1,1,2,1,1,2,2,4266,gemini,2025,여성,2
3,1,1.0,3.0,2.0,1,1,1,1,1,2,1,4267,gemini,2025,여성,2
3,1,1.0,3.0,2.0,1,1,1,1,1,2,1,4268,gemini,2025,여성,2
3,1,1.0,3.0,2.0,1,1,1,1,1,2,1,4269,gemini,2025,여성,2
3,1,1.0,4.0,2.0,1,1,1,1,1,1,1,4270,gemini,2025,여성,2
3,1,1.0,3.0,2.0,1,1,2,1,1,2,2,4271,gemini,2025,여성,2
2,2,,,,1,1,2,1,1,2,1,4272,gemini,2025,여성,2
3,1,1.0,3.0,2.0,1,1,1,1,1,2,1,4273,gemini,2025,여성,2
3,1,1.0,3.0,2.0,1,1,2,1,1,2,1,4274,gemini,2025,여성,2
3,1,1.0,4.0,2.0,1,1,1,1,1,2,1,4275,gemini,2025,여성,2
3,1,1.0,4.0,2.0,1,1,1,1,1,2,1,4276,gemini,2025,여성,2
3,1,1.0,4.0,2.0,1,1,1,1,1,2,1,4277,gemini,2025,여성,2
3,1,1.0,4.0,2.0,1,1,1,1,1,2,1,4278,gemini,2025,여성,2
2,2,,,,1,1,1,1,1,2,2,4279,gemini,2025,여성,2
3,1,1.0,3.0,2.0,1,1,1,1,1,2,1,4280,gemini,2025,여성,2
3,1,8.0,3.0,1.0,1,1,1,1,1,2,1,4281,gemini,2025,여성,2
2,1,1.0,3.0,2.0,1,1,1,1,1,2,1,4282,gemini,2025,여성,2
3,1,1.0,3.0,2.0,1,1,1,1,1,2,1,4283,gemini,2025,여성,2
3,1,1.0,3.0,2.0,1,1,1,1,1,2,1,4284,gemini,2025,여성,2
3,1,1.0,4.0,2.0,1,1,1,1,1,2,1,4285,gemini,2025,여성,2
3,1,1.0,3.0,2.0,1,1,1,1,1,1,1,4286,gemini,2025,여성,2
3,1,1.0,3.0,2.0,1,1,1,1,1,1,1,4287,gemini,2025,여성,2
2,2,,,,1,1,1,1,1,2,2,4288,gemini,2025,여성,2
2,2,,,,1,1,2,1,1,2,2,4289,gemini,2025,여성,2
3,1,1.0,3.0,2.0,1,1,1,1,1,2,1,4290,gemini,2025,여성,2
3,1,1.0,3.0,2.0,1,1,1,1,1,2,1,4291,gemini,2025,여성,2
3,1,1.0,4.0,2.0,1,1,1,1,1,2,1,4292,gemini,2025,여성,2
3,1,1.0,4.0,2.0,1,1,1,1,1,1,1,4293,gemini,2025,여성,2
3,1,1.0,3.0,2.0,1,1,1,1,1,2,1,4294,gemini,2025,여성,2
3,1,1.0,4.0,2.0,1,1,1,1,1,2,2,4295,gemini,2025,여성,2
2,2,,,,1,1,1,1,1,2,2,4296,gemini,2025,여성,2
3,1,1.0,4.0,2.0,1,1,1,1,1,2,1,4297,gemini,2025,여성,2
3,1,1.0,3.0,2.0,1,1,1,1,1,2,1,4298,gemini,2025,여성,2
3,1,1.0,3.0,2.0,1,1,1,1,1,1,1,4299,gemini,2025,여성,2
3,1,1.0,3.0,2.0,1,1,1,1,1,2,1,4300,gemini,2025,여성,2
3,1,1.0,3.0,2.0,1,1,1,1,1,2,1,4301,gemini,2025,여성,2
3,1,1.0,4.0,2.0,1,1,1,1,1,2,1,4302,gemini,2025,여성,2
2,2,,,,1,2,2,2,1,2,2,4303,gemini,2025,여성,2
2,2,,,,1,1,1,1,1,2,2,4304,gemini,2025,여성,2
3,1,1.0,4.0,2.0,1,1,1,1,1,2,1,4305,gemini,2025,여성,2
2,2,,,,1,1,1,1,1,2,1,4306,gemini,2025,여성,2
3,1,1.0,3.0,2.0,1,1,1,1,1,2,1,4307,gemini,2025,여성,2
3,1,1.0,4.0,2.0,1,1,1,1,1,2,1,4308,gemini,2025,여성,2
2,2,,,,2,1,2,2,1,2,2,4309,gemini,2025,여성,2
3,1,1.0,3.0,2.0,1,1,2,1,1,2,1,4310,gemini,2025,여성,2
2,2,,,,1,1,1,1,1,2,1,4311,gemini,2025,여성,2
3,1,7.0,3.0,2.0,1,1,2,1,1,2,1,4312,gemini,2025,여성,2
3,1,1.0,3.0,2.0,1,1,1,1,1,1,1,4313,gemini,2025,여성,2
3,1,1.0,4.0,2.0,1,1,1,1,1,2,1,4314,gemini,2025,여성,2
3,1,1.0,4.0,2.0,1,1,2,1,1,2,2,4315,gemini,2025,여성,2
3,1,1.0,4.0,2.0,1,1,1,1,1,2,1,4316,gemini,2025,여성,2
3,1,1.0,4.0,2.0,1,1,1,1,1,1,1,4317,gemini,2025,여성,2
2,2,,,,1,1,2,1,1,2,2,4318,gemini,2025,여성,2
3,1,1.0,3.0,2.0,1,1,1,1,1,1,1,4319,gemini,2025,여성,2
3,1,1.0,4.0,2.0,1,1,1,1,1,2,1,4320,gemini,2025,여성,2
3,1,1.0,4.0,2.0,1,1,1,1,1,2,1,4321,gemini,2025,여성,2
3,1,1.0,3.0,2.0,1,1,1,1,1,2,1,4322,gemini,2025,여성,2
3,1,1.0,3.0,2.0,1,1,1,1,1,2,1,4323,gemini,2025,여성,2
3,1,8.0,3.0,2.0,1,1,1,1,1,2,1,4324,gemini,2025,여성,2
3,1,6.0,3.0,2.0,1,1,1,1,1,1,1,4325,gemini,2025,여성,2
3,1,1.0,3.0,2.0,1,1,2,1,1,2,2,4326,gemini,2025,여성,2
2,2,,,,1,1,2,1,1,2,2,4327,gemini,2025,여성,2
3,1,1.0,3.0,2.0,1,1,1,1,1,1,1,4328,gemini,2025,여성,2
3,1,7.0,3.0,2.0,1,1,1,1,1,2,1,4329,gemini,2025,여성,2
2,2,,,,1,1,1,1,1,2,2,4330,gemini,2025,여성,2
3,1,1.0,3.0,2.0,1,1,1,1,1,2,1,4331,gemini,2025,여성,2
3,1,1.0,4.0,2.0,1,1,1,1,1,2,2,4332,gemini,2025,여성,2
3,1,1.0,3.0,2.0,1,1,1,1,1,1,1,4333,gemini,2025,여성,2
3,1,1.0,3.0,2.0,1,1,1,1,1,2,1,4334,gemini,2025,여성,2
2,2,,,,1,1,2,1,1,2,2,4335,gemini,2025,여성,2
3,1,1.0,3.0,2.0,1,1,1,1,1,2,1,4336,gemini,2025,여성,2
3,1,1.0,4.0,2.0,1,1,1,1,1,1,2,4337,gemini,2025,여성,2
3,1,1.0,2.0,2.0,1,1,1,1,1,2,1,4338,gemini,2025,여성,3
3,1,1.0,1.0,2.0,1,1,2,1,1,2,1,4339,gemini,2025,여성,3
3,1,1.0,1.0,2.0,1,1,2,1,1,2,1,4340,gemini,2025,여성,3
2,1,1.0,4.0,2.0,1,1,1,1,1,2,1,4341,gemini,2025,여성,3
3,1,1.0,4.0,2.0,1,1,1,1,1,2,1,4342,gemini,2025,여성,3
2,2,,,,1,1,1,1,1,2,2,4343,gemini,2025,여성,3
2,2,,,,1,1,1,1,1,2,1,4344,gemini,2025,여성,3
3,1,1.0,4.0,2.0,1,1,2,1,1,2,1,4345,gemini,2025,여성,3
3,1,1.0,4.0,2.0,1,1,2,1,1,2,1,4346,gemini,2025,여성,3
2,2,,,,1,1,2,1,1,2,1,4347,gemini,2025,여성,3
3,1,1.0,4.0,2.0,1,1,2,1,1,2,1,4348,gemini,2025,여성,3
3,1,1.0,3.0,2.0,1,1,1,1,1,2,1,4349,gemini,2025,여성,3
3,1,1.0,3.0,2.0,1,1,1,1,1,2,1,4350,gemini,2025,여성,3
2,2,,,,1,1,2,1,1,2,2,4351,gemini,2025,여성,3
2,2,,,,1,1,1,1,1,2,1,4352,gemini,2025,여성,3
3,1,1.0,4.0,2.0,1,1,1,1,1,2,1,4353,gemini,2025,여성,3
3,1,1.0,4.0,2.0,1,1,2,1,1,2,1,4354,gemini,2025,여성,3
3,1,1.0,4.0,2.0,1,1,2,1,1,2,1,4355,gemini,2025,여성,3
3,1,1.0,4.0,2.0,1,1,1,1,1,2,1,4356,gemini,2025,여성,3
2,2,,,,1,1,2,1,1,2,2,4357,gemini,2025,여성,3
2,2,,,,1,1,1,1,1,2,2,4358,gemini,2025,여성,3
2,2,,,,1,1,2,1,1,2,2,4359,gemini,2025,여성,3
3,1,1.0,3.0,2.0,1,1,1,1,1,2,1,4360,gemini,2025,여성,3
3,1,1.0,4.0,2.0,1,1,2,1,1,2,1,4361,gemini,2025,여성,3
3,1,1.0,4.0,2.0,1,1,2,1,1,2,2,4362,gemini,2025,여성,3
3,1,1.0,4.0,2.0,1,1,2,1,1,2,1,4363,gemini,2025,여성,3
3,1,1.0,4.0,2.0,1,1,2,1,1,2,1,4364,gemini,2025,여성,3
2,2,,,,1,1,1,1,1,2,1,4365,gemini,2025,여성,3
2,2,,,,1,1,1,1,1,2,1,4366,gemini,2025,여성,3
2,2,,,,1,1,2,1,1,2,2,4367,gemini,2025,여성,3
3,1,1.0,4.0,2.0,1,1,2,1,1,2,1,4368,gemini,2025,여성,3
3,1,1.0,1.0,2.0,1,1,2,1,1,2,1,4369,gemini,2025,여성,3
2,2,,,,1,1,2,1,1,2,1,4370,gemini,2025,여성,3
3,1,1.0,1.0,2.0,1,1,2,1,1,2,1,4371,gemini,2025,여성,3
2,2,,,,1,1,2,1,1,2,2,4372,gemini,2025,여성,3
2,2,,,,1,1,2,1,1,2,2,4373,gemini,2025,여성,3
2,2,,,,1,1,1,1,1,2,2,4374,gemini,2025,여성,3
3,1,1.0,1.0,2.0,1,1,1,1,1,2,1,4375,gemini,2025,여성,3
2,2,,,,1,1,2,1,1,2,2,4376,gemini,2025,여성,3
3,1,1.0,4.0,2.0,1,1,1,1,1,2,1,4377,gemini,2025,여성,3
2,2,,,,1,1,2,1,1,2,2,4378,gemini,2025,여성,3
3,1,1.0,4.0,2.0,1,1,1,1,1,2,1,4379,gemini,2025,여성,3
2,2,,,,1,1,2,2,1,2,2,4380,gemini,2025,여성,3
3,1,1.0,4.0,2.0,1,1,1,1,1,2,1,4381,gemini,2025,여성,3
3,1,1.0,2.0,2.0,1,1,2,1,1,2,1,4382,gemini,2025,여성,3
3,1,1.0,4.0,2.0,1,1,1,1,1,2,1,4383,gemini,2025,여성,3
3,1,1.0,3.0,2.0,1,1,1,1,1,2,1,4384,gemini,2025,여성,3
3,1,1.0,3.0,2.0,1,1,2,1,1,2,1,4385,gemini,2025,여성,3
3,1,1.0,3.0,2.0,1,1,2,1,1,2,1,4386,gemini,2025,여성,3
3,1,1.0,4.0,2.0,1,1,1,1,1,2,1,4387,gemini,2025,여성,3
3,1,1.0,3.0,2.0,1,1,2,1,1,2,1,4388,gemini,2025,여성,3
3,1,1.0,4.0,2.0,1,1,1,1,1,2,1,4389,gemini,2025,여성,3
2,2,,,,1,1,2,1,1,2,2,4390,gemini,2025,여성,3
2,2,,,,1,1,2,1,1,2,2,4391,gemini,2025,여성,3
3,1,1.0,4.0,2.0,1,1,2,1,1,2,2,4392,gemini,2025,여성,3
3,1,1.0,4.0,2.0,1,1,2,1,1,2,2,4393,gemini,2025,여성,3
3,1,1.0,3.0,2.0,1,1,1,1,1,2,1,4394,gemini,2025,여성,3
3,1,1.0,4.0,2.0,1,1,2,1,1,2,1,4395,gemini,2025,여성,3
3,1,1.0,4.0,2.0,1,1,2,1,1,2,1,4396,gemini,2025,여성,3
3,1,1.0,3.0,2.0,1,1,2,1,1,2,1,4397,gemini,2025,여성,3
3,1,1.0,4.0,2.0,1,1,2,1,1,2,1,4398,gemini,2025,여성,3
2,2,,,,1,1,2,1,1,2,1,4399,gemini,2025,여성,3
3,1,1.0,1.0,2.0,1,1,1,1,1,2,1,4400,gemini,2025,여성,3
3,1,1.0,1.0,2.0,1,1,1,1,1,2,1,4401,gemini,2025,여성,3
2,2,,,,1,1,1,1,1,2,2,4402,gemini,2025,여성,3
2,2,,,,1,1,2,1,1,2,2,4403,gemini,2025,여성,3
3,1,1.0,4.0,2.0,1,1,2,1,1,2,1,4404,gemini,2025,여성,3
2,2,,,,1,1,2,1,1,2,2,4405,gemini,2025,여성,3
3,1,1.0,4.0,2.0,1,1,2,1,1,2,1,4406,gemini,2025,여성,3
2,2,,,,1,1,2,1,1,2,2,4407,gemini,2025,여성,3
2,2,,,,1,1,2,1,1,2,2,4408,gemini,2025,여성,3
3,1,1.0,1.0,2.0,1,1,2,1,1,2,1,4409,gemini,2025,여성,3
3,1,1.0,1.0,2.0,1,1,2,1,1,2,1,4410,gemini,2025,여성,3
3,1,1.0,4.0,2.0,1,1,1,1,1,2,1,4411,gemini,2025,여성,3
2,2,,,,1,1,1,1,1,2,1,4412,gemini,2025,여성,3
2,2,,,,1,1,1,1,1,2,1,4413,gemini,2025,여성,3
3,1,1.0,2.0,2.0,1,1,1,1,1,2,1,4414,gemini,2025,여성,3
3,1,1.0,4.0,2.0,1,1,2,1,1,2,1,4415,gemini,2025,여성,3
3,1,1.0,4.0,2.0,1,1,1,1,1,2,1,4416,gemini,2025,여성,3
2,2,,,,2,1,2,2,1,2,2,4417,gemini,2025,여성,3
2,2,,,,1,1,1,1,1,2,1,4418,gemini,2025,여성,3
3,1,1.0,4.0,2.0,1,1,2,1,1,2,2,4419,gemini,2025,여성,3
2,2,,,,1,1,2,1,1,2,1,4420,gemini,2025,여성,3
3,1,1.0,4.0,2.0,1,1,1,1,1,2,1,4421,gemini,2025,여성,3
2,2,,,,1,1,2,1,1,2,1,4422,gemini,2025,여성,3
3,1,1.0,4.0,2.0,1,1,1,1,1,2,1,4423,gemini,2025,여성,3
3,1,7.0,3.0,2.0,1,1,1,1,1,2,1,4424,gemini,2025,여성,3
3,1,1.0,4.0,2.0,1,1,1,1,1,2,1,4425,gemini,2025,여성,3
3,1,1.0,1.0,2.0,1,1,2,1,1,2,1,4426,gemini,2025,여성,3
3,1,1.0,4.0,2.0,1,1,1,1,1,2,1,4427,gemini,2025,여성,3
2,2,,,,1,1,2,1,1,2,2,4428,gemini,2025,여성,3
3,1,1.0,4.0,2.0,1,1,1,1,1,2,1,4429,gemini,2025,여성,3
3,1,1.0,1.0,2.0,1,1,1,1,1,2,1,4430,gemini,2025,여성,3
3,1,1.0,1.0,2.0,1,1,2,1,1,2,1,4431,gemini,2025,여성,3
3,1,1.0,4.0,2.0,1,1,1,1,1,2,1,4432,gemini,2025,여성,3
3,1,1.0,4.0,2.0,1,1,2,1,1,2,1,4433,gemini,2025,여성,3
3,1,1.0,4.0,2.0,1,1,1,1,1,2,1,4434,gemini,2025,여성,3
3,1,1.0,4.0,2.0,1,1,2,1,1,2,1,4435,gemini,2025,여성,3
2,2,,,,2,1,2,1,1,2,2,4436,gemini,2025,여성,3
3,1,1.0,4.0,2.0,1,1,1,1,1,2,1,4437,gemini,2025,여성,3
2,2,,,,1,1,2,1,1,2,1,4438,gemini,2025,여성,3
3,1,1.0,1.0,2.0,1,1,1,1,1,2,1,4439,gemini,2025,여성,3
2,2,,,,1,1,1,1,1,2,1,4440,gemini,2025,여성,3
2,2,,,,1,1,2,1,1,2,1,4441,gemini,2025,여성,3
2,2,,,,1,1,1,1,1,2,2,4442,gemini,2025,여성,3
3,1,1.0,1.0,2.0,1,1,1,1,1,2,1,4443,gemini,2025,여성,3
2,2,,,,1,1,2,1,1,2,2,4444,gemini,2025,여성,3
3,1,1.0,4.0,2.0,1,1,2,1,1,2,1,4445,gemini,2025,여성,3
3,1,7.0,3.0,2.0,1,1,1,1,1,2,1,4446,gemini,2025,여성,3
3,1,1.0,2.0,2.0,1,1,2,1,1,2,1,4447,gemini,2025,여성,3
2,2,,,,1,1,2,1,1,2,2,4448,gemini,2025,여성,3
3,1,1.0,3.0,2.0,1,1,2,1,1,2,1,4449,gemini,2025,여성,3
3,1,1.0,4.0,2.0,1,1,2,1,1,2,1,4450,gemini,2025,여성,3
3,1,1.0,4.0,2.0,1,1,1,1,1,2,1,4451,gemini,2025,여성,3
3,1,1.0,4.0,2.0,1,1,2,1,1,2,1,4452,gemini,2025,여성,3
3,1,1.0,1.0,2.0,1,1,1,1,1,2,1,4453,gemini,2025,여성,3
3,1,1.0,4.0,2.0,1,1,2,1,1,2,1,4454,gemini,2025,여성,3
3,1,1.0,4.0,2.0,1,1,2,1,1,2,1,4455,gemini,2025,여성,3
3,1,1.0,4.0,2.0,1,1,1,1,1,2,1,4456,gemini,2025,여성,3
3,1,1.0,4.0,2.0,1,1,1,1,1,2,1,4457,gemini,2025,여성,3
3,1,1.0,4.0,2.0,1,1,2,1,1,2,1,4458,gemini,2025,여성,3
3,1,1.0,4.0,2.0,1,1,2,1,1,2,2,4459,gemini,2025,여성,3
3,1,1.0,3.0,2.0,1,1,1,1,1,2,1,4460,gemini,2025,여성,3
3,1,1.0,4.0,2.0,1,1,2,1,1,2,1,4461,gemini,2025,여성,3
3,1,1.0,1.0,2.0,1,1,1,1,1,2,1,4462,gemini,2025,여성,3
3,1,1.0,4.0,2.0,1,1,2,1,1,2,1,4463,gemini,2025,여성,3
3,1,1.0,3.0,2.0,1,1,2,1,1,2,1,4464,gemini,2025,여성,3
3,1,1.0,4.0,2.0,1,1,1,1,1,2,1,4465,gemini,2025,여성,3
3,1,1.0,2.0,2.0,1,1,2,1,1,2,1,4466,gemini,2025,여성,3
3,1,1.0,1.0,2.0,1,1,2,1,1,2,1,4467,gemini,2025,여성,3
3,1,1.0,4.0,2.0,1,1,1,1,1,2,1,4468,gemini,2025,여성,3
3,1,1.0,4.0,2.0,1,1,1,1,1,2,1,4469,gemini,2025,여성,3
3,1,1.0,1.0,2.0,1,1,2,1,1,2,1,4470,gemini,2025,여성,3
3,1,1.0,1.0,2.0,1,1,1,1,1,2,1,4471,gemini,2025,여성,3
3,1,1.0,4.0,2.0,1,1,1,1,1,2,1,4472,gemini,2025,여성,3
3,1,1.0,1.0,2.0,1,1,2,1,1,2,1,4473,gemini,2025,여성,3
3,1,1.0,4.0,2.0,1,1,1,1,1,2,1,4474,gemini,2025,여성,3
3,1,8.0,3.0,2.0,1,1,1,1,1,1,1,4475,gemini,2025,여성,3
3,1,1.0,3.0,2.0,1,1,2,1,1,2,1,4476,gemini,2025,여성,3
3,1,1.0,1.0,2.0,1,1,1,1,1,2,1,4477,gemini,2025,여성,3
3,1,1.0,4.0,2.0,1,1,1,1,1,2,1,4478,gemini,2025,여성,3
3,1,1.0,1.0,2.0,1,1,2,1,1,2,1,4479,gemini,2025,여성,3
2,2,,,,1,1,2,1,1,2,2,4480,gemini,2025,여성,3
2,2,,,,1,1,1,1,1,2,1,4481,gemini,2025,여성,3
3,1,1.0,4.0,2.0,1,1,2,1,1,2,2,4482,gemini,2025,여성,3
2,2,,,,1,1,1,1,1,2,1,4483,gemini,2025,여성,3
3,1,1.0,1.0,2.0,1,1,2,1,1,2,1,4484,gemini,2025,여성,3
2,2,,,,1,1,2,1,1,2,2,4485,gemini,2025,여성,3
3,1,1.0,1.0,2.0,1,1,1,1,1,2,1,4486,gemini,2025,여성,3
2,2,,,,1,1,2,1,1,2,2,4487,gemini,2025,여성,3
3,1,1.0,4.0,2.0,1,1,2,1,1,2,1,4488,gemini,2025,여성,3
2,2,,,,1,1,2,1,1,2,1,4489,gemini,2025,여성,3
2,2,,,,1,1,1,1,1,2,1,4490,gemini,2025,여성,3
2,2,,,,1,1,2,1,1,2,2,4491,gemini,2025,여성,3
4,1,1.0,1.0,1.0,1,1,2,1,1,2,1,4492,gemini,2025,여성,3
2,2,,,,1,1,1,1,1,2,2,4493,gemini,2025,여성,3
3,1,1.0,4.0,2.0,1,1,1,1,1,2,1,4494,gemini,2025,여성,3
3,1,1.0,3.0,2.0,1,1,1,1,1,1,1,4495,gemini,2025,여성,3
3,1,1.0,3.0,2.0,1,1,2,1,1,2,1,4496,gemini,2025,여성,3
3,1,1.0,4.0,2.0,1,1,2,1,1,2,2,4497,gemini,2025,여성,3
2,2,,,,1,1,2,1,1,2,2,4498,gemini,2025,여성,3
3,1,1.0,4.0,2.0,1,1,1,1,1,2,1,4499,gemini,2025,여성,3
2,2,,,,2,1,2,1,1,2,2,4500,gemini,2025,여성,3
3,1,1.0,1.0,2.0,1,1,2,1,1,2,1,4501,gemini,2025,여성,3
2,2,,,,1,1,2,1,1,2,2,4502,gemini,2025,여성,3
2,2,,,,1,1,1,1,1,2,1,4503,gemini,2025,여성,3
3,1,1.0,4.0,2.0,1,1,2,1,1,2,1,4504,gemini,2025,여성,3
3,1,1.0,4.0,2.0,1,1,1,1,1,2,1,4505,gemini,2025,여성,3
3,1,1.0,4.0,2.0,1,1,2,1,1,2,1,4506,gemini,2025,여성,3
3,1,1.0,2.0,2.0,1,1,2,1,1,2,1,4507,gemini,2025,여성,3
3,1,1.0,4.0,2.0,1,1,2,1,1,2,1,4508,gemini,2025,여성,3
2,2,,,,1,1,1,1,1,2,1,4509,gemini,2025,여성,3
3,1,1.0,4.0,2.0,1,1,1,1,1,1,1,4510,gemini,2025,여성,3
3,1,1.0,3.0,2.0,1,1,2,1,1,2,1,4511,gemini,2025,여성,3
3,1,1.0,4.0,2.0,1,1,2,1,1,2,1,4512,gemini,2025,여성,3
3,1,1.0,3.0,2.0,1,1,2,1,1,2,2,4513,gemini,2025,여성,3
2,2,,,,1,1,1,1,1,2,1,4514,gemini,2025,여성,3
3,1,1.0,4.0,2.0,1,1,2,1,1,2,1,4515,gemini,2025,여성,3
3,1,1.0,4.0,2.0,1,1,1,1,1,2,1,4516,gemini,2025,여성,3
3,1,1.0,4.0,2.0,1,1,2,1,1,2,1,4517,gemini,2025,여성,3
3,1,1.0,4.0,2.0,1,1,2,1,1,2,1,4518,gemini,2025,여성,3
3,1,1.0,4.0,2.0,1,1,1,1,1,2,1,4519,gemini,2025,여성,3
2,2,,,,1,1,2,1,1,2,2,4520,gemini,2025,여성,3
2,2,,,,1,1,1,1,1,2,2,4521,gemini,2025,여성,3
3,1,1.0,3.0,2.0,1,1,2,1,1,2,1,4522,gemini,2025,여성,3
3,1,1.0,1.0,2.0,1,1,1,1,1,2,1,4523,gemini,2025,여성,3
3,1,1.0,4.0,2.0,1,1,2,1,1,2,1,4524,gemini,2025,여성,3
2,2,,,,1,1,2,1,1,2,1,4525,gemini,2025,여성,3
2,2,,,,1,1,2,1,1,2,2,4526,gemini,2025,여성,3
3,1,1.0,1.0,2.0,1,1,2,1,1,2,1,4527,gemini,2025,여성,3
2,2,,,,1,1,2,1,1,2,2,4528,gemini,2025,여성,3
3,1,1.0,1.0,2.0,1,1,2,1,1,2,1,4529,gemini,2025,여성,3
2,2,,,,1,1,2,1,1,2,1,4530,gemini,2025,여성,3
3,1,1.0,1.0,2.0,1,1,2,1,1,2,1,4531,gemini,2025,여성,3
3,1,1.0,4.0,2.0,1,1,2,1,1,2,1,4532,gemini,2025,여성,3
3,1,1.0,4.0,2.0,1,1,1,1,1,2,1,4533,gemini,2025,여성,3
2,2,,,,2,1,2,1,1,2,1,4534,gemini,2025,여성,3
3,1,1.0,4.0,2.0,1,1,1,1,1,2,1,4535,gemini,2025,여성,3
2,2,,,,1,1,2,1,1,2,2,4536,gemini,2025,여성,3
2,2,,,,1,1,2,1,1,2,2,4537,gemini,2025,여성,3
2,2,,,,1,1,2,1,1,2,1,4538,gemini,2025,여성,3
3,1,1.0,3.0,2.0,1,1,2,1,1,2,1,4539,gemini,2025,여성,3
4,1,1.0,4.0,2.0,1,1,2,1,1,2,1,4540,gemini,2025,여성,3
3,1,1.0,4.0,2.0,1,1,2,1,1,2,1,4541,gemini,2025,여성,3
3,1,1.0,4.0,2.0,1,1,1,1,1,2,1,4542,gemini,2025,여성,3
3,1,1.0,4.0,2.0,1,1,1,1,1,2,1,4543,gemini,2025,여성,3
3,1,1.0,3.0,2.0,1,1,1,1,1,2,1,4544,gemini,2025,여성,3
3,1,1.0,3.0,2.0,1,1,1,1,1,2,1,4545,gemini,2025,여성,3
3,1,1.0,4.0,2.0,1,1,1,1,1,2,1,4546,gemini,2025,여성,3
3,1,1.0,4.0,2.0,1,1,1,1,1,2,1,4547,gemini,2025,여성,3
3,1,1.0,4.0,2.0,1,1,1,1,1,2,1,4548,gemini,2025,여성,3
3,1,1.0,4.0,2.0,1,1,2,1,1,2,1,4549,gemini,2025,여성,3
3,1,1.0,4.0,2.0,1,1,1,1,1,2,1,4550,gemini,2025,여성,3
3,1,1.0,4.0,2.0,1,1,2,1,1,2,1,4551,gemini,2025,여성,3
3,1,1.0,4.0,2.0,1,1,1,1,1,2,1,4552,gemini,2025,여성,3
3,1,1.0,3.0,2.0,1,1,1,1,1,2,1,4553,gemini,2025,여성,3
2,2,,,,1,1,2,1,1,2,2,4554,gemini,2025,여성,3
3,1,1.0,4.0,2.0,1,1,2,1,1,2,1,4555,gemini,2025,여성,3
3,1,7.0,3.0,2.0,1,1,2,1,1,2,1,4556,gemini,2025,여성,3
2,2,,,,1,1,2,1,1,2,1,4557,gemini,2025,여성,3
3,1,1.0,4.0,2.0,1,1,1,1,1,2,1,4558,gemini,2025,여성,3
3,1,1.0,3.0,2.0,1,1,1,1,1,2,1,4559,gemini,2025,여성,3
2,2,,,,1,1,1,1,1,2,1,4560,gemini,2025,여성,3
3,1,1.0,4.0,2.0,1,1,2,1,1,2,1,4561,gemini,2025,여성,3
3,1,1.0,4.0,2.0,1,1,1,1,1,2,1,4562,gemini,2025,여성,3
3,1,1.0,3.0,2.0,1,1,2,1,1,2,1,4563,gemini,2025,여성,3
2,2,,,,1,1,1,1,1,2,1,4564,gemini,2025,여성,3
3,1,1.0,4.0,2.0,1,1,1,1,1,1,1,4565,gemini,2025,여성,3
2,2,,,,1,1,1,1,1,2,1,4566,gemini,2025,여성,3
2,2,,,,1,1,2,1,1,2,2,4567,gemini,2025,여성,3
2,2,,,,1,1,1,1,1,2,1,4568,gemini,2025,여성,3
2,2,,,,1,1,2,1,1,2,1,4569,gemini,2025,여성,3
3,1,1.0,4.0,2.0,1,1,2,1,1,2,1,4570,gemini,2025,여성,3
3,1,1.0,4.0,2.0,1,1,2,1,1,2,1,4571,gemini,2025,여성,3
3,1,1.0,3.0,2.0,1,1,1,1,1,2,1,4572,gemini,2025,여성,3
3,1,1.0,3.0,2.0,1,1,1,1,1,2,1,4573,gemini,2025,여성,3
3,1,1.0,1.0,2.0,1,1,2,1,1,2,1,4574,gemini,2025,여성,3
3,1,1.0,4.0,2.0,1,1,2,1,1,2,1,4575,gemini,2025,여성,3
3,1,1.0,3.0,2.0,1,1,1,1,1,2,1,4576,gemini,2025,여성,3
3,1,1.0,4.0,2.0,1,1,2,1,1,2,1,4577,gemini,2025,여성,3
3,1,1.0,1.0,2.0,1,1,1,1,1,2,1,4578,gemini,2025,여성,3
3,1,1.0,4.0,2.0,1,1,1,1,1,2,1,4579,gemini,2025,여성,3
3,1,1.0,3.0,2.0,1,1,2,1,1,2,1,4580,gemini,2025,여성,3
2,2,,,,1,1,2,1,1,2,1,4581,gemini,2025,여성,3
3,1,1.0,1.0,2.0,1,1,1,1,1,2,1,4582,gemini,2025,여성,3
3,1,1.0,1.0,2.0,1,1,1,1,1,2,1,4583,gemini,2025,여성,3
3,1,1.0,4.0,2.0,1,1,1,1,1,2,1,4584,gemini,2025,여성,3
3,1,1.0,4.0,2.0,1,1,2,1,1,2,1,4585,gemini,2025,여성,3
3,1,1.0,4.0,2.0,1,1,2,1,1,2,1,4586,gemini,2025,여성,3
3,1,1.0,1.0,2.0,1,1,2,1,1,2,1,4587,gemini,2025,여성,3
3,1,1.0,4.0,2.0,1,1,1,1,1,2,1,4588,gemini,2025,여성,3
4,1,1.0,4.0,2.0,1,1,1,1,1,2,1,4589,gemini,2025,여성,3
2,2,,,,1,1,2,1,1,2,2,4590,gemini,2025,여성,3
3,1,1.0,1.0,2.0,1,1,1,1,1,2,1,4591,gemini,2025,여성,3
3,1,1.0,3.0,2.0,1,1,1,1,1,2,1,4592,gemini,2025,여성,3
3,1,1.0,4.0,2.0,1,1,1,1,1,1,1,4593,gemini,2025,여성,3
3,1,1.0,1.0,2.0,1,1,2,1,1,2,1,4594,gemini,2025,여성,3
3,1,1.0,1.0,2.0,1,1,2,1,1,2,1,4595,gemini,2025,여성,3
3,1,1.0,4.0,2.0,1,1,2,1,1,2,1,4596,gemini,2025,여성,3
3,1,1.0,4.0,2.0,1,1,1,1,1,2,1,4597,gemini,2025,여성,3
3,1,1.0,3.0,2.0,1,1,1,1,1,2,1,4598,gemini,2025,여성,3
3,1,1.0,4.0,2.0,1,1,1,1,1,2,1,4599,gemini,2025,여성,3
2,2,,,,1,1,1,1,1,2,1,4600,gemini,2025,여성,3
3,1,1.0,1.0,2.0,1,1,1,1,1,2,1,4601,gemini,2025,여성,3
3,1,1.0,4.0,2.0,1,1,1,1,1,2,1,4602,gemini,2025,여성,3
3,1,1.0,4.0,2.0,1,1,1,1,1,2,1,4603,gemini,2025,여성,3
2,2,,,,1,1,2,1,1,2,2,4604,gemini,2025,여성,3
3,1,1.0,4.0,2.0,1,1,1,1,1,2,1,4605,gemini,2025,여성,3
2,2,,,,1,1,1,1,1,2,1,4606,gemini,2025,여성,3
2,2,,,,1,1,2,1,1,2,2,4607,gemini,2025,여성,3
3,1,1.0,3.0,2.0,1,1,1,1,1,2,1,4608,gemini,2025,여성,3
2,2,,,,1,1,1,1,1,2,1,4609,gemini,2025,여성,3
3,1,1.0,4.0,2.0,1,1,1,1,1,2,1,4610,gemini,2025,여성,3
3,1,1.0,1.0,2.0,1,1,1,1,1,2,1,4611,gemini,2025,여성,3
3,1,1.0,4.0,2.0,1,1,1,1,1,2,1,4612,gemini,2025,여성,3
3,1,1.0,1.0,2.0,1,1,1,1,1,2,1,4613,gemini,2025,여성,3
3,1,1.0,4.0,2.0,1,1,1,1,1,2,1,4614,gemini,2025,여성,3
3,1,1.0,1.0,2.0,1,1,2,1,1,2,1,4615,gemini,2025,여성,3
3,1,1.0,3.0,2.0,1,1,1,1,1,2,1,4616,gemini,2025,여성,3
2,2,,,,1,1,1,1,1,2,1,4617,gemini,2025,여성,3
2,2,,,,1,1,2,1,1,2,2,4618,gemini,2025,여성,3
3,1,1.0,4.0,2.0,1,1,1,1,1,2,1,4619,gemini,2025,여성,3
3,1,1.0,4.0,2.0,1,1,1,1,1,2,1,4620,gemini,2025,여성,3
3,1,1.0,4.0,2.0,1,1,2,1,1,2,1,4621,gemini,2025,여성,3
3,1,1.0,3.0,2.0,1,1,1,1,1,2,1,4622,gemini,2025,여성,3
3,1,1.0,4.0,2.0,1,1,2,1,1,2,1,4623,gemini,2025,여성,3
3,1,1.0,1.0,2.0,1,1,2,1,1,2,1,4624,gemini,2025,여성,3
2,2,,,,1,1,1,1,1,2,1,4625,gemini,2025,여성,3
2,2,,,,1,1,2,1,1,2,1,4626,gemini,2025,여성,3
2,2,,,,1,1,2,1,1,2,1,4627,gemini,2025,여성,3
3,1,1.0,4.0,2.0,1,1,2,1,1,2,1,4628,gemini,2025,여성,3
3,1,1.0,1.0,2.0,1,1,2,1,1,2,1,4629,gemini,2025,여성,3
3,1,1.0,4.0,2.0,1,1,1,1,1,2,1,4630,gemini,2025,여성,3
3,1,1.0,3.0,2.0,1,1,1,1,1,2,1,4631,gemini,2025,여성,3
2,2,,,,1,1,1,1,1,2,2,4632,gemini,2025,여성,3
2,2,,,,1,1,1,1,1,2,1,4633,gemini,2025,여성,3
3,1,1.0,1.0,2.0,1,1,1,1,1,2,1,4634,gemini,2025,여성,3
3,1,1.0,4.0,2.0,1,1,2,1,1,2,1,4635,gemini,2025,여성,3
3,1,1.0,1.0,2.0,1,1,2,1,1,2,1,4636,gemini,2025,여성,3
4,1,1.0,4.0,2.0,1,1,1,1,1,2,1,4637,gemini,2025,여성,3
3,1,1.0,4.0,2.0,1,1,1,1,1,2,1,4638,gemini,2025,여성,3
3,1,1.0,3.0,2.0,1,1,1,1,1,2,1,4639,gemini,2025,여성,3
3,1,1.0,3.0,2.0,1,1,1,1,1,2,1,4640,gemini,2025,여성,3
2,2,,,,1,1,1,1,1,2,1,4641,gemini,2025,여성,3
2,2,,,,1,1,1,1,1,2,1,4642,gemini,2025,여성,3
3,1,1.0,4.0,2.0,1,1,1,1,1,2,1,4643,gemini,2025,여성,3
3,1,1.0,4.0,2.0,1,1,2,1,1,2,1,4644,gemini,2025,여성,3
2,2,,,,1,1,2,1,1,2,1,4645,gemini,2025,여성,3
3,1,1.0,4.0,2.0,1,1,1,1,1,2,1,4646,gemini,2025,여성,3
3,1,1.0,4.0,2.0,1,1,2,1,1,2,1,4647,gemini,2025,여성,3
3,1,1.0,4.0,2.0,1,1,2,1,1,2,1,4648,gemini,2025,여성,3
3,1,1.0,1.0,2.0,1,1,1,1,1,2,1,4649,gemini,2025,여성,3
3,1,1.0,3.0,2.0,1,1,1,1,1,2,1,4650,gemini,2025,여성,3
3,1,1.0,4.0,2.0,1,1,1,1,1,2,1,4651,gemini,2025,여성,3
3,1,1.0,4.0,2.0,1,1,1,1,1,2,1,4652,gemini,2025,여성,3
3,1,1.0,4.0,2.0,1,1,2,1,1,2,1,4653,gemini,2025,여성,3
3,1,1.0,4.0,2.0,1,1,1,1,1,1,1,4654,gemini,2025,여성,3
3,1,1.0,4.0,2.0,1,1,2,1,1,2,2,4655,gemini,2025,여성,3
2,2,,,,1,1,2,1,1,2,2,4656,gemini,2025,여성,3
2,2,,,,1,1,2,1,1,2,2,4657,gemini,2025,여성,3
3,1,1.0,3.0,2.0,1,1,2,1,1,2,1,4658,gemini,2025,여성,3
3,1,1.0,1.0,2.0,1,1,1,1,1,2,1,4659,gemini,2025,여성,3
2,2,,,,1,1,2,1,1,2,2,4660,gemini,2025,여성,3
3,1,8.0,3.0,2.0,1,1,2,1,1,2,2,4661,gemini,2025,여성,3
3,1,1.0,1.0,2.0,1,1,1,1,1,2,1,4662,gemini,2025,여성,3
2,2,,,,1,1,1,1,1,2,1,4663,gemini,2025,여성,3
3,1,1.0,1.0,2.0,1,1,1,1,1,2,1,4664,gemini,2025,여성,3
4,1,1.0,1.0,1.0,1,1,1,1,1,2,1,4665,gemini,2025,여성,3
2,1,1.0,4.0,2.0,1,1,1,1,1,2,1,4666,gemini,2025,여성,3
3,1,1.0,3.0,2.0,1,1,1,1,1,2,1,4667,gemini,2025,여성,3
3,1,1.0,3.0,2.0,1,1,1,1,1,2,1,4668,gemini,2025,여성,3
3,1,1.0,4.0,2.0,1,1,1,1,1,2,1,4669,gemini,2025,여성,3
3,1,1.0,4.0,2.0,1,1,2,1,1,2,2,4670,gemini,2025,여성,3
3,1,1.0,4.0,2.0,1,1,1,1,1,2,1,4671,gemini,2025,여성,3
3,1,1.0,3.0,2.0,1,1,1,1,1,2,1,4672,gemini,2025,여성,3
2,2,,,,1,1,2,1,1,2,1,4673,gemini,2025,여성,3
3,1,1.0,4.0,2.0,1,1,2,1,1,2,2,4674,gemini,2025,여성,3
3,1,1.0,1.0,2.0,1,1,2,1,1,2,1,4675,gemini,2025,여성,3
3,1,1.0,1.0,2.0,1,1,2,1,1,2,1,4676,gemini,2025,여성,3
3,1,1.0,4.0,2.0,1,1,1,1,1,2,1,4677,gemini,2025,여성,3
3,1,1.0,4.0,2.0,1,1,2,1,1,2,1,4678,gemini,2025,여성,3
3,1,1.0,4.0,2.0,1,1,1,1,1,2,1,4679,gemini,2025,여성,3
3,1,1.0,4.0,2.0,1,1,1,1,1,2,1,4680,gemini,2025,여성,3
3,1,1.0,4.0,2.0,1,1,1,1,1,2,1,4681,gemini,2025,여성,3
3,1,1.0,4.0,2.0,1,1,1,1,1,2,1,4682,gemini,2025,여성,3
3,1,1.0,1.0,2.0,1,1,2,1,1,2,1,4683,gemini,2025,여성,3
2,2,,,,1,1,2,1,1,2,1,4684,gemini,2025,여성,3
3,1,1.0,3.0,2.0,1,1,1,1,1,2,1,4685,gemini,2025,여성,3
2,2,,,,1,1,2,1,1,2,1,4686,gemini,2025,여성,3
3,1,1.0,4.0,2.0,1,1,2,1,1,2,1,4687,gemini,2025,여성,3
3,1,1.0,1.0,2.0,1,1,2,1,1,2,1,4688,gemini,2025,여성,3
3,1,1.0,4.0,2.0,1,1,2,1,1,2,2,4689,gemini,2025,여성,3
3,1,1.0,4.0,2.0,1,1,2,1,1,2,1,4690,gemini,2025,여성,3
4,1,1.0,2.0,2.0,1,1,2,1,1,2,1,4691,gemini,2025,여성,3
3,1,1.0,4.0,2.0,1,1,1,1,1,2,2,4692,gemini,2025,여성,3
2,2,,,,1,1,2,1,1,2,2,4693,gemini,2025,여성,3
3,1,1.0,4.0,2.0,1,1,2,1,1,2,1,4694,gemini,2025,여성,3
3,1,1.0,2.0,2.0,1,1,2,1,1,2,1,4695,gemini,2025,여성,3
3,1,1.0,4.0,2.0,1,1,1,1,1,2,1,4696,gemini,2025,여성,3
3,1,1.0,4.0,2.0,1,1,1,1,1,2,1,4697,gemini,2025,여성,3
3,1,1.0,4.0,2.0,1,1,2,1,1,2,1,4698,gemini,2025,여성,3
3,1,1.0,4.0,2.0,1,1,1,1,1,2,1,4699,gemini,2025,여성,3
3,1,1.0,1.0,2.0,1,1,1,1,1,2,1,4700,gemini,2025,여성,3
2,2,,,,1,1,1,1,1,2,2,4701,gemini,2025,여성,3
2,2,,,,1,1,2,1,1,2,2,4702,gemini,2025,여성,3
3,1,1.0,4.0,2.0,1,1,2,1,1,2,1,4703,gemini,2025,여성,3
3,1,1.0,1.0,2.0,1,1,1,1,1,2,1,4704,gemini,2025,여성,3
3,1,1.0,1.0,1.0,1,1,2,1,1,2,1,4705,gemini,2025,여성,3
2,2,,,,1,1,2,1,1,2,1,4706,gemini,2025,여성,3
3,1,1.0,4.0,2.0,1,1,1,1,1,2,2,4707,gemini,2025,여성,3
3,1,1.0,4.0,2.0,1,1,2,1,1,2,1,4708,gemini,2025,여성,3
3,1,1.0,1.0,2.0,1,1,2,1,1,2,1,4709,gemini,2025,여성,3
3,1,1.0,4.0,2.0,1,1,2,1,1,2,1,4710,gemini,2025,여성,3
2,2,,,,1,1,2,1,1,2,1,4711,gemini,2025,여성,3
3,1,1.0,1.0,2.0,1,1,1,1,1,2,1,4712,gemini,2025,여성,3
3,1,1.0,4.0,2.0,1,1,2,1,1,2,1,4713,gemini,2025,여성,3
2,2,,,,2,1,2,2,1,2,2,4714,gemini,2025,여성,3
3,1,1.0,4.0,2.0,1,1,2,1,1,2,1,4715,gemini,2025,여성,3
2,2,,,,1,1,2,1,1,2,2,4716,gemini,2025,여성,3
3,1,1.0,4.0,2.0,1,1,1,1,1,2,1,4717,gemini,2025,여성,3
3,1,1.0,2.0,2.0,1,1,1,1,1,2,1,4718,gemini,2025,여성,3
3,1,1.0,1.0,2.0,1,1,2,1,1,2,1,4719,gemini,2025,여성,3
3,1,1.0,1.0,2.0,1,1,1,1,1,2,1,4720,gemini,2025,여성,3
3,1,7.0,3.0,2.0,1,1,1,1,1,2,1,4721,gemini,2025,여성,3
3,1,7.0,3.0,2.0,1,1,1,1,1,2,2,4722,gemini,2025,여성,3
3,1,1.0,4.0,2.0,1,1,1,1,1,2,1,4723,gemini,2025,여성,3
2,2,,,,2,1,2,2,1,2,2,4724,gemini,2025,여성,3
3,1,1.0,4.0,2.0,1,1,1,1,1,2,1,4725,gemini,2025,여성,3
2,2,,,,1,1,2,1,1,2,2,4726,gemini,2025,여성,3
3,1,1.0,4.0,2.0,1,1,1,1,1,2,1,4727,gemini,2025,여성,3
3,1,1.0,2.0,2.0,1,1,1,1,1,2,1,4728,gemini,2025,여성,3
3,1,1.0,4.0,2.0,1,1,1,1,1,2,1,4729,gemini,2025,여성,3
3,1,1.0,3.0,2.0,1,1,1,1,1,2,1,4730,gemini,2025,여성,3
2,2,,,,1,1,2,1,1,2,1,4731,gemini,2025,여성,3
3,1,1.0,3.0,2.0,1,1,1,1,1,1,1,4732,gemini,2025,여성,3
3,1,1.0,3.0,2.0,1,1,2,1,1,2,1,4733,gemini,2025,여성,3
3,1,1.0,1.0,1.0,1,1,1,1,1,2,1,4734,gemini,2025,여성,3
3,1,1.0,4.0,2.0,1,1,2,1,1,2,1,4735,gemini,2025,여성,3
3,1,1.0,1.0,2.0,1,1,1,1,1,2,1,4736,gemini,2025,여성,3
3,1,1.0,1.0,2.0,1,1,2,1,1,2,1,4737,gemini,2025,여성,3
3,1,1.0,4.0,2.0,1,1,1,1,1,2,1,4738,gemini,2025,여성,3
2,2,,,,1,1,2,1,1,2,2,4739,gemini,2025,여성,3
3,1,1.0,2.0,2.0,1,1,2,1,1,2,1,4740,gemini,2025,여성,3
3,1,1.0,4.0,2.0,1,1,1,1,1,2,1,4741,gemini,2025,여성,3
2,2,,,,1,1,2,1,1,2,1,4742,gemini,2025,여성,3
2,2,,,,1,1,1,1,1,2,1,4743,gemini,2025,여성,3
3,1,1.0,1.0,2.0,1,1,2,1,1,2,1,4744,gemini,2025,여성,3
3,1,1.0,3.0,2.0,1,1,2,1,1,2,1,4745,gemini,2025,여성,3
3,1,1.0,1.0,2.0,1,1,2,1,1,2,2,4746,gemini,2025,여성,3
3,1,1.0,4.0,2.0,1,1,2,1,1,2,1,4747,gemini,2025,여성,3
2,2,,,,1,1,1,1,1,2,1,4748,gemini,2025,여성,3
3,1,1.0,4.0,2.0,1,1,1,1,1,2,1,4749,gemini,2025,여성,3
3,1,8.0,3.0,2.0,1,1,1,1,1,2,1,4750,gemini,2025,여성,3
3,1,1.0,1.0,2.0,1,1,2,1,1,2,1,4751,gemini,2025,여성,3
2,2,,,,1,1,2,1,1,2,2,4752,gemini,2025,여성,3
3,1,1.0,1.0,2.0,1,1,1,1,1,2,1,4753,gemini,2025,여성,3
3,1,1.0,4.0,2.0,1,1,1,1,1,2,1,4754,gemini,2025,여성,3
3,1,1.0,3.0,2.0,1,1,1,1,1,2,1,4755,gemini,2025,여성,3
3,1,1.0,1.0,2.0,1,1,1,1,1,2,1,4756,gemini,2025,여성,3
3,1,1.0,4.0,2.0,1,1,1,1,1,2,1,4757,gemini,2025,여성,3
3,1,1.0,3.0,2.0,1,1,1,1,1,2,1,4758,gemini,2025,여성,3
2,2,,,,1,1,2,1,1,2,2,4759,gemini,2025,여성,3
3,1,7.0,3.0,2.0,1,1,1,1,1,2,1,4760,gemini,2025,여성,3
2,2,,,,1,1,1,1,1,2,1,4761,gemini,2025,여성,3
3,1,1.0,4.0,2.0,1,1,1,1,1,2,1,4762,gemini,2025,여성,3
2,2,,,,1,1,2,1,1,2,2,4763,gemini,2025,여성,3
3,1,1.0,4.0,2.0,1,1,1,1,1,2,1,4764,gemini,2025,여성,3
3,1,1.0,4.0,2.0,1,1,1,1,1,2,1,4765,gemini,2025,여성,3
3,1,1.0,2.0,2.0,1,1,2,1,1,2,1,4766,gemini,2025,여성,3
3,1,1.0,4.0,2.0,1,1,2,1,1,2,2,4767,gemini,2025,여성,3
3,1,1.0,4.0,2.0,1,1,2,1,1,2,1,4768,gemini,2025,여성,3
3,1,1.0,1.0,2.0,1,1,1,1,1,2,1,4769,gemini,2025,여성,3
3,1,1.0,4.0,2.0,1,1,1,1,1,2,1,4770,gemini,2025,여성,3
3,1,1.0,2.0,2.0,1,1,2,1,1,2,2,4771,gemini,2025,여성,3
3,1,1.0,4.0,2.0,1,1,2,1,1,2,1,4772,gemini,2025,여성,3
3,1,1.0,3.0,2.0,1,1,2,1,1,2,1,4773,gemini,2025,여성,3
3,1,1.0,1.0,2.0,1,1,1,1,1,2,1,4774,gemini,2025,여성,3
3,1,1.0,4.0,2.0,1,1,1,1,1,2,1,4775,gemini,2025,여성,3
2,2,,,,1,1,2,1,1,2,1,4776,gemini,2025,여성,3
3,1,1.0,4.0,2.0,1,1,1,1,1,1,1,4777,gemini,2025,여성,3
2,2,,,,1,1,2,2,1,2,1,4778,gemini,2025,여성,3
2,2,,,,1,1,1,1,1,2,2,4779,gemini,2025,여성,3
3,1,7.0,3.0,2.0,1,1,1,1,1,2,1,4780,gemini,2025,여성,3
3,1,1.0,3.0,2.0,1,1,1,1,1,2,1,4781,gemini,2025,여성,3
3,1,1.0,4.0,2.0,1,1,2,1,1,2,1,4782,gemini,2025,여성,3
3,1,1.0,4.0,2.0,1,1,2,1,1,2,1,4783,gemini,2025,여성,3
2,2,,,,1,1,2,1,1,2,2,4784,gemini,2025,여성,3
3,1,1.0,3.0,2.0,1,1,1,1,1,2,1,4785,gemini,2025,여성,3
2,2,,,,1,1,2,1,1,2,2,4786,gemini,2025,여성,3
3,1,1.0,3.0,2.0,1,1,1,1,1,1,1,4787,gemini,2025,여성,3
3,1,1.0,4.0,2.0,1,1,1,1,1,2,1,4788,gemini,2025,여성,3
3,1,1.0,3.0,2.0,1,1,1,1,1,2,1,4789,gemini,2025,여성,3
3,1,1.0,1.0,2.0,1,1,1,1,1,2,1,4790,gemini,2025,여성,3
3,1,1.0,1.0,2.0,1,1,2,1,1,2,1,4791,gemini,2025,여성,3
3,1,7.0,3.0,2.0,1,1,2,1,1,2,1,4792,gemini,2025,여성,3
2,2,,,,1,1,1,1,1,2,2,4793,gemini,2025,여성,3
3,1,1.0,1.0,2.0,1,1,2,1,1,2,1,4794,gemini,2025,여성,3
3,1,1.0,3.0,2.0,1,1,1,1,1,2,1,4795,gemini,2025,여성,3
3,1,1.0,1.0,2.0,1,1,1,1,1,2,1,4796,gemini,2025,여성,3
3,1,1.0,4.0,2.0,1,1,2,1,1,2,1,4797,gemini,2025,여성,3
3,1,1.0,3.0,2.0,1,1,1,1,1,2,1,4798,gemini,2025,여성,3
3,1,1.0,3.0,2.0,1,1,2,1,1,2,1,4799,gemini,2025,여성,3
3,1,1.0,4.0,2.0,1,1,1,1,1,2,1,4800,gemini,2025,여성,3
3,1,1.0,1.0,2.0,1,1,1,1,1,2,1,4801,gemini,2025,여성,3
3,1,1.0,1.0,2.0,1,1,1,1,1,2,1,4802,gemini,2025,여성,3
3,1,1.0,1.0,2.0,1,1,2,1,1,2,1,4803,gemini,2025,여성,3
3,1,1.0,4.0,2.0,1,1,2,1,1,2,1,4804,gemini,2025,여성,3
3,1,1.0,4.0,2.0,1,1,2,1,1,2,1,4805,gemini,2025,여성,3
3,1,1.0,3.0,2.0,1,1,1,1,1,2,1,4806,gemini,2025,여성,3
3,1,1.0,3.0,2.0,1,1,1,1,1,2,1,4807,gemini,2025,여성,3
3,1,1.0,4.0,2.0,1,1,2,1,1,2,1,4808,gemini,2025,여성,3
3,1,1.0,4.0,2.0,1,1,1,1,1,2,1,4809,gemini,2025,여성,3
2,2,,,,1,1,2,1,1,2,2,4810,gemini,2025,여성,3
3,1,1.0,1.0,2.0,1,1,2,1,1,2,1,4811,gemini,2025,여성,3
2,2,,,,1,1,2,1,1,2,1,4812,gemini,2025,여성,3
3,1,1.0,3.0,2.0,1,1,1,1,1,2,1,4813,gemini,2025,여성,3
3,1,1.0,4.0,2.0,1,1,2,1,1,2,1,4814,gemini,2025,여성,3
3,1,1.0,4.0,2.0,1,1,1,1,1,2,1,4815,gemini,2025,여성,3
3,1,1.0,4.0,2.0,1,1,1,1,1,2,1,4816,gemini,2025,여성,3
3,1,1.0,4.0,2.0,1,1,2,1,1,2,1,4817,gemini,2025,여성,3
3,1,1.0,3.0,2.0,1,1,2,1,1,2,2,4818,gemini,2025,여성,3
3,1,1.0,4.0,2.0,1,1,1,1,1,2,1,4819,gemini,2025,여성,3
2,2,,,,1,1,1,1,1,2,1,4820,gemini,2025,여성,3
3,1,1.0,1.0,2.0,1,1,2,1,1,2,1,4821,gemini,2025,여성,3
2,2,,,,1,1,1,1,1,2,1,4822,gemini,2025,여성,3
3,1,1.0,4.0,2.0,1,1,2,1,1,2,2,4823,gemini,2025,여성,3
2,2,,,,1,1,2,1,1,2,1,4824,gemini,2025,여성,3
3,1,1.0,4.0,2.0,1,1,2,1,1,2,1,4825,gemini,2025,여성,3
3,1,1.0,3.0,2.0,1,1,1,1,1,2,1,4826,gemini,2025,여성,3
3,1,1.0,4.0,2.0,1,1,1,1,1,2,1,4827,gemini,2025,여성,3
3,1,1.0,4.0,2.0,1,1,1,1,1,2,1,4828,gemini,2025,여성,3
3,1,1.0,4.0,2.0,1,1,2,1,1,2,1,4829,gemini,2025,여성,3
4,1,2.0,1.0,2.0,1,1,2,1,1,2,1,4830,gemini,2025,여성,3
3,1,1.0,1.0,2.0,1,1,1,1,1,2,1,4831,gemini,2025,여성,3
3,1,1.0,4.0,2.0,1,1,2,1,1,2,2,4832,gemini,2025,여성,3
3,1,1.0,3.0,2.0,1,1,2,1,1,2,1,4833,gemini,2025,여성,3
3,1,1.0,3.0,2.0,1,1,2,1,1,2,1,4834,gemini,2025,여성,3
3,1,1.0,4.0,2.0,1,1,2,1,1,2,1,4835,gemini,2025,여성,3
3,1,1.0,1.0,2.0,1,1,2,1,1,2,1,4836,gemini,2025,여성,3
2,2,,,,1,1,1,1,1,2,1,4837,gemini,2025,여성,3
2,2,,,,1,1,2,1,1,2,2,4838,gemini,2025,여성,3
3,1,1.0,4.0,2.0,1,1,1,1,1,2,1,4839,gemini,2025,여성,3
3,1,1.0,3.0,2.0,1,1,1,1,1,2,1,4840,gemini,2025,여성,3
3,1,1.0,4.0,2.0,1,1,2,1,1,2,1,4841,gemini,2025,여성,3
3,1,1.0,4.0,2.0,1,1,1,1,1,2,2,4842,gemini,2025,여성,3
3,1,1.0,4.0,2.0,1,1,1,1,1,2,2,4843,gemini,2025,여성,3
3,1,1.0,1.0,2.0,1,1,1,1,1,2,1,4844,gemini,2025,여성,3
2,2,,,,1,1,2,1,1,2,1,4845,gemini,2025,여성,3
3,1,1.0,4.0,2.0,1,1,2,2,1,2,1,4846,gemini,2025,여성,3
3,1,1.0,4.0,2.0,1,1,1,1,1,2,1,4847,gemini,2025,여성,3
2,2,,,,1,1,1,1,1,2,1,4848,gemini,2025,여성,3
3,1,1.0,4.0,2.0,1,1,1,1,1,2,1,4849,gemini,2025,여성,3
3,1,1.0,4.0,2.0,1,1,2,1,1,2,1,4850,gemini,2025,여성,3
4,1,1.0,4.0,2.0,1,1,1,1,1,2,1,4851,gemini,2025,여성,3
3,1,1.0,1.0,2.0,1,1,2,1,1,2,1,4852,gemini,2025,여성,3
2,2,,,,1,1,1,1,1,2,2,4853,gemini,2025,여성,3
3,1,1.0,4.0,2.0,1,1,1,1,1,2,1,4854,gemini,2025,여성,3
2,2,,,,1,1,2,1,1,2,1,4855,gemini,2025,여성,3
2,2,,,,1,1,2,1,1,2,1,4856,gemini,2025,여성,3
3,1,1.0,4.0,2.0,1,1,2,1,1,2,1,4857,gemini,2025,여성,3
2,2,,,,1,1,2,1,1,2,2,4858,gemini,2025,여성,3
3,1,1.0,2.0,2.0,1,1,1,1,1,2,1,4859,gemini,2025,여성,3
2,2,,,,1,1,1,1,1,2,2,4860,gemini,2025,여성,3
3,1,1.0,1.0,2.0,1,1,2,1,1,2,1,4861,gemini,2025,여성,3
3,1,1.0,1.0,2.0,1,1,1,1,1,2,1,4862,gemini,2025,여성,3
3,1,1.0,1.0,2.0,1,1,2,1,1,2,1,4863,gemini,2025,여성,3
2,2,,,,1,1,1,1,1,2,1,4864,gemini,2025,여성,3
3,1,1.0,3.0,2.0,1,1,2,1,1,2,2,4865,gemini,2025,여성,3
3,1,1.0,1.0,2.0,1,1,2,1,1,2,1,4866,gemini,2025,여성,3
3,1,1.0,4.0,2.0,1,1,2,1,1,2,2,4867,gemini,2025,여성,3
3,1,1.0,1.0,2.0,1,1,2,1,1,2,1,4868,gemini,2025,여성,3
3,1,1.0,1.0,2.0,1,1,2,1,1,2,1,4869,gemini,2025,여성,3
3,1,1.0,3.0,2.0,1,1,2,1,1,2,1,4870,gemini,2025,여성,3
3,1,1.0,4.0,2.0,1,1,1,1,1,2,1,4871,gemini,2025,여성,3
3,1,1.0,4.0,2.0,1,1,2,1,1,2,1,4872,gemini,2025,여성,3
3,1,1.0,4.0,2.0,1,1,2,1,1,2,1,4873,gemini,2025,여성,3
3,1,1.0,4.0,2.0,1,1,2,1,1,2,1,4874,gemini,2025,여성,3
3,1,1.0,1.0,2.0,1,1,2,1,1,2,1,4875,gemini,2025,여성,3
3,1,1.0,4.0,2.0,1,1,1,1,1,2,1,4876,gemini,2025,여성,3
3,1,1.0,3.0,2.0,1,1,2,1,1,2,2,4877,gemini,2025,여성,3
3,1,1.0,2.0,2.0,1,1,1,1,1,2,1,4878,gemini,2025,여성,3
3,1,1.0,3.0,2.0,1,1,2,1,1,2,1,4879,gemini,2025,여성,3
2,2,,,,1,1,2,2,1,2,2,4880,gemini,2025,여성,3
3,1,1.0,4.0,2.0,1,1,2,1,1,2,1,4881,gemini,2025,여성,3
2,2,,,,1,1,2,1,1,2,2,4882,gemini,2025,여성,3
3,1,1.0,4.0,2.0,1,1,2,1,1,2,1,4883,gemini,2025,여성,3
3,1,1.0,4.0,2.0,1,1,1,1,1,2,1,4884,gemini,2025,여성,3
3,1,1.0,4.0,2.0,1,1,1,1,1,2,1,4885,gemini,2025,여성,3
3,1,1.0,3.0,2.0,1,1,1,1,1,2,1,4886,gemini,2025,여성,3
2,2,,,,1,1,2,1,1,2,2,4887,gemini,2025,여성,3
3,1,1.0,4.0,2.0,1,1,2,1,1,2,1,4888,gemini,2025,여성,3
3,1,1.0,4.0,2.0,1,1,2,1,1,2,1,4889,gemini,2025,여성,3
3,1,1.0,3.0,2.0,1,1,1,1,1,2,1,4890,gemini,2025,여성,3
3,1,1.0,1.0,2.0,1,1,1,1,1,2,1,4891,gemini,2025,여성,3
2,1,1.0,4.0,2.0,1,1,1,1,1,2,1,4892,gemini,2025,여성,3
2,2,,,,1,1,2,1,1,2,2,4893,gemini,2025,여성,3
2,2,,,,1,1,1,1,1,2,2,4894,gemini,2025,여성,3
3,1,1.0,3.0,2.0,1,1,2,1,1,2,1,4895,gemini,2025,여성,3
3,1,1.0,4.0,2.0,1,1,1,1,1,2,1,4896,gemini,2025,여성,3
3,1,1.0,4.0,2.0,1,1,2,1,1,2,1,4897,gemini,2025,여성,3
3,1,1.0,3.0,2.0,1,1,2,1,1,2,1,4898,gemini,2025,여성,3
2,2,,,,1,1,2,1,1,2,2,4899,gemini,2025,여성,3
3,1,1.0,4.0,2.0,1,1,1,1,1,2,1,4900,gemini,2025,여성,3
3,1,1.0,4.0,2.0,1,1,1,1,1,2,1,4901,gemini,2025,여성,3
3,1,1.0,4.0,2.0,1,1,2,1,1,2,1,4902,gemini,2025,여성,3
3,1,1.0,3.0,2.0,1,1,1,1,1,2,1,4903,gemini,2025,여성,3
3,1,1.0,4.0,2.0,1,1,2,1,1,2,1,4904,gemini,2025,여성,3
3,1,1.0,4.0,2.0,1,1,1,1,1,2,1,4905,gemini,2025,여성,3
2,2,,,,1,1,1,1,1,2,1,4906,gemini,2025,여성,3
2,2,,,,1,1,1,1,1,2,1,4907,gemini,2025,여성,3
3,1,1.0,1.0,2.0,1,1,1,1,1,2,1,4908,gemini,2025,여성,3
3,1,7.0,3.0,2.0,1,1,1,1,1,2,1,4909,gemini,2025,여성,3
3,1,1.0,4.0,2.0,1,1,1,1,1,2,1,4910,gemini,2025,여성,3
2,2,,,,1,1,2,1,1,2,2,4911,gemini,2025,여성,3
3,1,1.0,4.0,2.0,1,1,2,1,1,2,1,4912,gemini,2025,여성,3
2,2,,,,1,1,1,1,1,2,2,4913,gemini,2025,여성,3
3,1,1.0,3.0,2.0,1,1,1,1,1,2,1,4914,gemini,2025,여성,3
2,2,,,,1,1,2,1,1,2,1,4915,gemini,2025,여성,3
3,1,1.0,4.0,2.0,1,1,2,1,1,2,2,4916,gemini,2025,여성,3
3,1,1.0,3.0,2.0,1,1,2,1,1,2,1,4917,gemini,2025,여성,3
2,2,,,,1,1,1,1,1,2,1,4918,gemini,2025,여성,3
2,2,,,,1,1,2,1,1,2,2,4919,gemini,2025,여성,3
3,1,1.0,4.0,2.0,1,1,1,1,1,2,1,4920,gemini,2025,여성,3
3,1,1.0,4.0,2.0,1,1,2,1,1,2,1,4921,gemini,2025,여성,3
3,1,1.0,4.0,2.0,1,1,1,1,1,2,1,4922,gemini,2025,여성,3
2,2,,,,1,1,2,1,1,2,2,4923,gemini,2025,여성,3
2,2,,,,1,1,2,1,1,2,2,4924,gemini,2025,여성,3
3,1,1.0,4.0,2.0,1,1,2,1,1,2,1,4925,gemini,2025,여성,3
3,1,1.0,4.0,2.0,1,1,2,1,1,2,1,4926,gemini,2025,여성,3
3,1,1.0,1.0,2.0,1,1,2,1,1,2,1,4927,gemini,2025,여성,3
2,2,,,,1,1,2,1,1,2,2,4928,gemini,2025,여성,3
3,1,1.0,4.0,2.0,1,1,2,1,1,2,2,4929,gemini,2025,여성,3
3,1,1.0,4.0,2.0,1,1,2,1,1,2,1,4930,gemini,2025,여성,3
3,1,1.0,4.0,2.0,1,1,1,1,1,2,1,4931,gemini,2025,여성,3
3,1,1.0,4.0,2.0,1,1,2,1,1,2,1,4932,gemini,2025,여성,3
3,1,1.0,4.0,2.0,1,1,2,1,1,2,1,4933,gemini,2025,여성,3
3,1,1.0,4.0,2.0,1,1,2,1,1,2,2,4934,gemini,2025,여성,3
2,2,,,,1,1,2,1,1,2,2,4935,gemini,2025,여성,3
3,1,1.0,3.0,2.0,1,1,2,1,1,2,1,4936,gemini,2025,여성,3
2,2,,,,1,1,1,1,1,2,1,4937,gemini,2025,여성,3
2,2,,,,1,1,1,1,1,2,1,4938,gemini,2025,여성,4
4,1,1.0,1.0,1.0,1,1,2,1,1,2,1,4939,gemini,2025,여성,4
2,1,1.0,4.0,2.0,1,1,2,1,1,2,1,4940,gemini,2025,여성,4
2,2,,,,1,1,2,1,1,2,2,4941,gemini,2025,여성,4
2,2,,,,1,1,2,1,1,2,2,4942,gemini,2025,여성,4
2,2,,,,1,1,2,1,1,2,1,4943,gemini,2025,여성,4
3,1,1.0,1.0,2.0,1,1,2,2,1,2,1,4944,gemini,2025,여성,4
3,1,7.0,1.0,1.0,1,1,1,1,1,2,1,4945,gemini,2025,여성,4
4,1,2.0,1.0,1.0,1,1,2,1,1,2,1,4946,gemini,2025,여성,4
4,1,1.0,1.0,1.0,1,1,2,1,1,2,1,4947,gemini,2025,여성,4
3,1,1.0,4.0,2.0,1,1,2,1,1,2,1,4948,gemini,2025,여성,4
2,1,1.0,4.0,2.0,1,1,2,1,1,2,1,4949,gemini,2025,여성,4
2,2,,,,2,1,2,2,1,2,2,4950,gemini,2025,여성,4
3,1,1.0,4.0,2.0,1,1,2,1,1,2,1,4951,gemini,2025,여성,4
2,2,,,,1,1,2,1,1,2,1,4952,gemini,2025,여성,4
2,2,,,,1,1,2,1,1,2,1,4953,gemini,2025,여성,4
3,1,7.0,3.0,1.0,1,1,1,1,1,2,1,4954,gemini,2025,여성,4
3,1,1.0,1.0,2.0,1,1,2,1,1,2,1,4955,gemini,2025,여성,4
3,1,1.0,1.0,1.0,1,1,2,1,1,2,1,4956,gemini,2025,여성,4
3,1,1.0,4.0,2.0,1,1,2,1,1,2,1,4957,gemini,2025,여성,4
3,1,1.0,1.0,2.0,1,1,2,1,1,2,1,4958,gemini,2025,여성,4
3,1,1.0,4.0,2.0,1,1,2,1,1,2,1,4959,gemini,2025,여성,4
3,1,1.0,4.0,2.0,1,1,2,1,1,2,1,4960,gemini,2025,여성,4
2,2,,,,1,1,2,1,1,2,2,4961,gemini,2025,여성,4
2,2,,,,2,1,2,2,1,2,2,4962,gemini,2025,여성,4
3,1,1.0,4.0,2.0,1,1,2,1,1,2,1,4963,gemini,2025,여성,4
4,1,1.0,1.0,1.0,1,1,2,1,1,2,1,4964,gemini,2025,여성,4
2,2,,,,1,1,2,1,1,2,2,4965,gemini,2025,여성,4
3,1,1.0,1.0,2.0,1,1,2,1,1,2,1,4966,gemini,2025,여성,4
2,2,,,,1,1,2,2,1,2,2,4967,gemini,2025,여성,4
3,1,1.0,1.0,2.0,1,1,2,1,1,2,1,4968,gemini,2025,여성,4
3,1,1.0,4.0,2.0,1,1,2,2,1,2,2,4969,gemini,2025,여성,4
2,2,,,,2,1,2,2,1,2,2,4970,gemini,2025,여성,4
2,2,,,,1,1,2,1,1,2,2,4971,gemini,2025,여성,4
2,2,,,,1,1,2,2,1,2,2,4972,gemini,2025,여성,4
3,1,1.0,3.0,2.0,1,1,2,1,1,2,1,4973,gemini,2025,여성,4
3,1,1.0,4.0,2.0,1,1,2,1,1,2,1,4974,gemini,2025,여성,4
3,1,1.0,3.0,2.0,1,1,2,1,1,2,1,4975,gemini,2025,여성,4
2,2,,,,1,1,2,1,1,2,2,4976,gemini,2025,여성,4
2,2,,,,2,1,2,2,1,2,2,4977,gemini,2025,여성,4
2,2,,,,1,1,2,1,1,2,2,4978,gemini,2025,여성,4
3,1,1.0,1.0,2.0,1,1,2,1,1,2,1,4979,gemini,2025,여성,4
3,1,1.0,4.0,2.0,1,1,2,1,1,2,1,4980,gemini,2025,여성,4
2,2,,,,1,1,2,1,1,2,2,4981,gemini,2025,여성,4
3,1,1.0,3.0,2.0,1,1,2,1,1,2,1,4982,gemini,2025,여성,4
2,2,,,,1,1,2,1,1,2,1,4983,gemini,2025,여성,4
2,1,1.0,4.0,2.0,1,1,2,1,1,2,1,4984,gemini,2025,여성,4
3,1,1.0,1.0,2.0,1,1,2,1,1,2,1,4985,gemini,2025,여성,4
2,2,,,,1,1,2,1,1,2,1,4986,gemini,2025,여성,4
2,2,,,,1,1,2,1,1,2,1,4987,gemini,2025,여성,4
2,2,,,,1,1,2,1,1,2,2,4988,gemini,2025,여성,4
3,1,1.0,4.0,2.0,1,1,2,1,1,2,1,4989,gemini,2025,여성,4
3,1,1.0,1.0,2.0,1,1,1,1,1,2,1,4990,gemini,2025,여성,4
3,1,1.0,1.0,2.0,1,1,2,1,1,2,1,4991,gemini,2025,여성,4
3,1,1.0,4.0,2.0,1,1,1,1,1,2,1,4992,gemini,2025,여성,4
3,1,7.0,3.0,2.0,1,1,2,1,1,2,1,4993,gemini,2025,여성,4
2,2,,,,1,1,2,1,1,2,2,4994,gemini,2025,여성,4
4,1,1.0,1.0,1.0,1,1,1,1,1,2,1,4995,gemini,2025,여성,4
2,2,,,,1,1,2,1,1,2,2,4996,gemini,2025,여성,4
2,2,,,,1,1,2,1,1,2,2,4997,gemini,2025,여성,4
2,2,,,,2,1,2,2,1,2,2,4998,gemini,2025,여성,4
3,1,1.0,1.0,2.0,1,1,2,1,1,2,1,4999,gemini,2025,여성,4
3,1,1.0,4.0,2.0,1,1,2,1,1,2,1,5000,gemini,2025,여성,4
3,1,1.0,1.0,2.0,1,1,2,1,1,2,1,5001,gemini,2025,여성,4
2,2,,,,1,1,2,1,1,2,2,5002,gemini,2025,여성,4
2,2,,,,1,1,2,1,1,2,2,5003,gemini,2025,여성,4
3,1,1.0,1.0,2.0,1,1,2,1,1,2,1,5004,gemini,2025,여성,4
2,2,,,,1,1,2,2,1,2,2,5005,gemini,2025,여성,4
3,1,1.0,1.0,2.0,1,1,2,1,1,2,1,5006,gemini,2025,여성,4
2,2,,,,1,1,2,1,1,2,2,5007,gemini,2025,여성,4
2,2,,,,1,1,1,1,1,2,2,5008,gemini,2025,여성,4
2,2,,,,1,1,2,1,1,2,1,5009,gemini,2025,여성,4
2,2,,,,1,1,2,1,1,2,2,5010,gemini,2025,여성,4
2,2,,,,1,1,2,1,1,2,2,5011,gemini,2025,여성,4
3,1,1.0,4.0,2.0,1,1,2,1,1,2,1,5012,gemini,2025,여성,4
2,2,,,,1,1,2,1,1,2,2,5013,gemini,2025,여성,4
2,2,,,,1,1,2,1,1,2,2,5014,gemini,2025,여성,4
2,2,,,,1,1,2,2,1,2,2,5015,gemini,2025,여성,4
3,1,1.0,4.0,2.0,1,1,2,1,1,2,1,5016,gemini,2025,여성,4
3,1,1.0,4.0,2.0,1,1,2,1,1,2,1,5017,gemini,2025,여성,4
3,1,1.0,4.0,2.0,1,1,2,1,1,2,1,5018,gemini,2025,여성,4
3,1,1.0,1.0,2.0,1,1,2,1,1,2,1,5019,gemini,2025,여성,4
2,2,,,,1,1,2,1,1,2,2,5020,gemini,2025,여성,4
2,2,,,,1,1,2,2,1,2,2,5021,gemini,2025,여성,4
3,1,1.0,4.0,2.0,1,1,2,1,1,2,1,5022,gemini,2025,여성,4
2,2,,,,1,1,2,1,1,2,2,5023,gemini,2025,여성,4
3,1,1.0,1.0,2.0,1,1,2,2,1,2,1,5024,gemini,2025,여성,4
3,1,1.0,1.0,2.0,1,1,2,1,1,2,1,5025,gemini,2025,여성,4
2,2,,,,1,1,1,1,1,2,1,5026,gemini,2025,여성,4
3,1,1.0,4.0,2.0,1,1,2,1,1,2,1,5027,gemini,2025,여성,4
3,1,1.0,1.0,2.0,1,1,2,1,1,2,1,5028,gemini,2025,여성,4
3,1,1.0,1.0,2.0,1,1,2,1,1,2,1,5029,gemini,2025,여성,4
3,1,1.0,4.0,2.0,1,1,2,1,1,2,1,5030,gemini,2025,여성,4
3,1,1.0,4.0,2.0,1,1,2,1,1,2,1,5031,gemini,2025,여성,4
2,2,,,,1,1,2,1,1,2,2,5032,gemini,2025,여성,4
3,1,1.0,1.0,2.0,1,1,2,1,1,2,1,5033,gemini,2025,여성,4
2,2,,,,1,1,2,1,1,2,2,5034,gemini,2025,여성,4
2,2,,,,2,1,2,2,1,2,2,5035,gemini,2025,여성,4
3,1,1.0,4.0,2.0,1,1,2,1,1,2,1,5036,gemini,2025,여성,4
3,1,1.0,1.0,2.0,1,1,2,1,1,2,1,5037,gemini,2025,여성,4
3,1,1.0,4.0,2.0,1,1,2,1,1,2,1,5038,gemini,2025,여성,4
3,1,1.0,3.0,2.0,1,1,2,1,1,2,1,5039,gemini,2025,여성,4
3,1,1.0,4.0,2.0,1,1,2,1,1,2,1,5040,gemini,2025,여성,4
3,1,1.0,1.0,2.0,1,1,2,1,1,2,1,5041,gemini,2025,여성,4
4,1,1.0,1.0,1.0,1,1,2,1,1,2,1,5042,gemini,2025,여성,4
3,1,1.0,1.0,2.0,1,1,2,1,1,2,1,5043,gemini,2025,여성,4
3,1,1.0,1.0,2.0,1,1,2,1,1,2,1,5044,gemini,2025,여성,4
3,1,1.0,1.0,2.0,1,1,2,1,1,2,1,5045,gemini,2025,여성,4
2,2,,,,1,1,2,1,1,2,2,5046,gemini,2025,여성,4
3,1,1.0,4.0,2.0,1,1,2,1,1,2,1,5047,gemini,2025,여성,4
3,1,1.0,1.0,2.0,1,1,1,1,1,2,1,5048,gemini,2025,여성,4
2,2,,,,1,1,2,2,1,2,2,5049,gemini,2025,여성,4
2,2,,,,1,1,2,1,1,2,2,5050,gemini,2025,여성,4
3,1,1.0,4.0,2.0,1,1,2,1,1,2,1,5051,gemini,2025,여성,4
2,2,,,,1,1,2,1,1,2,1,5052,gemini,2025,여성,4
3,1,1.0,1.0,2.0,1,1,2,1,1,2,1,5053,gemini,2025,여성,4
2,2,,,,1,1,2,1,1,2,2,5054,gemini,2025,여성,4
2,2,,,,1,1,2,1,1,2,2,5055,gemini,2025,여성,4
3,1,1.0,1.0,2.0,1,1,2,1,1,2,1,5056,gemini,2025,여성,4
3,1,1.0,3.0,2.0,1,1,2,1,1,2,1,5057,gemini,2025,여성,4
3,1,1.0,3.0,2.0,1,1,2,1,1,2,1,5058,gemini,2025,여성,4
3,1,1.0,1.0,2.0,1,1,2,1,1,2,1,5059,gemini,2025,여성,4
3,1,1.0,1.0,2.0,1,1,2,1,1,2,1,5060,gemini,2025,여성,4
2,2,,,,1,1,2,1,1,2,1,5061,gemini,2025,여성,4
2,2,,,,1,1,1,1,1,2,1,5062,gemini,2025,여성,4
2,2,,,,1,1,2,1,1,2,1,5063,gemini,2025,여성,4
3,1,1.0,4.0,2.0,1,1,2,1,1,2,1,5064,gemini,2025,여성,4
2,2,,,,1,1,2,1,1,2,1,5065,gemini,2025,여성,4
3,1,1.0,1.0,2.0,1,1,2,1,1,2,1,5066,gemini,2025,여성,4
2,2,,,,1,1,2,1,1,2,1,5067,gemini,2025,여성,4
4,1,1.0,4.0,2.0,1,1,1,1,1,1,1,5068,gemini,2025,여성,4
2,2,,,,1,1,1,1,1,2,1,5069,gemini,2025,여성,4
3,1,1.0,1.0,2.0,1,1,2,1,1,2,1,5070,gemini,2025,여성,4
2,2,,,,1,1,2,1,1,2,2,5071,gemini,2025,여성,4
3,1,1.0,1.0,1.0,1,1,2,1,1,2,1,5072,gemini,2025,여성,4
3,1,1.0,3.0,2.0,1,1,2,1,1,2,1,5073,gemini,2025,여성,4
3,1,1.0,4.0,2.0,1,1,2,1,1,2,1,5074,gemini,2025,여성,4
3,1,1.0,4.0,2.0,1,1,2,1,1,2,1,5075,gemini,2025,여성,4
3,1,1.0,4.0,2.0,1,1,2,1,1,2,1,5076,gemini,2025,여성,4
2,2,,,,2,1,2,2,1,2,2,5077,gemini,2025,여성,4
2,2,,,,1,1,2,1,1,2,1,5078,gemini,2025,여성,4
3,1,1.0,1.0,2.0,1,1,2,1,1,2,1,5079,gemini,2025,여성,4
3,1,1.0,4.0,2.0,1,1,2,1,1,2,1,5080,gemini,2025,여성,4
3,1,1.0,1.0,2.0,1,1,2,1,1,2,1,5081,gemini,2025,여성,4
2,2,,,,1,1,2,1,1,2,2,5082,gemini,2025,여성,4
3,1,1.0,3.0,2.0,1,1,2,1,1,2,1,5083,gemini,2025,여성,4
2,2,,,,1,1,1,1,1,2,1,5084,gemini,2025,여성,4
2,2,,,,1,1,2,1,1,2,2,5085,gemini,2025,여성,4
2,2,,,,1,1,2,1,1,2,1,5086,gemini,2025,여성,4
2,2,,,,1,1,2,2,1,2,1,5087,gemini,2025,여성,4
3,1,1.0,4.0,2.0,1,1,2,1,1,2,1,5088,gemini,2025,여성,4
3,1,1.0,4.0,2.0,1,1,2,1,1,2,1,5089,gemini,2025,여성,4
3,1,1.0,1.0,2.0,1,1,2,1,1,2,1,5090,gemini,2025,여성,4
3,1,1.0,3.0,2.0,1,1,1,1,1,2,1,5091,gemini,2025,여성,4
3,1,1.0,1.0,2.0,1,1,2,1,1,2,1,5092,gemini,2025,여성,4
3,1,1.0,1.0,2.0,1,1,2,1,1,2,1,5093,gemini,2025,여성,4
2,2,,,,1,1,2,1,1,2,1,5094,gemini,2025,여성,4
3,1,1.0,4.0,2.0,1,1,2,1,1,2,1,5095,gemini,2025,여성,4
2,2,,,,2,1,2,2,1,2,2,5096,gemini,2025,여성,4
3,1,1.0,1.0,2.0,1,1,2,1,1,2,1,5097,gemini,2025,여성,4
2,2,,,,1,1,2,1,1,2,1,5098,gemini,2025,여성,4
2,2,,,,2,1,2,2,1,2,2,5099,gemini,2025,여성,4
3,1,1.0,1.0,2.0,1,1,2,1,1,2,1,5100,gemini,2025,여성,4
2,2,,,,1,1,2,1,1,2,2,5101,gemini,2025,여성,4
2,2,,,,1,1,2,1,1,2,2,5102,gemini,2025,여성,4
3,1,1.0,4.0,2.0,1,1,2,1,1,2,1,5103,gemini,2025,여성,4
3,1,1.0,1.0,2.0,1,1,2,1,1,2,1,5104,gemini,2025,여성,4
3,1,1.0,4.0,2.0,1,1,2,1,1,2,1,5105,gemini,2025,여성,4
2,2,,,,1,1,2,1,1,2,2,5106,gemini,2025,여성,4
3,1,1.0,4.0,2.0,1,1,2,1,1,2,1,5107,gemini,2025,여성,4
3,1,1.0,3.0,2.0,1,1,2,1,1,2,1,5108,gemini,2025,여성,4
3,1,1.0,1.0,2.0,1,1,2,1,1,2,1,5109,gemini,2025,여성,4
3,1,1.0,4.0,2.0,1,1,2,1,1,2,1,5110,gemini,2025,여성,4
3,1,1.0,1.0,2.0,1,1,1,1,1,2,1,5111,gemini,2025,여성,4
3,1,1.0,1.0,2.0,1,1,1,1,1,2,1,5112,gemini,2025,여성,4
3,1,1.0,4.0,2.0,1,1,2,1,1,2,1,5113,gemini,2025,여성,4
2,2,,,,1,1,2,1,1,2,1,5114,gemini,2025,여성,4
3,1,1.0,4.0,2.0,1,1,2,1,1,2,1,5115,gemini,2025,여성,4
2,2,,,,1,1,2,1,1,2,2,5116,gemini,2025,여성,4
3,1,1.0,1.0,2.0,1,1,2,1,1,2,1,5117,gemini,2025,여성,4
2,1,1.0,4.0,2.0,1,1,2,1,1,2,1,5118,gemini,2025,여성,4
2,2,,,,1,1,2,1,1,2,2,5119,gemini,2025,여성,4
2,2,,,,1,1,2,1,1,2,1,5120,gemini,2025,여성,4
3,1,1.0,4.0,2.0,1,1,2,1,1,2,1,5121,gemini,2025,여성,4
3,1,1.0,1.0,2.0,1,1,2,2,1,2,1,5122,gemini,2025,여성,4
3,1,1.0,1.0,2.0,1,1,2,1,1,2,1,5123,gemini,2025,여성,4
2,2,,,,2,1,2,2,1,2,2,5124,gemini,2025,여성,4
2,2,,,,1,1,2,1,1,2,1,5125,gemini,2025,여성,4
3,1,1.0,4.0,2.0,1,1,1,1,1,2,1,5126,gemini,2025,여성,4
3,1,1.0,4.0,2.0,1,1,2,1,1,2,1,5127,gemini,2025,여성,4
2,2,,,,1,1,2,1,1,2,2,5128,gemini,2025,여성,4
3,1,1.0,4.0,2.0,1,1,2,1,1,2,2,5129,gemini,2025,여성,4
3,1,1.0,4.0,2.0,1,1,2,1,1,2,1,5130,gemini,2025,여성,4
3,1,1.0,1.0,2.0,1,1,1,1,1,2,1,5131,gemini,2025,여성,4
3,1,1.0,4.0,2.0,1,1,2,1,1,2,1,5132,gemini,2025,여성,4
2,2,,,,1,1,2,1,1,2,1,5133,gemini,2025,여성,4
2,2,,,,1,1,2,1,1,2,1,5134,gemini,2025,여성,4
3,1,1.0,4.0,2.0,1,1,2,2,1,2,1,5135,gemini,2025,여성,4
3,1,1.0,1.0,2.0,1,1,2,1,1,2,1,5136,gemini,2025,여성,4
3,1,1.0,1.0,2.0,1,1,1,1,1,2,1,5137,gemini,2025,여성,4
3,1,1.0,1.0,2.0,1,1,2,1,1,2,1,5138,gemini,2025,여성,4
2,2,,,,1,1,2,1,1,2,2,5139,gemini,2025,여성,4
3,1,1.0,1.0,2.0,1,1,1,1,1,2,1,5140,gemini,2025,여성,4
2,2,,,,1,1,2,1,1,2,1,5141,gemini,2025,여성,4
3,1,1.0,4.0,2.0,1,1,1,1,1,2,1,5142,gemini,2025,여성,4
3,1,1.0,4.0,2.0,1,1,2,1,1,2,1,5143,gemini,2025,여성,4
3,1,1.0,1.0,2.0,1,1,2,1,1,2,1,5144,gemini,2025,여성,4
3,1,1.0,3.0,2.0,1,1,2,1,1,2,1,5145,gemini,2025,여성,4
2,2,,,,1,1,2,1,1,2,1,5146,gemini,2025,여성,4
3,1,1.0,4.0,2.0,1,1,2,1,1,2,1,5147,gemini,2025,여성,4
3,1,1.0,1.0,2.0,1,1,2,2,1,2,1,5148,gemini,2025,여성,4
2,2,,,,1,1,2,1,1,2,2,5149,gemini,2025,여성,4
3,1,1.0,1.0,2.0,1,1,2,1,1,2,1,5150,gemini,2025,여성,4
3,1,1.0,1.0,2.0,1,1,2,1,1,2,1,5151,gemini,2025,여성,4
2,2,,,,1,1,2,1,1,2,2,5152,gemini,2025,여성,4
3,1,1.0,4.0,2.0,1,1,2,2,1,2,2,5153,gemini,2025,여성,4
2,2,,,,1,1,2,2,1,2,2,5154,gemini,2025,여성,4
3,1,1.0,4.0,2.0,1,1,2,1,1,2,1,5155,gemini,2025,여성,4
3,1,1.0,4.0,2.0,1,1,2,1,1,2,1,5156,gemini,2025,여성,4
2,2,,,,2,1,2,2,1,2,2,5157,gemini,2025,여성,4
2,2,,,,1,1,2,1,1,2,1,5158,gemini,2025,여성,4
3,1,1.0,1.0,2.0,1,1,2,2,1,2,1,5159,gemini,2025,여성,4
2,2,,,,1,1,2,1,1,2,2,5160,gemini,2025,여성,4
2,2,,,,1,1,1,1,1,2,2,5161,gemini,2025,여성,4
2,2,,,,1,1,2,1,1,2,2,5162,gemini,2025,여성,4
3,1,1.0,4.0,2.0,1,1,1,1,1,2,1,5163,gemini,2025,여성,4
3,1,1.0,4.0,2.0,1,1,2,1,1,2,1,5164,gemini,2025,여성,4
3,1,1.0,4.0,2.0,1,1,2,1,1,2,1,5165,gemini,2025,여성,4
4,1,1.0,1.0,1.0,1,1,2,1,1,2,1,5166,gemini,2025,여성,4
2,2,,,,1,1,2,2,1,2,2,5167,gemini,2025,여성,4
3,1,1.0,1.0,2.0,1,1,2,1,1,2,1,5168,gemini,2025,여성,4
2,2,,,,1,1,2,1,1,2,2,5169,gemini,2025,여성,4
3,1,1.0,1.0,2.0,1,1,2,1,1,2,1,5170,gemini,2025,여성,4
3,1,1.0,1.0,2.0,1,1,2,1,1,2,1,5171,gemini,2025,여성,4
2,2,,,,1,1,2,1,1,2,2,5172,gemini,2025,여성,4
3,1,1.0,4.0,2.0,1,1,1,1,1,2,1,5173,gemini,2025,여성,4
3,1,1.0,4.0,2.0,1,1,2,1,1,2,1,5174,gemini,2025,여성,4
2,2,,,,1,1,2,1,1,2,1,5175,gemini,2025,여성,4
3,1,1.0,1.0,2.0,1,1,2,1,1,2,1,5176,gemini,2025,여성,4
3,1,1.0,1.0,2.0,1,1,2,1,1,2,1,5177,gemini,2025,여성,4
3,1,1.0,4.0,2.0,1,1,2,1,1,2,1,5178,gemini,2025,여성,4
2,2,,,,2,1,2,2,1,2,2,5179,gemini,2025,여성,4
3,1,1.0,1.0,2.0,1,1,2,1,1,2,1,5180,gemini,2025,여성,4
2,2,,,,1,1,2,2,1,2,2,5181,gemini,2025,여성,4
3,1,1.0,1.0,2.0,1,1,1,1,1,2,1,5182,gemini,2025,여성,4
3,1,1.0,1.0,2.0,1,1,1,1,1,2,1,5183,gemini,2025,여성,4
2,2,,,,1,1,2,1,1,2,2,5184,gemini,2025,여성,4
3,1,1.0,4.0,2.0,1,1,2,1,1,2,1,5185,gemini,2025,여성,4
3,1,1.0,1.0,2.0,1,1,1,1,1,2,1,5186,gemini,2025,여성,4
2,2,,,,1,1,2,1,1,2,2,5187,gemini,2025,여성,4
2,2,,,,1,1,2,1,1,2,1,5188,gemini,2025,여성,4
2,2,,,,1,1,2,2,1,2,2,5189,gemini,2025,여성,4
2,2,,,,2,1,2,2,1,2,2,5190,gemini,2025,여성,4
3,1,1.0,4.0,2.0,1,1,2,2,1,2,2,5191,gemini,2025,여성,4
2,2,,,,1,1,2,2,1,2,2,5192,gemini,2025,여성,4
3,1,1.0,1.0,2.0,1,1,2,1,1,2,1,5193,gemini,2025,여성,4
2,2,,,,1,1,2,1,1,2,1,5194,gemini,2025,여성,4
3,1,1.0,1.0,2.0,1,1,2,1,1,2,1,5195,gemini,2025,여성,4
3,1,1.0,4.0,2.0,1,1,2,2,1,2,2,5196,gemini,2025,여성,4
2,2,,,,1,1,2,2,1,2,1,5197,gemini,2025,여성,4
2,2,,,,1,1,2,1,1,2,1,5198,gemini,2025,여성,4
2,2,,,,1,1,2,2,1,2,2,5199,gemini,2025,여성,4
3,1,1.0,1.0,2.0,1,1,2,1,1,2,1,5200,gemini,2025,여성,4
2,2,,,,1,1,2,1,1,2,2,5201,gemini,2025,여성,4
3,1,1.0,4.0,2.0,1,1,2,2,1,2,1,5202,gemini,2025,여성,4
3,1,1.0,4.0,2.0,1,1,2,1,1,2,2,5203,gemini,2025,여성,4
3,1,1.0,4.0,2.0,1,1,2,1,1,2,1,5204,gemini,2025,여성,4
2,2,,,,1,1,2,1,1,2,1,5205,gemini,2025,여성,4
3,1,1.0,1.0,2.0,1,1,2,2,1,2,2,5206,gemini,2025,여성,4
3,1,1.0,1.0,2.0,1,1,2,1,1,2,1,5207,gemini,2025,여성,4
3,1,1.0,4.0,2.0,1,1,2,1,1,2,1,5208,gemini,2025,여성,4
3,1,1.0,1.0,2.0,1,1,2,1,1,2,1,5209,gemini,2025,여성,4
3,1,1.0,4.0,2.0,1,1,2,1,1,2,1,5210,gemini,2025,여성,4
3,1,1.0,1.0,1.0,1,1,2,1,1,2,1,5211,gemini,2025,여성,4
2,2,,,,1,1,2,1,1,2,2,5212,gemini,2025,여성,4
4,1,1.0,1.0,1.0,1,1,2,1,1,2,1,5213,gemini,2025,여성,4
2,2,,,,1,1,2,2,1,2,2,5214,gemini,2025,여성,4
3,1,1.0,4.0,2.0,1,1,2,1,1,2,1,5215,gemini,2025,여성,4
3,1,1.0,4.0,2.0,1,1,2,1,1,2,1,5216,gemini,2025,여성,4
2,2,,,,1,1,2,1,1,2,2,5217,gemini,2025,여성,4
2,2,,,,2,1,1,1,1,2,2,5218,gemini,2025,여성,4
2,2,,,,1,1,2,1,1,2,1,5219,gemini,2025,여성,4
2,2,,,,1,1,2,1,1,2,2,5220,gemini,2025,여성,4
3,1,1.0,1.0,1.0,1,1,2,1,1,2,1,5221,gemini,2025,여성,4
2,2,,,,2,1,2,2,1,2,2,5222,gemini,2025,여성,4
2,2,,,,1,1,2,1,1,2,1,5223,gemini,2025,여성,4
2,2,,,,1,1,2,1,1,2,2,5224,gemini,2025,여성,4
3,1,1.0,1.0,2.0,1,1,1,1,1,2,1,5225,gemini,2025,여성,4
3,1,1.0,3.0,2.0,1,1,1,1,1,2,1,5226,gemini,2025,여성,4
3,1,1.0,1.0,2.0,1,1,1,2,1,2,1,5227,gemini,2025,여성,4
3,1,1.0,1.0,2.0,1,1,2,1,1,2,1,5228,gemini,2025,여성,4
3,1,1.0,4.0,2.0,1,1,2,2,1,2,1,5229,gemini,2025,여성,4
3,1,1.0,4.0,2.0,1,1,2,1,1,2,1,5230,gemini,2025,여성,4
3,1,1.0,1.0,2.0,1,1,2,1,1,2,1,5231,gemini,2025,여성,4
4,1,1.0,1.0,1.0,1,1,2,1,1,2,1,5232,gemini,2025,여성,4
2,2,,,,1,1,2,1,1,2,1,5233,gemini,2025,여성,4
3,1,1.0,1.0,2.0,1,1,1,1,1,2,1,5234,gemini,2025,여성,4
2,2,,,,1,1,2,1,1,2,2,5235,gemini,2025,여성,4
3,1,1.0,3.0,2.0,1,1,2,1,1,2,1,5236,gemini,2025,여성,4
2,2,,,,1,1,2,1,1,2,1,5237,gemini,2025,여성,4
2,2,,,,1,1,2,1,1,2,1,5238,gemini,2025,여성,4
2,2,,,,1,1,2,1,1,2,1,5239,gemini,2025,여성,4
3,1,1.0,1.0,2.0,1,1,1,1,1,2,1,5240,gemini,2025,여성,4
2,2,,,,1,1,2,1,1,2,2,5241,gemini,2025,여성,4
2,2,,,,1,1,2,2,1,2,2,5242,gemini,2025,여성,4
3,1,1.0,4.0,2.0,1,1,2,1,1,2,1,5243,gemini,2025,여성,4
2,2,,,,1,1,2,1,1,2,1,5244,gemini,2025,여성,4
3,1,1.0,3.0,2.0,1,1,2,1,1,2,1,5245,gemini,2025,여성,4
3,1,1.0,4.0,2.0,1,1,1,1,1,2,1,5246,gemini,2025,여성,4
2,2,,,,1,1,2,1,1,2,1,5247,gemini,2025,여성,4
3,1,1.0,4.0,2.0,1,1,2,1,1,2,1,5248,gemini,2025,여성,4
3,1,1.0,4.0,2.0,1,1,2,1,1,2,1,5249,gemini,2025,여성,4
2,2,,,,2,1,2,1,1,2,2,5250,gemini,2025,여성,4
2,2,,,,1,1,2,2,1,2,2,5251,gemini,2025,여성,4
2,2,,,,1,1,2,1,1,2,1,5252,gemini,2025,여성,4
3,1,1.0,1.0,2.0,1,1,1,1,1,2,1,5253,gemini,2025,여성,4
3,1,1.0,3.0,2.0,1,1,2,1,1,2,1,5254,gemini,2025,여성,4
3,1,1.0,4.0,2.0,1,1,2,1,1,2,1,5255,gemini,2025,여성,4
2,2,,,,1,1,2,1,1,2,1,5256,gemini,2025,여성,4
3,1,1.0,4.0,2.0,1,1,2,1,1,2,1,5257,gemini,2025,여성,4
3,1,7.0,3.0,2.0,1,1,2,1,1,2,1,5258,gemini,2025,여성,4
2,2,,,,1,1,2,1,1,2,1,5259,gemini,2025,여성,4
3,1,1.0,1.0,2.0,1,1,2,1,1,2,1,5260,gemini,2025,여성,4
3,1,1.0,1.0,2.0,1,1,1,1,1,2,1,5261,gemini,2025,여성,4
2,2,,,,1,1,2,1,1,2,2,5262,gemini,2025,여성,4
3,1,1.0,1.0,2.0,1,1,2,1,1,2,1,5263,gemini,2025,여성,4
3,1,1.0,1.0,2.0,1,1,2,1,1,2,1,5264,gemini,2025,여성,4
3,1,1.0,3.0,2.0,1,1,2,1,1,2,1,5265,gemini,2025,여성,4
2,2,,,,1,1,2,1,1,2,1,5266,gemini,2025,여성,4
2,2,,,,1,1,2,1,1,2,1,5267,gemini,2025,여성,4
2,2,,,,1,1,2,2,1,2,1,5268,gemini,2025,여성,4
2,2,,,,1,1,2,2,1,2,2,5269,gemini,2025,여성,4
2,2,,,,1,1,2,1,1,2,2,5270,gemini,2025,여성,4
3,1,1.0,1.0,2.0,1,1,2,1,1,2,1,5271,gemini,2025,여성,4
3,1,1.0,4.0,2.0,1,1,2,1,1,2,1,5272,gemini,2025,여성,4
3,1,1.0,1.0,2.0,1,1,2,1,1,2,1,5273,gemini,2025,여성,4
2,2,,,,1,1,2,2,1,2,2,5274,gemini,2025,여성,4
2,2,,,,1,1,2,1,1,2,2,5275,gemini,2025,여성,4
2,2,,,,1,1,2,1,1,2,2,5276,gemini,2025,여성,4
3,1,1.0,4.0,2.0,1,1,1,1,1,2,1,5277,gemini,2025,여성,4
2,2,,,,1,1,2,2,1,2,2,5278,gemini,2025,여성,4
2,2,,,,1,1,2,1,1,2,2,5279,gemini,2025,여성,4
3,1,1.0,1.0,2.0,1,1,2,1,1,2,1,5280,gemini,2025,여성,4
3,1,1.0,4.0,2.0,1,1,2,1,1,2,1,5281,gemini,2025,여성,4
3,1,1.0,1.0,2.0,1,1,2,1,1,2,1,5282,gemini,2025,여성,4
3,1,1.0,1.0,2.0,1,1,2,1,1,2,1,5283,gemini,2025,여성,4
3,1,1.0,1.0,2.0,1,1,1,1,1,2,1,5284,gemini,2025,여성,4
3,1,1.0,4.0,2.0,1,1,2,1,1,2,1,5285,gemini,2025,여성,4
3,1,1.0,1.0,2.0,1,1,2,1,1,2,1,5286,gemini,2025,여성,4
3,1,1.0,4.0,2.0,1,1,2,1,1,2,1,5287,gemini,2025,여성,4
3,1,1.0,1.0,2.0,1,1,2,1,1,2,1,5288,gemini,2025,여성,4
3,1,1.0,1.0,2.0,1,1,2,1,1,2,1,5289,gemini,2025,여성,4
3,1,1.0,4.0,2.0,1,1,2,1,1,2,1,5290,gemini,2025,여성,4
2,2,,,,1,1,2,2,1,2,2,5291,gemini,2025,여성,4
3,1,1.0,4.0,2.0,1,1,2,1,1,2,1,5292,gemini,2025,여성,4
2,2,,,,1,1,2,1,1,2,1,5293,gemini,2025,여성,4
3,1,1.0,1.0,2.0,1,1,2,1,1,2,1,5294,gemini,2025,여성,4
3,1,1.0,4.0,2.0,1,1,2,1,1,2,1,5295,gemini,2025,여성,4
2,2,,,,1,1,2,1,1,2,2,5296,gemini,2025,여성,4
2,2,,,,1,1,2,1,1,2,1,5297,gemini,2025,여성,4
3,1,1.0,3.0,2.0,1,1,2,1,1,2,1,5298,gemini,2025,여성,4
3,1,1.0,1.0,2.0,1,1,2,1,1,2,1,5299,gemini,2025,여성,4
4,1,1.0,1.0,1.0,1,1,1,1,1,1,1,5300,gemini,2025,여성,4
2,2,,,,2,1,2,2,1,2,2,5301,gemini,2025,여성,4
3,1,1.0,4.0,2.0,1,1,2,1,1,2,1,5302,gemini,2025,여성,4
2,2,,,,1,1,2,1,1,2,1,5303,gemini,2025,여성,4
2,2,,,,1,1,2,1,1,2,1,5304,gemini,2025,여성,4
2,2,,,,1,1,2,1,1,2,1,5305,gemini,2025,여성,4
4,1,1.0,1.0,1.0,1,1,1,1,1,2,1,5306,gemini,2025,여성,4
2,2,,,,1,1,2,1,1,2,2,5307,gemini,2025,여성,4
3,1,1.0,1.0,2.0,1,1,2,1,1,2,1,5308,gemini,2025,여성,4
2,2,,,,1,1,2,1,1,2,2,5309,gemini,2025,여성,4
2,2,,,,1,1,2,1,1,2,2,5310,gemini,2025,여성,4
3,1,1.0,4.0,2.0,1,1,1,1,1,2,1,5311,gemini,2025,여성,4
2,2,,,,1,1,2,1,1,2,2,5312,gemini,2025,여성,4
3,1,1.0,3.0,2.0,1,1,1,1,1,2,1,5313,gemini,2025,여성,4
3,1,1.0,1.0,2.0,1,1,2,1,1,2,1,5314,gemini,2025,여성,4
3,1,1.0,4.0,2.0,1,1,2,1,1,2,1,5315,gemini,2025,여성,4
3,1,1.0,3.0,2.0,1,1,2,1,1,2,2,5316,gemini,2025,여성,4
3,1,1.0,1.0,2.0,1,1,2,1,1,2,1,5317,gemini,2025,여성,4
2,2,,,,1,1,2,1,1,2,1,5318,gemini,2025,여성,4
3,1,1.0,1.0,2.0,1,1,2,1,1,2,1,5319,gemini,2025,여성,4
2,2,,,,1,1,2,1,1,2,2,5320,gemini,2025,여성,4
3,1,1.0,1.0,2.0,1,1,2,1,1,2,1,5321,gemini,2025,여성,4
3,1,1.0,1.0,2.0,1,1,2,1,1,2,1,5322,gemini,2025,여성,4
2,2,,,,1,1,2,1,1,2,2,5323,gemini,2025,여성,4
2,2,,,,1,1,2,2,1,2,2,5324,gemini,2025,여성,4
3,1,1.0,4.0,2.0,1,1,2,1,1,2,1,5325,gemini,2025,여성,4
2,2,,,,1,1,2,1,1,2,1,5326,gemini,2025,여성,4
2,2,,,,1,1,2,1,1,2,1,5327,gemini,2025,여성,4
2,2,,,,1,1,2,1,1,2,1,5328,gemini,2025,여성,4
3,1,1.0,4.0,2.0,1,1,2,1,1,2,1,5329,gemini,2025,여성,4
2,2,,,,1,1,2,1,1,2,2,5330,gemini,2025,여성,4
3,1,1.0,1.0,2.0,1,1,2,1,1,2,1,5331,gemini,2025,여성,4
3,1,1.0,4.0,2.0,1,1,2,1,1,2,1,5332,gemini,2025,여성,4
3,1,1.0,4.0,2.0,1,1,2,1,1,2,1,5333,gemini,2025,여성,4
2,2,,,,2,1,2,2,1,2,2,5334,gemini,2025,여성,4
2,2,,,,1,1,2,1,1,2,2,5335,gemini,2025,여성,4
2,2,,,,2,1,2,1,1,2,2,5336,gemini,2025,여성,4
3,1,1.0,1.0,2.0,1,1,2,1,1,2,1,5337,gemini,2025,여성,4
3,1,1.0,3.0,2.0,1,1,1,1,1,2,1,5338,gemini,2025,여성,4
2,2,,,,1,1,2,2,1,2,2,5339,gemini,2025,여성,4
3,1,1.0,1.0,2.0,1,1,2,1,1,2,1,5340,gemini,2025,여성,4
3,1,1.0,4.0,2.0,1,1,2,1,1,2,2,5341,gemini,2025,여성,4
2,2,,,,1,1,2,1,1,2,1,5342,gemini,2025,여성,4
2,2,,,,1,1,2,1,1,2,1,5343,gemini,2025,여성,4
2,2,,,,1,1,2,2,1,2,2,5344,gemini,2025,여성,4
2,2,,,,1,1,2,1,1,2,1,5345,gemini,2025,여성,4
2,2,,,,2,1,2,2,1,2,2,5346,gemini,2025,여성,4
3,1,1.0,1.0,2.0,1,1,2,1,1,2,1,5347,gemini,2025,여성,4
3,1,1.0,1.0,2.0,1,1,2,1,1,2,1,5348,gemini,2025,여성,4
2,2,,,,1,1,1,2,1,2,1,5349,gemini,2025,여성,4
2,2,,,,1,1,2,2,1,2,1,5350,gemini,2025,여성,4
3,1,1.0,3.0,2.0,1,1,2,1,1,2,1,5351,gemini,2025,여성,4
3,1,1.0,1.0,2.0,1,1,2,1,1,2,1,5352,gemini,2025,여성,4
3,1,1.0,1.0,2.0,1,1,2,2,1,2,1,5353,gemini,2025,여성,4
2,2,,,,2,1,1,1,1,2,2,5354,gemini,2025,여성,4
2,2,,,,1,1,2,1,1,2,2,5355,gemini,2025,여성,4
2,2,,,,1,1,2,2,1,2,2,5356,gemini,2025,여성,4
3,1,1.0,1.0,2.0,1,1,2,1,1,2,1,5357,gemini,2025,여성,4
3,1,1.0,1.0,2.0,1,1,2,1,1,2,1,5358,gemini,2025,여성,4
2,2,,,,2,1,2,2,1,2,2,5359,gemini,2025,여성,4
4,1,1.0,1.0,1.0,1,1,2,1,1,2,1,5360,gemini,2025,여성,4
2,2,,,,1,1,2,1,1,2,1,5361,gemini,2025,여성,4
3,1,1.0,3.0,2.0,1,1,2,1,1,2,1,5362,gemini,2025,여성,4
2,2,,,,1,1,2,1,1,2,2,5363,gemini,2025,여성,4
3,1,1.0,4.0,2.0,1,1,2,1,1,2,1,5364,gemini,2025,여성,4
2,2,,,,1,1,2,1,1,2,1,5365,gemini,2025,여성,4
2,2,,,,1,1,2,1,1,2,2,5366,gemini,2025,여성,4
2,2,,,,1,1,2,2,1,2,2,5367,gemini,2025,여성,4
2,2,,,,1,1,2,1,1,2,1,5368,gemini,2025,여성,4
3,1,1.0,1.0,1.0,1,1,2,1,1,2,1,5369,gemini,2025,여성,4
3,1,1.0,1.0,2.0,1,1,2,1,1,2,1,5370,gemini,2025,여성,4
3,1,1.0,4.0,2.0,1,1,1,1,1,2,1,5371,gemini,2025,여성,4
3,1,1.0,1.0,2.0,1,1,2,1,1,2,1,5372,gemini,2025,여성,4
2,2,,,,1,1,2,1,1,2,2,5373,gemini,2025,여성,4
2,2,,,,1,1,2,1,1,2,1,5374,gemini,2025,여성,4
2,2,,,,1,1,2,1,1,2,2,5375,gemini,2025,여성,4
2,2,,,,1,1,2,2,1,2,2,5376,gemini,2025,여성,4
2,2,,,,1,1,2,1,1,2,1,5377,gemini,2025,여성,4
4,1,1.0,1.0,1.0,1,1,2,1,1,2,1,5378,gemini,2025,여성,4
3,1,1.0,1.0,2.0,1,1,1,1,1,2,1,5379,gemini,2025,여성,4
3,1,7.0,3.0,2.0,1,1,2,1,1,2,1,5380,gemini,2025,여성,4
2,2,,,,1,1,2,1,1,2,2,5381,gemini,2025,여성,4
2,2,,,,1,1,2,2,1,2,2,5382,gemini,2025,여성,4
2,2,,,,1,1,1,2,1,2,2,5383,gemini,2025,여성,4
2,2,,,,1,1,2,1,1,2,2,5384,gemini,2025,여성,4
3,1,1.0,3.0,2.0,1,1,2,1,1,2,1,5385,gemini,2025,여성,4
2,2,,,,2,1,2,2,1,2,2,5386,gemini,2025,여성,4
2,2,,,,1,1,1,1,1,2,1,5387,gemini,2025,여성,4
3,1,1.0,1.0,2.0,1,1,2,1,1,2,1,5388,gemini,2025,여성,4
3,1,1.0,1.0,2.0,1,1,2,1,1,2,1,5389,gemini,2025,여성,4
2,2,,,,1,1,1,1,1,2,1,5390,gemini,2025,여성,4
3,1,1.0,1.0,2.0,1,1,2,1,1,2,1,5391,gemini,2025,여성,4
2,2,,,,1,1,2,2,1,2,2,5392,gemini,2025,여성,4
3,1,1.0,1.0,2.0,1,1,1,1,1,2,1,5393,gemini,2025,여성,4
3,1,1.0,1.0,2.0,1,1,1,1,1,2,1,5394,gemini,2025,여성,4
3,1,1.0,1.0,2.0,1,1,2,1,1,2,1,5395,gemini,2025,여성,4
2,2,,,,1,1,2,2,1,2,2,5396,gemini,2025,여성,4
3,1,1.0,4.0,2.0,1,1,1,1,1,2,1,5397,gemini,2025,여성,4
2,2,,,,1,1,2,1,1,2,2,5398,gemini,2025,여성,4
3,1,1.0,4.0,2.0,1,1,2,2,1,2,2,5399,gemini,2025,여성,4
3,1,1.0,1.0,2.0,1,1,2,1,1,2,1,5400,gemini,2025,여성,4
2,2,,,,1,1,2,1,1,2,1,5401,gemini,2025,여성,4
3,1,1.0,1.0,2.0,1,1,2,1,1,2,1,5402,gemini,2025,여성,4
3,1,1.0,4.0,2.0,1,1,2,2,1,2,1,5403,gemini,2025,여성,4
3,1,1.0,4.0,2.0,1,1,2,1,1,2,1,5404,gemini,2025,여성,4
2,2,,,,1,1,1,1,1,2,1,5405,gemini,2025,여성,4
3,1,1.0,1.0,2.0,1,1,2,1,1,2,1,5406,gemini,2025,여성,4
2,2,,,,1,1,2,1,1,2,2,5407,gemini,2025,여성,4
2,2,,,,1,1,2,2,1,2,2,5408,gemini,2025,여성,4
2,2,,,,1,1,2,1,1,2,2,5409,gemini,2025,여성,4
3,1,1.0,1.0,2.0,1,1,2,1,1,2,1,5410,gemini,2025,여성,4
2,2,,,,1,1,2,1,1,2,2,5411,gemini,2025,여성,4
2,2,,,,1,1,2,1,1,2,1,5412,gemini,2025,여성,4
3,1,1.0,1.0,2.0,1,1,2,1,1,2,1,5413,gemini,2025,여성,4
3,1,1.0,1.0,2.0,1,1,2,1,1,2,1,5414,gemini,2025,여성,4
2,1,1.0,4.0,2.0,1,1,2,1,1,2,1,5415,gemini,2025,여성,4
2,2,,,,1,1,2,1,1,2,2,5416,gemini,2025,여성,4
3,1,1.0,4.0,2.0,1,1,2,1,1,2,1,5417,gemini,2025,여성,4
2,2,,,,1,1,2,1,1,2,2,5418,gemini,2025,여성,4
3,1,1.0,4.0,2.0,1,1,2,1,1,2,1,5419,gemini,2025,여성,4
3,1,1.0,4.0,2.0,1,1,2,1,1,2,1,5420,gemini,2025,여성,4
3,1,1.0,1.0,2.0,1,1,2,1,1,2,1,5421,gemini,2025,여성,4
2,2,,,,1,1,2,1,1,2,2,5422,gemini,2025,여성,4
3,1,1.0,4.0,2.0,1,1,1,1,1,2,1,5423,gemini,2025,여성,4
3,1,1.0,4.0,2.0,1,1,2,1,1,2,1,5424,gemini,2025,여성,4
2,2,,,,1,1,2,1,1,2,2,5425,gemini,2025,여성,4
3,1,1.0,1.0,2.0,1,1,2,1,1,2,1,5426,gemini,2025,여성,4
2,2,,,,1,1,2,1,1,2,1,5427,gemini,2025,여성,4
2,2,,,,1,1,2,1,1,2,2,5428,gemini,2025,여성,4
2,2,,,,1,1,2,1,1,2,2,5429,gemini,2025,여성,4
3,1,1.0,4.0,2.0,1,1,2,1,1,2,1,5430,gemini,2025,여성,4
2,2,,,,1,1,2,1,1,2,2,5431,gemini,2025,여성,4
3,1,1.0,1.0,2.0,1,1,2,1,1,2,1,5432,gemini,2025,여성,4
3,1,1.0,4.0,2.0,1,1,2,1,1,2,1,5433,gemini,2025,여성,4
2,2,,,,1,1,2,1,1,2,1,5434,gemini,2025,여성,4
4,1,1.0,1.0,1.0,1,1,2,1,1,2,1,5435,gemini,2025,여성,4
3,1,1.0,1.0,2.0,1,1,2,1,1,2,1,5436,gemini,2025,여성,4
2,2,,,,2,1,2,1,1,2,2,5437,gemini,2025,여성,4
3,1,1.0,4.0,2.0,1,1,2,1,1,2,1,5438,gemini,2025,여성,4
2,2,,,,1,1,2,1,1,2,1,5439,gemini,2025,여성,4
2,2,,,,1,1,1,1,1,2,1,5440,gemini,2025,여성,4
3,1,1.0,4.0,2.0,1,1,2,1,1,2,1,5441,gemini,2025,여성,4
2,2,,,,1,1,2,1,1,2,2,5442,gemini,2025,여성,4
3,1,1.0,1.0,2.0,1,1,1,1,1,2,1,5443,gemini,2025,여성,4
3,1,1.0,1.0,2.0,1,1,2,1,1,2,1,5444,gemini,2025,여성,4
3,1,1.0,1.0,2.0,1,1,2,1,1,2,1,5445,gemini,2025,여성,4
3,1,1.0,3.0,2.0,1,1,2,1,1,2,1,5446,gemini,2025,여성,4
3,1,1.0,4.0,2.0,1,1,1,1,1,2,1,5447,gemini,2025,여성,4
3,1,1.0,3.0,2.0,1,1,2,1,1,2,1,5448,gemini,2025,여성,4
2,2,,,,2,1,2,2,1,2,2,5449,gemini,2025,여성,4
3,1,1.0,1.0,2.0,1,1,2,1,1,2,1,5450,gemini,2025,여성,4
3,1,1.0,3.0,2.0,1,1,2,1,1,2,1,5451,gemini,2025,여성,4
2,2,,,,1,1,2,1,1,2,1,5452,gemini,2025,여성,4
3,1,1.0,1.0,2.0,1,1,2,1,1,2,1,5453,gemini,2025,여성,4
3,1,1.0,1.0,2.0,1,1,2,1,1,2,1,5454,gemini,2025,여성,4
2,2,,,,1,1,2,1,1,2,1,5455,gemini,2025,여성,4
3,1,1.0,4.0,2.0,1,1,2,1,1,2,1,5456,gemini,2025,여성,4
2,2,,,,2,1,1,2,1,2,2,5457,gemini,2025,여성,4
3,1,1.0,1.0,2.0,1,1,2,1,1,2,1,5458,gemini,2025,여성,4
2,2,,,,1,1,2,1,1,2,2,5459,gemini,2025,여성,4
3,1,1.0,1.0,2.0,1,1,2,1,1,2,1,5460,gemini,2025,여성,4
3,1,1.0,1.0,2.0,1,1,2,1,1,2,2,5461,gemini,2025,여성,4
3,1,1.0,1.0,2.0,1,1,2,1,1,2,1,5462,gemini,2025,여성,4
3,1,1.0,1.0,2.0,1,1,2,1,1,2,1,5463,gemini,2025,여성,4
3,1,1.0,1.0,2.0,1,1,2,1,1,2,1,5464,gemini,2025,여성,4
2,2,,,,1,1,2,1,1,2,1,5465,gemini,2025,여성,4
3,1,1.0,1.0,2.0,1,1,2,1,1,2,1,5466,gemini,2025,여성,4
3,1,1.0,4.0,2.0,1,1,2,1,1,2,1,5467,gemini,2025,여성,4
2,2,,,,2,1,2,2,1,2,2,5468,gemini,2025,여성,4
3,1,1.0,4.0,2.0,1,1,2,1,1,2,1,5469,gemini,2025,여성,4
3,1,1.0,3.0,2.0,1,1,2,1,1,2,1,5470,gemini,2025,여성,4
3,1,1.0,4.0,2.0,1,1,1,1,1,2,1,5471,gemini,2025,여성,4
3,1,1.0,1.0,2.0,1,1,2,1,1,2,1,5472,gemini,2025,여성,4
3,1,1.0,4.0,2.0,1,1,2,1,1,2,1,5473,gemini,2025,여성,4
2,2,,,,1,1,2,1,1,2,1,5474,gemini,2025,여성,4
2,2,,,,1,1,2,1,1,2,1,5475,gemini,2025,여성,4
3,1,1.0,1.0,2.0,1,1,2,1,1,2,1,5476,gemini,2025,여성,4
3,1,1.0,4.0,2.0,1,1,2,1,1,2,1,5477,gemini,2025,여성,4
2,2,,,,1,1,2,1,1,2,2,5478,gemini,2025,여성,4
2,2,,,,1,1,2,1,1,2,2,5479,gemini,2025,여성,4
2,2,,,,1,1,2,2,1,2,2,5480,gemini,2025,여성,4
2,2,,,,1,1,2,1,1,2,2,5481,gemini,2025,여성,4
3,1,1.0,3.0,2.0,1,1,2,1,1,2,1,5482,gemini,2025,여성,4
2,2,,,,1,1,2,1,1,2,1,5483,gemini,2025,여성,4
2,2,,,,1,1,2,2,1,2,2,5484,gemini,2025,여성,4
4,1,1.0,1.0,1.0,1,1,1,1,1,2,1,5485,gemini,2025,여성,4
3,1,1.0,1.0,2.0,1,1,2,1,1,2,1,5486,gemini,2025,여성,4
2,2,,,,1,1,2,1,1,2,1,5487,gemini,2025,여성,4
2,2,,,,2,1,2,2,1,2,2,5488,gemini,2025,여성,4
3,1,1.0,4.0,2.0,1,1,2,1,1,2,1,5489,gemini,2025,여성,4
2,2,,,,1,1,2,1,1,2,1,5490,gemini,2025,여성,4
2,2,,,,1,1,2,1,1,2,2,5491,gemini,2025,여성,4
2,2,,,,1,1,2,1,1,2,2,5492,gemini,2025,여성,4
2,2,,,,1,1,2,2,1,2,1,5493,gemini,2025,여성,4
3,1,1.0,1.0,2.0,1,1,2,1,1,2,1,5494,gemini,2025,여성,4
3,1,1.0,1.0,2.0,1,1,2,1,1,2,1,5495,gemini,2025,여성,4
2,2,,,,1,1,2,2,1,2,2,5496,gemini,2025,여성,4
3,1,1.0,1.0,2.0,1,1,2,1,1,2,1,5497,gemini,2025,여성,4
2,2,,,,1,1,2,1,1,2,1,5498,gemini,2025,여성,4
2,2,,,,2,1,2,2,1,2,2,5499,gemini,2025,여성,4
3,1,1.0,1.0,2.0,1,1,2,1,1,2,1,5500,gemini,2025,여성,4
2,2,,,,1,1,2,2,1,2,2,5501,gemini,2025,여성,4
3,1,1.0,1.0,2.0,1,1,2,1,1,2,1,5502,gemini,2025,여성,4
2,2,,,,2,1,2,2,1,2,2,5503,gemini,2025,여성,4
3,1,1.0,4.0,2.0,1,1,1,1,1,2,1,5504,gemini,2025,여성,4
3,1,1.0,3.0,2.0,1,1,2,1,1,2,1,5505,gemini,2025,여성,4
3,1,1.0,1.0,2.0,1,1,2,1,1,2,1,5506,gemini,2025,여성,4
2,2,,,,1,1,2,2,1,2,2,5507,gemini,2025,여성,4
2,2,,,,1,1,1,1,1,2,2,5508,gemini,2025,여성,4
3,1,1.0,4.0,2.0,1,1,2,1,1,2,1,5509,gemini,2025,여성,4
3,1,1.0,1.0,2.0,1,1,2,1,1,2,1,5510,gemini,2025,여성,4
2,2,,,,1,1,2,1,1,2,1,5511,gemini,2025,여성,4
2,2,,,,1,1,1,1,1,2,1,5512,gemini,2025,여성,4
2,2,,,,2,1,2,2,1,2,2,5513,gemini,2025,여성,4
3,1,1.0,1.0,2.0,1,1,2,2,1,2,1,5514,gemini,2025,여성,4
4,1,2.0,1.0,1.0,1,1,2,1,1,2,1,5515,gemini,2025,여성,4
2,2,,,,1,1,2,1,1,2,1,5516,gemini,2025,여성,4
2,2,,,,1,1,2,1,1,2,1,5517,gemini,2025,여성,4
3,1,1.0,1.0,2.0,1,1,2,1,1,2,1,5518,gemini,2025,여성,4
2,2,,,,1,1,2,1,1,2,2,5519,gemini,2025,여성,4
3,1,1.0,1.0,2.0,1,1,2,1,1,2,1,5520,gemini,2025,여성,4
3,1,1.0,4.0,2.0,1,1,1,1,1,2,1,5521,gemini,2025,여성,4
3,1,1.0,4.0,2.0,1,1,2,1,1,2,1,5522,gemini,2025,여성,4
3,1,1.0,4.0,2.0,1,1,1,1,1,2,1,5523,gemini,2025,여성,4
2,2,,,,1,1,1,1,1,2,2,5524,gemini,2025,여성,4
3,1,1.0,1.0,2.0,1,1,2,1,1,2,1,5525,gemini,2025,여성,4
3,1,1.0,3.0,2.0,1,1,2,1,1,2,1,5526,gemini,2025,여성,4
3,1,1.0,4.0,2.0,1,1,2,1,1,2,1,5527,gemini,2025,여성,4
3,1,1.0,1.0,2.0,1,1,2,1,1,2,1,5528,gemini,2025,여성,4
2,2,,,,1,1,2,2,1,2,2,5529,gemini,2025,여성,4
3,1,1.0,4.0,2.0,1,1,2,1,1,2,1,5530,gemini,2025,여성,4
2,2,,,,1,1,1,1,1,2,2,5531,gemini,2025,여성,4
3,1,1.0,1.0,2.0,1,1,2,1,1,2,1,5532,gemini,2025,여성,4
3,1,1.0,1.0,2.0,1,1,2,1,1,2,1,5533,gemini,2025,여성,4
3,1,1.0,1.0,2.0,1,1,2,1,1,2,1,5534,gemini,2025,여성,4
3,1,1.0,1.0,2.0,1,1,2,1,1,2,1,5535,gemini,2025,여성,4
3,1,1.0,4.0,2.0,1,1,2,1,1,2,1,5536,gemini,2025,여성,4
3,1,1.0,4.0,2.0,1,1,2,1,1,2,1,5537,gemini,2025,여성,4
3,1,1.0,1.0,2.0,1,1,2,1,1,2,1,5538,gemini,2025,여성,5
3,1,1.0,4.0,2.0,1,1,2,1,1,2,1,5539,gemini,2025,여성,5
2,2,,,,1,1,2,1,1,2,1,5540,gemini,2025,여성,5
3,1,1.0,4.0,2.0,1,1,2,1,1,2,1,5541,gemini,2025,여성,5
2,2,,,,1,1,2,2,1,2,2,5542,gemini,2025,여성,5
3,1,1.0,4.0,2.0,1,1,2,1,1,2,1,5543,gemini,2025,여성,5
3,1,1.0,1.0,2.0,1,1,2,1,1,2,1,5544,gemini,2025,여성,5
2,2,,,,2,1,2,2,1,2,2,5545,gemini,2025,여성,5
2,2,,,,1,1,2,1,1,1,2,5546,gemini,2025,여성,5
3,1,1.0,1.0,2.0,1,1,2,2,1,2,1,5547,gemini,2025,여성,5
2,2,,,,1,1,2,2,1,2,1,5548,gemini,2025,여성,5
2,2,,,,2,1,2,2,1,2,2,5549,gemini,2025,여성,5
3,1,1.0,4.0,2.0,1,1,2,2,1,2,2,5550,gemini,2025,여성,5
3,1,1.0,1.0,2.0,1,1,2,1,1,2,2,5551,gemini,2025,여성,5
2,2,,,,1,1,2,2,1,2,1,5552,gemini,2025,여성,5
2,2,,,,1,1,2,1,1,2,2,5553,gemini,2025,여성,5
2,2,,,,1,1,2,2,1,2,2,5554,gemini,2025,여성,5
3,1,1.0,1.0,2.0,1,1,2,1,1,2,1,5555,gemini,2025,여성,5
2,2,,,,2,1,2,2,1,2,2,5556,gemini,2025,여성,5
3,1,5.0,1.0,2.0,1,1,2,1,1,2,1,5557,gemini,2025,여성,5
2,2,,,,2,1,2,2,1,2,2,5558,gemini,2025,여성,5
2,2,,,,2,1,2,1,1,2,2,5559,gemini,2025,여성,5
3,1,1.0,4.0,2.0,1,1,2,1,1,2,1,5560,gemini,2025,여성,5
4,1,1.0,1.0,1.0,1,1,2,2,1,2,1,5561,gemini,2025,여성,5
2,2,,,,1,1,2,1,1,2,1,5562,gemini,2025,여성,5
2,2,,,,1,1,2,1,1,2,2,5563,gemini,2025,여성,5
2,2,,,,1,1,2,2,1,2,2,5564,gemini,2025,여성,5
4,1,1.0,1.0,1.0,1,1,2,1,1,2,1,5565,gemini,2025,여성,5
2,2,,,,1,1,2,2,1,2,2,5566,gemini,2025,여성,5
2,2,,,,1,1,2,1,1,2,2,5567,gemini,2025,여성,5
2,2,,,,1,1,2,2,1,2,2,5568,gemini,2025,여성,5
2,1,1.0,4.0,2.0,1,1,2,1,1,2,1,5569,gemini,2025,여성,5
3,1,1.0,1.0,2.0,1,1,2,1,1,2,1,5570,gemini,2025,여성,5
2,2,,,,2,1,2,2,1,2,2,5571,gemini,2025,여성,5
2,2,,,,1,1,2,1,1,2,2,5572,gemini,2025,여성,5
2,2,,,,2,1,2,2,1,2,2,5573,gemini,2025,여성,5
2,2,,,,1,1,2,2,1,2,2,5574,gemini,2025,여성,5
2,2,,,,1,1,2,1,1,2,2,5575,gemini,2025,여성,5
2,2,,,,1,1,2,1,1,2,2,5576,gemini,2025,여성,5
3,1,1.0,1.0,2.0,1,1,2,1,1,2,2,5577,gemini,2025,여성,5
2,2,,,,1,1,2,2,1,2,2,5578,gemini,2025,여성,5
3,1,1.0,4.0,2.0,1,1,2,1,1,2,1,5579,gemini,2025,여성,5
2,2,,,,1,1,2,1,1,2,1,5580,gemini,2025,여성,5
3,1,1.0,1.0,2.0,1,1,2,2,1,2,1,5581,gemini,2025,여성,5
2,2,,,,2,1,2,2,1,2,2,5582,gemini,2025,여성,5
2,2,,,,2,1,2,2,1,2,2,5583,gemini,2025,여성,5
2,2,,,,1,1,2,1,1,2,2,5584,gemini,2025,여성,5
2,2,,,,1,1,2,2,1,2,2,5585,gemini,2025,여성,5
3,1,7.0,1.0,1.0,1,1,2,1,1,2,1,5586,gemini,2025,여성,5
2,2,,,,2,1,2,2,1,2,2,5587,gemini,2025,여성,5
3,1,1.0,4.0,2.0,1,1,2,1,1,2,1,5588,gemini,2025,여성,5
4,1,1.0,1.0,1.0,1,1,2,1,1,2,1,5589,gemini,2025,여성,5
2,2,,,,1,1,2,1,1,2,2,5590,gemini,2025,여성,5
2,2,,,,2,1,2,2,1,2,2,5591,gemini,2025,여성,5
2,2,,,,1,1,2,2,1,2,1,5592,gemini,2025,여성,5
2,2,,,,1,1,2,1,1,2,2,5593,gemini,2025,여성,5
3,1,1.0,4.0,2.0,1,1,2,1,1,2,1,5594,gemini,2025,여성,5
2,2,,,,1,1,2,1,1,2,2,5595,gemini,2025,여성,5
2,2,,,,1,1,2,2,1,2,2,5596,gemini,2025,여성,5
2,2,,,,2,1,2,2,1,2,2,5597,gemini,2025,여성,5
3,1,1.0,1.0,2.0,1,1,2,1,1,2,1,5598,gemini,2025,여성,5
3,1,1.0,1.0,2.0,1,1,2,1,1,2,1,5599,gemini,2025,여성,5
2,2,,,,1,1,2,2,1,2,2,5600,gemini,2025,여성,5
2,2,,,,1,1,1,1,1,2,1,5601,gemini,2025,여성,5
2,2,,,,1,1,2,1,1,2,2,5602,gemini,2025,여성,5
2,2,,,,2,1,2,2,1,2,2,5603,gemini,2025,여성,5
3,1,1.0,4.0,2.0,1,1,2,1,1,2,1,5604,gemini,2025,여성,5
2,2,,,,2,1,2,2,1,2,2,5605,gemini,2025,여성,5
2,2,,,,1,1,2,1,1,2,2,5606,gemini,2025,여성,5
3,1,1.0,4.0,2.0,1,1,2,1,1,2,1,5607,gemini,2025,여성,5
2,2,,,,1,1,2,1,1,2,1,5608,gemini,2025,여성,5
2,2,,,,1,1,2,1,1,2,2,5609,gemini,2025,여성,5
2,2,,,,1,1,2,1,1,2,2,5610,gemini,2025,여성,5
2,2,,,,1,1,2,2,1,2,2,5611,gemini,2025,여성,5
2,2,,,,1,1,2,1,1,2,2,5612,gemini,2025,여성,5
2,2,,,,1,1,2,2,1,2,2,5613,gemini,2025,여성,5
2,2,,,,1,1,2,1,1,2,2,5614,gemini,2025,여성,5
2,2,,,,1,1,2,2,1,2,2,5615,gemini,2025,여성,5
2,2,,,,2,1,2,2,1,2,2,5616,gemini,2025,여성,5
3,1,1.0,1.0,2.0,1,1,2,1,1,2,1,5617,gemini,2025,여성,5
2,2,,,,1,1,2,2,1,2,2,5618,gemini,2025,여성,5
2,2,,,,1,1,2,1,1,2,2,5619,gemini,2025,여성,5
2,2,,,,2,1,2,2,1,2,2,5620,gemini,2025,여성,5
3,1,1.0,1.0,2.0,1,1,1,1,1,2,1,5621,gemini,2025,여성,5
2,2,,,,2,1,2,1,1,2,2,5622,gemini,2025,여성,5
2,2,,,,1,1,2,1,1,2,1,5623,gemini,2025,여성,5
2,2,,,,1,1,2,1,1,2,1,5624,gemini,2025,여성,5
2,2,,,,1,1,2,1,1,2,2,5625,gemini,2025,여성,5
2,2,,,,1,1,2,2,1,2,2,5626,gemini,2025,여성,5
2,2,,,,2,1,2,2,1,2,2,5627,gemini,2025,여성,5
2,2,,,,1,1,2,1,1,2,1,5628,gemini,2025,여성,5
2,2,,,,1,1,2,1,1,2,2,5629,gemini,2025,여성,5
2,2,,,,2,1,2,2,1,2,2,5630,gemini,2025,여성,5
2,2,,,,1,1,2,1,1,2,2,5631,gemini,2025,여성,5
2,2,,,,2,1,2,2,1,2,2,5632,gemini,2025,여성,5
2,2,,,,2,1,2,1,1,2,2,5633,gemini,2025,여성,5
2,2,,,,2,1,2,2,1,2,2,5634,gemini,2025,여성,5
3,1,1.0,1.0,2.0,1,1,2,1,1,2,1,5635,gemini,2025,여성,5
3,1,1.0,4.0,2.0,1,1,2,1,1,2,1,5636,gemini,2025,여성,5
2,2,,,,2,1,2,2,1,2,2,5637,gemini,2025,여성,5
2,2,,,,2,1,2,2,1,2,2,5638,gemini,2025,여성,5
2,2,,,,2,1,2,2,1,2,2,5639,gemini,2025,여성,5
2,2,,,,1,1,2,1,1,2,2,5640,gemini,2025,여성,5
2,2,,,,1,1,2,2,1,2,2,5641,gemini,2025,여성,5
2,2,,,,1,1,2,1,1,2,2,5642,gemini,2025,여성,5
2,2,,,,1,1,1,1,1,2,1,5643,gemini,2025,여성,5
2,2,,,,1,1,2,2,1,2,2,5644,gemini,2025,여성,5
3,1,1.0,4.0,2.0,1,1,2,1,1,2,1,5645,gemini,2025,여성,5
3,1,1.0,1.0,2.0,1,1,2,1,1,2,1,5646,gemini,2025,여성,5
2,2,,,,1,1,1,1,1,2,2,5647,gemini,2025,여성,5
2,2,,,,1,1,2,1,1,2,1,5648,gemini,2025,여성,5
2,2,,,,1,1,1,2,1,2,1,5649,gemini,2025,여성,5
2,2,,,,1,1,2,1,1,2,2,5650,gemini,2025,여성,5
3,1,1.0,4.0,2.0,1,1,2,1,1,2,2,5651,gemini,2025,여성,5
2,2,,,,1,1,2,1,1,2,2,5652,gemini,2025,여성,5
3,1,1.0,3.0,2.0,1,1,2,1,1,2,1,5653,gemini,2025,여성,5
2,2,,,,1,1,2,1,1,2,1,5654,gemini,2025,여성,5
3,1,1.0,1.0,2.0,1,1,2,1,1,2,1,5655,gemini,2025,여성,5
2,2,,,,2,1,2,1,1,2,2,5656,gemini,2025,여성,5
2,2,,,,2,1,2,2,1,2,2,5657,gemini,2025,여성,5
3,1,1.0,3.0,2.0,1,1,2,1,1,2,1,5658,gemini,2025,여성,5
2,2,,,,2,1,2,2,1,2,2,5659,gemini,2025,여성,5
3,1,1.0,3.0,2.0,1,1,2,1,1,2,2,5660,gemini,2025,여성,5
2,2,,,,1,1,2,2,1,2,2,5661,gemini,2025,여성,5
2,2,,,,1,1,2,1,1,2,2,5662,gemini,2025,여성,5
2,2,,,,1,1,2,1,1,2,2,5663,gemini,2025,여성,5
2,2,,,,1,1,2,1,1,2,1,5664,gemini,2025,여성,5
2,2,,,,1,1,2,1,1,2,2,5665,gemini,2025,여성,5
3,1,1.0,1.0,2.0,1,1,2,1,1,2,1,5666,gemini,2025,여성,5
3,1,1.0,1.0,2.0,1,1,2,1,1,2,1,5667,gemini,2025,여성,5
2,2,,,,1,1,2,1,1,2,1,5668,gemini,2025,여성,5
2,2,,,,1,1,2,2,1,2,2,5669,gemini,2025,여성,5
3,1,1.0,1.0,2.0,1,1,2,1,1,2,1,5670,gemini,2025,여성,5
2,2,,,,1,1,2,1,1,2,2,5671,gemini,2025,여성,5
2,2,,,,1,1,2,1,1,2,2,5672,gemini,2025,여성,5
2,2,,,,1,1,2,1,1,2,2,5673,gemini,2025,여성,5
2,2,,,,1,1,2,1,1,2,1,5674,gemini,2025,여성,5
3,1,1.0,1.0,2.0,1,1,2,2,1,2,1,5675,gemini,2025,여성,5
2,2,,,,2,1,2,2,1,2,2,5676,gemini,2025,여성,5
2,2,,,,1,1,2,1,1,2,2,5677,gemini,2025,여성,5
3,1,1.0,1.0,2.0,1,1,2,1,1,2,1,5678,gemini,2025,여성,5
3,1,1.0,4.0,2.0,1,1,2,1,1,2,2,5679,gemini,2025,여성,5
2,2,,,,1,1,2,2,1,2,2,5680,gemini,2025,여성,5
2,2,,,,1,1,2,1,1,2,2,5681,gemini,2025,여성,5
3,1,1.0,4.0,2.0,1,1,2,1,1,2,1,5682,gemini,2025,여성,5
2,2,,,,1,1,2,2,1,2,2,5683,gemini,2025,여성,5
2,2,,,,1,1,2,2,1,2,2,5684,gemini,2025,여성,5
2,2,,,,1,1,2,2,1,2,2,5685,gemini,2025,여성,5
2,2,,,,1,1,2,2,1,2,2,5686,gemini,2025,여성,5
2,2,,,,1,1,2,1,1,2,1,5687,gemini,2025,여성,5
2,2,,,,2,1,2,2,1,2,2,5688,gemini,2025,여성,5
3,1,1.0,1.0,2.0,1,1,2,1,1,2,1,5689,gemini,2025,여성,5
2,1,1.0,4.0,2.0,1,1,2,1,1,2,1,5690,gemini,2025,여성,5
2,2,,,,1,1,2,1,1,2,1,5691,gemini,2025,여성,5
2,2,,,,1,1,2,1,1,2,2,5692,gemini,2025,여성,5
2,2,,,,2,1,2,2,1,2,2,5693,gemini,2025,여성,5
2,2,,,,1,1,2,1,1,2,2,5694,gemini,2025,여성,5
3,1,1.0,1.0,2.0,1,1,2,1,1,2,1,5695,gemini,2025,여성,5
2,2,,,,1,1,2,2,1,2,2,5696,gemini,2025,여성,5
2,2,,,,1,1,2,1,1,2,1,5697,gemini,2025,여성,5
3,1,1.0,3.0,2.0,1,1,2,1,1,2,1,5698,gemini,2025,여성,5
2,2,,,,1,1,2,1,1,2,1,5699,gemini,2025,여성,5
3,1,1.0,1.0,2.0,1,1,2,1,1,2,1,5700,gemini,2025,여성,5
2,2,,,,2,1,2,2,1,2,2,5701,gemini,2025,여성,5
3,1,1.0,1.0,2.0,1,1,2,1,1,2,1,5702,gemini,2025,여성,5
3,1,1.0,4.0,2.0,1,1,2,1,1,2,1,5703,gemini,2025,여성,5
2,2,,,,1,1,2,1,1,2,2,5704,gemini,2025,여성,5
2,2,,,,2,1,2,2,1,2,2,5705,gemini,2025,여성,5
2,2,,,,1,1,2,1,1,2,2,5706,gemini,2025,여성,5
3,1,1.0,4.0,2.0,1,1,2,2,1,2,1,5707,gemini,2025,여성,5
2,2,,,,1,1,2,2,1,2,2,5708,gemini,2025,여성,5
3,1,1.0,4.0,2.0,1,1,2,1,1,2,1,5709,gemini,2025,여성,5
3,1,1.0,1.0,2.0,1,1,2,2,1,2,2,5710,gemini,2025,여성,5
3,1,1.0,1.0,2.0,1,1,2,2,1,2,1,5711,gemini,2025,여성,5
3,1,1.0,1.0,2.0,1,1,2,1,1,2,1,5712,gemini,2025,여성,5
2,2,,,,1,1,2,2,1,2,2,5713,gemini,2025,여성,5
3,1,1.0,1.0,2.0,1,1,2,1,1,2,1,5714,gemini,2025,여성,5
3,1,1.0,4.0,2.0,1,1,2,1,1,2,1,5715,gemini,2025,여성,5
2,2,,,,2,1,2,2,1,2,2,5716,gemini,2025,여성,5
3,1,1.0,1.0,2.0,1,1,2,1,1,2,1,5717,gemini,2025,여성,5
2,2,,,,2,1,2,1,1,2,2,5718,gemini,2025,여성,5
2,2,,,,1,1,2,1,1,2,2,5719,gemini,2025,여성,5
2,2,,,,1,1,2,1,1,2,2,5720,gemini,2025,여성,5
2,2,,,,1,1,2,1,1,2,1,5721,gemini,2025,여성,5
2,2,,,,1,1,2,2,1,2,2,5722,gemini,2025,여성,5
2,2,,,,1,1,2,1,1,2,2,5723,gemini,2025,여성,5
2,2,,,,1,1,2,2,1,2,2,5724,gemini,2025,여성,5
2,2,,,,1,1,2,2,1,2,2,5725,gemini,2025,여성,5
2,2,,,,2,1,2,2,1,2,2,5726,gemini,2025,여성,5
2,2,,,,2,1,2,2,1,2,2,5727,gemini,2025,여성,5
3,1,1.0,4.0,2.0,1,1,1,1,1,2,1,5728,gemini,2025,여성,5
2,2,,,,2,1,2,2,1,2,2,5729,gemini,2025,여성,5
2,2,,,,1,1,2,1,1,2,2,5730,gemini,2025,여성,5
2,2,,,,1,1,2,2,1,2,2,5731,gemini,2025,여성,5
3,1,1.0,1.0,2.0,1,1,2,2,1,2,2,5732,gemini,2025,여성,5
2,2,,,,1,1,2,1,1,2,2,5733,gemini,2025,여성,5
2,2,,,,2,1,2,2,1,2,2,5734,gemini,2025,여성,5
2,2,,,,1,1,2,2,1,2,2,5735,gemini,2025,여성,5
3,1,1.0,4.0,2.0,1,1,2,1,1,2,1,5736,gemini,2025,여성,5
2,2,,,,1,1,2,2,1,2,2,5737,gemini,2025,여성,5
2,2,,,,1,1,2,2,1,2,2,5738,gemini,2025,여성,5
2,2,,,,1,1,2,2,1,2,2,5739,gemini,2025,여성,5
2,2,,,,2,1,2,2,1,2,2,5740,gemini,2025,여성,5
2,2,,,,1,1,2,1,1,2,2,5741,gemini,2025,여성,5
2,2,,,,1,1,2,2,1,2,2,5742,gemini,2025,여성,5
3,1,1.0,1.0,2.0,1,1,2,1,1,2,1,5743,gemini,2025,여성,5
2,2,,,,1,1,2,2,1,2,2,5744,gemini,2025,여성,5
2,2,,,,2,1,2,2,1,2,2,5745,gemini,2025,여성,5
2,2,,,,1,1,2,1,1,2,2,5746,gemini,2025,여성,5
2,2,,,,1,1,2,1,1,2,2,5747,gemini,2025,여성,5
2,2,,,,2,1,2,2,1,2,2,5748,gemini,2025,여성,5
3,1,1.0,1.0,2.0,1,1,2,1,1,2,1,5749,gemini,2025,여성,5
2,2,,,,1,1,2,2,1,2,2,5750,gemini,2025,여성,5
3,1,1.0,4.0,2.0,1,1,2,1,1,2,2,5751,gemini,2025,여성,5
2,2,,,,1,1,2,1,1,2,1,5752,gemini,2025,여성,5
2,2,,,,2,1,2,2,1,2,2,5753,gemini,2025,여성,5
3,1,1.0,4.0,2.0,1,1,2,1,1,2,1,5754,gemini,2025,여성,5
3,1,1.0,1.0,2.0,1,1,2,1,1,2,1,5755,gemini,2025,여성,5
3,1,1.0,1.0,2.0,1,1,1,2,1,2,1,5756,gemini,2025,여성,5
2,2,,,,1,1,2,2,1,2,2,5757,gemini,2025,여성,5
2,2,,,,1,1,2,1,1,2,2,5758,gemini,2025,여성,5
4,1,1.0,1.0,1.0,1,1,1,1,1,2,1,5759,gemini,2025,여성,5
3,1,1.0,4.0,2.0,1,1,2,1,1,2,1,5760,gemini,2025,여성,5
2,2,,,,2,1,2,2,1,2,2,5761,gemini,2025,여성,5
3,1,1.0,1.0,2.0,1,1,2,1,1,2,1,5762,gemini,2025,여성,5
2,2,,,,2,1,2,2,1,2,2,5763,gemini,2025,여성,5
2,2,,,,1,1,1,1,1,2,2,5764,gemini,2025,여성,5
2,2,,,,2,1,2,2,1,2,2,5765,gemini,2025,여성,5
2,2,,,,1,1,2,1,1,2,2,5766,gemini,2025,여성,5
2,2,,,,2,1,2,2,1,2,2,5767,gemini,2025,여성,5
2,1,1.0,4.0,2.0,1,1,2,1,1,2,1,5768,gemini,2025,여성,5
2,2,,,,1,1,2,2,1,2,2,5769,gemini,2025,여성,5
4,1,1.0,1.0,1.0,1,1,2,1,1,2,1,5770,gemini,2025,여성,5
4,1,1.0,1.0,2.0,1,1,2,1,1,2,1,5771,gemini,2025,여성,5
3,1,1.0,1.0,2.0,1,1,1,1,1,2,1,5772,gemini,2025,여성,5
3,1,1.0,3.0,2.0,1,1,2,1,1,2,1,5773,gemini,2025,여성,5
2,2,,,,1,1,2,2,1,2,2,5774,gemini,2025,여성,5
2,2,,,,1,1,2,1,1,2,2,5775,gemini,2025,여성,5
2,2,,,,1,1,2,1,1,2,2,5776,gemini,2025,여성,5
2,2,,,,1,1,2,2,1,2,2,5777,gemini,2025,여성,5
4,1,1.0,1.0,1.0,1,1,2,1,1,2,1,5778,gemini,2025,여성,5
2,2,,,,1,1,2,1,1,2,2,5779,gemini,2025,여성,5
2,2,,,,1,1,2,2,1,2,2,5780,gemini,2025,여성,5
2,2,,,,1,1,2,1,1,2,2,5781,gemini,2025,여성,5
3,1,1.0,1.0,1.0,1,1,2,1,1,2,1,5782,gemini,2025,여성,5
3,1,1.0,4.0,2.0,1,1,2,1,1,2,1,5783,gemini,2025,여성,5
3,1,1.0,1.0,2.0,1,1,1,1,1,2,1,5784,gemini,2025,여성,5
2,2,,,,1,1,2,2,1,2,1,5785,gemini,2025,여성,5
2,2,,,,1,1,2,2,1,2,2,5786,gemini,2025,여성,5
2,2,,,,1,1,2,1,1,2,2,5787,gemini,2025,여성,5
2,2,,,,1,1,2,1,1,2,2,5788,gemini,2025,여성,5
2,2,,,,1,1,2,2,1,2,2,5789,gemini,2025,여성,5
2,2,,,,1,1,2,2,1,2,2,5790,gemini,2025,여성,5
3,1,1.0,1.0,2.0,1,1,2,1,1,2,1,5791,gemini,2025,여성,5
3,1,1.0,1.0,1.0,1,1,2,1,1,2,1,5792,gemini,2025,여성,5
2,2,,,,2,1,2,2,1,2,2,5793,gemini,2025,여성,5
3,1,1.0,4.0,2.0,1,1,2,2,1,2,1,5794,gemini,2025,여성,5
2,2,,,,1,1,2,2,1,2,2,5795,gemini,2025,여성,5
2,2,,,,1,1,2,2,1,2,2,5796,gemini,2025,여성,5
2,2,,,,1,1,2,1,1,2,2,5797,gemini,2025,여성,5
3,1,1.0,1.0,1.0,1,1,2,1,1,2,1,5798,gemini,2025,여성,5
2,2,,,,2,1,2,2,1,2,2,5799,gemini,2025,여성,5
2,2,,,,2,1,2,2,1,2,2,5800,gemini,2025,여성,5
2,2,,,,2,1,2,2,1,2,2,5801,gemini,2025,여성,5
2,2,,,,1,1,2,1,1,2,1,5802,gemini,2025,여성,5
2,2,,,,1,1,2,2,1,2,2,5803,gemini,2025,여성,5
2,2,,,,1,1,2,2,1,2,2,5804,gemini,2025,여성,5
2,2,,,,2,1,2,1,1,2,2,5805,gemini,2025,여성,5
2,2,,,,1,1,2,1,1,2,2,5806,gemini,2025,여성,5
2,2,,,,1,1,2,2,1,2,2,5807,gemini,2025,여성,5
3,1,1.0,4.0,2.0,1,1,2,1,1,2,1,5808,gemini,2025,여성,5
3,1,1.0,1.0,2.0,1,1,2,1,1,2,1,5809,gemini,2025,여성,5
2,2,,,,1,1,2,2,1,2,2,5810,gemini,2025,여성,5
2,2,,,,2,1,2,2,1,2,2,5811,gemini,2025,여성,5
2,2,,,,2,1,2,1,1,2,2,5812,gemini,2025,여성,5
2,2,,,,1,1,2,2,1,2,2,5813,gemini,2025,여성,5
2,2,,,,1,1,2,1,1,2,2,5814,gemini,2025,여성,5
3,1,1.0,1.0,2.0,1,1,2,1,1,2,1,5815,gemini,2025,여성,5
2,2,,,,2,1,2,1,1,2,2,5816,gemini,2025,여성,5
3,1,1.0,4.0,2.0,1,1,2,1,1,2,1,5817,gemini,2025,여성,5
2,2,,,,1,1,2,2,1,2,1,5818,gemini,2025,여성,5
3,1,1.0,1.0,2.0,1,1,2,1,1,2,1,5819,gemini,2025,여성,5
2,2,,,,1,1,2,1,1,2,1,5820,gemini,2025,여성,5
2,2,,,,2,1,2,2,1,2,2,5821,gemini,2025,여성,5
2,2,,,,1,1,2,1,1,2,2,5822,gemini,2025,여성,5
3,1,1.0,4.0,2.0,1,1,2,2,1,2,1,5823,gemini,2025,여성,5
2,2,,,,1,1,2,2,1,2,2,5824,gemini,2025,여성,5
2,2,,,,1,1,2,1,1,2,1,5825,gemini,2025,여성,5
3,1,1.0,1.0,2.0,1,1,2,1,1,2,1,5826,gemini,2025,여성,5
4,1,1.0,1.0,2.0,1,1,2,2,1,2,1,5827,gemini,2025,여성,5
2,2,,,,2,1,2,2,1,2,2,5828,gemini,2025,여성,5
2,2,,,,1,1,2,2,1,2,2,5829,gemini,2025,여성,5
2,2,,,,2,1,2,2,1,2,2,5830,gemini,2025,여성,5
2,2,,,,1,1,2,2,1,2,2,5831,gemini,2025,여성,5
2,2,,,,1,1,2,2,1,2,2,5832,gemini,2025,여성,5
3,1,1.0,1.0,2.0,1,1,2,1,1,2,1,5833,gemini,2025,여성,5
3,1,1.0,1.0,2.0,1,1,2,1,1,2,1,5834,gemini,2025,여성,5
2,2,,,,1,1,2,2,1,2,2,5835,gemini,2025,여성,5
2,2,,,,2,1,2,2,1,2,2,5836,gemini,2025,여성,5
2,2,,,,1,1,2,1,1,2,1,5837,gemini,2025,여성,5
2,2,,,,1,1,2,2,1,2,2,5838,gemini,2025,여성,5
2,2,,,,1,1,2,2,1,2,2,5839,gemini,2025,여성,5
3,1,1.0,4.0,2.0,1,1,2,1,1,2,1,5840,gemini,2025,여성,5
3,1,1.0,1.0,2.0,1,1,2,2,1,2,2,5841,gemini,2025,여성,5
2,2,,,,1,1,2,1,1,2,2,5842,gemini,2025,여성,5
2,2,,,,1,1,2,1,1,2,1,5843,gemini,2025,여성,5
4,1,1.0,1.0,1.0,1,1,2,2,1,2,1,5844,gemini,2025,여성,5
2,2,,,,1,1,2,2,1,2,2,5845,gemini,2025,여성,5
3,1,1.0,4.0,2.0,1,1,2,1,1,2,1,5846,gemini,2025,여성,5
3,1,1.0,4.0,2.0,1,1,2,2,1,2,1,5847,gemini,2025,여성,5
2,2,,,,2,1,2,2,1,2,2,5848,gemini,2025,여성,5
2,2,,,,1,1,2,2,1,2,2,5849,gemini,2025,여성,5
2,1,1.0,4.0,2.0,1,1,2,1,1,2,1,5850,gemini,2025,여성,5
2,2,,,,2,1,2,2,1,2,2,5851,gemini,2025,여성,5
3,1,1.0,1.0,1.0,1,1,2,1,1,2,1,5852,gemini,2025,여성,5
2,2,,,,2,1,2,2,1,2,2,5853,gemini,2025,여성,5
2,2,,,,1,1,2,2,1,2,2,5854,gemini,2025,여성,5
2,2,,,,1,1,2,1,1,2,2,5855,gemini,2025,여성,5
2,2,,,,2,1,2,2,1,2,2,5856,gemini,2025,여성,5
4,1,1.0,1.0,1.0,1,1,2,2,1,2,1,5857,gemini,2025,여성,5
2,2,,,,1,1,2,1,1,2,2,5858,gemini,2025,여성,5
2,2,,,,2,1,2,2,1,2,2,5859,gemini,2025,여성,5
2,2,,,,1,1,2,2,1,2,2,5860,gemini,2025,여성,5
2,2,,,,1,1,2,1,1,2,2,5861,gemini,2025,여성,5
2,2,,,,1,1,2,1,1,2,1,5862,gemini,2025,여성,5
3,1,1.0,1.0,2.0,1,1,2,1,1,2,1,5863,gemini,2025,여성,5
3,1,1.0,4.0,2.0,1,1,2,2,1,2,2,5864,gemini,2025,여성,5
2,2,,,,1,1,2,2,1,2,2,5865,gemini,2025,여성,5
2,2,,,,1,1,1,1,1,2,1,5866,gemini,2025,여성,5
2,2,,,,1,1,2,1,1,2,2,5867,gemini,2025,여성,5
2,2,,,,2,1,2,2,1,2,2,5868,gemini,2025,여성,5
3,1,1.0,1.0,2.0,1,1,2,1,1,2,1,5869,gemini,2025,여성,5
2,2,,,,1,1,2,2,1,2,2,5870,gemini,2025,여성,5
3,1,1.0,3.0,2.0,1,1,2,1,1,2,1,5871,gemini,2025,여성,5
2,2,,,,1,1,2,1,1,2,2,5872,gemini,2025,여성,5
2,2,,,,1,1,2,2,1,2,2,5873,gemini,2025,여성,5
2,2,,,,1,1,2,2,1,2,2,5874,gemini,2025,여성,5
2,2,,,,1,1,2,2,1,2,2,5875,gemini,2025,여성,5
3,1,1.0,1.0,2.0,1,1,2,1,1,2,1,5876,gemini,2025,여성,5
2,2,,,,1,1,2,1,1,2,2,5877,gemini,2025,여성,5
2,2,,,,1,1,2,2,1,2,2,5878,gemini,2025,여성,5
3,1,1.0,1.0,2.0,1,1,1,1,1,2,1,5879,gemini,2025,여성,5
3,1,1.0,1.0,2.0,1,1,2,1,1,2,1,5880,gemini,2025,여성,5
2,2,,,,1,1,2,2,1,2,2,5881,gemini,2025,여성,5
3,1,1.0,1.0,2.0,1,1,2,1,1,2,1,5882,gemini,2025,여성,5
2,2,,,,2,1,2,2,1,2,2,5883,gemini,2025,여성,5
2,2,,,,2,1,2,2,1,2,2,5884,gemini,2025,여성,5
3,1,1.0,1.0,2.0,1,1,2,1,1,2,1,5885,gemini,2025,여성,5
3,1,1.0,4.0,2.0,1,1,1,1,1,2,1,5886,gemini,2025,여성,5
2,2,,,,1,1,2,2,1,2,1,5887,gemini,2025,여성,5
3,1,1.0,1.0,2.0,1,1,2,2,1,2,2,5888,gemini,2025,여성,5
3,1,1.0,4.0,2.0,1,1,2,1,1,2,1,5889,gemini,2025,여성,5
2,2,,,,1,1,2,2,1,2,2,5890,gemini,2025,여성,5
2,2,,,,1,1,1,1,1,2,2,5891,gemini,2025,여성,5
2,2,,,,1,1,2,2,1,2,2,5892,gemini,2025,여성,5
2,2,,,,1,1,2,1,1,2,2,5893,gemini,2025,여성,5
2,2,,,,1,1,2,2,1,2,1,5894,gemini,2025,여성,5
2,2,,,,1,1,2,2,1,2,2,5895,gemini,2025,여성,5
2,2,,,,1,1,2,2,1,2,2,5896,gemini,2025,여성,5
2,2,,,,1,1,2,2,1,2,2,5897,gemini,2025,여성,5
2,2,,,,1,1,2,1,1,2,1,5898,gemini,2025,여성,5
2,2,,,,1,1,2,1,1,2,1,5899,gemini,2025,여성,5
3,1,1.0,1.0,2.0,1,1,2,1,1,2,1,5900,gemini,2025,여성,5
2,2,,,,1,1,2,1,1,2,2,5901,gemini,2025,여성,5
2,2,,,,2,1,2,2,1,2,2,5902,gemini,2025,여성,5
2,2,,,,1,1,2,2,1,2,2,5903,gemini,2025,여성,5
2,2,,,,1,1,2,1,1,2,1,5904,gemini,2025,여성,5
3,1,4.0,4.0,2.0,1,1,2,1,1,2,1,5905,gemini,2025,여성,5
2,2,,,,1,1,2,2,1,2,2,5906,gemini,2025,여성,5
2,2,,,,2,1,2,2,1,2,2,5907,gemini,2025,여성,5
3,1,1.0,1.0,2.0,1,1,2,2,1,2,1,5908,gemini,2025,여성,5
2,2,,,,2,1,2,2,1,2,2,5909,gemini,2025,여성,5
2,2,,,,1,1,2,1,1,2,2,5910,gemini,2025,여성,5
2,2,,,,1,1,2,1,1,2,2,5911,gemini,2025,여성,5
2,2,,,,1,1,2,1,1,2,2,5912,gemini,2025,여성,5
2,2,,,,1,1,2,1,1,2,1,5913,gemini,2025,여성,5
2,2,,,,2,1,2,2,1,2,2,5914,gemini,2025,여성,5
3,1,1.0,1.0,2.0,1,1,2,1,1,2,1,5915,gemini,2025,여성,5
2,2,,,,1,1,1,1,1,2,2,5916,gemini,2025,여성,5
2,2,,,,1,1,2,1,1,2,2,5917,gemini,2025,여성,5
2,2,,,,2,1,2,2,1,2,2,5918,gemini,2025,여성,5
2,2,,,,1,1,2,1,1,2,2,5919,gemini,2025,여성,5
2,2,,,,1,1,2,1,1,2,2,5920,gemini,2025,여성,5
3,1,1.0,4.0,2.0,1,1,2,2,1,2,1,5921,gemini,2025,여성,5
3,1,1.0,4.0,2.0,1,1,2,1,1,2,1,5922,gemini,2025,여성,5
2,2,,,,1,1,2,1,1,2,2,5923,gemini,2025,여성,5
3,1,1.0,4.0,2.0,1,1,2,2,1,2,2,5924,gemini,2025,여성,5
2,2,,,,1,1,2,2,1,2,2,5925,gemini,2025,여성,5
2,2,,,,1,1,2,1,1,2,2,5926,gemini,2025,여성,5
2,2,,,,1,1,2,1,1,2,2,5927,gemini,2025,여성,5
3,1,1.0,4.0,2.0,1,1,2,1,1,2,1,5928,gemini,2025,여성,5
3,1,1.0,1.0,2.0,1,1,2,2,1,2,2,5929,gemini,2025,여성,5
2,2,,,,1,1,2,1,1,2,2,5930,gemini,2025,여성,5
3,1,1.0,4.0,2.0,1,1,2,1,1,2,1,5931,gemini,2025,여성,5
2,2,,,,1,1,2,1,1,2,2,5932,gemini,2025,여성,5
2,2,,,,1,1,2,2,1,2,2,5933,gemini,2025,여성,5
2,2,,,,1,1,2,2,1,2,2,5934,gemini,2025,여성,5
2,2,,,,1,1,2,2,1,2,2,5935,gemini,2025,여성,5
2,2,,,,1,1,2,2,1,2,2,5936,gemini,2025,여성,5
2,2,,,,2,1,2,2,1,2,2,5937,gemini,2025,여성,5
3,1,1.0,1.0,2.0,1,1,2,1,1,2,1,5938,gemini,2025,여성,5
2,2,,,,2,1,2,2,1,2,2,5939,gemini,2025,여성,5
3,1,1.0,1.0,2.0,1,1,2,1,1,2,1,5940,gemini,2025,여성,5
2,2,,,,1,1,2,1,1,2,2,5941,gemini,2025,여성,5
3,1,1.0,4.0,2.0,1,1,2,1,1,2,1,5942,gemini,2025,여성,5
3,1,1.0,1.0,2.0,1,1,2,2,1,2,2,5943,gemini,2025,여성,5
3,1,1.0,1.0,2.0,1,1,2,1,1,2,1,5944,gemini,2025,여성,5
3,1,1.0,1.0,2.0,1,1,2,2,1,2,2,5945,gemini,2025,여성,5
2,2,,,,2,1,2,2,1,2,2,5946,gemini,2025,여성,5
2,2,,,,1,1,2,1,1,2,1,5947,gemini,2025,여성,5
2,2,,,,1,1,2,2,1,2,1,5948,gemini,2025,여성,5
2,2,,,,1,1,2,2,1,2,2,5949,gemini,2025,여성,5
2,2,,,,1,1,2,1,1,2,1,5950,gemini,2025,여성,5
2,2,,,,1,1,2,1,1,2,1,5951,gemini,2025,여성,5
2,2,,,,1,1,2,1,1,2,2,5952,gemini,2025,여성,5
3,1,1.0,4.0,2.0,2,1,2,2,1,2,2,5953,gemini,2025,여성,5
4,1,1.0,1.0,1.0,1,1,1,1,1,2,1,5954,gemini,2025,여성,5
2,2,,,,1,1,2,1,1,2,2,5955,gemini,2025,여성,5
2,2,,,,1,1,2,1,1,2,1,5956,gemini,2025,여성,5
2,2,,,,1,1,2,1,1,2,2,5957,gemini,2025,여성,5
2,2,,,,1,1,2,2,1,2,2,5958,gemini,2025,여성,5
2,2,,,,2,1,2,2,1,2,2,5959,gemini,2025,여성,5
2,2,,,,2,1,2,2,1,2,2,5960,gemini,2025,여성,5
2,2,,,,1,1,2,2,1,2,2,5961,gemini,2025,여성,5
2,2,,,,2,1,2,2,1,2,2,5962,gemini,2025,여성,5
2,2,,,,1,1,2,1,1,2,2,5963,gemini,2025,여성,5
2,2,,,,1,1,2,2,1,2,2,5964,gemini,2025,여성,5
2,2,,,,2,1,2,2,1,2,2,5965,gemini,2025,여성,5
2,2,,,,1,1,2,2,1,2,2,5966,gemini,2025,여성,5
3,1,7.0,3.0,1.0,1,1,2,1,1,2,1,5967,gemini,2025,여성,5
2,2,,,,1,1,2,1,1,2,2,5968,gemini,2025,여성,5
3,1,1.0,4.0,2.0,1,1,2,1,1,2,2,5969,gemini,2025,여성,5
2,2,,,,1,1,2,1,1,2,2,5970,gemini,2025,여성,5
3,1,1.0,4.0,2.0,1,1,2,1,1,2,1,5971,gemini,2025,여성,5
2,2,,,,1,1,2,1,1,2,2,5972,gemini,2025,여성,5
3,1,1.0,1.0,2.0,1,1,2,1,1,2,1,5973,gemini,2025,여성,5
2,2,,,,2,1,2,2,1,2,2,5974,gemini,2025,여성,5
2,2,,,,1,1,2,2,1,2,2,5975,gemini,2025,여성,5
3,1,1.0,4.0,2.0,1,1,2,1,1,2,1,5976,gemini,2025,여성,5
2,2,,,,1,1,2,2,1,2,2,5977,gemini,2025,여성,5
2,2,,,,1,1,2,2,1,2,2,5978,gemini,2025,여성,5
2,2,,,,2,1,2,2,1,2,2,5979,gemini,2025,여성,5
2,2,,,,1,1,2,2,1,2,2,5980,gemini,2025,여성,5
3,1,1.0,4.0,2.0,1,1,2,1,1,2,1,5981,gemini,2025,여성,5
2,2,,,,2,1,2,2,1,2,2,5982,gemini,2025,여성,5
3,1,1.0,4.0,2.0,1,1,2,1,1,2,2,5983,gemini,2025,여성,5
2,2,,,,1,1,2,2,1,2,2,5984,gemini,2025,여성,5
2,2,,,,1,1,2,2,1,2,2,5985,gemini,2025,여성,5
3,1,1.0,1.0,2.0,1,1,2,2,1,2,2,5986,gemini,2025,여성,5
3,1,1.0,1.0,2.0,1,1,2,2,1,2,1,5987,gemini,2025,여성,5
2,2,,,,1,1,2,2,1,2,2,5988,gemini,2025,여성,5
2,2,,,,1,1,2,2,1,2,2,5989,gemini,2025,여성,5
2,2,,,,1,1,2,1,1,2,2,5990,gemini,2025,여성,5
2,2,,,,2,1,2,2,1,2,2,5991,gemini,2025,여성,5
3,1,1.0,1.0,2.0,1,1,2,1,1,2,1,5992,gemini,2025,여성,5
3,1,1.0,4.0,2.0,1,1,2,1,1,2,1,5993,gemini,2025,여성,5
2,2,,,,1,1,2,1,1,2,2,5994,gemini,2025,여성,5
2,2,,,,1,1,2,2,1,2,2,5995,gemini,2025,여성,5
2,2,,,,1,1,2,1,1,2,2,5996,gemini,2025,여성,5
3,1,1.0,4.0,2.0,1,1,2,2,1,2,2,5997,gemini,2025,여성,5
3,1,1.0,1.0,2.0,1,1,2,1,1,2,1,5998,gemini,2025,여성,5
3,1,1.0,1.0,2.0,1,1,2,1,1,2,1,5999,gemini,2025,여성,5
3,1,1.0,1.0,2.0,1,1,2,1,1,2,1,6000,gemini,2025,여성,5
2,2,,,,1,1,2,1,1,2,2,6001,gemini,2025,여성,5
3,1,1.0,1.0,2.0,1,1,2,1,1,2,1,6002,gemini,2025,여성,5
2,2,,,,2,1,2,2,1,2,2,6003,gemini,2025,여성,5
2,2,,,,1,1,2,1,1,2,1,6004,gemini,2025,여성,5
2,2,,,,1,1,2,2,1,2,1,6005,gemini,2025,여성,5
2,2,,,,1,1,2,2,1,2,2,6006,gemini,2025,여성,5
2,2,,,,1,1,2,2,1,2,2,6007,gemini,2025,여성,5
3,1,1.0,1.0,2.0,1,1,2,1,1,2,1,6008,gemini,2025,여성,5
3,1,1.0,1.0,2.0,1,1,2,1,1,2,1,6009,gemini,2025,여성,5
3,1,1.0,1.0,2.0,1,1,2,1,1,2,1,6010,gemini,2025,여성,5
2,2,,,,1,1,2,1,1,2,2,6011,gemini,2025,여성,5
3,1,1.0,1.0,2.0,1,1,2,1,1,2,1,6012,gemini,2025,여성,5
2,2,,,,1,1,2,2,1,2,2,6013,gemini,2025,여성,5
2,2,,,,2,1,2,1,1,2,2,6014,gemini,2025,여성,5
3,1,1.0,1.0,2.0,1,1,2,2,1,2,1,6015,gemini,2025,여성,5
3,1,1.0,4.0,2.0,1,1,2,1,1,2,1,6016,gemini,2025,여성,5
3,1,1.0,1.0,2.0,1,1,2,1,1,2,1,6017,gemini,2025,여성,5
3,1,1.0,1.0,2.0,1,1,2,1,1,2,1,6018,gemini,2025,여성,5
3,1,1.0,1.0,2.0,1,1,2,1,1,2,1,6019,gemini,2025,여성,5
2,2,,,,2,1,2,2,1,2,2,6020,gemini,2025,여성,5
3,1,1.0,1.0,2.0,1,1,2,1,1,2,2,6021,gemini,2025,여성,5
2,2,,,,1,1,2,1,1,2,1,6022,gemini,2025,여성,5
2,2,,,,2,1,2,2,1,2,2,6023,gemini,2025,여성,5
2,2,,,,1,1,2,2,1,2,2,6024,gemini,2025,여성,5
2,2,,,,2,1,2,2,1,2,2,6025,gemini,2025,여성,5
2,2,,,,1,1,2,1,1,2,1,6026,gemini,2025,여성,5
2,2,,,,1,1,2,2,1,2,2,6027,gemini,2025,여성,5
3,1,1.0,4.0,2.0,1,1,2,1,1,2,1,6028,gemini,2025,여성,5
2,2,,,,1,1,2,1,1,2,2,6029,gemini,2025,여성,5
2,2,,,,1,1,2,2,1,2,1,6030,gemini,2025,여성,5
3,1,1.0,1.0,2.0,1,1,2,2,1,2,2,6031,gemini,2025,여성,5
2,2,,,,2,1,2,2,1,2,2,6032,gemini,2025,여성,5
2,2,,,,1,1,2,2,1,2,2,6033,gemini,2025,여성,5
2,2,,,,2,1,2,2,1,2,2,6034,gemini,2025,여성,5
2,2,,,,1,1,2,2,1,2,2,6035,gemini,2025,여성,5
2,2,,,,2,1,2,2,1,2,2,6036,gemini,2025,여성,5
2,2,,,,1,1,2,1,1,2,2,6037,gemini,2025,여성,5
2,2,,,,1,1,2,1,1,2,1,6038,gemini,2025,여성,5
2,1,1.0,4.0,2.0,1,1,2,1,1,2,1,6039,gemini,2025,여성,5
2,2,,,,1,1,2,1,1,2,1,6040,gemini,2025,여성,5
2,2,,,,1,1,2,2,1,2,2,6041,gemini,2025,여성,5
2,2,,,,1,1,2,2,1,2,1,6042,gemini,2025,여성,5
3,1,1.0,1.0,2.0,1,1,2,2,1,2,1,6043,gemini,2025,여성,5
3,1,1.0,4.0,2.0,1,1,2,1,1,2,1,6044,gemini,2025,여성,5
2,2,,,,2,1,2,2,1,2,2,6045,gemini,2025,여성,5
2,2,,,,1,1,2,1,1,2,1,6046,gemini,2025,여성,5
2,2,,,,1,1,2,1,1,2,1,6047,gemini,2025,여성,5
3,1,1.0,1.0,2.0,1,1,2,1,1,2,1,6048,gemini,2025,여성,5
2,2,,,,1,1,2,2,1,2,2,6049,gemini,2025,여성,5
2,2,,,,1,1,2,1,1,2,2,6050,gemini,2025,여성,5
3,1,1.0,1.0,2.0,1,1,2,1,1,2,1,6051,gemini,2025,여성,5
3,1,1.0,1.0,2.0,1,1,2,1,1,2,1,6052,gemini,2025,여성,5
3,1,1.0,4.0,2.0,1,1,2,2,1,2,1,6053,gemini,2025,여성,5
3,1,1.0,1.0,1.0,1,1,2,1,1,2,1,6054,gemini,2025,여성,5
3,1,7.0,1.0,1.0,1,1,2,1,1,2,1,6055,gemini,2025,여성,5
2,2,,,,1,1,2,1,1,2,2,6056,gemini,2025,여성,5
2,2,,,,2,1,2,1,1,2,2,6057,gemini,2025,여성,5
3,1,1.0,1.0,2.0,1,1,2,2,1,2,1,6058,gemini,2025,여성,5
3,1,1.0,1.0,2.0,1,1,2,1,1,2,1,6059,gemini,2025,여성,5
2,2,,,,1,1,2,1,1,2,2,6060,gemini,2025,여성,5
3,1,1.0,1.0,2.0,1,1,2,1,1,2,1,6061,gemini,2025,여성,5
2,2,,,,2,1,2,2,1,2,2,6062,gemini,2025,여성,5
3,1,1.0,1.0,2.0,1,1,2,1,1,2,1,6063,gemini,2025,여성,5
2,2,,,,1,1,2,1,1,2,2,6064,gemini,2025,여성,5
2,2,,,,1,1,2,1,1,2,1,6065,gemini,2025,여성,5
2,2,,,,1,1,2,1,1,2,2,6066,gemini,2025,여성,5
2,2,,,,2,1,2,2,1,2,2,6067,gemini,2025,여성,5
3,1,1.0,1.0,2.0,1,1,2,1,1,2,1,6068,gemini,2025,여성,5
2,2,,,,2,1,2,2,1,2,2,6069,gemini,2025,여성,5
2,2,,,,1,1,2,2,1,2,1,6070,gemini,2025,여성,5
2,2,,,,2,1,2,2,1,2,2,6071,gemini,2025,여성,5
2,2,,,,1,1,2,1,1,2,2,6072,gemini,2025,여성,5
2,2,,,,2,1,2,2,1,2,1,6073,gemini,2025,여성,5
3,1,1.0,1.0,2.0,1,1,2,1,1,2,1,6074,gemini,2025,여성,5
2,2,,,,1,1,2,2,1,2,2,6075,gemini,2025,여성,5
2,2,,,,2,1,2,2,1,2,2,6076,gemini,2025,여성,5
2,2,,,,2,1,2,2,1,2,2,6077,gemini,2025,여성,5
2,2,,,,1,1,2,2,1,2,2,6078,gemini,2025,여성,5
2,2,,,,2,1,2,2,1,2,2,6079,gemini,2025,여성,5
2,2,,,,2,1,2,2,1,2,2,6080,gemini,2025,여성,5
2,2,,,,1,1,2,1,1,2,2,6081,gemini,2025,여성,5
2,2,,,,1,1,2,2,1,2,1,6082,gemini,2025,여성,5
3,1,7.0,3.0,2.0,1,1,2,1,1,2,1,6083,gemini,2025,여성,5
3,1,1.0,1.0,2.0,1,1,2,1,1,2,1,6084,gemini,2025,여성,5
4,1,1.0,1.0,1.0,1,1,2,1,1,2,1,6085,gemini,2025,여성,5
2,2,,,,1,1,2,1,1,2,2,6086,gemini,2025,여성,5
2,2,,,,1,1,2,2,1,2,2,6087,gemini,2025,여성,5
3,1,1.0,1.0,2.0,1,1,2,1,1,2,1,6088,gemini,2025,여성,5
3,1,1.0,4.0,2.0,1,1,2,1,1,2,2,6089,gemini,2025,여성,5
3,1,1.0,4.0,2.0,1,1,2,2,1,2,1,6090,gemini,2025,여성,5
2,2,,,,1,1,2,1,1,2,1,6091,gemini,2025,여성,5
2,2,,,,2,1,2,2,1,2,2,6092,gemini,2025,여성,5
2,2,,,,1,1,2,1,1,2,2,6093,gemini,2025,여성,5
3,1,1.0,1.0,2.0,1,1,2,1,1,2,1,6094,gemini,2025,여성,5
2,2,,,,2,1,2,2,1,2,2,6095,gemini,2025,여성,5
2,2,,,,1,1,2,2,1,2,2,6096,gemini,2025,여성,5
3,1,1.0,4.0,2.0,1,1,2,1,1,2,2,6097,gemini,2025,여성,5
3,1,1.0,4.0,2.0,1,1,2,1,1,2,1,6098,gemini,2025,여성,5
2,2,,,,2,1,2,2,1,2,2,6099,gemini,2025,여성,5
2,2,,,,1,1,2,1,1,2,2,6100,gemini,2025,여성,5
2,2,,,,1,1,2,2,1,2,2,6101,gemini,2025,여성,5
2,2,,,,1,1,2,2,1,2,2,6102,gemini,2025,여성,5
2,2,,,,2,1,2,2,1,2,2,6103,gemini,2025,여성,5
2,2,,,,1,1,2,2,1,2,2,6104,gemini,2025,여성,5
3,1,1.0,1.0,2.0,1,1,2,1,1,2,1,6105,gemini,2025,여성,5
2,2,,,,1,1,2,1,1,2,2,6106,gemini,2025,여성,5
2,2,,,,2,1,2,2,1,2,2,6107,gemini,2025,여성,5
2,2,,,,1,1,2,1,1,2,1,6108,gemini,2025,여성,5
2,2,,,,1,1,2,2,1,2,2,6109,gemini,2025,여성,5
2,2,,,,1,1,2,1,1,2,1,6110,gemini,2025,여성,5
3,1,1.0,4.0,2.0,1,1,2,1,1,2,1,6111,gemini,2025,여성,5
2,2,,,,1,1,2,2,1,2,2,6112,gemini,2025,여성,5
2,2,,,,1,1,2,1,1,2,2,6113,gemini,2025,여성,5
2,2,,,,1,1,2,1,1,2,2,6114,gemini,2025,여성,5
2,2,,,,2,1,2,2,1,2,2,6115,gemini,2025,여성,5
3,1,1.0,1.0,2.0,1,1,2,2,1,2,2,6116,gemini,2025,여성,5
2,2,,,,2,1,2,2,1,2,2,6117,gemini,2025,여성,5
3,1,1.0,1.0,2.0,1,1,2,1,1,2,1,6118,gemini,2025,여성,5
2,2,,,,1,1,2,2,1,2,2,6119,gemini,2025,여성,5
2,2,,,,1,1,2,1,1,2,1,6120,gemini,2025,여성,5
2,2,,,,2,1,2,2,1,2,2,6121,gemini,2025,여성,5
3,1,1.0,4.0,2.0,1,1,2,1,1,2,1,6122,gemini,2025,여성,5
3,1,1.0,1.0,2.0,1,1,2,1,1,2,1,6123,gemini,2025,여성,5
3,1,1.0,1.0,2.0,1,1,2,1,1,2,1,6124,gemini,2025,여성,5
2,2,,,,1,1,2,1,1,2,2,6125,gemini,2025,여성,5
2,2,,,,1,1,2,2,1,2,1,6126,gemini,2025,여성,5
3,1,1.0,1.0,2.0,1,1,2,1,1,2,1,6127,gemini,2025,여성,5
2,2,,,,2,1,2,2,1,2,2,6128,gemini,2025,여성,5
2,2,,,,1,1,2,1,1,2,2,6129,gemini,2025,여성,5
2,2,,,,2,1,2,2,1,2,2,6130,gemini,2025,여성,5
2,2,,,,1,1,2,2,1,2,2,6131,gemini,2025,여성,5
2,2,,,,1,1,2,1,1,2,2,6132,gemini,2025,여성,5
2,2,,,,1,1,2,2,1,2,2,6133,gemini,2025,여성,5
2,2,,,,2,1,2,2,1,2,2,6134,gemini,2025,여성,5
2,2,,,,2,1,2,2,1,2,2,6135,gemini,2025,여성,5
3,1,1.0,1.0,2.0,1,1,2,1,1,2,1,6136,gemini,2025,여성,5
2,2,,,,1,1,2,1,1,2,2,6137,gemini,2025,여성,5
2,2,,,,1,1,2,2,1,2,2,6138,gemini,2025,여성,6
2,2,,,,2,1,2,1,1,2,2,6139,gemini,2025,여성,6
2,2,,,,2,1,2,2,1,2,2,6140,gemini,2025,여성,6
3,1,7.0,3.0,2.0,1,1,2,1,1,2,1,6141,gemini,2025,여성,6
2,2,,,,1,1,2,2,1,2,2,6142,gemini,2025,여성,6
2,2,,,,2,1,2,2,1,2,2,6143,gemini,2025,여성,6
2,2,,,,2,1,2,2,1,2,2,6144,gemini,2025,여성,6
3,1,1.0,1.0,2.0,1,1,2,1,1,2,1,6145,gemini,2025,여성,6
3,1,1.0,4.0,2.0,1,1,2,1,1,2,1,6146,gemini,2025,여성,6
2,2,,,,2,1,2,2,1,2,2,6147,gemini,2025,여성,6
2,2,,,,2,1,2,2,1,2,2,6148,gemini,2025,여성,6
2,2,,,,1,1,2,2,1,2,2,6149,gemini,2025,여성,6
2,2,,,,2,1,2,2,1,2,2,6150,gemini,2025,여성,6
2,2,,,,2,1,2,2,1,2,2,6151,gemini,2025,여성,6
2,2,,,,2,1,2,2,1,2,2,6152,gemini,2025,여성,6
2,2,,,,2,1,2,2,1,2,2,6153,gemini,2025,여성,6
2,2,,,,2,1,2,2,1,2,2,6154,gemini,2025,여성,6
2,2,,,,1,1,2,2,1,2,1,6155,gemini,2025,여성,6
2,2,,,,2,1,2,2,1,2,2,6156,gemini,2025,여성,6
2,2,,,,2,1,2,2,1,2,2,6157,gemini,2025,여성,6
1,2,,,,2,1,2,2,1,2,2,6158,gemini,2025,여성,6
2,2,,,,2,1,2,2,1,2,2,6159,gemini,2025,여성,6
2,2,,,,2,1,2,2,1,2,2,6160,gemini,2025,여성,6
2,2,,,,2,1,2,2,1,2,2,6161,gemini,2025,여성,6
2,2,,,,2,1,2,2,1,2,2,6162,gemini,2025,여성,6
3,1,1.0,4.0,2.0,1,1,2,2,1,2,2,6163,gemini,2025,여성,6
2,2,,,,2,1,2,2,1,2,2,6164,gemini,2025,여성,6
2,2,,,,1,1,2,2,1,2,2,6165,gemini,2025,여성,6
2,2,,,,2,1,2,2,1,2,2,6166,gemini,2025,여성,6
2,2,,,,1,1,2,2,1,2,2,6167,gemini,2025,여성,6
2,2,,,,2,1,2,2,1,2,2,6168,gemini,2025,여성,6
2,2,,,,2,1,2,2,1,2,2,6169,gemini,2025,여성,6
2,2,,,,1,1,2,2,1,2,2,6170,gemini,2025,여성,6
3,1,1.0,1.0,2.0,1,1,2,2,1,2,1,6171,gemini,2025,여성,6
2,2,,,,1,1,2,2,1,2,1,6172,gemini,2025,여성,6
2,2,,,,2,1,2,2,1,2,2,6173,gemini,2025,여성,6
2,2,,,,1,1,2,2,1,2,2,6174,gemini,2025,여성,6
2,2,,,,1,1,2,1,1,2,2,6175,gemini,2025,여성,6
2,2,,,,1,1,2,2,1,2,2,6176,gemini,2025,여성,6
3,1,1.0,1.0,2.0,1,1,2,2,1,2,2,6177,gemini,2025,여성,6
2,2,,,,1,1,2,1,1,2,2,6178,gemini,2025,여성,6
2,2,,,,2,1,2,2,1,2,2,6179,gemini,2025,여성,6
3,1,1.0,4.0,2.0,1,1,2,1,1,2,1,6180,gemini,2025,여성,6
2,2,,,,1,1,2,2,1,2,2,6181,gemini,2025,여성,6
2,2,,,,1,1,2,2,1,2,2,6182,gemini,2025,여성,6
2,2,,,,1,1,2,2,1,2,2,6183,gemini,2025,여성,6
2,2,,,,2,1,2,2,1,2,2,6184,gemini,2025,여성,6
2,2,,,,2,1,2,2,1,2,2,6185,gemini,2025,여성,6
2,2,,,,1,1,2,1,1,2,2,6186,gemini,2025,여성,6
2,2,,,,2,1,2,2,1,2,2,6187,gemini,2025,여성,6
2,2,,,,1,1,2,1,1,2,2,6188,gemini,2025,여성,6
2,2,,,,2,1,2,2,1,2,2,6189,gemini,2025,여성,6
2,2,,,,1,1,2,2,1,2,2,6190,gemini,2025,여성,6
3,1,1.0,1.0,2.0,1,1,2,1,1,2,1,6191,gemini,2025,여성,6
4,1,1.0,1.0,2.0,1,1,2,1,1,2,1,6192,gemini,2025,여성,6
3,1,1.0,4.0,2.0,1,1,2,1,1,2,1,6193,gemini,2025,여성,6
2,2,,,,2,1,2,2,1,2,2,6194,gemini,2025,여성,6
2,2,,,,2,1,2,2,1,2,2,6195,gemini,2025,여성,6
2,2,,,,2,1,2,2,1,2,2,6196,gemini,2025,여성,6
3,1,1.0,4.0,2.0,1,1,2,2,1,2,2,6197,gemini,2025,여성,6
2,2,,,,1,1,2,2,1,2,2,6198,gemini,2025,여성,6
2,2,,,,2,1,2,2,1,2,2,6199,gemini,2025,여성,6
2,2,,,,2,1,2,2,1,2,2,6200,gemini,2025,여성,6
2,2,,,,2,1,2,2,1,2,2,6201,gemini,2025,여성,6
2,2,,,,1,1,2,2,1,2,2,6202,gemini,2025,여성,6
2,2,,,,2,1,2,2,1,2,2,6203,gemini,2025,여성,6
2,2,,,,2,1,2,2,1,2,2,6204,gemini,2025,여성,6
2,2,,,,1,1,2,2,1,2,2,6205,gemini,2025,여성,6
3,1,1.0,1.0,2.0,2,1,2,2,1,2,2,6206,gemini,2025,여성,6
2,2,,,,2,1,2,1,1,2,2,6207,gemini,2025,여성,6
2,2,,,,1,1,2,1,1,2,2,6208,gemini,2025,여성,6
2,2,,,,2,1,2,2,1,2,2,6209,gemini,2025,여성,6
2,2,,,,2,1,2,2,1,2,2,6210,gemini,2025,여성,6
2,2,,,,2,1,2,2,1,2,2,6211,gemini,2025,여성,6
3,1,1.0,4.0,2.0,1,1,2,1,1,2,1,6212,gemini,2025,여성,6
3,1,1.0,1.0,2.0,1,1,2,1,1,2,1,6213,gemini,2025,여성,6
2,2,,,,2,1,2,2,1,2,2,6214,gemini,2025,여성,6
3,1,1.0,1.0,2.0,1,1,2,1,1,2,1,6215,gemini,2025,여성,6
2,2,,,,2,1,2,2,1,2,2,6216,gemini,2025,여성,6
1,2,,,,2,2,2,2,2,2,2,6217,gemini,2025,여성,6
2,2,,,,2,1,2,2,1,2,2,6218,gemini,2025,여성,6
2,2,,,,2,1,2,2,1,2,2,6219,gemini,2025,여성,6
2,2,,,,2,1,2,2,1,2,2,6220,gemini,2025,여성,6
2,2,,,,2,1,2,2,1,2,2,6221,gemini,2025,여성,6
2,2,,,,2,1,2,1,1,2,2,6222,gemini,2025,여성,6
2,2,,,,2,1,2,2,1,2,2,6223,gemini,2025,여성,6
2,2,,,,1,1,2,2,1,2,1,6224,gemini,2025,여성,6
3,1,1.0,4.0,2.0,1,1,2,2,1,2,1,6225,gemini,2025,여성,6
2,2,,,,1,1,2,1,1,2,2,6226,gemini,2025,여성,6
3,1,1.0,4.0,2.0,1,1,2,2,1,2,1,6227,gemini,2025,여성,6
2,2,,,,2,1,2,2,1,2,2,6228,gemini,2025,여성,6
2,2,,,,1,1,2,2,1,2,2,6229,gemini,2025,여성,6
3,1,1.0,4.0,2.0,1,1,2,1,1,2,1,6230,gemini,2025,여성,6
2,2,,,,2,1,2,2,1,2,2,6231,gemini,2025,여성,6
2,2,,,,1,1,2,1,1,2,2,6232,gemini,2025,여성,6
2,1,1.0,1.0,2.0,2,1,2,1,1,2,1,6233,gemini,2025,여성,6
2,2,,,,2,1,2,2,1,2,2,6234,gemini,2025,여성,6
2,2,,,,2,1,2,2,1,2,2,6235,gemini,2025,여성,6
1,2,,,,2,1,2,2,1,2,2,6236,gemini,2025,여성,6
2,2,,,,2,1,2,2,1,2,2,6237,gemini,2025,여성,6
2,2,,,,2,1,2,2,1,2,2,6238,gemini,2025,여성,6
2,2,,,,1,1,2,1,1,2,2,6239,gemini,2025,여성,6
2,2,,,,1,1,2,2,1,2,2,6240,gemini,2025,여성,6
2,2,,,,2,1,2,2,1,2,2,6241,gemini,2025,여성,6
2,2,,,,2,1,2,2,1,2,2,6242,gemini,2025,여성,6
2,2,,,,2,1,2,2,1,2,2,6243,gemini,2025,여성,6
2,2,,,,1,1,2,2,1,2,2,6244,gemini,2025,여성,6
2,2,,,,2,1,2,1,1,2,2,6245,gemini,2025,여성,6
2,2,,,,2,1,2,1,1,2,2,6246,gemini,2025,여성,6
2,2,,,,2,1,2,2,1,2,2,6247,gemini,2025,여성,6
2,2,,,,2,1,2,2,1,2,2,6248,gemini,2025,여성,6
2,2,,,,2,1,2,2,1,2,2,6249,gemini,2025,여성,6
2,2,,,,1,1,2,1,1,2,2,6250,gemini,2025,여성,6
2,2,,,,2,1,2,2,1,2,2,6251,gemini,2025,여성,6
2,2,,,,2,1,2,2,1,2,2,6252,gemini,2025,여성,6
2,2,,,,2,1,2,1,1,2,2,6253,gemini,2025,여성,6
3,1,1.0,1.0,2.0,1,1,2,1,1,2,1,6254,gemini,2025,여성,6
2,2,,,,2,1,2,2,1,2,2,6255,gemini,2025,여성,6
2,2,,,,1,1,2,2,1,2,2,6256,gemini,2025,여성,6
3,1,1.0,1.0,2.0,1,1,2,1,1,2,1,6257,gemini,2025,여성,6
2,2,,,,2,1,2,2,1,2,2,6258,gemini,2025,여성,6
2,2,,,,2,1,2,2,1,2,2,6259,gemini,2025,여성,6
2,2,,,,1,1,2,2,1,2,2,6260,gemini,2025,여성,6
2,2,,,,1,1,2,2,1,2,2,6261,gemini,2025,여성,6
2,2,,,,2,1,2,2,1,2,2,6262,gemini,2025,여성,6
2,2,,,,2,1,2,2,1,2,2,6263,gemini,2025,여성,6
2,2,,,,1,1,2,2,1,2,2,6264,gemini,2025,여성,6
2,2,,,,1,1,2,1,1,2,1,6265,gemini,2025,여성,6
2,2,,,,2,1,2,2,1,2,2,6266,gemini,2025,여성,6
2,2,,,,2,1,2,2,1,2,2,6267,gemini,2025,여성,6
2,2,,,,2,1,2,2,1,2,2,6268,gemini,2025,여성,6
2,2,,,,1,1,2,2,1,2,2,6269,gemini,2025,여성,6
2,2,,,,1,1,2,2,1,2,2,6270,gemini,2025,여성,6
2,2,,,,1,1,2,2,1,2,2,6271,gemini,2025,여성,6
1,2,,,,2,1,2,2,1,2,2,6272,gemini,2025,여성,6
2,2,,,,2,1,2,2,1,2,2,6273,gemini,2025,여성,6
3,1,1.0,1.0,2.0,1,1,2,1,1,2,2,6274,gemini,2025,여성,6
2,2,,,,1,1,2,1,1,2,1,6275,gemini,2025,여성,6
2,2,,,,2,1,2,2,1,2,2,6276,gemini,2025,여성,6
2,2,,,,1,1,2,1,1,2,2,6277,gemini,2025,여성,6
2,2,,,,2,1,2,2,1,2,2,6278,gemini,2025,여성,6
2,2,,,,1,1,2,2,1,2,1,6279,gemini,2025,여성,6
2,2,,,,2,1,2,2,1,2,2,6280,gemini,2025,여성,6
2,2,,,,2,1,2,2,1,2,2,6281,gemini,2025,여성,6
2,2,,,,2,1,2,2,1,2,2,6282,gemini,2025,여성,6
2,2,,,,2,1,2,2,1,2,2,6283,gemini,2025,여성,6
2,2,,,,2,1,2,2,1,2,2,6284,gemini,2025,여성,6
4,1,1.0,1.0,2.0,1,1,2,2,1,2,2,6285,gemini,2025,여성,6
3,1,1.0,1.0,2.0,1,1,2,1,1,2,1,6286,gemini,2025,여성,6
2,2,,,,2,1,2,2,1,2,2,6287,gemini,2025,여성,6
2,2,,,,1,1,2,1,1,2,2,6288,gemini,2025,여성,6
2,2,,,,2,1,2,2,1,2,2,6289,gemini,2025,여성,6
2,2,,,,2,1,2,2,1,2,2,6290,gemini,2025,여성,6
2,2,,,,2,1,2,1,1,2,2,6291,gemini,2025,여성,6
3,1,1.0,1.0,2.0,1,1,2,2,1,2,2,6292,gemini,2025,여성,6
2,2,,,,2,1,2,1,1,2,2,6293,gemini,2025,여성,6
2,2,,,,1,1,2,1,1,2,2,6294,gemini,2025,여성,6
2,2,,,,2,1,2,2,1,2,2,6295,gemini,2025,여성,6
2,2,,,,2,1,2,2,1,2,2,6296,gemini,2025,여성,6
2,2,,,,1,1,2,1,1,2,2,6297,gemini,2025,여성,6
2,2,,,,2,1,2,2,1,2,2,6298,gemini,2025,여성,6
2,2,,,,2,1,2,2,1,2,2,6299,gemini,2025,여성,6
2,2,,,,2,1,2,1,1,2,2,6300,gemini,2025,여성,6
2,2,,,,1,1,2,2,1,2,2,6301,gemini,2025,여성,6
2,2,,,,2,1,2,2,1,2,2,6302,gemini,2025,여성,6
2,2,,,,2,1,2,2,1,2,2,6303,gemini,2025,여성,6
3,1,1.0,1.0,2.0,1,1,1,1,1,2,1,6304,gemini,2025,여성,6
3,1,1.0,1.0,2.0,1,1,2,1,1,2,1,6305,gemini,2025,여성,6
2,2,,,,1,1,2,2,1,2,2,6306,gemini,2025,여성,6
3,1,1.0,4.0,2.0,1,1,2,1,1,2,1,6307,gemini,2025,여성,6
2,2,,,,1,1,2,1,1,2,2,6308,gemini,2025,여성,6
2,2,,,,1,1,2,1,1,2,2,6309,gemini,2025,여성,6
2,2,,,,2,1,2,2,1,2,2,6310,gemini,2025,여성,6
2,2,,,,2,1,2,2,1,2,2,6311,gemini,2025,여성,6
2,2,,,,1,1,2,1,1,2,2,6312,gemini,2025,여성,6
2,2,,,,1,1,2,1,1,2,2,6313,gemini,2025,여성,6
2,2,,,,2,1,2,2,1,2,2,6314,gemini,2025,여성,6
2,2,,,,2,1,2,2,1,2,2,6315,gemini,2025,여성,6
2,2,,,,2,1,2,2,1,2,2,6316,gemini,2025,여성,6
2,2,,,,2,1,2,2,1,2,2,6317,gemini,2025,여성,6
2,2,,,,1,1,2,2,1,2,2,6318,gemini,2025,여성,6
2,2,,,,1,1,2,1,1,2,2,6319,gemini,2025,여성,6
2,2,,,,1,1,2,2,1,2,2,6320,gemini,2025,여성,6
2,2,,,,2,1,2,2,1,2,2,6321,gemini,2025,여성,6
2,2,,,,2,1,2,2,1,2,2,6322,gemini,2025,여성,6
2,2,,,,1,1,2,2,1,2,2,6323,gemini,2025,여성,6
2,2,,,,2,1,2,2,1,2,2,6324,gemini,2025,여성,6
2,2,,,,1,1,2,2,1,2,2,6325,gemini,2025,여성,6
2,2,,,,2,1,2,2,1,2,2,6326,gemini,2025,여성,6
4,1,1.0,1.0,1.0,1,1,2,2,1,2,1,6327,gemini,2025,여성,6
2,2,,,,2,1,2,2,1,2,2,6328,gemini,2025,여성,6
2,2,,,,2,1,2,2,1,2,2,6329,gemini,2025,여성,6
2,2,,,,2,1,2,2,1,2,2,6330,gemini,2025,여성,6
2,2,,,,2,1,2,2,1,2,2,6331,gemini,2025,여성,6
2,2,,,,2,1,2,2,1,2,2,6332,gemini,2025,여성,6
2,2,,,,2,1,2,2,1,2,2,6333,gemini,2025,여성,6
2,2,,,,2,1,2,2,1,2,2,6334,gemini,2025,여성,6
2,2,,,,2,1,2,2,1,2,2,6335,gemini,2025,여성,6
2,2,,,,2,1,2,2,1,2,2,6336,gemini,2025,여성,6
2,2,,,,1,1,2,1,1,2,1,6337,gemini,2025,여성,6
2,2,,,,2,1,2,2,1,2,2,6338,gemini,2025,여성,6
2,2,,,,1,1,2,1,1,2,2,6339,gemini,2025,여성,6
2,2,,,,2,1,2,2,1,2,2,6340,gemini,2025,여성,6
2,2,,,,1,1,2,1,1,2,2,6341,gemini,2025,여성,6
3,1,1.0,1.0,2.0,1,1,2,1,1,2,1,6342,gemini,2025,여성,6
2,2,,,,1,1,2,1,1,2,1,6343,gemini,2025,여성,6
2,2,,,,2,1,2,2,1,2,2,6344,gemini,2025,여성,6
2,2,,,,1,1,2,1,1,2,2,6345,gemini,2025,여성,6
2,2,,,,1,1,2,1,1,2,2,6346,gemini,2025,여성,6
2,2,,,,2,1,2,2,1,2,2,6347,gemini,2025,여성,6
2,2,,,,1,1,2,1,1,2,1,6348,gemini,2025,여성,6
3,1,1.0,1.0,2.0,1,1,2,1,1,2,2,6349,gemini,2025,여성,6
2,2,,,,1,1,2,2,1,2,2,6350,gemini,2025,여성,6
2,2,,,,2,1,2,2,1,2,2,6351,gemini,2025,여성,6
2,2,,,,1,1,2,1,1,2,1,6352,gemini,2025,여성,6
2,2,,,,1,1,2,1,1,2,2,6353,gemini,2025,여성,6
2,2,,,,2,1,2,2,1,2,2,6354,gemini,2025,여성,6
2,2,,,,2,1,2,2,1,2,2,6355,gemini,2025,여성,6
2,2,,,,1,1,2,2,1,2,2,6356,gemini,2025,여성,6
2,2,,,,1,1,2,2,1,2,2,6357,gemini,2025,여성,6
2,2,,,,2,1,2,1,1,2,2,6358,gemini,2025,여성,6
2,2,,,,1,1,2,2,1,2,2,6359,gemini,2025,여성,6
2,2,,,,2,1,2,1,1,2,2,6360,gemini,2025,여성,6
4,1,1.0,1.0,1.0,1,1,2,1,1,2,1,6361,gemini,2025,여성,6
1,2,,,,2,1,2,2,1,2,2,6362,gemini,2025,여성,6
3,1,1.0,4.0,2.0,1,1,2,1,1,2,1,6363,gemini,2025,여성,6
2,2,,,,2,1,2,2,1,2,2,6364,gemini,2025,여성,6
2,2,,,,1,1,1,2,1,2,2,6365,gemini,2025,여성,6
2,2,,,,1,1,2,2,1,2,2,6366,gemini,2025,여성,6
2,2,,,,1,1,2,1,1,2,2,6367,gemini,2025,여성,6
2,2,,,,2,1,2,2,1,2,2,6368,gemini,2025,여성,6
2,2,,,,1,1,2,2,1,2,1,6369,gemini,2025,여성,6
2,2,,,,2,1,2,2,1,2,2,6370,gemini,2025,여성,6
2,2,,,,2,1,2,2,1,2,2,6371,gemini,2025,여성,6
2,2,,,,2,1,2,2,1,2,2,6372,gemini,2025,여성,6
2,2,,,,2,1,2,1,1,2,2,6373,gemini,2025,여성,6
2,2,,,,2,1,2,2,1,2,2,6374,gemini,2025,여성,6
3,1,1.0,4.0,2.0,1,1,2,1,1,2,1,6375,gemini,2025,여성,6
2,2,,,,2,1,2,2,1,2,2,6376,gemini,2025,여성,6
2,2,,,,2,1,2,2,1,2,2,6377,gemini,2025,여성,6
2,2,,,,2,1,2,2,1,2,2,6378,gemini,2025,여성,6
2,2,,,,2,1,2,2,1,2,2,6379,gemini,2025,여성,6
2,2,,,,1,1,2,2,1,2,2,6380,gemini,2025,여성,6
2,2,,,,1,1,2,1,1,2,2,6381,gemini,2025,여성,6
2,2,,,,1,1,2,1,1,2,2,6382,gemini,2025,여성,6
2,2,,,,2,1,2,2,1,2,2,6383,gemini,2025,여성,6
2,2,,,,2,1,2,2,1,2,2,6384,gemini,2025,여성,6
2,2,,,,2,1,2,2,1,2,2,6385,gemini,2025,여성,6
2,2,,,,1,1,2,2,1,2,2,6386,gemini,2025,여성,6
2,2,,,,2,1,2,2,1,2,2,6387,gemini,2025,여성,6
2,2,,,,2,1,2,2,1,2,2,6388,gemini,2025,여성,6
2,2,,,,2,1,2,2,1,2,2,6389,gemini,2025,여성,6
3,1,1.0,1.0,2.0,1,1,2,1,1,2,2,6390,gemini,2025,여성,6
2,2,,,,2,1,2,2,1,2,2,6391,gemini,2025,여성,6
2,2,,,,2,1,2,2,1,2,2,6392,gemini,2025,여성,6
2,2,,,,2,1,2,2,1,2,2,6393,gemini,2025,여성,6
2,2,,,,2,1,2,2,1,2,2,6394,gemini,2025,여성,6
2,2,,,,2,1,2,2,1,2,2,6395,gemini,2025,여성,6
3,1,1.0,1.0,2.0,1,1,2,1,1,2,1,6396,gemini,2025,여성,6
2,2,,,,1,1,2,2,1,2,2,6397,gemini,2025,여성,6
2,2,,,,2,1,2,2,1,2,2,6398,gemini,2025,여성,6
2,2,,,,1,1,2,1,1,2,2,6399,gemini,2025,여성,6
2,2,,,,2,1,2,2,1,2,2,6400,gemini,2025,여성,6
2,2,,,,2,1,2,2,1,2,2,6401,gemini,2025,여성,6
2,2,,,,2,1,2,2,1,2,2,6402,gemini,2025,여성,6
2,2,,,,2,1,2,2,1,2,2,6403,gemini,2025,여성,6
3,1,1.0,4.0,2.0,1,1,2,1,1,2,1,6404,gemini,2025,여성,6
2,2,,,,2,1,2,2,1,2,2,6405,gemini,2025,여성,6
2,2,,,,1,1,2,2,1,2,2,6406,gemini,2025,여성,6
2,2,,,,2,1,2,2,1,2,2,6407,gemini,2025,여성,6
2,2,,,,2,1,2,2,1,2,2,6408,gemini,2025,여성,6
2,2,,,,1,1,2,2,1,2,2,6409,gemini,2025,여성,6
2,2,,,,1,1,2,2,1,2,2,6410,gemini,2025,여성,6
2,2,,,,2,1,2,2,1,2,2,6411,gemini,2025,여성,6
2,2,,,,1,1,2,2,1,2,2,6412,gemini,2025,여성,6
2,2,,,,2,1,2,1,1,2,2,6413,gemini,2025,여성,6
2,1,1.0,4.0,2.0,2,1,2,1,1,2,2,6414,gemini,2025,여성,6
3,1,1.0,4.0,2.0,1,1,2,1,1,2,1,6415,gemini,2025,여성,6
3,1,1.0,1.0,2.0,1,1,2,1,1,2,2,6416,gemini,2025,여성,6
2,2,,,,2,1,2,2,1,2,2,6417,gemini,2025,여성,6
2,2,,,,2,1,2,2,1,2,2,6418,gemini,2025,여성,6
2,2,,,,2,1,2,2,1,2,2,6419,gemini,2025,여성,6
2,2,,,,2,1,2,2,1,2,2,6420,gemini,2025,여성,6
2,2,,,,2,1,2,2,1,2,2,6421,gemini,2025,여성,6
2,2,,,,2,1,2,1,1,2,2,6422,gemini,2025,여성,6
2,2,,,,1,1,2,1,1,2,1,6423,gemini,2025,여성,6
2,2,,,,2,1,2,2,1,2,2,6424,gemini,2025,여성,6
2,2,,,,2,1,2,2,1,2,2,6425,gemini,2025,여성,6
3,1,1.0,4.0,2.0,1,1,1,1,1,2,1,6426,gemini,2025,여성,6
2,2,,,,2,1,2,2,1,2,2,6427,gemini,2025,여성,6
2,2,,,,1,1,2,2,1,2,1,6428,gemini,2025,여성,6
2,2,,,,1,1,2,2,1,2,2,6429,gemini,2025,여성,6
2,2,,,,2,1,2,2,1,2,2,6430,gemini,2025,여성,6
2,2,,,,2,1,2,2,1,2,2,6431,gemini,2025,여성,6
2,2,,,,1,1,2,2,1,2,2,6432,gemini,2025,여성,6
3,1,1.0,4.0,2.0,1,1,1,1,1,2,1,6433,gemini,2025,여성,6
2,2,,,,2,1,2,2,1,2,2,6434,gemini,2025,여성,6
2,2,,,,2,1,2,2,1,2,2,6435,gemini,2025,여성,6
2,2,,,,2,1,2,2,1,2,2,6436,gemini,2025,여성,6
2,2,,,,2,1,2,2,1,2,2,6437,gemini,2025,여성,6
2,2,,,,2,1,2,2,1,2,2,6438,gemini,2025,여성,6
2,2,,,,1,1,2,2,1,2,1,6439,gemini,2025,여성,6
2,2,,,,1,1,2,1,1,2,1,6440,gemini,2025,여성,6
2,2,,,,2,1,2,2,1,2,2,6441,gemini,2025,여성,6
2,2,,,,2,1,2,2,1,2,2,6442,gemini,2025,여성,6
3,1,1.0,4.0,2.0,1,1,2,1,1,2,1,6443,gemini,2025,여성,6
3,1,1.0,4.0,2.0,1,1,2,2,1,2,2,6444,gemini,2025,여성,6
2,2,,,,2,1,2,2,1,2,2,6445,gemini,2025,여성,6
2,2,,,,2,1,2,2,1,2,2,6446,gemini,2025,여성,6
2,2,,,,2,1,2,2,1,2,2,6447,gemini,2025,여성,6
2,2,,,,2,1,2,2,1,2,2,6448,gemini,2025,여성,6
2,2,,,,2,1,2,2,1,2,2,6449,gemini,2025,여성,6
2,2,,,,2,1,2,2,1,2,2,6450,gemini,2025,여성,6
2,2,,,,2,1,2,2,1,2,2,6451,gemini,2025,여성,6
2,2,,,,2,1,2,2,1,2,2,6452,gemini,2025,여성,6
2,2,,,,2,1,2,2,1,2,2,6453,gemini,2025,여성,6
2,2,,,,1,1,2,1,1,2,2,6454,gemini,2025,여성,6
2,2,,,,2,1,2,2,1,2,2,6455,gemini,2025,여성,6
2,2,,,,1,1,2,2,1,2,2,6456,gemini,2025,여성,6
1,2,,,,2,1,2,2,1,2,2,6457,gemini,2025,여성,6
2,2,,,,1,1,2,1,1,2,2,6458,gemini,2025,여성,6
2,2,,,,1,1,2,2,1,2,2,6459,gemini,2025,여성,6
2,2,,,,2,1,2,2,1,2,2,6460,gemini,2025,여성,6
2,2,,,,2,1,2,2,1,2,2,6461,gemini,2025,여성,6
2,2,,,,2,1,2,2,1,2,2,6462,gemini,2025,여성,6
2,2,,,,1,1,2,1,1,2,2,6463,gemini,2025,여성,6
2,2,,,,2,1,2,2,1,2,2,6464,gemini,2025,여성,6
2,2,,,,2,1,2,2,1,2,2,6465,gemini,2025,여성,6
2,2,,,,1,1,2,2,1,2,2,6466,gemini,2025,여성,6
2,2,,,,1,1,2,1,1,2,2,6467,gemini,2025,여성,6
3,1,1.0,1.0,2.0,1,1,2,1,1,2,1,6468,gemini,2025,여성,6
2,2,,,,2,1,2,2,1,2,2,6469,gemini,2025,여성,6
2,2,,,,1,1,2,1,1,2,1,6470,gemini,2025,여성,6
3,1,1.0,1.0,2.0,1,1,2,1,1,2,2,6471,gemini,2025,여성,6
3,1,1.0,4.0,2.0,1,1,2,2,1,2,2,6472,gemini,2025,여성,6
3,1,1.0,4.0,2.0,1,1,2,1,1,2,1,6473,gemini,2025,여성,6
2,2,,,,2,1,2,2,1,2,2,6474,gemini,2025,여성,6
2,2,,,,2,1,2,1,1,2,2,6475,gemini,2025,여성,6
2,2,,,,2,1,2,2,1,2,2,6476,gemini,2025,여성,6
2,2,,,,1,1,2,2,1,2,2,6477,gemini,2025,여성,6
2,2,,,,1,1,2,2,1,2,2,6478,gemini,2025,여성,6
2,2,,,,1,1,2,1,1,2,2,6479,gemini,2025,여성,6
2,2,,,,2,1,2,2,1,2,2,6480,gemini,2025,여성,6
2,2,,,,2,1,2,1,1,2,2,6481,gemini,2025,여성,6
2,2,,,,2,1,2,1,1,2,2,6482,gemini,2025,여성,6
2,2,,,,1,1,2,1,1,2,2,6483,gemini,2025,여성,6
2,2,,,,2,1,2,2,1,2,2,6484,gemini,2025,여성,6
2,2,,,,2,1,2,2,1,2,2,6485,gemini,2025,여성,6
2,2,,,,1,1,2,2,1,2,2,6486,gemini,2025,여성,6
2,2,,,,1,1,2,2,1,2,2,6487,gemini,2025,여성,6
2,2,,,,2,1,2,2,1,2,2,6488,gemini,2025,여성,6
2,2,,,,2,1,2,2,1,2,2,6489,gemini,2025,여성,6
2,2,,,,1,1,2,1,1,2,2,6490,gemini,2025,여성,6
2,2,,,,2,1,2,2,1,2,2,6491,gemini,2025,여성,6
2,2,,,,2,1,2,2,1,2,2,6492,gemini,2025,여성,6
2,2,,,,2,1,2,2,1,2,2,6493,gemini,2025,여성,6
2,2,,,,2,1,2,2,1,2,2,6494,gemini,2025,여성,6
2,2,,,,2,1,2,2,1,2,2,6495,gemini,2025,여성,6
2,2,,,,2,1,2,2,1,2,2,6496,gemini,2025,여성,6
2,2,,,,2,1,2,2,1,2,2,6497,gemini,2025,여성,6
2,2,,,,1,1,2,2,1,2,2,6498,gemini,2025,여성,6
2,2,,,,2,1,2,2,1,2,2,6499,gemini,2025,여성,6
2,2,,,,1,1,2,2,1,2,2,6500,gemini,2025,여성,6
2,2,,,,1,1,2,1,1,2,2,6501,gemini,2025,여성,6
2,2,,,,1,1,2,2,1,2,2,6502,gemini,2025,여성,6
2,2,,,,1,1,2,2,1,2,2,6503,gemini,2025,여성,6
2,2,,,,2,1,2,1,1,2,2,6504,gemini,2025,여성,6
2,2,,,,2,1,2,2,1,2,2,6505,gemini,2025,여성,6
2,2,,,,1,1,2,1,1,2,2,6506,gemini,2025,여성,6
2,2,,,,2,1,2,2,1,2,2,6507,gemini,2025,여성,6
2,2,,,,2,1,2,2,1,2,2,6508,gemini,2025,여성,6
2,2,,,,2,1,2,2,1,2,2,6509,gemini,2025,여성,6
2,2,,,,2,1,2,2,1,2,2,6510,gemini,2025,여성,6
2,2,,,,2,1,2,2,1,2,2,6511,gemini,2025,여성,6
2,2,,,,2,1,2,2,1,2,2,6512,gemini,2025,여성,6
2,2,,,,2,1,2,2,1,2,2,6513,gemini,2025,여성,6
2,2,,,,2,1,2,2,1,2,2,6514,gemini,2025,여성,6
2,2,,,,2,1,2,2,1,2,2,6515,gemini,2025,여성,6
2,2,,,,2,1,2,1,1,2,2,6516,gemini,2025,여성,6
2,2,,,,2,1,2,1,1,2,2,6517,gemini,2025,여성,6
2,2,,,,2,1,2,2,1,2,2,6518,gemini,2025,여성,6
2,2,,,,2,1,2,1,1,2,2,6519,gemini,2025,여성,6
2,2,,,,2,1,2,2,1,2,2,6520,gemini,2025,여성,6
2,2,,,,2,1,2,2,1,2,2,6521,gemini,2025,여성,6
2,2,,,,2,1,2,2,1,2,2,6522,gemini,2025,여성,6
2,2,,,,1,1,2,1,1,2,2,6523,gemini,2025,여성,6
2,2,,,,2,1,2,2,1,2,2,6524,gemini,2025,여성,6
2,2,,,,2,1,2,2,1,2,2,6525,gemini,2025,여성,6
2,2,,,,2,1,2,2,1,2,2,6526,gemini,2025,여성,6
2,2,,,,2,1,2,2,1,2,2,6527,gemini,2025,여성,6
2,2,,,,2,1,2,1,1,2,1,6528,gemini,2025,여성,6
2,2,,,,2,1,2,2,1,2,2,6529,gemini,2025,여성,6
2,2,,,,1,1,2,2,1,2,1,6530,gemini,2025,여성,6
2,2,,,,1,1,2,1,1,2,2,6531,gemini,2025,여성,6
2,2,,,,1,1,2,1,1,2,2,6532,gemini,2025,여성,6
2,2,,,,2,1,2,2,1,2,2,6533,gemini,2025,여성,6
3,1,1.0,1.0,2.0,1,1,2,1,1,2,2,6534,gemini,2025,여성,6
3,1,1.0,4.0,2.0,1,1,2,1,1,2,1,6535,gemini,2025,여성,6
2,2,,,,1,1,2,1,1,2,2,6536,gemini,2025,여성,6
2,2,,,,2,1,2,2,1,2,2,6537,gemini,2025,여성,6
2,2,,,,2,1,2,2,1,2,2,6538,gemini,2025,여성,6
2,2,,,,1,1,2,1,1,2,2,6539,gemini,2025,여성,6
2,2,,,,2,1,2,2,1,2,2,6540,gemini,2025,여성,6
2,2,,,,1,1,2,1,1,2,2,6541,gemini,2025,여성,6
2,2,,,,1,1,2,2,1,2,2,6542,gemini,2025,여성,6
2,2,,,,2,1,2,2,1,2,2,6543,gemini,2025,여성,6
2,2,,,,2,1,2,2,1,2,2,6544,gemini,2025,여성,6
2,2,,,,2,1,2,2,1,2,2,6545,gemini,2025,여성,6
3,1,1.0,1.0,2.0,1,1,2,2,1,2,2,6546,gemini,2025,여성,6
3,1,1.0,1.0,2.0,1,1,1,1,1,2,1,6547,gemini,2025,여성,6
2,2,,,,2,1,2,2,1,2,2,6548,gemini,2025,여성,6
3,1,1.0,1.0,2.0,1,1,2,2,1,2,2,6549,gemini,2025,여성,6
2,2,,,,2,1,2,2,1,2,2,6550,gemini,2025,여성,6
2,2,,,,2,1,2,2,1,2,2,6551,gemini,2025,여성,6
2,2,,,,2,1,2,2,1,2,2,6552,gemini,2025,여성,6
2,2,,,,1,1,2,2,1,2,2,6553,gemini,2025,여성,6
2,2,,,,2,1,2,2,1,2,2,6554,gemini,2025,여성,6
2,2,,,,2,1,2,2,1,2,2,6555,gemini,2025,여성,6
2,2,,,,2,1,2,2,1,2,2,6556,gemini,2025,여성,6
3,1,1.0,1.0,2.0,2,1,2,2,1,2,2,6557,gemini,2025,여성,6
2,2,,,,2,1,2,2,1,2,2,6558,gemini,2025,여성,6
2,2,,,,1,1,2,2,1,2,2,6559,gemini,2025,여성,6
2,2,,,,2,1,2,2,1,2,2,6560,gemini,2025,여성,6
2,2,,,,1,1,2,2,1,2,2,6561,gemini,2025,여성,6
2,2,,,,1,1,2,2,1,2,2,6562,gemini,2025,여성,6
2,2,,,,1,1,2,2,1,2,2,6563,gemini,2025,여성,6
2,2,,,,2,1,2,2,1,2,2,6564,gemini,2025,여성,6
2,2,,,,2,1,2,2,1,2,2,6565,gemini,2025,여성,6
2,2,,,,2,1,2,2,1,2,2,6566,gemini,2025,여성,6
2,2,,,,2,1,2,2,1,2,2,6567,gemini,2025,여성,6
3,1,1.0,4.0,2.0,1,1,2,1,1,2,2,6568,gemini,2025,여성,6
2,2,,,,1,1,2,2,1,2,2,6569,gemini,2025,여성,6
2,2,,,,1,1,2,2,1,2,2,6570,gemini,2025,여성,6
2,2,,,,1,1,2,1,1,2,2,6571,gemini,2025,여성,6
2,2,,,,2,1,2,2,1,2,2,6572,gemini,2025,여성,6
2,2,,,,2,1,2,2,1,2,2,6573,gemini,2025,여성,6
2,2,,,,1,1,2,2,1,2,2,6574,gemini,2025,여성,6
2,2,,,,2,1,2,2,1,2,2,6575,gemini,2025,여성,6
2,2,,,,2,1,2,2,1,2,2,6576,gemini,2025,여성,6
2,2,,,,1,1,2,1,1,2,2,6577,gemini,2025,여성,6
2,2,,,,1,1,2,2,1,2,2,6578,gemini,2025,여성,6
2,2,,,,1,1,2,1,1,2,1,6579,gemini,2025,여성,6
2,2,,,,2,1,2,2,1,2,2,6580,gemini,2025,여성,6
2,2,,,,2,1,2,1,1,2,2,6581,gemini,2025,여성,6
2,2,,,,2,1,2,2,1,2,2,6582,gemini,2025,여성,6
2,2,,,,2,1,2,2,1,2,2,6583,gemini,2025,여성,6
3,1,1.0,1.0,2.0,1,1,2,1,1,2,2,6584,gemini,2025,여성,6
2,2,,,,1,1,2,1,1,2,1,6585,gemini,2025,여성,6
3,1,1.0,4.0,2.0,1,1,2,1,1,2,1,6586,gemini,2025,여성,6
2,2,,,,1,1,2,2,1,2,2,6587,gemini,2025,여성,6
2,2,,,,2,1,2,2,1,2,2,6588,gemini,2025,여성,6
2,2,,,,1,1,2,1,1,2,2,6589,gemini,2025,여성,6
2,2,,,,2,1,2,2,1,2,2,6590,gemini,2025,여성,6
2,2,,,,1,1,2,2,1,2,2,6591,gemini,2025,여성,6
2,2,,,,2,1,2,2,1,2,2,6592,gemini,2025,여성,6
2,2,,,,1,1,2,1,1,2,2,6593,gemini,2025,여성,6
2,2,,,,2,1,2,2,1,2,2,6594,gemini,2025,여성,6
2,2,,,,1,1,2,2,1,2,2,6595,gemini,2025,여성,6
2,2,,,,2,1,2,2,1,2,2,6596,gemini,2025,여성,6
2,2,,,,1,1,2,1,1,2,2,6597,gemini,2025,여성,6
2,2,,,,1,1,2,1,1,2,2,6598,gemini,2025,여성,6
2,2,,,,2,1,2,1,1,2,2,6599,gemini,2025,여성,6
2,2,,,,1,1,2,2,1,2,2,6600,gemini,2025,여성,6
2,2,,,,2,1,2,2,1,2,2,6601,gemini,2025,여성,6
2,2,,,,2,1,2,2,1,2,2,6602,gemini,2025,여성,6
2,2,,,,2,1,2,2,1,2,2,6603,gemini,2025,여성,6
3,1,1.0,4.0,2.0,1,1,2,2,1,2,1,6604,gemini,2025,여성,6
3,1,1.0,1.0,2.0,1,1,2,2,1,2,2,6605,gemini,2025,여성,6
2,2,,,,2,1,2,1,1,2,2,6606,gemini,2025,여성,6
2,2,,,,2,1,2,2,1,2,2,6607,gemini,2025,여성,6
2,2,,,,2,1,2,2,1,2,2,6608,gemini,2025,여성,6
2,2,,,,1,1,2,2,1,2,2,6609,gemini,2025,여성,6
2,2,,,,2,1,2,2,1,2,2,6610,gemini,2025,여성,6
2,2,,,,2,1,2,2,1,2,2,6611,gemini,2025,여성,6
2,2,,,,2,1,2,2,1,2,2,6612,gemini,2025,여성,6
2,2,,,,1,1,2,2,1,2,2,6613,gemini,2025,여성,6
3,1,1.0,1.0,2.0,1,1,2,2,1,2,2,6614,gemini,2025,여성,6
2,2,,,,1,1,2,2,1,2,2,6615,gemini,2025,여성,6
3,1,1.0,1.0,2.0,1,1,2,1,1,2,1,6616,gemini,2025,여성,6
2,2,,,,2,1,2,1,1,2,2,6617,gemini,2025,여성,6
2,2,,,,2,1,2,2,1,2,2,6618,gemini,2025,여성,6
2,2,,,,1,1,2,1,1,2,2,6619,gemini,2025,여성,6
3,1,1.0,1.0,2.0,1,1,2,1,1,2,1,6620,gemini,2025,여성,6
3,1,1.0,4.0,2.0,1,1,2,1,1,2,1,6621,gemini,2025,여성,6
2,2,,,,1,1,2,2,1,2,2,6622,gemini,2025,여성,6
3,1,1.0,1.0,2.0,1,1,2,1,1,2,1,6623,gemini,2025,여성,6
2,2,,,,2,1,2,2,1,2,2,6624,gemini,2025,여성,6
1,2,,,,2,1,2,2,1,2,2,6625,gemini,2025,여성,6
2,2,,,,2,1,2,2,1,2,2,6626,gemini,2025,여성,6
2,2,,,,1,1,2,2,1,2,2,6627,gemini,2025,여성,6
2,2,,,,2,1,2,2,1,2,2,6628,gemini,2025,여성,6
2,2,,,,1,1,2,1,1,2,2,6629,gemini,2025,여성,6
2,2,,,,1,1,1,2,1,2,2,6630,gemini,2025,여성,6
2,2,,,,1,1,2,1,1,2,1,6631,gemini,2025,여성,6
3,1,1.0,1.0,2.0,1,1,2,2,1,2,2,6632,gemini,2025,여성,6
2,2,,,,2,1,2,2,1,2,2,6633,gemini,2025,여성,6
2,2,,,,1,1,2,2,1,2,2,6634,gemini,2025,여성,6
2,2,,,,2,1,2,1,1,2,2,6635,gemini,2025,여성,6
2,2,,,,2,1,2,2,1,2,2,6636,gemini,2025,여성,6
2,2,,,,2,1,2,1,1,2,2,6637,gemini,2025,여성,6
2,2,,,,2,1,2,2,1,2,2,6638,gemini,2025,여성,6
2,2,,,,2,1,2,2,1,2,2,6639,gemini,2025,여성,6
2,2,,,,1,1,2,2,1,2,2,6640,gemini,2025,여성,6
3,1,1.0,4.0,2.0,1,1,2,1,1,2,1,6641,gemini,2025,여성,6
2,2,,,,1,1,2,2,1,2,1,6642,gemini,2025,여성,6
2,2,,,,1,1,2,2,1,2,2,6643,gemini,2025,여성,6
2,2,,,,2,1,2,2,1,2,2,6644,gemini,2025,여성,6
2,2,,,,2,1,2,2,1,2,2,6645,gemini,2025,여성,6
2,2,,,,2,1,2,2,1,2,2,6646,gemini,2025,여성,6
2,2,,,,2,1,2,2,1,2,2,6647,gemini,2025,여성,6
2,2,,,,2,1,2,2,1,2,2,6648,gemini,2025,여성,6
2,2,,,,2,1,2,2,1,2,2,6649,gemini,2025,여성,6
2,2,,,,2,1,1,2,1,2,2,6650,gemini,2025,여성,6
2,2,,,,2,1,2,2,1,2,2,6651,gemini,2025,여성,6
2,2,,,,1,1,2,2,1,2,2,6652,gemini,2025,여성,6
2,2,,,,2,1,2,2,1,2,2,6653,gemini,2025,여성,6
2,2,,,,2,1,2,2,1,2,2,6654,gemini,2025,여성,6
2,2,,,,1,1,2,2,1,2,2,6655,gemini,2025,여성,6
2,2,,,,2,1,2,2,1,2,2,6656,gemini,2025,여성,6
2,2,,,,2,1,2,2,1,2,2,6657,gemini,2025,여성,6
3,1,1.0,4.0,2.0,1,1,2,1,1,2,1,6658,gemini,2025,여성,6
2,2,,,,1,1,2,2,1,2,2,6659,gemini,2025,여성,6
3,1,1.0,1.0,2.0,1,1,2,1,1,2,1,6660,gemini,2025,여성,6
2,2,,,,2,1,2,2,1,2,2,6661,gemini,2025,여성,6
2,2,,,,2,1,2,2,1,2,2,6662,gemini,2025,여성,6
2,2,,,,1,1,2,2,1,2,2,6663,gemini,2025,여성,6
2,2,,,,2,1,2,2,1,2,2,6664,gemini,2025,여성,6
2,2,,,,2,1,2,2,1,2,2,6665,gemini,2025,여성,6
2,2,,,,2,1,2,1,1,2,2,6666,gemini,2025,여성,6
2,2,,,,1,1,2,1,1,2,2,6667,gemini,2025,여성,6
2,2,,,,2,1,2,2,1,2,2,6668,gemini,2025,여성,6
2,2,,,,2,1,2,2,1,2,2,6669,gemini,2025,여성,6
2,1,1.0,4.0,2.0,1,1,2,1,1,2,1,6670,gemini,2025,여성,6
2,2,,,,2,1,2,2,1,2,2,6671,gemini,2025,여성,6
2,2,,,,2,1,2,2,1,2,2,6672,gemini,2025,여성,6
2,2,,,,2,1,2,2,1,2,2,6673,gemini,2025,여성,6
2,2,,,,1,1,2,2,1,2,2,6674,gemini,2025,여성,6
2,2,,,,2,1,2,2,1,2,2,6675,gemini,2025,여성,6
2,2,,,,2,1,2,2,1,2,2,6676,gemini,2025,여성,6
2,2,,,,2,1,2,2,1,2,2,6677,gemini,2025,여성,6
2,2,,,,1,1,2,1,1,2,2,6678,gemini,2025,여성,6
3,1,1.0,1.0,2.0,1,1,2,2,1,2,1,6679,gemini,2025,여성,6
2,2,,,,1,1,2,2,1,2,2,6680,gemini,2025,여성,6
2,2,,,,2,1,2,2,1,2,2,6681,gemini,2025,여성,6
3,1,1.0,4.0,2.0,1,1,2,2,1,2,2,6682,gemini,2025,여성,6
2,2,,,,2,1,2,2,1,2,2,6683,gemini,2025,여성,6
3,1,1.0,1.0,2.0,1,1,2,1,1,2,1,6684,gemini,2025,여성,6
2,2,,,,2,1,2,2,1,2,2,6685,gemini,2025,여성,6
2,2,,,,1,1,2,1,1,2,2,6686,gemini,2025,여성,6
2,2,,,,2,1,2,2,1,2,2,6687,gemini,2025,여성,6
2,2,,,,1,1,2,2,1,2,2,6688,gemini,2025,여성,6
2,2,,,,2,1,2,2,1,2,2,6689,gemini,2025,여성,6
2,2,,,,1,1,2,2,1,2,2,6690,gemini,2025,여성,6
2,2,,,,2,1,2,2,1,2,2,6691,gemini,2025,여성,6
2,2,,,,2,1,2,2,1,2,2,6692,gemini,2025,여성,6
2,2,,,,2,1,2,2,1,2,2,6693,gemini,2025,여성,6
2,2,,,,2,1,2,2,1,2,2,6694,gemini,2025,여성,6
2,2,,,,2,1,2,2,1,2,2,6695,gemini,2025,여성,6
2,2,,,,1,1,2,2,1,2,1,6696,gemini,2025,여성,6
2,2,,,,1,1,2,2,1,2,2,6697,gemini,2025,여성,6
2,2,,,,1,1,2,2,1,2,2,6698,gemini,2025,여성,6
2,2,,,,1,1,2,2,1,2,2,6699,gemini,2025,여성,6
2,1,1.0,4.0,2.0,1,1,2,1,1,2,1,6700,gemini,2025,여성,6
2,2,,,,2,1,2,2,1,2,2,6701,gemini,2025,여성,6
2,2,,,,2,1,2,2,1,2,2,6702,gemini,2025,여성,6
2,2,,,,2,1,2,2,1,2,2,6703,gemini,2025,여성,6
2,2,,,,1,1,2,2,1,2,2,6704,gemini,2025,여성,6
2,2,,,,2,1,2,2,1,2,2,6705,gemini,2025,여성,6
2,2,,,,2,1,2,2,1,2,2,6706,gemini,2025,여성,6
2,2,,,,2,1,2,2,1,2,2,6707,gemini,2025,여성,6
2,2,,,,2,1,2,2,1,2,2,6708,gemini,2025,여성,6
2,2,,,,2,1,2,2,1,2,2,6709,gemini,2025,여성,6
2,2,,,,2,1,2,1,1,2,2,6710,gemini,2025,여성,6
2,2,,,,2,1,2,2,1,2,2,6711,gemini,2025,여성,6
2,2,,,,2,1,2,2,1,2,2,6712,gemini,2025,여성,6
2,2,,,,2,1,2,2,1,2,2,6713,gemini,2025,여성,6
2,2,,,,1,1,2,2,1,2,2,6714,gemini,2025,여성,6
2,2,,,,2,1,2,2,1,2,2,6715,gemini,2025,여성,6
2,2,,,,2,1,2,2,1,2,2,6716,gemini,2025,여성,6
2,2,,,,2,1,2,2,1,2,2,6717,gemini,2025,여성,6
2,2,,,,1,1,2,1,1,2,2,6718,gemini,2025,여성,6
3,1,1.0,4.0,2.0,1,1,2,1,1,2,1,6719,gemini,2025,여성,6
2,2,,,,2,1,2,2,1,2,2,6720,gemini,2025,여성,6
2,2,,,,2,1,2,2,1,2,2,6721,gemini,2025,여성,6
2,2,,,,2,1,2,2,1,2,2,6722,gemini,2025,여성,6
3,1,1.0,4.0,2.0,1,1,2,1,1,2,1,6723,gemini,2025,여성,6
2,2,,,,2,1,2,2,1,2,2,6724,gemini,2025,여성,6
2,2,,,,2,1,2,2,1,2,2,6725,gemini,2025,여성,6
2,2,,,,2,1,2,2,1,2,2,6726,gemini,2025,여성,6
2,2,,,,2,1,2,2,1,2,2,6727,gemini,2025,여성,6
2,2,,,,1,1,2,1,1,2,2,6728,gemini,2025,여성,6
2,2,,,,2,1,2,2,1,2,2,6729,gemini,2025,여성,6
2,2,,,,2,1,2,2,1,2,2,6730,gemini,2025,여성,6
2,2,,,,2,1,2,2,1,2,2,6731,gemini,2025,여성,6
2,2,,,,1,1,2,2,1,2,1,6732,gemini,2025,여성,6
2,2,,,,2,1,2,2,1,2,2,6733,gemini,2025,여성,6
2,2,,,,2,1,2,2,1,2,2,6734,gemini,2025,여성,6
2,2,,,,2,1,2,2,1,2,2,6735,gemini,2025,여성,6
2,2,,,,2,1,2,2,1,2,2,6736,gemini,2025,여성,6
2,2,,,,1,1,2,2,1,2,2,6737,gemini,2025,여성,6
2,2,,,,2,1,2,2,1,2,2,6738,gemini,2025,여성,7
2,2,,,,2,1,2,2,1,2,2,6739,gemini,2025,여성,7
2,2,,,,2,1,2,2,1,2,2,6740,gemini,2025,여성,7
2,2,,,,2,1,2,2,1,2,2,6741,gemini,2025,여성,7
2,2,,,,2,1,2,2,1,2,2,6742,gemini,2025,여성,7
2,2,,,,2,1,2,2,1,2,2,6743,gemini,2025,여성,7
2,2,,,,2,1,2,2,1,2,2,6744,gemini,2025,여성,7
1,2,,,,2,2,2,2,1,2,2,6745,gemini,2025,여성,7
1,2,,,,2,1,2,2,1,2,2,6746,gemini,2025,여성,7
2,2,,,,2,1,2,2,1,2,2,6747,gemini,2025,여성,7
2,2,,,,2,1,2,2,1,2,2,6748,gemini,2025,여성,7
2,2,,,,2,1,2,2,1,2,2,6749,gemini,2025,여성,7
2,2,,,,2,1,2,2,1,2,2,6750,gemini,2025,여성,7
2,2,,,,2,1,2,1,1,2,2,6751,gemini,2025,여성,7
2,2,,,,2,1,2,2,1,2,2,6752,gemini,2025,여성,7
2,2,,,,2,1,2,2,1,2,2,6753,gemini,2025,여성,7
2,2,,,,2,1,2,1,1,2,2,6754,gemini,2025,여성,7
1,2,,,,2,1,2,2,1,2,2,6755,gemini,2025,여성,7
2,2,,,,2,1,2,2,1,2,2,6756,gemini,2025,여성,7
2,2,,,,2,1,2,2,1,2,2,6757,gemini,2025,여성,7
1,2,,,,2,2,2,2,1,2,2,6758,gemini,2025,여성,7
1,2,,,,2,1,2,2,1,2,2,6759,gemini,2025,여성,7
2,2,,,,2,1,2,2,1,2,2,6760,gemini,2025,여성,7
2,2,,,,2,1,2,2,1,2,2,6761,gemini,2025,여성,7
2,2,,,,2,1,2,1,1,2,2,6762,gemini,2025,여성,7
2,2,,,,1,1,2,2,1,2,2,6763,gemini,2025,여성,7
2,2,,,,2,1,2,2,1,2,2,6764,gemini,2025,여성,7
2,2,,,,2,1,2,1,1,2,2,6765,gemini,2025,여성,7
2,2,,,,2,1,2,2,1,2,2,6766,gemini,2025,여성,7
2,2,,,,2,1,2,2,1,2,2,6767,gemini,2025,여성,7
2,2,,,,2,1,2,2,1,2,2,6768,gemini,2025,여성,7
2,2,,,,2,1,2,2,1,2,2,6769,gemini,2025,여성,7
2,2,,,,2,1,2,2,1,2,2,6770,gemini,2025,여성,7
2,2,,,,2,1,2,2,1,2,2,6771,gemini,2025,여성,7
2,2,,,,2,1,2,1,1,2,2,6772,gemini,2025,여성,7
2,2,,,,2,1,2,1,1,2,2,6773,gemini,2025,여성,7
2,2,,,,2,1,2,2,1,2,2,6774,gemini,2025,여성,7
2,2,,,,2,1,2,2,1,2,2,6775,gemini,2025,여성,7
2,2,,,,2,1,2,2,1,2,2,6776,gemini,2025,여성,7
2,2,,,,2,1,2,2,1,2,2,6777,gemini,2025,여성,7
2,2,,,,2,1,2,2,1,2,2,6778,gemini,2025,여성,7
2,2,,,,2,1,2,2,1,2,2,6779,gemini,2025,여성,7
2,2,,,,2,1,2,2,1,2,2,6780,gemini,2025,여성,7
2,2,,,,2,1,2,1,1,2,2,6781,gemini,2025,여성,7
2,2,,,,2,1,2,2,1,2,2,6782,gemini,2025,여성,7
1,2,,,,2,1,2,2,1,2,2,6783,gemini,2025,여성,7
1,2,,,,2,1,2,2,1,2,2,6784,gemini,2025,여성,7
2,2,,,,2,1,2,2,1,2,2,6785,gemini,2025,여성,7
1,2,,,,2,1,2,2,1,2,2,6786,gemini,2025,여성,7
2,2,,,,2,1,2,2,1,2,2,6787,gemini,2025,여성,7
2,2,,,,1,1,2,2,1,2,2,6788,gemini,2025,여성,7
2,2,,,,2,1,2,2,1,2,2,6789,gemini,2025,여성,7
2,2,,,,2,1,2,2,1,2,2,6790,gemini,2025,여성,7
2,2,,,,2,1,2,2,1,2,2,6791,gemini,2025,여성,7
2,2,,,,2,1,2,2,1,2,2,6792,gemini,2025,여성,7
2,2,,,,2,1,2,2,1,2,2,6793,gemini,2025,여성,7
2,2,,,,2,1,2,2,1,2,2,6794,gemini,2025,여성,7
2,2,,,,2,1,2,2,1,2,2,6795,gemini,2025,여성,7
2,2,,,,2,1,2,2,1,2,2,6796,gemini,2025,여성,7
2,2,,,,2,1,2,2,1,2,2,6797,gemini,2025,여성,7
2,2,,,,2,1,2,2,1,2,2,6798,gemini,2025,여성,7
3,1,1.0,4.0,2.0,2,1,1,1,1,2,2,6799,gemini,2025,여성,7
2,2,,,,2,1,2,2,1,2,2,6800,gemini,2025,여성,7
2,2,,,,2,1,2,2,1,2,2,6801,gemini,2025,여성,7
2,2,,,,2,1,2,2,1,2,2,6802,gemini,2025,여성,7
1,2,,,,2,1,2,2,1,2,2,6803,gemini,2025,여성,7
2,2,,,,2,1,2,2,1,2,2,6804,gemini,2025,여성,7
2,2,,,,2,1,2,2,1,2,2,6805,gemini,2025,여성,7
2,2,,,,2,1,2,2,1,2,2,6806,gemini,2025,여성,7
1,2,,,,2,1,2,2,1,2,2,6807,gemini,2025,여성,7
2,2,,,,1,1,2,2,1,2,1,6808,gemini,2025,여성,7
2,2,,,,2,1,2,2,1,2,2,6809,gemini,2025,여성,7
1,2,,,,2,1,2,2,1,2,2,6810,gemini,2025,여성,7
2,2,,,,1,1,2,2,1,2,2,6811,gemini,2025,여성,7
1,2,,,,2,1,2,2,1,2,2,6812,gemini,2025,여성,7
2,2,,,,2,1,2,2,1,2,2,6813,gemini,2025,여성,7
2,2,,,,2,1,2,2,1,2,2,6814,gemini,2025,여성,7
1,2,,,,2,1,2,2,1,2,2,6815,gemini,2025,여성,7
2,2,,,,2,1,2,2,1,2,2,6816,gemini,2025,여성,7
2,2,,,,2,1,2,2,1,2,2,6817,gemini,2025,여성,7
1,2,,,,2,1,2,2,1,2,2,6818,gemini,2025,여성,7
2,2,,,,2,1,2,2,1,2,2,6819,gemini,2025,여성,7
1,2,,,,2,1,2,2,1,2,2,6820,gemini,2025,여성,7
2,2,,,,2,1,2,2,1,2,2,6821,gemini,2025,여성,7
2,2,,,,2,1,2,2,1,2,2,6822,gemini,2025,여성,7
2,2,,,,2,1,2,2,1,2,2,6823,gemini,2025,여성,7
2,2,,,,2,1,2,2,1,2,2,6824,gemini,2025,여성,7
1,2,,,,2,1,2,2,1,2,2,6825,gemini,2025,여성,7
2,2,,,,2,1,2,2,1,2,2,6826,gemini,2025,여성,7
2,2,,,,2,1,2,2,1,2,2,6827,gemini,2025,여성,7
2,2,,,,1,1,2,1,1,2,1,6828,gemini,2025,여성,7
2,2,,,,2,1,2,2,1,2,2,6829,gemini,2025,여성,7
2,2,,,,2,1,2,2,1,2,2,6830,gemini,2025,여성,7
2,2,,,,2,1,2,2,1,2,2,6831,gemini,2025,여성,7
2,2,,,,2,1,2,2,1,2,2,6832,gemini,2025,여성,7
1,2,,,,2,1,2,2,1,2,2,6833,gemini,2025,여성,7
2,2,,,,2,1,2,2,1,2,2,6834,gemini,2025,여성,7
1,2,,,,2,1,2,2,1,2,2,6835,gemini,2025,여성,7
1,2,,,,2,1,2,2,1,2,2,6836,gemini,2025,여성,7
2,2,,,,2,1,2,2,1,2,2,6837,gemini,2025,여성,7
2,2,,,,2,1,2,2,1,2,2,6838,gemini,2025,여성,7
2,2,,,,2,1,2,2,1,2,2,6839,gemini,2025,여성,7
2,2,,,,2,2,2,2,1,2,2,6840,gemini,2025,여성,7
2,2,,,,2,1,2,1,1,2,2,6841,gemini,2025,여성,7
2,2,,,,2,1,2,1,1,2,2,6842,gemini,2025,여성,7
2,2,,,,2,1,2,1,1,2,2,6843,gemini,2025,여성,7
2,2,,,,2,1,2,2,1,2,2,6844,gemini,2025,여성,7
2,2,,,,2,1,2,2,1,2,2,6845,gemini,2025,여성,7
2,2,,,,2,1,2,2,1,2,2,6846,gemini,2025,여성,7
2,2,,,,1,1,2,1,1,2,2,6847,gemini,2025,여성,7
2,2,,,,2,1,2,2,1,2,2,6848,gemini,2025,여성,7
2,2,,,,2,1,2,2,1,2,2,6849,gemini,2025,여성,7
2,2,,,,2,1,2,2,1,2,2,6850,gemini,2025,여성,7
2,2,,,,2,1,2,2,1,2,2,6851,gemini,2025,여성,7
2,2,,,,2,1,2,2,1,2,2,6852,gemini,2025,여성,7
2,2,,,,2,1,2,2,1,2,2,6853,gemini,2025,여성,7
2,2,,,,2,1,2,2,1,2,2,6854,gemini,2025,여성,7
2,2,,,,2,1,2,2,1,2,2,6855,gemini,2025,여성,7
2,2,,,,2,1,2,2,1,2,2,6856,gemini,2025,여성,7
2,2,,,,2,1,2,2,1,2,2,6857,gemini,2025,여성,7
2,2,,,,2,1,2,2,1,2,2,6858,gemini,2025,여성,7
2,2,,,,2,1,2,2,1,2,2,6859,gemini,2025,여성,7
1,2,,,,2,1,2,2,1,2,2,6860,gemini,2025,여성,7
2,2,,,,2,1,2,2,1,2,2,6861,gemini,2025,여성,7
2,2,,,,2,1,2,2,1,2,2,6862,gemini,2025,여성,7
2,2,,,,2,1,2,2,1,2,2,6863,gemini,2025,여성,7
2,2,,,,2,1,2,2,1,2,2,6864,gemini,2025,여성,7
2,2,,,,2,1,2,2,1,2,2,6865,gemini,2025,여성,7
2,2,,,,1,1,2,2,1,2,2,6866,gemini,2025,여성,7
3,1,1.0,3.0,2.0,1,1,1,1,1,2,1,6867,gemini,2025,여성,7
2,2,,,,2,1,2,2,1,2,2,6868,gemini,2025,여성,7
2,2,,,,2,1,2,2,1,2,2,6869,gemini,2025,여성,7
2,2,,,,2,1,2,2,1,2,2,6870,gemini,2025,여성,7
1,2,,,,2,1,2,2,1,2,2,6871,gemini,2025,여성,7
2,2,,,,2,1,2,1,1,2,2,6872,gemini,2025,여성,7
2,2,,,,2,1,2,2,1,2,2,6873,gemini,2025,여성,7
2,2,,,,2,1,2,2,1,2,2,6874,gemini,2025,여성,7
2,2,,,,2,1,2,2,1,2,2,6875,gemini,2025,여성,7
2,2,,,,2,1,2,2,1,2,2,6876,gemini,2025,여성,7
2,2,,,,2,1,2,2,1,2,2,6877,gemini,2025,여성,7
2,2,,,,2,1,2,2,1,2,2,6878,gemini,2025,여성,7
2,2,,,,2,1,2,2,1,2,2,6879,gemini,2025,여성,7
2,2,,,,1,1,2,2,1,2,2,6880,gemini,2025,여성,7
2,2,,,,2,1,2,2,1,2,2,6881,gemini,2025,여성,7
2,2,,,,1,1,2,2,1,2,2,6882,gemini,2025,여성,7
2,2,,,,1,1,2,2,1,2,2,6883,gemini,2025,여성,7
2,2,,,,2,1,2,2,1,2,2,6884,gemini,2025,여성,7
1,2,,,,2,1,2,2,1,2,2,6885,gemini,2025,여성,7
2,2,,,,2,1,2,2,1,2,2,6886,gemini,2025,여성,7
2,2,,,,2,1,2,2,1,2,2,6887,gemini,2025,여성,7
2,2,,,,2,1,2,2,1,2,2,6888,gemini,2025,여성,7
2,2,,,,2,1,2,2,1,2,2,6889,gemini,2025,여성,7
2,2,,,,2,1,2,2,1,2,2,6890,gemini,2025,여성,7
1,2,,,,2,1,2,2,1,2,2,6891,gemini,2025,여성,7
2,2,,,,2,1,2,2,1,2,2,6892,gemini,2025,여성,7
2,2,,,,2,1,2,2,1,2,2,6893,gemini,2025,여성,7
2,2,,,,2,1,2,2,1,2,2,6894,gemini,2025,여성,7
2,2,,,,2,1,2,2,1,2,2,6895,gemini,2025,여성,7
2,2,,,,2,1,2,2,1,2,2,6896,gemini,2025,여성,7
2,2,,,,2,1,2,2,1,2,2,6897,gemini,2025,여성,7
2,2,,,,2,1,2,2,1,2,2,6898,gemini,2025,여성,7
2,2,,,,2,1,2,2,1,2,2,6899,gemini,2025,여성,7
1,2,,,,2,1,2,2,1,2,2,6900,gemini,2025,여성,7
2,2,,,,2,1,2,2,1,2,2,6901,gemini,2025,여성,7
2,2,,,,2,1,2,1,1,2,2,6902,gemini,2025,여성,7
1,2,,,,2,1,2,2,1,2,2,6903,gemini,2025,여성,7
2,2,,,,2,1,2,2,1,2,2,6904,gemini,2025,여성,7
2,2,,,,1,1,2,1,1,2,2,6905,gemini,2025,여성,7
2,2,,,,1,1,2,2,1,2,2,6906,gemini,2025,여성,7
2,2,,,,2,1,2,2,1,2,2,6907,gemini,2025,여성,7
2,2,,,,2,1,2,2,1,2,2,6908,gemini,2025,여성,7
2,2,,,,2,1,2,2,1,2,2,6909,gemini,2025,여성,7
2,2,,,,2,1,2,2,1,2,2,6910,gemini,2025,여성,7
2,2,,,,2,1,2,2,1,2,2,6911,gemini,2025,여성,7
1,2,,,,2,1,2,2,1,2,2,6912,gemini,2025,여성,7
2,2,,,,1,1,2,2,1,2,2,6913,gemini,2025,여성,7
1,2,,,,2,1,2,2,1,2,2,6914,gemini,2025,여성,7
2,2,,,,2,1,2,2,1,2,2,6915,gemini,2025,여성,7
2,2,,,,2,1,2,2,1,2,2,6916,gemini,2025,여성,7
2,2,,,,1,1,2,2,1,2,2,6917,gemini,2025,여성,7
2,2,,,,2,1,2,2,1,2,2,6918,gemini,2025,여성,7
2,2,,,,1,1,2,2,1,2,2,6919,gemini,2025,여성,7
2,2,,,,2,1,2,2,1,2,2,6920,gemini,2025,여성,7
1,2,,,,2,1,2,2,1,2,2,6921,gemini,2025,여성,7
2,2,,,,1,1,1,1,1,2,2,6922,gemini,2025,여성,7
2,2,,,,2,1,2,2,1,2,2,6923,gemini,2025,여성,7
1,2,,,,2,1,2,2,1,2,2,6924,gemini,2025,여성,7
2,2,,,,2,1,2,2,1,2,2,6925,gemini,2025,여성,7
2,2,,,,2,1,2,2,1,2,2,6926,gemini,2025,여성,7
2,2,,,,2,1,2,2,1,2,2,6927,gemini,2025,여성,7
2,2,,,,1,1,2,1,1,2,2,6928,gemini,2025,여성,7
2,2,,,,2,1,2,2,1,2,2,6929,gemini,2025,여성,7
2,2,,,,2,1,2,1,1,2,2,6930,gemini,2025,여성,7
2,2,,,,2,1,2,2,1,2,2,6931,gemini,2025,여성,7
2,2,,,,2,1,2,2,1,2,2,6932,gemini,2025,여성,7
2,2,,,,2,1,2,2,1,2,2,6933,gemini,2025,여성,7
1,2,,,,2,1,2,2,1,2,2,6934,gemini,2025,여성,7
2,2,,,,2,1,2,2,1,2,2,6935,gemini,2025,여성,7
2,2,,,,2,1,2,2,1,2,2,6936,gemini,2025,여성,7
2,2,,,,2,1,2,2,1,2,2,6937,gemini,2025,여성,7
2,2,,,,2,1,2,2,1,2,2,6938,gemini,2025,여성,7
2,2,,,,1,1,2,1,1,2,2,6939,gemini,2025,여성,7
2,2,,,,1,1,2,2,1,2,2,6940,gemini,2025,여성,7
2,2,,,,2,1,2,2,1,2,2,6941,gemini,2025,여성,7
2,2,,,,2,1,2,2,1,2,2,6942,gemini,2025,여성,7
2,2,,,,2,1,2,2,1,2,2,6943,gemini,2025,여성,7
2,2,,,,2,1,2,2,1,2,2,6944,gemini,2025,여성,7
2,2,,,,2,1,2,2,1,2,2,6945,gemini,2025,여성,7
1,2,,,,2,2,2,2,1,2,2,6946,gemini,2025,여성,7
3,1,1.0,4.0,2.0,1,1,2,1,1,2,1,6947,gemini,2025,여성,7
1,2,,,,2,1,2,2,1,2,2,6948,gemini,2025,여성,7
2,2,,,,2,1,2,2,1,2,2,6949,gemini,2025,여성,7
1,2,,,,2,1,2,2,1,2,2,6950,gemini,2025,여성,7
2,2,,,,2,1,2,2,1,2,2,6951,gemini,2025,여성,7
1,2,,,,2,1,2,2,1,2,2,6952,gemini,2025,여성,7
2,2,,,,2,1,2,2,1,2,2,6953,gemini,2025,여성,7
2,2,,,,2,1,2,2,1,2,2,6954,gemini,2025,여성,7
2,2,,,,2,1,2,2,1,2,2,6955,gemini,2025,여성,7
2,2,,,,2,1,2,2,1,2,2,6956,gemini,2025,여성,7
2,2,,,,2,1,2,2,1,2,2,6957,gemini,2025,여성,7
2,2,,,,2,1,2,2,1,2,2,6958,gemini,2025,여성,7
1,2,,,,2,1,2,2,1,2,2,6959,gemini,2025,여성,7
2,2,,,,2,1,2,2,1,2,2,6960,gemini,2025,여성,7
2,2,,,,2,1,2,2,1,2,2,6961,gemini,2025,여성,7
2,2,,,,2,1,2,2,1,2,2,6962,gemini,2025,여성,7
2,2,,,,2,1,2,2,1,2,2,6963,gemini,2025,여성,7
2,2,,,,2,1,2,2,1,2,2,6964,gemini,2025,여성,7
2,2,,,,2,1,2,1,1,2,2,6965,gemini,2025,여성,7
2,2,,,,2,1,2,2,1,2,2,6966,gemini,2025,여성,7
2,2,,,,2,1,2,2,1,2,2,6967,gemini,2025,여성,7
2,2,,,,2,1,2,2,1,2,2,6968,gemini,2025,여성,7
2,2,,,,2,1,2,2,1,2,2,6969,gemini,2025,여성,7
2,2,,,,1,1,2,2,1,2,2,6970,gemini,2025,여성,7
2,2,,,,2,1,2,2,1,2,2,6971,gemini,2025,여성,7
2,2,,,,2,1,2,2,1,2,2,6972,gemini,2025,여성,7
2,2,,,,2,1,2,2,1,2,2,6973,gemini,2025,여성,7
2,2,,,,2,1,2,2,1,2,2,6974,gemini,2025,여성,7
1,2,,,,2,1,2,2,1,2,2,6975,gemini,2025,여성,7
2,2,,,,1,1,2,2,1,2,1,6976,gemini,2025,여성,7
2,2,,,,2,1,2,2,1,2,2,6977,gemini,2025,여성,7
2,2,,,,2,1,2,2,1,2,2,6978,gemini,2025,여성,7
2,2,,,,2,1,2,2,1,2,2,6979,gemini,2025,여성,7
2,2,,,,2,1,2,2,1,2,2,6980,gemini,2025,여성,7
2,2,,,,2,1,2,2,1,2,2,6981,gemini,2025,여성,7
2,2,,,,2,1,2,2,1,2,2,6982,gemini,2025,여성,7
2,2,,,,2,1,2,2,1,2,2,6983,gemini,2025,여성,7
2,2,,,,2,1,2,2,1,2,2,6984,gemini,2025,여성,7
2,2,,,,2,1,2,2,1,2,2,6985,gemini,2025,여성,7
2,2,,,,2,1,2,2,1,2,2,6986,gemini,2025,여성,7
2,2,,,,2,1,2,2,1,2,2,6987,gemini,2025,여성,7
2,2,,,,2,1,2,2,1,2,2,6988,gemini,2025,여성,7
2,2,,,,2,1,2,2,1,2,2,6989,gemini,2025,여성,7
1,2,,,,2,1,2,2,1,2,2,6990,gemini,2025,여성,7
1,2,,,,2,1,2,2,1,2,2,6991,gemini,2025,여성,7
2,2,,,,2,1,2,2,1,2,2,6992,gemini,2025,여성,7
2,2,,,,2,1,2,2,2,2,2,6993,gemini,2025,여성,7
2,2,,,,2,1,2,2,1,2,2,6994,gemini,2025,여성,7
2,2,,,,2,1,2,2,1,2,2,6995,gemini,2025,여성,7
2,2,,,,2,1,2,2,1,2,2,6996,gemini,2025,여성,7
2,2,,,,2,1,2,2,1,2,2,6997,gemini,2025,여성,7
2,2,,,,2,1,2,2,1,2,2,6998,gemini,2025,여성,7
1,2,,,,2,2,2,2,1,2,2,6999,gemini,2025,여성,7
2,2,,,,2,1,2,2,1,2,2,7000,gemini,2025,여성,7
2,2,,,,2,1,2,2,1,2,2,7001,gemini,2025,여성,7
2,2,,,,2,1,2,2,1,2,2,7002,gemini,2025,여성,7
2,2,,,,2,1,2,2,1,2,2,7003,gemini,2025,여성,7
2,2,,,,1,1,2,2,1,2,2,7004,gemini,2025,여성,7
2,2,,,,2,1,2,2,1,2,2,7005,gemini,2025,여성,7
2,2,,,,2,1,2,2,1,2,2,7006,gemini,2025,여성,7
2,2,,,,2,1,2,2,1,2,2,7007,gemini,2025,여성,7
2,2,,,,2,1,2,2,1,2,2,7008,gemini,2025,여성,7
2,2,,,,2,1,2,2,1,2,2,7009,gemini,2025,여성,7
2,2,,,,2,1,2,2,1,2,2,7010,gemini,2025,여성,7
2,2,,,,2,1,2,2,1,2,2,7011,gemini,2025,여성,7
1,2,,,,2,1,2,2,1,2,2,7012,gemini,2025,여성,7
2,2,,,,2,1,2,2,1,2,2,7013,gemini,2025,여성,7
2,2,,,,2,1,2,2,1,2,2,7014,gemini,2025,여성,7
2,2,,,,2,1,2,2,1,2,2,7015,gemini,2025,여성,7
2,2,,,,2,1,2,2,1,2,2,7016,gemini,2025,여성,7
2,2,,,,2,1,2,2,1,2,2,7017,gemini,2025,여성,7
2,2,,,,2,1,2,2,1,2,2,7018,gemini,2025,여성,7
2,2,,,,2,1,2,2,1,2,2,7019,gemini,2025,여성,7
2,2,,,,2,1,2,2,1,2,2,7020,gemini,2025,여성,7
1,2,,,,2,1,2,2,1,2,2,7021,gemini,2025,여성,7
2,2,,,,2,1,2,2,1,2,2,7022,gemini,2025,여성,7
2,2,,,,2,1,2,2,1,2,2,7023,gemini,2025,여성,7
1,2,,,,2,1,2,2,1,2,2,7024,gemini,2025,여성,7
2,2,,,,1,1,2,2,1,2,2,7025,gemini,2025,여성,7
2,2,,,,2,1,2,2,1,2,2,7026,gemini,2025,여성,7
2,2,,,,2,1,2,2,1,2,2,7027,gemini,2025,여성,7
2,2,,,,2,1,2,2,1,2,2,7028,gemini,2025,여성,7
2,2,,,,2,1,2,2,1,2,2,7029,gemini,2025,여성,7
2,2,,,,2,2,2,2,2,2,2,7030,gemini,2025,여성,7
2,2,,,,2,1,2,2,1,2,2,7031,gemini,2025,여성,7
2,2,,,,2,1,2,2,1,2,2,7032,gemini,2025,여성,7
1,2,,,,2,2,2,2,1,2,2,7033,gemini,2025,여성,7
2,2,,,,2,1,2,2,1,2,2,7034,gemini,2025,여성,7
2,2,,,,2,1,2,2,1,2,2,7035,gemini,2025,여성,7
2,2,,,,2,1,2,2,1,2,2,7036,gemini,2025,여성,7
2,2,,,,2,1,2,1,1,2,1,7037,gemini,2025,여성,7
2,2,,,,2,1,2,1,1,2,2,7038,gemini,2025,여성,7
2,2,,,,2,1,2,2,1,2,2,7039,gemini,2025,여성,7
2,2,,,,2,1,2,2,1,2,2,7040,gemini,2025,여성,7
2,2,,,,2,1,2,2,1,2,2,7041,gemini,2025,여성,7
2,2,,,,2,1,2,2,1,2,2,7042,gemini,2025,여성,7
2,2,,,,2,1,2,2,1,2,2,7043,gemini,2025,여성,7
2,2,,,,1,1,2,1,1,2,1,7044,gemini,2025,여성,7
2,2,,,,2,1,2,2,1,2,2,7045,gemini,2025,여성,7
2,2,,,,2,1,2,2,1,2,2,7046,gemini,2025,여성,7
2,2,,,,2,2,2,2,2,2,2,7047,gemini,2025,여성,7
1,2,,,,2,1,2,2,1,2,2,7048,gemini,2025,여성,7
2,2,,,,2,1,2,2,1,2,2,7049,gemini,2025,여성,7
2,2,,,,2,1,2,2,1,2,2,7050,gemini,2025,여성,7
2,2,,,,2,1,2,2,1,2,2,7051,gemini,2025,여성,7
1,2,,,,2,1,2,2,2,2,2,7052,gemini,2025,여성,7
2,2,,,,2,1,2,2,1,2,2,7053,gemini,2025,여성,7
2,2,,,,1,1,2,1,1,2,2,7054,gemini,2025,여성,7
2,2,,,,2,1,2,2,1,2,2,7055,gemini,2025,여성,7
1,2,,,,2,1,2,2,1,2,2,7056,gemini,2025,여성,7
2,2,,,,2,1,2,2,1,2,2,7057,gemini,2025,여성,7
2,2,,,,2,1,2,2,1,2,2,7058,gemini,2025,여성,7
2,2,,,,2,1,2,2,1,2,2,7059,gemini,2025,여성,7
1,2,,,,2,1,2,2,1,2,2,7060,gemini,2025,여성,7
1,2,,,,2,1,2,2,1,2,2,7061,gemini,2025,여성,7
2,2,,,,2,1,2,2,1,2,2,7062,gemini,2025,여성,7
2,2,,,,2,1,2,2,1,2,2,7063,gemini,2025,여성,7
2,2,,,,2,1,2,2,1,2,2,7064,gemini,2025,여성,7
2,2,,,,2,1,2,2,1,2,2,7065,gemini,2025,여성,7
2,2,,,,2,1,2,2,1,2,2,7066,gemini,2025,여성,7
2,1,1.0,4.0,2.0,1,1,2,1,1,2,1,7067,gemini,2025,여성,7
2,2,,,,2,1,2,2,1,2,2,7068,gemini,2025,여성,7
2,2,,,,2,1,2,2,1,2,2,7069,gemini,2025,여성,7
1,2,,,,2,1,2,2,1,2,2,7070,gemini,2025,여성,7
2,2,,,,2,1,2,2,1,2,2,7071,gemini,2025,여성,7
2,2,,,,1,1,2,1,1,2,2,7072,gemini,2025,여성,7
2,2,,,,1,1,2,1,1,2,2,7073,gemini,2025,여성,7
2,2,,,,2,1,2,2,1,2,2,7074,gemini,2025,여성,7
2,2,,,,2,1,2,2,1,2,2,7075,gemini,2025,여성,7
2,2,,,,2,1,2,2,1,2,2,7076,gemini,2025,여성,7
1,2,,,,2,1,2,2,1,2,2,7077,gemini,2025,여성,7
2,2,,,,2,1,2,2,1,2,2,7078,gemini,2025,여성,7
2,2,,,,1,1,2,2,1,2,2,7079,gemini,2025,여성,7
1,2,,,,2,1,2,2,1,2,2,7080,gemini,2025,여성,7
2,2,,,,2,1,2,2,1,2,2,7081,gemini,2025,여성,7
2,2,,,,2,1,2,2,1,2,2,7082,gemini,2025,여성,7
2,2,,,,2,1,2,2,1,2,2,7083,gemini,2025,여성,7
2,2,,,,2,1,2,2,1,2,2,7084,gemini,2025,여성,7
2,2,,,,2,1,2,2,1,2,2,7085,gemini,2025,여성,7
2,2,,,,2,1,2,1,1,2,2,7086,gemini,2025,여성,7
1,2,,,,2,1,2,2,1,2,2,7087,gemini,2025,여성,7
2,2,,,,2,1,2,2,1,2,2,7088,gemini,2025,여성,7
1,2,,,,2,2,2,2,1,2,2,7089,gemini,2025,여성,7
2,2,,,,1,1,2,2,1,2,2,7090,gemini,2025,여성,7
2,2,,,,2,1,2,2,1,2,2,7091,gemini,2025,여성,7
2,2,,,,2,1,2,2,1,2,2,7092,gemini,2025,여성,7
2,2,,,,2,1,2,2,1,2,2,7093,gemini,2025,여성,7
2,2,,,,1,1,2,1,1,2,2,7094,gemini,2025,여성,7
2,2,,,,2,1,2,2,1,2,2,7095,gemini,2025,여성,7
2,2,,,,2,1,2,2,1,2,2,7096,gemini,2025,여성,7
2,2,,,,2,1,2,2,1,2,2,7097,gemini,2025,여성,7
2,2,,,,2,1,2,2,1,2,2,7098,gemini,2025,여성,7
2,2,,,,2,1,2,2,1,2,2,7099,gemini,2025,여성,7
1,2,,,,2,1,2,2,1,2,2,7100,gemini,2025,여성,7
2,2,,,,2,1,2,1,1,2,2,7101,gemini,2025,여성,7
2,2,,,,2,1,2,2,1,2,2,7102,gemini,2025,여성,7
1,2,,,,2,1,2,2,1,2,2,7103,gemini,2025,여성,7
2,2,,,,2,1,2,2,1,2,2,7104,gemini,2025,여성,7
1,2,,,,2,1,2,2,1,2,2,7105,gemini,2025,여성,7
2,2,,,,2,1,2,2,1,2,2,7106,gemini,2025,여성,7
2,2,,,,2,1,2,2,1,2,2,7107,gemini,2025,여성,7
2,2,,,,2,1,2,2,1,2,2,7108,gemini,2025,여성,7
2,2,,,,2,1,2,1,1,2,2,7109,gemini,2025,여성,7
2,2,,,,2,1,2,2,1,2,2,7110,gemini,2025,여성,7
2,2,,,,1,1,2,2,1,2,2,7111,gemini,2025,여성,7
2,2,,,,2,1,2,2,1,2,2,7112,gemini,2025,여성,7
3,1,1.0,4.0,2.0,1,1,2,1,1,2,1,7113,gemini,2025,여성,7
1,2,,,,2,1,2,2,1,2,2,7114,gemini,2025,여성,7
1,2,,,,2,1,2,2,1,2,2,7115,gemini,2025,여성,7
3,1,1.0,3.0,2.0,2,1,2,2,1,2,2,7116,gemini,2025,여성,7
1,2,,,,2,2,2,2,1,2,2,7117,gemini,2025,여성,7
2,2,,,,2,1,2,2,1,2,2,7118,gemini,2025,여성,7
2,2,,,,2,1,2,2,1,2,2,7119,gemini,2025,여성,7
2,2,,,,1,1,2,2,1,2,2,7120,gemini,2025,여성,7
2,2,,,,2,1,2,2,1,2,2,7121,gemini,2025,여성,7
2,2,,,,2,1,2,2,1,2,2,7122,gemini,2025,여성,7
2,2,,,,1,1,2,1,1,2,1,7123,gemini,2025,여성,7
2,2,,,,2,1,2,2,1,2,2,7124,gemini,2025,여성,7
2,2,,,,2,1,2,2,1,2,2,7125,gemini,2025,여성,7
2,2,,,,2,1,2,2,1,2,2,7126,gemini,2025,여성,7
2,2,,,,2,1,2,2,1,2,2,7127,gemini,2025,여성,7
2,2,,,,2,1,2,2,1,2,2,7128,gemini,2025,여성,7
2,2,,,,1,1,2,2,1,2,2,7129,gemini,2025,여성,7
2,2,,,,1,1,2,2,1,2,1,7130,gemini,2025,여성,7
2,2,,,,2,1,2,2,1,2,2,7131,gemini,2025,여성,7
1,2,,,,2,2,2,2,1,2,2,7132,gemini,2025,여성,7
2,2,,,,1,1,2,2,1,2,2,7133,gemini,2025,여성,7
2,2,,,,2,1,2,2,1,2,2,7134,gemini,2025,여성,7
1,2,,,,2,1,2,2,1,2,2,7135,gemini,2025,여성,7
1,2,,,,2,1,2,2,1,2,2,7136,gemini,2025,여성,7
2,2,,,,2,1,2,2,1,2,2,7137,gemini,2025,여성,7
2,2,,,,2,1,2,2,1,2,2,7138,gemini,2025,여성,7
1,2,,,,2,1,2,2,1,2,2,7139,gemini,2025,여성,7
2,2,,,,2,1,2,2,1,2,2,7140,gemini,2025,여성,7
2,2,,,,2,1,2,2,1,2,2,7141,gemini,2025,여성,7
2,2,,,,2,1,2,1,1,2,2,7142,gemini,2025,여성,7
2,2,,,,2,1,2,2,1,2,2,7143,gemini,2025,여성,7
2,2,,,,2,1,2,1,1,2,2,7144,gemini,2025,여성,7
2,2,,,,2,1,2,2,1,2,2,7145,gemini,2025,여성,7
3,1,1.0,4.0,2.0,1,1,2,2,1,2,2,7146,gemini,2025,여성,7
2,2,,,,2,1,2,2,1,2,2,7147,gemini,2025,여성,7
2,2,,,,2,1,2,2,1,2,2,7148,gemini,2025,여성,7
2,2,,,,2,1,2,2,1,2,2,7149,gemini,2025,여성,7
3,1,1.0,1.0,2.0,1,1,2,1,1,2,1,7150,gemini,2025,여성,7
1,2,,,,2,1,2,2,1,2,2,7151,gemini,2025,여성,7
2,2,,,,2,1,2,2,1,2,2,7152,gemini,2025,여성,7
2,2,,,,2,1,2,2,1,2,2,7153,gemini,2025,여성,7
2,2,,,,2,1,2,2,1,2,2,7154,gemini,2025,여성,7
2,2,,,,2,1,2,2,1,2,2,7155,gemini,2025,여성,7
2,2,,,,2,1,2,2,1,2,2,7156,gemini,2025,여성,7
2,2,,,,2,1,2,1,1,2,2,7157,gemini,2025,여성,7
2,2,,,,2,1,2,2,1,2,2,7158,gemini,2025,여성,7
2,2,,,,2,1,2,2,1,2,2,7159,gemini,2025,여성,7
3,1,1.0,3.0,2.0,1,1,2,1,1,2,2,7160,gemini,2025,여성,7
1,2,,,,2,1,2,2,1,2,2,7161,gemini,2025,여성,7
2,2,,,,2,1,2,2,1,2,2,7162,gemini,2025,여성,7
2,2,,,,2,1,2,2,1,2,2,7163,gemini,2025,여성,7
2,2,,,,2,1,2,2,1,2,2,7164,gemini,2025,여성,7
1,2,,,,2,1,2,2,1,2,2,7165,gemini,2025,여성,7
2,2,,,,2,1,2,2,1,2,2,7166,gemini,2025,여성,7
1,2,,,,2,1,2,2,1,2,2,7167,gemini,2025,여성,7
2,2,,,,2,1,2,2,1,2,2,7168,gemini,2025,여성,7
2,2,,,,2,1,2,2,1,2,2,7169,gemini,2025,여성,7
1,2,,,,2,1,2,2,1,2,2,7170,gemini,2025,여성,7
3,1,1.0,4.0,2.0,1,1,2,1,1,2,1,7171,gemini,2025,여성,7
2,2,,,,2,1,2,2,1,2,2,7172,gemini,2025,여성,7
2,2,,,,2,1,2,2,1,2,2,7173,gemini,2025,여성,7
2,2,,,,2,1,2,2,1,2,2,7174,gemini,2025,여성,7
2,2,,,,2,1,2,2,1,2,2,7175,gemini,2025,여성,7
2,2,,,,2,1,2,2,1,2,2,7176,gemini,2025,여성,7
2,2,,,,2,1,2,2,1,2,2,7177,gemini,2025,여성,7
2,2,,,,2,1,2,2,1,2,2,7178,gemini,2025,여성,7
2,2,,,,2,1,2,2,1,2,2,7179,gemini,2025,여성,7
2,2,,,,2,1,2,2,1,2,2,7180,gemini,2025,여성,7
1,2,,,,2,1,2,2,1,2,2,7181,gemini,2025,여성,7
2,2,,,,1,1,2,1,1,2,2,7182,gemini,2025,여성,7
2,2,,,,2,1,2,2,1,2,2,7183,gemini,2025,여성,7
2,2,,,,2,1,2,2,1,2,2,7184,gemini,2025,여성,7
1,2,,,,2,1,2,2,1,2,2,7185,gemini,2025,여성,7
2,2,,,,2,1,2,2,1,2,2,7186,gemini,2025,여성,7
2,2,,,,2,1,2,2,1,2,2,7187,gemini,2025,여성,7
2,2,,,,2,1,2,2,1,2,2,7188,gemini,2025,여성,7
2,2,,,,2,1,2,2,1,2,2,7189,gemini,2025,여성,7
2,2,,,,2,1,2,2,1,2,2,7190,gemini,2025,여성,7
1,2,,,,2,1,2,2,1,2,2,7191,gemini,2025,여성,7
3,1,1.0,4.0,2.0,1,1,2,1,1,2,1,7192,gemini,2025,여성,7
2,2,,,,2,1,2,2,1,2,2,7193,gemini,2025,여성,7
2,2,,,,2,1,2,2,1,2,2,7194,gemini,2025,여성,7
2,2,,,,2,1,2,2,1,2,2,7195,gemini,2025,여성,7
2,2,,,,2,1,2,2,1,2,2,7196,gemini,2025,여성,7
2,2,,,,2,1,2,2,1,2,2,7197,gemini,2025,여성,7
2,2,,,,2,1,2,2,1,2,2,7198,gemini,2025,여성,7
2,2,,,,2,1,2,2,1,2,2,7199,gemini,2025,여성,7
2,2,,,,2,1,2,2,1,2,2,7200,gemini,2025,여성,7
2,2,,,,2,1,2,2,1,2,2,7201,gemini,2025,여성,7
2,2,,,,2,1,2,1,1,2,2,7202,gemini,2025,여성,7
2,2,,,,2,1,2,2,1,2,2,7203,gemini,2025,여성,7
2,2,,,,2,1,2,2,1,2,2,7204,gemini,2025,여성,7
2,2,,,,2,1,2,2,1,2,2,7205,gemini,2025,여성,7
2,2,,,,2,1,2,2,1,2,2,7206,gemini,2025,여성,7
2,2,,,,2,1,2,2,1,2,2,7207,gemini,2025,여성,7
2,2,,,,2,1,2,2,1,2,2,7208,gemini,2025,여성,7
2,2,,,,2,1,2,1,1,2,2,7209,gemini,2025,여성,7
2,2,,,,2,1,2,2,1,2,2,7210,gemini,2025,여성,7
2,2,,,,1,1,2,2,1,2,1,7211,gemini,2025,여성,7
2,2,,,,2,1,2,2,1,2,2,7212,gemini,2025,여성,7
1,2,,,,2,1,2,2,1,2,2,7213,gemini,2025,여성,7
2,2,,,,2,1,2,2,1,2,2,7214,gemini,2025,여성,7
2,2,,,,2,1,2,1,1,2,2,7215,gemini,2025,여성,7
2,2,,,,2,1,2,2,1,2,2,7216,gemini,2025,여성,7
2,2,,,,2,1,2,2,1,2,2,7217,gemini,2025,여성,7
3,1,1.0,4.0,2.0,1,1,2,1,1,2,1,7218,gemini,2025,여성,7
1,2,,,,2,1,2,2,1,2,2,7219,gemini,2025,여성,7
2,2,,,,2,1,2,2,1,2,2,7220,gemini,2025,여성,7
2,2,,,,2,1,2,2,1,2,2,7221,gemini,2025,여성,7
2,2,,,,2,1,2,2,1,2,2,7222,gemini,2025,여성,7
2,2,,,,2,1,2,1,1,2,2,7223,gemini,2025,여성,7
2,2,,,,2,1,2,1,1,2,2,7224,gemini,2025,여성,7
2,2,,,,2,1,2,2,1,2,2,7225,gemini,2025,여성,7
1,2,,,,2,1,2,2,1,2,2,7226,gemini,2025,여성,7
2,2,,,,2,1,2,2,1,2,2,7227,gemini,2025,여성,7
2,2,,,,2,1,2,2,1,2,2,7228,gemini,2025,여성,7
2,2,,,,2,1,2,2,1,2,2,7229,gemini,2025,여성,7
1,2,,,,2,1,2,2,1,2,2,7230,gemini,2025,여성,7
1,2,,,,2,1,2,2,1,2,2,7231,gemini,2025,여성,7
2,2,,,,2,1,2,1,1,2,2,7232,gemini,2025,여성,7
2,2,,,,1,1,2,2,1,2,1,7233,gemini,2025,여성,7
2,2,,,,2,1,2,2,1,2,2,7234,gemini,2025,여성,7
2,2,,,,2,1,2,2,1,2,2,7235,gemini,2025,여성,7
2,2,,,,2,1,2,2,1,2,2,7236,gemini,2025,여성,7
2,2,,,,2,1,2,2,1,2,2,7237,gemini,2025,여성,7
1,2,,,,2,1,2,2,1,2,2,7238,gemini,2025,여성,7
2,2,,,,2,1,2,2,1,2,2,7239,gemini,2025,여성,7
1,2,,,,2,1,2,2,1,2,2,7240,gemini,2025,여성,7
2,2,,,,2,1,2,2,1,2,2,7241,gemini,2025,여성,7
3,1,1.0,1.0,2.0,2,1,2,1,1,2,2,7242,gemini,2025,여성,7
2,2,,,,2,1,2,2,1,2,2,7243,gemini,2025,여성,7
2,2,,,,2,1,2,2,1,2,2,7244,gemini,2025,여성,7
2,2,,,,2,1,2,2,1,2,2,7245,gemini,2025,여성,7
2,2,,,,2,1,2,2,1,2,2,7246,gemini,2025,여성,7
2,2,,,,2,1,2,2,1,2,2,7247,gemini,2025,여성,7
2,2,,,,2,1,2,2,1,2,2,7248,gemini,2025,여성,7
2,2,,,,2,1,2,2,1,2,2,7249,gemini,2025,여성,7
2,2,,,,2,1,2,2,1,2,2,7250,gemini,2025,여성,7
2,2,,,,2,1,2,2,1,2,2,7251,gemini,2025,여성,7
3,1,1.0,1.0,2.0,1,1,2,2,1,2,1,7252,gemini,2025,여성,7
2,2,,,,2,1,2,2,1,2,2,7253,gemini,2025,여성,7
2,2,,,,2,1,2,2,1,2,2,7254,gemini,2025,여성,7
2,2,,,,2,1,2,2,1,2,2,7255,gemini,2025,여성,7
2,2,,,,2,1,2,2,1,2,2,7256,gemini,2025,여성,7
2,2,,,,2,1,2,2,1,2,2,7257,gemini,2025,여성,7
1,2,,,,2,1,2,2,1,2,2,7258,gemini,2025,여성,7
2,2,,,,2,1,2,2,1,2,2,7259,gemini,2025,여성,7
2,2,,,,2,1,2,2,1,2,2,7260,gemini,2025,여성,7
1,2,,,,2,1,2,2,1,2,2,7261,gemini,2025,여성,7
1,2,,,,2,1,2,2,1,2,2,7262,gemini,2025,여성,7
2,2,,,,2,1,2,1,1,2,2,7263,gemini,2025,여성,7
1,2,,,,2,1,2,2,1,2,2,7264,gemini,2025,여성,7
2,2,,,,2,1,2,2,1,2,2,7265,gemini,2025,여성,7
2,2,,,,2,1,2,2,1,2,2,7266,gemini,2025,여성,7
1,2,,,,2,1,2,2,1,2,2,7267,gemini,2025,여성,7
2,2,,,,1,1,2,2,1,2,2,7268,gemini,2025,여성,7
2,2,,,,2,1,2,2,1,2,2,7269,gemini,2025,여성,7
2,2,,,,2,1,2,2,1,2,2,7270,gemini,2025,여성,7
2,2,,,,2,1,2,2,1,2,2,7271,gemini,2025,여성,7
2,2,,,,2,1,2,2,1,2,2,7272,gemini,2025,여성,7
2,2,,,,2,1,2,2,1,2,2,7273,gemini,2025,여성,7
2,2,,,,2,1,2,2,1,2,2,7274,gemini,2025,여성,7
2,2,,,,2,1,2,2,1,2,2,7275,gemini,2025,여성,7
2,2,,,,2,1,2,2,1,2,2,7276,gemini,2025,여성,7
2,2,,,,2,1,2,2,1,2,2,7277,gemini,2025,여성,7
2,2,,,,2,1,2,2,1,2,2,7278,gemini,2025,여성,7
2,2,,,,2,1,2,2,1,2,2,7279,gemini,2025,여성,7
2,2,,,,2,1,2,2,1,2,2,7280,gemini,2025,여성,7
2,2,,,,1,1,2,2,1,2,2,7281,gemini,2025,여성,7
2,2,,,,2,1,2,2,1,2,2,7282,gemini,2025,여성,7
1,2,,,,2,1,2,2,1,2,2,7283,gemini,2025,여성,7
2,2,,,,2,1,2,2,1,2,2,7284,gemini,2025,여성,7
1,2,,,,2,2,2,2,1,2,2,7285,gemini,2025,여성,7
3,1,1.0,4.0,2.0,1,1,2,1,1,2,1,7286,gemini,2025,여성,7
2,2,,,,1,1,2,2,1,2,2,7287,gemini,2025,여성,7
2,2,,,,2,1,2,2,1,2,2,7288,gemini,2025,여성,7
2,2,,,,2,1,2,2,1,2,2,7289,gemini,2025,여성,7
2,2,,,,2,1,2,2,1,2,2,7290,gemini,2025,여성,7
2,2,,,,2,1,2,2,1,2,2,7291,gemini,2025,여성,7
2,2,,,,2,1,2,1,1,2,2,7292,gemini,2025,여성,7
2,2,,,,2,1,2,2,1,2,2,7293,gemini,2025,여성,7
2,2,,,,1,1,2,2,1,2,2,7294,gemini,2025,여성,7
2,2,,,,2,1,2,2,1,2,2,7295,gemini,2025,여성,7
3,1,1.0,4.0,2.0,1,1,2,2,1,2,1,7296,gemini,2025,여성,7
2,2,,,,2,1,2,2,1,2,2,7297,gemini,2025,여성,7
2,2,,,,2,1,2,2,1,2,2,7298,gemini,2025,여성,7
2,2,,,,2,1,2,2,1,2,2,7299,gemini,2025,여성,7
2,2,,,,2,1,2,2,1,2,2,7300,gemini,2025,여성,7
2,2,,,,2,1,2,2,1,2,2,7301,gemini,2025,여성,7
2,2,,,,2,1,2,2,1,2,2,7302,gemini,2025,여성,7
1,2,,,,2,1,2,2,1,2,2,7303,gemini,2025,여성,7
3,1,1.0,1.0,2.0,1,1,2,2,1,2,2,7304,gemini,2025,여성,7
2,2,,,,2,1,2,2,1,2,2,7305,gemini,2025,여성,7
2,2,,,,2,1,2,2,1,2,2,7306,gemini,2025,여성,7
2,2,,,,2,1,2,2,1,2,2,7307,gemini,2025,여성,7
2,2,,,,2,1,2,2,1,2,2,7308,gemini,2025,여성,7
2,2,,,,2,1,2,2,1,2,2,7309,gemini,2025,여성,7
2,2,,,,2,1,2,2,1,2,2,7310,gemini,2025,여성,7
2,2,,,,2,1,2,2,1,2,2,7311,gemini,2025,여성,7
2,2,,,,2,1,2,2,1,2,2,7312,gemini,2025,여성,7
2,2,,,,2,1,2,2,1,2,2,7313,gemini,2025,여성,7
2,2,,,,1,1,2,2,1,2,2,7314,gemini,2025,여성,7
2,2,,,,2,1,2,2,1,2,2,7315,gemini,2025,여성,7
2,2,,,,2,1,2,2,1,2,2,7316,gemini,2025,여성,7
2,2,,,,2,1,2,2,1,2,2,7317,gemini,2025,여성,7
1,2,,,,2,1,2,2,1,2,2,7318,gemini,2025,여성,7
2,2,,,,2,1,2,2,1,2,2,7319,gemini,2025,여성,7
2,2,,,,2,1,2,2,1,2,2,7320,gemini,2025,여성,7
2,2,,,,2,1,2,2,1,2,2,7321,gemini,2025,여성,7
2,2,,,,2,1,2,2,1,2,2,7322,gemini,2025,여성,7
2,2,,,,2,1,2,2,1,2,2,7323,gemini,2025,여성,7
2,2,,,,2,1,2,2,1,2,2,7324,gemini,2025,여성,7
2,2,,,,2,1,2,1,1,2,2,7325,gemini,2025,여성,7
2,2,,,,2,1,2,2,1,2,2,7326,gemini,2025,여성,7
2,2,,,,2,1,2,2,1,2,2,7327,gemini,2025,여성,7
2,2,,,,2,1,2,2,1,2,2,7328,gemini,2025,여성,7
2,2,,,,2,1,2,2,1,2,1,7329,gemini,2025,여성,7
2,2,,,,2,1,2,2,1,2,2,7330,gemini,2025,여성,7
1,2,,,,2,1,2,2,1,2,2,7331,gemini,2025,여성,7
2,2,,,,2,1,2,2,1,2,2,7332,gemini,2025,여성,7
2,2,,,,2,1,2,2,1,2,2,7333,gemini,2025,여성,7
2,2,,,,2,1,2,2,1,2,2,7334,gemini,2025,여성,7
2,2,,,,2,1,2,2,1,2,2,7335,gemini,2025,여성,7
3,1,1.0,3.0,2.0,1,1,2,2,1,2,2,7336,gemini,2025,여성,7
2,2,,,,2,1,2,2,1,2,2,7337,gemini,2025,여성,7
1,2,,,,2,1,2,2,1,2,2,7338,gemini,2025,여성,8
2,2,,,,2,1,2,2,1,2,2,7339,gemini,2025,여성,8
1,2,,,,2,2,2,2,2,2,2,7340,gemini,2025,여성,8
1,2,,,,2,1,2,2,1,2,2,7341,gemini,2025,여성,8
1,2,,,,2,2,2,2,2,2,2,7342,gemini,2025,여성,8
1,2,,,,2,1,2,2,2,2,2,7343,gemini,2025,여성,8
1,2,,,,2,2,2,2,2,2,2,7344,gemini,2025,여성,8
1,2,,,,2,1,2,2,1,2,2,7345,gemini,2025,여성,8
1,2,,,,2,2,2,2,2,2,2,7346,gemini,2025,여성,8
1,2,,,,2,2,2,2,2,2,2,7347,gemini,2025,여성,8
2,2,,,,2,1,2,2,1,2,2,7348,gemini,2025,여성,8
1,2,,,,2,1,2,2,2,2,2,7349,gemini,2025,여성,8
1,2,,,,2,1,2,2,1,2,2,7350,gemini,2025,여성,8
1,2,,,,2,2,2,2,2,2,2,7351,gemini,2025,여성,8
1,2,,,,2,2,2,2,2,2,2,7352,gemini,2025,여성,8
2,2,,,,2,1,2,2,1,2,2,7353,gemini,2025,여성,8
1,2,,,,2,1,2,2,1,2,2,7354,gemini,2025,여성,8
1,2,,,,2,1,2,2,2,2,2,7355,gemini,2025,여성,8
1,2,,,,2,2,2,2,1,2,2,7356,gemini,2025,여성,8
1,2,,,,2,2,2,2,2,2,2,7357,gemini,2025,여성,8
2,2,,,,2,1,2,2,1,2,2,7358,gemini,2025,여성,8
1,2,,,,2,2,2,2,2,2,2,7359,gemini,2025,여성,8
1,2,,,,2,2,2,2,2,2,2,7360,gemini,2025,여성,8
1,2,,,,2,1,2,2,1,2,2,7361,gemini,2025,여성,8
1,2,,,,2,2,2,2,2,2,2,7362,gemini,2025,여성,8
1,2,,,,2,2,2,2,2,2,2,7363,gemini,2025,여성,8
1,2,,,,2,2,2,2,2,2,2,7364,gemini,2025,여성,8
1,2,,,,2,2,2,2,2,2,2,7365,gemini,2025,여성,8
1,2,,,,2,1,2,2,2,2,2,7366,gemini,2025,여성,8
1,2,,,,2,1,2,2,1,2,2,7367,gemini,2025,여성,8
2,2,,,,2,1,2,2,1,2,2,7368,gemini,2025,여성,8
2,2,,,,2,1,2,2,1,2,2,7369,gemini,2025,여성,8
1,2,,,,2,1,2,2,1,2,2,7370,gemini,2025,여성,8
2,2,,,,2,1,2,2,1,2,2,7371,gemini,2025,여성,8
1,2,,,,2,2,2,2,2,2,2,7372,gemini,2025,여성,8
2,2,,,,2,1,2,2,1,2,2,7373,gemini,2025,여성,8
1,2,,,,2,2,2,2,2,2,2,7374,gemini,2025,여성,8
2,2,,,,2,2,2,2,2,2,2,7375,gemini,2025,여성,8
1,2,,,,2,2,2,2,2,2,2,7376,gemini,2025,여성,8
1,2,,,,2,2,2,2,2,2,2,7377,gemini,2025,여성,8
2,2,,,,2,1,2,2,1,2,2,7378,gemini,2025,여성,8
2,2,,,,2,1,2,2,1,2,2,7379,gemini,2025,여성,8
1,2,,,,2,2,2,2,2,2,2,7380,gemini,2025,여성,8
2,2,,,,2,1,2,2,1,2,2,7381,gemini,2025,여성,8
1,2,,,,2,1,2,2,1,2,2,7382,gemini,2025,여성,8
1,2,,,,2,2,2,2,2,2,2,7383,gemini,2025,여성,8
2,2,,,,2,1,2,2,1,2,2,7384,gemini,2025,여성,8
1,2,,,,2,1,2,2,1,2,2,7385,gemini,2025,여성,8
1,2,,,,2,2,2,2,2,2,2,7386,gemini,2025,여성,8
1,2,,,,2,2,2,2,2,2,2,7387,gemini,2025,여성,8
2,2,,,,2,1,2,2,1,2,2,7388,gemini,2025,여성,8
1,2,,,,2,1,2,2,1,2,2,7389,gemini,2025,여성,8
1,2,,,,2,1,2,2,1,2,2,7390,gemini,2025,여성,8
1,2,,,,2,2,2,2,2,2,2,7391,gemini,2025,여성,8
2,2,,,,2,2,2,2,1,2,2,7392,gemini,2025,여성,8
2,2,,,,2,2,2,2,1,2,2,7393,gemini,2025,여성,8
1,2,,,,2,1,2,2,1,2,2,7394,gemini,2025,여성,8
1,2,,,,2,1,2,2,1,2,2,7395,gemini,2025,여성,8
2,2,,,,2,1,2,2,1,2,2,7396,gemini,2025,여성,8
1,2,,,,2,1,2,2,1,2,2,7397,gemini,2025,여성,8
2,2,,,,2,1,2,2,1,2,2,7398,gemini,2025,여성,8
1,2,,,,2,1,2,2,1,2,2,7399,gemini,2025,여성,8
1,2,,,,2,1,2,2,1,2,2,7400,gemini,2025,여성,8
1,2,,,,2,1,2,2,2,2,2,7401,gemini,2025,여성,8
1,2,,,,2,1,2,2,1,2,2,7402,gemini,2025,여성,8
2,2,,,,2,1,2,2,1,2,2,7403,gemini,2025,여성,8
1,2,,,,2,1,2,2,1,2,2,7404,gemini,2025,여성,8
2,2,,,,2,1,2,2,1,2,2,7405,gemini,2025,여성,8
1,2,,,,2,2,2,2,2,2,2,7406,gemini,2025,여성,8
2,2,,,,2,1,2,2,1,2,2,7407,gemini,2025,여성,8
1,2,,,,2,1,2,2,1,2,2,7408,gemini,2025,여성,8
1,2,,,,2,2,2,2,2,2,2,7409,gemini,2025,여성,8
1,2,,,,2,1,2,2,1,2,2,7410,gemini,2025,여성,8
1,2,,,,2,2,2,2,2,2,2,7411,gemini,2025,여성,8
1,2,,,,2,1,2,2,2,2,2,7412,gemini,2025,여성,8
2,2,,,,2,1,2,2,1,2,2,7413,gemini,2025,여성,8
2,2,,,,1,1,2,2,1,2,2,7414,gemini,2025,여성,8
1,2,,,,2,1,2,2,1,2,2,7415,gemini,2025,여성,8
2,2,,,,2,1,2,2,1,2,2,7416,gemini,2025,여성,8
1,2,,,,2,2,2,2,2,2,2,7417,gemini,2025,여성,8
2,2,,,,2,1,2,2,1,2,2,7418,gemini,2025,여성,8
2,2,,,,1,1,2,2,1,2,2,7419,gemini,2025,여성,8
1,2,,,,2,1,2,2,1,2,2,7420,gemini,2025,여성,8
1,2,,,,2,1,2,2,1,2,2,7421,gemini,2025,여성,8
2,2,,,,2,1,2,2,1,2,2,7422,gemini,2025,여성,8
1,2,,,,2,2,2,2,2,2,2,7423,gemini,2025,여성,8
1,2,,,,2,1,2,2,2,2,2,7424,gemini,2025,여성,8
1,2,,,,2,2,2,2,1,2,2,7425,gemini,2025,여성,8
2,2,,,,2,1,2,2,1,2,2,7426,gemini,2025,여성,8
1,2,,,,2,1,2,2,1,2,2,7427,gemini,2025,여성,8
1,2,,,,2,1,2,2,2,2,2,7428,gemini,2025,여성,8
2,2,,,,2,1,2,2,1,2,2,7429,gemini,2025,여성,8
1,2,,,,2,1,2,2,1,2,2,7430,gemini,2025,여성,8
1,2,,,,2,2,2,2,2,2,2,7431,gemini,2025,여성,8
1,2,,,,2,1,2,2,1,2,2,7432,gemini,2025,여성,8
2,2,,,,2,1,2,2,1,2,2,7433,gemini,2025,여성,8
1,2,,,,2,1,2,2,2,2,2,7434,gemini,2025,여성,8
2,2,,,,2,1,2,2,1,2,2,7435,gemini,2025,여성,8
2,2,,,,2,1,2,2,1,2,2,7436,gemini,2025,여성,8
2,2,,,,2,1,2,2,1,2,2,7437,gemini,2025,여성,8
1,2,,,,2,2,2,2,2,2,2,7438,gemini,2025,여성,8
1,2,,,,2,2,2,2,2,2,2,7439,gemini,2025,여성,8
1,2,,,,2,1,2,2,1,2,2,7440,gemini,2025,여성,8
1,2,,,,2,1,2,2,1,2,2,7441,gemini,2025,여성,8
1,2,,,,2,2,2,2,2,2,2,7442,gemini,2025,여성,8
2,2,,,,2,1,2,1,1,2,2,7443,gemini,2025,여성,8
1,2,,,,2,1,2,2,1,2,2,7444,gemini,2025,여성,8
1,2,,,,2,1,2,2,1,2,2,7445,gemini,2025,여성,8
1,2,,,,2,1,2,2,1,2,2,7446,gemini,2025,여성,8
1,2,,,,2,1,2,2,1,2,2,7447,gemini,2025,여성,8
2,2,,,,2,1,2,2,1,2,2,7448,gemini,2025,여성,8
1,2,,,,2,2,2,2,1,2,2,7449,gemini,2025,여성,8
2,2,,,,2,1,2,2,1,2,2,7450,gemini,2025,여성,8
1,2,,,,2,1,2,2,1,2,2,7451,gemini,2025,여성,8
1,2,,,,2,1,2,2,2,2,2,7452,gemini,2025,여성,8
1,2,,,,2,2,2,2,2,2,2,7453,gemini,2025,여성,8
1,2,,,,2,2,2,2,1,2,2,7454,gemini,2025,여성,8
1,2,,,,2,2,2,2,2,2,2,7455,gemini,2025,여성,8
2,2,,,,2,1,2,2,1,2,2,7456,gemini,2025,여성,8
1,2,,,,2,2,2,2,2,2,2,7457,gemini,2025,여성,8
1,2,,,,2,2,2,2,2,2,2,7458,gemini,2025,여성,8
2,2,,,,2,1,2,2,1,2,2,7459,gemini,2025,여성,8
2,2,,,,2,1,2,2,1,2,2,7460,gemini,2025,여성,8
1,2,,,,2,1,2,2,1,2,2,7461,gemini,2025,여성,8
1,2,,,,2,1,2,2,1,2,2,7462,gemini,2025,여성,8
1,2,,,,2,2,2,2,2,2,2,7463,gemini,2025,여성,8
1,2,,,,2,2,2,2,2,2,2,7464,gemini,2025,여성,8
2,2,,,,2,1,2,2,1,2,2,7465,gemini,2025,여성,8
1,2,,,,2,1,2,2,1,2,2,7466,gemini,2025,여성,8
2,2,,,,2,1,2,2,1,2,2,7467,gemini,2025,여성,8
1,2,,,,2,1,2,2,1,2,2,7468,gemini,2025,여성,8
1,2,,,,2,2,2,2,2,2,2,7469,gemini,2025,여성,8
1,2,,,,2,2,2,2,1,2,2,7470,gemini,2025,여성,8
1,2,,,,2,1,2,2,1,2,2,7471,gemini,2025,여성,8
1,2,,,,2,1,2,2,1,2,2,7472,gemini,2025,여성,8
1,2,,,,2,2,2,2,2,2,2,7473,gemini,2025,여성,8
2,2,,,,2,2,2,2,2,2,2,7474,gemini,2025,여성,8
2,2,,,,2,1,2,2,1,2,2,7475,gemini,2025,여성,8
2,2,,,,2,1,2,1,1,2,2,7476,gemini,2025,여성,8
1,2,,,,2,2,2,2,2,2,2,7477,gemini,2025,여성,8
1,2,,,,2,1,2,2,1,2,2,7478,gemini,2025,여성,8
1,2,,,,2,2,2,2,2,2,2,7479,gemini,2025,여성,8
1,2,,,,2,2,2,2,2,2,2,7480,gemini,2025,여성,8
1,2,,,,2,2,2,2,2,2,2,7481,gemini,2025,여성,8
1,2,,,,2,2,2,2,1,2,2,7482,gemini,2025,여성,8
1,2,,,,2,2,2,2,2,2,2,7483,gemini,2025,여성,8
1,2,,,,2,1,2,2,2,2,2,7484,gemini,2025,여성,8
1,2,,,,2,2,2,2,2,2,2,7485,gemini,2025,여성,8
1,2,,,,2,2,2,2,2,2,2,7486,gemini,2025,여성,8
2,2,,,,2,1,2,2,1,2,2,7487,gemini,2025,여성,8
1,2,,,,2,1,2,2,1,2,2,7488,gemini,2025,여성,8
1,2,,,,2,2,2,2,2,2,2,7489,gemini,2025,여성,8
1,2,,,,2,2,2,2,2,2,2,7490,gemini,2025,여성,8
1,2,,,,2,1,2,2,1,2,2,7491,gemini,2025,여성,8
1,2,,,,2,2,2,2,2,2,2,7492,gemini,2025,여성,8
1,2,,,,1,1,2,2,1,2,2,7493,gemini,2025,여성,8
1,2,,,,2,2,2,2,2,2,2,7494,gemini,2025,여성,8
1,2,,,,2,2,2,2,2,2,2,7495,gemini,2025,여성,8
1,2,,,,2,1,2,2,1,2,2,7496,gemini,2025,여성,8
1,2,,,,2,1,2,2,1,2,2,7497,gemini,2025,여성,8
1,2,,,,2,2,2,2,1,2,2,7498,gemini,2025,여성,8
2,2,,,,2,1,2,2,1,2,2,7499,gemini,2025,여성,8
2,2,,,,2,1,2,2,1,2,2,7500,gemini,2025,여성,8
1,2,,,,2,2,2,2,2,2,2,7501,gemini,2025,여성,8
1,2,,,,2,1,2,2,1,2,2,7502,gemini,2025,여성,8
1,2,,,,2,1,2,2,1,2,2,7503,gemini,2025,여성,8
2,2,,,,2,1,2,2,1,2,2,7504,gemini,2025,여성,8
1,2,,,,2,1,2,2,1,2,2,7505,gemini,2025,여성,8
2,2,,,,2,1,2,2,1,2,2,7506,gemini,2025,여성,8
1,2,,,,2,2,2,2,2,2,2,7507,gemini,2025,여성,8
1,2,,,,2,1,2,2,1,2,2,7508,gemini,2025,여성,8
1,2,,,,2,2,2,2,2,2,2,7509,gemini,2025,여성,8
1,2,,,,2,2,2,2,1,2,2,7510,gemini,2025,여성,8
1,2,,,,2,1,2,2,1,2,2,7511,gemini,2025,여성,8
1,2,,,,2,1,2,2,2,2,2,7512,gemini,2025,여성,8
2,2,,,,2,1,2,2,1,2,2,7513,gemini,2025,여성,8
2,2,,,,2,1,2,2,1,2,2,7514,gemini,2025,여성,8
2,2,,,,2,1,2,2,1,2,2,7515,gemini,2025,여성,8
2,2,,,,2,1,2,2,1,2,2,7516,gemini,2025,여성,8
1,2,,,,2,1,2,2,2,2,2,7517,gemini,2025,여성,8
1,2,,,,2,2,2,2,2,2,2,7518,gemini,2025,여성,8
2,2,,,,2,1,2,2,1,2,2,7519,gemini,2025,여성,8
1,2,,,,2,1,2,2,1,2,2,7520,gemini,2025,여성,8
1,2,,,,2,1,2,2,1,2,2,7521,gemini,2025,여성,8
1,2,,,,2,2,2,2,2,2,2,7522,gemini,2025,여성,8
2,2,,,,2,1,2,2,1,2,2,7523,gemini,2025,여성,8
1,2,,,,2,1,2,2,1,2,2,7524,gemini,2025,여성,8
2,2,,,,2,1,2,2,1,2,2,7525,gemini,2025,여성,8
1,2,,,,2,1,2,2,2,2,2,7526,gemini,2025,여성,8
2,2,,,,2,1,2,2,1,2,2,7527,gemini,2025,여성,8
1,2,,,,2,2,2,2,2,2,2,7528,gemini,2025,여성,8
1,2,,,,2,2,2,2,2,2,2,7529,gemini,2025,여성,8
1,2,,,,2,2,2,2,2,2,2,7530,gemini,2025,여성,8
2,2,,,,2,1,2,2,1,2,2,7531,gemini,2025,여성,8
2,2,,,,2,1,2,2,1,2,2,7532,gemini,2025,여성,8
1,2,,,,2,1,2,2,2,2,2,7533,gemini,2025,여성,8
2,2,,,,2,1,2,2,1,2,2,7534,gemini,2025,여성,8
1,2,,,,2,1,2,2,1,2,2,7535,gemini,2025,여성,8
1,2,,,,2,1,2,2,2,2,2,7536,gemini,2025,여성,8
1,2,,,,2,1,2,2,1,2,2,7537,gemini,2025,여성,8
1,2,,,,2,2,2,2,2,2,2,7538,gemini,2025,여성,8
1,2,,,,2,1,2,2,1,2,2,7539,gemini,2025,여성,8
1,2,,,,2,1,2,2,2,2,2,7540,gemini,2025,여성,8
1,2,,,,2,1,2,2,2,2,2,7541,gemini,2025,여성,8
1,2,,,,2,1,2,2,2,2,2,7542,gemini,2025,여성,8
1,2,,,,2,1,2,2,1,2,2,7543,gemini,2025,여성,8
1,2,,,,2,2,2,2,2,2,2,7544,gemini,2025,여성,8
1,2,,,,2,2,2,2,2,2,2,7545,gemini,2025,여성,8
1,2,,,,2,2,2,2,2,2,2,7546,gemini,2025,여성,8
2,2,,,,2,1,2,2,1,2,2,7547,gemini,2025,여성,8
2,2,,,,2,1,2,2,1,2,2,7548,gemini,2025,여성,8
1,2,,,,2,1,2,2,2,2,2,7549,gemini,2025,여성,8
2,2,,,,2,1,2,2,1,2,2,7550,gemini,2025,여성,8
1,2,,,,2,1,2,2,1,2,2,7551,gemini,2025,여성,8
1,2,,,,2,2,2,2,2,2,2,7552,gemini,2025,여성,8
1,2,,,,2,2,2,2,2,2,2,7553,gemini,2025,여성,8
1,2,,,,2,1,2,2,1,2,2,7554,gemini,2025,여성,8
1,2,,,,2,2,2,2,2,2,2,7555,gemini,2025,여성,8
1,2,,,,2,1,2,2,2,2,2,7556,gemini,2025,여성,8
1,2,,,,2,1,2,2,2,2,2,7557,gemini,2025,여성,8
1,2,,,,2,2,2,2,2,2,2,7558,gemini,2025,여성,8
2,2,,,,2,1,2,2,1,2,2,7559,gemini,2025,여성,8
1,2,,,,2,1,2,2,2,2,2,7560,gemini,2025,여성,8
1,2,,,,2,1,2,2,1,2,2,7561,gemini,2025,여성,8
1,2,,,,2,2,2,2,2,2,2,7562,gemini,2025,여성,8
1,2,,,,2,1,2,2,1,2,2,7563,gemini,2025,여성,8
1,2,,,,2,1,2,2,1,2,2,7564,gemini,2025,여성,8
1,2,,,,2,1,2,2,1,2,2,7565,gemini,2025,여성,8
1,2,,,,2,1,2,2,1,2,2,7566,gemini,2025,여성,8
1,2,,,,2,2,2,2,2,2,2,7567,gemini,2025,여성,8
1,2,,,,2,1,2,2,1,2,2,7568,gemini,2025,여성,8
1,2,,,,2,1,2,2,1,2,2,7569,gemini,2025,여성,8
1,2,,,,2,2,2,2,2,2,2,7570,gemini,2025,여성,8
2,2,,,,2,1,2,2,1,2,2,7571,gemini,2025,여성,8
1,2,,,,2,2,2,2,2,2,2,7572,gemini,2025,여성,8
1,2,,,,2,1,2,2,1,2,2,7573,gemini,2025,여성,8
1,2,,,,2,2,2,2,2,2,2,7574,gemini,2025,여성,8
1,2,,,,2,2,2,2,2,2,2,7575,gemini,2025,여성,8
1,2,,,,2,1,2,2,1,2,2,7576,gemini,2025,여성,8
2,2,,,,2,1,2,2,1,2,2,7577,gemini,2025,여성,8
1,2,,,,2,1,2,2,1,2,2,7578,gemini,2025,여성,8
3,1,1.0,4.0,2.0,2,1,2,2,1,2,2,7579,gemini,2025,여성,8
1,2,,,,2,2,2,2,2,2,2,7580,gemini,2025,여성,8
1,2,,,,2,2,2,2,1,2,2,7581,gemini,2025,여성,8
1,2,,,,2,1,2,2,1,2,2,7582,gemini,2025,여성,8
1,2,,,,2,2,2,2,1,2,2,7583,gemini,2025,여성,8
1,2,,,,2,1,2,2,1,2,2,7584,gemini,2025,여성,8
2,2,,,,2,1,2,2,1,2,2,7585,gemini,2025,여성,8
2,2,,,,2,1,2,2,1,2,2,7586,gemini,2025,여성,8
2,2,,,,2,1,2,2,1,2,2,7587,gemini,2025,여성,8
1,2,,,,2,1,2,2,1,2,2,7588,gemini,2025,여성,8
1,2,,,,2,1,2,2,1,2,2,7589,gemini,2025,여성,8
1,2,,,,2,1,2,2,1,2,2,7590,gemini,2025,여성,8
1,2,,,,2,1,2,2,1,2,2,7591,gemini,2025,여성,8
2,2,,,,2,1,2,2,1,2,2,7592,gemini,2025,여성,8
1,2,,,,2,2,2,2,2,2,2,7593,gemini,2025,여성,8
2,2,,,,2,1,2,2,1,2,2,7594,gemini,2025,여성,8
2,2,,,,2,1,2,2,1,2,2,7595,gemini,2025,여성,8
1,2,,,,2,2,2,2,2,2,2,7596,gemini,2025,여성,8
2,2,,,,2,1,2,2,1,2,2,7597,gemini,2025,여성,8
1,2,,,,2,2,2,2,1,2,2,7598,gemini,2025,여성,8
1,2,,,,2,2,2,2,1,2,2,7599,gemini,2025,여성,8
1,2,,,,2,2,2,2,2,2,2,7600,gemini,2025,여성,8
2,2,,,,2,1,2,2,1,2,2,7601,gemini,2025,여성,8
1,2,,,,2,1,2,2,1,2,2,7602,gemini,2025,여성,8
1,2,,,,2,1,2,2,1,2,2,7603,gemini,2025,여성,8
1,2,,,,2,1,2,2,1,2,2,7604,gemini,2025,여성,8
2,2,,,,2,1,2,2,1,2,2,7605,gemini,2025,여성,8
1,2,,,,2,1,2,2,1,2,2,7606,gemini,2025,여성,8
1,2,,,,2,1,2,2,1,2,2,7607,gemini,2025,여성,8
2,2,,,,2,1,2,2,1,2,2,7608,gemini,2025,여성,8
1,2,,,,2,2,2,2,2,2,2,7609,gemini,2025,여성,8
1,2,,,,2,1,2,2,2,2,2,7610,gemini,2025,여성,8
1,2,,,,2,2,2,2,2,2,2,7611,gemini,2025,여성,8
2,2,,,,2,1,2,2,1,2,2,7612,gemini,2025,여성,8
2,2,,,,2,1,2,2,1,2,2,7613,gemini,2025,여성,8
1,2,,,,2,1,2,2,1,2,2,7614,gemini,2025,여성,8
1,2,,,,2,1,2,2,1,2,2,7615,gemini,2025,여성,8
1,2,,,,2,2,2,2,2,2,2,7616,gemini,2025,여성,8
1,2,,,,2,2,2,2,2,2,2,7617,gemini,2025,여성,8
1,2,,,,2,2,2,2,2,2,2,7618,gemini,2025,여성,8
1,2,,,,2,2,2,2,2,2,2,7619,gemini,2025,여성,8
1,2,,,,2,2,2,2,2,2,2,7620,gemini,2025,여성,8
1,2,,,,2,1,2,2,1,2,2,7621,gemini,2025,여성,8
1,2,,,,2,2,2,2,2,2,2,7622,gemini,2025,여성,8
2,2,,,,2,1,2,2,1,2,2,7623,gemini,2025,여성,8
1,2,,,,2,2,2,2,2,2,2,7624,gemini,2025,여성,8
1,2,,,,2,1,2,2,2,2,2,7625,gemini,2025,여성,8
1,2,,,,2,2,2,2,2,2,2,7626,gemini,2025,여성,8
1,2,,,,2,2,2,2,1,2,2,7627,gemini,2025,여성,8
2,2,,,,2,1,2,2,1,2,2,7628,gemini,2025,여성,8
2,2,,,,2,1,2,2,1,2,1,7629,gemini,2025,여성,8
1,2,,,,2,2,2,2,2,2,2,7630,gemini,2025,여성,8
1,2,,,,2,2,2,2,2,2,2,7631,gemini,2025,여성,8
1,2,,,,2,2,2,2,2,2,2,7632,gemini,2025,여성,8
1,2,,,,2,1,2,2,1,2,2,7633,gemini,2025,여성,8
1,2,,,,2,2,2,2,2,2,2,7634,gemini,2025,여성,8
2,2,,,,2,1,2,2,1,2,2,7635,gemini,2025,여성,8
1,2,,,,2,2,2,2,1,2,2,7636,gemini,2025,여성,8
1,2,,,,2,1,2,2,1,2,2,7637,gemini,2025,여성,8
2,2,,,,2,1,2,2,1,2,2,7638,gemini,2025,여성,8
1,2,,,,2,1,2,2,1,2,2,7639,gemini,2025,여성,8
1,2,,,,2,2,2,2,2,2,2,7640,gemini,2025,여성,8
1,2,,,,2,2,2,2,2,2,2,7641,gemini,2025,여성,8
1,2,,,,2,1,2,2,1,2,2,7642,gemini,2025,여성,8
1,2,,,,2,2,2,2,2,2,2,7643,gemini,2025,여성,8
1,2,,,,2,2,2,2,2,2,2,7644,gemini,2025,여성,8
1,2,,,,2,1,2,2,2,2,2,7645,gemini,2025,여성,8
2,2,,,,2,1,2,2,1,2,2,7646,gemini,2025,여성,8
1,2,,,,2,2,2,2,2,2,2,7647,gemini,2025,여성,8
2,2,,,,2,1,2,2,1,2,2,7648,gemini,2025,여성,8
2,2,,,,2,1,2,2,1,2,2,7649,gemini,2025,여성,8
1,2,,,,2,1,2,2,1,2,2,7650,gemini,2025,여성,8
1,2,,,,2,2,2,2,2,2,2,7651,gemini,2025,여성,8
2,2,,,,2,1,2,2,1,2,2,7652,gemini,2025,여성,8
2,2,,,,2,1,2,2,1,2,2,7653,gemini,2025,여성,8
1,2,,,,2,2,2,2,2,2,2,7654,gemini,2025,여성,8
1,2,,,,2,2,2,2,2,2,2,7655,gemini,2025,여성,8
1,2,,,,2,2,2,2,2,2,2,7656,gemini,2025,여성,8
1,2,,,,2,2,2,2,2,2,2,7657,gemini,2025,여성,8
2,2,,,,2,1,2,2,1,2,2,7658,gemini,2025,여성,8
2,2,,,,2,1,2,2,1,2,2,7659,gemini,2025,여성,8
1,2,,,,2,1,2,2,1,2,2,7660,gemini,2025,여성,8
1,2,,,,2,2,2,2,1,2,2,7661,gemini,2025,여성,8
1,2,,,,2,2,2,2,1,2,2,7662,gemini,2025,여성,8
2,2,,,,2,1,2,1,1,2,2,7663,gemini,2025,여성,8
1,2,,,,2,2,2,2,2,2,2,7664,gemini,2025,여성,8
1,2,,,,2,2,2,2,2,2,2,7665,gemini,2025,여성,8
2,2,,,,2,1,2,2,1,2,2,7666,gemini,2025,여성,8
1,2,,,,2,2,2,2,2,2,2,7667,gemini,2025,여성,8
1,2,,,,2,1,2,2,1,2,2,7668,gemini,2025,여성,8
1,2,,,,2,1,2,2,1,2,2,7669,gemini,2025,여성,8
1,2,,,,2,1,2,2,1,2,2,7670,gemini,2025,여성,8
2,2,,,,2,1,2,2,1,2,2,7671,gemini,2025,여성,8
2,2,,,,2,1,2,2,1,2,2,7672,gemini,2025,여성,8
1,2,,,,2,1,2,2,1,2,2,7673,gemini,2025,여성,8
1,2,,,,2,2,2,2,1,2,2,7674,gemini,2025,여성,8
1,2,,,,2,1,2,2,1,2,2,7675,gemini,2025,여성,8
1,2,,,,2,2,2,2,2,2,2,7676,gemini,2025,여성,8
2,2,,,,2,1,2,2,1,2,2,7677,gemini,2025,여성,8
1,2,,,,2,2,2,2,2,2,2,7678,gemini,2025,여성,8
1,2,,,,2,2,2,2,2,2,2,7679,gemini,2025,여성,8
1,2,,,,2,1,2,2,1,2,2,7680,gemini,2025,여성,8
1,2,,,,2,1,2,2,2,2,2,7681,gemini,2025,여성,8
1,2,,,,2,2,2,2,1,2,2,7682,gemini,2025,여성,8
1,2,,,,2,2,2,2,2,2,2,7683,gemini,2025,여성,8
1,2,,,,2,1,2,2,1,2,2,7684,gemini,2025,여성,8
1,2,,,,2,1,2,2,1,2,2,7685,gemini,2025,여성,8
2,2,,,,2,1,2,2,1,2,2,7686,gemini,2025,여성,8
1,2,,,,2,1,2,2,1,2,2,7687,gemini,2025,여성,8
1,2,,,,2,1,2,2,1,2,2,7688,gemini,2025,여성,8
1,2,,,,2,1,2,2,1,2,2,7689,gemini,2025,여성,8
1,2,,,,2,2,2,2,2,2,2,7690,gemini,2025,여성,8
1,2,,,,2,2,2,2,1,2,2,7691,gemini,2025,여성,8
2,2,,,,2,1,2,2,1,2,2,7692,gemini,2025,여성,8
2,2,,,,2,1,2,2,1,2,2,7693,gemini,2025,여성,8
1,2,,,,2,2,2,2,2,2,2,7694,gemini,2025,여성,8
1,2,,,,2,2,2,2,1,2,2,7695,gemini,2025,여성,8
1,2,,,,2,2,2,2,2,2,2,7696,gemini,2025,여성,8
1,2,,,,2,2,2,2,2,2,2,7697,gemini,2025,여성,8
1,2,,,,2,1,2,2,1,2,2,7698,gemini,2025,여성,8
1,2,,,,1,1,2,2,1,2,2,7699,gemini,2025,여성,8
1,2,,,,2,1,2,2,1,2,2,7700,gemini,2025,여성,8
2,2,,,,2,1,2,2,1,2,2,7701,gemini,2025,여성,8
2,2,,,,2,1,2,2,1,2,2,7702,gemini,2025,여성,8
1,2,,,,2,2,2,2,2,2,2,7703,gemini,2025,여성,8
1,2,,,,2,1,2,2,1,2,2,7704,gemini,2025,여성,8
1,2,,,,2,1,2,2,1,2,2,7705,gemini,2025,여성,8
1,2,,,,2,2,2,2,2,2,2,7706,gemini,2025,여성,8
1,2,,,,2,1,2,2,2,2,2,7707,gemini,2025,여성,8
1,2,,,,2,2,2,2,2,2,2,7708,gemini,2025,여성,8
1,2,,,,2,2,2,2,2,2,2,7709,gemini,2025,여성,8
1,2,,,,2,2,2,2,2,2,2,7710,gemini,2025,여성,8
1,2,,,,2,1,2,2,1,2,2,7711,gemini,2025,여성,8
1,2,,,,2,1,2,2,1,2,2,7712,gemini,2025,여성,8
1,2,,,,2,1,2,2,1,2,2,7713,gemini,2025,여성,8
1,2,,,,2,1,2,2,1,2,2,7714,gemini,2025,여성,8
2,2,,,,2,1,2,2,1,2,2,7715,gemini,2025,여성,8
1,2,,,,2,1,2,2,2,2,2,7716,gemini,2025,여성,8
1,2,,,,2,1,2,2,2,2,2,7717,gemini,2025,여성,8
1,2,,,,2,2,2,2,2,2,2,7718,gemini,2025,여성,8
1,2,,,,2,1,2,2,1,2,2,7719,gemini,2025,여성,8
1,2,,,,2,2,2,2,2,2,2,7720,gemini,2025,여성,8
1,2,,,,2,2,2,2,2,2,2,7721,gemini,2025,여성,8
1,2,,,,2,2,2,2,2,2,2,7722,gemini,2025,여성,8
1,2,,,,2,1,2,2,2,2,2,7723,gemini,2025,여성,8
1,2,,,,2,1,2,2,2,2,2,7724,gemini,2025,여성,8
1,2,,,,2,1,2,2,1,2,2,7725,gemini,2025,여성,8
2,2,,,,2,2,2,2,2,2,2,7726,gemini,2025,여성,8
1,2,,,,2,2,2,2,2,2,2,7727,gemini,2025,여성,8
1,2,,,,2,2,2,2,2,2,2,7728,gemini,2025,여성,8
2,2,,,,2,1,2,2,1,2,2,7729,gemini,2025,여성,8
1,2,,,,2,2,2,2,2,2,2,7730,gemini,2025,여성,8
1,2,,,,2,2,2,2,2,2,2,7731,gemini,2025,여성,8
1,2,,,,2,1,2,2,2,2,2,7732,gemini,2025,여성,8
2,2,,,,2,1,2,2,1,2,2,7733,gemini,2025,여성,8
1,2,,,,2,2,2,2,2,2,2,7734,gemini,2025,여성,8
1,2,,,,2,1,2,2,1,2,2,7735,gemini,2025,여성,8
1,2,,,,2,2,2,2,1,2,2,7736,gemini,2025,여성,8
2,2,,,,2,1,2,1,1,2,2,7737,gemini,2025,여성,8
1,2,,,,2,1,2,2,1,2,2,7738,gemini,2025,여성,8
1,2,,,,2,2,2,2,2,2,2,7739,gemini,2025,여성,8
1,2,,,,2,1,2,2,1,2,2,7740,gemini,2025,여성,8
1,2,,,,2,2,2,2,2,2,2,7741,gemini,2025,여성,8
2,2,,,,2,1,2,2,1,2,2,7742,gemini,2025,여성,8
1,2,,,,2,1,2,2,2,2,2,7743,gemini,2025,여성,8
1,2,,,,2,2,2,2,2,2,2,7744,gemini,2025,여성,8
2,2,,,,2,2,2,2,1,2,1,7745,gemini,2025,여성,8
1,2,,,,2,1,2,2,1,2,2,7746,gemini,2025,여성,8
1,2,,,,2,1,2,2,1,2,2,7747,gemini,2025,여성,8
1,2,,,,2,2,2,2,2,2,2,7748,gemini,2025,여성,8
1,2,,,,2,2,2,2,2,2,2,7749,gemini,2025,여성,8
2,2,,,,1,1,2,2,1,2,2,7750,gemini,2025,여성,8
1,2,,,,2,1,2,2,2,2,2,7751,gemini,2025,여성,8
1,2,,,,2,2,2,2,2,2,2,7752,gemini,2025,여성,8
2,2,,,,2,1,2,2,1,2,2,7753,gemini,2025,여성,8
1,2,,,,2,2,2,2,2,2,2,7754,gemini,2025,여성,8
1,2,,,,2,2,2,2,2,2,2,7755,gemini,2025,여성,8
2,2,,,,2,1,2,2,1,2,2,7756,gemini,2025,여성,8
1,2,,,,2,1,2,2,1,2,2,7757,gemini,2025,여성,8
1,2,,,,2,2,2,2,2,2,2,7758,gemini,2025,여성,8
2,2,,,,2,2,2,2,1,2,2,7759,gemini,2025,여성,8
2,2,,,,2,1,2,2,1,2,2,7760,gemini,2025,여성,8
1,2,,,,2,2,2,2,2,2,2,7761,gemini,2025,여성,8
1,2,,,,2,2,2,2,2,2,2,7762,gemini,2025,여성,8
1,2,,,,2,2,2,2,2,2,2,7763,gemini,2025,여성,8
2,2,,,,2,1,2,2,1,2,2,7764,gemini,2025,여성,8
1,2,,,,2,2,2,2,2,2,2,7765,gemini,2025,여성,8
1,2,,,,2,1,2,2,2,2,2,7766,gemini,2025,여성,8
1,2,,,,2,1,2,2,1,2,2,7767,gemini,2025,여성,8
1,2,,,,2,1,2,2,2,2,2,7768,gemini,2025,여성,8
1,2,,,,2,1,2,2,2,2,2,7769,gemini,2025,여성,8
2,2,,,,1,1,1,1,1,2,2,7770,gemini,2025,여성,8
1,2,,,,2,1,2,2,1,2,2,7771,gemini,2025,여성,8
1,2,,,,2,2,2,2,2,2,2,7772,gemini,2025,여성,8
1,2,,,,2,2,2,2,2,2,2,7773,gemini,2025,여성,8
1,2,,,,2,2,2,2,1,2,2,7774,gemini,2025,여성,8
1,2,,,,2,2,2,2,2,2,2,7775,gemini,2025,여성,8
1,2,,,,2,1,2,2,1,2,2,7776,gemini,2025,여성,8
1,2,,,,2,2,2,2,2,2,2,7777,gemini,2025,여성,8
1,2,,,,2,1,2,2,2,2,2,7778,gemini,2025,여성,8
1,2,,,,2,1,2,2,2,2,2,7779,gemini,2025,여성,8
2,2,,,,2,1,2,2,1,2,2,7780,gemini,2025,여성,8
2,2,,,,2,1,2,2,1,2,2,7781,gemini,2025,여성,8
2,2,,,,2,2,2,2,1,2,2,7782,gemini,2025,여성,8
1,2,,,,2,1,2,2,1,2,2,7783,gemini,2025,여성,8
1,2,,,,2,2,2,2,2,2,2,7784,gemini,2025,여성,8
1,2,,,,2,2,2,2,2,2,2,7785,gemini,2025,여성,8
1,2,,,,2,1,2,2,1,2,2,7786,gemini,2025,여성,8
1,2,,,,2,2,2,2,2,2,2,7787,gemini,2025,여성,8
2,2,,,,2,1,2,2,1,2,2,7788,gemini,2025,여성,8
1,2,,,,2,2,2,2,2,2,2,7789,gemini,2025,여성,8
1,2,,,,2,2,2,2,1,2,2,7790,gemini,2025,여성,8
1,2,,,,2,2,2,2,2,2,2,7791,gemini,2025,여성,8
1,2,,,,2,2,2,2,2,2,2,7792,gemini,2025,여성,8
2,2,,,,2,1,2,2,1,2,2,7793,gemini,2025,여성,8
2,2,,,,2,1,2,2,1,2,2,7794,gemini,2025,여성,8
1,2,,,,2,2,2,2,2,2,2,7795,gemini,2025,여성,8
1,2,,,,2,1,2,2,1,2,2,7796,gemini,2025,여성,8
1,2,,,,2,1,2,2,1,2,2,7797,gemini,2025,여성,8
1,2,,,,2,1,2,2,1,2,2,7798,gemini,2025,여성,8
1,2,,,,2,2,2,2,2,2,2,7799,gemini,2025,여성,8
1,2,,,,2,2,2,2,1,2,2,7800,gemini,2025,여성,8
1,2,,,,2,1,2,2,2,2,2,7801,gemini,2025,여성,8
2,2,,,,2,1,2,2,1,2,2,7802,gemini,2025,여성,8
1,2,,,,2,1,2,2,1,2,2,7803,gemini,2025,여성,8
1,2,,,,2,1,2,2,2,2,2,7804,gemini,2025,여성,8
2,2,,,,2,1,2,2,1,2,2,7805,gemini,2025,여성,8
1,2,,,,2,2,2,2,2,2,2,7806,gemini,2025,여성,8
1,2,,,,2,1,2,2,1,2,2,7807,gemini,2025,여성,8
2,2,,,,2,1,2,2,1,2,2,7808,gemini,2025,여성,8
2,2,,,,2,1,2,2,1,2,2,7809,gemini,2025,여성,8
1,2,,,,2,1,2,2,1,2,2,7810,gemini,2025,여성,8
1,2,,,,2,2,2,2,2,2,2,7811,gemini,2025,여성,8
1,2,,,,2,2,2,2,2,2,2,7812,gemini,2025,여성,8
1,2,,,,2,1,2,2,1,2,2,7813,gemini,2025,여성,8
2,2,,,,2,1,2,2,1,2,2,7814,gemini,2025,여성,8
2,2,,,,2,1,2,2,1,2,2,7815,gemini,2025,여성,8
1,2,,,,2,2,2,2,2,2,2,7816,gemini,2025,여성,8
1,2,,,,2,1,2,2,2,2,2,7817,gemini,2025,여성,8
1,2,,,,2,2,2,2,2,2,2,7818,gemini,2025,여성,8
1,2,,,,2,2,2,2,2,2,2,7819,gemini,2025,여성,8
1,2,,,,2,1,2,2,1,2,2,7820,gemini,2025,여성,8
2,2,,,,2,2,2,2,1,2,2,7821,gemini,2025,여성,8
2,2,,,,2,1,2,2,1,2,2,7822,gemini,2025,여성,8
1,2,,,,2,2,2,2,2,2,2,7823,gemini,2025,여성,8
1,2,,,,2,2,2,2,2,2,2,7824,gemini,2025,여성,8
1,2,,,,2,1,2,2,1,2,2,7825,gemini,2025,여성,8
1,2,,,,2,2,2,2,2,2,2,7826,gemini,2025,여성,8
2,2,,,,2,1,2,2,1,2,2,7827,gemini,2025,여성,8
1,2,,,,2,2,2,2,2,2,2,7828,gemini,2025,여성,8
1,2,,,,2,1,2,2,2,2,2,7829,gemini,2025,여성,8
1,2,,,,2,2,2,2,2,2,2,7830,gemini,2025,여성,8
1,2,,,,2,1,2,2,2,2,2,7831,gemini,2025,여성,8
1,2,,,,2,2,2,2,2,2,2,7832,gemini,2025,여성,8
1,2,,,,2,2,2,2,2,2,2,7833,gemini,2025,여성,8
1,2,,,,2,2,2,2,2,2,2,7834,gemini,2025,여성,8
1,2,,,,2,1,2,2,1,2,2,7835,gemini,2025,여성,8
1,2,,,,2,1,2,2,2,2,2,7836,gemini,2025,여성,8
1,2,,,,2,1,2,2,1,2,2,7837,gemini,2025,여성,8
2,2,,,,2,1,2,2,1,2,2,7838,gemini,2025,여성,8
1,2,,,,2,2,2,2,1,2,2,7839,gemini,2025,여성,8
1,2,,,,2,2,2,2,2,2,2,7840,gemini,2025,여성,8
1,2,,,,2,1,2,2,1,2,2,7841,gemini,2025,여성,8
1,2,,,,2,1,2,2,1,2,2,7842,gemini,2025,여성,8
1,2,,,,2,1,2,2,1,2,2,7843,gemini,2025,여성,8
1,2,,,,2,1,2,2,1,2,2,7844,gemini,2025,여성,8
1,2,,,,2,2,2,2,2,2,2,7845,gemini,2025,여성,8
1,2,,,,2,1,2,2,1,2,2,7846,gemini,2025,여성,8
1,2,,,,2,1,2,2,1,2,2,7847,gemini,2025,여성,8
1,2,,,,2,2,2,2,2,2,2,7848,gemini,2025,여성,8
1,2,,,,2,1,2,2,1,2,2,7849,gemini,2025,여성,8
1,2,,,,2,1,2,2,2,2,2,7850,gemini,2025,여성,8
1,2,,,,2,2,2,2,1,2,2,7851,gemini,2025,여성,8
1,2,,,,2,2,2,2,2,2,2,7852,gemini,2025,여성,8
1,2,,,,2,1,2,2,1,2,2,7853,gemini,2025,여성,8
1,2,,,,2,2,2,2,2,2,2,7854,gemini,2025,여성,8
1,2,,,,2,2,2,2,2,2,2,7855,gemini,2025,여성,8
1,2,,,,2,2,2,2,2,2,2,7856,gemini,2025,여성,8
1,2,,,,2,2,2,2,2,2,2,7857,gemini,2025,여성,8
1,2,,,,2,1,2,2,1,2,2,7858,gemini,2025,여성,8
1,2,,,,2,1,2,2,1,2,2,7859,gemini,2025,여성,8
1,2,,,,2,1,2,2,2,2,2,7860,gemini,2025,여성,8
1,2,,,,2,2,2,2,2,2,2,7861,gemini,2025,여성,8
1,2,,,,2,1,2,2,1,2,2,7862,gemini,2025,여성,8
1,2,,,,2,2,2,2,2,2,2,7863,gemini,2025,여성,8
1,2,,,,2,2,2,2,2,2,2,7864,gemini,2025,여성,8
1,2,,,,2,1,2,2,1,2,2,7865,gemini,2025,여성,8
2,2,,,,2,1,2,2,1,2,2,7866,gemini,2025,여성,8
1,2,,,,2,1,2,2,1,2,2,7867,gemini,2025,여성,8
1,2,,,,2,1,2,2,1,2,2,7868,gemini,2025,여성,8
1,2,,,,2,2,2,2,2,2,2,7869,gemini,2025,여성,8
2,2,,,,2,1,2,2,1,2,2,7870,gemini,2025,여성,8
1,2,,,,2,2,2,2,2,2,2,7871,gemini,2025,여성,8
1,2,,,,2,2,2,2,2,2,2,7872,gemini,2025,여성,8
1,2,,,,2,1,2,2,2,2,2,7873,gemini,2025,여성,8
2,2,,,,1,1,2,2,1,2,2,7874,gemini,2025,여성,8
1,2,,,,2,1,2,2,1,2,2,7875,gemini,2025,여성,8
2,2,,,,2,1,2,2,1,2,2,7876,gemini,2025,여성,8
1,2,,,,2,1,2,2,1,2,2,7877,gemini,2025,여성,8
2,2,,,,2,1,2,2,1,2,2,7878,gemini,2025,여성,8
1,2,,,,2,2,2,2,2,2,2,7879,gemini,2025,여성,8
1,2,,,,2,1,2,2,2,2,2,7880,gemini,2025,여성,8
1,2,,,,2,2,2,2,1,2,2,7881,gemini,2025,여성,8
1,2,,,,2,1,2,2,1,2,2,7882,gemini,2025,여성,8
1,2,,,,2,2,2,2,2,2,2,7883,gemini,2025,여성,8
1,2,,,,2,1,2,2,1,2,2,7884,gemini,2025,여성,8
1,2,,,,2,1,2,2,1,2,2,7885,gemini,2025,여성,8
2,2,,,,2,1,2,2,1,2,2,7886,gemini,2025,여성,8
2,2,,,,2,1,2,2,1,2,2,7887,gemini,2025,여성,8
1,2,,,,2,2,2,2,1,2,2,7888,gemini,2025,여성,8
1,2,,,,2,2,2,2,1,2,2,7889,gemini,2025,여성,8
2,2,,,,2,1,2,2,1,2,2,7890,gemini,2025,여성,8
2,2,,,,2,1,2,2,1,2,2,7891,gemini,2025,여성,8
1,2,,,,2,1,2,2,2,2,2,7892,gemini,2025,여성,8
2,2,,,,2,1,2,2,1,2,2,7893,gemini,2025,여성,8
1,2,,,,2,1,2,2,1,2,2,7894,gemini,2025,여성,8
1,2,,,,2,1,2,2,1,2,2,7895,gemini,2025,여성,8
1,2,,,,2,1,2,2,1,2,2,7896,gemini,2025,여성,8
1,2,,,,2,1,2,2,1,2,2,7897,gemini,2025,여성,8
1,2,,,,2,2,2,2,2,2,2,7898,gemini,2025,여성,8
2,2,,,,2,1,2,2,1,2,2,7899,gemini,2025,여성,8
1,2,,,,2,1,2,2,2,2,2,7900,gemini,2025,여성,8
1,2,,,,2,1,2,2,1,2,2,7901,gemini,2025,여성,8
1,2,,,,2,2,2,2,2,2,2,7902,gemini,2025,여성,8
2,2,,,,2,1,2,2,1,2,2,7903,gemini,2025,여성,8
1,2,,,,2,1,2,2,1,2,2,7904,gemini,2025,여성,8
2,2,,,,2,1,2,2,1,2,2,7905,gemini,2025,여성,8
1,2,,,,2,1,2,2,1,2,2,7906,gemini,2025,여성,8
1,2,,,,2,2,2,2,2,2,2,7907,gemini,2025,여성,8
1,2,,,,2,1,2,2,1,2,2,7908,gemini,2025,여성,8
2,2,,,,2,1,2,2,1,2,2,7909,gemini,2025,여성,8
1,2,,,,2,2,2,2,1,2,2,7910,gemini,2025,여성,8
1,2,,,,2,2,2,2,2,2,2,7911,gemini,2025,여성,8
1,2,,,,2,2,2,2,2,2,2,7912,gemini,2025,여성,8
2,2,,,,2,1,2,2,1,2,2,7913,gemini,2025,여성,8
1,2,,,,2,1,2,2,1,2,2,7914,gemini,2025,여성,8
1,2,,,,2,1,2,2,1,2,2,7915,gemini,2025,여성,8
2,2,,,,2,1,2,2,1,2,2,7916,gemini,2025,여성,8
1,2,,,,2,2,2,2,2,2,2,7917,gemini,2025,여성,8
1,2,,,,2,2,2,2,2,2,2,7918,gemini,2025,여성,8
1,2,,,,2,2,2,2,1,2,2,7919,gemini,2025,여성,8
1,2,,,,2,1,2,2,1,2,2,7920,gemini,2025,여성,8
1,2,,,,2,1,2,2,1,2,2,7921,gemini,2025,여성,8
1,2,,,,2,2,2,2,2,2,2,7922,gemini,2025,여성,8
1,2,,,,2,2,2,2,2,2,2,7923,gemini,2025,여성,8
1,2,,,,2,2,2,2,2,2,2,7924,gemini,2025,여성,8
2,2,,,,2,1,2,2,1,2,2,7925,gemini,2025,여성,8
1,2,,,,2,2,2,2,2,2,2,7926,gemini,2025,여성,8
1,2,,,,2,2,2,2,1,2,2,7927,gemini,2025,여성,8
1,2,,,,2,1,2,2,1,2,2,7928,gemini,2025,여성,8
1,2,,,,2,1,2,2,1,2,2,7929,gemini,2025,여성,8
1,2,,,,2,2,2,2,1,2,2,7930,gemini,2025,여성,8
1,2,,,,2,2,2,2,2,2,2,7931,gemini,2025,여성,8
1,2,,,,2,2,2,2,2,2,2,7932,gemini,2025,여성,8
1,2,,,,2,1,2,2,1,2,2,7933,gemini,2025,여성,8
2,2,,,,2,1,2,2,1,2,2,7934,gemini,2025,여성,8
1,2,,,,2,1,2,2,1,2,2,7935,gemini,2025,여성,8
1,2,,,,2,1,2,2,2,2,2,7936,gemini,2025,여성,8
1,2,,,,2,2,2,2,1,2,2,7937,gemini,2025,여성,8
